control_step,microtick,newton_iteration,krylov_iteration,initial_residual,estimated_residual,relative_estimate,forcing_threshold
0,0,1,0,9.31647037e-07,2.40027191e-07,0.257637471,0.0078125
0,0,1,1,9.31647037e-07,1.21926959e-07,0.130872488,0.0078125
0,0,1,2,9.31647037e-07,6.39007638e-08,0.0685890242,0.0078125
0,0,1,3,9.31647037e-07,3.43695241e-08,0.0368911438,0.0078125
0,0,1,4,9.31647037e-07,1.78670749e-08,0.0191779435,0.0078125
0,0,1,5,9.31647037e-07,9.49320089e-09,0.0101896971,0.0078125
0,0,1,6,9.31647037e-07,4.52171234e-09,0.00485346094,0.0078125
0,1,1,0,1.24870247e-08,4.20945501e-09,0.337106317,0.0078125
0,1,1,1,1.24870247e-08,3.02250713e-09,0.242051825,0.0078125
0,1,1,2,1.24870247e-08,2.50570542e-09,0.200664729,0.0078125
0,1,1,3,1.24870247e-08,1.76868431e-09,0.141641766,0.0078125
0,1,1,4,1.24870247e-08,9.99171634e-10,0.0800167918,0.0078125
0,1,1,5,1.24870247e-08,5.05007036e-10,0.0404425412,0.0078125
0,1,1,6,1.24870247e-08,3.33299249e-10,0.0266916472,0.0078125
0,1,1,7,1.24870247e-08,2.26879224e-10,0.0181691982,0.0078125
0,1,1,8,1.24870247e-08,1.40691889e-10,0.0112670464,0.0078125
0,1,1,9,1.24870247e-08,8.54224746e-11,0.00684089912,0.0078125
0,2,1,0,2.3629763e-08,4.69074513e-09,0.198510036,0.0078125
0,2,1,1,2.3629763e-08,1.26720912e-09,0.0536276698,0.0078125
0,2,1,2,2.3629763e-08,4.01113726e-10,0.0169749372,0.0078125
0,2,1,3,2.3629763e-08,1.9724089e-10,0.00834713783,0.0078125
0,2,1,4,2.3629763e-08,1.15746794e-10,0.00489834743,0.0078125
0,3,1,0,2.12493152e-08,3.98996969e-09,0.187769324,0.0078125
0,3,1,1,2.12493152e-08,1.05801523e-09,0.0497905575,0.0078125
0,3,1,2,2.12493152e-08,3.27964517e-10,0.0154341217,0.0078125
0,3,1,3,2.12493152e-08,1.66653469e-10,0.00784276891,0.0078125
0,3,1,4,2.12493152e-08,1.06908739e-10,0.00503116148,0.0078125
0,4,1,0,1.91383176e-08,3.44155326e-09,0.179825276,0.0078125
0,4,1,1,1.91383176e-08,8.91833107e-10,0.0465993471,0.0078125
0,4,1,2,1.91383176e-08,2.66946576e-10,0.0139482785,0.0078125
0,4,1,3,1.91383176e-08,1.31760589e-10,0.00688464846,0.0078125
0,5,1,0,1.62439147e-08,2.78269474e-09,0.171306908,0.0078125
0,5,1,1,1.62439147e-08,7.06960823e-10,0.0435215794,0.0078125
0,5,1,2,1.62439147e-08,2.2982484e-10,0.0141483657,0.0078125
0,5,1,3,1.62439147e-08,1.29971103e-10,0.00800121762,0.0078125
0,5,1,4,1.62439147e-08,7.14278914e-11,0.00439720927,0.0078125
0,6,1,0,1.51913184e-08,2.55878652e-09,0.168437421,0.0078125
0,6,1,1,1.51913184e-08,6.2587463e-10,0.0411994942,0.0078125
0,6,1,2,1.51913184e-08,1.78320303e-10,0.0117383031,0.0078125
0,6,1,3,1.51913184e-08,8.6812009e-11,0.00571458042,0.0078125
0,7,1,0,1.31511735e-08,2.13758278e-09,0.162539318,0.0078125
0,7,1,1,1.31511735e-08,5.10022857e-10,0.0387815461,0.0078125
0,7,1,2,1.31511735e-08,1.60355867e-10,0.0121932747,0.0078125
0,7,1,3,1.31511735e-08,9.26131186e-11,0.00704219425,0.0078125
0,8,1,0,1.15889591e-08,1.83209647e-09,0.158089817,0.0078125
0,8,1,1,1.15889591e-08,4.23679258e-10,0.0365588702,0.0078125
0,8,1,2,1.15889591e-08,1.40172443e-10,0.0120953433,0.0078125
0,8,1,3,1.15889591e-08,8.86450843e-11,0.00764909806,0.0078125
0,9,1,0,1.03657722e-08,1.60173341e-09,0.154521376,0.0078125
0,9,1,1,1.03657722e-08,3.58989311e-10,0.0346321836,0.0078125
0,9,1,2,1.03657722e-08,1.22114138e-10,0.0117805153,0.0078125
0,9,1,3,1.03657722e-08,8.17184931e-11,0.00788349286,0.0078125
0,9,1,4,1.03657722e-08,5.3832265e-11,0.00519327121,0.0078125
0,10,1,0,1.01840838e-08,1.58506319e-09,0.155641213,0.0078125
0,10,1,1,1.01840838e-08,3.46575019e-10,0.0340310447,0.0078125
0,10,1,2,1.01840838e-08,9.56034835e-11,0.00938753877,0.0078125
0,10,1,3,1.01840838e-08,5.32296394e-11,0.00522674806,0.0078125
0,11,1,0,9.2319592e-09,1.39913359e-09,0.151553273,0.0078125
0,11,1,1,9.2319592e-09,2.98648162e-10,0.0323493816,0.0078125
0,11,1,2,9.2319592e-09,9.01251573e-11,0.00976230018,0.0078125
0,11,1,3,9.2319592e-09,5.61250386e-11,0.00607942883,0.0078125
0,12,1,0,8.46916492e-09,1.25660704e-09,0.148374379,0.0078125
0,12,1,1,8.46916492e-09,2.61489774e-10,0.0308755077,0.0078125
0,12,1,2,8.46916492e-09,8.24440655e-11,0.00973461568,0.0078125
0,12,1,3,8.46916492e-09,5.46989849e-11,0.00645860424,0.0078125
0,13,1,0,7.84712828e-09,1.14316001e-09,0.145678774,0.0078125
0,13,1,1,7.84712828e-09,2.3203392e-10,0.0295692775,0.0078125
0,13,1,2,7.84712828e-09,7.45701695e-11,0.00950286072,0.0078125
0,13,1,3,7.84712828e-09,5.1340876e-11,0.00654263236,0.0078125
0,14,1,0,7.33291028e-09,1.05056042e-09,0.143266499,0.0078125
0,14,1,1,7.33291028e-09,2.08174117e-10,0.028389018,0.0078125
0,14,1,2,7.33291028e-09,6.72251352e-11,0.00916759297,0.0078125
0,14,1,3,7.33291028e-09,4.73423557e-11,0.00645614835,0.0078125
0,15,1,0,6.90178226e-09,9.7346331e-10,0.141045213,0.0078125
0,15,1,1,6.90178226e-09,1.88486782e-10,0.0273098703,0.0078125
0,15,1,2,6.90178226e-09,6.0639764e-11,0.00878610183,0.0078125
0,15,1,3,6.90178226e-09,4.33139705e-11,0.00627576606,0.0078125
0,16,1,0,6.53525767e-09,9.08221442e-10,0.138972551,0.0078125
0,16,1,1,6.53525767e-09,1.71987036e-10,0.0263167955,0.0078125
0,16,1,2,6.53525767e-09,5.48393032e-11,0.00839129928,0.0078125
0,16,1,3,6.53525767e-09,3.95229405e-11,0.00604764838,0.0078125
0,17,1,0,6.21956042e-09,8.52244997e-10,0.137026563,0.0078125
0,17,1,1,6.21956042e-09,1.57985472e-10,0.0254013892,0.0078125
0,17,1,2,6.21956042e-09,4.97719678e-11,0.00800248981,0.0078125
0,17,1,3,6.21956042e-09,3.60757986e-11,0.00580037758,0.0078125
0,18,1,0,5.94442939e-09,8.03650924e-10,0.135193959,0.0078125
0,18,1,1,5.94442939e-09,1.45965823e-10,0.024555061,0.0078125
0,18,1,2,5.94442939e-09,4.5357048e-11,0.00763017684,0.0078125
0,19,1,0,5.41925527e-09,7.07616576e-10,0.13057451,0.0078125
0,19,1,1,5.41925527e-09,1.29812744e-10,0.0239539817,0.0078125
0,19,1,2,5.41925527e-09,5.34309957e-11,0.00985947158,0.0078125
0,19,1,3,5.41925527e-09,3.41534856e-11,0.00630224729,0.0078125
0,20,1,0,5.37822942e-09,7.06039616e-10,0.131277338,0.0078125
0,20,1,1,5.37822942e-09,1.23607763e-10,0.0229829848,0.0078125
0,20,1,2,5.37822942e-09,3.90551341e-11,0.00726170838,0.0078125
0,21,1,0,4.96730879e-09,6.30435038e-10,0.126916826,0.0078125
0,21,1,1,4.96730879e-09,1.11057608e-10,0.0223577023,0.0078125
0,21,1,2,4.96730879e-09,4.56351935e-11,0.00918710604,0.0078125
0,21,1,3,4.96730879e-09,2.9941067e-11,0.00602762355,0.0078125
0,22,1,0,4.9542912e-09,6.32817854e-10,0.127731264,0.0078125
0,22,1,1,4.9542912e-09,1.06711105e-10,0.0215391275,0.0078125
0,22,1,2,4.9542912e-09,3.34767145e-11,0.00675711501,0.0078125
0,23,1,0,4.61819472e-09,5.71119929e-10,0.123667359,0.0078125
0,23,1,1,4.61819472e-09,9.67237471e-11,0.0209440608,0.0078125
0,23,1,2,4.61819472e-09,3.92216676e-11,0.00849285722,0.0078125
0,23,1,3,4.61819472e-09,2.6017289e-11,0.00563364942,0.0078125
0,24,1,0,4.61897098e-09,5.75358428e-10,0.124564201,0.0078125
0,24,1,1,4.61897098e-09,9.36492897e-11,0.0202749241,0.0078125
0,24,1,2,4.61897098e-09,2.88972405e-11,0.00625620736,0.0078125
0,25,1,0,4.33657288e-09,5.23752375e-10,0.12077564,0.0078125
0,25,1,1,4.33657288e-09,8.54951249e-11,0.0197149049,0.0078125
0,25,1,2,4.33657288e-09,3.40602511e-11,0.007854186,0.0078125
0,25,1,3,4.33657288e-09,2.27116416e-11,0.00523723289,0.0078125
0,26,1,0,4.34480363e-09,5.28859123e-10,0.121722214,0.0078125
0,26,1,1,4.34480363e-09,8.32997629e-11,0.0191722736,0.0078125
0,26,1,2,4.34480363e-09,2.51908511e-11,0.00579792634,0.0078125
0,27,1,0,4.10287626e-09,4.84878415e-10,0.118180119,0.0078125
0,27,1,1,4.10287626e-09,7.6507245e-11,0.0186472218,0.0078125
0,27,1,2,4.10287626e-09,2.98998326e-11,0.00728752976,0.0078125
0,28,1,0,3.88432708e-09,4.48558302e-10,0.115479022,0.0078125
0,28,1,1,3.88432708e-09,7.12423107e-11,0.0183409657,0.0078125
0,28,1,2,3.88432708e-09,3.22543312e-11,0.00830371119,0.0078125
0,28,1,3,3.88432708e-09,2.07264431e-11,0.00533591583,0.0078125
0,29,1,0,3.95524768e-09,4.64804834e-10,0.117515989,0.0078125
0,29,1,1,3.95524768e-09,7.02223904e-11,0.0177542325,0.0078125
0,29,1,2,3.95524768e-09,2.15281508e-11,0.00544293365,0.0078125
0,30,1,0,3.77022547e-09,4.30715935e-10,0.114241429,0.0078125
0,30,1,1,3.77022547e-09,6.48833695e-11,0.0172094144,0.0078125
0,30,1,2,3.77022547e-09,2.52382698e-11,0.0066941008,0.0078125
0,31,1,0,3.59518104e-09,4.0193468e-10,0.111798175,0.0078125
0,31,1,1,3.59518104e-09,6.09290327e-11,0.0169474166,0.0078125
0,31,1,2,3.59518104e-09,2.73355037e-11,0.00760337338,0.0078125
0,32,1,0,3.43966877e-09,3.77339604e-10,0.109702311,0.0078125
0,32,1,1,3.43966877e-09,5.74537432e-11,0.0167032778,0.0078125
0,32,1,2,3.43966877e-09,2.81711217e-11,0.00819006842,0.0078125
0,32,1,3,3.43966877e-09,1.82055222e-11,0.00529281236,0.0078125
0,33,1,0,3.53839447e-09,3.97373967e-10,0.112303466,0.0078125
0,33,1,1,3.53839447e-09,5.6941396e-11,0.0160924383,0.0078125
0,33,1,2,3.53839447e-09,1.78518728e-11,0.00504518999,0.0078125
0,34,1,0,3.40549278e-09,3.72477715e-10,0.109375574,0.0078125
0,34,1,1,3.40549278e-09,5.29426294e-11,0.0155462464,0.0078125
0,34,1,2,3.40549278e-09,2.05718706e-11,0.00604079105,0.0078125
0,35,1,0,3.27234573e-09,3.50929674e-10,0.107241012,0.0078125
0,35,1,1,3.27234573e-09,5.01821397e-11,0.015335219,0.0078125
0,35,1,2,3.27234573e-09,2.23391895e-11,0.0068266592,0.0078125
0,36,1,0,3.15120796e-09,3.32192968e-10,0.105417661,0.0078125
0,36,1,1,3.15120796e-09,4.77708983e-11,0.0151595511,0.0078125
0,36,1,2,3.15120796e-09,2.31882864e-11,0.00735853892,0.0078125
0,37,1,0,3.04285086e-09,3.15725723e-10,0.10375984,0.0078125
0,37,1,1,3.04285086e-09,4.55051032e-11,0.0149547597,0.0078125
0,37,1,2,3.04285086e-09,2.34189265e-11,0.00769637665,0.0078125
0,38,1,0,2.94565927e-09,3.01088793e-10,0.102214396,0.0078125
0,38,1,1,2.94565927e-09,4.33503997e-11,0.0147167053,0.0078125
0,38,1,2,2.94565927e-09,2.32635057e-11,0.0078975549,0.0078125
0,38,1,3,2.94565927e-09,1.53205851e-11,0.0052010715,0.0078125
0,39,1,0,3.05846659e-09,3.22026988e-10,0.105290338,0.0078125
0,39,1,1,3.05846659e-09,4.29819721e-11,0.0140534388,0.0078125
0,39,1,2,3.05846659e-09,1.41416696e-11,0.0046237777,0.0078125
0,40,1,0,2.97532687e-09,3.0583247e-10,0.102789536,0.0078125
0,40,1,1,2.97532687e-09,4.01657527e-11,0.0134996101,0.0078125
0,40,1,2,2.97532687e-09,1.58001823e-11,0.00531040225,0.0078125
0,41,1,0,2.88400837e-09,2.91402125e-10,0.101040669,0.0078125
0,41,1,1,2.88400837e-09,3.8477499e-11,0.0133416736,0.0078125
0,41,1,2,2.88400837e-09,1.71151114e-11,0.00593448756,0.0078125
0,42,1,0,2.79828805e-09,2.78591511e-10,0.0995578393,0.0078125
0,42,1,1,2.79828805e-09,3.70420639e-11,0.0132374018,0.0078125
0,42,1,2,2.79828805e-09,1.7870495e-11,0.00638622418,0.0078125
0,43,1,0,2.72014078e-09,2.67121214e-10,0.0982012451,0.0078125
0,43,1,1,2.72014078e-09,3.56628754e-11,0.0131106731,0.0078125
0,43,1,2,2.72014078e-09,1.81997941e-11,0.00669075456,0.0078125
0,44,1,0,2.64891287e-09,2.56762361e-10,0.0969312191,0.0078125
0,44,1,1,2.64891287e-09,3.43144541e-11,0.0129541652,0.0078125
0,44,1,2,2.64891287e-09,1.82384594e-11,0.00688526221,0.0078125
0,45,1,0,2.58363841e-09,2.47335291e-10,0.0957313851,0.0078125
0,45,1,1,2.58363841e-09,3.30048905e-11,0.0127745783,0.0078125
0,45,1,2,2.58363841e-09,1.80881924e-11,0.00700105401,0.0078125
0,46,1,0,2.52347765e-09,2.38693842e-10,0.0945892408,0.0078125
0,46,1,1,2.52347765e-09,3.17447041e-11,0.0125797447,0.0078125
0,46,1,2,2.52347765e-09,1.78158651e-11,0.00706004491,0.0078125
0,47,1,0,2.46770315e-09,2.30733765e-10,0.0935014263,0.0078125
0,47,1,1,2.46770315e-09,3.05379957e-11,0.0123750689,0.0078125
0,47,1,2,2.46770315e-09,1.74693003e-11,0.00707917428,0.0078125
0,48,1,0,2.41575737e-09,2.23365354e-10,0.0924618319,0.0078125
0,48,1,1,2.41575737e-09,2.93940913e-11,0.0121676503,0.0078125
0,48,1,2,2.41575737e-09,1.70776518e-11,0.00706927432,0.0078125
0,49,1,0,2.3671769e-09,2.16521537e-10,0.0914682522,0.0078125
0,49,1,1,2.3671769e-09,2.83061994e-11,0.0119577879,0.0078125
0,49,1,2,2.3671769e-09,1.66580014e-11,0.00703707477,0.0078125
0,50,1,0,2.32159669e-09,2.10144679e-10,0.0905173048,0.0078125
0,50,1,1,2.32159669e-09,2.72760287e-11,0.0117488233,0.0078125
0,50,1,2,2.32159669e-09,1.62243153e-11,0.00698842993,0.0078125
0,51,1,0,2.27871944e-09,2.04176787e-10,0.0896015465,0.0078125
0,51,1,1,2.27871944e-09,2.63020716e-11,0.0115424795,0.0078125
0,51,1,2,2.27871944e-09,1.57890576e-11,0.00692891702,0.0078125
0,52,1,0,2.23823848e-09,1.98583469e-10,0.0887231082,0.0078125
0,52,1,1,2.23823848e-09,2.53834922e-11,0.0113408342,0.0078125
0,52,1,2,2.23823848e-09,1.53585443e-11,0.00686188927,0.0078125
0,53,1,0,2.19997331e-09,1.93330865e-10,0.0878787339,0.0078125
0,53,1,1,2.19997331e-09,2.45137209e-11,0.0111427354,0.0078125
0,53,1,2,2.19997331e-09,1.49310165e-11,0.00678690802,0.0078125
0,54,1,0,2.16370921e-09,1.88377827e-10,0.0870624483,0.0078125
0,54,1,1,2.16370921e-09,2.36900343e-11,0.010948807,0.0078125
0,54,1,2,2.16370921e-09,1.4516389e-11,0.00670902943,0.0078125
0,55,1,0,2.12924434e-09,1.83706134e-10,0.086277619,0.0078125
0,55,1,1,2.12924434e-09,2.29114956e-11,0.0107603883,0.0078125
0,55,1,2,2.12924434e-09,1.4109768e-11,0.00662665535,0.0078125
0,56,1,0,2.0964761e-09,1.79290388e-10,0.0855198801,0.0078125
0,56,1,1,2.0964761e-09,2.21763059e-11,0.0105778957,0.0078125
0,56,1,2,2.0964761e-09,1.37197094e-11,0.00654417649,0.0078125
0,57,1,0,2.06525175e-09,1.75106943e-10,0.0847872123,0.0078125
0,57,1,1,2.06525175e-09,2.14766347e-11,0.0103990398,0.0078125
0,57,1,2,2.06525175e-09,1.33385143e-11,0.00645854138,0.0078125
0,58,1,0,2.03544204e-09,1.71133621e-10,0.0840768814,0.0078125
0,58,1,1,2.03544204e-09,2.08157554e-11,0.0102266511,0.0078125
0,58,1,2,2.03544204e-09,1.29747489e-11,0.00637441315,0.0078125
0,59,1,0,2.00695616e-09,1.6736193e-10,0.0833909214,0.0078125
0,59,1,1,2.00695616e-09,2.01904569e-11,0.0100602377,0.0078125
0,59,1,2,2.00695616e-09,1.26246348e-11,0.00629043858,0.0078125
0,60,1,0,1.97969841e-09,1.63771566e-10,0.08272551,0.0078125
0,60,1,1,1.97969841e-09,1.959642e-11,0.00989868958,0.0078125
0,60,1,2,1.97969841e-09,1.22897734e-11,0.00620790198,0.0078125
0,61,1,0,1.95357486e-09,1.60352356e-10,0.0820815042,0.0078125
0,61,1,1,1.95357486e-09,1.9030881e-11,0.00974156708,0.0078125
0,61,1,2,1.95357486e-09,1.19655067e-11,0.00612492859,0.0078125
0,62,1,0,1.92850669e-09,1.57088648e-10,0.0814561099,0.0078125
0,62,1,1,1.92850669e-09,1.84917238e-11,0.00958862342,0.0078125
0,62,1,2,1.92850669e-09,1.16534516e-11,0.00604273332,0.0078125
0,63,1,0,1.9044355e-09,1.5397332e-10,0.0808498487,0.0078125
0,63,1,1,1.9044355e-09,1.79838349e-11,0.00944313128,0.0078125
0,63,1,2,1.9044355e-09,1.13568087e-11,0.00596334646,0.0078125
0,64,1,0,1.88131644e-09,1.50993065e-10,0.0802592635,0.0078125
0,64,1,1,1.88131644e-09,1.74940461e-11,0.00929883216,0.0078125
0,64,1,2,1.88131644e-09,1.10698334e-11,0.00588408904,0.0078125
0,65,1,0,1.85904281e-09,1.48139431e-10,0.0796858668,0.0078125
0,65,1,1,1.85904281e-09,1.70327814e-11,0.00916212425,0.0078125
0,65,1,2,1.85904281e-09,1.07967689e-11,0.00580770336,0.0078125
0,66,1,0,1.83759141e-09,1.45409421e-10,0.079130441,0.0078125
0,66,1,1,1.83759141e-09,1.65898215e-11,0.00902802497,0.0078125
0,66,1,2,1.83759141e-09,1.05330987e-11,0.00573201338,0.0078125
0,67,1,0,1.81692839e-09,1.42785228e-10,0.0785860494,0.0078125
0,67,1,1,1.81692839e-09,1.61694842e-11,0.00889935158,0.0078125
0,67,1,2,1.81692839e-09,1.02816453e-11,0.00565880584,0.0078125
0,68,1,0,1.79697313e-09,1.40268852e-10,0.0780583993,0.0078125
0,68,1,1,1.79697313e-09,1.57634756e-11,0.00877223816,0.0078125
0,68,1,2,1.79697313e-09,1.00403184e-11,0.00558735011,0.0078125
0,69,1,0,1.77768822e-09,1.37852757e-10,0.0775460824,0.0078125
0,69,1,1,1.77768822e-09,1.53789828e-11,0.00865111407,0.0078125
0,69,1,2,1.77768822e-09,9.80735198e-12,0.00551691325,0.0078125
0,70,1,0,1.75907067e-09,1.35522274e-10,0.0770419762,0.0078125
0,70,1,1,1.75907067e-09,1.50131886e-11,0.00853472762,0.0078125
0,70,1,2,1.75907067e-09,9.58711843e-12,0.00545010436,0.0078125
0,71,1,0,1.74105674e-09,1.332843e-10,0.07655368,0.0078125
0,71,1,1,1.74105674e-09,1.46601533e-11,0.00842026155,0.0078125
0,71,1,2,1.74105674e-09,9.3728688e-12,0.00538343657,0.0078125
0,72,1,0,1.72362957e-09,1.31127179e-10,0.0760761946,0.0078125
0,72,1,1,1.72362957e-09,1.43221398e-11,0.00830929074,0.0078125
0,72,1,2,1.72362957e-09,9.16640808e-12,0.00531808473,0.0078125
0,73,1,0,1.7067433e-09,1.29049507e-10,0.0756115541,0.0078125
0,73,1,1,1.7067433e-09,1.39996877e-11,0.00820257328,0.0078125
0,73,1,2,1.7067433e-09,8.97264381e-12,0.00525717251,0.0078125
0,74,1,0,1.69037562e-09,1.27044458e-10,0.0751575306,0.0078125
0,74,1,1,1.69037562e-09,1.36882346e-11,0.00809774734,0.0078125
0,74,1,2,1.69037562e-09,8.78106442e-12,0.0051947413,0.0078125
0,75,1,0,1.67451752e-09,1.25105565e-10,0.0747114122,0.0078125
0,75,1,1,1.67451752e-09,1.33927747e-11,0.00799799059,0.0078125
0,75,1,2,1.67451752e-09,8.60156998e-12,0.00513674505,0.0078125
0,76,1,0,1.65910918e-09,1.23236241e-10,0.0742785633,0.0078125
0,76,1,1,1.65910918e-09,1.31075871e-11,0.0079003768,0.0078125
0,76,1,2,1.65910918e-09,8.42840554e-12,0.00508007873,0.0078125
0,77,1,0,1.64415614e-09,1.21428964e-10,0.073854886,0.0078125
0,77,1,1,1.64415614e-09,1.28324061e-11,0.0078048585,0.0078125
0,78,1,0,1.57026925e-09,1.13006347e-10,0.0719662234,0.0078125
0,78,1,1,1.57026925e-09,1.81238687e-11,0.0115418863,0.0078125
0,78,1,2,1.57026925e-09,8.86535897e-12,0.00564575708,0.0078125
0,79,1,0,1.59877744e-09,1.16781834e-10,0.0730444565,0.0078125
0,79,1,1,1.59877744e-09,1.27326925e-11,0.0079640178,0.0078125
0,79,1,2,1.59877744e-09,8.36225793e-12,0.0052304077,0.0078125
0,80,1,0,1.5902698e-09,1.15163594e-10,0.0724176466,0.0078125
0,80,1,1,1.5902698e-09,1.22398957e-11,0.00769674173,0.0078125
0,81,1,0,1.5226308e-09,1.07435026e-10,0.0705588162,0.0078125
0,81,1,1,1.5226308e-09,1.71155399e-11,0.0112407682,0.0078125
0,81,1,2,1.5226308e-09,8.60768748e-12,0.00565316807,0.0078125
0,82,1,0,1.55039082e-09,1.11062375e-10,0.0716350824,0.0078125
0,82,1,1,1.55039082e-09,1.2069048e-11,0.00778451981,0.0078125
0,83,1,0,1.48858681e-09,1.03610447e-10,0.0696032271,0.0078125
0,83,1,1,1.48858681e-09,1.66458479e-11,0.0111823156,0.0078125
0,83,1,2,1.48858681e-09,8.52817816e-12,0.00572904339,0.0078125
0,84,1,0,1.51722268e-09,1.07234686e-10,0.0706782788,0.0078125
0,84,1,1,1.51722268e-09,1.16958127e-11,0.00770869898,0.0078125
0,85,1,0,1.45881973e-09,1.00197774e-10,0.0686841384,0.0078125
0,85,1,1,1.45881973e-09,1.60219355e-11,0.0109828068,0.0078125
0,85,1,2,1.45881973e-09,8.37485897e-12,0.00574084558,0.0078125
0,86,1,0,1.48669033e-09,1.03705974e-10,0.0697562695,0.0078125
0,86,1,1,1.48669033e-09,1.1305441e-11,0.00760443555,0.0078125
0,87,1,0,1.43121404e-09,9.70549613e-11,0.0678130314,0.0078125
0,87,1,1,1.43121404e-09,1.54108393e-11,0.0107676694,0.0078125
0,87,1,2,1.43121404e-09,8.18807175e-12,0.00572106708,0.0078125
0,88,1,0,1.458209e-09,1.00436305e-10,0.0688764825,0.0078125
0,88,1,1,1.458209e-09,1.09238885e-11,0.007491305,0.0078125
0,89,1,0,1.40537004e-09,9.41351649e-11,0.0669824779,0.0078125
0,89,1,1,1.40537004e-09,1.4833499e-11,0.0105548706,0.0078125
0,89,1,2,1.40537004e-09,7.98611177e-12,0.00568256853,0.0078125
0,90,1,0,1.43149748e-09,9.74054934e-11,0.0680444762,0.0078125
0,90,1,1,1.43149748e-09,1.05534817e-11,0.00737233693,0.0078125
0,91,1,0,1.38109035e-09,9.14165896e-11,0.0661916062,0.0078125
0,91,1,1,1.38109035e-09,1.42857271e-11,0.0103438031,0.0078125
0,91,1,2,1.38109035e-09,7.77540012e-12,0.00562989945,0.0078125
0,92,1,0,1.40636114e-09,9.45726483e-11,0.0672463477,0.0078125
0,92,1,1,1.40636114e-09,1.01993596e-11,0.00725230481,0.0078125
0,93,1,0,1.35817668e-09,8.88763368e-11,0.06543798,0.0078125
0,93,1,1,1.35817668e-09,1.37709306e-11,0.0101392781,0.0078125
0,93,1,2,1.35817668e-09,7.56632777e-12,0.00557094533,0.0078125
0,94,1,0,1.38265277e-09,9.19249746e-11,0.066484496,0.0078125
0,94,1,1,1.38265277e-09,9.8641581e-12,0.00713422662,0.0078125
0,95,1,0,1.33650579e-09,8.64932917e-11,0.0647159889,0.0078125
0,95,1,1,1.33650579e-09,1.32890513e-11,0.00994313043,0.0078125
0,95,1,2,1.33650579e-09,7.36267557e-12,0.00550889922,0.0078125
0,96,1,0,1.36023059e-09,8.94420371e-11,0.0657550544,0.0078125
0,96,1,1,1.36023059e-09,9.54293936e-12,0.00701567763,0.0078125
0,97,1,0,1.31595956e-09,8.42538955e-11,0.0640246868,0.0078125
0,97,1,1,1.31595956e-09,1.28336959e-11,0.00975234807,0.0078125
0,97,1,2,1.31595956e-09,7.16299286e-12,0.00544317113,0.0078125
0,98,1,0,1.33895517e-09,8.71069328e-11,0.0650558993,0.0078125
0,98,1,1,1.33895517e-09,9.2392578e-12,0.0069003487,0.0078125
0,99,1,0,1.29643996e-09,8.21437085e-11,0.0633609816,0.0078125
0,99,1,1,1.29643996e-09,1.2405096e-11,0.00956858508,0.0078125
0,99,1,2,1.29643996e-09,6.96843755e-12,0.00537505606,0.0078125
0,100,1,0,1.31874967e-09,8.49090659e-11,0.06438604,0.0078125
0,100,1,1,1.31874967e-09,8.95165712e-12,0.00678798836,0.0078125
0,101,1,0,1.27786115e-09,8.01513439e-11,0.062723048,0.0078125
0,101,1,1,1.27786115e-09,1.19999566e-11,0.00939065777,0.0078125
0,101,1,2,1.27786115e-09,6.78259966e-12,0.00530777499,0.0078125
0,102,1,0,1.29951583e-09,8.28256422e-11,0.0637357682,0.0078125
0,102,1,1,1.29951583e-09,8.68042617e-12,0.00667973887,0.0078125
0,103,1,0,1.26012156e-09,7.82670803e-11,0.062110737,0.0078125
0,103,1,1,1.26012156e-09,1.16234028e-11,0.00922403298,0.0078125
0,103,1,2,1.26012156e-09,6.60605251e-12,0.00524239289,0.0078125
0,104,1,0,1.28116651e-09,8.08627332e-11,0.0631164908,0.0078125
0,104,1,1,1.28116651e-09,8.42333061e-12,0.00657473505,0.0078125
0,105,1,0,1.24319621e-09,7.64821401e-11,0.061520569,0.0078125
0,105,1,1,1.24319621e-09,1.12657444e-11,0.00906191953,0.0078125
0,105,1,2,1.24319621e-09,6.43774964e-12,0.00517838588,0.0078125
0,106,1,0,1.26365118e-09,7.90006255e-11,0.0625177473,0.0078125
0,106,1,1,1.26365118e-09,8.18076249e-12,0.00647390867,0.0078125
0,107,1,0,1.22701349e-09,7.47869336e-11,0.0609503761,0.0078125
0,107,1,1,1.22701349e-09,1.09300208e-11,0.00890782475,0.0078125
0,107,1,2,1.22701349e-09,6.2761428e-12,0.00511497445,0.0078125
0,108,1,0,1.24691379e-09,7.723467e-11,0.0619406663,0.0078125
0,108,1,1,1.24691379e-09,7.95228206e-12,0.00637757173,0.0078125
0,109,1,0,1.211511e-09,7.31790045e-11,0.0604030862,0.0078125
0,109,1,1,1.211511e-09,1.06104474e-11,0.00875802804,0.0078125
0,109,1,2,1.211511e-09,6.12279064e-12,0.00505384663,0.0078125
0,110,1,0,1.23088095e-09,7.55539936e-11,0.0613820478,0.0078125
0,110,1,1,1.23088095e-09,7.7366993e-12,0.00628549745,0.0078125
0,111,1,0,1.19663468e-09,7.16446208e-11,0.0598717555,0.0078125
0,111,1,1,1.19663468e-09,1.03103715e-11,0.00861613918,0.0078125
0,111,1,2,1.19663468e-09,5.97573119e-12,0.00499378052,0.0078125
0,112,1,0,1.21551147e-09,7.39567921e-11,0.0608441755,0.0078125
0,112,1,1,1.21551147e-09,7.52969388e-12,0.00619467115,0.0078125
0,113,1,0,1.1823722e-09,7.01846012e-11,0.0593591444,0.0078125
0,113,1,1,1.1823722e-09,1.00276584e-11,0.00848096609,0.0078125
0,113,1,2,1.1823722e-09,5.83864467e-12,0.00493807672,0.0078125
0,114,1,0,1.20076871e-09,7.24340171e-11,0.0603230372,0.0078125
0,114,1,1,1.20076871e-09,7.33640058e-12,0.00610975316,0.0078125
0,115,1,0,1.16865306e-09,6.87922844e-11,0.0588645898,0.0078125
0,115,1,1,1.16865306e-09,9.75730607e-12,0.00834918953,0.0078125
0,115,1,2,1.16865306e-09,5.70605629e-12,0.00488259224,0.0078125
0,116,1,0,1.18659094e-09,7.09771547e-11,0.0598160252,0.0078125
0,116,1,1,1.18659094e-09,7.15481016e-12,0.00602971902,0.0078125
0,117,1,0,1.15544729e-09,6.74588857e-11,0.0583833531,0.0078125
0,117,1,1,1.15544729e-09,9.50422466e-12,0.00822558068,0.0078125
0,117,1,2,1.15544729e-09,5.58176205e-12,0.00483082375,0.0078125
0,118,1,0,1.17294963e-09,6.95928384e-11,0.0593314804,0.0078125
0,118,1,1,1.17294963e-09,6.98097136e-12,0.00595163787,0.0078125
0,119,1,0,1.14274523e-09,6.61864522e-11,0.0579188168,0.0078125
0,119,1,1,1.14274523e-09,9.26118036e-12,0.0081043262,0.0078125
0,119,1,2,1.14274523e-09,5.46325702e-12,0.00478081824,0.0078125
0,120,1,0,1.15983068e-09,6.82640749e-11,0.0588569306,0.0078125
0,120,1,1,1.15983068e-09,6.81543624e-12,0.0058762338,0.0078125
0,121,1,0,1.13048615e-09,6.49678089e-11,0.0574689135,0.0078125
0,121,1,1,1.13048615e-09,9.0319037e-12,0.0079893982,0.0078125
0,121,1,2,1.13048615e-09,5.3516332e-12,0.00473392196,0.0078125
0,122,1,0,1.14716936e-09,6.69932373e-11,0.0583987348,0.0078125
0,122,1,1,1.14716936e-09,6.65895681e-12,0.00580468494,0.0078125
0,123,1,0,1.11866527e-09,6.37959269e-11,0.0570286103,0.0078125
0,123,1,1,1.11866527e-09,8.81273266e-12,0.00787789933,0.0078125
0,123,1,2,1.11866527e-09,5.24202209e-12,0.00468596118,0.0078125
0,124,1,0,1.13495968e-09,6.57759541e-11,0.0579544418,0.0078125
0,124,1,1,1.13495968e-09,6.50955375e-12,0.00573549327,0.0078125
0,125,1,0,1.10724219e-09,6.26756702e-11,0.0566052049,0.0078125
0,125,1,1,1.10724219e-09,8.60521203e-12,0.00777175231,0.0078125
0,126,1,0,1.07918008e-09,6.03874867e-11,0.0559568219,0.0078125
0,126,1,1,1.07918008e-09,1.04367478e-11,0.00967099704,0.0078125
0,126,1,2,1.07918008e-09,5.39343223e-12,0.00499771303,0.0078125
0,127,1,0,1.11022502e-09,6.36771955e-11,0.0573552139,0.0078125
0,127,1,1,1.11022502e-09,6.4956868e-12,0.00585078401,0.0078125
0,128,1,0,1.08511122e-09,6.06015585e-11,0.0558482446,0.0078125
0,128,1,1,1.08511122e-09,8.46700834e-12,0.00780289434,0.0078125
0,129,1,0,1.05861286e-09,5.84437915e-11,0.055207897,0.0078125
0,129,1,1,1.05861286e-09,1.01918005e-11,0.00962750521,0.0078125
0,129,1,2,1.05861286e-09,5.36189149e-12,0.00506501645,0.0078125
0,130,1,0,1.08937004e-09,6.16583035e-11,0.0565999635,0.0078125
0,130,1,1,1.08937004e-09,6.36343539e-12,0.00584139023,0.0078125
0,131,1,0,1.06555265e-09,5.87367169e-11,0.0551232435,0.0078125
0,131,1,1,1.06555265e-09,8.2130986e-12,0.00770783005,0.0078125
0,132,1,0,1.04027886e-09,5.66972684e-11,0.0545019917,0.0078125
0,132,1,1,1.04027886e-09,9.85778473e-12,0.00947609823,0.0078125
0,132,1,2,1.04027886e-09,5.2862441e-12,0.00508156465,0.0078125
0,133,1,0,1.07000575e-09,5.97872377e-11,0.0558756217,0.0078125
0,133,1,1,1.07000575e-09,6.20753058e-12,0.00580139924,0.0078125
0,134,1,0,1.04732356e-09,5.70077492e-11,0.0544318408,0.0078125
0,134,1,1,1.04732356e-09,7.95545661e-12,0.00759598752,0.0078125
0,135,1,0,1.02313114e-09,5.50784765e-11,0.0538332537,0.0078125
0,135,1,1,1.02313114e-09,9.52715511e-12,0.00931176357,0.0078125
0,135,1,2,1.02313114e-09,5.19409168e-12,0.00507666264,0.0078125
0,136,1,0,1.05181486e-09,5.80444616e-11,0.0551850572,0.0078125
0,136,1,1,1.05181486e-09,6.0507749e-12,0.00575269945,0.0078125
0,137,1,0,1.03014974e-09,5.53962952e-11,0.0537749939,0.0078125
0,137,1,1,1.03014974e-09,7.70931756e-12,0.00748368632,0.0078125
0,138,1,0,1.00696873e-09,5.35680007e-11,0.0531972833,0.0078125
0,138,1,1,1.00696873e-09,9.21397941e-12,0.00915021449,0.0078125
0,138,1,2,1.00696873e-09,5.09264592e-12,0.00505740242,0.0078125
0,139,1,0,1.03468323e-09,5.64181618e-11,0.0545269884,0.0078125
0,139,1,1,1.03468323e-09,5.89525434e-12,0.00569764152,0.0078125
0,140,1,0,1.01395237e-09,5.38910236e-11,0.0531494617,0.0078125
0,140,1,1,1.01395237e-09,7.47253821e-12,0.00736971339,0.0078125
0,141,1,0,9.91707383e-10,5.21514706e-11,0.0525875576,0.0078125
0,141,1,1,9.91707383e-10,8.91695398e-12,0.00899151713,0.0078125
0,141,1,2,9.91707383e-10,4.98967924e-12,0.00503140269,0.0078125
0,142,1,0,1.01847997e-09,5.48961016e-11,0.0539000295,0.0078125
0,142,1,1,1.01847997e-09,5.74448909e-12,0.00564025715,0.0078125
0,143,1,0,9.98621963e-10,5.24803812e-11,0.0525528006,0.0078125
0,143,1,1,9.98621963e-10,7.25095504e-12,0.00726096099,0.0078125
0,144,1,0,9.77230297e-10,5.08213888e-11,0.0520055406,0.0078125
0,144,1,1,9.77230297e-10,8.63693665e-12,0.00883817952,0.0078125
0,144,1,2,9.77230297e-10,4.88587426e-12,0.0049997163,0.0078125
0,145,1,0,1.00312902e-09,5.34677892e-11,0.0533010103,0.0078125
0,145,1,1,1.00312902e-09,5.5996323e-12,0.00558216544,0.0078125
0,146,1,0,9.84063719e-10,5.11509585e-11,0.0519793145,0.0078125
0,146,1,1,9.84063719e-10,7.03313362e-12,0.0071470309,0.0078125
0,147,1,0,9.63466862e-10,4.95698343e-11,0.0514494441,0.0078125
0,147,1,1,9.63466862e-10,8.37051695e-12,0.00868791342,0.0078125
0,147,1,2,9.63466862e-10,4.78527374e-12,0.00496672373,0.0078125
0,148,1,0,9.88531701e-10,5.21154994e-11,0.0527201109,0.0078125
0,148,1,1,9.88531701e-10,5.46126859e-12,0.00552462647,0.0078125
0,149,1,0,9.70194258e-10,4.98963613e-11,0.0514292493,0.0078125
0,149,1,1,9.70194258e-10,6.83460623e-12,0.00704457518,0.0078125
0,150,1,0,9.50341028e-10,4.83876758e-11,0.0509161167,0.0078125
0,150,1,1,9.50341028e-10,8.1224992e-12,0.00854693074,0.0078125
0,150,1,2,9.50341028e-10,4.68715561e-12,0.0049320776,0.0078125
0,151,1,0,9.74624159e-10,5.08424101e-11,0.0521661714,0.0078125
0,151,1,1,9.74624159e-10,5.32808173e-12,0.0054668067,0.0078125
0,152,1,0,9.56978607e-10,4.87130301e-11,0.0509029441,0.0078125
0,152,1,1,9.56978607e-10,6.64544461e-12,0.0069441935,0.0078125
0,153,1,0,9.37818156e-10,4.7269362e-11,0.0504035465,0.0078125
0,153,1,1,9.37818156e-10,7.88858475e-12,0.00841163564,0.0078125
0,153,1,2,9.37818156e-10,4.59471263e-12,0.00489936396,0.0078125
0,154,1,0,9.61371538e-10,4.96413639e-11,0.0516359843,0.0078125
0,154,1,1,9.61371538e-10,5.20464097e-12,0.00541376648,0.0078125
0,155,1,0,9.44369472e-10,4.75933529e-11,0.050396964,0.0078125
0,155,1,1,9.44369472e-10,6.46712631e-12,0.00684808893,0.0078125
0,156,1,0,9.2585839e-10,4.62078362e-11,0.0499081016,0.0078125
0,156,1,1,9.2585839e-10,7.66566931e-12,0.00827952661,0.0078125
0,156,1,2,9.2585839e-10,4.50364225e-12,0.00486428849,0.0078125
0,157,1,0,9.48696122e-10,4.85019525e-11,0.0511248559,0.0078125
0,157,1,1,9.48696122e-10,5.08677692e-12,0.00536186108,0.0078125
0,158,1,0,9.32296129e-10,4.65286733e-11,0.0499076135,0.0078125
0,158,1,1,9.32296129e-10,6.29784332e-12,0.00675519649,0.0078125
0,159,1,0,9.144e-10,4.52012629e-11,0.0494327024,0.0078125
0,159,1,1,9.144e-10,7.45981575e-12,0.00815815385,0.0078125
0,159,1,2,9.144e-10,4.41865251e-12,0.0048322971,0.0078125
0,160,1,0,9.36595801e-10,4.74206542e-11,0.0506308638,0.0078125
0,160,1,1,9.36595801e-10,4.97434776e-12,0.00531109329,0.0078125
0,161,1,0,9.20748755e-10,4.55198101e-11,0.0494378172,0.0078125
0,161,1,1,9.20748755e-10,6.13818935e-12,0.00666651921,0.0078125
0,162,1,0,9.03429553e-10,4.42440563e-11,0.0489734448,0.0078125
0,162,1,1,9.03429553e-10,7.26280494e-12,0.00803914946,0.0078125
0,162,1,2,9.03429553e-10,4.33966491e-12,0.00480354531,0.0078125
0,163,1,0,9.24969268e-10,4.63953979e-11,0.0501588546,0.0078125
0,163,1,1,9.24969268e-10,4.86948979e-12,0.00526448805,0.0078125
0,164,1,0,9.09660069e-10,4.45583258e-11,0.048983492,0.0078125
0,164,1,1,9.09660069e-10,5.98962199e-12,0.00658446178,0.0078125
0,165,1,0,8.92868335e-10,4.33319318e-11,0.048531156,0.0078125
0,165,1,1,8.92868335e-10,7.07750265e-12,0.00792670343,0.0078125
0,165,1,2,8.92868335e-10,4.26249357e-12,0.00477393297,0.0078125
0,166,1,0,9.13823683e-10,4.54167953e-11,0.0496997349,0.0078125
0,166,1,1,9.13823683e-10,4.77110105e-12,0.00522103021,0.0078125
0,167,1,0,8.99010866e-10,4.36423814e-11,0.0485448875,0.0078125
0,167,1,1,8.99010866e-10,5.84968489e-12,0.00650680112,0.0078125
0,168,1,0,8.82728168e-10,4.24635986e-11,0.048104953,0.0078125
0,168,1,1,8.82728168e-10,6.90153793e-12,0.00781841855,0.0078125
0,168,1,2,8.82728168e-10,4.18829251e-12,0.00474471366,0.0078125
0,169,1,0,9.03130015e-10,4.44821957e-11,0.0492533706,0.0078125
0,169,1,1,9.03130015e-10,4.67637084e-12,0.0051779598,0.0078125
0,170,1,0,8.88767226e-10,4.27712761e-11,0.0481242724,0.0078125
0,170,1,1,8.88767226e-10,5.71651147e-12,0.00643195584,0.0078125
0,171,1,0,8.72972583e-10,4.16323018e-11,0.0476902723,0.0078125
0,171,1,1,8.72972583e-10,6.7355301e-12,0.00771562615,0.0078125
0,172,1,0,8.57958316e-10,4.06327055e-11,0.0473597683,0.0078125
0,172,1,1,8.57958316e-10,7.64133722e-12,0.00890642032,0.0078125
0,172,1,2,8.57958316e-10,4.2479683e-12,0.0049512526,0.0078125
0,173,1,0,8.85427009e-10,4.31474405e-11,0.0487306565,0.0078125
0,173,1,1,8.85427009e-10,4.66233996e-12,0.00526564009,0.0078125
0,174,1,0,8.7242602e-10,4.14290893e-11,0.0474872217,0.0078125
0,174,1,1,8.7242602e-10,5.63946632e-12,0.00646412,0.0078125
0,175,1,0,8.57441229e-10,4.03492274e-11,0.047057718,0.0078125
0,175,1,1,8.57441229e-10,6.60024379e-12,0.00769760506,0.0078125
0,176,1,0,8.4314622e-10,3.94106865e-11,0.0467424095,0.0078125
0,176,1,1,8.4314622e-10,7.45821373e-12,0.00884569436,0.0078125
0,176,1,2,8.4314622e-10,4.21424354e-12,0.0049982355,0.0078125
0,177,1,0,8.70030825e-10,4.18462522e-11,0.0480974354,0.0078125
0,177,1,1,8.70030825e-10,4.58886488e-12,0.00527437031,0.0078125
0,178,1,0,8.57676208e-10,4.02053078e-11,0.0468770228,0.0078125
0,178,1,1,8.57676208e-10,5.5056246e-12,0.00641923444,0.0078125
0,179,1,0,8.43364545e-10,3.91881874e-11,0.0464664884,0.0078125
0,179,1,1,8.43364545e-10,6.41722656e-12,0.00760907773,0.0078125
0,180,1,0,8.29671054e-10,3.82965361e-11,0.0461586975,0.0078125
0,180,1,1,8.29671054e-10,7.23299979e-12,0.00871791225,0.0078125
0,180,1,2,8.29671054e-10,4.16116403e-12,0.00501543842,0.0078125
0,181,1,0,8.55623294e-10,4.06336735e-11,0.0474901423,0.0078125
0,181,1,1,8.55623294e-10,4.50502309e-12,0.00526519446,0.0078125
0,182,1,0,8.43825843e-10,3.90697995e-11,0.0463007875,0.0078125
0,182,1,1,8.43825843e-10,5.36664723e-12,0.00635989895,0.0078125
0,183,1,0,8.30124469e-10,3.81012444e-11,0.0458982289,0.0078125
0,183,1,1,8.30124469e-10,6.23418678e-12,0.00750994217,0.0078125
0,184,1,0,8.1698881e-10,3.72596398e-11,0.0456060581,0.0078125
0,184,1,1,8.1698881e-10,7.01806885e-12,0.00859016553,0.0078125
0,184,1,2,8.1698881e-10,4.10100643e-12,0.00501966057,0.0078125
0,185,1,0,8.42064363e-10,3.95067624e-11,0.0469165593,0.0078125
0,185,1,1,8.42064363e-10,4.41911351e-12,0.00524795242,0.0078125
0,186,1,0,8.30802538e-10,3.80028578e-11,0.0457423478,0.0078125
0,186,1,1,8.30802538e-10,5.23254487e-12,0.00629818114,0.0078125
0,187,1,0,8.17624912e-10,3.70911774e-11,0.0453645401,0.0078125
0,187,1,1,8.17624912e-10,6.05828668e-12,0.00740961591,0.0078125
0,188,1,0,8.05016498e-10,3.62835352e-11,0.0450717919,0.0078125
0,188,1,1,8.05016498e-10,6.80867862e-12,0.00845781248,0.0078125
0,188,1,2,8.05016498e-10,4.03719506e-12,0.00501504634,0.0078125
0,189,1,0,8.2920415e-10,3.84460172e-11,0.0463649593,0.0078125
0,189,1,1,8.2920415e-10,4.33401925e-12,0.00522672152,0.0078125
0,190,1,0,8.1842283e-10,3.70059539e-11,0.0452161804,0.0078125
0,190,1,1,8.1842283e-10,5.10511685e-12,0.00623774994,0.0078125
0,191,1,0,8.05763511e-10,3.61362815e-11,0.0448472537,0.0078125
0,191,1,1,8.05763511e-10,5.89212229e-12,0.00731247105,0.0078125
0,192,1,0,7.93637822e-10,3.53715252e-11,0.0445688516,0.0078125
0,192,1,1,7.93637822e-10,6.61488659e-12,0.00833489373,0.0078125
0,192,1,2,7.93637822e-10,3.97200762e-12,0.00500481157,0.0078125
0,193,1,0,8.17036216e-10,3.74471669e-11,0.0458329357,0.0078125
0,193,1,1,8.17036216e-10,4.25069181e-12,0.00520257466,0.0078125
0,194,1,0,8.06673783e-10,3.60726622e-11,0.0447177812,0.0078125
0,194,1,1,8.06673783e-10,4.98190334e-12,0.0061758589,0.0078125
0,195,1,0,7.94509403e-10,3.5240276e-11,0.0443547629,0.0078125
0,195,1,1,7.94509403e-10,5.73583195e-12,0.00721933786,0.0078125
0,196,1,0,7.82824028e-10,3.45092704e-11,0.0440830514,0.0078125
0,196,1,1,7.82824028e-10,6.4327983e-12,0.00821742602,0.0078125
0,196,1,2,7.82824028e-10,3.91257859e-12,0.00499803061,0.0078125
0,197,1,0,8.05468692e-10,3.65127859e-11,0.0453311056,0.0078125
0,197,1,1,8.05468692e-10,4.17151643e-12,0.00517899264,0.0078125
0,198,1,0,7.95518151e-10,3.51887235e-11,0.044233717,0.0078125
0,198,1,1,7.95518151e-10,4.86540756e-12,0.00611602329,0.0078125
0,199,1,0,7.83782483e-10,3.43942826e-11,0.0438824333,0.0078125
0,199,1,1,7.83782483e-10,5.58558364e-12,0.00712644635,0.0078125
0,200,1,0,7.72510944e-10,3.36975517e-11,0.0436208099,0.0078125
0,200,1,1,7.72510944e-10,6.25703525e-12,0.00809960719,0.0078125
0,200,1,2,7.72510944e-10,3.84998977e-12,0.00498373481,0.0078125
0,201,1,0,7.94429966e-10,3.56267411e-11,0.0448456667,0.0078125
0,201,1,1,7.94429966e-10,4.09586557e-12,0.00515572913,0.0078125
0,202,1,0,7.84853849e-10,3.43511712e-11,0.0437676013,0.0078125
0,202,1,1,7.84853849e-10,4.75601589e-12,0.00605974719,0.0078125
0,203,1,0,7.73526798e-10,3.35973818e-11,0.0434340239,0.0078125
0,203,1,1,7.73526798e-10,5.4466453e-12,0.00704131415,0.0078125
0,204,1,0,7.62645114e-10,3.29266961e-11,0.0431743339,0.0078125
0,204,1,1,7.62645114e-10,6.09084961e-12,0.00798647944,0.0078125
0,204,1,2,7.62645114e-10,3.79125203e-12,0.00497118756,0.0078125
0,205,1,0,7.83874132e-10,3.47860594e-11,0.0443770997,0.0078125
0,205,1,1,7.83874132e-10,4.02547657e-12,0.00513536111,0.0078125
0,206,1,0,7.74641795e-10,3.35630065e-11,0.0433271304,0.0078125
0,206,1,1,7.74641795e-10,4.65488368e-12,0.00600907905,0.0078125
0,207,1,0,7.63716368e-10,3.28317686e-11,0.0429894775,0.0078125
0,207,1,1,7.63716368e-10,5.31992809e-12,0.00696584256,0.0078125
0,208,1,0,7.53177132e-10,3.21985147e-11,0.0427502543,0.0078125
0,208,1,1,7.53177132e-10,5.94254897e-12,0.00788997486,0.0078125
0,208,1,2,7.53177132e-10,3.73753372e-12,0.00496235676,0.0078125
0,209,1,0,7.73814957e-10,3.39937974e-11,0.0439301357,0.0078125
0,209,1,1,7.73814957e-10,3.95715362e-12,0.00511382427,0.0078125
0,210,1,0,7.64916075e-10,3.2813554e-11,0.0428982414,0.0078125
0,210,1,1,7.64916075e-10,4.558064e-12,0.00595890731,0.0078125
0,211,1,0,7.54351026e-10,3.2113822e-11,0.0425714552,0.0078125
0,211,1,1,7.54351026e-10,5.19848704e-12,0.00689133676,0.0078125
0,212,1,0,7.44150463e-10,3.15070782e-11,0.0423396602,0.0078125
0,212,1,1,7.44150463e-10,5.79809941e-12,0.00779156853,0.0078125
0,213,1,0,7.34457328e-10,3.09399138e-11,0.0421262234,0.0078125
0,213,1,1,7.34457328e-10,6.3365437e-12,0.00862751808,0.0078125
0,213,1,2,7.34457328e-10,3.76189878e-12,0.00512201153,0.0078125
0,214,1,0,7.59095065e-10,3.29661333e-11,0.0434282012,0.0078125
0,214,1,1,7.59095065e-10,3.9426548e-12,0.00519388821,0.0078125
0,215,1,0,7.51049556e-10,3.1782469e-11,0.0423174053,0.0078125
0,215,1,1,7.51049556e-10,4.50492898e-12,0.00599817792,0.0078125
0,216,1,0,7.41021466e-10,3.11201342e-11,0.0419962667,0.0078125
0,216,1,1,7.41021466e-10,5.10354389e-12,0.00688717421,0.0078125
0,217,1,0,7.31311456e-10,3.05468567e-11,0.0417699702,0.0078125
0,217,1,1,7.31311456e-10,5.67185578e-12,0.00775573216,0.0078125
0,218,1,0,7.22049587e-10,3.00112435e-11,0.0415639654,0.0078125
0,218,1,1,7.22049587e-10,6.18210474e-12,0.00856188405,0.0078125
0,218,1,2,7.22049587e-10,3.73203942e-12,0.00516867451,0.0078125
0,219,1,0,7.46023243e-10,3.19703083e-11,0.0428543054,0.0078125
0,219,1,1,7.46023243e-10,3.89155895e-12,0.00521640433,0.0078125
0,220,1,0,7.38382078e-10,3.08332353e-11,0.0417578332,0.0078125
0,220,1,1,7.38382078e-10,4.41478147e-12,0.00597899314,0.0078125
0,221,1,0,7.28806793e-10,3.02110038e-11,0.041452691,0.0078125
0,221,1,1,7.28806793e-10,4.9794769e-12,0.00683236914,0.0078125
0,222,1,0,7.19527882e-10,2.96680042e-11,0.0412325971,0.0078125
0,222,1,1,7.19527882e-10,5.51920749e-12,0.00767059578,0.0078125
0,223,1,0,7.10674908e-10,2.91662458e-11,0.0410402082,0.0078125
0,223,1,1,7.10674908e-10,6.00517596e-12,0.00844996236,0.0078125
0,223,1,2,7.10674908e-10,3.68714434e-12,0.00518822903,0.0078125
0,224,1,0,7.33788419e-10,3.10425435e-11,0.0423044898,0.0078125
0,224,1,1,7.33788419e-10,3.83349342e-12,0.00522424886,0.0078125
0,225,1,0,7.26521732e-10,2.99519333e-11,0.0412264802,0.0078125
0,225,1,1,7.26521732e-10,4.32304149e-12,0.00595032657,0.0078125
0,226,1,0,7.1733175e-10,2.93678137e-11,0.0409403518,0.0078125
0,226,1,1,7.1733175e-10,4.85607388e-12,0.00676963478,0.0078125
0,227,1,0,7.08443526e-10,2.88532098e-11,0.0407276079,0.0078125
0,227,1,1,7.08443526e-10,5.36955029e-12,0.00757936249,0.0078125
0,228,1,0,6.99951097e-10,2.83751043e-11,0.0405386947,0.0078125
0,228,1,1,6.99951097e-10,5.83518477e-12,0.0083365608,0.0078125
0,228,1,2,6.99951097e-10,3.64072184e-12,0.00520139467,0.0078125
0,229,1,0,7.22246485e-10,3.01724583e-11,0.041775845,0.0078125
0,229,1,1,7.22246485e-10,3.77314976e-12,0.00522418553,0.0078125
0,230,1,0,7.1530154e-10,2.91337718e-11,0.0407293588,0.0078125
0,230,1,1,7.1530154e-10,4.23430908e-12,0.00591961388,0.0078125
0,231,1,0,7.06505021e-10,2.85763722e-11,0.0404475145,0.0078125
0,231,1,1,7.06505021e-10,4.73982745e-12,0.00670883758,0.0078125
0,232,1,0,6.97964242e-10,2.80846041e-11,0.040237885,0.0078125
0,232,1,1,6.97964242e-10,5.22809747e-12,0.00749049475,0.0078125
0,233,1,0,6.89795998e-10,2.76354477e-11,0.0400632173,0.0078125
0,233,1,1,6.89795998e-10,5.67543321e-12,0.0082276985,0.0078125
0,233,1,2,6.89795998e-10,3.59384766e-12,0.00521001546,0.0078125
0,234,1,0,7.11325721e-10,2.93604169e-11,0.0412756279,0.0078125
0,234,1,1,7.11325721e-10,3.71700327e-12,0.00522545865,0.0078125
0,235,1,0,7.04674874e-10,2.83615405e-11,0.0402476974,0.0078125
0,235,1,1,7.04674874e-10,4.15208362e-12,0.0058921976,0.0078125
0,236,1,0,6.9622258e-10,2.78327604e-11,0.0399768129,0.0078125
0,236,1,1,6.9622258e-10,4.62909789e-12,0.00664887624,0.0078125
0,237,1,0,6.88007262e-10,2.73666541e-11,0.039776694,0.0078125
0,237,1,1,6.88007262e-10,5.09582914e-12,0.00740665011,0.0078125
0,238,1,0,6.80149048e-10,2.69357384e-11,0.0396027006,0.0078125
0,238,1,1,6.80149048e-10,5.52537616e-12,0.00812377222,0.0078125
0,238,1,2,6.80149048e-10,3.54643702e-12,0.00521420548,0.0078125
0,239,1,0,7.00958402e-10,2.85973641e-11,0.0407975204,0.0078125
0,239,1,1,7.00958402e-10,3.66343327e-12,0.00522632059,0.0078125
0,240,1,0,6.94584945e-10,2.76387177e-11,0.0397917032,0.0078125
0,240,1,1,6.94584945e-10,4.07317279e-12,0.00586418249,0.0078125
0,241,1,0,6.86462109e-10,2.71320483e-11,0.0395244658,0.0078125
0,241,1,1,6.86462109e-10,4.52665076e-12,0.00659417408,0.0078125
0,242,1,0,6.78541556e-10,2.66922682e-11,0.0393377058,0.0078125
0,242,1,1,6.78541556e-10,4.97187274e-12,0.00732729305,0.0078125
0,243,1,0,6.70965117e-10,2.62805923e-11,0.0391683429,0.0078125
0,243,1,1,6.70965117e-10,5.38436353e-12,0.00802480429,0.0078125
0,243,1,2,6.70965117e-10,3.50161675e-12,0.00521877594,0.0078125
0,244,1,0,6.9110534e-10,2.78792718e-11,0.0403401181,0.0078125
0,244,1,1,6.9110534e-10,3.60942526e-12,0.0052226847,0.0078125
0,245,1,0,6.84986456e-10,2.69578249e-11,0.0393552668,0.0078125
0,245,1,1,6.84986456e-10,3.99507771e-12,0.00583234569,0.0078125
0,246,1,0,6.77158829e-10,2.64738769e-11,0.039095521,0.0078125
0,246,1,1,6.77158829e-10,4.4277932e-12,0.00653878087,0.0078125
0,247,1,0,6.6953848e-10,2.60528873e-11,0.0389117114,0.0078125
0,247,1,1,6.6953848e-10,4.85308148e-12,0.00724839792,0.0078125
0,248,1,0,6.62232325e-10,2.56601303e-11,0.038747929,0.0078125
0,248,1,1,6.62232325e-10,5.25191089e-12,0.00793061685,0.0078125
0,248,1,2,6.62232325e-10,3.45791169e-12,0.00522159925,0.0078125
0,249,1,0,6.81717904e-10,2.72027487e-11,0.0399032347,0.0078125
0,249,1,1,6.81717904e-10,3.55831879e-12,0.00521963509,0.0078125
0,250,1,0,6.75849543e-10,2.63131895e-11,0.0389335006,0.0078125
0,250,1,1,6.75849543e-10,3.92553221e-12,0.00580829289,0.0078125
0,251,1,0,6.68289646e-10,2.58533941e-11,0.0386859104,0.0078125
0,251,1,1,6.68289646e-10,4.3373651e-12,0.00649024732,0.0078125
0,252,1,0,6.60930755e-10,2.54526279e-11,0.0385102779,0.0078125
0,252,1,1,6.60930755e-10,4.74626935e-12,0.00718118995,0.0078125
0,253,1,0,6.53883447e-10,2.50743922e-11,0.0383468829,0.0078125
0,253,1,1,6.53883447e-10,5.12923298e-12,0.00784426183,0.0078125
0,253,1,2,6.53883447e-10,3.41610182e-12,0.00522432849,0.0078125
0,254,1,0,6.72773781e-10,2.65604032e-11,0.0394789502,0.0078125
0,254,1,1,6.72773781e-10,3.51157753e-12,0.00521955173,0.0078125
0,255,1,0,6.6710315e-10,2.57093583e-11,0.0385388061,0.0078125
0,255,1,1,6.6710315e-10,3.85952598e-12,0.0057855011,0.0078125
1,0,1,0,6.60737021e-10,6.50449139e-10,0.984429717,0.0078125
1,0,1,1,6.60737021e-10,6.40580033e-10,0.969493151,0.0078125
1,0,1,2,6.60737021e-10,6.40534459e-10,0.969424188,0.0078125
1,0,1,3,6.60737021e-10,6.20211549e-10,0.938666284,0.0078125
1,0,1,4,6.60737021e-10,6.19601037e-10,0.937742293,0.0078125
1,0,1,5,6.60737021e-10,5.33592726e-10,0.807572007,0.0078125
1,0,1,6,6.60737021e-10,5.07795472e-10,0.768528879,0.0078125
1,0,1,7,6.60737021e-10,3.67194913e-10,0.55573535,0.0078125
1,0,1,8,6.60737021e-10,2.64085781e-10,0.399683654,0.0078125
1,0,1,9,6.60737021e-10,1.6275821e-10,0.246328279,0.0078125
1,1,1,0,7.81166065e-08,1.37157592e-08,0.175580576,0.0078125
1,1,1,1,7.81166065e-08,4.32049596e-09,0.0553082898,0.0078125
1,1,1,2,7.81166065e-08,1.47155077e-09,0.0188378729,0.0078125
1,1,1,3,7.81166065e-08,4.35133429e-10,0.00557030644,0.0078125
1,2,1,0,9.41998977e-08,8.1635811e-08,0.866623163,0.0078125
1,2,1,1,9.41998977e-08,4.92402883e-08,0.522721231,0.0078125
1,2,1,2,9.41998977e-08,2.35278197e-08,0.249764815,0.0078125
1,2,1,3,9.41998977e-08,1.42224295e-08,0.150981367,0.0078125
1,2,1,4,9.41998977e-08,6.93818825e-09,0.0736538842,0.0078125
1,2,1,5,9.41998977e-08,3.69616404e-09,0.0392374545,0.0078125
1,2,1,6,9.41998977e-08,1.94132488e-09,0.0206085667,0.0078125
1,2,1,7,9.41998977e-08,1.08246334e-09,0.011491131,0.0078125
1,2,1,8,9.41998977e-08,6.23054275e-10,0.00661417143,0.0078125
1,3,1,0,1.28425469e-07,8.73697203e-08,0.6803146,0.0078125
1,3,1,1,1.28425469e-07,6.4963487e-08,0.505845845,0.0078125
1,3,1,2,1.28425469e-07,3.85841084e-08,0.300439686,0.0078125
1,3,1,3,1.28425469e-07,2.24351453e-08,0.174693897,0.0078125
1,3,1,4,1.28425469e-07,1.14931362e-08,0.0894926563,0.0078125
1,3,1,5,1.28425469e-07,5.96243499e-09,0.0464272015,0.0078125
1,3,1,6,1.28425469e-07,3.3278964e-09,0.025913056,0.0078125
1,3,1,7,1.28425469e-07,1.90758875e-09,0.0148536637,0.0078125
1,3,1,8,1.28425469e-07,1.09822784e-09,0.00855148025,0.0078125
1,3,1,9,1.28425469e-07,6.46837972e-10,0.00503668003,0.0078125
1,4,1,0,2.28495892e-07,1.45384391e-07,0.636267006,0.0078125
1,4,1,1,2.28495892e-07,9.61253122e-08,0.420687258,0.0078125
1,4,1,2,2.28495892e-07,4.91782686e-08,0.215226054,0.0078125
1,4,1,3,2.28495892e-07,2.71745346e-08,0.118927889,0.0078125
1,4,1,4,2.28495892e-07,1.34386466e-08,0.0588135161,0.0078125
1,4,1,5,2.28495892e-07,6.99584968e-09,0.0306169596,0.0078125
1,4,1,6,2.28495892e-07,3.6351504e-09,0.0159090403,0.0078125
1,4,1,7,2.28495892e-07,2.0285984e-09,0.00887805223,0.0078125
1,4,1,8,2.28495892e-07,1.17547705e-09,0.00514441216,0.0078125
1,5,1,0,1.28559819e-07,7.95920485e-08,0.61910516,0.0078125
1,5,1,1,1.28559819e-07,7.0069369e-08,0.545033216,0.0078125
1,5,1,2,1.28559819e-07,5.33101421e-08,0.414671868,0.0078125
1,5,1,3,1.28559819e-07,3.2123296e-08,0.24987042,0.0078125
1,5,1,4,1.28559819e-07,1.72835275e-08,0.134439573,0.0078125
1,5,1,5,1.28559819e-07,8.22029467e-09,0.0639413968,0.0078125
1,5,1,6,1.28559819e-07,4.46729187e-09,0.0347487405,0.0078125
1,5,1,7,1.28559819e-07,2.48499199e-09,0.0193294603,0.0078125
1,5,1,8,1.28559819e-07,1.38275935e-09,0.0107557662,0.0078125
1,5,1,9,1.28559819e-07,8.24297908e-10,0.00641178479,0.0078125
1,6,1,0,1.56281672e-07,1.50796623e-07,0.964902818,0.0078125
1,6,1,1,1.56281672e-07,1.24489361e-07,0.79657042,0.0078125
1,6,1,2,1.56281672e-07,5.34662057e-08,0.342114359,0.0078125
1,6,1,3,1.56281672e-07,2.84270136e-08,0.181896016,0.0078125
1,6,1,4,1.56281672e-07,1.3932941e-08,0.0891527534,0.0078125
1,6,1,5,1.56281672e-07,8.59832738e-09,0.0550181419,0.0078125
1,6,1,6,1.56281672e-07,5.0883644e-09,0.0325589329,0.0078125
1,6,1,7,1.56281672e-07,3.05200154e-09,0.0195288509,0.0078125
1,6,1,8,1.56281672e-07,1.8015397e-09,0.0115275178,0.0078125
1,6,1,9,1.56281672e-07,1.0711112e-09,0.0068537225,0.0078125
1,7,1,0,1.62813933e-07,1.37888549e-07,0.846908748,0.0078125
1,7,1,1,1.62813933e-07,1.21291038e-07,0.744967163,0.0078125
1,7,1,2,1.62813933e-07,5.71060568e-08,0.350744277,0.0078125
1,7,1,3,1.62813933e-07,3.16956204e-08,0.194673881,0.0078125
1,7,1,4,1.62813933e-07,1.63870251e-08,0.100648791,0.0078125
1,7,1,5,1.62813933e-07,9.86337056e-09,0.0605806299,0.0078125
1,7,1,6,1.62813933e-07,5.76024339e-09,0.0353793018,0.0078125
1,7,1,7,1.62813933e-07,3.32987837e-09,0.0204520486,0.0078125
1,7,1,8,1.62813933e-07,1.95324334e-09,0.0119967824,0.0078125
1,7,1,9,1.62813933e-07,1.1598037e-09,0.00712349173,0.0078125
1,8,1,0,1.65210594e-07,1.27519584e-07,0.771860838,0.0078125
1,8,1,1,1.65210594e-07,1.21876496e-07,0.73770386,0.0078125
1,8,1,2,1.65210594e-07,6.28181454e-08,0.380230725,0.0078125
1,8,1,3,1.65210594e-07,3.93033375e-08,0.237898409,0.0078125
1,8,1,4,1.65210594e-07,1.83458067e-08,0.111044981,0.0078125
1,8,1,5,1.65210594e-07,1.08891278e-08,0.0659105927,0.0078125
1,8,1,6,1.65210594e-07,6.54879617e-09,0.0396390818,0.0078125
1,8,1,7,1.65210594e-07,3.98368893e-09,0.0241127927,0.0078125
1,8,1,8,1.65210594e-07,2.32798736e-09,0.0140910298,0.0078125
1,8,1,9,1.65210594e-07,1.31779154e-09,0.00797643512,0.0078125
1,9,1,0,2.38270587e-07,1.51803604e-07,0.637105942,0.0078125
1,9,1,1,2.38270587e-07,1.2390278e-07,0.520008683,0.0078125
1,9,1,2,2.38270587e-07,7.59210792e-08,0.318633884,0.0078125
1,9,1,3,2.38270587e-07,4.75198441e-08,0.199436471,0.0078125
1,9,1,4,2.38270587e-07,2.776504e-08,0.116527349,0.0078125
1,9,1,5,2.38270587e-07,1.39062006e-08,0.0583630614,0.0078125
1,9,1,6,2.38270587e-07,7.78198572e-09,0.0326602869,0.0078125
1,9,1,7,2.38270587e-07,4.46805082e-09,0.0187520031,0.0078125
1,9,1,8,2.38270587e-07,2.5806024e-09,0.0108305542,0.0078125
1,9,1,9,2.38270587e-07,1.52739299e-09,0.0064103296,0.0078125
1,10,1,0,2.5548897e-07,2.13141703e-07,0.834250093,0.0078125
1,10,1,1,2.5548897e-07,1.71669143e-07,0.671923876,0.0078125
1,10,1,2,2.5548897e-07,8.14353243e-08,0.31874302,0.0078125
1,10,1,3,2.5548897e-07,4.8235119e-08,0.188795313,0.0078125
1,10,1,4,2.5548897e-07,2.55641179e-08,0.100059576,0.0078125
1,10,1,5,2.5548897e-07,1.30943416e-08,0.051252082,0.0078125
1,10,1,6,2.5548897e-07,7.29651095e-09,0.0285590049,0.0078125
1,10,1,7,2.5548897e-07,4.14206447e-09,0.0162123032,0.0078125
1,10,1,8,2.5548897e-07,2.50207854e-09,0.00979329366,0.0078125
1,10,1,9,2.5548897e-07,1.45610801e-09,0.00569929881,0.0078125
1,11,1,0,2.08888267e-07,1.49477515e-07,0.715586007,0.0078125
1,11,1,1,2.08888267e-07,1.37237706e-07,0.656990945,0.0078125
1,11,1,2,2.08888267e-07,7.08399881e-08,0.339128613,0.0078125
1,11,1,3,2.08888267e-07,4.34229399e-08,0.207876399,0.0078125
1,11,1,4,2.08888267e-07,2.4590733e-08,0.117721945,0.0078125
1,11,1,5,2.08888267e-07,1.39558374e-08,0.0668100566,0.0078125
1,11,1,6,2.08888267e-07,8.12411383e-09,0.0388921499,0.0078125
1,11,1,7,2.08888267e-07,4.60490801e-09,0.0220448375,0.0078125
1,11,1,8,2.08888267e-07,2.75081513e-09,0.0131688351,0.0078125
1,11,1,9,2.08888267e-07,1.57813296e-09,0.00755491434,0.0078125
1,12,1,0,3.16356733e-07,1.99092895e-07,0.629330337,0.0078125
1,12,1,1,3.16356733e-07,1.57556258e-07,0.498033524,0.0078125
1,12,1,2,3.16356733e-07,9.51313339e-08,0.300709069,0.0078125
1,12,1,3,3.16356733e-07,5.80626107e-08,0.183535248,0.0078125
1,12,1,4,3.16356733e-07,3.0226655e-08,0.0955461115,0.0078125
1,12,1,5,3.16356733e-07,1.52864388e-08,0.0483202562,0.0078125
1,12,1,6,3.16356733e-07,8.53730864e-09,0.0269863345,0.0078125
1,12,1,7,3.16356733e-07,4.71148454e-09,0.0148929488,0.0078125
1,12,1,8,3.16356733e-07,2.75678724e-09,0.00871417299,0.0078125
1,12,1,9,3.16356733e-07,1.6197973e-09,0.00512016052,0.0078125
1,13,1,0,2.52475473e-07,1.61788194e-07,0.640807569,0.0078125
1,13,1,1,2.52475473e-07,1.32160508e-07,0.523458779,0.0078125
1,13,1,2,2.52475473e-07,7.55672858e-08,0.299305439,0.0078125
1,13,1,3,2.52475473e-07,4.88969718e-08,0.193670183,0.0078125
1,13,1,4,2.52475473e-07,2.92861202e-08,0.115995899,0.0078125
1,13,1,5,2.52475473e-07,1.58541393e-08,0.0627947673,0.0078125
1,13,1,6,2.52475473e-07,8.82177886e-09,0.0349411331,0.0078125
1,13,1,7,2.52475473e-07,5.20164933e-09,0.0206025932,0.0078125
1,13,1,8,2.52475473e-07,3.04656345e-09,0.0120667703,0.0078125
1,13,1,9,2.52475473e-07,1.75291559e-09,0.00694291433,0.0078125
1,14,1,0,3.95305676e-07,2.4001514e-07,0.607163429,0.0078125
1,14,1,1,3.95305676e-07,1.8177559e-07,0.459835529,0.0078125
1,14,1,2,3.95305676e-07,1.08192992e-07,0.273694515,0.0078125
1,14,1,3,3.95305676e-07,6.44625189e-08,0.163070053,0.0078125
1,14,1,4,3.95305676e-07,3.30060317e-08,0.0834949613,0.0078125
1,14,1,5,3.95305676e-07,1.69636625e-08,0.0429127738,0.0078125
1,14,1,6,3.95305676e-07,9.58173363e-09,0.024238795,0.0078125
1,14,1,7,3.95305676e-07,5.50065993e-09,0.013914953,0.0078125
1,14,1,8,3.95305676e-07,3.22670624e-09,0.00816255994,0.0078125
1,14,1,9,3.95305676e-07,1.89670946e-09,0.0047980831,0.0078125
1,15,1,0,2.67631407e-07,1.77599105e-07,0.663595915,0.0078125
1,15,1,1,2.67631407e-07,1.40296706e-07,0.524216175,0.0078125
1,15,1,2,2.67631407e-07,8.38287804e-08,0.313224763,0.0078125
1,15,1,3,2.67631407e-07,5.26166062e-08,0.196601018,0.0078125
1,15,1,4,2.67631407e-07,2.94481168e-08,0.110032365,0.0078125
1,15,1,5,2.67631407e-07,1.51142192e-08,0.0564740114,0.0078125
1,15,1,6,2.67631407e-07,8.52815596e-09,0.0318653025,0.0078125
1,15,1,7,2.67631407e-07,4.87018426e-09,0.0181973577,0.0078125
1,15,1,8,2.67631407e-07,2.79452772e-09,0.0104417028,0.0078125
1,15,1,9,2.67631407e-07,1.66194669e-09,0.00620983448,0.0078125
1,16,1,0,3.70207886e-07,1.97502871e-07,0.53349179,0.0078125
1,16,1,1,3.70207886e-07,1.3364064e-07,0.36098811,0.0078125
1,16,1,2,3.70207886e-07,9.66112026e-08,0.260964721,0.0078125
1,16,1,3,3.70207886e-07,6.19678531e-08,0.167386636,0.0078125
1,16,1,4,3.70207886e-07,3.20541247e-08,0.086584121,0.0078125
1,16,1,5,3.70207886e-07,1.63612928e-08,0.0441948809,0.0078125
1,16,1,6,3.70207886e-07,9.17655552e-09,0.024787575,0.0078125
1,16,1,7,3.70207886e-07,5.42908918e-09,0.0146649741,0.0078125
1,16,1,8,3.70207886e-07,3.14719673e-09,0.00850116089,0.0078125
1,16,1,9,3.70207886e-07,1.75866055e-09,0.00475046737,0.0078125
1,17,1,0,3.02186891e-07,1.81749812e-07,0.601448357,0.0078125
1,17,1,1,3.02186891e-07,1.29033026e-07,0.426997423,0.0078125
1,17,1,2,3.02186891e-07,8.79552289e-08,0.291062355,0.0078125
1,17,1,3,3.02186891e-07,5.793299e-08,0.191712454,0.0078125
1,17,1,4,3.02186891e-07,3.19940909e-08,0.105875179,0.0078125
1,17,1,5,3.02186891e-07,1.65160738e-08,0.0546551645,0.0078125
1,17,1,6,3.02186891e-07,9.50092893e-09,0.031440571,0.0078125
1,17,1,7,3.02186891e-07,5.61332181e-09,0.0185756627,0.0078125
1,17,1,8,3.02186891e-07,3.33048655e-09,0.0110212807,0.0078125
1,17,1,9,3.02186891e-07,1.92863747e-09,0.00638226699,0.0078125
1,18,1,0,3.14241021e-07,1.77292435e-07,0.564192533,0.0078125
1,18,1,1,3.14241021e-07,1.27253671e-07,0.404955626,0.0078125
1,18,1,2,3.14241021e-07,9.13341012e-08,0.290649831,0.0078125
1,18,1,3,3.14241021e-07,6.04369461e-08,0.192326725,0.0078125
1,18,1,4,3.14241021e-07,3.21895648e-08,0.102435909,0.0078125
1,18,1,5,3.14241021e-07,1.67800849e-08,0.0533987731,0.0078125
1,18,1,6,3.14241021e-07,9.68556169e-09,0.0308220796,0.0078125
1,18,1,7,3.14241021e-07,5.55273383e-09,0.0176703017,0.0078125
1,18,1,8,3.14241021e-07,3.28192162e-09,0.0104439631,0.0078125
1,18,1,9,3.14241021e-07,1.83981741e-09,0.00585479708,0.0078125
1,19,1,0,3.71218249e-07,2.05803445e-07,0.554400146,0.0078125
1,19,1,1,3.71218249e-07,1.31619558e-07,0.35456112,0.0078125
1,19,1,2,3.71218249e-07,9.29008053e-08,0.25025925,0.0078125
1,19,1,3,3.71218249e-07,6.21302263e-08,0.167368457,0.0078125
1,19,1,4,3.71218249e-07,3.47680071e-08,0.0936592072,0.0078125
1,19,1,5,3.71218249e-07,1.75173405e-08,0.0471887924,0.0078125
1,19,1,6,3.71218249e-07,9.6144781e-09,0.0258997995,0.0078125
1,19,1,7,3.71218249e-07,5.51354651e-09,0.0148525741,0.0078125
1,19,1,8,3.71218249e-07,3.15817772e-09,0.00850760378,0.0078125
1,19,1,9,3.71218249e-07,1.853388e-09,0.00499271788,0.0078125
1,20,1,0,4.6777123e-07,2.33659662e-07,0.499516964,0.0078125
1,20,1,1,4.6777123e-07,1.33997148e-07,0.286458731,0.0078125
1,20,1,2,4.6777123e-07,9.65705951e-08,0.206448346,0.0078125
1,20,1,3,4.6777123e-07,6.76130441e-08,0.144542977,0.0078125
1,20,1,4,4.6777123e-07,3.64619837e-08,0.0779483244,0.0078125
1,20,1,5,4.6777123e-07,1.88002058e-08,0.0401910245,0.0078125
1,20,1,6,4.6777123e-07,1.00508926e-08,0.0214867704,0.0078125
1,20,1,7,4.6777123e-07,6.07866113e-09,0.0129949441,0.0078125
1,20,1,8,4.6777123e-07,3.53881702e-09,0.00756527297,0.0078125
1,21,1,0,4.24029338e-07,1.94566056e-07,0.458850443,0.0078125
1,21,1,1,4.24029338e-07,1.27307899e-07,0.300233692,0.0078125
1,21,1,2,4.24029338e-07,1.0001672e-07,0.235872164,0.0078125
1,21,1,3,4.24029338e-07,6.91307633e-08,0.163032979,0.0078125
1,21,1,4,4.24029338e-07,3.83805698e-08,0.0905139521,0.0078125
1,21,1,5,4.24029338e-07,1.84581808e-08,0.0435304344,0.0078125
1,21,1,6,4.24029338e-07,1.06861808e-08,0.0252015125,0.0078125
1,21,1,7,4.24029338e-07,6.32226183e-09,0.0149099631,0.0078125
1,21,1,8,4.24029338e-07,3.66581299e-09,0.00864518713,0.0078125
1,21,1,9,4.24029338e-07,2.10980788e-09,0.00497561786,0.0078125
1,22,1,0,4.08672946e-07,2.21473911e-07,0.541934371,0.0078125
1,22,1,1,4.08672946e-07,1.48445778e-07,0.363238573,0.0078125
1,22,1,2,4.08672946e-07,1.13335268e-07,0.277325094,0.0078125
1,22,1,3,4.08672946e-07,7.29848395e-08,0.178589851,0.0078125
1,22,1,4,4.08672946e-07,3.91268955e-08,0.095741339,0.0078125
1,22,1,5,4.08672946e-07,1.96559178e-08,0.0480969399,0.0078125
1,22,1,6,4.08672946e-07,1.09537082e-08,0.0268031154,0.0078125
1,22,1,7,4.08672946e-07,6.52848131e-09,0.0159748308,0.0078125
1,22,1,8,4.08672946e-07,3.80841314e-09,0.00931897573,0.0078125
1,22,1,9,4.08672946e-07,2.22875274e-09,0.00545363408,0.0078125
1,23,1,0,4.41099274e-07,2.29725558e-07,0.520802379,0.0078125
1,23,1,1,4.41099274e-07,1.40039575e-07,0.317478597,0.0078125
1,23,1,2,4.41099274e-07,1.03240716e-07,0.234053239,0.0078125
1,23,1,3,4.41099274e-07,7.02537619e-08,0.159269735,0.0078125
1,23,1,4,4.41099274e-07,3.9931404e-08,0.0905270204,0.0078125
1,23,1,5,4.41099274e-07,2.08685744e-08,0.0473103821,0.0078125
1,23,1,6,4.41099274e-07,1.16204086e-08,0.0263442025,0.0078125
1,23,1,7,4.41099274e-07,6.7476762e-09,0.0152974091,0.0078125
1,23,1,8,4.41099274e-07,3.98644628e-09,0.00903752632,0.0078125
1,23,1,9,4.41099274e-07,2.34032771e-09,0.00530567113,0.0078125
1,24,1,0,4.57027909e-07,2.41827195e-07,0.529130042,0.0078125
1,24,1,1,4.57027909e-07,1.6378938e-07,0.358379394,0.0078125
1,24,1,2,4.57027909e-07,1.21422829e-07,0.26567924,0.0078125
1,24,1,3,4.57027909e-07,7.94725281e-08,0.173889875,0.0078125
1,24,1,4,4.57027909e-07,4.40290577e-08,0.0963377878,0.0078125
1,24,1,5,4.57027909e-07,2.26266454e-08,0.0495082363,0.0078125
1,24,1,6,4.57027909e-07,1.22053763e-08,0.0267059766,0.0078125
1,24,1,7,4.57027909e-07,7.02882685e-09,0.0153794261,0.0078125
1,24,1,8,4.57027909e-07,4.01987865e-09,0.00879569631,0.0078125
1,24,1,9,4.57027909e-07,2.37712428e-09,0.00520126708,0.0078125
1,25,1,0,4.42029091e-07,2.31458998e-07,0.523628414,0.0078125
1,25,1,1,4.42029091e-07,1.47454685e-07,0.333585918,0.0078125
1,25,1,2,4.42029091e-07,1.06006709e-07,0.239818394,0.0078125
1,25,1,3,4.42029091e-07,7.10987109e-08,0.160846218,0.0078125
1,25,1,4,4.42029091e-07,4.19729815e-08,0.0949552506,0.0078125
1,25,1,5,4.42029091e-07,2.11568931e-08,0.0478631221,0.0078125
1,25,1,6,4.42029091e-07,1.13927427e-08,0.0257737394,0.0078125
1,25,1,7,4.42029091e-07,6.49097265e-09,0.0146844918,0.0078125
1,25,1,8,4.42029091e-07,3.74734954e-09,0.00847760867,0.0078125
1,25,1,9,4.42029091e-07,2.18367124e-09,0.00494010746,0.0078125
1,26,1,0,4.6108488e-07,2.07157839e-07,0.44928351,0.0078125
1,26,1,1,4.6108488e-07,1.4154412e-07,0.30698061,0.0078125
1,26,1,2,4.6108488e-07,1.15637327e-07,0.250794023,0.0078125
1,26,1,3,4.6108488e-07,8.10097731e-08,0.17569384,0.0078125
1,26,1,4,4.6108488e-07,4.55693865e-08,0.0988307968,0.0078125
1,26,1,5,4.6108488e-07,2.35180835e-08,0.0510059744,0.0078125
1,26,1,6,4.6108488e-07,1.26064386e-08,0.0273408201,0.0078125
1,26,1,7,4.6108488e-07,7.38150918e-09,0.0160090029,0.0078125
1,26,1,8,4.6108488e-07,4.26233004e-09,0.00924413279,0.0078125
1,26,1,9,4.6108488e-07,2.50382892e-09,0.00543029932,0.0078125
1,27,1,0,4.94882386e-07,2.35449207e-07,0.475768,0.0078125
1,27,1,1,4.94882386e-07,1.53797686e-07,0.310776234,0.0078125
1,27,1,2,4.94882386e-07,1.2004746e-07,0.242577761,0.0078125
1,27,1,3,4.94882386e-07,7.87163046e-08,0.159060627,0.0078125
1,27,1,4,4.94882386e-07,4.57779734e-08,0.0925027356,0.0078125
1,27,1,5,4.94882386e-07,2.45592222e-08,0.0496263802,0.0078125
1,27,1,6,4.94882386e-07,1.36589042e-08,0.0276003033,0.0078125
1,27,1,7,4.94882386e-07,7.95366173e-09,0.0160718225,0.0078125
1,27,1,8,4.94882386e-07,4.56769511e-09,0.00922986027,0.0078125
1,27,1,9,4.94882386e-07,2.79814127e-09,0.00565415388,0.0078125
1,28,1,0,4.69058193e-07,2.9736583e-07,0.633963645,0.0078125
1,28,1,1,4.69058193e-07,2.08829405e-07,0.44521001,0.0078125
1,28,1,2,4.69058193e-07,1.2800156e-07,0.272890568,0.0078125
1,28,1,3,4.69058193e-07,6.87337334e-08,0.14653562,0.0078125
1,28,1,4,4.69058193e-07,4.1600817e-08,0.0886900946,0.0078125
1,28,1,5,4.69058193e-07,2.43630662e-08,0.0519403927,0.0078125
1,28,1,6,4.69058193e-07,1.38003875e-08,0.0294214822,0.0078125
1,28,1,7,4.69058193e-07,7.9736715e-09,0.0169993229,0.0078125
1,28,1,8,4.69058193e-07,4.55465843e-09,0.00971022062,0.0078125
1,28,1,9,4.69058193e-07,2.7515703e-09,0.00586615968,0.0078125
1,29,1,0,5.05427522e-07,2.52368096e-07,0.499316096,0.0078125
1,29,1,1,5.05427522e-07,1.74644526e-07,0.345538229,0.0078125
1,29,1,2,5.05427522e-07,1.32458979e-07,0.262073129,0.0078125
1,29,1,3,5.05427522e-07,8.62603997e-08,0.170668185,0.0078125
1,29,1,4,5.05427522e-07,4.73580677e-08,0.0936990306,0.0078125
1,29,1,5,5.05427522e-07,2.45037057e-08,0.0484811477,0.0078125
1,29,1,6,5.05427522e-07,1.33029268e-08,0.0263201464,0.0078125
1,29,1,7,5.05427522e-07,7.63935493e-09,0.0151146399,0.0078125
1,29,1,8,5.05427522e-07,4.34974812e-09,0.00860607717,0.0078125
1,29,1,9,5.05427522e-07,2.59655897e-09,0.00513735181,0.0078125
1,30,1,0,5.25699022e-07,2.80055502e-07,0.532729745,0.0078125
1,30,1,1,5.25699022e-07,1.85128883e-07,0.352157563,0.0078125
1,30,1,2,5.25699022e-07,1.19447265e-07,0.227216065,0.0078125
1,30,1,3,5.25699022e-07,7.38982422e-08,0.140571386,0.0078125
1,30,1,4,5.25699022e-07,4.42748487e-08,0.0842209086,0.0078125
1,30,1,5,5.25699022e-07,2.37295197e-08,0.0451389849,0.0078125
1,30,1,6,5.25699022e-07,1.37251224e-08,0.0261083283,0.0078125
1,30,1,7,5.25699022e-07,7.77081244e-09,0.0147818662,0.0078125
1,30,1,8,5.25699022e-07,4.3949222e-09,0.00836014934,0.0078125
1,30,1,9,5.25699022e-07,2.54159338e-09,0.00483469293,0.0078125
1,31,1,0,4.9725935e-07,2.9315521e-07,0.589541852,0.0078125
1,31,1,1,4.9725935e-07,1.95066605e-07,0.39228344,0.0078125
1,31,1,2,4.9725935e-07,1.27459543e-07,0.256324083,0.0078125
1,31,1,3,4.9725935e-07,7.02250205e-08,0.141224131,0.0078125
1,31,1,4,4.9725935e-07,4.02962854e-08,0.081036754,0.0078125
1,31,1,5,4.9725935e-07,2.4367008e-08,0.0490026139,0.0078125
1,31,1,6,4.9725935e-07,1.38849385e-08,0.0279229302,0.0078125
1,31,1,7,4.9725935e-07,8.18562906e-09,0.0164614879,0.0078125
1,31,1,8,4.9725935e-07,4.60883154e-09,0.00926846638,0.0078125
1,31,1,9,4.9725935e-07,2.76016965e-09,0.0055507645,0.0078125
1,32,1,0,5.12244981e-07,2.78607956e-07,0.5438959,0.0078125
1,32,1,1,5.12244981e-07,2.04799676e-07,0.399808079,0.0078125
1,32,1,2,5.12244981e-07,1.45312939e-07,0.283678591,0.0078125
1,32,1,3,5.12244981e-07,8.97414978e-08,0.175192535,0.0078125
1,32,1,4,5.12244981e-07,5.1143239e-08,0.0998413637,0.0078125
1,32,1,5,5.12244981e-07,2.59552309e-08,0.0506695658,0.0078125
1,32,1,6,5.12244981e-07,1.47936232e-08,0.0288799778,0.0078125
1,32,1,7,5.12244981e-07,8.49708837e-09,0.0165879391,0.0078125
1,32,1,8,5.12244981e-07,4.84271601e-09,0.00945390668,0.0078125
1,32,1,9,5.12244981e-07,2.90805868e-09,0.00567708584,0.0078125
1,33,1,0,5.38414668e-07,2.87954236e-07,0.534818709,0.0078125
1,33,1,1,5.38414668e-07,1.93925459e-07,0.36017862,0.0078125
1,33,1,2,5.38414668e-07,1.26023906e-07,0.234064773,0.0078125
1,33,1,3,5.38414668e-07,7.6144012e-08,0.141422614,0.0078125
1,33,1,4,5.38414668e-07,4.00813249e-08,0.0744432285,0.0078125
1,33,1,5,5.38414668e-07,2.50995527e-08,0.0466175117,0.0078125
1,33,1,6,5.38414668e-07,1.39812837e-08,0.0259675011,0.0078125
1,33,1,7,5.38414668e-07,8.17568591e-09,0.0151847387,0.0078125
1,33,1,8,5.38414668e-07,4.56907445e-09,0.00848616287,0.0078125
1,33,1,9,5.38414668e-07,2.71793144e-09,0.00504802633,0.0078125
1,34,1,0,5.33247658e-07,2.77706022e-07,0.520782471,0.0078125
1,34,1,1,5.33247658e-07,1.84849014e-07,0.34664759,0.0078125
1,34,1,2,5.33247658e-07,1.362055e-07,0.255426347,0.0078125
1,34,1,3,5.33247658e-07,9.13123159e-08,0.171238095,0.0078125
1,34,1,4,5.33247658e-07,5.07083016e-08,0.0950933397,0.0078125
1,34,1,5,5.33247658e-07,2.60792881e-08,0.04890652,0.0078125
1,34,1,6,5.33247658e-07,1.47395047e-08,0.0276410114,0.0078125
1,34,1,7,5.33247658e-07,8.70690098e-09,0.0163280629,0.0078125
1,34,1,8,5.33247658e-07,4.8237041e-09,0.00904589798,0.0078125
1,34,1,9,5.33247658e-07,2.76811796e-09,0.00519105513,0.0078125
1,35,1,0,4.53583738e-07,2.53166064e-07,0.558146238,0.0078125
1,35,1,1,4.53583738e-07,1.81141402e-07,0.399356037,0.0078125
1,35,1,2,4.53583738e-07,1.2814597e-07,0.282518893,0.0078125
1,35,1,3,4.53583738e-07,7.57067866e-08,0.16690807,0.0078125
1,35,1,4,4.53583738e-07,4.39322214e-08,0.0968558118,0.0078125
1,35,1,5,4.53583738e-07,2.55014143e-08,0.0562220663,0.0078125
1,35,1,6,4.53583738e-07,1.47842139e-08,0.0325942338,0.0078125
1,35,1,7,4.53583738e-07,8.571722e-09,0.0188977718,0.0078125
1,35,1,8,4.53583738e-07,4.72844297e-09,0.0104246307,0.0078125
1,35,1,9,4.53583738e-07,2.79482171e-09,0.00616164459,0.0078125
1,36,1,0,5.67352117e-07,2.92317822e-07,0.515231729,0.0078125
1,36,1,1,5.67352117e-07,1.86789066e-07,0.329229534,0.0078125
1,36,1,2,5.67352117e-07,1.33915904e-07,0.236036673,0.0078125
1,36,1,3,5.67352117e-07,9.12578031e-08,0.160848618,0.0078125
1,36,1,4,5.67352117e-07,5.2059498e-08,0.0917587057,0.0078125
1,36,1,5,5.67352117e-07,2.69822333e-08,0.0475581773,0.0078125
1,36,1,6,5.67352117e-07,1.45209027e-08,0.0255941637,0.0078125
1,36,1,7,5.67352117e-07,8.77025208e-09,0.0154582169,0.0078125
1,36,1,8,5.67352117e-07,4.93001906e-09,0.00868952274,0.0078125
1,36,1,9,5.67352117e-07,2.82008328e-09,0.00497060502,0.0078125
1,37,1,0,5.00180079e-07,2.36561604e-07,0.472952873,0.0078125
1,37,1,1,5.00180079e-07,1.72740471e-07,0.345356554,0.0078125
1,37,1,2,5.00180079e-07,1.29553499e-07,0.259013712,0.0078125
1,37,1,3,5.00180079e-07,9.16914189e-08,0.183316812,0.0078125
1,37,1,4,5.00180079e-07,5.28319681e-08,0.105625898,0.0078125
1,37,1,5,5.00180079e-07,2.78721739e-08,0.0557242781,0.0078125
1,37,1,6,5.00180079e-07,1.51262629e-08,0.0302416347,0.0078125
1,37,1,7,5.00180079e-07,8.79448425e-09,0.0175826363,0.0078125
1,37,1,8,5.00180079e-07,4.91052266e-09,0.00981750991,0.0078125
1,37,1,9,5.00180079e-07,2.88142865e-09,0.0057607824,0.0078125
1,38,1,0,5.70957184e-07,2.80780881e-07,0.491772205,0.0078125
1,38,1,1,5.70957184e-07,1.70360394e-07,0.298376828,0.0078125
1,38,1,2,5.70957184e-07,1.19735958e-07,0.209710926,0.0078125
1,38,1,3,5.70957184e-07,8.13419661e-08,0.142465964,0.0078125
1,38,1,4,5.70957184e-07,4.97433277e-08,0.0871226937,0.0078125
1,38,1,5,5.70957184e-07,2.71996612e-08,0.0476387069,0.0078125
1,38,1,6,5.70957184e-07,1.48411434e-08,0.025993444,0.0078125
1,38,1,7,5.70957184e-07,8.76406059e-09,0.0153497681,0.0078125
1,38,1,8,5.70957184e-07,4.89152052e-09,0.00856722798,0.0078125
1,38,1,9,5.70957184e-07,2.95125568e-09,0.00516896136,0.0078125
1,39,1,0,5.35679874e-07,2.58774946e-07,0.483077586,0.0078125
1,39,1,1,5.35679874e-07,1.8773801e-07,0.350466788,0.0078125
1,39,1,2,5.35679874e-07,1.31558522e-07,0.245591685,0.0078125
1,39,1,3,5.35679874e-07,7.99525566e-08,0.149254367,0.0078125
1,39,1,4,5.35679874e-07,4.75684807e-08,0.0888001993,0.0078125
1,39,1,5,5.35679874e-07,2.80987802e-08,0.0524544269,0.0078125
1,39,1,6,5.35679874e-07,1.5462696e-08,0.0288655534,0.0078125
1,39,1,7,5.35679874e-07,9.16598264e-09,0.0171109326,0.0078125
1,39,1,8,5.35679874e-07,5.06368281e-09,0.00945281517,0.0078125
1,39,1,9,5.35679874e-07,2.97677749e-09,0.00555700809,0.0078125
1,40,1,0,5.65599009e-07,2.76602123e-07,0.489042789,0.0078125
1,40,1,1,5.65599009e-07,1.81672831e-07,0.321204305,0.0078125
1,40,1,2,5.65599009e-07,1.25940261e-07,0.222667053,0.0078125
1,40,1,3,5.65599009e-07,9.08868358e-08,0.160691291,0.0078125
1,40,1,4,5.65599009e-07,5.44573879e-08,0.0962826759,0.0078125
1,40,1,5,5.65599009e-07,2.89689286e-08,0.0512181371,0.0078125
1,40,1,6,5.65599009e-07,1.5586842e-08,0.0275581144,0.0078125
1,40,1,7,5.65599009e-07,8.99538311e-09,0.0159041714,0.0078125
1,40,1,8,5.65599009e-07,5.08114661e-09,0.00898365583,0.0078125
1,40,1,9,5.65599009e-07,2.89999758e-09,0.0051273033,0.0078125
1,41,1,0,6.38048732e-07,3.3232692e-07,0.520848811,0.0078125
1,41,1,1,6.38048732e-07,1.85486073e-07,0.290708303,0.0078125
1,41,1,2,6.38048732e-07,1.23981039e-07,0.194312811,0.0078125
1,41,1,3,6.38048732e-07,8.59313687e-08,0.134678379,0.0078125
1,41,1,4,6.38048732e-07,5.35048201e-08,0.0838569477,0.0078125
1,41,1,5,6.38048732e-07,2.95987608e-08,0.0463894978,0.0078125
1,41,1,6,6.38048732e-07,1.57878723e-08,0.024743991,0.0078125
1,41,1,7,6.38048732e-07,9.13442211e-09,0.0143161826,0.0078125
1,41,1,8,6.38048732e-07,5.35748024e-09,0.00839666277,0.0078125
1,41,1,9,6.38048732e-07,3.11601345e-09,0.00488366047,0.0078125
1,42,1,0,6.02733962e-07,3.20801888e-07,0.532244563,0.0078125
1,42,1,1,6.02733962e-07,2.03756613e-07,0.338053972,0.0078125
1,42,1,2,6.02733962e-07,1.41907563e-07,0.235439792,0.0078125
1,42,1,3,6.02733962e-07,9.93263498e-08,0.164793015,0.0078125
1,42,1,4,6.02733962e-07,5.66765941e-08,0.0940325186,0.0078125
1,42,1,5,6.02733962e-07,3.11352331e-08,0.0516566746,0.0078125
1,42,1,6,6.02733962e-07,1.63829093e-08,0.0271809958,0.0078125
1,42,1,7,6.02733962e-07,9.46585033e-09,0.0157048572,0.0078125
1,42,1,8,6.02733962e-07,5.18178034e-09,0.00859712716,0.0078125
1,42,1,9,6.02733962e-07,3.07844572e-09,0.00510747032,0.0078125
1,43,1,0,5.97967357e-07,3.32414345e-07,0.55590719,0.0078125
1,43,1,1,5.97967357e-07,2.15979981e-07,0.361190259,0.0078125
1,43,1,2,5.97967357e-07,1.41117681e-07,0.23599562,0.0078125
1,43,1,3,5.97967357e-07,8.69041727e-08,0.145332634,0.0078125
1,43,1,4,5.97967357e-07,4.62122607e-08,0.0772822499,0.0078125
1,43,1,5,5.97967357e-07,2.71944778e-08,0.0454781987,0.0078125
1,43,1,6,5.97967357e-07,1.60289222e-08,0.0268056802,0.0078125
1,43,1,7,5.97967357e-07,9.40164657e-09,0.0157226752,0.0078125
1,43,1,8,5.97967357e-07,5.40990763e-09,0.00904716179,0.0078125
1,43,1,9,5.97967357e-07,3.19692317e-09,0.00534631731,0.0078125
1,44,1,0,6.42358714e-07,3.43178243e-07,0.534247041,0.0078125
1,44,1,1,6.42358714e-07,2.12492793e-07,0.330800831,0.0078125
1,44,1,2,6.42358714e-07,1.41114654e-07,0.219682008,0.0078125
1,44,1,3,6.42358714e-07,1.00156647e-07,0.155920118,0.0078125
1,44,1,4,6.42358714e-07,5.78727359e-08,0.0900941119,0.0078125
1,44,1,5,6.42358714e-07,3.12794697e-08,0.0486947075,0.0078125
1,44,1,6,6.42358714e-07,1.71055969e-08,0.0266293529,0.0078125
1,44,1,7,6.42358714e-07,9.81393011e-09,0.0152779594,0.0078125
1,44,1,8,6.42358714e-07,5.58743496e-09,0.00869830977,0.0078125
1,44,1,9,6.42358714e-07,3.34720585e-09,0.00521080475,0.0078125
1,45,1,0,6.00882117e-07,3.22403281e-07,0.536549985,0.0078125
1,45,1,1,6.00882117e-07,1.91378234e-07,0.318495482,0.0078125
1,45,1,2,6.00882117e-07,1.37149073e-07,0.228246227,0.0078125
1,45,1,3,6.00882117e-07,9.70799334e-08,0.161562353,0.0078125
1,45,1,4,6.00882117e-07,5.86556688e-08,0.0976159349,0.0078125
1,45,1,5,6.00882117e-07,3.29154481e-08,0.0547785461,0.0078125
1,45,1,6,6.00882117e-07,1.76075297e-08,0.0293028019,0.0078125
1,45,1,7,6.00882117e-07,9.77634418e-09,0.0162699874,0.0078125
1,45,1,8,6.00882117e-07,5.57400481e-09,0.00927636959,0.0078125
1,45,1,9,6.00882117e-07,3.31548144e-09,0.00551769044,0.0078125
1,46,1,0,6.55859935e-07,3.33090298e-07,0.507868052,0.0078125
1,46,1,1,6.55859935e-07,2.14294545e-07,0.326738268,0.0078125
1,46,1,2,6.55859935e-07,1.52281459e-07,0.232185945,0.0078125
1,46,1,3,6.55859935e-07,1.08259215e-07,0.165064529,0.0078125
1,46,1,4,6.55859935e-07,6.26011314e-08,0.0954489335,0.0078125
1,46,1,5,6.55859935e-07,3.33127872e-08,0.0507925339,0.0078125
1,46,1,6,6.55859935e-07,1.76197066e-08,0.0268650446,0.0078125
1,46,1,7,6.55859935e-07,9.82353487e-09,0.0149780987,0.0078125
1,46,1,8,6.55859935e-07,5.62957236e-09,0.00858349819,0.0078125
1,46,1,9,6.55859935e-07,3.37234551e-09,0.00514186826,0.0078125
1,47,1,0,7.05129651e-07,3.4456508e-07,0.488654941,0.0078125
1,47,1,1,7.05129651e-07,2.09194624e-07,0.296675414,0.0078125
1,47,1,2,7.05129651e-07,1.53837718e-07,0.218169406,0.0078125
1,47,1,3,7.05129651e-07,9.33940001e-08,0.132449403,0.0078125
1,47,1,4,7.05129651e-07,4.72290154e-08,0.0669791922,0.0078125
1,47,1,5,7.05129651e-07,2.61534971e-08,0.0370903388,0.0078125
1,47,1,6,7.05129651e-07,1.50303272e-08,0.0213156939,0.0078125
1,47,1,7,7.05129651e-07,9.7651256e-09,0.013848695,0.0078125
1,47,1,8,7.05129651e-07,5.72178527e-09,0.00811451487,0.0078125
1,47,1,9,7.05129651e-07,3.52396756e-09,0.00499761663,0.0078125
1,48,1,0,6.70176689e-07,3.25258327e-07,0.485332191,0.0078125
1,48,1,1,6.70176689e-07,2.00367751e-07,0.298977494,0.0078125
1,48,1,2,6.70176689e-07,1.48572511e-07,0.221691549,0.0078125
1,48,1,3,6.70176689e-07,1.11083764e-07,0.165752947,0.0078125
1,48,1,4,6.70176689e-07,6.59159483e-08,0.0983560756,0.0078125
1,48,1,5,6.70176689e-07,3.62152939e-08,0.0540384278,0.0078125
1,48,1,6,6.70176689e-07,1.94169605e-08,0.0289728977,0.0078125
1,48,1,7,6.70176689e-07,1.09959002e-08,0.0164074637,0.0078125
1,48,1,8,6.70176689e-07,6.26658014e-09,0.00935063884,0.0078125
1,48,1,9,6.70176689e-07,3.747191e-09,0.00559134781,0.0078125
1,49,1,0,6.28372106e-07,3.0538979e-07,0.486001492,0.0078125
1,49,1,1,6.28372106e-07,2.0666775e-07,0.3288939,0.0078125
1,49,1,2,6.28372106e-07,1.58524841e-07,0.252278596,0.0078125
1,49,1,3,6.28372106e-07,1.18250995e-07,0.188186258,0.0078125
1,49,1,4,6.28372106e-07,6.40684519e-08,0.101959415,0.0078125
1,49,1,5,6.28372106e-07,3.56770862e-08,0.0567770042,0.0078125
1,49,1,6,6.28372106e-07,1.86214244e-08,0.02963439,0.0078125
1,49,1,7,6.28372106e-07,1.1019063e-08,0.0175358877,0.0078125
1,49,1,8,6.28372106e-07,6.09830897e-09,0.00970493257,0.0078125
1,49,1,9,6.28372106e-07,3.64972097e-09,0.00580821605,0.0078125
1,50,1,0,7.7499169e-07,3.72035288e-07,0.480050683,0.0078125
1,50,1,1,7.7499169e-07,2.2773132e-07,0.293850005,0.0078125
1,50,1,2,7.7499169e-07,1.69260787e-07,0.218403354,0.0078125
1,50,1,3,7.7499169e-07,1.15421365e-07,0.148932397,0.0078125
1,50,1,4,7.7499169e-07,6.68794229e-08,0.0862969533,0.0078125
1,50,1,5,7.7499169e-07,3.80220726e-08,0.0490612648,0.0078125
1,50,1,6,7.7499169e-07,1.99029895e-08,0.0256815515,0.0078125
1,50,1,7,7.7499169e-07,1.11533867e-08,0.0143916206,0.0078125
1,50,1,8,7.7499169e-07,6.31235908e-09,0.00814506691,0.0078125
1,50,1,9,7.7499169e-07,3.87268217e-09,0.00499706296,0.0078125
1,51,1,0,6.85658733e-07,3.17160499e-07,0.462563187,0.0078125
1,51,1,1,6.85658733e-07,2.03741493e-07,0.297147095,0.0078125
1,51,1,2,6.85658733e-07,1.62766185e-07,0.237386584,0.0078125
1,51,1,3,6.85658733e-07,1.11690646e-07,0.162895396,0.0078125
1,51,1,4,6.85658733e-07,6.68971012e-08,0.0975661799,0.0078125
1,51,1,5,6.85658733e-07,3.70290003e-08,0.0540050007,0.0078125
1,51,1,6,6.85658733e-07,1.9961659e-08,0.029113112,0.0078125
1,51,1,7,6.85658733e-07,1.13040493e-08,0.0164864082,0.0078125
1,51,1,8,6.85658733e-07,6.51936904e-09,0.00950818323,0.0078125
1,51,1,9,6.85658733e-07,3.89317778e-09,0.0056780111,0.0078125
1,52,1,0,6.31884177e-07,3.29587095e-07,0.521594167,0.0078125
1,52,1,1,6.31884177e-07,2.33011974e-07,0.368757427,0.0078125
1,52,1,2,6.31884177e-07,1.7354138e-07,0.274641126,0.0078125
1,52,1,3,6.31884177e-07,1.10555668e-07,0.174961925,0.0078125
1,52,1,4,6.31884177e-07,6.41878515e-08,0.10158167,0.0078125
1,52,1,5,6.31884177e-07,3.72863234e-08,0.0590081625,0.0078125
1,52,1,6,6.31884177e-07,2.01745998e-08,0.0319276862,0.0078125
1,52,1,7,6.31884177e-07,1.1605862e-08,0.0183670726,0.0078125
1,52,1,8,6.31884177e-07,6.6627881e-09,0.0105443187,0.0078125
1,52,1,9,6.31884177e-07,3.99940125e-09,0.00632932642,0.0078125
1,53,1,0,7.24824019e-07,3.54219196e-07,0.488696814,0.0078125
1,53,1,1,7.24824019e-07,2.33641259e-07,0.322342038,0.0078125
1,53,1,2,7.24824019e-07,1.74875694e-07,0.241266415,0.0078125
1,53,1,3,7.24824019e-07,1.07912946e-07,0.148881584,0.0078125
1,53,1,4,7.24824019e-07,5.63518618e-08,0.0777455792,0.0078125
1,53,1,5,7.24824019e-07,3.45585569e-08,0.0476785488,0.0078125
1,53,1,6,7.24824019e-07,2.03076382e-08,0.0280173365,0.0078125
1,53,1,7,7.24824019e-07,1.17785763e-08,0.0162502564,0.0078125
1,53,1,8,7.24824019e-07,6.90189284e-09,0.00952216331,0.0078125
1,53,1,9,7.24824019e-07,4.1679189e-09,0.00575024961,0.0078125
1,54,1,0,7.39352117e-07,3.73563807e-07,0.505258322,0.0078125
1,54,1,1,7.39352117e-07,2.60612012e-07,0.352486998,0.0078125
1,54,1,2,7.39352117e-07,1.9232283e-07,0.260123461,0.0078125
1,54,1,3,7.39352117e-07,1.20795974e-07,0.163380846,0.0078125
1,54,1,4,7.39352117e-07,6.75777727e-08,0.0914013386,0.0078125
1,54,1,5,7.39352117e-07,3.97379303e-08,0.0537469611,0.0078125
1,54,1,6,7.39352117e-07,2.14756195e-08,0.0290465374,0.0078125
1,54,1,7,7.39352117e-07,1.17629169e-08,0.0159097631,0.0078125
1,54,1,8,7.39352117e-07,6.81767398e-09,0.00922114588,0.0078125
1,54,1,9,7.39352117e-07,4.05260625e-09,0.00548129389,0.0078125
1,55,1,0,7.2813873e-07,3.54915471e-07,0.487428367,0.0078125
1,55,1,1,7.2813873e-07,2.31756019e-07,0.318285525,0.0078125
1,55,1,2,7.2813873e-07,1.66854733e-07,0.229152396,0.0078125
1,55,1,3,7.2813873e-07,1.11058398e-07,0.152523682,0.0078125
1,55,1,4,7.2813873e-07,6.16184934e-08,0.084624663,0.0078125
1,55,1,5,7.2813873e-07,3.7455461e-08,0.051440008,0.0078125
1,55,1,6,7.2813873e-07,2.05214441e-08,0.0281834267,0.0078125
1,55,1,7,7.2813873e-07,1.13346195e-08,0.015566566,0.0078125
1,55,1,8,7.2813873e-07,6.59196431e-09,0.00905317068,0.0078125
1,55,1,9,7.2813873e-07,3.90571842e-09,0.00536397565,0.0078125
1,56,1,0,6.70921736e-07,3.50516444e-07,0.522440135,0.0078125
1,56,1,1,6.70921736e-07,2.50113999e-07,0.372791618,0.0078125
1,56,1,2,6.70921736e-07,1.76937576e-07,0.263723135,0.0078125
1,56,1,3,6.70921736e-07,1.16219745e-07,0.173224002,0.0078125
1,56,1,4,6.70921736e-07,6.55821566e-08,0.0977493376,0.0078125
1,56,1,5,6.70921736e-07,3.75179923e-08,0.0559200719,0.0078125
1,56,1,6,6.70921736e-07,2.01369765e-08,0.0300138984,0.0078125
1,56,1,7,6.70921736e-07,1.11830269e-08,0.0166681539,0.0078125
1,56,1,8,6.70921736e-07,6.45507914e-09,0.0096212104,0.0078125
1,56,1,9,6.70921736e-07,3.86736465e-09,0.00576425623,0.0078125
1,57,1,0,7.01168915e-07,3.80538751e-07,0.542720497,0.0078125
1,57,1,1,7.01168915e-07,2.55196852e-07,0.363959163,0.0078125
1,57,1,2,7.01168915e-07,1.74272429e-07,0.248545572,0.0078125
1,57,1,3,7.01168915e-07,1.11183475e-07,0.15856874,0.0078125
1,57,1,4,7.01168915e-07,6.31368309e-08,0.0900451094,0.0078125
1,57,1,5,7.01168915e-07,3.6942744e-08,0.0526873656,0.0078125
1,57,1,6,7.01168915e-07,1.97667749e-08,0.0281911734,0.0078125
1,57,1,7,7.01168915e-07,1.11634044e-08,0.0159211345,0.0078125
1,57,1,8,7.01168915e-07,6.49773568e-09,0.00926700514,0.0078125
1,57,1,9,7.01168915e-07,3.99630551e-09,0.0056994902,0.0078125
1,58,1,0,7.54519476e-07,3.63594012e-07,0.481888175,0.0078125
1,58,1,1,7.54519476e-07,2.39905688e-07,0.317958236,0.0078125
1,58,1,2,7.54519476e-07,1.74825047e-07,0.231703818,0.0078125
1,58,1,3,7.54519476e-07,1.18819301e-07,0.157476783,0.0078125
1,58,1,4,7.54519476e-07,6.89288342e-08,0.091354616,0.0078125
1,58,1,5,7.54519476e-07,3.82820602e-08,0.0507370085,0.0078125
1,58,1,6,7.54519476e-07,2.0591429e-08,0.0272907857,0.0078125
1,58,1,7,7.54519476e-07,1.17269829e-08,0.01554232,0.0078125
1,58,1,8,7.54519476e-07,6.92516133e-09,0.00917824078,0.0078125
1,58,1,9,7.54519476e-07,4.22263735e-09,0.00559645891,0.0078125
1,59,1,0,7.58193835e-07,3.7168212e-07,0.490220457,0.0078125
1,59,1,1,7.58193835e-07,2.53577696e-07,0.334449708,0.0078125
1,59,1,2,7.58193835e-07,1.76457547e-07,0.232734084,0.0078125
1,59,1,3,7.58193835e-07,1.09257925e-07,0.144102886,0.0078125
1,59,1,4,7.58193835e-07,6.1933271e-08,0.0816852748,0.0078125
1,59,1,5,7.58193835e-07,3.78623604e-08,0.0499375723,0.0078125
1,59,1,6,7.58193835e-07,2.07418065e-08,0.0273568649,0.0078125
1,59,1,7,7.58193835e-07,1.17956045e-08,0.0155575052,0.0078125
1,59,1,8,7.58193835e-07,6.8508399e-09,0.00903573632,0.0078125
1,59,1,9,7.58193835e-07,4.0798418e-09,0.00538100116,0.0078125
1,60,1,0,7.17947046e-07,3.67910928e-07,0.512448549,0.0078125
1,60,1,1,7.17947046e-07,2.53742598e-07,0.353428006,0.0078125
1,60,1,2,7.17947046e-07,1.87077532e-07,0.260572881,0.0078125
1,60,1,3,7.17947046e-07,1.26482362e-07,0.176172271,0.0078125
1,60,1,4,7.17947046e-07,6.94124296e-08,0.0966818258,0.0078125
1,60,1,5,7.17947046e-07,3.87266645e-08,0.0539408363,0.0078125
1,60,1,6,7.17947046e-07,2.12179661e-08,0.0295536648,0.0078125
1,60,1,7,7.17947046e-07,1.21496759e-08,0.0169228017,0.0078125
1,60,1,8,7.17947046e-07,7.10992909e-09,0.0099031385,0.0078125
1,60,1,9,7.17947046e-07,4.23467972e-09,0.00589831779,0.0078125
1,61,1,0,7.09725612e-07,3.50182177e-07,0.493405014,0.0078125
1,61,1,1,7.09725612e-07,2.36740391e-07,0.33356607,0.0078125
1,61,1,2,7.09725612e-07,1.78340102e-07,0.251280338,0.0078125
1,61,1,3,7.09725612e-07,1.20918301e-07,0.170373306,0.0078125
1,61,1,4,7.09725612e-07,6.57332748e-08,0.0926178694,0.0078125
1,61,1,5,7.09725612e-07,3.69638364e-08,0.0520818681,0.0078125
1,61,1,6,7.09725612e-07,1.97235845e-08,0.0277904365,0.0078125
1,61,1,7,7.09725612e-07,1.10647509e-08,0.0155901816,0.0078125
1,61,1,8,7.09725612e-07,6.32100905e-09,0.00890627131,0.0078125
1,61,1,9,7.09725612e-07,3.81257603e-09,0.00537190121,0.0078125
1,62,1,0,8.42009911e-07,4.05786864e-07,0.481926471,0.0078125
1,62,1,1,8.42009911e-07,2.54469512e-07,0.302216768,0.0078125
1,62,1,2,8.42009911e-07,1.6268045e-07,0.19320491,0.0078125
1,62,1,3,8.42009911e-07,1.06374692e-07,0.12633425,0.0078125
1,62,1,4,8.42009911e-07,6.57749268e-08,0.0781165734,0.0078125
1,62,1,5,8.42009911e-07,3.76378573e-08,0.0447000153,0.0078125
1,62,1,6,8.42009911e-07,2.10557083e-08,0.0250064842,0.0078125
1,62,1,7,8.42009911e-07,1.17613093e-08,0.0139681362,0.0078125
1,62,1,8,8.42009911e-07,7.06131464e-09,0.00838626083,0.0078125
1,62,1,9,8.42009911e-07,4.14226387e-09,0.00491949543,0.0078125
1,63,1,0,8.61455078e-07,3.96640644e-07,0.46043101,0.0078125
1,63,1,1,8.61455078e-07,2.44768216e-07,0.284133464,0.0078125
1,63,1,2,8.61455078e-07,1.65638355e-07,0.192277417,0.0078125
1,63,1,3,8.61455078e-07,1.11881654e-07,0.129875198,0.0078125
1,63,1,4,8.61455078e-07,6.56882477e-08,0.0762526691,0.0078125
1,63,1,5,8.61455078e-07,3.65874904e-08,0.0424717329,0.0078125
1,63,1,6,8.61455078e-07,1.97372572e-08,0.0229115337,0.0078125
1,63,1,7,8.61455078e-07,1.10738059e-08,0.0128547689,0.0078125
1,63,1,8,8.61455078e-07,6.23131591e-09,0.00723347766,0.0078125
1,64,1,0,7.2390651e-07,4.11703809e-07,0.568725109,0.0078125
1,64,1,1,7.2390651e-07,2.75959849e-07,0.381209224,0.0078125
1,64,1,2,7.2390651e-07,1.85376166e-07,0.256077498,0.0078125
1,64,1,3,7.2390651e-07,1.20999815e-07,0.167148396,0.0078125
1,64,1,4,7.2390651e-07,6.69221407e-08,0.0924458355,0.0078125
1,64,1,5,7.2390651e-07,3.81350773e-08,0.0526795611,0.0078125
1,64,1,6,7.2390651e-07,2.15193872e-08,0.0297267493,0.0078125
1,64,1,7,7.2390651e-07,1.21712596e-08,0.0168133024,0.0078125
1,64,1,8,7.2390651e-07,7.24354798e-09,0.0100061931,0.0078125
1,64,1,9,7.2390651e-07,4.3255719e-09,0.00597531861,0.0078125
1,65,1,0,8.25868824e-07,4.43530638e-07,0.537047327,0.0078125
1,65,1,1,8.25868824e-07,2.94507799e-07,0.356603593,0.0078125
1,65,1,2,8.25868824e-07,1.78523621e-07,0.216164619,0.0078125
1,65,1,3,8.25868824e-07,1.08982015e-07,0.131960437,0.0078125
1,65,1,4,8.25868824e-07,6.59839543e-08,0.0798964128,0.0078125
1,65,1,5,8.25868824e-07,4.1035026e-08,0.0496870987,0.0078125
1,65,1,6,8.25868824e-07,2.30613395e-08,0.0279237311,0.0078125
1,65,1,7,8.25868824e-07,1.27960691e-08,0.01549407,0.0078125
1,65,1,8,8.25868824e-07,7.31777172e-09,0.00886069518,0.0078125
1,65,1,9,8.25868824e-07,4.37197079e-09,0.00529378373,0.0078125
1,66,1,0,7.12769236e-07,3.81017486e-07,0.534559369,0.0078125
1,66,1,1,7.12769236e-07,2.64637436e-07,0.37128067,0.0078125
1,66,1,2,7.12769236e-07,1.86487782e-07,0.261638373,0.0078125
1,66,1,3,7.12769236e-07,1.20886753e-07,0.16960153,0.0078125
1,66,1,4,7.12769236e-07,6.83467221e-08,0.0958889872,0.0078125
1,66,1,5,7.12769236e-07,3.93588806e-08,0.0552196689,0.0078125
1,66,1,6,7.12769236e-07,2.14125606e-08,0.030041365,0.0078125
1,66,1,7,7.12769236e-07,1.18868195e-08,0.0166769531,0.0078125
1,66,1,8,7.12769236e-07,7.02782721e-09,0.00985989161,0.0078125
1,66,1,9,7.12769236e-07,4.30783276e-09,0.00604379736,0.0078125
1,67,1,0,7.72347164e-07,3.91246175e-07,0.506567776,0.0078125
1,67,1,1,7.72347164e-07,2.61854609e-07,0.339037448,0.0078125
1,67,1,2,7.72347164e-07,1.86549258e-07,0.2415355,0.0078125
1,67,1,3,7.72347164e-07,1.27843379e-07,0.165525794,0.0078125
1,67,1,4,7.72347164e-07,7.53266249e-08,0.0975294933,0.0078125
1,67,1,5,7.72347164e-07,4.19375183e-08,0.054298792,0.0078125
1,67,1,6,7.72347164e-07,2.27115304e-08,0.0294058565,0.0078125
1,67,1,7,7.72347164e-07,1.20740777e-08,0.0156329665,0.0078125
1,67,1,8,7.72347164e-07,6.93739066e-09,0.00898221787,0.0078125
1,67,1,9,7.72347164e-07,4.05594447e-09,0.00525145233,0.0078125
1,68,1,0,7.48022444e-07,4.14049453e-07,0.553525448,0.0078125
1,68,1,1,7.48022444e-07,2.79836826e-07,0.374102175,0.0078125
1,68,1,2,7.48022444e-07,1.97804042e-07,0.264435977,0.0078125
1,68,1,3,7.48022444e-07,1.30741753e-07,0.1747832,0.0078125
1,68,1,4,7.48022444e-07,7.35975334e-08,0.0983894691,0.0078125
1,68,1,5,7.48022444e-07,4.25706403e-08,0.0569109134,0.0078125
1,68,1,6,7.48022444e-07,2.29508057e-08,0.0306819752,0.0078125
1,68,1,7,7.48022444e-07,1.25398536e-08,0.0167640075,0.0078125
1,68,1,8,7.48022444e-07,7.06025105e-09,0.00943855476,0.0078125
1,68,1,9,7.48022444e-07,4.24872537e-09,0.0056799436,0.0078125
1,69,1,0,7.29167141e-07,4.00388274e-07,0.549103558,0.0078125
1,69,1,1,7.29167141e-07,2.83862761e-07,0.389297247,0.0078125
1,69,1,2,7.29167141e-07,2.04493801e-07,0.280448467,0.0078125
1,69,1,3,7.29167141e-07,1.33758917e-07,0.183440685,0.0078125
1,69,1,4,7.29167141e-07,7.78396441e-08,0.106751442,0.0078125
1,69,1,5,7.29167141e-07,4.36701235e-08,0.0598904155,0.0078125
1,69,1,6,7.29167141e-07,2.32772877e-08,0.0319231153,0.0078125
1,69,1,7,7.29167141e-07,1.22139436e-08,0.0167505406,0.0078125
1,69,1,8,7.29167141e-07,6.85836632e-09,0.00940575358,0.0078125
1,69,1,9,7.29167141e-07,4.07002609e-09,0.00558174634,0.0078125
1,70,1,0,8.37980849e-07,4.45667013e-07,0.531834364,0.0078125
1,70,1,1,8.37980849e-07,2.93607883e-07,0.350375414,0.0078125
1,70,1,2,8.37980849e-07,1.98775439e-07,0.237207621,0.0078125
1,70,1,3,8.37980849e-07,1.32843724e-07,0.158528358,0.0078125
1,70,1,4,8.37980849e-07,8.00150772e-08,0.095485568,0.0078125
1,70,1,5,8.37980849e-07,4.47158719e-08,0.0533614494,0.0078125
1,70,1,6,8.37980849e-07,2.40154296e-08,0.0286586862,0.0078125
1,70,1,7,8.37980849e-07,1.26699362e-08,0.015119601,0.0078125
1,70,1,8,8.37980849e-07,7.2007702e-09,0.00859300047,0.0078125
1,70,1,9,8.37980849e-07,4.23800328e-09,0.0050573987,0.0078125
1,71,1,0,7.77778496e-07,3.91444928e-07,0.503285885,0.0078125
1,71,1,1,7.77778496e-07,2.6658077e-07,0.342746377,0.0078125
1,71,1,2,7.77778496e-07,2.0734899e-07,0.266591311,0.0078125
1,71,1,3,7.77778496e-07,1.38910266e-07,0.178598747,0.0078125
1,71,1,4,7.77778496e-07,8.0613475e-08,0.103645802,0.0078125
1,71,1,5,7.77778496e-07,4.60326142e-08,0.0591847338,0.0078125
1,71,1,6,7.77778496e-07,2.46426008e-08,0.0316833146,0.0078125
1,71,1,7,7.77778496e-07,1.28988793e-08,0.0165842585,0.0078125
1,71,1,8,7.77778496e-07,7.27040828e-09,0.00934765954,0.0078125
1,71,1,9,7.77778496e-07,4.33930536e-09,0.00557910185,0.0078125
1,72,1,0,7.5196607e-07,3.99388568e-07,0.531125784,0.0078125
1,72,1,1,7.5196607e-07,2.69333384e-07,0.358172268,0.0078125
1,72,1,2,7.5196607e-07,1.99767285e-07,0.265659958,0.0078125
1,72,1,3,7.5196607e-07,1.35631254e-07,0.180368841,0.0078125
1,72,1,4,7.5196607e-07,7.86079397e-08,0.104536548,0.0078125
1,72,1,5,7.5196607e-07,4.38419576e-08,0.0583031066,0.0078125
1,72,1,6,7.5196607e-07,2.35171669e-08,0.0312742405,0.0078125
1,72,1,7,7.5196607e-07,1.29528006e-08,0.0172252469,0.0078125
1,72,1,8,7.5196607e-07,7.69726416e-09,0.010236185,0.0078125
1,72,1,9,7.5196607e-07,4.50020643e-09,0.00598458713,0.0078125
1,73,1,0,9.48298236e-07,4.08152516e-07,0.430405229,0.0078125
1,73,1,1,9.48298236e-07,2.60851778e-07,0.275073558,0.0078125
1,73,1,2,9.48298236e-07,1.94613222e-07,0.20522365,0.0078125
1,73,1,3,9.48298236e-07,1.36409497e-07,0.143846616,0.0078125
1,73,1,4,9.48298236e-07,8.23615522e-08,0.0868519545,0.0078125
1,73,1,5,9.48298236e-07,4.617511e-08,0.0486926027,0.0078125
1,73,1,6,9.48298236e-07,2.48824659e-08,0.0262390729,0.0078125
1,73,1,7,9.48298236e-07,1.34472549e-08,0.0141804069,0.0078125
1,73,1,8,9.48298236e-07,7.82381537e-09,0.00825037435,0.0078125
1,73,1,9,9.48298236e-07,4.72862771e-09,0.00498643517,0.0078125
1,74,1,0,8.55632834e-07,3.94384017e-07,0.460926712,0.0078125
1,74,1,1,8.55632834e-07,2.49210245e-07,0.291258395,0.0078125
1,74,1,2,8.55632834e-07,1.86995962e-07,0.218546972,0.0078125
1,74,1,3,8.55632834e-07,1.28577724e-07,0.150272071,0.0078125
1,74,1,4,8.55632834e-07,8.02684852e-08,0.0938118324,0.0078125
1,74,1,5,8.55632834e-07,4.36553265e-08,0.0510210991,0.0078125
1,74,1,6,8.55632834e-07,2.41225067e-08,0.0281925909,0.0078125
1,74,1,7,8.55632834e-07,1.3346269e-08,0.0155981267,0.0078125
1,74,1,8,8.55632834e-07,7.82027954e-09,0.00913976133,0.0078125
1,74,1,9,8.55632834e-07,4.74236606e-09,0.00554252462,0.0078125
1,75,1,0,9.32553519e-07,4.29063022e-07,0.46009481,0.0078125
1,75,1,1,9.32553519e-07,2.6084868e-07,0.279714435,0.0078125
1,75,1,2,9.32553519e-07,1.89163202e-07,0.202844337,0.0078125
1,75,1,3,9.32553519e-07,1.31499689e-07,0.141010344,0.0078125
1,75,1,4,9.32553519e-07,8.39046024e-08,0.0899729654,0.0078125
1,75,1,5,9.32553519e-07,4.62562824e-08,0.0496017449,0.0078125
1,75,1,6,9.32553519e-07,2.51324686e-08,0.0269501619,0.0078125
1,75,1,7,9.32553519e-07,1.38987097e-08,0.0149039272,0.0078125
1,75,1,8,9.32553519e-07,8.12920398e-09,0.00871714484,0.0078125
1,75,1,9,9.32553519e-07,4.92818364e-09,0.00528461207,0.0078125
1,76,1,0,8.48134277e-07,4.44198406e-07,0.52373594,0.0078125
1,76,1,1,8.48134277e-07,2.98678998e-07,0.352160037,0.0078125
1,76,1,2,8.48134277e-07,2.01249733e-07,0.237285227,0.0078125
1,76,1,3,8.48134277e-07,1.27901671e-07,0.150803566,0.0078125
1,76,1,4,8.48134277e-07,7.62979795e-08,0.0899597853,0.0078125
1,76,1,5,8.48134277e-07,4.61112641e-08,0.0543678813,0.0078125
1,76,1,6,8.48134277e-07,2.52031818e-08,0.0297160279,0.0078125
1,76,1,7,8.48134277e-07,1.4301305e-08,0.0168620758,0.0078125
1,76,1,8,8.48134277e-07,8.45911075e-09,0.00997378677,0.0078125
1,76,1,9,8.48134277e-07,5.12746867e-09,0.00604558596,0.0078125
1,77,1,0,8.62596721e-07,4.49477596e-07,0.52107501,0.0078125
1,77,1,1,8.62596721e-07,2.76794395e-07,0.320885062,0.0078125
1,77,1,2,8.62596721e-07,2.00847296e-07,0.232840315,0.0078125
1,77,1,3,8.62596721e-07,1.3688215e-07,0.158686146,0.0078125
1,77,1,4,8.62596721e-07,8.2824215e-08,0.0960173085,0.0078125
1,77,1,5,8.62596721e-07,4.38116246e-08,0.0507903919,0.0078125
1,77,1,6,8.62596721e-07,2.36286617e-08,0.0273924787,0.0078125
1,77,1,7,8.62596721e-07,1.34852209e-08,0.015633285,0.0078125
1,77,1,8,8.62596721e-07,7.91158339e-09,0.00917182211,0.0078125
1,77,1,9,8.62596721e-07,4.72335504e-09,0.00547573948,0.0078125
1,78,1,0,9.03496016e-07,4.43202822e-07,0.490542084,0.0078125
1,78,1,1,9.03496016e-07,2.92979365e-07,0.32427299,0.0078125
1,78,1,2,9.03496016e-07,2.15474827e-07,0.238490075,0.0078125
1,78,1,3,9.03496016e-07,1.48181343e-07,0.164008856,0.0078125
1,78,1,4,9.03496016e-07,8.92869139e-08,0.0988238081,0.0078125
1,78,1,5,9.03496016e-07,4.65537369e-08,0.0515262224,0.0078125
1,78,1,6,9.03496016e-07,2.55114276e-08,0.0282363482,0.0078125
1,78,1,7,9.03496016e-07,1.44521755e-08,0.0159958377,0.0078125
1,78,1,8,9.03496016e-07,8.64261107e-09,0.00956574362,0.0078125
1,78,1,9,9.03496016e-07,5.114833e-09,0.00566115743,0.0078125
1,79,1,0,8.20500588e-07,4.29316202e-07,0.52323693,0.0078125
1,79,1,1,8.20500588e-07,2.83686802e-07,0.345748454,0.0078125
1,79,1,2,8.20500588e-07,1.94679913e-07,0.237269685,0.0078125
1,79,1,3,8.20500588e-07,1.20419031e-07,0.146762878,0.0078125
1,79,1,4,8.20500588e-07,7.4712446e-08,0.0910571516,0.0078125
1,79,1,5,8.20500588e-07,4.56783837e-08,0.0556713603,0.0078125
1,79,1,6,8.20500588e-07,2.68201354e-08,0.0326875262,0.0078125
1,79,1,7,8.20500588e-07,1.55802375e-08,0.0189886969,0.0078125
1,79,1,8,8.20500588e-07,9.19362986e-09,0.011204903,0.0078125
1,79,1,9,8.20500588e-07,5.33663513e-09,0.00650412124,0.0078125
1,80,1,0,8.58475971e-07,4.46826874e-07,0.520488501,0.0078125
1,80,1,1,8.58475971e-07,3.02954703e-07,0.3528983,0.0078125
1,80,1,2,8.58475971e-07,2.31034463e-07,0.269121647,0.0078125
1,80,1,3,8.58475971e-07,1.6121254e-07,0.187789232,0.0078125
1,80,1,4,8.58475971e-07,9.61192086e-08,0.111964941,0.0078125
1,80,1,5,8.58475971e-07,5.16533056e-08,0.060168609,0.0078125
1,80,1,6,8.58475971e-07,2.75608265e-08,0.0321043655,0.0078125
1,80,1,7,8.58475971e-07,1.58598894e-08,0.0184744708,0.0078125
1,80,1,8,8.58475971e-07,9.52639034e-09,0.0110968631,0.0078125
1,80,1,9,8.58475971e-07,5.77813974e-09,0.00673069479,0.0078125
1,81,1,0,8.11275243e-07,4.32577451e-07,0.533206761,0.0078125
1,81,1,1,8.11275243e-07,2.90495763e-07,0.358072996,0.0078125
1,81,1,2,8.11275243e-07,2.18102571e-07,0.26883918,0.0078125
1,81,1,3,8.11275243e-07,1.51972287e-07,0.187325194,0.0078125
1,81,1,4,8.11275243e-07,9.18936252e-08,0.113270588,0.0078125
1,81,1,5,8.11275243e-07,4.60284362e-08,0.0567359067,0.0078125
1,81,1,6,8.11275243e-07,2.5542306e-08,0.0314841419,0.0078125
1,81,1,7,8.11275243e-07,1.47293413e-08,0.0181557871,0.0078125
1,81,1,8,8.11275243e-07,8.94332608e-09,0.0110237878,0.0078125
1,81,1,9,8.11275243e-07,5.25886001e-09,0.0064822142,0.0078125
1,82,1,0,8.42317263e-07,4.0671506e-07,0.482852578,0.0078125
1,82,1,1,8.42317263e-07,2.80141961e-07,0.332584858,0.0078125
1,82,1,2,8.42317263e-07,2.24367795e-07,0.2663697,0.0078125
1,82,1,3,8.42317263e-07,1.56377808e-07,0.185651913,0.0078125
1,82,1,4,8.42317263e-07,9.54783772e-08,0.113352038,0.0078125
1,82,1,5,8.42317263e-07,4.94396168e-08,0.0586947687,0.0078125
1,82,1,6,8.42317263e-07,2.80446439e-08,0.033294633,0.0078125
1,82,1,7,8.42317263e-07,1.6551791e-08,0.0196503047,0.0078125
1,82,1,8,8.42317263e-07,9.96047245e-09,0.0118250838,0.0078125
1,82,1,9,8.42317263e-07,5.90641536e-09,0.00701210275,0.0078125
1,83,1,0,8.59723514e-07,4.43373892e-07,0.515716851,0.0078125
1,83,1,1,8.59723514e-07,2.99532729e-07,0.348405868,0.0078125
1,83,1,2,8.59723514e-07,2.29098433e-07,0.266479194,0.0078125
1,83,1,3,8.59723514e-07,1.62786719e-07,0.189347759,0.0078125
1,83,1,4,8.59723514e-07,9.67785567e-08,0.112569399,0.0078125
1,83,1,5,8.59723514e-07,4.9681713e-08,0.0577880107,0.0078125
1,83,1,6,8.59723514e-07,2.71964353e-08,0.0316339321,0.0078125
1,83,1,7,8.59723514e-07,1.59897962e-08,0.0185987651,0.0078125
1,83,1,8,8.59723514e-07,9.57731849e-09,0.0111399982,0.0078125
1,83,1,9,8.59723514e-07,5.65731417e-09,0.00658038771,0.0078125
1,84,1,0,9.86610189e-07,4.48985702e-07,0.455079138,0.0078125
1,84,1,1,9.86610189e-07,2.99866031e-07,0.303935677,0.0078125
1,84,1,2,9.86610189e-07,2.36632232e-07,0.239843696,0.0078125
1,84,1,3,9.86610189e-07,1.65605087e-07,0.167852595,0.0078125
1,84,1,4,9.86610189e-07,9.96990508e-08,0.10105212,0.0078125
1,84,1,5,9.86610189e-07,5.14318295e-08,0.0521298386,0.0078125
1,84,1,6,9.86610189e-07,2.87807485e-08,0.0291713476,0.0078125
1,84,1,7,9.86610189e-07,1.6835104e-08,0.0170635823,0.0078125
1,84,1,8,9.86610189e-07,1.00703135e-08,0.0102069834,0.0078125
1,84,1,9,9.86610189e-07,5.95715255e-09,0.00603800034,0.0078125
1,85,1,0,8.73495935e-07,4.49296834e-07,0.514366269,0.0078125
1,85,1,1,8.73495935e-07,3.2284504e-07,0.369601071,0.0078125
1,85,1,2,8.73495935e-07,2.58200146e-07,0.295593977,0.0078125
1,85,1,3,8.73495935e-07,1.8102682e-07,0.207244039,0.0078125
1,85,1,4,8.73495935e-07,1.01017193e-07,0.115647011,0.0078125
1,85,1,5,8.73495935e-07,5.14924423e-08,0.0589498356,0.0078125
1,85,1,6,8.73495935e-07,2.79002883e-08,0.0319409482,0.0078125
1,85,1,7,8.73495935e-07,1.59209783e-08,0.0182267334,0.0078125
1,85,1,8,8.73495935e-07,9.38789579e-09,0.0107474979,0.0078125
1,85,1,9,8.73495935e-07,5.4226752e-09,0.00620801421,0.0078125
1,86,1,0,8.68871325e-07,4.47439817e-07,0.514966726,0.0078125
1,86,1,1,8.68871325e-07,3.0579173e-07,0.351941317,0.0078125
1,86,1,2,8.68871325e-07,2.37809161e-07,0.273698926,0.0078125
1,86,1,3,8.68871325e-07,1.64074848e-07,0.188836768,0.0078125
1,86,1,4,8.68871325e-07,1.00779573e-07,0.115989067,0.0078125
1,86,1,5,8.68871325e-07,5.07339415e-08,0.0583906285,0.0078125
1,86,1,6,8.68871325e-07,2.86358315e-08,0.0329575054,0.0078125
1,86,1,7,8.68871325e-07,1.71162515e-08,0.0196994096,0.0078125
1,86,1,8,8.68871325e-07,1.031274e-08,0.0118691223,0.0078125
1,86,1,9,8.68871325e-07,6.09015682e-09,0.00700927339,0.0078125
1,87,1,0,8.58488534e-07,4.49080574e-07,0.523106098,0.0078125
1,87,1,1,8.58488534e-07,3.27355735e-07,0.381316364,0.0078125
1,87,1,2,8.58488534e-07,2.56222961e-07,0.298458219,0.0078125
1,87,1,3,8.58488534e-07,1.82259768e-07,0.212303087,0.0078125
1,87,1,4,8.58488534e-07,1.01572226e-07,0.118315183,0.0078125
1,87,1,5,8.58488534e-07,5.23289039e-08,0.06095469,0.0078125
1,87,1,6,8.58488534e-07,2.85934245e-08,0.0333067067,0.0078125
1,87,1,7,8.58488534e-07,1.70184968e-08,0.0198237896,0.0078125
1,87,1,8,8.58488534e-07,1.01137756e-08,0.0117809093,0.0078125
1,87,1,9,8.58488534e-07,5.88801896e-09,0.00685858773,0.0078125
1,88,1,0,9.13693952e-07,4.83587542e-07,0.529266417,0.0078125
1,88,1,1,9.13693952e-07,3.40914852e-07,0.373117119,0.0078125
1,88,1,2,9.13693952e-07,2.68739768e-07,0.294124484,0.0078125
1,88,1,3,9.13693952e-07,1.77986095e-07,0.19479838,0.0078125
1,88,1,4,9.13693952e-07,1.02780007e-07,0.112488441,0.0078125
1,88,1,5,9.13693952e-07,5.32544533e-08,0.0582847819,0.0078125
1,88,1,6,9.13693952e-07,2.92200006e-08,0.0319800749,0.0078125
1,88,1,7,9.13693952e-07,1.71035097e-08,0.018719079,0.0078125
1,88,1,8,9.13693952e-07,9.95492844e-09,0.010895255,0.0078125
1,88,1,9,9.13693952e-07,5.94604721e-09,0.00650770124,0.0078125
1,89,1,0,9.28641214e-07,5.00271653e-07,0.538713574,0.0078125
1,89,1,1,9.28641214e-07,3.51483095e-07,0.378491819,0.0078125
1,89,1,2,9.28641214e-07,2.78202975e-07,0.299580693,0.0078125
1,89,1,3,9.28641214e-07,1.79954995e-07,0.193783119,0.0078125
1,89,1,4,9.28641214e-07,1.05280847e-07,0.113370851,0.0078125
1,89,1,5,9.28641214e-07,5.36010809e-08,0.0577199049,0.0078125
1,89,1,6,9.28641214e-07,3.02362508e-08,0.0325596705,0.0078125
1,89,1,7,9.28641214e-07,1.72962302e-08,0.0186253097,0.0078125
1,89,1,8,9.28641214e-07,9.98312544e-09,0.01075025,0.0078125
1,89,1,9,9.28641214e-07,5.66104097e-09,0.00609604735,0.0078125
1,90,1,0,8.62853881e-07,4.39140166e-07,0.508939207,0.0078125
1,90,1,1,8.62853881e-07,3.09503321e-07,0.358697265,0.0078125
1,90,1,2,8.62853881e-07,2.30445579e-07,0.267073691,0.0078125
1,90,1,3,8.62853881e-07,1.40276569e-07,0.162572801,0.0078125
1,90,1,4,8.62853881e-07,8.54201048e-08,0.0989971831,0.0078125
1,90,1,5,8.62853881e-07,5.22212105e-08,0.0605214983,0.0078125
1,90,1,6,8.62853881e-07,3.01403098e-08,0.0349309556,0.0078125
1,90,1,7,8.62853881e-07,1.81935924e-08,0.0210853685,0.0078125
1,90,1,8,8.62853881e-07,1.05989777e-08,0.0122836297,0.0078125
1,90,1,9,8.62853881e-07,6.38859765e-09,0.0074040317,0.0078125
1,91,1,0,8.67836548e-07,4.53477213e-07,0.522537589,0.0078125
1,91,1,1,8.67836548e-07,3.15461534e-07,0.363503397,0.0078125
1,91,1,2,8.67836548e-07,2.46799289e-07,0.284384519,0.0078125
1,91,1,3,8.67836548e-07,1.68303046e-07,0.193934038,0.0078125
1,91,1,4,8.67836548e-07,9.94858738e-08,0.114636652,0.0078125
1,91,1,5,8.67836548e-07,5.50300179e-08,0.0634105802,0.0078125
1,91,1,6,8.67836548e-07,2.92654239e-08,0.0337222777,0.0078125
1,91,1,7,8.67836548e-07,1.71471033e-08,0.019758448,0.0078125
1,91,1,8,8.67836548e-07,1.00588728e-08,0.0115907462,0.0078125
1,91,1,9,8.67836548e-07,5.94787108e-09,0.00685367687,0.0078125
1,92,1,0,9.5029003e-07,4.40755485e-07,0.463811547,0.0078125
1,92,1,1,9.5029003e-07,3.16381687e-07,0.332931727,0.0078125
1,92,1,2,9.5029003e-07,2.54317968e-07,0.267621428,0.0078125
1,92,1,3,9.5029003e-07,1.79293593e-07,0.188672498,0.0078125
1,92,1,4,9.5029003e-07,1.033888e-07,0.108797103,0.0078125
1,92,1,5,9.5029003e-07,5.59155744e-08,0.0588405356,0.0078125
1,92,1,6,9.5029003e-07,3.05569898e-08,0.0321554355,0.0078125
1,92,1,7,9.5029003e-07,1.79306401e-08,0.0188685972,0.0078125
1,92,1,8,9.5029003e-07,1.08951097e-08,0.0114650363,0.0078125
1,92,1,9,9.5029003e-07,6.64250255e-09,0.00698997406,0.0078125
1,93,1,0,7.99845907e-07,4.12882997e-07,0.516203165,0.0078125
1,93,1,1,7.99845907e-07,2.88660431e-07,0.360895067,0.0078125
1,93,1,2,7.99845907e-07,2.28661747e-07,0.285882264,0.0078125
1,93,1,3,7.99845907e-07,1.5958949e-07,0.199525297,0.0078125
1,93,1,4,7.99845907e-07,1.04952107e-07,0.131215408,0.0078125
1,93,1,5,7.99845907e-07,5.48613954e-08,0.0685899556,0.0078125
1,93,1,6,7.99845907e-07,2.97631022e-08,0.0372110456,0.0078125
1,93,1,7,7.99845907e-07,1.72886718e-08,0.0216150023,0.0078125
1,93,1,8,7.99845907e-07,1.02355173e-08,0.0127968611,0.0078125
1,93,1,9,7.99845907e-07,6.25475582e-09,0.00781995058,0.0078125
1,94,1,0,8.99548013e-07,4.67528281e-07,0.519736886,0.0078125
1,94,1,1,8.99548013e-07,3.13398715e-07,0.348395765,0.0078125
1,94,1,2,8.99548013e-07,2.41015812e-07,0.267929912,0.0078125
1,94,1,3,8.99548013e-07,1.69613713e-07,0.188554376,0.0078125
1,94,1,4,8.99548013e-07,1.05528386e-07,0.117312677,0.0078125
1,94,1,5,8.99548013e-07,5.76784878e-08,0.0641194135,0.0078125
1,94,1,6,8.99548013e-07,3.18110409e-08,0.0353633612,0.0078125
1,94,1,7,8.99548013e-07,1.83222486e-08,0.0203682836,0.0078125
1,94,1,8,8.99548013e-07,1.10354046e-08,0.0122677218,0.0078125
1,94,1,9,8.99548013e-07,6.84386814e-09,0.00760811893,0.0078125
1,95,1,0,8.82465599e-07,4.81849497e-07,0.546026409,0.0078125
1,95,1,1,8.82465599e-07,3.43488551e-07,0.389237314,0.0078125
1,95,1,2,8.82465599e-07,2.66723617e-07,0.30224818,0.0078125
1,95,1,3,8.82465599e-07,1.7745937e-07,0.20109494,0.0078125
1,95,1,4,8.82465599e-07,1.04734681e-07,0.11868415,0.0078125
1,95,1,5,8.82465599e-07,5.39602034e-08,0.06114709,0.0078125
1,95,1,6,8.82465599e-07,2.86610842e-08,0.0324784145,0.0078125
1,95,1,7,8.82465599e-07,1.69316365e-08,0.0191867389,0.0078125
1,95,1,8,8.82465599e-07,1.03487103e-08,0.0117270406,0.0078125
1,95,1,9,8.82465599e-07,6.39364162e-09,0.00724520208,0.0078125
1,96,1,0,9.13654162e-07,4.63710734e-07,0.507534206,0.0078125
1,96,1,1,9.13654162e-07,3.1200878e-07,0.341495484,0.0078125
1,96,1,2,9.13654162e-07,2.47961594e-07,0.271395475,0.0078125
1,96,1,3,9.13654162e-07,1.74322011e-07,0.190796494,0.0078125
1,96,1,4,9.13654162e-07,1.05593649e-07,0.115572885,0.0078125
1,96,1,5,9.13654162e-07,5.55336328e-08,0.0607818961,0.0078125
1,96,1,6,9.13654162e-07,2.92249958e-08,0.0319869332,0.0078125
1,96,1,7,9.13654162e-07,1.63972782e-08,0.0179469194,0.0078125
1,96,1,8,9.13654162e-07,9.74672698e-09,0.0106678512,0.0078125
1,96,1,9,9.13654162e-07,6.0419274e-09,0.00661292626,0.0078125
1,97,1,0,8.56441773e-07,4.31663466e-07,0.504019618,0.0078125
1,97,1,1,8.56441773e-07,2.95505799e-07,0.34503898,0.0078125
1,97,1,2,8.56441773e-07,2.39922429e-07,0.280138642,0.0078125
1,97,1,3,8.56441773e-07,1.69886704e-07,0.198363408,0.0078125
1,97,1,4,8.56441773e-07,1.04077564e-07,0.121523224,0.0078125
1,97,1,5,8.56441773e-07,5.43493393e-08,0.0634594709,0.0078125
1,97,1,6,8.56441773e-07,2.84386381e-08,0.0332055725,0.0078125
1,97,1,7,8.56441773e-07,1.69557204e-08,0.0197978672,0.0078125
1,97,1,8,8.56441773e-07,1.02474162e-08,0.0119651053,0.0078125
1,97,1,9,8.56441773e-07,6.26001517e-09,0.0073093297,0.0078125
1,98,1,0,1.01958437e-06,4.4884618e-07,0.440224648,0.0078125
1,98,1,1,1.01958437e-06,3.25966312e-07,0.319705099,0.0078125
1,98,1,2,1.01958437e-06,2.71183183e-07,0.265974253,0.0078125
1,98,1,3,1.01958437e-06,1.92716158e-07,0.189014435,0.0078125
1,98,1,4,1.01958437e-06,1.11281736e-07,0.109144218,0.0078125
1,98,1,5,1.01958437e-06,6.07971771e-08,0.0596293733,0.0078125
1,98,1,6,1.01958437e-06,3.12621609e-08,0.0306616705,0.0078125
1,98,1,7,1.01958437e-06,1.81641475e-08,0.0178152472,0.0078125
1,98,1,8,1.01958437e-06,1.06520179e-08,0.0104474118,0.0078125
1,98,1,9,1.01958437e-06,6.49247722e-09,0.00636776863,0.0078125
1,99,1,0,9.17265197e-07,4.50457065e-07,0.491087049,0.0078125
1,99,1,1,9.17265197e-07,3.02206502e-07,0.329464704,0.0078125
1,99,1,2,9.17265197e-07,2.39576366e-07,0.261185497,0.0078125
1,99,1,3,9.17265197e-07,1.69591758e-07,0.184888467,0.0078125
1,99,1,4,9.17265197e-07,1.06096195e-07,0.115665779,0.0078125
1,99,1,5,9.17265197e-07,5.60455398e-08,0.0611006953,0.0078125
1,99,1,6,9.17265197e-07,2.93290139e-08,0.0319744088,0.0078125
1,99,1,7,9.17265197e-07,1.66618417e-08,0.0181646943,0.0078125
1,99,1,8,9.17265197e-07,9.89220261e-09,0.0107844518,0.0078125
1,99,1,9,9.17265197e-07,6.12538109e-09,0.00667787343,0.0078125
1,100,1,0,9.86856094e-07,5.04307252e-07,0.511024117,0.0078125
1,100,1,1,9.86856094e-07,3.27417837e-07,0.331778705,0.0078125
1,100,1,2,9.86856094e-07,2.58451564e-07,0.261893868,0.0078125
1,100,1,3,9.86856094e-07,1.82886879e-07,0.185322747,0.0078125
1,100,1,4,9.86856094e-07,1.04703808e-07,0.106098354,0.0078125
1,100,1,5,9.86856094e-07,5.41873462e-08,0.0549090654,0.0078125
1,100,1,6,9.86856094e-07,2.87483566e-08,0.0291312542,0.0078125
1,100,1,7,9.86856094e-07,1.65733578e-08,0.0167940985,0.0078125
1,100,1,8,9.86856094e-07,9.65035252e-09,0.00977888517,0.0078125
1,100,1,9,9.86856094e-07,5.8239773e-09,0.00590154668,0.0078125
1,101,1,0,1.07809819e-06,4.91506341e-07,0.455901265,0.0078125
1,101,1,1,1.07809819e-06,3.17733708e-07,0.294716865,0.0078125
1,101,1,2,1.07809819e-06,2.60533511e-07,0.241660282,0.0078125
1,101,1,3,1.07809819e-06,1.86706586e-07,0.17318143,0.0078125
1,101,1,4,1.07809819e-06,1.13088468e-07,0.104896262,0.0078125
1,101,1,5,1.07809819e-06,6.05885191e-08,0.0561994426,0.0078125
1,101,1,6,1.07809819e-06,3.10522488e-08,0.0288028028,0.0078125
1,101,1,7,1.07809819e-06,1.67706133e-08,0.0155557385,0.0078125
1,101,1,8,1.07809819e-06,9.68505898e-09,0.00898346677,0.0078125
1,101,1,9,1.07809819e-06,5.88779647e-09,0.00546128023,0.0078125
1,102,1,0,1.02107379e-06,5.01500267e-07,0.491149873,0.0078125
1,102,1,1,1.02107379e-06,3.23838009e-07,0.317154378,0.0078125
1,102,1,2,1.02107379e-06,2.55203418e-07,0.249936312,0.0078125
1,102,1,3,1.02107379e-06,1.84008599e-07,0.180210873,0.0078125
1,102,1,4,1.02107379e-06,1.09933332e-07,0.107664436,0.0078125
1,102,1,5,1.02107379e-06,5.77608787e-08,0.0565687604,0.0078125
1,102,1,6,1.02107379e-06,3.06221004e-08,0.0299900956,0.0078125
1,102,1,7,1.02107379e-06,1.76170083e-08,0.0172534138,0.0078125
1,102,1,8,1.02107379e-06,1.03694253e-08,0.0101554124,0.0078125
1,102,1,9,1.02107379e-06,6.34074748e-09,0.00620988198,0.0078125
1,103,1,0,1.02165427e-06,4.88362332e-07,0.47801134,0.0078125
1,103,1,1,1.02165427e-06,3.22071202e-07,0.315244794,0.0078125
1,103,1,2,1.02165427e-06,2.55164679e-07,0.249756381,0.0078125
1,103,1,3,1.02165427e-06,1.78351002e-07,0.174570799,0.0078125
1,103,1,4,1.02165427e-06,1.04107947e-07,0.101901345,0.0078125
1,103,1,5,1.02165427e-06,5.6539065e-08,0.0553407036,0.0078125
1,103,1,6,1.02165427e-06,3.02849124e-08,0.0296430141,0.0078125
1,103,1,7,1.02165427e-06,1.70983512e-08,0.0167359468,0.0078125
1,103,1,8,1.02165427e-06,1.01709654e-08,0.00995538849,0.0078125
1,103,1,9,1.02165427e-06,6.1988632e-09,0.00606747624,0.0078125
1,104,1,0,1.05237666e-06,5.08391281e-07,0.483088702,0.0078125
1,104,1,1,1.05237666e-06,3.19063304e-07,0.303183556,0.0078125
1,104,1,2,1.05237666e-06,2.43390446e-07,0.231276929,0.0078125
1,104,1,3,1.05237666e-06,1.79123248e-07,0.170208305,0.0078125
1,104,1,4,1.05237666e-06,1.09478663e-07,0.104029924,0.0078125
1,104,1,5,1.05237666e-06,5.91790901e-08,0.0562337525,0.0078125
1,104,1,6,1.05237666e-06,3.18765956e-08,0.0302901007,0.0078125
1,104,1,7,1.05237666e-06,1.75144006e-08,0.0166427102,0.0078125
1,104,1,8,1.05237666e-06,1.00979829e-08,0.00959540717,0.0078125
1,104,1,9,1.05237666e-06,6.16137186e-09,0.00585472118,0.0078125
1,105,1,0,1.0102824e-06,4.83999884e-07,0.479073852,0.0078125
1,105,1,1,1.0102824e-06,3.35101703e-07,0.331691116,0.0078125
1,105,1,2,1.0102824e-06,2.6849014e-07,0.265757501,0.0078125
1,105,1,3,1.0102824e-06,1.77955343e-07,0.176144153,0.0078125
1,105,1,4,1.0102824e-06,1.04939375e-07,0.103871331,0.0078125
1,105,1,5,1.0102824e-06,5.8126389e-08,0.0575347915,0.0078125
1,105,1,6,1.0102824e-06,3.06715329e-08,0.030359365,0.0078125
1,105,1,7,1.0102824e-06,1.71738819e-08,0.0169990901,0.0078125
1,105,1,8,1.0102824e-06,9.94457849e-09,0.00984336529,0.0078125
1,105,1,9,1.0102824e-06,6.01853767e-09,0.00595728261,0.0078125
1,106,1,0,1.03480329e-06,5.31856074e-07,0.513968289,0.0078125
1,106,1,1,1.03480329e-06,3.54881706e-07,0.342946053,0.0078125
1,106,1,2,1.03480329e-06,2.75449167e-07,0.266185045,0.0078125
1,106,1,3,1.03480329e-06,1.7941629e-07,0.173382029,0.0078125
1,106,1,4,1.03480329e-06,1.06160272e-07,0.102589808,0.0078125
1,106,1,5,1.03480329e-06,6.00320789e-08,0.0580130331,0.0078125
1,106,1,6,1.03480329e-06,3.37112738e-08,0.0325774699,0.0078125
1,106,1,7,1.03480329e-06,1.90971718e-08,0.0184548814,0.0078125
1,106,1,8,1.03480329e-06,1.1293773e-08,0.0109139327,0.0078125
1,106,1,9,1.03480329e-06,6.83363499e-09,0.00660380116,0.0078125
1,107,1,0,8.34037678e-07,4.85428302e-07,0.582022011,0.0078125
1,107,1,1,8.34037678e-07,3.54373753e-07,0.424889386,0.0078125
1,107,1,2,8.34037678e-07,2.8484726e-07,0.341528058,0.0078125
1,107,1,3,8.34037678e-07,1.83455839e-07,0.219961092,0.0078125
1,107,1,4,8.34037678e-07,1.06615609e-07,0.127830684,0.0078125
1,107,1,5,8.34037678e-07,5.78352157e-08,0.0693436489,0.0078125
1,107,1,6,8.34037678e-07,3.17048503e-08,0.0380136892,0.0078125
1,107,1,7,8.34037678e-07,1.87557845e-08,0.0224879347,0.0078125
1,107,1,8,8.34037678e-07,1.11215543e-08,0.0133345947,0.0078125
1,107,1,9,8.34037678e-07,6.82893697e-09,0.00818780437,0.0078125
1,108,1,0,9.65153504e-07,4.82733299e-07,0.500162184,0.0078125
1,108,1,1,9.65153504e-07,3.51792806e-07,0.364494145,0.0078125
1,108,1,2,9.65153504e-07,2.8334432e-07,0.293574363,0.0078125
1,108,1,3,9.65153504e-07,1.86511613e-07,0.193245545,0.0078125
1,108,1,4,9.65153504e-07,1.10266633e-07,0.114247769,0.0078125
1,108,1,5,9.65153504e-07,6.22787937e-08,0.0645273477,0.0078125
1,108,1,6,9.65153504e-07,3.3848135e-08,0.0350702107,0.0078125
1,108,1,7,9.65153504e-07,1.89726634e-08,0.019657664,0.0078125
1,108,1,8,9.65153504e-07,1.08111804e-08,0.0112015139,0.0078125
1,108,1,9,9.65153504e-07,6.44523324e-09,0.00667793583,0.0078125
1,109,1,0,9.53461267e-07,5.0729642e-07,0.532057703,0.0078125
1,109,1,1,9.53461267e-07,3.47004345e-07,0.363941729,0.0078125
1,109,1,2,9.53461267e-07,2.74321593e-07,0.287711322,0.0078125
1,109,1,3,9.53461267e-07,1.80250353e-07,0.189048424,0.0078125
1,109,1,4,9.53461267e-07,1.05600456e-07,0.110754848,0.0078125
1,109,1,5,9.53461267e-07,6.08963475e-08,0.0638687164,0.0078125
1,109,1,6,9.53461267e-07,3.41133628e-08,0.035778448,0.0078125
1,109,1,7,9.53461267e-07,1.94921252e-08,0.0204435419,0.0078125
1,109,1,8,9.53461267e-07,1.14151915e-08,0.0119723706,0.0078125
1,109,1,9,9.53461267e-07,6.96009561e-09,0.00729981996,0.0078125
1,110,1,0,1.11236466e-06,4.98173904e-07,0.447851241,0.0078125
1,110,1,1,1.11236466e-06,3.5349035e-07,0.317782789,0.0078125
1,110,1,2,1.11236466e-06,2.83450277e-07,0.254817754,0.0078125
1,110,1,3,1.11236466e-06,1.86906604e-07,0.168026373,0.0078125
1,110,1,4,1.11236466e-06,1.06770059e-07,0.0959847644,0.0078125
1,110,1,5,1.11236466e-06,5.93242255e-08,0.0533316359,0.0078125
1,110,1,6,1.11236466e-06,3.33555903e-08,0.0299862009,0.0078125
1,110,1,7,1.11236466e-06,1.91281586e-08,0.0171959419,0.0078125
1,110,1,8,1.11236466e-06,1.13087975e-08,0.0101664476,0.0078125
1,110,1,9,1.11236466e-06,6.67098554e-09,0.00599712087,0.0078125
1,111,1,0,9.53143058e-07,5.22278469e-07,0.547953904,0.0078125
1,111,1,1,9.53143058e-07,3.73261798e-07,0.391611516,0.0078125
1,111,1,2,9.53143058e-07,2.9495871e-07,0.309459001,0.0078125
1,111,1,3,9.53143058e-07,1.82300369e-07,0.191262335,0.0078125
1,111,1,4,9.53143058e-07,1.04490134e-07,0.109626919,0.0078125
1,111,1,5,9.53143058e-07,5.86709739e-08,0.0615552664,0.0078125
1,111,1,6,9.53143058e-07,3.26456657e-08,0.0342505425,0.0078125
1,111,1,7,9.53143058e-07,1.84680147e-08,0.019375911,0.0078125
1,111,1,8,9.53143058e-07,1.07250182e-08,0.0112522645,0.0078125
1,111,1,9,9.53143058e-07,6.37392716e-09,0.00668727234,0.0078125
1,112,1,0,9.26820405e-07,5.27248119e-07,0.568878412,0.0078125
1,112,1,1,9.26820405e-07,4.02609373e-07,0.434398472,0.0078125
1,112,1,2,9.26820405e-07,3.11426788e-07,0.336016327,0.0078125
1,112,1,3,9.26820405e-07,1.86065279e-07,0.200756565,0.0078125
1,112,1,4,9.26820405e-07,1.03071109e-07,0.111209363,0.0078125
1,112,1,5,9.26820405e-07,6.06927628e-08,0.0654849261,0.0078125
1,112,1,6,9.26820405e-07,3.43207631e-08,0.0370306522,0.0078125
1,112,1,7,9.26820405e-07,1.99557721e-08,0.0215314329,0.0078125
1,112,1,8,9.26820405e-07,1.16184644e-08,0.0125358319,0.0078125
1,112,1,9,9.26820405e-07,7.05603265e-09,0.00761316065,0.0078125
1,113,1,0,1.06482526e-06,5.10789619e-07,0.479693383,0.0078125
1,113,1,1,1.06482526e-06,3.47753655e-07,0.326582849,0.0078125
1,113,1,2,1.06482526e-06,2.7778475e-07,0.260873556,0.0078125
1,113,1,3,1.06482526e-06,1.87155521e-07,0.175761729,0.0078125
1,113,1,4,1.06482526e-06,1.05325405e-07,0.0989133269,0.0078125
1,113,1,5,1.06482526e-06,5.90887552e-08,0.0554915033,0.0078125
1,113,1,6,1.06482526e-06,3.39331798e-08,0.03186737,0.0078125
1,113,1,7,1.06482526e-06,1.9407759e-08,0.018226238,0.0078125
1,113,1,8,1.06482526e-06,1.14881731e-08,0.0107887872,0.0078125
1,113,1,9,1.06482526e-06,6.99586788e-09,0.00656996807,0.0078125
1,114,1,0,1.04812386e-06,5.0011846e-07,0.477155864,0.0078125
1,114,1,1,1.04812386e-06,3.54496649e-07,0.338220179,0.0078125
1,114,1,2,1.04812386e-06,2.77380394e-07,0.264644682,0.0078125
1,114,1,3,1.04812386e-06,1.81577647e-07,0.173240632,0.0078125
1,114,1,4,1.04812386e-06,1.04005011e-07,0.0992296934,0.0078125
1,114,1,5,1.04812386e-06,5.95395697e-08,0.0568058528,0.0078125
1,114,1,6,1.04812386e-06,3.38041097e-08,0.0322520174,0.0078125
1,114,1,7,1.04812386e-06,1.87255793e-08,0.0178658068,0.0078125
1,114,1,8,1.04812386e-06,1.09150147e-08,0.01041386,0.0078125
1,114,1,9,1.04812386e-06,6.40617825e-09,0.00611204328,0.0078125
1,115,1,0,9.49538389e-07,5.1488405e-07,0.542246699,0.0078125
1,115,1,1,9.49538389e-07,3.74627717e-07,0.394536674,0.0078125
1,115,1,2,9.49538389e-07,2.88026627e-07,0.303333312,0.0078125
1,115,1,3,9.49538389e-07,1.82207003e-07,0.191890091,0.0078125
1,115,1,4,9.49538389e-07,1.01111432e-07,0.10648483,0.0078125
1,115,1,5,9.49538389e-07,5.69792995e-08,0.0600073673,0.0078125
1,115,1,6,9.49538389e-07,3.15497246e-08,0.033226382,0.0078125
1,115,1,7,9.49538389e-07,1.84166105e-08,0.0193953309,0.0078125
1,115,1,8,9.49538389e-07,1.07208713e-08,0.0112906136,0.0078125
1,115,1,9,9.49538389e-07,6.49187282e-09,0.00683687255,0.0078125
1,116,1,0,1.08068036e-06,5.49362369e-07,0.508348644,0.0078125
1,116,1,1,1.08068036e-06,3.72883079e-07,0.345044732,0.0078125
1,116,1,2,1.08068036e-06,2.85279583e-07,0.263981462,0.0078125
1,116,1,3,1.08068036e-06,1.87888645e-07,0.173861444,0.0078125
1,116,1,4,1.08068036e-06,1.04937563e-07,0.0971032381,0.0078125
1,116,1,5,1.08068036e-06,6.00691337e-08,0.0555845536,0.0078125
1,116,1,6,1.08068036e-06,3.45871953e-08,0.0320050195,0.0078125
1,116,1,7,1.08068036e-06,2.00055119e-08,0.0185119603,0.0078125
1,116,1,8,1.08068036e-06,1.1978659e-08,0.0110843685,0.0078125
1,116,1,9,1.08068036e-06,7.2163453e-09,0.0066775945,0.0078125
1,117,1,0,1.04740093e-06,5.18786862e-07,0.495308757,0.0078125
1,117,1,1,1.04740093e-06,3.68428346e-07,0.351754844,0.0078125
1,117,1,2,1.04740093e-06,2.88569197e-07,0.275509775,0.0078125
1,117,1,3,1.04740093e-06,1.79079507e-07,0.170975134,0.0078125
1,117,1,4,1.04740093e-06,1.00424927e-07,0.095880121,0.0078125
1,117,1,5,1.04740093e-06,5.74751269e-08,0.0548740476,0.0078125
1,117,1,6,1.04740093e-06,3.25383596e-08,0.0310658105,0.0078125
1,117,1,7,1.04740093e-06,1.84771096e-08,0.0176409148,0.0078125
1,117,1,8,1.04740093e-06,1.05042695e-08,0.0100288903,0.0078125
1,117,1,9,1.04740093e-06,6.24601348e-09,0.00596334552,0.0078125
1,118,1,0,8.52370476e-07,4.90433706e-07,0.575376213,0.0078125
1,118,1,1,8.52370476e-07,3.47786226e-07,0.408022374,0.0078125
1,118,1,2,8.52370476e-07,2.66047806e-07,0.312126964,0.0078125
1,118,1,3,8.52370476e-07,1.72169692e-07,0.201989278,0.0078125
1,118,1,4,8.52370476e-07,9.97229463e-08,0.116994835,0.0078125
1,118,1,5,8.52370476e-07,5.68125245e-08,0.0666523874,0.0078125
1,118,1,6,8.52370476e-07,3.16037543e-08,0.0370774865,0.0078125
1,118,1,7,8.52370476e-07,1.8715685e-08,0.0219572186,0.0078125
1,118,1,8,8.52370476e-07,1.10489937e-08,0.0129626663,0.0078125
1,118,1,9,8.52370476e-07,6.76379575e-09,0.00793527719,0.0078125
1,119,1,0,1.04070023e-06,5.52360689e-07,0.530758679,0.0078125
1,119,1,1,1.04070023e-06,3.90242207e-07,0.37498042,0.0078125
1,119,1,2,1.04070023e-06,2.91345856e-07,0.279951751,0.0078125
1,119,1,3,1.04070023e-06,1.84790693e-07,0.177563801,0.0078125
1,119,1,4,1.04070023e-06,1.04453122e-07,0.10036812,0.0078125
1,119,1,5,1.04070023e-06,6.00881691e-08,0.057738211,0.0078125
1,119,1,6,1.04070023e-06,3.42853852e-08,0.032944534,0.0078125
1,119,1,7,1.04070023e-06,1.94478496e-08,0.0186872724,0.0078125
1,119,1,8,1.04070023e-06,1.12332783e-08,0.0107939616,0.0078125
1,119,1,9,1.04070023e-06,6.72313005e-09,0.00646019867,0.0078125
1,120,1,0,9.90264198e-07,5.61389299e-07,0.566908598,0.0078125
1,120,1,1,9.90264198e-07,4.20420918e-07,0.424554288,0.0078125
1,120,1,2,9.90264198e-07,3.05442569e-07,0.308445543,0.0078125
1,120,1,3,9.90264198e-07,1.83618653e-07,0.185423911,0.0078125
1,120,1,4,9.90264198e-07,1.05799906e-07,0.106840082,0.0078125
1,120,1,5,9.90264198e-07,6.18298515e-08,0.0624377318,0.0078125
1,120,1,6,9.90264198e-07,3.42365425e-08,0.0345731415,0.0078125
1,120,1,7,9.90264198e-07,1.98907877e-08,0.0200863443,0.0078125
1,120,1,8,9.90264198e-07,1.14046088e-08,0.0115167331,0.0078125
1,120,1,9,9.90264198e-07,7.06228853e-09,0.00713172136,0.0078125
1,121,1,0,9.57200086e-07,5.27265058e-07,0.550841033,0.0078125
1,121,1,1,9.57200086e-07,3.75767883e-07,0.39256984,0.0078125
1,121,1,2,9.57200086e-07,2.75888823e-07,0.288224816,0.0078125
1,121,1,3,9.57200086e-07,1.72848956e-07,0.180577666,0.0078125
1,121,1,4,9.57200086e-07,1.00579705e-07,0.105076991,0.0078125
1,121,1,5,9.57200086e-07,5.79622927e-08,0.0605539978,0.0078125
1,121,1,6,9.57200086e-07,3.14985193e-08,0.0329069346,0.0078125
1,121,1,7,9.57200086e-07,1.82407511e-08,0.0190563612,0.0078125
1,121,1,8,9.57200086e-07,1.06300861e-08,0.0111053959,0.0078125
1,121,1,9,9.57200086e-07,6.49946852e-09,0.00679008337,0.0078125
1,122,1,0,1.10893131e-06,5.90525701e-07,0.53251785,0.0078125
1,122,1,1,1.10893131e-06,3.98687462e-07,0.359524041,0.0078125
1,122,1,2,1.10893131e-06,3.02503508e-07,0.272788316,0.0078125
1,122,1,3,1.10893131e-06,1.91798875e-07,0.1729583,0.0078125
1,122,1,4,1.10893131e-06,1.10945905e-07,0.100047588,0.0078125
1,122,1,5,1.10893131e-06,6.44236025e-08,0.058095213,0.0078125
1,122,1,6,1.10893131e-06,3.58287018e-08,0.0323092155,0.0078125
1,122,1,7,1.10893131e-06,2.05009041e-08,0.0184870828,0.0078125
1,122,1,8,1.10893131e-06,1.20873347e-08,0.0108999852,0.0078125
1,122,1,9,1.10893131e-06,7.42096473e-09,0.00669199694,0.0078125
1,123,1,0,1.02879744e-06,5.79295715e-07,0.56308043,0.0078125
1,123,1,1,1.02879744e-06,3.81983398e-07,0.371291161,0.0078125
1,123,1,2,1.02879744e-06,2.74389038e-07,0.266708523,0.0078125
1,123,1,3,1.02879744e-06,1.78756167e-07,0.173752531,0.0078125
1,123,1,4,1.02879744e-06,1.07970372e-07,0.104948133,0.0078125
1,123,1,5,1.02879744e-06,6.14875617e-08,0.0597664416,0.0078125
1,123,1,6,1.02879744e-06,3.30659056e-08,0.0321403444,0.0078125
1,123,1,7,1.02879744e-06,1.84139406e-08,0.0178985093,0.0078125
1,123,1,8,1.02879744e-06,1.05718136e-08,0.0102758938,0.0078125
1,123,1,9,1.02879744e-06,6.44141762e-09,0.00626111357,0.0078125
1,124,1,0,9.83836003e-07,6.15191141e-07,0.62529844,0.0078125
1,124,1,1,9.83836003e-07,4.56426022e-07,0.463924915,0.0078125
1,124,1,2,9.83836003e-07,3.2171738e-07,0.327003062,0.0078125
1,124,1,3,9.83836003e-07,1.95136636e-07,0.198342651,0.0078125
1,124,1,4,9.83836003e-07,1.14143759e-07,0.116019093,0.0078125
1,124,1,5,9.83836003e-07,6.51020855e-08,0.0661716834,0.0078125
1,124,1,6,9.83836003e-07,3.47671687e-08,0.0353383794,0.0078125
1,124,1,7,9.83836003e-07,2.00011705e-08,0.0203297809,0.0078125
1,124,1,8,9.83836003e-07,1.15891705e-08,0.0117795756,0.0078125
1,124,1,9,9.83836003e-07,7.26004634e-09,0.00737932557,0.0078125
1,125,1,0,1.13315241e-06,5.55425856e-07,0.490159899,0.0078125
1,125,1,1,1.13315241e-06,3.70194783e-07,0.326694608,0.0078125
1,125,1,2,1.13315241e-06,2.86473181e-07,0.252810806,0.0078125
1,125,1,3,1.13315241e-06,1.96858636e-07,0.173726529,0.0078125
1,125,1,4,1.13315241e-06,1.17742324e-07,0.103906877,0.0078125
1,125,1,5,1.13315241e-06,6.76485996e-08,0.059699472,0.0078125
1,125,1,6,1.13315241e-06,3.77526312e-08,0.0333164632,0.0078125
1,125,1,7,1.13315241e-06,2.15872404e-08,0.0190506056,0.0078125
1,125,1,8,1.13315241e-06,1.24317321e-08,0.0109709268,0.0078125
1,125,1,9,1.13315241e-06,7.54970753e-09,0.00666257041,0.0078125
1,126,1,0,1.0465476e-06,5.68898372e-07,0.543595314,0.0078125
1,126,1,1,1.0465476e-06,3.97273794e-07,0.379604131,0.0078125
1,126,1,2,1.0465476e-06,2.99446498e-07,0.286127925,0.0078125
1,126,1,3,1.0465476e-06,1.98532931e-07,0.189702719,0.0078125
1,126,1,4,1.0465476e-06,1.21530832e-07,0.116125472,0.0078125
1,126,1,5,1.0465476e-06,6.84316177e-08,0.0653879642,0.0078125
1,126,1,6,1.0465476e-06,3.71506346e-08,0.0354982764,0.0078125
1,126,1,7,1.0465476e-06,2.1044853e-08,0.0201088358,0.0078125
1,126,1,8,1.0465476e-06,1.19471615e-08,0.0114157842,0.0078125
1,126,1,9,1.0465476e-06,7.43161932e-09,0.00710108085,0.0078125
1,127,1,0,9.99751364e-07,5.23399081e-07,0.523529232,0.0078125
1,127,1,1,9.99751364e-07,3.60862913e-07,0.360952646,0.0078125
1,127,1,2,9.99751364e-07,2.69465488e-07,0.269532502,0.0078125
1,127,1,3,9.99751364e-07,1.89349691e-07,0.189396784,0.0078125
1,127,1,4,9.99751364e-07,1.17033473e-07,0.117062576,0.0078125
1,127,1,5,9.99751364e-07,6.56509442e-08,0.0656672716,0.0078125
1,127,1,6,9.99751364e-07,3.59586849e-08,0.0359676294,0.0078125
1,127,1,7,9.99751364e-07,2.06335553e-08,0.0206386875,0.0078125
1,127,1,8,9.99751364e-07,1.21224932e-08,0.0121255079,0.0078125
1,127,1,9,9.99751364e-07,7.56057705e-09,0.00756245712,0.0078125
1,128,1,0,1.2310411e-06,5.90119669e-07,0.479366332,0.0078125
1,128,1,1,1.2310411e-06,3.79757296e-07,0.308484674,0.0078125
1,128,1,2,1.2310411e-06,2.87432613e-07,0.233487427,0.0078125
1,128,1,3,1.2310411e-06,2.00538381e-07,0.162901446,0.0078125
1,128,1,4,1.2310411e-06,1.23373297e-07,0.100218669,0.0078125
1,128,1,5,1.2310411e-06,6.90702748e-08,0.0561072044,0.0078125
1,128,1,6,1.2310411e-06,3.71922084e-08,0.0302119963,0.0078125
1,128,1,7,1.2310411e-06,2.15680558e-08,0.0175201744,0.0078125
1,128,1,8,1.2310411e-06,1.24477371e-08,0.0101115527,0.0078125
1,128,1,9,1.2310411e-06,7.73745956e-09,0.00628529768,0.0078125
1,129,1,0,1.04886385e-06,5.59936097e-07,0.533850133,0.0078125
1,129,1,1,1.04886385e-06,3.76357093e-07,0.358823597,0.0078125
1,129,1,2,1.04886385e-06,2.78813047e-07,0.265823871,0.0078125
1,129,1,3,1.04886385e-06,1.96901524e-07,0.18772839,0.0078125
1,129,1,4,1.04886385e-06,1.23009471e-07,0.117278777,0.0078125
1,129,1,5,1.04886385e-06,6.79545735e-08,0.0647887439,0.0078125
1,129,1,6,1.04886385e-06,3.66218025e-08,0.0349156894,0.0078125
1,129,1,7,1.04886385e-06,2.10421369e-08,0.0200618375,0.0078125
1,129,1,8,1.04886385e-06,1.21151542e-08,0.0115507403,0.0078125
1,129,1,9,1.04886385e-06,7.46827578e-09,0.00712034805,0.0078125
1,130,1,0,1.09314658e-06,6.12717599e-07,0.560508192,0.0078125
1,130,1,1,1.09314658e-06,4.01747201e-07,0.367514491,0.0078125
1,130,1,2,1.09314658e-06,2.84658483e-07,0.260402858,0.0078125
1,130,1,3,1.09314658e-06,1.92753532e-07,0.176329076,0.0078125
1,130,1,4,1.09314658e-06,1.18093524e-07,0.108030826,0.0078125
1,130,1,5,1.09314658e-06,6.49014069e-08,0.0593711846,0.0078125
1,130,1,6,1.09314658e-06,3.5200447e-08,0.0322010294,0.0078125
1,130,1,7,1.09314658e-06,2.00333368e-08,0.0183263049,0.0078125
1,130,1,8,1.09314658e-06,1.15360654e-08,0.0105530815,0.0078125
1,130,1,9,1.09314658e-06,7.27323179e-09,0.00665348256,0.0078125
1,131,1,0,1.1675603e-06,6.21931008e-07,0.532675683,0.0078125
1,131,1,1,1.1675603e-06,3.87506248e-07,0.331893981,0.0078125
1,131,1,2,1.1675603e-06,2.86625465e-07,0.245490924,0.0078125
1,131,1,3,1.1675603e-06,1.9707953e-07,0.168796018,0.0078125
1,131,1,4,1.1675603e-06,1.21912947e-07,0.104416832,0.0078125
1,131,1,5,1.1675603e-06,6.85221977e-08,0.0586883575,0.0078125
1,131,1,6,1.1675603e-06,3.72269326e-08,0.031884376,0.0078125
1,131,1,7,1.1675603e-06,2.1418666e-08,0.0183448046,0.0078125
1,131,1,8,1.1675603e-06,1.23581465e-08,0.0105845891,0.0078125
1,131,1,9,1.1675603e-06,7.60996244e-09,0.00651783263,0.0078125
1,132,1,0,1.11094619e-06,5.73011448e-07,0.515786886,0.0078125
1,132,1,1,1.11094619e-06,3.77261472e-07,0.339585721,0.0078125
1,132,1,2,1.11094619e-06,2.74844808e-07,0.24739705,0.0078125
1,132,1,3,1.11094619e-06,1.89791649e-07,0.170837849,0.0078125
1,132,1,4,1.11094619e-06,1.16306225e-07,0.10469114,0.0078125
1,132,1,5,1.11094619e-06,6.42385558e-08,0.0578232817,0.0078125
1,132,1,6,1.11094619e-06,3.47251046e-08,0.0312572345,0.0078125
1,132,1,7,1.11094619e-06,1.9815241e-08,0.017836364,0.0078125
1,132,1,8,1.11094619e-06,1.14334071e-08,0.0102915941,0.0078125
1,132,1,9,1.11094619e-06,7.08003167e-09,0.00637297425,0.0078125
1,133,1,0,1.10405199e-06,5.50620541e-07,0.498726994,0.0078125
1,133,1,1,1.10405199e-06,3.53282729e-07,0.319987416,0.0078125
1,133,1,2,1.10405199e-06,2.65014052e-07,0.24003765,0.0078125
1,133,1,3,1.10405199e-06,1.91631642e-07,0.173571214,0.0078125
1,133,1,4,1.10405199e-06,1.15603115e-07,0.104708038,0.0078125
1,133,1,5,1.10405199e-06,6.27137524e-08,0.05680326,0.0078125
1,133,1,6,1.10405199e-06,3.47445557e-08,0.0314700343,0.0078125
1,133,1,7,1.10405199e-06,1.99065493e-08,0.018030446,0.0078125
1,133,1,8,1.10405199e-06,1.13501466e-08,0.0102804461,0.0078125
1,133,1,9,1.10405199e-06,7.03312919e-09,0.00637028785,0.0078125
1,134,1,0,1.18452886e-06,6.08263576e-07,0.51350677,0.0078125
1,134,1,1,1.18452886e-06,4.06599781e-07,0.343258649,0.0078125
1,134,1,2,1.18452886e-06,2.85015858e-07,0.240615383,0.0078125
1,134,1,3,1.18452886e-06,1.84654908e-07,0.1558889,0.0078125
1,134,1,4,1.18452886e-06,1.11132096e-07,0.0938196629,0.0078125
1,134,1,5,1.18452886e-06,6.27761736e-08,0.0529967435,0.0078125
1,134,1,6,1.18452886e-06,3.49245006e-08,0.0294838753,0.0078125
1,134,1,7,1.18452886e-06,1.97748786e-08,0.016694298,0.0078125
1,134,1,8,1.18452886e-06,1.11426131e-08,0.00940678921,0.0078125
1,134,1,9,1.18452886e-06,6.8453283e-09,0.00577894598,0.0078125
1,135,1,0,1.04730407e-06,5.73208695e-07,0.547318339,0.0078125
1,135,1,1,1.04730407e-06,4.05261687e-07,0.386957049,0.0078125
1,135,1,2,1.04730407e-06,2.90754514e-07,0.277621865,0.0078125
1,135,1,3,1.04730407e-06,1.87565163e-07,0.179093316,0.0078125
1,135,1,4,1.04730407e-06,1.10649722e-07,0.105651952,0.0078125
1,135,1,5,1.04730407e-06,6.22088976e-08,0.0593990795,0.0078125
1,135,1,6,1.04730407e-06,3.4899692e-08,0.0333233625,0.0078125
1,135,1,7,1.04730407e-06,1.99077856e-08,0.0190086011,0.0078125
1,135,1,8,1.04730407e-06,1.12511191e-08,0.0107429344,0.0078125
1,135,1,9,1.04730407e-06,6.99208469e-09,0.00667627016,0.0078125
1,136,1,0,1.18708488e-06,6.31195689e-07,0.531719089,0.0078125
1,136,1,1,1.18708488e-06,4.02230285e-07,0.338838696,0.0078125
1,136,1,2,1.18708488e-06,2.91434787e-07,0.245504588,0.0078125
1,136,1,3,1.18708488e-06,1.91081028e-07,0.160966605,0.0078125
1,136,1,4,1.18708488e-06,1.11865155e-07,0.0942351818,0.0078125
1,136,1,5,1.18708488e-06,6.11053679e-08,0.0514751449,0.0078125
1,136,1,6,1.18708488e-06,3.41165709e-08,0.0287397914,0.0078125
1,136,1,7,1.18708488e-06,1.97008259e-08,0.0165959708,0.0078125
1,136,1,8,1.18708488e-06,1.14742624e-08,0.00966591574,0.0078125
1,136,1,9,1.18708488e-06,6.94339386e-09,0.00584911322,0.0078125
1,137,1,0,1.15467878e-06,6.19554442e-07,0.536559999,0.0078125
1,137,1,1,1.15467878e-06,3.86808267e-07,0.334992111,0.0078125
1,137,1,2,1.15467878e-06,2.84865337e-07,0.246705264,0.0078125
1,137,1,3,1.15467878e-06,1.89258344e-07,0.163905621,0.0078125
1,137,1,4,1.15467878e-06,1.10108019e-07,0.0953581408,0.0078125
1,137,1,5,1.15467878e-06,6.20211793e-08,0.0537129305,0.0078125
1,137,1,6,1.15467878e-06,3.51133558e-08,0.0304096304,0.0078125
1,137,1,7,1.15467878e-06,2.04933279e-08,0.0177480765,0.0078125
1,137,1,8,1.15467878e-06,1.16891838e-08,0.0101233209,0.0078125
1,137,1,9,1.15467878e-06,7.19919191e-09,0.00623480044,0.0078125
1,138,1,0,1.05882589e-06,6.08407845e-07,0.574606121,0.0078125
1,138,1,1,1.05882589e-06,4.14612117e-07,0.391577244,0.0078125
1,138,1,2,1.05882589e-06,3.00317765e-07,0.283632815,0.0078125
1,138,1,3,1.05882589e-06,1.97932167e-07,0.186935514,0.0078125
1,138,1,4,1.05882589e-06,1.14424687e-07,0.10806752,0.0078125
1,138,1,5,1.05882589e-06,6.20313187e-08,0.058585003,0.0078125
1,138,1,6,1.05882589e-06,3.4774402e-08,0.0328424163,0.0078125
1,138,1,7,1.05882589e-06,1.96209236e-08,0.0185308307,0.0078125
1,138,1,8,1.05882589e-06,1.12713741e-08,0.0106451632,0.0078125
1,138,1,9,1.05882589e-06,6.85386192e-09,0.00647307746,0.0078125
1,139,1,0,1.20335267e-06,6.29693659e-07,0.523282707,0.0078125
1,139,1,1,1.20335267e-06,4.07814241e-07,0.338898361,0.0078125
1,139,1,2,1.20335267e-06,3.01402451e-07,0.25046894,0.0078125
1,139,1,3,1.20335267e-06,2.06154525e-07,0.171316803,0.0078125
1,139,1,4,1.20335267e-06,1.19821095e-07,0.0995727181,0.0078125
1,139,1,5,1.20335267e-06,6.66287079e-08,0.0553692281,0.0078125
1,139,1,6,1.20335267e-06,3.83749743e-08,0.0318900496,0.0078125
1,139,1,7,1.20335267e-06,2.23471179e-08,0.0185707137,0.0078125
1,139,1,8,1.20335267e-06,1.25900765e-08,0.0104624992,0.0078125
1,139,1,9,1.20335267e-06,7.55359686e-09,0.00627712626,0.0078125
1,140,1,0,1.06143148e-06,5.90354489e-07,0.556187093,0.0078125
1,140,1,1,1.06143148e-06,3.94023971e-07,0.371219426,0.0078125
1,140,1,2,1.06143148e-06,2.97308333e-07,0.280101299,0.0078125
1,140,1,3,1.06143148e-06,2.03537709e-07,0.191757753,0.0078125
1,140,1,4,1.06143148e-06,1.19139251e-07,0.112243943,0.0078125
1,140,1,5,1.06143148e-06,6.49352998e-08,0.061177101,0.0078125
1,140,1,6,1.06143148e-06,3.55936756e-08,0.0335336551,0.0078125
1,140,1,7,1.06143148e-06,2.06416981e-08,0.019447038,0.0078125
1,140,1,8,1.06143148e-06,1.18653531e-08,0.0111786332,0.0078125
1,140,1,9,1.06143148e-06,7.22812787e-09,0.00680979248,0.0078125
1,141,1,0,1.00003285e-06,5.21184177e-07,0.52116704,0.0078125
1,141,1,1,1.00003285e-06,3.62149052e-07,0.362137169,0.0078125
1,141,1,2,1.00003285e-06,2.80415207e-07,0.280405998,0.0078125
1,141,1,3,1.00003285e-06,1.97431461e-07,0.197424978,0.0078125
1,141,1,4,1.00003285e-06,1.15672648e-07,0.115668848,0.0078125
1,141,1,5,1.00003285e-06,6.40616875e-08,0.0640595853,0.0078125
1,141,1,6,1.00003285e-06,3.5525261e-08,0.0355240926,0.0078125
1,141,1,7,1.00003285e-06,2.08712443e-08,0.0208705589,0.0078125
1,141,1,8,1.00003285e-06,1.1978452e-08,0.0119780581,0.0078125
1,141,1,9,1.00003285e-06,7.49757589e-09,0.00749732973,0.0078125
1,142,1,0,1.06179266e-06,5.8049352e-07,0.546710789,0.0078125
1,142,1,1,1.06179266e-06,4.11758322e-07,0.387795419,0.0078125
1,142,1,2,1.06179266e-06,3.22814458e-07,0.304027766,0.0078125
1,142,1,3,1.06179266e-06,2.24892318e-07,0.21180436,0.0078125
1,142,1,4,1.06179266e-06,1.27988983e-07,0.12054047,0.0078125
1,142,1,5,1.06179266e-06,6.94382649e-08,0.0653971955,0.0078125
1,142,1,6,1.06179266e-06,3.88737185e-08,0.0366114043,0.0078125
1,142,1,7,1.06179266e-06,2.21927952e-08,0.0209012516,0.0078125
1,142,1,8,1.06179266e-06,1.32880986e-08,0.0125147775,0.0078125
1,142,1,9,1.06179266e-06,8.23892776e-09,0.00775945047,0.0078125
1,143,1,0,9.89115847e-07,5.83944313e-07,0.590369999,0.0078125
1,143,1,1,9.89115847e-07,4.25581675e-07,0.430264741,0.0078125
1,143,1,2,9.89115847e-07,3.27566113e-07,0.331170619,0.0078125
1,143,1,3,9.89115847e-07,2.14078227e-07,0.216433927,0.0078125
1,143,1,4,9.89115847e-07,1.21445098e-07,0.12278147,0.0078125
1,143,1,5,9.89115847e-07,6.5837213e-08,0.066561684,0.0078125
1,143,1,6,9.89115847e-07,3.68340558e-08,0.0372393765,0.0078125
1,143,1,7,9.89115847e-07,2.15664109e-08,0.0218037255,0.0078125
1,143,1,8,9.89115847e-07,1.26518378e-08,0.012791058,0.0078125
1,143,1,9,9.89115847e-07,7.89205856e-09,0.0079789022,0.0078125
1,144,1,0,1.02423905e-06,5.72474846e-07,0.558927,0.0078125
1,144,1,1,1.02423905e-06,4.10268569e-07,0.400559396,0.0078125
1,144,1,2,1.02423905e-06,3.17256962e-07,0.309748948,0.0078125
1,144,1,3,1.02423905e-06,2.11341188e-07,0.206339702,0.0078125
1,144,1,4,1.02423905e-06,1.22814114e-07,0.119907662,0.0078125
1,144,1,5,1.02423905e-06,6.51881535e-08,0.0636454448,0.0078125
1,144,1,6,1.02423905e-06,3.69129296e-08,0.036039371,0.0078125
1,144,1,7,1.02423905e-06,2.10782432e-08,0.0205794182,0.0078125
1,144,1,8,1.02423905e-06,1.23623929e-08,0.0120698316,0.0078125
1,144,1,9,1.02423905e-06,7.59334373e-09,0.00741364388,0.0078125
1,145,1,0,1.11472946e-06,5.66812048e-07,0.508475006,0.0078125
1,145,1,1,1.11472946e-06,3.99036281e-07,0.35796693,0.0078125
1,145,1,2,1.11472946e-06,3.12961163e-07,0.280750781,0.0078125
1,145,1,3,1.11472946e-06,2.18556593e-07,0.196062461,0.0078125
1,145,1,4,1.11472946e-06,1.23642209e-07,0.110916786,0.0078125
1,145,1,5,1.11472946e-06,6.80944936e-08,0.0610861182,0.0078125
1,145,1,6,1.11472946e-06,3.82082419e-08,0.0342758,0.0078125
1,145,1,7,1.11472946e-06,2.19506067e-08,0.0196914207,0.0078125
1,145,1,8,1.11472946e-06,1.27690409e-08,0.0114548337,0.0078125
1,145,1,9,1.11472946e-06,8.00942868e-09,0.00718508754,0.0078125
1,146,1,0,1.07892049e-06,6.03215483e-07,0.559091687,0.0078125
1,146,1,1,1.07892049e-06,4.24549086e-07,0.393494308,0.0078125
1,146,1,2,1.07892049e-06,3.19503243e-07,0.296132326,0.0078125
1,146,1,3,1.07892049e-06,2.14463952e-07,0.198776424,0.0078125
1,146,1,4,1.07892049e-06,1.22555477e-07,0.113590829,0.0078125
1,146,1,5,1.07892049e-06,6.70486529e-08,0.0621442012,0.0078125
1,146,1,6,1.07892049e-06,3.90466823e-08,0.0361905098,0.0078125
1,146,1,7,1.07892049e-06,2.26870664e-08,0.0210275613,0.0078125
1,146,1,8,1.07892049e-06,1.3467127e-08,0.0124820387,0.0078125
1,146,1,9,1.07892049e-06,8.35678282e-09,0.00774550391,0.0078125
1,147,1,0,1.07986318e-06,5.51970061e-07,0.511148155,0.0078125
1,147,1,1,1.07986318e-06,4.05488123e-07,0.375499547,0.0078125
1,147,1,2,1.07986318e-06,3.1861245e-07,0.295048892,0.0078125
1,147,1,3,1.07986318e-06,2.11572484e-07,0.195925266,0.0078125
1,147,1,4,1.07986318e-06,1.19669764e-07,0.110819377,0.0078125
1,147,1,5,1.07986318e-06,6.49685532e-08,0.0601636879,0.0078125
1,147,1,6,1.07986318e-06,3.72394311e-08,0.0344853252,0.0078125
1,147,1,7,1.07986318e-06,2.17825598e-08,0.020171592,0.0078125
1,147,1,8,1.07986318e-06,1.27265309e-08,0.0117853181,0.0078125
1,147,1,9,1.07986318e-06,7.90048382e-09,0.00731618982,0.0078125
1,148,1,0,1.14587613e-06,6.22642858e-07,0.543377101,0.0078125
1,148,1,1,1.14587613e-06,4.32471211e-07,0.377415329,0.0078125
1,148,1,2,1.14587613e-06,3.18887203e-07,0.278291166,0.0078125
1,148,1,3,1.14587613e-06,2.06689691e-07,0.180376992,0.0078125
1,148,1,4,1.14587613e-06,1.18881744e-07,0.103747465,0.0078125
1,148,1,5,1.14587613e-06,6.5810049e-08,0.0574320778,0.0078125
1,148,1,6,1.14587613e-06,3.74952371e-08,0.0327218957,0.0078125
1,148,1,7,1.14587613e-06,2.14857785e-08,0.0187505241,0.0078125
1,148,1,8,1.14587613e-06,1.28760034e-08,0.0112368194,0.0078125
1,148,1,9,1.14587613e-06,7.95181521e-09,0.00693950662,0.0078125
1,149,1,0,1.15958301e-06,5.77797891e-07,0.498280764,0.0078125
1,149,1,1,1.15958301e-06,4.29537948e-07,0.370424479,0.0078125
1,149,1,2,1.15958301e-06,3.38236276e-07,0.291687846,0.0078125
1,149,1,3,1.15958301e-06,2.18751254e-07,0.18864648,0.0078125
1,149,1,4,1.15958301e-06,1.19995036e-07,0.103481196,0.0078125
1,149,1,5,1.15958301e-06,6.53464198e-08,0.056353379,0.0078125
1,149,1,6,1.15958301e-06,3.79018772e-08,0.0326857828,0.0078125
1,149,1,7,1.15958301e-06,2.19015028e-08,0.018887395,0.0078125
1,149,1,8,1.15958301e-06,1.26029089e-08,0.0108684832,0.0078125
1,149,1,9,1.15958301e-06,7.521745e-09,0.00648659468,0.0078125
1,150,1,0,1.13341173e-06,6.06782294e-07,0.535359085,0.0078125
1,150,1,1,1.13341173e-06,4.35675105e-07,0.384392619,0.0078125
1,150,1,2,1.13341173e-06,3.2598092e-07,0.287610322,0.0078125
1,150,1,3,1.13341173e-06,2.04599019e-07,0.180516064,0.0078125
1,150,1,4,1.13341173e-06,1.1170188e-07,0.098553665,0.0078125
1,150,1,5,1.13341173e-06,6.13785858e-08,0.0541538298,0.0078125
1,150,1,6,1.13341173e-06,3.63521231e-08,0.0320731848,0.0078125
1,150,1,7,1.13341173e-06,2.08864517e-08,0.0184279475,0.0078125
1,150,1,8,1.13341173e-06,1.21820998e-08,0.0107481685,0.0078125
1,150,1,9,1.13341173e-06,7.3021349e-09,0.00644261437,0.0078125
1,151,1,0,1.14339241e-06,5.80746473e-07,0.507915258,0.0078125
1,151,1,1,1.14339241e-06,4.14137162e-07,0.362200379,0.0078125
1,151,1,2,1.14339241e-06,3.17469272e-07,0.277655572,0.0078125
1,151,1,3,1.14339241e-06,2.05530711e-07,0.179755181,0.0078125
1,151,1,4,1.14339241e-06,1.16390126e-07,0.101793684,0.0078125
1,151,1,5,1.14339241e-06,6.28294643e-08,0.0549500436,0.0078125
1,151,1,6,1.14339241e-06,3.63794896e-08,0.0318171531,0.0078125
1,151,1,7,1.14339241e-06,2.06361452e-08,0.0180481747,0.0078125
1,151,1,8,1.14339241e-06,1.21804442e-08,0.0106528997,0.0078125
1,151,1,9,1.14339241e-06,7.51350093e-09,0.0065712356,0.0078125
1,152,1,0,1.20114817e-06,5.87058196e-07,0.488747537,0.0078125
1,152,1,1,1.20114817e-06,3.96859008e-07,0.330399722,0.0078125
1,152,1,2,1.20114817e-06,2.99106375e-07,0.249017045,0.0078125
1,152,1,3,1.20114817e-06,1.9805529e-07,0.164888307,0.0078125
1,152,1,4,1.20114817e-06,1.12753085e-07,0.0938710868,0.0078125
1,152,1,5,1.20114817e-06,6.20756566e-08,0.0516802669,0.0078125
1,152,1,6,1.20114817e-06,3.66202855e-08,0.030487733,0.0078125
1,152,1,7,1.20114817e-06,2.11093223e-08,0.0175742861,0.0078125
1,152,1,8,1.20114817e-06,1.19914532e-08,0.00998332538,0.0078125
1,152,1,9,1.20114817e-06,7.26303817e-09,0.00604674639,0.0078125
1,153,1,0,1.13388364e-06,5.49639196e-07,0.484740376,0.0078125
1,153,1,1,1.13388364e-06,3.79363485e-07,0.33457002,0.0078125
1,153,1,2,1.13388364e-06,2.85626328e-07,0.251900911,0.0078125
1,153,1,3,1.13388364e-06,1.82061811e-07,0.16056481,0.0078125
1,153,1,4,1.13388364e-06,1.07020028e-07,0.0943836048,0.0078125
1,153,1,5,1.13388364e-06,5.98636092e-08,0.0527951978,0.0078125
1,153,1,6,1.13388364e-06,3.52339278e-08,0.0310736708,0.0078125
1,153,1,7,1.13388364e-06,2.01535801e-08,0.0177739412,0.0078125
1,153,1,8,1.13388364e-06,1.21418617e-08,0.0107082082,0.0078125
1,153,1,9,1.13388364e-06,7.53821539e-09,0.00664813817,0.0078125
1,154,1,0,1.1414827e-06,5.6713634e-07,0.496841818,0.0078125
1,154,1,1,1.1414827e-06,4.1086372e-07,0.359938622,0.0078125
1,154,1,2,1.1414827e-06,3.21295403e-07,0.281471997,0.0078125
1,154,1,3,1.1414827e-06,2.11679335e-07,0.185442433,0.0078125
1,154,1,4,1.1414827e-06,1.1751316e-07,0.102947824,0.0078125
1,154,1,5,1.1414827e-06,6.56094699e-08,0.0574774109,0.0078125
1,154,1,6,1.1414827e-06,3.7957534e-08,0.0332528315,0.0078125
1,154,1,7,1.1414827e-06,2.12355289e-08,0.0186034609,0.0078125
1,154,1,8,1.1414827e-06,1.287387e-08,0.0112782,0.0078125
1,154,1,9,1.1414827e-06,8.0038598e-09,0.00701180985,0.0078125
1,155,1,0,1.09818961e-06,5.74457204e-07,0.523094714,0.0078125
1,155,1,1,1.09818961e-06,3.82550894e-07,0.348346859,0.0078125
1,155,1,2,1.09818961e-06,2.883028e-07,0.262525529,0.0078125
1,155,1,3,1.09818961e-06,1.95501229e-07,0.178021386,0.0078125
1,155,1,4,1.09818961e-06,1.10850777e-07,0.100939564,0.0078125
1,155,1,5,1.09818961e-06,6.21222682e-08,0.0565678887,0.0078125
1,155,1,6,1.09818961e-06,3.57906451e-08,0.0325905867,0.0078125
1,155,1,7,1.09818961e-06,2.04211066e-08,0.0185952466,0.0078125
1,155,1,8,1.09818961e-06,1.21990826e-08,0.0111083575,0.0078125
1,155,1,9,1.09818961e-06,7.32322203e-09,0.00666844938,0.0078125
1,156,1,0,1.21084804e-06,6.0607789e-07,0.500540018,0.0078125
1,156,1,1,1.21084804e-06,3.89967511e-07,0.322061479,0.0078125
1,156,1,2,1.21084804e-06,3.01579377e-07,0.249064595,0.0078125
1,156,1,3,1.21084804e-06,1.98797409e-07,0.164180309,0.0078125
1,156,1,4,1.21084804e-06,1.12758649e-07,0.0931236967,0.0078125
1,156,1,5,1.21084804e-06,6.1589688e-08,0.05086492,0.0078125
1,156,1,6,1.21084804e-06,3.63322918e-08,0.030005658,0.0078125
1,156,1,7,1.21084804e-06,2.08499848e-08,0.0172193237,0.0078125
1,156,1,8,1.21084804e-06,1.2520939e-08,0.0103406357,0.0078125
1,156,1,9,1.21084804e-06,7.6787261e-09,0.0063416101,0.0078125
1,157,1,0,1.21159508e-06,5.72384124e-07,0.472421974,0.0078125
1,157,1,1,1.21159508e-06,3.84565197e-07,0.317404062,0.0078125
1,157,1,2,1.21159508e-06,2.96745753e-07,0.24492155,0.0078125
1,157,1,3,1.21159508e-06,2.0439245e-07,0.168697,0.0078125
1,157,1,4,1.21159508e-06,1.15117579e-07,0.0950132459,0.0078125
1,157,1,5,1.21159508e-06,6.37304538e-08,0.0526004545,0.0078125
1,157,1,6,1.21159508e-06,3.70943596e-08,0.0306161363,0.0078125
1,157,1,7,1.21159508e-06,2.11290878e-08,0.0174390674,0.0078125
1,157,1,8,1.21159508e-06,1.30271447e-08,0.0107520614,0.0078125
1,157,1,9,1.21159508e-06,7.99466893e-09,0.00659846608,0.0078125
1,158,1,0,1.2368813e-06,6.2042028e-07,0.501600504,0.0078125
1,158,1,1,1.2368813e-06,3.89810083e-07,0.315155625,0.0078125
1,158,1,2,1.2368813e-06,2.94463945e-07,0.238069683,0.0078125
1,158,1,3,1.2368813e-06,2.04836539e-07,0.165607274,0.0078125
1,158,1,4,1.2368813e-06,1.14828531e-07,0.0928371474,0.0078125
1,158,1,5,1.2368813e-06,6.41073541e-08,0.0518298335,0.0078125
1,158,1,6,1.2368813e-06,3.72900431e-08,0.030148441,0.0078125
1,158,1,7,1.2368813e-06,2.12577032e-08,0.0171865337,0.0078125
1,158,1,8,1.2368813e-06,1.32436524e-08,0.0107072946,0.0078125
1,158,1,9,1.2368813e-06,8.26345747e-09,0.0066808816,0.0078125
1,159,1,0,1.22631241e-06,6.16845568e-07,0.503008485,0.0078125
1,159,1,1,1.22631241e-06,4.20047201e-07,0.342528701,0.0078125
1,159,1,2,1.22631241e-06,3.25124148e-07,0.265123427,0.0078125
1,159,1,3,1.22631241e-06,2.10556223e-07,0.171698675,0.0078125
1,159,1,4,1.22631241e-06,1.1974457e-07,0.0976460576,0.0078125
1,159,1,5,1.22631241e-06,6.74709852e-08,0.0550194085,0.0078125
1,159,1,6,1.22631241e-06,3.8621053e-08,0.0314936489,0.0078125
1,159,1,7,1.22631241e-06,2.1731319e-08,0.0177208669,0.0078125
1,159,1,8,1.22631241e-06,1.32518005e-08,0.0108062187,0.0078125
1,159,1,9,1.22631241e-06,8.22586266e-09,0.00670780335,0.0078125
1,160,1,0,1.24925134e-06,6.433213e-07,0.514965475,0.0078125
1,160,1,1,1.24925134e-06,4.34488101e-07,0.347798795,0.0078125
1,160,1,2,1.24925134e-06,3.38598113e-07,0.271040827,0.0078125
1,160,1,3,1.24925134e-06,2.26116185e-07,0.18100135,0.0078125
1,160,1,4,1.24925134e-06,1.24866801e-07,0.0999533087,0.0078125
1,160,1,5,1.24925134e-06,6.89384834e-08,0.0551838391,0.0078125
1,160,1,6,1.24925134e-06,3.8808853e-08,0.0310656894,0.0078125
1,160,1,7,1.24925134e-06,2.11374029e-08,0.0169200562,0.0078125
1,160,1,8,1.24925134e-06,1.2873846e-08,0.0103052491,0.0078125
1,160,1,9,1.24925134e-06,7.89325405e-09,0.00631838758,0.0078125
1,161,1,0,1.1963989e-06,6.46516696e-07,0.540385544,0.0078125
1,161,1,1,1.1963989e-06,4.30437609e-07,0.359777659,0.0078125
1,161,1,2,1.1963989e-06,3.21454081e-07,0.268684715,0.0078125
1,161,1,3,1.1963989e-06,2.11301327e-07,0.176614448,0.0078125
1,161,1,4,1.1963989e-06,1.16983209e-07,0.0977794379,0.0078125
1,161,1,5,1.1963989e-06,6.6055442e-08,0.0552118868,0.0078125
1,161,1,6,1.1963989e-06,3.7055873e-08,0.0309728403,0.0078125
1,161,1,7,1.1963989e-06,2.0443462e-08,0.0170874968,0.0078125
1,161,1,8,1.1963989e-06,1.25065132e-08,0.0104534645,0.0078125
1,161,1,9,1.1963989e-06,7.72378606e-09,0.00645586196,0.0078125
1,162,1,0,1.29311968e-06,6.59960904e-07,0.51036334,0.0078125
1,162,1,1,1.29311968e-06,4.14983248e-07,0.320916355,0.0078125
1,162,1,2,1.29311968e-06,3.10351624e-07,0.240002245,0.0078125
1,162,1,3,1.29311968e-06,2.11629981e-07,0.16365847,0.0078125
1,162,1,4,1.29311968e-06,1.25723048e-07,0.0972246006,0.0078125
1,162,1,5,1.29311968e-06,7.0447193e-08,0.0544784777,0.0078125
1,162,1,6,1.29311968e-06,3.8674596e-08,0.0299079791,0.0078125
1,162,1,7,1.29311968e-06,2.16151239e-08,0.0167154856,0.0078125
1,162,1,8,1.29311968e-06,1.32487923e-08,0.0102456044,0.0078125
1,162,1,9,1.29311968e-06,8.2886773e-09,0.00640982995,0.0078125
1,163,1,0,1.29885598e-06,6.7349589e-07,0.518530071,0.0078125
1,163,1,1,1.29885598e-06,4.49592449e-07,0.346144944,0.0078125
1,163,1,2,1.29885598e-06,3.39285037e-07,0.261218369,0.0078125
1,163,1,3,1.29885598e-06,2.23275663e-07,0.171901792,0.0078125
1,163,1,4,1.29885598e-06,1.24164089e-07,0.0955949649,0.0078125
1,163,1,5,1.29885598e-06,7.11878201e-08,0.0548080951,0.0078125
1,163,1,6,1.29885598e-06,3.94311961e-08,0.0303584058,0.0078125
1,163,1,7,1.29885598e-06,2.13200355e-08,0.0164144728,0.0078125
1,163,1,8,1.29885598e-06,1.31869538e-08,0.0101527451,0.0078125
1,163,1,9,1.29885598e-06,8.10897216e-09,0.00624316512,0.0078125
1,164,1,0,1.17335787e-06,6.59074885e-07,0.561699808,0.0078125
1,164,1,1,1.17335787e-06,4.49718016e-07,0.383274376,0.0078125
1,164,1,2,1.17335787e-06,3.31895876e-07,0.282859892,0.0078125
1,164,1,3,1.17335787e-06,2.14662407e-07,0.182947084,0.0078125
1,164,1,4,1.17335787e-06,1.19794706e-07,0.102095626,0.0078125
1,164,1,5,1.17335787e-06,6.62328219e-08,0.0564472489,0.0078125
1,164,1,6,1.17335787e-06,3.60732066e-08,0.0307435673,0.0078125
1,164,1,7,1.17335787e-06,1.95172341e-08,0.0166336577,0.0078125
1,164,1,8,1.17335787e-06,1.22144916e-08,0.0104098599,0.0078125
1,164,1,9,1.17335787e-06,7.41316031e-09,0.00631790236,0.0078125
1,165,1,0,1.30061483e-06,6.57835415e-07,0.505788028,0.0078125
1,165,1,1,1.30061483e-06,4.22907647e-07,0.325159788,0.0078125
1,165,1,2,1.30061483e-06,3.16258706e-07,0.243160933,0.0078125
1,165,1,3,1.30061483e-06,2.13853738e-07,0.164425105,0.0078125
1,165,1,4,1.30061483e-06,1.28529948e-07,0.0988224521,0.0078125
1,165,1,5,1.30061483e-06,7.123176e-08,0.0547677614,0.0078125
1,165,1,6,1.30061483e-06,3.84072329e-08,0.0295300595,0.0078125
1,165,1,7,1.30061483e-06,2.12415543e-08,0.0163319334,0.0078125
1,165,1,8,1.30061483e-06,1.31472779e-08,0.01010851,0.0078125
1,165,1,9,1.30061483e-06,8.25553315e-09,0.00634740805,0.0078125
1,166,1,0,1.28123327e-06,6.68997984e-07,0.522151589,0.0078125
1,166,1,1,1.28123327e-06,4.55081192e-07,0.355189949,0.0078125
1,166,1,2,1.28123327e-06,3.43968395e-07,0.268466651,0.0078125
1,166,1,3,1.28123327e-06,2.22226589e-07,0.173447415,0.0078125
1,166,1,4,1.28123327e-06,1.27063146e-07,0.0991725326,0.0078125
1,166,1,5,1.28123327e-06,7.28667544e-08,0.0568723567,0.0078125
1,166,1,6,1.28123327e-06,3.91960882e-08,0.0305924676,0.0078125
1,166,1,7,1.28123327e-06,2.04572483e-08,0.015966842,0.0078125
1,166,1,8,1.28123327e-06,1.23556045e-08,0.00964352489,0.0078125
1,166,1,9,1.28123327e-06,7.52047757e-09,0.0058697178,0.0078125
1,167,1,0,1.12668749e-06,5.94078585e-07,0.52727896,0.0078125
1,167,1,1,1.12668749e-06,4.12102366e-07,0.365764558,0.0078125
1,167,1,2,1.12668749e-06,3.20332958e-07,0.284313947,0.0078125
1,167,1,3,1.12668749e-06,2.14124043e-07,0.190047413,0.0078125
1,167,1,4,1.12668749e-06,1.25635609e-07,0.111508831,0.0078125
1,167,1,5,1.12668749e-06,7.20450046e-08,0.0639440864,0.0078125
1,167,1,6,1.12668749e-06,3.85551502e-08,0.0342199132,0.0078125
1,167,1,7,1.12668749e-06,2.0704384e-08,0.0183763318,0.0078125
1,167,1,8,1.12668749e-06,1.22456818e-08,0.0108687477,0.0078125
1,167,1,9,1.12668749e-06,7.2284605e-09,0.00641567493,0.0078125
1,168,1,0,1.12646001e-06,6.19138063e-07,0.549631655,0.0078125
1,168,1,1,1.12646001e-06,4.47871912e-07,0.397592366,0.0078125
1,168,1,2,1.12646001e-06,3.43124157e-07,0.304603934,0.0078125
1,168,1,3,1.12646001e-06,2.21991726e-07,0.197070226,0.0078125
1,168,1,4,1.12646001e-06,1.30339473e-07,0.115707144,0.0078125
1,168,1,5,1.12646001e-06,7.52851008e-08,0.0668333545,0.0078125
1,168,1,6,1.12646001e-06,4.10607655e-08,0.0364511535,0.0078125
1,168,1,7,1.12646001e-06,2.25320349e-08,0.020002516,0.0078125
1,168,1,8,1.12646001e-06,1.33828717e-08,0.0118804676,0.0078125
1,168,1,9,1.12646001e-06,7.76875453e-09,0.00689660944,0.0078125
1,169,1,0,1.25193219e-06,5.93935454e-07,0.474415034,0.0078125
1,169,1,1,1.25193219e-06,4.14907589e-07,0.331413776,0.0078125
1,169,1,2,1.25193219e-06,3.31538331e-07,0.264821321,0.0078125
1,169,1,3,1.25193219e-06,2.27692212e-07,0.181872636,0.0078125
1,169,1,4,1.25193219e-06,1.32983075e-07,0.106222264,0.0078125
1,169,1,5,1.25193219e-06,7.58493854e-08,0.0605858564,0.0078125
1,169,1,6,1.25193219e-06,4.20658424e-08,0.0336007364,0.0078125
1,169,1,7,1.25193219e-06,2.29413892e-08,0.0183247849,0.0078125
1,169,1,8,1.25193219e-06,1.38091343e-08,0.0110302577,0.0078125
1,169,1,9,1.25193219e-06,8.02843658e-09,0.00641283672,0.0078125
1,170,1,0,1.10621727e-06,5.82718826e-07,0.526767075,0.0078125
1,170,1,1,1.10621727e-06,4.15984601e-07,0.376042396,0.0078125
1,170,1,2,1.10621727e-06,3.26507632e-07,0.295156866,0.0078125
1,170,1,3,1.10621727e-06,2.12899579e-07,0.192457289,0.0078125
1,170,1,4,1.10621727e-06,1.25343192e-07,0.113307931,0.0078125
1,170,1,5,1.10621727e-06,7.31819796e-08,0.066155158,0.0078125
1,170,1,6,1.10621727e-06,4.09492316e-08,0.0370173492,0.0078125
1,170,1,7,1.10621727e-06,2.23472778e-08,0.0202015266,0.0078125
1,170,1,8,1.10621727e-06,1.31178632e-08,0.0118583059,0.0078125
1,170,1,9,1.10621727e-06,7.64138086e-09,0.0069076675,0.0078125
1,171,1,0,1.12998657e-06,6.19642663e-07,0.548362851,0.0078125
1,171,1,1,1.12998657e-06,4.494687e-07,0.397764653,0.0078125
1,171,1,2,1.12998657e-06,3.5436895e-07,0.313604563,0.0078125
1,171,1,3,1.12998657e-06,2.39465976e-07,0.211919308,0.0078125
1,171,1,4,1.12998657e-06,1.41290712e-07,0.125037521,0.0078125
1,171,1,5,1.12998657e-06,8.08848739e-08,0.0715803877,0.0078125
1,171,1,6,1.12998657e-06,4.49811246e-08,0.0398067795,0.0078125
1,171,1,7,1.12998657e-06,2.45852831e-08,0.0217571463,0.0078125
1,171,1,8,1.12998657e-06,1.42463383e-08,0.0126075288,0.0078125
1,171,1,9,1.12998657e-06,8.03164468e-09,0.00710773468,0.0078125
1,172,1,0,1.13652482e-06,6.28001089e-07,0.552562594,0.0078125
1,172,1,1,1.13652482e-06,4.38172464e-07,0.385537088,0.0078125
1,172,1,2,1.13652482e-06,3.3670733e-07,0.296260417,0.0078125
1,172,1,3,1.13652482e-06,2.24363632e-07,0.197411999,0.0078125
1,172,1,4,1.13652482e-06,1.3598337e-07,0.119648397,0.0078125
1,172,1,5,1.13652482e-06,7.84909204e-08,0.0690622181,0.0078125
1,172,1,6,1.13652482e-06,4.50766322e-08,0.0396618098,0.0078125
1,172,1,7,1.13652482e-06,2.55714578e-08,0.0224996917,0.0078125
1,172,1,8,1.13652482e-06,1.52696717e-08,0.0134354057,0.0078125
1,172,1,9,1.13652482e-06,8.75285e-09,0.00770141557,0.0078125
1,173,1,0,1.15143007e-06,5.93935908e-07,0.515824556,0.0078125
1,173,1,1,1.15143007e-06,4.22088476e-07,0.366577595,0.0078125
1,173,1,2,1.15143007e-06,3.3265124e-07,0.2889027,0.0078125
1,173,1,3,1.15143007e-06,2.29639141e-07,0.199438199,0.0078125
1,173,1,4,1.15143007e-06,1.30865487e-07,0.11365474,0.0078125
1,173,1,5,1.15143007e-06,7.39065698e-08,0.0641867667,0.0078125
1,173,1,6,1.15143007e-06,4.18019432e-08,0.0363043696,0.0078125
1,173,1,7,1.15143007e-06,2.36586608e-08,0.0205471981,0.0078125
1,173,1,8,1.15143007e-06,1.39289398e-08,0.0120970784,0.0078125
1,173,1,9,1.15143007e-06,7.98021293e-09,0.00693069678,0.0078125
1,174,1,0,1.27028625e-06,6.33752961e-07,0.498905629,0.0078125
1,174,1,1,1.27028625e-06,3.93637066e-07,0.309880614,0.0078125
1,174,1,2,1.27028625e-06,2.99012953e-07,0.235390216,0.0078125
1,174,1,3,1.27028625e-06,2.12346123e-07,0.167163998,0.0078125
1,174,1,4,1.27028625e-06,1.3107352e-07,0.103184238,0.0078125
1,174,1,5,1.27028625e-06,7.56482166e-08,0.0595521033,0.0078125
1,174,1,6,1.27028625e-06,4.35311591e-08,0.0342687778,0.0078125
1,174,1,7,1.27028625e-06,2.41787355e-08,0.0190340839,0.0078125
1,174,1,8,1.27028625e-06,1.42068313e-08,0.0111839604,0.0078125
1,174,1,9,1.27028625e-06,7.79810794e-09,0.00613885885,0.0078125
1,175,1,0,1.22535232e-06,6.66118126e-07,0.543613553,0.0078125
1,175,1,1,1.22535232e-06,4.37073084e-07,0.356691778,0.0078125
1,175,1,2,1.22535232e-06,3.34458775e-07,0.27294907,0.0078125
1,175,1,3,1.22535232e-06,2.22155748e-07,0.181299493,0.0078125
1,175,1,4,1.22535232e-06,1.31630841e-07,0.107422851,0.0078125
1,175,1,5,1.22535232e-06,7.80648577e-08,0.0637080893,0.0078125
1,175,1,6,1.22535232e-06,4.40511521e-08,0.0359497853,0.0078125
1,175,1,7,1.22535232e-06,2.48983874e-08,0.0203193706,0.0078125
1,175,1,8,1.22535232e-06,1.48545558e-08,0.0121226814,0.0078125
1,175,1,9,1.22535232e-06,8.32686187e-09,0.00679548364,0.0078125
1,176,1,0,1.19947549e-06,6.54851874e-07,0.545948505,0.0078125
1,176,1,1,1.19947549e-06,4.06515937e-07,0.338911414,0.0078125
1,176,1,2,1.19947549e-06,3.03055458e-07,0.252656639,0.0078125
1,176,1,3,1.19947549e-06,2.06149792e-07,0.171866611,0.0078125
1,176,1,4,1.19947549e-06,1.25185039e-07,0.104366481,0.0078125
1,176,1,5,1.19947549e-06,7.29594518e-08,0.0608261302,0.0078125
1,176,1,6,1.19947549e-06,4.17363921e-08,0.0347955339,0.0078125
1,176,1,7,1.19947549e-06,2.40574618e-08,0.0200566519,0.0078125
1,176,1,8,1.19947549e-06,1.42046037e-08,0.0118423458,0.0078125
1,176,1,9,1.19947549e-06,8.14413426e-09,0.00678974623,0.0078125
1,177,1,0,1.18489106e-06,6.15842339e-07,0.519745946,0.0078125
1,177,1,1,1.18489106e-06,3.77677651e-07,0.31874463,0.0078125
1,177,1,2,1.18489106e-06,2.90156265e-07,0.244880125,0.0078125
1,177,1,3,1.18489106e-06,2.02174405e-07,0.170626998,0.0078125
1,177,1,4,1.18489106e-06,1.25224801e-07,0.105684653,0.0078125
1,177,1,5,1.18489106e-06,7.28155669e-08,0.0614533834,0.0078125
1,177,1,6,1.18489106e-06,4.17588133e-08,0.0352427438,0.0078125
1,177,1,7,1.18489106e-06,2.34256863e-08,0.0197703298,0.0078125
1,177,1,8,1.18489106e-06,1.42991947e-08,0.0120679401,0.0078125
1,177,1,9,1.18489106e-06,8.03689293e-09,0.0067828116,0.0078125
1,178,1,0,1.31359047e-06,6.89640046e-07,0.52500385,0.0078125
1,178,1,1,1.31359047e-06,3.97175683e-07,0.302358836,0.0078125
1,178,1,2,1.31359047e-06,2.95372388e-07,0.224858806,0.0078125
1,178,1,3,1.31359047e-06,2.05999811e-07,0.156821936,0.0078125
1,178,1,4,1.31359047e-06,1.22545373e-07,0.093290396,0.0078125
1,178,1,5,1.31359047e-06,7.22251272e-08,0.0549829863,0.0078125
1,178,1,6,1.31359047e-06,4.10336192e-08,0.0312377568,0.0078125
1,178,1,7,1.31359047e-06,2.33525412e-08,0.0177776422,0.0078125
1,178,1,8,1.31359047e-06,1.37202631e-08,0.0104448562,0.0078125
1,178,1,9,1.31359047e-06,7.92826071e-09,0.00603556493,0.0078125
1,179,1,0,1.16233139e-06,6.55345673e-07,0.563820004,0.0078125
1,179,1,1,1.16233139e-06,4.37080672e-07,0.376037925,0.0078125
1,179,1,2,1.16233139e-06,3.31230666e-07,0.284970939,0.0078125
1,179,1,3,1.16233139e-06,2.12770587e-07,0.183055013,0.0078125
1,179,1,4,1.16233139e-06,1.2134528e-07,0.104398176,0.0078125
1,179,1,5,1.16233139e-06,6.90091326e-08,0.0593713075,0.0078125
1,179,1,6,1.16233139e-06,3.97479347e-08,0.0341967307,0.0078125
1,179,1,7,1.16233139e-06,2.24695835e-08,0.0193314776,0.0078125
1,179,1,8,1.16233139e-06,1.34438567e-08,0.011566286,0.0078125
1,179,1,9,1.16233139e-06,7.79606246e-09,0.00670726318,0.0078125
1,180,1,0,1.18077662e-06,6.01380975e-07,0.509309709,0.0078125
1,180,1,1,1.18077662e-06,3.80349434e-07,0.322118014,0.0078125
1,180,1,2,1.18077662e-06,2.91442205e-07,0.246822476,0.0078125
1,180,1,3,1.18077662e-06,2.03360642e-07,0.172226176,0.0078125
1,180,1,4,1.18077662e-06,1.21591825e-07,0.102976143,0.0078125
1,180,1,5,1.18077662e-06,6.98918043e-08,0.0591913871,0.0078125
1,180,1,6,1.18077662e-06,3.93654567e-08,0.0333386138,0.0078125
1,180,1,7,1.18077662e-06,2.21813448e-08,0.0187853854,0.0078125
1,180,1,8,1.18077662e-06,1.3036396e-08,0.0110405264,0.0078125
1,180,1,9,1.18077662e-06,7.37263939e-09,0.00624389015,0.0078125
1,181,1,0,1.13838576e-06,5.86469071e-07,0.515176058,0.0078125
1,181,1,1,1.13838576e-06,3.87601318e-07,0.340483278,0.0078125
1,181,1,2,1.13838576e-06,3.05644818e-07,0.268489659,0.0078125
1,181,1,3,1.13838576e-06,2.20858084e-07,0.194009885,0.0078125
1,181,1,4,1.13838576e-06,1.31501835e-07,0.115516059,0.0078125
1,181,1,5,1.13838576e-06,7.2354652e-08,0.0635589957,0.0078125
1,181,1,6,1.13838576e-06,4.18417088e-08,0.0367552973,0.0078125
1,181,1,7,1.13838576e-06,2.32706707e-08,0.0204418153,0.0078125
1,181,1,8,1.13838576e-06,1.34843861e-08,0.0118451817,0.0078125
1,181,1,9,1.13838576e-06,7.70685649e-09,0.00676998682,0.0078125
1,182,1,0,1.21481253e-06,6.1844014e-07,0.509082794,0.0078125
1,182,1,1,1.21481253e-06,4.03084243e-07,0.331807762,0.0078125
1,182,1,2,1.21481253e-06,3.08723827e-07,0.254132897,0.0078125
1,182,1,3,1.21481253e-06,2.12498477e-07,0.174922854,0.0078125
1,182,1,4,1.21481253e-06,1.2537528e-07,0.103205457,0.0078125
1,182,1,5,1.21481253e-06,7.25281168e-08,0.059703134,0.0078125
1,182,1,6,1.21481253e-06,4.24579056e-08,0.0349501707,0.0078125
1,182,1,7,1.21481253e-06,2.49925272e-08,0.020573156,0.0078125
1,182,1,8,1.21481253e-06,1.48798414e-08,0.0122486725,0.0078125
1,182,1,9,1.21481253e-06,8.4792422e-09,0.00697987713,0.0078125
1,183,1,0,1.15472255e-06,6.47112188e-07,0.560404897,0.0078125
1,183,1,1,1.15472255e-06,4.27491614e-07,0.370211542,0.0078125
1,183,1,2,1.15472255e-06,3.24359291e-07,0.280898035,0.0078125
1,183,1,3,1.15472255e-06,2.20078093e-07,0.190589592,0.0078125
1,183,1,4,1.15472255e-06,1.28104389e-07,0.11093954,0.0078125
1,183,1,5,1.15472255e-06,7.14527815e-08,0.0618787445,0.0078125
1,183,1,6,1.15472255e-06,4.18827142e-08,0.0362708047,0.0078125
1,183,1,7,1.15472255e-06,2.40687896e-08,0.0208437853,0.0078125
1,183,1,8,1.15472255e-06,1.45393297e-08,0.0125911888,0.0078125
1,183,1,9,1.15472255e-06,8.49743031e-09,0.00735885045,0.0078125
1,184,1,0,1.25586871e-06,6.43430269e-07,0.512338817,0.0078125
1,184,1,1,1.25586871e-06,4.22070713e-07,0.336078703,0.0078125
1,184,1,2,1.25586871e-06,3.27954695e-07,0.261137724,0.0078125
1,184,1,3,1.25586871e-06,2.21713009e-07,0.176541552,0.0078125
1,184,1,4,1.25586871e-06,1.2607569e-07,0.100389227,0.0078125
1,184,1,5,1.25586871e-06,7.01808034e-08,0.0558822788,0.0078125
1,184,1,6,1.25586871e-06,4.11793799e-08,0.0327895582,0.0078125
1,184,1,7,1.25586871e-06,2.41487417e-08,0.0192287154,0.0078125
1,184,1,8,1.25586871e-06,1.41915049e-08,0.0113001503,0.0078125
1,184,1,9,1.25586871e-06,8.37915337e-09,0.00667199772,0.0078125
1,185,1,0,1.28460783e-06,6.84874976e-07,0.533139348,0.0078125
1,185,1,1,1.28460783e-06,4.31462041e-07,0.335870624,0.0078125
1,185,1,2,1.28460783e-06,3.4041102e-07,0.264992177,0.0078125
1,185,1,3,1.28460783e-06,2.34907034e-07,0.182862833,0.0078125
1,185,1,4,1.28460783e-06,1.32052477e-07,0.102795944,0.0078125
1,185,1,5,1.28460783e-06,7.56075949e-08,0.0588565581,0.0078125
1,185,1,6,1.28460783e-06,4.46110491e-08,0.0347273685,0.0078125
1,185,1,7,1.28460783e-06,2.67685234e-08,0.0208378956,0.0078125
1,185,1,8,1.28460783e-06,1.59901017e-08,0.0124474578,0.0078125
1,185,1,9,1.28460783e-06,9.17691612e-09,0.00714374892,0.0078125
1,186,1,0,1.13044814e-06,6.22071809e-07,0.550287783,0.0078125
1,186,1,1,1.13044814e-06,3.96289096e-07,0.350559294,0.0078125
1,186,1,2,1.13044814e-06,3.05056204e-07,0.269854218,0.0078125
1,186,1,3,1.13044814e-06,2.20830756e-07,0.19534798,0.0078125
1,186,1,4,1.13044814e-06,1.29296481e-07,0.114376307,0.0078125
1,186,1,5,1.13044814e-06,7.13192065e-08,0.0630893186,0.0078125
1,186,1,6,1.13044814e-06,4.05179215e-08,0.0358423516,0.0078125
1,186,1,7,1.13044814e-06,2.31250716e-08,0.0204565525,0.0078125
1,186,1,8,1.13044814e-06,1.37513467e-08,0.0121645089,0.0078125
1,186,1,9,1.13044814e-06,8.22243518e-09,0.00727360649,0.0078125
1,187,1,0,1.19234221e-06,6.32801459e-07,0.530721366,0.0078125
1,187,1,1,1.19234221e-06,3.99388767e-07,0.334961534,0.0078125
1,187,1,2,1.19234221e-06,3.05013742e-07,0.255810559,0.0078125
1,187,1,3,1.19234221e-06,2.11729741e-07,0.177574649,0.0078125
1,187,1,4,1.19234221e-06,1.26771354e-07,0.106321283,0.0078125
1,187,1,5,1.19234221e-06,7.03680527e-08,0.0590166599,0.0078125
1,187,1,6,1.19234221e-06,4.18939905e-08,0.0351358764,0.0078125
1,187,1,7,1.19234221e-06,2.47973375e-08,0.0207971651,0.0078125
1,187,1,8,1.19234221e-06,1.47445887e-08,0.0123660713,0.0078125
1,187,1,9,1.19234221e-06,8.64316441e-09,0.00724889571,0.0078125
1,188,1,0,1.24924509e-06,6.43099838e-07,0.514790773,0.0078125
1,188,1,1,1.24924509e-06,4.06188349e-07,0.325147033,0.0078125
1,188,1,2,1.24924509e-06,3.16675539e-07,0.253493518,0.0078125
1,188,1,3,1.24924509e-06,2.24218454e-07,0.17948316,0.0078125
1,188,1,4,1.24924509e-06,1.26218495e-07,0.101035811,0.0078125
1,188,1,5,1.24924509e-06,6.94770392e-08,0.0556152202,0.0078125
1,188,1,6,1.24924509e-06,4.08874428e-08,0.0327297188,0.0078125
1,188,1,7,1.24924509e-06,2.33159678e-08,0.0186640453,0.0078125
1,188,1,8,1.24924509e-06,1.42805527e-08,0.0114313457,0.0078125
1,188,1,9,1.24924509e-06,8.41515124e-09,0.00673618913,0.0078125
1,189,1,0,1.24331075e-06,6.28364376e-07,0.505396068,0.0078125
1,189,1,1,1.24331075e-06,3.97947957e-07,0.320071191,0.0078125
1,189,1,2,1.24331075e-06,3.13473464e-07,0.252128005,0.0078125
1,189,1,3,1.24331075e-06,2.29975726e-07,0.184970438,0.0078125
1,189,1,4,1.24331075e-06,1.30360078e-07,0.104849152,0.0078125
1,189,1,5,1.24331075e-06,7.08393202e-08,0.0569763593,0.0078125
1,189,1,6,1.24331075e-06,4.00899083e-08,0.0322444811,0.0078125
1,189,1,7,1.24331075e-06,2.31918325e-08,0.0186532866,0.0078125
1,189,1,8,1.24331075e-06,1.35592817e-08,0.0109057864,0.0078125
1,189,1,9,1.24331075e-06,8.02727129e-09,0.00645636767,0.0078125
1,190,1,0,1.21853668e-06,5.78944992e-07,0.475114942,0.0078125
1,190,1,1,1.21853668e-06,3.45129337e-07,0.283232629,0.0078125
1,190,1,2,1.21853668e-06,2.69158221e-07,0.220886439,0.0078125
1,190,1,3,1.21853668e-06,1.97290319e-07,0.161907569,0.0078125
1,190,1,4,1.21853668e-06,1.2441113e-07,0.1020988,0.0078125
1,190,1,5,1.21853668e-06,7.02438427e-08,0.0576460622,0.0078125
1,190,1,6,1.21853668e-06,3.98946902e-08,0.0327398367,0.0078125
1,190,1,7,1.21853668e-06,2.25551986e-08,0.0185100697,0.0078125
1,190,1,8,1.21853668e-06,1.32188376e-08,0.0108481245,0.0078125
1,190,1,9,1.21853668e-06,7.95905386e-09,0.0065316488,0.0078125
1,191,1,0,1.32099706e-06,6.30175691e-07,0.477045506,0.0078125
1,191,1,1,1.32099706e-06,3.8568291e-07,0.291963488,0.0078125
1,191,1,2,1.32099706e-06,3.03270951e-07,0.229577303,0.0078125
1,191,1,3,1.32099706e-06,2.25078736e-07,0.170385495,0.0078125
1,191,1,4,1.32099706e-06,1.26073331e-07,0.095438011,0.0078125
1,191,1,5,1.32099706e-06,6.98135878e-08,0.0528491624,0.0078125
1,191,1,6,1.32099706e-06,3.94887181e-08,0.0298931152,0.0078125
1,191,1,7,1.32099706e-06,2.28410748e-08,0.017290784,0.0078125
1,191,1,8,1.32099706e-06,1.32649829e-08,0.0100416448,0.0078125
1,191,1,9,1.32099706e-06,7.92134269e-09,0.00599648757,0.0078125
1,192,1,0,1.22303334e-06,6.02016371e-07,0.492232174,0.0078125
1,192,1,1,1.22303334e-06,3.9735167e-07,0.324890316,0.0078125
1,192,1,2,1.22303334e-06,3.14190601e-07,0.256894559,0.0078125
1,192,1,3,1.22303334e-06,2.30489462e-07,0.188457221,0.0078125
1,192,1,4,1.22303334e-06,1.26027487e-07,0.103045017,0.0078125
1,192,1,5,1.22303334e-06,6.97682552e-08,0.0570452586,0.0078125
1,192,1,6,1.22303334e-06,3.96939797e-08,0.0324553549,0.0078125
1,192,1,7,1.22303334e-06,2.29220323e-08,0.0187419523,0.0078125
1,192,1,8,1.22303334e-06,1.3391583e-08,0.0109494831,0.0078125
1,192,1,9,1.22303334e-06,8.0287279e-09,0.00656460272,0.0078125
1,193,1,0,1.22075983e-06,6.93345385e-07,0.56796217,0.0078125
1,193,1,1,1.22075983e-06,4.48112758e-07,0.367076933,0.0078125
1,193,1,2,1.22075983e-06,3.44511989e-07,0.282211125,0.0078125
1,193,1,3,1.22075983e-06,2.36895048e-07,0.194055408,0.0078125
1,193,1,4,1.22075983e-06,1.32660617e-07,0.108670533,0.0078125
1,193,1,5,1.22075983e-06,7.40827204e-08,0.0606857464,0.0078125
1,193,1,6,1.22075983e-06,4.23477715e-08,0.0346896835,0.0078125
1,193,1,7,1.22075983e-06,2.49196681e-08,0.0204132441,0.0078125
1,193,1,8,1.22075983e-06,1.51077604e-08,0.0123757022,0.0078125
1,193,1,9,1.22075983e-06,8.80570639e-09,0.00721329963,0.0078125
1,194,1,0,1.14093552e-06,6.41755605e-07,0.56248194,0.0078125
1,194,1,1,1.14093552e-06,3.98521422e-07,0.34929356,0.0078125
1,194,1,2,1.14093552e-06,2.97707572e-07,0.260932863,0.0078125
1,194,1,3,1.14093552e-06,2.02934331e-07,0.177866608,0.0078125
1,194,1,4,1.14093552e-06,1.26404643e-07,0.11079035,0.0078125
1,194,1,5,1.14093552e-06,7.25597786e-08,0.0635967404,0.0078125
1,194,1,6,1.14093552e-06,4.19269917e-08,0.0367479064,0.0078125
1,194,1,7,1.14093552e-06,2.3754783e-08,0.0208204426,0.0078125
1,194,1,8,1.14093552e-06,1.43651633e-08,0.0125906877,0.0078125
1,194,1,9,1.14093552e-06,8.51585646e-09,0.00746392459,0.0078125
1,195,1,0,1.30222384e-06,6.85034252e-07,0.526049554,0.0078125
1,195,1,1,1.30222384e-06,4.25357797e-07,0.326639533,0.0078125
1,195,1,2,1.30222384e-06,3.14491842e-07,0.241503671,0.0078125
1,195,1,3,1.30222384e-06,2.03644802e-07,0.156382337,0.0078125
1,195,1,4,1.30222384e-06,1.27789519e-07,0.098131761,0.0078125
1,195,1,5,1.30222384e-06,7.6073384e-08,0.0584180541,0.0078125
1,195,1,6,1.30222384e-06,4.46065158e-08,0.0342541076,0.0078125
1,195,1,7,1.30222384e-06,2.59918433e-08,0.019959582,0.0078125
1,195,1,8,1.30222384e-06,1.56139564e-08,0.0119902249,0.0078125
1,195,1,9,1.30222384e-06,9.31591515e-09,0.00715385098,0.0078125
1,196,1,0,1.26736347e-06,6.76968568e-07,0.534155011,0.0078125
1,196,1,1,1.26736347e-06,4.56276069e-07,0.360019892,0.0078125
1,196,1,2,1.26736347e-06,3.4943173e-07,0.27571547,0.0078125
1,196,1,3,1.26736347e-06,2.33999899e-07,0.184635192,0.0078125
1,196,1,4,1.26736347e-06,1.30214545e-07,0.102744438,0.0078125
1,196,1,5,1.26736347e-06,7.43896891e-08,0.0586964116,0.0078125
1,196,1,6,1.26736347e-06,4.28342162e-08,0.0337978937,0.0078125
1,196,1,7,1.26736347e-06,2.49579646e-08,0.0196928233,0.0078125
1,196,1,8,1.26736347e-06,1.46884132e-08,0.0115897404,0.0078125
1,196,1,9,1.26736347e-06,8.76140138e-09,0.00691309292,0.0078125
1,197,1,0,1.23369921e-06,6.46560295e-07,0.524082601,0.0078125
1,197,1,1,1.23369921e-06,4.21181142e-07,0.341396958,0.0078125
1,197,1,2,1.23369921e-06,3.21429866e-07,0.260541528,0.0078125
1,197,1,3,1.23369921e-06,2.2794822e-07,0.184768066,0.0078125
1,197,1,4,1.23369921e-06,1.33837048e-07,0.108484343,0.0078125
1,197,1,5,1.23369921e-06,7.61960024e-08,0.0617622212,0.0078125
1,197,1,6,1.23369921e-06,4.38680949e-08,0.0355581753,0.0078125
1,197,1,7,1.23369921e-06,2.51374956e-08,0.0203757081,0.0078125
1,197,1,8,1.23369921e-06,1.52932511e-08,0.0123962555,0.0078125
1,197,1,9,1.23369921e-06,8.90583784e-09,0.00721880794,0.0078125
1,198,1,0,1.21557264e-06,6.07011543e-07,0.499362618,0.0078125
1,198,1,1,1.21557264e-06,4.12763114e-07,0.339562684,0.0078125
1,198,1,2,1.21557264e-06,3.14657541e-07,0.258855402,0.0078125
1,198,1,3,1.21557264e-06,1.9678896e-07,0.161889926,0.0078125
1,198,1,4,1.21557264e-06,1.22281833e-07,0.10059607,0.0078125
1,198,1,5,1.21557264e-06,7.51392264e-08,0.06181385,0.0078125
1,198,1,6,1.21557264e-06,4.4662805e-08,0.0367421918,0.0078125
1,198,1,7,1.21557264e-06,2.50069085e-08,0.0205721222,0.0078125
1,198,1,8,1.21557264e-06,1.44283359e-08,0.0118695796,0.0078125
1,198,1,9,1.21557264e-06,8.32327007e-09,0.00684720092,0.0078125
1,199,1,0,1.23625966e-06,6.17150079e-07,0.499207497,0.0078125
1,199,1,1,1.23625966e-06,4.31568623e-07,0.349092215,0.0078125
1,199,1,2,1.23625966e-06,3.31406284e-07,0.268071741,0.0078125
1,199,1,3,1.23625966e-06,2.26764755e-07,0.183428094,0.0078125
1,199,1,4,1.23625966e-06,1.30243009e-07,0.105352469,0.0078125
1,199,1,5,1.23625966e-06,7.26466212e-08,0.0587632395,0.0078125
1,199,1,6,1.23625966e-06,4.21577688e-08,0.0341010615,0.0078125
1,199,1,7,1.23625966e-06,2.42282532e-08,0.0195980296,0.0078125
1,199,1,8,1.23625966e-06,1.44074441e-08,0.0116540594,0.0078125
1,199,1,9,1.23625966e-06,8.4756584e-09,0.00685588829,0.0078125
1,200,1,0,1.30271849e-06,6.45595776e-07,0.495575815,0.0078125
1,200,1,1,1.30271849e-06,4.28224268e-07,0.328715891,0.0078125
1,200,1,2,1.30271849e-06,3.24619378e-07,0.249186128,0.0078125
1,200,1,3,1.30271849e-06,2.26005511e-07,0.173487604,0.0078125
1,200,1,4,1.30271849e-06,1.27599222e-07,0.0979484245,0.0078125
1,200,1,5,1.30271849e-06,7.4159523e-08,0.0569267459,0.0078125
1,200,1,6,1.30271849e-06,4.41664163e-08,0.033903271,0.0078125
1,200,1,7,1.30271849e-06,2.63146127e-08,0.0201997682,0.0078125
1,200,1,8,1.30271849e-06,1.56176263e-08,0.011988489,0.0078125
1,200,1,9,1.30271849e-06,9.1678265e-09,0.00703745801,0.0078125
1,201,1,0,1.26616931e-06,6.47437957e-07,0.511336029,0.0078125
1,201,1,1,1.26616931e-06,4.45190068e-07,0.351603895,0.0078125
1,201,1,2,1.26616931e-06,3.3933776e-07,0.268003464,0.0078125
1,201,1,3,1.26616931e-06,2.23320995e-07,0.1763753,0.0078125
1,201,1,4,1.26616931e-06,1.35763486e-07,0.107223801,0.0078125
1,201,1,5,1.26616931e-06,7.66097443e-08,0.0605051331,0.0078125
1,201,1,6,1.26616931e-06,4.41957191e-08,0.0349050611,0.0078125
1,201,1,7,1.26616931e-06,2.61416098e-08,0.0206462201,0.0078125
1,201,1,8,1.26616931e-06,1.57233462e-08,0.0124180438,0.0078125
1,201,1,9,1.26616931e-06,9.07051234e-09,0.00716374349,0.0078125
1,202,1,0,1.18589139e-06,6.22425773e-07,0.524859011,0.0078125
1,202,1,1,1.18589139e-06,4.23989206e-07,0.357527852,0.0078125
1,202,1,2,1.18589139e-06,3.28898295e-07,0.277342677,0.0078125
1,202,1,3,1.18589139e-06,2.25964357e-07,0.19054389,0.0078125
1,202,1,4,1.18589139e-06,1.33419903e-07,0.112506002,0.0078125
1,202,1,5,1.18589139e-06,7.58999192e-08,0.064002417,0.0078125
1,202,1,6,1.18589139e-06,4.51098039e-08,0.0380387306,0.0078125
1,202,1,7,1.18589139e-06,2.64186593e-08,0.0222774688,0.0078125
1,202,1,8,1.18589139e-06,1.60513309e-08,0.0135352453,0.0078125
1,202,1,9,1.18589139e-06,9.39912592e-09,0.0079257898,0.0078125
1,203,1,0,1.30275555e-06,6.71531609e-07,0.515470147,0.0078125
1,203,1,1,1.30275555e-06,4.62973304e-07,0.355380028,0.0078125
1,203,1,2,1.30275555e-06,3.54420649e-07,0.272054613,0.0078125
1,203,1,3,1.30275555e-06,2.434289e-07,0.186856925,0.0078125
1,203,1,4,1.30275555e-06,1.43918996e-07,0.110472754,0.0078125
1,203,1,5,1.30275555e-06,7.93506914e-08,0.0609098859,0.0078125
1,203,1,6,1.30275555e-06,4.69194177e-08,0.036015518,0.0078125
1,203,1,7,1.30275555e-06,2.73736944e-08,0.0210121498,0.0078125
1,203,1,8,1.30275555e-06,1.66916934e-08,0.0128126061,0.0078125
1,203,1,9,1.30275555e-06,9.54181978e-09,0.0073243361,0.0078125
1,204,1,0,1.26491932e-06,6.52576773e-07,0.51590389,0.0078125
1,204,1,1,1.26491932e-06,4.42067403e-07,0.349482685,0.0078125
1,204,1,2,1.26491932e-06,3.39634084e-07,0.268502563,0.0078125
1,204,1,3,1.26491932e-06,2.33944206e-07,0.184947923,0.0078125
1,204,1,4,1.26491932e-06,1.3785349e-07,0.108982041,0.0078125
1,204,1,5,1.26491932e-06,7.66266766e-08,0.0605783127,0.0078125
1,204,1,6,1.26491932e-06,4.43318591e-08,0.0350471847,0.0078125
1,204,1,7,1.26491932e-06,2.57435939e-08,0.020351965,0.0078125
1,204,1,8,1.26491932e-06,1.58330096e-08,0.0125170117,0.0078125
1,204,1,9,1.26491932e-06,9.22661325e-09,0.00729423063,0.0078125
1,205,1,0,1.27739145e-06,6.11881717e-07,0.479008764,0.0078125
1,205,1,1,1.27739145e-06,4.28000845e-07,0.335058481,0.0078125
1,205,1,2,1.27739145e-06,3.34202412e-07,0.261628807,0.0078125
1,205,1,3,1.27739145e-06,2.3058918e-07,0.180515677,0.0078125
1,205,1,4,1.27739145e-06,1.37581168e-07,0.107704781,0.0078125
1,205,1,5,1.27739145e-06,7.54643779e-08,0.0590769388,0.0078125
1,205,1,6,1.27739145e-06,4.31663736e-08,0.0337925963,0.0078125
1,205,1,7,1.27739145e-06,2.54068677e-08,0.019889649,0.0078125
1,205,1,8,1.27739145e-06,1.58015538e-08,0.0123701738,0.0078125
1,205,1,9,1.27739145e-06,9.27442567e-09,0.00726044131,0.0078125
1,206,1,0,1.24733094e-06,6.17545368e-07,0.495093435,0.0078125
1,206,1,1,1.24733094e-06,4.01588409e-07,0.321958184,0.0078125
1,206,1,2,1.24733094e-06,2.9997716e-07,0.24049525,0.0078125
1,206,1,3,1.24733094e-06,2.08747764e-07,0.167355552,0.0078125
1,206,1,4,1.24733094e-06,1.35169344e-07,0.108366862,0.0078125
1,206,1,5,1.24733094e-06,7.64054775e-08,0.0612551756,0.0078125
1,206,1,6,1.24733094e-06,4.32903811e-08,0.03470641,0.0078125
1,206,1,7,1.24733094e-06,2.52041144e-08,0.0202064365,0.0078125
1,206,1,8,1.24733094e-06,1.53731072e-08,0.0123248026,0.0078125
1,206,1,9,1.24733094e-06,9.03143071e-09,0.00724060507,0.0078125
1,207,1,0,1.37697975e-06,6.56451334e-07,0.476732731,0.0078125
1,207,1,1,1.37697975e-06,4.27859788e-07,0.310723364,0.0078125
1,207,1,2,1.37697975e-06,3.23244393e-07,0.23474884,0.0078125
1,207,1,3,1.37697975e-06,2.29506483e-07,0.166673824,0.0078125
1,207,1,4,1.37697975e-06,1.42245582e-07,0.103302598,0.0078125
1,207,1,5,1.37697975e-06,7.86960399e-08,0.0571511947,0.0078125
1,207,1,6,1.37697975e-06,4.47000588e-08,0.032462392,0.0078125
1,207,1,7,1.37697975e-06,2.56189914e-08,0.0186052062,0.0078125
1,207,1,8,1.37697975e-06,1.56423994e-08,0.0113599338,0.0078125
1,207,1,9,1.37697975e-06,9.18401888e-09,0.00666968338,0.0078125
1,208,1,0,1.25323584e-06,5.83311987e-07,0.465444714,0.0078125
1,208,1,1,1.25323584e-06,3.99557962e-07,0.318821043,0.0078125
1,208,1,2,1.25323584e-06,3.07654517e-07,0.245488122,0.0078125
1,208,1,3,1.25323584e-06,2.21203734e-07,0.176506072,0.0078125
1,208,1,4,1.25323584e-06,1.40364534e-07,0.112001695,0.0078125
1,208,1,5,1.25323584e-06,7.76045326e-08,0.0619233288,0.0078125
1,208,1,6,1.25323584e-06,4.25029292e-08,0.0339145511,0.0078125
1,208,1,7,1.25323584e-06,2.4127635e-08,0.0192522705,0.0078125
1,208,1,8,1.25323584e-06,1.46528061e-08,0.0116919782,0.0078125
1,208,1,9,1.25323584e-06,8.71932926e-09,0.00695745274,0.0078125
1,209,1,0,1.26952e-06,6.6215631e-07,0.52158004,0.0078125
1,209,1,1,1.26952e-06,4.74414776e-07,0.373696178,0.0078125
1,209,1,2,1.26952e-06,3.6397438e-07,0.286702365,0.0078125
1,209,1,3,1.26952e-06,2.50076937e-07,0.196985424,0.0078125
1,209,1,4,1.26952e-06,1.49888237e-07,0.118066855,0.0078125
1,209,1,5,1.26952e-06,8.69313084e-08,0.0684757307,0.0078125
1,209,1,6,1.26952e-06,4.83759379e-08,0.0381056927,0.0078125
1,209,1,7,1.26952e-06,2.88997892e-08,0.0227643438,0.0078125
1,209,1,8,1.26952e-06,1.78092865e-08,0.014028362,0.0078125
1,209,1,9,1.26952e-06,1.0233733e-08,0.00806110445,0.0078125
1,210,1,0,1.19778076e-06,6.79199843e-07,0.56704855,0.0078125
1,210,1,1,1.19778076e-06,4.92259005e-07,0.410975873,0.0078125
1,210,1,2,1.19778076e-06,3.57789702e-07,0.298710495,0.0078125
1,210,1,3,1.19778076e-06,2.41437391e-07,0.2015706,0.0078125
1,210,1,4,1.19778076e-06,1.57658022e-07,0.131625101,0.0078125
1,210,1,5,1.19778076e-06,9.06925308e-08,0.0757171363,0.0078125
1,210,1,6,1.19778076e-06,5.12029636e-08,0.0427481942,0.0078125
1,210,1,7,1.19778076e-06,3.05091987e-08,0.0254714377,0.0078125
1,210,1,8,1.19778076e-06,1.85602929e-08,0.0154955676,0.0078125
1,210,1,9,1.19778076e-06,1.0664114e-08,0.00890322682,0.0078125
1,211,1,0,1.18328956e-06,6.390257e-07,0.540041685,0.0078125
1,211,1,1,1.18328956e-06,4.83110284e-07,0.408277303,0.0078125
1,211,1,2,1.18328956e-06,3.74569254e-07,0.316549122,0.0078125
1,211,1,3,1.18328956e-06,2.55928967e-07,0.216286004,0.0078125
1,211,1,4,1.18328956e-06,1.54611442e-07,0.130662397,0.0078125
1,211,1,5,1.18328956e-06,8.93450505e-08,0.0755056515,0.0078125
1,211,1,6,1.18328956e-06,4.92905521e-08,0.0416555293,0.0078125
1,211,1,7,1.18328956e-06,2.96358067e-08,0.0250452701,0.0078125
1,211,1,8,1.18328956e-06,1.78752213e-08,0.01510638,0.0078125
1,211,1,9,1.18328956e-06,1.04076365e-08,0.00879551098,0.0078125
1,212,1,0,1.19537367e-06,7.08312939e-07,0.592545211,0.0078125
1,212,1,1,1.19537367e-06,5.17635328e-07,0.433032244,0.0078125
1,212,1,2,1.19537367e-06,3.89036813e-07,0.32545206,0.0078125
1,212,1,3,1.19537367e-06,2.51729489e-07,0.210586444,0.0078125
1,212,1,4,1.19537367e-06,1.51689662e-07,0.126897275,0.0078125
1,212,1,5,1.19537367e-06,8.64291252e-08,0.0723030195,0.0078125
1,212,1,6,1.19537367e-06,4.88513194e-08,0.0408669859,0.0078125
1,212,1,7,1.19537367e-06,2.92611091e-08,0.0244786292,0.0078125
1,212,1,8,1.19537367e-06,1.74719776e-08,0.0146163311,0.0078125
1,212,1,9,1.19537367e-06,9.9117603e-09,0.00829176698,0.0078125
1,213,1,0,1.20968184e-06,6.70781844e-07,0.554510951,0.0078125
1,213,1,1,1.20968184e-06,4.82510131e-07,0.398873597,0.0078125
1,213,1,2,1.20968184e-06,3.65851065e-07,0.302435786,0.0078125
1,213,1,3,1.20968184e-06,2.47805986e-07,0.204852194,0.0078125
1,213,1,4,1.20968184e-06,1.48443917e-07,0.122713186,0.0078125
1,213,1,5,1.20968184e-06,8.6058165e-08,0.0711411536,0.0078125
1,213,1,6,1.20968184e-06,4.9308774e-08,0.0407617725,0.0078125
1,213,1,7,1.20968184e-06,2.99796028e-08,0.0247830469,0.0078125
1,213,1,8,1.20968184e-06,1.76982926e-08,0.0146305347,0.0078125
1,213,1,9,1.20968184e-06,1.0388125e-08,0.00858748518,0.0078125
1,214,1,0,1.32871821e-06,6.84392717e-07,0.515077412,0.0078125
1,214,1,1,1.32871821e-06,4.72563585e-07,0.355653733,0.0078125
1,214,1,2,1.32871821e-06,3.58041177e-07,0.269463599,0.0078125
1,214,1,3,1.32871821e-06,2.43149884e-07,0.182995826,0.0078125
1,214,1,4,1.32871821e-06,1.4956521e-07,0.112563528,0.0078125
1,214,1,5,1.32871821e-06,8.69319692e-08,0.0654254332,0.0078125
1,214,1,6,1.32871821e-06,4.85764957e-08,0.0365589149,0.0078125
1,214,1,7,1.32871821e-06,2.95932097e-08,0.0222719982,0.0078125
1,214,1,8,1.32871821e-06,1.75063928e-08,0.013175399,0.0078125
1,214,1,9,1.32871821e-06,1.03671685e-08,0.00780238304,0.0078125
1,215,1,0,1.33869241e-06,6.90740023e-07,0.515981138,0.0078125
1,215,1,1,1.33869241e-06,4.81753659e-07,0.359868824,0.0078125
1,215,1,2,1.33869241e-06,3.68003867e-07,0.274897993,0.0078125
1,215,1,3,1.33869241e-06,2.45000194e-07,0.183014557,0.0078125
1,215,1,4,1.33869241e-06,1.46069524e-07,0.109113581,0.0078125
1,215,1,5,1.33869241e-06,8.49743316e-08,0.0634756237,0.0078125
1,215,1,6,1.33869241e-06,4.80219491e-08,0.0358722806,0.0078125
1,215,1,7,1.33869241e-06,2.92276674e-08,0.021832997,0.0078125
1,215,1,8,1.33869241e-06,1.74535e-08,0.0130377226,0.0078125
1,215,1,9,1.33869241e-06,1.03235358e-08,0.00771165639,0.0078125
1,216,1,0,1.30005378e-06,6.45413309e-07,0.496451229,0.0078125
1,216,1,1,1.30005378e-06,4.33830422e-07,0.333701909,0.0078125
1,216,1,2,1.30005378e-06,3.35699269e-07,0.25821951,0.0078125
1,216,1,3,1.30005378e-06,2.29664465e-07,0.176657662,0.0078125
1,216,1,4,1.30005378e-06,1.418057e-07,0.109076798,0.0078125
1,216,1,5,1.30005378e-06,8.0436152e-08,0.061871402,0.0078125
1,216,1,6,1.30005378e-06,4.6293632e-08,0.0356090143,0.0078125
1,216,1,7,1.30005378e-06,2.76849299e-08,0.0212952197,0.0078125
1,216,1,8,1.30005378e-06,1.61045826e-08,0.0123876277,0.0078125
1,216,1,9,1.30005378e-06,9.35755029e-09,0.00719781779,0.0078125
1,217,1,0,1.30260014e-06,6.56701104e-07,0.504146338,0.0078125
1,217,1,1,1.30260014e-06,4.25793701e-07,0.326879829,0.0078125
1,217,1,2,1.30260014e-06,3.23109816e-07,0.248049885,0.0078125
1,217,1,3,1.30260014e-06,2.22492588e-07,0.170806512,0.0078125
1,217,1,4,1.30260014e-06,1.38540429e-07,0.106356837,0.0078125
1,217,1,5,1.30260014e-06,7.91526276e-08,0.0607650988,0.0078125
1,217,1,6,1.30260014e-06,4.47558364e-08,0.0343588442,0.0078125
1,217,1,7,1.30260014e-06,2.6638201e-08,0.0204500221,0.0078125
1,217,1,8,1.30260014e-06,1.53541215e-08,0.011787287,0.0078125
1,217,1,9,1.30260014e-06,9.04640451e-09,0.00694488222,0.0078125
1,218,1,0,1.37906341e-06,6.77806497e-07,0.491497695,0.0078125
1,218,1,1,1.37906341e-06,4.39979146e-07,0.319041997,0.0078125
1,218,1,2,1.37906341e-06,3.37254335e-07,0.244553179,0.0078125
1,218,1,3,1.37906341e-06,2.340918e-07,0.16974695,0.0078125
1,218,1,4,1.37906341e-06,1.47884165e-07,0.107235216,0.0078125
1,218,1,5,1.37906341e-06,8.29529725e-08,0.0601516739,0.0078125
1,218,1,6,1.37906341e-06,4.74909321e-08,0.0344370902,0.0078125
1,218,1,7,1.37906341e-06,2.79504917e-08,0.0202677343,0.0078125
1,218,1,8,1.37906341e-06,1.59925229e-08,0.0115966555,0.0078125
1,218,1,9,1.37906341e-06,9.36211375e-09,0.00678874785,0.0078125
1,219,1,0,1.2451984e-06,6.46068315e-07,0.518847704,0.0078125
1,219,1,1,1.2451984e-06,4.47368308e-07,0.359274715,0.0078125
1,219,1,2,1.2451984e-06,3.49255544e-07,0.280481845,0.0078125
1,219,1,3,1.2451984e-06,2.38124727e-07,0.191234365,0.0078125
1,219,1,4,1.2451984e-06,1.39826824e-07,0.112292804,0.0078125
1,219,1,5,1.2451984e-06,7.67870887e-08,0.0616665483,0.0078125
1,219,1,6,1.2451984e-06,4.27988205e-08,0.0343710855,0.0078125
1,219,1,7,1.2451984e-06,2.50491077e-08,0.0201165602,0.0078125
1,219,1,8,1.2451984e-06,1.41458241e-08,0.011360297,0.0078125
1,219,1,9,1.2451984e-06,8.04119971e-09,0.00645776605,0.0078125
1,220,1,0,1.38076302e-06,6.77115281e-07,0.490392089,0.0078125
1,220,1,1,1.38076302e-06,4.33960537e-07,0.314290375,0.0078125
1,220,1,2,1.38076302e-06,3.27590726e-07,0.237253398,0.0078125
1,220,1,3,1.38076302e-06,2.30926759e-07,0.167245761,0.0078125
1,220,1,4,1.38076302e-06,1.48409526e-07,0.107483707,0.0078125
1,220,1,5,1.38076302e-06,8.35397884e-08,0.060502626,0.0078125
1,220,1,6,1.38076302e-06,4.67530192e-08,0.0338602774,0.0078125
1,220,1,7,1.38076302e-06,2.69892944e-08,0.0195466522,0.0078125
1,220,1,8,1.38076302e-06,1.52638453e-08,0.0110546453,0.0078125
1,220,1,9,1.38076302e-06,8.69713812e-09,0.00629879115,0.0078125
1,221,1,0,1.31919774e-06,7.02080854e-07,0.532202899,0.0078125
1,221,1,1,1.31919774e-06,4.71556604e-07,0.357457101,0.0078125
1,221,1,2,1.31919774e-06,3.53596221e-07,0.268038839,0.0078125
1,221,1,3,1.31919774e-06,2.40209772e-07,0.182087764,0.0078125
1,221,1,4,1.31919774e-06,1.45960044e-07,0.110643037,0.0078125
1,221,1,5,1.31919774e-06,8.07957363e-08,0.0612461157,0.0078125
1,221,1,6,1.31919774e-06,4.43780159e-08,0.0336401537,0.0078125
1,221,1,7,1.31919774e-06,2.55901984e-08,0.0193983037,0.0078125
1,221,1,8,1.31919774e-06,1.44091157e-08,0.010922635,0.0078125
1,221,1,9,1.31919774e-06,8.09004597e-09,0.00613255007,0.0078125
1,222,1,0,1.34779771e-06,7.10074289e-07,0.526840389,0.0078125
1,222,1,1,1.34779771e-06,4.93056234e-07,0.365823627,0.0078125
1,222,1,2,1.34779771e-06,3.77005108e-07,0.279719353,0.0078125
1,222,1,3,1.34779771e-06,2.56274717e-07,0.190143317,0.0078125
1,222,1,4,1.34779771e-06,1.55997284e-07,0.115742356,0.0078125
1,222,1,5,1.34779771e-06,8.73130759e-08,0.0647820309,0.0078125
1,222,1,6,1.34779771e-06,4.72310546e-08,0.0350431316,0.0078125
1,222,1,7,1.34779771e-06,2.75101488e-08,0.0204111859,0.0078125
1,222,1,8,1.34779771e-06,1.5716493e-08,0.0116608692,0.0078125
1,222,1,9,1.34779771e-06,9.15301257e-09,0.0067910878,0.0078125
1,223,1,0,1.31930187e-06,6.78075253e-07,0.513965189,0.0078125
1,223,1,1,1.31930187e-06,4.56840041e-07,0.346274078,0.0078125
1,223,1,2,1.31930187e-06,3.43706006e-07,0.260521114,0.0078125
1,223,1,3,1.31930187e-06,2.37537776e-07,0.180048078,0.0078125
1,223,1,4,1.31930187e-06,1.53888223e-07,0.116643675,0.0078125
1,223,1,5,1.31930187e-06,8.67321219e-08,0.0657409206,0.0078125
1,223,1,6,1.31930187e-06,4.65291201e-08,0.0352679864,0.0078125
1,223,1,7,1.31930187e-06,2.67660436e-08,0.0202880353,0.0078125
1,223,1,8,1.31930187e-06,1.5364316e-08,0.011645793,0.0078125
1,223,1,9,1.31930187e-06,8.9462997e-09,0.00678108633,0.0078125
1,224,1,0,1.33598815e-06,6.55542976e-07,0.490680248,0.0078125
1,224,1,1,1.33598815e-06,4.41171693e-07,0.330221266,0.0078125
1,224,1,2,1.33598815e-06,3.43164032e-07,0.256861597,0.0078125
1,224,1,3,1.33598815e-06,2.42566813e-07,0.181563601,0.0078125
1,224,1,4,1.33598815e-06,1.5763213e-07,0.117989168,0.0078125
1,224,1,5,1.33598815e-06,8.77001156e-08,0.0656443834,0.0078125
1,224,1,6,1.33598815e-06,4.87382543e-08,0.0364810526,0.0078125
1,224,1,7,1.33598815e-06,2.83231323e-08,0.0212001372,0.0078125
1,224,1,8,1.33598815e-06,1.59263163e-08,0.0119210016,0.0078125
1,224,1,9,1.33598815e-06,9.10084452e-09,0.00681207003,0.0078125
1,225,1,0,1.31775948e-06,6.30356624e-07,0.478354841,0.0078125
1,225,1,1,1.31775948e-06,4.37468515e-07,0.331979036,0.0078125
1,225,1,2,1.31775948e-06,3.45356341e-07,0.262078434,0.0078125
1,225,1,3,1.31775948e-06,2.43444106e-07,0.184740931,0.0078125
1,225,1,4,1.31775948e-06,1.51056341e-07,0.114631191,0.0078125
1,225,1,5,1.31775948e-06,8.57195062e-08,0.0650494322,0.0078125
1,225,1,6,1.31775948e-06,4.68886725e-08,0.0355821177,0.0078125
1,225,1,7,1.31775948e-06,2.736396e-08,0.0207655188,0.0078125
1,225,1,8,1.31775948e-06,1.58592179e-08,0.0120349871,0.0078125
1,225,1,9,1.31775948e-06,9.11858589e-09,0.00691976491,0.0078125
1,226,1,0,1.44906653e-06,6.9827496e-07,0.481879145,0.0078125
1,226,1,1,1.44906653e-06,4.58203687e-07,0.316206098,0.0078125
1,226,1,2,1.44906653e-06,3.48410907e-07,0.240438178,0.0078125
1,226,1,3,1.44906653e-06,2.49029341e-07,0.171855003,0.0078125
1,226,1,4,1.44906653e-06,1.6039337e-07,0.110687375,0.0078125
1,226,1,5,1.44906653e-06,8.96227803e-08,0.0618486293,0.0078125
1,226,1,6,1.44906653e-06,4.99427948e-08,0.0344654955,0.0078125
1,226,1,7,1.44906653e-06,2.8515668e-08,0.0196786467,0.0078125
1,226,1,8,1.44906653e-06,1.62914073e-08,0.0112426914,0.0078125
1,226,1,9,1.44906653e-06,9.35859212e-09,0.0064583593,0.0078125
1,227,1,0,1.34265883e-06,6.58401632e-07,0.490371495,0.0078125
1,227,1,1,1.34265883e-06,4.70565482e-07,0.350472867,0.0078125
1,227,1,2,1.34265883e-06,3.73155984e-07,0.277923167,0.0078125
1,227,1,3,1.34265883e-06,2.59228983e-07,0.193071365,0.0078125
1,227,1,4,1.34265883e-06,1.62716361e-07,0.121189654,0.0078125
1,227,1,5,1.34265883e-06,9.04502073e-08,0.0673664883,0.0078125
1,227,1,6,1.34265883e-06,5.13696854e-08,0.0382596701,0.0078125
1,227,1,7,1.34265883e-06,3.00489127e-08,0.0223801546,0.0078125
1,227,1,8,1.34265883e-06,1.74616623e-08,0.0130052865,0.0078125
1,227,1,9,1.34265883e-06,1.00281525e-08,0.00746887596,0.0078125
1,228,1,0,1.307763e-06,6.83339977e-07,0.522525847,0.0078125
1,228,1,1,1.307763e-06,4.89502668e-07,0.374305338,0.0078125
1,228,1,2,1.307763e-06,3.82437719e-07,0.29243657,0.0078125
1,228,1,3,1.307763e-06,2.64998988e-07,0.202635333,0.0078125
1,228,1,4,1.307763e-06,1.66718422e-07,0.127483666,0.0078125
1,228,1,5,1.307763e-06,9.24455392e-08,0.0706898272,0.0078125
1,228,1,6,1.307763e-06,5.21717674e-08,0.0398938991,0.0078125
1,228,1,7,1.307763e-06,3.06109236e-08,0.0234070886,0.0078125
1,228,1,8,1.307763e-06,1.80001578e-08,0.0137640825,0.0078125
1,228,1,9,1.307763e-06,1.03075726e-08,0.0078818351,0.0078125
1,229,1,0,1.42895692e-06,7.43501346e-07,0.520310521,0.0078125
1,229,1,1,1.42895692e-06,5.19057039e-07,0.363241911,0.0078125
1,229,1,2,1.42895692e-06,3.85232738e-07,0.269590169,0.0078125
1,229,1,3,1.42895692e-06,2.67957944e-07,0.187519953,0.0078125
1,229,1,4,1.42895692e-06,1.70522569e-07,0.119333595,0.0078125
1,229,1,5,1.42895692e-06,9.90825129e-08,0.0693390518,0.0078125
1,229,1,6,1.42895692e-06,5.75373065e-08,0.040265251,0.0078125
1,229,1,7,1.42895692e-06,3.49982479e-08,0.0244921651,0.0078125
1,229,1,8,1.42895692e-06,2.03401935e-08,0.0142342942,0.0078125
1,229,1,9,1.42895692e-06,1.15719034e-08,0.00809814688,0.0078125
1,230,1,0,1.32418302e-06,7.26837811e-07,0.548895299,0.0078125
1,230,1,1,1.32418302e-06,5.07961488e-07,0.383603692,0.0078125
1,230,1,2,1.32418302e-06,3.88164466e-07,0.293135047,0.0078125
1,230,1,3,1.32418302e-06,2.70054642e-07,0.20394057,0.0078125
1,230,1,4,1.32418302e-06,1.67754521e-07,0.126685292,0.0078125
1,230,1,5,1.32418302e-06,9.41032923e-08,0.0710651726,0.0078125
1,230,1,6,1.32418302e-06,5.48156152e-08,0.0413957983,0.0078125
1,230,1,7,1.32418302e-06,3.25018483e-08,0.0245448314,0.0078125
1,230,1,8,1.32418302e-06,1.91139033e-08,0.0144344876,0.0078125
1,230,1,9,1.32418302e-06,1.08608704e-08,0.00820194092,0.0078125
1,231,1,0,1.33903598e-06,7.10874815e-07,0.530885518,0.0078125
1,231,1,1,1.33903598e-06,4.74433222e-07,0.354309529,0.0078125
1,231,1,2,1.33903598e-06,3.56391297e-07,0.266155124,0.0078125
1,231,1,3,1.33903598e-06,2.54299806e-07,0.189912602,0.0078125
1,231,1,4,1.33903598e-06,1.63190307e-07,0.121871486,0.0078125
1,231,1,5,1.33903598e-06,9.6225854e-08,0.0718620345,0.0078125
1,231,1,6,1.33903598e-06,5.48497177e-08,0.0409620926,0.0078125
1,231,1,7,1.33903598e-06,3.32431789e-08,0.0248262025,0.0078125
1,231,1,8,1.33903598e-06,1.92817229e-08,0.0143997045,0.0078125
1,231,1,9,1.33903598e-06,1.09239746e-08,0.00815808866,0.0078125
1,232,1,0,1.29604632e-06,6.97027815e-07,0.537810862,0.0078125
1,232,1,1,1.29604632e-06,5.06388972e-07,0.390718251,0.0078125
1,232,1,2,1.29604632e-06,3.9417435e-07,0.304136008,0.0078125
1,232,1,3,1.29604632e-06,2.70812109e-07,0.208952487,0.0078125
1,232,1,4,1.29604632e-06,1.73342556e-07,0.13374719,0.0078125
1,232,1,5,1.29604632e-06,9.81428769e-08,0.0757248253,0.0078125
1,232,1,6,1.29604632e-06,5.77890553e-08,0.044588726,0.0078125
1,232,1,7,1.29604632e-06,3.42165229e-08,0.0264006946,0.0078125
1,232,1,8,1.29604632e-06,1.97748111e-08,0.0152577963,0.0078125
1,232,1,9,1.29604632e-06,1.10232632e-08,0.00850530062,0.0078125
1,233,1,0,1.30863214e-06,7.3130542e-07,0.55883193,0.0078125
1,233,1,1,1.30863214e-06,5.36948619e-07,0.410312891,0.0078125
1,233,1,2,1.30863214e-06,4.21146609e-07,0.321821988,0.0078125
1,233,1,3,1.30863214e-06,2.89999008e-07,0.221604675,0.0078125
1,233,1,4,1.30863214e-06,1.76699317e-07,0.135025963,0.0078125
1,233,1,5,1.30863214e-06,9.66003881e-08,0.0738178343,0.0078125
1,233,1,6,1.30863214e-06,5.73950985e-08,0.0438588485,0.0078125
1,233,1,7,1.30863214e-06,3.42016442e-08,0.0261354148,0.0078125
1,233,1,8,1.30863214e-06,1.99581525e-08,0.0152511559,0.0078125
1,233,1,9,1.30863214e-06,1.13877467e-08,0.00870202295,0.0078125
1,234,1,0,1.36386279e-06,7.00078829e-07,0.513305902,0.0078125
1,234,1,1,1.36386279e-06,4.80556821e-07,0.352349818,0.0078125
1,234,1,2,1.36386279e-06,3.61971701e-07,0.26540184,0.0078125
1,234,1,3,1.36386279e-06,2.51977525e-07,0.184752837,0.0078125
1,234,1,4,1.36386279e-06,1.62179404e-07,0.118911818,0.0078125
1,234,1,5,1.36386279e-06,9.58085522e-08,0.0702479407,0.0078125
1,234,1,6,1.36386279e-06,5.56282593e-08,0.0407872833,0.0078125
1,234,1,7,1.36386279e-06,3.34430226e-08,0.0245208107,0.0078125
1,234,1,8,1.36386279e-06,1.90040588e-08,0.0139339957,0.0078125
1,234,1,9,1.36386279e-06,1.05541158e-08,0.00773839979,0.0078125
1,235,1,0,1.30692013e-06,7.10749362e-07,0.543835342,0.0078125
1,235,1,1,1.30692013e-06,5.10329698e-07,0.390482694,0.0078125
1,235,1,2,1.30692013e-06,3.92017427e-07,0.299955159,0.0078125
1,235,1,3,1.30692013e-06,2.67653917e-07,0.204797462,0.0078125
1,235,1,4,1.30692013e-06,1.60293851e-07,0.122650072,0.0078125
1,235,1,5,1.30692013e-06,9.01906674e-08,0.0690100864,0.0078125
1,235,1,6,1.30692013e-06,5.21451788e-08,0.0398992859,0.0078125
1,235,1,7,1.30692013e-06,3.15474828e-08,0.0241387989,0.0078125
1,235,1,8,1.30692013e-06,1.8524501e-08,0.0141741643,0.0078125
1,235,1,9,1.30692013e-06,1.05277218e-08,0.00805536751,0.0078125
1,236,1,0,1.42618774e-06,7.83345172e-07,0.549258113,0.0078125
1,236,1,1,1.42618774e-06,5.10226243e-07,0.357755303,0.0078125
1,236,1,2,1.42618774e-06,3.81854619e-07,0.267744988,0.0078125
1,236,1,3,1.42618774e-06,2.61893575e-07,0.183631912,0.0078125
1,236,1,4,1.42618774e-06,1.65157402e-07,0.115803413,0.0078125
1,236,1,5,1.42618774e-06,9.15402225e-08,0.0641852543,0.0078125
1,236,1,6,1.42618774e-06,5.35836193e-08,0.0375712253,0.0078125
1,236,1,7,1.42618774e-06,3.13693782e-08,0.021995265,0.0078125
1,236,1,8,1.42618774e-06,1.81034956e-08,0.0126936277,0.0078125
1,236,1,9,1.42618774e-06,1.04608837e-08,0.00733485725,0.0078125
1,237,1,0,1.4022188e-06,6.89469914e-07,0.491699249,0.0078125
1,237,1,1,1.4022188e-06,4.76878199e-07,0.340088308,0.0078125
1,237,1,2,1.4022188e-06,3.75528771e-07,0.267810404,0.0078125
1,237,1,3,1.4022188e-06,2.61312437e-07,0.186356395,0.0078125
1,237,1,4,1.4022188e-06,1.53193611e-07,0.109250858,0.0078125
1,237,1,5,1.4022188e-06,8.70279919e-08,0.0620644875,0.0078125
1,237,1,6,1.4022188e-06,4.98896711e-08,0.0355790928,0.0078125
1,237,1,7,1.4022188e-06,2.9317448e-08,0.0209078975,0.0078125
1,237,1,8,1.4022188e-06,1.65542584e-08,0.0118057597,0.0078125
1,237,1,9,1.4022188e-06,9.782676e-09,0.00697656907,0.0078125
1,238,1,0,1.52682196e-06,7.6320498e-07,0.499865085,0.0078125
1,238,1,1,1.52682196e-06,5.17285912e-07,0.338799089,0.0078125
1,238,1,2,1.52682196e-06,3.94989797e-07,0.258700639,0.0078125
1,238,1,3,1.52682196e-06,2.729779e-07,0.178788304,0.0078125
1,238,1,4,1.52682196e-06,1.65292633e-07,0.108259268,0.0078125
1,238,1,5,1.52682196e-06,9.12639635e-08,0.0597738102,0.0078125
1,238,1,6,1.52682196e-06,5.11818783e-08,0.0335218385,0.0078125
1,238,1,7,1.52682196e-06,3.02060137e-08,0.0197835863,0.0078125
1,238,1,8,1.52682196e-06,1.70882277e-08,0.0111920238,0.0078125
1,238,1,9,1.52682196e-06,1.00146034e-08,0.00655911677,0.0078125
1,239,1,0,1.43517298e-06,6.69245424e-07,0.466316909,0.0078125
1,239,1,1,1.43517298e-06,4.36639027e-07,0.304241389,0.0078125
1,239,1,2,1.43517298e-06,3.48181203e-07,0.242605746,0.0078125
1,239,1,3,1.43517298e-06,2.59464599e-07,0.180789769,0.0078125
1,239,1,4,1.43517298e-06,1.62600969e-07,0.11329712,0.0078125
1,239,1,5,1.43517298e-06,9.14445337e-08,0.063716732,0.0078125
1,239,1,6,1.43517298e-06,5.3423495e-08,0.0372244306,0.0078125
1,239,1,7,1.43517298e-06,3.08068131e-08,0.0214655753,0.0078125
1,239,1,8,1.43517298e-06,1.75889632e-08,0.0122556398,0.0078125
1,239,1,9,1.43517298e-06,1.0442581e-08,0.00727618299,0.0078125
1,240,1,0,1.37589052e-06,7.20415869e-07,0.523599684,0.0078125
1,240,1,1,1.37589052e-06,4.75021551e-07,0.345246613,0.0078125
1,240,1,2,1.37589052e-06,3.66033305e-07,0.266033739,0.0078125
1,240,1,3,1.37589052e-06,2.61291802e-07,0.189907402,0.0078125
1,240,1,4,1.37589052e-06,1.59172515e-07,0.115686901,0.0078125
1,240,1,5,1.37589052e-06,8.83233966e-08,0.0641936213,0.0078125
1,240,1,6,1.37589052e-06,5.06475786e-08,0.0368107632,0.0078125
1,240,1,7,1.37589052e-06,2.98544656e-08,0.0216982849,0.0078125
1,240,1,8,1.37589052e-06,1.70406977e-08,0.0123852137,0.0078125
1,240,1,9,1.37589052e-06,1.00544533e-08,0.00730759697,0.0078125
1,241,1,0,1.41717442e-06,7.0353326e-07,0.496433794,0.0078125
1,241,1,1,1.41717442e-06,4.81234395e-07,0.339573145,0.0078125
1,241,1,2,1.41717442e-06,3.80763368e-07,0.268677831,0.0078125
1,241,1,3,1.41717442e-06,2.71916093e-07,0.191872001,0.0078125
1,241,1,4,1.41717442e-06,1.62197409e-07,0.114451267,0.0078125
1,241,1,5,1.41717442e-06,9.15069194e-08,0.0645699799,0.0078125
1,241,1,6,1.41717442e-06,5.22311296e-08,0.0368558243,0.0078125
1,241,1,7,1.41717442e-06,3.07892414e-08,0.0217257962,0.0078125
1,241,1,8,1.41717442e-06,1.71463412e-08,0.0120989634,0.0078125
1,241,1,9,1.41717442e-06,1.00603907e-08,0.00709890807,0.0078125
1,242,1,0,1.40115151e-06,6.8502834e-07,0.488903821,0.0078125
1,242,1,1,1.40115151e-06,4.63691265e-07,0.330935836,0.0078125
1,242,1,2,1.40115151e-06,3.57388359e-07,0.255067617,0.0078125
1,242,1,3,1.40115151e-06,2.60136602e-07,0.185659155,0.0078125
1,242,1,4,1.40115151e-06,1.58429188e-07,0.113070704,0.0078125
1,242,1,5,1.40115151e-06,9.16453899e-08,0.0654071942,0.0078125
1,242,1,6,1.40115151e-06,5.08264257e-08,0.0362747535,0.0078125
1,242,1,7,1.40115151e-06,2.96580538e-08,0.0211669151,0.0078125
1,242,1,8,1.40115151e-06,1.66740559e-08,0.0119002517,0.0078125
1,242,1,9,1.40115151e-06,9.8652766e-09,0.00704083499,0.0078125
1,243,1,0,1.44038768e-06,6.97217331e-07,0.484048396,0.0078125
1,243,1,1,1.44038768e-06,4.66932789e-07,0.324171603,0.0078125
1,243,1,2,1.44038768e-06,3.47223818e-07,0.241062745,0.0078125
1,243,1,3,1.44038768e-06,2.52089336e-07,0.175014928,0.0078125
1,243,1,4,1.44038768e-06,1.57726191e-07,0.109502599,0.0078125
1,243,1,5,1.44038768e-06,8.95940389e-08,0.062201336,0.0078125
1,243,1,6,1.44038768e-06,5.14447933e-08,0.0357159339,0.0078125
1,243,1,7,1.44038768e-06,3.01936645e-08,0.0209621787,0.0078125
1,243,1,8,1.44038768e-06,1.69448882e-08,0.0117641166,0.0078125
1,243,1,9,1.44038768e-06,9.89615145e-09,0.00687047793,0.0078125
1,244,1,0,1.42359886e-06,6.87820034e-07,0.483155787,0.0078125
1,244,1,1,1.42359886e-06,4.53903596e-07,0.318842351,0.0078125
1,244,1,2,1.42359886e-06,3.39273271e-07,0.238320842,0.0078125
1,244,1,3,1.42359886e-06,2.49350791e-07,0.175155237,0.0078125
1,244,1,4,1.42359886e-06,1.60146428e-07,0.112494066,0.0078125
1,244,1,5,1.42359886e-06,8.91449119e-08,0.062619403,0.0078125
1,244,1,6,1.42359886e-06,4.9613412e-08,0.034850698,0.0078125
1,244,1,7,1.42359886e-06,2.89578708e-08,0.0203413144,0.0078125
1,244,1,8,1.42359886e-06,1.59597064e-08,0.0112108169,0.0078125
1,244,1,9,1.42359886e-06,9.31440702e-09,0.00654285913,0.0078125
1,245,1,0,1.46718526e-06,6.88140233e-07,0.469020694,0.0078125
1,245,1,1,1.46718526e-06,4.61909735e-07,0.314827144,0.0078125
1,245,1,2,1.46718526e-06,3.46821309e-07,0.236385494,0.0078125
1,245,1,3,1.46718526e-06,2.55596234e-07,0.174208567,0.0078125
1,245,1,4,1.46718526e-06,1.63146098e-07,0.11119666,0.0078125
1,245,1,5,1.46718526e-06,9.28951565e-08,0.0633152202,0.0078125
1,245,1,6,1.46718526e-06,5.38242126e-08,0.036685355,0.0078125
1,245,1,7,1.46718526e-06,3.12286694e-08,0.0212847479,0.0078125
1,245,1,8,1.46718526e-06,1.78360544e-08,0.0121566476,0.0078125
1,245,1,9,1.46718526e-06,1.0601398e-08,0.00722567085,0.0078125
1,246,1,0,1.46647255e-06,7.34401453e-07,0.50079453,0.0078125
1,246,1,1,1.46647255e-06,4.95057122e-07,0.337583631,0.0078125
1,246,1,2,1.46647255e-06,3.69331161e-07,0.251850039,0.0078125
1,246,1,3,1.46647255e-06,2.6774174e-07,0.182575345,0.0078125
1,246,1,4,1.46647255e-06,1.69500268e-07,0.115583666,0.0078125
1,246,1,5,1.46647255e-06,9.91645734e-08,0.0676211566,0.0078125
1,246,1,6,1.46647255e-06,5.67487959e-08,0.0386974812,0.0078125
1,246,1,7,1.46647255e-06,3.33668666e-08,0.0227531474,0.0078125
1,246,1,8,1.46647255e-06,1.84760101e-08,0.0125989467,0.0078125
1,246,1,9,1.46647255e-06,1.07766933e-08,0.00734871812,0.0078125
1,247,1,0,1.51853931e-06,7.258148e-07,0.47796905,0.0078125
1,247,1,1,1.51853931e-06,4.68820758e-07,0.308731407,0.0078125
1,247,1,2,1.51853931e-06,3.5072128e-07,0.230959639,0.0078125
1,247,1,3,1.51853931e-06,2.56281169e-07,0.168768212,0.0078125
1,247,1,4,1.51853931e-06,1.62136317e-07,0.106771238,0.0078125
1,247,1,5,1.51853931e-06,9.08961866e-08,0.0598576441,0.0078125
1,247,1,6,1.51853931e-06,5.3305417e-08,0.0351030864,0.0078125
1,247,1,7,1.51853931e-06,3.1684646e-08,0.0208652131,0.0078125
1,247,1,8,1.51853931e-06,1.75728232e-08,0.0115721887,0.0078125
1,247,1,9,1.51853931e-06,1.01851949e-08,0.00670723151,0.0078125
1,248,1,0,1.4992163e-06,7.28054601e-07,0.485623449,0.0078125
1,248,1,1,1.4992163e-06,4.90495438e-07,0.327167898,0.0078125
1,248,1,2,1.4992163e-06,3.83100343e-07,0.255533725,0.0078125
1,248,1,3,1.4992163e-06,2.81979368e-07,0.188084513,0.0078125
1,248,1,4,1.4992163e-06,1.73826322e-07,0.115944795,0.0078125
1,248,1,5,1.4992163e-06,9.70433334e-08,0.0647293776,0.0078125
1,248,1,6,1.4992163e-06,5.67692275e-08,0.0378659368,0.0078125
1,248,1,7,1.4992163e-06,3.36840564e-08,0.0224677771,0.0078125
1,248,1,8,1.4992163e-06,1.86533509e-08,0.0124420682,0.0078125
1,248,1,9,1.4992163e-06,1.07850981e-08,0.00719382381,0.0078125
1,249,1,0,1.49957759e-06,7.06354854e-07,0.471035868,0.0078125
1,249,1,1,1.49957759e-06,4.76423168e-07,0.317704916,0.0078125
1,249,1,2,1.49957759e-06,3.58865776e-07,0.239311248,0.0078125
1,249,1,3,1.49957759e-06,2.4498803e-07,0.163371354,0.0078125
1,249,1,4,1.49957759e-06,1.56108882e-07,0.104101904,0.0078125
1,249,1,5,1.49957759e-06,9.56373114e-08,0.0637761652,0.0078125
1,249,1,6,1.49957759e-06,5.66828611e-08,0.0377992168,0.0078125
1,249,1,7,1.49957759e-06,3.31739223e-08,0.0221221782,0.0078125
1,249,1,8,1.49957759e-06,1.85029041e-08,0.0123387445,0.0078125
1,249,1,9,1.49957759e-06,1.09474199e-08,0.00730033591,0.0078125
1,250,1,0,1.57454201e-06,7.54366567e-07,0.479102224,0.0078125
1,250,1,1,1.57454201e-06,5.09002518e-07,0.323270202,0.0078125
1,250,1,2,1.57454201e-06,3.90149609e-07,0.24778609,0.0078125
1,250,1,3,1.57454201e-06,2.85628289e-07,0.181404039,0.0078125
1,250,1,4,1.57454201e-06,1.72683414e-07,0.109672152,0.0078125
1,250,1,5,1.57454201e-06,9.59801696e-08,0.0609575175,0.0078125
1,250,1,6,1.57454201e-06,5.56503146e-08,0.0353438109,0.0078125
1,250,1,7,1.57454201e-06,3.2511462e-08,0.0206482019,0.0078125
1,250,1,8,1.57454201e-06,1.8149624e-08,0.0115269227,0.0078125
1,250,1,9,1.57454201e-06,1.05755911e-08,0.00671661412,0.0078125
1,251,1,0,1.52671623e-06,7.17188641e-07,0.469758958,0.0078125
1,251,1,1,1.52671623e-06,5.07798234e-07,0.332608134,0.0078125
1,251,1,2,1.52671623e-06,4.01958516e-07,0.263283044,0.0078125
1,251,1,3,1.52671623e-06,2.99858215e-07,0.196407303,0.0078125
1,251,1,4,1.52671623e-06,1.78476952e-07,0.116902508,0.0078125
1,251,1,5,1.52671623e-06,9.81796688e-08,0.0643077418,0.0078125
1,251,1,6,1.52671623e-06,5.59938194e-08,0.0366759822,0.0078125
1,251,1,7,1.52671623e-06,3.2738491e-08,0.0214437302,0.0078125
1,251,1,8,1.52671623e-06,1.82163653e-08,0.0119317295,0.0078125
1,251,1,9,1.52671623e-06,1.07330136e-08,0.0070301299,0.0078125
1,252,1,0,1.51079485e-06,7.08113248e-07,0.468702465,0.0078125
1,252,1,1,1.51079485e-06,5.07227412e-07,0.33573547,0.0078125
1,252,1,2,1.51079485e-06,3.8414845e-07,0.254269093,0.0078125
1,252,1,3,1.51079485e-06,2.73435802e-07,0.180988044,0.0078125
1,252,1,4,1.51079485e-06,1.73463334e-07,0.114815943,0.0078125
1,252,1,5,1.51079485e-06,9.958395e-08,0.0659149364,0.0078125
1,252,1,6,1.51079485e-06,5.61281546e-08,0.0371514075,0.0078125
1,252,1,7,1.51079485e-06,3.25658256e-08,0.0215554256,0.0078125
1,252,1,8,1.51079485e-06,1.79700859e-08,0.011894458,0.0078125
1,252,1,9,1.51079485e-06,1.05777431e-08,0.00700144237,0.0078125
1,253,1,0,1.56385227e-06,7.11217865e-07,0.454785854,0.0078125
1,253,1,1,1.56385227e-06,4.94555991e-07,0.316242129,0.0078125
1,253,1,2,1.56385227e-06,3.88373678e-07,0.248344228,0.0078125
1,253,1,3,1.56385227e-06,2.8994927e-07,0.185407072,0.0078125
1,253,1,4,1.56385227e-06,1.77297053e-07,0.113371998,0.0078125
1,253,1,5,1.56385227e-06,9.76711334e-08,0.0624554716,0.0078125
1,253,1,6,1.56385227e-06,5.56821789e-08,0.0356057808,0.0078125
1,253,1,7,1.56385227e-06,3.24837579e-08,0.0207716282,0.0078125
1,253,1,8,1.56385227e-06,1.82073094e-08,0.0116426023,0.0078125
1,253,1,9,1.56385227e-06,1.06498526e-08,0.00681001181,0.0078125
1,254,1,0,1.49489233e-06,6.66454753e-07,0.445821226,0.0078125
1,254,1,1,1.49489233e-06,4.55404916e-07,0.304640621,0.0078125
1,254,1,2,1.49489233e-06,3.60359905e-07,0.241060778,0.0078125
1,254,1,3,1.49489233e-06,2.78296255e-07,0.186164752,0.0078125
1,254,1,4,1.49489233e-06,1.78933931e-07,0.11969687,0.0078125
1,254,1,5,1.49489233e-06,1.02090084e-07,0.0682926029,0.0078125
1,254,1,6,1.49489233e-06,5.76496326e-08,0.0385644063,0.0078125
1,254,1,7,1.49489233e-06,3.35450459e-08,0.0224397741,0.0078125
1,254,1,8,1.49489233e-06,1.8653509e-08,0.0124781625,0.0078125
1,254,1,9,1.49489233e-06,1.09652332e-08,0.00733513245,0.0078125
1,255,1,0,1.5258446e-06,6.94293306e-07,0.455022305,0.0078125
1,255,1,1,1.5258446e-06,4.99843338e-07,0.327584684,0.0078125
1,255,1,2,1.5258446e-06,3.76019813e-07,0.246433884,0.0078125
1,255,1,3,1.5258446e-06,2.73275219e-07,0.179097682,0.0078125
1,255,1,4,1.5258446e-06,1.74727035e-07,0.114511684,0.0078125
1,255,1,5,1.5258446e-06,1.00301961e-07,0.0657353699,0.0078125
1,255,1,6,1.5258446e-06,5.78838346e-08,0.0379356034,0.0078125
1,255,1,7,1.5258446e-06,3.38624311e-08,0.0221925825,0.0078125
1,255,1,8,1.5258446e-06,1.86014972e-08,0.012190951,0.0078125
1,255,1,9,1.5258446e-06,1.10135945e-08,0.00721803168,0.0078125
2,0,1,0,1.53914732e-06,7.0033343e-07,0.455013901,0.0078125
2,0,1,1,1.53914732e-06,4.85008059e-07,0.315114766,0.0078125
2,0,1,2,1.53914732e-06,3.67269791e-07,0.238619,0.0078125
2,0,1,3,1.53914732e-06,2.71710263e-07,0.176532984,0.0078125
2,0,1,4,1.53914732e-06,1.75842544e-07,0.114246726,0.0078125
2,0,1,5,1.53914732e-06,1.0101558e-07,0.0656308681,0.0078125
2,0,1,6,1.53914732e-06,5.85953579e-08,0.0380700119,0.0078125
2,0,1,7,1.53914732e-06,3.52186333e-08,0.0228819121,0.0078125
2,0,1,8,1.53914732e-06,2.00884642e-08,0.013051684,0.0078125
2,0,1,9,1.53914732e-06,1.18437091e-08,0.00769498106,0.0078125
2,1,1,0,1.49658717e-06,6.69588076e-07,0.447410017,0.0078125
2,1,1,1,1.49658717e-06,5.07826201e-07,0.339322835,0.0078125
2,1,1,2,1.49658717e-06,3.9067416e-07,0.26104337,0.0078125
2,1,1,3,1.49658717e-06,2.78490461e-07,0.186083689,0.0078125
2,1,1,4,1.49658717e-06,1.73398476e-07,0.115862593,0.0078125
2,1,1,5,1.49658717e-06,9.89659057e-08,0.0661277249,0.0078125
2,1,1,6,1.49658717e-06,5.73894567e-08,0.0383468866,0.0078125
2,1,1,7,1.49658717e-06,3.41624897e-08,0.0228269286,0.0078125
2,1,1,8,1.49658717e-06,1.92320524e-08,0.0128506059,0.0078125
2,1,1,9,1.49658717e-06,1.12459491e-08,0.00751439622,0.0078125
2,2,1,0,1.52307121e-06,7.23271739e-07,0.474877179,0.0078125
2,2,1,1,1.52307121e-06,5.33026309e-07,0.349968076,0.0078125
2,2,1,2,1.52307121e-06,4.00431446e-07,0.262910515,0.0078125
2,2,1,3,1.52307121e-06,2.72377889e-07,0.178834632,0.0078125
2,2,1,4,1.52307121e-06,1.68339852e-07,0.110526584,0.0078125
2,2,1,5,1.52307121e-06,9.36848537e-08,0.0615104884,0.0078125
2,2,1,6,1.52307121e-06,5.44528262e-08,0.035751991,0.0078125
2,2,1,7,1.52307121e-06,3.25475398e-08,0.021369677,0.0078125
2,2,1,8,1.52307121e-06,1.82011952e-08,0.0119503243,0.0078125
2,2,1,9,1.52307121e-06,1.05664659e-08,0.00693760486,0.0078125
2,3,1,0,1.57402758e-06,8.06014839e-07,0.512071609,0.0078125
2,3,1,1,1.57402758e-06,5.84437316e-07,0.371300548,0.0078125
2,3,1,2,1.57402758e-06,4.06848784e-07,0.258476287,0.0078125
2,3,1,3,1.57402758e-06,2.72743904e-07,0.173277721,0.0078125
2,3,1,4,1.57402758e-06,1.71360242e-07,0.10886737,0.0078125
2,3,1,5,1.57402758e-06,9.41330214e-08,0.0598039217,0.0078125
2,3,1,6,1.57402758e-06,5.38114975e-08,0.0341871381,0.0078125
2,3,1,7,1.57402758e-06,3.20785709e-08,0.0203799289,0.0078125
2,3,1,8,1.57402758e-06,1.85627282e-08,0.0117931403,0.0078125
2,3,1,9,1.57402758e-06,1.11286065e-08,0.00707014697,0.0078125
2,4,1,0,1.56331805e-06,7.92899073e-07,0.50718987,0.0078125
2,4,1,1,1.56331805e-06,6.20006119e-07,0.396596283,0.0078125
2,4,1,2,1.56331805e-06,4.13445548e-07,0.264466703,0.0078125
2,4,1,3,1.56331805e-06,2.68919649e-07,0.172018513,0.0078125
2,4,1,4,1.56331805e-06,1.76902276e-07,0.113158211,0.0078125
2,4,1,5,1.56331805e-06,9.8432352e-08,0.062963739,0.0078125
2,4,1,6,1.56331805e-06,5.65241365e-08,0.0361565165,0.0078125
2,4,1,7,1.56331805e-06,3.37253034e-08,0.0215728991,0.0078125
2,4,1,8,1.56331805e-06,1.87387545e-08,0.0119865276,0.0078125
2,4,1,9,1.56331805e-06,1.0945806e-08,0.00700165005,0.0078125
2,5,1,0,1.5755179e-06,7.84069755e-07,0.497658432,0.0078125
2,5,1,1,1.5755179e-06,5.94693688e-07,0.377459168,0.0078125
2,5,1,2,1.5755179e-06,4.36549641e-07,0.277083278,0.0078125
2,5,1,3,1.5755179e-06,2.81068111e-07,0.178397283,0.0078125
2,5,1,4,1.5755179e-06,1.76794018e-07,0.112213269,0.0078125
2,5,1,5,1.5755179e-06,9.62477742e-08,0.0610896088,0.0078125
2,5,1,6,1.5755179e-06,5.63347591e-08,0.0357563421,0.0078125
2,5,1,7,1.5755179e-06,3.40138158e-08,0.0215889737,0.0078125
2,5,1,8,1.5755179e-06,1.89948519e-08,0.0120562594,0.0078125
2,5,1,9,1.5755179e-06,1.11302985e-08,0.00706453295,0.0078125
2,6,1,0,1.56137287e-06,8.08052391e-07,0.517526865,0.0078125
2,6,1,1,1.56137287e-06,6.42469843e-07,0.411477536,0.0078125
2,6,1,2,1.56137287e-06,4.16400042e-07,0.266688406,0.0078125
2,6,1,3,1.56137287e-06,2.71227805e-07,0.173711106,0.0078125
2,6,1,4,1.56137287e-06,1.75954426e-07,0.112692125,0.0078125
2,6,1,5,1.56137287e-06,9.46080334e-08,0.0605928525,0.0078125
2,6,1,6,1.56137287e-06,5.43889165e-08,0.0348340347,0.0078125
2,6,1,7,1.56137287e-06,3.22422657e-08,0.0206499454,0.0078125
2,6,1,8,1.56137287e-06,1.83095441e-08,0.0117265675,0.0078125
2,6,1,9,1.56137287e-06,1.08234195e-08,0.00693198899,0.0078125
2,7,1,0,1.47754383e-06,7.91935065e-07,0.535980761,0.0078125
2,7,1,1,1.47754383e-06,6.27176576e-07,0.424472392,0.0078125
2,7,1,2,1.47754383e-06,4.53080361e-07,0.306644291,0.0078125
2,7,1,3,1.47754383e-06,2.81358723e-07,0.190423265,0.0078125
2,7,1,4,1.47754383e-06,1.74346923e-07,0.117997803,0.0078125
2,7,1,5,1.47754383e-06,9.01196771e-08,0.0609928966,0.0078125
2,7,1,6,1.47754383e-06,5.24233776e-08,0.035480082,0.0078125
2,7,1,7,1.47754383e-06,3.11780468e-08,0.0211012661,0.0078125
2,7,1,8,1.47754383e-06,1.75914572e-08,0.0119058788,0.0078125
2,7,1,9,1.47754383e-06,1.05121316e-08,0.00711459899,0.0078125
2,8,1,0,1.5897798e-06,7.95771712e-07,0.500554681,0.0078125
2,8,1,1,1.5897798e-06,6.38014797e-07,0.401322752,0.0078125
2,8,1,2,1.5897798e-06,4.35548316e-07,0.273967713,0.0078125
2,8,1,3,1.5897798e-06,2.86183734e-07,0.1800147,0.0078125
2,8,1,4,1.5897798e-06,1.85489469e-07,0.116676204,0.0078125
2,8,1,5,1.5897798e-06,9.830908e-08,0.0618381724,0.0078125
2,8,1,6,1.5897798e-06,5.6065474e-08,0.035266187,0.0078125
2,8,1,7,1.5897798e-06,3.3575752e-08,0.0211197492,0.0078125
2,8,1,8,1.5897798e-06,1.86665012e-08,0.0117415637,0.0078125
2,8,1,9,1.5897798e-06,1.09973151e-08,0.00691750832,0.0078125
2,9,1,0,1.53865778e-06,7.75470596e-07,0.503991604,0.0078125
2,9,1,1,1.53865778e-06,6.02381704e-07,0.391498178,0.0078125
2,9,1,2,1.53865778e-06,4.436572e-07,0.28834039,0.0078125
2,9,1,3,1.53865778e-06,2.92802014e-07,0.190297037,0.0078125
2,9,1,4,1.53865778e-06,1.8702265e-07,0.121549219,0.0078125
2,9,1,5,1.53865778e-06,9.92549118e-08,0.0645074621,0.0078125
2,9,1,6,1.53865778e-06,5.76783243e-08,0.0374861285,0.0078125
2,9,1,7,1.53865778e-06,3.50105616e-08,0.0227539632,0.0078125
2,9,1,8,1.53865778e-06,1.97598347e-08,0.0128422547,0.0078125
2,9,1,9,1.53865778e-06,1.17375922e-08,0.00762846181,0.0078125
2,10,1,0,1.63178152e-06,7.88306181e-07,0.483095437,0.0078125
2,10,1,1,1.63178152e-06,6.00500698e-07,0.36800313,0.0078125
2,10,1,2,1.63178152e-06,4.65599442e-07,0.285331964,0.0078125
2,10,1,3,1.63178152e-06,3.1271432e-07,0.191639826,0.0078125
2,10,1,4,1.63178152e-06,1.91335701e-07,0.11725571,0.0078125
2,10,1,5,1.63178152e-06,9.98130218e-08,0.0611681305,0.0078125
2,10,1,6,1.63178152e-06,5.83000563e-08,0.0357278585,0.0078125
2,10,1,7,1.63178152e-06,3.58407171e-08,0.0219641645,0.0078125
2,10,1,8,1.63178152e-06,2.04884465e-08,0.0125558758,0.0078125
2,10,1,9,1.63178152e-06,1.21489254e-08,0.00744519103,0.0078125
2,11,1,0,1.58000648e-06,8.1890164e-07,0.518290043,0.0078125
2,11,1,1,1.58000648e-06,6.12496081e-07,0.387654155,0.0078125
2,11,1,2,1.58000648e-06,4.36998675e-07,0.276580304,0.0078125
2,11,1,3,1.58000648e-06,2.92810682e-07,0.185322464,0.0078125
2,11,1,4,1.58000648e-06,1.90260238e-07,0.120417379,0.0078125
2,11,1,5,1.58000648e-06,1.00736877e-07,0.0637572557,0.0078125
2,11,1,6,1.58000648e-06,5.70379832e-08,0.03609984,0.0078125
2,11,1,7,1.58000648e-06,3.4144481e-08,0.021610342,0.0078125
2,11,1,8,1.58000648e-06,1.91824636e-08,0.01214075,0.0078125
2,11,1,9,1.58000648e-06,1.15237571e-08,0.00729348697,0.0078125
2,12,1,0,1.65490292e-06,8.28809334e-07,0.500820518,0.0078125
2,12,1,1,1.65490292e-06,6.43605517e-07,0.388908327,0.0078125
2,12,1,2,1.65490292e-06,4.70910521e-07,0.28455478,0.0078125
2,12,1,3,1.65490292e-06,3.15384995e-07,0.190576136,0.0078125
2,12,1,4,1.65490292e-06,1.98681548e-07,0.120056316,0.0078125
2,12,1,5,1.65490292e-06,1.06349226e-07,0.0642631203,0.0078125
2,12,1,6,1.65490292e-06,6.10444886e-08,0.0368870497,0.0078125
2,12,1,7,1.65490292e-06,3.63661385e-08,0.0219747871,0.0078125
2,12,1,8,1.65490292e-06,2.04912372e-08,0.0123821385,0.0078125
2,12,1,9,1.65490292e-06,1.20610695e-08,0.00728808297,0.0078125
2,13,1,0,1.61138496e-06,8.30990359e-07,0.515699446,0.0078125
2,13,1,1,1.61138496e-06,6.72375108e-07,0.417265356,0.0078125
2,13,1,2,1.61138496e-06,5.15267629e-07,0.319766939,0.0078125
2,13,1,3,1.61138496e-06,3.32995512e-07,0.206651747,0.0078125
2,13,1,4,1.61138496e-06,2.05621134e-07,0.127605215,0.0078125
2,13,1,5,1.61138496e-06,1.11369346e-07,0.0691140518,0.0078125
2,13,1,6,1.61138496e-06,6.38946247e-08,0.0396519937,0.0078125
2,13,1,7,1.61138496e-06,3.8085691e-08,0.0236353762,0.0078125
2,13,1,8,1.61138496e-06,2.17675957e-08,0.0135086253,0.0078125
2,13,1,9,1.61138496e-06,1.30311797e-08,0.008086944,0.0078125
2,14,1,0,1.56602971e-06,8.14223768e-07,0.519928694,0.0078125
2,14,1,1,1.56602971e-06,6.45784894e-07,0.412370771,0.0078125
2,14,1,2,1.56602971e-06,4.89001138e-07,0.312255353,0.0078125
2,14,1,3,1.56602971e-06,3.32314045e-07,0.212201625,0.0078125
2,14,1,4,1.56602971e-06,2.11223281e-07,0.134878203,0.0078125
2,14,1,5,1.56602971e-06,1.12492131e-07,0.0718326941,0.0078125
2,14,1,6,1.56602971e-06,6.48820802e-08,0.041430939,0.0078125
2,14,1,7,1.56602971e-06,3.89108763e-08,0.0248468313,0.0078125
2,14,1,8,1.56602971e-06,2.17303029e-08,0.0138760479,0.0078125
2,14,1,9,1.56602971e-06,1.29468392e-08,0.00826730113,0.0078125
2,15,1,0,1.61941546e-06,7.93519519e-07,0.490003675,0.0078125
2,15,1,1,1.61941546e-06,6.24586733e-07,0.385686547,0.0078125
2,15,1,2,1.61941546e-06,4.85487533e-07,0.299791843,0.0078125
2,15,1,3,1.61941546e-06,3.28616409e-07,0.202922851,0.0078125
2,15,1,4,1.61941546e-06,2.08172239e-07,0.128547773,0.0078125
2,15,1,5,1.61941546e-06,1.11134128e-07,0.068626076,0.0078125
2,15,1,6,1.61941546e-06,6.33367421e-08,0.0391108654,0.0078125
2,15,1,7,1.61941546e-06,3.79303735e-08,0.0234222617,0.0078125
2,15,1,8,1.61941546e-06,2.12480487e-08,0.0131208142,0.0078125
2,15,1,9,1.61941546e-06,1.26397612e-08,0.0078051379,0.0078125
2,16,1,0,1.52360349e-06,7.10092138e-07,0.466060996,0.0078125
2,16,1,1,1.52360349e-06,5.80191909e-07,0.380802423,0.0078125
2,16,1,2,1.52360349e-06,4.65989672e-07,0.305847079,0.0078125
2,16,1,3,1.52360349e-06,3.21920425e-07,0.211288854,0.0078125
2,16,1,4,1.52360349e-06,2.04553174e-07,0.134256169,0.0078125
2,16,1,5,1.52360349e-06,1.08158943e-07,0.0709889084,0.0078125
2,16,1,6,1.52360349e-06,6.03035986e-08,0.0395795889,0.0078125
2,16,1,7,1.52360349e-06,3.53478953e-08,0.0232001934,0.0078125
2,16,1,8,1.52360349e-06,1.94149035e-08,0.0127427531,0.0078125
2,16,1,9,1.52360349e-06,1.1306371e-08,0.00742080947,0.0078125
2,17,1,0,1.65266806e-06,7.30670706e-07,0.442115813,0.0078125
2,17,1,1,1.65266806e-06,5.58068166e-07,0.337677091,0.0078125
2,17,1,2,1.65266806e-06,4.17640763e-07,0.252706975,0.0078125
2,17,1,3,1.65266806e-06,2.94805886e-07,0.178381786,0.0078125
2,17,1,4,1.65266806e-06,2.01176405e-07,0.121728256,0.0078125
2,17,1,5,1.65266806e-06,1.08494e-07,0.0656477883,0.0078125
2,17,1,6,1.65266806e-06,5.98735355e-08,0.0362284109,0.0078125
2,17,1,7,1.65266806e-06,3.52855665e-08,0.0213506669,0.0078125
2,17,1,8,1.65266806e-06,1.92998844e-08,0.0116780158,0.0078125
2,17,1,9,1.65266806e-06,1.12997727e-08,0.00683729118,0.0078125
2,18,1,0,1.52850589e-06,6.86837893e-07,0.449352473,0.0078125
2,18,1,1,1.52850589e-06,5.32777165e-07,0.34856075,0.0078125
2,18,1,2,1.52850589e-06,4.34398515e-07,0.284198135,0.0078125
2,18,1,3,1.52850589e-06,3.11596409e-07,0.203856856,0.0078125
2,18,1,4,1.52850589e-06,2.00772575e-07,0.131352171,0.0078125
2,18,1,5,1.52850589e-06,1.07077625e-07,0.070053786,0.0078125
2,18,1,6,1.52850589e-06,5.91714375e-08,0.0387119465,0.0078125
2,18,1,7,1.52850589e-06,3.53027012e-08,0.023096215,0.0078125
2,18,1,8,1.52850589e-06,1.96502619e-08,0.0128558623,0.0078125
2,18,1,9,1.52850589e-06,1.13657972e-08,0.00743588712,0.0078125
2,19,1,0,1.61593016e-06,7.03916555e-07,0.435610741,0.0078125
2,19,1,1,1.61593016e-06,5.3538497e-07,0.331316888,0.0078125
2,19,1,2,1.61593016e-06,4.38641848e-07,0.271448523,0.0078125
2,19,1,3,1.61593016e-06,3.07935096e-07,0.190562129,0.0078125
2,19,1,4,1.61593016e-06,2.00502313e-07,0.124078579,0.0078125
2,19,1,5,1.61593016e-06,1.06714488e-07,0.0660390481,0.0078125
2,19,1,6,1.61593016e-06,5.97801204e-08,0.0369942486,0.0078125
2,19,1,7,1.61593016e-06,3.54325884e-08,0.021927055,0.0078125
2,19,1,8,1.61593016e-06,1.96469756e-08,0.0121583072,0.0078125
2,19,1,9,1.61593016e-06,1.11555938e-08,0.0069035124,0.0078125
2,20,1,0,1.58687851e-06,6.96214329e-07,0.438731968,0.0078125
2,20,1,1,1.58687851e-06,5.05307185e-07,0.318428397,0.0078125
2,20,1,2,1.58687851e-06,4.10980306e-07,0.258986622,0.0078125
2,20,1,3,1.58687851e-06,2.98261767e-07,0.187955007,0.0078125
2,20,1,4,1.58687851e-06,1.972371e-07,0.1242925,0.0078125
2,20,1,5,1.58687851e-06,1.08734703e-07,0.0685211271,0.0078125
2,20,1,6,1.58687851e-06,5.98902403e-08,0.0377409123,0.0078125
2,20,1,7,1.58687851e-06,3.56234757e-08,0.0224487726,0.0078125
2,20,1,8,1.58687851e-06,1.94935428e-08,0.0122842062,0.0078125
2,20,1,9,1.58687851e-06,1.13944276e-08,0.00718040345,0.0078125
2,21,1,0,1.63153129e-06,6.83655003e-07,0.419026583,0.0078125
2,21,1,1,1.63153129e-06,5.19149125e-07,0.318197459,0.0078125
2,21,1,2,1.63153129e-06,4.08024277e-07,0.250086695,0.0078125
2,21,1,3,1.63153129e-06,2.88489218e-07,0.176821142,0.0078125
2,21,1,4,1.63153129e-06,1.96566901e-07,0.120480008,0.0078125
2,21,1,5,1.63153129e-06,1.09715501e-07,0.0672469512,0.0078125
2,21,1,6,1.63153129e-06,6.02865313e-08,0.03695089,0.0078125
2,21,1,7,1.63153129e-06,3.58123202e-08,0.0219501276,0.0078125
2,21,1,8,1.63153129e-06,1.96088781e-08,0.0120186955,0.0078125
2,21,1,9,1.63153129e-06,1.13522081e-08,0.00695800828,0.0078125
2,22,1,0,1.58678336e-06,7.1942361e-07,0.453384906,0.0078125
2,22,1,1,1.58678336e-06,5.1290408e-07,0.323235095,0.0078125
2,22,1,2,1.58678336e-06,4.07755238e-07,0.25696969,0.0078125
2,22,1,3,1.58678336e-06,2.97945604e-07,0.187767029,0.0078125
2,22,1,4,1.58678336e-06,1.93201345e-07,0.121756598,0.0078125
2,22,1,5,1.58678336e-06,1.07772451e-07,0.0679188147,0.0078125
2,22,1,6,1.58678336e-06,6.03541039e-08,0.0380355045,0.0078125
2,22,1,7,1.58678336e-06,3.51815785e-08,0.0221716333,0.0078125
2,22,1,8,1.58678336e-06,1.96857677e-08,0.0124060838,0.0078125
2,22,1,9,1.58678336e-06,1.14495258e-08,0.00721555715,0.0078125
2,23,1,0,1.70074725e-06,7.25943551e-07,0.426838011,0.0078125
2,23,1,1,1.70074725e-06,5.28077805e-07,0.310497522,0.0078125
2,23,1,2,1.70074725e-06,4.26519279e-07,0.250783473,0.0078125
2,23,1,3,1.70074725e-06,3.11227353e-07,0.18299447,0.0078125
2,23,1,4,1.70074725e-06,2.01413712e-07,0.118426599,0.0078125
2,23,1,5,1.70074725e-06,1.09950435e-07,0.0646483079,0.0078125
2,23,1,6,1.70074725e-06,6.11518232e-08,0.0359558575,0.0078125
2,23,1,7,1.70074725e-06,3.66860675e-08,0.0215705577,0.0078125
2,23,1,8,1.70074725e-06,2.04217976e-08,0.0120075438,0.0078125
2,23,1,9,1.70074725e-06,1.21101236e-08,0.00712047238,0.0078125
2,24,1,0,1.67543067e-06,7.45139346e-07,0.444744974,0.0078125
2,24,1,1,1.67543067e-06,5.48003811e-07,0.327082366,0.0078125
2,24,1,2,1.67543067e-06,4.30753715e-07,0.257100284,0.0078125
2,24,1,3,1.67543067e-06,3.07467047e-07,0.183515236,0.0078125
2,24,1,4,1.67543067e-06,1.97499503e-07,0.117879845,0.0078125
2,24,1,5,1.67543067e-06,1.12368483e-07,0.0670684204,0.0078125
2,24,1,6,1.67543067e-06,6.16192395e-08,0.0367781483,0.0078125
2,24,1,7,1.67543067e-06,3.57670622e-08,0.0213479809,0.0078125
2,24,1,8,1.67543067e-06,1.99960137e-08,0.0119348504,0.0078125
2,24,1,9,1.67543067e-06,1.17466596e-08,0.00701112859,0.0078125
2,25,1,0,1.59911406e-06,7.16955242e-07,0.448345274,0.0078125
2,25,1,1,1.59911406e-06,5.43113686e-07,0.33963412,0.0078125
2,25,1,2,1.59911406e-06,4.48606215e-07,0.280534208,0.0078125
2,25,1,3,1.59911406e-06,3.29996681e-07,0.206362188,0.0078125
2,25,1,4,1.59911406e-06,2.12025327e-07,0.132589251,0.0078125
2,25,1,5,1.59911406e-06,1.18891627e-07,0.0743484348,0.0078125
2,25,1,6,1.59911406e-06,6.60922268e-08,0.0413305275,0.0078125
2,25,1,7,1.59911406e-06,3.89751875e-08,0.0243729874,0.0078125
2,25,1,8,1.59911406e-06,2.16343476e-08,0.0135289589,0.0078125
2,25,1,9,1.59911406e-06,1.25057413e-08,0.00782041904,0.0078125
2,26,1,0,1.61203957e-06,6.98464532e-07,0.433280021,0.0078125
2,26,1,1,1.61203957e-06,5.35958179e-07,0.332472086,0.0078125
2,26,1,2,1.61203957e-06,4.34881315e-07,0.269770861,0.0078125
2,26,1,3,1.61203957e-06,3.22841657e-07,0.200269058,0.0078125
2,26,1,4,1.61203957e-06,2.07299308e-07,0.128594428,0.0078125
2,26,1,5,1.61203957e-06,1.16822534e-07,0.0724687725,0.0078125
2,26,1,6,1.61203957e-06,6.47791794e-08,0.0401846096,0.0078125
2,26,1,7,1.61203957e-06,3.79792091e-08,0.0235597249,0.0078125
2,26,1,8,1.61203957e-06,2.08715019e-08,0.0129472641,0.0078125
2,26,1,9,1.61203957e-06,1.23162467e-08,0.00764016388,0.0078125
2,27,1,0,1.64329367e-06,7.19964419e-07,0.438122809,0.0078125
2,27,1,1,1.64329367e-06,5.26561848e-07,0.320430756,0.0078125
2,27,1,2,1.64329367e-06,4.2966613e-07,0.261466444,0.0078125
2,27,1,3,1.64329367e-06,3.21785507e-07,0.195817411,0.0078125
2,27,1,4,1.64329367e-06,2.01215045e-07,0.122446187,0.0078125
2,27,1,5,1.64329367e-06,1.14752183e-07,0.0698305964,0.0078125
2,27,1,6,1.64329367e-06,6.21822736e-08,0.0378400236,0.0078125
2,27,1,7,1.64329367e-06,3.68713806e-08,0.0224374868,0.0078125
2,27,1,8,1.64329367e-06,2.02797139e-08,0.0123408949,0.0078125
2,27,1,9,1.64329367e-06,1.19177308e-08,0.00725234393,0.0078125
2,28,1,0,1.68297322e-06,7.73415195e-07,0.459552884,0.0078125
2,28,1,1,1.68297322e-06,5.74259161e-07,0.341217041,0.0078125
2,28,1,2,1.68297322e-06,4.45443789e-07,0.26467669,0.0078125
2,28,1,3,1.68297322e-06,3.16927412e-07,0.188313991,0.0078125
2,28,1,4,1.68297322e-06,2.02055389e-07,0.120058589,0.0078125
2,28,1,5,1.68297322e-06,1.15847691e-07,0.0688351393,0.0078125
2,28,1,6,1.68297322e-06,6.26943901e-08,0.0372521617,0.0078125
2,28,1,7,1.68297322e-06,3.53881795e-08,0.0210271794,0.0078125
2,28,1,8,1.68297322e-06,1.93022984e-08,0.0114691658,0.0078125
2,28,1,9,1.68297322e-06,1.13320793e-08,0.00673336862,0.0078125
2,29,1,0,1.62576691e-06,6.80771052e-07,0.418738395,0.0078125
2,29,1,1,1.62576691e-06,4.89295417e-07,0.300962836,0.0078125
2,29,1,2,1.62576691e-06,4.02078683e-07,0.247316316,0.0078125
2,29,1,3,1.62576691e-06,3.05851074e-07,0.188127264,0.0078125
2,29,1,4,1.62576691e-06,1.96768852e-07,0.121031404,0.0078125
2,29,1,5,1.62576691e-06,1.13145298e-07,0.0695950314,0.0078125
2,29,1,6,1.62576691e-06,6.27227763e-08,0.0385804251,0.0078125
2,29,1,7,1.62576691e-06,3.62332209e-08,0.0222868491,0.0078125
2,29,1,8,1.62576691e-06,1.98037196e-08,0.0121811554,0.0078125
2,29,1,9,1.62576691e-06,1.15061862e-08,0.00707738986,0.0078125
2,30,1,0,1.65112147e-06,7.17843363e-07,0.434761077,0.0078125
2,30,1,1,1.65112147e-06,5.34596211e-07,0.323777646,0.0078125
2,30,1,2,1.65112147e-06,4.24556646e-07,0.257132292,0.0078125
2,30,1,3,1.65112147e-06,3.15842527e-07,0.191289693,0.0078125
2,30,1,4,1.65112147e-06,2.00604546e-07,0.121495932,0.0078125
2,30,1,5,1.65112147e-06,1.16513775e-07,0.0705664456,0.0078125
2,30,1,6,1.65112147e-06,6.45531699e-08,0.0390965603,0.0078125
2,30,1,7,1.65112147e-06,3.716438e-08,0.0225085691,0.0078125
2,30,1,8,1.65112147e-06,1.97891534e-08,0.0119852806,0.0078125
2,30,1,9,1.65112147e-06,1.13940199e-08,0.00690077618,0.0078125
2,31,1,0,1.62827098e-06,7.56989152e-07,0.464903682,0.0078125
2,31,1,1,1.62827098e-06,5.54944904e-07,0.340818524,0.0078125
2,31,1,2,1.62827098e-06,4.43559088e-07,0.272411108,0.0078125
2,31,1,3,1.62827098e-06,3.30655865e-07,0.203071773,0.0078125
2,31,1,4,1.62827098e-06,2.01329541e-07,0.123646215,0.0078125
2,31,1,5,1.62827098e-06,1.1539484e-07,0.0708695576,0.0078125
2,31,1,6,1.62827098e-06,6.4199412e-08,0.0394279659,0.0078125
2,31,1,7,1.62827098e-06,3.63285757e-08,0.0223111361,0.0078125
2,31,1,8,1.62827098e-06,1.98617318e-08,0.0121980505,0.0078125
2,31,1,9,1.62827098e-06,1.15920358e-08,0.00711922999,0.0078125
2,32,1,0,1.71350746e-06,8.28748341e-07,0.483656108,0.0078125
2,32,1,1,1.71350746e-06,6.08986568e-07,0.355403513,0.0078125
2,32,1,2,1.71350746e-06,4.53350225e-07,0.264574409,0.0078125
2,32,1,3,1.71350746e-06,3.23564933e-07,0.18883194,0.0078125
2,32,1,4,1.71350746e-06,2.09256399e-07,0.122121677,0.0078125
2,32,1,5,1.71350746e-06,1.22367936e-07,0.0714137182,0.0078125
2,32,1,6,1.71350746e-06,6.95058517e-08,0.040563494,0.0078125
2,32,1,7,1.71350746e-06,3.96354451e-08,0.0231311768,0.0078125
2,32,1,8,1.71350746e-06,2.20148184e-08,0.0128478101,0.0078125
2,32,1,9,1.71350746e-06,1.29793509e-08,0.00757472683,0.0078125
2,33,1,0,1.75224466e-06,8.3034621e-07,0.473875731,0.0078125
2,33,1,1,1.75224466e-06,6.03192348e-07,0.344239801,0.0078125
2,33,1,2,1.75224466e-06,4.69611621e-07,0.268005729,0.0078125
2,33,1,3,1.75224466e-06,3.45720309e-07,0.197301388,0.0078125
2,33,1,4,1.75224466e-06,2.10996049e-07,0.120414719,0.0078125
2,33,1,5,1.75224466e-06,1.21830979e-07,0.0695285201,0.0078125
2,33,1,6,1.75224466e-06,7.04217769e-08,0.0401894674,0.0078125
2,33,1,7,1.75224466e-06,4.06139158e-08,0.0231782217,0.0078125
2,33,1,8,1.75224466e-06,2.251433e-08,0.0128488503,0.0078125
2,33,1,9,1.75224466e-06,1.30903048e-08,0.00747059193,0.0078125
2,34,1,0,1.6667633e-06,8.70886083e-07,0.522501349,0.0078125
2,34,1,1,1.6667633e-06,6.58040221e-07,0.394801229,0.0078125
2,34,1,2,1.6667633e-06,5.19457956e-07,0.311656713,0.0078125
2,34,1,3,1.6667633e-06,3.69279149e-07,0.221554652,0.0078125
2,34,1,4,1.6667633e-06,2.16317346e-07,0.129782885,0.0078125
2,34,1,5,1.6667633e-06,1.24185462e-07,0.0745069608,0.0078125
2,34,1,6,1.6667633e-06,7.22715114e-08,0.0433603935,0.0078125
2,34,1,7,1.6667633e-06,4.13502228e-08,0.0248086955,0.0078125
2,34,1,8,1.6667633e-06,2.32779485e-08,0.0139659597,0.0078125
2,34,1,9,1.6667633e-06,1.37281422e-08,0.00823640823,0.0078125
2,35,1,0,1.77995889e-06,8.2891313e-07,0.465692282,0.0078125
2,35,1,1,1.77995889e-06,6.00770193e-07,0.337519139,0.0078125
2,35,1,2,1.77995889e-06,4.36177601e-07,0.245049253,0.0078125
2,35,1,3,1.77995889e-06,2.92571912e-07,0.164370045,0.0078125
2,35,1,4,1.77995889e-06,1.74891142e-07,0.0982557163,0.0078125
2,35,1,5,1.77995889e-06,9.85539828e-08,0.0553686842,0.0078125
2,35,1,6,1.77995889e-06,6.50313936e-08,0.0365353338,0.0078125
2,35,1,7,1.77995889e-06,4.01303097e-08,0.0225456394,0.0078125
2,35,1,8,1.77995889e-06,2.24147367e-08,0.0125928391,0.0078125
2,35,1,9,1.77995889e-06,1.30875284e-08,0.00735271396,0.0078125
2,36,1,0,1.79774065e-06,8.33326624e-07,0.463541061,0.0078125
2,36,1,1,1.79774065e-06,5.98381007e-07,0.332851678,0.0078125
2,36,1,2,1.79774065e-06,4.78797347e-07,0.266332835,0.0078125
2,36,1,3,1.79774065e-06,3.57613914e-07,0.19892408,0.0078125
2,36,1,4,1.79774065e-06,2.17434092e-07,0.120948531,0.0078125
2,36,1,5,1.79774065e-06,1.24252054e-07,0.069115676,0.0078125
2,36,1,6,1.79774065e-06,7.09743659e-08,0.0394797586,0.0078125
2,36,1,7,1.79774065e-06,4.07422185e-08,0.0226630121,0.0078125
2,36,1,8,1.79774065e-06,2.26116637e-08,0.0125778234,0.0078125
2,36,1,9,1.79774065e-06,1.31968418e-08,0.00734079303,0.0078125
2,37,1,0,1.67874668e-06,7.60939884e-07,0.453278571,0.0078125
2,37,1,1,1.67874668e-06,5.60698822e-07,0.333998471,0.0078125
2,37,1,2,1.67874668e-06,4.50880066e-07,0.268581361,0.0078125
2,37,1,3,1.67874668e-06,3.47635762e-07,0.207080528,0.0078125
2,37,1,4,1.67874668e-06,2.11997943e-07,0.126283467,0.0078125
2,37,1,5,1.67874668e-06,1.21139152e-07,0.072160475,0.0078125
2,37,1,6,1.67874668e-06,6.74788225e-08,0.0401959531,0.0078125
2,37,1,7,1.67874668e-06,3.79445879e-08,0.0226029269,0.0078125
2,37,1,8,1.67874668e-06,2.02848636e-08,0.0120833376,0.0078125
2,37,1,9,1.67874668e-06,1.17146222e-08,0.00697819516,0.0078125
2,38,1,0,1.72533021e-06,7.89367562e-07,0.457516789,0.0078125
2,38,1,1,1.72533021e-06,5.61565173e-07,0.325482726,0.0078125
2,38,1,2,1.72533021e-06,4.49415182e-07,0.260480672,0.0078125
2,38,1,3,1.72533021e-06,3.47655487e-07,0.201500833,0.0078125
2,38,1,4,1.72533021e-06,2.12194394e-07,0.122987702,0.0078125
2,38,1,5,1.72533021e-06,1.2081442e-07,0.070023939,0.0078125
2,38,1,6,1.72533021e-06,6.79818442e-08,0.0394022204,0.0078125
2,38,1,7,1.72533021e-06,3.83074976e-08,0.0222029947,0.0078125
2,38,1,8,1.72533021e-06,2.06739124e-08,0.0119825825,0.0078125
2,38,1,9,1.72533021e-06,1.18579839e-08,0.00687287794,0.0078125
2,39,1,0,1.72212731e-06,7.93608194e-07,0.460830152,0.0078125
2,39,1,1,1.72212731e-06,5.77445064e-07,0.335309148,0.0078125
2,39,1,2,1.72212731e-06,4.55211705e-07,0.264331043,0.0078125
2,39,1,3,1.72212731e-06,3.48679833e-07,0.202470422,0.0078125
2,39,1,4,1.72212731e-06,2.11122583e-07,0.122594066,0.0078125
2,39,1,5,1.72212731e-06,1.21734075e-07,0.0706881955,0.0078125
2,39,1,6,1.72212731e-06,6.79279921e-08,0.0394442342,0.0078125
2,39,1,7,1.72212731e-06,3.74132405e-08,0.0217250139,0.0078125
2,39,1,8,1.72212731e-06,2.033903e-08,0.0118104098,0.0078125
2,39,1,9,1.72212731e-06,1.19570096e-08,0.00694316253,0.0078125
2,40,1,0,1.66466509e-06,7.92755088e-07,0.476224959,0.0078125
2,40,1,1,1.66466509e-06,5.90641264e-07,0.354810864,0.0078125
2,40,1,2,1.66466509e-06,4.61003282e-07,0.276934564,0.0078125
2,40,1,3,1.66466509e-06,3.51225879e-07,0.210988909,0.0078125
2,40,1,4,1.66466509e-06,2.11257117e-07,0.126906678,0.0078125
2,40,1,5,1.66466509e-06,1.19803801e-07,0.0719687119,0.0078125
2,40,1,6,1.66466509e-06,6.83085943e-08,0.0410344377,0.0078125
2,40,1,7,1.66466509e-06,3.83795005e-08,0.0230553877,0.0078125
2,40,1,8,1.66466509e-06,2.12473292e-08,0.0127637265,0.0078125
2,40,1,9,1.66466509e-06,1.24564998e-08,0.00748288631,0.0078125
2,41,1,0,1.76890876e-06,8.47880472e-07,0.479324013,0.0078125
2,41,1,1,1.76890876e-06,6.27215968e-07,0.354577899,0.0078125
2,41,1,2,1.76890876e-06,4.89319405e-07,0.276622176,0.0078125
2,41,1,3,1.76890876e-06,3.65172212e-07,0.206439257,0.0078125
2,41,1,4,1.76890876e-06,2.10176509e-07,0.118817046,0.0078125
2,41,1,5,1.76890876e-06,1.19305128e-07,0.067445606,0.0078125
2,41,1,6,1.76890876e-06,6.73720564e-08,0.0380867906,0.0078125
2,41,1,7,1.76890876e-06,3.78096878e-08,0.0213745832,0.0078125
2,41,1,8,1.76890876e-06,2.08722071e-08,0.0117994817,0.0078125
2,41,1,9,1.76890876e-06,1.23825572e-08,0.00700011058,0.0078125
2,42,1,0,1.67735698e-06,8.54308666e-07,0.509318352,0.0078125
2,42,1,1,1.67735698e-06,6.32660829e-07,0.377177209,0.0078125
2,42,1,2,1.67735698e-06,4.99699524e-07,0.297908872,0.0078125
2,42,1,3,1.67735698e-06,3.73040962e-07,0.222398072,0.0078125
2,42,1,4,1.67735698e-06,2.1241388e-07,0.126636058,0.0078125
2,42,1,5,1.67735698e-06,1.20568302e-07,0.0718799308,0.0078125
2,42,1,6,1.67735698e-06,6.86515449e-08,0.0409284048,0.0078125
2,42,1,7,1.67735698e-06,3.91353012e-08,0.0233315285,0.0078125
2,42,1,8,1.67735698e-06,2.17927401e-08,0.0129923094,0.0078125
2,42,1,9,1.67735698e-06,1.31711975e-08,0.00785235222,0.0078125
2,43,1,0,1.84098099e-06,8.31962097e-07,0.451912373,0.0078125
2,43,1,1,1.84098099e-06,6.06553158e-07,0.32947281,0.0078125
2,43,1,2,1.84098099e-06,4.69700637e-07,0.255136073,0.0078125
2,43,1,3,1.84098099e-06,3.54521092e-07,0.192571834,0.0078125
2,43,1,4,1.84098099e-06,2.13100975e-07,0.115754031,0.0078125
2,43,1,5,1.84098099e-06,1.22339159e-07,0.0664532408,0.0078125
2,43,1,6,1.84098099e-06,6.96354121e-08,0.0378251672,0.0078125
2,43,1,7,1.84098099e-06,3.96035738e-08,0.0215122122,0.0078125
2,43,1,8,1.84098099e-06,2.21892567e-08,0.0120529523,0.0078125
2,43,1,9,1.84098099e-06,1.30768179e-08,0.00710317912,0.0078125
2,44,1,0,1.8723739e-06,9.12890073e-07,0.48755756,0.0078125
2,44,1,1,1.8723739e-06,6.91339835e-07,0.369231731,0.0078125
2,44,1,2,1.8723739e-06,5.20904052e-07,0.278205156,0.0078125
2,44,1,3,1.8723739e-06,3.77812768e-07,0.201782763,0.0078125
2,44,1,4,1.8723739e-06,2.24199454e-07,0.119740747,0.0078125
2,44,1,5,1.8723739e-06,1.26012267e-07,0.067300804,0.0078125
2,44,1,6,1.8723739e-06,7.20418214e-08,0.0384761952,0.0078125
2,44,1,7,1.8723739e-06,4.10883914e-08,0.0219445433,0.0078125
2,44,1,8,1.8723739e-06,2.27990249e-08,0.0121765342,0.0078125
2,44,1,9,1.8723739e-06,1.35640903e-08,0.00724432757,0.0078125
2,45,1,0,1.94814356e-06,9.2047344e-07,0.472487479,0.0078125
2,45,1,1,1.94814356e-06,6.74774299e-07,0.346367836,0.0078125
2,45,1,2,1.94814356e-06,5.20869378e-07,0.267367035,0.0078125
2,45,1,3,1.94814356e-06,3.82240898e-07,0.196207762,0.0078125
2,45,1,4,1.94814356e-06,2.21761326e-07,0.113832124,0.0078125
2,45,1,5,1.94814356e-06,1.25449247e-07,0.0643942505,0.0078125
2,45,1,6,1.94814356e-06,7.08052426e-08,0.0363449827,0.0078125
2,45,1,7,1.94814356e-06,4.07768646e-08,0.0209311396,0.0078125
2,45,1,8,1.94814356e-06,2.28724915e-08,0.0117406603,0.0078125
2,45,1,9,1.94814356e-06,1.37792018e-08,0.00707299076,0.0078125
2,46,1,0,1.95493453e-06,8.85046973e-07,0.452724606,0.0078125
2,46,1,1,1.95493453e-06,6.47566992e-07,0.331247419,0.0078125
2,46,1,2,1.95493453e-06,4.94979815e-07,0.253195077,0.0078125
2,46,1,3,1.95493453e-06,3.6757308e-07,0.18802321,0.0078125
2,46,1,4,1.95493453e-06,2.19758263e-07,0.11241208,0.0078125
2,46,1,5,1.95493453e-06,1.27675179e-07,0.0653091818,0.0078125
2,46,1,6,1.95493453e-06,7.22694722e-08,0.0369677208,0.0078125
2,46,1,7,1.95493453e-06,4.1249077e-08,0.0210999791,0.0078125
2,46,1,8,1.95493453e-06,2.3589017e-08,0.0120663978,0.0078125
2,46,1,9,1.95493453e-06,1.4204085e-08,0.0072657601,0.0078125
2,47,1,0,1.87528497e-06,9.0054607e-07,0.480218261,0.0078125
2,47,1,1,1.87528497e-06,6.68922155e-07,0.356704265,0.0078125
2,47,1,2,1.87528497e-06,5.34492528e-07,0.285019368,0.0078125
2,47,1,3,1.87528497e-06,3.94039461e-07,0.210122451,0.0078125
2,47,1,4,1.87528497e-06,2.21590099e-07,0.118163429,0.0078125
2,47,1,5,1.87528497e-06,1.2531163e-07,0.0668227151,0.0078125
2,47,1,6,1.87528497e-06,7.15738011e-08,0.0381668918,0.0078125
2,47,1,7,1.87528497e-06,4.12073611e-08,0.0219739191,0.0078125
2,47,1,8,1.87528497e-06,2.35379201e-08,0.0125516495,0.0078125
2,47,1,9,1.87528497e-06,1.40044936e-08,0.00746792834,0.0078125
2,48,1,0,1.79996334e-06,8.2991744e-07,0.46107462,0.0078125
2,48,1,1,1.79996334e-06,6.15181023e-07,0.341774195,0.0078125
2,48,1,2,1.79996334e-06,4.87024749e-07,0.270574808,0.0078125
2,48,1,3,1.79996334e-06,3.7061136e-07,0.205899388,0.0078125
2,48,1,4,1.79996334e-06,2.22406371e-07,0.123561613,0.0078125
2,48,1,5,1.79996334e-06,1.27401819e-07,0.0707802325,0.0078125
2,48,1,6,1.79996334e-06,7.24166682e-08,0.0402323008,0.0078125
2,48,1,7,1.79996334e-06,4.22732711e-08,0.0234856289,0.0078125
2,48,1,8,1.79996334e-06,2.41608227e-08,0.013422953,0.0078125
2,48,1,9,1.79996334e-06,1.43016861e-08,0.00794554316,0.0078125
2,49,1,0,1.86137038e-06,8.62078366e-07,0.463141769,0.0078125
2,49,1,1,1.86137038e-06,6.26743315e-07,0.336710691,0.0078125
2,49,1,2,1.86137038e-06,4.96839505e-07,0.266921341,0.0078125
2,49,1,3,1.86137038e-06,3.67285054e-07,0.197319701,0.0078125
2,49,1,4,1.86137038e-06,2.12541536e-07,0.114185512,0.0078125
2,49,1,5,1.86137038e-06,1.21710528e-07,0.0653875917,0.0078125
2,49,1,6,1.86137038e-06,6.88006594e-08,0.0369623676,0.0078125
2,49,1,7,1.86137038e-06,3.94341626e-08,0.0211855546,0.0078125
2,49,1,8,1.86137038e-06,2.19111005e-08,0.0117714889,0.0078125
2,49,1,9,1.86137038e-06,1.26674884e-08,0.00680546369,0.0078125
2,50,1,0,1.84182613e-06,9.09620439e-07,0.493868798,0.0078125
2,50,1,1,1.84182613e-06,6.65400307e-07,0.361272067,0.0078125
2,50,1,2,1.84182613e-06,5.15690033e-07,0.279988438,0.0078125
2,50,1,3,1.84182613e-06,3.76082482e-07,0.204190001,0.0078125
2,50,1,4,1.84182613e-06,2.16445386e-07,0.117516734,0.0078125
2,50,1,5,1.84182613e-06,1.22847368e-07,0.0666986778,0.0078125
2,50,1,6,1.84182613e-06,6.98089053e-08,0.037902005,0.0078125
2,50,1,7,1.84182613e-06,4.02506295e-08,0.0218536537,0.0078125
2,50,1,8,1.84182613e-06,2.30137118e-08,0.0124950511,0.0078125
2,50,1,9,1.84182613e-06,1.36428442e-08,0.00740723778,0.0078125
2,51,1,0,1.84135877e-06,8.47216768e-07,0.460104138,0.0078125
2,51,1,1,1.84135877e-06,6.22224604e-07,0.337916017,0.0078125
2,51,1,2,1.84135877e-06,4.69416932e-07,0.254929632,0.0078125
2,51,1,3,1.84135877e-06,3.4802531e-07,0.189004615,0.0078125
2,51,1,4,1.84135877e-06,2.13083652e-07,0.115720876,0.0078125
2,51,1,5,1.84135877e-06,1.24553665e-07,0.0676422566,0.0078125
2,51,1,6,1.84135877e-06,7.00450542e-08,0.0380398743,0.0078125
2,51,1,7,1.84135877e-06,4.06774063e-08,0.0220909733,0.0078125
2,51,1,8,1.84135877e-06,2.30658852e-08,0.0125265568,0.0078125
2,51,1,9,1.84135877e-06,1.3696388e-08,0.00743819633,0.0078125
2,52,1,0,1.85281306e-06,9.02150703e-07,0.486908644,0.0078125
2,52,1,1,1.85281306e-06,6.6838254e-07,0.360739321,0.0078125
2,52,1,2,1.85281306e-06,5.2445921e-07,0.283061057,0.0078125
2,52,1,3,1.85281306e-06,3.72905362e-07,0.201264426,0.0078125
2,52,1,4,1.85281306e-06,2.10542026e-07,0.113633715,0.0078125
2,52,1,5,1.85281306e-06,1.19707536e-07,0.0646085367,0.0078125
2,52,1,6,1.85281306e-06,6.91398725e-08,0.0373161621,0.0078125
2,52,1,7,1.85281306e-06,4.06652703e-08,0.0219478533,0.0078125
2,52,1,8,1.85281306e-06,2.34869972e-08,0.0126763992,0.0078125
2,52,1,9,1.85281306e-06,1.37775453e-08,0.00743601471,0.0078125
2,53,1,0,1.90084995e-06,9.34728234e-07,0.491742253,0.0078125
2,53,1,1,1.90084995e-06,6.55169515e-07,0.344671875,0.0078125
2,53,1,2,1.90084995e-06,5.05933713e-07,0.266161829,0.0078125
2,53,1,3,1.90084995e-06,3.67076382e-07,0.193111703,0.0078125
2,53,1,4,1.90084995e-06,2.12334001e-07,0.111704767,0.0078125
2,53,1,5,1.90084995e-06,1.20661184e-07,0.0634774938,0.0078125
2,53,1,6,1.90084995e-06,6.88488839e-08,0.0362200513,0.0078125
2,53,1,7,1.90084995e-06,3.94229041e-08,0.0207396187,0.0078125
2,53,1,8,1.90084995e-06,2.28847874e-08,0.0120392395,0.0078125
2,53,1,9,1.90084995e-06,1.3540955e-08,0.00712363189,0.0078125
2,54,1,0,1.95745451e-06,9.13007113e-07,0.466425717,0.0078125
2,54,1,1,1.95745451e-06,6.47948752e-07,0.331016004,0.0078125
2,54,1,2,1.95745451e-06,5.09398546e-07,0.26023519,0.0078125
2,54,1,3,1.95745451e-06,3.69826694e-07,0.188932464,0.0078125
2,54,1,4,1.95745451e-06,2.19860254e-07,0.112319469,0.0078125
2,54,1,5,1.95745451e-06,1.25403588e-07,0.0640646219,0.0078125
2,54,1,6,1.95745451e-06,7.24690139e-08,0.0370220691,0.0078125
2,54,1,7,1.95745451e-06,4.14952055e-08,0.021198554,0.0078125
2,54,1,8,1.95745451e-06,2.39137208e-08,0.012216744,0.0078125
2,54,1,9,1.95745451e-06,1.37522935e-08,0.00702560041,0.0078125
2,55,1,0,1.98953967e-06,8.76011654e-07,0.44030872,0.0078125
2,55,1,1,1.98953967e-06,6.11464088e-07,0.307339489,0.0078125
2,55,1,2,1.98953967e-06,4.7471471e-07,0.238605306,0.0078125
2,55,1,3,1.98953967e-06,3.55813967e-07,0.178842366,0.0078125
2,55,1,4,1.98953967e-06,2.26402506e-07,0.113796428,0.0078125
2,55,1,5,1.98953967e-06,1.32185278e-07,0.0664401352,0.0078125
2,55,1,6,1.98953967e-06,7.57987948e-08,0.0380986594,0.0078125
2,55,1,7,1.98953967e-06,4.28907541e-08,0.0215581302,0.0078125
2,55,1,8,1.98953967e-06,2.4497341e-08,0.0123130698,0.0078125
2,55,1,9,1.98953967e-06,1.42634029e-08,0.00716919731,0.0078125
2,56,1,0,2.00540876e-06,8.21806452e-07,0.409794986,0.0078125
2,56,1,1,2.00540876e-06,5.8024375e-07,0.289339393,0.0078125
2,56,1,2,2.00540876e-06,4.7290419e-07,0.235814363,0.0078125
2,56,1,3,2.00540876e-06,3.56904451e-07,0.177970931,0.0078125
2,56,1,4,2.00540876e-06,2.23088009e-07,0.111243159,0.0078125
2,56,1,5,2.00540876e-06,1.26044512e-07,0.0628522784,0.0078125
2,56,1,6,2.00540876e-06,7.29065164e-08,0.0363549404,0.0078125
2,56,1,7,2.00540876e-06,4.1582549e-08,0.0207351986,0.0078125
2,56,1,8,2.00540876e-06,2.35722908e-08,0.0117543573,0.0078125
2,56,1,9,2.00540876e-06,1.38189744e-08,0.00689085154,0.0078125
2,57,1,0,2.03227319e-06,8.99911299e-07,0.442810208,0.0078125
2,57,1,1,2.03227319e-06,6.34415358e-07,0.312170327,0.0078125
2,57,1,2,2.03227319e-06,5.08090409e-07,0.250010878,0.0078125
2,57,1,3,2.03227319e-06,3.79217084e-07,0.186597496,0.0078125
2,57,1,4,2.03227319e-06,2.3196381e-07,0.114140071,0.0078125
2,57,1,5,2.03227319e-06,1.31969244e-07,0.0649367645,0.0078125
2,57,1,6,2.03227319e-06,7.52852927e-08,0.0370448679,0.0078125
2,57,1,7,2.03227319e-06,4.26613873e-08,0.020991955,0.0078125
2,57,1,8,2.03227319e-06,2.40837554e-08,0.0118506486,0.0078125
2,57,1,9,2.03227319e-06,1.36577443e-08,0.00672042742,0.0078125
2,58,1,0,1.97886379e-06,8.80298671e-07,0.444850564,0.0078125
2,58,1,1,1.97886379e-06,6.26824374e-07,0.316759735,0.0078125
2,58,1,2,1.97886379e-06,5.03889851e-07,0.25463593,0.0078125
2,58,1,3,1.97886379e-06,3.72014284e-07,0.187993884,0.0078125
2,58,1,4,1.97886379e-06,2.25362541e-07,0.113884814,0.0078125
2,58,1,5,1.97886379e-06,1.23789889e-07,0.0625560433,0.0078125
2,58,1,6,1.97886379e-06,7.19659354e-08,0.0363673009,0.0078125
2,58,1,7,1.97886379e-06,4.07625933e-08,0.020598989,0.0078125
2,58,1,8,1.97886379e-06,2.26856329e-08,0.011463969,0.0078125
2,58,1,9,1.97886379e-06,1.3106602e-08,0.00662329653,0.0078125
2,59,1,0,1.88329238e-06,8.6113738e-07,0.457251042,0.0078125
2,59,1,1,1.88329238e-06,6.6138864e-07,0.351187438,0.0078125
2,59,1,2,1.88329238e-06,5.22421658e-07,0.27739805,0.0078125
2,59,1,3,1.88329238e-06,3.74543788e-07,0.198877126,0.0078125
2,59,1,4,1.88329238e-06,2.27711638e-07,0.120911464,0.0078125
2,59,1,5,1.88329238e-06,1.29495135e-07,0.0687599704,0.0078125
2,59,1,6,1.88329238e-06,7.29476071e-08,0.0387340859,0.0078125
2,59,1,7,1.88329238e-06,4.06252703e-08,0.021571409,0.0078125
2,59,1,8,1.88329238e-06,2.30719781e-08,0.0122508742,0.0078125
2,59,1,9,1.88329238e-06,1.32424915e-08,0.00703156414,0.0078125
2,60,1,0,2.01743364e-06,9.19424508e-07,0.455739647,0.0078125
2,60,1,1,2.01743364e-06,6.9260858e-07,0.343311697,0.0078125
2,60,1,2,2.01743364e-06,5.46720571e-07,0.270998031,0.0078125
2,60,1,3,2.01743364e-06,3.93563596e-07,0.195081308,0.0078125
2,60,1,4,2.01743364e-06,2.39886106e-07,0.118906565,0.0078125
2,60,1,5,2.01743364e-06,1.32922878e-07,0.0658871159,0.0078125
2,60,1,6,2.01743364e-06,7.48845252e-08,0.0371187069,0.0078125
2,60,1,7,2.01743364e-06,4.1248498e-08,0.0204460248,0.0078125
2,60,1,8,2.01743364e-06,2.28385257e-08,0.0113205835,0.0078125
2,60,1,9,2.01743364e-06,1.31703111e-08,0.00652824994,0.0078125
2,61,1,0,1.93073379e-06,9.19176614e-07,0.476076305,0.0078125
2,61,1,1,1.93073379e-06,7.26337589e-07,0.376197696,0.0078125
2,61,1,2,1.93073379e-06,5.86682006e-07,0.303864777,0.0078125
2,61,1,3,1.93073379e-06,4.07661986e-07,0.211143553,0.0078125
2,61,1,4,1.93073379e-06,2.4072952e-07,0.124682918,0.0078125
2,61,1,5,1.93073379e-06,1.32882121e-07,0.0688246712,0.0078125
2,61,1,6,1.93073379e-06,7.59741923e-08,0.0393499061,0.0078125
2,61,1,7,1.93073379e-06,4.22748023e-08,0.0218957178,0.0078125
2,61,1,8,1.93073379e-06,2.37638584e-08,0.0123082008,0.0078125
2,61,1,9,1.93073379e-06,1.40114e-08,0.00725703361,0.0078125
2,62,1,0,1.93501819e-06,8.53770132e-07,0.441220731,0.0078125
2,62,1,1,1.93501819e-06,6.55856354e-07,0.33894068,0.0078125
2,62,1,2,1.93501819e-06,5.1844313e-07,0.267926753,0.0078125
2,62,1,3,1.93501819e-06,3.75931222e-07,0.194277868,0.0078125
2,62,1,4,1.93501819e-06,2.36514097e-07,0.122228362,0.0078125
2,62,1,5,1.93501819e-06,1.30961865e-07,0.0676799119,0.0078125
2,62,1,6,1.93501819e-06,7.37811447e-08,0.038129434,0.0078125
2,62,1,7,1.93501819e-06,4.02567437e-08,0.0208043233,0.0078125
2,62,1,8,1.93501819e-06,2.28450538e-08,0.0118061183,0.0078125
2,62,1,9,1.93501819e-06,1.32197808e-08,0.0068318639,0.0078125
2,63,1,0,2.04195771e-06,8.45025056e-07,0.413830817,0.0078125
2,63,1,1,2.04195771e-06,6.29618285e-07,0.30834052,0.0078125
2,63,1,2,2.04195771e-06,5.0540541e-07,0.247510225,0.0078125
2,63,1,3,2.04195771e-06,3.73412888e-07,0.182870045,0.0078125
2,63,1,4,2.04195771e-06,2.35196524e-07,0.115181878,0.0078125
2,63,1,5,2.04195771e-06,1.33176187e-07,0.0652198568,0.0078125
2,63,1,6,2.04195771e-06,7.47373932e-08,0.0366008542,0.0078125
2,63,1,7,2.04195771e-06,4.03606073e-08,0.0197656434,0.0078125
2,63,1,8,2.04195771e-06,2.22154561e-08,0.0108794887,0.0078125
2,63,1,9,2.04195771e-06,1.30436257e-08,0.00638780417,0.0078125
2,64,1,0,1.94626568e-06,7.70309157e-07,0.395788282,0.0078125
2,64,1,1,1.94626568e-06,6.10113375e-07,0.313478976,0.0078125
2,64,1,2,1.94626568e-06,4.74176204e-07,0.243633851,0.0078125
2,64,1,3,1.94626568e-06,3.27451659e-07,0.16824612,0.0078125
2,64,1,4,1.94626568e-06,2.12016886e-07,0.108935222,0.0078125
2,64,1,5,1.94626568e-06,1.27282391e-07,0.065398261,0.0078125
2,64,1,6,1.94626568e-06,7.42281117e-08,0.038138736,0.0078125
2,64,1,7,1.94626568e-06,4.04779037e-08,0.0207977276,0.0078125
2,64,1,8,1.94626568e-06,2.27697505e-08,0.0116991997,0.0078125
2,64,1,9,1.94626568e-06,1.37360008e-08,0.00705761835,0.0078125
2,65,1,0,1.94284348e-06,8.32308842e-07,0.428397268,0.0078125
2,65,1,1,1.94284348e-06,6.53781228e-07,0.33650741,0.0078125
2,65,1,2,1.94284348e-06,5.30841703e-07,0.273229271,0.0078125
2,65,1,3,1.94284348e-06,3.88490321e-07,0.199959666,0.0078125
2,65,1,4,1.94284348e-06,2.4247052e-07,0.124801882,0.0078125
2,65,1,5,1.94284348e-06,1.36787634e-07,0.070405893,0.0078125
2,65,1,6,1.94284348e-06,7.79150398e-08,0.0401036106,0.0078125
2,65,1,7,1.94284348e-06,4.35066418e-08,0.0223932825,0.0078125
2,65,1,8,1.94284348e-06,2.47141099e-08,0.0127205867,0.0078125
2,65,1,9,1.94284348e-06,1.47040256e-08,0.00756830163,0.0078125
2,66,1,0,2.07082303e-06,8.85055385e-07,0.427393049,0.0078125
2,66,1,1,2.07082303e-06,6.97339658e-07,0.336745173,0.0078125
2,66,1,2,2.07082303e-06,5.32503009e-07,0.257145584,0.0078125
2,66,1,3,2.07082303e-06,3.70396947e-07,0.178864613,0.0078125
2,66,1,4,2.07082303e-06,2.38820576e-07,0.115326405,0.0078125
2,66,1,5,2.07082303e-06,1.37051487e-07,0.0661821365,0.0078125
2,66,1,6,2.07082303e-06,7.93075401e-08,0.0382975936,0.0078125
2,66,1,7,2.07082303e-06,4.27221423e-08,0.0206305142,0.0078125
2,66,1,8,2.07082303e-06,2.38027926e-08,0.0114943637,0.0078125
2,66,1,9,2.07082303e-06,1.45531223e-08,0.00702769961,0.0078125
2,67,1,0,1.96301221e-06,8.74797365e-07,0.445640296,0.0078125
2,67,1,1,1.96301221e-06,7.04611807e-07,0.358944178,0.0078125
2,67,1,2,1.96301221e-06,5.48470609e-07,0.279402554,0.0078125
2,67,1,3,1.96301221e-06,3.86105313e-07,0.196690232,0.0078125
2,67,1,4,1.96301221e-06,2.42988023e-07,0.123783246,0.0078125
2,67,1,5,1.96301221e-06,1.40456805e-07,0.0715516731,0.0078125
2,67,1,6,1.96301221e-06,8.19050854e-08,0.0417241864,0.0078125
2,67,1,7,1.96301221e-06,4.45673436e-08,0.0227035489,0.0078125
2,67,1,8,1.96301221e-06,2.51528665e-08,0.0128134033,0.0078125
2,67,1,9,1.96301221e-06,1.53514481e-08,0.00782035291,0.0078125
2,68,1,0,1.86456828e-06,8.9638155e-07,0.480744839,0.0078125
2,68,1,1,1.86456828e-06,7.21952119e-07,0.387195319,0.0078125
2,68,1,2,1.86456828e-06,5.66156814e-07,0.303639621,0.0078125
2,68,1,3,1.86456828e-06,3.88578371e-07,0.208401263,0.0078125
2,68,1,4,1.86456828e-06,2.35193795e-07,0.126138479,0.0078125
2,68,1,5,1.86456828e-06,1.32036277e-07,0.0708133206,0.0078125
2,68,1,6,1.86456828e-06,7.57074616e-08,0.040603213,0.0078125
2,68,1,7,1.86456828e-06,4.08382732e-08,0.0219022669,0.0078125
2,68,1,8,1.86456828e-06,2.31222117e-08,0.0124008395,0.0078125
2,68,1,9,1.86456828e-06,1.38875738e-08,0.00744814426,0.0078125
2,69,1,0,1.84531962e-06,8.5115704e-07,0.461251825,0.0078125
2,69,1,1,1.84531962e-06,7.20324181e-07,0.390351981,0.0078125
2,69,1,2,1.84531962e-06,5.70147904e-07,0.308969736,0.0078125
2,69,1,3,1.84531962e-06,3.94579303e-07,0.213827074,0.0078125
2,69,1,4,1.84531962e-06,2.36905876e-07,0.128382027,0.0078125
2,69,1,5,1.84531962e-06,1.34463704e-07,0.0728674307,0.0078125
2,69,1,6,1.84531962e-06,7.908735e-08,0.0428583473,0.0078125
2,69,1,7,1.84531962e-06,4.26982787e-08,0.0231386907,0.0078125
2,69,1,8,1.84531962e-06,2.45938914e-08,0.0133277141,0.0078125
2,69,1,9,1.84531962e-06,1.48762673e-08,0.00806162134,0.0078125
2,70,1,0,1.86487773e-06,9.00855468e-07,0.483064085,0.0078125
2,70,1,1,1.86487773e-06,7.45758655e-07,0.399896801,0.0078125
2,70,1,2,1.86487773e-06,5.71123337e-07,0.30625242,0.0078125
2,70,1,3,1.86487773e-06,3.8686224e-07,0.207446441,0.0078125
2,70,1,4,1.86487773e-06,2.34102259e-07,0.125532225,0.0078125
2,70,1,5,1.86487773e-06,1.36339182e-07,0.0731089115,0.0078125
2,70,1,6,1.86487773e-06,7.94358854e-08,0.042595759,0.0078125
2,70,1,7,1.86487773e-06,4.29024105e-08,0.0230054818,0.0078125
2,70,1,8,1.86487773e-06,2.47216345e-08,0.0132564371,0.0078125
2,70,1,9,1.86487773e-06,1.46921053e-08,0.00787832122,0.0078125
2,71,1,0,1.95690131e-06,9.95225378e-07,0.508572102,0.0078125
2,71,1,1,1.95690131e-06,8.03318756e-07,0.410505503,0.0078125
2,71,1,2,1.95690131e-06,6.12383417e-07,0.312935263,0.0078125
2,71,1,3,1.95690131e-06,4.12656476e-07,0.210872397,0.0078125
2,71,1,4,1.95690131e-06,2.38965583e-07,0.122114271,0.0078125
2,71,1,5,1.95690131e-06,1.37368332e-07,0.0701968595,0.0078125
2,71,1,6,1.95690131e-06,8.02284319e-08,0.0409976877,0.0078125
2,71,1,7,1.95690131e-06,4.38917311e-08,0.0224291999,0.0078125
2,71,1,8,1.95690131e-06,2.60540869e-08,0.01331395,0.0078125
2,71,1,9,1.95690131e-06,1.58779585e-08,0.00811382663,0.0078125
2,72,1,0,1.96487508e-06,9.11994618e-07,0.464148909,0.0078125
2,72,1,1,1.96487508e-06,7.32069452e-07,0.372578114,0.0078125
2,72,1,2,1.96487508e-06,5.50269192e-07,0.28005302,0.0078125
2,72,1,3,1.96487508e-06,3.66124709e-07,0.186334848,0.0078125
2,72,1,4,1.96487508e-06,2.28614013e-07,0.116350405,0.0078125
2,72,1,5,1.96487508e-06,1.35465058e-07,0.0689433441,0.0078125
2,72,1,6,1.96487508e-06,7.89237404e-08,0.0401673056,0.0078125
2,72,1,7,1.96487508e-06,4.24010267e-08,0.0215795022,0.0078125
2,72,1,8,1.96487508e-06,2.48711327e-08,0.0126578696,0.0078125
2,72,1,9,1.96487508e-06,1.48736978e-08,0.00756979315,0.0078125
2,73,1,0,2.00860109e-06,9.61935598e-07,0.478908241,0.0078125
2,73,1,1,2.00860109e-06,7.53584345e-07,0.375178695,0.0078125
2,73,1,2,2.00860109e-06,5.49070535e-07,0.273359686,0.0078125
2,73,1,3,2.00860109e-06,3.64523743e-07,0.181481406,0.0078125
2,73,1,4,2.00860109e-06,2.2562736e-07,0.112330601,0.0078125
2,73,1,5,2.00860109e-06,1.35700262e-07,0.067559585,0.0078125
2,73,1,6,2.00860109e-06,7.6937873e-08,0.038304206,0.0078125
2,73,1,7,2.00860109e-06,4.0859419e-08,0.0203422271,0.0078125
2,73,1,8,2.00860109e-06,2.39889086e-08,0.0119430926,0.0078125
2,73,1,9,2.00860109e-06,1.45549803e-08,0.00724632712,0.0078125
2,74,1,0,2.00100817e-06,1.00371415e-06,0.501604199,0.0078125
2,74,1,1,2.00100817e-06,7.77068351e-07,0.388338417,0.0078125
2,74,1,2,2.00100817e-06,5.35729043e-07,0.267729551,0.0078125
2,74,1,3,2.00100817e-06,3.21559469e-07,0.160698727,0.0078125
2,74,1,4,2.00100817e-06,1.9630474e-07,0.0981029198,0.0078125
2,74,1,5,2.00100817e-06,1.23923158e-07,0.0619303621,0.0078125
2,74,1,6,2.00100817e-06,7.59915366e-08,0.0379766263,0.0078125
2,74,1,7,2.00100817e-06,4.048945e-08,0.0202345252,0.0078125
2,74,1,8,2.00100817e-06,2.33808439e-08,0.0116845323,0.0078125
2,74,1,9,2.00100817e-06,1.40085739e-08,0.00700075785,0.0078125
2,75,1,0,1.95580947e-06,9.20838772e-07,0.470822334,0.0078125
2,75,1,1,1.95580947e-06,7.06995991e-07,0.361485094,0.0078125
2,75,1,2,1.95580947e-06,5.29409135e-07,0.270685434,0.0078125
2,75,1,3,1.95580947e-06,3.61262465e-07,0.184712499,0.0078125
2,75,1,4,1.95580947e-06,2.18155776e-07,0.111542448,0.0078125
2,75,1,5,1.95580947e-06,1.28292527e-07,0.0655956194,0.0078125
2,75,1,6,1.95580947e-06,7.55968514e-08,0.038652461,0.0078125
2,75,1,7,1.95580947e-06,4.00530098e-08,0.0204789937,0.0078125
2,75,1,8,1.95580947e-06,2.29069972e-08,0.0117122848,0.0078125
2,75,1,9,1.95580947e-06,1.32267726e-08,0.00676281238,0.0078125
2,76,1,0,1.94182621e-06,9.76670663e-07,0.502965033,0.0078125
2,76,1,1,1.94182621e-06,7.52359256e-07,0.387449324,0.0078125
2,76,1,2,1.94182621e-06,5.31424973e-07,0.273672789,0.0078125
2,76,1,3,1.94182621e-06,3.53644083e-07,0.182119325,0.0078125
2,76,1,4,1.94182621e-06,2.13054363e-07,0.109718554,0.0078125
2,76,1,5,1.94182621e-06,1.26560096e-07,0.065175809,0.0078125
2,76,1,6,1.94182621e-06,7.63176189e-08,0.0393019803,0.0078125
2,76,1,7,1.94182621e-06,4.15144292e-08,0.0213790648,0.0078125
2,76,1,8,1.94182621e-06,2.45410412e-08,0.0126381246,0.0078125
2,76,1,9,1.94182621e-06,1.45443053e-08,0.00749001373,0.0078125
2,77,1,0,1.94034169e-06,1.00605087e-06,0.518491626,0.0078125
2,77,1,1,1.94034169e-06,7.74912621e-07,0.39936915,0.0078125
2,77,1,2,1.94034169e-06,5.51606263e-07,0.284283042,0.0078125
2,77,1,3,1.94034169e-06,3.70387511e-07,0.190887779,0.0078125
2,77,1,4,1.94034169e-06,2.19359876e-07,0.113052189,0.0078125
2,77,1,5,1.94034169e-06,1.3083563e-07,0.06742917,0.0078125
2,77,1,6,1.94034169e-06,7.76931444e-08,0.0400409587,0.0078125
2,77,1,7,1.94034169e-06,4.31913918e-08,0.0222596843,0.0078125
2,77,1,8,1.94034169e-06,2.56271804e-08,0.0132075604,0.0078125
2,77,1,9,1.94034169e-06,1.52006638e-08,0.00783401355,0.0078125
2,78,1,0,2.11739689e-06,1.11072097e-06,0.524569094,0.0078125
2,78,1,1,2.11739689e-06,8.19747868e-07,0.387148887,0.0078125
2,78,1,2,2.11739689e-06,5.50612583e-07,0.26004222,0.0078125
2,78,1,3,2.11739689e-06,3.58888741e-07,0.16949527,0.0078125
2,78,1,4,2.11739689e-06,2.20300265e-07,0.10404297,0.0078125
2,78,1,5,2.11739689e-06,1.33998697e-07,0.0632846355,0.0078125
2,78,1,6,2.11739689e-06,7.94605484e-08,0.0375274718,0.0078125
2,78,1,7,2.11739689e-06,4.35313723e-08,0.0205589104,0.0078125
2,78,1,8,2.11739689e-06,2.5980345e-08,0.0122699458,0.0078125
2,78,1,9,2.11739689e-06,1.52394364e-08,0.00719725061,0.0078125
2,79,1,0,2.00823251e-06,1.05968172e-06,0.527668834,0.0078125
2,79,1,1,2.00823251e-06,7.98928681e-07,0.397826791,0.0078125
2,79,1,2,2.00823251e-06,5.38934955e-07,0.26836282,0.0078125
2,79,1,3,2.00823251e-06,3.29259109e-07,0.163954675,0.0078125
2,79,1,4,2.00823251e-06,2.03400788e-07,0.101283483,0.0078125
2,79,1,5,2.00823251e-06,1.30824944e-07,0.0651443228,0.0078125
2,79,1,6,2.00823251e-06,7.82979299e-08,0.0389884785,0.0078125
2,79,1,7,2.00823251e-06,4.33221636e-08,0.0215722844,0.0078125
2,79,1,8,2.00823251e-06,2.55021249e-08,0.012698791,0.0078125
2,79,1,9,2.00823251e-06,1.51624882e-08,0.00755016552,0.0078125
2,80,1,0,1.89654088e-06,9.59423573e-07,0.505880773,0.0078125
2,80,1,1,1.89654088e-06,7.22377933e-07,0.380892366,0.0078125
2,80,1,2,1.89654088e-06,5.16611124e-07,0.272396505,0.0078125
2,80,1,3,1.89654088e-06,3.36504314e-07,0.177430555,0.0078125
2,80,1,4,1.89654088e-06,2.13034411e-07,0.112327874,0.0078125
2,80,1,5,1.89654088e-06,1.337811e-07,0.0705395266,0.0078125
2,80,1,6,1.89654088e-06,7.85172247e-08,0.0414002277,0.0078125
2,80,1,7,1.89654088e-06,4.23499849e-08,0.0223301202,0.0078125
2,80,1,8,1.89654088e-06,2.4907223e-08,0.0131329745,0.0078125
2,80,1,9,1.89654088e-06,1.49286556e-08,0.00787151791,0.0078125
2,81,1,0,1.95052485e-06,9.9394299e-07,0.509577215,0.0078125
2,81,1,1,1.95052485e-06,7.68893187e-07,0.39419809,0.0078125
2,81,1,2,1.95052485e-06,5.34306992e-07,0.273929864,0.0078125
2,81,1,3,1.95052485e-06,3.25794474e-07,0.167029127,0.0078125
2,81,1,4,1.95052485e-06,1.86952974e-07,0.0958475247,0.0078125
2,81,1,5,1.95052485e-06,1.12020643e-07,0.0574310273,0.0078125
2,81,1,6,1.95052485e-06,7.29742382e-08,0.0374126174,0.0078125
2,81,1,7,1.95052485e-06,4.36147651e-08,0.0223605279,0.0078125
2,81,1,8,1.95052485e-06,2.58866173e-08,0.0132716158,0.0078125
2,81,1,9,1.95052485e-06,1.54814241e-08,0.00793705601,0.0078125
2,82,1,0,2.13472572e-06,1.10846577e-06,0.519254446,0.0078125
2,82,1,1,2.13472572e-06,8.18587296e-07,0.383462518,0.0078125
2,82,1,2,2.13472572e-06,5.65973949e-07,0.265127242,0.0078125
2,82,1,3,2.13472572e-06,3.64950438e-07,0.170958936,0.0078125
2,82,1,4,2.13472572e-06,2.25863346e-07,0.105804384,0.0078125
2,82,1,5,2.13472572e-06,1.40492162e-07,0.0658127442,0.0078125
2,82,1,6,2.13472572e-06,8.05292615e-08,0.0377234705,0.0078125
2,82,1,7,2.13472572e-06,4.45881092e-08,0.0208870433,0.0078125
2,82,1,8,2.13472572e-06,2.67248392e-08,0.012519097,0.0078125
2,82,1,9,2.13472572e-06,1.60220264e-08,0.00750542618,0.0078125
2,83,1,0,2.01497119e-06,1.05559604e-06,0.523876488,0.0078125
2,83,1,1,2.01497119e-06,7.60852743e-07,0.377599806,0.0078125
2,83,1,2,2.01497119e-06,5.49972128e-07,0.27294293,0.0078125
2,83,1,3,2.01497119e-06,3.80128199e-07,0.188651934,0.0078125
2,83,1,4,2.01497119e-06,2.26208982e-07,0.112264127,0.0078125
2,83,1,5,2.01497119e-06,1.38091181e-07,0.0685325861,0.0078125
2,83,1,6,2.01497119e-06,8.0518241e-08,0.0399599969,0.0078125
2,83,1,7,2.01497119e-06,4.49117579e-08,0.0222890321,0.0078125
2,83,1,8,2.01497119e-06,2.66430238e-08,0.0132225333,0.0078125
2,83,1,9,2.01497119e-06,1.59283164e-08,0.00790498499,0.0078125
2,84,1,0,2.1134033e-06,1.16054798e-06,0.549136996,0.0078125
2,84,1,1,2.1134033e-06,8.26826408e-07,0.391229838,0.0078125
2,84,1,2,2.1134033e-06,5.57987619e-07,0.264023244,0.0078125
2,84,1,3,2.1134033e-06,3.53932336e-07,0.167470321,0.0078125
2,84,1,4,2.1134033e-06,2.1797571e-07,0.103139669,0.0078125
2,84,1,5,2.1134033e-06,1.38799507e-07,0.0656758249,0.0078125
2,84,1,6,2.1134033e-06,7.99881903e-08,0.0378480479,0.0078125
2,84,1,7,2.1134033e-06,4.61236134e-08,0.021824332,0.0078125
2,84,1,8,2.1134033e-06,2.78451431e-08,0.0131754987,0.0078125
2,84,1,9,2.1134033e-06,1.66592162e-08,0.00788264908,0.0078125
2,85,1,0,1.99434066e-06,1.05034235e-06,0.526661456,0.0078125
2,85,1,1,1.99434066e-06,7.81685003e-07,0.391951591,0.0078125
2,85,1,2,1.99434066e-06,5.55413408e-07,0.278494745,0.0078125
2,85,1,3,1.99434066e-06,3.54241394e-07,0.177623317,0.0078125
2,85,1,4,1.99434066e-06,2.11566046e-07,0.106083207,0.0078125
2,85,1,5,1.99434066e-06,1.35351982e-07,0.0678680316,0.0078125
2,85,1,6,1.99434066e-06,7.85402818e-08,0.0393815786,0.0078125
2,85,1,7,1.99434066e-06,4.4654147e-08,0.0223904308,0.0078125
2,85,1,8,1.99434066e-06,2.6151378e-08,0.0131127937,0.0078125
2,85,1,9,1.99434066e-06,1.5397708e-08,0.00772070093,0.0078125
2,86,1,0,2.12776399e-06,1.13655722e-06,0.534155667,0.0078125
2,86,1,1,2.12776399e-06,8.31252692e-07,0.390669584,0.0078125
2,86,1,2,2.12776399e-06,5.83062842e-07,0.274026096,0.0078125
2,86,1,3,2.12776399e-06,3.62812642e-07,0.17051357,0.0078125
2,86,1,4,2.12776399e-06,2.0722409e-07,0.0973905399,0.0078125
2,86,1,5,2.12776399e-06,1.34408907e-07,0.0631690845,0.0078125
2,86,1,6,2.12776399e-06,7.91356669e-08,0.0371919386,0.0078125
2,86,1,7,2.12776399e-06,4.57575631e-08,0.0215050001,0.0078125
2,86,1,8,2.12776399e-06,2.64922164e-08,0.0124507304,0.0078125
2,86,1,9,2.12776399e-06,1.558778e-08,0.00732589699,0.0078125
2,87,1,0,2.05338301e-06,1.1320966e-06,0.551332414,0.0078125
2,87,1,1,2.05338301e-06,8.67671929e-07,0.422557265,0.0078125
2,87,1,2,2.05338301e-06,6.15728595e-07,0.299860567,0.0078125
2,87,1,3,2.05338301e-06,3.78272404e-07,0.184219122,0.0078125
2,87,1,4,2.05338301e-06,2.24160203e-07,0.109166287,0.0078125
2,87,1,5,2.05338301e-06,1.44903865e-07,0.0705683604,0.0078125
2,87,1,6,2.05338301e-06,8.58198703e-08,0.0417943783,0.0078125
2,87,1,7,2.05338301e-06,4.91529768e-08,0.0239375588,0.0078125
2,87,1,8,2.05338301e-06,2.88205406e-08,0.0140356384,0.0078125
2,87,1,9,2.05338301e-06,1.73205645e-08,0.00843513571,0.0078125
2,88,1,0,2.06214736e-06,1.0712688e-06,0.519491851,0.0078125
2,88,1,1,2.06214736e-06,8.09999449e-07,0.392794162,0.0078125
2,88,1,2,2.06214736e-06,6.04878949e-07,0.293324798,0.0078125
2,88,1,3,2.06214736e-06,4.32309065e-07,0.209640235,0.0078125
2,88,1,4,2.06214736e-06,2.55275921e-07,0.123791307,0.0078125
2,88,1,5,2.06214736e-06,1.52179339e-07,0.0737965405,0.0078125
2,88,1,6,2.06214736e-06,8.59918501e-08,0.0417001471,0.0078125
2,88,1,7,2.06214736e-06,4.90704899e-08,0.0237958208,0.0078125
2,88,1,8,2.06214736e-06,2.78683867e-08,0.0135142561,0.0078125
2,88,1,9,2.06214736e-06,1.65512475e-08,0.0080262199,0.0078125
2,89,1,0,1.89687296e-06,1.06641164e-06,0.562194526,0.0078125
2,89,1,1,1.89687296e-06,8.09568576e-07,0.426791131,0.0078125
2,89,1,2,1.89687296e-06,6.39775976e-07,0.33727929,0.0078125
2,89,1,3,1.89687296e-06,4.4363955e-07,0.233879417,0.0078125
2,89,1,4,1.89687296e-06,2.47494455e-07,0.13047497,0.0078125
2,89,1,5,1.89687296e-06,1.45280453e-07,0.0765894502,0.0078125
2,89,1,6,1.89687296e-06,8.27734326e-08,0.043636784,0.0078125
2,89,1,7,1.89687296e-06,4.80278146e-08,0.0253194682,0.0078125
2,89,1,8,1.89687296e-06,2.78237113e-08,0.0146681992,0.0078125
2,89,1,9,1.89687296e-06,1.61643019e-08,0.0085215522,0.0078125
2,90,1,0,2.07596418e-06,1.15045884e-06,0.554180503,0.0078125
2,90,1,1,2.07596418e-06,8.68326765e-07,0.41827637,0.0078125
2,90,1,2,2.07596418e-06,6.33876709e-07,0.305340856,0.0078125
2,90,1,3,2.07596418e-06,3.79364081e-07,0.18274115,0.0078125
2,90,1,4,2.07596418e-06,2.19267619e-07,0.105622061,0.0078125
2,90,1,5,2.07596418e-06,1.37401955e-07,0.0661870539,0.0078125
2,90,1,6,2.07596418e-06,8.34001099e-08,0.0401741564,0.0078125
2,90,1,7,2.07596418e-06,4.9821903e-08,0.0239994042,0.0078125
2,90,1,8,2.07596418e-06,2.90282394e-08,0.0139830159,0.0078125
2,90,1,9,2.07596418e-06,1.72369283e-08,0.00830309559,0.0078125
2,91,1,0,2.15408932e-06,1.14150464e-06,0.529924452,0.0078125
2,91,1,1,2.15408932e-06,8.48231309e-07,0.393777221,0.0078125
2,91,1,2,2.15408932e-06,6.32096999e-07,0.293440491,0.0078125
2,91,1,3,2.15408932e-06,4.49558883e-07,0.20870021,0.0078125
2,91,1,4,2.15408932e-06,2.6299017e-07,0.122088797,0.0078125
2,91,1,5,2.15408932e-06,1.5165952e-07,0.0704054013,0.0078125
2,91,1,6,2.15408932e-06,8.50592343e-08,0.0394873284,0.0078125
2,91,1,7,2.15408932e-06,4.91610734e-08,0.0228222068,0.0078125
2,91,1,8,2.15408932e-06,2.88736821e-08,0.0134041244,0.0078125
2,91,1,9,2.15408932e-06,1.72519385e-08,0.00800892431,0.0078125
2,92,1,0,2.00581667e-06,1.11794157e-06,0.557349801,0.0078125
2,92,1,1,2.00581667e-06,8.14337056e-07,0.405987769,0.0078125
2,92,1,2,2.00581667e-06,6.35503795e-07,0.316830456,0.0078125
2,92,1,3,2.00581667e-06,4.45607355e-07,0.222157568,0.0078125
2,92,1,4,2.00581667e-06,2.49781806e-07,0.124528728,0.0078125
2,92,1,5,2.00581667e-06,1.47694919e-07,0.0736333057,0.0078125
2,92,1,6,2.00581667e-06,8.15301817e-08,0.0406468771,0.0078125
2,92,1,7,2.00581667e-06,4.63946392e-08,0.0231300499,0.0078125
2,92,1,8,2.00581667e-06,2.69403948e-08,0.0134311356,0.0078125
2,92,1,9,2.00581667e-06,1.61100626e-08,0.0080316728,0.0078125
2,93,1,0,2.21808091e-06,1.13376302e-06,0.511145949,0.0078125
2,93,1,1,2.21808091e-06,7.97709504e-07,0.359639496,0.0078125
2,93,1,2,2.21808091e-06,5.944446e-07,0.2679995,0.0078125
2,93,1,3,2.21808091e-06,4.02897655e-07,0.181642458,0.0078125
2,93,1,4,2.21808091e-06,2.46761033e-07,0.11124979,0.0078125
2,93,1,5,2.21808091e-06,1.49796307e-07,0.0675341934,0.0078125
2,93,1,6,2.21808091e-06,8.25928126e-08,0.0372361578,0.0078125
2,93,1,7,2.21808091e-06,4.79881415e-08,0.0216349829,0.0078125
2,93,1,8,2.21808091e-06,2.70392757e-08,0.0121903922,0.0078125
2,93,1,9,2.21808091e-06,1.57695066e-08,0.00710952701,0.0078125
2,94,1,0,2.32149796e-06,1.12207579e-06,0.483341277,0.0078125
2,94,1,1,2.32149796e-06,8.18757201e-07,0.352684855,0.0078125
2,94,1,2,2.32149796e-06,6.16039756e-07,0.265363038,0.0078125
2,94,1,3,2.32149796e-06,3.9392728e-07,0.169686675,0.0078125
2,94,1,4,2.32149796e-06,2.33341467e-07,0.100513317,0.0078125
2,94,1,5,2.32149796e-06,1.46827247e-07,0.0632467717,0.0078125
2,94,1,6,2.32149796e-06,8.49742392e-08,0.0366031937,0.0078125
2,94,1,7,2.32149796e-06,4.9761816e-08,0.0214352179,0.0078125
2,94,1,8,2.32149796e-06,2.78797945e-08,0.012009399,0.0078125
2,94,1,9,2.32149796e-06,1.60909153e-08,0.00693126395,0.0078125
2,95,1,0,2.32350476e-06,1.21589869e-06,0.523303747,0.0078125
2,95,1,1,2.32350476e-06,8.84300448e-07,0.380589038,0.0078125
2,95,1,2,2.32350476e-06,6.55565373e-07,0.282145053,0.0078125
2,95,1,3,2.32350476e-06,4.35497299e-07,0.187431201,0.0078125
2,95,1,4,2.32350476e-06,2.63933913e-07,0.11359302,0.0078125
2,95,1,5,2.32350476e-06,1.58742566e-07,0.0683203116,0.0078125
2,95,1,6,2.32350476e-06,8.8112003e-08,0.0379220247,0.0078125
2,95,1,7,2.32350476e-06,5.25549311e-08,0.0226188172,0.0078125
2,95,1,8,2.32350476e-06,2.90846192e-08,0.012517564,0.0078125
2,95,1,9,2.32350476e-06,1.73914785e-08,0.00748501951,0.0078125
2,96,1,0,2.36715755e-06,1.16846775e-06,0.493616372,0.0078125
2,96,1,1,2.36715755e-06,8.57029477e-07,0.362050027,0.0078125
2,96,1,2,2.36715755e-06,6.54721475e-07,0.276585519,0.0078125
2,96,1,3,2.36715755e-06,4.63061752e-07,0.195619315,0.0078125
2,96,1,4,2.36715755e-06,2.77634399e-07,0.117285982,0.0078125
2,96,1,5,2.36715755e-06,1.62451428e-07,0.0686272159,0.0078125
2,96,1,6,2.36715755e-06,8.77940636e-08,0.0370883904,0.0078125
2,96,1,7,2.36715755e-06,5.20162438e-08,0.0219741371,0.0078125
2,96,1,8,2.36715755e-06,2.90447257e-08,0.0122698741,0.0078125
2,96,1,9,2.36715755e-06,1.75406374e-08,0.00741000008,0.0078125
2,97,1,0,2.21801633e-06,1.1901368e-06,0.536577106,0.0078125
2,97,1,1,2.21801633e-06,8.6412922e-07,0.389595509,0.0078125
2,97,1,2,2.21801633e-06,6.6669196e-07,0.300580263,0.0078125
2,97,1,3,2.21801633e-06,4.72773223e-07,0.213151366,0.0078125
2,97,1,4,2.21801633e-06,2.68855899e-07,0.121214569,0.0078125
2,97,1,5,2.21801633e-06,1.55246553e-07,0.0699934214,0.0078125
2,97,1,6,2.21801633e-06,8.33329423e-08,0.037570931,0.0078125
2,97,1,7,2.21801633e-06,4.74023736e-08,0.0213715173,0.0078125
2,97,1,8,2.21801633e-06,2.67999489e-08,0.0120828459,0.0078125
2,97,1,9,2.21801633e-06,1.60313451e-08,0.00722778495,0.0078125
2,98,1,0,2.22698736e-06,1.23149289e-06,0.552986026,0.0078125
2,98,1,1,2.22698736e-06,9.16160616e-07,0.411390126,0.0078125
2,98,1,2,2.22698736e-06,6.79075015e-07,0.304929882,0.0078125
2,98,1,3,2.22698736e-06,4.53723771e-07,0.203738824,0.0078125
2,98,1,4,2.22698736e-06,2.67201102e-07,0.119983211,0.0078125
2,98,1,5,2.22698736e-06,1.53002233e-07,0.0687036812,0.0078125
2,98,1,6,2.22698736e-06,8.48794315e-08,0.038114015,0.0078125
2,98,1,7,2.22698736e-06,5.01842372e-08,0.0225345846,0.0078125
2,98,1,8,2.22698736e-06,2.85239654e-08,0.0128083192,0.0078125
2,98,1,9,2.22698736e-06,1.68937628e-08,0.00758592645,0.0078125
2,99,1,0,2.24899418e-06,1.22063875e-06,0.542748749,0.0078125
2,99,1,1,2.24899418e-06,9.04638171e-07,0.40224123,0.0078125
2,99,1,2,2.24899418e-06,6.57481905e-07,0.292344868,0.0078125
2,99,1,3,2.24899418e-06,4.28175184e-07,0.190385193,0.0078125
2,99,1,4,2.24899418e-06,2.46801335e-07,0.109738536,0.0078125
2,99,1,5,2.24899418e-06,1.51839544e-07,0.0675144196,0.0078125
2,99,1,6,2.24899418e-06,8.47536867e-08,0.0376851521,0.0078125
2,99,1,7,2.24899418e-06,4.88500369e-08,0.0217208378,0.0078125
2,99,1,8,2.24899418e-06,2.77380572e-08,0.0123335393,0.0078125
2,99,1,9,2.24899418e-06,1.66107093e-08,0.00738583924,0.0078125
2,100,1,0,2.31754598e-06,1.24939663e-06,0.53910327,0.0078125
2,100,1,1,2.31754598e-06,9.23506036e-07,0.398484439,0.0078125
2,100,1,2,2.31754598e-06,6.73311376e-07,0.290527731,0.0078125
2,100,1,3,2.31754598e-06,4.31562995e-07,0.186215505,0.0078125
2,100,1,4,2.31754598e-06,2.47291325e-07,0.106703959,0.0078125
2,100,1,5,2.31754598e-06,1.52913742e-07,0.0659808889,0.0078125
2,100,1,6,2.31754598e-06,8.57057714e-08,0.0369812623,0.0078125
2,100,1,7,2.31754598e-06,5.04994198e-08,0.0217900407,0.0078125
2,100,1,8,2.31754598e-06,2.87618498e-08,0.0124104768,0.0078125
2,100,1,9,2.31754598e-06,1.73255348e-08,0.00747581059,0.0078125
2,101,1,0,2.29734587e-06,1.19429103e-06,0.51985687,0.0078125
2,101,1,1,2.29734587e-06,8.959247e-07,0.389982492,0.0078125
2,101,1,2,2.29734587e-06,6.59806915e-07,0.287203997,0.0078125
2,101,1,3,2.29734587e-06,4.14216657e-07,0.180302262,0.0078125
2,101,1,4,2.29734587e-06,2.20863569e-07,0.0961385816,0.0078125
2,101,1,5,2.29734587e-06,1.18960429e-07,0.0517816804,0.0078125
2,101,1,6,2.29734587e-06,6.7957906e-08,0.0295810513,0.0078125
2,101,1,7,2.29734587e-06,4.44281767e-08,0.0193389151,0.0078125
2,101,1,8,2.29734587e-06,2.77256014e-08,0.0120685361,0.0078125
2,101,1,9,2.29734587e-06,1.67326473e-08,0.00728346873,0.0078125
2,102,1,0,2.29196644e-06,1.27037549e-06,0.554273188,0.0078125
2,102,1,1,2.29196644e-06,9.39093582e-07,0.409732699,0.0078125
2,102,1,2,2.29196644e-06,6.892692e-07,0.300732672,0.0078125
2,102,1,3,2.29196644e-06,4.8304446e-07,0.210755467,0.0078125
2,102,1,4,2.29196644e-06,2.82958609e-07,0.123456702,0.0078125
2,102,1,5,2.29196644e-06,1.59491094e-07,0.0695870146,0.0078125
2,102,1,6,2.29196644e-06,8.84010731e-08,0.0385699682,0.0078125
2,102,1,7,2.29196644e-06,5.13575813e-08,0.0224076491,0.0078125
2,102,1,8,2.29196644e-06,2.86231927e-08,0.0124884872,0.0078125
2,102,1,9,2.29196644e-06,1.73280323e-08,0.00756033417,0.0078125
2,103,1,0,2.15355658e-06,1.26334396e-06,0.586631417,0.0078125
2,103,1,1,2.15355658e-06,9.38692381e-07,0.435880065,0.0078125
2,103,1,2,2.15355658e-06,6.84691997e-07,0.317935467,0.0078125
2,103,1,3,2.15355658e-06,4.82108703e-07,0.223866284,0.0078125
2,103,1,4,2.15355658e-06,2.76732578e-07,0.128500253,0.0078125
2,103,1,5,2.15355658e-06,1.57586257e-07,0.0731748864,0.0078125
2,103,1,6,2.15355658e-06,8.76306601e-08,0.0406911336,0.0078125
2,103,1,7,2.15355658e-06,5.08602334e-08,0.0236168541,0.0078125
2,103,1,8,2.15355658e-06,2.79324031e-08,0.0129703591,0.0078125
2,103,1,9,2.15355658e-06,1.67156031e-08,0.00776185934,0.0078125
2,104,1,0,2.27386818e-06,1.25576366e-06,0.55225879,0.0078125
2,104,1,1,2.27386818e-06,9.03539387e-07,0.397357851,0.0078125
2,104,1,2,2.27386818e-06,6.543263e-07,0.287759125,0.0078125
2,104,1,3,2.27386818e-06,4.39600313e-07,0.193327084,0.0078125
2,104,1,4,2.27386818e-06,2.62994774e-07,0.115659639,0.0078125
2,104,1,5,2.27386818e-06,1.55740139e-07,0.0684912801,0.0078125
2,104,1,6,2.27386818e-06,8.88170035e-08,0.0390598737,0.0078125
2,104,1,7,2.27386818e-06,5.19977696e-08,0.0228675399,0.0078125
2,104,1,8,2.27386818e-06,2.86775901e-08,0.0126118083,0.0078125
2,104,1,9,2.27386818e-06,1.71073893e-08,0.00752347475,0.0078125
2,105,1,0,2.25817098e-06,1.25448582e-06,0.5555318,0.0078125
2,105,1,1,2.25817098e-06,9.10706603e-07,0.403293908,0.0078125
2,105,1,2,2.25817098e-06,6.61079469e-07,0.292749971,0.0078125
2,105,1,3,2.25817098e-06,4.71343014e-07,0.208727777,0.0078125
2,105,1,4,2.25817098e-06,2.71679482e-07,0.120309524,0.0078125
2,105,1,5,2.25817098e-06,1.55931005e-07,0.0690519065,0.0078125
2,105,1,6,2.25817098e-06,8.93557797e-08,0.0395699814,0.0078125
2,105,1,7,2.25817098e-06,5.26767572e-08,0.0233271793,0.0078125
2,105,1,8,2.25817098e-06,2.89671558e-08,0.0128277075,0.0078125
2,105,1,9,2.25817098e-06,1.68435541e-08,0.00745893642,0.0078125
2,106,1,0,2.2481554e-06,1.21913592e-06,0.54228276,0.0078125
2,106,1,1,2.2481554e-06,8.95886956e-07,0.398498684,0.0078125
2,106,1,2,2.2481554e-06,6.41601048e-07,0.28538999,0.0078125
2,106,1,3,2.2481554e-06,4.1015565e-07,0.182440966,0.0078125
2,106,1,4,2.2481554e-06,2.267426e-07,0.100857176,0.0078125
2,106,1,5,2.2481554e-06,1.38083067e-07,0.0614206046,0.0078125
2,106,1,6,2.2481554e-06,8.60064375e-08,0.0382564478,0.0078125
2,106,1,7,2.2481554e-06,5.03560891e-08,0.0223988462,0.0078125
2,106,1,8,2.2481554e-06,2.75647345e-08,0.0122610452,0.0078125
2,106,1,9,2.2481554e-06,1.63798912e-08,0.00728592463,0.0078125
2,107,1,0,2.34737377e-06,1.2184621e-06,0.519074619,0.0078125
2,107,1,1,2.34737377e-06,8.9297987e-07,0.380416572,0.0078125
2,107,1,2,2.34737377e-06,6.57176315e-07,0.279962361,0.0078125
2,107,1,3,2.34737377e-06,4.6982899e-07,0.200150907,0.0078125
2,107,1,4,2.34737377e-06,2.78733438e-07,0.118742675,0.0078125
2,107,1,5,2.34737377e-06,1.59849449e-07,0.0680971444,0.0078125
2,107,1,6,2.34737377e-06,9.04066653e-08,0.0385139622,0.0078125
2,107,1,7,2.34737377e-06,5.30750022e-08,0.0226103757,0.0078125
2,107,1,8,2.34737377e-06,2.94171336e-08,0.0125319343,0.0078125
2,107,1,9,2.34737377e-06,1.71004846e-08,0.00728494301,0.0078125
2,108,1,0,2.48280503e-06,1.29174271e-06,0.520275533,0.0078125
2,108,1,1,2.48280503e-06,9.25816664e-07,0.372891396,0.0078125
2,108,1,2,2.48280503e-06,6.70290206e-07,0.26997295,0.0078125
2,108,1,3,2.48280503e-06,4.79031257e-07,0.192939535,0.0078125
2,108,1,4,2.48280503e-06,2.80020089e-07,0.11278376,0.0078125
2,108,1,5,2.48280503e-06,1.61013688e-07,0.0648515224,0.0078125
2,108,1,6,2.48280503e-06,9.05930051e-08,0.0364881679,0.0078125
2,108,1,7,2.48280503e-06,5.30309308e-08,0.0213592816,0.0078125
2,108,1,8,2.48280503e-06,2.93703426e-08,0.0118295001,0.0078125
2,108,1,9,2.48280503e-06,1.72012022e-08,0.00692813238,0.0078125
2,109,1,0,2.37850554e-06,1.19909942e-06,0.504139841,0.0078125
2,109,1,1,2.37850554e-06,8.71093732e-07,0.366235733,0.0078125
2,109,1,2,2.37850554e-06,6.31580917e-07,0.265536875,0.0078125
2,109,1,3,2.37850554e-06,4.14047292e-07,0.174078763,0.0078125
2,109,1,4,2.37850554e-06,2.20288811e-07,0.0926164836,0.0078125
2,109,1,5,2.37850554e-06,1.23111349e-07,0.0517599583,0.0078125
2,109,1,6,2.37850554e-06,7.85133025e-08,0.0330095105,0.0078125
2,109,1,7,2.37850554e-06,4.91900316e-08,0.0206810664,0.0078125
2,109,1,8,2.37850554e-06,2.78692021e-08,0.0117171062,0.0078125
2,109,1,9,2.37850554e-06,1.63244387e-08,0.00686331745,0.0078125
2,110,1,0,2.31252034e-06,1.19632523e-06,0.517325282,0.0078125
2,110,1,1,2.31252034e-06,8.86983571e-07,0.383557081,0.0078125
2,110,1,2,2.31252034e-06,6.51606967e-07,0.281773508,0.0078125
2,110,1,3,2.31252034e-06,4.39914686e-07,0.190231711,0.0078125
2,110,1,4,2.31252034e-06,2.52458591e-07,0.109170325,0.0078125
2,110,1,5,2.31252034e-06,1.54579041e-07,0.0668444037,0.0078125
2,110,1,6,2.31252034e-06,8.80657467e-08,0.0380821489,0.0078125
2,110,1,7,2.31252034e-06,5.13921279e-08,0.0222234279,0.0078125
2,110,1,8,2.31252034e-06,2.84466264e-08,0.0123011358,0.0078125
2,110,1,9,2.31252034e-06,1.64314446e-08,0.00710542686,0.0078125
2,111,1,0,2.48769629e-06,1.2579186e-06,0.505656004,0.0078125
2,111,1,1,2.48769629e-06,9.24886365e-07,0.37178427,0.0078125
2,111,1,2,2.48769629e-06,6.86595115e-07,0.275996357,0.0078125
2,111,1,3,2.48769629e-06,4.71259739e-07,0.189436197,0.0078125
2,111,1,4,2.48769629e-06,2.71504575e-07,0.109138958,0.0078125
2,111,1,5,2.48769629e-06,1.60430275e-07,0.0644894913,0.0078125
2,111,1,6,2.48769629e-06,8.83506459e-08,0.0355150439,0.0078125
2,111,1,7,2.48769629e-06,5.10924956e-08,0.0205380768,0.0078125
2,111,1,8,2.48769629e-06,2.85474702e-08,0.0114754643,0.0078125
2,111,1,9,2.48769629e-06,1.63128995e-08,0.006557432,0.0078125
2,112,1,0,2.34090362e-06,1.25919428e-06,0.537909508,0.0078125
2,112,1,1,2.34090362e-06,9.5500036e-07,0.407962263,0.0078125
2,112,1,2,2.34090362e-06,7.02588352e-07,0.300135523,0.0078125
2,112,1,3,2.34090362e-06,4.73649976e-07,0.202336386,0.0078125
2,112,1,4,2.34090362e-06,2.76498128e-07,0.118115984,0.0078125
2,112,1,5,2.34090362e-06,1.64274113e-07,0.0701755136,0.0078125
2,112,1,6,2.34090362e-06,9.23228569e-08,0.0394389816,0.0078125
2,112,1,7,2.34090362e-06,5.30220667e-08,0.0226502568,0.0078125
2,112,1,8,2.34090362e-06,2.959999e-08,0.0126446858,0.0078125
2,112,1,9,2.34090362e-06,1.72688175e-08,0.00737698795,0.0078125
2,113,1,0,2.4007602e-06,1.24547807e-06,0.518784881,0.0078125
2,113,1,1,2.4007602e-06,9.69981215e-07,0.404030859,0.0078125
2,113,1,2,2.4007602e-06,7.26448206e-07,0.302590907,0.0078125
2,113,1,3,2.4007602e-06,4.55334714e-07,0.189662725,0.0078125
2,113,1,4,2.4007602e-06,2.43865202e-07,0.101578325,0.0078125
2,113,1,5,2.4007602e-06,1.32661583e-07,0.0552581549,0.0078125
2,113,1,6,2.4007602e-06,8.61129266e-08,0.0358690247,0.0078125
2,113,1,7,2.4007602e-06,5.53065966e-08,0.0230371188,0.0078125
2,113,1,8,2.4007602e-06,3.15958211e-08,0.0131607568,0.0078125
2,113,1,9,2.4007602e-06,1.86017726e-08,0.00774828438,0.0078125
2,114,1,0,2.44333341e-06,1.25029169e-06,0.511715531,0.0078125
2,114,1,1,2.44333341e-06,9.57897214e-07,0.39204523,0.0078125
2,114,1,2,2.44333341e-06,7.19869149e-07,0.294625849,0.0078125
2,114,1,3,2.44333341e-06,5.03479953e-07,0.206062734,0.0078125
2,114,1,4,2.44333341e-06,2.92801076e-07,0.119836725,0.0078125
2,114,1,5,2.44333341e-06,1.74350731e-07,0.0713577345,0.0078125
2,114,1,6,2.44333341e-06,9.50056034e-08,0.0388836004,0.0078125
2,114,1,7,2.44333341e-06,5.54291368e-08,0.0226858668,0.0078125
2,114,1,8,2.44333341e-06,3.12649711e-08,0.0127960313,0.0078125
2,114,1,9,2.44333341e-06,1.85795557e-08,0.00760418363,0.0078125
2,115,1,0,2.46849027e-06,1.24253745e-06,0.503359258,0.0078125
2,115,1,1,2.46849027e-06,9.81798962e-07,0.397732556,0.0078125
2,115,1,2,2.46849027e-06,7.16293073e-07,0.290174544,0.0078125
2,115,1,3,2.46849027e-06,4.72264759e-07,0.191317245,0.0078125
2,115,1,4,2.46849027e-06,2.71723849e-07,0.110076934,0.0078125
2,115,1,5,2.46849027e-06,1.65813503e-07,0.0671720281,0.0078125
2,115,1,6,2.46849027e-06,9.15469087e-08,0.0370861925,0.0078125
2,115,1,7,2.46849027e-06,5.21251948e-08,0.021116225,0.0078125
2,115,1,8,2.46849027e-06,2.93118632e-08,0.0118744094,0.0078125
2,115,1,9,2.46849027e-06,1.748292e-08,0.00708243437,0.0078125
2,116,1,0,2.52779159e-06,1.2674177e-06,0.501393259,0.0078125
2,116,1,1,2.52779159e-06,9.47735714e-07,0.374926358,0.0078125
2,116,1,2,2.52779159e-06,7.13197323e-07,0.28214246,0.0078125
2,116,1,3,2.52779159e-06,5.07280561e-07,0.200681329,0.0078125
2,116,1,4,2.52779159e-06,2.8914485e-07,0.11438635,0.0078125
2,116,1,5,2.52779159e-06,1.69417618e-07,0.0670219883,0.0078125
2,116,1,6,2.52779159e-06,9.00889034e-08,0.0356393717,0.0078125
2,116,1,7,2.52779159e-06,5.06606135e-08,0.0200414527,0.0078125
2,116,1,8,2.52779159e-06,2.80531474e-08,0.0110978875,0.0078125
2,116,1,9,2.52779159e-06,1.65024812e-08,0.00652841851,0.0078125
2,117,1,0,2.320048e-06,1.23307848e-06,0.531488359,0.0078125
2,117,1,1,2.320048e-06,9.27176643e-07,0.399636835,0.0078125
2,117,1,2,2.320048e-06,6.71101361e-07,0.289261848,0.0078125
2,117,1,3,2.320048e-06,4.38852396e-07,0.189156607,0.0078125
2,117,1,4,2.320048e-06,2.38245306e-07,0.102689818,0.0078125
2,117,1,5,2.320048e-06,1.44841636e-07,0.0624304488,0.0078125
2,117,1,6,2.320048e-06,8.64784013e-08,0.0372744016,0.0078125
2,117,1,7,2.320048e-06,5.00618285e-08,0.0215779282,0.0078125
2,117,1,8,2.320048e-06,2.85239992e-08,0.0122945728,0.0078125
2,117,1,9,2.320048e-06,1.69902314e-08,0.0073232241,0.0078125
2,118,1,0,2.38760504e-06,1.26334021e-06,0.529124439,0.0078125
2,118,1,1,2.38760504e-06,9.41161034e-07,0.394186229,0.0078125
2,118,1,2,2.38760504e-06,6.82808206e-07,0.285980374,0.0078125
2,118,1,3,2.38760504e-06,4.37858432e-07,0.183388129,0.0078125
2,118,1,4,2.38760504e-06,2.40144459e-07,0.100579642,0.0078125
2,118,1,5,2.38760504e-06,1.48716524e-07,0.0622869022,0.0078125
2,118,1,6,2.38760504e-06,8.77410002e-08,0.0367485397,0.0078125
2,118,1,7,2.38760504e-06,5.21922523e-08,0.0218596682,0.0078125
2,118,1,8,2.38760504e-06,3.00556806e-08,0.0125882132,0.0078125
2,118,1,9,2.38760504e-06,1.78704465e-08,0.00748467445,0.0078125
2,119,1,0,2.45597562e-06,1.31753302e-06,0.536460161,0.0078125
2,119,1,1,2.45597562e-06,9.59918907e-07,0.390850335,0.0078125
2,119,1,2,2.45597562e-06,7.02303851e-07,0.285957187,0.0078125
2,119,1,3,2.45597562e-06,4.90025172e-07,0.199523628,0.0078125
2,119,1,4,2.45597562e-06,2.76943894e-07,0.112763293,0.0078125
2,119,1,5,2.45597562e-06,1.68552802e-07,0.0686296746,0.0078125
2,119,1,6,2.45597562e-06,8.84290259e-08,0.0360056609,0.0078125
2,119,1,7,2.45597562e-06,5.11888842e-08,0.0208425857,0.0078125
2,119,1,8,2.45597562e-06,2.90624484e-08,0.0118333623,0.0078125
2,119,1,9,2.45597562e-06,1.70692864e-08,0.00695010414,0.0078125
2,120,1,0,2.17790762e-06,1.1674382e-06,0.536036611,0.0078125
2,120,1,1,2.17790762e-06,9.17000648e-07,0.421046615,0.0078125
2,120,1,2,2.17790762e-06,7.01865417e-07,0.322265923,0.0078125
2,120,1,3,2.17790762e-06,4.97607004e-07,0.228479385,0.0078125
2,120,1,4,2.17790762e-06,2.82260885e-07,0.129601866,0.0078125
2,120,1,5,2.17790762e-06,1.70239474e-07,0.0781665295,0.0078125
2,120,1,6,2.17790762e-06,9.02459121e-08,0.0414369777,0.0078125
2,120,1,7,2.17790762e-06,5.28478843e-08,0.0242654383,0.0078125
2,120,1,8,2.17790762e-06,3.00702894e-08,0.0138069624,0.0078125
2,120,1,9,2.17790762e-06,1.73551911e-08,0.00796874519,0.0078125
2,121,1,0,2.41896964e-06,1.29778323e-06,0.536502481,0.0078125
2,121,1,1,2.41896964e-06,9.29690032e-07,0.384333074,0.0078125
2,121,1,2,2.41896964e-06,6.98033091e-07,0.288566291,0.0078125
2,121,1,3,2.41896964e-06,4.98714712e-07,0.206168234,0.0078125
2,121,1,4,2.41896964e-06,2.78613669e-07,0.115178652,0.0078125
2,121,1,5,2.41896964e-06,1.67014122e-07,0.0690434948,0.0078125
2,121,1,6,2.41896964e-06,8.79449757e-08,0.0363563783,0.0078125
2,121,1,7,2.41896964e-06,5.13768974e-08,0.0212391652,0.0078125
2,121,1,8,2.41896964e-06,2.91464524e-08,0.012049119,0.0078125
2,121,1,9,2.41896964e-06,1.67224368e-08,0.00691304123,0.0078125
2,122,1,0,2.42807914e-06,1.29544264e-06,0.533525705,0.0078125
2,122,1,1,2.42807914e-06,9.65071308e-07,0.397462875,0.0078125
2,122,1,2,2.42807914e-06,7.41344195e-07,0.305321276,0.0078125
2,122,1,3,2.42807914e-06,5.31131604e-07,0.218745589,0.0078125
2,122,1,4,2.42807914e-06,2.87883978e-07,0.118564494,0.0078125
2,122,1,5,2.42807914e-06,1.71049848e-07,0.0704465732,0.0078125
2,122,1,6,2.42807914e-06,9.00209258e-08,0.037074957,0.0078125
2,122,1,7,2.42807914e-06,5.26632071e-08,0.0216892473,0.0078125
2,122,1,8,2.42807914e-06,2.95993541e-08,0.0121904407,0.0078125
2,122,1,9,2.42807914e-06,1.70461583e-08,0.00702042924,0.0078125
2,123,1,0,2.53747658e-06,1.29104285e-06,0.508790076,0.0078125
2,123,1,1,2.53747658e-06,9.78122671e-07,0.385470629,0.0078125
2,123,1,2,2.53747658e-06,7.5496348e-07,0.297525287,0.0078125
2,123,1,3,2.53747658e-06,5.43682688e-07,0.214261159,0.0078125
2,123,1,4,2.53747658e-06,2.93540211e-07,0.115681939,0.0078125
2,123,1,5,2.53747658e-06,1.7470478e-07,0.0688498095,0.0078125
2,123,1,6,2.53747658e-06,9.1951982e-08,0.0362375677,0.0078125
2,123,1,7,2.53747658e-06,5.48297336e-08,0.0216079764,0.0078125
2,123,1,8,2.53747658e-06,3.13871524e-08,0.0123694353,0.0078125
2,123,1,9,2.53747658e-06,1.80432682e-08,0.00711071305,0.0078125
2,124,1,0,2.54937322e-06,1.24758583e-06,0.489369631,0.0078125
2,124,1,1,2.54937322e-06,9.19636477e-07,0.36073041,0.0078125
2,124,1,2,2.54937322e-06,6.89900105e-07,0.270615578,0.0078125
2,124,1,3,2.54937322e-06,4.78092602e-07,0.187533394,0.0078125
2,124,1,4,2.54937322e-06,2.72866174e-07,0.107032649,0.0078125
2,124,1,5,2.54937322e-06,1.67145728e-07,0.0655634627,0.0078125
2,124,1,6,2.54937322e-06,8.9404061e-08,0.0350690372,0.0078125
2,124,1,7,2.54937322e-06,5.25534425e-08,0.0206142608,0.0078125
2,124,1,8,2.54937322e-06,2.89909767e-08,0.0113718053,0.0078125
2,124,1,9,2.54937322e-06,1.66649343e-08,0.00653687492,0.0078125
2,125,1,0,2.51677398e-06,1.30926003e-06,0.520213604,0.0078125
2,125,1,1,2.51677398e-06,1.01528428e-06,0.403407007,0.0078125
2,125,1,2,2.51677398e-06,7.85520228e-07,0.312113941,0.0078125
2,125,1,3,2.51677398e-06,5.50809432e-07,0.218855336,0.0078125
2,125,1,4,2.51677398e-06,2.89687534e-07,0.115102723,0.0078125
2,125,1,5,2.51677398e-06,1.70869654e-07,0.0678923354,0.0078125
2,125,1,6,2.51677398e-06,8.87499425e-08,0.0352633744,0.0078125
2,125,1,7,2.51677398e-06,5.31463904e-08,0.0211168714,0.0078125
2,125,1,8,2.51677398e-06,2.98880103e-08,0.0118755242,0.0078125
2,125,1,9,2.51677398e-06,1.73926793e-08,0.00691070361,0.0078125
2,126,1,0,2.5148413e-06,1.33909145e-06,0.532475531,0.0078125
2,126,1,1,2.5148413e-06,9.76130877e-07,0.388148099,0.0078125
2,126,1,2,2.5148413e-06,7.15758517e-07,0.284613788,0.0078125
2,126,1,3,2.5148413e-06,5.0395829e-07,0.200393677,0.0078125
2,126,1,4,2.5148413e-06,2.78562482e-07,0.110767417,0.0078125
2,126,1,5,2.5148413e-06,1.68883915e-07,0.0671548992,0.0078125
2,126,1,6,2.5148413e-06,9.01480419e-08,0.0358464122,0.0078125
2,126,1,7,2.5148413e-06,5.46898242e-08,0.0217468292,0.0078125
2,126,1,8,2.5148413e-06,3.08595567e-08,0.0122709759,0.0078125
2,126,1,9,2.5148413e-06,1.78667623e-08,0.0071045286,0.0078125
2,127,1,0,2.52862151e-06,1.31212789e-06,0.518910348,0.0078125
2,127,1,1,2.52862151e-06,9.62756417e-07,0.380743593,0.0078125
2,127,1,2,2.52862151e-06,7.22154653e-07,0.285592228,0.0078125
2,127,1,3,2.52862151e-06,5.14803617e-07,0.203590617,0.0078125
2,127,1,4,2.52862151e-06,2.82341574e-07,0.111658297,0.0078125
2,127,1,5,2.52862151e-06,1.68605794e-07,0.0666789338,0.0078125
2,127,1,6,2.52862151e-06,9.08239102e-08,0.0359183475,0.0078125
2,127,1,7,2.52862151e-06,5.41851826e-08,0.0214287434,0.0078125
2,127,1,8,2.52862151e-06,3.02123446e-08,0.0119481478,0.0078125
2,127,1,9,2.52862151e-06,1.77577917e-08,0.00702271657,0.0078125
2,128,1,0,2.51763822e-06,1.28404645e-06,0.510020256,0.0078125
2,128,1,1,2.51763822e-06,9.31298018e-07,0.369909376,0.0078125
2,128,1,2,2.51763822e-06,7.09962706e-07,0.281995535,0.0078125
2,128,1,3,2.51763822e-06,5.17938247e-07,0.205723852,0.0078125
2,128,1,4,2.51763822e-06,2.88277761e-07,0.11450325,0.0078125
2,128,1,5,2.51763822e-06,1.71429448e-07,0.0680913776,0.0078125
2,128,1,6,2.51763822e-06,9.48227168e-08,0.0376633592,0.0078125
2,128,1,7,2.51763822e-06,5.66664724e-08,0.0225077905,0.0078125
2,128,1,8,2.51763822e-06,3.24365921e-08,0.0128837386,0.0078125
2,128,1,9,2.51763822e-06,1.90129654e-08,0.00755190523,0.0078125
2,129,1,0,2.57519855e-06,1.29293915e-06,0.502073586,0.0078125
2,129,1,1,2.57519855e-06,9.3126846e-07,0.361629784,0.0078125
2,129,1,2,2.57519855e-06,7.05469915e-07,0.273947775,0.0078125
2,129,1,3,2.57519855e-06,5.11179223e-07,0.198500901,0.0078125
2,129,1,4,2.57519855e-06,2.84997782e-07,0.110670216,0.0078125
2,129,1,5,2.57519855e-06,1.66389242e-07,0.0646122023,0.0078125
2,129,1,6,2.57519855e-06,9.2439322e-08,0.0358959995,0.0078125
2,129,1,7,2.57519855e-06,5.54358586e-08,0.0215268284,0.0078125
2,129,1,8,2.57519855e-06,3.14283639e-08,0.0122042485,0.0078125
2,129,1,9,2.57519855e-06,1.82602307e-08,0.0070908051,0.0078125
2,130,1,0,2.3221005e-06,1.29463604e-06,0.557528019,0.0078125
2,130,1,1,2.3221005e-06,9.50387744e-07,0.409279346,0.0078125
2,130,1,2,2.3221005e-06,7.08901723e-07,0.305284679,0.0078125
2,130,1,3,2.3221005e-06,4.96427276e-07,0.213783711,0.0078125
2,130,1,4,2.3221005e-06,2.79384494e-07,0.120315418,0.0078125
2,130,1,5,2.3221005e-06,1.61929634e-07,0.0697341189,0.0078125
2,130,1,6,2.3221005e-06,9.1158924e-08,0.039257098,0.0078125
2,130,1,7,2.3221005e-06,5.42730554e-08,0.0233723968,0.0078125
2,130,1,8,2.3221005e-06,3.08320303e-08,0.0132776471,0.0078125
2,130,1,9,2.3221005e-06,1.79870963e-08,0.00774604548,0.0078125
2,131,1,0,2.50794483e-06,1.40449572e-06,0.560018599,0.0078125
2,131,1,1,2.50794483e-06,9.94471179e-07,0.396528333,0.0078125
2,131,1,2,2.50794483e-06,7.26644942e-07,0.289737225,0.0078125
2,131,1,3,2.50794483e-06,5.039077e-07,0.20092456,0.0078125
2,131,1,4,2.50794483e-06,2.74056049e-07,0.109275147,0.0078125
2,131,1,5,2.50794483e-06,1.5866712e-07,0.063265793,0.0078125
2,131,1,6,2.50794483e-06,9.05802082e-08,0.0361173041,0.0078125
2,131,1,7,2.50794483e-06,5.37623563e-08,0.0214368179,0.0078125
2,131,1,8,2.50794483e-06,3.03318082e-08,0.0120942881,0.0078125
2,131,1,9,2.50794483e-06,1.75903541e-08,0.00701385224,0.0078125
2,132,1,0,2.37847689e-06,1.34019319e-06,0.563466966,0.0078125
2,132,1,1,2.37847689e-06,9.49452726e-07,0.399185181,0.0078125
2,132,1,2,2.37847689e-06,6.71311682e-07,0.282244354,0.0078125
2,132,1,3,2.37847689e-06,4.10815858e-07,0.172722235,0.0078125
2,132,1,4,2.37847689e-06,2.37287679e-07,0.0997645482,0.0078125
2,132,1,5,2.37847689e-06,1.47423322e-07,0.0619822368,0.0078125
2,132,1,6,2.37847689e-06,9.24917174e-08,0.0388869531,0.0078125
2,132,1,7,2.37847689e-06,5.51059003e-08,0.0231685657,0.0078125
2,132,1,8,2.37847689e-06,3.08011394e-08,0.0129499426,0.0078125
2,132,1,9,2.37847689e-06,1.77374222e-08,0.00745747099,0.0078125
2,133,1,0,2.46762329e-06,1.44890294e-06,0.587165356,0.0078125
2,133,1,1,2.46762329e-06,1.01320393e-06,0.410599113,0.0078125
2,133,1,2,2.46762329e-06,7.37647213e-07,0.298930228,0.0078125
2,133,1,3,2.46762329e-06,5.02102182e-07,0.203476027,0.0078125
2,133,1,4,2.46762329e-06,2.759962e-07,0.111846976,0.0078125
2,133,1,5,2.46762329e-06,1.60652604e-07,0.0651041865,0.0078125
2,133,1,6,2.46762329e-06,9.31350073e-08,0.0377427973,0.0078125
2,133,1,7,2.46762329e-06,5.48917782e-08,0.0222447962,0.0078125
2,133,1,8,2.46762329e-06,3.0740221e-08,0.0124574201,0.0078125
2,133,1,9,2.46762329e-06,1.85743918e-08,0.00752723962,0.0078125
2,134,1,0,2.43040017e-06,1.45203694e-06,0.597447693,0.0078125
2,134,1,1,2.43040017e-06,1.02145543e-06,0.420282811,0.0078125
2,134,1,2,2.43040017e-06,7.35321407e-07,0.302551568,0.0078125
2,134,1,3,2.43040017e-06,4.90873958e-07,0.201972485,0.0078125
2,134,1,4,2.43040017e-06,2.77483792e-07,0.114172056,0.0078125
2,134,1,5,2.43040017e-06,1.62835988e-07,0.0669996589,0.0078125
2,134,1,6,2.43040017e-06,9.52540589e-08,0.0391927473,0.0078125
2,134,1,7,2.43040017e-06,5.55908244e-08,0.0228731148,0.0078125
2,134,1,8,2.43040017e-06,3.10428909e-08,0.0127727492,0.0078125
2,134,1,9,2.43040017e-06,1.89156122e-08,0.00778292073,0.0078125
2,135,1,0,2.42336e-06,1.4229538e-06,0.587182164,0.0078125
2,135,1,1,2.42336e-06,9.94706284e-07,0.410465747,0.0078125
2,135,1,2,2.42336e-06,6.81531787e-07,0.281234235,0.0078125
2,135,1,3,2.42336e-06,4.23681456e-07,0.17483224,0.0078125
2,135,1,4,2.42336e-06,2.48530029e-07,0.102555968,0.0078125
2,135,1,5,2.42336e-06,1.54572064e-07,0.063784197,0.0078125
2,135,1,6,2.42336e-06,9.44430241e-08,0.0389719345,0.0078125
2,135,1,7,2.42336e-06,5.4681216e-08,0.0225642156,0.0078125
2,135,1,8,2.42336e-06,3.12974002e-08,0.0129148783,0.0078125
2,135,1,9,2.42336e-06,1.88311127e-08,0.00777066266,0.0078125
2,136,1,0,2.33269043e-06,1.31140564e-06,0.562185884,0.0078125
2,136,1,1,2.33269043e-06,9.80608093e-07,0.42037645,0.0078125
2,136,1,2,2.33269043e-06,7.52442304e-07,0.322564155,0.0078125
2,136,1,3,2.33269043e-06,5.02107582e-07,0.215248272,0.0078125
2,136,1,4,2.33269043e-06,2.76898334e-07,0.118703417,0.0078125
2,136,1,5,2.33269043e-06,1.59240386e-07,0.0682646856,0.0078125
2,136,1,6,2.33269043e-06,9.22501684e-08,0.0395466834,0.0078125
2,136,1,7,2.33269043e-06,5.38821929e-08,0.0230987333,0.0078125
2,136,1,8,2.33269043e-06,3.0575638e-08,0.0131074563,0.0078125
2,136,1,9,2.33269043e-06,1.8381872e-08,0.00788011681,0.0078125
2,137,1,0,2.30770297e-06,1.3621551e-06,0.590264499,0.0078125
2,137,1,1,2.30770297e-06,9.94607944e-07,0.430994779,0.0078125
2,137,1,2,2.30770297e-06,7.51962546e-07,0.325848937,0.0078125
2,137,1,3,2.30770297e-06,4.91408741e-07,0.212942809,0.0078125
2,137,1,4,2.30770297e-06,2.77554932e-07,0.120273247,0.0078125
2,137,1,5,2.30770297e-06,1.63262399e-07,0.0707467124,0.0078125
2,137,1,6,2.30770297e-06,9.66818945e-08,0.0418952927,0.0078125
2,137,1,7,2.30770297e-06,5.50419763e-08,0.0238514133,0.0078125
2,137,1,8,2.30770297e-06,3.17339151e-08,0.0137513001,0.0078125
2,137,1,9,2.30770297e-06,1.88765501e-08,0.00817980058,0.0078125
2,138,1,0,2.37026848e-06,1.38042026e-06,0.582389832,0.0078125
2,138,1,1,2.37026848e-06,1.02027423e-06,0.430446684,0.0078125
2,138,1,2,2.37026848e-06,7.82629456e-07,0.330186009,0.0078125
2,138,1,3,2.37026848e-06,5.22636697e-07,0.220496833,0.0078125
2,138,1,4,2.37026848e-06,2.92117932e-07,0.12324255,0.0078125
2,138,1,5,2.37026848e-06,1.70412704e-07,0.0718959495,0.0078125
2,138,1,6,2.37026848e-06,9.98029748e-08,0.0421061888,0.0078125
2,138,1,7,2.37026848e-06,5.81573794e-08,0.0245361999,0.0078125
2,138,1,8,2.37026848e-06,3.34948247e-08,0.0141312368,0.0078125
2,138,1,9,2.37026848e-06,2.05889634e-08,0.00868634228,0.0078125
2,139,1,0,2.45818046e-06,1.36126232e-06,0.553768277,0.0078125
2,139,1,1,2.45818046e-06,1.02473007e-06,0.416865259,0.0078125
2,139,1,2,2.45818046e-06,7.99994098e-07,0.325441569,0.0078125
2,139,1,3,2.45818046e-06,5.2748436e-07,0.214583248,0.0078125
2,139,1,4,2.45818046e-06,2.99537078e-07,0.121853165,0.0078125
2,139,1,5,2.45818046e-06,1.73557083e-07,0.0706038848,0.0078125
2,139,1,6,2.45818046e-06,1.01467911e-07,0.0412776507,0.0078125
2,139,1,7,2.45818046e-06,5.8551862e-08,0.0238191877,0.0078125
2,139,1,8,2.45818046e-06,3.31771126e-08,0.0134966141,0.0078125
2,139,1,9,2.45818046e-06,2.0244137e-08,0.00823541544,0.0078125
2,140,1,0,2.49141453e-06,1.30600836e-06,0.524203539,0.0078125
2,140,1,1,2.49141453e-06,9.5282752e-07,0.382444382,0.0078125
2,140,1,2,2.49141453e-06,7.42364762e-07,0.297969192,0.0078125
2,140,1,3,2.49141453e-06,4.89605213e-07,0.196516961,0.0078125
2,140,1,4,2.49141453e-06,2.93269579e-07,0.11771208,0.0078125
2,140,1,5,2.49141453e-06,1.75909349e-07,0.0706062168,0.0078125
2,140,1,6,2.49141453e-06,1.04411136e-07,0.0419083759,0.0078125
2,140,1,7,2.49141453e-06,6.14081159e-08,0.0246478915,0.0078125
2,140,1,8,2.49141453e-06,3.51017277e-08,0.0140890758,0.0078125
2,140,1,9,2.49141453e-06,2.13744968e-08,0.0085792616,0.0078125
2,141,1,0,2.59671674e-06,1.29129478e-06,0.497279793,0.0078125
2,141,1,1,2.59671674e-06,9.93040999e-07,0.382421762,0.0078125
2,141,1,2,2.59671674e-06,7.87080126e-07,0.303105891,0.0078125
2,141,1,3,2.59671674e-06,5.19659636e-07,0.200121805,0.0078125
2,141,1,4,2.59671674e-06,3.02933273e-07,0.116660118,0.0078125
2,141,1,5,2.59671674e-06,1.76582702e-07,0.0680022985,0.0078125
2,141,1,6,2.59671674e-06,1.06331022e-07,0.0409482569,0.0078125
2,141,1,7,2.59671674e-06,6.22635099e-08,0.0239777826,0.0078125
2,141,1,8,2.59671674e-06,3.65767825e-08,0.0140857808,0.0078125
2,141,1,9,2.59671674e-06,2.20879759e-08,0.00850611646,0.0078125
2,142,1,0,2.52393897e-06,1.28582292e-06,0.509450853,0.0078125
2,142,1,1,2.52393897e-06,9.85690122e-07,0.390536427,0.0078125
2,142,1,2,2.52393897e-06,8.00419684e-07,0.317131162,0.0078125
2,142,1,3,2.52393897e-06,5.41482166e-07,0.21453853,0.0078125
2,142,1,4,2.52393897e-06,3.0249808e-07,0.119851582,0.0078125
2,142,1,5,2.52393897e-06,1.69309459e-07,0.0670814365,0.0078125
2,142,1,6,2.52393897e-06,9.86366331e-08,0.0390804335,0.0078125
2,142,1,7,2.52393897e-06,5.77625094e-08,0.022885859,0.0078125
2,142,1,8,2.52393897e-06,3.38165016e-08,0.0133983037,0.0078125
2,142,1,9,2.52393897e-06,2.03072297e-08,0.00804584846,0.0078125
2,143,1,0,2.4909591e-06,1.35805647e-06,0.545194209,0.0078125
2,143,1,1,2.4909591e-06,9.90246917e-07,0.397536397,0.0078125
2,143,1,2,2.4909591e-06,7.27217866e-07,0.291942924,0.0078125
2,143,1,3,2.4909591e-06,4.27735131e-07,0.171715036,0.0078125
2,143,1,4,2.4909591e-06,2.26796203e-07,0.0910477415,0.0078125
2,143,1,5,2.4909591e-06,1.39483816e-07,0.0559960268,0.0078125
2,143,1,6,2.4909591e-06,9.04875463e-08,0.036326386,0.0078125
2,143,1,7,2.4909591e-06,5.45099397e-08,0.0218831133,0.0078125
2,143,1,8,2.4909591e-06,3.20294617e-08,0.0128582846,0.0078125
2,143,1,9,2.4909591e-06,1.93937737e-08,0.00778566534,0.0078125
2,144,1,0,2.45808792e-06,1.36034475e-06,0.553415835,0.0078125
2,144,1,1,2.45808792e-06,1.02025467e-06,0.415060282,0.0078125
2,144,1,2,2.45808792e-06,7.58131193e-07,0.308423132,0.0078125
2,144,1,3,2.45808792e-06,4.92966706e-07,0.200548857,0.0078125
2,144,1,4,2.45808792e-06,2.813874e-07,0.114474103,0.0078125
2,144,1,5,2.45808792e-06,1.57887669e-07,0.0642319024,0.0078125
2,144,1,6,2.45808792e-06,9.17188601e-08,0.0373130925,0.0078125
2,144,1,7,2.45808792e-06,5.43542349e-08,0.0221124049,0.0078125
2,144,1,8,2.45808792e-06,3.24874208e-08,0.0132165411,0.0078125
2,144,1,9,2.45808792e-06,1.93733776e-08,0.00788148306,0.0078125
2,145,1,0,2.46660034e-06,1.35613641e-06,0.5497998,0.0078125
2,145,1,1,2.46660034e-06,9.90069452e-07,0.401390314,0.0078125
2,145,1,2,2.46660034e-06,7.10170013e-07,0.287914515,0.0078125
2,145,1,3,2.46660034e-06,4.42057456e-07,0.179217294,0.0078125
2,145,1,4,2.46660034e-06,2.52621618e-07,0.102416925,0.0078125
2,145,1,5,2.46660034e-06,1.48714264e-07,0.060291186,0.0078125
2,145,1,6,2.46660034e-06,8.86282407e-08,0.0359313339,0.0078125
2,145,1,7,2.46660034e-06,5.3553542e-08,0.0217114799,0.0078125
2,145,1,8,2.46660034e-06,3.16413136e-08,0.0128279049,0.0078125
2,145,1,9,2.46660034e-06,1.89896241e-08,0.00769870309,0.0078125
2,146,1,0,2.50886819e-06,1.42013448e-06,0.56604588,0.0078125
2,146,1,1,2.50886819e-06,1.04535911e-06,0.416665614,0.0078125
2,146,1,2,2.50886819e-06,7.54059954e-07,0.300557822,0.0078125
2,146,1,3,2.50886819e-06,5.04590787e-07,0.20112288,0.0078125
2,146,1,4,2.50886819e-06,2.89083459e-07,0.115224652,0.0078125
2,146,1,5,2.50886819e-06,1.57148008e-07,0.0626370162,0.0078125
2,146,1,6,2.50886819e-06,9.36293674e-08,0.0373193659,0.0078125
2,146,1,7,2.50886819e-06,5.67368694e-08,0.0226145275,0.0078125
2,146,1,8,2.50886819e-06,3.36368551e-08,0.0134071829,0.0078125
2,146,1,9,2.50886819e-06,2.00944505e-08,0.00800936855,0.0078125
2,147,1,0,2.56402882e-06,1.4438973e-06,0.56313616,0.0078125
2,147,1,1,2.56402882e-06,1.03977902e-06,0.405525476,0.0078125
2,147,1,2,2.56402882e-06,7.18495755e-07,0.280221403,0.0078125
2,147,1,3,2.56402882e-06,4.40375743e-07,0.171751484,0.0078125
2,147,1,4,2.56402882e-06,2.43241288e-07,0.0948668346,0.0078125
2,147,1,5,2.56402882e-06,1.49248891e-07,0.0582087412,0.0078125
2,147,1,6,2.56402882e-06,9.23336927e-08,0.0360111743,0.0078125
2,147,1,7,2.56402882e-06,5.61420705e-08,0.0218960363,0.0078125
2,147,1,8,2.56402882e-06,3.29128333e-08,0.0128363743,0.0078125
2,147,1,9,2.56402882e-06,1.96055225e-08,0.00764637347,0.0078125
2,148,1,0,2.29367538e-06,1.353431e-06,0.590070844,0.0078125
2,148,1,1,2.29367538e-06,1.03568743e-06,0.45154056,0.0078125
2,148,1,2,2.29367538e-06,7.42726172e-07,0.323814869,0.0078125
2,148,1,3,2.29367538e-06,5.02634066e-07,0.219139144,0.0078125
2,148,1,4,2.29367538e-06,2.86932078e-07,0.125097081,0.0078125
2,148,1,5,2.29367538e-06,1.57379617e-07,0.0686146021,0.0078125
2,148,1,6,2.29367538e-06,9.56138209e-08,0.0416858569,0.0078125
2,148,1,7,2.29367538e-06,5.76295456e-08,0.0251254141,0.0078125
2,148,1,8,2.29367538e-06,3.43343807e-08,0.0149691543,0.0078125
2,148,1,9,2.29367538e-06,1.98965004e-08,0.0086745061,0.0078125
2,149,1,0,2.29851821e-06,1.41302496e-06,0.614754736,0.0078125
2,149,1,1,2.29851821e-06,1.03966579e-06,0.452320009,0.0078125
2,149,1,2,2.29851821e-06,7.1009265e-07,0.308934957,0.0078125
2,149,1,3,2.29851821e-06,4.38306643e-07,0.190690964,0.0078125
2,149,1,4,2.29851821e-06,2.51782069e-07,0.109541036,0.0078125
2,149,1,5,2.29851821e-06,1.52887537e-07,0.066515699,0.0078125
2,149,1,6,2.29851821e-06,9.77827668e-08,0.0425416529,0.0078125
2,149,1,7,2.29851821e-06,6.02550756e-08,0.0262147486,0.0078125
2,149,1,8,2.29851821e-06,3.59368926e-08,0.0156348087,0.0078125
2,149,1,9,2.29851821e-06,2.08150155e-08,0.00905584078,0.0078125
2,150,1,0,2.38244957e-06,1.47395156e-06,0.618670642,0.0078125
2,150,1,1,2.38244957e-06,1.07081746e-06,0.449460715,0.0078125
2,150,1,2,2.38244957e-06,7.67102449e-07,0.321980566,0.0078125
2,150,1,3,2.38244957e-06,5.22662049e-07,0.219380111,0.0078125
2,150,1,4,2.38244957e-06,2.92522543e-07,0.12278226,0.0078125
2,150,1,5,2.38244957e-06,1.61694715e-07,0.0678691044,0.0078125
2,150,1,6,2.38244957e-06,9.78513555e-08,0.0410717428,0.0078125
2,150,1,7,2.38244957e-06,6.00198291e-08,0.0251924861,0.0078125
2,150,1,8,2.38244957e-06,3.47421256e-08,0.0145825231,0.0078125
2,150,1,9,2.38244957e-06,2.05467181e-08,0.00862419885,0.0078125
2,151,1,0,2.39616224e-06,1.42862393e-06,0.596213341,0.0078125
2,151,1,1,2.39616224e-06,1.04407115e-06,0.435726404,0.0078125
2,151,1,2,2.39616224e-06,7.2323644e-07,0.301831156,0.0078125
2,151,1,3,2.39616224e-06,4.81296183e-07,0.20086126,0.0078125
2,151,1,4,2.39616224e-06,2.83020142e-07,0.118113928,0.0078125
2,151,1,5,2.39616224e-06,1.62619131e-07,0.0678664967,0.0078125
2,151,1,6,2.39616224e-06,9.97854954e-08,0.0416438803,0.0078125
2,151,1,7,2.39616224e-06,6.1021268e-08,0.0254662503,0.0078125
2,151,1,8,2.39616224e-06,3.64819144e-08,0.0152251441,0.0078125
2,151,1,9,2.39616224e-06,2.14667768e-08,0.0089588156,0.0078125
2,152,1,0,2.55188502e-06,1.38484256e-06,0.542674363,0.0078125
2,152,1,1,2.55188502e-06,1.02342267e-06,0.401045769,0.0078125
2,152,1,2,2.55188502e-06,7.78968854e-07,0.305252343,0.0078125
2,152,1,3,2.55188502e-06,5.30638829e-07,0.207939938,0.0078125
2,152,1,4,2.55188502e-06,2.89948247e-07,0.113621205,0.0078125
2,152,1,5,2.55188502e-06,1.59052362e-07,0.0623273998,0.0078125
2,152,1,6,2.55188502e-06,9.60024167e-08,0.037620198,0.0078125
2,152,1,7,2.55188502e-06,5.79239945e-08,0.0226985123,0.0078125
2,152,1,8,2.55188502e-06,3.49522082e-08,0.013696623,0.0078125
2,152,1,9,2.55188502e-06,2.0763693e-08,0.00813660957,0.0078125
2,153,1,0,2.48177344e-06,1.36873928e-06,0.551516593,0.0078125
2,153,1,1,2.48177344e-06,1.00278999e-06,0.404061854,0.0078125
2,153,1,2,2.48177344e-06,7.60323474e-07,0.306362957,0.0078125
2,153,1,3,2.48177344e-06,5.15855731e-07,0.207857698,0.0078125
2,153,1,4,2.48177344e-06,2.82335577e-07,0.113763638,0.0078125
2,153,1,5,2.48177344e-06,1.57261255e-07,0.0633664802,0.0078125
2,153,1,6,2.48177344e-06,9.46084171e-08,0.0381212942,0.0078125
2,153,1,7,2.48177344e-06,5.61508919e-08,0.0226253103,0.0078125
2,153,1,8,2.48177344e-06,3.36454207e-08,0.0135570075,0.0078125
2,153,1,9,2.48177344e-06,1.95245828e-08,0.00786719006,0.0078125
2,154,1,0,2.55720784e-06,1.37383995e-06,0.537242174,0.0078125
2,154,1,1,2.55720784e-06,1.03944649e-06,0.406477123,0.0078125
2,154,1,2,2.55720784e-06,7.95377048e-07,0.311033398,0.0078125
2,154,1,3,2.55720784e-06,5.41700047e-07,0.211832628,0.0078125
2,154,1,4,2.55720784e-06,2.92682415e-07,0.114453904,0.0078125
2,154,1,5,2.55720784e-06,1.63715328e-07,0.0640211254,0.0078125
2,154,1,6,2.55720784e-06,9.62707958e-08,0.0376468413,0.0078125
2,154,1,7,2.55720784e-06,5.75538266e-08,0.0225065108,0.0078125
2,154,1,8,2.55720784e-06,3.35483641e-08,0.0131191388,0.0078125
2,154,1,9,2.55720784e-06,1.98498018e-08,0.00776229519,0.0078125
2,155,1,0,2.61644709e-06,1.3485145e-06,0.515399098,0.0078125
2,155,1,1,2.61644709e-06,1.00378031e-06,0.383642495,0.0078125
2,155,1,2,2.61644709e-06,7.68321684e-07,0.293650776,0.0078125
2,155,1,3,2.61644709e-06,5.31549119e-07,0.203156844,0.0078125
2,155,1,4,2.61644709e-06,2.96014463e-07,0.113136038,0.0078125
2,155,1,5,2.61644709e-06,1.6392076e-07,0.0626501366,0.0078125
2,155,1,6,2.61644709e-06,9.73027952e-08,0.0371889025,0.0078125
2,155,1,7,2.61644709e-06,5.69481635e-08,0.0217654556,0.0078125
2,155,1,8,2.61644709e-06,3.34415624e-08,0.0127812875,0.0078125
2,155,1,9,2.61644709e-06,1.95586214e-08,0.00747525971,0.0078125
2,156,1,0,2.60903744e-06,1.30792534e-06,0.501305699,0.0078125
2,156,1,1,2.60903744e-06,1.00861394e-06,0.386584699,0.0078125
2,156,1,2,2.60903744e-06,7.72752742e-07,0.296183079,0.0078125
2,156,1,3,2.60903744e-06,5.41119789e-07,0.20740208,0.0078125
2,156,1,4,2.60903744e-06,2.99354213e-07,0.114737414,0.0078125
2,156,1,5,2.60903744e-06,1.68494807e-07,0.0645812154,0.0078125
2,156,1,6,2.60903744e-06,9.79962778e-08,0.0375603177,0.0078125
2,156,1,7,2.60903744e-06,5.88660782e-08,0.0225623734,0.0078125
2,156,1,8,2.60903744e-06,3.46712561e-08,0.0132889068,0.0078125
2,156,1,9,2.60903744e-06,2.07741451e-08,0.00796237867,0.0078125
2,157,1,0,2.57245188e-06,1.31810066e-06,0.512390792,0.0078125
2,157,1,1,2.57245188e-06,9.93400363e-07,0.386168689,0.0078125
2,157,1,2,2.57245188e-06,7.89249953e-07,0.306808442,0.0078125
2,157,1,3,2.57245188e-06,5.46156514e-07,0.212309718,0.0078125
2,157,1,4,2.57245188e-06,2.94594798e-07,0.114519067,0.0078125
2,157,1,5,2.57245188e-06,1.67365585e-07,0.0650607273,0.0078125
2,157,1,6,2.57245188e-06,9.77923236e-08,0.0380152203,0.0078125
2,157,1,7,2.57245188e-06,5.75313521e-08,0.0223644041,0.0078125
2,157,1,8,2.57245188e-06,3.27065663e-08,0.0127141606,0.0078125
2,157,1,9,2.57245188e-06,1.94946939e-08,0.00757825421,0.0078125
2,158,1,0,2.49983191e-06,1.33383912e-06,0.533571541,0.0078125
2,158,1,1,2.49983191e-06,1.01592491e-06,0.406397283,0.0078125
2,158,1,2,2.49983191e-06,7.97965811e-07,0.319207788,0.0078125
2,158,1,3,2.49983191e-06,5.53153541e-07,0.221276298,0.0078125
2,158,1,4,2.49983191e-06,2.95220303e-07,0.118096061,0.0078125
2,158,1,5,2.49983191e-06,1.74326203e-07,0.0697351694,0.0078125
2,158,1,6,2.49983191e-06,1.01830985e-07,0.040735133,0.0078125
2,158,1,7,2.49983191e-06,5.93042309e-08,0.0237232875,0.0078125
2,158,1,8,2.49983191e-06,3.44050051e-08,0.0137629276,0.0078125
2,158,1,9,2.49983191e-06,2.09259099e-08,0.0083709266,0.0078125
2,159,1,0,2.37092786e-06,1.29995851e-06,0.548291028,0.0078125
2,159,1,1,2.37092786e-06,1.00289003e-06,0.422994733,0.0078125
2,159,1,2,2.37092786e-06,8.0521977e-07,0.339622229,0.0078125
2,159,1,3,2.37092786e-06,5.56125542e-07,0.234560296,0.0078125
2,159,1,4,2.37092786e-06,2.93457759e-07,0.123773381,0.0078125
2,159,1,5,2.37092786e-06,1.70282277e-07,0.0718209445,0.0078125
2,159,1,6,2.37092786e-06,9.88097639e-08,0.0416755676,0.0078125
2,159,1,7,2.37092786e-06,5.65921816e-08,0.0238692127,0.0078125
2,159,1,8,2.37092786e-06,3.25457421e-08,0.0137270065,0.0078125
2,159,1,9,2.37092786e-06,1.95866647e-08,0.00826118141,0.0078125
2,160,1,0,2.41915632e-06,1.34555376e-06,0.556207836,0.0078125
2,160,1,1,2.41915632e-06,1.03039986e-06,0.42593357,0.0078125
2,160,1,2,2.41915632e-06,7.77230014e-07,0.321281433,0.0078125
2,160,1,3,2.41915632e-06,5.13820623e-07,0.212396622,0.0078125
2,160,1,4,2.41915632e-06,2.98243236e-07,0.12328399,0.0078125
2,160,1,5,2.41915632e-06,1.76005599e-07,0.0727549493,0.0078125
2,160,1,6,2.41915632e-06,1.02007135e-07,0.0421664082,0.0078125
2,160,1,7,2.41915632e-06,5.7088446e-08,0.023598494,0.0078125
2,160,1,8,2.41915632e-06,3.29436496e-08,0.0136178257,0.0078125
2,160,1,9,2.41915632e-06,1.96794101e-08,0.00813482329,0.0078125
2,161,1,0,2.63882271e-06,1.47034905e-06,0.557198882,0.0078125
2,161,1,1,2.63882271e-06,1.10633732e-06,0.419254124,0.0078125
2,161,1,2,2.63882271e-06,8.74851025e-07,0.331530809,0.0078125
2,161,1,3,2.63882271e-06,5.93430684e-07,0.224884629,0.0078125
2,161,1,4,2.63882271e-06,3.10828995e-07,0.117790781,0.0078125
2,161,1,5,2.63882271e-06,1.79248275e-07,0.067927368,0.0078125
2,161,1,6,2.63882271e-06,1.02575243e-07,0.0388715938,0.0078125
2,161,1,7,2.63882271e-06,5.79001025e-08,0.0219416413,0.0078125
2,161,1,8,2.63882271e-06,3.37885666e-08,0.0128044095,0.0078125
2,161,1,9,2.63882271e-06,2.03545891e-08,0.00771351159,0.0078125
2,162,1,0,2.68968779e-06,1.39530346e-06,0.518760383,0.0078125
2,162,1,1,2.68968779e-06,1.06573555e-06,0.396230191,0.0078125
2,162,1,2,2.68968779e-06,8.65667459e-07,0.321846813,0.0078125
2,162,1,3,2.68968779e-06,5.94068922e-07,0.220869094,0.0078125
2,162,1,4,2.68968779e-06,3.12644858e-07,0.116238348,0.0078125
2,162,1,5,2.68968779e-06,1.75860009e-07,0.0653830543,0.0078125
2,162,1,6,2.68968779e-06,1.01146306e-07,0.0376052223,0.0078125
2,162,1,7,2.68968779e-06,5.60135689e-08,0.020825306,0.0078125
2,162,1,8,2.68968779e-06,3.21985105e-08,0.0119710956,0.0078125
2,162,1,9,2.68968779e-06,1.92088088e-08,0.00714165019,0.0078125
2,163,1,0,2.63294373e-06,1.36990866e-06,0.520295441,0.0078125
2,163,1,1,2.63294373e-06,1.0753721e-06,0.408429563,0.0078125
2,163,1,2,2.63294373e-06,8.75431454e-07,0.332491517,0.0078125
2,163,1,3,2.63294373e-06,5.99246164e-07,0.227595508,0.0078125
2,163,1,4,2.63294373e-06,3.16227101e-07,0.120104007,0.0078125
2,163,1,5,2.63294373e-06,1.77059917e-07,0.0672478899,0.0078125
2,163,1,6,2.63294373e-06,1.00095185e-07,0.0380164534,0.0078125
2,163,1,7,2.63294373e-06,5.3273375e-08,0.020233389,0.0078125
2,163,1,8,2.63294373e-06,3.10716537e-08,0.0118011078,0.0078125
2,163,1,9,2.63294373e-06,1.89644744e-08,0.00720276497,0.0078125
2,164,1,0,2.67445057e-06,1.36580104e-06,0.510684729,0.0078125
2,164,1,1,2.67445057e-06,1.04756248e-06,0.391692579,0.0078125
2,164,1,2,2.67445057e-06,8.58375643e-07,0.320954025,0.0078125
2,164,1,3,2.67445057e-06,5.9566031e-07,0.222722501,0.0078125
2,164,1,4,2.67445057e-06,3.19279337e-07,0.119381279,0.0078125
2,164,1,5,2.67445057e-06,1.78673289e-07,0.0668074787,0.0078125
2,164,1,6,2.67445057e-06,1.03625901e-07,0.038746614,0.0078125
2,164,1,7,2.67445057e-06,5.65352387e-08,0.0211390108,0.0078125
2,164,1,8,2.67445057e-06,3.37177433e-08,0.0126073537,0.0078125
2,164,1,9,2.67445057e-06,2.0717156e-08,0.00774632208,0.0078125
2,165,1,0,2.5613565e-06,1.42883857e-06,0.55784446,0.0078125
2,165,1,1,2.5613565e-06,1.12002942e-06,0.437279791,0.0078125
2,165,1,2,2.5613565e-06,9.00452335e-07,0.351552904,0.0078125
2,165,1,3,2.5613565e-06,6.06428443e-07,0.236760661,0.0078125
2,165,1,4,2.5613565e-06,3.24544885e-07,0.12670821,0.0078125
2,165,1,5,2.5613565e-06,1.85828483e-07,0.0725508109,0.0078125
2,165,1,6,2.5613565e-06,1.07252689e-07,0.0418733917,0.0078125
2,165,1,7,2.5613565e-06,5.73484762e-08,0.022389885,0.0078125
2,165,1,8,2.5613565e-06,3.51008218e-08,0.0137039972,0.0078125
2,165,1,9,2.5613565e-06,2.12313509e-08,0.00828910433,0.0078125
2,166,1,0,2.4504684e-06,1.37115535e-06,0.559548259,0.0078125
2,166,1,1,2.4504684e-06,1.08095514e-06,0.441121846,0.0078125
2,166,1,2,2.4504684e-06,8.69801283e-07,0.35495308,0.0078125
2,166,1,3,2.4504684e-06,5.95012978e-07,0.242816016,0.0078125
2,166,1,4,2.4504684e-06,3.19272573e-07,0.130290434,0.0078125
2,166,1,5,2.4504684e-06,1.8053845e-07,0.0736750811,0.0078125
2,166,1,6,2.4504684e-06,1.03974408e-07,0.0424304232,0.0078125
2,166,1,7,2.4504684e-06,5.58828823e-08,0.0228049792,0.0078125
2,166,1,8,2.4504684e-06,3.36508457e-08,0.0137324138,0.0078125
2,166,1,9,2.4504684e-06,2.0776687e-08,0.00847865921,0.0078125
2,167,1,0,2.77666004e-06,1.44182218e-06,0.519264936,0.0078125
2,167,1,1,2.77666004e-06,1.08974893e-06,0.392467529,0.0078125
2,167,1,2,2.77666004e-06,8.65282857e-07,0.311627209,0.0078125
2,167,1,3,2.77666004e-06,5.8833848e-07,0.211887106,0.0078125
2,167,1,4,2.77666004e-06,3.27036986e-07,0.117780708,0.0078125
2,167,1,5,2.77666004e-06,1.85915141e-07,0.0669563934,0.0078125
2,167,1,6,2.77666004e-06,1.0639107e-07,0.0383162014,0.0078125
2,167,1,7,2.77666004e-06,5.50092771e-08,0.0198113117,0.0078125
2,167,1,8,2.77666004e-06,3.25575051e-08,0.0117254201,0.0078125
2,167,1,9,2.77666004e-06,1.926424e-08,0.00693791825,0.0078125
2,168,1,0,2.72354487e-06,1.41609246e-06,0.519944608,0.0078125
2,168,1,1,2.72354487e-06,1.08273821e-06,0.397547424,0.0078125
2,168,1,2,2.72354487e-06,8.52841765e-07,0.313136667,0.0078125
2,168,1,3,2.72354487e-06,5.75788704e-07,0.211411506,0.0078125
2,168,1,4,2.72354487e-06,3.17479987e-07,0.116568662,0.0078125
2,168,1,5,2.72354487e-06,1.76257345e-07,0.0647161528,0.0078125
2,168,1,6,2.72354487e-06,9.93626585e-08,0.0364828408,0.0078125
2,168,1,7,2.72354487e-06,5.16049603e-08,0.0189477187,0.0078125
2,168,1,8,2.72354487e-06,2.98177838e-08,0.0109481523,0.0078125
2,168,1,9,2.72354487e-06,1.76902137e-08,0.00649528997,0.0078125
2,169,1,0,2.68250551e-06,1.37418124e-06,0.512275279,0.0078125
2,169,1,1,2.68250551e-06,9.85984457e-07,0.367561013,0.0078125
2,169,1,2,2.68250551e-06,7.61111323e-07,0.28373149,0.0078125
2,169,1,3,2.68250551e-06,5.28493672e-07,0.197014943,0.0078125
2,169,1,4,2.68250551e-06,3.04920178e-07,0.113669917,0.0078125
2,169,1,5,2.68250551e-06,1.72597169e-07,0.0643417761,0.0078125
2,169,1,6,2.68250551e-06,9.73666374e-08,0.0362969004,0.0078125
2,169,1,7,2.68250551e-06,5.17405532e-08,0.019288145,0.0078125
2,169,1,8,2.68250551e-06,3.03540695e-08,0.0113155665,0.0078125
2,169,1,9,2.68250551e-06,1.81707858e-08,0.0067738113,0.0078125
2,170,1,0,2.68233362e-06,1.44627415e-06,0.539185047,0.0078125
2,170,1,1,2.68233362e-06,1.04981132e-06,0.391379833,0.0078125
2,170,1,2,2.68233362e-06,8.02817112e-07,0.299298018,0.0078125
2,170,1,3,2.68233362e-06,5.39881e-07,0.201272875,0.0078125
2,170,1,4,2.68233362e-06,3.10874242e-07,0.115896933,0.0078125
2,170,1,5,2.68233362e-06,1.76919414e-07,0.065957278,0.0078125
2,170,1,6,2.68233362e-06,9.89311104e-08,0.0368824787,0.0078125
2,170,1,7,2.68233362e-06,5.2483621e-08,0.0195664037,0.0078125
2,170,1,8,2.68233362e-06,3.18705169e-08,0.0118816383,0.0078125
2,170,1,9,2.68233362e-06,1.92784668e-08,0.00718719931,0.0078125
2,171,1,0,2.69345423e-06,1.46738887e-06,0.544798136,0.0078125
2,171,1,1,2.69345423e-06,1.07651977e-06,0.399679989,0.0078125
2,171,1,2,2.69345423e-06,8.06403364e-07,0.299393743,0.0078125
2,171,1,3,2.69345423e-06,5.50977802e-07,0.204561785,0.0078125
2,171,1,4,2.69345423e-06,3.18403181e-07,0.118213698,0.0078125
2,171,1,5,2.69345423e-06,1.79261193e-07,0.0665543824,0.0078125
2,171,1,6,2.69345423e-06,9.94420191e-08,0.0369198844,0.0078125
2,171,1,7,2.69345423e-06,5.45897763e-08,0.0202675723,0.0078125
2,171,1,8,2.69345423e-06,3.31805232e-08,0.0123189483,0.0078125
2,171,1,9,2.69345423e-06,2.00709902e-08,0.0074517657,0.0078125
2,172,1,0,2.93098105e-06,1.46347384e-06,0.499311954,0.0078125
2,172,1,1,2.93098105e-06,1.08197071e-06,0.369149685,0.0078125
2,172,1,2,2.93098105e-06,8.31013722e-07,0.283527493,0.0078125
2,172,1,3,2.93098105e-06,5.60030173e-07,0.191072598,0.0078125
2,172,1,4,2.93098105e-06,3.14647224e-07,0.10735219,0.0078125
2,172,1,5,2.93098105e-06,1.74598227e-07,0.0595698915,0.0078125
2,172,1,6,2.93098105e-06,1.00961614e-07,0.034446355,0.0078125
2,172,1,7,2.93098105e-06,5.6689224e-08,0.0193413813,0.0078125
2,172,1,8,2.93098105e-06,3.41709807e-08,0.0116585474,0.0078125
2,172,1,9,2.93098105e-06,2.0501119e-08,0.00699462695,0.0078125
2,173,1,0,2.81506595e-06,1.42170438e-06,0.505034149,0.0078125
2,173,1,1,2.81506595e-06,1.0818319e-06,0.384300739,0.0078125
2,173,1,2,2.81506595e-06,8.44362773e-07,0.299944222,0.0078125
2,173,1,3,2.81506595e-06,5.66948643e-07,0.201398,0.0078125
2,173,1,4,2.81506595e-06,3.23286628e-07,0.11484158,0.0078125
2,173,1,5,2.81506595e-06,1.80063921e-07,0.0639643669,0.0078125
2,173,1,6,2.81506595e-06,1.02895939e-07,0.0365518741,0.0078125
2,173,1,7,2.81506595e-06,5.79142814e-08,0.0205729753,0.0078125
2,173,1,8,2.81506595e-06,3.51727607e-08,0.0124944709,0.0078125
2,173,1,9,2.81506595e-06,2.05284998e-08,0.00729236891,0.0078125
2,174,1,0,2.76883293e-06,1.40684472e-06,0.508100271,0.0078125
2,174,1,1,2.76883293e-06,1.0345085e-06,0.373626202,0.0078125
2,174,1,2,2.76883293e-06,8.08758159e-07,0.292093515,0.0078125
2,174,1,3,2.76883293e-06,5.57337898e-07,0.201289833,0.0078125
2,174,1,4,2.76883293e-06,3.15384654e-07,0.113905266,0.0078125
2,174,1,5,2.76883293e-06,1.74897195e-07,0.0631663948,0.0078125
2,174,1,6,2.76883293e-06,9.92820617e-08,0.0358570069,0.0078125
2,174,1,7,2.76883293e-06,5.69755834e-08,0.0205774717,0.0078125
2,174,1,8,2.76883293e-06,3.40095347e-08,0.0122829853,0.0078125
2,174,1,9,2.76883293e-06,1.97159196e-08,0.00712066051,0.0078125
2,175,1,0,2.82171823e-06,1.43242107e-06,0.507641435,0.0078125
2,175,1,1,2.82171823e-06,1.09808104e-06,0.389153332,0.0078125
2,175,1,2,2.82171823e-06,8.59596412e-07,0.304635823,0.0078125
2,175,1,3,2.82171823e-06,5.77024309e-07,0.204493955,0.0078125
2,175,1,4,2.82171823e-06,3.2083517e-07,0.113702059,0.0078125
2,175,1,5,2.82171823e-06,1.80456297e-07,0.0639526248,0.0078125
2,175,1,6,2.82171823e-06,1.03074555e-07,0.0365290046,0.0078125
2,175,1,7,2.82171823e-06,5.93106328e-08,0.0210193321,0.0078125
2,175,1,8,2.82171823e-06,3.5794308e-08,0.0126852877,0.0078125
2,175,1,9,2.82171823e-06,2.02004919e-08,0.00715893321,0.0078125
2,176,1,0,2.78569473e-06,1.48765957e-06,0.534035385,0.0078125
2,176,1,1,2.78569473e-06,1.11660006e-06,0.400833607,0.0078125
2,176,1,2,2.78569473e-06,8.52702044e-07,0.306100309,0.0078125
2,176,1,3,2.78569473e-06,5.70351744e-07,0.204743087,0.0078125
2,176,1,4,2.78569473e-06,3.13020365e-07,0.112367071,0.0078125
2,176,1,5,2.78569473e-06,1.75227584e-07,0.0629026517,0.0078125
2,176,1,6,2.78569473e-06,9.99629322e-08,0.0358843803,0.0078125
2,176,1,7,2.78569473e-06,5.78193529e-08,0.0207558107,0.0078125
2,176,1,8,2.78569473e-06,3.54002587e-08,0.0127078742,0.0078125
2,176,1,9,2.78569473e-06,1.9937854e-08,0.00715722842,0.0078125
2,177,1,0,2.81593361e-06,1.42912745e-06,0.507514596,0.0078125
2,177,1,1,2.81593361e-06,1.06097616e-06,0.37677598,0.0078125
2,177,1,2,2.81593361e-06,8.20446189e-07,0.291358501,0.0078125
2,177,1,3,2.81593361e-06,5.64110167e-07,0.200327933,0.0078125
2,177,1,4,2.81593361e-06,3.13316718e-07,0.111265659,0.0078125
2,177,1,5,2.81593361e-06,1.71612243e-07,0.0609432831,0.0078125
2,177,1,6,2.81593361e-06,9.66674207e-08,0.0343287289,0.0078125
2,177,1,7,2.81593361e-06,5.59960114e-08,0.0198854152,0.0078125
2,177,1,8,2.81593361e-06,3.34879964e-08,0.0118923243,0.0078125
2,177,1,9,2.81593361e-06,1.91869916e-08,0.00681372313,0.0078125
2,178,1,0,2.84844509e-06,1.42289878e-06,0.499535263,0.0078125
2,178,1,1,2.84844509e-06,1.08388986e-06,0.380519837,0.0078125
2,178,1,2,2.84844509e-06,8.55349072e-07,0.300286323,0.0078125
2,178,1,3,2.84844509e-06,5.83163512e-07,0.204730466,0.0078125
2,178,1,4,2.84844509e-06,3.18422309e-07,0.111788116,0.0078125
2,178,1,5,2.84844509e-06,1.72572115e-07,0.0605846718,0.0078125
2,178,1,6,2.84844509e-06,9.71545759e-08,0.0341079347,0.0078125
2,178,1,7,2.84844509e-06,5.61746347e-08,0.0197211578,0.0078125
2,178,1,8,2.84844509e-06,3.39564536e-08,0.0119210491,0.0078125
2,178,1,9,2.84844509e-06,1.92626253e-08,0.00676250551,0.0078125
2,179,1,0,2.55330497e-06,1.4010601e-06,0.548724174,0.0078125
2,179,1,1,2.55330497e-06,1.05343838e-06,0.412578374,0.0078125
2,179,1,2,2.55330497e-06,8.25361099e-07,0.323252052,0.0078125
2,179,1,3,2.55330497e-06,5.60273577e-07,0.21943073,0.0078125
2,179,1,4,2.55330497e-06,3.06905605e-07,0.120199353,0.0078125
2,179,1,5,2.55330497e-06,1.68589338e-07,0.0660278872,0.0078125
2,179,1,6,2.55330497e-06,9.73765282e-08,0.0381374434,0.0078125
2,179,1,7,2.55330497e-06,5.70138106e-08,0.0223294161,0.0078125
2,179,1,8,2.55330497e-06,3.48913929e-08,0.0136651881,0.0078125
2,179,1,9,2.55330497e-06,1.94588523e-08,0.00762104522,0.0078125
2,180,1,0,2.84350403e-06,1.4777338e-06,0.519687593,0.0078125
2,180,1,1,2.84350403e-06,1.11314944e-06,0.391471028,0.0078125
2,180,1,2,2.84350403e-06,8.75303726e-07,0.307825744,0.0078125
2,180,1,3,2.84350403e-06,5.98371173e-07,0.210434437,0.0078125
2,180,1,4,2.84350403e-06,3.29476336e-07,0.115869835,0.0078125
2,180,1,5,2.84350403e-06,1.81229879e-07,0.0637347028,0.0078125
2,180,1,6,2.84350403e-06,1.02228086e-07,0.0359514467,0.0078125
2,180,1,7,2.84350403e-06,6.00761112e-08,0.0211274922,0.0078125
2,180,1,8,2.84350403e-06,3.63056358e-08,0.0127679212,0.0078125
2,180,1,9,2.84350403e-06,2.02570316e-08,0.0071239681,0.0078125
2,181,1,0,2.73261549e-06,1.4744104e-06,0.539560139,0.0078125
2,181,1,1,2.73261549e-06,1.11986242e-06,0.409813404,0.0078125
2,181,1,2,2.73261549e-06,8.63484786e-07,0.315992057,0.0078125
2,181,1,3,2.73261549e-06,5.81699908e-07,0.212872952,0.0078125
2,181,1,4,2.73261549e-06,3.20198637e-07,0.117176615,0.0078125
2,181,1,5,2.73261549e-06,1.7546293e-07,0.0642106161,0.0078125
2,181,1,6,2.73261549e-06,9.75922845e-08,0.0357138738,0.0078125
2,181,1,7,2.73261549e-06,5.69832181e-08,0.020852996,0.0078125
2,181,1,8,2.73261549e-06,3.42303643e-08,0.0125265941,0.0078125
2,181,1,9,2.73261549e-06,1.95686418e-08,0.00716113998,0.0078125
2,182,1,0,2.67551445e-06,1.36544418e-06,0.51034826,0.0078125
2,182,1,1,2.67551445e-06,1.05343031e-06,0.393730015,0.0078125
2,182,1,2,2.67551445e-06,8.43057592e-07,0.315101117,0.0078125
2,182,1,3,2.67551445e-06,5.77427045e-07,0.215819076,0.0078125
2,182,1,4,2.67551445e-06,3.06586685e-07,0.11458981,0.0078125
2,182,1,5,2.67551445e-06,1.68146499e-07,0.0628464147,0.0078125
2,182,1,6,2.67551445e-06,9.28126767e-08,0.0346896574,0.0078125
2,182,1,7,2.67551445e-06,5.28835571e-08,0.0197657533,0.0078125
2,182,1,8,2.67551445e-06,3.1518983e-08,0.0117805321,0.0078125
2,182,1,9,2.67551445e-06,1.79167738e-08,0.0066965716,0.0078125
2,183,1,0,2.65103404e-06,1.36535868e-06,0.515028715,0.0078125
2,183,1,1,2.65103404e-06,1.0337659e-06,0.389948189,0.0078125
2,183,1,2,2.65103404e-06,8.15632973e-07,0.307665974,0.0078125
2,183,1,3,2.65103404e-06,5.62609841e-07,0.212222785,0.0078125
2,183,1,4,2.65103404e-06,3.11033517e-07,0.117325358,0.0078125
2,183,1,5,2.65103404e-06,1.72561087e-07,0.0650919899,0.0078125
2,183,1,6,2.65103404e-06,9.57455271e-08,0.0361162946,0.0078125
2,183,1,7,2.65103404e-06,5.54161446e-08,0.0209035967,0.0078125
2,183,1,8,2.65103404e-06,3.33983223e-08,0.0125982249,0.0078125
2,183,1,9,2.65103404e-06,1.9324716e-08,0.00728950137,0.0078125
2,184,1,0,2.55083978e-06,1.36332994e-06,0.534463167,0.0078125
2,184,1,1,2.55083978e-06,1.04059654e-06,0.407942742,0.0078125
2,184,1,2,2.55083978e-06,8.22539391e-07,0.322458267,0.0078125
2,184,1,3,2.55083978e-06,5.71617988e-07,0.224090114,0.0078125
2,184,1,4,2.55083978e-06,3.1836106e-07,0.124806374,0.0078125
2,184,1,5,2.55083978e-06,1.77308948e-07,0.0695100278,0.0078125
2,184,1,6,2.55083978e-06,9.80167769e-08,0.0384252965,0.0078125
2,184,1,7,2.55083978e-06,5.64918849e-08,0.022146387,0.0078125
2,184,1,8,2.55083978e-06,3.40893962e-08,0.01336399,0.0078125
2,184,1,9,2.55083978e-06,1.97084091e-08,0.00772624323,0.0078125
2,185,1,0,2.59864373e-06,1.54270242e-06,0.593656778,0.0078125
2,185,1,1,2.59864373e-06,1.19372339e-06,0.459363997,0.0078125
2,185,1,2,2.59864373e-06,8.92838329e-07,0.343578577,0.0078125
2,185,1,3,2.59864373e-06,5.86372607e-07,0.225645632,0.0078125
2,185,1,4,2.59864373e-06,3.22036556e-07,0.123924859,0.0078125
2,185,1,5,2.59864373e-06,1.8577326e-07,0.0714885443,0.0078125
2,185,1,6,2.59864373e-06,1.03212322e-07,0.0397177637,0.0078125
2,185,1,7,2.59864373e-06,6.09155961e-08,0.0234413035,0.0078125
2,185,1,8,2.59864373e-06,3.71078244e-08,0.0142796887,0.0078125
2,185,1,9,2.59864373e-06,2.18578808e-08,0.00841126498,0.0078125
2,186,1,0,2.58334535e-06,1.4409718e-06,0.557792962,0.0078125
2,186,1,1,2.58334535e-06,1.08471284e-06,0.419886887,0.0078125
2,186,1,2,2.58334535e-06,8.38776486e-07,0.32468617,0.0078125
2,186,1,3,2.58334535e-06,5.72587282e-07,0.221645653,0.0078125
2,186,1,4,2.58334535e-06,3.1616338e-07,0.122385256,0.0078125
2,186,1,5,2.58334535e-06,1.80873428e-07,0.070015192,0.0078125
2,186,1,6,2.58334535e-06,9.945974e-08,0.0385003649,0.0078125
2,186,1,7,2.58334535e-06,5.74974699e-08,0.0222569816,0.0078125
2,186,1,8,2.58334535e-06,3.60815946e-08,0.0139670037,0.0078125
2,186,1,9,2.58334535e-06,2.13600053e-08,0.00826835074,0.0078125
2,187,1,0,2.67129803e-06,1.45122226e-06,0.543264806,0.0078125
2,187,1,1,2.67129803e-06,1.10015208e-06,0.41184175,0.0078125
2,187,1,2,2.67129803e-06,8.606047e-07,0.322167248,0.0078125
2,187,1,3,2.67129803e-06,5.87582576e-07,0.21996145,0.0078125
2,187,1,4,2.67129803e-06,3.26436435e-07,0.122201428,0.0078125
2,187,1,5,2.67129803e-06,1.84079838e-07,0.068910256,0.0078125
2,187,1,6,2.67129803e-06,9.99046108e-08,0.0373992771,0.0078125
2,187,1,7,2.67129803e-06,5.6257921e-08,0.0210601445,0.0078125
2,187,1,8,2.67129803e-06,3.51454972e-08,0.0131567111,0.0078125
2,187,1,9,2.67129803e-06,2.0438085e-08,0.00765099376,0.0078125
2,188,1,0,2.70705596e-06,1.50832273e-06,0.557181954,0.0078125
2,188,1,1,2.70705596e-06,1.09283633e-06,0.403699189,0.0078125
2,188,1,2,2.70705596e-06,8.21955325e-07,0.303634405,0.0078125
2,188,1,3,2.70705596e-06,5.7379259e-07,0.211961851,0.0078125
2,188,1,4,2.70705596e-06,3.11699921e-07,0.115143508,0.0078125
2,188,1,5,2.70705596e-06,1.74559943e-07,0.0644833148,0.0078125
2,188,1,6,2.70705596e-06,9.68412621e-08,0.0357736461,0.0078125
2,188,1,7,2.70705596e-06,5.68657299e-08,0.0210064854,0.0078125
2,188,1,8,2.70705596e-06,3.46901778e-08,0.0128147248,0.0078125
2,188,1,9,2.70705596e-06,2.03354151e-08,0.00751200411,0.0078125
2,189,1,0,2.61513219e-06,1.49673576e-06,0.572336555,0.0078125
2,189,1,1,2.61513219e-06,1.05911317e-06,0.40499413,0.0078125
2,189,1,2,2.61513219e-06,7.91487082e-07,0.302656621,0.0078125
2,189,1,3,2.61513219e-06,5.60861508e-07,0.214467749,0.0078125
2,189,1,4,2.61513219e-06,3.18836953e-07,0.121920012,0.0078125
2,189,1,5,2.61513219e-06,1.81078093e-07,0.0692424253,0.0078125
2,189,1,6,2.61513219e-06,9.93842804e-08,0.0380035415,0.0078125
2,189,1,7,2.61513219e-06,5.63945406e-08,0.0215646997,0.0078125
2,189,1,8,2.61513219e-06,3.54961855e-08,0.0135733811,0.0078125
2,189,1,9,2.61513219e-06,2.03054e-08,0.0077645788,0.0078125
2,190,1,0,2.70562305e-06,1.39207521e-06,0.514511883,0.0078125
2,190,1,1,2.70562305e-06,1.03602349e-06,0.382914931,0.0078125
2,190,1,2,2.70562305e-06,8.18405454e-07,0.302483171,0.0078125
2,190,1,3,2.70562305e-06,5.84182771e-07,0.215914324,0.0078125
2,190,1,4,2.70562305e-06,3.21399597e-07,0.118789494,0.0078125
2,190,1,5,2.70562305e-06,1.77169468e-07,0.0654819459,0.0078125
2,190,1,6,2.70562305e-06,9.81182424e-08,0.0362645648,0.0078125
2,190,1,7,2.70562305e-06,5.54983437e-08,0.0205122232,0.0078125
2,190,1,8,2.70562305e-06,3.43040512e-08,0.0126787992,0.0078125
2,190,1,9,2.70562305e-06,2.00645101e-08,0.00741585577,0.0078125
2,191,1,0,2.6559012e-06,1.46620152e-06,0.552054226,0.0078125
2,191,1,1,2.6559012e-06,1.06865036e-06,0.402368277,0.0078125
2,191,1,2,2.6559012e-06,8.19354966e-07,0.308503568,0.0078125
2,191,1,3,2.6559012e-06,5.74655076e-07,0.216369152,0.0078125
2,191,1,4,2.6559012e-06,3.12952409e-07,0.117832847,0.0078125
2,191,1,5,2.6559012e-06,1.77705317e-07,0.0669096112,0.0078125
2,191,1,6,2.6559012e-06,9.90089006e-08,0.0372788347,0.0078125
2,191,1,7,2.6559012e-06,5.86286966e-08,0.0220748782,0.0078125
2,191,1,8,2.6559012e-06,3.63988164e-08,0.0137048839,0.0078125
2,191,1,9,2.6559012e-06,2.08090505e-08,0.00783502404,0.0078125
2,192,1,0,2.68382973e-06,1.46570846e-06,0.54612571,0.0078125
2,192,1,1,2.68382973e-06,1.11685154e-06,0.416140974,0.0078125
2,192,1,2,2.68382973e-06,8.69509279e-07,0.323980778,0.0078125
2,192,1,3,2.68382973e-06,5.98554379e-07,0.223022491,0.0078125
2,192,1,4,2.68382973e-06,3.24641377e-07,0.120961986,0.0078125
2,192,1,5,2.68382973e-06,1.86484456e-07,0.0694844574,0.0078125
2,192,1,6,2.68382973e-06,1.03540046e-07,0.0385792144,0.0078125
2,192,1,7,2.68382973e-06,6.09125337e-08,0.0226961244,0.0078125
2,192,1,8,2.68382973e-06,3.69068545e-08,0.0137515636,0.0078125
2,192,1,9,2.68382973e-06,2.11485105e-08,0.00787997432,0.0078125
2,193,1,0,2.87442367e-06,1.5492094e-06,0.538963497,0.0078125
2,193,1,1,2.87442367e-06,1.1553285e-06,0.401933968,0.0078125
2,193,1,2,2.87442367e-06,8.70455779e-07,0.302827924,0.0078125
2,193,1,3,2.87442367e-06,5.81068832e-07,0.202151418,0.0078125
2,193,1,4,2.87442367e-06,3.16550228e-07,0.110126503,0.0078125
2,193,1,5,2.87442367e-06,1.77683901e-07,0.0618154891,0.0078125
2,193,1,6,2.87442367e-06,9.61783897e-08,0.033460062,0.0078125
2,193,1,7,2.87442367e-06,5.80309845e-08,0.0201887377,0.0078125
2,193,1,8,2.87442367e-06,3.54089487e-08,0.0123186251,0.0078125
2,193,1,9,2.87442367e-06,2.08098463e-08,0.00723965885,0.0078125
2,194,1,0,2.65178642e-06,1.48118647e-06,0.558561742,0.0078125
2,194,1,1,2.65178642e-06,1.08576842e-06,0.409447908,0.0078125
2,194,1,2,2.65178642e-06,8.25547488e-07,0.311317503,0.0078125
2,194,1,3,2.65178642e-06,5.65629534e-07,0.213301316,0.0078125
2,194,1,4,2.65178642e-06,3.09409131e-07,0.116679505,0.0078125
2,194,1,5,2.65178642e-06,1.7343956e-07,0.0654048026,0.0078125
2,194,1,6,2.65178642e-06,9.40586489e-08,0.0354699194,0.0078125
2,194,1,7,2.65178642e-06,5.55949029e-08,0.0209650751,0.0078125
2,194,1,8,2.65178642e-06,3.42448452e-08,0.0129138771,0.0078125
2,194,1,9,2.65178642e-06,1.97329744e-08,0.00744138891,0.0078125
2,195,1,0,2.48112747e-06,1.41085809e-06,0.568635881,0.0078125
2,195,1,1,2.48112747e-06,1.06918765e-06,0.430928141,0.0078125
2,195,1,2,2.48112747e-06,8.38491701e-07,0.337947845,0.0078125
2,195,1,3,2.48112747e-06,5.88638954e-07,0.237246558,0.0078125
2,195,1,4,2.48112747e-06,3.27766344e-07,0.132103786,0.0078125
2,195,1,5,2.48112747e-06,1.88285071e-07,0.0758868977,0.0078125
2,195,1,6,2.48112747e-06,9.98161624e-08,0.0402301624,0.0078125
2,195,1,7,2.48112747e-06,5.83505191e-08,0.0235177428,0.0078125
2,195,1,8,2.48112747e-06,3.54523735e-08,0.0142888157,0.0078125
2,195,1,9,2.48112747e-06,2.05778505e-08,0.00829374976,0.0078125
2,196,1,0,2.55783175e-06,1.43503382e-06,0.561035275,0.0078125
2,196,1,1,2.55783175e-06,1.10171197e-06,0.430721045,0.0078125
2,196,1,2,2.55783175e-06,8.55442977e-07,0.334440678,0.0078125
2,196,1,3,2.55783175e-06,5.86874421e-07,0.229442149,0.0078125
2,196,1,4,2.55783175e-06,3.30681701e-07,0.129282042,0.0078125
2,196,1,5,2.55783175e-06,1.85318243e-07,0.0724513009,0.0078125
2,196,1,6,2.55783175e-06,9.76530501e-08,0.0381780602,0.0078125
2,196,1,7,2.55783175e-06,5.74768322e-08,0.0224709194,0.0078125
2,196,1,8,2.55783175e-06,3.46761801e-08,0.013556865,0.0078125
2,196,1,9,2.55783175e-06,2.02439114e-08,0.00791448168,0.0078125
2,197,1,0,2.60357115e-06,1.48433912e-06,0.57011658,0.0078125
2,197,1,1,2.60357115e-06,1.11450174e-06,0.428066552,0.0078125
2,197,1,2,2.60357115e-06,8.51365996e-07,0.326999307,0.0078125
2,197,1,3,2.60357115e-06,5.9378857e-07,0.228066966,0.0078125
2,197,1,4,2.60357115e-06,3.33908218e-07,0.128250077,0.0078125
2,197,1,5,2.60357115e-06,1.86780795e-07,0.0717402324,0.0078125
2,197,1,6,2.60357115e-06,9.95546969e-08,0.0382377468,0.0078125
2,197,1,7,2.60357115e-06,5.77163917e-08,0.0221681632,0.0078125
2,197,1,8,2.60357115e-06,3.5096857e-08,0.0134802759,0.0078125
2,197,1,9,2.60357115e-06,1.98510541e-08,0.00762454839,0.0078125
2,198,1,0,2.70936357e-06,1.56946305e-06,0.579273701,0.0078125
2,198,1,1,2.70936357e-06,1.20161985e-06,0.4435063,0.0078125
2,198,1,2,2.70936357e-06,9.08838729e-07,0.335443616,0.0078125
2,198,1,3,2.70936357e-06,6.00812825e-07,0.221754223,0.0078125
2,198,1,4,2.70936357e-06,3.28870016e-07,0.121382758,0.0078125
2,198,1,5,2.70936357e-06,1.80892727e-07,0.0667657629,0.0078125
2,198,1,6,2.70936357e-06,9.6683813e-08,0.0356850624,0.0078125
2,198,1,7,2.70936357e-06,5.68840299e-08,0.0209953468,0.0078125
2,198,1,8,2.70936357e-06,3.43434614e-08,0.0126758404,0.0078125
2,198,1,9,2.70936357e-06,1.92023215e-08,0.0070873918,0.0078125
2,199,1,0,2.57793772e-06,1.54359441e-06,0.598771036,0.0078125
2,199,1,1,2.57793772e-06,1.15130285e-06,0.446598411,0.0078125
2,199,1,2,2.57793772e-06,8.70251142e-07,0.337576479,0.0078125
2,199,1,3,2.57793772e-06,5.7753283e-07,0.224029005,0.0078125
2,199,1,4,2.57793772e-06,3.21443594e-07,0.124690212,0.0078125
2,199,1,5,2.57793772e-06,1.791269e-07,0.0694845691,0.0078125
2,199,1,6,2.57793772e-06,9.64742313e-08,0.0374230258,0.0078125
2,199,1,7,2.57793772e-06,5.70439447e-08,0.0221277438,0.0078125
2,199,1,8,2.57793772e-06,3.48836799e-08,0.0135316225,0.0078125
2,199,1,9,2.57793772e-06,2.04152393e-08,0.00791921373,0.0078125
2,200,1,0,2.65427934e-06,1.50101437e-06,0.565507293,0.0078125
2,200,1,1,2.65427934e-06,1.12157841e-06,0.422554761,0.0078125
2,200,1,2,2.65427934e-06,8.49747266e-07,0.320142359,0.0078125
2,200,1,3,2.65427934e-06,5.78859328e-07,0.218085304,0.0078125
2,200,1,4,2.65427934e-06,3.22484709e-07,0.121496148,0.0078125
2,200,1,5,2.65427934e-06,1.8092824e-07,0.0681647286,0.0078125
2,200,1,6,2.65427934e-06,9.88393793e-08,0.0372377448,0.0078125
2,200,1,7,2.65427934e-06,5.82699684e-08,0.0219532158,0.0078125
2,200,1,8,2.65427934e-06,3.6643641e-08,0.0138054956,0.0078125
2,200,1,9,2.65427934e-06,2.1369976e-08,0.00805114023,0.0078125
2,201,1,0,2.57688021e-06,1.48017148e-06,0.574404478,0.0078125
2,201,1,1,2.57688021e-06,1.13459294e-06,0.440297127,0.0078125
2,201,1,2,2.57688021e-06,8.62393733e-07,0.334665835,0.0078125
2,201,1,3,2.57688021e-06,5.70667169e-07,0.221456617,0.0078125
2,201,1,4,2.57688021e-06,3.2143285e-07,0.124737211,0.0078125
2,201,1,5,2.57688021e-06,1.77195943e-07,0.0687637478,0.0078125
2,201,1,6,2.57688021e-06,9.84678579e-08,0.0382120423,0.0078125
2,201,1,7,2.57688021e-06,5.81377329e-08,0.0225612875,0.0078125
2,201,1,8,2.57688021e-06,3.57798946e-08,0.0138849663,0.0078125
2,201,1,9,2.57688021e-06,2.10466471e-08,0.00816749129,0.0078125
2,202,1,0,2.43057912e-06,1.36904612e-06,0.563259244,0.0078125
2,202,1,1,2.43057912e-06,1.03750119e-06,0.426853508,0.0078125
2,202,1,2,2.43057912e-06,7.83470341e-07,0.322338969,0.0078125
2,202,1,3,2.43057912e-06,5.5095154e-07,0.226675004,0.0078125
2,202,1,4,2.43057912e-06,3.17635113e-07,0.130682901,0.0078125
2,202,1,5,2.43057912e-06,1.74724889e-07,0.0718861148,0.0078125
2,202,1,6,2.43057912e-06,9.49712486e-08,0.0390735082,0.0078125
2,202,1,7,2.43057912e-06,5.64087195e-08,0.0232079346,0.0078125
2,202,1,8,2.43057912e-06,3.5058541e-08,0.0144239459,0.0078125
2,202,1,9,2.43057912e-06,2.09929674e-08,0.00863702316,0.0078125
2,203,1,0,2.42217993e-06,1.44969044e-06,0.59850651,0.0078125
2,203,1,1,2.42217993e-06,1.13636838e-06,0.469151109,0.0078125
2,203,1,2,2.42217993e-06,8.63548905e-07,0.356517255,0.0078125
2,203,1,3,2.42217993e-06,5.65330538e-07,0.233397409,0.0078125
2,203,1,4,2.42217993e-06,3.16951031e-07,0.130853623,0.0078125
2,203,1,5,2.42217993e-06,1.75311342e-07,0.0723775029,0.0078125
2,203,1,6,2.42217993e-06,9.62726219e-08,0.0397462733,0.0078125
2,203,1,7,2.42217993e-06,5.72017171e-08,0.0236157998,0.0078125
2,203,1,8,2.42217993e-06,3.54523451e-08,0.0146365445,0.0078125
2,203,1,9,2.42217993e-06,2.09417781e-08,0.00864583906,0.0078125
2,204,1,0,2.53869302e-06,1.40477266e-06,0.553344846,0.0078125
2,204,1,1,2.53869302e-06,1.06720017e-06,0.420373857,0.0078125
2,204,1,2,2.53869302e-06,8.18681713e-07,0.322481573,0.0078125
2,204,1,3,2.53869302e-06,5.43316219e-07,0.214014143,0.0078125
2,204,1,4,2.53869302e-06,3.13439472e-07,0.123464897,0.0078125
2,204,1,5,2.53869302e-06,1.7331746e-07,0.068270348,0.0078125
2,204,1,6,2.53869302e-06,9.4514327e-08,0.0372295231,0.0078125
2,204,1,7,2.53869302e-06,5.42526486e-08,0.0213703066,0.0078125
2,204,1,8,2.53869302e-06,3.38541533e-08,0.0133352689,0.0078125
2,204,1,9,2.53869302e-06,2.00294572e-08,0.00788967311,0.0078125
2,205,1,0,2.43206659e-06,1.42140914e-06,0.584445,0.0078125
2,205,1,1,2.43206659e-06,1.08323309e-06,0.445396155,0.0078125
2,205,1,2,2.43206659e-06,8.18334001e-07,0.336476803,0.0078125
2,205,1,3,2.43206659e-06,5.42123871e-07,0.222906679,0.0078125
2,205,1,4,2.43206659e-06,3.10834167e-07,0.127806604,0.0078125
2,205,1,5,2.43206659e-06,1.68770129e-07,0.0693937093,0.0078125
2,205,1,6,2.43206659e-06,9.27699588e-08,0.0381444991,0.0078125
2,205,1,7,2.43206659e-06,5.38049214e-08,0.0221231282,0.0078125
2,205,1,8,2.43206659e-06,3.31862111e-08,0.0136452727,0.0078125
2,205,1,9,2.43206659e-06,1.9955154e-08,0.00820501987,0.0078125
2,206,1,0,2.46631362e-06,1.4149557e-06,0.573712826,0.0078125
2,206,1,1,2.46631362e-06,1.06102243e-06,0.430205792,0.0078125
2,206,1,2,2.46631362e-06,7.97628275e-07,0.32340911,0.0078125
2,206,1,3,2.46631362e-06,5.38920062e-07,0.218512386,0.0078125
2,206,1,4,2.46631362e-06,3.08532947e-07,0.125098825,0.0078125
2,206,1,5,2.46631362e-06,1.71598643e-07,0.0695769787,0.0078125
2,206,1,6,2.46631362e-06,9.60753042e-08,0.0389550216,0.0078125
2,206,1,7,2.46631362e-06,5.61375479e-08,0.022761723,0.0078125
2,206,1,8,2.46631362e-06,3.55129224e-08,0.0143991914,0.0078125
2,206,1,9,2.46631362e-06,2.0991612e-08,0.00851133093,0.0078125
2,207,1,0,2.48179276e-06,1.41633006e-06,0.570688307,0.0078125
2,207,1,1,2.48179276e-06,1.08460517e-06,0.437024862,0.0078125
2,207,1,2,2.48179276e-06,8.29533917e-07,0.334247857,0.0078125
2,207,1,3,2.48179276e-06,5.39692849e-07,0.217460886,0.0078125
2,207,1,4,2.48179276e-06,3.08761031e-07,0.12441048,0.0078125
2,207,1,5,2.48179276e-06,1.71865238e-07,0.0692504421,0.0078125
2,207,1,6,2.48179276e-06,9.57782262e-08,0.0385923535,0.0078125
2,207,1,7,2.48179276e-06,5.69521603e-08,0.0229479913,0.0078125
2,207,1,8,2.48179276e-06,3.5566913e-08,0.0143311378,0.0078125
2,207,1,9,2.48179276e-06,2.10503099e-08,0.00848189648,0.0078125
2,208,1,0,2.2494246e-06,1.38163705e-06,0.614217997,0.0078125
2,208,1,1,2.2494246e-06,1.06016057e-06,0.471303016,0.0078125
2,208,1,2,2.2494246e-06,7.79332026e-07,0.346458405,0.0078125
2,208,1,3,2.2494246e-06,5.24937263e-07,0.233365133,0.0078125
2,208,1,4,2.2494246e-06,2.98425448e-07,0.132667467,0.0078125
2,208,1,5,2.2494246e-06,1.67147206e-07,0.0743066519,0.0078125
2,208,1,6,2.2494246e-06,9.18831731e-08,0.0408474132,0.0078125
2,208,1,7,2.2494246e-06,5.31487565e-08,0.0236277115,0.0078125
2,208,1,8,2.2494246e-06,3.37736594e-08,0.0150143551,0.0078125
2,208,1,9,2.2494246e-06,1.98197814e-08,0.00881104544,0.0078125
2,209,1,0,2.47765297e-06,1.46006857e-06,0.58929503,0.0078125
2,209,1,1,2.47765297e-06,1.12169585e-06,0.452725172,0.0078125
2,209,1,2,2.47765297e-06,8.26103872e-07,0.333421946,0.0078125
2,209,1,3,2.47765297e-06,5.42834357e-07,0.21909216,0.0078125
2,209,1,4,2.47765297e-06,3.08559009e-07,0.124536812,0.0078125
2,209,1,5,2.47765297e-06,1.75092708e-07,0.0706687793,0.0078125
2,209,1,6,2.47765297e-06,9.92133167e-08,0.0400432646,0.0078125
2,209,1,7,2.47765297e-06,5.91980438e-08,0.0238927901,0.0078125
2,209,1,8,2.47765297e-06,3.76382019e-08,0.0151910707,0.0078125
2,209,1,9,2.47765297e-06,2.16507683e-08,0.00873841811,0.0078125
2,210,1,0,2.46532136e-06,1.53932274e-06,0.624390304,0.0078125
2,210,1,1,2.46532136e-06,1.22156393e-06,0.495498866,0.0078125
2,210,1,2,2.46532136e-06,9.1618341e-07,0.371628404,0.0078125
2,210,1,3,2.46532136e-06,5.6392571e-07,0.228743285,0.0078125
2,210,1,4,2.46532136e-06,3.16372962e-07,0.128329292,0.0078125
2,210,1,5,2.46532136e-06,1.79141452e-07,0.072664544,0.0078125
2,210,1,6,2.46532136e-06,9.98863428e-08,0.040516559,0.0078125
2,210,1,7,2.46532136e-06,5.8292656e-08,0.0236450545,0.0078125
2,210,1,8,2.46532136e-06,3.7334452e-08,0.015143848,0.0078125
2,210,1,9,2.46532136e-06,2.12397318e-08,0.00861540064,0.0078125
2,211,1,0,2.54309293e-06,1.5061504e-06,0.59225142,0.0078125
2,211,1,1,2.54309293e-06,1.14780232e-06,0.451341093,0.0078125
2,211,1,2,2.54309293e-06,8.50015908e-07,0.334244937,0.0078125
2,211,1,3,2.54309293e-06,5.50016296e-07,0.216278493,0.0078125
2,211,1,4,2.54309293e-06,3.15097168e-07,0.123903126,0.0078125
2,211,1,5,2.54309293e-06,1.77992789e-07,0.0699906722,0.0078125
2,211,1,6,2.54309293e-06,9.99296788e-08,0.0392945446,0.0078125
2,211,1,7,2.54309293e-06,5.67776368e-08,0.0223262142,0.0078125
2,211,1,8,2.54309293e-06,3.62266555e-08,0.0142451171,0.0078125
2,211,1,9,2.54309293e-06,2.06882564e-08,0.00813507661,0.0078125
2,212,1,0,2.50943344e-06,1.51206984e-06,0.602554262,0.0078125
2,212,1,1,2.50943344e-06,1.14977615e-06,0.45818156,0.0078125
2,212,1,2,2.50943344e-06,8.64560491e-07,0.344524175,0.0078125
2,212,1,3,2.50943344e-06,5.57966359e-07,0.222347543,0.0078125
2,212,1,4,2.50943344e-06,3.15699481e-07,0.12580508,0.0078125
2,212,1,5,2.50943344e-06,1.80551183e-07,0.0719489828,0.0078125
2,212,1,6,2.50943344e-06,1.02245799e-07,0.0407445766,0.0078125
2,212,1,7,2.50943344e-06,5.97580154e-08,0.0238133501,0.0078125
2,212,1,8,2.50943344e-06,3.81520486e-08,0.0152034508,0.0078125
2,212,1,9,2.50943344e-06,2.16116902e-08,0.0086121792,0.0078125
2,213,1,0,2.6592445e-06,1.52091945e-06,0.571936667,0.0078125
2,213,1,1,2.6592445e-06,1.14101601e-06,0.429075241,0.0078125
2,213,1,2,2.6592445e-06,8.52785035e-07,0.320686966,0.0078125
2,213,1,3,2.6592445e-06,5.76872367e-07,0.216930926,0.0078125
2,213,1,4,2.6592445e-06,3.29229891e-07,0.123805799,0.0078125
2,213,1,5,2.6592445e-06,1.90191074e-07,0.071520716,0.0078125
2,213,1,6,2.6592445e-06,1.02696823e-07,0.0386187956,0.0078125
2,213,1,7,2.6592445e-06,5.87204383e-08,0.0220816247,0.0078125
2,213,1,8,2.6592445e-06,3.71084354e-08,0.0139545035,0.0078125
2,213,1,9,2.6592445e-06,2.16576961e-08,0.00814430416,0.0078125
2,214,1,0,2.82259725e-06,1.52112329e-06,0.538909078,0.0078125
2,214,1,1,2.82259725e-06,1.12179418e-06,0.397433311,0.0078125
2,214,1,2,2.82259725e-06,8.49106073e-07,0.300824374,0.0078125
2,214,1,3,2.82259725e-06,5.75276772e-07,0.203811139,0.0078125
2,214,1,4,2.82259725e-06,3.28778725e-07,0.116480917,0.0078125
2,214,1,5,2.82259725e-06,1.87242165e-07,0.0663368329,0.0078125
2,214,1,6,2.82259725e-06,1.04831429e-07,0.0371400602,0.0078125
2,214,1,7,2.82259725e-06,5.95428027e-08,0.0210950412,0.0078125
2,214,1,8,2.82259725e-06,3.69244084e-08,0.0130817136,0.0078125
2,214,1,9,2.82259725e-06,2.18255796e-08,0.00773244537,0.0078125
2,215,1,0,2.66037341e-06,1.48124252e-06,0.556779921,0.0078125
2,215,1,1,2.66037341e-06,1.09273196e-06,0.410743833,0.0078125
2,215,1,2,2.66037341e-06,8.52658388e-07,0.320503265,0.0078125
2,215,1,3,2.66037341e-06,5.74948444e-07,0.216115698,0.0078125
2,215,1,4,2.66037341e-06,3.18927988e-07,0.119880907,0.0078125
2,215,1,5,2.66037341e-06,1.86035791e-07,0.0699284524,0.0078125
2,215,1,6,2.66037341e-06,1.05069361e-07,0.0394942164,0.0078125
2,215,1,7,2.66037341e-06,5.86432094e-08,0.0220432244,0.0078125
2,215,1,8,2.66037341e-06,3.68869095e-08,0.0138653126,0.0078125
2,215,1,9,2.66037341e-06,2.17892193e-08,0.00819028635,0.0078125
2,216,1,0,2.74317676e-06,1.52835867e-06,0.557149172,0.0078125
2,216,1,1,2.74317676e-06,1.08870654e-06,0.396878004,0.0078125
2,216,1,2,2.74317676e-06,8.29688815e-07,0.302455455,0.0078125
2,216,1,3,2.74317676e-06,5.73269347e-07,0.208980098,0.0078125
2,216,1,4,2.74317676e-06,3.26905678e-07,0.119170472,0.0078125
2,216,1,5,2.74317676e-06,1.8627415e-07,0.0679045394,0.0078125
2,216,1,6,2.74317676e-06,1.06406802e-07,0.0387896262,0.0078125
2,216,1,7,2.74317676e-06,5.91033107e-08,0.0215455722,0.0078125
2,216,1,8,2.74317676e-06,3.74528781e-08,0.0136531042,0.0078125
2,216,1,9,2.74317676e-06,2.26090933e-08,0.00824193843,0.0078125
2,217,1,0,2.74257354e-06,1.4800238e-06,0.539647818,0.0078125
2,217,1,1,2.74257354e-06,1.04498201e-06,0.381022424,0.0078125
2,217,1,2,2.74257354e-06,7.97617076e-07,0.29082796,0.0078125
2,217,1,3,2.74257354e-06,5.46243996e-07,0.19917205,0.0078125
2,217,1,4,2.74257354e-06,3.13038754e-07,0.114140511,0.0078125
2,217,1,5,2.74257354e-06,1.79747289e-07,0.0655396432,0.0078125
2,217,1,6,2.74257354e-06,1.04038087e-07,0.0379344746,0.0078125
2,217,1,7,2.74257354e-06,5.76056358e-08,0.0210042261,0.0078125
2,217,1,8,2.74257354e-06,3.60418539e-08,0.0131416181,0.0078125
2,217,1,9,2.74257354e-06,2.13728324e-08,0.00779298414,0.0078125
2,218,1,0,2.71944555e-06,1.51251356e-06,0.55618453,0.0078125
2,218,1,1,2.71944555e-06,1.10006044e-06,0.404516459,0.0078125
2,218,1,2,2.71944555e-06,8.55459575e-07,0.314571321,0.0078125
2,218,1,3,2.71944555e-06,5.96634493e-07,0.219395638,0.0078125
2,218,1,4,2.71944555e-06,3.37798213e-07,0.124215841,0.0078125
2,218,1,5,2.71944555e-06,1.92602769e-07,0.0708242804,0.0078125
2,218,1,6,2.71944555e-06,1.10819549e-07,0.0407507867,0.0078125
2,218,1,7,2.71944555e-06,6.32733901e-08,0.0232670177,0.0078125
2,218,1,8,2.71944555e-06,3.95487731e-08,0.014542955,0.0078125
2,218,1,9,2.71944555e-06,2.3804267e-08,0.0087533528,0.0078125
2,219,1,0,2.80223503e-06,1.57396892e-06,0.561683416,0.0078125
2,219,1,1,2.80223503e-06,1.17084505e-06,0.417825431,0.0078125
2,219,1,2,2.80223503e-06,8.96696065e-07,0.319993168,0.0078125
2,219,1,3,2.80223503e-06,6.0388669e-07,0.2155018,0.0078125
2,219,1,4,2.80223503e-06,3.41418286e-07,0.121837847,0.0078125
2,219,1,5,2.80223503e-06,1.95753728e-07,0.069856286,0.0078125
2,219,1,6,2.80223503e-06,1.13872723e-07,0.0406363942,0.0078125
2,219,1,7,2.80223503e-06,6.44618865e-08,0.0230037402,0.0078125
2,219,1,8,2.80223503e-06,3.92424901e-08,0.0140039967,0.0078125
2,219,1,9,2.80223503e-06,2.33287842e-08,0.00832506362,0.0078125
2,220,1,0,2.89580544e-06,1.53274561e-06,0.529298544,0.0078125
2,220,1,1,2.89580544e-06,1.11850375e-06,0.386249632,0.0078125
2,220,1,2,2.89580544e-06,8.66913979e-07,0.299368858,0.0078125
2,220,1,3,2.89580544e-06,5.83885083e-07,0.201631323,0.0078125
2,220,1,4,2.89580544e-06,3.30721264e-07,0.114207007,0.0078125
2,220,1,5,2.89580544e-06,1.90305414e-07,0.0657176077,0.0078125
2,220,1,6,2.89580544e-06,1.1208148e-07,0.0387047678,0.0078125
2,220,1,7,2.89580544e-06,6.2121309e-08,0.0214521699,0.0078125
2,220,1,8,2.89580544e-06,3.83993637e-08,0.0132603394,0.0078125
2,220,1,9,2.89580544e-06,2.30770141e-08,0.00796911772,0.0078125
2,221,1,0,2.74947433e-06,1.54882139e-06,0.563315451,0.0078125
2,221,1,1,2.74947433e-06,1.12326859e-06,0.408539385,0.0078125
2,221,1,2,2.74947433e-06,8.58026908e-07,0.312069446,0.0078125
2,221,1,3,2.74947433e-06,5.65443315e-07,0.205655068,0.0078125
2,221,1,4,2.74947433e-06,3.2339716e-07,0.117621452,0.0078125
2,221,1,5,2.74947433e-06,1.84324406e-07,0.0670398697,0.0078125
2,221,1,6,2.74947433e-06,1.08666534e-07,0.039522659,0.0078125
2,221,1,7,2.74947433e-06,5.97811933e-08,0.0217427723,0.0078125
2,221,1,8,2.74947433e-06,3.69594808e-08,0.0134423804,0.0078125
2,221,1,9,2.74947433e-06,2.15370051e-08,0.00783313531,0.0078125
2,222,1,0,2.62366825e-06,1.48160234e-06,0.564706445,0.0078125
2,222,1,1,2.62366825e-06,1.09032158e-06,0.415571421,0.0078125
2,222,1,2,2.62366825e-06,8.34389425e-07,0.31802398,0.0078125
2,222,1,3,2.62366825e-06,5.55195641e-07,0.211610451,0.0078125
2,222,1,4,2.62366825e-06,3.21615175e-07,0.122582257,0.0078125
2,222,1,5,2.62366825e-06,1.84508963e-07,0.0703248084,0.0078125
2,222,1,6,2.62366825e-06,1.08010838e-07,0.0411678702,0.0078125
2,222,1,7,2.62366825e-06,6.00322636e-08,0.0228810422,0.0078125
2,222,1,8,2.62366825e-06,3.70057798e-08,0.0141045954,0.0078125
2,222,1,9,2.62366825e-06,2.12416449e-08,0.00809616223,0.0078125
2,223,1,0,2.5684476e-06,1.43485659e-06,0.558647394,0.0078125
2,223,1,1,2.5684476e-06,1.05366496e-06,0.410234153,0.0078125
2,223,1,2,2.5684476e-06,8.11907967e-07,0.316108435,0.0078125
2,223,1,3,2.5684476e-06,5.44749867e-07,0.21209304,0.0078125
2,223,1,4,2.5684476e-06,3.18187375e-07,0.123883151,0.0078125
2,223,1,5,2.5684476e-06,1.81060258e-07,0.0704940408,0.0078125
2,223,1,6,2.5684476e-06,1.05913394e-07,0.0412363447,0.0078125
2,223,1,7,2.5684476e-06,5.91685811e-08,0.0230367091,0.0078125
2,223,1,8,2.5684476e-06,3.6545277e-08,0.014228547,0.0078125
2,223,1,9,2.5684476e-06,2.15514646e-08,0.00839085225,0.0078125
2,224,1,0,2.64463301e-06,1.4182998e-06,0.536293626,0.0078125
2,224,1,1,2.64463301e-06,1.04788421e-06,0.396230489,0.0078125
2,224,1,2,2.64463301e-06,8.07477932e-07,0.305327028,0.0078125
2,224,1,3,2.64463301e-06,5.47585216e-07,0.207055271,0.0078125
2,224,1,4,2.64463301e-06,3.15588579e-07,0.11933171,0.0078125
2,224,1,5,2.64463301e-06,1.83283305e-07,0.0693038702,0.0078125
2,224,1,6,2.64463301e-06,1.06404876e-07,0.0402342677,0.0078125
2,224,1,7,2.64463301e-06,5.94530611e-08,0.0224806461,0.0078125
2,224,1,8,2.64463301e-06,3.68606692e-08,0.0139379147,0.0078125
2,224,1,9,2.64463301e-06,2.13302833e-08,0.00806549843,0.0078125
2,225,1,0,2.47186927e-06,1.42712122e-06,0.577344954,0.0078125
2,225,1,1,2.47186927e-06,1.07630694e-06,0.435422271,0.0078125
2,225,1,2,2.47186927e-06,8.09054086e-07,0.327304572,0.0078125
2,225,1,3,2.47186927e-06,5.2440663e-07,0.212149829,0.0078125
2,225,1,4,2.47186927e-06,2.99145029e-07,0.121019758,0.0078125
2,225,1,5,2.47186927e-06,1.71994785e-07,0.0695808604,0.0078125
2,225,1,6,2.47186927e-06,1.04012301e-07,0.0420783982,0.0078125
2,225,1,7,2.47186927e-06,5.77803299e-08,0.0233751554,0.0078125
2,225,1,8,2.47186927e-06,3.66330255e-08,0.0148199685,0.0078125
2,225,1,9,2.47186927e-06,2.07597477e-08,0.00839840062,0.0078125
2,226,1,0,2.50908579e-06,1.43579564e-06,0.572238564,0.0078125
2,226,1,1,2.50908579e-06,1.08581105e-06,0.432751656,0.0078125
2,226,1,2,2.50908579e-06,8.18279489e-07,0.326126546,0.0078125
2,226,1,3,2.50908579e-06,5.28072064e-07,0.210463926,0.0078125
2,226,1,4,2.50908579e-06,2.97435577e-07,0.118543409,0.0078125
2,226,1,5,2.50908579e-06,1.69948336e-07,0.0677331686,0.0078125
2,226,1,6,2.50908579e-06,1.01995312e-07,0.0406503901,0.0078125
2,226,1,7,2.50908579e-06,5.82316488e-08,0.0232083127,0.0078125
2,226,1,8,2.50908579e-06,3.59552281e-08,0.0143300118,0.0078125
2,226,1,9,2.50908579e-06,2.05835509e-08,0.00820360612,0.0078125
2,227,1,0,2.54941119e-06,1.51364554e-06,0.593723595,0.0078125
2,227,1,1,2.54941119e-06,1.16721208e-06,0.457835943,0.0078125
2,227,1,2,2.54941119e-06,8.93320191e-07,0.350402564,0.0078125
2,227,1,3,2.54941119e-06,5.72176077e-07,0.224434599,0.0078125
2,227,1,4,2.54941119e-06,3.20296039e-07,0.125635296,0.0078125
2,227,1,5,2.54941119e-06,1.83098919e-07,0.0718200803,0.0078125
2,227,1,6,2.54941119e-06,1.10169857e-07,0.0432138443,0.0078125
2,227,1,7,2.54941119e-06,6.2927171e-08,0.024683021,0.0078125
2,227,1,8,2.54941119e-06,3.97410993e-08,0.0155883441,0.0078125
2,227,1,9,2.54941119e-06,2.27681944e-08,0.00893076602,0.0078125
2,228,1,0,2.50944413e-06,1.50562869e-06,0.599984944,0.0078125
2,228,1,1,2.50944413e-06,1.14953377e-06,0.458083034,0.0078125
2,228,1,2,2.50944413e-06,8.69035091e-07,0.346305817,0.0078125
2,228,1,3,2.50944413e-06,5.50855816e-07,0.219513088,0.0078125
2,228,1,4,2.50944413e-06,3.07222905e-07,0.122426674,0.0078125
2,228,1,5,2.50944413e-06,1.71265228e-07,0.0682482719,0.0078125
2,228,1,6,2.50944413e-06,1.01369068e-07,0.0403950289,0.0078125
2,228,1,7,2.50944413e-06,5.65444225e-08,0.0225326493,0.0078125
2,228,1,8,2.50944413e-06,3.46188465e-08,0.0137954243,0.0078125
2,228,1,9,2.50944413e-06,2.03852775e-08,0.0081234239,0.0078125
2,229,1,0,2.5890979e-06,1.55014038e-06,0.598718345,0.0078125
2,229,1,1,2.5890979e-06,1.1333309e-06,0.437731951,0.0078125
2,229,1,2,2.5890979e-06,8.40555742e-07,0.324651986,0.0078125
2,229,1,3,2.5890979e-06,5.31492162e-07,0.205280825,0.0078125
2,229,1,4,2.5890979e-06,2.96911679e-07,0.114677653,0.0078125
2,229,1,5,2.5890979e-06,1.64841396e-07,0.0636674985,0.0078125
2,229,1,6,2.5890979e-06,9.97439145e-08,0.038524583,0.0078125
2,229,1,7,2.5890979e-06,5.35372209e-08,0.0206779446,0.0078125
2,229,1,8,2.5890979e-06,3.36679129e-08,0.0130037237,0.0078125
2,229,1,9,2.5890979e-06,1.97345962e-08,0.00762218982,0.0078125
2,230,1,0,2.67604491e-06,1.60789739e-06,0.600848436,0.0078125
2,230,1,1,2.67604491e-06,1.17360889e-06,0.438560992,0.0078125
2,230,1,2,2.67604491e-06,8.68412542e-07,0.324513435,0.0078125
2,230,1,3,2.67604491e-06,5.43824513e-07,0.203219503,0.0078125
2,230,1,4,2.67604491e-06,3.07217135e-07,0.114802681,0.0078125
2,230,1,5,2.67604491e-06,1.68577785e-07,0.0629951283,0.0078125
2,230,1,6,2.67604491e-06,1.00594569e-07,0.0375907645,0.0078125
2,230,1,7,2.67604491e-06,5.47818075e-08,0.0204711836,0.0078125
2,230,1,8,2.67604491e-06,3.38960895e-08,0.0126664871,0.0078125
2,230,1,9,2.67604491e-06,2.02205293e-08,0.00755612459,0.0078125
2,231,1,0,2.56605745e-06,1.63178015e-06,0.635909438,0.0078125
2,231,1,1,2.56605745e-06,1.22655013e-06,0.477990121,0.0078125
2,231,1,2,2.56605745e-06,8.96689244e-07,0.349442393,0.0078125
2,231,1,3,2.56605745e-06,5.51147593e-07,0.214783803,0.0078125
2,231,1,4,2.56605745e-06,3.06798796e-07,0.119560376,0.0078125
2,231,1,5,2.56605745e-06,1.65797914e-07,0.0646119267,0.0078125
2,231,1,6,2.56605745e-06,1.00043131e-07,0.0389870964,0.0078125
2,231,1,7,2.56605745e-06,5.41845679e-08,0.0211158823,0.0078125
2,231,1,8,2.56605745e-06,3.38377504e-08,0.013186669,0.0078125
2,231,1,9,2.56605745e-06,1.96877554e-08,0.00767237507,0.0078125
2,232,1,0,2.46845661e-06,1.52314817e-06,0.617044747,0.0078125
2,232,1,1,2.46845661e-06,1.13237081e-06,0.45873636,0.0078125
2,232,1,2,2.46845661e-06,8.55388123e-07,0.346527517,0.0078125
2,232,1,3,2.46845661e-06,5.5084223e-07,0.223152488,0.0078125
2,232,1,4,2.46845661e-06,3.14889775e-07,0.127565444,0.0078125
2,232,1,5,2.46845661e-06,1.75499324e-07,0.0710967854,0.0078125
2,232,1,6,2.46845661e-06,1.06076278e-07,0.0429727137,0.0078125
2,232,1,7,2.46845661e-06,5.8353006e-08,0.0236394703,0.0078125
2,232,1,8,2.46845661e-06,3.63904533e-08,0.0147421891,0.0078125
2,232,1,9,2.46845661e-06,2.10294644e-08,0.00851927605,0.0078125
2,233,1,0,2.64018763e-06,1.55889643e-06,0.590449095,0.0078125
2,233,1,1,2.64018763e-06,1.17078162e-06,0.443446368,0.0078125
2,233,1,2,2.64018763e-06,8.90210231e-07,0.337176889,0.0078125
2,233,1,3,2.64018763e-06,5.70661484e-07,0.216144294,0.0078125
2,233,1,4,2.64018763e-06,3.26759334e-07,0.12376368,0.0078125
2,233,1,5,2.64018763e-06,1.82422554e-07,0.0690945387,0.0078125
2,233,1,6,2.64018763e-06,1.08232094e-07,0.0409940928,0.0078125
2,233,1,7,2.64018763e-06,6.02691728e-08,0.0228276104,0.0078125
2,233,1,8,2.64018763e-06,3.72434883e-08,0.0141063789,0.0078125
2,233,1,9,2.64018763e-06,2.22077503e-08,0.00841142889,0.0078125
2,234,1,0,2.75938601e-06,1.54101986e-06,0.558464766,0.0078125
2,234,1,1,2.75938601e-06,1.1453651e-06,0.415079683,0.0078125
2,234,1,2,2.75938601e-06,8.6514018e-07,0.313526332,0.0078125
2,234,1,3,2.75938601e-06,5.6148707e-07,0.203482613,0.0078125
2,234,1,4,2.75938601e-06,3.19592971e-07,0.115820318,0.0078125
2,234,1,5,2.75938601e-06,1.77572574e-07,0.0643522069,0.0078125
2,234,1,6,2.75938601e-06,1.07530681e-07,0.0389690623,0.0078125
2,234,1,7,2.75938601e-06,5.99225132e-08,0.0217158869,0.0078125
2,234,1,8,2.75938601e-06,3.73976619e-08,0.013552892,0.0078125
2,234,1,9,2.75938601e-06,2.1868189e-08,0.0079250196,0.0078125
2,235,1,0,2.73952355e-06,1.53416715e-06,0.5600124,0.0078125
2,235,1,1,2.73952355e-06,1.12147359e-06,0.409368128,0.0078125
2,235,1,2,2.73952355e-06,8.45262775e-07,0.308543712,0.0078125
2,235,1,3,2.73952355e-06,5.54831786e-07,0.202528566,0.0078125
2,235,1,4,2.73952355e-06,3.30622271e-07,0.120686047,0.0078125
2,235,1,5,2.73952355e-06,1.87521124e-07,0.0684502721,0.0078125
2,235,1,6,2.73952355e-06,1.11974877e-07,0.0408738516,0.0078125
2,235,1,7,2.73952355e-06,6.17536102e-08,0.0225417335,0.0078125
2,235,1,8,2.73952355e-06,3.855736e-08,0.0140744764,0.0078125
2,235,1,9,2.73952355e-06,2.26798491e-08,0.0082787564,0.0078125
2,236,1,0,2.75152138e-06,1.48920776e-06,0.541230679,0.0078125
2,236,1,1,2.75152138e-06,1.06163338e-06,0.385835052,0.0078125
2,236,1,2,2.75152138e-06,8.17557861e-07,0.297129393,0.0078125
2,236,1,3,2.75152138e-06,5.46750755e-07,0.198708519,0.0078125
2,236,1,4,2.75152138e-06,3.21529313e-07,0.1168551,0.0078125
2,236,1,5,2.75152138e-06,1.80033652e-07,0.0654305816,0.0078125
2,236,1,6,2.75152138e-06,1.07378533e-07,0.0390251502,0.0078125
2,236,1,7,2.75152138e-06,5.92890004e-08,0.0215477161,0.0078125
2,236,1,8,2.75152138e-06,3.68204489e-08,0.0133818509,0.0078125
2,236,1,9,2.75152138e-06,2.20031993e-08,0.00799673889,0.0078125
2,237,1,0,2.88805973e-06,1.53279268e-06,0.53073442,0.0078125
2,237,1,1,2.88805973e-06,1.08716063e-06,0.376432866,0.0078125
2,237,1,2,2.88805973e-06,8.22209586e-07,0.284692734,0.0078125
2,237,1,3,2.88805973e-06,5.46173908e-07,0.189114481,0.0078125
2,237,1,4,2.88805973e-06,3.22568866e-07,0.111690514,0.0078125
2,237,1,5,2.88805973e-06,1.80035883e-07,0.0623380058,0.0078125
2,237,1,6,2.88805973e-06,1.07595469e-07,0.0372552797,0.0078125
2,237,1,7,2.88805973e-06,5.84822502e-08,0.0202496685,0.0078125
2,237,1,8,2.88805973e-06,3.675828e-08,0.0127276732,0.0078125
2,237,1,9,2.88805973e-06,2.14768416e-08,0.00743642589,0.0078125
2,238,1,0,2.59328658e-06,1.45687784e-06,0.561788201,0.0078125
2,238,1,1,2.59328658e-06,1.04993842e-06,0.404867858,0.0078125
2,238,1,2,2.59328658e-06,8.16846239e-07,0.314984947,0.0078125
2,238,1,3,2.59328658e-06,5.45919249e-07,0.210512504,0.0078125
2,238,1,4,2.59328658e-06,3.24625944e-07,0.12517935,0.0078125
2,238,1,5,2.59328658e-06,1.83877589e-07,0.0709052309,0.0078125
2,238,1,6,2.59328658e-06,1.10568749e-07,0.0426365323,0.0078125
2,238,1,7,2.59328658e-06,5.99245809e-08,0.0231075808,0.0078125
2,238,1,8,2.59328658e-06,3.67487267e-08,0.0141707156,0.0078125
2,238,1,9,2.59328658e-06,2.117749e-08,0.00816627406,0.0078125
2,239,1,0,2.80659719e-06,1.57951001e-06,0.562784731,0.0078125
2,239,1,1,2.80659719e-06,1.10532869e-06,0.393832326,0.0078125
2,239,1,2,2.80659719e-06,8.18617309e-07,0.291676104,0.0078125
2,239,1,3,2.80659719e-06,5.43082706e-07,0.193502188,0.0078125
2,239,1,4,2.80659719e-06,3.23887633e-07,0.115402251,0.0078125
2,239,1,5,2.80659719e-06,1.8228755e-07,0.0649496689,0.0078125
2,239,1,6,2.80659719e-06,1.10812941e-07,0.0394830219,0.0078125
2,239,1,7,2.80659719e-06,6.01603105e-08,0.0214353204,0.0078125
2,239,1,8,2.80659719e-06,3.7355953e-08,0.0133100515,0.0078125
2,239,1,9,2.80659719e-06,2.1065393e-08,0.00750567019,0.0078125
2,240,1,0,2.4280132e-06,1.45434876e-06,0.598987162,0.0078125
2,240,1,1,2.4280132e-06,1.06547043e-06,0.438823998,0.0078125
2,240,1,2,2.4280132e-06,8.01036435e-07,0.329914361,0.0078125
2,240,1,3,2.4280132e-06,5.34936021e-07,0.220318422,0.0078125
2,240,1,4,2.4280132e-06,3.19931701e-07,0.131766871,0.0078125
2,240,1,5,2.4280132e-06,1.76638324e-07,0.0727501512,0.0078125
2,240,1,6,2.4280132e-06,1.09121167e-07,0.0449425764,0.0078125
2,240,1,7,2.4280132e-06,6.0049409e-08,0.0247319117,0.0078125
2,240,1,8,2.4280132e-06,3.7675477e-08,0.0155169982,0.0078125
2,240,1,9,2.4280132e-06,2.14360423e-08,0.00882863533,0.0078125
2,241,1,0,2.71551653e-06,1.48114202e-06,0.545436561,0.0078125
2,241,1,1,2.71551653e-06,1.0825986e-06,0.398671329,0.0078125
2,241,1,2,2.71551653e-06,8.30668512e-07,0.305897057,0.0078125
2,241,1,3,2.71551653e-06,5.54345718e-07,0.204140067,0.0078125
2,241,1,4,2.71551653e-06,3.33024872e-07,0.122637764,0.0078125
2,241,1,5,2.71551653e-06,1.77133401e-07,0.0652300939,0.0078125
2,241,1,6,2.71551653e-06,1.07426168e-07,0.0395601243,0.0078125
2,241,1,7,2.71551653e-06,5.91604099e-08,0.021786062,0.0078125
2,241,1,8,2.71551653e-06,3.6678685e-08,0.0135070747,0.0078125
2,241,1,9,2.71551653e-06,2.10839488e-08,0.00776425004,0.0078125
2,242,1,0,2.64501364e-06,1.51587983e-06,0.573108494,0.0078125
2,242,1,1,2.64501364e-06,1.09574864e-06,0.414269567,0.0078125
2,242,1,2,2.64501364e-06,8.13520955e-07,0.307567775,0.0078125
2,242,1,3,2.64501364e-06,5.42229657e-07,0.205000699,0.0078125
2,242,1,4,2.64501364e-06,3.34807368e-07,0.126580581,0.0078125
2,242,1,5,2.64501364e-06,1.79882392e-07,0.0680081174,0.0078125
2,242,1,6,2.64501364e-06,1.08206386e-07,0.0409095772,0.0078125
2,242,1,7,2.64501364e-06,6.02231367e-08,0.0227685552,0.0078125
2,242,1,8,2.64501364e-06,3.86493149e-08,0.014612142,0.0078125
2,242,1,9,2.64501364e-06,2.27872139e-08,0.00861515943,0.0078125
2,243,1,0,2.6154662e-06,1.48197773e-06,0.566620886,0.0078125
2,243,1,1,2.6154662e-06,1.08329084e-06,0.414186507,0.0078125
2,243,1,2,2.6154662e-06,8.02836041e-07,0.306957155,0.0078125
2,243,1,3,2.6154662e-06,5.38820871e-07,0.206013322,0.0078125
2,243,1,4,2.6154662e-06,3.32903994e-07,0.127282858,0.0078125
2,243,1,5,2.6154662e-06,1.77061494e-07,0.0676978678,0.0078125
2,243,1,6,2.6154662e-06,1.07118964e-07,0.0409559719,0.0078125
2,243,1,7,2.6154662e-06,5.98240959e-08,0.0228732061,0.0078125
2,243,1,8,2.6154662e-06,3.81853091e-08,0.0145998094,0.0078125
2,243,1,9,2.6154662e-06,2.28999522e-08,0.00875559077,0.0078125
2,244,1,0,2.5668885e-06,1.40931354e-06,0.549035728,0.0078125
2,244,1,1,2.5668885e-06,1.04158619e-06,0.405777723,0.0078125
2,244,1,2,2.5668885e-06,8.08534935e-07,0.314986378,0.0078125
2,244,1,3,2.5668885e-06,5.40922713e-07,0.210730895,0.0078125
2,244,1,4,2.5668885e-06,3.26960844e-07,0.127376333,0.0078125
2,244,1,5,2.5668885e-06,1.7647865e-07,0.0687519759,0.0078125
2,244,1,6,2.5668885e-06,1.05940806e-07,0.0412720703,0.0078125
2,244,1,7,2.5668885e-06,5.92787046e-08,0.0230936036,0.0078125
2,244,1,8,2.5668885e-06,3.7170004e-08,0.0144805685,0.0078125
2,244,1,9,2.5668885e-06,2.26262831e-08,0.00881467294,0.0078125
2,245,1,0,2.69721386e-06,1.44162027e-06,0.534484982,0.0078125
2,245,1,1,2.69721386e-06,1.02032709e-06,0.378289282,0.0078125
2,245,1,2,2.69721386e-06,7.82368261e-07,0.290065348,0.0078125
2,245,1,3,2.69721386e-06,5.3099825e-07,0.196869165,0.0078125
2,245,1,4,2.69721386e-06,3.22960688e-07,0.119738631,0.0078125
2,245,1,5,2.69721386e-06,1.76975519e-07,0.0656141937,0.0078125
2,245,1,6,2.69721386e-06,1.02573949e-07,0.0380295962,0.0078125
2,245,1,7,2.69721386e-06,5.66505882e-08,0.021003373,0.0078125
2,245,1,8,2.69721386e-06,3.43212037e-08,0.0127246873,0.0078125
2,245,1,9,2.69721386e-06,2.07526334e-08,0.00769410003,0.0078125
2,246,1,0,2.59418744e-06,1.42360034e-06,0.548765421,0.0078125
2,246,1,1,2.59418744e-06,1.03718048e-06,0.39980939,0.0078125
2,246,1,2,2.59418744e-06,7.75228898e-07,0.298833042,0.0078125
2,246,1,3,2.59418744e-06,5.21571735e-07,0.201053992,0.0078125
2,246,1,4,2.59418744e-06,3.21547759e-07,0.123949319,0.0078125
2,246,1,5,2.59418744e-06,1.76743654e-07,0.0681306422,0.0078125
2,246,1,6,2.59418744e-06,1.02510569e-07,0.0395154841,0.0078125
2,246,1,7,2.59418744e-06,5.59811149e-08,0.0215794407,0.0078125
2,246,1,8,2.59418744e-06,3.3776427e-08,0.0130200414,0.0078125
2,246,1,9,2.59418744e-06,1.98012167e-08,0.00763291679,0.0078125
2,247,1,0,2.81444386e-06,1.60307832e-06,0.569589734,0.0078125
2,247,1,1,2.81444386e-06,1.14819773e-06,0.407966107,0.0078125
2,247,1,2,2.81444386e-06,8.70378187e-07,0.30925405,0.0078125
2,247,1,3,2.81444386e-06,5.81233849e-07,0.206518188,0.0078125
2,247,1,4,2.81444386e-06,3.489275e-07,0.123977423,0.0078125
2,247,1,5,2.81444386e-06,1.91894699e-07,0.0681821033,0.0078125
2,247,1,6,2.81444386e-06,1.10528035e-07,0.0392717123,0.0078125
2,247,1,7,2.81444386e-06,6.04366761e-08,0.0214737542,0.0078125
2,247,1,8,2.81444386e-06,3.62928461e-08,0.0128952106,0.0078125
2,247,1,9,2.81444386e-06,2.11122142e-08,0.00750138052,0.0078125
2,248,1,0,2.67984228e-06,1.55114071e-06,0.578817904,0.0078125
2,248,1,1,2.67984228e-06,1.1246002e-06,0.419651628,0.0078125
2,248,1,2,2.67984228e-06,8.6344852e-07,0.322201252,0.0078125
2,248,1,3,2.67984228e-06,5.76886691e-07,0.215268895,0.0078125
2,248,1,4,2.67984228e-06,3.43376144e-07,0.128132969,0.0078125
2,248,1,5,2.67984228e-06,1.86713777e-07,0.069673419,0.0078125
2,248,1,6,2.67984228e-06,1.06268921e-07,0.0396549143,0.0078125
2,248,1,7,2.67984228e-06,5.86931854e-08,0.0219017304,0.0078125
2,248,1,8,2.67984228e-06,3.50959475e-08,0.0130962739,0.0078125
2,248,1,9,2.67984228e-06,1.99101677e-08,0.00742960442,0.0078125
2,249,1,0,2.79000938e-06,1.63794493e-06,0.587075055,0.0078125
2,249,1,1,2.79000938e-06,1.18051855e-06,0.423123509,0.0078125
2,249,1,2,2.79000938e-06,9.08365223e-07,0.325577825,0.0078125
2,249,1,3,2.79000938e-06,6.05507978e-07,0.217027217,0.0078125
2,249,1,4,2.79000938e-06,3.63503744e-07,0.130287647,0.0078125
2,249,1,5,2.79000938e-06,1.93239671e-07,0.0692612976,0.0078125
2,249,1,6,2.79000938e-06,1.10999231e-07,0.0397845358,0.0078125
2,249,1,7,2.79000938e-06,6.05816339e-08,0.0217137747,0.0078125
2,249,1,8,2.79000938e-06,3.61139456e-08,0.0129440231,0.0078125
2,249,1,9,2.79000938e-06,2.03076524e-08,0.00727870408,0.0078125
2,250,1,0,2.8817949e-06,1.51823929e-06,0.526838064,0.0078125
2,250,1,1,2.8817949e-06,1.10854444e-06,0.384671539,0.0078125
2,250,1,2,2.8817949e-06,8.79490756e-07,0.305188537,0.0078125
2,250,1,3,2.8817949e-06,6.09203823e-07,0.21139735,0.0078125
2,250,1,4,2.8817949e-06,3.67039434e-07,0.127364874,0.0078125
2,250,1,5,2.8817949e-06,1.99306228e-07,0.0691604465,0.0078125
2,250,1,6,2.8817949e-06,1.14041619e-07,0.0395731218,0.0078125
2,250,1,7,2.8817949e-06,6.33350226e-08,0.0219776295,0.0078125
2,250,1,8,2.8817949e-06,3.80705671e-08,0.0132107139,0.0078125
2,250,1,9,2.8817949e-06,2.19373444e-08,0.00761238905,0.0078125
2,251,1,0,2.76920923e-06,1.56994929e-06,0.566930532,0.0078125
2,251,1,1,2.76920923e-06,1.13502233e-06,0.409872353,0.0078125
2,251,1,2,2.76920923e-06,8.85553845e-07,0.319785833,0.0078125
2,251,1,3,2.76920923e-06,6.03864066e-07,0.218063727,0.0078125
2,251,1,4,2.76920923e-06,3.59008027e-07,0.129642799,0.0078125
2,251,1,5,2.76920923e-06,1.93730941e-07,0.0699589401,0.0078125
2,251,1,6,2.76920923e-06,1.09764471e-07,0.0396374799,0.0078125
2,251,1,7,2.76920923e-06,6.24432062e-08,0.0225491114,0.0078125
2,251,1,8,2.76920923e-06,3.73371911e-08,0.0134829795,0.0078125
2,251,1,9,2.76920923e-06,2.17811973e-08,0.00786549319,0.0078125
2,252,1,0,2.72241505e-06,1.54913948e-06,0.569031358,0.0078125
2,252,1,1,2.72241505e-06,1.13567e-06,0.417155355,0.0078125
2,252,1,2,2.72241505e-06,9.05328193e-07,0.332545996,0.0078125
2,252,1,3,2.72241505e-06,6.14180237e-07,0.225601256,0.0078125
2,252,1,4,2.72241505e-06,3.65919107e-07,0.134409741,0.0078125
2,252,1,5,2.72241505e-06,1.94797337e-07,0.0715531409,0.0078125
2,252,1,6,2.72241505e-06,1.14004109e-07,0.0418760926,0.0078125
2,252,1,7,2.72241505e-06,6.50441834e-08,0.0238920897,0.0078125
2,252,1,8,2.72241505e-06,3.89997439e-08,0.0143254222,0.0078125
2,252,1,9,2.72241505e-06,2.30592843e-08,0.00847015716,0.0078125
2,253,1,0,2.54342126e-06,1.52193115e-06,0.598379493,0.0078125
2,253,1,1,2.54342126e-06,1.16358058e-06,0.457486391,0.0078125
2,253,1,2,2.54342126e-06,9.23466473e-07,0.363080412,0.0078125
2,253,1,3,2.54342126e-06,6.14612873e-07,0.241648078,0.0078125
2,253,1,4,2.54342126e-06,3.66925121e-07,0.144264385,0.0078125
2,253,1,5,2.54342126e-06,1.94753312e-07,0.0765713975,0.0078125
2,253,1,6,2.54342126e-06,1.14415073e-07,0.0449847132,0.0078125
2,253,1,7,2.54342126e-06,6.56893846e-08,0.025827175,0.0078125
2,253,1,8,2.54342126e-06,3.96188717e-08,0.0155769996,0.0078125
2,253,1,9,2.54342126e-06,2.32299637e-08,0.0091333529,0.0078125
2,254,1,0,2.72482998e-06,1.60441562e-06,0.588813126,0.0078125
2,254,1,1,2.72482998e-06,1.16963145e-06,0.429249316,0.0078125
2,254,1,2,2.72482998e-06,9.12152871e-07,0.334755898,0.0078125
2,254,1,3,2.72482998e-06,5.99412999e-07,0.219981804,0.0078125
2,254,1,4,2.72482998e-06,3.61154662e-07,0.132542089,0.0078125
2,254,1,5,2.72482998e-06,1.97803971e-07,0.0725931451,0.0078125
2,254,1,6,2.72482998e-06,1.14832496e-07,0.0421429947,0.0078125
2,254,1,7,2.72482998e-06,6.70079743e-08,0.0245916173,0.0078125
2,254,1,8,2.72482998e-06,4.02792537e-08,0.0147823002,0.0078125
2,254,1,9,2.72482998e-06,2.43317828e-08,0.00892965216,0.0078125
2,255,1,0,2.81064717e-06,1.67031715e-06,0.594282031,0.0078125
2,255,1,1,2.81064717e-06,1.19605238e-06,0.425543398,0.0078125
2,255,1,2,2.81064717e-06,9.20936145e-07,0.327659816,0.0078125
2,255,1,3,2.81064717e-06,5.91014782e-07,0.21027711,0.0078125
2,255,1,4,2.81064717e-06,3.56883049e-07,0.126975402,0.0078125
2,255,1,5,2.81064717e-06,1.92928141e-07,0.0686418936,0.0078125
2,255,1,6,2.81064717e-06,1.14132689e-07,0.0406072624,0.0078125
2,255,1,7,2.81064717e-06,6.61825794e-08,0.0235470962,0.0078125
2,255,1,8,2.81064717e-06,4.05080982e-08,0.0144123742,0.0078125
2,255,1,9,2.81064717e-06,2.43467699e-08,0.00866233557,0.0078125
3,0,1,0,2.89647619e-06,1.65192989e-06,0.570324004,0.0078125
3,0,1,1,2.89647619e-06,1.17784998e-06,0.406649292,0.0078125
3,0,1,2,2.89647619e-06,9.16781289e-07,0.316516072,0.0078125
3,0,1,3,2.89647619e-06,5.97293877e-07,0.206213981,0.0078125
3,0,1,4,2.89647619e-06,3.5688609e-07,0.123213887,0.0078125
3,0,1,5,2.89647619e-06,1.88990526e-07,0.0652484298,0.0078125
3,0,1,6,2.89647619e-06,1.11441629e-07,0.0384748988,0.0078125
3,0,1,7,2.89647619e-06,6.58404957e-08,0.0227312408,0.0078125
3,0,1,8,2.89647619e-06,3.96168858e-08,0.0136776147,0.0078125
3,0,1,9,2.89647619e-06,2.32452955e-08,0.00802537054,0.0078125
3,1,1,0,2.819359e-06,1.65299798e-06,0.586302757,0.0078125
3,1,1,1,2.819359e-06,1.20626351e-06,0.427850276,0.0078125
3,1,1,2,2.819359e-06,9.33903038e-07,0.331246585,0.0078125
3,1,1,3,2.819359e-06,5.96604366e-07,0.21160993,0.0078125
3,1,1,4,2.819359e-06,3.5634713e-07,0.126392961,0.0078125
3,1,1,5,2.819359e-06,1.91586253e-07,0.0679538324,0.0078125
3,1,1,6,2.819359e-06,1.12903045e-07,0.0400456451,0.0078125
3,1,1,7,2.819359e-06,6.71895748e-08,0.0238315072,0.0078125
3,1,1,8,2.819359e-06,4.03793869e-08,0.0143221868,0.0078125
3,1,1,9,2.819359e-06,2.34666206e-08,0.00832338817,0.0078125
3,2,1,0,2.84347379e-06,1.67597022e-06,0.589409411,0.0078125
3,2,1,1,2.84347379e-06,1.20949892e-06,0.425359607,0.0078125
3,2,1,2,2.84347379e-06,9.21174092e-07,0.323960811,0.0078125
3,2,1,3,2.84347379e-06,5.84768486e-07,0.205652848,0.0078125
3,2,1,4,2.84347379e-06,3.58570276e-07,0.126102895,0.0078125
3,2,1,5,2.84347379e-06,1.91894415e-07,0.0674859062,0.0078125
3,2,1,6,2.84347379e-06,1.1646631e-07,0.0409591645,0.0078125
3,2,1,7,2.84347379e-06,6.81826009e-08,0.0239786282,0.0078125
3,2,1,8,2.84347379e-06,4.04251992e-08,0.0142168356,0.0078125
3,2,1,9,2.84347379e-06,2.32713528e-08,0.00818412751,0.0078125
3,3,1,0,2.8453378e-06,1.67108033e-06,0.587304711,0.0078125
3,3,1,1,2.8453378e-06,1.20499669e-06,0.423498631,0.0078125
3,3,1,2,2.8453378e-06,9.18194587e-07,0.322701424,0.0078125
3,3,1,3,2.8453378e-06,5.86396482e-07,0.206090286,0.0078125
3,3,1,4,2.8453378e-06,3.6575068e-07,0.128543854,0.0078125
3,3,1,5,2.8453378e-06,1.94446898e-07,0.0683387741,0.0078125
3,3,1,6,2.8453378e-06,1.16416274e-07,0.0409147479,0.0078125
3,3,1,7,2.8453378e-06,7.13769452e-08,0.0250855777,0.0078125
3,3,1,8,2.8453378e-06,4.31348717e-08,0.0151598416,0.0078125
3,3,1,9,2.8453378e-06,2.49472976e-08,0.00876778085,0.0078125
3,4,1,0,2.94342794e-06,1.67838914e-06,0.570215821,0.0078125
3,4,1,1,2.94342794e-06,1.26656528e-06,0.430302799,0.0078125
3,4,1,2,2.94342794e-06,9.6463009e-07,0.327723354,0.0078125
3,4,1,3,2.94342794e-06,6.04406296e-07,0.205340952,0.0078125
3,4,1,4,2.94342794e-06,3.72629955e-07,0.12659727,0.0078125
3,4,1,5,2.94342794e-06,1.99655787e-07,0.0678310394,0.0078125
3,4,1,6,2.94342794e-06,1.19631252e-07,0.0406435132,0.0078125
3,4,1,7,2.94342794e-06,7.22748723e-08,0.0245546605,0.0078125
3,4,1,8,2.94342794e-06,4.35275886e-08,0.0147880595,0.0078125
3,4,1,9,2.94342794e-06,2.53805101e-08,0.00862277299,0.0078125
3,5,1,0,2.68607573e-06,1.67803444e-06,0.624715984,0.0078125
3,5,1,1,2.68607573e-06,1.31275851e-06,0.488727301,0.0078125
3,5,1,2,2.68607573e-06,1.00240777e-06,0.373186707,0.0078125
3,5,1,3,2.68607573e-06,6.0710164e-07,0.226018071,0.0078125
3,5,1,4,2.68607573e-06,3.69846106e-07,0.137690127,0.0078125
3,5,1,5,2.68607573e-06,1.98625585e-07,0.0739463866,0.0078125
3,5,1,6,2.68607573e-06,1.17645143e-07,0.0437981486,0.0078125
3,5,1,7,2.68607573e-06,7.1704136e-08,0.026694756,0.0078125
3,5,1,8,2.68607573e-06,4.30174367e-08,0.0160149746,0.0078125
3,5,1,9,2.68607573e-06,2.53119286e-08,0.00942338631,0.0078125
3,6,1,0,2.83561917e-06,1.70343219e-06,0.600726724,0.0078125
3,6,1,1,2.83561917e-06,1.3401775e-06,0.472622544,0.0078125
3,6,1,2,2.83561917e-06,1.00931925e-06,0.355943173,0.0078125
3,6,1,3,2.83561917e-06,6.15031752e-07,0.216895044,0.0078125
3,6,1,4,2.83561917e-06,3.7546053e-07,0.132408664,0.0078125
3,6,1,5,2.83561917e-06,2.0434905e-07,0.0720650554,0.0078125
3,6,1,6,2.83561917e-06,1.18586719e-07,0.0418203957,0.0078125
3,6,1,7,2.83561917e-06,7.27331866e-08,0.0256498437,0.0078125
3,6,1,8,2.83561917e-06,4.39555699e-08,0.0155012244,0.0078125
3,6,1,9,2.83561917e-06,2.59308877e-08,0.00914470013,0.0078125
3,7,1,0,2.71405656e-06,1.68606277e-06,0.621233463,0.0078125
3,7,1,1,2.71405656e-06,1.34455809e-06,0.495405316,0.0078125
3,7,1,2,2.71405656e-06,1.02686624e-06,0.378351092,0.0078125
3,7,1,3,2.71405656e-06,6.04246452e-07,0.22263591,0.0078125
3,7,1,4,2.71405656e-06,3.73444237e-07,0.137596339,0.0078125
3,7,1,5,2.71405656e-06,1.97976547e-07,0.072944887,0.0078125
3,7,1,6,2.71405656e-06,1.15872929e-07,0.0426936299,0.0078125
3,7,1,7,2.71405656e-06,6.98701754e-08,0.025743816,0.0078125
3,7,1,8,2.71405656e-06,4.35063363e-08,0.0160300042,0.0078125
3,7,1,9,2.71405656e-06,2.5382823e-08,0.0093523562,0.0078125
3,8,1,0,2.69165389e-06,1.79571919e-06,0.667143404,0.0078125
3,8,1,1,2.69165389e-06,1.39494102e-06,0.51824683,0.0078125
3,8,1,2,2.69165389e-06,1.04728167e-06,0.389084816,0.0078125
3,8,1,3,2.69165389e-06,6.21788217e-07,0.231006011,0.0078125
3,8,1,4,2.69165389e-06,3.78342321e-07,0.140561283,0.0078125
3,8,1,5,2.69165389e-06,2.00369442e-07,0.0744410157,0.0078125
3,8,1,6,2.69165389e-06,1.16076443e-07,0.0431245789,0.0078125
3,8,1,7,2.69165389e-06,6.75689975e-08,0.0251031518,0.0078125
3,8,1,8,2.69165389e-06,4.10585699e-08,0.01525403,0.0078125
3,8,1,9,2.69165389e-06,2.3957444e-08,0.00890064053,0.0078125
3,9,1,0,2.63945185e-06,1.69751149e-06,0.643130302,0.0078125
3,9,1,1,2.63945185e-06,1.36792869e-06,0.518262386,0.0078125
3,9,1,2,2.63945185e-06,1.01051705e-06,0.382851094,0.0078125
3,9,1,3,2.63945185e-06,6.15492866e-07,0.233189657,0.0078125
3,9,1,4,2.63945185e-06,3.73085498e-07,0.141349614,0.0078125
3,9,1,5,2.63945185e-06,1.96578497e-07,0.0744770169,0.0078125
3,9,1,6,2.63945185e-06,1.10126066e-07,0.0417230837,0.0078125
3,9,1,7,2.63945185e-06,6.5650589e-08,0.0248728115,0.0078125
3,9,1,8,2.63945185e-06,3.98468458e-08,0.0150966365,0.0078125
3,9,1,9,2.63945185e-06,2.41492124e-08,0.00914932881,0.0078125
3,10,1,0,2.7445044e-06,1.71366685e-06,0.624399364,0.0078125
3,10,1,1,2.7445044e-06,1.35946732e-06,0.495341629,0.0078125
3,10,1,2,2.7445044e-06,1.04702019e-06,0.381496996,0.0078125
3,10,1,3,2.7445044e-06,6.29953377e-07,0.229532659,0.0078125
3,10,1,4,2.7445044e-06,3.70406127e-07,0.134962842,0.0078125
3,10,1,5,2.7445044e-06,1.9619425e-07,0.0714862198,0.0078125
3,10,1,6,2.7445044e-06,1.11671994e-07,0.0406893119,0.0078125
3,10,1,7,2.7445044e-06,6.73001495e-08,0.0245217867,0.0078125
3,10,1,8,2.7445044e-06,4.10029344e-08,0.0149400141,0.0078125
3,10,1,9,2.7445044e-06,2.4559661e-08,0.00894866884,0.0078125
3,11,1,0,2.70254623e-06,1.70587657e-06,0.631210864,0.0078125
3,11,1,1,2.70254623e-06,1.33052049e-06,0.492321074,0.0078125
3,11,1,2,2.70254623e-06,1.02335696e-06,0.378663987,0.0078125
3,11,1,3,2.70254623e-06,6.19673415e-07,0.229292437,0.0078125
3,11,1,4,2.70254623e-06,3.682471e-07,0.136259317,0.0078125
3,11,1,5,2.70254623e-06,1.93486855e-07,0.071594283,0.0078125
3,11,1,6,2.70254623e-06,1.09282958e-07,0.0404370353,0.0078125
3,11,1,7,2.70254623e-06,6.55072725e-08,0.0242390949,0.0078125
3,11,1,8,2.70254623e-06,4.05309635e-08,0.0149973249,0.0078125
3,11,1,9,2.70254623e-06,2.46089762e-08,0.00910584815,0.0078125
3,12,1,0,2.72296825e-06,1.7328864e-06,0.63639611,0.0078125
3,12,1,1,2.72296825e-06,1.30326157e-06,0.478617996,0.0078125
3,12,1,2,2.72296825e-06,9.87550266e-07,0.362674177,0.0078125
3,12,1,3,2.72296825e-06,6.05389005e-07,0.222326875,0.0078125
3,12,1,4,2.72296825e-06,3.58238452e-07,0.131561741,0.0078125
3,12,1,5,2.72296825e-06,1.93359895e-07,0.0710107088,0.0078125
3,12,1,6,2.72296825e-06,1.0773298e-07,0.0395645387,0.0078125
3,12,1,7,2.72296825e-06,6.33627124e-08,0.0232697222,0.0078125
3,12,1,8,2.72296825e-06,3.94906863e-08,0.0145028085,0.0078125
3,12,1,9,2.72296825e-06,2.42844447e-08,0.00891837198,0.0078125
3,13,1,0,2.72604711e-06,1.69645409e-06,0.622312844,0.0078125
3,13,1,1,2.72604711e-06,1.28854981e-06,0.472680688,0.0078125
3,13,1,2,2.72604711e-06,9.90191779e-07,0.363233566,0.0078125
3,13,1,3,2.72604711e-06,6.18657225e-07,0.226942971,0.0078125
3,13,1,4,2.72604711e-06,3.58863815e-07,0.131642565,0.0078125
3,13,1,5,2.72604711e-06,1.93848749e-07,0.0711098313,0.0078125
3,13,1,6,2.72604711e-06,1.07309006e-07,0.0393643267,0.0078125
3,13,1,7,2.72604711e-06,6.22202592e-08,0.0228243526,0.0078125
3,13,1,8,2.72604711e-06,3.81517182e-08,0.0139952525,0.0078125
3,13,1,9,2.72604711e-06,2.29136514e-08,0.0084054498,0.0078125
3,14,1,0,2.99410522e-06,1.73524836e-06,0.579554915,0.0078125
3,14,1,1,2.99410522e-06,1.29923137e-06,0.433929771,0.0078125
3,14,1,2,2.99410522e-06,1.01592354e-06,0.339307904,0.0078125
3,14,1,3,2.99410522e-06,6.30093325e-07,0.210444614,0.0078125
3,14,1,4,2.99410522e-06,3.65637533e-07,0.122119136,0.0078125
3,14,1,5,2.99410522e-06,1.95772984e-07,0.0653861389,0.0078125
3,14,1,6,2.99410522e-06,1.04994534e-07,0.0350670815,0.0078125
3,14,1,7,2.99410522e-06,6.05365997e-08,0.020218594,0.0078125
3,14,1,8,2.99410522e-06,3.75354148e-08,0.0125364382,0.0078125
3,14,1,9,2.99410522e-06,2.24484769e-08,0.0074975579,0.0078125
3,15,1,0,2.78367679e-06,1.7194028e-06,0.617673278,0.0078125
3,15,1,1,2.78367679e-06,1.31511467e-06,0.472437978,0.0078125
3,15,1,2,2.78367679e-06,1.01741216e-06,0.365492195,0.0078125
3,15,1,3,2.78367679e-06,6.30641921e-07,0.226549983,0.0078125
3,15,1,4,2.78367679e-06,3.68033881e-07,0.132211432,0.0078125
3,15,1,5,2.78367679e-06,2.01768614e-07,0.0724827722,0.0078125
3,15,1,6,2.78367679e-06,1.09429195e-07,0.039311029,0.0078125
3,15,1,7,2.78367679e-06,6.4704885e-08,0.0232443959,0.0078125
3,15,1,8,2.78367679e-06,4.05684304e-08,0.0145736858,0.0078125
3,15,1,9,2.78367679e-06,2.41410518e-08,0.00867236126,0.0078125
3,16,1,0,2.94109373e-06,1.81481573e-06,0.617054701,0.0078125
3,16,1,1,2.94109373e-06,1.35946163e-06,0.462229967,0.0078125
3,16,1,2,2.94109373e-06,1.0508378e-06,0.357294917,0.0078125
3,16,1,3,2.94109373e-06,6.50335892e-07,0.221120417,0.0078125
3,16,1,4,2.94109373e-06,3.75956432e-07,0.127828777,0.0078125
3,16,1,5,2.94109373e-06,2.07377298e-07,0.0705102682,0.0078125
3,16,1,6,2.94109373e-06,1.10061713e-07,0.0374220349,0.0078125
3,16,1,7,2.94109373e-06,6.53490346e-08,0.0222192965,0.0078125
3,16,1,8,2.94109373e-06,3.98946156e-08,0.0135645512,0.0078125
3,16,1,9,2.94109373e-06,2.32545574e-08,0.0079067722,0.0078125
3,17,1,0,2.93464905e-06,1.80094685e-06,0.613683879,0.0078125
3,17,1,1,2.93464905e-06,1.33923652e-06,0.456353217,0.0078125
3,17,1,2,2.93464905e-06,1.03568084e-06,0.352914721,0.0078125
3,17,1,3,2.93464905e-06,6.53787879e-07,0.222782299,0.0078125
3,17,1,4,2.93464905e-06,3.79462847e-07,0.129304335,0.0078125
3,17,1,5,2.93464905e-06,2.12655578e-07,0.0724637136,0.0078125
3,17,1,6,2.93464905e-06,1.18414171e-07,0.0403503701,0.0078125
3,17,1,7,2.93464905e-06,6.98599862e-08,0.0238052271,0.0078125
3,17,1,8,2.93464905e-06,4.35549872e-08,0.0148416338,0.0078125
3,17,1,9,2.93464905e-06,2.48343461e-08,0.00846245885,0.0078125
3,18,1,0,2.90312005e-06,1.76195545e-06,0.606917858,0.0078125
3,18,1,1,2.90312005e-06,1.32208311e-06,0.455400765,0.0078125
3,18,1,2,2.90312005e-06,1.00835064e-06,0.347333431,0.0078125
3,18,1,3,2.90312005e-06,6.46680746e-07,0.222753704,0.0078125
3,18,1,4,2.90312005e-06,3.8386122e-07,0.132223681,0.0078125
3,18,1,5,2.90312005e-06,2.08269654e-07,0.0717399418,0.0078125
3,18,1,6,2.90312005e-06,1.15859137e-07,0.0399084911,0.0078125
3,18,1,7,2.90312005e-06,6.8934618e-08,0.0237450115,0.0078125
3,18,1,8,2.90312005e-06,4.21228741e-08,0.0145095186,0.0078125
3,18,1,9,2.90312005e-06,2.40026559e-08,0.00826788228,0.0078125
3,19,1,0,2.74060744e-06,1.68411748e-06,0.614505172,0.0078125
3,19,1,1,2.74060744e-06,1.30374883e-06,0.47571528,0.0078125
3,19,1,2,2.74060744e-06,1.03151001e-06,0.376380056,0.0078125
3,19,1,3,2.74060744e-06,6.5269262e-07,0.238156185,0.0078125
3,19,1,4,2.74060744e-06,3.86457373e-07,0.141011581,0.0078125
3,19,1,5,2.74060744e-06,2.07900541e-07,0.0758592933,0.0078125
3,19,1,6,2.74060744e-06,1.13563956e-07,0.0414375141,0.0078125
3,19,1,7,2.74060744e-06,6.59449526e-08,0.024062166,0.0078125
3,19,1,8,2.74060744e-06,3.99803426e-08,0.0145881316,0.0078125
3,19,1,9,2.74060744e-06,2.33343531e-08,0.00851429999,0.0078125
3,20,1,0,2.80958989e-06,1.71087504e-06,0.608941197,0.0078125
3,20,1,1,2.80958989e-06,1.31331115e-06,0.467438728,0.0078125
3,20,1,2,2.80958989e-06,1.03070352e-06,0.366851956,0.0078125
3,20,1,3,2.80958989e-06,6.55854478e-07,0.233434245,0.0078125
3,20,1,4,2.80958989e-06,3.8279083e-07,0.136244386,0.0078125
3,20,1,5,2.80958989e-06,2.07973628e-07,0.0740227699,0.0078125
3,20,1,6,2.80958989e-06,1.15574935e-07,0.0411358736,0.0078125
3,20,1,7,2.80958989e-06,6.66675106e-08,0.0237285551,0.0078125
3,20,1,8,2.80958989e-06,4.05872278e-08,0.0144459615,0.0078125
3,20,1,9,2.80958989e-06,2.35023947e-08,0.00836506207,0.0078125
3,21,1,0,2.63283687e-06,1.64977666e-06,0.626615584,0.0078125
3,21,1,1,2.63283687e-06,1.31067225e-06,0.497817487,0.0078125
3,21,1,2,2.63283687e-06,1.04296998e-06,0.396139234,0.0078125
3,21,1,3,2.63283687e-06,6.70501606e-07,0.254668862,0.0078125
3,21,1,4,2.63283687e-06,3.84943178e-07,0.146208525,0.0078125
3,21,1,5,2.63283687e-06,2.05833175e-07,0.0781792328,0.0078125
3,21,1,6,2.63283687e-06,1.14136526e-07,0.0433511585,0.0078125
3,21,1,7,2.63283687e-06,6.58592825e-08,0.02501457,0.0078125
3,21,1,8,2.63283687e-06,4.07001934e-08,0.0154586844,0.0078125
3,21,1,9,2.63283687e-06,2.33133495e-08,0.00885483995,0.0078125
3,22,1,0,2.82677411e-06,1.62432991e-06,0.574623168,0.0078125
3,22,1,1,2.82677411e-06,1.25882343e-06,0.44532156,0.0078125
3,22,1,2,2.82677411e-06,1.00533885e-06,0.355648816,0.0078125
3,22,1,3,2.82677411e-06,6.55085785e-07,0.231743231,0.0078125
3,22,1,4,2.82677411e-06,3.89943096e-07,0.137946323,0.0078125
3,22,1,5,2.82677411e-06,2.12580588e-07,0.0752025396,0.0078125
3,22,1,6,2.82677411e-06,1.21002969e-07,0.0428060256,0.0078125
3,22,1,7,2.82677411e-06,7.06106249e-08,0.0249792244,0.0078125
3,22,1,8,2.82677411e-06,4.37529017e-08,0.0154780326,0.0078125
3,22,1,9,2.82677411e-06,2.45667149e-08,0.00869072415,0.0078125
3,23,1,0,2.70664236e-06,1.63058348e-06,0.602437735,0.0078125
3,23,1,1,2.70664236e-06,1.29161117e-06,0.477200538,0.0078125
3,23,1,2,2.70664236e-06,1.01387491e-06,0.374587685,0.0078125
3,23,1,3,2.70664236e-06,6.47364686e-07,0.239176288,0.0078125
3,23,1,4,2.70664236e-06,3.86574413e-07,0.142824337,0.0078125
3,23,1,5,2.70664236e-06,2.11320042e-07,0.0780746117,0.0078125
3,23,1,6,2.70664236e-06,1.1759942e-07,0.0434484519,0.0078125
3,23,1,7,2.70664236e-06,7.02901488e-08,0.0259694997,0.0078125
3,23,1,8,2.70664236e-06,4.38092869e-08,0.0161858425,0.0078125
3,23,1,9,2.70664236e-06,2.45814142e-08,0.00908188522,0.0078125
3,24,1,0,2.80868994e-06,1.68648489e-06,0.600452483,0.0078125
3,24,1,1,2.80868994e-06,1.32427272e-06,0.471491247,0.0078125
3,24,1,2,2.80868994e-06,1.03456671e-06,0.368344933,0.0078125
3,24,1,3,2.80868994e-06,6.63350193e-07,0.236177787,0.0078125
3,24,1,4,2.80868994e-06,3.90478789e-07,0.139025241,0.0078125
3,24,1,5,2.80868994e-06,2.15756458e-07,0.0768174678,0.0078125
3,24,1,6,2.80868994e-06,1.19885584e-07,0.04268381,0.0078125
3,24,1,7,2.80868994e-06,7.06932539e-08,0.0251694769,0.0078125
3,24,1,8,2.80868994e-06,4.3740414e-08,0.0155732436,0.0078125
3,24,1,9,2.80868994e-06,2.49341596e-08,0.00887750555,0.0078125
3,25,1,0,2.99767453e-06,1.74799538e-06,0.583117127,0.0078125
3,25,1,1,2.99767453e-06,1.3278609e-06,0.44296366,0.0078125
3,25,1,2,2.99767453e-06,1.00304408e-06,0.334607393,0.0078125
3,25,1,3,2.99767453e-06,6.54765813e-07,0.218424588,0.0078125
3,25,1,4,2.99767453e-06,3.84303718e-07,0.12820062,0.0078125
3,25,1,5,2.99767453e-06,2.18479201e-07,0.0728828982,0.0078125
3,25,1,6,2.99767453e-06,1.22333191e-07,0.0408093631,0.0078125
3,25,1,7,2.99767453e-06,7.13560766e-08,0.0238038097,0.0078125
3,25,1,8,2.99767453e-06,4.57134988e-08,0.0152496537,0.0078125
3,25,1,9,2.99767453e-06,2.59766377e-08,0.00866559613,0.0078125
3,26,1,0,2.8962902e-06,1.6616533e-06,0.573717833,0.0078125
3,26,1,1,2.8962902e-06,1.29754994e-06,0.448004127,0.0078125
3,26,1,2,2.8962902e-06,1.02162369e-06,0.352735251,0.0078125
3,26,1,3,2.8962902e-06,6.86283613e-07,0.236952648,0.0078125
3,26,1,4,2.8962902e-06,3.9886902e-07,0.137717217,0.0078125
3,26,1,5,2.8962902e-06,2.21720029e-07,0.0765531138,0.0078125
3,26,1,6,2.8962902e-06,1.26087983e-07,0.0435343049,0.0078125
3,26,1,7,2.8962902e-06,7.349621e-08,0.0253759827,0.0078125
3,26,1,8,2.8962902e-06,4.52236932e-08,0.0156143513,0.0078125
3,26,1,9,2.8962902e-06,2.62321276e-08,0.00905714743,0.0078125
3,27,1,0,2.81157145e-06,1.59486171e-06,0.567249238,0.0078125
3,27,1,1,2.81157145e-06,1.28389058e-06,0.456645191,0.0078125
3,27,1,2,2.81157145e-06,1.03506534e-06,0.36814478,0.0078125
3,27,1,3,2.81157145e-06,7.00007206e-07,0.248973653,0.0078125
3,27,1,4,2.81157145e-06,3.97240228e-07,0.14128761,0.0078125
3,27,1,5,2.81157145e-06,2.13655028e-07,0.0759913176,0.0078125
3,27,1,6,2.81157145e-06,1.24144876e-07,0.0441549793,0.0078125
3,27,1,7,2.81157145e-06,7.36072252e-08,0.0261801016,0.0078125
3,27,1,8,2.81157145e-06,4.56513298e-08,0.0162369441,0.0078125
3,27,1,9,2.81157145e-06,2.60770907e-08,0.00927491672,0.0078125
3,28,1,0,2.84588191e-06,1.4827848e-06,0.521028221,0.0078125
3,28,1,1,2.84588191e-06,1.18168418e-06,0.415226012,0.0078125
3,28,1,2,2.84588191e-06,9.82778715e-07,0.345333636,0.0078125
3,28,1,3,2.84588191e-06,7.04355955e-07,0.247500062,0.0078125
3,28,1,4,2.84588191e-06,4.01229869e-07,0.14098613,0.0078125
3,28,1,5,2.84588191e-06,2.12596547e-07,0.074703224,0.0078125
3,28,1,6,2.84588191e-06,1.2299904e-07,0.0432200097,0.0078125
3,28,1,7,2.84588191e-06,7.05449068e-08,0.0247884169,0.0078125
3,28,1,8,2.84588191e-06,4.35890009e-08,0.015316518,0.0078125
3,28,1,9,2.84588191e-06,2.4930122e-08,0.00876006857,0.0078125
3,29,1,0,2.99521048e-06,1.67769781e-06,0.560126841,0.0078125
3,29,1,1,2.99521048e-06,1.33561468e-06,0.445916802,0.0078125
3,29,1,2,2.99521048e-06,1.07385188e-06,0.358523011,0.0078125
3,29,1,3,2.99521048e-06,7.29538613e-07,0.243568391,0.0078125
3,29,1,4,2.99521048e-06,4.14146001e-07,0.13826941,0.0078125
3,29,1,5,2.99521048e-06,2.23603053e-07,0.0746535361,0.0078125
3,29,1,6,2.99521048e-06,1.28130779e-07,0.0427785553,0.0078125
3,29,1,7,2.99521048e-06,7.51939524e-08,0.0251047313,0.0078125
3,29,1,8,2.99521048e-06,4.70730583e-08,0.0157161094,0.0078125
3,29,1,9,2.99521048e-06,2.70863403e-08,0.00904321764,0.0078125
3,30,1,0,3.04010155e-06,1.68508336e-06,0.554285228,0.0078125
3,30,1,1,3.04010155e-06,1.35291884e-06,0.445024222,0.0078125
3,30,1,2,3.04010155e-06,1.08581855e-06,0.357165217,0.0078125
3,30,1,3,3.04010155e-06,7.45956413e-07,0.245372206,0.0078125
3,30,1,4,3.04010155e-06,4.14500846e-07,0.136344403,0.0078125
3,30,1,5,3.04010155e-06,2.27949187e-07,0.0749807805,0.0078125
3,30,1,6,3.04010155e-06,1.28893561e-07,0.0423977822,0.0078125
3,30,1,7,3.04010155e-06,7.42220507e-08,0.0244143326,0.0078125
3,30,1,8,3.04010155e-06,4.50260202e-08,0.0148106962,0.0078125
3,30,1,9,3.04010155e-06,2.57816879e-08,0.00848053489,0.0078125
3,31,1,0,3.03071874e-06,1.70157739e-06,0.561443508,0.0078125
3,31,1,1,3.03071874e-06,1.36710128e-06,0.451081544,0.0078125
3,31,1,2,3.03071874e-06,1.10464612e-06,0.364483207,0.0078125
3,31,1,3,3.03071874e-06,7.55829888e-07,0.249389648,0.0078125
3,31,1,4,3.03071874e-06,4.06933395e-07,0.134269595,0.0078125
3,31,1,5,3.03071874e-06,2.24210112e-07,0.0739791915,0.0078125
3,31,1,6,3.03071874e-06,1.29482032e-07,0.0427232087,0.0078125
3,31,1,7,3.03071874e-06,7.38074419e-08,0.0243531149,0.0078125
3,31,1,8,3.03071874e-06,4.51544615e-08,0.0148989288,0.0078125
3,31,1,9,3.03071874e-06,2.58707455e-08,0.00853617489,0.0078125
3,32,1,0,3.12459542e-06,1.78863161e-06,0.572436213,0.0078125
3,32,1,1,3.12459542e-06,1.39030237e-06,0.444954365,0.0078125
3,32,1,2,3.12459542e-06,1.10541248e-06,0.353777796,0.0078125
3,32,1,3,3.12459542e-06,7.61659635e-07,0.243762642,0.0078125
3,32,1,4,3.12459542e-06,4.18574359e-07,0.133961141,0.0078125
3,32,1,5,3.12459542e-06,2.36587468e-07,0.0757177919,0.0078125
3,32,1,6,3.12459542e-06,1.33266454e-07,0.0426507853,0.0078125
3,32,1,7,3.12459542e-06,7.60350503e-08,0.0243343674,0.0078125
3,32,1,8,3.12459542e-06,4.71503725e-08,0.0150900725,0.0078125
3,32,1,9,3.12459542e-06,2.57113619e-08,0.00822870154,0.0078125
3,33,1,0,3.06181641e-06,1.77659183e-06,0.580241144,0.0078125
3,33,1,1,3.06181641e-06,1.40699638e-06,0.459529966,0.0078125
3,33,1,2,3.06181641e-06,1.11693112e-06,0.364793628,0.0078125
3,33,1,3,3.06181641e-06,7.82943744e-07,0.255712181,0.0078125
3,33,1,4,3.06181641e-06,4.24820996e-07,0.138748035,0.0078125
3,33,1,5,3.06181641e-06,2.34417726e-07,0.0765616521,0.0078125
3,33,1,6,3.06181641e-06,1.32978514e-07,0.0434312485,0.0078125
3,33,1,7,3.06181641e-06,7.6224687e-08,0.0248952508,0.0078125
3,33,1,8,3.06181641e-06,4.71377568e-08,0.0153953573,0.0078125
3,33,1,9,3.06181641e-06,2.57741171e-08,0.00841791742,0.0078125
3,34,1,0,2.8775321e-06,1.7329628e-06,0.602239251,0.0078125
3,34,1,1,2.8775321e-06,1.35499442e-06,0.470887691,0.0078125
3,34,1,2,2.8775321e-06,1.06498601e-06,0.370103955,0.0078125
3,34,1,3,2.8775321e-06,7.52051619e-07,0.261352986,0.0078125
3,34,1,4,2.8775321e-06,4.18928835e-07,0.145586148,0.0078125
3,34,1,5,2.8775321e-06,2.27272423e-07,0.0789817125,0.0078125
3,34,1,6,2.8775321e-06,1.31805791e-07,0.0458051488,0.0078125
3,34,1,7,2.8775321e-06,7.58220864e-08,0.0263496935,0.0078125
3,34,1,8,2.8775321e-06,4.71972506e-08,0.0164019894,0.0078125
3,34,1,9,2.8775321e-06,2.58160604e-08,0.008971598,0.0078125
3,35,1,0,2.79642336e-06,1.63505592e-06,0.584695399,0.0078125
3,35,1,1,2.79642336e-06,1.3230806e-06,0.473133147,0.0078125
3,35,1,2,2.79642336e-06,1.05592733e-06,0.377599239,0.0078125
3,35,1,3,2.79642336e-06,7.58841452e-07,0.27136144,0.0078125
3,35,1,4,2.79642336e-06,4.25986229e-07,0.152332529,0.0078125
3,35,1,5,2.79642336e-06,2.3438237e-07,0.0838150531,0.0078125
3,35,1,6,2.79642336e-06,1.33488939e-07,0.0477355979,0.0078125
3,35,1,7,2.79642336e-06,7.97244653e-08,0.0285094399,0.0078125
3,35,1,8,2.79642336e-06,5.04412832e-08,0.0180377848,0.0078125
3,35,1,9,2.79642336e-06,2.79454522e-08,0.00999328401,0.0078125
3,36,1,0,2.86295381e-06,1.58298849e-06,0.552921414,0.0078125
3,36,1,1,2.86295381e-06,1.27657518e-06,0.44589445,0.0078125
3,36,1,2,2.86295381e-06,1.03522711e-06,0.361594081,0.0078125
3,36,1,3,2.86295381e-06,7.48697744e-07,0.261512339,0.0078125
3,36,1,4,2.86295381e-06,4.36887518e-07,0.152600273,0.0078125
3,36,1,5,2.86295381e-06,2.33752544e-07,0.0816473365,0.0078125
3,36,1,6,2.86295381e-06,1.31994625e-07,0.0461043492,0.0078125
3,36,1,7,2.86295381e-06,7.83281493e-08,0.0273592081,0.0078125
3,36,1,8,2.86295381e-06,4.86393184e-08,0.0169892088,0.0078125
3,36,1,9,2.86295381e-06,2.73383343e-08,0.00954899564,0.0078125
3,37,1,0,2.90215326e-06,1.68044392e-06,0.579033494,0.0078125
3,37,1,1,2.90215326e-06,1.30755893e-06,0.450547844,0.0078125
3,37,1,2,2.90215326e-06,1.03612604e-06,0.357019752,0.0078125
3,37,1,3,2.90215326e-06,7.45492173e-07,0.256875545,0.0078125
3,37,1,4,2.90215326e-06,4.27278081e-07,0.147227958,0.0078125
3,37,1,5,2.90215326e-06,2.25766385e-07,0.077792719,0.0078125
3,37,1,6,2.90215326e-06,1.29697867e-07,0.0446902215,0.0078125
3,37,1,7,2.90215326e-06,7.63220029e-08,0.0262984056,0.0078125
3,37,1,8,2.90215326e-06,4.81058891e-08,0.0165759306,0.0078125
3,37,1,9,2.90215326e-06,2.59514525e-08,0.00894213747,0.0078125
3,38,1,0,2.87008811e-06,1.56696581e-06,0.54596436,0.0078125
3,38,1,1,2.87008811e-06,1.24048381e-06,0.432211041,0.0078125
3,38,1,2,2.87008811e-06,9.97477173e-07,0.347542346,0.0078125
3,38,1,3,2.87008811e-06,7.28912084e-07,0.253968537,0.0078125
3,38,1,4,2.87008811e-06,4.22936012e-07,0.147359937,0.0078125
3,38,1,5,2.87008811e-06,2.22760903e-07,0.0776146576,0.0078125
3,38,1,6,2.87008811e-06,1.27244036e-07,0.0443345383,0.0078125
3,38,1,7,2.87008811e-06,7.57550325e-08,0.0263946708,0.0078125
3,38,1,8,2.87008811e-06,4.63907419e-08,0.0161635261,0.0078125
3,38,1,9,2.87008811e-06,2.55875818e-08,0.00891526043,0.0078125
3,39,1,0,2.93281278e-06,1.66194786e-06,0.566673696,0.0078125
3,39,1,1,2.93281278e-06,1.29711896e-06,0.442278147,0.0078125
3,39,1,2,2.93281278e-06,1.02992738e-06,0.351173937,0.0078125
3,39,1,3,2.93281278e-06,7.39018674e-07,0.251982898,0.0078125
3,39,1,4,2.93281278e-06,4.33096147e-07,0.147672623,0.0078125
3,39,1,5,2.93281278e-06,2.35591131e-07,0.0803294107,0.0078125
3,39,1,6,2.93281278e-06,1.32214808e-07,0.0450812317,0.0078125
3,39,1,7,2.93281278e-06,7.87604009e-08,0.0268549025,0.0078125
3,39,1,8,2.93281278e-06,5.04097812e-08,0.0171882026,0.0078125
3,39,1,9,2.93281278e-06,2.76823844e-08,0.00943885185,0.0078125
3,40,1,0,2.90012736e-06,1.6913765e-06,0.583207667,0.0078125
3,40,1,1,2.90012736e-06,1.31346758e-06,0.452899963,0.0078125
3,40,1,2,2.90012736e-06,1.03311186e-06,0.356229812,0.0078125
3,40,1,3,2.90012736e-06,7.28005659e-07,0.251025409,0.0078125
3,40,1,4,2.90012736e-06,4.20335823e-07,0.144937024,0.0078125
3,40,1,5,2.90012736e-06,2.2334352e-07,0.0770116225,0.0078125
3,40,1,6,2.90012736e-06,1.240969e-07,0.0427901559,0.0078125
3,40,1,7,2.90012736e-06,7.3816139e-08,0.0254527237,0.0078125
3,40,1,8,2.90012736e-06,4.71657131e-08,0.0162633248,0.0078125
3,40,1,9,2.90012736e-06,2.63530797e-08,0.00908686966,0.0078125
3,41,1,0,2.90722596e-06,1.61595233e-06,0.555839956,0.0078125
3,41,1,1,2.90722596e-06,1.26286204e-06,0.434387296,0.0078125
3,41,1,2,2.90722596e-06,1.01339447e-06,0.348577827,0.0078125
3,41,1,3,2.90722596e-06,7.19280479e-07,0.247411281,0.0078125
3,41,1,4,2.90722596e-06,4.10500689e-07,0.141200125,0.0078125
3,41,1,5,2.90722596e-06,2.21975071e-07,0.0763528794,0.0078125
3,41,1,6,2.90722596e-06,1.24191715e-07,0.0427182876,0.0078125
3,41,1,7,2.90722596e-06,7.34536343e-08,0.0252658837,0.0078125
3,41,1,8,2.90722596e-06,4.68496673e-08,0.0161149036,0.0078125
3,41,1,9,2.90722596e-06,2.65142717e-08,0.00912012719,0.0078125
3,42,1,0,3.01560704e-06,1.72904413e-06,0.573365211,0.0078125
3,42,1,1,3.01560704e-06,1.31261049e-06,0.435272396,0.0078125
3,42,1,2,3.01560704e-06,1.03072909e-06,0.341798216,0.0078125
3,42,1,3,3.01560704e-06,7.22476557e-07,0.239579141,0.0078125
3,42,1,4,3.01560704e-06,4.16991668e-07,0.138277858,0.0078125
3,42,1,5,3.01560704e-06,2.25388931e-07,0.0747408196,0.0078125
3,42,1,6,3.01560704e-06,1.26497824e-07,0.041947715,0.0078125
3,42,1,7,3.01560704e-06,7.43514761e-08,0.0246555582,0.0078125
3,42,1,8,3.01560704e-06,4.71949591e-08,0.0156502351,0.0078125
3,42,1,9,3.01560704e-06,2.68855729e-08,0.0089154765,0.0078125
3,43,1,0,2.99949693e-06,1.73902902e-06,0.579773545,0.0078125
3,43,1,1,2.99949693e-06,1.33178423e-06,0.444002539,0.0078125
3,43,1,2,2.99949693e-06,1.04799642e-06,0.349390715,0.0078125
3,43,1,3,2.99949693e-06,7.24245012e-07,0.241455495,0.0078125
3,43,1,4,2.99949693e-06,4.09838776e-07,0.13663584,0.0078125
3,43,1,5,2.99949693e-06,2.21281113e-07,0.0737727433,0.0078125
3,43,1,6,2.99949693e-06,1.26525762e-07,0.0421823263,0.0078125
3,43,1,7,2.99949693e-06,7.43466302e-08,0.0247863661,0.0078125
3,43,1,8,2.99949693e-06,4.72500403e-08,0.0157526545,0.0078125
3,43,1,9,2.99949693e-06,2.71302927e-08,0.00904494803,0.0078125
3,44,1,0,3.00438091e-06,1.93693609e-06,0.644703925,0.0078125
3,44,1,1,3.00438091e-06,1.4506536e-06,0.482846111,0.0078125
3,44,1,2,3.00438091e-06,1.09243354e-06,0.363613516,0.0078125
3,44,1,3,3.00438091e-06,7.28844611e-07,0.242593944,0.0078125
3,44,1,4,3.00438091e-06,4.01987393e-07,0.133800402,0.0078125
3,44,1,5,3.00438091e-06,2.21282093e-07,0.0736531392,0.0078125
3,44,1,6,3.00438091e-06,1.23564377e-07,0.0411280654,0.0078125
3,44,1,7,3.00438091e-06,7.16790254e-08,0.0238581691,0.0078125
3,44,1,8,3.00438091e-06,4.55503013e-08,0.0151612936,0.0078125
3,44,1,9,3.00438091e-06,2.63167639e-08,0.00875946321,0.0078125
3,45,1,0,2.93431185e-06,1.88009699e-06,0.640728414,0.0078125
3,45,1,1,2.93431185e-06,1.45601325e-06,0.496202618,0.0078125
3,45,1,2,2.93431185e-06,1.12436351e-06,0.383177906,0.0078125
3,45,1,3,2.93431185e-06,7.37081677e-07,0.25119406,0.0078125
3,45,1,4,2.93431185e-06,3.97176279e-07,0.135355845,0.0078125
3,45,1,5,2.93431185e-06,2.24960161e-07,0.0766653866,0.0078125
3,45,1,6,2.93431185e-06,1.23489102e-07,0.0420845188,0.0078125
3,45,1,7,2.93431185e-06,7.2423596e-08,0.0246816296,0.0078125
3,45,1,8,2.93431185e-06,4.61098999e-08,0.0157140419,0.0078125
3,45,1,9,2.93431185e-06,2.61412367e-08,0.00890881382,0.0078125
3,46,1,0,2.82217843e-06,1.82779127e-06,0.647652626,0.0078125
3,46,1,1,2.82217843e-06,1.42697513e-06,0.505628943,0.0078125
3,46,1,2,2.82217843e-06,1.1012396e-06,0.390209079,0.0078125
3,46,1,3,2.82217843e-06,7.34392586e-07,0.260221869,0.0078125
3,46,1,4,2.82217843e-06,4.03355017e-07,0.142923281,0.0078125
3,46,1,5,2.82217843e-06,2.30662394e-07,0.0817320347,0.0078125
3,46,1,6,2.82217843e-06,1.25523371e-07,0.0444774739,0.0078125
3,46,1,7,2.82217843e-06,7.32425747e-08,0.0259524956,0.0078125
3,46,1,8,2.82217843e-06,4.58081537e-08,0.0162314866,0.0078125
3,46,1,9,2.82217843e-06,2.55962842e-08,0.00906969048,0.0078125
3,47,1,0,3.06043194e-06,1.96872838e-06,0.6432845,0.0078125
3,47,1,1,3.06043194e-06,1.49493155e-06,0.488470763,0.0078125
3,47,1,2,3.06043194e-06,1.16948218e-06,0.382129788,0.0078125
3,47,1,3,3.06043194e-06,7.60539706e-07,0.248507306,0.0078125
3,47,1,4,3.06043194e-06,4.08046702e-07,0.133329779,0.0078125
3,47,1,5,3.06043194e-06,2.29368979e-07,0.0749466047,0.0078125
3,47,1,6,3.06043194e-06,1.28319414e-07,0.0419285297,0.0078125
3,47,1,7,3.06043194e-06,7.40633155e-08,0.0242002811,0.0078125
3,47,1,8,3.06043194e-06,4.66958525e-08,0.0152579285,0.0078125
3,47,1,9,3.06043194e-06,2.64055764e-08,0.00862805545,0.0078125
3,48,1,0,3.04441392e-06,1.89411583e-06,0.62216109,0.0078125
3,48,1,1,3.04441392e-06,1.41509929e-06,0.464818299,0.0078125
3,48,1,2,3.04441392e-06,1.12927421e-06,0.370933205,0.0078125
3,48,1,3,3.04441392e-06,7.42932968e-07,0.244031519,0.0078125
3,48,1,4,3.04441392e-06,4.08457453e-07,0.134166196,0.0078125
3,48,1,5,3.04441392e-06,2.28830146e-07,0.0751639381,0.0078125
3,48,1,6,3.04441392e-06,1.30327209e-07,0.042808637,0.0078125
3,48,1,7,3.04441392e-06,7.43317798e-08,0.0244157929,0.0078125
3,48,1,8,3.04441392e-06,4.73140354e-08,0.015541262,0.0078125
3,48,1,9,3.04441392e-06,2.66925273e-08,0.00876770634,0.0078125
3,49,1,0,3.08071026e-06,1.88428282e-06,0.611639082,0.0078125
3,49,1,1,3.08071026e-06,1.38202768e-06,0.448606849,0.0078125
3,49,1,2,3.08071026e-06,1.10539077e-06,0.358810365,0.0078125
3,49,1,3,3.08071026e-06,7.2261895e-07,0.234562457,0.0078125
3,49,1,4,3.08071026e-06,4.13370287e-07,0.134180188,0.0078125
3,49,1,5,3.08071026e-06,2.3585784e-07,0.076559566,0.0078125
3,49,1,6,3.08071026e-06,1.32643734e-07,0.0430562198,0.0078125
3,49,1,7,3.08071026e-06,7.65563115e-08,0.0248502139,0.0078125
3,49,1,8,3.08071026e-06,4.89101843e-08,0.015876269,0.0078125
3,49,1,9,3.08071026e-06,2.66798814e-08,0.0086603025,0.0078125
3,50,1,0,3.10018186e-06,1.79203926e-06,0.578043282,0.0078125
3,50,1,1,3.10018186e-06,1.33345236e-06,0.430120677,0.0078125
3,50,1,2,3.10018186e-06,1.08087625e-06,0.348649293,0.0078125
3,50,1,3,3.10018186e-06,7.0718545e-07,0.228110954,0.0078125
3,50,1,4,3.10018186e-06,3.99487988e-07,0.128859535,0.0078125
3,50,1,5,3.10018186e-06,2.36959067e-07,0.0764339268,0.0078125
3,50,1,6,3.10018186e-06,1.30029619e-07,0.0419425778,0.0078125
3,50,1,7,3.10018186e-06,7.52283782e-08,0.0242657959,0.0078125
3,50,1,8,3.10018186e-06,4.80969575e-08,0.0155142378,0.0078125
3,50,1,9,3.10018186e-06,2.6731966e-08,0.00862270873,0.0078125
3,51,1,0,2.98122814e-06,1.77290133e-06,0.594688237,0.0078125
3,51,1,1,2.98122814e-06,1.31973036e-06,0.442680091,0.0078125
3,51,1,2,2.98122814e-06,1.0619309e-06,0.356205851,0.0078125
3,51,1,3,2.98122814e-06,7.05244872e-07,0.236561865,0.0078125
3,51,1,4,2.98122814e-06,4.01593894e-07,0.13470754,0.0078125
3,51,1,5,2.98122814e-06,2.36595525e-07,0.0793617666,0.0078125
3,51,1,6,2.98122814e-06,1.3199481e-07,0.0442753136,0.0078125
3,51,1,7,2.98122814e-06,7.64448274e-08,0.0256420597,0.0078125
3,51,1,8,2.98122814e-06,4.81902092e-08,0.0161645487,0.0078125
3,51,1,9,2.98122814e-06,2.68909659e-08,0.00902009662,0.0078125
3,52,1,0,3.02714147e-06,1.81009182e-06,0.597954154,0.0078125
3,52,1,1,3.02714147e-06,1.33673723e-06,0.441583991,0.0078125
3,52,1,2,3.02714147e-06,1.09509517e-06,0.361758828,0.0078125
3,52,1,3,3.02714147e-06,7.14011776e-07,0.235869974,0.0078125
3,52,1,4,3.02714147e-06,4.13655727e-07,0.136648953,0.0078125
3,52,1,5,3.02714147e-06,2.44366305e-07,0.0807251036,0.0078125
3,52,1,6,3.02714147e-06,1.37956278e-07,0.0455731191,0.0078125
3,52,1,7,3.02714147e-06,8.04822164e-08,0.0265868697,0.0078125
3,52,1,8,3.02714147e-06,5.11098897e-08,0.016883878,0.0078125
3,52,1,9,3.02714147e-06,2.89811766e-08,0.00957377627,0.0078125
3,53,1,0,3.0541139e-06,1.94013751e-06,0.635253787,0.0078125
3,53,1,1,3.0541139e-06,1.40463419e-06,0.459915459,0.0078125
3,53,1,2,3.0541139e-06,1.09950349e-06,0.360007375,0.0078125
3,53,1,3,3.0541139e-06,7.03720161e-07,0.230417132,0.0078125
3,53,1,4,3.0541139e-06,4.0363642e-07,0.132161543,0.0078125
3,53,1,5,3.0541139e-06,2.44282461e-07,0.0799847245,0.0078125
3,53,1,6,3.0541139e-06,1.37865101e-07,0.0451407842,0.0078125
3,53,1,7,3.0541139e-06,8.01984328e-08,0.0262591485,0.0078125
3,53,1,8,3.0541139e-06,5.09678735e-08,0.0166882686,0.0078125
3,53,1,9,3.0541139e-06,2.87070439e-08,0.00939946715,0.0078125
3,54,1,0,3.10156588e-06,2.00490513e-06,0.646417081,0.0078125
3,54,1,1,3.10156588e-06,1.45461058e-06,0.468992323,0.0078125
3,54,1,2,3.10156588e-06,1.13209046e-06,0.365006089,0.0078125
3,54,1,3,3.10156588e-06,7.04894319e-07,0.227270469,0.0078125
3,54,1,4,3.10156588e-06,4.05926755e-07,0.130878001,0.0078125
3,54,1,5,3.10156588e-06,2.40896185e-07,0.0776692107,0.0078125
3,54,1,6,3.10156588e-06,1.35166005e-07,0.0435799249,0.0078125
3,54,1,7,3.10156588e-06,7.8013521e-08,0.0251529459,0.0078125
3,54,1,8,3.10156588e-06,4.93807946e-08,0.0159212463,0.0078125
3,54,1,9,3.10156588e-06,2.82709607e-08,0.00911506079,0.0078125
3,55,1,0,3.22850292e-06,2.11677661e-06,0.655652702,0.0078125
3,55,1,1,3.22850292e-06,1.4996391e-06,0.464499831,0.0078125
3,55,1,2,3.22850292e-06,1.1487308e-06,0.355809122,0.0078125
3,55,1,3,3.22850292e-06,7.19238585e-07,0.222777739,0.0078125
3,55,1,4,3.22850292e-06,4.03639888e-07,0.125023857,0.0078125
3,55,1,5,3.22850292e-06,2.37492529e-07,0.0735611916,0.0078125
3,55,1,6,3.22850292e-06,1.32070028e-07,0.0409075134,0.0078125
3,55,1,7,3.22850292e-06,7.52267297e-08,0.0233008098,0.0078125
3,55,1,8,3.22850292e-06,4.75005564e-08,0.0147128738,0.0078125
3,55,1,9,3.22850292e-06,2.71295413e-08,0.0084031336,0.0078125
3,56,1,0,3.1412676e-06,1.98129578e-06,0.630731285,0.0078125
3,56,1,1,3.1412676e-06,1.43562477e-06,0.457020849,0.0078125
3,56,1,2,3.1412676e-06,1.11877659e-06,0.356154501,0.0078125
3,56,1,3,3.1412676e-06,7.1456077e-07,0.2274753,0.0078125
3,56,1,4,3.1412676e-06,4.03849413e-07,0.12856257,0.0078125
3,56,1,5,3.1412676e-06,2.4005621e-07,0.076420173,0.0078125
3,56,1,6,3.1412676e-06,1.34016901e-07,0.0426633172,0.0078125
3,56,1,7,3.1412676e-06,7.69026869e-08,0.0244814195,0.0078125
3,56,1,8,3.1412676e-06,4.86117742e-08,0.0154752098,0.0078125
3,56,1,9,3.1412676e-06,2.80376273e-08,0.00892557763,0.0078125
3,57,1,0,3.15444004e-06,1.9432207e-06,0.616027176,0.0078125
3,57,1,1,3.15444004e-06,1.39440692e-06,0.442045778,0.0078125
3,57,1,2,3.15444004e-06,1.09677342e-06,0.347691953,0.0078125
3,57,1,3,3.15444004e-06,7.18473871e-07,0.227765903,0.0078125
3,57,1,4,3.15444004e-06,4.05131317e-07,0.12843208,0.0078125
3,57,1,5,3.15444004e-06,2.38345649e-07,0.0755587816,0.0078125
3,57,1,6,3.15444004e-06,1.31029523e-07,0.041538123,0.0078125
3,57,1,7,3.15444004e-06,7.37949577e-08,0.0233939961,0.0078125
3,57,1,8,3.15444004e-06,4.64906655e-08,0.0147381676,0.0078125
3,57,1,9,3.15444004e-06,2.69281895e-08,0.00853659865,0.0078125
3,58,1,0,3.21375228e-06,1.87708054e-06,0.584077537,0.0078125
3,58,1,1,3.21375228e-06,1.34099992e-06,0.41726923,0.0078125
3,58,1,2,3.21375228e-06,1.08170184e-06,0.336585313,0.0078125
3,58,1,3,3.21375228e-06,7.32844171e-07,0.228033811,0.0078125
3,58,1,4,3.21375228e-06,4.22483254e-07,0.131461054,0.0078125
3,58,1,5,3.21375228e-06,2.49858942e-07,0.0777467936,0.0078125
3,58,1,6,3.21375228e-06,1.36666017e-07,0.0425253734,0.0078125
3,58,1,7,3.21375228e-06,7.70051827e-08,0.0239611436,0.0078125
3,58,1,8,3.21375228e-06,4.84451661e-08,0.0150743313,0.0078125
3,58,1,9,3.21375228e-06,2.79018728e-08,0.00868202373,0.0078125
3,59,1,0,3.21242737e-06,1.76595086e-06,0.549724758,0.0078125
3,59,1,1,3.21242737e-06,1.2525486e-06,0.389907211,0.0078125
3,59,1,2,3.21242737e-06,1.02449485e-06,0.318916112,0.0078125
3,59,1,3,3.21242737e-06,7.20136597e-07,0.2241721,0.0078125
3,59,1,4,3.21242737e-06,4.12059677e-07,0.128270507,0.0078125
3,59,1,5,3.21242737e-06,2.37189198e-07,0.0738348812,0.0078125
3,59,1,6,3.21242737e-06,1.31390152e-07,0.0409005843,0.0078125
3,59,1,7,3.21242737e-06,7.41022177e-08,0.0230673589,0.0078125
3,59,1,8,3.21242737e-06,4.66784336e-08,0.0145305805,0.0078125
3,59,1,9,3.21242737e-06,2.69027467e-08,0.00837458484,0.0078125
3,60,1,0,3.24148164e-06,1.8520991e-06,0.571374238,0.0078125
3,60,1,1,3.24148164e-06,1.31658669e-06,0.406168193,0.0078125
3,60,1,2,3.24148164e-06,1.06527352e-06,0.328637838,0.0078125
3,60,1,3,3.24148164e-06,7.36765173e-07,0.227292717,0.0078125
3,60,1,4,3.24148164e-06,4.06674729e-07,0.125459522,0.0078125
3,60,1,5,3.24148164e-06,2.41618551e-07,0.0745395422,0.0078125
3,60,1,6,3.24148164e-06,1.29586482e-07,0.0399775468,0.0078125
3,60,1,7,3.24148164e-06,7.40393489e-08,0.0228412058,0.0078125
3,60,1,8,3.24148164e-06,4.6806111e-08,0.0144397272,0.0078125
3,60,1,9,3.24148164e-06,2.69243401e-08,0.00830618292,0.0078125
3,61,1,0,3.17675131e-06,1.89564742e-06,0.596725166,0.0078125
3,61,1,1,3.17675131e-06,1.3595228e-06,0.427960098,0.0078125
3,61,1,2,3.17675131e-06,1.07158576e-06,0.337321252,0.0078125
3,61,1,3,3.17675131e-06,7.42453949e-07,0.233714849,0.0078125
3,61,1,4,3.17675131e-06,4.10816767e-07,0.129319772,0.0078125
3,61,1,5,3.17675131e-06,2.39989049e-07,0.0755454302,0.0078125
3,61,1,6,3.17675131e-06,1.30041641e-07,0.0409354158,0.0078125
3,61,1,7,3.17675131e-06,7.56948282e-08,0.0238277484,0.0078125
3,61,1,8,3.17675131e-06,4.70010839e-08,0.0147953304,0.0078125
3,61,1,9,3.17675131e-06,2.76473031e-08,0.00870301109,0.0078125
3,62,1,0,3.11425765e-06,1.90446053e-06,0.611529529,0.0078125
3,62,1,1,3.11425765e-06,1.40400209e-06,0.45083043,0.0078125
3,62,1,2,3.11425765e-06,1.11712995e-06,0.3587147,0.0078125
3,62,1,3,3.11425765e-06,7.48277728e-07,0.240274832,0.0078125
3,62,1,4,3.11425765e-06,4.10037103e-07,0.13166447,0.0078125
3,62,1,5,3.11425765e-06,2.35033852e-07,0.0754702687,0.0078125
3,62,1,6,3.11425765e-06,1.28140684e-07,0.0411464609,0.0078125
3,62,1,7,3.11425765e-06,7.32332808e-08,0.0235154852,0.0078125
3,62,1,8,3.11425765e-06,4.58258391e-08,0.014714852,0.0078125
3,62,1,9,3.11425765e-06,2.74640684e-08,0.00881881732,0.0078125
3,63,1,0,3.34651463e-06,2.11751285e-06,0.632751703,0.0078125
3,63,1,1,3.34651463e-06,1.52348605e-06,0.455245584,0.0078125
3,63,1,2,3.34651463e-06,1.1618863e-06,0.347192943,0.0078125
3,63,1,3,3.34651463e-06,7.49860476e-07,0.224072069,0.0078125
3,63,1,4,3.34651463e-06,4.05133136e-07,0.121061221,0.0078125
3,63,1,5,3.34651463e-06,2.38463741e-07,0.0712573454,0.0078125
3,63,1,6,3.34651463e-06,1.29560178e-07,0.0387149602,0.0078125
3,63,1,7,3.34651463e-06,7.61918102e-08,0.0227675121,0.0078125
3,63,1,8,3.34651463e-06,4.80930566e-08,0.0143710878,0.0078125
3,63,1,9,3.34651463e-06,2.87881718e-08,0.00860243384,0.0078125
3,64,1,0,3.40948509e-06,2.1904998e-06,0.642472327,0.0078125
3,64,1,1,3.40948509e-06,1.55765349e-06,0.456858873,0.0078125
3,64,1,2,3.40948509e-06,1.18690787e-06,0.348119378,0.0078125
3,64,1,3,3.40948509e-06,7.54392602e-07,0.221262917,0.0078125
3,64,1,4,3.40948509e-06,4.11108772e-07,0.120577961,0.0078125
3,64,1,5,3.40948509e-06,2.31423101e-07,0.0678762645,0.0078125
3,64,1,6,3.40948509e-06,1.25617504e-07,0.036843542,0.0078125
3,64,1,7,3.40948509e-06,7.1868719e-08,0.0210790541,0.0078125
3,64,1,8,3.40948509e-06,4.59823042e-08,0.0134865828,0.0078125
3,64,1,9,3.40948509e-06,2.70424412e-08,0.00793153234,0.0078125
3,65,1,0,3.47879222e-06,2.11779661e-06,0.60877353,0.0078125
3,65,1,1,3.47879222e-06,1.49123412e-06,0.428664327,0.0078125
3,65,1,2,3.47879222e-06,1.15883745e-06,0.333114892,0.0078125
3,65,1,3,3.47879222e-06,7.45354896e-07,0.214256808,0.0078125
3,65,1,4,3.47879222e-06,4.06208159e-07,0.116767004,0.0078125
3,65,1,5,3.47879222e-06,2.31624355e-07,0.0665818304,0.0078125
3,65,1,6,3.47879222e-06,1.28742613e-07,0.0370078459,0.0078125
3,65,1,7,3.47879222e-06,7.27517033e-08,0.0209129192,0.0078125
3,65,1,8,3.47879222e-06,4.64240522e-08,0.0133448765,0.0078125
3,65,1,9,3.47879222e-06,2.64747619e-08,0.00761033129,0.0078125
3,66,1,0,3.42706176e-06,2.03932018e-06,0.595063746,0.0078125
3,66,1,1,3.42706176e-06,1.41965438e-06,0.414248258,0.0078125
3,66,1,2,3.42706176e-06,1.11460508e-06,0.32523635,0.0078125
3,66,1,3,3.42706176e-06,7.20474361e-07,0.210230932,0.0078125
3,66,1,4,3.42706176e-06,3.93943111e-07,0.114950687,0.0078125
3,66,1,5,3.42706176e-06,2.19891021e-07,0.0641631335,0.0078125
3,66,1,6,3.42706176e-06,1.25252228e-07,0.0365479924,0.0078125
3,66,1,7,3.42706176e-06,7.06120744e-08,0.0206042603,0.0078125
3,66,1,8,3.42706176e-06,4.55123477e-08,0.0132802827,0.0078125
3,66,1,9,3.42706176e-06,2.61196984e-08,0.00762160122,0.0078125
3,67,1,0,3.06765719e-06,1.89983894e-06,0.619312644,0.0078125
3,67,1,1,3.06765719e-06,1.40237637e-06,0.457148999,0.0078125
3,67,1,2,3.06765719e-06,1.11103316e-06,0.362176448,0.0078125
3,67,1,3,3.06765719e-06,7.41011092e-07,0.241556033,0.0078125
3,67,1,4,3.06765719e-06,3.99949585e-07,0.130376235,0.0078125
3,67,1,5,3.06765719e-06,2.30539229e-07,0.0751515627,0.0078125
3,67,1,6,3.06765719e-06,1.26979714e-07,0.0413930602,0.0078125
3,67,1,7,3.06765719e-06,7.22779703e-08,0.0235612933,0.0078125
3,67,1,8,3.06765719e-06,4.62590819e-08,0.0150796128,0.0078125
3,67,1,9,3.06765719e-06,2.55665853e-08,0.00833423808,0.0078125
3,68,1,0,3.0959302e-06,1.85823058e-06,0.600217223,0.0078125
3,68,1,1,3.0959302e-06,1.4141026e-06,0.456761777,0.0078125
3,68,1,2,3.0959302e-06,1.14653562e-06,0.370336384,0.0078125
3,68,1,3,3.0959302e-06,7.58859244e-07,0.245115101,0.0078125
3,68,1,4,3.0959302e-06,4.03055509e-07,0.130188823,0.0078125
3,68,1,5,3.0959302e-06,2.34610454e-07,0.0757802799,0.0078125
3,68,1,6,3.0959302e-06,1.29118106e-07,0.0417057537,0.0078125
3,68,1,7,3.0959302e-06,7.37741104e-08,0.0238293838,0.0078125
3,68,1,8,3.0959302e-06,4.63861483e-08,0.0149829434,0.0078125
3,68,1,9,3.0959302e-06,2.65392206e-08,0.00857229251,0.0078125
3,69,1,0,3.11808822e-06,1.9906372e-06,0.638415933,0.0078125
3,69,1,1,3.11808822e-06,1.485241e-06,0.476330668,0.0078125
3,69,1,2,3.11808822e-06,1.1905521e-06,0.381821185,0.0078125
3,69,1,3,3.11808822e-06,7.67820268e-07,0.246247128,0.0078125
3,69,1,4,3.11808822e-06,4.09098135e-07,0.131201595,0.0078125
3,69,1,5,3.11808822e-06,2.3518875e-07,0.0754272267,0.0078125
3,69,1,6,3.11808822e-06,1.30794007e-07,0.0419468582,0.0078125
3,69,1,7,3.11808822e-06,7.59923111e-08,0.0243714433,0.0078125
3,69,1,8,3.11808822e-06,4.77965365e-08,0.0153287956,0.0078125
3,69,1,9,3.11808822e-06,2.76386203e-08,0.00886396319,0.0078125
3,70,1,0,3.12358429e-06,1.96647056e-06,0.629555762,0.0078125
3,70,1,1,3.12358429e-06,1.45597824e-06,0.466124207,0.0078125
3,70,1,2,3.12358429e-06,1.18462003e-06,0.379250228,0.0078125
3,70,1,3,3.12358429e-06,7.73199758e-07,0.247536063,0.0078125
3,70,1,4,3.12358429e-06,4.17271679e-07,0.13358745,0.0078125
3,70,1,5,3.12358429e-06,2.3487614e-07,0.0751944333,0.0078125
3,70,1,6,3.12358429e-06,1.34615675e-07,0.0430965386,0.0078125
3,70,1,7,3.12358429e-06,7.79725866e-08,0.024962537,0.0078125
3,70,1,8,3.12358429e-06,4.78712145e-08,0.0153257316,0.0078125
3,70,1,9,3.12358429e-06,2.77082375e-08,0.00887065474,0.0078125
3,71,1,0,3.1756465e-06,1.89499144e-06,0.596726179,0.0078125
3,71,1,1,3.1756465e-06,1.44628086e-06,0.455428809,0.0078125
3,71,1,2,3.1756465e-06,1.19667072e-06,0.376827449,0.0078125
3,71,1,3,3.1756465e-06,8.03305284e-07,0.25295803,0.0078125
3,71,1,4,3.1756465e-06,4.26772544e-07,0.134389192,0.0078125
3,71,1,5,3.1756465e-06,2.4095192e-07,0.0758749172,0.0078125
3,71,1,6,3.1756465e-06,1.35325166e-07,0.0426134244,0.0078125
3,71,1,7,3.1756465e-06,7.76646729e-08,0.0244563352,0.0078125
3,71,1,8,3.1756465e-06,4.66124526e-08,0.0146780983,0.0078125
3,71,1,9,3.1756465e-06,2.67580429e-08,0.00842601433,0.0078125
3,72,1,0,3.26589975e-06,1.92814196e-06,0.590386152,0.0078125
3,72,1,1,3.26589975e-06,1.4357031e-06,0.439604163,0.0078125
3,72,1,2,3.26589975e-06,1.19114247e-06,0.36472109,0.0078125
3,72,1,3,3.26589975e-06,8.00669511e-07,0.245160475,0.0078125
3,72,1,4,3.26589975e-06,4.28334715e-07,0.131153658,0.0078125
3,72,1,5,3.26589975e-06,2.39006368e-07,0.0731823966,0.0078125
3,72,1,6,3.26589975e-06,1.36298624e-07,0.0417338647,0.0078125
3,72,1,7,3.26589975e-06,7.90200048e-08,0.0241954774,0.0078125
3,72,1,8,3.26589975e-06,4.64847894e-08,0.0142333787,0.0078125
3,72,1,9,3.26589975e-06,2.7222768e-08,0.00833545718,0.0078125
3,73,1,0,3.12126235e-06,1.90878836e-06,0.611543715,0.0078125
3,73,1,1,3.12126235e-06,1.43839782e-06,0.460838497,0.0078125
3,73,1,2,3.12126235e-06,1.20369555e-06,0.38564381,0.0078125
3,73,1,3,3.12126235e-06,7.8837013e-07,0.252580553,0.0078125
3,73,1,4,3.12126235e-06,4.23689158e-07,0.135742888,0.0078125
3,73,1,5,3.12126235e-06,2.39652735e-07,0.0767807066,0.0078125
3,73,1,6,3.12126235e-06,1.38637162e-07,0.0444170162,0.0078125
3,73,1,7,3.12126235e-06,8.07075224e-08,0.0258573331,0.0078125
3,73,1,8,3.12126235e-06,4.67605084e-08,0.014981281,0.0078125
3,73,1,9,3.12126235e-06,2.77948136e-08,0.00890499074,0.0078125
3,74,1,0,3.29527802e-06,1.95161488e-06,0.592245877,0.0078125
3,74,1,1,3.29527802e-06,1.45767808e-06,0.442353606,0.0078125
3,74,1,2,3.29527802e-06,1.20786171e-06,0.366543204,0.0078125
3,74,1,3,3.29527802e-06,7.85148188e-07,0.23826462,0.0078125
3,74,1,4,3.29527802e-06,4.18736363e-07,0.127071634,0.0078125
3,74,1,5,3.29527802e-06,2.33713649e-07,0.0709238052,0.0078125
3,74,1,6,3.29527802e-06,1.33134805e-07,0.0404016897,0.0078125
3,74,1,7,3.29527802e-06,7.62445964e-08,0.0231375303,0.0078125
3,74,1,8,3.29527802e-06,4.46242865e-08,0.0135418884,0.0078125
3,74,1,9,3.29527802e-06,2.59723709e-08,0.00788169354,0.0078125
3,75,1,0,3.31940191e-06,1.92041875e-06,0.578543603,0.0078125
3,75,1,1,3.31940191e-06,1.43475188e-06,0.432232052,0.0078125
3,75,1,2,3.31940191e-06,1.19784079e-06,0.360860437,0.0078125
3,75,1,3,3.31940191e-06,7.75603269e-07,0.233657539,0.0078125
3,75,1,4,3.31940191e-06,4.21351501e-07,0.126935974,0.0078125
3,75,1,5,3.31940191e-06,2.38131932e-07,0.0717394128,0.0078125
3,75,1,6,3.31940191e-06,1.33464937e-07,0.0402075239,0.0078125
3,75,1,7,3.31940191e-06,7.61242447e-08,0.0229331199,0.0078125
3,75,1,8,3.31940191e-06,4.56994762e-08,0.0137673831,0.0078125
3,75,1,9,3.31940191e-06,2.65736713e-08,0.00800556038,0.0078125
3,76,1,0,3.25899396e-06,1.87689784e-06,0.57591325,0.0078125
3,76,1,1,3.25899396e-06,1.35510231e-06,0.415803879,0.0078125
3,76,1,2,3.25899396e-06,1.12224131e-06,0.344352067,0.0078125
3,76,1,3,3.25899396e-06,7.40903943e-07,0.227341309,0.0078125
3,76,1,4,3.25899396e-06,4.07634076e-07,0.125079721,0.0078125
3,76,1,5,3.25899396e-06,2.34084567e-07,0.0718272477,0.0078125
3,76,1,6,3.25899396e-06,1.31787033e-07,0.040437948,0.0078125
3,76,1,7,3.25899396e-06,7.57234773e-08,0.0232352316,0.0078125
3,76,1,8,3.25899396e-06,4.60378971e-08,0.0141264135,0.0078125
3,76,1,9,3.25899396e-06,2.69064184e-08,0.00825605076,0.0078125
3,77,1,0,3.27365387e-06,1.84951341e-06,0.564969122,0.0078125
3,77,1,1,3.27365387e-06,1.26241343e-06,0.385628253,0.0078125
3,77,1,2,3.27365387e-06,1.03924242e-06,0.317456424,0.0078125
3,77,1,3,3.27365387e-06,6.98679798e-07,0.21342507,0.0078125
3,77,1,4,3.27365387e-06,3.93836103e-07,0.120304748,0.0078125
3,77,1,5,3.27365387e-06,2.24084758e-07,0.068450965,0.0078125
3,77,1,6,3.27365387e-06,1.24167954e-07,0.0379294679,0.0078125
3,77,1,7,3.27365387e-06,7.08180821e-08,0.0216327328,0.0078125
3,77,1,8,3.27365387e-06,4.33400942e-08,0.0132390587,0.0078125
3,77,1,9,3.27365387e-06,2.53954848e-08,0.0077575352,0.0078125
3,78,1,0,3.17557419e-06,1.77165623e-06,0.557901084,0.0078125
3,78,1,1,3.17557419e-06,1.22757785e-06,0.386568785,0.0078125
3,78,1,2,3.17557419e-06,1.0101669e-06,0.31810528,0.0078125
3,78,1,3,3.17557419e-06,6.92501146e-07,0.218071163,0.0078125
3,78,1,4,3.17557419e-06,3.90465317e-07,0.122958966,0.0078125
3,78,1,5,3.17557419e-06,2.27277027e-07,0.0715703741,0.0078125
3,78,1,6,3.17557419e-06,1.2672821e-07,0.0399071798,0.0078125
3,78,1,7,3.17557419e-06,7.22236351e-08,0.0227434877,0.0078125
3,78,1,8,3.17557419e-06,4.37377636e-08,0.0137731824,0.0078125
3,78,1,9,3.17557419e-06,2.55580499e-08,0.00804832391,0.0078125
3,79,1,0,3.16342539e-06,1.82014969e-06,0.575373054,0.0078125
3,79,1,1,3.16342539e-06,1.29312878e-06,0.408774853,0.0078125
3,79,1,2,3.16342539e-06,1.04449134e-06,0.330177337,0.0078125
3,79,1,3,3.16342539e-06,7.00449164e-07,0.221421108,0.0078125
3,79,1,4,3.16342539e-06,3.91748529e-07,0.123836815,0.0078125
3,79,1,5,3.16342539e-06,2.23540809e-07,0.07066416,0.0078125
3,79,1,6,3.16342539e-06,1.25865753e-07,0.0397878066,0.0078125
3,79,1,7,3.16342539e-06,6.96224731e-08,0.0220085718,0.0078125
3,79,1,8,3.16342539e-06,4.29565326e-08,0.0135791199,0.0078125
3,79,1,9,3.16342539e-06,2.45842244e-08,0.00777139375,0.0078125
3,80,1,0,3.31888305e-06,1.86227794e-06,0.561115861,0.0078125
3,80,1,1,3.31888305e-06,1.28581871e-06,0.387425125,0.0078125
3,80,1,2,3.31888305e-06,1.04641981e-06,0.315292776,0.0078125
3,80,1,3,3.31888305e-06,7.0359124e-07,0.211996391,0.0078125
3,80,1,4,3.31888305e-06,3.92987147e-07,0.118409462,0.0078125
3,80,1,5,3.31888305e-06,2.21768218e-07,0.0668201372,0.0078125
3,80,1,6,3.31888305e-06,1.24993505e-07,0.0376613177,0.0078125
3,80,1,7,3.31888305e-06,6.89098343e-08,0.0207629595,0.0078125
3,80,1,8,3.31888305e-06,4.29615419e-08,0.0129445782,0.0078125
3,80,1,9,3.31888305e-06,2.50167282e-08,0.00753769511,0.0078125
3,81,1,0,3.09677034e-06,1.79625522e-06,0.580041468,0.0078125
3,81,1,1,3.09677034e-06,1.28248075e-06,0.41413492,0.0078125
3,81,1,2,3.09677034e-06,1.04777564e-06,0.338344634,0.0078125
3,81,1,3,3.09677034e-06,7.09746814e-07,0.229189366,0.0078125
3,81,1,4,3.09677034e-06,3.98471911e-07,0.128673375,0.0078125
3,81,1,5,3.09677034e-06,2.30132443e-07,0.0743136927,0.0078125
3,81,1,6,3.09677034e-06,1.29554849e-07,0.041835472,0.0078125
3,81,1,7,3.09677034e-06,7.11347568e-08,0.022970628,0.0078125
3,81,1,8,3.09677034e-06,4.45549695e-08,0.0143875601,0.0078125
3,81,1,9,3.09677034e-06,2.56174175e-08,0.00827230141,0.0078125
3,82,1,0,3.19342985e-06,1.88119895e-06,0.589084148,0.0078125
3,82,1,1,3.19342985e-06,1.33920275e-06,0.419361889,0.0078125
3,82,1,2,3.19342985e-06,1.08157167e-06,0.338686526,0.0078125
3,82,1,3,3.19342985e-06,7.25819802e-07,0.22728534,0.0078125
3,82,1,4,3.19342985e-06,4.04264966e-07,0.126592726,0.0078125
3,82,1,5,3.19342985e-06,2.35581155e-07,0.0737705752,0.0078125
3,82,1,6,3.19342985e-06,1.30842054e-07,0.0409722663,0.0078125
3,82,1,7,3.19342985e-06,7.2831071e-08,0.0228065345,0.0078125
3,82,1,8,3.19342985e-06,4.57401192e-08,0.0143231954,0.0078125
3,82,1,9,3.19342985e-06,2.65051519e-08,0.00829990115,0.0078125
3,83,1,0,3.01931686e-06,1.71625845e-06,0.568426073,0.0078125
3,83,1,1,3.01931686e-06,1.25636063e-06,0.416107565,0.0078125
3,83,1,2,3.01931686e-06,1.04463197e-06,0.345982879,0.0078125
3,83,1,3,3.01931686e-06,7.13311294e-07,0.236249238,0.0078125
3,83,1,4,3.01931686e-06,4.03474331e-07,0.133631006,0.0078125
3,83,1,5,3.01931686e-06,2.32835603e-07,0.0771153271,0.0078125
3,83,1,6,3.01931686e-06,1.27423419e-07,0.0422027335,0.0078125
3,83,1,7,3.01931686e-06,7.3594407e-08,0.0243745223,0.0078125
3,83,1,8,3.01931686e-06,4.56865727e-08,0.015131427,0.0078125
3,83,1,9,3.01931686e-06,2.65634359e-08,0.00879782997,0.0078125
3,84,1,0,2.93153948e-06,1.73168507e-06,0.590708435,0.0078125
3,84,1,1,2.93153948e-06,1.28220051e-06,0.437381297,0.0078125
3,84,1,2,2.93153948e-06,1.0443606e-06,0.356249899,0.0078125
3,84,1,3,2.93153948e-06,7.16454963e-07,0.244395465,0.0078125
3,84,1,4,2.93153948e-06,4.08581656e-07,0.139374435,0.0078125
3,84,1,5,2.93153948e-06,2.3722707e-07,0.0809223503,0.0078125
3,84,1,6,2.93153948e-06,1.32344994e-07,0.0451452211,0.0078125
3,84,1,7,2.93153948e-06,7.6322813e-08,0.026035063,0.0078125
3,84,1,8,2.93153948e-06,4.69551935e-08,0.016017247,0.0078125
3,84,1,9,2.93153948e-06,2.75327352e-08,0.00939190295,0.0078125
3,85,1,0,3.07555297e-06,1.77221307e-06,0.576225817,0.0078125
3,85,1,1,3.07555297e-06,1.30315016e-06,0.423712462,0.0078125
3,85,1,2,3.07555297e-06,1.08379243e-06,0.352389455,0.0078125
3,85,1,3,3.07555297e-06,7.20998685e-07,0.234428957,0.0078125
3,85,1,4,3.07555297e-06,4.08701538e-07,0.13288717,0.0078125
3,85,1,5,3.07555297e-06,2.41080159e-07,0.0783859566,0.0078125
3,85,1,6,3.07555297e-06,1.35936403e-07,0.0441990122,0.0078125
3,85,1,7,3.07555297e-06,7.79347786e-08,0.0253400858,0.0078125
3,85,1,8,3.07555297e-06,4.67148311e-08,0.0151890833,0.0078125
3,85,1,9,3.07555297e-06,2.74743517e-08,0.00893314183,0.0078125
3,86,1,0,3.15761258e-06,1.87227147e-06,0.59293896,0.0078125
3,86,1,1,3.15761258e-06,1.37327265e-06,0.434908539,0.0078125
3,86,1,2,3.15761258e-06,1.09513542e-06,0.346823871,0.0078125
3,86,1,3,3.15761258e-06,7.31473335e-07,0.231653914,0.0078125
3,86,1,4,3.15761258e-06,4.14330515e-07,0.131216392,0.0078125
3,86,1,5,3.15761258e-06,2.43576466e-07,0.0771394372,0.0078125
3,86,1,6,3.15761258e-06,1.35149449e-07,0.0428011492,0.0078125
3,86,1,7,3.15761258e-06,7.70515243e-08,0.0244018305,0.0078125
3,86,1,8,3.15761258e-06,4.70314454e-08,0.0148946214,0.0078125
3,86,1,9,3.15761258e-06,2.72031073e-08,0.00861508679,0.0078125
3,87,1,0,3.2622097e-06,1.92971379e-06,0.591535807,0.0078125
3,87,1,1,3.2622097e-06,1.41639441e-06,0.434182525,0.0078125
3,87,1,2,3.2622097e-06,1.14366071e-06,0.350578547,0.0078125
3,87,1,3,3.2622097e-06,7.32506464e-07,0.224543035,0.0078125
3,87,1,4,3.2622097e-06,4.04987389e-07,0.124145113,0.0078125
3,87,1,5,3.2622097e-06,2.3521018e-07,0.0721014887,0.0078125
3,87,1,6,3.2622097e-06,1.31055359e-07,0.0401737988,0.0078125
3,87,1,7,3.2622097e-06,7.48793312e-08,0.0229535624,0.0078125
3,87,1,8,3.2622097e-06,4.62552343e-08,0.0141791115,0.0078125
3,87,1,9,3.2622097e-06,2.63566413e-08,0.00807938259,0.0078125
3,88,1,0,3.27652128e-06,2.0124221e-06,0.614194751,0.0078125
3,88,1,1,3.27652128e-06,1.44621049e-06,0.441385955,0.0078125
3,88,1,2,3.27652128e-06,1.1358245e-06,0.346655607,0.0078125
3,88,1,3,3.27652128e-06,7.24952713e-07,0.221256837,0.0078125
3,88,1,4,3.27652128e-06,4.02092041e-07,0.122719191,0.0078125
3,88,1,5,3.27652128e-06,2.33674157e-07,0.0713177621,0.0078125
3,88,1,6,3.27652128e-06,1.28200327e-07,0.0391269624,0.0078125
3,88,1,7,3.27652128e-06,7.24594074e-08,0.022114737,0.0078125
3,88,1,8,3.27652128e-06,4.47151933e-08,0.0136471549,0.0078125
3,88,1,9,3.27652128e-06,2.55636436e-08,0.00780206872,0.0078125
3,89,1,0,3.04536138e-06,1.85572753e-06,0.609362006,0.0078125
3,89,1,1,3.04536138e-06,1.36327742e-06,0.447657019,0.0078125
3,89,1,2,3.04536138e-06,1.07702863e-06,0.353662014,0.0078125
3,89,1,3,3.04536138e-06,6.93200491e-07,0.227625042,0.0078125
3,89,1,4,3.04536138e-06,3.89931756e-07,0.128041208,0.0078125
3,89,1,5,3.04536138e-06,2.2761995e-07,0.0747431666,0.0078125
3,89,1,6,3.04536138e-06,1.22104851e-07,0.0400953554,0.0078125
3,89,1,7,3.04536138e-06,6.85924988e-08,0.0225235987,0.0078125
3,89,1,8,3.04536138e-06,4.18277892e-08,0.0137349181,0.0078125
3,89,1,9,3.04536138e-06,2.46628069e-08,0.00809848309,0.0078125
3,90,1,0,3.00802503e-06,1.83062116e-06,0.608579099,0.0078125
3,90,1,1,3.00802503e-06,1.33501737e-06,0.443818569,0.0078125
3,90,1,2,3.00802503e-06,1.05766014e-06,0.351612806,0.0078125
3,90,1,3,3.00802503e-06,6.90796753e-07,0.229651257,0.0078125
3,90,1,4,3.00802503e-06,3.75916272e-07,0.124971122,0.0078125
3,90,1,5,3.00802503e-06,2.15902105e-07,0.0717753693,0.0078125
3,90,1,6,3.00802503e-06,1.19053688e-07,0.0395786874,0.0078125
3,90,1,7,3.00802503e-06,6.64742572e-08,0.0220989715,0.0078125
3,90,1,8,3.00802503e-06,4.02380209e-08,0.0133768907,0.0078125
3,90,1,9,3.00802503e-06,2.3780407e-08,0.00790565461,0.0078125
3,91,1,0,2.93599078e-06,1.78652033e-06,0.608489752,0.0078125
3,91,1,1,2.93599078e-06,1.32143987e-06,0.450083107,0.0078125
3,91,1,2,2.93599078e-06,1.05785318e-06,0.360305339,0.0078125
3,91,1,3,2.93599078e-06,6.89584112e-07,0.234872714,0.0078125
3,91,1,4,2.93599078e-06,3.88395932e-07,0.13228786,0.0078125
3,91,1,5,2.93599078e-06,2.25884989e-07,0.076936543,0.0078125
3,91,1,6,2.93599078e-06,1.25307906e-07,0.0426799394,0.0078125
3,91,1,7,2.93599078e-06,7.00364637e-08,0.0238544568,0.0078125
3,91,1,8,2.93599078e-06,4.2333042e-08,0.014418656,0.0078125
3,91,1,9,2.93599078e-06,2.4941178e-08,0.00849497877,0.0078125
3,92,1,0,3.04762079e-06,1.77351683e-06,0.581934869,0.0078125
3,92,1,1,3.04762079e-06,1.31026502e-06,0.429930449,0.0078125
3,92,1,2,3.04762079e-06,1.05604897e-06,0.346515864,0.0078125
3,92,1,3,3.04762079e-06,6.90018453e-07,0.226412177,0.0078125
3,92,1,4,3.04762079e-06,3.8968173e-07,0.127864242,0.0078125
3,92,1,5,3.04762079e-06,2.22931703e-07,0.0731494203,0.0078125
3,92,1,6,3.04762079e-06,1.24867668e-07,0.0409721807,0.0078125
3,92,1,7,3.04762079e-06,6.98992153e-08,0.0229356661,0.0078125
3,92,1,8,3.04762079e-06,4.16101251e-08,0.0136533147,0.0078125
3,92,1,9,3.04762079e-06,2.50486547e-08,0.0082190847,0.0078125
3,93,1,0,2.99085673e-06,1.72188732e-06,0.575717092,0.0078125
3,93,1,1,2.99085673e-06,1.2594154e-06,0.421088517,0.0078125
3,93,1,2,2.99085673e-06,1.02511228e-06,0.342748702,0.0078125
3,93,1,3,2.99085673e-06,6.90046647e-07,0.230718717,0.0078125
3,93,1,4,2.99085673e-06,3.90408218e-07,0.130533904,0.0078125
3,93,1,5,2.99085673e-06,2.22360597e-07,0.0743467882,0.0078125
3,93,1,6,2.99085673e-06,1.24421433e-07,0.0416005999,0.0078125
3,93,1,7,2.99085673e-06,6.95974904e-08,0.0232700855,0.0078125
3,93,1,8,2.99085673e-06,4.12403729e-08,0.0137888156,0.0078125
3,93,1,9,2.99085673e-06,2.49358916e-08,0.00833737385,0.0078125
3,94,1,0,3.32801164e-06,1.86518878e-06,0.560451388,0.0078125
3,94,1,1,3.32801164e-06,1.32217667e-06,0.397287279,0.0078125
3,94,1,2,3.32801164e-06,1.05397623e-06,0.316698492,0.0078125
3,94,1,3,3.32801164e-06,7.1060208e-07,0.21352151,0.0078125
3,94,1,4,3.32801164e-06,3.8767044e-07,0.116487101,0.0078125
3,94,1,5,3.32801164e-06,2.24149957e-07,0.0673525184,0.0078125
3,94,1,6,3.32801164e-06,1.25246501e-07,0.0376340337,0.0078125
3,94,1,7,3.32801164e-06,7.17240809e-08,0.0215516314,0.0078125
3,94,1,8,3.32801164e-06,4.38189929e-08,0.0131667182,0.0078125
3,94,1,9,3.32801164e-06,2.56841783e-08,0.00771757448,0.0078125
3,95,1,0,3.04329706e-06,1.79013114e-06,0.588220954,0.0078125
3,95,1,1,3.04329706e-06,1.31769309e-06,0.432982087,0.0078125
3,95,1,2,3.04329706e-06,1.07057838e-06,0.351782411,0.0078125
3,95,1,3,3.04329706e-06,7.21713263e-07,0.237148479,0.0078125
3,95,1,4,3.04329706e-06,3.9945391e-07,0.131256953,0.0078125
3,95,1,5,3.04329706e-06,2.28726691e-07,0.0751575306,0.0078125
3,95,1,6,3.04329706e-06,1.26977397e-07,0.0417236276,0.0078125
3,95,1,7,3.04329706e-06,7.4824662e-08,0.0245867092,0.0078125
3,95,1,8,3.04329706e-06,4.55829401e-08,0.0149781434,0.0078125
3,95,1,9,3.04329706e-06,2.71182827e-08,0.00891082361,0.0078125
3,96,1,0,2.97455745e-06,1.78884693e-06,0.601382554,0.0078125
3,96,1,1,2.97455745e-06,1.2866933e-06,0.432566285,0.0078125
3,96,1,2,2.97455745e-06,1.04335368e-06,0.350759298,0.0078125
3,96,1,3,2.97455745e-06,7.12239512e-07,0.239443853,0.0078125
3,96,1,4,2.97455745e-06,3.86141693e-07,0.129814833,0.0078125
3,96,1,5,2.97455745e-06,2.21119279e-07,0.0743368641,0.0078125
3,96,1,6,2.97455745e-06,1.23226286e-07,0.0414267629,0.0078125
3,96,1,7,2.97455745e-06,7.21518489e-08,0.02425633,0.0078125
3,96,1,8,2.97455745e-06,4.47175559e-08,0.0150333475,0.0078125
3,96,1,9,2.97455745e-06,2.60500066e-08,0.00875760708,0.0078125
3,97,1,0,3.16351407e-06,1.84540693e-06,0.583340824,0.0078125
3,97,1,1,3.16351407e-06,1.31133743e-06,0.414519221,0.0078125
3,97,1,2,3.16351407e-06,1.0654469e-06,0.336792201,0.0078125
3,97,1,3,3.16351407e-06,7.37134201e-07,0.233011201,0.0078125
3,97,1,4,3.16351407e-06,3.97894439e-07,0.125776097,0.0078125
3,97,1,5,3.16351407e-06,2.30123604e-07,0.0727430284,0.0078125
3,97,1,6,3.16351407e-06,1.2830435e-07,0.040557541,0.0078125
3,97,1,7,3.16351407e-06,7.39217469e-08,0.0233669728,0.0078125
3,97,1,8,3.16351407e-06,4.56036453e-08,0.0144155025,0.0078125
3,97,1,9,3.16351407e-06,2.66400519e-08,0.00842103176,0.0078125
3,98,1,0,3.06893503e-06,1.8545403e-06,0.604294419,0.0078125
3,98,1,1,3.06893503e-06,1.35894868e-06,0.442807913,0.0078125
3,98,1,2,3.06893503e-06,1.10845656e-06,0.361186057,0.0078125
3,98,1,3,3.06893503e-06,7.43955638e-07,0.242414922,0.0078125
3,98,1,4,3.06893503e-06,3.96361315e-07,0.12915273,0.0078125
3,98,1,5,3.06893503e-06,2.28779129e-07,0.0745467469,0.0078125
3,98,1,6,3.06893503e-06,1.2653274e-07,0.0412301794,0.0078125
3,98,1,7,3.06893503e-06,7.39794928e-08,0.0241059177,0.0078125
3,98,1,8,3.06893503e-06,4.48349056e-08,0.0146092717,0.0078125
3,98,1,9,3.06893503e-06,2.67132609e-08,0.00870440714,0.0078125
3,99,1,0,3.14800536e-06,1.89225557e-06,0.60109669,0.0078125
3,99,1,1,3.14800536e-06,1.35110577e-06,0.429194242,0.0078125
3,99,1,2,3.14800536e-06,1.08052654e-06,0.343241632,0.0078125
3,99,1,3,3.14800536e-06,7.39080122e-07,0.234777272,0.0078125
3,99,1,4,3.14800536e-06,3.96911872e-07,0.126083612,0.0078125
3,99,1,5,3.14800536e-06,2.3052965e-07,0.0732303858,0.0078125
3,99,1,6,3.14800536e-06,1.27386372e-07,0.0404657423,0.0078125
3,99,1,7,3.14800536e-06,7.24666336e-08,0.0230198577,0.0078125
3,99,1,8,3.14800536e-06,4.54716726e-08,0.014444598,0.0078125
3,99,1,9,3.14800536e-06,2.67155578e-08,0.0084865028,0.0078125
3,100,1,0,3.01223895e-06,1.8535635e-06,0.615344107,0.0078125
3,100,1,1,3.01223895e-06,1.36970311e-06,0.454712629,0.0078125
3,100,1,2,3.01223895e-06,1.10546114e-06,0.366989851,0.0078125
3,100,1,3,3.01223895e-06,7.46210333e-07,0.247726142,0.0078125
3,100,1,4,3.01223895e-06,4.02250151e-07,0.133538589,0.0078125
3,100,1,5,3.01223895e-06,2.29246211e-07,0.0761049241,0.0078125
3,100,1,6,3.01223895e-06,1.27388205e-07,0.042290207,0.0078125
3,100,1,7,3.01223895e-06,7.07550498e-08,0.0234891884,0.0078125
3,100,1,8,3.01223895e-06,4.31845315e-08,0.0143363569,0.0078125
3,100,1,9,3.01223895e-06,2.5929932e-08,0.00860819221,0.0078125
3,101,1,0,3.14735257e-06,1.91426648e-06,0.608214796,0.0078125
3,101,1,1,3.14735257e-06,1.38548705e-06,0.440207124,0.0078125
3,101,1,2,3.14735257e-06,1.11769464e-06,0.355122149,0.0078125
3,101,1,3,3.14735257e-06,7.60090927e-07,0.241501674,0.0078125
3,101,1,4,3.14735257e-06,4.12781276e-07,0.1311519,0.0078125
3,101,1,5,3.14735257e-06,2.39519949e-07,0.0761020407,0.0078125
3,101,1,6,3.14735257e-06,1.31385008e-07,0.0417446122,0.0078125
3,101,1,7,3.14735257e-06,7.38685628e-08,0.0234700628,0.0078125
3,101,1,8,3.14735257e-06,4.42169856e-08,0.0140489461,0.0078125
3,101,1,9,3.14735257e-06,2.65311257e-08,0.00842966419,0.0078125
3,102,1,0,3.27763223e-06,1.96498286e-06,0.599512935,0.0078125
3,102,1,1,3.27763223e-06,1.41216947e-06,0.430850506,0.0078125
3,102,1,2,3.27763223e-06,1.13087071e-06,0.345026731,0.0078125
3,102,1,3,3.27763223e-06,7.67673782e-07,0.23421596,0.0078125
3,102,1,4,3.27763223e-06,4.19962305e-07,0.12812978,0.0078125
3,102,1,5,3.27763223e-06,2.34275518e-07,0.071477063,0.0078125
3,102,1,6,3.27763223e-06,1.3232814e-07,0.0403730907,0.0078125
3,102,1,7,3.27763223e-06,7.63529897e-08,0.023295166,0.0078125
3,102,1,8,3.27763223e-06,4.60542999e-08,0.0140510881,0.0078125
3,102,1,9,3.27763223e-06,2.76343766e-08,0.00843120087,0.0078125
3,103,1,0,3.46342881e-06,2.13809722e-06,0.617335379,0.0078125
3,103,1,1,3.46342881e-06,1.52982147e-06,0.441707224,0.0078125
3,103,1,2,3.46342881e-06,1.20614368e-06,0.348251313,0.0078125
3,103,1,3,3.46342881e-06,7.89516662e-07,0.227958098,0.0078125
3,103,1,4,3.46342881e-06,4.32907399e-07,0.124993876,0.0078125
3,103,1,5,3.46342881e-06,2.46402124e-07,0.0711439848,0.0078125
3,103,1,6,3.46342881e-06,1.40078399e-07,0.0404450074,0.0078125
3,103,1,7,3.46342881e-06,8.05384701e-08,0.0232539698,0.0078125
3,103,1,8,3.46342881e-06,4.93278698e-08,0.0142424954,0.0078125
3,103,1,9,3.46342881e-06,2.91527567e-08,0.00841731112,0.0078125
3,104,1,0,3.27040652e-06,1.92619518e-06,0.588977277,0.0078125
3,104,1,1,3.27040652e-06,1.38898895e-06,0.424714476,0.0078125
3,104,1,2,3.27040652e-06,1.13930662e-06,0.348368496,0.0078125
3,104,1,3,3.27040652e-06,7.88220177e-07,0.241015956,0.0078125
3,104,1,4,3.27040652e-06,4.29755062e-07,0.131407231,0.0078125
3,104,1,5,3.27040652e-06,2.43673611e-07,0.0745086595,0.0078125
3,104,1,6,3.27040652e-06,1.37910789e-07,0.0421693102,0.0078125
3,104,1,7,3.27040652e-06,7.79726506e-08,0.023841884,0.0078125
3,104,1,8,3.27040652e-06,4.74657433e-08,0.0145137133,0.0078125
3,104,1,9,3.27040652e-06,2.83649157e-08,0.00867320783,0.0078125
3,105,1,0,3.35882123e-06,2.01214016e-06,0.59906143,0.0078125
3,105,1,1,3.35882123e-06,1.43431623e-06,0.427029639,0.0078125
3,105,1,2,3.35882123e-06,1.14512625e-06,0.340930998,0.0078125
3,105,1,3,3.35882123e-06,7.90740557e-07,0.235422045,0.0078125
3,105,1,4,3.35882123e-06,4.32272401e-07,0.128697649,0.0078125
3,105,1,5,3.35882123e-06,2.46830012e-07,0.0734870955,0.0078125
3,105,1,6,3.35882123e-06,1.44345364e-07,0.0429750048,0.0078125
3,105,1,7,3.35882123e-06,8.24875954e-08,0.0245584957,0.0078125
3,105,1,8,3.35882123e-06,5.0699164e-08,0.0150943324,0.0078125
3,105,1,9,3.35882123e-06,3.05820755e-08,0.00910500251,0.0078125
3,106,1,0,3.53085693e-06,2.01304124e-06,0.570128262,0.0078125
3,106,1,1,3.53085693e-06,1.43381658e-06,0.406081766,0.0078125
3,106,1,2,3.53085693e-06,1.14837246e-06,0.325239033,0.0078125
3,106,1,3,3.53085693e-06,7.84327142e-07,0.222135067,0.0078125
3,106,1,4,3.53085693e-06,4.30612459e-07,0.12195693,0.0078125
3,106,1,5,3.53085693e-06,2.49127368e-07,0.0705571994,0.0078125
3,106,1,6,3.53085693e-06,1.44502437e-07,0.0409255996,0.0078125
3,106,1,7,3.53085693e-06,8.04952265e-08,0.022797646,0.0078125
3,106,1,8,3.53085693e-06,4.93046031e-08,0.0139639201,0.0078125
3,106,1,9,3.53085693e-06,2.91225408e-08,0.00824800972,0.0078125
3,107,1,0,3.30684884e-06,1.91353956e-06,0.578659534,0.0078125
3,107,1,1,3.30684884e-06,1.38417761e-06,0.418579042,0.0078125
3,107,1,2,3.30684884e-06,1.13756414e-06,0.344002455,0.0078125
3,107,1,3,3.30684884e-06,7.97193479e-07,0.241073459,0.0078125
3,107,1,4,3.30684884e-06,4.40601553e-07,0.13323909,0.0078125
3,107,1,5,3.30684884e-06,2.59161226e-07,0.0783710554,0.0078125
3,107,1,6,3.30684884e-06,1.47538358e-07,0.0446159989,0.0078125
3,107,1,7,3.30684884e-06,8.39270982e-08,0.0253797807,0.0078125
3,107,1,8,3.30684884e-06,5.04614732e-08,0.0152596859,0.0078125
3,107,1,9,3.30684884e-06,3.04935099e-08,0.00922132004,0.0078125
3,108,1,0,3.31309434e-06,1.86871239e-06,0.564038396,0.0078125
3,108,1,1,3.31309434e-06,1.34502454e-06,0.405972302,0.0078125
3,108,1,2,3.31309434e-06,1.1031799e-06,0.332975686,0.0078125
3,108,1,3,3.31309434e-06,7.66396113e-07,0.231323361,0.0078125
3,108,1,4,3.31309434e-06,4.29306709e-07,0.129578769,0.0078125
3,108,1,5,3.31309434e-06,2.46094601e-07,0.0742793828,0.0078125
3,108,1,6,3.31309434e-06,1.43254596e-07,0.0432389118,0.0078125
3,108,1,7,3.31309434e-06,7.96674229e-08,0.0240462292,0.0078125
3,108,1,8,3.31309434e-06,4.73429793e-08,0.0142896567,0.0078125
3,108,1,9,3.31309434e-06,2.83971264e-08,0.00857117958,0.0078125
3,109,1,0,3.57422255e-06,1.93591404e-06,0.541632235,0.0078125
3,109,1,1,3.57422255e-06,1.3599805e-06,0.38049686,0.0078125
3,109,1,2,3.57422255e-06,1.10454801e-06,0.309031695,0.0078125
3,109,1,3,3.57422255e-06,7.68516088e-07,0.215016291,0.0078125
3,109,1,4,3.57422255e-06,4.38950252e-07,0.122809991,0.0078125
3,109,1,5,3.57422255e-06,2.50829316e-07,0.0701773092,0.0078125
3,109,1,6,3.57422255e-06,1.46373523e-07,0.0409525484,0.0078125
3,109,1,7,3.57422255e-06,8.31147418e-08,0.0232539363,0.0078125
3,109,1,8,3.57422255e-06,4.93563874e-08,0.0138089852,0.0078125
3,109,1,9,3.57422255e-06,2.9808902e-08,0.00833996851,0.0078125
3,110,1,0,3.43269107e-06,1.88911463e-06,0.55033052,0.0078125
3,110,1,1,3.43269107e-06,1.35476705e-06,0.394666165,0.0078125
3,110,1,2,3.43269107e-06,1.11739553e-06,0.325515896,0.0078125
3,110,1,3,3.43269107e-06,7.55759118e-07,0.220165193,0.0078125
3,110,1,4,3.43269107e-06,4.39314874e-07,0.127979726,0.0078125
3,110,1,5,3.43269107e-06,2.48156482e-07,0.0722921118,0.0078125
3,110,1,6,3.43269107e-06,1.47623922e-07,0.0430053025,0.0078125
3,110,1,7,3.43269107e-06,8.22930346e-08,0.023973329,0.0078125
3,110,1,8,3.43269107e-06,4.85419065e-08,0.0141410651,0.0078125
3,110,1,9,3.43269107e-06,2.89573592e-08,0.00843576062,0.0078125
3,111,1,0,3.38140012e-06,1.8719893e-06,0.553613663,0.0078125
3,111,1,1,3.38140012e-06,1.36499375e-06,0.403677076,0.0078125
3,111,1,2,3.38140012e-06,1.12607984e-06,0.33302176,0.0078125
3,111,1,3,3.38140012e-06,7.79718846e-07,0.230590537,0.0078125
3,111,1,4,3.38140012e-06,4.49454689e-07,0.132919699,0.0078125
3,111,1,5,3.38140012e-06,2.53564792e-07,0.0749881044,0.0078125
3,111,1,6,3.38140012e-06,1.48764158e-07,0.0439948402,0.0078125
3,111,1,7,3.38140012e-06,8.23025772e-08,0.0243397932,0.0078125
3,111,1,8,3.38140012e-06,4.90458092e-08,0.0145045863,0.0078125
3,111,1,9,3.38140012e-06,2.96801907e-08,0.00877748523,0.0078125
3,112,1,0,3.45628382e-06,1.95604957e-06,0.565940082,0.0078125
3,112,1,1,3.45628382e-06,1.43432044e-06,0.414989203,0.0078125
3,112,1,2,3.45628382e-06,1.18275386e-06,0.342203915,0.0078125
3,112,1,3,3.45628382e-06,7.9920278e-07,0.231231809,0.0078125
3,112,1,4,3.45628382e-06,4.66747082e-07,0.13504304,0.0078125
3,112,1,5,3.45628382e-06,2.68452652e-07,0.0776708946,0.0078125
3,112,1,6,3.45628382e-06,1.58991384e-07,0.0460006744,0.0078125
3,112,1,7,3.45628382e-06,8.84047608e-08,0.025577981,0.0078125
3,112,1,8,3.45628382e-06,5.14564e-08,0.0148877818,0.0078125
3,112,1,9,3.45628382e-06,3.07442534e-08,0.00889517646,0.0078125
3,113,1,0,3.23416248e-06,1.94099971e-06,0.600155294,0.0078125
3,113,1,1,3.23416248e-06,1.44726823e-06,0.44749397,0.0078125
3,113,1,2,3.23416248e-06,1.1852793e-06,0.366487235,0.0078125
3,113,1,3,3.23416248e-06,7.79362665e-07,0.240978211,0.0078125
3,113,1,4,3.23416248e-06,4.5078562e-07,0.139382496,0.0078125
3,113,1,5,3.23416248e-06,2.58201226e-07,0.0798355788,0.0078125
3,113,1,6,3.23416248e-06,1.50148793e-07,0.0464258641,0.0078125
3,113,1,7,3.23416248e-06,8.63804246e-08,0.0267087463,0.0078125
3,113,1,8,3.23416248e-06,5.07656885e-08,0.0156967025,0.0078125
3,113,1,9,3.23416248e-06,3.03943537e-08,0.00939790532,0.0078125
3,114,1,0,3.1207303e-06,1.87164198e-06,0.599744856,0.0078125
3,114,1,1,3.1207303e-06,1.42418025e-06,0.456361204,0.0078125
3,114,1,2,3.1207303e-06,1.18719436e-06,0.380421966,0.0078125
3,114,1,3,3.1207303e-06,7.69783696e-07,0.246667802,0.0078125
3,114,1,4,3.1207303e-06,4.37024113e-07,0.140039057,0.0078125
3,114,1,5,3.1207303e-06,2.53158845e-07,0.0811216682,0.0078125
3,114,1,6,3.1207303e-06,1.45917227e-07,0.0467573963,0.0078125
3,114,1,7,3.1207303e-06,8.54726281e-08,0.0273886621,0.0078125
3,114,1,8,3.1207303e-06,4.90492909e-08,0.0157172475,0.0078125
3,114,1,9,3.1207303e-06,2.8968369e-08,0.00928256102,0.0078125
3,115,1,0,3.09227539e-06,1.94758445e-06,0.629822433,0.0078125
3,115,1,1,3.09227539e-06,1.48200775e-06,0.479261249,0.0078125
3,115,1,2,3.09227539e-06,1.2084671e-06,0.390801907,0.0078125
3,115,1,3,3.09227539e-06,7.74612033e-07,0.25049904,0.0078125
3,115,1,4,3.09227539e-06,4.45963622e-07,0.144218594,0.0078125
3,115,1,5,3.09227539e-06,2.5510019e-07,0.0824959502,0.0078125
3,115,1,6,3.09227539e-06,1.4694686e-07,0.0475206263,0.0078125
3,115,1,7,3.09227539e-06,8.61552891e-08,0.0278614536,0.0078125
3,115,1,8,3.09227539e-06,4.90149716e-08,0.0158507787,0.0078125
3,115,1,9,3.09227539e-06,2.93564728e-08,0.00949348602,0.0078125
3,116,1,0,3.15445141e-06,2.02744786e-06,0.642726004,0.0078125
3,116,1,1,3.15445141e-06,1.51305221e-06,0.479656219,0.0078125
3,116,1,2,3.15445141e-06,1.21984806e-06,0.386706889,0.0078125
3,116,1,3,3.15445141e-06,7.81804431e-07,0.247841641,0.0078125
3,116,1,4,3.15445141e-06,4.44964627e-07,0.141059279,0.0078125
3,116,1,5,3.15445141e-06,2.54141725e-07,0.0805660635,0.0078125
3,116,1,6,3.15445141e-06,1.49449335e-07,0.0473772809,0.0078125
3,116,1,7,3.15445141e-06,8.77888695e-08,0.0278301537,0.0078125
3,116,1,8,3.15445141e-06,4.99817858e-08,0.0158448424,0.0078125
3,116,1,9,3.15445141e-06,2.99618819e-08,0.00949828606,0.0078125
3,117,1,0,3.17645959e-06,2.0020625e-06,0.630281091,0.0078125
3,117,1,1,3.17645959e-06,1.51591541e-06,0.477234274,0.0078125
3,117,1,2,3.17645959e-06,1.23517339e-06,0.388852239,0.0078125
3,117,1,3,3.17645959e-06,8.01322813e-07,0.252269179,0.0078125
3,117,1,4,3.17645959e-06,4.48910583e-07,0.141324192,0.0078125
3,117,1,5,3.17645959e-06,2.56301092e-07,0.080687657,0.0078125
3,117,1,6,3.17645959e-06,1.49311944e-07,0.0470057763,0.0078125
3,117,1,7,3.17645959e-06,8.78996573e-08,0.0276722107,0.0078125
3,117,1,8,3.17645959e-06,5.02754247e-08,0.0158275031,0.0078125
3,117,1,9,3.17645959e-06,3.04248751e-08,0.00957823452,0.0078125
3,118,1,0,3.28884266e-06,1.9915783e-06,0.605555952,0.0078125
3,118,1,1,3.28884266e-06,1.45335423e-06,0.441904455,0.0078125
3,118,1,2,3.28884266e-06,1.16299975e-06,0.353619754,0.0078125
3,118,1,3,3.28884266e-06,7.7077317e-07,0.234359995,0.0078125
3,118,1,4,3.28884266e-06,4.36914519e-07,0.132847503,0.0078125
3,118,1,5,3.28884266e-06,2.49050998e-07,0.0757260323,0.0078125
3,118,1,6,3.28884266e-06,1.43967853e-07,0.0437746234,0.0078125
3,118,1,7,3.28884266e-06,8.55345377e-08,0.0260074884,0.0078125
3,118,1,8,3.28884266e-06,4.88084098e-08,0.0148406038,0.0078125
3,118,1,9,3.28884266e-06,2.93750748e-08,0.00893173646,0.0078125
3,119,1,0,3.41966347e-06,2.02191836e-06,0.5912624,0.0078125
3,119,1,1,3.41966347e-06,1.48992592e-06,0.435693741,0.0078125
3,119,1,2,3.41966347e-06,1.20033542e-06,0.351009816,0.0078125
3,119,1,3,3.41966347e-06,7.87786291e-07,0.230369538,0.0078125
3,119,1,4,3.41966347e-06,4.36337558e-07,0.127596632,0.0078125
3,119,1,5,3.41966347e-06,2.44014018e-07,0.0713561475,0.0078125
3,119,1,6,3.41966347e-06,1.46819019e-07,0.0429337621,0.0078125
3,119,1,7,3.41966347e-06,8.58661622e-08,0.0251095351,0.0078125
3,119,1,8,3.41966347e-06,4.95496693e-08,0.014489633,0.0078125
3,119,1,9,3.41966347e-06,2.91689606e-08,0.00852977484,0.0078125
3,120,1,0,3.22122787e-06,1.95538314e-06,0.607030392,0.0078125
3,120,1,1,3.22122787e-06,1.47810363e-06,0.458863407,0.0078125
3,120,1,2,3.22122787e-06,1.19623667e-06,0.371360451,0.0078125
3,120,1,3,3.22122787e-06,7.78370065e-07,0.241637692,0.0078125
3,120,1,4,3.22122787e-06,4.44620667e-07,0.138028324,0.0078125
3,120,1,5,3.22122787e-06,2.49175457e-07,0.0773541853,0.0078125
3,120,1,6,3.22122787e-06,1.47960776e-07,0.0459330343,0.0078125
3,120,1,7,3.22122787e-06,8.84776128e-08,0.0274670459,0.0078125
3,120,1,8,3.22122787e-06,5.10360678e-08,0.015843669,0.0078125
3,120,1,9,3.22122787e-06,3.02263388e-08,0.00938348379,0.0078125
3,121,1,0,3.1884606e-06,1.90092317e-06,0.596188366,0.0078125
3,121,1,1,3.1884606e-06,1.41344492e-06,0.443300098,0.0078125
3,121,1,2,3.1884606e-06,1.15752425e-06,0.36303547,0.0078125
3,121,1,3,3.1884606e-06,7.76582226e-07,0.24356024,0.0078125
3,121,1,4,3.1884606e-06,4.35496446e-07,0.136585176,0.0078125
3,121,1,5,3.1884606e-06,2.44159025e-07,0.0765758306,0.0078125
3,121,1,6,3.1884606e-06,1.39215871e-07,0.0436624102,0.0078125
3,121,1,7,3.1884606e-06,8.21747861e-08,0.0257725585,0.0078125
3,121,1,8,3.1884606e-06,4.77713051e-08,0.0149825606,0.0078125
3,121,1,9,3.1884606e-06,2.91492697e-08,0.00914211385,0.0078125
3,122,1,0,3.26047098e-06,2.00735531e-06,0.615664244,0.0078125
3,122,1,1,3.26047098e-06,1.47305082e-06,0.45179081,0.0078125
3,122,1,2,3.26047098e-06,1.16506453e-06,0.357330143,0.0078125
3,122,1,3,3.26047098e-06,7.51418668e-07,0.230463222,0.0078125
3,122,1,4,3.26047098e-06,4.32874856e-07,0.132764518,0.0078125
3,122,1,5,3.26047098e-06,2.317759e-07,0.0710866302,0.0078125
3,122,1,6,3.26047098e-06,1.33245877e-07,0.0408670641,0.0078125
3,122,1,7,3.26047098e-06,7.91930717e-08,0.0242888443,0.0078125
3,122,1,8,3.26047098e-06,4.61164014e-08,0.0141440919,0.0078125
3,122,1,9,3.26047098e-06,2.80414696e-08,0.00860043522,0.0078125
3,123,1,0,3.40015163e-06,2.06058098e-06,0.606026232,0.0078125
3,123,1,1,3.40015163e-06,1.50287087e-06,0.442001134,0.0078125
3,123,1,2,3.40015163e-06,1.17351271e-06,0.345135421,0.0078125
3,123,1,3,3.40015163e-06,7.57360908e-07,0.222743273,0.0078125
3,123,1,4,3.40015163e-06,4.31374133e-07,0.126869082,0.0078125
3,123,1,5,3.40015163e-06,2.27822795e-07,0.0670037195,0.0078125
3,123,1,6,3.40015163e-06,1.28030109e-07,0.037654236,0.0078125
3,123,1,7,3.40015163e-06,7.61557644e-08,0.0223977547,0.0078125
3,123,1,8,3.40015163e-06,4.374645e-08,0.0128660295,0.0078125
3,123,1,9,3.40015163e-06,2.69616738e-08,0.00792955048,0.0078125
3,124,1,0,3.2945361e-06,2.0226687e-06,0.613946438,0.0078125
3,124,1,1,3.2945361e-06,1.46903221e-06,0.445899576,0.0078125
3,124,1,2,3.2945361e-06,1.13533906e-06,0.344612718,0.0078125
3,124,1,3,3.2945361e-06,7.59130103e-07,0.230420932,0.0078125
3,124,1,4,3.2945361e-06,4.3544793e-07,0.132172763,0.0078125
3,124,1,5,3.2945361e-06,2.30445664e-07,0.0699478313,0.0078125
3,124,1,6,3.2945361e-06,1.28722675e-07,0.0390715636,0.0078125
3,124,1,7,3.2945361e-06,7.6247062e-08,0.0231434889,0.0078125
3,124,1,8,3.2945361e-06,4.38550245e-08,0.0133114411,0.0078125
3,124,1,9,3.2945361e-06,2.71602687e-08,0.0082440339,0.0078125
3,125,1,0,3.25054498e-06,2.05145921e-06,0.631112397,0.0078125
3,125,1,1,3.25054498e-06,1.50143376e-06,0.461902171,0.0078125
3,125,1,2,3.25054498e-06,1.17193099e-06,0.360533684,0.0078125
3,125,1,3,3.25054498e-06,7.70076554e-07,0.236906901,0.0078125
3,125,1,4,3.25054498e-06,4.3990363e-07,0.135332271,0.0078125
3,125,1,5,3.25054498e-06,2.35491584e-07,0.0724468008,0.0078125
3,125,1,6,3.25054498e-06,1.32213927e-07,0.0406743884,0.0078125
3,125,1,7,3.25054498e-06,7.76143381e-08,0.0238773301,0.0078125
3,125,1,8,3.25054498e-06,4.41747936e-08,0.0135899652,0.0078125
3,125,1,9,3.25054498e-06,2.74346128e-08,0.00844000373,0.0078125
3,126,1,0,3.44006912e-06,2.07910898e-06,0.604380012,0.0078125
3,126,1,1,3.44006912e-06,1.5185941e-06,0.441442907,0.0078125
3,126,1,2,3.44006912e-06,1.1936836e-06,0.346994072,0.0078125
3,126,1,3,3.44006912e-06,7.86369242e-07,0.228591114,0.0078125
3,126,1,4,3.44006912e-06,4.48591834e-07,0.130401984,0.0078125
3,126,1,5,3.44006912e-06,2.44779216e-07,0.0711553171,0.0078125
3,126,1,6,3.44006912e-06,1.35580763e-07,0.0394122191,0.0078125
3,126,1,7,3.44006912e-06,8.12041208e-08,0.0236053746,0.0078125
3,126,1,8,3.44006912e-06,4.61182843e-08,0.0134062087,0.0078125
3,126,1,9,3.44006912e-06,2.87180697e-08,0.00834810827,0.0078125
3,127,1,0,3.32758941e-06,2.07016524e-06,0.622121572,0.0078125
3,127,1,1,3.32758941e-06,1.4807805e-06,0.445000976,0.0078125
3,127,1,2,3.32758941e-06,1.16655463e-06,0.35057047,0.0078125
3,127,1,3,3.32758941e-06,7.72371266e-07,0.23211135,0.0078125
3,127,1,4,3.32758941e-06,4.39486996e-07,0.132073686,0.0078125
3,127,1,5,3.32758941e-06,2.38485654e-07,0.0716691986,0.0078125
3,127,1,6,3.32758941e-06,1.3240394e-07,0.0397897474,0.0078125
3,127,1,7,3.32758941e-06,7.93231649e-08,0.0238380264,0.0078125
3,127,1,8,3.32758941e-06,4.62294487e-08,0.0138927745,0.0078125
3,127,1,9,3.32758941e-06,2.8670545e-08,0.00861601066,0.0078125
3,128,1,0,3.01916702e-06,2.07478638e-06,0.687204897,0.0078125
3,128,1,1,3.01916702e-06,1.57432419e-06,0.521443248,0.0078125
3,128,1,2,3.01916702e-06,1.22842812e-06,0.406876504,0.0078125
3,128,1,3,3.01916702e-06,7.96789493e-07,0.263910383,0.0078125
3,128,1,4,3.01916702e-06,4.47520932e-07,0.148226619,0.0078125
3,128,1,5,3.01916702e-06,2.4586447e-07,0.0814345405,0.0078125
3,128,1,6,3.01916702e-06,1.3823778e-07,0.0457867272,0.0078125
3,128,1,7,3.01916702e-06,8.18127717e-08,0.0270977952,0.0078125
3,128,1,8,3.01916702e-06,4.75183342e-08,0.0157388896,0.0078125
3,128,1,9,3.01916702e-06,2.92058395e-08,0.00967347622,0.0078125
3,129,1,0,3.17583522e-06,2.05953143e-06,0.648500741,0.0078125
3,129,1,1,3.17583522e-06,1.55955649e-06,0.491069704,0.0078125
3,129,1,2,3.17583522e-06,1.24147527e-06,0.39091301,0.0078125
3,129,1,3,3.17583522e-06,8.0193621e-07,0.252511919,0.0078125
3,129,1,4,3.17583522e-06,4.54415499e-07,0.143085346,0.0078125
3,129,1,5,3.17583522e-06,2.51997307e-07,0.0793483555,0.0078125
3,129,1,6,3.17583522e-06,1.42421399e-07,0.0448453352,0.0078125
3,129,1,7,3.17583522e-06,8.53837037e-08,0.0268854331,0.0078125
3,129,1,8,3.17583522e-06,5.05207005e-08,0.0159078464,0.0078125
3,129,1,9,3.17583522e-06,3.0816647e-08,0.00970347784,0.0078125
3,130,1,0,3.21530138e-06,2.1193182e-06,0.659135163,0.0078125
3,130,1,1,3.21530138e-06,1.55652992e-06,0.484100789,0.0078125
3,130,1,2,3.21530138e-06,1.23675659e-06,0.384647161,0.0078125
3,130,1,3,3.21530138e-06,7.96322013e-07,0.247666374,0.0078125
3,130,1,4,3.21530138e-06,4.50086958e-07,0.13998282,0.0078125
3,130,1,5,3.21530138e-06,2.44858768e-07,0.0761542171,0.0078125
3,130,1,6,3.21530138e-06,1.38047497e-07,0.0429345444,0.0078125
3,130,1,7,3.21530138e-06,8.20847177e-08,0.0255294014,0.0078125
3,130,1,8,3.21530138e-06,4.97637771e-08,0.015477173,0.0078125
3,130,1,9,3.21530138e-06,3.03812726e-08,0.00944896601,0.0078125
3,131,1,0,3.34328706e-06,2.12797681e-06,0.636492431,0.0078125
3,131,1,1,3.34328706e-06,1.56201702e-06,0.467209965,0.0078125
3,131,1,2,3.34328706e-06,1.23224447e-06,0.368572742,0.0078125
3,131,1,3,3.34328706e-06,7.90899662e-07,0.236563489,0.0078125
3,131,1,4,3.34328706e-06,4.38227346e-07,0.131076798,0.0078125
3,131,1,5,3.34328706e-06,2.46764927e-07,0.0738090724,0.0078125
3,131,1,6,3.34328706e-06,1.43867183e-07,0.043031659,0.0078125
3,131,1,7,3.34328706e-06,8.58860076e-08,0.0256890915,0.0078125
3,131,1,8,3.34328706e-06,5.14071417e-08,0.015376227,0.0078125
3,131,1,9,3.34328706e-06,3.14885966e-08,0.00941845402,0.0078125
3,132,1,0,3.12406814e-06,2.0808784e-06,0.6660797,0.0078125
3,132,1,1,3.12406814e-06,1.55353655e-06,0.497279972,0.0078125
3,132,1,2,3.12406814e-06,1.21643222e-06,0.389374435,0.0078125
3,132,1,3,3.12406814e-06,7.71975976e-07,0.247106001,0.0078125
3,132,1,4,3.12406814e-06,4.26903796e-07,0.136649966,0.0078125
3,132,1,5,3.12406814e-06,2.44659475e-07,0.0783143863,0.0078125
3,132,1,6,3.12406814e-06,1.41685874e-07,0.0453530028,0.0078125
3,132,1,7,3.12406814e-06,8.58256612e-08,0.0274724029,0.0078125
3,132,1,8,3.12406814e-06,5.1965575e-08,0.0166339446,0.0078125
3,132,1,9,3.12406814e-06,3.13335065e-08,0.0100297127,0.0078125
3,133,1,0,3.21458901e-06,2.09912764e-06,0.653000295,0.0078125
3,133,1,1,3.21458901e-06,1.57915383e-06,0.491245955,0.0078125
3,133,1,2,3.21458901e-06,1.23315374e-06,0.383611619,0.0078125
3,133,1,3,3.21458901e-06,7.66911e-07,0.238572016,0.0078125
3,133,1,4,3.21458901e-06,4.33858702e-07,0.134965524,0.0078125
3,133,1,5,3.21458901e-06,2.41344765e-07,0.075077951,0.0078125
3,133,1,6,3.21458901e-06,1.3608495e-07,0.042333547,0.0078125
3,133,1,7,3.21458901e-06,8.08365499e-08,0.0251467768,0.0078125
3,133,1,8,3.21458901e-06,4.85380411e-08,0.0150992991,0.0078125
3,133,1,9,3.21458901e-06,2.93780751e-08,0.00913898367,0.0078125
3,134,1,0,3.30762373e-06,2.22567246e-06,0.672891676,0.0078125
3,134,1,1,3.30762373e-06,1.60166962e-06,0.484235734,0.0078125
3,134,1,2,3.30762373e-06,1.22699555e-06,0.370959848,0.0078125
3,134,1,3,3.30762373e-06,7.64095887e-07,0.231010526,0.0078125
3,134,1,4,3.30762373e-06,4.23660737e-07,0.128086135,0.0078125
3,134,1,5,3.30762373e-06,2.3523755e-07,0.0711198002,0.0078125
3,134,1,6,3.30762373e-06,1.33899306e-07,0.0404820256,0.0078125
3,134,1,7,3.30762373e-06,7.82654297e-08,0.0236621313,0.0078125
3,134,1,8,3.30762373e-06,4.66565879e-08,0.0141057726,0.0078125
3,134,1,9,3.30762373e-06,2.81138064e-08,0.00849969871,0.0078125
3,135,1,0,3.1667912e-06,2.20440711e-06,0.696101189,0.0078125
3,135,1,1,3.1667912e-06,1.61907008e-06,0.511265159,0.0078125
3,135,1,2,3.1667912e-06,1.23898053e-06,0.39124161,0.0078125
3,135,1,3,3.1667912e-06,7.4403448e-07,0.234949023,0.0078125
3,135,1,4,3.1667912e-06,4.0088608e-07,0.126590624,0.0078125
3,135,1,5,3.1667912e-06,2.26376002e-07,0.0714843497,0.0078125
3,135,1,6,3.1667912e-06,1.28977803e-07,0.04072823,0.0078125
3,135,1,7,3.1667912e-06,7.54907816e-08,0.0238382574,0.0078125
3,135,1,8,3.1667912e-06,4.42637962e-08,0.0139774913,0.0078125
3,135,1,9,3.1667912e-06,2.66669744e-08,0.00842081849,0.0078125
3,136,1,0,3.14185218e-06,2.06231539e-06,0.656401157,0.0078125
3,136,1,1,3.14185218e-06,1.51439883e-06,0.482008308,0.0078125
3,136,1,2,3.14185218e-06,1.16950071e-06,0.372232884,0.0078125
3,136,1,3,3.14185218e-06,7.38255721e-07,0.234974682,0.0078125
3,136,1,4,3.14185218e-06,4.11344217e-07,0.130924121,0.0078125
3,136,1,5,3.14185218e-06,2.34018501e-07,0.0744842514,0.0078125
3,136,1,6,3.14185218e-06,1.31391246e-07,0.0418196768,0.0078125
3,136,1,7,3.14185218e-06,7.65409638e-08,0.0243617333,0.0078125
3,136,1,8,3.14185218e-06,4.42455246e-08,0.0140826246,0.0078125
3,136,1,9,3.14185218e-06,2.65183093e-08,0.00844034273,0.0078125
3,137,1,0,3.11612757e-06,2.08984966e-06,0.670656025,0.0078125
3,137,1,1,3.11612757e-06,1.50953281e-06,0.484425873,0.0078125
3,137,1,2,3.11612757e-06,1.16947365e-06,0.375297099,0.0078125
3,137,1,3,3.11612757e-06,7.32281023e-07,0.234997123,0.0078125
3,137,1,4,3.11612757e-06,4.03020948e-07,0.129333898,0.0078125
3,137,1,5,3.11612757e-06,2.28176418e-07,0.0732243508,0.0078125
3,137,1,6,3.11612757e-06,1.28562263e-07,0.0412570611,0.0078125
3,137,1,7,3.11612757e-06,7.66233939e-08,0.0245893002,0.0078125
3,137,1,8,3.11612757e-06,4.48817481e-08,0.0144030526,0.0078125
3,137,1,9,3.11612757e-06,2.67643543e-08,0.00858897902,0.0078125
3,138,1,0,3.36004496e-06,2.09110772e-06,0.62234515,0.0078125
3,138,1,1,3.36004496e-06,1.50639528e-06,0.448325932,0.0078125
3,138,1,2,3.36004496e-06,1.19167794e-06,0.354661316,0.0078125
3,138,1,3,3.36004496e-06,7.67442941e-07,0.228402585,0.0078125
3,138,1,4,3.36004496e-06,4.281938e-07,0.127436921,0.0078125
3,138,1,5,3.36004496e-06,2.41944974e-07,0.0720064715,0.0078125
3,138,1,6,3.36004496e-06,1.4161769e-07,0.0421475582,0.0078125
3,138,1,7,3.36004496e-06,8.35887235e-08,0.0248772632,0.0078125
3,138,1,8,3.36004496e-06,4.90196577e-08,0.0145889884,0.0078125
3,138,1,9,3.36004496e-06,2.91921971e-08,0.00868803728,0.0078125
3,139,1,0,3.37676693e-06,2.07632229e-06,0.614884675,0.0078125
3,139,1,1,3.37676693e-06,1.5064528e-06,0.446122825,0.0078125
3,139,1,2,3.37676693e-06,1.1871216e-06,0.351555675,0.0078125
3,139,1,3,3.37676693e-06,7.60557441e-07,0.225232437,0.0078125
3,139,1,4,3.37676693e-06,4.11163654e-07,0.121762522,0.0078125
3,139,1,5,3.37676693e-06,2.30921486e-07,0.0683853775,0.0078125
3,139,1,6,3.37676693e-06,1.32345718e-07,0.0391930267,0.0078125
3,139,1,7,3.37676693e-06,7.87059093e-08,0.0233080667,0.0078125
3,139,1,8,3.37676693e-06,4.62104559e-08,0.0136848222,0.0078125
3,139,1,9,3.37676693e-06,2.771678e-08,0.00820808206,0.0078125
3,140,1,0,3.42306839e-06,2.06183563e-06,0.602335513,0.0078125
3,140,1,1,3.42306839e-06,1.44940816e-06,0.423423678,0.0078125
3,140,1,2,3.42306839e-06,1.14179227e-06,0.333558112,0.0078125
3,140,1,3,3.42306839e-06,7.47662057e-07,0.218418673,0.0078125
3,140,1,4,3.42306839e-06,4.06582586e-07,0.11877723,0.0078125
3,140,1,5,3.42306839e-06,2.2737035e-07,0.0664229617,0.0078125
3,140,1,6,3.42306839e-06,1.31353204e-07,0.0383729413,0.0078125
3,140,1,7,3.42306839e-06,7.7967627e-08,0.0227771159,0.0078125
3,140,1,8,3.42306839e-06,4.61803893e-08,0.0134909339,0.0078125
3,140,1,9,3.42306839e-06,2.74853811e-08,0.00802945718,0.0078125
3,141,1,0,3.30372018e-06,1.99884562e-06,0.605028749,0.0078125
3,141,1,1,3.30372018e-06,1.46154287e-06,0.442393064,0.0078125
3,141,1,2,3.30372018e-06,1.17701791e-06,0.356270462,0.0078125
3,141,1,3,3.30372018e-06,7.96848212e-07,0.241197243,0.0078125
3,141,1,4,3.30372018e-06,4.35128044e-07,0.131708503,0.0078125
3,141,1,5,3.30372018e-06,2.38822167e-07,0.0722888634,0.0078125
3,141,1,6,3.30372018e-06,1.3512728e-07,0.0409015529,0.0078125
3,141,1,7,3.30372018e-06,7.95807438e-08,0.0240882225,0.0078125
3,141,1,8,3.30372018e-06,4.7260567e-08,0.0143052572,0.0078125
3,141,1,9,3.30372018e-06,2.82319164e-08,0.00854549278,0.0078125
3,142,1,0,3.34172387e-06,2.05733204e-06,0.615649939,0.0078125
3,142,1,1,3.34172387e-06,1.50976268e-06,0.451791584,0.0078125
3,142,1,2,3.34172387e-06,1.23161806e-06,0.368557692,0.0078125
3,142,1,3,3.34172387e-06,8.14568921e-07,0.243757099,0.0078125
3,142,1,4,3.34172387e-06,4.42939523e-07,0.132548213,0.0078125
3,142,1,5,3.34172387e-06,2.40371804e-07,0.071930483,0.0078125
3,142,1,6,3.34172387e-06,1.38319777e-07,0.0413917452,0.0078125
3,142,1,7,3.34172387e-06,8.06942566e-08,0.0241474938,0.0078125
3,142,1,8,3.34172387e-06,4.81037539e-08,0.0143948914,0.0078125
3,142,1,9,3.34172387e-06,2.92221074e-08,0.00874462072,0.0078125
3,143,1,0,3.29215914e-06,2.11262795e-06,0.64171499,0.0078125
3,143,1,1,3.29215914e-06,1.56011095e-06,0.473886847,0.0078125
3,143,1,2,3.29215914e-06,1.2411399e-06,0.376998752,0.0078125
3,143,1,3,3.29215914e-06,8.27665303e-07,0.251405001,0.0078125
3,143,1,4,3.29215914e-06,4.54211602e-07,0.137967691,0.0078125
3,143,1,5,3.29215914e-06,2.46438134e-07,0.0748560801,0.0078125
3,143,1,6,3.29215914e-06,1.41760182e-07,0.0430599414,0.0078125
3,143,1,7,3.29215914e-06,8.29342781e-08,0.0251914542,0.0078125
3,143,1,8,3.29215914e-06,4.96219954e-08,0.0150727816,0.0078125
3,143,1,9,3.29215914e-06,2.96532185e-08,0.00900722481,0.0078125
3,144,1,0,3.20784034e-06,2.09956852e-06,0.654511511,0.0078125
3,144,1,1,3.20784034e-06,1.53575934e-06,0.478751808,0.0078125
3,144,1,2,3.20784034e-06,1.23312293e-06,0.38440907,0.0078125
3,144,1,3,3.20784034e-06,8.27685085e-07,0.258019418,0.0078125
3,144,1,4,3.20784034e-06,4.38135885e-07,0.136582822,0.0078125
3,144,1,5,3.20784034e-06,2.42702981e-07,0.0756593049,0.0078125
3,144,1,6,3.20784034e-06,1.35951922e-07,0.0423811376,0.0078125
3,144,1,7,3.20784034e-06,7.9027302e-08,0.0246356726,0.0078125
3,144,1,8,3.20784034e-06,4.84196399e-08,0.0150941554,0.0078125
3,144,1,9,3.20784034e-06,2.86887225e-08,0.00894331373,0.0078125
3,145,1,0,3.39624398e-06,2.1589924e-06,0.635700047,0.0078125
3,145,1,1,3.39624398e-06,1.53729775e-06,0.452646434,0.0078125
3,145,1,2,3.39624398e-06,1.21130563e-06,0.356660366,0.0078125
3,145,1,3,3.39624398e-06,8.16287752e-07,0.240350157,0.0078125
3,145,1,4,3.39624398e-06,4.45021925e-07,0.131033555,0.0078125
3,145,1,5,3.39624398e-06,2.51159179e-07,0.0739520416,0.0078125
3,145,1,6,3.39624398e-06,1.41245266e-07,0.0415886678,0.0078125
3,145,1,7,3.39624398e-06,8.2693596e-08,0.024348544,0.0078125
3,145,1,8,3.39624398e-06,5.05712698e-08,0.0148903523,0.0078125
3,145,1,9,3.39624398e-06,2.99450846e-08,0.00881711859,0.0078125
3,146,1,0,3.50135906e-06,2.21415166e-06,0.63236922,0.0078125
3,146,1,1,3.50135906e-06,1.56970111e-06,0.448311955,0.0078125
3,146,1,2,3.50135906e-06,1.22771496e-06,0.350639552,0.0078125
3,146,1,3,3.50135906e-06,8.23348216e-07,0.235151038,0.0078125
3,146,1,4,3.50135906e-06,4.51815652e-07,0.129040077,0.0078125
3,146,1,5,3.50135906e-06,2.5120076e-07,0.0717437863,0.0078125
3,146,1,6,3.50135906e-06,1.45736706e-07,0.0416228957,0.0078125
3,146,1,7,3.50135906e-06,8.28597067e-08,0.0236650128,0.0078125
3,146,1,8,3.50135906e-06,5.02027682e-08,0.0143380808,0.0078125
3,146,1,9,3.50135906e-06,2.91726252e-08,0.00833180081,0.0078125
3,147,1,0,3.50409823e-06,2.17420325e-06,0.620474398,0.0078125
3,147,1,1,3.50409823e-06,1.52873031e-06,0.436269253,0.0078125
3,147,1,2,3.50409823e-06,1.19861329e-06,0.342060417,0.0078125
3,147,1,3,3.50409823e-06,8.16877048e-07,0.233120471,0.0078125
3,147,1,4,3.50409823e-06,4.53375776e-07,0.129384443,0.0078125
3,147,1,5,3.50409823e-06,2.58022311e-07,0.0736344382,0.0078125
3,147,1,6,3.50409823e-06,1.4675669e-07,0.0418814421,0.0078125
3,147,1,7,3.50409823e-06,8.50157562e-08,0.024261808,0.0078125
3,147,1,8,3.50409823e-06,5.11524298e-08,0.0145978872,0.0078125
3,147,1,9,3.50409823e-06,2.90432514e-08,0.00828836672,0.0078125
3,148,1,0,3.58295279e-06,2.17102934e-06,0.605933011,0.0078125
3,148,1,1,3.58295279e-06,1.53439714e-06,0.428249329,0.0078125
3,148,1,2,3.58295279e-06,1.20566574e-06,0.336500585,0.0078125
3,148,1,3,3.58295279e-06,8.38933033e-07,0.234145716,0.0078125
3,148,1,4,3.58295279e-06,4.61768849e-07,0.128879413,0.0078125
3,148,1,5,3.58295279e-06,2.6387653e-07,0.0736477822,0.0078125
3,148,1,6,3.58295279e-06,1.47184764e-07,0.0410791822,0.0078125
3,148,1,7,3.58295279e-06,8.5045933e-08,0.0237362701,0.0078125
3,148,1,8,3.58295279e-06,5.09434841e-08,0.0142182959,0.0078125
3,148,1,9,3.58295279e-06,2.98083656e-08,0.00831949711,0.0078125
3,149,1,0,3.79607309e-06,2.26433076e-06,0.596492946,0.0078125
3,149,1,1,3.79607309e-06,1.64273774e-06,0.432746619,0.0078125
3,149,1,2,3.79607309e-06,1.28107888e-06,0.337474763,0.0078125
3,149,1,3,3.79607309e-06,8.44065767e-07,0.222352356,0.0078125
3,149,1,4,3.79607309e-06,4.58862246e-07,0.120878138,0.0078125
3,149,1,5,3.79607309e-06,2.65476899e-07,0.069934614,0.0078125
3,149,1,6,3.79607309e-06,1.50482876e-07,0.039641723,0.0078125
3,149,1,7,3.79607309e-06,8.59566214e-08,0.0226435624,0.0078125
3,149,1,8,3.79607309e-06,5.13264631e-08,0.0135209365,0.0078125
3,149,1,9,3.79607309e-06,3.00392813e-08,0.00791325141,0.0078125
3,150,1,0,3.5908306e-06,2.11891643e-06,0.590090871,0.0078125
3,150,1,1,3.5908306e-06,1.5322189e-06,0.426703185,0.0078125
3,150,1,2,3.5908306e-06,1.20614288e-06,0.33589524,0.0078125
3,150,1,3,3.5908306e-06,8.08443303e-07,0.225141034,0.0078125
3,150,1,4,3.5908306e-06,4.58946118e-07,0.127810568,0.0078125
3,150,1,5,3.5908306e-06,2.64401478e-07,0.0736324042,0.0078125
3,150,1,6,3.5908306e-06,1.5009266e-07,0.041798871,0.0078125
3,150,1,7,3.5908306e-06,8.45479065e-08,0.0235455018,0.0078125
3,150,1,8,3.5908306e-06,4.99984196e-08,0.0139239151,0.0078125
3,150,1,9,3.5908306e-06,2.97191889e-08,0.0082764104,0.0078125
3,151,1,0,3.65874712e-06,2.20650145e-06,0.603075683,0.0078125
3,151,1,1,3.65874712e-06,1.64294067e-06,0.449044615,0.0078125
3,151,1,2,3.65874712e-06,1.27460487e-06,0.348371953,0.0078125
3,151,1,3,3.65874712e-06,8.25124232e-07,0.225520983,0.0078125
3,151,1,4,3.65874712e-06,4.70956167e-07,0.128720611,0.0078125
3,151,1,5,3.65874712e-06,2.68916153e-07,0.0734995157,0.0078125
3,151,1,6,3.65874712e-06,1.55638332e-07,0.042538695,0.0078125
3,151,1,7,3.65874712e-06,8.67536514e-08,0.0237112995,0.0078125
3,151,1,8,3.65874712e-06,5.29667545e-08,0.0144767463,0.0078125
3,151,1,9,3.65874712e-06,3.12152757e-08,0.00853168406,0.0078125
3,152,1,0,3.80715892e-06,2.31246327e-06,0.607398689,0.0078125
3,152,1,1,3.80715892e-06,1.72043167e-06,0.451893836,0.0078125
3,152,1,2,3.80715892e-06,1.29960245e-06,0.341357559,0.0078125
3,152,1,3,3.80715892e-06,8.18475939e-07,0.214983389,0.0078125
3,152,1,4,3.80715892e-06,4.68038451e-07,0.122936413,0.0078125
3,152,1,5,3.80715892e-06,2.68992324e-07,0.0706543475,0.0078125
3,152,1,6,3.80715892e-06,1.5600618e-07,0.0409770608,0.0078125
3,152,1,7,3.80715892e-06,8.66109673e-08,0.0227495022,0.0078125
3,152,1,8,3.80715892e-06,5.31322577e-08,0.0139558809,0.0078125
3,152,1,9,3.80715892e-06,3.1503177e-08,0.00827472098,0.0078125
3,153,1,0,3.70555108e-06,2.2679551e-06,0.612042606,0.0078125
3,153,1,1,3.70555108e-06,1.71363638e-06,0.46245116,0.0078125
3,153,1,2,3.70555108e-06,1.31763579e-06,0.355584294,0.0078125
3,153,1,3,3.70555108e-06,8.27197539e-07,0.223231986,0.0078125
3,153,1,4,3.70555108e-06,4.65088021e-07,0.125511155,0.0078125
3,153,1,5,3.70555108e-06,2.70434185e-07,0.0729808286,0.0078125
3,153,1,6,3.70555108e-06,1.55077004e-07,0.0418499149,0.0078125
3,153,1,7,3.70555108e-06,8.79006521e-08,0.0237213448,0.0078125
3,153,1,8,3.70555108e-06,5.38990683e-08,0.0145454928,0.0078125
3,153,1,9,3.70555108e-06,3.26664065e-08,0.00881553255,0.0078125
3,154,1,0,3.55990801e-06,2.1572896e-06,0.605995893,0.0078125
3,154,1,1,3.55990801e-06,1.60020522e-06,0.449507475,0.0078125
3,154,1,2,3.55990801e-06,1.21522123e-06,0.341363102,0.0078125
3,154,1,3,3.55990801e-06,7.82615302e-07,0.219841436,0.0078125
3,154,1,4,3.55990801e-06,4.57345834e-07,0.128471255,0.0078125
3,154,1,5,3.55990801e-06,2.69953119e-07,0.0758314878,0.0078125
3,154,1,6,3.55990801e-06,1.55783482e-07,0.0437605344,0.0078125
3,154,1,7,3.55990801e-06,8.93112215e-08,0.02508807,0.0078125
3,154,1,8,3.55990801e-06,5.41189529e-08,0.0152023463,0.0078125
3,154,1,9,3.55990801e-06,3.27796599e-08,0.00920800772,0.0078125
3,155,1,0,3.74422598e-06,2.27370492e-06,0.607256353,0.0078125
3,155,1,1,3.74422598e-06,1.63739367e-06,0.437311649,0.0078125
3,155,1,2,3.74422598e-06,1.22312861e-06,0.326670617,0.0078125
3,155,1,3,3.74422598e-06,7.92463425e-07,0.211649463,0.0078125
3,155,1,4,3.74422598e-06,4.60171321e-07,0.122901589,0.0078125
3,155,1,5,3.74422598e-06,2.7259992e-07,0.0728054121,0.0078125
3,155,1,6,3.74422598e-06,1.54356911e-07,0.0412253179,0.0078125
3,155,1,7,3.74422598e-06,8.6195179e-08,0.0230208263,0.0078125
3,155,1,8,3.74422598e-06,5.14121083e-08,0.0137310382,0.0078125
3,155,1,9,3.74422598e-06,3.16571089e-08,0.0084549142,0.0078125
3,156,1,0,3.83249335e-06,2.19936283e-06,0.573872566,0.0078125
3,156,1,1,3.83249335e-06,1.60052218e-06,0.41761905,0.0078125
3,156,1,2,3.83249335e-06,1.21009316e-06,0.315745652,0.0078125
3,156,1,3,3.83249335e-06,7.89795592e-07,0.206078798,0.0078125
3,156,1,4,3.83249335e-06,4.59692956e-07,0.119946182,0.0078125
3,156,1,5,3.83249335e-06,2.65427843e-07,0.0692572221,0.0078125
3,156,1,6,3.83249335e-06,1.49820963e-07,0.0390922949,0.0078125
3,156,1,7,3.83249335e-06,8.47539567e-08,0.022114573,0.0078125
3,156,1,8,3.83249335e-06,5.07241928e-08,0.013235298,0.0078125
3,156,1,9,3.83249335e-06,3.11365511e-08,0.00812435895,0.0078125
3,157,1,0,3.69727854e-06,2.25991812e-06,0.611238241,0.0078125
3,157,1,1,3.69727854e-06,1.64955873e-06,0.446154833,0.0078125
3,157,1,2,3.69727854e-06,1.21436119e-06,0.328447312,0.0078125
3,157,1,3,3.69727854e-06,7.94446521e-07,0.214873329,0.0078125
3,157,1,4,3.69727854e-06,4.58183422e-07,0.123924509,0.0078125
3,157,1,5,3.69727854e-06,2.71633439e-07,0.073468484,0.0078125
3,157,1,6,3.69727854e-06,1.52652319e-07,0.0412877537,0.0078125
3,157,1,7,3.69727854e-06,8.83375932e-08,0.0238925982,0.0078125
3,157,1,8,3.69727854e-06,5.42726823e-08,0.0146790892,0.0078125
3,157,1,9,3.69727854e-06,3.32102807e-08,0.0089823585,0.0078125
3,158,1,0,3.59546402e-06,2.27239229e-06,0.63201642,0.0078125
3,158,1,1,3.59546402e-06,1.67475832e-06,0.465797544,0.0078125
3,158,1,2,3.59546402e-06,1.24377652e-06,0.345929354,0.0078125
3,158,1,3,3.59546402e-06,8.14050907e-07,0.226410523,0.0078125
3,158,1,4,3.59546402e-06,4.59063187e-07,0.127678424,0.0078125
3,158,1,5,3.59546402e-06,2.75213267e-07,0.0765445754,0.0078125
3,158,1,6,3.59546402e-06,1.56204081e-07,0.0434447639,0.0078125
3,158,1,7,3.59546402e-06,9.05743462e-08,0.025191281,0.0078125
3,158,1,8,3.59546402e-06,5.45437082e-08,0.0151701439,0.0078125
3,158,1,9,3.59546402e-06,3.29354783e-08,0.00916028582,0.0078125
3,159,1,0,3.64916059e-06,2.40281679e-06,0.658457398,0.0078125
3,159,1,1,3.64916059e-06,1.78415439e-06,0.488921851,0.0078125
3,159,1,2,3.64916059e-06,1.32789853e-06,0.363891512,0.0078125
3,159,1,3,3.64916059e-06,8.40636005e-07,0.230364218,0.0078125
3,159,1,4,3.64916059e-06,4.68623369e-07,0.128419504,0.0078125
3,159,1,5,3.64916059e-06,2.7833849e-07,0.0762746632,0.0078125
3,159,1,6,3.64916059e-06,1.61939184e-07,0.0443771072,0.0078125
3,159,1,7,3.64916059e-06,9.42427789e-08,0.0258258786,0.0078125
3,159,1,8,3.64916059e-06,5.54911885e-08,0.0152065624,0.0078125
3,159,1,9,3.64916059e-06,3.31032766e-08,0.00907147676,0.0078125
3,160,1,0,3.63067261e-06,2.41092516e-06,0.664043665,0.0078125
3,160,1,1,3.63067261e-06,1.75092259e-06,0.482258469,0.0078125
3,160,1,2,3.63067261e-06,1.29137948e-06,0.355686009,0.0078125
3,160,1,3,3.63067261e-06,8.3129413e-07,0.228964224,0.0078125
3,160,1,4,3.63067261e-06,4.60882035e-07,0.126941234,0.0078125
3,160,1,5,3.63067261e-06,2.73933466e-07,0.0754497871,0.0078125
3,160,1,6,3.63067261e-06,1.56288763e-07,0.0430467799,0.0078125
3,160,1,7,3.63067261e-06,9.08400892e-08,0.0250201821,0.0078125
3,160,1,8,3.63067261e-06,5.43960255e-08,0.0149823548,0.0078125
3,160,1,9,3.63067261e-06,3.27127587e-08,0.00901011005,0.0078125
3,161,1,0,3.64162838e-06,2.34421918e-06,0.643728256,0.0078125
3,161,1,1,3.64162838e-06,1.76368599e-06,0.484312445,0.0078125
3,161,1,2,3.64162838e-06,1.30856438e-06,0.359334946,0.0078125
3,161,1,3,3.64162838e-06,8.32362218e-07,0.228568688,0.0078125
3,161,1,4,3.64162838e-06,4.73239282e-07,0.129952654,0.0078125
3,161,1,5,3.64162838e-06,2.77173996e-07,0.0761126503,0.0078125
3,161,1,6,3.64162838e-06,1.60156404e-07,0.0439793393,0.0078125
3,161,1,7,3.64162838e-06,9.09094382e-08,0.0249639526,0.0078125
3,161,1,8,3.64162838e-06,5.36007221e-08,0.0147188883,0.0078125
3,161,1,9,3.64162838e-06,3.16386881e-08,0.00868806057,0.0078125
3,162,1,0,3.64482366e-06,2.34144727e-06,0.642403424,0.0078125
3,162,1,1,3.64482366e-06,1.76066226e-06,0.483058274,0.0078125
3,162,1,2,3.64482366e-06,1.30656679e-06,0.35847187,0.0078125
3,162,1,3,3.64482366e-06,8.35441767e-07,0.229213223,0.0078125
3,162,1,4,3.64482366e-06,4.68572125e-07,0.128558248,0.0078125
3,162,1,5,3.64482366e-06,2.78333459e-07,0.0763640404,0.0078125
3,162,1,6,3.64482366e-06,1.63428169e-07,0.0448384285,0.0078125
3,162,1,7,3.64482366e-06,9.39531191e-08,0.0257771369,0.0078125
3,162,1,8,3.64482366e-06,5.61412072e-08,0.0154029969,0.0078125
3,162,1,9,3.64482366e-06,3.31210472e-08,0.00908714626,0.0078125
3,163,1,0,3.70576367e-06,2.42279043e-06,0.653789759,0.0078125
3,163,1,1,3.70576367e-06,1.70554245e-06,0.460240483,0.0078125
3,163,1,2,3.70576367e-06,1.25004578e-06,0.337324739,0.0078125
3,163,1,3,3.70576367e-06,8.25082282e-07,0.222648382,0.0078125
3,163,1,4,3.70576367e-06,4.66824247e-07,0.12597248,0.0078125
3,163,1,5,3.70576367e-06,2.7725747e-07,0.0748179033,0.0078125
3,163,1,6,3.70576367e-06,1.63219738e-07,0.0440448336,0.0078125
3,163,1,7,3.70576367e-06,9.46300176e-08,0.025535902,0.0078125
3,163,1,8,3.70576367e-06,5.73064369e-08,0.0154641373,0.0078125
3,163,1,9,3.70576367e-06,3.33772903e-08,0.0090068588,0.0078125
3,164,1,0,3.77829701e-06,2.31438071e-06,0.612545967,0.0078125
3,164,1,1,3.77829701e-06,1.65407971e-06,0.437784463,0.0078125
3,164,1,2,3.77829701e-06,1.25452925e-06,0.332035631,0.0078125
3,164,1,3,3.77829701e-06,8.42384338e-07,0.222953439,0.0078125
3,164,1,4,3.77829701e-06,4.80154881e-07,0.127082348,0.0078125
3,164,1,5,3.77829701e-06,2.83989664e-07,0.0751634017,0.0078125
3,164,1,6,3.77829701e-06,1.63174263e-07,0.0431872532,0.0078125
3,164,1,7,3.77829701e-06,9.58983222e-08,0.0253813621,0.0078125
3,164,1,8,3.77829701e-06,5.69573011e-08,0.0150748603,0.0078125
3,164,1,9,3.77829701e-06,3.35948833e-08,0.00889154151,0.0078125
3,165,1,0,3.68350652e-06,2.12961595e-06,0.57814908,0.0078125
3,165,1,1,3.68350652e-06,1.55886062e-06,0.42320019,0.0078125
3,165,1,2,3.68350652e-06,1.23141967e-06,0.334306359,0.0078125
3,165,1,3,3.68350652e-06,8.62989566e-07,0.234284788,0.0078125
3,165,1,4,3.68350652e-06,4.932553e-07,0.133909166,0.0078125
3,165,1,5,3.68350652e-06,2.84561764e-07,0.0772529542,0.0078125
3,165,1,6,3.68350652e-06,1.63843112e-07,0.0444802009,0.0078125
3,165,1,7,3.68350652e-06,9.52356345e-08,0.0258546136,0.0078125
3,165,1,8,3.68350652e-06,5.75818326e-08,0.0156323425,0.0078125
3,165,1,9,3.68350652e-06,3.3839072e-08,0.00918664597,0.0078125
3,166,1,0,3.64111679e-06,2.15932778e-06,0.593039989,0.0078125
3,166,1,1,3.64111679e-06,1.62436675e-06,0.446117729,0.0078125
3,166,1,2,3.64111679e-06,1.26424027e-06,0.347212225,0.0078125
3,166,1,3,3.64111679e-06,8.73813747e-07,0.239985093,0.0078125
3,166,1,4,3.64111679e-06,5.02064097e-07,0.137887388,0.0078125
3,166,1,5,3.64111679e-06,2.90552123e-07,0.0797975287,0.0078125
3,166,1,6,3.64111679e-06,1.6855499e-07,0.0462921113,0.0078125
3,166,1,7,3.64111679e-06,9.86657014e-08,0.027097648,0.0078125
3,166,1,8,3.64111679e-06,5.77388271e-08,0.0158574507,0.0078125
3,166,1,9,3.64111679e-06,3.38832109e-08,0.00930571929,0.0078125
3,167,1,0,3.57701356e-06,2.12804957e-06,0.594923556,0.0078125
3,167,1,1,3.57701356e-06,1.60471984e-06,0.448619992,0.0078125
3,167,1,2,3.57701356e-06,1.25122881e-06,0.34979707,0.0078125
3,167,1,3,3.57701356e-06,8.46854789e-07,0.236749113,0.0078125
3,167,1,4,3.57701356e-06,4.8891053e-07,0.136681214,0.0078125
3,167,1,5,3.57701356e-06,2.81979453e-07,0.0788309723,0.0078125
3,167,1,6,3.57701356e-06,1.60611407e-07,0.0449009761,0.0078125
3,167,1,7,3.57701356e-06,9.56354853e-08,0.0267361253,0.0078125
3,167,1,8,3.57701356e-06,5.65334446e-08,0.0158046484,0.0078125
3,167,1,9,3.57701356e-06,3.31374999e-08,0.0092640128,0.0078125
3,168,1,0,3.59837782e-06,2.2531151e-06,0.626147449,0.0078125
3,168,1,1,3.59837782e-06,1.64127823e-06,0.45611614,0.0078125
3,168,1,2,3.59837782e-06,1.25339488e-06,0.348322213,0.0078125
3,168,1,3,3.59837782e-06,8.49369655e-07,0.23604238,0.0078125
3,168,1,4,3.59837782e-06,4.86115255e-07,0.135092884,0.0078125
3,168,1,5,3.59837782e-06,2.78257346e-07,0.0773285553,0.0078125
3,168,1,6,3.59837782e-06,1.52913884e-07,0.0424952284,0.0078125
3,168,1,7,3.59837782e-06,8.96237253e-08,0.0249067023,0.0078125
3,168,1,8,3.59837782e-06,5.40657012e-08,0.0150250206,0.0078125
3,168,1,9,3.59837782e-06,3.24429585e-08,0.00901599601,0.0078125
3,169,1,0,3.72928707e-06,2.24283485e-06,0.601411164,0.0078125
3,169,1,1,3.72928707e-06,1.66532629e-06,0.446553528,0.0078125
3,169,1,2,3.72928707e-06,1.28123099e-06,0.343559235,0.0078125
3,169,1,3,3.72928707e-06,8.50585934e-07,0.228082716,0.0078125
3,169,1,4,3.72928707e-06,4.77987442e-07,0.128171265,0.0078125
3,169,1,5,3.72928707e-06,2.74746156e-07,0.0736725703,0.0078125
3,169,1,6,3.72928707e-06,1.49969338e-07,0.0402139425,0.0078125
3,169,1,7,3.72928707e-06,8.89601566e-08,0.023854468,0.0078125
3,169,1,8,3.72928707e-06,5.34709237e-08,0.0143381087,0.0078125
3,169,1,9,3.72928707e-06,3.19930713e-08,0.00857887045,0.0078125
3,170,1,0,3.83311635e-06,2.24449946e-06,0.585554719,0.0078125
3,170,1,1,3.83311635e-06,1.61398873e-06,0.421064377,0.0078125
3,170,1,2,3.83311635e-06,1.24438589e-06,0.324640781,0.0078125
3,170,1,3,3.83311635e-06,8.42531051e-07,0.219803154,0.0078125
3,170,1,4,3.83311635e-06,4.72880373e-07,0.123367079,0.0078125
3,170,1,5,3.83311635e-06,2.75025627e-07,0.0717498735,0.0078125
3,170,1,6,3.83311635e-06,1.50118936e-07,0.0391636789,0.0078125
3,170,1,7,3.83311635e-06,8.87473064e-08,0.0231527817,0.0078125
3,170,1,8,3.83311635e-06,5.2780937e-08,0.0137697197,0.0078125
3,170,1,9,3.83311635e-06,3.10978301e-08,0.00811293628,0.0078125
3,171,1,0,3.58299917e-06,2.14280794e-06,0.598048687,0.0078125
3,171,1,1,3.58299917e-06,1.56771614e-06,0.437542975,0.0078125
3,171,1,2,3.58299917e-06,1.22562631e-06,0.342067152,0.0078125
3,171,1,3,3.58299917e-06,8.50173763e-07,0.237279922,0.0078125
3,171,1,4,3.58299917e-06,4.71462783e-07,0.131583273,0.0078125
3,171,1,5,3.58299917e-06,2.73008055e-07,0.0761953965,0.0078125
3,171,1,6,3.58299917e-06,1.49256394e-07,0.0416568331,0.0078125
3,171,1,7,3.58299917e-06,8.91450185e-08,0.0248799995,0.0078125
3,171,1,8,3.58299917e-06,5.35245199e-08,0.0149384681,0.0078125
3,171,1,9,3.58299917e-06,3.15565849e-08,0.0088073099,0.0078125
3,172,1,0,3.63292884e-06,2.12851887e-06,0.585896134,0.0078125
3,172,1,1,3.63292884e-06,1.55221176e-06,0.4272618,0.0078125
3,172,1,2,3.63292884e-06,1.22111055e-06,0.3361229,0.0078125
3,172,1,3,3.63292884e-06,8.18165915e-07,0.225208357,0.0078125
3,172,1,4,3.63292884e-06,4.59728284e-07,0.126544803,0.0078125
3,172,1,5,3.63292884e-06,2.61636046e-07,0.0720179379,0.0078125
3,172,1,6,3.63292884e-06,1.40460344e-07,0.0386631154,0.0078125
3,172,1,7,3.63292884e-06,8.49730881e-08,0.0233896933,0.0078125
3,172,1,8,3.63292884e-06,5.07347018e-08,0.0139652342,0.0078125
3,172,1,9,3.63292884e-06,3.01754497e-08,0.00830609445,0.0078125
3,173,1,0,3.5755852e-06,2.10453049e-06,0.588583529,0.0078125
3,173,1,1,3.5755852e-06,1.56023168e-06,0.436357021,0.0078125
3,173,1,2,3.5755852e-06,1.23380096e-06,0.345062673,0.0078125
3,173,1,3,3.5755852e-06,8.28769203e-07,0.23178561,0.0078125
3,173,1,4,3.5755852e-06,4.60632322e-07,0.12882711,0.0078125
3,173,1,5,3.5755852e-06,2.61084779e-07,0.073018752,0.0078125
3,173,1,6,3.5755852e-06,1.39146152e-07,0.0389156304,0.0078125
3,173,1,7,3.5755852e-06,8.45083719e-08,0.0236348361,0.0078125
3,173,1,8,3.5755852e-06,5.0712071e-08,0.0141828731,0.0078125
3,173,1,9,3.5755852e-06,3.07155581e-08,0.00859035831,0.0078125
3,174,1,0,3.4302634e-06,2.12961663e-06,0.620831788,0.0078125
3,174,1,1,3.4302634e-06,1.58200226e-06,0.461189717,0.0078125
3,174,1,2,3.4302634e-06,1.24555311e-06,0.363107145,0.0078125
3,174,1,3,3.4302634e-06,8.41919018e-07,0.245438591,0.0078125
3,174,1,4,3.4302634e-06,4.63462499e-07,0.135109887,0.0078125
3,174,1,5,3.4302634e-06,2.66556555e-07,0.077707313,0.0078125
3,174,1,6,3.4302634e-06,1.48098891e-07,0.0431742035,0.0078125
3,174,1,7,3.4302634e-06,9.01467203e-08,0.0262798239,0.0078125
3,174,1,8,3.4302634e-06,5.48198642e-08,0.0159812402,0.0078125
3,174,1,9,3.4302634e-06,3.23837277e-08,0.00944059528,0.0078125
3,175,1,0,3.55685893e-06,2.23437178e-06,0.628186762,0.0078125
3,175,1,1,3.55685893e-06,1.6598915e-06,0.466673404,0.0078125
3,175,1,2,3.55685893e-06,1.29474006e-06,0.364012212,0.0078125
3,175,1,3,3.55685893e-06,8.64242281e-07,0.242979065,0.0078125
3,175,1,4,3.55685893e-06,4.69114696e-07,0.131890163,0.0078125
3,175,1,5,3.55685893e-06,2.70655704e-07,0.0760940239,0.0078125
3,175,1,6,3.55685893e-06,1.51641956e-07,0.0426336713,0.0078125
3,175,1,7,3.55685893e-06,9.02710795e-08,0.025379438,0.0078125
3,175,1,8,3.55685893e-06,5.46034791e-08,0.0153516009,0.0078125
3,175,1,9,3.55685893e-06,3.18539044e-08,0.00895562768,0.0078125
3,176,1,0,3.58347552e-06,2.19367143e-06,0.612163067,0.0078125
3,176,1,1,3.58347552e-06,1.59685192e-06,0.445615411,0.0078125
3,176,1,2,3.58347552e-06,1.24926453e-06,0.34861812,0.0078125
3,176,1,3,3.58347552e-06,8.45608042e-07,0.235974282,0.0078125
3,176,1,4,3.58347552e-06,4.53606447e-07,0.126582816,0.0078125
3,176,1,5,3.58347552e-06,2.59085084e-07,0.0722999424,0.0078125
3,176,1,6,3.58347552e-06,1.41529696e-07,0.0394950919,0.0078125
3,176,1,7,3.58347552e-06,8.25469684e-08,0.0230354499,0.0078125
3,176,1,8,3.58347552e-06,5.02495325e-08,0.0140225692,0.0078125
3,176,1,9,3.58347552e-06,2.91717832e-08,0.0081406394,0.0078125
3,177,1,0,3.52786174e-06,2.17672459e-06,0.61700958,0.0078125
3,177,1,1,3.52786174e-06,1.59730587e-06,0.452768832,0.0078125
3,177,1,2,3.52786174e-06,1.2505177e-06,0.354469031,0.0078125
3,177,1,3,3.52786174e-06,8.34610489e-07,0.23657687,0.0078125
3,177,1,4,3.52786174e-06,4.50048447e-07,0.12756975,0.0078125
3,177,1,5,3.52786174e-06,2.56328292e-07,0.0726582557,0.0078125
3,177,1,6,3.52786174e-06,1.40495843e-07,0.039824646,0.0078125
3,177,1,7,3.52786174e-06,8.16211738e-08,0.0231361594,0.0078125
3,177,1,8,3.52786174e-06,4.98869746e-08,0.0141408527,0.0078125
3,177,1,9,3.52786174e-06,2.87583397e-08,0.00815177616,0.0078125
3,178,1,0,3.73132912e-06,2.16210037e-06,0.579445124,0.0078125
3,178,1,1,3.73132912e-06,1.54627196e-06,0.414402455,0.0078125
3,178,1,2,3.73132912e-06,1.22333711e-06,0.327855587,0.0078125
3,178,1,3,3.73132912e-06,8.52782648e-07,0.228546619,0.0078125
3,178,1,4,3.73132912e-06,4.75674597e-07,0.127481282,0.0078125
3,178,1,5,3.73132912e-06,2.71900973e-07,0.0728697404,0.0078125
3,178,1,6,3.73132912e-06,1.47930393e-07,0.0396454968,0.0078125
3,178,1,7,3.73132912e-06,8.67299335e-08,0.0232437104,0.0078125
3,178,1,8,3.73132912e-06,5.32707034e-08,0.0142766023,0.0078125
3,178,1,9,3.73132912e-06,3.10867385e-08,0.00833127741,0.0078125
3,179,1,0,3.83904353e-06,2.1857752e-06,0.569354117,0.0078125
3,179,1,1,3.83904353e-06,1.57455543e-06,0.41014263,0.0078125
3,179,1,2,3.83904353e-06,1.22679558e-06,0.319557607,0.0078125
3,179,1,3,3.83904353e-06,8.41940732e-07,0.21931003,0.0078125
3,179,1,4,3.83904353e-06,4.68440874e-07,0.122020207,0.0078125
3,179,1,5,3.83904353e-06,2.68976407e-07,0.0700633898,0.0078125
3,179,1,6,3.83904353e-06,1.45689896e-07,0.0379495285,0.0078125
3,179,1,7,3.83904353e-06,8.6131152e-08,0.0224355757,0.0078125
3,179,1,8,3.83904353e-06,5.33981357e-08,0.0139092291,0.0078125
3,179,1,9,3.83904353e-06,3.10258095e-08,0.00808165129,0.0078125
3,180,1,0,3.62484525e-06,2.11677525e-06,0.583962917,0.0078125
3,180,1,1,3.62484525e-06,1.52366567e-06,0.420339495,0.0078125
3,180,1,2,3.62484525e-06,1.19039885e-06,0.328399897,0.0078125
3,180,1,3,3.62484525e-06,8.26208179e-07,0.227929235,0.0078125
3,180,1,4,3.62484525e-06,4.68579572e-07,0.129268855,0.0078125
3,180,1,5,3.62484525e-06,2.63128413e-07,0.0725902468,0.0078125
3,180,1,6,3.62484525e-06,1.45838072e-07,0.0402329117,0.0078125
3,180,1,7,3.62484525e-06,8.51912532e-08,0.0235020388,0.0078125
3,180,1,8,3.62484525e-06,5.30902504e-08,0.0146462116,0.0078125
3,180,1,9,3.62484525e-06,3.13368922e-08,0.00864502881,0.0078125
3,181,1,0,3.68988708e-06,2.19032336e-06,0.593601704,0.0078125
3,181,1,1,3.68988708e-06,1.65830295e-06,0.449418336,0.0078125
3,181,1,2,3.68988708e-06,1.30651017e-06,0.354078621,0.0078125
3,181,1,3,3.68988708e-06,8.86022121e-07,0.240121737,0.0078125
3,181,1,4,3.68988708e-06,4.95038307e-07,0.134160832,0.0078125
3,181,1,5,3.68988708e-06,2.777725e-07,0.0752794072,0.0078125
3,181,1,6,3.68988708e-06,1.5109876e-07,0.0409494266,0.0078125
3,181,1,7,3.68988708e-06,8.82671429e-08,0.0239213668,0.0078125
3,181,1,8,3.68988708e-06,5.36011555e-08,0.0145265032,0.0078125
3,181,1,9,3.68988708e-06,3.14855626e-08,0.00853293389,0.0078125
3,182,1,0,3.55155089e-06,2.1935582e-06,0.617633879,0.0078125
3,182,1,1,3.55155089e-06,1.63796778e-06,0.461197883,0.0078125
3,182,1,2,3.55155089e-06,1.28129966e-06,0.360771865,0.0078125
3,182,1,3,3.55155089e-06,8.70241479e-07,0.245031402,0.0078125
3,182,1,4,3.55155089e-06,4.85972805e-07,0.136833966,0.0078125
3,182,1,5,3.55155089e-06,2.78399227e-07,0.0783880726,0.0078125
3,182,1,6,3.55155089e-06,1.51357042e-07,0.0426171683,0.0078125
3,182,1,7,3.55155089e-06,8.90617926e-08,0.0250768736,0.0078125
3,182,1,8,3.55155089e-06,5.47623955e-08,0.0154192904,0.0078125
3,182,1,9,3.55155089e-06,3.20533324e-08,0.00902516488,0.0078125
3,183,1,0,3.56786813e-06,2.24445375e-06,0.629074216,0.0078125
3,183,1,1,3.56786813e-06,1.67751341e-06,0.470172495,0.0078125
3,183,1,2,3.56786813e-06,1.30092496e-06,0.364622504,0.0078125
3,183,1,3,3.56786813e-06,8.83894131e-07,0.247737333,0.0078125
3,183,1,4,3.56786813e-06,4.88309354e-07,0.136863068,0.0078125
3,183,1,5,3.56786813e-06,2.85178572e-07,0.0799296871,0.0078125
3,183,1,6,3.56786813e-06,1.55667507e-07,0.0436303988,0.0078125
3,183,1,7,3.56786813e-06,9.18613878e-08,0.0257468559,0.0078125
3,183,1,8,3.56786813e-06,5.58099948e-08,0.0156423934,0.0078125
3,183,1,9,3.56786813e-06,3.28094067e-08,0.0091958018,0.0078125
3,184,1,0,3.59662226e-06,2.27159126e-06,0.631590188,0.0078125
3,184,1,1,3.59662226e-06,1.63344214e-06,0.454160035,0.0078125
3,184,1,2,3.59662226e-06,1.25902045e-06,0.35005635,0.0078125
3,184,1,3,3.59662226e-06,8.60212651e-07,0.239172369,0.0078125
3,184,1,4,3.59662226e-06,4.80455412e-07,0.13358517,0.0078125
3,184,1,5,3.59662226e-06,2.79936359e-07,0.077833131,0.0078125
3,184,1,6,3.59662226e-06,1.53639178e-07,0.0427176282,0.0078125
3,184,1,7,3.59662226e-06,9.3903239e-08,0.0261087306,0.0078125
3,184,1,8,3.59662226e-06,5.75977559e-08,0.0160144027,0.0078125
3,184,1,9,3.59662226e-06,3.35438202e-08,0.00932647847,0.0078125
3,185,1,0,3.71097099e-06,2.25481608e-06,0.60760814,0.0078125
3,185,1,1,3.71097099e-06,1.62879599e-06,0.438913703,0.0078125
3,185,1,2,3.71097099e-06,1.26346811e-06,0.340468347,0.0078125
3,185,1,3,3.71097099e-06,8.64325386e-07,0.232910842,0.0078125
3,185,1,4,3.71097099e-06,4.84683028e-07,0.130608141,0.0078125
3,185,1,5,3.71097099e-06,2.73392544e-07,0.0736714303,0.0078125
3,185,1,6,3.71097099e-06,1.50279263e-07,0.0404959396,0.0078125
3,185,1,7,3.71097099e-06,8.87977336e-08,0.0239284374,0.0078125
3,185,1,8,3.71097099e-06,5.49432997e-08,0.0148056401,0.0078125
3,185,1,9,3.71097099e-06,3.18612656e-08,0.00858569518,0.0078125
3,186,1,0,3.69786949e-06,2.18185505e-06,0.590030313,0.0078125
3,186,1,1,3.69786949e-06,1.61468074e-06,0.436651617,0.0078125
3,186,1,2,3.69786949e-06,1.24060227e-06,0.335491091,0.0078125
3,186,1,3,3.69786949e-06,8.4864422e-07,0.229495451,0.0078125
3,186,1,4,3.69786949e-06,4.7686018e-07,0.128955379,0.0078125
3,186,1,5,3.69786949e-06,2.77245334e-07,0.0749743432,0.0078125
3,186,1,6,3.69786949e-06,1.49444929e-07,0.0404137932,0.0078125
3,186,1,7,3.69786949e-06,8.96801708e-08,0.0242518485,0.0078125
3,186,1,8,3.69786949e-06,5.56379049e-08,0.0150459353,0.0078125
3,186,1,9,3.69786949e-06,3.22387983e-08,0.00871820841,0.0078125
3,187,1,0,3.56500141e-06,2.05613674e-06,0.576756239,0.0078125
3,187,1,1,3.56500141e-06,1.50309563e-06,0.421625525,0.0078125
3,187,1,2,3.56500141e-06,1.17605555e-06,0.329889238,0.0078125
3,187,1,3,3.56500141e-06,8.25275833e-07,0.231493831,0.0078125
3,187,1,4,3.56500141e-06,4.64038891e-07,0.13016513,0.0078125
3,187,1,5,3.56500141e-06,2.6538973e-07,0.0744430944,0.0078125
3,187,1,6,3.56500141e-06,1.42256212e-07,0.0399035513,0.0078125
3,187,1,7,3.56500141e-06,8.38362908e-08,0.0235164817,0.0078125
3,187,1,8,3.56500141e-06,5.11142524e-08,0.014337793,0.0078125
3,187,1,9,3.56500141e-06,2.90653652e-08,0.00815297477,0.0078125
3,188,1,0,3.58176385e-06,2.04866069e-06,0.571969807,0.0078125
3,188,1,1,3.58176385e-06,1.55638099e-06,0.434529215,0.0078125
3,188,1,2,3.58176385e-06,1.2272576e-06,0.342640579,0.0078125
3,188,1,3,3.58176385e-06,8.57924078e-07,0.239525586,0.0078125
3,188,1,4,3.58176385e-06,4.73458812e-07,0.132185936,0.0078125
3,188,1,5,3.58176385e-06,2.74521767e-07,0.076644294,0.0078125
3,188,1,6,3.58176385e-06,1.48058746e-07,0.0413368233,0.0078125
3,188,1,7,3.58176385e-06,8.49786517e-08,0.0237253644,0.0078125
3,188,1,8,3.58176385e-06,5.01781265e-08,0.0140093341,0.0078125
3,188,1,9,3.58176385e-06,2.84695627e-08,0.00794847589,0.0078125
3,189,1,0,3.68130736e-06,2.10719782e-06,0.572404742,0.0078125
3,189,1,1,3.68130736e-06,1.56623935e-06,0.425457358,0.0078125
3,189,1,2,3.68130736e-06,1.23883785e-06,0.336521178,0.0078125
3,189,1,3,3.68130736e-06,8.68424422e-07,0.235901088,0.0078125
3,189,1,4,3.68130736e-06,4.76704429e-07,0.129493237,0.0078125
3,189,1,5,3.68130736e-06,2.73184128e-07,0.0742084533,0.0078125
3,189,1,6,3.68130736e-06,1.46143279e-07,0.0396987423,0.0078125
3,189,1,7,3.68130736e-06,8.54278426e-08,0.0232058428,0.0078125
3,189,1,8,3.68130736e-06,5.11993221e-08,0.0139079187,0.0078125
3,189,1,9,3.68130736e-06,2.87039725e-08,0.00779722258,0.0078125
3,190,1,0,3.54691042e-06,2.09181053e-06,0.589755654,0.0078125
3,190,1,1,3.54691042e-06,1.5763743e-06,0.444435894,0.0078125
3,190,1,2,3.54691042e-06,1.24313817e-06,0.350484788,0.0078125
3,190,1,3,3.54691042e-06,8.68865754e-07,0.244964108,0.0078125
3,190,1,4,3.54691042e-06,4.69563759e-07,0.132386699,0.0078125
3,190,1,5,3.54691042e-06,2.7598162e-07,0.0778090209,0.0078125
3,190,1,6,3.54691042e-06,1.48850646e-07,0.0419662818,0.0078125
3,190,1,7,3.54691042e-06,8.68425474e-08,0.0244839974,0.0078125
3,190,1,8,3.54691042e-06,5.13217842e-08,0.0144694336,0.0078125
3,190,1,9,3.54691042e-06,2.91621269e-08,0.00822183955,0.0078125
3,191,1,0,3.58370585e-06,2.11480938e-06,0.590117991,0.0078125
3,191,1,1,3.58370585e-06,1.62262404e-06,0.45277825,0.0078125
3,191,1,2,3.58370585e-06,1.2670622e-06,0.353561997,0.0078125
3,191,1,3,3.58370585e-06,8.67987467e-07,0.242203876,0.0078125
3,191,1,4,3.58370585e-06,4.73392788e-07,0.132095888,0.0078125
3,191,1,5,3.58370585e-06,2.8026821e-07,0.078206256,0.0078125
3,191,1,6,3.58370585e-06,1.496403e-07,0.0417557433,0.0078125
3,191,1,7,3.58370585e-06,8.59163407e-08,0.0239741616,0.0078125
3,191,1,8,3.58370585e-06,5.08866762e-08,0.0141994571,0.0078125
3,191,1,9,3.58370585e-06,2.90638553e-08,0.00810999982,0.0078125
3,192,1,0,3.57658882e-06,2.12290252e-06,0.593555093,0.0078125
3,192,1,1,3.57658882e-06,1.60097602e-06,0.447626531,0.0078125
3,192,1,2,3.57658882e-06,1.24630049e-06,0.348460644,0.0078125
3,192,1,3,3.57658882e-06,8.56129304e-07,0.239370346,0.0078125
3,192,1,4,3.57658882e-06,4.64833249e-07,0.129965529,0.0078125
3,192,1,5,3.57658882e-06,2.83176462e-07,0.0791750103,0.0078125
3,192,1,6,3.57658882e-06,1.5228305e-07,0.0425777361,0.0078125
3,192,1,7,3.57658882e-06,8.71768222e-08,0.0243742932,0.0078125
3,192,1,8,3.57658882e-06,5.19055625e-08,0.0145125883,0.0078125
3,192,1,9,3.57658882e-06,2.94336022e-08,0.00822951831,0.0078125
3,193,1,0,3.565925e-06,2.10218241e-06,0.589519501,0.0078125
3,193,1,1,3.565925e-06,1.56789713e-06,0.439688742,0.0078125
3,193,1,2,3.565925e-06,1.22480787e-06,0.343475491,0.0078125
3,193,1,3,3.565925e-06,8.50626861e-07,0.238543123,0.0078125
3,193,1,4,3.565925e-06,4.76280121e-07,0.133564264,0.0078125
3,193,1,5,3.565925e-06,2.8551122e-07,0.0800665244,0.0078125
3,193,1,6,3.565925e-06,1.53862132e-07,0.043147888,0.0078125
3,193,1,7,3.565925e-06,8.78782274e-08,0.0246438794,0.0078125
3,193,1,8,3.565925e-06,5.16559986e-08,0.0144860027,0.0078125
3,193,1,9,3.565925e-06,2.95766949e-08,0.0082942564,0.0078125
3,194,1,0,3.76040521e-06,2.14927309e-06,0.571553588,0.0078125
3,194,1,1,3.76040521e-06,1.57600186e-06,0.419104278,0.0078125
3,194,1,2,3.76040521e-06,1.2034028e-06,0.320019454,0.0078125
3,194,1,3,3.76040521e-06,8.44386989e-07,0.224546805,0.0078125
3,194,1,4,3.76040521e-06,4.85109922e-07,0.129004687,0.0078125
3,194,1,5,3.76040521e-06,2.91470371e-07,0.0775103644,0.0078125
3,194,1,6,3.76040521e-06,1.5933044e-07,0.0423705503,0.0078125
3,194,1,7,3.76040521e-06,9.14017662e-08,0.0243063606,0.0078125
3,194,1,8,3.76040521e-06,5.53890942e-08,0.0147295548,0.0078125
3,194,1,9,3.76040521e-06,3.20423901e-08,0.00852099434,0.0078125
3,195,1,0,3.71340934e-06,2.1484168e-06,0.578556418,0.0078125
3,195,1,1,3.71340934e-06,1.6363191e-06,0.440651417,0.0078125
3,195,1,2,3.71340934e-06,1.29355988e-06,0.34834832,0.0078125
3,195,1,3,3.71340934e-06,8.88827969e-07,0.239356309,0.0078125
3,195,1,4,3.71340934e-06,4.94582366e-07,0.133188218,0.0078125
3,195,1,5,3.71340934e-06,2.92287069e-07,0.0787112415,0.0078125
3,195,1,6,3.71340934e-06,1.59148954e-07,0.0428579077,0.0078125
3,195,1,7,3.71340934e-06,8.93240326e-08,0.0240544528,0.0078125
3,195,1,8,3.71340934e-06,5.37327587e-08,0.0144699262,0.0078125
3,195,1,9,3.71340934e-06,3.09986881e-08,0.0083477702,0.0078125
3,196,1,0,3.70790031e-06,2.12308055e-06,0.57258296,0.0078125
3,196,1,1,3.70790031e-06,1.6147718e-06,0.43549493,0.0078125
3,196,1,2,3.70790031e-06,1.23609789e-06,0.333368689,0.0078125
3,196,1,3,3.70790031e-06,8.56514532e-07,0.23099719,0.0078125
3,196,1,4,3.70790031e-06,4.97300221e-07,0.134119093,0.0078125
3,196,1,5,3.70790031e-06,2.9426522e-07,0.0793616846,0.0078125
3,196,1,6,3.70790031e-06,1.64713555e-07,0.0444223247,0.0078125
3,196,1,7,3.70790031e-06,9.50462109e-08,0.025633432,0.0078125
3,196,1,8,3.70790031e-06,5.69620511e-08,0.0153623465,0.0078125
3,196,1,9,3.70790031e-06,3.26657315e-08,0.00880976487,0.0078125
3,197,1,0,3.6882609e-06,2.13972407e-06,0.580144465,0.0078125
3,197,1,1,3.6882609e-06,1.62890751e-06,0.441646487,0.0078125
3,197,1,2,3.6882609e-06,1.28019281e-06,0.347099304,0.0078125
3,197,1,3,3.6882609e-06,8.73008446e-07,0.236699209,0.0078125
3,197,1,4,3.6882609e-06,4.91916467e-07,0.133373559,0.0078125
3,197,1,5,3.6882609e-06,2.88847247e-07,0.0783152953,0.0078125
3,197,1,6,3.6882609e-06,1.63914507e-07,0.0444422215,0.0078125
3,197,1,7,3.6882609e-06,9.37283744e-08,0.025412621,0.0078125
3,197,1,8,3.6882609e-06,5.72719188e-08,0.0155281639,0.0078125
3,197,1,9,3.6882609e-06,3.20248041e-08,0.00868290104,0.0078125
3,198,1,0,3.69655436e-06,2.15508817e-06,0.58299917,0.0078125
3,198,1,1,3.69655436e-06,1.58985074e-06,0.430089921,0.0078125
3,198,1,2,3.69655436e-06,1.25159818e-06,0.338585079,0.0078125
3,198,1,3,3.69655436e-06,8.70571171e-07,0.235508829,0.0078125
3,198,1,4,3.69655436e-06,4.89748288e-07,0.132487789,0.0078125
3,198,1,5,3.69655436e-06,2.95929539e-07,0.080055505,0.0078125
3,198,1,6,3.69655436e-06,1.67242291e-07,0.0452427529,0.0078125
3,198,1,7,3.69655436e-06,9.41071647e-08,0.025458077,0.0078125
3,198,1,8,3.69655436e-06,5.55111548e-08,0.0150169991,0.0078125
3,198,1,9,3.69655436e-06,3.23142295e-08,0.00874171592,0.0078125
3,199,1,0,3.62023275e-06,2.01925286e-06,0.557768822,0.0078125
3,199,1,1,3.62023275e-06,1.52684663e-06,0.421753734,0.0078125
3,199,1,2,3.62023275e-06,1.18130265e-06,0.326305717,0.0078125
3,199,1,3,3.62023275e-06,8.21973401e-07,0.227049872,0.0078125
3,199,1,4,3.62023275e-06,4.74183537e-07,0.130981505,0.0078125
3,199,1,5,3.62023275e-06,2.89613467e-07,0.0799985752,0.0078125
3,199,1,6,3.62023275e-06,1.64986417e-07,0.0455734283,0.0078125
3,199,1,7,3.62023275e-06,9.25231376e-08,0.0255572349,0.0078125
3,199,1,8,3.62023275e-06,5.5639088e-08,0.0153689254,0.0078125
3,199,1,9,3.62023275e-06,3.20431823e-08,0.00885113887,0.0078125
3,200,1,0,3.65880464e-06,2.17422621e-06,0.594244957,0.0078125
3,200,1,1,3.65880464e-06,1.66636789e-06,0.455440521,0.0078125
3,200,1,2,3.65880464e-06,1.32959076e-06,0.363394856,0.0078125
3,200,1,3,3.65880464e-06,8.96201527e-07,0.244943798,0.0078125
3,200,1,4,3.65880464e-06,4.85810574e-07,0.132778496,0.0078125
3,200,1,5,3.65880464e-06,2.89794087e-07,0.0792045817,0.0078125
3,200,1,6,3.65880464e-06,1.6559585e-07,0.0452595502,0.0078125
3,200,1,7,3.65880464e-06,9.52996118e-08,0.0260466523,0.0078125
3,200,1,8,3.65880464e-06,5.71333061e-08,0.0156152928,0.0078125
3,200,1,9,3.65880464e-06,3.26743184e-08,0.00893032644,0.0078125
3,201,1,0,3.50603523e-06,2.19002141e-06,0.624643326,0.0078125
3,201,1,1,3.50603523e-06,1.69314876e-06,0.482924044,0.0078125
3,201,1,2,3.50603523e-06,1.29586942e-06,0.369611055,0.0078125
3,201,1,3,3.50603523e-06,8.69578457e-07,0.248023301,0.0078125
3,201,1,4,3.50603523e-06,4.74317233e-07,0.135285929,0.0078125
3,201,1,5,3.50603523e-06,2.82227177e-07,0.0804975331,0.0078125
3,201,1,6,3.50603523e-06,1.58446554e-07,0.0451925173,0.0078125
3,201,1,7,3.50603523e-06,8.87092426e-08,0.0253018681,0.0078125
3,201,1,8,3.50603523e-06,5.17644878e-08,0.0147643946,0.0078125
3,201,1,9,3.50603523e-06,3.02907992e-08,0.00863961596,0.0078125
3,202,1,0,3.70738553e-06,2.15287673e-06,0.580699444,0.0078125
3,202,1,1,3.70738553e-06,1.63358936e-06,0.440631092,0.0078125
3,202,1,2,3.70738553e-06,1.23768029e-06,0.333841801,0.0078125
3,202,1,3,3.70738553e-06,8.31228306e-07,0.224208757,0.0078125
3,202,1,4,3.70738553e-06,4.37844392e-07,0.118100584,0.0078125
3,202,1,5,3.70738553e-06,2.65580411e-07,0.0716354996,0.0078125
3,202,1,6,3.70738553e-06,1.49698792e-07,0.0403785333,0.0078125
3,202,1,7,3.70738553e-06,8.4496115e-08,0.0227912944,0.0078125
3,202,1,8,3.70738553e-06,4.88716019e-08,0.0131822284,0.0078125
3,202,1,9,3.70738553e-06,2.81927104e-08,0.00760447234,0.0078125
3,203,1,0,3.83110728e-06,2.22365497e-06,0.580420971,0.0078125
3,203,1,1,3.83110728e-06,1.67830069e-06,0.438071966,0.0078125
3,203,1,2,3.83110728e-06,1.26681459e-06,0.33066538,0.0078125
3,203,1,3,3.83110728e-06,8.28067982e-07,0.21614325,0.0078125
3,203,1,4,3.83110728e-06,4.4550282e-07,0.116285652,0.0078125
3,203,1,5,3.83110728e-06,2.67051036e-07,0.0697059631,0.0078125
3,203,1,6,3.83110728e-06,1.47238495e-07,0.0384323597,0.0078125
3,203,1,7,3.83110728e-06,8.18695014e-08,0.0213696714,0.0078125
3,203,1,8,3.83110728e-06,4.83198406e-08,0.0126125002,0.0078125
3,203,1,9,3.83110728e-06,2.87104065e-08,0.00749402307,0.0078125
3,204,1,0,3.68692167e-06,2.06567029e-06,0.560269654,0.0078125
3,204,1,1,3.68692167e-06,1.53393364e-06,0.416047245,0.0078125
3,204,1,2,3.68692167e-06,1.17105355e-06,0.317623645,0.0078125
3,204,1,3,3.68692167e-06,7.98462509e-07,0.216566175,0.0078125
3,204,1,4,3.68692167e-06,4.33534154e-07,0.117587022,0.0078125
3,204,1,5,3.68692167e-06,2.5650192e-07,0.0695707574,0.0078125
3,204,1,6,3.68692167e-06,1.44547485e-07,0.0392054655,0.0078125
3,204,1,7,3.68692167e-06,7.8711146e-08,0.0213487446,0.0078125
3,204,1,8,3.68692167e-06,4.70357477e-08,0.0127574578,0.0078125
3,204,1,9,3.68692167e-06,2.79202315e-08,0.00757277571,0.0078125
3,205,1,0,3.61149773e-06,2.06105642e-06,0.570692956,0.0078125
3,205,1,1,3.61149773e-06,1.54343365e-06,0.427366644,0.0078125
3,205,1,2,3.61149773e-06,1.16916317e-06,0.323733598,0.0078125
3,205,1,3,3.61149773e-06,7.96653694e-07,0.220588177,0.0078125
3,205,1,4,3.61149773e-06,4.24627615e-07,0.117576599,0.0078125
3,205,1,5,3.61149773e-06,2.54963624e-07,0.0705977529,0.0078125
3,205,1,6,3.61149773e-06,1.45710715e-07,0.0403463393,0.0078125
3,205,1,7,3.61149773e-06,8.24785857e-08,0.0228377786,0.0078125
3,205,1,8,3.61149773e-06,5.02544921e-08,0.0139151383,0.0078125
3,205,1,9,3.61149773e-06,2.92062747e-08,0.00808702596,0.0078125
3,206,1,0,3.53599876e-06,2.09405152e-06,0.592209339,0.0078125
3,206,1,1,3.53599876e-06,1.59030583e-06,0.449747294,0.0078125
3,206,1,2,3.53599876e-06,1.21726669e-06,0.344249755,0.0078125
3,206,1,3,3.53599876e-06,8.10290544e-07,0.229154646,0.0078125
3,206,1,4,3.53599876e-06,4.25989555e-07,0.1204722,0.0078125
3,206,1,5,3.53599876e-06,2.60132879e-07,0.0735670179,0.0078125
3,206,1,6,3.53599876e-06,1.51306537e-07,0.0427903235,0.0078125
3,206,1,7,3.53599876e-06,8.44396411e-08,0.0238799974,0.0078125
3,206,1,8,3.53599876e-06,4.99585333e-08,0.014128549,0.0078125
3,206,1,9,3.53599876e-06,2.93929006e-08,0.00831247494,0.0078125
3,207,1,0,3.46889396e-06,2.00626391e-06,0.578358412,0.0078125
3,207,1,1,3.46889396e-06,1.51944221e-06,0.438019216,0.0078125
3,207,1,2,3.46889396e-06,1.16626461e-06,0.336206466,0.0078125
3,207,1,3,3.46889396e-06,8.0176477e-07,0.231129795,0.0078125
3,207,1,4,3.46889396e-06,4.34005841e-07,0.125113606,0.0078125
3,207,1,5,3.46889396e-06,2.62985964e-07,0.0758126304,0.0078125
3,207,1,6,3.46889396e-06,1.54226683e-07,0.0444599018,0.0078125
3,207,1,7,3.46889396e-06,8.64909993e-08,0.0249333065,0.0078125
3,207,1,8,3.46889396e-06,5.27027062e-08,0.0151929427,0.0078125
3,207,1,9,3.46889396e-06,3.02654755e-08,0.00872481987,0.0078125
3,208,1,0,3.54932763e-06,2.0230741e-06,0.569988012,0.0078125
3,208,1,1,3.54932763e-06,1.56819772e-06,0.441829532,0.0078125
3,208,1,2,3.54932763e-06,1.21429298e-06,0.342119157,0.0078125
3,208,1,3,3.54932763e-06,8.13790507e-07,0.229280189,0.0078125
3,208,1,4,3.54932763e-06,4.38690506e-07,0.123598203,0.0078125
3,208,1,5,3.54932763e-06,2.6479853e-07,0.0746052638,0.0078125
3,208,1,6,3.54932763e-06,1.55139176e-07,0.0437094532,0.0078125
3,208,1,7,3.54932763e-06,8.65106458e-08,0.0243738126,0.0078125
3,208,1,8,3.54932763e-06,5.27469695e-08,0.0148611162,0.0078125
3,208,1,9,3.54932763e-06,3.05287742e-08,0.00860128365,0.0078125
3,209,1,0,3.4822524e-06,1.91355912e-06,0.549517632,0.0078125
3,209,1,1,3.4822524e-06,1.46248817e-06,0.419983387,0.0078125
3,209,1,2,3.4822524e-06,1.10093208e-06,0.316155165,0.0078125
3,209,1,3,3.4822524e-06,7.894227e-07,0.226698875,0.0078125
3,209,1,4,3.4822524e-06,4.47165206e-07,0.128412634,0.0078125
3,209,1,5,3.4822524e-06,2.65822479e-07,0.0763363615,0.0078125
3,209,1,6,3.4822524e-06,1.56608365e-07,0.0449732952,0.0078125
3,209,1,7,3.4822524e-06,9.01739838e-08,0.0258953031,0.0078125
3,209,1,8,3.4822524e-06,5.59936773e-08,0.0160797294,0.0078125
3,209,1,9,3.4822524e-06,3.28546861e-08,0.00943489466,0.0078125
3,210,1,0,3.677633e-06,1.97018426e-06,0.535720706,0.0078125
3,210,1,1,3.677633e-06,1.45915737e-06,0.396765351,0.0078125
3,210,1,2,3.677633e-06,1.05705249e-06,0.287427396,0.0078125
3,210,1,3,3.677633e-06,7.59856562e-07,0.206615657,0.0078125
3,210,1,4,3.677633e-06,4.46441533e-07,0.121393718,0.0078125
3,210,1,5,3.677633e-06,2.69386959e-07,0.0732500926,0.0078125
3,210,1,6,3.677633e-06,1.6030765e-07,0.0435898975,0.0078125
3,210,1,7,3.677633e-06,9.10321987e-08,0.0247529317,0.0078125
3,210,1,8,3.677633e-06,5.62596938e-08,0.0152978003,0.0078125
3,210,1,9,3.677633e-06,3.3120461e-08,0.00900591817,0.0078125
3,211,1,0,3.85502835e-06,2.25829831e-06,0.585805893,0.0078125
3,211,1,1,3.85502835e-06,1.6343073e-06,0.423941702,0.0078125
3,211,1,2,3.85502835e-06,1.17663228e-06,0.305220127,0.0078125
3,211,1,3,3.85502835e-06,7.99152815e-07,0.207301408,0.0078125
3,211,1,4,3.85502835e-06,4.44900905e-07,0.115407944,0.0078125
3,211,1,5,3.85502835e-06,2.64525255e-07,0.068618238,0.0078125
3,211,1,6,3.85502835e-06,1.53716201e-07,0.0398742072,0.0078125
3,211,1,7,3.85502835e-06,8.51837285e-08,0.0220967848,0.0078125
3,211,1,8,3.85502835e-06,5.24351513e-08,0.0136017548,0.0078125
3,211,1,9,3.85502835e-06,3.0410618e-08,0.00788855925,0.0078125
3,212,1,0,3.77653873e-06,2.09172822e-06,0.553874433,0.0078125
3,212,1,1,3.77653873e-06,1.54798067e-06,0.409894019,0.0078125
3,212,1,2,3.77653873e-06,1.15008822e-06,0.304535002,0.0078125
3,212,1,3,3.77653873e-06,7.94265873e-07,0.210315824,0.0078125
3,212,1,4,3.77653873e-06,4.45360769e-07,0.117928296,0.0078125
3,212,1,5,3.77653873e-06,2.628517e-07,0.0696012154,0.0078125
3,212,1,6,3.77653873e-06,1.52474186e-07,0.0403740555,0.0078125
3,212,1,7,3.77653873e-06,8.31749958e-08,0.0220241342,0.0078125
3,212,1,8,3.77653873e-06,5.05251414e-08,0.01337869,0.0078125
3,212,1,9,3.77653873e-06,2.92812334e-08,0.00775345787,0.0078125
3,213,1,0,3.56306782e-06,2.08163897e-06,0.584226608,0.0078125
3,213,1,1,3.56306782e-06,1.53736244e-06,0.431471556,0.0078125
3,213,1,2,3.56306782e-06,1.13647195e-06,0.318958819,0.0078125
3,213,1,3,3.56306782e-06,7.81404651e-07,0.219306707,0.0078125
3,213,1,4,3.56306782e-06,4.3781975e-07,0.122877188,0.0078125
3,213,1,5,3.56306782e-06,2.60182276e-07,0.0730219856,0.0078125
3,213,1,6,3.56306782e-06,1.50785809e-07,0.0423190966,0.0078125
3,213,1,7,3.56306782e-06,8.37621243e-08,0.0235084277,0.0078125
3,213,1,8,3.56306782e-06,5.16657757e-08,0.0145003628,0.0078125
3,213,1,9,3.56306782e-06,2.99420044e-08,0.00840343349,0.0078125
3,214,1,0,3.53538985e-06,1.96940096e-06,0.557053387,0.0078125
3,214,1,1,3.53538985e-06,1.50016285e-06,0.424327433,0.0078125
3,214,1,2,3.53538985e-06,1.1449597e-06,0.323856711,0.0078125
3,214,1,3,3.53538985e-06,7.8212878e-07,0.221228436,0.0078125
3,214,1,4,3.53538985e-06,4.57205005e-07,0.12932238,0.0078125
3,214,1,5,3.53538985e-06,2.71303151e-07,0.0767392442,0.0078125
3,214,1,6,3.53538985e-06,1.58716944e-07,0.0448937602,0.0078125
3,214,1,7,3.53538985e-06,8.68354775e-08,0.0245617833,0.0078125
3,214,1,8,3.53538985e-06,5.33764286e-08,0.0150977494,0.0078125
3,214,1,9,3.53538985e-06,3.10497335e-08,0.00878254883,0.0078125
3,215,1,0,3.42547878e-06,2.06342679e-06,0.602376163,0.0078125
3,215,1,1,3.42547878e-06,1.55894406e-06,0.455102533,0.0078125
3,215,1,2,3.42547878e-06,1.13734052e-06,0.332023799,0.0078125
3,215,1,3,3.42547878e-06,7.91352363e-07,0.231019497,0.0078125
3,215,1,4,3.42547878e-06,4.54757469e-07,0.132757351,0.0078125
3,215,1,5,3.42547878e-06,2.67388174e-07,0.0780586302,0.0078125
3,215,1,6,3.42547878e-06,1.54297339e-07,0.0450440198,0.0078125
3,215,1,7,3.42547878e-06,8.2782222e-08,0.0241666138,0.0078125
3,215,1,8,3.42547878e-06,5.08831057e-08,0.0148543045,0.0078125
3,215,1,9,3.42547878e-06,2.99206455e-08,0.0087347338,0.0078125
3,216,1,0,3.35387017e-06,2.13478916e-06,0.636515141,0.0078125
3,216,1,1,3.35387017e-06,1.60900777e-06,0.47974658,0.0078125
3,216,1,2,3.35387017e-06,1.19147046e-06,0.355252415,0.0078125
3,216,1,3,3.35387017e-06,8.19259412e-07,0.244272843,0.0078125
3,216,1,4,3.35387017e-06,4.5595587e-07,0.135949165,0.0078125
3,216,1,5,3.35387017e-06,2.61352454e-07,0.0779256299,0.0078125
3,216,1,6,3.35387017e-06,1.52025066e-07,0.045328252,0.0078125
3,216,1,7,3.35387017e-06,8.50626947e-08,0.0253625493,0.0078125
3,216,1,8,3.35387017e-06,5.24717656e-08,0.0156451389,0.0078125
3,216,1,9,3.35387017e-06,3.08012638e-08,0.00918379705,0.0078125
3,217,1,0,3.46523188e-06,2.165365e-06,0.624883175,0.0078125
3,217,1,1,3.46523188e-06,1.63244397e-06,0.471092284,0.0078125
3,217,1,2,3.46523188e-06,1.20953371e-06,0.349048406,0.0078125
3,217,1,3,3.46523188e-06,8.15459998e-07,0.235326245,0.0078125
3,217,1,4,3.46523188e-06,4.55363107e-07,0.131409124,0.0078125
3,217,1,5,3.46523188e-06,2.69731089e-07,0.0778392628,0.0078125
3,217,1,6,3.46523188e-06,1.55546118e-07,0.0448876508,0.0078125
3,217,1,7,3.46523188e-06,8.64568364e-08,0.0249497984,0.0078125
3,217,1,8,3.46523188e-06,5.23800949e-08,0.015115899,0.0078125
3,217,1,9,3.46523188e-06,3.08184802e-08,0.00889362674,0.0078125
3,218,1,0,3.36821245e-06,2.11102133e-06,0.626748264,0.0078125
3,218,1,1,3.36821245e-06,1.58224725e-06,0.469758749,0.0078125
3,218,1,2,3.36821245e-06,1.17050456e-06,0.347515076,0.0078125
3,218,1,3,3.36821245e-06,7.9931965e-07,0.237312719,0.0078125
3,218,1,4,3.36821245e-06,4.49580853e-07,0.133477584,0.0078125
3,218,1,5,3.36821245e-06,2.64214492e-07,0.0784435347,0.0078125
3,218,1,6,3.36821245e-06,1.53311191e-07,0.0455170795,0.0078125
3,218,1,7,3.36821245e-06,8.45119033e-08,0.025091026,0.0078125
3,218,1,8,3.36821245e-06,5.25676178e-08,0.015606978,0.0078125
3,218,1,9,3.36821245e-06,3.05978425e-08,0.00908429734,0.0078125
3,219,1,0,3.56243504e-06,2.17703632e-06,0.611109078,0.0078125
3,219,1,1,3.56243504e-06,1.60552861e-06,0.450682908,0.0078125
3,219,1,2,3.56243504e-06,1.18422622e-06,0.332420439,0.0078125
3,219,1,3,3.56243504e-06,8.17314231e-07,0.229425728,0.0078125
3,219,1,4,3.56243504e-06,4.65939877e-07,0.130792528,0.0078125
3,219,1,5,3.56243504e-06,2.73441145e-07,0.0767568052,0.0078125
3,219,1,6,3.56243504e-06,1.62461731e-07,0.0456041247,0.0078125
3,219,1,7,3.56243504e-06,8.97360763e-08,0.0251895338,0.0078125
3,219,1,8,3.56243504e-06,5.5884712e-08,0.0156872235,0.0078125
3,219,1,9,3.56243504e-06,3.25112524e-08,0.00912613235,0.0078125
3,220,1,0,3.61665388e-06,2.10949815e-06,0.583273411,0.0078125
3,220,1,1,3.61665388e-06,1.54516954e-06,0.427237332,0.0078125
3,220,1,2,3.61665388e-06,1.17878074e-06,0.325931311,0.0078125
3,220,1,3,3.61665388e-06,8.19884121e-07,0.226696879,0.0078125
3,220,1,4,3.61665388e-06,4.59848849e-07,0.1271476,0.0078125
3,220,1,5,3.61665388e-06,2.70170943e-07,0.0747019053,0.0078125
3,220,1,6,3.61665388e-06,1.57640116e-07,0.0435872823,0.0078125
3,220,1,7,3.61665388e-06,8.69249561e-08,0.0240346342,0.0078125
3,220,1,8,3.61665388e-06,5.36833227e-08,0.014843367,0.0078125
3,220,1,9,3.61665388e-06,3.12803863e-08,0.00864898507,0.0078125
3,221,1,0,3.32687205e-06,1.97917257e-06,0.5949049,0.0078125
3,221,1,1,3.32687205e-06,1.53564599e-06,0.461588532,0.0078125
3,221,1,2,3.32687205e-06,1.20940751e-06,0.363526911,0.0078125
3,221,1,3,3.32687205e-06,8.27385122e-07,0.248697609,0.0078125
3,221,1,4,3.32687205e-06,4.80993094e-07,0.144578174,0.0078125
3,221,1,5,3.32687205e-06,2.84045285e-07,0.0853790864,0.0078125
3,221,1,6,3.32687205e-06,1.69336161e-07,0.0508995131,0.0078125
3,221,1,7,3.32687205e-06,9.29362756e-08,0.0279350318,0.0078125
3,221,1,8,3.32687205e-06,5.60145139e-08,0.0168369915,0.0078125
3,221,1,9,3.32687205e-06,3.2098324e-08,0.00964819919,0.0078125
3,222,1,0,3.57626664e-06,1.96614474e-06,0.549775779,0.0078125
3,222,1,1,3.57626664e-06,1.47881144e-06,0.413507044,0.0078125
3,222,1,2,3.57626664e-06,1.17751324e-06,0.329257667,0.0078125
3,222,1,3,3.57626664e-06,8.35138906e-07,0.233522549,0.0078125
3,222,1,4,3.57626664e-06,4.82145083e-07,0.134817988,0.0078125
3,222,1,5,3.57626664e-06,2.9130004e-07,0.0814536661,0.0078125
3,222,1,6,3.57626664e-06,1.72127784e-07,0.0481305793,0.0078125
3,222,1,7,3.57626664e-06,9.6037347e-08,0.0268540792,0.0078125
3,222,1,8,3.57626664e-06,5.87129811e-08,0.0164173953,0.0078125
3,222,1,9,3.57626664e-06,3.36023653e-08,0.00939593371,0.0078125
3,223,1,0,3.52940197e-06,1.93354526e-06,0.547839344,0.0078125
3,223,1,1,3.52940197e-06,1.45122635e-06,0.411181957,0.0078125
3,223,1,2,3.52940197e-06,1.15480043e-06,0.327194363,0.0078125
3,223,1,3,3.52940197e-06,8.30336091e-07,0.235262543,0.0078125
3,223,1,4,3.52940197e-06,4.99137855e-07,0.141422778,0.0078125
3,223,1,5,3.52940197e-06,2.94569787e-07,0.0834616721,0.0078125
3,223,1,6,3.52940197e-06,1.72647816e-07,0.0489170179,0.0078125
3,223,1,7,3.52940197e-06,9.68525029e-08,0.027441619,0.0078125
3,223,1,8,3.52940197e-06,6.05200796e-08,0.0171474032,0.0078125
3,223,1,9,3.52940197e-06,3.47410385e-08,0.00984332152,0.0078125
3,224,1,0,3.54908661e-06,1.98264956e-06,0.558636546,0.0078125
3,224,1,1,3.54908661e-06,1.49172899e-06,0.420313507,0.0078125
3,224,1,2,3.54908661e-06,1.19394053e-06,0.33640784,0.0078125
3,224,1,3,3.54908661e-06,8.35398112e-07,0.235383973,0.0078125
3,224,1,4,3.54908661e-06,4.95646589e-07,0.139654696,0.0078125
3,224,1,5,3.54908661e-06,2.94035601e-07,0.0828482434,0.0078125
3,224,1,6,3.54908661e-06,1.73634788e-07,0.0489237942,0.0078125
3,224,1,7,3.54908661e-06,9.74127161e-08,0.0274472628,0.0078125
3,224,1,8,3.54908661e-06,5.98680003e-08,0.0168685652,0.0078125
3,224,1,9,3.54908661e-06,3.40013244e-08,0.00958030298,0.0078125
3,225,1,0,3.63875506e-06,1.99164333e-06,0.547341943,0.0078125
3,225,1,1,3.63875506e-06,1.50278879e-06,0.412995309,0.0078125
3,225,1,2,3.63875506e-06,1.21216237e-06,0.333125561,0.0078125
3,225,1,3,3.63875506e-06,8.4446458e-07,0.23207514,0.0078125
3,225,1,4,3.63875506e-06,4.88788771e-07,0.134328574,0.0078125
3,225,1,5,3.63875506e-06,2.89782776e-07,0.0796378925,0.0078125
3,225,1,6,3.63875506e-06,1.7033328e-07,0.0468108654,0.0078125
3,225,1,7,3.63875506e-06,9.32576896e-08,0.0256290101,0.0078125
3,225,1,8,3.63875506e-06,5.6059811e-08,0.0154063161,0.0078125
3,225,1,9,3.63875506e-06,3.15463389e-08,0.00866954215,0.0078125
3,226,1,0,3.62554397e-06,1.96817791e-06,0.542864144,0.0078125
3,226,1,1,3.62554397e-06,1.45933973e-06,0.402516067,0.0078125
3,226,1,2,3.62554397e-06,1.13940359e-06,0.314271063,0.0078125
3,226,1,3,3.62554397e-06,8.06128924e-07,0.222347021,0.0078125
3,226,1,4,3.62554397e-06,4.78450488e-07,0.131966531,0.0078125
3,226,1,5,3.62554397e-06,2.80450877e-07,0.077354148,0.0078125
3,226,1,6,3.62554397e-06,1.62450078e-07,0.0448070914,0.0078125
3,226,1,7,3.62554397e-06,9.01762149e-08,0.0248724651,0.0078125
3,226,1,8,3.62554397e-06,5.36277085e-08,0.0147916311,0.0078125
3,226,1,9,3.62554397e-06,3.00674472e-08,0.00829322357,0.0078125
3,227,1,0,3.70998146e-06,2.02373644e-06,0.545484245,0.0078125
3,227,1,1,3.70998146e-06,1.50737048e-06,0.406301349,0.0078125
3,227,1,2,3.70998146e-06,1.17543334e-06,0.316829979,0.0078125
3,227,1,3,3.70998146e-06,8.20904006e-07,0.221269026,0.0078125
3,227,1,4,3.70998146e-06,4.82376606e-07,0.130021304,0.0078125
3,227,1,5,3.70998146e-06,2.85011538e-07,0.0768228993,0.0078125
3,227,1,6,3.70998146e-06,1.66166217e-07,0.0447889604,0.0078125
3,227,1,7,3.70998146e-06,9.31274897e-08,0.025101874,0.0078125
3,227,1,8,3.70998146e-06,5.71084477e-08,0.0153931892,0.0078125
3,227,1,9,3.70998146e-06,3.18996136e-08,0.00859832112,0.0078125
3,228,1,0,3.44549426e-06,2.01960574e-06,0.586158514,0.0078125
3,228,1,1,3.44549426e-06,1.54095369e-06,0.447237343,0.0078125
3,228,1,2,3.44549426e-06,1.21199389e-06,0.351761997,0.0078125
3,228,1,3,3.44549426e-06,8.09829316e-07,0.235040098,0.0078125
3,228,1,4,3.44549426e-06,4.77855906e-07,0.138690084,0.0078125
3,228,1,5,3.44549426e-06,2.79732092e-07,0.0811877996,0.0078125
3,228,1,6,3.44549426e-06,1.62123229e-07,0.0470536947,0.0078125
3,228,1,7,3.44549426e-06,9.19990555e-08,0.0267012659,0.0078125
3,228,1,8,3.44549426e-06,5.6270359e-08,0.0163315777,0.0078125
3,228,1,9,3.44549426e-06,3.12738528e-08,0.00907673966,0.0078125
3,229,1,0,3.34877495e-06,1.94291897e-06,0.580187976,0.0078125
3,229,1,1,3.34877495e-06,1.46612695e-06,0.437809944,0.0078125
3,229,1,2,3.34877495e-06,1.16206286e-06,0.347011328,0.0078125
3,229,1,3,3.34877495e-06,8.01224814e-07,0.239259079,0.0078125
3,229,1,4,3.34877495e-06,4.87715965e-07,0.14564012,0.0078125
3,229,1,5,3.34877495e-06,2.89870229e-07,0.086560078,0.0078125
3,229,1,6,3.34877495e-06,1.67715484e-07,0.0500826389,0.0078125
3,229,1,7,3.34877495e-06,9.66590861e-08,0.028864013,0.0078125
3,229,1,8,3.34877495e-06,5.95640586e-08,0.0177868195,0.0078125
3,229,1,9,3.34877495e-06,3.36511441e-08,0.0100487927,0.0078125
3,230,1,0,3.34056972e-06,1.93250958e-06,0.578496993,0.0078125
3,230,1,1,3.34056972e-06,1.46653042e-06,0.43900609,0.0078125
3,230,1,2,3.34056972e-06,1.16631588e-06,0.349136829,0.0078125
3,230,1,3,3.34056972e-06,7.88568514e-07,0.236058086,0.0078125
3,230,1,4,3.34056972e-06,4.66657241e-07,0.139693916,0.0078125
3,230,1,5,3.34056972e-06,2.78621087e-07,0.0834052637,0.0078125
3,230,1,6,3.34056972e-06,1.64191846e-07,0.0491508506,0.0078125
3,230,1,7,3.34056972e-06,9.62363416e-08,0.0288083628,0.0078125
3,230,1,8,3.34056972e-06,5.96652256e-08,0.0178607926,0.0078125
3,230,1,9,3.34056972e-06,3.25199068e-08,0.00973483827,0.0078125
3,231,1,0,3.50172559e-06,1.98435896e-06,0.566680312,0.0078125
3,231,1,1,3.50172559e-06,1.50121002e-06,0.428705782,0.0078125
3,231,1,2,3.50172559e-06,1.17047875e-06,0.334257692,0.0078125
3,231,1,3,3.50172559e-06,7.79248069e-07,0.222532585,0.0078125
3,231,1,4,3.50172559e-06,4.61724909e-07,0.131856397,0.0078125
3,231,1,5,3.50172559e-06,2.75453829e-07,0.0786623135,0.0078125
3,231,1,6,3.50172559e-06,1.6045783e-07,0.0458225012,0.0078125
3,231,1,7,3.50172559e-06,9.26614518e-08,0.0264616534,0.0078125
3,231,1,8,3.50172559e-06,5.71544341e-08,0.0163217913,0.0078125
3,231,1,9,3.50172559e-06,3.19576792e-08,0.00912626646,0.0078125
3,232,1,0,3.52113921e-06,2.17262414e-06,0.617023051,0.0078125
3,232,1,1,3.52113921e-06,1.61889648e-06,0.459764987,0.0078125
3,232,1,2,3.52113921e-06,1.23012251e-06,0.349353552,0.0078125
3,232,1,3,3.52113921e-06,7.86098155e-07,0.223251089,0.0078125
3,232,1,4,3.52113921e-06,4.59039285e-07,0.130366698,0.0078125
3,232,1,5,3.52113921e-06,2.73908427e-07,0.0777897164,0.0078125
3,232,1,6,3.52113921e-06,1.59817148e-07,0.0453879088,0.0078125
3,232,1,7,3.52113921e-06,9.39656033e-08,0.0266861375,0.0078125
3,232,1,8,3.52113921e-06,5.68659786e-08,0.0161498804,0.0078125
3,232,1,9,3.52113921e-06,3.23676907e-08,0.0091923913,0.0078125
3,233,1,0,3.48472872e-06,2.16251806e-06,0.620570004,0.0078125
3,233,1,1,3.48472872e-06,1.63749746e-06,0.469906718,0.0078125
3,233,1,2,3.48472872e-06,1.2401033e-06,0.355867952,0.0078125
3,233,1,3,3.48472872e-06,8.05605225e-07,0.231181622,0.0078125
3,233,1,4,3.48472872e-06,4.75427839e-07,0.136431813,0.0078125
3,233,1,5,3.48472872e-06,2.87025244e-07,0.0823665932,0.0078125
3,233,1,6,3.48472872e-06,1.63913754e-07,0.0470377356,0.0078125
3,233,1,7,3.48472872e-06,9.89449589e-08,0.0283938777,0.0078125
3,233,1,8,3.48472872e-06,5.95517768e-08,0.0170893576,0.0078125
3,233,1,9,3.48472872e-06,3.43713182e-08,0.00986341294,0.0078125
3,234,1,0,3.52745428e-06,2.1672538e-06,0.614395976,0.0078125
3,234,1,1,3.52745428e-06,1.62396032e-06,0.460377425,0.0078125
3,234,1,2,3.52745428e-06,1.24812027e-06,0.353830308,0.0078125
3,234,1,3,3.52745428e-06,8.07846163e-07,0.229016766,0.0078125
3,234,1,4,3.52745428e-06,4.7974487e-07,0.136003137,0.0078125
3,234,1,5,3.52745428e-06,2.84682869e-07,0.0807049051,0.0078125
3,234,1,6,3.52745428e-06,1.63420182e-07,0.046328079,0.0078125
3,234,1,7,3.52745428e-06,9.82173916e-08,0.0278437044,0.0078125
3,234,1,8,3.52745428e-06,5.87093005e-08,0.0166435335,0.0078125
3,234,1,9,3.52745428e-06,3.45082718e-08,0.00978276972,0.0078125
3,235,1,0,3.53662494e-06,2.22703966e-06,0.629707634,0.0078125
3,235,1,1,3.53662494e-06,1.65623953e-06,0.468310773,0.0078125
3,235,1,2,3.53662494e-06,1.26476743e-06,0.357619882,0.0078125
3,235,1,3,3.53662494e-06,8.32021101e-07,0.235258505,0.0078125
3,235,1,4,3.53662494e-06,4.91550452e-07,0.138988569,0.0078125
3,235,1,5,3.53662494e-06,2.86366287e-07,0.0809716284,0.0078125
3,235,1,6,3.53662494e-06,1.61324152e-07,0.0456152856,0.0078125
3,235,1,7,3.53662494e-06,9.5866163e-08,0.02710668,0.0078125
3,235,1,8,3.53662494e-06,5.83952513e-08,0.0165115763,0.0078125
3,235,1,9,3.53662494e-06,3.32894459e-08,0.00941277202,0.0078125
3,236,1,0,3.4600796e-06,2.14606621e-06,0.620236099,0.0078125
3,236,1,1,3.4600796e-06,1.6257801e-06,0.469867826,0.0078125
3,236,1,2,3.4600796e-06,1.27942542e-06,0.369767636,0.0078125
3,236,1,3,3.4600796e-06,8.36988363e-07,0.241898581,0.0078125
3,236,1,4,3.4600796e-06,4.8343793e-07,0.139718726,0.0078125
3,236,1,5,3.4600796e-06,2.7789369e-07,0.0803142488,0.0078125
3,236,1,6,3.4600796e-06,1.56328099e-07,0.0451804921,0.0078125
3,236,1,7,3.4600796e-06,9.44179206e-08,0.0272877887,0.0078125
3,236,1,8,3.4600796e-06,5.59172584e-08,0.0161606856,0.0078125
3,236,1,9,3.4600796e-06,3.25539133e-08,0.00940842927,0.0078125
3,237,1,0,3.64954735e-06,2.09600034e-06,0.574317873,0.0078125
3,237,1,1,3.64954735e-06,1.51983488e-06,0.416444749,0.0078125
3,237,1,2,3.64954735e-06,1.21452535e-06,0.332787931,0.0078125
3,237,1,3,3.64954735e-06,8.29370322e-07,0.22725293,0.0078125
3,237,1,4,3.64954735e-06,4.87996147e-07,0.133714154,0.0078125
3,237,1,5,3.64954735e-06,2.80318943e-07,0.0768092349,0.0078125
3,237,1,6,3.64954735e-06,1.54147969e-07,0.0422375575,0.0078125
3,237,1,7,3.64954735e-06,9.44663157e-08,0.0258843917,0.0078125
3,237,1,8,3.64954735e-06,5.57197524e-08,0.0152675789,0.0078125
3,237,1,9,3.64954735e-06,3.11747392e-08,0.00854208414,0.0078125
3,238,1,0,3.61453363e-06,2.05151787e-06,0.56757468,0.0078125
3,238,1,1,3.61453363e-06,1.5335138e-06,0.424263239,0.0078125
3,238,1,2,3.61453363e-06,1.22672691e-06,0.339387327,0.0078125
3,238,1,3,3.61453363e-06,8.43090618e-07,0.233250186,0.0078125
3,238,1,4,3.61453363e-06,4.99054977e-07,0.138068989,0.0078125
3,238,1,5,3.61453363e-06,2.89609773e-07,0.0801236928,0.0078125
3,238,1,6,3.61453363e-06,1.58806515e-07,0.0439355485,0.0078125
3,238,1,7,3.61453363e-06,9.87352067e-08,0.027316168,0.0078125
3,238,1,8,3.61453363e-06,5.79906754e-08,0.0160437506,0.0078125
3,238,1,9,3.61453363e-06,3.26445821e-08,0.00903147832,0.0078125
3,239,1,0,3.41728719e-06,1.99196279e-06,0.582907617,0.0078125
3,239,1,1,3.41728719e-06,1.46381319e-06,0.428355336,0.0078125
3,239,1,2,3.41728719e-06,1.18406308e-06,0.346492112,0.0078125
3,239,1,3,3.41728719e-06,8.17113289e-07,0.239111677,0.0078125
3,239,1,4,3.41728719e-06,4.81563916e-07,0.140919939,0.0078125
3,239,1,5,3.41728719e-06,2.76256429e-07,0.0808408558,0.0078125
3,239,1,6,3.41728719e-06,1.55129015e-07,0.0453953706,0.0078125
3,239,1,7,3.41728719e-06,9.72588978e-08,0.0284608491,0.0078125
3,239,1,8,3.41728719e-06,5.77328088e-08,0.0168943387,0.0078125
3,239,1,9,3.41728719e-06,3.27824239e-08,0.00959311333,0.0078125
3,240,1,0,3.55968245e-06,2.12701161e-06,0.597528458,0.0078125
3,240,1,1,3.55968245e-06,1.59710066e-06,0.448663801,0.0078125
3,240,1,2,3.55968245e-06,1.24919836e-06,0.350929707,0.0078125
3,240,1,3,3.55968245e-06,8.4233119e-07,0.236630991,0.0078125
3,240,1,4,3.55968245e-06,4.90156424e-07,0.137696669,0.0078125
3,240,1,5,3.55968245e-06,2.80303482e-07,0.078743957,0.0078125
3,240,1,6,3.55968245e-06,1.54840791e-07,0.0434984826,0.0078125
3,240,1,7,3.55968245e-06,9.55050723e-08,0.0268296599,0.0078125
3,240,1,8,3.55968245e-06,5.60518174e-08,0.0157462973,0.0078125
3,240,1,9,3.55968245e-06,3.18931299e-08,0.00895954389,0.0078125
3,241,1,0,3.33388925e-06,2.09614495e-06,0.628738642,0.0078125
3,241,1,1,3.33388925e-06,1.61245066e-06,0.483654529,0.0078125
3,241,1,2,3.33388925e-06,1.25917563e-06,0.377689689,0.0078125
3,241,1,3,3.33388925e-06,8.2836425e-07,0.248467833,0.0078125
3,241,1,4,3.33388925e-06,4.93333573e-07,0.1479754,0.0078125
3,241,1,5,3.33388925e-06,2.77833863e-07,0.0833362639,0.0078125
3,241,1,6,3.33388925e-06,1.55950659e-07,0.0467773974,0.0078125
3,241,1,7,3.33388925e-06,9.37537479e-08,0.0281214342,0.0078125
3,241,1,8,3.33388925e-06,5.37380593e-08,0.0161187295,0.0078125
3,241,1,9,3.33388925e-06,3.12492929e-08,0.00937322434,0.0078125
3,242,1,0,3.68230758e-06,2.19022104e-06,0.594795763,0.0078125
3,242,1,1,3.68230758e-06,1.62629726e-06,0.441651672,0.0078125
3,242,1,2,3.68230758e-06,1.27071371e-06,0.345086247,0.0078125
3,242,1,3,3.68230758e-06,8.56940119e-07,0.232718229,0.0078125
3,242,1,4,3.68230758e-06,4.97579151e-07,0.135126993,0.0078125
3,242,1,5,3.68230758e-06,2.85195199e-07,0.0774501264,0.0078125
3,242,1,6,3.68230758e-06,1.51506029e-07,0.0411443152,0.0078125
3,242,1,7,3.68230758e-06,9.10375348e-08,0.024722958,0.0078125
3,242,1,8,3.68230758e-06,5.36544178e-08,0.0145708676,0.0078125
3,242,1,9,3.68230758e-06,3.1008728e-08,0.00842100475,0.0078125
3,243,1,0,3.64815696e-06,2.23153324e-06,0.611687839,0.0078125
3,243,1,1,3.64815696e-06,1.62710808e-06,0.446008235,0.0078125
3,243,1,2,3.64815696e-06,1.24628139e-06,0.341619462,0.0078125
3,243,1,3,3.64815696e-06,8.49488401e-07,0.232854128,0.0078125
3,243,1,4,3.64815696e-06,4.91981893e-07,0.134857655,0.0078125
3,243,1,5,3.64815696e-06,2.79938831e-07,0.0767343193,0.0078125
3,243,1,6,3.64815696e-06,1.49769917e-07,0.041053582,0.0078125
3,243,1,7,3.64815696e-06,9.08201301e-08,0.0248947982,0.0078125
3,243,1,8,3.64815696e-06,5.26634061e-08,0.0144356191,0.0078125
3,243,1,9,3.64815696e-06,3.17443956e-08,0.00870148838,0.0078125
3,244,1,0,3.32575337e-06,2.18450555e-06,0.656845331,0.0078125
3,244,1,1,3.32575337e-06,1.60852198e-06,0.483656436,0.0078125
3,244,1,2,3.32575337e-06,1.23179177e-06,0.370379776,0.0078125
3,244,1,3,3.32575337e-06,8.45954844e-07,0.254364878,0.0078125
3,244,1,4,3.32575337e-06,5.16074124e-07,0.155175105,0.0078125
3,244,1,5,3.32575337e-06,2.95975042e-07,0.088994883,0.0078125
3,244,1,6,3.32575337e-06,1.63982293e-07,0.0493068099,0.0078125
3,244,1,7,3.32575337e-06,9.81685062e-08,0.0295176748,0.0078125
3,244,1,8,3.32575337e-06,5.98084142e-08,0.017983418,0.0078125
3,244,1,9,3.32575337e-06,3.67015822e-08,0.011035569,0.0078125
3,245,1,0,3.36366338e-06,2.24983069e-06,0.668863237,0.0078125
3,245,1,1,3.36366338e-06,1.63432139e-06,0.485875428,0.0078125
3,245,1,2,3.36366338e-06,1.21947733e-06,0.362544388,0.0078125
3,245,1,3,3.36366338e-06,8.52866549e-07,0.253552884,0.0078125
3,245,1,4,3.36366338e-06,5.16737828e-07,0.153623521,0.0078125
3,245,1,5,3.36366338e-06,2.90999424e-07,0.0865126476,0.0078125
3,245,1,6,3.36366338e-06,1.61396116e-07,0.047982242,0.0078125
3,245,1,7,3.36366338e-06,9.51039141e-08,0.0282739103,0.0078125
3,245,1,8,3.36366338e-06,5.65025857e-08,0.0167979319,0.0078125
3,245,1,9,3.36366338e-06,3.55907588e-08,0.0105809513,0.0078125
3,246,1,0,3.30079911e-06,2.21035407e-06,0.669642091,0.0078125
3,246,1,1,3.30079911e-06,1.59266131e-06,0.482507795,0.0078125
3,246,1,2,3.30079911e-06,1.23905409e-06,0.375380039,0.0078125
3,246,1,3,3.30079911e-06,8.49561388e-07,0.257380515,0.0078125
3,246,1,4,3.30079911e-06,5.04834247e-07,0.152943045,0.0078125
3,246,1,5,3.30079911e-06,2.84949977e-07,0.0863275751,0.0078125
3,246,1,6,3.30079911e-06,1.59608035e-07,0.0483543612,0.0078125
3,246,1,7,3.30079911e-06,9.57415622e-08,0.0290055703,0.0078125
3,246,1,8,3.30079911e-06,5.74694994e-08,0.0174107831,0.0078125
3,246,1,9,3.30079911e-06,3.55872594e-08,0.0107814074,0.0078125
3,247,1,0,3.35388108e-06,2.09428549e-06,0.624436438,0.0078125
3,247,1,1,3.35388108e-06,1.55664316e-06,0.464131892,0.0078125
3,247,1,2,3.35388108e-06,1.23056384e-06,0.366907418,0.0078125
3,247,1,3,3.35388108e-06,8.52400831e-07,0.25415355,0.0078125
3,247,1,4,3.35388108e-06,5.18926299e-07,0.154724121,0.0078125
3,247,1,5,3.35388108e-06,2.92898477e-07,0.0873312056,0.0078125
3,247,1,6,3.35388108e-06,1.61418114e-07,0.0481287539,0.0078125
3,247,1,7,3.35388108e-06,9.587081e-08,0.0285850354,0.0078125
3,247,1,8,3.35388108e-06,5.85447744e-08,0.0174558293,0.0078125
3,247,1,9,3.35388108e-06,3.52568996e-08,0.0105122691,0.0078125
3,248,1,0,3.53942073e-06,2.18786818e-06,0.618143022,0.0078125
3,248,1,1,3.53942073e-06,1.6551304e-06,0.467627496,0.0078125
3,248,1,2,3.53942073e-06,1.29662874e-06,0.366339236,0.0078125
3,248,1,3,3.53942073e-06,8.56472241e-07,0.24198091,0.0078125
3,248,1,4,3.53942073e-06,5.05229423e-07,0.142743528,0.0078125
3,248,1,5,3.53942073e-06,2.83819872e-07,0.0801882297,0.0078125
3,248,1,6,3.53942073e-06,1.59016864e-07,0.0449273698,0.0078125
3,248,1,7,3.53942073e-06,9.58431343e-08,0.0270787627,0.0078125
3,248,1,8,3.53942073e-06,5.74558392e-08,0.0162331201,0.0078125
3,248,1,9,3.53942073e-06,3.45000402e-08,0.00974736921,0.0078125
3,249,1,0,3.38608038e-06,2.13486692e-06,0.63048321,0.0078125
3,249,1,1,3.38608038e-06,1.60921547e-06,0.475244313,0.0078125
3,249,1,2,3.38608038e-06,1.25842473e-06,0.371646434,0.0078125
3,249,1,3,3.38608038e-06,8.36097513e-07,0.246921927,0.0078125
3,249,1,4,3.38608038e-06,5.03997569e-07,0.148843944,0.0078125
3,249,1,5,3.38608038e-06,2.82661915e-07,0.0834776163,0.0078125
3,249,1,6,3.38608038e-06,1.5487413e-07,0.0457384698,0.0078125
3,249,1,7,3.38608038e-06,9.35165545e-08,0.027617937,0.0078125
3,249,1,8,3.38608038e-06,5.5430089e-08,0.0163699854,0.0078125
3,249,1,9,3.38608038e-06,3.23628804e-08,0.00955762342,0.0078125
3,250,1,0,3.45632566e-06,2.17660408e-06,0.629745066,0.0078125
3,250,1,1,3.45632566e-06,1.58198498e-06,0.457707167,0.0078125
3,250,1,2,3.45632566e-06,1.19232232e-06,0.34496817,0.0078125
3,250,1,3,3.45632566e-06,8.13603833e-07,0.235395595,0.0078125
3,250,1,4,3.45632566e-06,4.94767164e-07,0.143148303,0.0078125
3,250,1,5,3.45632566e-06,2.75622199e-07,0.0797442794,0.0078125
3,250,1,6,3.45632566e-06,1.51336977e-07,0.0437855087,0.0078125
3,250,1,7,3.45632566e-06,9.16516143e-08,0.0265170652,0.0078125
3,250,1,8,3.45632566e-06,5.40717089e-08,0.0156442747,0.0078125
3,250,1,9,3.45632566e-06,3.14611768e-08,0.00910249166,0.0078125
3,251,1,0,3.50498635e-06,2.20043034e-06,0.627799988,0.0078125
3,251,1,1,3.50498635e-06,1.61744197e-06,0.461468846,0.0078125
3,251,1,2,3.50498635e-06,1.2336028e-06,0.351956517,0.0078125
3,251,1,3,3.50498635e-06,8.2679793e-07,0.235891908,0.0078125
3,251,1,4,3.50498635e-06,4.87406339e-07,0.13906084,0.0078125
3,251,1,5,3.50498635e-06,2.7172328e-07,0.0775247738,0.0078125
3,251,1,6,3.50498635e-06,1.46253299e-07,0.0417272076,0.0078125
3,251,1,7,3.50498635e-06,8.70107044e-08,0.0248248335,0.0078125
3,251,1,8,3.50498635e-06,5.19323002e-08,0.0148166912,0.0078125
3,251,1,9,3.50498635e-06,3.00634966e-08,0.00857735053,0.0078125
3,252,1,0,3.45787612e-06,2.13888165e-06,0.618553579,0.0078125
3,252,1,1,3.45787612e-06,1.56921476e-06,0.453808844,0.0078125
3,252,1,2,3.45787612e-06,1.18798698e-06,0.343559742,0.0078125
3,252,1,3,3.45787612e-06,8.03404646e-07,0.2323405,0.0078125
3,252,1,4,3.45787612e-06,4.83210329e-07,0.139741942,0.0078125
3,252,1,5,3.45787612e-06,2.72788867e-07,0.078889139,0.0078125
3,252,1,6,3.45787612e-06,1.49379446e-07,0.0431997664,0.0078125
3,252,1,7,3.45787612e-06,8.95332946e-08,0.0258925688,0.0078125
3,252,1,8,3.45787612e-06,5.4454091e-08,0.0157478433,0.0078125
3,252,1,9,3.45787612e-06,3.14514388e-08,0.00909559429,0.0078125
3,253,1,0,3.42873409e-06,2.05856463e-06,0.600386202,0.0078125
3,253,1,1,3.42873409e-06,1.53558449e-06,0.447857559,0.0078125
3,253,1,2,3.42873409e-06,1.18968796e-06,0.346975863,0.0078125
3,253,1,3,3.42873409e-06,8.10067377e-07,0.236258447,0.0078125
3,253,1,4,3.42873409e-06,4.81331085e-07,0.140381575,0.0078125
3,253,1,5,3.42873409e-06,2.71953013e-07,0.0793158635,0.0078125
3,253,1,6,3.42873409e-06,1.50267056e-07,0.0438258126,0.0078125
3,253,1,7,3.42873409e-06,9.20258216e-08,0.0268395916,0.0078125
3,253,1,8,3.42873409e-06,5.53244206e-08,0.0161355231,0.0078125
3,253,1,9,3.42873409e-06,3.21612674e-08,0.00937992427,0.0078125
3,254,1,0,3.41723103e-06,2.06300319e-06,0.603706121,0.0078125
3,254,1,1,3.41723103e-06,1.4817083e-06,0.433599085,0.0078125
3,254,1,2,3.41723103e-06,1.1616354e-06,0.339934707,0.0078125
3,254,1,3,3.41723103e-06,7.96747884e-07,0.233155996,0.0078125
3,254,1,4,3.41723103e-06,4.71503512e-07,0.137978241,0.0078125
3,254,1,5,3.41723103e-06,2.6518029e-07,0.0776009262,0.0078125
3,254,1,6,3.41723103e-06,1.46420689e-07,0.04284776,0.0078125
3,254,1,7,3.41723103e-06,8.76780106e-08,0.0256576184,0.0078125
3,254,1,8,3.41723103e-06,5.23936343e-08,0.0153321894,0.0078125
3,254,1,9,3.41723103e-06,3.03195016e-08,0.00887253508,0.0078125
3,255,1,0,3.46127217e-06,2.06139725e-06,0.595560551,0.0078125
3,255,1,1,3.46127217e-06,1.49223274e-06,0.431122631,0.0078125
3,255,1,2,3.46127217e-06,1.16899776e-06,0.337736458,0.0078125
3,255,1,3,3.46127217e-06,8.04472734e-07,0.232421115,0.0078125
3,255,1,4,3.46127217e-06,4.70329496e-07,0.135883421,0.0078125
3,255,1,5,3.46127217e-06,2.69093476e-07,0.0777440965,0.0078125
3,255,1,6,3.46127217e-06,1.50806855e-07,0.0435697772,0.0078125
3,255,1,7,3.46127217e-06,8.99945221e-08,0.0260004178,0.0078125
3,255,1,8,3.46127217e-06,5.27657633e-08,0.0152446153,0.0078125
3,255,1,9,3.46127217e-06,3.14480353e-08,0.00908568688,0.0078125
4,0,1,0,3.39929102e-06,1.99022179e-06,0.585481465,0.0078125
4,0,1,1,3.39929102e-06,1.43407703e-06,0.421875328,0.0078125
4,0,1,2,3.39929102e-06,1.13322199e-06,0.33337009,0.0078125
4,0,1,3,3.39929102e-06,7.94621485e-07,0.233760953,0.0078125
4,0,1,4,3.39929102e-06,4.6642856e-07,0.137213483,0.0078125
4,0,1,5,3.39929102e-06,2.65042047e-07,0.0779698044,0.0078125
4,0,1,6,3.39929102e-06,1.51701357e-07,0.0446273535,0.0078125
4,0,1,7,3.39929102e-06,9.2451657e-08,0.0271973349,0.0078125
4,0,1,8,3.39929102e-06,5.47585053e-08,0.0161088016,0.0078125
4,0,1,9,3.39929102e-06,3.26111333e-08,0.00959351007,0.0078125
4,1,1,0,3.57185195e-06,2.0376599e-06,0.570477128,0.0078125
4,1,1,1,3.57185195e-06,1.45506192e-06,0.407369047,0.0078125
4,1,1,2,3.57185195e-06,1.16598608e-06,0.326437414,0.0078125
4,1,1,3,3.57185195e-06,8.16353406e-07,0.228551865,0.0078125
4,1,1,4,3.57185195e-06,4.78657284e-07,0.134008154,0.0078125
4,1,1,5,3.57185195e-06,2.69384941e-07,0.0754188448,0.0078125
4,1,1,6,3.57185195e-06,1.52125239e-07,0.0425900184,0.0078125
4,1,1,7,3.57185195e-06,9.13955773e-08,0.0255877282,0.0078125
4,1,1,8,3.57185195e-06,5.35710392e-08,0.0149981128,0.0078125
4,1,1,9,3.57185195e-06,3.16132684e-08,0.00885066576,0.0078125
4,2,1,0,3.61654679e-06,2.09064456e-06,0.578077555,0.0078125
4,2,1,1,3.61654679e-06,1.47932815e-06,0.409044385,0.0078125
4,2,1,2,3.61654679e-06,1.16764193e-06,0.322861016,0.0078125
4,2,1,3,3.61654679e-06,7.98505368e-07,0.220792219,0.0078125
4,2,1,4,3.61654679e-06,4.61081299e-07,0.127492145,0.0078125
4,2,1,5,3.61654679e-06,2.58251106e-07,0.0714082047,0.0078125
4,2,1,6,3.61654679e-06,1.45578923e-07,0.0402535722,0.0078125
4,2,1,7,3.61654679e-06,8.9321631e-08,0.0246980432,0.0078125
4,2,1,8,3.61654679e-06,5.29764996e-08,0.0146483658,0.0078125
4,2,1,9,3.61654679e-06,3.10815054e-08,0.00859424938,0.0078125
4,3,1,0,3.63919798e-06,2.11791348e-06,0.581972599,0.0078125
4,3,1,1,3.63919798e-06,1.54722306e-06,0.425154954,0.0078125
4,3,1,2,3.63919798e-06,1.23541497e-06,0.339474529,0.0078125
4,3,1,3,3.63919798e-06,8.37422647e-07,0.230111867,0.0078125
4,3,1,4,3.63919798e-06,4.78110508e-07,0.131377995,0.0078125
4,3,1,5,3.63919798e-06,2.66485017e-07,0.0732263029,0.0078125
4,3,1,6,3.63919798e-06,1.51917945e-07,0.0417448953,0.0078125
4,3,1,7,3.63919798e-06,9.29438428e-08,0.0255396497,0.0078125
4,3,1,8,3.63919798e-06,5.38893836e-08,0.0148080382,0.0078125
4,3,1,9,3.63919798e-06,3.20006315e-08,0.00879331958,0.0078125
4,4,1,0,3.47952164e-06,2.15255045e-06,0.618634045,0.0078125
4,4,1,1,3.47952164e-06,1.5793695e-06,0.453904212,0.0078125
4,4,1,2,3.47952164e-06,1.25906263e-06,0.361849338,0.0078125
4,4,1,3,3.47952164e-06,8.38853566e-07,0.241083011,0.0078125
4,4,1,4,3.47952164e-06,4.73593502e-07,0.136108801,0.0078125
4,4,1,5,3.47952164e-06,2.68050229e-07,0.0770365149,0.0078125
4,4,1,6,3.47952164e-06,1.53562738e-07,0.0441332906,0.0078125
4,4,1,7,3.47952164e-06,9.35224875e-08,0.0268779732,0.0078125
4,4,1,8,3.47952164e-06,5.48114656e-08,0.0157525856,0.0078125
4,4,1,9,3.47952164e-06,3.280255e-08,0.00942731556,0.0078125
4,5,1,0,3.7460411e-06,2.23722259e-06,0.597223163,0.0078125
4,5,1,1,3.7460411e-06,1.65768722e-06,0.442517102,0.0078125
4,5,1,2,3.7460411e-06,1.2935418e-06,0.345309019,0.0078125
4,5,1,3,3.7460411e-06,8.44530518e-07,0.22544615,0.0078125
4,5,1,4,3.7460411e-06,4.70647763e-07,0.125638708,0.0078125
4,5,1,5,3.7460411e-06,2.67122203e-07,0.0713078678,0.0078125
4,5,1,6,3.7460411e-06,1.52585258e-07,0.0407324024,0.0078125
4,5,1,7,3.7460411e-06,9.28867223e-08,0.0247959699,0.0078125
4,5,1,8,3.7460411e-06,5.4905783e-08,0.0146570159,0.0078125
4,5,1,9,3.7460411e-06,3.31492593e-08,0.00884914491,0.0078125
4,6,1,0,3.67697839e-06,2.22063341e-06,0.603928864,0.0078125
4,6,1,1,3.67697839e-06,1.67362418e-06,0.455162913,0.0078125
4,6,1,2,3.67697839e-06,1.27089879e-06,0.345636725,0.0078125
4,6,1,3,3.67697839e-06,8.4294652e-07,0.22924979,0.0078125
4,6,1,4,3.67697839e-06,4.8125986e-07,0.130884603,0.0078125
4,6,1,5,3.67697839e-06,2.69010229e-07,0.0731606781,0.0078125
4,6,1,6,3.67697839e-06,1.57037988e-07,0.0427084342,0.0078125
4,6,1,7,3.67697839e-06,9.46414147e-08,0.0257389098,0.0078125
4,6,1,8,3.67697839e-06,5.59763791e-08,0.0152234724,0.0078125
4,6,1,9,3.67697839e-06,3.34238024e-08,0.00909001846,0.0078125
4,7,1,0,3.6571123e-06,2.28886051e-06,0.625865519,0.0078125
4,7,1,1,3.6571123e-06,1.75149773e-06,0.478929162,0.0078125
4,7,1,2,3.6571123e-06,1.38193332e-06,0.377875537,0.0078125
4,7,1,3,3.6571123e-06,8.53068627e-07,0.233262897,0.0078125
4,7,1,4,3.6571123e-06,4.68944648e-07,0.128228128,0.0078125
4,7,1,5,3.6571123e-06,2.60197709e-07,0.071148403,0.0078125
4,7,1,6,3.6571123e-06,1.52349855e-07,0.0416585132,0.0078125
4,7,1,7,3.6571123e-06,9.12947655e-08,0.0249636211,0.0078125
4,7,1,8,3.6571123e-06,5.53622961e-08,0.0151382545,0.0078125
4,7,1,9,3.6571123e-06,3.2509142e-08,0.00888929237,0.0078125
4,8,1,0,3.45708895e-06,2.25242843e-06,0.651539028,0.0078125
4,8,1,1,3.45708895e-06,1.72172611e-06,0.498027712,0.0078125
4,8,1,2,3.45708895e-06,1.31982904e-06,0.381774694,0.0078125
4,8,1,3,3.45708895e-06,8.53745973e-07,0.246955171,0.0078125
4,8,1,4,3.45708895e-06,4.88341016e-07,0.141257867,0.0078125
4,8,1,5,3.45708895e-06,2.7285364e-07,0.0789258406,0.0078125
4,8,1,6,3.45708895e-06,1.6053724e-07,0.0464371145,0.0078125
4,8,1,7,3.45708895e-06,9.57646691e-08,0.0277009569,0.0078125
4,8,1,8,3.45708895e-06,5.74495509e-08,0.0166178979,0.0078125
4,8,1,9,3.45708895e-06,3.3280962e-08,0.0096268747,0.0078125
4,9,1,0,3.40109068e-06,2.14078455e-06,0.629440606,0.0078125
4,9,1,1,3.40109068e-06,1.67826431e-06,0.493448853,0.0078125
4,9,1,2,3.40109068e-06,1.34795312e-06,0.396329671,0.0078125
4,9,1,3,3.40109068e-06,8.63381729e-07,0.253854364,0.0078125
4,9,1,4,3.40109068e-06,4.82321866e-07,0.141813874,0.0078125
4,9,1,5,3.40109068e-06,2.76240627e-07,0.0812211856,0.0078125
4,9,1,6,3.40109068e-06,1.62861227e-07,0.0478850007,0.0078125
4,9,1,7,3.40109068e-06,9.70453229e-08,0.0285335891,0.0078125
4,9,1,8,3.40109068e-06,5.91164948e-08,0.017381629,0.0078125
4,9,1,9,3.40109068e-06,3.41546276e-08,0.0100422576,0.0078125
4,10,1,0,3.40422889e-06,2.1588512e-06,0.634167492,0.0078125
4,10,1,1,3.40422889e-06,1.70176531e-06,0.49989745,0.0078125
4,10,1,2,3.40422889e-06,1.35605171e-06,0.398343295,0.0078125
4,10,1,3,3.40422889e-06,8.60813429e-07,0.252865911,0.0078125
4,10,1,4,3.40422889e-06,4.91170113e-07,0.144282341,0.0078125
4,10,1,5,3.40422889e-06,2.86120894e-07,0.0840486661,0.0078125
4,10,1,6,3.40422889e-06,1.66648476e-07,0.0489533693,0.0078125
4,10,1,7,3.40422889e-06,9.59652624e-08,0.0281900149,0.0078125
4,10,1,8,3.40422889e-06,5.76911745e-08,0.0169469137,0.0078125
4,10,1,9,3.40422889e-06,3.30189565e-08,0.009699394,0.0078125
4,11,1,0,3.45708418e-06,2.22862559e-06,0.644654691,0.0078125
4,11,1,1,3.45708418e-06,1.73531089e-06,0.501957953,0.0078125
4,11,1,2,3.45708418e-06,1.3613768e-06,0.393793374,0.0078125
4,11,1,3,3.45708418e-06,8.56964903e-07,0.247886613,0.0078125
4,11,1,4,3.45708418e-06,4.93054472e-07,0.142621487,0.0078125
4,11,1,5,3.45708418e-06,2.88998081e-07,0.0835959017,0.0078125
4,11,1,6,3.45708418e-06,1.7015175e-07,0.0492182821,0.0078125
4,11,1,7,3.45708418e-06,9.89189317e-08,0.0286133997,0.0078125
4,11,1,8,3.45708418e-06,5.7824451e-08,0.0167263653,0.0078125
4,11,1,9,3.45708418e-06,3.25751301e-08,0.00942271855,0.0078125
4,12,1,0,3.60778745e-06,2.25224994e-06,0.624274552,0.0078125
4,12,1,1,3.60778745e-06,1.73462183e-06,0.480799347,0.0078125
4,12,1,2,3.60778745e-06,1.34649724e-06,0.373219669,0.0078125
4,12,1,3,3.60778745e-06,8.57626389e-07,0.237715334,0.0078125
4,12,1,4,3.60778745e-06,4.97146402e-07,0.137798145,0.0078125
4,12,1,5,3.60778745e-06,2.90129606e-07,0.0804175958,0.0078125
4,12,1,6,3.60778745e-06,1.65939895e-07,0.0459949188,0.0078125
4,12,1,7,3.60778745e-06,9.5395599e-08,0.0264415797,0.0078125
4,12,1,8,3.60778745e-06,5.54647848e-08,0.0153736286,0.0078125
4,12,1,9,3.60778745e-06,3.08417505e-08,0.0085486602,0.0078125
4,13,1,0,3.41976988e-06,2.24060091e-06,0.655190527,0.0078125
4,13,1,1,3.41976988e-06,1.71186286e-06,0.500578403,0.0078125
4,13,1,2,3.41976988e-06,1.31888942e-06,0.385666132,0.0078125
4,13,1,3,3.41976988e-06,8.36516506e-07,0.244611934,0.0078125
4,13,1,4,3.41976988e-06,4.83706117e-07,0.141444057,0.0078125
4,13,1,5,3.41976988e-06,2.85778611e-07,0.0835666209,0.0078125
4,13,1,6,3.41976988e-06,1.61143433e-07,0.0471211337,0.0078125
4,13,1,7,3.41976988e-06,9.52180343e-08,0.0278434046,0.0078125
4,13,1,8,3.41976988e-06,5.5995578e-08,0.0163740776,0.0078125
4,13,1,9,3.41976988e-06,3.07894972e-08,0.00900338311,0.0078125
4,14,1,0,3.50035293e-06,2.31551553e-06,0.661509156,0.0078125
4,14,1,1,3.50035293e-06,1.74498359e-06,0.49851647,0.0078125
4,14,1,2,3.50035293e-06,1.35261757e-06,0.3864232,0.0078125
4,14,1,3,3.50035293e-06,8.39929328e-07,0.239955604,0.0078125
4,14,1,4,3.50035293e-06,4.96169093e-07,0.141748309,0.0078125
4,14,1,5,3.50035293e-06,2.84981041e-07,0.0814149454,0.0078125
4,14,1,6,3.50035293e-06,1.64367549e-07,0.046957422,0.0078125
4,14,1,7,3.50035293e-06,9.77684849e-08,0.0279310364,0.0078125
4,14,1,8,3.50035293e-06,5.88869185e-08,0.0168231372,0.0078125
4,14,1,9,3.50035293e-06,3.30127108e-08,0.00943125226,0.0078125
4,15,1,0,3.63941194e-06,2.28020144e-06,0.62653017,0.0078125
4,15,1,1,3.63941194e-06,1.70621411e-06,0.468815893,0.0078125
4,15,1,2,3.63941194e-06,1.31161903e-06,0.360393107,0.0078125
4,15,1,3,3.63941194e-06,8.37484208e-07,0.23011525,0.0078125
4,15,1,4,3.63941194e-06,5.07256061e-07,0.139378577,0.0078125
4,15,1,5,3.63941194e-06,2.89768082e-07,0.0796194822,0.0078125
4,15,1,6,3.63941194e-06,1.66931173e-07,0.0458676219,0.0078125
4,15,1,7,3.63941194e-06,9.65917479e-08,0.0265404824,0.0078125
4,15,1,8,3.63941194e-06,5.69987613e-08,0.0156615302,0.0078125
4,15,1,9,3.63941194e-06,3.2406998e-08,0.00890445989,0.0078125
4,16,1,0,3.47301079e-06,2.27601527e-06,0.655343592,0.0078125
4,16,1,1,3.47301079e-06,1.68128702e-06,0.484100729,0.0078125
4,16,1,2,3.47301079e-06,1.25882787e-06,0.362460107,0.0078125
4,16,1,3,3.47301079e-06,8.17818034e-07,0.235478118,0.0078125
4,16,1,4,3.47301079e-06,4.97892017e-07,0.143360347,0.0078125
4,16,1,5,3.47301079e-06,2.91415347e-07,0.0839085653,0.0078125
4,16,1,6,3.47301079e-06,1.70016776e-07,0.048953712,0.0078125
4,16,1,7,3.47301079e-06,1.00843955e-07,0.0290364642,0.0078125
4,16,1,8,3.47301079e-06,6.02104677e-08,0.0173366778,0.0078125
4,16,1,9,3.47301079e-06,3.39963364e-08,0.0097887218,0.0078125
4,17,1,0,3.66752374e-06,2.37060294e-06,0.646376967,0.0078125
4,17,1,1,3.66752374e-06,1.73533658e-06,0.473163009,0.0078125
4,17,1,2,3.66752374e-06,1.32037007e-06,0.360016763,0.0078125
4,17,1,3,3.66752374e-06,8.45310637e-07,0.230485395,0.0078125
4,17,1,4,3.66752374e-06,5.07959271e-07,0.138501972,0.0078125
4,17,1,5,3.66752374e-06,2.98821931e-07,0.0814778432,0.0078125
4,17,1,6,3.66752374e-06,1.71297486e-07,0.0467065796,0.0078125
4,17,1,7,3.66752374e-06,1.0155118e-07,0.0276893042,0.0078125
4,17,1,8,3.66752374e-06,5.96417493e-08,0.0162621308,0.0078125
4,17,1,9,3.66752374e-06,3.35127233e-08,0.00913769752,0.0078125
4,18,1,0,3.56167402e-06,2.19128606e-06,0.615240514,0.0078125
4,18,1,1,3.56167402e-06,1.61340381e-06,0.452990294,0.0078125
4,18,1,2,3.56167402e-06,1.22010749e-06,0.342565745,0.0078125
4,18,1,3,3.56167402e-06,8.31070111e-07,0.23333694,0.0078125
4,18,1,4,3.56167402e-06,5.0682155e-07,0.142298684,0.0078125
4,18,1,5,3.56167402e-06,3.00797126e-07,0.0844538584,0.0078125
4,18,1,6,3.56167402e-06,1.70527358e-07,0.0478784293,0.0078125
4,18,1,7,3.56167402e-06,1.00954004e-07,0.0283445381,0.0078125
4,18,1,8,3.56167402e-06,5.91291176e-08,0.0166014954,0.0078125
4,18,1,9,3.56167402e-06,3.37930572e-08,0.00948797073,0.0078125
4,19,1,0,3.64009611e-06,2.20644461e-06,0.606150091,0.0078125
4,19,1,1,3.64009611e-06,1.60513014e-06,0.440958172,0.0078125
4,19,1,2,3.64009611e-06,1.20936522e-06,0.332234412,0.0078125
4,19,1,3,3.64009611e-06,8.36502863e-07,0.229802415,0.0078125
4,19,1,4,3.64009611e-06,5.12295742e-07,0.140736878,0.0078125
4,19,1,5,3.64009611e-06,3.04634341e-07,0.0836885422,0.0078125
4,19,1,6,3.64009611e-06,1.70184762e-07,0.0467528217,0.0078125
4,19,1,7,3.64009611e-06,1.00295793e-07,0.027553061,0.0078125
4,19,1,8,3.64009611e-06,5.90531002e-08,0.0162229501,0.0078125
4,19,1,9,3.64009611e-06,3.41380009e-08,0.00937832426,0.0078125
4,20,1,0,3.62754213e-06,2.19975959e-06,0.60640496,0.0078125
4,20,1,1,3.62754213e-06,1.64299729e-06,0.452923,0.0078125
4,20,1,2,3.62754213e-06,1.29202556e-06,0.356171072,0.0078125
4,20,1,3,3.62754213e-06,8.85878535e-07,0.244209021,0.0078125
4,20,1,4,3.62754213e-06,5.2885747e-07,0.145789474,0.0078125
4,20,1,5,3.62754213e-06,3.18611455e-07,0.0878312215,0.0078125
4,20,1,6,3.62754213e-06,1.76935117e-07,0.0487754829,0.0078125
4,20,1,7,3.62754213e-06,1.04432473e-07,0.0287887696,0.0078125
4,20,1,8,3.62754213e-06,6.16162481e-08,0.0169856735,0.0078125
4,20,1,9,3.62754213e-06,3.60690642e-08,0.00994311366,0.0078125
4,21,1,0,3.37688084e-06,2.05915262e-06,0.609779477,0.0078125
4,21,1,1,3.37688084e-06,1.55632711e-06,0.46087712,0.0078125
4,21,1,2,3.37688084e-06,1.23938912e-06,0.367021859,0.0078125
4,21,1,3,3.37688084e-06,8.6848388e-07,0.257185221,0.0078125
4,21,1,4,3.37688084e-06,5.22894993e-07,0.154845551,0.0078125
4,21,1,5,3.37688084e-06,3.07364445e-07,0.091020219,0.0078125
4,21,1,6,3.37688084e-06,1.69911544e-07,0.0503161214,0.0078125
4,21,1,7,3.37688084e-06,1.01796942e-07,0.0301452577,0.0078125
4,21,1,8,3.37688084e-06,6.12599536e-08,0.0181409884,0.0078125
4,21,1,9,3.37688084e-06,3.64101211e-08,0.0107821757,0.0078125
4,22,1,0,3.30658941e-06,1.99176066e-06,0.602361023,0.0078125
4,22,1,1,3.30658941e-06,1.51965241e-06,0.459583044,0.0078125
4,22,1,2,3.30658941e-06,1.23366146e-06,0.373091817,0.0078125
4,22,1,3,3.30658941e-06,8.70859196e-07,0.263370842,0.0078125
4,22,1,4,3.30658941e-06,5.28351222e-07,0.159787372,0.0078125
4,22,1,5,3.30658941e-06,3.08654933e-07,0.0933454037,0.0078125
4,22,1,6,3.30658941e-06,1.70774953e-07,0.0516468585,0.0078125
4,22,1,7,3.30658941e-06,1.01241369e-07,0.0306180641,0.0078125
4,22,1,8,3.30658941e-06,6.11425506e-08,0.0184911229,0.0078125
4,22,1,9,3.30658941e-06,3.59637475e-08,0.0108763874,0.0078125
4,23,1,0,3.30413809e-06,2.07835569e-06,0.629015982,0.0078125
4,23,1,1,3.30413809e-06,1.59683873e-06,0.483284503,0.0078125
4,23,1,2,3.30413809e-06,1.29830755e-06,0.392933816,0.0078125
4,23,1,3,3.30413809e-06,9.0865808e-07,0.275006086,0.0078125
4,23,1,4,3.30413809e-06,5.44913519e-07,0.164918512,0.0078125
4,23,1,5,3.30413809e-06,3.11448019e-07,0.0942599922,0.0078125
4,23,1,6,3.30413809e-06,1.72460858e-07,0.0521954149,0.0078125
4,23,1,7,3.30413809e-06,1.01086954e-07,0.0305940472,0.0078125
4,23,1,8,3.30413809e-06,5.94119136e-08,0.0179810617,0.0078125
4,23,1,9,3.30413809e-06,3.4895919e-08,0.0105612772,0.0078125
4,24,1,0,3.50489745e-06,2.14129727e-06,0.610944331,0.0078125
4,24,1,1,3.50489745e-06,1.5996884e-06,0.456415176,0.0078125
4,24,1,2,3.50489745e-06,1.32189689e-06,0.377157092,0.0078125
4,24,1,3,3.50489745e-06,9.40665132e-07,0.268385917,0.0078125
4,24,1,4,3.50489745e-06,5.58085901e-07,0.159230307,0.0078125
4,24,1,5,3.50489745e-06,3.14985641e-07,0.0898701474,0.0078125
4,24,1,6,3.50489745e-06,1.74129568e-07,0.0496817864,0.0078125
4,24,1,7,3.50489745e-06,1.03168965e-07,0.0294356588,0.0078125
4,24,1,8,3.50489745e-06,6.16038349e-08,0.0175765008,0.0078125
4,24,1,9,3.50489745e-06,3.5680408e-08,0.0101801576,0.0078125
4,25,1,0,3.4215318e-06,2.06964933e-06,0.604889691,0.0078125
4,25,1,1,3.4215318e-06,1.55603379e-06,0.454776943,0.0078125
4,25,1,2,3.4215318e-06,1.26860414e-06,0.370770812,0.0078125
4,25,1,3,3.4215318e-06,9.08231641e-07,0.265445918,0.0078125
4,25,1,4,3.4215318e-06,5.51267533e-07,0.161117166,0.0078125
4,25,1,5,3.4215318e-06,3.0830941e-07,0.0901085883,0.0078125
4,25,1,6,3.4215318e-06,1.68455401e-07,0.0492339134,0.0078125
4,25,1,7,3.4215318e-06,1.00941058e-07,0.0295017157,0.0078125
4,25,1,8,3.4215318e-06,6.09186301e-08,0.0178044904,0.0078125
4,25,1,9,3.4215318e-06,3.60088848e-08,0.0105242003,0.0078125
4,26,1,0,3.42034991e-06,2.03633431e-06,0.595358491,0.0078125
4,26,1,1,3.42034991e-06,1.56250837e-06,0.456827044,0.0078125
4,26,1,2,3.42034991e-06,1.32336095e-06,0.386908054,0.0078125
4,26,1,3,3.42034991e-06,9.55728751e-07,0.27942425,0.0078125
4,26,1,4,3.42034991e-06,5.64123923e-07,0.16493164,0.0078125
4,26,1,5,3.42034991e-06,3.14799109e-07,0.0920371041,0.0078125
4,26,1,6,3.42034991e-06,1.74208438e-07,0.0509329289,0.0078125
4,26,1,7,3.42034991e-06,1.0720715e-07,0.0313439146,0.0078125
4,26,1,8,3.42034991e-06,6.51368595e-08,0.0190439168,0.0078125
4,26,1,9,3.42034991e-06,3.82919403e-08,0.0111953281,0.0078125
4,27,1,0,3.52326151e-06,2.12881059e-06,0.60421592,0.0078125
4,27,1,1,3.52326151e-06,1.5973618e-06,0.453375876,0.0078125
4,27,1,2,3.52326151e-06,1.29743728e-06,0.36824894,0.0078125
4,27,1,3,3.52326151e-06,9.19124432e-07,0.260873169,0.0078125
4,27,1,4,3.52326151e-06,5.59312923e-07,0.158748627,0.0078125
4,27,1,5,3.52326151e-06,3.11485678e-07,0.088408336,0.0078125
4,27,1,6,3.52326151e-06,1.72962885e-07,0.0490916967,0.0078125
4,27,1,7,3.52326151e-06,1.05421321e-07,0.0299215149,0.0078125
4,27,1,8,3.52326151e-06,6.43061213e-08,0.0182518736,0.0078125
4,27,1,9,3.52326151e-06,3.77773084e-08,0.0107222553,0.0078125
4,28,1,0,3.47509103e-06,2.15774867e-06,0.620918632,0.0078125
4,28,1,1,3.47509103e-06,1.65301844e-06,0.475676298,0.0078125
4,28,1,2,3.47509103e-06,1.33483616e-06,0.384115458,0.0078125
4,28,1,3,3.47509103e-06,9.45323052e-07,0.272028297,0.0078125
4,28,1,4,3.47509103e-06,5.63481763e-07,0.162148774,0.0078125
4,28,1,5,3.47509103e-06,3.13225058e-07,0.090134345,0.0078125
4,28,1,6,3.47509103e-06,1.7173933e-07,0.049420096,0.0078125
4,28,1,7,3.47509103e-06,1.06633578e-07,0.0306851175,0.0078125
4,28,1,8,3.47509103e-06,6.48136265e-08,0.0186509155,0.0078125
4,28,1,9,3.47509103e-06,3.83120877e-08,0.0110247722,0.0078125
4,29,1,0,3.60501735e-06,2.30168985e-06,0.638468444,0.0078125
4,29,1,1,3.60501735e-06,1.68540635e-06,0.46751684,0.0078125
4,29,1,2,3.60501735e-06,1.31234538e-06,0.364033014,0.0078125
4,29,1,3,3.60501735e-06,9.09292567e-07,0.25222972,0.0078125
4,29,1,4,3.60501735e-06,5.51563801e-07,0.152998924,0.0078125
4,29,1,5,3.60501735e-06,3.0855486e-07,0.0855903924,0.0078125
4,29,1,6,3.60501735e-06,1.70994355e-07,0.0474323258,0.0078125
4,29,1,7,3.60501735e-06,1.05312864e-07,0.0292128585,0.0078125
4,29,1,8,3.60501735e-06,6.36049506e-08,0.0176434517,0.0078125
4,29,1,9,3.60501735e-06,3.78906115e-08,0.010510521,0.0078125
4,30,1,0,3.52214738e-06,2.27577516e-06,0.646132886,0.0078125
4,30,1,1,3.52214738e-06,1.69373584e-06,0.480881602,0.0078125
4,30,1,2,3.52214738e-06,1.33489766e-06,0.379001081,0.0078125
4,30,1,3,3.52214738e-06,9.35124888e-07,0.265498519,0.0078125
4,30,1,4,3.52214738e-06,5.40949145e-07,0.153585047,0.0078125
4,30,1,5,3.52214738e-06,2.96366863e-07,0.0841438025,0.0078125
4,30,1,6,3.52214738e-06,1.64888561e-07,0.0468147807,0.0078125
4,30,1,7,3.52214738e-06,1.01869745e-07,0.0289226249,0.0078125
4,30,1,8,3.52214738e-06,6.09318889e-08,0.0172996428,0.0078125
4,30,1,9,3.52214738e-06,3.70106257e-08,0.010507972,0.0078125
4,31,1,0,3.30070861e-06,2.04369667e-06,0.619169056,0.0078125
4,31,1,1,3.30070861e-06,1.54870258e-06,0.469203055,0.0078125
4,31,1,2,3.30070861e-06,1.25488373e-06,0.38018617,0.0078125
4,31,1,3,3.30070861e-06,9.06819196e-07,0.274734706,0.0078125
4,31,1,4,3.30070861e-06,5.32219246e-07,0.16124393,0.0078125
4,31,1,5,3.30070861e-06,2.92630318e-07,0.0886568129,0.0078125
4,31,1,6,3.30070861e-06,1.60676848e-07,0.0486795008,0.0078125
4,31,1,7,3.30070861e-06,9.81374129e-08,0.0297322255,0.0078125
4,31,1,8,3.30070861e-06,5.70401255e-08,0.0172811765,0.0078125
4,31,1,9,3.30070861e-06,3.39224435e-08,0.0102773216,0.0078125
4,32,1,0,3.39902749e-06,2.07317544e-06,0.609931946,0.0078125
4,32,1,1,3.39902749e-06,1.5191988e-06,0.446951032,0.0078125
4,32,1,2,3.39902749e-06,1.2117988e-06,0.356513381,0.0078125
4,32,1,3,3.39902749e-06,8.65442757e-07,0.25461483,0.0078125
4,32,1,4,3.39902749e-06,5.16690875e-07,0.15201138,0.0078125
4,32,1,5,3.39902749e-06,2.8705594e-07,0.0844523758,0.0078125
4,32,1,6,3.39902749e-06,1.55466921e-07,0.0457386486,0.0078125
4,32,1,7,3.39902749e-06,9.39861167e-08,0.0276508853,0.0078125
4,32,1,8,3.39902749e-06,5.55397648e-08,0.0163398981,0.0078125
4,32,1,9,3.39902749e-06,3.31007151e-08,0.00973828975,0.0078125
4,33,1,0,3.32617628e-06,2.05608535e-06,0.618152857,0.0078125
4,33,1,1,3.32617628e-06,1.57364912e-06,0.473110557,0.0078125
4,33,1,2,3.32617628e-06,1.26656835e-06,0.380788088,0.0078125
4,33,1,3,3.32617628e-06,9.07290485e-07,0.272772819,0.0078125
4,33,1,4,3.32617628e-06,5.28506575e-07,0.158893138,0.0078125
4,33,1,5,3.32617628e-06,2.95017429e-07,0.0886956677,0.0078125
4,33,1,6,3.32617628e-06,1.61489851e-07,0.0485512018,0.0078125
4,33,1,7,3.32617628e-06,9.77840671e-08,0.0293983426,0.0078125
4,33,1,8,3.32617628e-06,5.76402535e-08,0.0173292849,0.0078125
4,33,1,9,3.32617628e-06,3.49168445e-08,0.0104975933,0.0078125
4,34,1,0,3.40475822e-06,2.09588325e-06,0.615574777,0.0078125
4,34,1,1,3.40475822e-06,1.61038338e-06,0.472980231,0.0078125
4,34,1,2,3.40475822e-06,1.31030174e-06,0.384844273,0.0078125
4,34,1,3,3.40475822e-06,9.38516564e-07,0.275648534,0.0078125
4,34,1,4,3.40475822e-06,5.39002031e-07,0.158308461,0.0078125
4,34,1,5,3.40475822e-06,2.98208619e-07,0.0875858441,0.0078125
4,34,1,6,3.40475822e-06,1.62986922e-07,0.047870338,0.0078125
4,34,1,7,3.40475822e-06,9.57323607e-08,0.0281172264,0.0078125
4,34,1,8,3.40475822e-06,5.67064937e-08,0.0166550726,0.0078125
4,34,1,9,3.40475822e-06,3.43595872e-08,0.0100916382,0.0078125
4,35,1,0,3.54174813e-06,2.14034139e-06,0.604317784,0.0078125
4,35,1,1,3.54174813e-06,1.62185461e-06,0.457924873,0.0078125
4,35,1,2,3.54174813e-06,1.30505407e-06,0.368477374,0.0078125
4,35,1,3,3.54174813e-06,9.36099354e-07,0.26430434,0.0078125
4,35,1,4,3.54174813e-06,5.36808045e-07,0.15156585,0.0078125
4,35,1,5,3.54174813e-06,2.96703917e-07,0.0837733001,0.0078125
4,35,1,6,3.54174813e-06,1.62041545e-07,0.0457518548,0.0078125
4,35,1,7,3.54174813e-06,9.63387521e-08,0.0272009037,0.0078125
4,35,1,8,3.54174813e-06,5.73095491e-08,0.0161811467,0.0078125
4,35,1,9,3.54174813e-06,3.53599212e-08,0.0099837482,0.0078125
4,36,1,0,3.61568618e-06,2.07929043e-06,0.575074911,0.0078125
4,36,1,1,3.61568618e-06,1.56200474e-06,0.432007819,0.0078125
4,36,1,2,3.61568618e-06,1.27199087e-06,0.351797909,0.0078125
4,36,1,3,3.61568618e-06,9.2488466e-07,0.255797833,0.0078125
4,36,1,4,3.61568618e-06,5.37208109e-07,0.148577079,0.0078125
4,36,1,5,3.61568618e-06,2.99743505e-07,0.0829008594,0.0078125
4,36,1,6,3.61568618e-06,1.64497138e-07,0.0454954132,0.0078125
4,36,1,7,3.61568618e-06,9.71432002e-08,0.026867155,0.0078125
4,36,1,8,3.61568618e-06,5.73960754e-08,0.0158741865,0.0078125
4,36,1,9,3.61568618e-06,3.50785001e-08,0.0097017549,0.0078125
4,37,1,0,3.64402899e-06,2.19225922e-06,0.60160315,0.0078125
4,37,1,1,3.64402899e-06,1.62198216e-06,0.445106834,0.0078125
4,37,1,2,3.64402899e-06,1.32422736e-06,0.363396496,0.0078125
4,37,1,3,3.64402899e-06,9.48812044e-07,0.260374457,0.0078125
4,37,1,4,3.64402899e-06,5.36689925e-07,0.147279263,0.0078125
4,37,1,5,3.64402899e-06,3.01895597e-07,0.082846649,0.0078125
4,37,1,6,3.64402899e-06,1.66168277e-07,0.0456001535,0.0078125
4,37,1,7,3.64402899e-06,9.79470869e-08,0.0268787891,0.0078125
4,37,1,8,3.64402899e-06,5.74602232e-08,0.0157683231,0.0078125
4,37,1,9,3.64402899e-06,3.54242786e-08,0.00972118508,0.0078125
4,38,1,0,3.58002603e-06,2.11575411e-06,0.590988457,0.0078125
4,38,1,1,3.58002603e-06,1.58890828e-06,0.443825901,0.0078125
4,38,1,2,3.58002603e-06,1.24830513e-06,0.348686039,0.0078125
4,38,1,3,3.58002603e-06,8.39615211e-07,0.234527677,0.0078125
4,38,1,4,3.58002603e-06,5.22301718e-07,0.145893276,0.0078125
4,38,1,5,3.58002603e-06,3.0020658e-07,0.0838559791,0.0078125
4,38,1,6,3.58002603e-06,1.66426105e-07,0.0464874022,0.0078125
4,38,1,7,3.58002603e-06,9.95101317e-08,0.0277959239,0.0078125
4,38,1,8,3.58002603e-06,5.72617402e-08,0.0159947835,0.0078125
4,38,1,9,3.58002603e-06,3.58901246e-08,0.0100251017,0.0078125
4,39,1,0,3.54477993e-06,2.17146953e-06,0.612582326,0.0078125
4,39,1,1,3.54477993e-06,1.64273558e-06,0.463423848,0.0078125
4,39,1,2,3.54477993e-06,1.3289573e-06,0.374905437,0.0078125
4,39,1,3,3.54477993e-06,9.33174249e-07,0.263253093,0.0078125
4,39,1,4,3.54477993e-06,5.41925829e-07,0.152879968,0.0078125
4,39,1,5,3.54477993e-06,3.04492147e-07,0.0858987421,0.0078125
4,39,1,6,3.54477993e-06,1.7094456e-07,0.0482243076,0.0078125
4,39,1,7,3.54477993e-06,1.01819637e-07,0.0287238248,0.0078125
4,39,1,8,3.54477993e-06,5.95147327e-08,0.016789401,0.0078125
4,39,1,9,3.54477993e-06,3.75923612e-08,0.0106049916,0.0078125
4,40,1,0,3.37608435e-06,2.00752334e-06,0.594630659,0.0078125
4,40,1,1,3.37608435e-06,1.59365686e-06,0.472042978,0.0078125
4,40,1,2,3.37608435e-06,1.29342311e-06,0.383113384,0.0078125
4,40,1,3,3.37608435e-06,9.21669084e-07,0.272999436,0.0078125
4,40,1,4,3.37608435e-06,5.40672545e-07,0.160147816,0.0078125
4,40,1,5,3.37608435e-06,3.11955432e-07,0.0924015492,0.0078125
4,40,1,6,3.37608435e-06,1.72078458e-07,0.0509698354,0.0078125
4,40,1,7,3.37608435e-06,1.01657818e-07,0.0301111601,0.0078125
4,40,1,8,3.37608435e-06,5.923728e-08,0.017546149,0.0078125
4,40,1,9,3.37608435e-06,3.75633071e-08,0.0111262938,0.0078125
4,41,1,0,3.52055645e-06,2.12511236e-06,0.603629708,0.0078125
4,41,1,1,3.52055645e-06,1.62619506e-06,0.461914212,0.0078125
4,41,1,2,3.52055645e-06,1.33805531e-06,0.380069256,0.0078125
4,41,1,3,3.52055645e-06,9.50057768e-07,0.269860119,0.0078125
4,41,1,4,3.52055645e-06,5.36133371e-07,0.152286544,0.0078125
4,41,1,5,3.52055645e-06,3.11713052e-07,0.0885408446,0.0078125
4,41,1,6,3.52055645e-06,1.72698989e-07,0.0490544587,0.0078125
4,41,1,7,3.52055645e-06,1.01049501e-07,0.028702708,0.0078125
4,41,1,8,3.52055645e-06,5.92763598e-08,0.0168372132,0.0078125
4,41,1,9,3.52055645e-06,3.74367346e-08,0.0106337545,0.0078125
4,42,1,0,3.47546802e-06,2.0764387e-06,0.597455859,0.0078125
4,42,1,1,3.47546802e-06,1.62005608e-06,0.466140419,0.0078125
4,42,1,2,3.47546802e-06,1.28360102e-06,0.369331837,0.0078125
4,42,1,3,3.47546802e-06,8.94940001e-07,0.257502019,0.0078125
4,42,1,4,3.47546802e-06,5.35081938e-07,0.153959677,0.0078125
4,42,1,5,3.47546802e-06,3.13252116e-07,0.0901323557,0.0078125
4,42,1,6,3.47546802e-06,1.73184588e-07,0.049830582,0.0078125
4,42,1,7,3.47546802e-06,1.01559174e-07,0.0292217266,0.0078125
4,42,1,8,3.47546802e-06,6.03702404e-08,0.0173703916,0.0078125
4,42,1,9,3.47546802e-06,3.81718976e-08,0.0109832399,0.0078125
4,43,1,0,3.49080847e-06,2.05358265e-06,0.588282824,0.0078125
4,43,1,1,3.49080847e-06,1.57177726e-06,0.450261682,0.0078125
4,43,1,2,3.49080847e-06,1.31136972e-06,0.375663608,0.0078125
4,43,1,3,3.49080847e-06,9.34930483e-07,0.267826349,0.0078125
4,43,1,4,3.49080847e-06,5.32634942e-07,0.152582109,0.0078125
4,43,1,5,3.49080847e-06,3.10812027e-07,0.0890372619,0.0078125
4,43,1,6,3.49080847e-06,1.74426773e-07,0.0499674417,0.0078125
4,43,1,7,3.49080847e-06,9.89014808e-08,0.0283319708,0.0078125
4,43,1,8,3.49080847e-06,5.88997864e-08,0.0168728214,0.0078125
4,43,1,9,3.49080847e-06,3.62531267e-08,0.0103853093,0.0078125
4,44,1,0,3.37538063e-06,2.02558431e-06,0.600105464,0.0078125
4,44,1,1,3.37538063e-06,1.58917612e-06,0.4708139,0.0078125
4,44,1,2,3.37538063e-06,1.36197502e-06,0.403502643,0.0078125
4,44,1,3,3.37538063e-06,9.57261591e-07,0.283601075,0.0078125
4,44,1,4,3.37538063e-06,5.33323032e-07,0.158003822,0.0078125
4,44,1,5,3.37538063e-06,3.10661193e-07,0.0920373797,0.0078125
4,44,1,6,3.37538063e-06,1.76324463e-07,0.0522383936,0.0078125
4,44,1,7,3.37538063e-06,9.99240228e-08,0.0296037793,0.0078125
4,44,1,8,3.37538063e-06,5.97479684e-08,0.0177011061,0.0078125
4,44,1,9,3.37538063e-06,3.67529118e-08,0.0108885234,0.0078125
4,45,1,0,3.38281848e-06,2.13341036e-06,0.630660594,0.0078125
4,45,1,1,3.38281848e-06,1.64992059e-06,0.48773548,0.0078125
4,45,1,2,3.38281848e-06,1.34631216e-06,0.397985339,0.0078125
4,45,1,3,3.38281848e-06,9.25580309e-07,0.273612171,0.0078125
4,45,1,4,3.38281848e-06,5.24274299e-07,0.154981509,0.0078125
4,45,1,5,3.38281848e-06,3.01909665e-07,0.0892479643,0.0078125
4,45,1,6,3.38281848e-06,1.67392528e-07,0.049483154,0.0078125
4,45,1,7,3.38281848e-06,9.46477456e-08,0.0279789604,0.0078125
4,45,1,8,3.38281848e-06,5.62193705e-08,0.0166190919,0.0078125
4,45,1,9,3.38281848e-06,3.51191183e-08,0.0103816148,0.0078125
4,46,1,0,3.39071062e-06,2.12502414e-06,0.626719415,0.0078125
4,46,1,1,3.39071062e-06,1.62228048e-06,0.47844851,0.0078125
4,46,1,2,3.39071062e-06,1.32520699e-06,0.3908346,0.0078125
4,46,1,3,3.39071062e-06,9.18164346e-07,0.270788163,0.0078125
4,46,1,4,3.39071062e-06,5.20926733e-07,0.153633505,0.0078125
4,46,1,5,3.39071062e-06,3.05019626e-07,0.089957431,0.0078125
4,46,1,6,3.39071062e-06,1.68755477e-07,0.0497699454,0.0078125
4,46,1,7,3.39071062e-06,9.45810612e-08,0.027894171,0.0078125
4,46,1,8,3.39071062e-06,5.82341251e-08,0.0171746071,0.0078125
4,46,1,9,3.39071062e-06,3.54818432e-08,0.0104644271,0.0078125
4,47,1,0,3.55505608e-06,2.20938614e-06,0.621477127,0.0078125
4,47,1,1,3.55505608e-06,1.67799055e-06,0.472001135,0.0078125
4,47,1,2,3.55505608e-06,1.37272627e-06,0.386133522,0.0078125
4,47,1,3,3.55505608e-06,9.38544531e-07,0.26400274,0.0078125
4,47,1,4,3.55505608e-06,5.23376571e-07,0.147220343,0.0078125
4,47,1,5,3.55505608e-06,3.08485198e-07,0.0867736489,0.0078125
4,47,1,6,3.55505608e-06,1.70826581e-07,0.0480517261,0.0078125
4,47,1,7,3.55505608e-06,9.48799652e-08,0.0266887397,0.0078125
4,47,1,8,3.55505608e-06,5.84964859e-08,0.0164544489,0.0078125
4,47,1,9,3.55505608e-06,3.51865204e-08,0.009897599,0.0078125
4,48,1,0,3.42027602e-06,2.16774606e-06,0.633792698,0.0078125
4,48,1,1,3.42027602e-06,1.65076085e-06,0.48263967,0.0078125
4,48,1,2,3.42027602e-06,1.36103392e-06,0.39793101,0.0078125
4,48,1,3,3.42027602e-06,9.32650437e-07,0.272682786,0.0078125
4,48,1,4,3.42027602e-06,5.14367059e-07,0.150387585,0.0078125
4,48,1,5,3.42027602e-06,3.02203972e-07,0.0883566067,0.0078125
4,48,1,6,3.42027602e-06,1.67425725e-07,0.0489509404,0.0078125
4,48,1,7,3.42027602e-06,9.28522823e-08,0.0271475986,0.0078125
4,48,1,8,3.42027602e-06,5.76744092e-08,0.0168625023,0.0078125
4,48,1,9,3.42027602e-06,3.47798093e-08,0.0101687144,0.0078125
4,49,1,0,3.5225894e-06,2.20071524e-06,0.62474364,0.0078125
4,49,1,1,3.5225894e-06,1.65359518e-06,0.469426036,0.0078125
4,49,1,2,3.5225894e-06,1.30269643e-06,0.369812161,0.0078125
4,49,1,3,3.5225894e-06,8.31792306e-07,0.236130923,0.0078125
4,49,1,4,3.5225894e-06,5.05008472e-07,0.14336285,0.0078125
4,49,1,5,3.5225894e-06,3.02415145e-07,0.0858502388,0.0078125
4,49,1,6,3.5225894e-06,1.68124231e-07,0.0477274545,0.0078125
4,49,1,7,3.5225894e-06,9.54170005e-08,0.0270871762,0.0078125
4,49,1,8,3.5225894e-06,5.78383208e-08,0.0164192636,0.0078125
4,49,1,9,3.5225894e-06,3.54007987e-08,0.0100496523,0.0078125
4,50,1,0,3.26757458e-06,2.06188679e-06,0.631014466,0.0078125
4,50,1,1,3.26757458e-06,1.58614739e-06,0.485420406,0.0078125
4,50,1,2,3.26757458e-06,1.3562551e-06,0.415064782,0.0078125
4,50,1,3,3.26757458e-06,9.57059115e-07,0.292895883,0.0078125
4,50,1,4,3.26757458e-06,5.29927092e-07,0.162177503,0.0078125
4,50,1,5,3.26757458e-06,3.06916832e-07,0.0939280242,0.0078125
4,50,1,6,3.26757458e-06,1.66524316e-07,0.0509626679,0.0078125
4,50,1,7,3.26757458e-06,9.49622034e-08,0.0290619843,0.0078125
4,50,1,8,3.26757458e-06,5.89095777e-08,0.0180285331,0.0078125
4,50,1,9,3.26757458e-06,3.60292027e-08,0.0110262828,0.0078125
4,51,1,0,3.47810783e-06,2.19614276e-06,0.631418824,0.0078125
4,51,1,1,3.47810783e-06,1.64676146e-06,0.473464757,0.0078125
4,51,1,2,3.47810783e-06,1.37352015e-06,0.394904405,0.0078125
4,51,1,3,3.47810783e-06,9.60553393e-07,0.276171237,0.0078125
4,51,1,4,3.47810783e-06,5.39263965e-07,0.155045211,0.0078125
4,51,1,5,3.47810783e-06,3.12180674e-07,0.0897558928,0.0078125
4,51,1,6,3.47810783e-06,1.69737277e-07,0.0488016158,0.0078125
4,51,1,7,3.47810783e-06,9.59616671e-08,0.0275901929,0.0078125
4,51,1,8,3.47810783e-06,5.88176761e-08,0.0169108268,0.0078125
4,51,1,9,3.47810783e-06,3.5275967e-08,0.0101422872,0.0078125
4,52,1,0,3.30323746e-06,2.09132668e-06,0.633114219,0.0078125
4,52,1,1,3.30323746e-06,1.59644026e-06,0.483295649,0.0078125
4,52,1,2,3.30323746e-06,1.34821471e-06,0.408149511,0.0078125
4,52,1,3,3.30323746e-06,9.64213427e-07,0.291899532,0.0078125
4,52,1,4,3.30323746e-06,5.45052444e-07,0.165005535,0.0078125
4,52,1,5,3.30323746e-06,3.12124229e-07,0.0944904014,0.0078125
4,52,1,6,3.30323746e-06,1.72283677e-07,0.0521560088,0.0078125
4,52,1,7,3.30323746e-06,9.6297974e-08,0.0291526038,0.0078125
4,52,1,8,3.30323746e-06,5.91331748e-08,0.0179015808,0.0078125
4,52,1,9,3.30323746e-06,3.50835592e-08,0.0106209619,0.0078125
4,53,1,0,3.42615476e-06,2.22325707e-06,0.648907363,0.0078125
4,53,1,1,3.42615476e-06,1.64499124e-06,0.480127543,0.0078125
4,53,1,2,3.42615476e-06,1.38005691e-06,0.40280053,0.0078125
4,53,1,3,3.42615476e-06,9.79030574e-07,0.285751998,0.0078125
4,53,1,4,3.42615476e-06,5.32250851e-07,0.155349329,0.0078125
4,53,1,5,3.42615476e-06,3.19098689e-07,0.093136102,0.0078125
4,53,1,6,3.42615476e-06,1.75455e-07,0.0512104705,0.0078125
4,53,1,7,3.42615476e-06,1.01509549e-07,0.0296278354,0.0078125
4,53,1,8,3.42615476e-06,6.26122514e-08,0.0182747878,0.0078125
4,53,1,9,3.42615476e-06,3.70680553e-08,0.0108191418,0.0078125
4,54,1,0,3.44241539e-06,2.31283252e-06,0.671863258,0.0078125
4,54,1,1,3.44241539e-06,1.70900637e-06,0.49645558,0.0078125
4,54,1,2,3.44241539e-06,1.40160159e-06,0.407156438,0.0078125
4,54,1,3,3.44241539e-06,9.69657322e-07,0.281679362,0.0078125
4,54,1,4,3.44241539e-06,5.28465762e-07,0.15351598,0.0078125
4,54,1,5,3.44241539e-06,3.20462306e-07,0.0930922851,0.0078125
4,54,1,6,3.44241539e-06,1.69351864e-07,0.049195651,0.0078125
4,54,1,7,3.44241539e-06,9.57817079e-08,0.0278239828,0.0078125
4,54,1,8,3.44241539e-06,5.76143577e-08,0.016736608,0.0078125
4,54,1,9,3.44241539e-06,3.36383152e-08,0.00977171864,0.0078125
4,55,1,0,3.46263869e-06,2.32648631e-06,0.67188251,0.0078125
4,55,1,1,3.46263869e-06,1.668805e-06,0.481946051,0.0078125
4,55,1,2,3.46263869e-06,1.36259575e-06,0.393513709,0.0078125
4,55,1,3,3.46263869e-06,9.45164857e-07,0.272960871,0.0078125
4,55,1,4,3.46263869e-06,5.26353233e-07,0.152009279,0.0078125
4,55,1,5,3.46263869e-06,3.13588544e-07,0.0905634612,0.0078125
4,55,1,6,3.46263869e-06,1.70623679e-07,0.0492756218,0.0078125
4,55,1,7,3.46263869e-06,9.72377165e-08,0.0280819703,0.0078125
4,55,1,8,3.46263869e-06,5.88300324e-08,0.0169899426,0.0078125
4,55,1,9,3.46263869e-06,3.42174999e-08,0.00988191459,0.0078125
4,56,1,0,3.38647305e-06,2.28906038e-06,0.675942302,0.0078125
4,56,1,1,3.38647305e-06,1.65460972e-06,0.488593787,0.0078125
4,56,1,2,3.38647305e-06,1.33509889e-06,0.394244641,0.0078125
4,56,1,3,3.38647305e-06,9.1771409e-07,0.270994067,0.0078125
4,56,1,4,3.38647305e-06,5.23933693e-07,0.154713675,0.0078125
4,56,1,5,3.38647305e-06,3.07690613e-07,0.0908587202,0.0078125
4,56,1,6,3.38647305e-06,1.6582058e-07,0.0489655696,0.0078125
4,56,1,7,3.38647305e-06,9.44510674e-08,0.0278906897,0.0078125
4,56,1,8,3.38647305e-06,5.77713166e-08,0.0170594342,0.0078125
4,56,1,9,3.38647305e-06,3.40766348e-08,0.0100625735,0.0078125
4,57,1,0,3.19189508e-06,2.09877976e-06,0.657534063,0.0078125
4,57,1,1,3.19189508e-06,1.60754269e-06,0.503632665,0.0078125
4,57,1,2,3.19189508e-06,1.29768023e-06,0.406554788,0.0078125
4,57,1,3,3.19189508e-06,8.94683183e-07,0.280298442,0.0078125
4,57,1,4,3.19189508e-06,5.07451887e-07,0.158981383,0.0078125
4,57,1,5,3.19189508e-06,2.99132523e-07,0.0937162787,0.0078125
4,57,1,6,3.19189508e-06,1.61555192e-07,0.0506141931,0.0078125
4,57,1,7,3.19189508e-06,9.22872019e-08,0.028912982,0.0078125
4,57,1,8,3.19189508e-06,5.64191964e-08,0.0176757686,0.0078125
4,57,1,9,3.19189508e-06,3.2770938e-08,0.0102669224,0.0078125
4,58,1,0,3.20169056e-06,2.09839459e-06,0.655402064,0.0078125
4,58,1,1,3.20169056e-06,1.60395098e-06,0.500970006,0.0078125
4,58,1,2,3.20169056e-06,1.31638308e-06,0.411152512,0.0078125
4,58,1,3,3.20169056e-06,9.06003379e-07,0.282976568,0.0078125
4,58,1,4,3.20169056e-06,5.14455621e-07,0.160682499,0.0078125
4,58,1,5,3.20169056e-06,3.11850499e-07,0.0974018201,0.0078125
4,58,1,6,3.20169056e-06,1.68959417e-07,0.0527719371,0.0078125
4,58,1,7,3.20169056e-06,9.64852873e-08,0.0301357321,0.0078125
4,58,1,8,3.20169056e-06,5.84944502e-08,0.018269863,0.0078125
4,58,1,9,3.20169056e-06,3.37028183e-08,0.0105265696,0.0078125
4,59,1,0,3.28106398e-06,2.08151187e-06,0.6344015,0.0078125
4,59,1,1,3.28106398e-06,1.56981514e-06,0.47844699,0.0078125
4,59,1,2,3.28106398e-06,1.29681769e-06,0.395243049,0.0078125
4,59,1,3,3.28106398e-06,9.00923283e-07,0.274582654,0.0078125
4,59,1,4,3.28106398e-06,5.12303927e-07,0.156139567,0.0078125
4,59,1,5,3.28106398e-06,3.13282413e-07,0.0954819545,0.0078125
4,59,1,6,3.28106398e-06,1.69807194e-07,0.0517536961,0.0078125
4,59,1,7,3.28106398e-06,9.6317514e-08,0.0293555725,0.0078125
4,59,1,8,3.28106398e-06,5.85338746e-08,0.0178399067,0.0078125
4,59,1,9,3.28106398e-06,3.36410331e-08,0.0102530867,0.0078125
4,60,1,0,3.3628437e-06,2.13440171e-06,0.634701431,0.0078125
4,60,1,1,3.3628437e-06,1.59736464e-06,0.475004137,0.0078125
4,60,1,2,3.3628437e-06,1.28574425e-06,0.382338405,0.0078125
4,60,1,3,3.3628437e-06,8.64366143e-07,0.257034302,0.0078125
4,60,1,4,3.3628437e-06,5.0304692e-07,0.149589747,0.0078125
4,60,1,5,3.3628437e-06,3.04452584e-07,0.0905342624,0.0078125
4,60,1,6,3.3628437e-06,1.63179351e-07,0.0485242158,0.0078125
4,60,1,7,3.3628437e-06,9.2764715e-08,0.0275851991,0.0078125
4,60,1,8,3.3628437e-06,5.68213956e-08,0.016896829,0.0078125
4,60,1,9,3.3628437e-06,3.20168496e-08,0.00952076633,0.0078125
4,61,1,0,3.27737121e-06,2.12326745e-06,0.647856891,0.0078125
4,61,1,1,3.27737121e-06,1.60433353e-06,0.489518404,0.0078125
4,61,1,2,3.27737121e-06,1.2509397e-06,0.381689966,0.0078125
4,61,1,3,3.27737121e-06,8.52875814e-07,0.260231674,0.0078125
4,61,1,4,3.27737121e-06,5.03495187e-07,0.153627753,0.0078125
4,61,1,5,3.27737121e-06,3.11950743e-07,0.095183216,0.0078125
4,61,1,6,3.27737121e-06,1.67296463e-07,0.0510459319,0.0078125
4,61,1,7,3.27737121e-06,9.37118472e-08,0.0285936017,0.0078125
4,61,1,8,3.27737121e-06,5.69799958e-08,0.0173858833,0.0078125
4,61,1,9,3.27737121e-06,3.27851772e-08,0.0100034978,0.0078125
4,62,1,0,3.3312308e-06,2.21002824e-06,0.663426936,0.0078125
4,62,1,1,3.3312308e-06,1.69743134e-06,0.50955081,0.0078125
4,62,1,2,3.3312308e-06,1.35150003e-06,0.405705899,0.0078125
4,62,1,3,3.3312308e-06,8.80326013e-07,0.264264494,0.0078125
4,62,1,4,3.3312308e-06,5.01149827e-07,0.150439844,0.0078125
4,62,1,5,3.3312308e-06,3.0609084e-07,0.0918852091,0.0078125
4,62,1,6,3.3312308e-06,1.66808206e-07,0.0500740483,0.0078125
4,62,1,7,3.3312308e-06,9.36107938e-08,0.0281009637,0.0078125
4,62,1,8,3.3312308e-06,5.78924499e-08,0.0173786972,0.0078125
4,62,1,9,3.3312308e-06,3.29984964e-08,0.00990579743,0.0078125
4,63,1,0,3.51229005e-06,2.27195051e-06,0.646857321,0.0078125
4,63,1,1,3.51229005e-06,1.72180512e-06,0.490222931,0.0078125
4,63,1,2,3.51229005e-06,1.35881442e-06,0.386874199,0.0078125
4,63,1,3,3.51229005e-06,8.86917803e-07,0.252518386,0.0078125
4,63,1,4,3.51229005e-06,5.12278916e-07,0.145853251,0.0078125
4,63,1,5,3.51229005e-06,3.12686581e-07,0.0890264139,0.0078125
4,63,1,6,3.51229005e-06,1.69430351e-07,0.0482392833,0.0078125
4,63,1,7,3.51229005e-06,9.5179125e-08,0.0270988792,0.0078125
4,63,1,8,3.51229005e-06,5.86963687e-08,0.0167117082,0.0078125
4,63,1,9,3.51229005e-06,3.39645467e-08,0.00967019983,0.0078125
4,64,1,0,3.2693647e-06,2.25001622e-06,0.688212037,0.0078125
4,64,1,1,3.2693647e-06,1.73242745e-06,0.529897273,0.0078125
4,64,1,2,3.2693647e-06,1.33817935e-06,0.409308672,0.0078125
4,64,1,3,3.2693647e-06,8.84505312e-07,0.270543486,0.0078125
4,64,1,4,3.2693647e-06,5.11952919e-07,0.156590953,0.0078125
4,64,1,5,3.2693647e-06,3.12334805e-07,0.0955337882,0.0078125
4,64,1,6,3.2693647e-06,1.7153576e-07,0.0524676107,0.0078125
4,64,1,7,3.2693647e-06,9.50514263e-08,0.0290733632,0.0078125
4,64,1,8,3.2693647e-06,5.71222607e-08,0.0174719766,0.0078125
4,64,1,9,3.2693647e-06,3.3269032e-08,0.0101759927,0.0078125
4,65,1,0,3.28925103e-06,2.19617596e-06,0.667682707,0.0078125
4,65,1,1,3.28925103e-06,1.70533087e-06,0.518455684,0.0078125
4,65,1,2,3.28925103e-06,1.37218581e-06,0.41717273,0.0078125
4,65,1,3,3.28925103e-06,9.0765991e-07,0.275947303,0.0078125
4,65,1,4,3.28925103e-06,5.22955872e-07,0.15898934,0.0078125
4,65,1,5,3.28925103e-06,3.17728507e-07,0.0965960026,0.0078125
4,65,1,6,3.28925103e-06,1.74454343e-07,0.0530377105,0.0078125
4,65,1,7,3.28925103e-06,9.94113663e-08,0.0302231014,0.0078125
4,65,1,8,3.28925103e-06,6.08236235e-08,0.0184916332,0.0078125
4,65,1,9,3.28925103e-06,3.53122971e-08,0.0107356654,0.0078125
4,66,1,0,3.36745916e-06,2.13079329e-06,0.632759929,0.0078125
4,66,1,1,3.36745916e-06,1.66308109e-06,0.493868232,0.0078125
4,66,1,2,3.36745916e-06,1.35936136e-06,0.403675675,0.0078125
4,66,1,3,3.36745916e-06,9.17606314e-07,0.2724922,0.0078125
4,66,1,4,3.36745916e-06,5.23533799e-07,0.155468494,0.0078125
4,66,1,5,3.36745916e-06,3.23825759e-07,0.0961632356,0.0078125
4,66,1,6,3.36745916e-06,1.76489351e-07,0.0524102412,0.0078125
4,66,1,7,3.36745916e-06,9.93544518e-08,0.0295042787,0.0078125
4,66,1,8,3.36745916e-06,6.07951662e-08,0.0180537198,0.0078125
4,66,1,9,3.36745916e-06,3.52973153e-08,0.0104818838,0.0078125
4,67,1,0,3.22026199e-06,2.1125968e-06,0.656032562,0.0078125
4,67,1,1,3.22026199e-06,1.6183244e-06,0.502544343,0.0078125
4,67,1,2,3.22026199e-06,1.30323338e-06,0.404697925,0.0078125
4,67,1,3,3.22026199e-06,8.79469212e-07,0.273104876,0.0078125
4,67,1,4,3.22026199e-06,5.07807272e-07,0.157691285,0.0078125
4,67,1,5,3.22026199e-06,3.13509702e-07,0.0973553434,0.0078125
4,67,1,6,3.22026199e-06,1.7377198e-07,0.053962063,0.0078125
4,67,1,7,3.22026199e-06,9.71965903e-08,0.0301828217,0.0078125
4,67,1,8,3.22026199e-06,5.88035753e-08,0.0182604939,0.0078125
4,67,1,9,3.22026199e-06,3.41443531e-08,0.0106029734,0.0078125
4,68,1,0,3.38313384e-06,2.14637339e-06,0.634433508,0.0078125
4,68,1,1,3.38313384e-06,1.61014043e-06,0.475931644,0.0078125
4,68,1,2,3.38313384e-06,1.32868149e-06,0.392736912,0.0078125
4,68,1,3,3.38313384e-06,9.07655078e-07,0.268288255,0.0078125
4,68,1,4,3.38313384e-06,5.13502471e-07,0.151783079,0.0078125
4,68,1,5,3.38313384e-06,3.21966951e-07,0.0951682553,0.0078125
4,68,1,6,3.38313384e-06,1.76806523e-07,0.0522611663,0.0078125
4,68,1,7,3.38313384e-06,9.94115652e-08,0.0293844603,0.0078125
4,68,1,8,3.38313384e-06,6.00527414e-08,0.0177506246,0.0078125
4,68,1,9,3.38313384e-06,3.49419054e-08,0.0103282658,0.0078125
4,69,1,0,3.07939899e-06,2.09023165e-06,0.678779066,0.0078125
4,69,1,1,3.07939899e-06,1.58988905e-06,0.516298473,0.0078125
4,69,1,2,3.07939899e-06,1.26930331e-06,0.412191898,0.0078125
4,69,1,3,3.07939899e-06,8.62858144e-07,0.280203432,0.0078125
4,69,1,4,3.07939899e-06,4.9709223e-07,0.161425084,0.0078125
4,69,1,5,3.07939899e-06,3.11311254e-07,0.101094812,0.0078125
4,69,1,6,3.07939899e-06,1.67192312e-07,0.0542938113,0.0078125
4,69,1,7,3.07939899e-06,9.37988105e-08,0.0304601025,0.0078125
4,69,1,8,3.07939899e-06,5.5634569e-08,0.0180666968,0.0078125
4,69,1,9,3.07939899e-06,3.22270175e-08,0.0104653593,0.0078125
4,70,1,0,3.30350576e-06,2.11583892e-06,0.640482903,0.0078125
4,70,1,1,3.30350576e-06,1.57115301e-06,0.475601703,0.0078125
4,70,1,2,3.30350576e-06,1.26909072e-06,0.38416484,0.0078125
4,70,1,3,3.30350576e-06,8.78639014e-07,0.26597169,0.0078125
4,70,1,4,3.30350576e-06,5.01584225e-07,0.151833922,0.0078125
4,70,1,5,3.30350576e-06,3.17342511e-07,0.0960623473,0.0078125
4,70,1,6,3.30350576e-06,1.72312895e-07,0.052160617,0.0078125
4,70,1,7,3.30350576e-06,9.59284279e-08,0.0290383715,0.0078125
4,70,1,8,3.30350576e-06,5.68150611e-08,0.0171984136,0.0078125
4,70,1,9,3.30350576e-06,3.27376952e-08,0.00990998559,0.0078125
4,71,1,0,3.30764806e-06,2.10758549e-06,0.637185514,0.0078125
4,71,1,1,3.30764806e-06,1.57882096e-06,0.477324337,0.0078125
4,71,1,2,3.30764806e-06,1.22927702e-06,0.371646851,0.0078125
4,71,1,3,3.30764806e-06,8.51928576e-07,0.257563233,0.0078125
4,71,1,4,3.30764806e-06,4.88003593e-07,0.147537947,0.0078125
4,71,1,5,3.30764806e-06,3.08040853e-07,0.0931298733,0.0078125
4,71,1,6,3.30764806e-06,1.6398964e-07,0.0495789275,0.0078125
4,71,1,7,3.30764806e-06,9.04247202e-08,0.0273380727,0.0078125
4,71,1,8,3.30764806e-06,5.31275504e-08,0.0160620324,0.0078125
4,71,1,9,3.30764806e-06,3.04059888e-08,0.00919263158,0.0078125
4,72,1,0,3.33927073e-06,2.15097748e-06,0.644145906,0.0078125
4,72,1,1,3.33927073e-06,1.57910938e-06,0.472890496,0.0078125
4,72,1,2,3.33927073e-06,1.26691828e-06,0.379399687,0.0078125
4,72,1,3,3.33927073e-06,8.67313304e-07,0.259731352,0.0078125
4,72,1,4,3.33927073e-06,4.91508672e-07,0.147190422,0.0078125
4,72,1,5,3.33927073e-06,3.06143306e-07,0.0916796923,0.0078125
4,72,1,6,3.33927073e-06,1.63864883e-07,0.049072057,0.0078125
4,72,1,7,3.33927073e-06,9.17135949e-08,0.0274651572,0.0078125
4,72,1,8,3.33927073e-06,5.37876517e-08,0.0161076039,0.0078125
4,72,1,9,3.33927073e-06,3.12180042e-08,0.00934874918,0.0078125
4,73,1,0,3.34261472e-06,2.19538401e-06,0.656786442,0.0078125
4,73,1,1,3.34261472e-06,1.66207622e-06,0.497238338,0.0078125
4,73,1,2,3.34261472e-06,1.30281228e-06,0.389758438,0.0078125
4,73,1,3,3.34261472e-06,8.74446869e-07,0.26160565,0.0078125
4,73,1,4,3.34261472e-06,5.03098931e-07,0.150510594,0.0078125
4,73,1,5,3.34261472e-06,3.13075617e-07,0.0936618894,0.0078125
4,73,1,6,3.34261472e-06,1.64556099e-07,0.0492297523,0.0078125
4,73,1,7,3.34261472e-06,9.27396187e-08,0.0277446322,0.0078125
4,73,1,8,3.34261472e-06,5.4946149e-08,0.0164380744,0.0078125
4,73,1,9,3.34261472e-06,3.10491082e-08,0.00928886794,0.0078125
4,74,1,0,3.18043021e-06,2.07827748e-06,0.653457999,0.0078125
4,74,1,1,3.18043021e-06,1.62193874e-06,0.509974658,0.0078125
4,74,1,2,3.18043021e-06,1.26439295e-06,0.39755407,0.0078125
4,74,1,3,3.18043021e-06,8.47760816e-07,0.266555399,0.0078125
4,74,1,4,3.18043021e-06,4.90450759e-07,0.154208943,0.0078125
4,74,1,5,3.18043021e-06,3.02846871e-07,0.0952219814,0.0078125
4,74,1,6,3.18043021e-06,1.65300563e-07,0.0519742779,0.0078125
4,74,1,7,3.18043021e-06,9.13703389e-08,0.0287289247,0.0078125
4,74,1,8,3.18043021e-06,5.36345652e-08,0.0168639347,0.0078125
4,74,1,9,3.18043021e-06,3.2045179e-08,0.0100757368,0.0078125
4,75,1,0,3.28290298e-06,2.02697152e-06,0.617432654,0.0078125
4,75,1,1,3.28290298e-06,1.56127112e-06,0.475576371,0.0078125
4,75,1,2,3.28290298e-06,1.28342583e-06,0.390942365,0.0078125
4,75,1,3,3.28290298e-06,8.66989751e-07,0.264092416,0.0078125
4,75,1,4,3.28290298e-06,4.95549557e-07,0.150948584,0.0078125
4,75,1,5,3.28290298e-06,3.05643511e-07,0.0931015983,0.0078125
4,75,1,6,3.28290298e-06,1.6758267e-07,0.0510470979,0.0078125
4,75,1,7,3.28290298e-06,9.40917104e-08,0.02866113,0.0078125
4,75,1,8,3.28290298e-06,5.60187914e-08,0.0170637965,0.0078125
4,75,1,9,3.28290298e-06,3.2950183e-08,0.0100369044,0.0078125
4,76,1,0,3.44067348e-06,2.13288945e-06,0.619904637,0.0078125
4,76,1,1,3.44067348e-06,1.63284096e-06,0.474570155,0.0078125
4,76,1,2,3.44067348e-06,1.3151913e-06,0.382248223,0.0078125
4,76,1,3,3.44067348e-06,8.79348931e-07,0.255574644,0.0078125
4,76,1,4,3.44067348e-06,4.94364031e-07,0.143682346,0.0078125
4,76,1,5,3.44067348e-06,3.02542531e-07,0.0879311934,0.0078125
4,76,1,6,3.44067348e-06,1.6504417e-07,0.0479685664,0.0078125
4,76,1,7,3.44067348e-06,9.22803451e-08,0.0268204305,0.0078125
4,76,1,8,3.44067348e-06,5.58251152e-08,0.0162250549,0.0078125
4,76,1,9,3.44067348e-06,3.27443708e-08,0.00951684918,0.0078125
4,77,1,0,3.49801689e-06,2.07729749e-06,0.593850017,0.0078125
4,77,1,1,3.49801689e-06,1.6089125e-06,0.459949881,0.0078125
4,77,1,2,3.49801689e-06,1.32712091e-06,0.379392356,0.0078125
4,77,1,3,3.49801689e-06,8.97691336e-07,0.256628633,0.0078125
4,77,1,4,3.49801689e-06,4.98761835e-07,0.142584175,0.0078125
4,77,1,5,3.49801689e-06,3.07096656e-07,0.087791644,0.0078125
4,77,1,6,3.49801689e-06,1.67309764e-07,0.0478298888,0.0078125
4,77,1,7,3.49801689e-06,9.29210557e-08,0.0265639238,0.0078125
4,77,1,8,3.49801689e-06,5.70271013e-08,0.0163026955,0.0078125
4,77,1,9,3.49801689e-06,3.32811325e-08,0.00951428618,0.0078125
4,78,1,0,3.43574629e-06,2.06893219e-06,0.602178395,0.0078125
4,78,1,1,3.43574629e-06,1.61780531e-06,0.470874488,0.0078125
4,78,1,2,3.43574629e-06,1.24206053e-06,0.361511141,0.0078125
4,78,1,3,3.43574629e-06,8.26337725e-07,0.240511864,0.0078125
4,78,1,4,3.43574629e-06,4.89293029e-07,0.142412439,0.0078125
4,78,1,5,3.43574629e-06,3.05372339e-07,0.0888809338,0.0078125
4,78,1,6,3.43574629e-06,1.67735408e-07,0.0488206632,0.0078125
4,78,1,7,3.43574629e-06,9.29140285e-08,0.0270433314,0.0078125
4,78,1,8,3.43574629e-06,5.71781271e-08,0.0166421272,0.0078125
4,78,1,9,3.43574629e-06,3.31597434e-08,0.00965139456,0.0078125
4,79,1,0,3.361685e-06,1.98907151e-06,0.591688871,0.0078125
4,79,1,1,3.361685e-06,1.5681527e-06,0.466478169,0.0078125
4,79,1,2,3.361685e-06,1.28059207e-06,0.380937546,0.0078125
4,79,1,3,3.361685e-06,8.83950122e-07,0.262948513,0.0078125
4,79,1,4,3.361685e-06,5.1231325e-07,0.152397752,0.0078125
4,79,1,5,3.361685e-06,3.11549655e-07,0.0926766321,0.0078125
4,79,1,6,3.361685e-06,1.69348311e-07,0.0503760204,0.0078125
4,79,1,7,3.361685e-06,9.37773805e-08,0.0278959461,0.0078125
4,79,1,8,3.361685e-06,5.7449391e-08,0.0170894638,0.0078125
4,79,1,9,3.361685e-06,3.33916468e-08,0.00993300881,0.0078125
4,80,1,0,3.54745202e-06,2.06828486e-06,0.583033919,0.0078125
4,80,1,1,3.54745202e-06,1.60829723e-06,0.453366876,0.0078125
4,80,1,2,3.54745202e-06,1.32920786e-06,0.374693692,0.0078125
4,80,1,3,3.54745202e-06,8.91918148e-07,0.251424998,0.0078125
4,80,1,4,3.54745202e-06,5.09186975e-07,0.143535972,0.0078125
4,80,1,5,3.54745202e-06,3.16375917e-07,0.0891839862,0.0078125
4,80,1,6,3.54745202e-06,1.71445649e-07,0.0483292378,0.0078125
4,80,1,7,3.54745202e-06,9.50121404e-08,0.0267832074,0.0078125
4,80,1,8,3.54745202e-06,5.73695829e-08,0.0161720533,0.0078125
4,80,1,9,3.54745202e-06,3.26765637e-08,0.00921127666,0.0078125
4,81,1,0,3.35496361e-06,2.06090954e-06,0.614286721,0.0078125
4,81,1,1,3.35496361e-06,1.6302231e-06,0.485913783,0.0078125
4,81,1,2,3.35496361e-06,1.22376946e-06,0.364763856,0.0078125
4,81,1,3,3.35496361e-06,8.09723701e-07,0.241350964,0.0078125
4,81,1,4,3.35496361e-06,4.90995944e-07,0.146349117,0.0078125
4,81,1,5,3.35496361e-06,3.12309083e-07,0.0930886641,0.0078125
4,81,1,6,3.35496361e-06,1.67162042e-07,0.0498252921,0.0078125
4,81,1,7,3.35496361e-06,9.42396952e-08,0.0280896332,0.0078125
4,81,1,8,3.35496361e-06,5.73173864e-08,0.0170843545,0.0078125
4,81,1,9,3.35496361e-06,3.35009602e-08,0.00998549163,0.0078125
4,82,1,0,3.32069271e-06,2.12328655e-06,0.639410734,0.0078125
4,82,1,1,3.32069271e-06,1.66842744e-06,0.502433538,0.0078125
4,82,1,2,3.32069271e-06,1.31565287e-06,0.396198332,0.0078125
4,82,1,3,3.32069271e-06,8.81035817e-07,0.265316874,0.0078125
4,82,1,4,3.32069271e-06,5.08850292e-07,0.153236181,0.0078125
4,82,1,5,3.32069271e-06,3.10636324e-07,0.093545638,0.0078125
4,82,1,6,3.32069271e-06,1.67406824e-07,0.0504132248,0.0078125
4,82,1,7,3.32069271e-06,9.63392495e-08,0.0290117934,0.0078125
4,82,1,8,3.32069271e-06,5.72122367e-08,0.0172290057,0.0078125
4,82,1,9,3.32069271e-06,3.42285453e-08,0.0103076519,0.0078125
4,83,1,0,3.07954951e-06,2.05478386e-06,0.667235196,0.0078125
4,83,1,1,3.07954951e-06,1.64289838e-06,0.533486605,0.0078125
4,83,1,2,3.07954951e-06,1.30314868e-06,0.423162103,0.0078125
4,83,1,3,3.07954951e-06,8.73390377e-07,0.283609778,0.0078125
4,83,1,4,3.07954951e-06,5.08485812e-07,0.165116951,0.0078125
4,83,1,5,3.07954951e-06,3.05131437e-07,0.0990831405,0.0078125
4,83,1,6,3.07954951e-06,1.63750627e-07,0.0531735644,0.0078125
4,83,1,7,3.07954951e-06,9.16312288e-08,0.0297547504,0.0078125
4,83,1,8,3.07954951e-06,5.53762121e-08,0.0179819204,0.0078125
4,83,1,9,3.07954951e-06,3.27352723e-08,0.0106298896,0.0078125
4,84,1,0,3.23720315e-06,2.13061162e-06,0.658164322,0.0078125
4,84,1,1,3.23720315e-06,1.64242454e-06,0.507359147,0.0078125
4,84,1,2,3.23720315e-06,1.29408988e-06,0.399755538,0.0078125
4,84,1,3,3.23720315e-06,8.61854062e-07,0.266234159,0.0078125
4,84,1,4,3.23720315e-06,4.99920702e-07,0.154429823,0.0078125
4,84,1,5,3.23720315e-06,3.03016748e-07,0.0936044902,0.0078125
4,84,1,6,3.23720315e-06,1.64771862e-07,0.0508994497,0.0078125
4,84,1,7,3.23720315e-06,9.35104794e-08,0.0288861953,0.0078125
4,84,1,8,3.23720315e-06,5.70830743e-08,0.0176334549,0.0078125
4,84,1,9,3.23720315e-06,3.33117285e-08,0.0102902809,0.0078125
4,85,1,0,3.1390025e-06,2.15329237e-06,0.685979843,0.0078125
4,85,1,1,3.1390025e-06,1.68018857e-06,0.535261929,0.0078125
4,85,1,2,3.1390025e-06,1.2805242e-06,0.407939851,0.0078125
4,85,1,3,3.1390025e-06,8.50880326e-07,0.271067113,0.0078125
4,85,1,4,3.1390025e-06,5.13420332e-07,0.163561612,0.0078125
4,85,1,5,3.1390025e-06,3.07134258e-07,0.0978445411,0.0078125
4,85,1,6,3.1390025e-06,1.66656392e-07,0.0530921519,0.0078125
4,85,1,7,3.1390025e-06,9.42012832e-08,0.0300099421,0.0078125
4,85,1,8,3.1390025e-06,5.82735034e-08,0.0185643379,0.0078125
4,85,1,9,3.1390025e-06,3.38726664e-08,0.0107909013,0.0078125
4,86,1,0,3.35859454e-06,2.2386912e-06,0.666555941,0.0078125
4,86,1,1,3.35859454e-06,1.69546138e-06,0.504812777,0.0078125
4,86,1,2,3.35859454e-06,1.22361507e-06,0.364323556,0.0078125
4,86,1,3,3.35859454e-06,8.03306989e-07,0.239179507,0.0078125
4,86,1,4,3.35859454e-06,5.01463091e-07,0.149307415,0.0078125
4,86,1,5,3.35859454e-06,3.10038672e-07,0.0923120305,0.0078125
4,86,1,6,3.35859454e-06,1.69088096e-07,0.0503448956,0.0078125
4,86,1,7,3.35859454e-06,9.63512363e-08,0.0286879633,0.0078125
4,86,1,8,3.35859454e-06,5.91765108e-08,0.0176194273,0.0078125
4,86,1,9,3.35859454e-06,3.51159386e-08,0.010455546,0.0078125
4,87,1,0,3.30960142e-06,2.15343516e-06,0.650663018,0.0078125
4,87,1,1,3.30960142e-06,1.60997547e-06,0.486456007,0.0078125
4,87,1,2,3.30960142e-06,1.23643031e-06,0.37358889,0.0078125
4,87,1,3,3.30960142e-06,8.37304981e-07,0.25299269,0.0078125
4,87,1,4,3.30960142e-06,5.10019731e-07,0.15410307,0.0078125
4,87,1,5,3.30960142e-06,3.10081731e-07,0.0936915651,0.0078125
4,87,1,6,3.30960142e-06,1.70754134e-07,0.0515935645,0.0078125
4,87,1,7,3.30960142e-06,9.76585355e-08,0.0295076426,0.0078125
4,87,1,8,3.30960142e-06,6.02782748e-08,0.0182131529,0.0078125
4,87,1,9,3.30960142e-06,3.52777754e-08,0.0106592216,0.0078125
4,88,1,0,3.24817074e-06,2.16538615e-06,0.666647911,0.0078125
4,88,1,1,3.24817074e-06,1.64906533e-06,0.507690489,0.0078125
4,88,1,2,3.24817074e-06,1.31424827e-06,0.404611826,0.0078125
4,88,1,3,3.24817074e-06,8.69398946e-07,0.267658025,0.0078125
4,88,1,4,3.24817074e-06,5.28557393e-07,0.162724629,0.0078125
4,88,1,5,3.24817074e-06,3.19718822e-07,0.0984304249,0.0078125
4,88,1,6,3.24817074e-06,1.75238554e-07,0.0539499223,0.0078125
4,88,1,7,3.24817074e-06,9.92805269e-08,0.0305650588,0.0078125
4,88,1,8,3.24817074e-06,6.18343634e-08,0.019036673,0.0078125
4,88,1,9,3.24817074e-06,3.60522918e-08,0.0110992603,0.0078125
4,89,1,0,3.18510251e-06,2.1519113e-06,0.675617576,0.0078125
4,89,1,1,3.18510251e-06,1.66361406e-06,0.522310972,0.0078125
4,89,1,2,3.18510251e-06,1.35771154e-06,0.426269352,0.0078125
4,89,1,3,3.18510251e-06,8.857034e-07,0.278076887,0.0078125
4,89,1,4,3.18510251e-06,5.39787038e-07,0.169472426,0.0078125
4,89,1,5,3.18510251e-06,3.21421652e-07,0.100914069,0.0078125
4,89,1,6,3.18510251e-06,1.73119432e-07,0.0543528609,0.0078125
4,89,1,7,3.18510251e-06,1.01156552e-07,0.031759277,0.0078125
4,89,1,8,3.18510251e-06,6.16804883e-08,0.0193653069,0.0078125
4,89,1,9,3.18510251e-06,3.63397419e-08,0.0114092845,0.0078125
4,90,1,0,3.33490902e-06,2.1872379e-06,0.655861318,0.0078125
4,90,1,1,3.33490902e-06,1.62952836e-06,0.488627523,0.0078125
4,90,1,2,3.33490902e-06,1.23751863e-06,0.37108019,0.0078125
4,90,1,3,3.33490902e-06,8.30589556e-07,0.249059141,0.0078125
4,90,1,4,3.33490902e-06,5.1334024e-07,0.153929308,0.0078125
4,90,1,5,3.33490902e-06,3.1915215e-07,0.0957004055,0.0078125
4,90,1,6,3.33490902e-06,1.73358913e-07,0.0519830994,0.0078125
4,90,1,7,3.33490902e-06,9.98693324e-08,0.0299466439,0.0078125
4,90,1,8,3.33490902e-06,6.16111464e-08,0.0184746105,0.0078125
4,90,1,9,3.33490902e-06,3.52854741e-08,0.0105806403,0.0078125
4,91,1,0,3.62005858e-06,2.29375178e-06,0.633622825,0.0078125
4,91,1,1,3.62005858e-06,1.66482266e-06,0.459888309,0.0078125
4,91,1,2,3.62005858e-06,1.33421395e-06,0.368561417,0.0078125
4,91,1,3,3.62005858e-06,8.88733837e-07,0.245502606,0.0078125
4,91,1,4,3.62005858e-06,5.4287824e-07,0.149963945,0.0078125
4,91,1,5,3.62005858e-06,3.28114339e-07,0.0906378552,0.0078125
4,91,1,6,3.62005858e-06,1.78258006e-07,0.0492417477,0.0078125
4,91,1,7,3.62005858e-06,1.00157884e-07,0.0276674759,0.0078125
4,91,1,8,3.62005858e-06,6.14310736e-08,0.0169696361,0.0078125
4,91,1,9,3.62005858e-06,3.52190277e-08,0.00972885545,0.0078125
4,92,1,0,3.38726113e-06,2.18477498e-06,0.644997478,0.0078125
4,92,1,1,3.38726113e-06,1.60660034e-06,0.474306613,0.0078125
4,92,1,2,3.38726113e-06,1.30245553e-06,0.384515822,0.0078125
4,92,1,3,3.38726113e-06,8.82064001e-07,0.260406256,0.0078125
4,92,1,4,3.38726113e-06,5.42904957e-07,0.160278454,0.0078125
4,92,1,5,3.38726113e-06,3.25573524e-07,0.096117042,0.0078125
4,92,1,6,3.38726113e-06,1.79899573e-07,0.0531106293,0.0078125
4,92,1,7,3.38726113e-06,1.01874498e-07,0.0300757736,0.0078125
4,92,1,8,3.38726113e-06,6.18531857e-08,0.0182605311,0.0078125
4,92,1,9,3.38726113e-06,3.74826001e-08,0.0110657541,0.0078125
4,93,1,0,3.35980485e-06,2.16872127e-06,0.645490229,0.0078125
4,93,1,1,3.35980485e-06,1.6193278e-06,0.481970787,0.0078125
4,93,1,2,3.35980485e-06,1.28501028e-06,0.38246575,0.0078125
4,93,1,3,3.35980485e-06,8.60971625e-07,0.256256431,0.0078125
4,93,1,4,3.35980485e-06,5.41744384e-07,0.161242813,0.0078125
4,93,1,5,3.35980485e-06,3.31674869e-07,0.0987184942,0.0078125
4,93,1,6,3.35980485e-06,1.79982408e-07,0.0535693057,0.0078125
4,93,1,7,3.35980485e-06,1.04027421e-07,0.0309623405,0.0078125
4,93,1,8,3.35980485e-06,6.31059933e-08,0.0187826362,0.0078125
4,93,1,9,3.35980485e-06,3.73512101e-08,0.0111170774,0.0078125
4,94,1,0,3.48192202e-06,2.05698007e-06,0.590759933,0.0078125
4,94,1,1,3.48192202e-06,1.50889412e-06,0.433350921,0.0078125
4,94,1,2,3.48192202e-06,1.27519638e-06,0.366233468,0.0078125
4,94,1,3,3.48192202e-06,8.70005124e-07,0.249863476,0.0078125
4,94,1,4,3.48192202e-06,5.39441601e-07,0.154926389,0.0078125
4,94,1,5,3.48192202e-06,3.28195995e-07,0.0942571387,0.0078125
4,94,1,6,3.48192202e-06,1.80693931e-07,0.0518948808,0.0078125
4,94,1,7,3.48192202e-06,1.03631983e-07,0.0297628678,0.0078125
4,94,1,8,3.48192202e-06,6.26696064e-08,0.0179985669,0.0078125
4,94,1,9,3.48192202e-06,3.72636144e-08,0.0107020242,0.0078125
4,95,1,0,3.46469824e-06,2.12605346e-06,0.613633096,0.0078125
4,95,1,1,3.46469824e-06,1.53062888e-06,0.441778421,0.0078125
4,95,1,2,3.46469824e-06,1.30035278e-06,0.375314862,0.0078125
4,95,1,3,3.46469824e-06,8.88443026e-07,0.256427258,0.0078125
4,95,1,4,3.46469824e-06,5.44558759e-07,0.157173499,0.0078125
4,95,1,5,3.46469824e-06,3.27346925e-07,0.0944806486,0.0078125
4,95,1,6,3.46469824e-06,1.80422859e-07,0.0520746261,0.0078125
4,95,1,7,3.46469824e-06,1.03503282e-07,0.0298736785,0.0078125
4,95,1,8,3.46469824e-06,6.33530917e-08,0.0182853136,0.0078125
4,95,1,9,3.46469824e-06,3.74669362e-08,0.0108139105,0.0078125
4,96,1,0,3.43463194e-06,2.15058662e-06,0.626147628,0.0078125
4,96,1,1,3.43463194e-06,1.59684737e-06,0.464925319,0.0078125
4,96,1,2,3.43463194e-06,1.35978939e-06,0.395905405,0.0078125
4,96,1,3,3.43463194e-06,9.25022846e-07,0.269322276,0.0078125
4,96,1,4,3.43463194e-06,5.60576098e-07,0.163212866,0.0078125
4,96,1,5,3.43463194e-06,3.34730913e-07,0.0974575803,0.0078125
4,96,1,6,3.43463194e-06,1.85537104e-07,0.0540194996,0.0078125
4,96,1,7,3.43463194e-06,1.0673979e-07,0.0310775042,0.0078125
4,96,1,8,3.43463194e-06,6.52354615e-08,0.0189934354,0.0078125
4,96,1,9,3.43463194e-06,3.87096755e-08,0.0112704001,0.0078125
4,97,1,0,3.39684971e-06,2.17827801e-06,0.6412642,0.0078125
4,97,1,1,3.39684971e-06,1.58492981e-06,0.46658814,0.0078125
4,97,1,2,3.39684971e-06,1.35263224e-06,0.398201972,0.0078125
4,97,1,3,3.39684971e-06,9.20416994e-07,0.27096194,0.0078125
4,97,1,4,3.39684971e-06,5.56340638e-07,0.163781345,0.0078125
4,97,1,5,3.39684971e-06,3.34904627e-07,0.0985927135,0.0078125
4,97,1,6,3.39684971e-06,1.82237898e-07,0.0536490902,0.0078125
4,97,1,7,3.39684971e-06,1.06677057e-07,0.0314047039,0.0078125
4,97,1,8,3.39684971e-06,6.58828867e-08,0.0193952899,0.0078125
4,97,1,9,3.39684971e-06,3.94855775e-08,0.0116241761,0.0078125
4,98,1,0,3.61713205e-06,2.3071766e-06,0.637846947,0.0078125
4,98,1,1,3.61713205e-06,1.66629161e-06,0.460666507,0.0078125
4,98,1,2,3.61713205e-06,1.41979694e-06,0.39252007,0.0078125
4,98,1,3,3.61713205e-06,9.44006501e-07,0.260982037,0.0078125
4,98,1,4,3.61713205e-06,5.66388906e-07,0.156585082,0.0078125
4,98,1,5,3.61713205e-06,3.38896456e-07,0.0936920345,0.0078125
4,98,1,6,3.61713205e-06,1.80709847e-07,0.0499594286,0.0078125
4,98,1,7,3.61713205e-06,1.03442417e-07,0.02859791,0.0078125
4,98,1,8,3.61713205e-06,6.3753987e-08,0.0176255628,0.0078125
4,98,1,9,3.61713205e-06,3.90515105e-08,0.0107962638,0.0078125
4,99,1,0,3.53159362e-06,2.28689669e-06,0.647553742,0.0078125
4,99,1,1,3.53159362e-06,1.64787059e-06,0.466608226,0.0078125
4,99,1,2,3.53159362e-06,1.33207436e-06,0.377187908,0.0078125
4,99,1,3,3.53159362e-06,8.84112637e-07,0.250343829,0.0078125
4,99,1,4,3.53159362e-06,5.49554215e-07,0.15561083,0.0078125
4,99,1,5,3.53159362e-06,3.33014242e-07,0.0942957401,0.0078125
4,99,1,6,3.53159362e-06,1.78344905e-07,0.0504998378,0.0078125
4,99,1,7,3.53159362e-06,1.02745709e-07,0.0290932991,0.0078125
4,99,1,8,3.53159362e-06,6.36693898e-08,0.0180285145,0.0078125
4,99,1,9,3.53159362e-06,3.87170935e-08,0.0109630655,0.0078125
4,100,1,0,3.57344857e-06,2.18681157e-06,0.611961126,0.0078125
4,100,1,1,3.57344857e-06,1.58362809e-06,0.443165213,0.0078125
4,100,1,2,3.57344857e-06,1.36215954e-06,0.381189078,0.0078125
4,100,1,3,3.57344857e-06,9.34042532e-07,0.26138407,0.0078125
4,100,1,4,3.57344857e-06,5.61048296e-07,0.157004714,0.0078125
4,100,1,5,3.57344857e-06,3.29367595e-07,0.0921707973,0.0078125
4,100,1,6,3.57344857e-06,1.79273584e-07,0.0501682274,0.0078125
4,100,1,7,3.57344857e-06,1.02275692e-07,0.0286210049,0.0078125
4,100,1,8,3.57344857e-06,6.40034514e-08,0.0179108363,0.0078125
4,100,1,9,3.57344857e-06,3.87412236e-08,0.0108414106,0.0078125
4,101,1,0,3.30633316e-06,2.22671338e-06,0.673469126,0.0078125
4,101,1,1,3.30633316e-06,1.64237974e-06,0.49673751,0.0078125
4,101,1,2,3.30633316e-06,1.36210201e-06,0.411967576,0.0078125
4,101,1,3,3.30633316e-06,9.19353454e-07,0.27805832,0.0078125
4,101,1,4,3.30633316e-06,5.51363087e-07,0.166759685,0.0078125
4,101,1,5,3.30633316e-06,3.28732e-07,0.0994249508,0.0078125
4,101,1,6,3.30633316e-06,1.76753275e-07,0.0534590036,0.0078125
4,101,1,7,3.30633316e-06,1.01115361e-07,0.0305823274,0.0078125
4,101,1,8,3.30633316e-06,6.16544824e-08,0.0186473895,0.0078125
4,101,1,9,3.30633316e-06,3.73990829e-08,0.0113113476,0.0078125
4,102,1,0,3.44426303e-06,2.25148665e-06,0.653691828,0.0078125
4,102,1,1,3.44426303e-06,1.61994012e-06,0.47032997,0.0078125
4,102,1,2,3.44426303e-06,1.35833375e-06,0.394375741,0.0078125
4,102,1,3,3.44426303e-06,9.16104909e-07,0.265979946,0.0078125
4,102,1,4,3.44426303e-06,5.38927225e-07,0.156470984,0.0078125
4,102,1,5,3.44426303e-06,3.18258088e-07,0.0924023762,0.0078125
4,102,1,6,3.44426303e-06,1.74670902e-07,0.0507135764,0.0078125
4,102,1,7,3.44426303e-06,1.01642236e-07,0.0295105912,0.0078125
4,102,1,8,3.44426303e-06,6.09441315e-08,0.0176943894,0.0078125
4,102,1,9,3.44426303e-06,3.72303397e-08,0.0108093778,0.0078125
4,103,1,0,3.21112384e-06,2.22960352e-06,0.694337428,0.0078125
4,103,1,1,3.21112384e-06,1.62847368e-06,0.507135093,0.0078125
4,103,1,2,3.21112384e-06,1.36520998e-06,0.425150216,0.0078125
4,103,1,3,3.21112384e-06,9.30105728e-07,0.289651155,0.0078125
4,103,1,4,3.21112384e-06,5.4517659e-07,0.169777498,0.0078125
4,103,1,5,3.21112384e-06,3.20005142e-07,0.0996551886,0.0078125
4,103,1,6,3.21112384e-06,1.79107602e-07,0.0557772331,0.0078125
4,103,1,7,3.21112384e-06,1.04171662e-07,0.0324408747,0.0078125
4,103,1,8,3.21112384e-06,6.38827231e-08,0.0198941939,0.0078125
4,103,1,9,3.21112384e-06,3.92098123e-08,0.0122106196,0.0078125
4,104,1,0,3.19848073e-06,2.17787328e-06,0.68090868,0.0078125
4,104,1,1,3.19848073e-06,1.63822244e-06,0.51218766,0.0078125
4,104,1,2,3.19848073e-06,1.36979725e-06,0.428264976,0.0078125
4,104,1,3,3.19848073e-06,9.14629368e-07,0.285957456,0.0078125
4,104,1,4,3.19848073e-06,5.41649968e-07,0.16934602,0.0078125
4,104,1,5,3.19848073e-06,3.20286262e-07,0.100137003,0.0078125
4,104,1,6,3.19848073e-06,1.78697078e-07,0.0558693632,0.0078125
4,104,1,7,3.19848073e-06,1.04964592e-07,0.0328170173,0.0078125
4,104,1,8,3.19848073e-06,6.25183674e-08,0.0195462704,0.0078125
4,104,1,9,3.19848073e-06,3.84710681e-08,0.0120279193,0.0078125
4,105,1,0,3.1306754e-06,2.13537737e-06,0.682081997,0.0078125
4,105,1,1,3.1306754e-06,1.60393745e-06,0.512329519,0.0078125
4,105,1,2,3.1306754e-06,1.33770061e-06,0.427288175,0.0078125
4,105,1,3,3.1306754e-06,9.18359888e-07,0.293342412,0.0078125
4,105,1,4,3.1306754e-06,5.42264615e-07,0.173210099,0.0078125
4,105,1,5,3.1306754e-06,3.19428949e-07,0.102031961,0.0078125
4,105,1,6,3.1306754e-06,1.78247348e-07,0.0569357499,0.0078125
4,105,1,7,3.1306754e-06,1.06589077e-07,0.0340466723,0.0078125
4,105,1,8,3.1306754e-06,6.31021564e-08,0.0201560836,0.0078125
4,105,1,9,3.1306754e-06,3.9724231e-08,0.0126887094,0.0078125
4,106,1,0,3.16745854e-06,2.15699311e-06,0.680985451,0.0078125
4,106,1,1,3.16745854e-06,1.62076424e-06,0.511692345,0.0078125
4,106,1,2,3.16745854e-06,1.35940775e-06,0.429179341,0.0078125
4,106,1,3,3.16745854e-06,9.16867862e-07,0.289464831,0.0078125
4,106,1,4,3.16745854e-06,5.35892241e-07,0.169186816,0.0078125
4,106,1,5,3.16745854e-06,3.16402605e-07,0.0998916328,0.0078125
4,106,1,6,3.16745854e-06,1.76559283e-07,0.055741623,0.0078125
4,106,1,7,3.16745854e-06,1.03319714e-07,0.0326191224,0.0078125
4,106,1,8,3.16745854e-06,6.20699154e-08,0.0195961259,0.0078125
4,106,1,9,3.16745854e-06,3.90694694e-08,0.0123346429,0.0078125
4,107,1,0,3.2503076e-06,2.21735286e-06,0.682197869,0.0078125
4,107,1,1,3.2503076e-06,1.61704747e-06,0.497505993,0.0078125
4,107,1,2,3.2503076e-06,1.34496543e-06,0.413796365,0.0078125
4,107,1,3,3.2503076e-06,9.16749457e-07,0.282050073,0.0078125
4,107,1,4,3.2503076e-06,5.45185173e-07,0.167733416,0.0078125
4,107,1,5,3.2503076e-06,3.14170592e-07,0.096658729,0.0078125
4,107,1,6,3.2503076e-06,1.77147442e-07,0.0545017458,0.0078125
4,107,1,7,3.2503076e-06,1.05518531e-07,0.032464169,0.0078125
4,107,1,8,3.2503076e-06,6.25766248e-08,0.0192525238,0.0078125
4,107,1,9,3.2503076e-06,3.96007813e-08,0.0121837026,0.0078125
4,108,1,0,3.31272577e-06,2.29206739e-06,0.69189769,0.0078125
4,108,1,1,3.31272577e-06,1.69341172e-06,0.511183798,0.0078125
4,108,1,2,3.31272577e-06,1.38558084e-06,0.418260038,0.0078125
4,108,1,3,3.31272577e-06,9.19095726e-07,0.277443945,0.0078125
4,108,1,4,3.31272577e-06,5.42268083e-07,0.163692415,0.0078125
4,108,1,5,3.31272577e-06,3.23732422e-07,0.0977238789,0.0078125
4,108,1,6,3.31272577e-06,1.81033016e-07,0.0546477512,0.0078125
4,108,1,7,3.31272577e-06,1.07361494e-07,0.0324088074,0.0078125
4,108,1,8,3.31272577e-06,6.38722497e-08,0.0192808751,0.0078125
4,108,1,9,3.31272577e-06,3.98118303e-08,0.012017847,0.0078125
4,109,1,0,3.1758882e-06,2.12358509e-06,0.668658614,0.0078125
4,109,1,1,3.1758882e-06,1.57447528e-06,0.49575904,0.0078125
4,109,1,2,3.1758882e-06,1.2800034e-06,0.403037935,0.0078125
4,109,1,3,3.1758882e-06,8.94124923e-07,0.281535387,0.0078125
4,109,1,4,3.1758882e-06,5.43916371e-07,0.171264336,0.0078125
4,109,1,5,3.1758882e-06,3.225027e-07,0.101547249,0.0078125
4,109,1,6,3.1758882e-06,1.81876473e-07,0.057267908,0.0078125
4,109,1,7,3.1758882e-06,1.07301659e-07,0.0337863453,0.0078125
4,109,1,8,3.1758882e-06,6.42749711e-08,0.0202384237,0.0078125
4,109,1,9,3.1758882e-06,4.01986355e-08,0.0126574468,0.0078125
4,110,1,0,3.16383398e-06,2.14836518e-06,0.679038525,0.0078125
4,110,1,1,3.16383398e-06,1.59587944e-06,0.504413128,0.0078125
4,110,1,2,3.16383398e-06,1.34498669e-06,0.425112903,0.0078125
4,110,1,3,3.16383398e-06,9.16526858e-07,0.289688677,0.0078125
4,110,1,4,3.16383398e-06,5.3585859e-07,0.16937001,0.0078125
4,110,1,5,3.16383398e-06,3.19906405e-07,0.101113528,0.0078125
4,110,1,6,3.16383398e-06,1.81923284e-07,0.0575008951,0.0078125
4,110,1,7,3.16383398e-06,1.09786434e-07,0.0347004421,0.0078125
4,110,1,8,3.16383398e-06,6.5291303e-08,0.0206367671,0.0078125
4,110,1,9,3.16383398e-06,4.02714626e-08,0.0127286902,0.0078125
4,111,1,0,2.98239979e-06,2.16783178e-06,0.726874948,0.0078125
4,111,1,1,2.98239979e-06,1.61967159e-06,0.543076634,0.0078125
4,111,1,2,2.98239979e-06,1.35968014e-06,0.455901355,0.0078125
4,111,1,3,2.98239979e-06,9.1998055e-07,0.308469892,0.0078125
4,111,1,4,2.98239979e-06,5.36604603e-07,0.179923773,0.0078125
4,111,1,5,2.98239979e-06,3.18835617e-07,0.106905729,0.0078125
4,111,1,6,2.98239979e-06,1.78737679e-07,0.0599308237,0.0078125
4,111,1,7,2.98239979e-06,1.08919743e-07,0.0365208387,0.0078125
4,111,1,8,2.98239979e-06,6.45495106e-08,0.0216434803,0.0078125
4,111,1,9,2.98239979e-06,3.93447692e-08,0.0131923193,0.0078125
4,112,1,0,3.06526795e-06,2.20674929e-06,0.719920516,0.0078125
4,112,1,1,3.06526795e-06,1.63961658e-06,0.534901559,0.0078125
4,112,1,2,3.06526795e-06,1.34658308e-06,0.439303547,0.0078125
4,112,1,3,3.06526795e-06,9.24275128e-07,0.301531583,0.0078125
4,112,1,4,3.06526795e-06,5.46480578e-07,0.178281501,0.0078125
4,112,1,5,3.06526795e-06,3.17132788e-07,0.103460051,0.0078125
4,112,1,6,3.06526795e-06,1.7526601e-07,0.0571780391,0.0078125
4,112,1,7,3.06526795e-06,1.06063197e-07,0.0346016064,0.0078125
4,112,1,8,3.06526795e-06,6.31224424e-08,0.0205927975,0.0078125
4,112,1,9,3.06526795e-06,3.86216747e-08,0.0125997709,0.0078125
4,113,1,0,3.16103728e-06,2.27975352e-06,0.721204221,0.0078125
4,113,1,1,3.16103728e-06,1.63790583e-06,0.518154562,0.0078125
4,113,1,2,3.16103728e-06,1.34570973e-06,0.425717771,0.0078125
4,113,1,3,3.16103728e-06,9.29498469e-07,0.294048548,0.0078125
4,113,1,4,3.16103728e-06,5.42268765e-07,0.171547726,0.0078125
4,113,1,5,3.16103728e-06,3.1342546e-07,0.0991527215,0.0078125
4,113,1,6,3.16103728e-06,1.72915932e-07,0.0547022745,0.0078125
4,113,1,7,3.16103728e-06,1.03936742e-07,0.0328805819,0.0078125
4,113,1,8,3.16103728e-06,6.22387759e-08,0.0196893513,0.0078125
4,113,1,9,3.16103728e-06,3.7936541e-08,0.0120012946,0.0078125
4,114,1,0,3.36789958e-06,2.33836045e-06,0.694308221,0.0078125
4,114,1,1,3.36789958e-06,1.65134031e-06,0.490317553,0.0078125
4,114,1,2,3.36789958e-06,1.38124642e-06,0.410121024,0.0078125
4,114,1,3,3.36789958e-06,9.52461676e-07,0.28280583,0.0078125
4,114,1,4,3.36789958e-06,5.41005363e-07,0.160635829,0.0078125
4,114,1,5,3.36789958e-06,3.12998253e-07,0.0929357409,0.0078125
4,114,1,6,3.36789958e-06,1.71404793e-07,0.0508936755,0.0078125
4,114,1,7,3.36789958e-06,1.02560477e-07,0.0304523557,0.0078125
4,114,1,8,3.36789958e-06,6.00589161e-08,0.0178327523,0.0078125
4,114,1,9,3.36789958e-06,3.63955621e-08,0.0108066052,0.0078125
4,115,1,0,3.44565751e-06,2.25883423e-06,0.655559719,0.0078125
4,115,1,1,3.44565751e-06,1.60832235e-06,0.466767907,0.0078125
4,115,1,2,3.44565751e-06,1.32882383e-06,0.385651737,0.0078125
4,115,1,3,3.44565751e-06,9.44365468e-07,0.274074107,0.0078125
4,115,1,4,3.44565751e-06,5.40922997e-07,0.156986877,0.0078125
4,115,1,5,3.44565751e-06,3.13910874e-07,0.0911033303,0.0078125
4,115,1,6,3.44565751e-06,1.70978879e-07,0.0496215522,0.0078125
4,115,1,7,3.44565751e-06,1.01700124e-07,0.0295154471,0.0078125
4,115,1,8,3.44565751e-06,5.99224208e-08,0.0173907075,0.0078125
4,115,1,9,3.44565751e-06,3.59756669e-08,0.0104408711,0.0078125
4,116,1,0,3.31248316e-06,2.21349842e-06,0.668229342,0.0078125
4,116,1,1,3.31248316e-06,1.59946103e-06,0.482858628,0.0078125
4,116,1,2,3.31248316e-06,1.34510685e-06,0.40607205,0.0078125
4,116,1,3,3.31248316e-06,9.55730798e-07,0.288523972,0.0078125
4,116,1,4,3.31248316e-06,5.50516745e-07,0.166194573,0.0078125
4,116,1,5,3.31248316e-06,3.16332404e-07,0.0954970568,0.0078125
4,116,1,6,3.31248316e-06,1.70608814e-07,0.0515048094,0.0078125
4,116,1,7,3.31248316e-06,1.01271162e-07,0.030572582,0.0078125
4,116,1,8,3.31248316e-06,5.99655507e-08,0.0181028992,0.0078125
4,116,1,9,3.31248316e-06,3.60202179e-08,0.0108740833,0.0078125
4,117,1,0,3.3567851e-06,2.2026602e-06,0.656181455,0.0078125
4,117,1,1,3.3567851e-06,1.60713682e-06,0.47877264,0.0078125
4,117,1,2,3.3567851e-06,1.37697941e-06,0.410207808,0.0078125
4,117,1,3,3.3567851e-06,9.73444003e-07,0.289992958,0.0078125
4,117,1,4,3.3567851e-06,5.48854587e-07,0.163506031,0.0078125
4,117,1,5,3.3567851e-06,3.16798435e-07,0.0943755507,0.0078125
4,117,1,6,3.3567851e-06,1.70239346e-07,0.0507149957,0.0078125
4,117,1,7,3.3567851e-06,1.039691e-07,0.0309728198,0.0078125
4,117,1,8,3.3567851e-06,6.06704376e-08,0.0180739705,0.0078125
4,117,1,9,3.3567851e-06,3.58778607e-08,0.0106881615,0.0078125
4,118,1,0,3.49578158e-06,2.28202202e-06,0.65279305,0.0078125
4,118,1,1,3.49578158e-06,1.66784878e-06,0.477103263,0.0078125
4,118,1,2,3.49578158e-06,1.38130315e-06,0.39513427,0.0078125
4,118,1,3,3.49578158e-06,9.64514356e-07,0.275908083,0.0078125
4,118,1,4,3.49578158e-06,5.67610925e-07,0.16237025,0.0078125
4,118,1,5,3.49578158e-06,3.2724833e-07,0.0936123505,0.0078125
4,118,1,6,3.49578158e-06,1.77730769e-07,0.0508414954,0.0078125
4,118,1,7,3.49578158e-06,1.08134472e-07,0.0309328455,0.0078125
4,118,1,8,3.49578158e-06,6.31350758e-08,0.0180603601,0.0078125
4,118,1,9,3.49578158e-06,3.70891726e-08,0.0106096938,0.0078125
4,119,1,0,3.50979076e-06,2.23008578e-06,0.635389924,0.0078125
4,119,1,1,3.50979076e-06,1.66896382e-06,0.475516617,0.0078125
4,119,1,2,3.50979076e-06,1.41321755e-06,0.402650088,0.0078125
4,119,1,3,3.50979076e-06,9.77735795e-07,0.278573811,0.0078125
4,119,1,4,3.50979076e-06,5.60757428e-07,0.159769475,0.0078125
4,119,1,5,3.50979076e-06,3.24315664e-07,0.0924031362,0.0078125
4,119,1,6,3.50979076e-06,1.80086317e-07,0.0513097011,0.0078125
4,119,1,7,3.50979076e-06,1.08367821e-07,0.0308758635,0.0078125
4,119,1,8,3.50979076e-06,6.44692193e-08,0.0183683932,0.0078125
4,119,1,9,3.50979076e-06,3.81276273e-08,0.0108632194,0.0078125
4,120,1,0,3.2846051e-06,2.31241597e-06,0.704016447,0.0078125
4,120,1,1,3.2846051e-06,1.73463923e-06,0.528111935,0.0078125
4,120,1,2,3.2846051e-06,1.44167382e-06,0.438918471,0.0078125
4,120,1,3,3.2846051e-06,9.72980615e-07,0.296224535,0.0078125
4,120,1,4,3.2846051e-06,5.73226714e-07,0.174519211,0.0078125
4,120,1,5,3.2846051e-06,3.25161011e-07,0.0989954621,0.0078125
4,120,1,6,3.2846051e-06,1.8431291e-07,0.0561141782,0.0078125
4,120,1,7,3.2846051e-06,1.10737012e-07,0.0337139517,0.0078125
4,120,1,8,3.2846051e-06,6.5721089e-08,0.0200088248,0.0078125
4,120,1,9,3.2846051e-06,3.83193353e-08,0.0116663445,0.0078125
4,121,1,0,3.18192519e-06,2.04174376e-06,0.641669333,0.0078125
4,121,1,1,3.18192519e-06,1.58542468e-06,0.498259574,0.0078125
4,121,1,2,3.18192519e-06,1.3151539e-06,0.413320184,0.0078125
4,121,1,3,3.18192519e-06,9.27913618e-07,0.291620195,0.0078125
4,121,1,4,3.18192519e-06,5.5562208e-07,0.174618214,0.0078125
4,121,1,5,3.18192519e-06,3.12952722e-07,0.0983532593,0.0078125
4,121,1,6,3.18192519e-06,1.74556078e-07,0.0548586361,0.0078125
4,121,1,7,3.18192519e-06,1.04826768e-07,0.0329444483,0.0078125
4,121,1,8,3.18192519e-06,6.23275511e-08,0.0195879992,0.0078125
4,121,1,9,3.18192519e-06,3.65586601e-08,0.0114894779,0.0078125
4,122,1,0,3.38251107e-06,2.33177707e-06,0.689362705,0.0078125
4,122,1,1,3.38251107e-06,1.78698087e-06,0.528300107,0.0078125
4,122,1,2,3.38251107e-06,1.45611261e-06,0.430482745,0.0078125
4,122,1,3,3.38251107e-06,9.79889819e-07,0.289692998,0.0078125
4,122,1,4,3.38251107e-06,5.69347321e-07,0.168320909,0.0078125
4,122,1,5,3.38251107e-06,3.23303226e-07,0.0955808312,0.0078125
4,122,1,6,3.38251107e-06,1.78390991e-07,0.0527392179,0.0078125
4,122,1,7,3.38251107e-06,1.06860199e-07,0.0315919742,0.0078125
4,122,1,8,3.38251107e-06,6.30951007e-08,0.0186533313,0.0078125
4,122,1,9,3.38251107e-06,3.72108708e-08,0.0110009601,0.0078125
4,123,1,0,3.16298383e-06,2.14230704e-06,0.677305698,0.0078125
4,123,1,1,3.16298383e-06,1.63098969e-06,0.51564908,0.0078125
4,123,1,2,3.16298383e-06,1.33130345e-06,0.42090112,0.0078125
4,123,1,3,3.16298383e-06,9.21088031e-07,0.291208595,0.0078125
4,123,1,4,3.16298383e-06,5.58122963e-07,0.176454574,0.0078125
4,123,1,5,3.16298383e-06,3.16770354e-07,0.100149214,0.0078125
4,123,1,6,3.16298383e-06,1.75604214e-07,0.0555185303,0.0078125
4,123,1,7,3.16298383e-06,1.04970539e-07,0.0331871882,0.0078125
4,123,1,8,3.16298383e-06,6.2586949e-08,0.0197873116,0.0078125
4,123,1,9,3.16298383e-06,3.66647299e-08,0.0115918173,0.0078125
4,124,1,0,3.30772104e-06,2.31343074e-06,0.699403226,0.0078125
4,124,1,1,3.30772104e-06,1.69971236e-06,0.513862073,0.0078125
4,124,1,2,3.30772104e-06,1.35496896e-06,0.409638226,0.0078125
4,124,1,3,3.30772104e-06,9.22298796e-07,0.278832108,0.0078125
4,124,1,4,3.30772104e-06,5.45596208e-07,0.164946258,0.0078125
4,124,1,5,3.30772104e-06,3.10962946e-07,0.0940112397,0.0078125
4,124,1,6,3.30772104e-06,1.7272022e-07,0.0522172861,0.0078125
4,124,1,7,3.30772104e-06,1.03460671e-07,0.0312785357,0.0078125
4,124,1,8,3.30772104e-06,6.21733136e-08,0.0187964197,0.0078125
4,124,1,9,3.30772104e-06,3.64554396e-08,0.0110213161,0.0078125
4,125,1,0,3.28304122e-06,2.06522327e-06,0.629058003,0.0078125
4,125,1,1,3.28304122e-06,1.5800515e-06,0.48127678,0.0078125
4,125,1,2,3.28304122e-06,1.3144886e-06,0.400387466,0.0078125
4,125,1,3,3.28304122e-06,9.18081014e-07,0.279643476,0.0078125
4,125,1,4,3.28304122e-06,5.60924661e-07,0.170855194,0.0078125
4,125,1,5,3.28304122e-06,3.15039415e-07,0.0959596261,0.0078125
4,125,1,6,3.28304122e-06,1.75053813e-07,0.0533206277,0.0078125
4,125,1,7,3.28304122e-06,1.05137886e-07,0.03202454,0.0078125
4,125,1,8,3.28304122e-06,6.37361879e-08,0.0194137637,0.0078125
4,125,1,9,3.28304122e-06,3.7373173e-08,0.0113837048,0.0078125
4,126,1,0,3.47396303e-06,2.19482672e-06,0.63179332,0.0078125
4,126,1,1,3.47396303e-06,1.62542597e-06,0.467888087,0.0078125
4,126,1,2,3.47396303e-06,1.30104604e-06,0.374513507,0.0078125
4,126,1,3,3.47396303e-06,9.04459796e-07,0.260353893,0.0078125
4,126,1,4,3.47396303e-06,5.42026271e-07,0.156025335,0.0078125
4,126,1,5,3.47396303e-06,3.10032561e-07,0.0892446339,0.0078125
4,126,1,6,3.47396303e-06,1.71012829e-07,0.0492270142,0.0078125
4,126,1,7,3.47396303e-06,1.01454496e-07,0.0292042531,0.0078125
4,126,1,8,3.47396303e-06,6.22354719e-08,0.0179148335,0.0078125
4,126,1,9,3.47396303e-06,3.69279682e-08,0.0106299259,0.0078125
4,127,1,0,3.25005749e-06,2.11368206e-06,0.65035218,0.0078125
4,127,1,1,3.25005749e-06,1.59362594e-06,0.490337759,0.0078125
4,127,1,2,3.25005749e-06,1.28112447e-06,0.394185185,0.0078125
4,127,1,3,3.25005749e-06,8.93691379e-07,0.274977088,0.0078125
4,127,1,4,3.25005749e-06,5.51311928e-07,0.169631436,0.0078125
4,127,1,5,3.25005749e-06,3.12628089e-07,0.0961915553,0.0078125
4,127,1,6,3.25005749e-06,1.75565546e-07,0.0540192127,0.0078125
4,127,1,7,3.25005749e-06,1.03494635e-07,0.0318439417,0.0078125
4,127,1,8,3.25005749e-06,6.29515e-08,0.0193693489,0.0078125
4,127,1,9,3.25005749e-06,3.66231063e-08,0.011268449,0.0078125
4,128,1,0,3.21640437e-06,2.09243626e-06,0.650551379,0.0078125
4,128,1,1,3.21640437e-06,1.60098409e-06,0.497755855,0.0078125
4,128,1,2,3.21640437e-06,1.29609964e-06,0.402965397,0.0078125
4,128,1,3,3.21640437e-06,9.11857512e-07,0.283502132,0.0078125
4,128,1,4,3.21640437e-06,5.59169962e-07,0.173849404,0.0078125
4,128,1,5,3.21640437e-06,3.1489256e-07,0.0979020447,0.0078125
4,128,1,6,3.21640437e-06,1.78470145e-07,0.0554874726,0.0078125
4,128,1,7,3.21640437e-06,1.06129988e-07,0.0329964682,0.0078125
4,128,1,8,3.21640437e-06,6.49516494e-08,0.0201938692,0.0078125
4,128,1,9,3.21640437e-06,3.78388769e-08,0.011764341,0.0078125
4,129,1,0,3.2335729e-06,2.04606067e-06,0.632755399,0.0078125
4,129,1,1,3.2335729e-06,1.55637451e-06,0.481317282,0.0078125
4,129,1,2,3.2335729e-06,1.267161e-06,0.391876429,0.0078125
4,129,1,3,3.2335729e-06,8.94805112e-07,0.276723355,0.0078125
4,129,1,4,3.2335729e-06,5.52488984e-07,0.170860216,0.0078125
4,129,1,5,3.2335729e-06,3.08390582e-07,0.0953714624,0.0078125
4,129,1,6,3.2335729e-06,1.73301601e-07,0.0535944626,0.0078125
4,129,1,7,3.2335729e-06,1.00754583e-07,0.0311589036,0.0078125
4,129,1,8,3.2335729e-06,6.13000211e-08,0.0189573653,0.0078125
4,129,1,9,3.2335729e-06,3.60172763e-08,0.0111385388,0.0078125
4,130,1,0,3.27168914e-06,2.01838702e-06,0.616925061,0.0078125
4,130,1,1,3.27168914e-06,1.50391668e-06,0.459675908,0.0078125
4,130,1,2,3.27168914e-06,1.21170501e-06,0.370360672,0.0078125
4,130,1,3,3.27168914e-06,8.61424553e-07,0.263296574,0.0078125
4,130,1,4,3.27168914e-06,5.46057834e-07,0.166903943,0.0078125
4,130,1,5,3.27168914e-06,3.0661235e-07,0.0937168375,0.0078125
4,130,1,6,3.27168914e-06,1.74173152e-07,0.0532364622,0.0078125
4,130,1,7,3.27168914e-06,1.02616937e-07,0.0313651226,0.0078125
4,130,1,8,3.27168914e-06,6.21602325e-08,0.0189994313,0.0078125
4,130,1,9,3.27168914e-06,3.52618663e-08,0.0107778776,0.0078125
4,131,1,0,3.04572359e-06,2.03833793e-06,0.669245839,0.0078125
4,131,1,1,3.04572359e-06,1.53836379e-06,0.50508976,0.0078125
4,131,1,2,3.04572359e-06,1.250026e-06,0.41042003,0.0078125
4,131,1,3,3.04572359e-06,8.79032029e-07,0.288611889,0.0078125
4,131,1,4,3.04572359e-06,5.43162173e-07,0.178336009,0.0078125
4,131,1,5,3.04572359e-06,3.0463832e-07,0.10002166,0.0078125
4,131,1,6,3.04572359e-06,1.71471811e-07,0.0562992021,0.0078125
4,131,1,7,3.04572359e-06,1.00738369e-07,0.0330753475,0.0078125
4,131,1,8,3.04572359e-06,6.08767579e-08,0.0199876167,0.0078125
4,131,1,9,3.04572359e-06,3.46983136e-08,0.0113924695,0.0078125
4,132,1,0,2.91604852e-06,2.00346085e-06,0.687046468,0.0078125
4,132,1,1,2.91604852e-06,1.50726885e-06,0.516887426,0.0078125
4,132,1,2,2.91604852e-06,1.17895354e-06,0.404298335,0.0078125
4,132,1,3,2.91604852e-06,8.23081336e-07,0.282259136,0.0078125
4,132,1,4,2.91604852e-06,5.24378152e-07,0.179824904,0.0078125
4,132,1,5,2.91604852e-06,2.92374807e-07,0.100264043,0.0078125
4,132,1,6,2.91604852e-06,1.68166565e-07,0.0576693304,0.0078125
4,132,1,7,2.91604852e-06,9.88839375e-08,0.0339102522,0.0078125
4,132,1,8,2.91604852e-06,6.18698905e-08,0.0212170314,0.0078125
4,132,1,9,2.91604852e-06,3.5741067e-08,0.0122566782,0.0078125
4,133,1,0,3.03511388e-06,2.02466094e-06,0.667079091,0.0078125
4,133,1,1,3.03511388e-06,1.46857565e-06,0.483861804,0.0078125
4,133,1,2,3.03511388e-06,1.12091811e-06,0.369316667,0.0078125
4,133,1,3,3.03511388e-06,7.89959245e-07,0.260273337,0.0078125
4,133,1,4,3.03511388e-06,5.08052665e-07,0.167391628,0.0078125
4,133,1,5,3.03511388e-06,2.92203765e-07,0.0962743983,0.0078125
4,133,1,6,3.03511388e-06,1.65254335e-07,0.0544474907,0.0078125
4,133,1,7,3.03511388e-06,9.64610152e-08,0.0317816809,0.0078125
4,133,1,8,3.03511388e-06,6.11159905e-08,0.0201363098,0.0078125
4,133,1,9,3.03511388e-06,3.50318921e-08,0.0115422001,0.0078125
4,134,1,0,3.09092388e-06,2.01929493e-06,0.653298199,0.0078125
4,134,1,1,3.09092388e-06,1.48431775e-06,0.480218142,0.0078125
4,134,1,2,3.09092388e-06,1.18600235e-06,0.383704811,0.0078125
4,134,1,3,3.09092388e-06,8.32177079e-07,0.269232482,0.0078125
4,134,1,4,3.09092388e-06,5.12360657e-07,0.165762946,0.0078125
4,134,1,5,3.09092388e-06,2.93477456e-07,0.0949481353,0.0078125
4,134,1,6,3.09092388e-06,1.64610924e-07,0.0532562211,0.0078125
4,134,1,7,3.09092388e-06,9.75477832e-08,0.0315594263,0.0078125
4,134,1,8,3.09092388e-06,6.13433428e-08,0.019846281,0.0078125
4,134,1,9,3.09092388e-06,3.49758125e-08,0.0113156503,0.0078125
4,135,1,0,3.1095949e-06,2.09788709e-06,0.674649656,0.0078125
4,135,1,1,3.1095949e-06,1.51449581e-06,0.487039596,0.0078125
4,135,1,2,3.1095949e-06,1.12790042e-06,0.362716198,0.0078125
4,135,1,3,3.1095949e-06,7.58926774e-07,0.244059697,0.0078125
4,135,1,4,3.1095949e-06,4.79787047e-07,0.154292464,0.0078125
4,135,1,5,3.1095949e-06,2.86715988e-07,0.0922036469,0.0078125
4,135,1,6,3.1095949e-06,1.62319495e-07,0.0521995611,0.0078125
4,135,1,7,3.1095949e-06,9.5151222e-08,0.0305992346,0.0078125
4,135,1,8,3.1095949e-06,6.00919492e-08,0.0193246882,0.0078125
4,135,1,9,3.1095949e-06,3.42557982e-08,0.0110161612,0.0078125
4,136,1,0,3.32594641e-06,2.20925517e-06,0.664248586,0.0078125
4,136,1,1,3.32594641e-06,1.54199427e-06,0.463625699,0.0078125
4,136,1,2,3.32594641e-06,1.14331067e-06,0.343754977,0.0078125
4,136,1,3,3.32594641e-06,7.85804616e-07,0.236264959,0.0078125
4,136,1,4,3.32594641e-06,4.90772265e-07,0.147558674,0.0078125
4,136,1,5,3.32594641e-06,2.81378078e-07,0.0846009031,0.0078125
4,136,1,6,3.32594641e-06,1.58599349e-07,0.0476854779,0.0078125
4,136,1,7,3.32594641e-06,9.03702073e-08,0.0271712765,0.0078125
4,136,1,8,3.32594641e-06,5.78445807e-08,0.0173919164,0.0078125
4,136,1,9,3.32594641e-06,3.3151327e-08,0.00996748637,0.0078125
4,137,1,0,3.5148496e-06,2.21337973e-06,0.629722476,0.0078125
4,137,1,1,3.5148496e-06,1.49780044e-06,0.426135004,0.0078125
4,137,1,2,3.5148496e-06,1.12484304e-06,0.320025951,0.0078125
4,137,1,3,3.5148496e-06,7.58025976e-07,0.21566385,0.0078125
4,137,1,4,3.5148496e-06,4.70488061e-07,0.133857235,0.0078125
4,137,1,5,3.5148496e-06,2.8186156e-07,0.080191642,0.0078125
4,137,1,6,3.5148496e-06,1.62459358e-07,0.0462208577,0.0078125
4,137,1,7,3.5148496e-06,9.47978833e-08,0.0269706808,0.0078125
4,137,1,8,3.5148496e-06,6.05026287e-08,0.017213434,0.0078125
4,137,1,9,3.5148496e-06,3.49842431e-08,0.0099532688,0.0078125
4,138,1,0,3.22661253e-06,2.18786454e-06,0.678068578,0.0078125
4,138,1,1,3.22661253e-06,1.54582369e-06,0.479085624,0.0078125
4,138,1,2,3.22661253e-06,1.13951342e-06,0.353160918,0.0078125
4,138,1,3,3.22661253e-06,7.30776833e-07,0.226484224,0.0078125
4,138,1,4,3.22661253e-06,4.04003458e-07,0.125209779,0.0078125
4,138,1,5,3.22661253e-06,2.26473574e-07,0.0701892674,0.0078125
4,138,1,6,3.22661253e-06,1.48776266e-07,0.0461091213,0.0078125
4,138,1,7,3.22661253e-06,9.17094951e-08,0.0284228418,0.0078125
4,138,1,8,3.22661253e-06,5.92925993e-08,0.0183761138,0.0078125
4,138,1,9,3.22661253e-06,3.46030333e-08,0.0107242605,0.0078125
4,139,1,0,3.17636864e-06,2.16528065e-06,0.681684315,0.0078125
4,139,1,1,3.17636864e-06,1.54703434e-06,0.48704496,0.0078125
4,139,1,2,3.17636864e-06,1.13194176e-06,0.356363475,0.0078125
4,139,1,3,3.17636864e-06,7.37873734e-07,0.232301041,0.0078125
4,139,1,4,3.17636864e-06,4.17893972e-07,0.13156344,0.0078125
4,139,1,5,3.17636864e-06,2.56056438e-07,0.08061295,0.0078125
4,139,1,6,3.17636864e-06,1.60149341e-07,0.0504190028,0.0078125
4,139,1,7,3.17636864e-06,9.33060704e-08,0.0293750763,0.0078125
4,139,1,8,3.17636864e-06,5.97400245e-08,0.0188076477,0.0078125
4,139,1,9,3.17636864e-06,3.464055e-08,0.0109057082,0.0078125
4,140,1,0,3.39870303e-06,2.25971075e-06,0.664874434,0.0078125
4,140,1,1,3.39870303e-06,1.59734714e-06,0.469987273,0.0078125
4,140,1,2,3.39870303e-06,1.20469394e-06,0.354456961,0.0078125
4,140,1,3,3.39870303e-06,8.66208438e-07,0.254864395,0.0078125
4,140,1,4,3.39870303e-06,5.13885709e-07,0.151200533,0.0078125
4,140,1,5,3.39870303e-06,2.84787006e-07,0.0837928504,0.0078125
4,140,1,6,3.39870303e-06,1.58711288e-07,0.0466976054,0.0078125
4,140,1,7,3.39870303e-06,9.05695074e-08,0.0266482551,0.0078125
4,140,1,8,3.39870303e-06,5.80124002e-08,0.0170689821,0.0078125
4,140,1,9,3.39870303e-06,3.34700374e-08,0.009847885,0.0078125
4,141,1,0,3.40314841e-06,2.3587711e-06,0.6931144,0.0078125
4,141,1,1,3.40314841e-06,1.67584233e-06,0.492438793,0.0078125
4,141,1,2,3.40314841e-06,1.19219931e-06,0.350322455,0.0078125
4,141,1,3,3.40314841e-06,7.68837367e-07,0.22591944,0.0078125
4,141,1,4,3.40314841e-06,4.63057631e-07,0.13606742,0.0078125
4,141,1,5,3.40314841e-06,2.83316012e-07,0.0832511485,0.0078125
4,141,1,6,3.40314841e-06,1.57067419e-07,0.0461535603,0.0078125
4,141,1,7,3.40314841e-06,9.06622049e-08,0.0266406853,0.0078125
4,141,1,8,3.40314841e-06,5.75457868e-08,0.0169095732,0.0078125
4,141,1,9,3.40314841e-06,3.34527108e-08,0.00982993003,0.0078125
4,142,1,0,3.37954316e-06,2.22137646e-06,0.65730083,0.0078125
4,142,1,1,3.37954316e-06,1.62158994e-06,0.479825199,0.0078125
4,142,1,2,3.37954316e-06,1.21315054e-06,0.358968794,0.0078125
4,142,1,3,3.37954316e-06,8.29312341e-07,0.245391846,0.0078125
4,142,1,4,3.37954316e-06,5.19636217e-07,0.153759301,0.0078125
4,142,1,5,3.37954316e-06,2.94799833e-07,0.0872306749,0.0078125
4,142,1,6,3.37954316e-06,1.60365076e-07,0.047451701,0.0078125
4,142,1,7,3.37954316e-06,9.19457293e-08,0.027206555,0.0078125
4,142,1,8,3.37954316e-06,5.85041775e-08,0.0173112676,0.0078125
4,142,1,9,3.37954316e-06,3.33656835e-08,0.00987283885,0.0078125
4,143,1,0,3.15084048e-06,2.13229077e-06,0.67673713,0.0078125
4,143,1,1,3.15084048e-06,1.57130341e-06,0.498693407,0.0078125
4,143,1,2,3.15084048e-06,1.16852436e-06,0.370861173,0.0078125
4,143,1,3,3.15084048e-06,7.77929927e-07,0.246895999,0.0078125
4,143,1,4,3.15084048e-06,4.77688616e-07,0.151606724,0.0078125
4,143,1,5,3.15084048e-06,2.87914219e-07,0.0913769603,0.0078125
4,143,1,6,3.15084048e-06,1.61150908e-07,0.051145371,0.0078125
4,143,1,7,3.15084048e-06,9.37008764e-08,0.0297383759,0.0078125
4,143,1,8,3.15084048e-06,5.89785785e-08,0.0187183637,0.0078125
4,143,1,9,3.15084048e-06,3.36840991e-08,0.0106905121,0.0078125
4,144,1,0,3.14665226e-06,2.09410496e-06,0.665502489,0.0078125
4,144,1,1,3.14665226e-06,1.54483473e-06,0.490945488,0.0078125
4,144,1,2,3.14665226e-06,1.19588606e-06,0.380050272,0.0078125
4,144,1,3,3.14665226e-06,8.41403619e-07,0.26739645,0.0078125
4,144,1,4,3.14665226e-06,5.2774061e-07,0.167714939,0.0078125
4,144,1,5,3.14665226e-06,2.97210249e-07,0.0944528431,0.0078125
4,144,1,6,3.14665226e-06,1.64109863e-07,0.052153796,0.0078125
4,144,1,7,3.14665226e-06,9.48855785e-08,0.0301544536,0.0078125
4,144,1,8,3.14665226e-06,6.08058883e-08,0.0193239935,0.0078125
4,144,1,9,3.14665226e-06,3.47935227e-08,0.0110573145,0.0078125
4,145,1,0,3.30176022e-06,2.17955085e-06,0.660117865,0.0078125
4,145,1,1,3.30176022e-06,1.5694726e-06,0.475344211,0.0078125
4,145,1,2,3.30176022e-06,1.16159913e-06,0.351812094,0.0078125
4,145,1,3,3.30176022e-06,7.63241871e-07,0.231162116,0.0078125
4,145,1,4,3.30176022e-06,4.32713392e-07,0.13105537,0.0078125
4,145,1,5,3.30176022e-06,2.600475e-07,0.0787602589,0.0078125
4,145,1,6,3.30176022e-06,1.58373823e-07,0.047966484,0.0078125
4,145,1,7,3.30176022e-06,9.28722201e-08,0.0281280931,0.0078125
4,145,1,8,3.30176022e-06,5.89804756e-08,0.0178633425,0.0078125
4,145,1,9,3.30176022e-06,3.40064119e-08,0.0102994796,0.0078125
4,146,1,0,3.41615305e-06,2.17190632e-06,0.635775447,0.0078125
4,146,1,1,3.41615305e-06,1.54723762e-06,0.452918112,0.0078125
4,146,1,2,3.41615305e-06,1.19854678e-06,0.350846916,0.0078125
4,146,1,3,3.41615305e-06,8.28947464e-07,0.242655247,0.0078125
4,146,1,4,3.41615305e-06,5.19070511e-07,0.151945919,0.0078125
4,146,1,5,3.41615305e-06,2.94747338e-07,0.08628048,0.0078125
4,146,1,6,3.41615305e-06,1.62916436e-07,0.0476900302,0.0078125
4,146,1,7,3.41615305e-06,9.49049905e-08,0.0277812462,0.0078125
4,146,1,8,3.41615305e-06,5.97358749e-08,0.0174862985,0.0078125
4,146,1,9,3.41615305e-06,3.46348976e-08,0.0101385675,0.0078125
4,147,1,0,3.46150659e-06,2.24872383e-06,0.649637282,0.0078125
4,147,1,1,3.46150659e-06,1.60345451e-06,0.463224441,0.0078125
4,147,1,2,3.46150659e-06,1.18935679e-06,0.343595117,0.0078125
4,147,1,3,3.46150659e-06,7.99035945e-07,0.230834737,0.0078125
4,147,1,4,3.46150659e-06,4.96366226e-07,0.143396005,0.0078125
4,147,1,5,3.46150659e-06,2.96397644e-07,0.0856267735,0.0078125
4,147,1,6,3.46150659e-06,1.66948539e-07,0.0482300222,0.0078125
4,147,1,7,3.46150659e-06,9.68550395e-08,0.0279806033,0.0078125
4,147,1,8,3.46150659e-06,6.1304668e-08,0.0177104007,0.0078125
4,147,1,9,3.46150659e-06,3.53103324e-08,0.0102008563,0.0078125
4,148,1,0,3.08654626e-06,2.09036693e-06,0.677251101,0.0078125
4,148,1,1,3.08654626e-06,1.5359293e-06,0.497620702,0.0078125
4,148,1,2,3.08654626e-06,1.17492038e-06,0.380658597,0.0078125
4,148,1,3,3.08654626e-06,8.03118837e-07,0.260199845,0.0078125
4,148,1,4,3.08654626e-06,4.95617542e-07,0.160573497,0.0078125
4,148,1,5,3.08654626e-06,2.93237463e-07,0.0950050429,0.0078125
4,148,1,6,3.08654626e-06,1.64589039e-07,0.0533246621,0.0078125
4,148,1,7,3.08654626e-06,9.4690769e-08,0.0306785516,0.0078125
4,148,1,8,3.08654626e-06,5.99802874e-08,0.0194328167,0.0078125
4,148,1,9,3.08654626e-06,3.44980897e-08,0.0111769233,0.0078125
4,149,1,0,3.23334325e-06,2.08856613e-06,0.645946324,0.0078125
4,149,1,1,3.23334325e-06,1.53888959e-06,0.475943774,0.0078125
4,149,1,2,3.23334325e-06,1.16181036e-06,0.359321684,0.0078125
4,149,1,3,3.23334325e-06,7.8010504e-07,0.241268858,0.0078125
4,149,1,4,3.23334325e-06,4.90916591e-07,0.151829407,0.0078125
4,149,1,5,3.23334325e-06,2.94175976e-07,0.0909819826,0.0078125
4,149,1,6,3.23334325e-06,1.65073061e-07,0.0510533676,0.0078125
4,149,1,7,3.23334325e-06,9.55325561e-08,0.0295460615,0.0078125
4,149,1,8,3.23334325e-06,5.96762249e-08,0.0184565075,0.0078125
4,149,1,9,3.23334325e-06,3.39123432e-08,0.0104883211,0.0078125
4,150,1,0,3.18860702e-06,2.04320895e-06,0.640784204,0.0078125
4,150,1,1,3.18860702e-06,1.52815574e-06,0.479254961,0.0078125
4,150,1,2,3.18860702e-06,1.18678577e-06,0.372195691,0.0078125
4,150,1,3,3.18860702e-06,8.36534241e-07,0.262351006,0.0078125
4,150,1,4,3.18860702e-06,5.12563645e-07,0.160748452,0.0078125
4,150,1,5,3.18860702e-06,2.96939504e-07,0.0931251496,0.0078125
4,150,1,6,3.18860702e-06,1.6322933e-07,0.0511914231,0.0078125
4,150,1,7,3.18860702e-06,9.57871791e-08,0.0300404467,0.0078125
4,150,1,8,3.18860702e-06,5.88092028e-08,0.0184435397,0.0078125
4,150,1,9,3.18860702e-06,3.36473036e-08,0.0105523523,0.0078125
4,151,1,0,3.08290623e-06,1.93796541e-06,0.628616393,0.0078125
4,151,1,1,3.08290623e-06,1.43596367e-06,0.465782464,0.0078125
4,151,1,2,3.08290623e-06,1.11994655e-06,0.363276213,0.0078125
4,151,1,3,3.08290623e-06,8.20981086e-07,0.266301036,0.0078125
4,151,1,4,3.08290623e-06,5.14604722e-07,0.166921943,0.0078125
4,151,1,5,3.08290623e-06,2.9830079e-07,0.0967596024,0.0078125
4,151,1,6,3.08290623e-06,1.62266716e-07,0.0526343323,0.0078125
4,151,1,7,3.08290623e-06,9.58283621e-08,0.0310837738,0.0078125
4,151,1,8,3.08290623e-06,5.88721107e-08,0.0190963019,0.0078125
4,151,1,9,3.08290623e-06,3.37698793e-08,0.0109539106,0.0078125
4,152,1,0,3.25303222e-06,2.03496165e-06,0.625558436,0.0078125
4,152,1,1,3.25303222e-06,1.47577475e-06,0.453661263,0.0078125
4,152,1,2,3.25303222e-06,1.11698978e-06,0.343368798,0.0078125
4,152,1,3,3.25303222e-06,7.98081942e-07,0.245334774,0.0078125
4,152,1,4,3.25303222e-06,4.99609769e-07,0.153582796,0.0078125
4,152,1,5,3.25303222e-06,2.94470595e-07,0.0905218795,0.0078125
4,152,1,6,3.25303222e-06,1.62099909e-07,0.0498304032,0.0078125
4,152,1,7,3.25303222e-06,9.69161178e-08,0.0297925472,0.0078125
4,152,1,8,3.25303222e-06,5.95443304e-08,0.0183042549,0.0078125
4,152,1,9,3.25303222e-06,3.35765122e-08,0.010321605,0.0078125
4,153,1,0,3.304026e-06,2.03565787e-06,0.616114378,0.0078125
4,153,1,1,3.304026e-06,1.48450897e-06,0.449303061,0.0078125
4,153,1,2,3.304026e-06,1.09016685e-06,0.329951048,0.0078125
4,153,1,3,3.304026e-06,7.19449076e-07,0.217749223,0.0078125
4,153,1,4,3.304026e-06,4.16795331e-07,0.126147717,0.0078125
4,153,1,5,3.304026e-06,2.50703607e-07,0.0758782178,0.0078125
4,153,1,6,3.304026e-06,1.60128209e-07,0.0484645739,0.0078125
4,153,1,7,3.304026e-06,9.78689272e-08,0.0296211131,0.0078125
4,153,1,8,3.304026e-06,5.99117271e-08,0.0181329474,0.0078125
4,153,1,9,3.304026e-06,3.44213902e-08,0.0104180146,0.0078125
4,154,1,0,3.34896617e-06,2.06223467e-06,0.615782499,0.0078125
4,154,1,1,3.34896617e-06,1.50253538e-06,0.44865647,0.0078125
4,154,1,2,3.34896617e-06,1.12994053e-06,0.337399811,0.0078125
4,154,1,3,3.34896617e-06,8.10037136e-07,0.241876781,0.0078125
4,154,1,4,3.34896617e-06,4.91860249e-07,0.146869272,0.0078125
4,154,1,5,3.34896617e-06,2.91657614e-07,0.0870888531,0.0078125
4,154,1,6,3.34896617e-06,1.63874091e-07,0.0489327386,0.0078125
4,154,1,7,3.34896617e-06,9.67098757e-08,0.0288775321,0.0078125
4,154,1,8,3.34896617e-06,6.01010299e-08,0.0179461446,0.0078125
4,154,1,9,3.34896617e-06,3.46475311e-08,0.0103457393,0.0078125
4,155,1,0,3.22975575e-06,2.03638933e-06,0.63050878,0.0078125
4,155,1,1,3.22975575e-06,1.50011488e-06,0.464466959,0.0078125
4,155,1,2,3.22975575e-06,1.08714619e-06,0.336603224,0.0078125
4,155,1,3,3.22975575e-06,7.37431719e-07,0.228324294,0.0078125
4,155,1,4,3.22975575e-06,4.61911043e-07,0.143017337,0.0078125
4,155,1,5,3.22975575e-06,2.89779791e-07,0.0897218883,0.0078125
4,155,1,6,3.22975575e-06,1.64682561e-07,0.0509891696,0.0078125
4,155,1,7,3.22975575e-06,9.77627508e-08,0.0302693937,0.0078125
4,155,1,8,3.22975575e-06,5.95908141e-08,0.0184505638,0.0078125
4,155,1,9,3.22975575e-06,3.46054208e-08,0.0107145626,0.0078125
4,156,1,0,3.13406213e-06,2.00295426e-06,0.639092088,0.0078125
4,156,1,1,3.13406213e-06,1.51816823e-06,0.484409094,0.0078125
4,156,1,2,3.13406213e-06,1.12102748e-06,0.357691526,0.0078125
4,156,1,3,3.13406213e-06,7.28286011e-07,0.232377663,0.0078125
4,156,1,4,3.13406213e-06,4.21536782e-07,0.134501725,0.0078125
4,156,1,5,3.13406213e-06,2.40059137e-07,0.076596804,0.0078125
4,156,1,6,3.13406213e-06,1.5885972e-07,0.0506881215,0.0078125
4,156,1,7,3.13406213e-06,9.84310944e-08,0.0314068757,0.0078125
4,156,1,8,3.13406213e-06,6.18665013e-08,0.0197400358,0.0078125
4,156,1,9,3.13406213e-06,3.68441206e-08,0.0117560271,0.0078125
4,157,1,0,3.25841415e-06,2.0293096e-06,0.622790575,0.0078125
4,157,1,1,3.25841415e-06,1.50585231e-06,0.462142706,0.0078125
4,157,1,2,3.25841415e-06,1.11802842e-06,0.343120426,0.0078125
4,157,1,3,3.25841415e-06,7.40651558e-07,0.22730431,0.0078125
4,157,1,4,3.25841415e-06,4.49571814e-07,0.137972578,0.0078125
4,157,1,5,3.25841415e-06,2.85312382e-07,0.087561734,0.0078125
4,157,1,6,3.25841415e-06,1.65783234e-07,0.0508785024,0.0078125
4,157,1,7,3.25841415e-06,9.95776546e-08,0.0305601582,0.0078125
4,157,1,8,3.25841415e-06,6.17704359e-08,0.0189572088,0.0078125
4,157,1,9,3.25841415e-06,3.71757345e-08,0.0114091495,0.0078125
4,158,1,0,3.25960923e-06,2.11852648e-06,0.649932683,0.0078125
4,158,1,1,3.25960923e-06,1.52940834e-06,0.469199896,0.0078125
4,158,1,2,3.25960923e-06,1.12834323e-06,0.346159041,0.0078125
4,158,1,3,3.25960923e-06,7.8076414e-07,0.239526913,0.0078125
4,158,1,4,3.25960923e-06,4.92773552e-07,0.151175648,0.0078125
4,158,1,5,3.25960923e-06,3.02974087e-07,0.0929479748,0.0078125
4,158,1,6,3.25960923e-06,1.69344517e-07,0.0519523993,0.0078125
4,158,1,7,3.25960923e-06,1.01884957e-07,0.0312568024,0.0078125
4,158,1,8,3.25960923e-06,6.29183248e-08,0.0193024129,0.0078125
4,158,1,9,3.25960923e-06,3.69938107e-08,0.0113491546,0.0078125
4,159,1,0,3.14964814e-06,1.95532061e-06,0.620806038,0.0078125
4,159,1,1,3.14964814e-06,1.43506827e-06,0.455628127,0.0078125
4,159,1,2,3.14964814e-06,1.09438565e-06,0.347462833,0.0078125
4,159,1,3,3.14964814e-06,7.70104634e-07,0.244504973,0.0078125
4,159,1,4,3.14964814e-06,4.91862977e-07,0.156164423,0.0078125
4,159,1,5,3.14964814e-06,2.99837239e-07,0.0951970592,0.0078125
4,159,1,6,3.14964814e-06,1.6674197e-07,0.0529398732,0.0078125
4,159,1,7,3.14964814e-06,9.83201929e-08,0.031216247,0.0078125
4,159,1,8,3.14964814e-06,6.12757987e-08,0.019454807,0.0078125
4,159,1,9,3.14964814e-06,3.65719401e-08,0.0116114365,0.0078125
4,160,1,0,3.35743289e-06,1.97826375e-06,0.589219153,0.0078125
4,160,1,1,3.35743289e-06,1.38934445e-06,0.413811535,0.0078125
4,160,1,2,3.35743289e-06,1.08999598e-06,0.324651599,0.0078125
4,160,1,3,3.35743289e-06,7.80830419e-07,0.232567698,0.0078125
4,160,1,4,3.35743289e-06,4.99767737e-07,0.148854122,0.0078125
4,160,1,5,3.35743289e-06,3.0838757e-07,0.0918521881,0.0078125
4,160,1,6,3.35743289e-06,1.70455451e-07,0.0507695787,0.0078125
4,160,1,7,3.35743289e-06,1.02742483e-07,0.0306014996,0.0078125
4,160,1,8,3.35743289e-06,6.38179429e-08,0.0190079585,0.0078125
4,160,1,9,3.35743289e-06,3.78876273e-08,0.0112847015,0.0078125
4,161,1,0,3.45179501e-06,2.09663858e-06,0.607405305,0.0078125
4,161,1,1,3.45179501e-06,1.46858997e-06,0.425456882,0.0078125
4,161,1,2,3.45179501e-06,1.11813097e-06,0.323927402,0.0078125
4,161,1,3,3.45179501e-06,7.33374122e-07,0.212461665,0.0078125
4,161,1,4,3.45179501e-06,4.45280051e-07,0.128999561,0.0078125
4,161,1,5,3.45179501e-06,2.73847746e-07,0.0793348774,0.0078125
4,161,1,6,3.45179501e-06,1.69826748e-07,0.0491995476,0.0078125
4,161,1,7,3.45179501e-06,1.02801579e-07,0.0297820643,0.0078125
4,161,1,8,3.45179501e-06,6.4896021e-08,0.0188006591,0.0078125
4,161,1,9,3.45179501e-06,3.84333134e-08,0.0111342976,0.0078125
4,162,1,0,3.31165347e-06,2.05962397e-06,0.621932209,0.0078125
4,162,1,1,3.31165347e-06,1.49076493e-06,0.450157285,0.0078125
4,162,1,2,3.31165347e-06,1.12433293e-06,0.339508027,0.0078125
4,162,1,3,3.31165347e-06,7.97826999e-07,0.240915,0.0078125
4,162,1,4,3.31165347e-06,5.12754241e-07,0.154833302,0.0078125
4,162,1,5,3.31165347e-06,3.14396829e-07,0.0949365124,0.0078125
4,162,1,6,3.31165347e-06,1.7436804e-07,0.0526528656,0.0078125
4,162,1,7,3.31165347e-06,1.03983943e-07,0.0313994028,0.0078125
4,162,1,8,3.31165347e-06,6.51953158e-08,0.0196866356,0.0078125
4,162,1,9,3.31165347e-06,3.89528907e-08,0.0117623694,0.0078125
4,163,1,0,3.33801654e-06,2.0382638e-06,0.610621214,0.0078125
4,163,1,1,3.33801654e-06,1.43902923e-06,0.431103081,0.0078125
4,163,1,2,3.33801654e-06,1.07779624e-06,0.322885245,0.0078125
4,163,1,3,3.33801654e-06,7.2908216e-07,0.218417779,0.0078125
4,163,1,4,3.33801654e-06,4.52431749e-07,0.1355391,0.0078125
4,163,1,5,3.33801654e-06,2.89963566e-07,0.086867027,0.0078125
4,163,1,6,3.33801654e-06,1.70194568e-07,0.050986737,0.0078125
4,163,1,7,3.33801654e-06,1.02145385e-07,0.0306006223,0.0078125
4,163,1,8,3.33801654e-06,6.40375575e-08,0.0191843137,0.0078125
4,163,1,9,3.33801654e-06,3.82059184e-08,0.0114456946,0.0078125
4,164,1,0,3.45375042e-06,2.17399793e-06,0.629460037,0.0078125
4,164,1,1,3.45375042e-06,1.53719793e-06,0.445080787,0.0078125
4,164,1,2,3.45375042e-06,1.1224646e-06,0.324998766,0.0078125
4,164,1,3,3.45375042e-06,7.30893703e-07,0.211623192,0.0078125
4,164,1,4,3.45375042e-06,4.50075561e-07,0.130315021,0.0078125
4,164,1,5,3.45375042e-06,2.82661119e-07,0.0818417892,0.0078125
4,164,1,6,3.45375042e-06,1.66544211e-07,0.048221264,0.0078125
4,164,1,7,3.45375042e-06,1.01104298e-07,0.0292737707,0.0078125
4,164,1,8,3.45375042e-06,6.32506172e-08,0.0183136035,0.0078125
4,164,1,9,3.45375042e-06,3.71586424e-08,0.0107589252,0.0078125
4,165,1,0,3.29956742e-06,2.00355544e-06,0.60721761,0.0078125
4,165,1,1,3.29956742e-06,1.46412447e-06,0.443732232,0.0078125
4,165,1,2,3.29956742e-06,1.15885609e-06,0.351214558,0.0078125
4,165,1,3,3.29956742e-06,8.52521907e-07,0.258373827,0.0078125
4,165,1,4,3.29956742e-06,5.20383765e-07,0.157712728,0.0078125
4,165,1,5,3.29956742e-06,3.0773711e-07,0.0932658985,0.0078125
4,165,1,6,3.29956742e-06,1.70224823e-07,0.0515900441,0.0078125
4,165,1,7,3.29956742e-06,1.01877085e-07,0.0308758914,0.0078125
4,165,1,8,3.29956742e-06,6.31898658e-08,0.0191509537,0.0078125
4,165,1,9,3.29956742e-06,3.70610813e-08,0.0112321032,0.0078125
4,166,1,0,3.27130306e-06,1.99951478e-06,0.611228824,0.0078125
4,166,1,1,3.27130306e-06,1.47193975e-06,0.449955165,0.0078125
4,166,1,2,3.27130306e-06,1.11225393e-06,0.340003341,0.0078125
4,166,1,3,3.27130306e-06,7.34333639e-07,0.22447741,0.0078125
4,166,1,4,3.27130306e-06,4.60553395e-07,0.140785918,0.0078125
4,166,1,5,3.27130306e-06,2.88212533e-07,0.0881032795,0.0078125
4,166,1,6,3.27130306e-06,1.6851105e-07,0.0515119061,0.0078125
4,166,1,7,3.27130306e-06,1.01040939e-07,0.0308870617,0.0078125
4,166,1,8,3.27130306e-06,6.23239131e-08,0.0190517083,0.0078125
4,166,1,9,3.27130306e-06,3.69699009e-08,0.0113012763,0.0078125
4,167,1,0,3.1742552e-06,2.03587638e-06,0.641371369,0.0078125
4,167,1,1,3.1742552e-06,1.51234394e-06,0.476440579,0.0078125
4,167,1,2,3.1742552e-06,1.13166743e-06,0.356514305,0.0078125
4,167,1,3,3.1742552e-06,7.86663463e-07,0.247826159,0.0078125
4,167,1,4,3.1742552e-06,4.98425777e-07,0.157021329,0.0078125
4,167,1,5,3.1742552e-06,3.01741125e-07,0.0950588733,0.0078125
4,167,1,6,3.1742552e-06,1.67125322e-07,0.0526502468,0.0078125
4,167,1,7,3.1742552e-06,9.85753985e-08,0.0310546551,0.0078125
4,167,1,8,3.1742552e-06,6.10646467e-08,0.0192374717,0.0078125
4,167,1,9,3.1742552e-06,3.59959245e-08,0.0113399588,0.0078125
4,168,1,0,3.19067453e-06,2.01066746e-06,0.630170047,0.0078125
4,168,1,1,3.19067453e-06,1.51880852e-06,0.476014882,0.0078125
4,168,1,2,3.19067453e-06,1.17798891e-06,0.369197458,0.0078125
4,168,1,3,3.19067453e-06,8.34802393e-07,0.261638224,0.0078125
4,168,1,4,3.19067453e-06,5.06977642e-07,0.158893555,0.0078125
4,168,1,5,3.19067453e-06,3.15189737e-07,0.0987846702,0.0078125
4,168,1,6,3.19067453e-06,1.73958242e-07,0.0545208342,0.0078125
4,168,1,7,3.19067453e-06,1.02305954e-07,0.0320640504,0.0078125
4,168,1,8,3.19067453e-06,6.15339033e-08,0.0192855466,0.0078125
4,168,1,9,3.19067453e-06,3.60720236e-08,0.0113054542,0.0078125
4,169,1,0,3.13048281e-06,1.89652644e-06,0.605825543,0.0078125
4,169,1,1,3.13048281e-06,1.45626757e-06,0.465189457,0.0078125
4,169,1,2,3.13048281e-06,1.13752549e-06,0.363370627,0.0078125
4,169,1,3,3.13048281e-06,8.24651408e-07,0.263426274,0.0078125
4,169,1,4,3.13048281e-06,5.19569483e-07,0.165971041,0.0078125
4,169,1,5,3.13048281e-06,3.1934124e-07,0.10201022,0.0078125
4,169,1,6,3.13048281e-06,1.75904603e-07,0.0561908856,0.0078125
4,169,1,7,3.13048281e-06,1.0404802e-07,0.0332370512,0.0078125
4,169,1,8,3.13048281e-06,6.45566729e-08,0.0206219535,0.0078125
4,169,1,9,3.13048281e-06,3.8141593e-08,0.0121839335,0.0078125
4,170,1,0,3.37326424e-06,2.03497234e-06,0.603265047,0.0078125
4,170,1,1,3.37326424e-06,1.57546174e-06,0.467043668,0.0078125
4,170,1,2,3.37326424e-06,1.20667119e-06,0.357716173,0.0078125
4,170,1,3,3.37326424e-06,7.67221763e-07,0.227441937,0.0078125
4,170,1,4,3.37326424e-06,4.39285657e-07,0.130225688,0.0078125
4,170,1,5,3.37326424e-06,2.67593748e-07,0.0793278366,0.0078125
4,170,1,6,3.37326424e-06,1.69434585e-07,0.050228674,0.0078125
4,170,1,7,3.37326424e-06,1.02861151e-07,0.0304930601,0.0078125
4,170,1,8,3.37326424e-06,6.2775257e-08,0.0186096467,0.0078125
4,170,1,9,3.37326424e-06,3.69811914e-08,0.0109630283,0.0078125
4,171,1,0,3.14177737e-06,2.05644869e-06,0.654549479,0.0078125
4,171,1,1,3.14177737e-06,1.60373156e-06,0.510453582,0.0078125
4,171,1,2,3.14177737e-06,1.22289327e-06,0.389236122,0.0078125
4,171,1,3,3.14177737e-06,7.67945664e-07,0.244430318,0.0078125
4,171,1,4,3.14177737e-06,4.45833336e-07,0.141904816,0.0078125
4,171,1,5,3.14177737e-06,2.74595891e-07,0.0874014497,0.0078125
4,171,1,6,3.14177737e-06,1.729113e-07,0.0550361387,0.0078125
4,171,1,7,3.14177737e-06,1.03833429e-07,0.0330492631,0.0078125
4,171,1,8,3.14177737e-06,6.35141859e-08,0.0202160049,0.0078125
4,171,1,9,3.14177737e-06,3.68222537e-08,0.0117201982,0.0078125
4,172,1,0,3.25995165e-06,2.02701608e-06,0.62179327,0.0078125
4,172,1,1,3.25995165e-06,1.58159958e-06,0.48516044,0.0078125
4,172,1,2,3.25995165e-06,1.21280641e-06,0.372032017,0.0078125
4,172,1,3,3.25995165e-06,8.444336e-07,0.259032547,0.0078125
4,172,1,4,3.25995165e-06,5.17563706e-07,0.158764228,0.0078125
4,172,1,5,3.25995165e-06,3.1711815e-07,0.0972769484,0.0078125
4,172,1,6,3.25995165e-06,1.75284598e-07,0.0537690781,0.0078125
4,172,1,7,3.25995165e-06,1.03549667e-07,0.031764172,0.0078125
4,172,1,8,3.25995165e-06,6.34747721e-08,0.0194710772,0.0078125
4,172,1,9,3.25995165e-06,3.66723683e-08,0.0112493597,0.0078125
4,173,1,0,3.16697492e-06,2.10117719e-06,0.663465083,0.0078125
4,173,1,1,3.16697492e-06,1.60338254e-06,0.506282032,0.0078125
4,173,1,2,3.16697492e-06,1.23210509e-06,0.389047951,0.0078125
4,173,1,3,3.16697492e-06,8.83518567e-07,0.278978705,0.0078125
4,173,1,4,3.16697492e-06,5.276396e-07,0.166606814,0.0078125
4,173,1,5,3.16697492e-06,3.17327789e-07,0.100199021,0.0078125
4,173,1,6,3.16697492e-06,1.7463644e-07,0.0551429801,0.0078125
4,173,1,7,3.16697492e-06,1.04009814e-07,0.0328420065,0.0078125
4,173,1,8,3.16697492e-06,6.33434638e-08,0.0200012513,0.0078125
4,173,1,9,3.16697492e-06,3.62632342e-08,0.0114504332,0.0078125
4,174,1,0,3.21163816e-06,2.01901685e-06,0.628656387,0.0078125
4,174,1,1,3.21163816e-06,1.54022882e-06,0.479577333,0.0078125
4,174,1,2,3.21163816e-06,1.18015782e-06,0.367462873,0.0078125
4,174,1,3,3.21163816e-06,8.21964363e-07,0.255933046,0.0078125
4,174,1,4,3.21163816e-06,5.09434869e-07,0.158621505,0.0078125
4,174,1,5,3.21163816e-06,3.1336694e-07,0.0975723043,0.0078125
4,174,1,6,3.21163816e-06,1.7276804e-07,0.0537943654,0.0078125
4,174,1,7,3.21163816e-06,1.01375001e-07,0.0315648876,0.0078125
4,174,1,8,3.21163816e-06,6.18857285e-08,0.0192692094,0.0078125
4,174,1,9,3.21163816e-06,3.55281067e-08,0.0110623008,0.0078125
4,175,1,0,2.84119938e-06,1.96483052e-06,0.691549659,0.0078125
4,175,1,1,2.84119938e-06,1.52572647e-06,0.537000835,0.0078125
4,175,1,2,2.84119938e-06,1.19328251e-06,0.419992536,0.0078125
4,175,1,3,2.84119938e-06,8.85611826e-07,0.311703503,0.0078125
4,175,1,4,2.84119938e-06,5.22534492e-07,0.18391335,0.0078125
4,175,1,5,2.84119938e-06,3.07242857e-07,0.108138435,0.0078125
4,175,1,6,2.84119938e-06,1.70997893e-07,0.0601851083,0.0078125
4,175,1,7,2.84119938e-06,9.91611344e-08,0.0349011533,0.0078125
4,175,1,8,2.84119938e-06,6.112856e-08,0.0215150546,0.0078125
4,175,1,9,2.84119938e-06,3.49949083e-08,0.0123169487,0.0078125
4,176,1,0,3.04533364e-06,2.09556583e-06,0.688123584,0.0078125
4,176,1,1,3.04533364e-06,1.59792774e-06,0.524713516,0.0078125
4,176,1,2,3.04533364e-06,1.20405389e-06,0.395376682,0.0078125
4,176,1,3,3.04533364e-06,8.65161496e-07,0.284094155,0.0078125
4,176,1,4,3.04533364e-06,5.26982717e-07,0.173045978,0.0078125
4,176,1,5,3.04533364e-06,3.16891516e-07,0.104058065,0.0078125
4,176,1,6,3.04533364e-06,1.78661864e-07,0.0586674176,0.0078125
4,176,1,7,3.04533364e-06,1.0535188e-07,0.0345945284,0.0078125
4,176,1,8,3.04533364e-06,6.47600089e-08,0.0212653242,0.0078125
4,176,1,9,3.04533364e-06,3.63554626e-08,0.0119380886,0.0078125
4,177,1,0,3.14389399e-06,2.15691011e-06,0.68606323,0.0078125
4,177,1,1,3.14389399e-06,1.63188213e-06,0.519064009,0.0078125
4,177,1,2,3.14389399e-06,1.22088488e-06,0.388335258,0.0078125
4,177,1,3,3.14389399e-06,8.44244937e-07,0.268534809,0.0078125
4,177,1,4,3.14389399e-06,5.27862937e-07,0.167900994,0.0078125
4,177,1,5,3.14389399e-06,3.18783606e-07,0.101397693,0.0078125
4,177,1,6,3.14389399e-06,1.79233965e-07,0.0570101812,0.0078125
4,177,1,7,3.14389399e-06,1.05005931e-07,0.0333999582,0.0078125
4,177,1,8,3.14389399e-06,6.5620462e-08,0.0208723526,0.0078125
4,177,1,9,3.14389399e-06,3.64346953e-08,0.0115890345,0.0078125
4,178,1,0,3.15745706e-06,2.15117416e-06,0.681299567,0.0078125
4,178,1,1,3.15745706e-06,1.65227868e-06,0.523294091,0.0078125
4,178,1,2,3.15745706e-06,1.26233738e-06,0.399795592,0.0078125
4,178,1,3,3.15745706e-06,8.99146357e-07,0.284769148,0.0078125
4,178,1,4,3.15745706e-06,5.35668278e-07,0.169651806,0.0078125
4,178,1,5,3.15745706e-06,3.17198584e-07,0.100460142,0.0078125
4,178,1,6,3.15745706e-06,1.76156291e-07,0.0557905585,0.0078125
4,178,1,7,3.15745706e-06,1.0413801e-07,0.0329816081,0.0078125
4,178,1,8,3.15745706e-06,6.39183497e-08,0.0202436168,0.0078125
4,178,1,9,3.15745706e-06,3.65337449e-08,0.0115706231,0.0078125
4,179,1,0,3.0474032e-06,2.04347657e-06,0.670563221,0.0078125
4,179,1,1,3.0474032e-06,1.53811709e-06,0.504730403,0.0078125
4,179,1,2,3.0474032e-06,1.20597156e-06,0.395737439,0.0078125
4,179,1,3,3.0474032e-06,8.85228701e-07,0.290486246,0.0078125
4,179,1,4,3.0474032e-06,5.28953819e-07,0.173575267,0.0078125
4,179,1,5,3.0474032e-06,3.10850311e-07,0.102004983,0.0078125
4,179,1,6,3.0474032e-06,1.70114419e-07,0.0558227487,0.0078125
4,179,1,7,3.0474032e-06,9.96048186e-08,0.0326851457,0.0078125
4,179,1,8,3.0474032e-06,6.16777598e-08,0.0202394482,0.0078125
4,179,1,9,3.0474032e-06,3.53351943e-08,0.0115951821,0.0078125
4,180,1,0,3.08007134e-06,2.08299434e-06,0.676281214,0.0078125
4,180,1,1,3.08007134e-06,1.61768821e-06,0.525211275,0.0078125
4,180,1,2,3.08007134e-06,1.26820498e-06,0.41174534,0.0078125
4,180,1,3,3.08007134e-06,9.0871913e-07,0.295031846,0.0078125
4,180,1,4,3.08007134e-06,5.29732858e-07,0.171987206,0.0078125
4,180,1,5,3.08007134e-06,3.15373143e-07,0.102391504,0.0078125
4,180,1,6,3.08007134e-06,1.72171127e-07,0.0558984205,0.0078125
4,180,1,7,3.08007134e-06,1.00715233e-07,0.0326989926,0.0078125
4,180,1,8,3.08007134e-06,6.28290522e-08,0.0203985702,0.0078125
4,180,1,9,3.08007134e-06,3.57333931e-08,0.0116014825,0.0078125
4,181,1,0,3.01174668e-06,2.07821449e-06,0.690036297,0.0078125
4,181,1,1,3.01174668e-06,1.61785306e-06,0.53718096,0.0078125
4,181,1,2,3.01174668e-06,1.26254201e-06,0.419205904,0.0078125
4,181,1,3,3.01174668e-06,9.13349254e-07,0.303262323,0.0078125
4,181,1,4,3.01174668e-06,5.52944641e-07,0.183596,0.0078125
4,181,1,5,3.01174668e-06,3.24988463e-07,0.107906975,0.0078125
4,181,1,6,3.01174668e-06,1.80505936e-07,0.0599339716,0.0078125
4,181,1,7,3.01174668e-06,1.06719646e-07,0.0354344696,0.0078125
4,181,1,8,3.01174668e-06,6.50075336e-08,0.0215846617,0.0078125
4,181,1,9,3.01174668e-06,3.70796478e-08,0.0123116756,0.0078125
4,182,1,0,3.14422732e-06,2.14222996e-06,0.681321561,0.0078125
4,182,1,1,3.14422732e-06,1.64438177e-06,0.522984385,0.0078125
4,182,1,2,3.14422732e-06,1.29368254e-06,0.411446899,0.0078125
4,182,1,3,3.14422732e-06,9.33972558e-07,0.297043592,0.0078125
4,182,1,4,3.14422732e-06,5.49581387e-07,0.174790606,0.0078125
4,182,1,5,3.14422732e-06,3.2333935e-07,0.102835871,0.0078125
4,182,1,6,3.14422732e-06,1.7871568e-07,0.0568392985,0.0078125
4,182,1,7,3.14422732e-06,1.07198289e-07,0.0340936817,0.0078125
4,182,1,8,3.14422732e-06,6.53951702e-08,0.0207984876,0.0078125
4,182,1,9,3.14422732e-06,3.71345692e-08,0.0118103959,0.0078125
4,183,1,0,3.27491193e-06,2.19061189e-06,0.668907106,0.0078125
4,183,1,1,3.27491193e-06,1.65148754e-06,0.504284561,0.0078125
4,183,1,2,3.27491193e-06,1.28017518e-06,0.390903711,0.0078125
4,183,1,3,3.27491193e-06,9.2757125e-07,0.28323549,0.0078125
4,183,1,4,3.27491193e-06,5.50688412e-07,0.168153659,0.0078125
4,183,1,5,3.27491193e-06,3.24256689e-07,0.0990123376,0.0078125
4,183,1,6,3.27491193e-06,1.76655789e-07,0.0539421476,0.0078125
4,183,1,7,3.27491193e-06,1.05657406e-07,0.0322626717,0.0078125
4,183,1,8,3.27491193e-06,6.51335696e-08,0.0198886469,0.0078125
4,183,1,9,3.27491193e-06,3.72341518e-08,0.0113695124,0.0078125
4,184,1,0,3.2547407e-06,2.23815641e-06,0.687660456,0.0078125
4,184,1,1,3.2547407e-06,1.6356812e-06,0.502553463,0.0078125
4,184,1,2,3.2547407e-06,1.25771714e-06,0.38642621,0.0078125
4,184,1,3,3.2547407e-06,8.68890311e-07,0.266961455,0.0078125
4,184,1,4,3.2547407e-06,5.45351725e-07,0.167556122,0.0078125
4,184,1,5,3.2547407e-06,3.15323916e-07,0.0968814269,0.0078125
4,184,1,6,3.2547407e-06,1.78351186e-07,0.0547973551,0.0078125
4,184,1,7,3.2547407e-06,1.05108874e-07,0.0322940871,0.0078125
4,184,1,8,3.2547407e-06,6.53340493e-08,0.0200735033,0.0078125
4,184,1,9,3.2547407e-06,3.72232307e-08,0.0114366198,0.0078125
4,185,1,0,3.2251412e-06,2.16810622e-06,0.672251582,0.0078125
4,185,1,1,3.2251412e-06,1.60303875e-06,0.497044504,0.0078125
4,185,1,2,3.2251412e-06,1.23800612e-06,0.383861065,0.0078125
4,185,1,3,3.2251412e-06,7.80394146e-07,0.241972089,0.0078125
4,185,1,4,3.2251412e-06,4.46082566e-07,0.138314113,0.0078125
4,185,1,5,3.2251412e-06,2.77632751e-07,0.0860839039,0.0078125
4,185,1,6,3.2251412e-06,1.70475431e-07,0.0528582856,0.0078125
4,185,1,7,3.2251412e-06,1.0406724e-07,0.0322674997,0.0078125
4,185,1,8,3.2251412e-06,6.41427391e-08,0.0198883507,0.0078125
4,185,1,9,3.2251412e-06,3.70509561e-08,0.0114881657,0.0078125
4,186,1,0,3.25218093e-06,2.14170336e-06,0.658543706,0.0078125
4,186,1,1,3.25218093e-06,1.61609944e-06,0.496927887,0.0078125
4,186,1,2,3.25218093e-06,1.26693351e-06,0.389564276,0.0078125
4,186,1,3,3.25218093e-06,8.77043021e-07,0.269678414,0.0078125
4,186,1,4,3.25218093e-06,5.41599661e-07,0.16653429,0.0078125
4,186,1,5,3.25218093e-06,3.21197092e-07,0.0987636,0.0078125
4,186,1,6,3.25218093e-06,1.77007536e-07,0.0544273332,0.0078125
4,186,1,7,3.25218093e-06,1.04859467e-07,0.0322428159,0.0078125
4,186,1,8,3.25218093e-06,6.59992594e-08,0.0202938467,0.0078125
4,186,1,9,3.25218093e-06,3.78947753e-08,0.011652112,0.0078125
4,187,1,0,3.22571145e-06,2.05734159e-06,0.637794673,0.0078125
4,187,1,1,3.22571145e-06,1.54812597e-06,0.479933172,0.0078125
4,187,1,2,3.22571145e-06,1.22851065e-06,0.38084951,0.0078125
4,187,1,3,3.22571145e-06,8.93057802e-07,0.276856065,0.0078125
4,187,1,4,3.22571145e-06,5.40073529e-07,0.167427719,0.0078125
4,187,1,5,3.22571145e-06,3.18639593e-07,0.0987811834,0.0078125
4,187,1,6,3.22571145e-06,1.71963563e-07,0.0533102751,0.0078125
4,187,1,7,3.22571145e-06,1.01910587e-07,0.031593211,0.0078125
4,187,1,8,3.22571145e-06,6.49184528e-08,0.0201253127,0.0078125
4,187,1,9,3.22571145e-06,3.74288831e-08,0.0116032958,0.0078125
4,188,1,0,3.34786228e-06,2.16911462e-06,0.647910357,0.0078125
4,188,1,1,3.34786228e-06,1.6305172e-06,0.487032354,0.0078125
4,188,1,2,3.34786228e-06,1.2750711e-06,0.380861282,0.0078125
4,188,1,3,3.34786228e-06,8.63628145e-07,0.257964075,0.0078125
4,188,1,4,3.34786228e-06,5.37491132e-07,0.160547569,0.0078125
4,188,1,5,3.34786228e-06,3.15618081e-07,0.0942745134,0.0078125
4,188,1,6,3.34786228e-06,1.73273207e-07,0.0517563708,0.0078125
4,188,1,7,3.34786228e-06,1.04491846e-07,0.0312115122,0.0078125
4,188,1,8,3.34786228e-06,6.53401884e-08,0.0195169877,0.0078125
4,188,1,9,3.34786228e-06,3.78495812e-08,0.0113055967,0.0078125
4,189,1,0,3.37176289e-06,2.18840273e-06,0.649038136,0.0078125
4,189,1,1,3.37176289e-06,1.61463049e-06,0.478868335,0.0078125
4,189,1,2,3.37176289e-06,1.25780377e-06,0.373040408,0.0078125
4,189,1,3,3.37176289e-06,8.88462694e-07,0.263500929,0.0078125
4,189,1,4,3.37176289e-06,5.31772173e-07,0.157713398,0.0078125
4,189,1,5,3.37176289e-06,3.16989912e-07,0.0940131098,0.0078125
4,189,1,6,3.37176289e-06,1.71850431e-07,0.0509675331,0.0078125
4,189,1,7,3.37176289e-06,1.00905687e-07,0.0299266856,0.0078125
4,189,1,8,3.37176289e-06,6.43136033e-08,0.0190741774,0.0078125
4,189,1,9,3.37176289e-06,3.64034243e-08,0.0107965553,0.0078125
4,190,1,0,3.37816186e-06,2.15029536e-06,0.636528194,0.0078125
4,190,1,1,3.37816186e-06,1.58340288e-06,0.468717277,0.0078125
4,190,1,2,3.37816186e-06,1.23833058e-06,0.36656934,0.0078125
4,190,1,3,3.37816186e-06,8.0101222e-07,0.237114817,0.0078125
4,190,1,4,3.37816186e-06,4.87007867e-07,0.144163564,0.0078125
4,190,1,5,3.37816186e-06,3.00938353e-07,0.089083463,0.0078125
4,190,1,6,3.37816186e-06,1.68810828e-07,0.049971208,0.0078125
4,190,1,7,3.37816186e-06,9.91860247e-08,0.0293609444,0.0078125
4,190,1,8,3.37816186e-06,6.27405328e-08,0.0185723882,0.0078125
4,190,1,9,3.37816186e-06,3.61868828e-08,0.0107120043,0.0078125
4,191,1,0,3.16973751e-06,2.1537694e-06,0.679478765,0.0078125
4,191,1,1,3.16973751e-06,1.5873901e-06,0.500795424,0.0078125
4,191,1,2,3.16973751e-06,1.23589484e-06,0.389904469,0.0078125
4,191,1,3,3.16973751e-06,8.79272136e-07,0.277395874,0.0078125
4,191,1,4,3.16973751e-06,5.36287132e-07,0.169189766,0.0078125
4,191,1,5,3.16973751e-06,3.08626653e-07,0.097366631,0.0078125
4,191,1,6,3.16973751e-06,1.69434387e-07,0.0534537584,0.0078125
4,191,1,7,3.16973751e-06,9.89074138e-08,0.0312036611,0.0078125
4,191,1,8,3.16973751e-06,6.31140651e-08,0.0199114475,0.0078125
4,191,1,9,3.16973751e-06,3.6558351e-08,0.0115335574,0.0078125
4,192,1,0,3.29288173e-06,2.13792805e-06,0.649257481,0.0078125
4,192,1,1,3.29288173e-06,1.57060219e-06,0.476968914,0.0078125
4,192,1,2,3.29288173e-06,1.22352867e-06,0.371567756,0.0078125
4,192,1,3,3.29288173e-06,8.43081125e-07,0.256031394,0.0078125
4,192,1,4,3.29288173e-06,5.19615071e-07,0.157799497,0.0078125
4,192,1,5,3.29288173e-06,3.10039979e-07,0.0941546038,0.0078125
4,192,1,6,3.29288173e-06,1.69804167e-07,0.0515670404,0.0078125
4,192,1,7,3.29288173e-06,9.75403012e-08,0.029621562,0.0078125
4,192,1,8,3.29288173e-06,6.15472402e-08,0.0186909959,0.0078125
4,192,1,9,3.29288173e-06,3.57523895e-08,0.0108574778,0.0078125
4,193,1,0,3.32529657e-06,2.23481698e-06,0.672065437,0.0078125
4,193,1,1,3.32529657e-06,1.65286156e-06,0.497056872,0.0078125
4,193,1,2,3.32529657e-06,1.2548054e-06,0.377351433,0.0078125
4,193,1,3,3.32529657e-06,8.88595707e-07,0.267223001,0.0078125
4,193,1,4,3.32529657e-06,5.27128975e-07,0.158520892,0.0078125
4,193,1,5,3.32529657e-06,3.06152685e-07,0.0920677856,0.0078125
4,193,1,6,3.32529657e-06,1.67807073e-07,0.0504637919,0.0078125
4,193,1,7,3.32529657e-06,9.50335703e-08,0.0285789762,0.0078125
4,193,1,8,3.32529657e-06,6.06809962e-08,0.0182482954,0.0078125
4,193,1,9,3.32529657e-06,3.51240779e-08,0.01056269,0.0078125
4,194,1,0,3.35516938e-06,2.1317353e-06,0.635358453,0.0078125
4,194,1,1,3.35516938e-06,1.56437102e-06,0.466256946,0.0078125
4,194,1,2,3.35516938e-06,1.22269762e-06,0.364422023,0.0078125
4,194,1,3,3.35516938e-06,8.94534821e-07,0.266613901,0.0078125
4,194,1,4,3.35516938e-06,5.3018789e-07,0.158021197,0.0078125
4,194,1,5,3.35516938e-06,3.05698023e-07,0.0911125466,0.0078125
4,194,1,6,3.35516938e-06,1.67020062e-07,0.049779918,0.0078125
4,194,1,7,3.35516938e-06,9.47606296e-08,0.0282431729,0.0078125
4,194,1,8,3.35516938e-06,6.03463732e-08,0.017986089,0.0078125
4,194,1,9,3.35516938e-06,3.58565018e-08,0.0106869424,0.0078125
4,195,1,0,3.29918043e-06,2.14102647e-06,0.648957074,0.0078125
4,195,1,1,3.29918043e-06,1.58481919e-06,0.480367541,0.0078125
4,195,1,2,3.29918043e-06,1.2156587e-06,0.368472934,0.0078125
4,195,1,3,3.29918043e-06,8.79075856e-07,0.266452789,0.0078125
4,195,1,4,3.29918043e-06,5.23293693e-07,0.158613235,0.0078125
4,195,1,5,3.29918043e-06,3.05049525e-07,0.0924622118,0.0078125
4,195,1,6,3.29918043e-06,1.67564238e-07,0.0507896543,0.0078125
4,195,1,7,3.29918043e-06,9.51121919e-08,0.0288290363,0.0078125
4,195,1,8,3.29918043e-06,6.10340862e-08,0.018499773,0.0078125
4,195,1,9,3.29918043e-06,3.63139172e-08,0.0110069513,0.0078125
4,196,1,0,3.32113609e-06,2.0845107e-06,0.627649903,0.0078125
4,196,1,1,3.32113609e-06,1.52354551e-06,0.458742261,0.0078125
4,196,1,2,3.32113609e-06,1.17190768e-06,0.352863491,0.0078125
4,196,1,3,3.32113609e-06,8.13752706e-07,0.245022386,0.0078125
4,196,1,4,3.32113609e-06,5.01476904e-07,0.150995597,0.0078125
4,196,1,5,3.32113609e-06,3.03987036e-07,0.0915310383,0.0078125
4,196,1,6,3.32113609e-06,1.67502805e-07,0.050435394,0.0078125
4,196,1,7,3.32113609e-06,9.53683283e-08,0.0287155733,0.0078125
4,196,1,8,3.32113609e-06,6.12418205e-08,0.0184400212,0.0078125
4,196,1,9,3.32113609e-06,3.59485703e-08,0.0108241783,0.0078125
4,197,1,0,3.18308321e-06,2.02286446e-06,0.635504723,0.0078125
4,197,1,1,3.18308321e-06,1.52163409e-06,0.478037804,0.0078125
4,197,1,2,3.18308321e-06,1.16579895e-06,0.366248339,0.0078125
4,197,1,3,3.18308321e-06,8.02302111e-07,0.25205189,0.0078125
4,197,1,4,3.18308321e-06,4.91192338e-07,0.154313385,0.0078125
4,197,1,5,3.18308321e-06,2.99735518e-07,0.0941651538,0.0078125
4,197,1,6,3.18308321e-06,1.65264936e-07,0.0519197658,0.0078125
4,197,1,7,3.18308321e-06,9.25472534e-08,0.029074721,0.0078125
4,197,1,8,3.18308321e-06,5.95207759e-08,0.0186990947,0.0078125
4,197,1,9,3.18308321e-06,3.48218983e-08,0.0109396754,0.0078125
4,198,1,0,3.46479601e-06,2.21896585e-06,0.640431881,0.0078125
4,198,1,1,3.46479601e-06,1.66943346e-06,0.481827348,0.0078125
4,198,1,2,3.46479601e-06,1.25255394e-06,0.361508727,0.0078125
4,198,1,3,3.46479601e-06,8.6084043e-07,0.248453423,0.0078125
4,198,1,4,3.46479601e-06,5.19304876e-07,0.149880365,0.0078125
4,198,1,5,3.46479601e-06,3.07320704e-07,0.0886980668,0.0078125
4,198,1,6,3.46479601e-06,1.70354468e-07,0.0491672419,0.0078125
4,198,1,7,3.46479601e-06,9.55352277e-08,0.027573118,0.0078125
4,198,1,8,3.46479601e-06,6.1847615e-08,0.017850291,0.0078125
4,198,1,9,3.46479601e-06,3.63618184e-08,0.0104946494,0.0078125
4,199,1,0,3.39758094e-06,2.05482365e-06,0.604790211,0.0078125
4,199,1,1,3.39758094e-06,1.52540338e-06,0.448967487,0.0078125
4,199,1,2,3.39758094e-06,1.17234083e-06,0.345051616,0.0078125
4,199,1,3,3.39758094e-06,7.99030374e-07,0.235176265,0.0078125
4,199,1,4,3.39758094e-06,5.03082788e-07,0.148070872,0.0078125
4,199,1,5,3.39758094e-06,3.14911802e-07,0.0926870629,0.0078125
4,199,1,6,3.39758094e-06,1.77051675e-07,0.0521110967,0.0078125
4,199,1,7,3.39758094e-06,1.00722836e-07,0.029645456,0.0078125
4,199,1,8,3.39758094e-06,6.55518875e-08,0.0192936938,0.0078125
4,199,1,9,3.39758094e-06,3.7953761e-08,0.0111708185,0.0078125
4,200,1,0,3.30349076e-06,2.07423204e-06,0.627891004,0.0078125
4,200,1,1,3.30349076e-06,1.60183993e-06,0.484893113,0.0078125
4,200,1,2,3.30349076e-06,1.22969914e-06,0.372242332,0.0078125
4,200,1,3,3.30349076e-06,8.64735455e-07,0.261764139,0.0078125
4,200,1,4,3.30349076e-06,5.29660667e-07,0.160333633,0.0078125
4,200,1,5,3.30349076e-06,3.23142103e-07,0.0978183746,0.0078125
4,200,1,6,3.30349076e-06,1.8000388e-07,0.0544889905,0.0078125
4,200,1,7,3.30349076e-06,1.01750075e-07,0.0308007747,0.0078125
4,200,1,8,3.30349076e-06,6.510529e-08,0.0197080281,0.0078125
4,200,1,9,3.30349076e-06,3.74063518e-08,0.0113232806,0.0078125
4,201,1,0,3.30352623e-06,2.12890541e-06,0.644434214,0.0078125
4,201,1,1,3.30352623e-06,1.61299602e-06,0.488264948,0.0078125
4,201,1,2,3.30352623e-06,1.21194864e-06,0.366865158,0.0078125
4,201,1,3,3.30352623e-06,8.06047922e-07,0.243996218,0.0078125
4,201,1,4,3.30352623e-06,5.07096956e-07,0.153501719,0.0078125
4,201,1,5,3.30352623e-06,3.15111748e-07,0.0953864828,0.0078125
4,201,1,6,3.30352623e-06,1.78209277e-07,0.0539451689,0.0078125
4,201,1,7,3.30352623e-06,1.00602954e-07,0.0304532032,0.0078125
4,201,1,8,3.30352623e-06,6.41042419e-08,0.0194047932,0.0078125
4,201,1,9,3.30352623e-06,3.67044848e-08,0.0111106988,0.0078125
4,202,1,0,3.31354045e-06,2.11563338e-06,0.638481259,0.0078125
4,202,1,1,3.31354045e-06,1.64074231e-06,0.495162904,0.0078125
4,202,1,2,3.31354045e-06,1.23111738e-06,0.371541381,0.0078125
4,202,1,3,3.31354045e-06,7.66533276e-07,0.231333613,0.0078125
4,202,1,4,3.31354045e-06,4.46791944e-07,0.134838238,0.0078125
4,202,1,5,3.31354045e-06,2.79705205e-07,0.0844127908,0.0078125
4,202,1,6,3.31354045e-06,1.72391239e-07,0.0520262979,0.0078125
4,202,1,7,3.31354045e-06,1.02133491e-07,0.0308230706,0.0078125
4,202,1,8,3.31354045e-06,6.46792557e-08,0.0195196811,0.0078125
4,202,1,9,3.31354045e-06,3.7260488e-08,0.0112449173,0.0078125
4,203,1,0,3.33451703e-06,2.14211354e-06,0.642405927,0.0078125
4,203,1,1,3.33451703e-06,1.63543746e-06,0.490457058,0.0078125
4,203,1,2,3.33451703e-06,1.19926392e-06,0.359651446,0.0078125
4,203,1,3,3.33451703e-06,7.46477951e-07,0.223863885,0.0078125
4,203,1,4,3.33451703e-06,4.34756799e-07,0.130380735,0.0078125
4,203,1,5,3.33451703e-06,2.58797144e-07,0.0776115805,0.0078125
4,203,1,6,3.33451703e-06,1.63692704e-07,0.049090378,0.0078125
4,203,1,7,3.33451703e-06,9.63768727e-08,0.0289027989,0.0078125
4,203,1,8,3.33451703e-06,6.134713e-08,0.018397605,0.0078125
4,203,1,9,3.33451703e-06,3.5553434e-08,0.0106622437,0.0078125
4,204,1,0,3.28950159e-06,2.1746223e-06,0.661079586,0.0078125
4,204,1,1,3.28950159e-06,1.65168399e-06,0.50210768,0.0078125
4,204,1,2,3.28950159e-06,1.21420669e-06,0.36911571,0.0078125
4,204,1,3,3.28950159e-06,8.05572881e-07,0.244892076,0.0078125
4,204,1,4,3.28950159e-06,4.99687872e-07,0.151903823,0.0078125
4,204,1,5,3.28950159e-06,3.16725618e-07,0.0962837711,0.0078125
4,204,1,6,3.28950159e-06,1.739742e-07,0.0528877079,0.0078125
4,204,1,7,3.28950159e-06,1.00742206e-07,0.0306253713,0.0078125
4,204,1,8,3.28950159e-06,6.4430445e-08,0.0195866898,0.0078125
4,204,1,9,3.28950159e-06,3.73068723e-08,0.0113411928,0.0078125
4,205,1,0,3.39556686e-06,2.16186413e-06,0.636672497,0.0078125
4,205,1,1,3.39556686e-06,1.62640845e-06,0.478979945,0.0078125
4,205,1,2,3.39556686e-06,1.20172683e-06,0.353910506,0.0078125
4,205,1,3,3.39556686e-06,7.61084436e-07,0.224140614,0.0078125
4,205,1,4,3.39556686e-06,4.65967844e-07,0.137228295,0.0078125
4,205,1,5,3.39556686e-06,3.01499739e-07,0.0887921676,0.0078125
4,205,1,6,3.39556686e-06,1.7235287e-07,0.0507582016,0.0078125
4,205,1,7,3.39556686e-06,9.89536133e-08,0.0291420016,0.0078125
4,205,1,8,3.39556686e-06,6.3148768e-08,0.0185974147,0.0078125
4,205,1,9,3.39556686e-06,3.68243818e-08,0.0108448407,0.0078125
4,206,1,0,3.28761598e-06,2.13689555e-06,0.649983346,0.0078125
4,206,1,1,3.28761598e-06,1.61459468e-06,0.49111414,0.0078125
4,206,1,2,3.28761598e-06,1.19464596e-06,0.363377601,0.0078125
4,206,1,3,3.28761598e-06,7.98767303e-07,0.242962465,0.0078125
4,206,1,4,3.28761598e-06,5.0477621e-07,0.153538674,0.0078125
4,206,1,5,3.28761598e-06,3.1547134e-07,0.0959574804,0.0078125
4,206,1,6,3.28761598e-06,1.73022428e-07,0.0526285395,0.0078125
4,206,1,7,3.28761598e-06,9.95521106e-08,0.0302809421,0.0078125
4,206,1,8,3.28761598e-06,6.49248619e-08,0.0197483115,0.0078125
4,206,1,9,3.28761598e-06,3.77594134e-08,0.0114853475,0.0078125
4,207,1,0,3.13098235e-06,2.04867342e-06,0.654322863,0.0078125
4,207,1,1,3.13098235e-06,1.56281396e-06,0.499144942,0.0078125
4,207,1,2,3.13098235e-06,1.18543562e-06,0.378614604,0.0078125
4,207,1,3,3.13098235e-06,7.75596163e-07,0.247716561,0.0078125
4,207,1,4,3.13098235e-06,4.89641536e-07,0.156385913,0.0078125
4,207,1,5,3.13098235e-06,3.1505445e-07,0.100624792,0.0078125
4,207,1,6,3.13098235e-06,1.73405994e-07,0.0553838946,0.0078125
4,207,1,7,3.13098235e-06,9.80378587e-08,0.0313121714,0.0078125
4,207,1,8,3.13098235e-06,6.28255847e-08,0.0200657733,0.0078125
4,207,1,9,3.13098235e-06,3.63504071e-08,0.0116099045,0.0078125
4,208,1,0,3.16132719e-06,2.09159612e-06,0.661619604,0.0078125
4,208,1,1,3.16132719e-06,1.62675667e-06,0.514580309,0.0078125
4,208,1,2,3.16132719e-06,1.1935731e-06,0.377554446,0.0078125
4,208,1,3,3.16132719e-06,7.6404757e-07,0.241685703,0.0078125
4,208,1,4,3.16132719e-06,4.7671287e-07,0.150795177,0.0078125
4,208,1,5,3.16132719e-06,3.14612777e-07,0.0995192081,0.0078125
4,208,1,6,3.16132719e-06,1.7251331e-07,0.0545699,0.0078125
4,208,1,7,3.16132719e-06,9.90247244e-08,0.0313237831,0.0078125
4,208,1,8,3.16132719e-06,6.28421901e-08,0.019878421,0.0078125
4,208,1,9,3.16132719e-06,3.62275188e-08,0.0114595918,0.0078125
4,209,1,0,3.12657539e-06,2.09951395e-06,0.671505928,0.0078125
4,209,1,1,3.12657539e-06,1.56648719e-06,0.501023293,0.0078125
4,209,1,2,3.12657539e-06,1.15315459e-06,0.368823528,0.0078125
4,209,1,3,3.12657539e-06,7.12618032e-07,0.227922872,0.0078125
4,209,1,4,3.12657539e-06,4.23055099e-07,0.135309413,0.0078125
4,209,1,5,3.12657539e-06,2.42387102e-07,0.0775247887,0.0078125
4,209,1,6,3.12657539e-06,1.49106114e-07,0.0476899147,0.0078125
4,209,1,7,3.12657539e-06,9.7166442e-08,0.0310775936,0.0078125
4,209,1,8,3.12657539e-06,6.21476417e-08,0.0198772252,0.0078125
4,209,1,9,3.12657539e-06,3.67689204e-08,0.0117601259,0.0078125
4,210,1,0,3.02728722e-06,2.01975172e-06,0.667182088,0.0078125
4,210,1,1,3.02728722e-06,1.54370389e-06,0.509929776,0.0078125
4,210,1,2,3.02728722e-06,1.16425599e-06,0.384587228,0.0078125
4,210,1,3,3.02728722e-06,7.33586944e-07,0.242324859,0.0078125
4,210,1,4,3.02728722e-06,4.50807534e-07,0.148914695,0.0078125
4,210,1,5,3.02728722e-06,2.9905749e-07,0.0987872854,0.0078125
4,210,1,6,3.02728722e-06,1.66404163e-07,0.0549680777,0.0078125
4,210,1,7,3.02728722e-06,9.79734551e-08,0.0323634483,0.0078125
4,210,1,8,3.02728722e-06,6.05352781e-08,0.0199965425,0.0078125
4,210,1,9,3.02728722e-06,3.56321408e-08,0.0117703201,0.0078125
4,211,1,0,3.14471913e-06,2.09154837e-06,0.665098608,0.0078125
4,211,1,1,3.14471913e-06,1.56351302e-06,0.497186869,0.0078125
4,211,1,2,3.14471913e-06,1.15795513e-06,0.368222117,0.0078125
4,211,1,3,3.14471913e-06,7.24299014e-07,0.230322316,0.0078125
4,211,1,4,3.14471913e-06,4.50150168e-07,0.143144786,0.0078125
4,211,1,5,3.14471913e-06,2.98737433e-07,0.0949965417,0.0078125
4,211,1,6,3.14471913e-06,1.65469316e-07,0.0526181534,0.0078125
4,211,1,7,3.14471913e-06,9.69644631e-08,0.030834062,0.0078125
4,211,1,8,3.14471913e-06,6.00127308e-08,0.0190836545,0.0078125
4,211,1,9,3.14471913e-06,3.51397986e-08,0.0111742252,0.0078125
4,212,1,0,3.3355509e-06,2.23366033e-06,0.669652581,0.0078125
4,212,1,1,3.3355509e-06,1.62656204e-06,0.487644196,0.0078125
4,212,1,2,3.3355509e-06,1.17972593e-06,0.353682488,0.0078125
4,212,1,3,3.3355509e-06,7.61350009e-07,0.228253156,0.0078125
4,212,1,4,3.3355509e-06,4.75617981e-07,0.142590538,0.0078125
4,212,1,5,3.3355509e-06,3.08832398e-07,0.0925881267,0.0078125
4,212,1,6,3.3355509e-06,1.67072074e-07,0.0500883013,0.0078125
4,212,1,7,3.3355509e-06,9.65197984e-08,0.0289366897,0.0078125
4,212,1,8,3.3355509e-06,5.88968732e-08,0.0176573154,0.0078125
4,212,1,9,3.3355509e-06,3.47193954e-08,0.0104088942,0.0078125
4,213,1,0,3.17072204e-06,2.07030121e-06,0.652943134,0.0078125
4,213,1,1,3.17072204e-06,1.50584628e-06,0.47492221,0.0078125
4,213,1,2,3.17072204e-06,1.11694703e-06,0.352268994,0.0078125
4,213,1,3,3.17072204e-06,6.85442217e-07,0.216178596,0.0078125
4,213,1,4,3.17072204e-06,4.13381429e-07,0.130374536,0.0078125
4,213,1,5,3.17072204e-06,2.56415888e-07,0.0808698758,0.0078125
4,213,1,6,3.17072204e-06,1.56760805e-07,0.0494400971,0.0078125
4,213,1,7,3.17072204e-06,9.17138436e-08,0.0289252233,0.0078125
4,213,1,8,3.17072204e-06,5.70027012e-08,0.01797783,0.0078125
4,213,1,9,3.17072204e-06,3.32051968e-08,0.0104724402,0.0078125
4,214,1,0,3.22632218e-06,2.08593019e-06,0.646534979,0.0078125
4,214,1,1,3.22632218e-06,1.54744339e-06,0.479630768,0.0078125
4,214,1,2,3.22632218e-06,1.18290222e-06,0.366641074,0.0078125
4,214,1,3,3.22632218e-06,7.65896459e-07,0.237389952,0.0078125
4,214,1,4,3.22632218e-06,4.75408967e-07,0.147353217,0.0078125
4,214,1,5,3.22632218e-06,3.04192525e-07,0.094284609,0.0078125
4,214,1,6,3.22632218e-06,1.65337411e-07,0.0512464046,0.0078125
4,214,1,7,3.22632218e-06,9.36283087e-08,0.0290201362,0.0078125
4,214,1,8,3.22632218e-06,5.71265737e-08,0.0177064072,0.0078125
4,214,1,9,3.22632218e-06,3.33305472e-08,0.0103308177,0.0078125
4,215,1,0,3.20990603e-06,1.99746592e-06,0.62228173,0.0078125
4,215,1,1,3.20990603e-06,1.48876154e-06,0.463802218,0.0078125
4,215,1,2,3.20990603e-06,1.1600581e-06,0.361399412,0.0078125
4,215,1,3,3.20990603e-06,7.66100072e-07,0.238667443,0.0078125
4,215,1,4,3.20990603e-06,4.79820244e-07,0.149481088,0.0078125
4,215,1,5,3.20990603e-06,3.09085436e-07,0.0962911174,0.0078125
4,215,1,6,3.20990603e-06,1.67396507e-07,0.0521499701,0.0078125
4,215,1,7,3.20990603e-06,9.46732328e-08,0.0294940826,0.0078125
4,215,1,8,3.20990603e-06,5.80342281e-08,0.0180797279,0.0078125
4,215,1,9,3.20990603e-06,3.34065078e-08,0.0104073165,0.0078125
4,216,1,0,3.29662771e-06,2.11816609e-06,0.642525136,0.0078125
4,216,1,1,3.29662771e-06,1.53588701e-06,0.465896398,0.0078125
4,216,1,2,3.29662771e-06,1.18280775e-06,0.358793259,0.0078125
4,216,1,3,3.29662771e-06,7.6583791e-07,0.23230949,0.0078125
4,216,1,4,3.29662771e-06,4.75923116e-07,0.144366652,0.0078125
4,216,1,5,3.29662771e-06,3.06869566e-07,0.0930858999,0.0078125
4,216,1,6,3.29662771e-06,1.66220801e-07,0.0504214652,0.0078125
4,216,1,7,3.29662771e-06,9.38848643e-08,0.028479062,0.0078125
4,216,1,8,3.29662771e-06,5.73526577e-08,0.0173973721,0.0078125
4,216,1,9,3.29662771e-06,3.3360962e-08,0.0101197241,0.0078125
4,217,1,0,3.20136701e-06,2.04715252e-06,0.639461994,0.0078125
4,217,1,1,3.20136701e-06,1.50939195e-06,0.471483558,0.0078125
4,217,1,2,3.20136701e-06,1.15418402e-06,0.360528499,0.0078125
4,217,1,3,3.20136701e-06,7.138662e-07,0.222987935,0.0078125
4,217,1,4,3.20136701e-06,4.21397914e-07,0.131630614,0.0078125
4,217,1,5,3.20136701e-06,2.30950207e-07,0.0721411183,0.0078125
4,217,1,6,3.20136701e-06,1.36114309e-07,0.0425175577,0.0078125
4,217,1,7,3.20136701e-06,9.0782116e-08,0.0283572972,0.0078125
4,217,1,8,3.20136701e-06,5.71235077e-08,0.0178434737,0.0078125
4,217,1,9,3.20136701e-06,3.42576065e-08,0.0107009308,0.0078125
4,218,1,0,3.3515696e-06,2.103827e-06,0.627713978,0.0078125
4,218,1,1,3.3515696e-06,1.54395821e-06,0.460667193,0.0078125
4,218,1,2,3.3515696e-06,1.15933494e-06,0.345908076,0.0078125
4,218,1,3,3.3515696e-06,7.08382061e-07,0.211358309,0.0078125
4,218,1,4,3.3515696e-06,4.24001257e-07,0.126508266,0.0078125
4,218,1,5,3.3515696e-06,2.53289812e-07,0.0755734891,0.0078125
4,218,1,6,3.3515696e-06,1.5990706e-07,0.0477110967,0.0078125
4,218,1,7,3.3515696e-06,9.48763912e-08,0.028308047,0.0078125
4,218,1,8,3.3515696e-06,5.75970098e-08,0.0171850845,0.0078125
4,218,1,9,3.3515696e-06,3.40012996e-08,0.0101448884,0.0078125
4,219,1,0,2.98872033e-06,2.02434126e-06,0.677327096,0.0078125
4,219,1,1,2.98872033e-06,1.51757172e-06,0.507766366,0.0078125
4,219,1,2,2.98872033e-06,1.22153097e-06,0.408713698,0.0078125
4,219,1,3,2.98872033e-06,8.39778465e-07,0.280982614,0.0078125
4,219,1,4,2.98872033e-06,5.0188936e-07,0.167927846,0.0078125
4,219,1,5,2.98872033e-06,3.15220859e-07,0.105470173,0.0078125
4,219,1,6,2.98872033e-06,1.70616644e-07,0.0570868552,0.0078125
4,219,1,7,2.98872033e-06,9.78183863e-08,0.0327291861,0.0078125
4,219,1,8,2.98872033e-06,6.03049344e-08,0.0201775096,0.0078125
4,219,1,9,2.98872033e-06,3.5528398e-08,0.0118874954,0.0078125
4,220,1,0,3.08992367e-06,2.06516802e-06,0.668355703,0.0078125
4,220,1,1,3.08992367e-06,1.52854693e-06,0.494687617,0.0078125
4,220,1,2,3.08992367e-06,1.17485286e-06,0.380220681,0.0078125
4,220,1,3,3.08992367e-06,7.73931276e-07,0.250469387,0.0078125
4,220,1,4,3.08992367e-06,4.92272704e-07,0.159315497,0.0078125
4,220,1,5,3.08992367e-06,3.13457434e-07,0.101445042,0.0078125
4,220,1,6,3.08992367e-06,1.69941217e-07,0.054998517,0.0078125
4,220,1,7,3.08992367e-06,9.91705633e-08,0.0320948251,0.0078125
4,220,1,8,3.08992367e-06,6.11321198e-08,0.0197843462,0.0078125
4,220,1,9,3.08992367e-06,3.634905e-08,0.0117637375,0.0078125
4,221,1,0,3.24539133e-06,2.14312422e-06,0.660359263,0.0078125
4,221,1,1,3.24539133e-06,1.55350028e-06,0.478678882,0.0078125
4,221,1,2,3.24539133e-06,1.20812797e-06,0.372259557,0.0078125
4,221,1,3,3.24539133e-06,8.19965862e-07,0.252655476,0.0078125
4,221,1,4,3.24539133e-06,4.99018086e-07,0.153762072,0.0078125
4,221,1,5,3.24539133e-06,3.14807266e-07,0.0970013291,0.0078125
4,221,1,6,3.24539133e-06,1.74586347e-07,0.0537951589,0.0078125
4,221,1,7,3.24539133e-06,1.00510107e-07,0.030970104,0.0078125
4,221,1,8,3.24539133e-06,6.23063912e-08,0.0191984214,0.0078125
4,221,1,9,3.24539133e-06,3.68841491e-08,0.0113650849,0.0078125
4,222,1,0,3.14075419e-06,2.11867723e-06,0.674575925,0.0078125
4,222,1,1,3.14075419e-06,1.58994214e-06,0.506229401,0.0078125
4,222,1,2,3.14075419e-06,1.20969355e-06,0.385160208,0.0078125
4,222,1,3,3.14075419e-06,7.39153108e-07,0.235342547,0.0078125
4,222,1,4,3.14075419e-06,4.58015165e-07,0.145829678,0.0078125
4,222,1,5,3.14075419e-06,3.00663828e-07,0.0957298204,0.0078125
4,222,1,6,3.14075419e-06,1.7718547e-07,0.0564149432,0.0078125
4,222,1,7,3.14075419e-06,1.02776397e-07,0.0327234752,0.0078125
4,222,1,8,3.14075419e-06,6.43605489e-08,0.0204920676,0.0078125
4,222,1,9,3.14075419e-06,3.75770348e-08,0.0119643351,0.0078125
4,223,1,0,3.2000662e-06,2.21778623e-06,0.693043888,0.0078125
4,223,1,1,3.2000662e-06,1.61161472e-06,0.503619194,0.0078125
4,223,1,2,3.2000662e-06,1.20929155e-06,0.377895802,0.0078125
4,223,1,3,3.2000662e-06,7.96996176e-07,0.249056146,0.0078125
4,223,1,4,3.2000662e-06,5.02745024e-07,0.157104567,0.0078125
4,223,1,5,3.2000662e-06,3.1478001e-07,0.098366715,0.0078125
4,223,1,6,3.2000662e-06,1.78107086e-07,0.0556573123,0.0078125
4,223,1,7,3.2000662e-06,1.02155589e-07,0.0319229625,0.0078125
4,223,1,8,3.2000662e-06,6.37983248e-08,0.0199365634,0.0078125
4,223,1,9,3.2000662e-06,3.72140185e-08,0.01162914,0.0078125
4,224,1,0,3.14650993e-06,2.19215076e-06,0.696692765,0.0078125
4,224,1,1,3.14650993e-06,1.60463196e-06,0.509971976,0.0078125
4,224,1,2,3.14650993e-06,1.17090769e-06,0.372129023,0.0078125
4,224,1,3,3.14650993e-06,7.12907934e-07,0.226571009,0.0078125
4,224,1,4,3.14650993e-06,4.27633267e-07,0.135907173,0.0078125
4,224,1,5,3.14650993e-06,2.47734391e-07,0.0787330717,0.0078125
4,224,1,6,3.14650993e-06,1.57993028e-07,0.0502121486,0.0078125
4,224,1,7,3.14650993e-06,9.67201501e-08,0.0307388678,0.0078125
4,224,1,8,3.14650993e-06,6.10896365e-08,0.019415047,0.0078125
4,224,1,9,3.14650993e-06,3.64157486e-08,0.011573378,0.0078125
4,225,1,0,3.08249196e-06,2.11199244e-06,0.685157478,0.0078125
4,225,1,1,3.08249196e-06,1.61303126e-06,0.523288071,0.0078125
4,225,1,2,3.08249196e-06,1.21766527e-06,0.395026267,0.0078125
4,225,1,3,3.08249196e-06,7.35596586e-07,0.238636985,0.0078125
4,225,1,4,3.08249196e-06,4.3584464e-07,0.141393602,0.0078125
4,225,1,5,3.08249196e-06,2.6432366e-07,0.0857499912,0.0078125
4,225,1,6,3.08249196e-06,1.67225977e-07,0.0542502552,0.0078125
4,225,1,7,3.08249196e-06,1.02918108e-07,0.0333879553,0.0078125
4,225,1,8,3.08249196e-06,6.33775485e-08,0.0205604918,0.0078125
4,225,1,9,3.08249196e-06,3.78357328e-08,0.0122743975,0.0078125
4,226,1,0,3.11408758e-06,2.08673691e-06,0.670095742,0.0078125
4,226,1,1,3.11408758e-06,1.57232546e-06,0.50490725,0.0078125
4,226,1,2,3.11408758e-06,1.18225773e-06,0.379648209,0.0078125
4,226,1,3,3.11408758e-06,7.53039444e-07,0.241817042,0.0078125
4,226,1,4,3.11408758e-06,4.85994349e-07,0.156063154,0.0078125
4,226,1,5,3.11408758e-06,3.11263307e-07,0.0999532938,0.0078125
4,226,1,6,3.11408758e-06,1.74104017e-07,0.055908516,0.0078125
4,226,1,7,3.11408758e-06,1.01611896e-07,0.0326297507,0.0078125
4,226,1,8,3.11408758e-06,6.25122638e-08,0.0200740229,0.0078125
4,226,1,9,3.11408758e-06,3.70395554e-08,0.0118941916,0.0078125
4,227,1,0,3.27062639e-06,2.24529504e-06,0.686503053,0.0078125
4,227,1,1,3.27062639e-06,1.71988586e-06,0.525858223,0.0078125
4,227,1,2,3.27062639e-06,1.25909764e-06,0.38497141,0.0078125
4,227,1,3,3.27062639e-06,7.70976612e-07,0.235727504,0.0078125
4,227,1,4,3.27062639e-06,4.65600152e-07,0.142358094,0.0078125
4,227,1,5,3.27062639e-06,2.94330988e-07,0.0899922401,0.0078125
4,227,1,6,3.27062639e-06,1.8202266e-07,0.0556537621,0.0078125
4,227,1,7,3.27062639e-06,1.0729697e-07,0.0328062437,0.0078125
4,227,1,8,3.27062639e-06,6.32831316e-08,0.0193489324,0.0078125
4,227,1,9,3.27062639e-06,3.7764746e-08,0.0115466397,0.0078125
4,228,1,0,3.31086221e-06,2.23184338e-06,0.674097359,0.0078125
4,228,1,1,3.31086221e-06,1.65834967e-06,0.500881493,0.0078125
4,228,1,2,3.31086221e-06,1.23056043e-06,0.371673703,0.0078125
4,228,1,3,3.31086221e-06,8.21460674e-07,0.248110801,0.0078125
4,228,1,4,3.31086221e-06,5.20833737e-07,0.157310605,0.0078125
4,228,1,5,3.31086221e-06,3.24894728e-07,0.098129943,0.0078125
4,228,1,6,3.31086221e-06,1.80492748e-07,0.054515332,0.0078125
4,228,1,7,3.31086221e-06,1.05292443e-07,0.0318021215,0.0078125
4,228,1,8,3.31086221e-06,6.33663575e-08,0.0191389285,0.0078125
4,228,1,9,3.31086221e-06,3.76215894e-08,0.0113630788,0.0078125
4,229,1,0,3.09942197e-06,2.10466806e-06,0.679051816,0.0078125
4,229,1,1,3.09942197e-06,1.62851541e-06,0.525425494,0.0078125
4,229,1,2,3.09942197e-06,1.23407494e-06,0.398162931,0.0078125
4,229,1,3,3.09942197e-06,8.33515571e-07,0.268926144,0.0078125
4,229,1,4,3.09942197e-06,5.32082254e-07,0.17167145,0.0078125
4,229,1,5,3.09942197e-06,3.26657101e-07,0.105392911,0.0078125
4,229,1,6,3.09942197e-06,1.83499949e-07,0.0592045709,0.0078125
4,229,1,7,3.09942197e-06,1.05772514e-07,0.0341265276,0.0078125
4,229,1,8,3.09942197e-06,6.42234639e-08,0.0207211096,0.0078125
4,229,1,9,3.09942197e-06,3.88286523e-08,0.012527708,0.0078125
4,230,1,0,3.22401979e-06,2.07864991e-06,0.644738555,0.0078125
4,230,1,1,3.22401979e-06,1.58081946e-06,0.4903256,0.0078125
4,230,1,2,3.22401979e-06,1.24258747e-06,0.385415584,0.0078125
4,230,1,3,3.22401979e-06,8.43975101e-07,0.261777282,0.0078125
4,230,1,4,3.22401979e-06,5.43268925e-07,0.168506697,0.0078125
4,230,1,5,3.22401979e-06,3.38890487e-07,0.105114274,0.0078125
4,230,1,6,3.22401979e-06,1.91855094e-07,0.0595080368,0.0078125
4,230,1,7,3.22401979e-06,1.1073876e-07,0.0343480408,0.0078125
4,230,1,8,3.22401979e-06,6.7286976e-08,0.0208705217,0.0078125
4,230,1,9,3.22401979e-06,4.04499687e-08,0.0125464397,0.0078125
4,231,1,0,3.33123694e-06,2.19228309e-06,0.658098817,0.0078125
4,231,1,1,3.33123694e-06,1.64399285e-06,0.49350822,0.0078125
4,231,1,2,3.33123694e-06,1.24427856e-06,0.373518497,0.0078125
4,231,1,3,3.33123694e-06,7.80118e-07,0.234182686,0.0078125
4,231,1,4,3.33123694e-06,4.6787855e-07,0.140451893,0.0078125
4,231,1,5,3.33123694e-06,2.62420258e-07,0.078775622,0.0078125
4,231,1,6,3.33123694e-06,1.66369048e-07,0.0499421246,0.0078125
4,231,1,7,3.33123694e-06,1.07127825e-07,0.0321585722,0.0078125
4,231,1,8,3.33123694e-06,6.78902197e-08,0.0203798823,0.0078125
4,231,1,9,3.33123694e-06,4.09346299e-08,0.0122881168,0.0078125
4,232,1,0,3.28488477e-06,2.19162735e-06,0.667185485,0.0078125
4,232,1,1,3.28488477e-06,1.66469374e-06,0.506773889,0.0078125
4,232,1,2,3.28488477e-06,1.25663462e-06,0.382550597,0.0078125
4,232,1,3,3.28488477e-06,8.63025662e-07,0.262726307,0.0078125
4,232,1,4,3.28488477e-06,5.52307938e-07,0.168136165,0.0078125
4,232,1,5,3.28488477e-06,3.30050284e-07,0.100475453,0.0078125
4,232,1,6,3.28488477e-06,1.90486787e-07,0.0579888783,0.0078125
4,232,1,7,3.28488477e-06,1.10937741e-07,0.0337721854,0.0078125
4,232,1,8,3.28488477e-06,6.85636152e-08,0.020872457,0.0078125
4,232,1,9,3.28488477e-06,4.17986286e-08,0.0127245346,0.0078125
4,233,1,0,3.2877972e-06,2.19741196e-06,0.668353856,0.0078125
4,233,1,1,3.2877972e-06,1.61139985e-06,0.490115345,0.0078125
4,233,1,2,3.2877972e-06,1.23675864e-06,0.376166344,0.0078125
4,233,1,3,3.2877972e-06,8.49618004e-07,0.25841558,0.0078125
4,233,1,4,3.2877972e-06,5.53130917e-07,0.168237537,0.0078125
4,233,1,5,3.2877972e-06,3.35591977e-07,0.102071986,0.0078125
4,233,1,6,3.2877972e-06,1.94457257e-07,0.0591451488,0.0078125
4,233,1,7,3.2877972e-06,1.128479e-07,0.0343232527,0.0078125
4,233,1,8,3.2877972e-06,6.89918025e-08,0.0209842026,0.0078125
4,233,1,9,3.2877972e-06,4.13176444e-08,0.0125669688,0.0078125
4,234,1,0,3.29042768e-06,2.13615499e-06,0.649202824,0.0078125
4,234,1,1,3.29042768e-06,1.60284424e-06,0.48712337,0.0078125
4,234,1,2,3.29042768e-06,1.22389429e-06,0.371955991,0.0078125
4,234,1,3,3.29042768e-06,8.00205271e-07,0.243191868,0.0078125
4,234,1,4,3.29042768e-06,5.13388329e-07,0.156024799,0.0078125
4,234,1,5,3.29042768e-06,3.28607001e-07,0.0998675674,0.0078125
4,234,1,6,3.29042768e-06,1.92305123e-07,0.0584438071,0.0078125
4,234,1,7,3.29042768e-06,1.12081572e-07,0.0340629183,0.0078125
4,234,1,8,3.29042768e-06,6.78601282e-08,0.0206234977,0.0078125
4,234,1,9,3.29042768e-06,4.12667021e-08,0.0125414403,0.0078125
4,235,1,0,3.22657161e-06,2.09040036e-06,0.647870421,0.0078125
4,235,1,1,3.22657161e-06,1.594639e-06,0.494220853,0.0078125
4,235,1,2,3.22657161e-06,1.26184148e-06,0.391078085,0.0078125
4,235,1,3,3.22657161e-06,8.70723284e-07,0.269860208,0.0078125
4,235,1,4,3.22657161e-06,5.61092293e-07,0.173897356,0.0078125
4,235,1,5,3.22657161e-06,3.38112358e-07,0.104789972,0.0078125
4,235,1,6,3.22657161e-06,1.94480549e-07,0.0602746718,0.0078125
4,235,1,7,3.22657161e-06,1.11307884e-07,0.034497261,0.0078125
4,235,1,8,3.22657161e-06,6.7867532e-08,0.0210339464,0.0078125
4,235,1,9,3.22657161e-06,4.03864249e-08,0.0125168227,0.0078125
4,236,1,0,3.36079484e-06,2.1299893e-06,0.633775473,0.0078125
4,236,1,1,3.36079484e-06,1.5836348e-06,0.471208423,0.0078125
4,236,1,2,3.36079484e-06,1.23342295e-06,0.367003351,0.0078125
4,236,1,3,3.36079484e-06,8.80786331e-07,0.262076795,0.0078125
4,236,1,4,3.36079484e-06,5.61704042e-07,0.167134285,0.0078125
4,236,1,5,3.36079484e-06,3.31560926e-07,0.098655507,0.0078125
4,236,1,6,3.36079484e-06,1.91635138e-07,0.0570207797,0.0078125
4,236,1,7,3.36079484e-06,1.07366219e-07,0.031946674,0.0078125
4,236,1,8,3.36079484e-06,6.64957511e-08,0.0197857209,0.0078125
4,236,1,9,3.36079484e-06,3.97239468e-08,0.0118198069,0.0078125
4,237,1,0,3.07297682e-06,1.98913949e-06,0.647300541,0.0078125
4,237,1,1,3.07297682e-06,1.52665564e-06,0.496800244,0.0078125
4,237,1,2,3.07297682e-06,1.17504885e-06,0.38238129,0.0078125
4,237,1,3,3.07297682e-06,7.66924018e-07,0.249570385,0.0078125
4,237,1,4,3.07297682e-06,4.71761211e-07,0.153519288,0.0078125
4,237,1,5,3.07297682e-06,2.93826503e-07,0.0956162438,0.0078125
4,237,1,6,3.07297682e-06,1.9045585e-07,0.0619776398,0.0078125
4,237,1,7,3.07297682e-06,1.08287239e-07,0.0352385454,0.0078125
4,237,1,8,3.07297682e-06,6.7178739e-08,0.0218611285,0.0078125
4,237,1,9,3.07297682e-06,4.01175519e-08,0.0130549474,0.0078125
4,238,1,0,3.17290551e-06,2.12027749e-06,0.668244779,0.0078125
4,238,1,1,3.17290551e-06,1.58999649e-06,0.501116872,0.0078125
4,238,1,2,3.17290551e-06,1.23878385e-06,0.390425712,0.0078125
4,238,1,3,3.17290551e-06,8.73039198e-07,0.275154501,0.0078125
4,238,1,4,3.17290551e-06,5.53181962e-07,0.174345553,0.0078125
4,238,1,5,3.17290551e-06,3.29204624e-07,0.103754938,0.0078125
4,238,1,6,3.17290551e-06,1.90934657e-07,0.060176596,0.0078125
4,238,1,7,3.17290551e-06,1.09480879e-07,0.0345049277,0.0078125
4,238,1,8,3.17290551e-06,6.83793928e-08,0.0215510335,0.0078125
4,238,1,9,3.17290551e-06,4.11519281e-08,0.0129697928,0.0078125
4,239,1,0,3.35917798e-06,2.27800683e-06,0.678144157,0.0078125
4,239,1,1,3.35917798e-06,1.66683878e-06,0.496204376,0.0078125
4,239,1,2,3.35917798e-06,1.26498946e-06,0.376577079,0.0078125
4,239,1,3,3.35917798e-06,8.66221626e-07,0.257867128,0.0078125
4,239,1,4,3.35917798e-06,5.52126721e-07,0.164363638,0.0078125
4,239,1,5,3.35917798e-06,3.2459846e-07,0.0966303274,0.0078125
4,239,1,6,3.35917798e-06,1.87339694e-07,0.0557695068,0.0078125
4,239,1,7,3.35917798e-06,1.06441519e-07,0.0316867754,0.0078125
4,239,1,8,3.35917798e-06,6.58513315e-08,0.019603407,0.0078125
4,239,1,9,3.35917798e-06,3.94542532e-08,0.0117452107,0.0078125
4,240,1,0,3.31573983e-06,2.20687275e-06,0.665574789,0.0078125
4,240,1,1,3.31573983e-06,1.60664274e-06,0.484550297,0.0078125
4,240,1,2,3.31573983e-06,1.21744131e-06,0.367170334,0.0078125
4,240,1,3,3.31573983e-06,8.34603782e-07,0.25170967,0.0078125
4,240,1,4,3.31573983e-06,5.38290237e-07,0.162343934,0.0078125
4,240,1,5,3.31573983e-06,3.21718318e-07,0.0970276147,0.0078125
4,240,1,6,3.31573983e-06,1.84640101e-07,0.0556859449,0.0078125
4,240,1,7,3.31573983e-06,1.04759927e-07,0.0315947384,0.0078125
4,240,1,8,3.31573983e-06,6.54958754e-08,0.0197530203,0.0078125
4,240,1,9,3.31573983e-06,3.93871034e-08,0.0118788285,0.0078125
4,241,1,0,3.3289848e-06,2.08285428e-06,0.625672519,0.0078125
4,241,1,1,3.3289848e-06,1.54951636e-06,0.465462118,0.0078125
4,241,1,2,3.3289848e-06,1.22301026e-06,0.367382348,0.0078125
4,241,1,3,3.3289848e-06,8.52931691e-07,0.256213754,0.0078125
4,241,1,4,3.3289848e-06,5.5359061e-07,0.166294128,0.0078125
4,241,1,5,3.3289848e-06,3.30825173e-07,0.0993771926,0.0078125
4,241,1,6,3.3289848e-06,1.87591141e-07,0.056350857,0.0078125
4,241,1,7,3.3289848e-06,1.05868494e-07,0.0318020359,0.0078125
4,241,1,8,3.3289848e-06,6.51436949e-08,0.019568637,0.0078125
4,241,1,9,3.3289848e-06,3.92668511e-08,0.0117954435,0.0078125
4,242,1,0,3.45872627e-06,2.15957471e-06,0.624384403,0.0078125
4,242,1,1,3.45872627e-06,1.59058311e-06,0.459875405,0.0078125
4,242,1,2,3.45872627e-06,1.21064852e-06,0.350027263,0.0078125
4,242,1,3,3.45872627e-06,8.06950595e-07,0.233308598,0.0078125
4,242,1,4,3.45872627e-06,5.3286675e-07,0.154064447,0.0078125
4,242,1,5,3.45872627e-06,3.3034766e-07,0.095511362,0.0078125
4,242,1,6,3.45872627e-06,1.85014102e-07,0.0534919761,0.0078125
4,242,1,7,3.45872627e-06,1.07116492e-07,0.0309699252,0.0078125
4,242,1,8,3.45872627e-06,6.58161952e-08,0.0190290269,0.0078125
4,242,1,9,3.45872627e-06,3.99326048e-08,0.0115454653,0.0078125
4,243,1,0,3.35176469e-06,2.07949392e-06,0.620417655,0.0078125
4,243,1,1,3.35176469e-06,1.52727796e-06,0.45566383,0.0078125
4,243,1,2,3.35176469e-06,1.26204611e-06,0.376531839,0.0078125
4,243,1,3,3.35176469e-06,8.96328459e-07,0.267419875,0.0078125
4,243,1,4,3.35176469e-06,5.6710104e-07,0.169194758,0.0078125
4,243,1,5,3.35176469e-06,3.37275026e-07,0.100626104,0.0078125
4,243,1,6,3.35176469e-06,1.89126567e-07,0.0564259663,0.0078125
4,243,1,7,3.35176469e-06,1.0724397e-07,0.0319962725,0.0078125
4,243,1,8,3.35176469e-06,6.60241071e-08,0.0196983125,0.0078125
4,243,1,9,3.35176469e-06,3.88797652e-08,0.0115997894,0.0078125
4,244,1,0,3.50576079e-06,2.15003411e-06,0.613286018,0.0078125
4,244,1,1,3.50576079e-06,1.6186774e-06,0.461719304,0.0078125
4,244,1,2,3.50576079e-06,1.24756309e-06,0.355860859,0.0078125
4,244,1,3,3.50576079e-06,8.3879354e-07,0.239261493,0.0078125
4,244,1,4,3.50576079e-06,5.52616825e-07,0.157631069,0.0078125
4,244,1,5,3.50576079e-06,3.34700019e-07,0.0954714343,0.0078125
4,244,1,6,3.50576079e-06,1.8830265e-07,0.0537123494,0.0078125
4,244,1,7,3.50576079e-06,1.08044439e-07,0.0308191143,0.0078125
4,244,1,8,3.50576079e-06,6.5575712e-08,0.0187051296,0.0078125
4,244,1,9,3.50576079e-06,3.88112191e-08,0.0110706985,0.0078125
4,245,1,0,3.50586242e-06,2.18943683e-06,0.624507368,0.0078125
4,245,1,1,3.50586242e-06,1.6244453e-06,0.46335113,0.0078125
4,245,1,2,3.50586242e-06,1.27386193e-06,0.363351941,0.0078125
4,245,1,3,3.50586242e-06,8.79689594e-07,0.25091961,0.0078125
4,245,1,4,3.50586242e-06,5.65929668e-07,0.161423802,0.0078125
4,245,1,5,3.50586242e-06,3.35536242e-07,0.095707193,0.0078125
4,245,1,6,3.50586242e-06,1.89522211e-07,0.0540586561,0.0078125
4,245,1,7,3.50586242e-06,1.10081707e-07,0.0313993245,0.0078125
4,245,1,8,3.50586242e-06,6.73435565e-08,0.019208841,0.0078125
4,245,1,9,3.50586242e-06,3.97133064e-08,0.0113276858,0.0078125
4,246,1,0,3.50841628e-06,2.22816607e-06,0.635091722,0.0078125
4,246,1,1,3.50841628e-06,1.664038e-06,0.474298894,0.0078125
4,246,1,2,3.50841628e-06,1.33559047e-06,0.380681872,0.0078125
4,246,1,3,3.50841628e-06,9.19572813e-07,0.262104809,0.0078125
4,246,1,4,3.50841628e-06,5.70353848e-07,0.162567317,0.0078125
4,246,1,5,3.50841628e-06,3.30201317e-07,0.0941169113,0.0078125
4,246,1,6,3.50841628e-06,1.86448233e-07,0.0531431325,0.0078125
4,246,1,7,3.50841628e-06,1.0727603e-07,0.0305767674,0.0078125
4,246,1,8,3.50841628e-06,6.48166747e-08,0.0184746254,0.0078125
4,246,1,9,3.50841628e-06,3.81555303e-08,0.0108754281,0.0078125
4,247,1,0,3.21617972e-06,2.06980394e-06,0.643559813,0.0078125
4,247,1,1,3.21617972e-06,1.55240332e-06,0.482685506,0.0078125
4,247,1,2,3.21617972e-06,1.22289737e-06,0.3802329,0.0078125
4,247,1,3,3.21617972e-06,8.3831992e-07,0.260657042,0.0078125
4,247,1,4,3.21617972e-06,5.47160596e-07,0.170127496,0.0078125
4,247,1,5,3.21617972e-06,3.21723292e-07,0.100032747,0.0078125
4,247,1,6,3.21617972e-06,1.82854464e-07,0.0568545535,0.0078125
4,247,1,7,3.21617972e-06,1.06405636e-07,0.033084482,0.0078125
4,247,1,8,3.21617972e-06,6.54085923e-08,0.0203373563,0.0078125
4,247,1,9,3.21617972e-06,3.87166388e-08,0.0120380828,0.0078125
4,248,1,0,3.51489484e-06,2.14824149e-06,0.611182272,0.0078125
4,248,1,1,3.51489484e-06,1.57392117e-06,0.447786123,0.0078125
4,248,1,2,3.51489484e-06,1.2083168e-06,0.343770385,0.0078125
4,248,1,3,3.51489484e-06,8.15132694e-07,0.231908128,0.0078125
4,248,1,4,3.51489484e-06,5.29285501e-07,0.150583595,0.0078125
4,248,1,5,3.51489484e-06,3.19355905e-07,0.0908578858,0.0078125
4,248,1,6,3.51489484e-06,1.82015157e-07,0.0517839566,0.0078125
4,248,1,7,3.51489484e-06,1.07183915e-07,0.0304942019,0.0078125
4,248,1,8,3.51489484e-06,6.69106726e-08,0.0190363228,0.0078125
4,248,1,9,3.51489484e-06,3.94467179e-08,0.0112227304,0.0078125
4,249,1,0,3.41830173e-06,2.0546986e-06,0.60108757,0.0078125
4,249,1,1,3.41830173e-06,1.491273e-06,0.436261356,0.0078125
4,249,1,2,3.41830173e-06,1.17792149e-06,0.344592601,0.0078125
4,249,1,3,3.41830173e-06,8.31570105e-07,0.24326995,0.0078125
4,249,1,4,3.41830173e-06,5.4029141e-07,0.158058435,0.0078125
4,249,1,5,3.41830173e-06,3.20234705e-07,0.0936824009,0.0078125
4,249,1,6,3.41830173e-06,1.78799283e-07,0.0523064658,0.0078125
4,249,1,7,3.41830173e-06,1.0590162e-07,0.0309807695,0.0078125
4,249,1,8,3.41830173e-06,6.66253328e-08,0.0194907691,0.0078125
4,249,1,9,3.41830173e-06,3.90815842e-08,0.0114330407,0.0078125
4,250,1,0,3.38440532e-06,2.02889964e-06,0.599484801,0.0078125
4,250,1,1,3.38440532e-06,1.49177981e-06,0.440780491,0.0078125
4,250,1,2,3.38440532e-06,1.19343235e-06,0.35262689,0.0078125
4,250,1,3,3.38440532e-06,8.60480668e-07,0.254248708,0.0078125
4,250,1,4,3.38440532e-06,5.56535213e-07,0.164441064,0.0078125
4,250,1,5,3.38440532e-06,3.19942501e-07,0.0945343301,0.0078125
4,250,1,6,3.38440532e-06,1.75845244e-07,0.051957503,0.0078125
4,250,1,7,3.38440532e-06,1.04315305e-07,0.0308223441,0.0078125
4,250,1,8,3.38440532e-06,6.62784316e-08,0.0195834786,0.0078125
4,250,1,9,3.38440532e-06,3.9010942e-08,0.0115266759,0.0078125
4,251,1,0,3.49912875e-06,2.06279879e-06,0.589517832,0.0078125
4,251,1,1,3.49912875e-06,1.51316544e-06,0.432440639,0.0078125
4,251,1,2,3.49912875e-06,1.18636501e-06,0.339045823,0.0078125
4,251,1,3,3.49912875e-06,8.19288232e-07,0.234140635,0.0078125
4,251,1,4,3.49912875e-06,5.3508478e-07,0.152919427,0.0078125
4,251,1,5,3.49912875e-06,3.09794643e-07,0.0885347947,0.0078125
4,251,1,6,3.49912875e-06,1.74695657e-07,0.0499254726,0.0078125
4,251,1,7,3.49912875e-06,1.02852653e-07,0.0293937884,0.0078125
4,251,1,8,3.49912875e-06,6.47458407e-08,0.0185034182,0.0078125
4,251,1,9,3.49912875e-06,3.79197544e-08,0.0108369133,0.0078125
4,252,1,0,3.45829881e-06,2.1460794e-06,0.620559275,0.0078125
4,252,1,1,3.45829881e-06,1.59078161e-06,0.459989637,0.0078125
4,252,1,2,3.45829881e-06,1.272963e-06,0.368089348,0.0078125
4,252,1,3,3.45829881e-06,9.04733554e-07,0.261612326,0.0078125
4,252,1,4,3.45829881e-06,5.71323483e-07,0.165203616,0.0078125
4,252,1,5,3.45829881e-06,3.14087799e-07,0.0908214748,0.0078125
4,252,1,6,3.45829881e-06,1.76585516e-07,0.0510613807,0.0078125
4,252,1,7,3.45829881e-06,1.03526894e-07,0.0299357865,0.0078125
4,252,1,8,3.45829881e-06,6.4800048e-08,0.0187375508,0.0078125
4,252,1,9,3.45829881e-06,3.78301621e-08,0.0109389508,0.0078125
4,253,1,0,3.33223056e-06,2.14045463e-06,0.642348886,0.0078125
4,253,1,1,3.33223056e-06,1.58507635e-06,0.475680262,0.0078125
4,253,1,2,3.33223056e-06,1.2561278e-06,0.376963049,0.0078125
4,253,1,3,3.33223056e-06,9.05164256e-07,0.271639138,0.0078125
4,253,1,4,3.33223056e-06,5.67960456e-07,0.170444518,0.0078125
4,253,1,5,3.33223056e-06,3.05947822e-07,0.0918147191,0.0078125
4,253,1,6,3.33223056e-06,1.72616964e-07,0.0518022254,0.0078125
4,253,1,7,3.33223056e-06,1.03577356e-07,0.0310834907,0.0078125
4,253,1,8,3.33223056e-06,6.51627872e-08,0.0195553061,0.0078125
4,253,1,9,3.33223056e-06,3.71544644e-08,0.0111500286,0.0078125
4,254,1,0,3.2050541e-06,2.09715427e-06,0.654327273,0.0078125
4,254,1,1,3.2050541e-06,1.6461006e-06,0.513595283,0.0078125
4,254,1,2,3.2050541e-06,1.29055263e-06,0.402661741,0.0078125
4,254,1,3,3.2050541e-06,8.71694454e-07,0.271974951,0.0078125
4,254,1,4,3.2050541e-06,5.56762245e-07,0.173713833,0.0078125
4,254,1,5,3.2050541e-06,3.15149094e-07,0.0983287916,0.0078125
4,254,1,6,3.2050541e-06,1.74625313e-07,0.0544843562,0.0078125
4,254,1,7,3.2050541e-06,1.04583997e-07,0.0326309614,0.0078125
4,254,1,8,3.2050541e-06,6.71653666e-08,0.0209560785,0.0078125
4,254,1,9,3.2050541e-06,3.8009567e-08,0.0118592596,0.0078125
4,255,1,0,3.18400362e-06,2.19764866e-06,0.690215528,0.0078125
4,255,1,1,3.18400362e-06,1.69222437e-06,0.531476915,0.0078125
4,255,1,2,3.18400362e-06,1.31166564e-06,0.41195482,0.0078125
4,255,1,3,3.18400362e-06,9.08804964e-07,0.285428375,0.0078125
4,255,1,4,3.18400362e-06,5.71781527e-07,0.179579422,0.0078125
4,255,1,5,3.18400362e-06,3.12316502e-07,0.0980892405,0.0078125
4,255,1,6,3.18400362e-06,1.75467235e-07,0.0551089942,0.0078125
4,255,1,7,3.18400362e-06,1.03683227e-07,0.0325637907,0.0078125
4,255,1,8,3.18400362e-06,6.63218529e-08,0.0208297037,0.0078125
4,255,1,9,3.18400362e-06,3.82017689e-08,0.0119980294,0.0078125
5,0,1,0,3.1286213e-06,2.13337307e-06,0.681889176,0.0078125
5,0,1,1,3.1286213e-06,1.65662141e-06,0.529505253,0.0078125
5,0,1,2,3.1286213e-06,1.28664283e-06,0.411249131,0.0078125
5,0,1,3,3.1286213e-06,8.60288708e-07,0.27497375,0.0078125
5,0,1,4,3.1286213e-06,5.46196588e-07,0.174580604,0.0078125
5,0,1,5,3.1286213e-06,3.07692858e-07,0.0983477458,0.0078125
5,0,1,6,3.1286213e-06,1.75114508e-07,0.0559717827,0.0078125
5,0,1,7,3.1286213e-06,1.04207935e-07,0.0333079398,0.0078125
5,0,1,8,3.1286213e-06,6.63847857e-08,0.0212185439,0.0078125
5,0,1,9,3.1286213e-06,3.79313114e-08,0.0121239703,0.0078125
5,1,1,0,3.13993587e-06,2.03783679e-06,0.64900589,0.0078125
5,1,1,1,3.13993587e-06,1.613211e-06,0.513771951,0.0078125
5,1,1,2,3.13993587e-06,1.24137682e-06,0.395351022,0.0078125
5,1,1,3,3.13993587e-06,8.08480479e-07,0.257483125,0.0078125
5,1,1,4,3.13993587e-06,4.99060718e-07,0.158939779,0.0078125
5,1,1,5,3.13993587e-06,3.04968523e-07,0.0971257165,0.0078125
5,1,1,6,3.13993587e-06,1.73254662e-07,0.0551777706,0.0078125
5,1,1,7,3.13993587e-06,1.056804e-07,0.0336568654,0.0078125
5,1,1,8,3.13993587e-06,6.63256543e-08,0.0211232509,0.0078125
5,1,1,9,3.13993587e-06,3.83351768e-08,0.0122089041,0.0078125
5,2,1,0,3.11613235e-06,2.16125022e-06,0.69356817,0.0078125
5,2,1,1,3.11613235e-06,1.70004671e-06,0.545563042,0.0078125
5,2,1,2,3.11613235e-06,1.28427484e-06,0.412137449,0.0078125
5,2,1,3,3.11613235e-06,7.92822561e-07,0.254425198,0.0078125
5,2,1,4,3.11613235e-06,4.29957026e-07,0.137977779,0.0078125
5,2,1,5,3.11613235e-06,2.5071256e-07,0.0804563239,0.0078125
5,2,1,6,3.11613235e-06,1.65353413e-07,0.0530636683,0.0078125
5,2,1,7,3.11613235e-06,1.04282563e-07,0.0334653817,0.0078125
5,2,1,8,3.11613235e-06,6.59012969e-08,0.0211484265,0.0078125
5,2,1,9,3.11613235e-06,3.75370952e-08,0.0120460531,0.0078125
5,3,1,0,2.92340565e-06,2.17026673e-06,0.742376208,0.0078125
5,3,1,1,2.92340565e-06,1.78801815e-06,0.611621618,0.0078125
5,3,1,2,2.92340565e-06,1.2932129e-06,0.442365199,0.0078125
5,3,1,3,2.92340565e-06,7.94723405e-07,0.2718485,0.0078125
5,3,1,4,2.92340565e-06,4.59559942e-07,0.157200202,0.0078125
5,3,1,5,2.92340565e-06,2.87626364e-07,0.0983874276,0.0078125
5,3,1,6,2.92340565e-06,1.69828112e-07,0.0580925569,0.0078125
5,3,1,7,2.92340565e-06,1.0510481e-07,0.0359528661,0.0078125
5,3,1,8,2.92340565e-06,6.57387105e-08,0.0224870294,0.0078125
5,3,1,9,2.92340565e-06,3.73578608e-08,0.0127788838,0.0078125
5,4,1,0,3.10385985e-06,2.21355685e-06,0.713162601,0.0078125
5,4,1,1,3.10385985e-06,1.77334675e-06,0.571335971,0.0078125
5,4,1,2,3.10385985e-06,1.284674e-06,0.413895607,0.0078125
5,4,1,3,3.10385985e-06,8.26664859e-07,0.266334474,0.0078125
5,4,1,4,3.10385985e-06,5.13405951e-07,0.165408865,0.0078125
5,4,1,5,3.10385985e-06,3.02866965e-07,0.0975775272,0.0078125
5,4,1,6,3.10385985e-06,1.73341562e-07,0.0558470972,0.0078125
5,4,1,7,3.10385985e-06,1.07249726e-07,0.0345536619,0.0078125
5,4,1,8,3.10385985e-06,6.76502765e-08,0.0217955317,0.0078125
5,4,1,9,3.10385985e-06,3.90691746e-08,0.0125872865,0.0078125
5,5,1,0,3.21100288e-06,2.34285562e-06,0.729633629,0.0078125
5,5,1,1,3.21100288e-06,1.85918248e-06,0.579003692,0.0078125
5,5,1,2,3.21100288e-06,1.31226579e-06,0.408677876,0.0078125
5,5,1,3,3.21100288e-06,7.93398556e-07,0.247087464,0.0078125
5,5,1,4,3.21100288e-06,4.33563912e-07,0.135024458,0.0078125
5,5,1,5,3.21100288e-06,2.6452247e-07,0.0823800191,0.0078125
5,5,1,6,3.21100288e-06,1.70970807e-07,0.0532452986,0.0078125
5,5,1,7,3.21100288e-06,1.06270193e-07,0.0330956392,0.0078125
5,5,1,8,3.21100288e-06,6.71014959e-08,0.0208973642,0.0078125
5,5,1,9,3.21100288e-06,3.83423568e-08,0.0119409291,0.0078125
5,6,1,0,3.22762025e-06,2.39932956e-06,0.743374169,0.0078125
5,6,1,1,3.22762025e-06,1.82313545e-06,0.564854383,0.0078125
5,6,1,2,3.22762025e-06,1.25372912e-06,0.388437629,0.0078125
5,6,1,3,3.22762025e-06,7.80088158e-07,0.241691425,0.0078125
5,6,1,4,3.22762025e-06,4.43422294e-07,0.13738367,0.0078125
5,6,1,5,3.22762025e-06,2.81752705e-07,0.0872942582,0.0078125
5,6,1,6,3.22762025e-06,1.74427058e-07,0.0540420003,0.0078125
5,6,1,7,3.22762025e-06,1.05569818e-07,0.0327082537,0.0078125
5,6,1,8,3.22762025e-06,6.63512267e-08,0.0205573216,0.0078125
5,6,1,9,3.22762025e-06,3.81651653e-08,0.0118245529,0.0078125
5,7,1,0,3.22864753e-06,2.35982816e-06,0.73090297,0.0078125
5,7,1,1,3.22864753e-06,1.83769214e-06,0.56918329,0.0078125
5,7,1,2,3.22864753e-06,1.29966963e-06,0.402543068,0.0078125
5,7,1,3,3.22864753e-06,8.02164493e-07,0.248452172,0.0078125
5,7,1,4,3.22864753e-06,5.03848071e-07,0.156055465,0.0078125
5,7,1,5,3.22864753e-06,3.01485102e-07,0.0933781415,0.0078125
5,7,1,6,3.22864753e-06,1.73857686e-07,0.0538484566,0.0078125
5,7,1,7,3.22864753e-06,1.06082723e-07,0.0328567065,0.0078125
5,7,1,8,3.22864753e-06,6.5319071e-08,0.0202310942,0.0078125
5,7,1,9,3.22864753e-06,3.76875846e-08,0.0116728703,0.0078125
5,8,1,0,3.14062254e-06,2.40122858e-06,0.764570892,0.0078125
5,8,1,1,3.14062254e-06,1.87259207e-06,0.596248686,0.0078125
5,8,1,2,3.14062254e-06,1.26514885e-06,0.40283379,0.0078125
5,8,1,3,3.14062254e-06,7.77097682e-07,0.247434288,0.0078125
5,8,1,4,3.14062254e-06,4.46965885e-07,0.142317608,0.0078125
5,8,1,5,3.14062254e-06,2.79070377e-07,0.088858299,0.0078125
5,8,1,6,3.14062254e-06,1.77590564e-07,0.0565462932,0.0078125
5,8,1,7,3.14062254e-06,1.10317281e-07,0.0351259261,0.0078125
5,8,1,8,3.14062254e-06,6.85546979e-08,0.0218283795,0.0078125
5,8,1,9,3.14062254e-06,3.97433446e-08,0.0126546072,0.0078125
5,9,1,0,3.17343279e-06,2.35033121e-06,0.740627408,0.0078125
5,9,1,1,3.17343279e-06,1.86643535e-06,0.588143945,0.0078125
5,9,1,2,3.17343279e-06,1.29099101e-06,0.406812161,0.0078125
5,9,1,3,3.17343279e-06,8.23087873e-07,0.2593683,0.0078125
5,9,1,4,3.17343279e-06,5.31398769e-07,0.16745235,0.0078125
5,9,1,5,3.17343279e-06,3.14230306e-07,0.0990190506,0.0078125
5,9,1,6,3.17343279e-06,1.82447408e-07,0.0574921295,0.0078125
5,9,1,7,3.17343279e-06,1.09411921e-07,0.0344774649,0.0078125
5,9,1,8,3.17343279e-06,6.70262708e-08,0.0211210623,0.0078125
5,9,1,9,3.17343279e-06,3.88046679e-08,0.0122279786,0.0078125
5,10,1,0,3.10690575e-06,2.28950285e-06,0.736907721,0.0078125
5,10,1,1,3.10690575e-06,1.77633854e-06,0.57173878,0.0078125
5,10,1,2,3.10690575e-06,1.24575934e-06,0.400964648,0.0078125
5,10,1,3,3.10690575e-06,8.09022026e-07,0.260394782,0.0078125
5,10,1,4,3.10690575e-06,5.21727259e-07,0.16792503,0.0078125
5,10,1,5,3.10690575e-06,3.12377409e-07,0.100542933,0.0078125
5,10,1,6,3.10690575e-06,1.83396793e-07,0.0590287596,0.0078125
5,10,1,7,3.10690575e-06,1.10830086e-07,0.0356721766,0.0078125
5,10,1,8,3.10690575e-06,6.83347636e-08,0.0219944753,0.0078125
5,10,1,9,3.10690575e-06,3.89568413e-08,0.0125387907,0.0078125
5,11,1,0,3.20088543e-06,2.38860594e-06,0.746232867,0.0078125
5,11,1,1,3.20088543e-06,1.85855242e-06,0.580636978,0.0078125
5,11,1,2,3.20088543e-06,1.3177787e-06,0.411691934,0.0078125
5,11,1,3,3.20088543e-06,8.64989886e-07,0.270234555,0.0078125
5,11,1,4,3.20088543e-06,5.51623828e-07,0.17233476,0.0078125
5,11,1,5,3.20088543e-06,3.16052848e-07,0.0987391919,0.0078125
5,11,1,6,3.20088543e-06,1.86602591e-07,0.0582971796,0.0078125
5,11,1,7,3.20088543e-06,1.14683985e-07,0.0358288325,0.0078125
5,11,1,8,3.20088543e-06,7.06266476e-08,0.0220647231,0.0078125
5,11,1,9,3.20088543e-06,4.01798772e-08,0.0125527382,0.0078125
5,12,1,0,2.94787492e-06,2.23159327e-06,0.757017612,0.0078125
5,12,1,1,2.94787492e-06,1.71294664e-06,0.58107847,0.0078125
5,12,1,2,2.94787492e-06,1.27486635e-06,0.432469606,0.0078125
5,12,1,3,2.94787492e-06,8.82996517e-07,0.299536616,0.0078125
5,12,1,4,2.94787492e-06,5.54330995e-07,0.18804428,0.0078125
5,12,1,5,2.94787492e-06,3.14674566e-07,0.106746241,0.0078125
5,12,1,6,2.94787492e-06,1.84112224e-07,0.0624559149,0.0078125
5,12,1,7,2.94787492e-06,1.09425734e-07,0.0371202081,0.0078125
5,12,1,8,2.94787492e-06,6.70689317e-08,0.02275162,0.0078125
5,12,1,9,2.94787492e-06,3.91548411e-08,0.0132823959,0.0078125
5,13,1,0,3.01944738e-06,2.14232773e-06,0.70950985,0.0078125
5,13,1,1,3.01944738e-06,1.66375685e-06,0.551013708,0.0078125
5,13,1,2,3.01944738e-06,1.23459199e-06,0.408880115,0.0078125
5,13,1,3,3.01944738e-06,8.12406938e-07,0.269058168,0.0078125
5,13,1,4,3.01944738e-06,4.8538169e-07,0.160751835,0.0078125
5,13,1,5,3.01944738e-06,3.18000275e-07,0.105317377,0.0078125
5,13,1,6,3.01944738e-06,1.93975509e-07,0.0642420575,0.0078125
5,13,1,7,3.01944738e-06,1.14269135e-07,0.037844386,0.0078125
5,13,1,8,3.01944738e-06,7.04189134e-08,0.0233217888,0.0078125
5,13,1,9,3.01944738e-06,4.05006304e-08,0.0134132588,0.0078125
5,14,1,0,3.06913694e-06,2.21520031e-06,0.721766531,0.0078125
5,14,1,1,3.06913694e-06,1.72342561e-06,0.561534286,0.0078125
5,14,1,2,3.06913694e-06,1.27971157e-06,0.416961372,0.0078125
5,14,1,3,3.06913694e-06,8.64484491e-07,0.281670213,0.0078125
5,14,1,4,3.06913694e-06,5.60264255e-07,0.182547823,0.0078125
5,14,1,5,3.06913694e-06,3.3564433e-07,0.109361142,0.0078125
5,14,1,6,3.06913694e-06,1.94792321e-07,0.0634681135,0.0078125
5,14,1,7,3.06913694e-06,1.15512393e-07,0.0376367681,0.0078125
5,14,1,8,3.06913694e-06,7.03483209e-08,0.0229212064,0.0078125
5,14,1,9,3.06913694e-06,4.1647656e-08,0.0135698263,0.0078125
5,15,1,0,3.07569917e-06,2.24581095e-06,0.730179012,0.0078125
5,15,1,1,3.07569917e-06,1.77022036e-06,0.575550556,0.0078125
5,15,1,2,3.07569917e-06,1.31951037e-06,0.429011524,0.0078125
5,15,1,3,3.07569917e-06,8.90358763e-07,0.289481759,0.0078125
5,15,1,4,3.07569917e-06,5.72229283e-07,0.186048523,0.0078125
5,15,1,5,3.07569917e-06,3.48994121e-07,0.113468222,0.0078125
5,15,1,6,3.07569917e-06,2.011856e-07,0.0654113367,0.0078125
5,15,1,7,3.07569917e-06,1.17592712e-07,0.0382328406,0.0078125
5,15,1,8,3.07569917e-06,7.09620096e-08,0.0230718311,0.0078125
5,15,1,9,3.07569917e-06,4.07947383e-08,0.0132635655,0.0078125
5,16,1,0,3.31448155e-06,2.24538849e-06,0.677447855,0.0078125
5,16,1,1,3.31448155e-06,1.74842467e-06,0.527510762,0.0078125
5,16,1,2,3.31448155e-06,1.30621936e-06,0.394094616,0.0078125
5,16,1,3,3.31448155e-06,8.96582037e-07,0.270504445,0.0078125
5,16,1,4,3.31448155e-06,5.72835802e-07,0.172828183,0.0078125
5,16,1,5,3.31448155e-06,3.45203375e-07,0.104150034,0.0078125
5,16,1,6,3.31448155e-06,2.00663337e-07,0.0605413951,0.0078125
5,16,1,7,3.31448155e-06,1.19368096e-07,0.0360141061,0.0078125
5,16,1,8,3.31448155e-06,7.23754354e-08,0.0218361262,0.0078125
5,16,1,9,3.31448155e-06,4.13148165e-08,0.0124649405,0.0078125
5,17,1,0,3.2668604e-06,2.30413593e-06,0.705305934,0.0078125
5,17,1,1,3.2668604e-06,1.77052607e-06,0.541965663,0.0078125
5,17,1,2,3.2668604e-06,1.31918375e-06,0.403807819,0.0078125
5,17,1,3,3.2668604e-06,8.88418299e-07,0.271948665,0.0078125
5,17,1,4,3.2668604e-06,5.7636521e-07,0.176427871,0.0078125
5,17,1,5,3.2668604e-06,3.48771636e-07,0.106760494,0.0078125
5,17,1,6,3.2668604e-06,2.0160229e-07,0.0617113262,0.0078125
5,17,1,7,3.2668604e-06,1.18578818e-07,0.0362974852,0.0078125
5,17,1,8,3.2668604e-06,7.22860563e-08,0.0221270714,0.0078125
5,17,1,9,3.2668604e-06,4.13804315e-08,0.0126667274,0.0078125
5,18,1,0,3.20374556e-06,2.34167328e-06,0.730917394,0.0078125
5,18,1,1,3.20374556e-06,1.78558582e-06,0.557343185,0.0078125
5,18,1,2,3.20374556e-06,1.3173094e-06,0.411177903,0.0078125
5,18,1,3,3.20374556e-06,8.8861816e-07,0.277368516,0.0078125
5,18,1,4,3.20374556e-06,5.74241938e-07,0.179240808,0.0078125
5,18,1,5,3.20374556e-06,3.50393833e-07,0.109370053,0.0078125
5,18,1,6,3.20374556e-06,2.01413769e-07,0.0628682151,0.0078125
5,18,1,7,3.20374556e-06,1.20518905e-07,0.0376181267,0.0078125
5,18,1,8,3.20374556e-06,7.34515027e-08,0.022926759,0.0078125
5,18,1,9,3.20374556e-06,4.17325978e-08,0.01302619,0.0078125
5,19,1,0,3.37737606e-06,2.34669278e-06,0.694827199,0.0078125
5,19,1,1,3.37737606e-06,1.75916841e-06,0.520868361,0.0078125
5,19,1,2,3.37737606e-06,1.31909462e-06,0.390567899,0.0078125
5,19,1,3,3.37737606e-06,8.7698379e-07,0.259664237,0.0078125
5,19,1,4,3.37737606e-06,5.76149148e-07,0.170590758,0.0078125
5,19,1,5,3.37737606e-06,3.45965873e-07,0.102436289,0.0078125
5,19,1,6,3.37737606e-06,2.01666722e-07,0.0597110651,0.0078125
5,19,1,7,3.37737606e-06,1.18520013e-07,0.0350923352,0.0078125
5,19,1,8,3.37737606e-06,7.27122185e-08,0.0215292033,0.0078125
5,19,1,9,3.37737606e-06,4.17717878e-08,0.0123681184,0.0078125
5,20,1,0,3.42902149e-06,2.26296675e-06,0.659945309,0.0078125
5,20,1,1,3.42902149e-06,1.65926724e-06,0.483889431,0.0078125
5,20,1,2,3.42902149e-06,1.25173574e-06,0.365041673,0.0078125
5,20,1,3,3.42902149e-06,8.24753556e-07,0.24052155,0.0078125
5,20,1,4,3.42902149e-06,4.87743534e-07,0.142239854,0.0078125
5,20,1,5,3.42902149e-06,2.94359978e-07,0.085843727,0.0078125
5,20,1,6,3.42902149e-06,1.89481355e-07,0.05525814,0.0078125
5,20,1,7,3.42902149e-06,1.15161527e-07,0.0335843712,0.0078125
5,20,1,8,3.42902149e-06,7.14099073e-08,0.0208251551,0.0078125
5,20,1,9,3.42902149e-06,4.14300843e-08,0.0120821884,0.0078125
5,21,1,0,3.27661542e-06,2.18602054e-06,0.667158127,0.0078125
5,21,1,1,3.27661542e-06,1.59324009e-06,0.486245692,0.0078125
5,21,1,2,3.27661542e-06,1.22863321e-06,0.374970227,0.0078125
5,21,1,3,3.27661542e-06,8.03007708e-07,0.245072305,0.0078125
5,21,1,4,3.27661542e-06,4.76695163e-07,0.145484015,0.0078125
5,21,1,5,3.27661542e-06,2.85999761e-07,0.0872851163,0.0078125
5,21,1,6,3.27661542e-06,1.80132446e-07,0.0549751557,0.0078125
5,21,1,7,3.27661542e-06,1.11589479e-07,0.0340563245,0.0078125
5,21,1,8,3.27661542e-06,6.88858179e-08,0.0210234672,0.0078125
5,21,1,9,3.27661542e-06,4.04160936e-08,0.0123347081,0.0078125
5,22,1,0,3.34784772e-06,2.32820389e-06,0.695433021,0.0078125
5,22,1,1,3.34784772e-06,1.72278453e-06,0.514594674,0.0078125
5,22,1,2,3.34784772e-06,1.28978229e-06,0.385257155,0.0078125
5,22,1,3,3.34784772e-06,8.2616117e-07,0.246773824,0.0078125
5,22,1,4,3.34784772e-06,4.85763564e-07,0.145097271,0.0078125
5,22,1,5,3.34784772e-06,2.73876907e-07,0.0818068609,0.0078125
5,22,1,6,3.34784772e-06,1.58487879e-07,0.0473402292,0.0078125
5,22,1,7,3.34784772e-06,1.07198773e-07,0.0320202038,0.0078125
5,22,1,8,3.34784772e-06,6.91678324e-08,0.0206603874,0.0078125
5,22,1,9,3.34784772e-06,4.14705177e-08,0.012387217,0.0078125
5,23,1,0,3.14406384e-06,2.14723309e-06,0.682948291,0.0078125
5,23,1,1,3.14406384e-06,1.64821256e-06,0.524230003,0.0078125
5,23,1,2,3.14406384e-06,1.29454304e-06,0.411741972,0.0078125
5,23,1,3,3.14406384e-06,8.47165325e-07,0.269449145,0.0078125
5,23,1,4,3.14406384e-06,5.41408042e-07,0.172200084,0.0078125
5,23,1,5,3.14406384e-06,3.41312983e-07,0.108557902,0.0078125
5,23,1,6,3.14406384e-06,2.00427266e-07,0.0637478381,0.0078125
5,23,1,7,3.14406384e-06,1.14597654e-07,0.0364488959,0.0078125
5,23,1,8,3.14406384e-06,6.93487792e-08,0.0220570527,0.0078125
5,23,1,9,3.14406384e-06,4.1330555e-08,0.0131455837,0.0078125
5,24,1,0,3.21980792e-06,2.22498079e-06,0.691029072,0.0078125
5,24,1,1,3.21980792e-06,1.69946475e-06,0.52781558,0.0078125
5,24,1,2,3.21980792e-06,1.32713274e-06,0.412177622,0.0078125
5,24,1,3,3.21980792e-06,8.56619977e-07,0.266046911,0.0078125
5,24,1,4,3.21980792e-06,5.29277827e-07,0.164381802,0.0078125
5,24,1,5,3.21980792e-06,3.34905735e-07,0.104014196,0.0078125
5,24,1,6,3.21980792e-06,1.99503418e-07,0.0619612783,0.0078125
5,24,1,7,3.21980792e-06,1.15359292e-07,0.0358280055,0.0078125
5,24,1,8,3.21980792e-06,7.03767e-08,0.0218574218,0.0078125
5,24,1,9,3.21980792e-06,4.1818403e-08,0.0129878568,0.0078125
5,25,1,0,3.22167762e-06,2.21388677e-06,0.687184453,0.0078125
5,25,1,1,3.22167762e-06,1.66065706e-06,0.515463471,0.0078125
5,25,1,2,3.22167762e-06,1.33358731e-06,0.41394189,0.0078125
5,25,1,3,3.22167762e-06,8.75924513e-07,0.27188459,0.0078125
5,25,1,4,3.22167762e-06,5.55676138e-07,0.17248036,0.0078125
5,25,1,5,3.22167762e-06,3.4353863e-07,0.106633462,0.0078125
5,25,1,6,3.22167762e-06,1.97664093e-07,0.0613543987,0.0078125
5,25,1,7,3.22167762e-06,1.13810259e-07,0.0353263952,0.0078125
5,25,1,8,3.22167762e-06,6.90374833e-08,0.021429047,0.0078125
5,25,1,9,3.22167762e-06,4.14659951e-08,0.0128709329,0.0078125
5,26,1,0,3.17040599e-06,2.20145171e-06,0.694375336,0.0078125
5,26,1,1,3.17040599e-06,1.69126145e-06,0.53345263,0.0078125
5,26,1,2,3.17040599e-06,1.34880304e-06,0.425435424,0.0078125
5,26,1,3,3.17040599e-06,8.62362981e-07,0.272003949,0.0078125
5,26,1,4,3.17040599e-06,5.37383528e-07,0.169499904,0.0078125
5,26,1,5,3.17040599e-06,3.32022836e-07,0.104725651,0.0078125
5,26,1,6,3.17040599e-06,1.95830452e-07,0.0617682561,0.0078125
5,26,1,7,3.17040599e-06,1.12080386e-07,0.0353520624,0.0078125
5,26,1,8,3.17040599e-06,6.72857894e-08,0.0212230831,0.0078125
5,26,1,9,3.17040599e-06,4.07719085e-08,0.0128601538,0.0078125
5,27,1,0,3.15511579e-06,2.31182798e-06,0.732723653,0.0078125
5,27,1,1,3.15511579e-06,1.79536505e-06,0.569033027,0.0078125
5,27,1,2,3.15511579e-06,1.39479266e-06,0.442073375,0.0078125
5,27,1,3,3.15511579e-06,8.61757201e-07,0.273130149,0.0078125
5,27,1,4,3.15511579e-06,5.38264544e-07,0.170600563,0.0078125
5,27,1,5,3.15511579e-06,3.31555952e-07,0.105085194,0.0078125
5,27,1,6,3.15511579e-06,1.96434996e-07,0.0622592047,0.0078125
5,27,1,7,3.15511579e-06,1.1173713e-07,0.0354145877,0.0078125
5,27,1,8,3.15511579e-06,6.87822137e-08,0.0218002182,0.0078125
5,27,1,9,3.15511579e-06,4.209938e-08,0.0133432122,0.0078125
5,28,1,0,3.25792507e-06,2.38307666e-06,0.731470704,0.0078125
5,28,1,1,3.25792507e-06,1.86217414e-06,0.571582854,0.0078125
5,28,1,2,3.25792507e-06,1.44407625e-06,0.443250299,0.0078125
5,28,1,3,3.25792507e-06,9.12249959e-07,0.280009508,0.0078125
5,28,1,4,3.25792507e-06,5.72766908e-07,0.175807267,0.0078125
5,28,1,5,3.25792507e-06,3.38694605e-07,0.103960216,0.0078125
5,28,1,6,3.25792507e-06,1.96059361e-07,0.0601792112,0.0078125
5,28,1,7,3.25792507e-06,1.14132703e-07,0.0350323282,0.0078125
5,28,1,8,3.25792507e-06,6.90004072e-08,0.0211792495,0.0078125
5,28,1,9,3.25792507e-06,4.22985735e-08,0.0129832858,0.0078125
5,29,1,0,3.10428572e-06,2.27138366e-06,0.731692851,0.0078125
5,29,1,1,3.10428572e-06,1.76964693e-06,0.570065737,0.0078125
5,29,1,2,3.10428572e-06,1.39780775e-06,0.4502832,0.0078125
5,29,1,3,3.10428572e-06,9.35592936e-07,0.301387519,0.0078125
5,29,1,4,3.10428572e-06,5.8323451e-07,0.187880427,0.0078125
5,29,1,5,3.10428572e-06,3.40461725e-07,0.109674737,0.0078125
5,29,1,6,3.10428572e-06,1.93457652e-07,0.0623195395,0.0078125
5,29,1,7,3.10428572e-06,1.13697453e-07,0.0366259627,0.0078125
5,29,1,8,3.10428572e-06,6.8481846e-08,0.0220604204,0.0078125
5,29,1,9,3.10428572e-06,4.2024233e-08,0.0135374889,0.0078125
5,30,1,0,3.27553425e-06,2.2751924e-06,0.694601953,0.0078125
5,30,1,1,3.27553425e-06,1.76518847e-06,0.538900912,0.0078125
5,30,1,2,3.27553425e-06,1.40503869e-06,0.428949475,0.0078125
5,30,1,3,3.27553425e-06,8.62772481e-07,0.263399005,0.0078125
5,30,1,4,3.27553425e-06,5.25767291e-07,0.160513446,0.0078125
5,30,1,5,3.27553425e-06,3.28320652e-07,0.100234233,0.0078125
5,30,1,6,3.27553425e-06,1.94850642e-07,0.059486676,0.0078125
5,30,1,7,3.27553425e-06,1.16450984e-07,0.0355517529,0.0078125
5,30,1,8,3.27553425e-06,7.14257595e-08,0.0218058359,0.0078125
5,30,1,9,3.27553425e-06,4.33553922e-08,0.0132361287,0.0078125
5,31,1,0,3.25557903e-06,2.21028017e-06,0.678920746,0.0078125
5,31,1,1,3.25557903e-06,1.70675617e-06,0.524255812,0.0078125
5,31,1,2,3.25557903e-06,1.3943212e-06,0.428286701,0.0078125
5,31,1,3,3.25557903e-06,8.65284562e-07,0.265785158,0.0078125
5,31,1,4,3.25557903e-06,5.29617182e-07,0.162679866,0.0078125
5,31,1,5,3.25557903e-06,3.36725293e-07,0.103430234,0.0078125
5,31,1,6,3.25557903e-06,1.98299276e-07,0.0609106012,0.0078125
5,31,1,7,3.25557903e-06,1.18068627e-07,0.0362665504,0.0078125
5,31,1,8,3.25557903e-06,7.08719696e-08,0.0217693895,0.0078125
5,31,1,9,3.25557903e-06,4.31362608e-08,0.0132499505,0.0078125
5,32,1,0,3.06794254e-06,2.12006671e-06,0.691038609,0.0078125
5,32,1,1,3.06794254e-06,1.6549958e-06,0.539448082,0.0078125
5,32,1,2,3.06794254e-06,1.35292453e-06,0.440987557,0.0078125
5,32,1,3,3.06794254e-06,8.41439544e-07,0.274268359,0.0078125
5,32,1,4,3.06794254e-06,5.06251297e-07,0.165013298,0.0078125
5,32,1,5,3.06794254e-06,3.1630222e-07,0.103099138,0.0078125
5,32,1,6,3.06794254e-06,1.94636598e-07,0.0634420589,0.0078125
5,32,1,7,3.06794254e-06,1.16457372e-07,0.0379594378,0.0078125
5,32,1,8,3.06794254e-06,7.0474961e-08,0.0229714084,0.0078125
5,32,1,9,3.06794254e-06,4.29907061e-08,0.0140128788,0.0078125
5,33,1,0,3.05848766e-06,2.1494684e-06,0.702787995,0.0078125
5,33,1,1,3.05848766e-06,1.66021368e-06,0.542821765,0.0078125
5,33,1,2,3.05848766e-06,1.33244089e-06,0.435653508,0.0078125
5,33,1,3,3.05848766e-06,9.11308177e-07,0.297960401,0.0078125
5,33,1,4,3.05848766e-06,5.76199227e-07,0.188393503,0.0078125
5,33,1,5,3.05848766e-06,3.42660542e-07,0.112035938,0.0078125
5,33,1,6,3.05848766e-06,1.93584185e-07,0.0632940903,0.0078125
5,33,1,7,3.05848766e-06,1.16827643e-07,0.0381978452,0.0078125
5,33,1,8,3.05848766e-06,6.74940779e-08,0.0220677946,0.0078125
5,33,1,9,3.05848766e-06,4.15609485e-08,0.0135887256,0.0078125
5,34,1,0,3.16786281e-06,2.20632774e-06,0.696471989,0.0078125
5,34,1,1,3.16786281e-06,1.68816177e-06,0.53290242,0.0078125
5,34,1,2,3.16786281e-06,1.34567574e-06,0.424789786,0.0078125
5,34,1,3,3.16786281e-06,8.32190949e-07,0.262697905,0.0078125
5,34,1,4,3.16786281e-06,4.86725696e-07,0.153644815,0.0078125
5,34,1,5,3.16786281e-06,2.73600847e-07,0.0863676444,0.0078125
5,34,1,6,3.16786281e-06,1.76211486e-07,0.0556247197,0.0078125
5,34,1,7,3.16786281e-06,1.1409233e-07,0.0360155515,0.0078125
5,34,1,8,3.16786281e-06,6.6532543e-08,0.0210023429,0.0078125
5,34,1,9,3.16786281e-06,4.11279331e-08,0.0129828639,0.0078125
5,35,1,0,3.31345836e-06,2.23758798e-06,0.675302863,0.0078125
5,35,1,1,3.31345836e-06,1.7138359e-06,0.517234802,0.0078125
5,35,1,2,3.31345836e-06,1.35581308e-06,0.409183681,0.0078125
5,35,1,3,3.31345836e-06,9.15686428e-07,0.276353687,0.0078125
5,35,1,4,3.31345836e-06,5.88439093e-07,0.177590609,0.0078125
5,35,1,5,3.31345836e-06,3.48470735e-07,0.105168283,0.0078125
5,35,1,6,3.31345836e-06,1.97939457e-07,0.0597380251,0.0078125
5,35,1,7,3.31345836e-06,1.1923504e-07,0.0359850712,0.0078125
5,35,1,8,3.31345836e-06,6.8331758e-08,0.0206224881,0.0078125
5,35,1,9,3.31345836e-06,4.23537401e-08,0.0127823362,0.0078125
5,36,1,0,3.30833245e-06,2.30653995e-06,0.697191119,0.0078125
5,36,1,1,3.30833245e-06,1.77402467e-06,0.536229253,0.0078125
5,36,1,2,3.30833245e-06,1.37065012e-06,0.414302409,0.0078125
5,36,1,3,3.30833245e-06,8.27880456e-07,0.250241011,0.0078125
5,36,1,4,3.30833245e-06,4.86152487e-07,0.146947891,0.0078125
5,36,1,5,3.30833245e-06,2.91926511e-07,0.0882397741,0.0078125
5,36,1,6,3.30833245e-06,1.88304938e-07,0.0569183826,0.0078125
5,36,1,7,3.30833245e-06,1.17654594e-07,0.0355631113,0.0078125
5,36,1,8,3.30833245e-06,6.78731595e-08,0.0205158219,0.0078125
5,36,1,9,3.30833245e-06,4.15526848e-08,0.012560009,0.0078125
5,37,1,0,3.47578589e-06,2.30837122e-06,0.664129317,0.0078125
5,37,1,1,3.47578589e-06,1.74007801e-06,0.50062865,0.0078125
5,37,1,2,3.47578589e-06,1.34351501e-06,0.386535615,0.0078125
5,37,1,3,3.47578589e-06,9.27252643e-07,0.266774952,0.0078125
5,37,1,4,3.47578589e-06,5.88855357e-07,0.169416457,0.0078125
5,37,1,5,3.47578589e-06,3.48022525e-07,0.100127719,0.0078125
5,37,1,6,3.47578589e-06,1.96183805e-07,0.0564430058,0.0078125
5,37,1,7,3.47578589e-06,1.1762517e-07,0.0338413157,0.0078125
5,37,1,8,3.47578589e-06,6.77708911e-08,0.0194980055,0.0078125
5,37,1,9,3.47578589e-06,4.18488284e-08,0.0120401056,0.0078125
5,38,1,0,3.24888674e-06,2.19050958e-06,0.674233913,0.0078125
5,38,1,1,3.24888674e-06,1.66081452e-06,0.511194944,0.0078125
5,38,1,2,3.24888674e-06,1.30521573e-06,0.401742458,0.0078125
5,38,1,3,3.24888674e-06,9.06892467e-07,0.279139459,0.0078125
5,38,1,4,3.24888674e-06,5.90627963e-07,0.181793958,0.0078125
5,38,1,5,3.24888674e-06,3.50893487e-07,0.10800422,0.0078125
5,38,1,6,3.24888674e-06,2.02866488e-07,0.0624418482,0.0078125
5,38,1,7,3.24888674e-06,1.20095891e-07,0.0369652435,0.0078125
5,38,1,8,3.24888674e-06,6.99866476e-08,0.0215417314,0.0078125
5,38,1,9,3.24888674e-06,4.30355769e-08,0.0132462531,0.0078125
5,39,1,0,3.11463555e-06,2.26378984e-06,0.72682333,0.0078125
5,39,1,1,3.11463555e-06,1.76994683e-06,0.568267703,0.0078125
5,39,1,2,3.11463555e-06,1.32455557e-06,0.425268233,0.0078125
5,39,1,3,3.11463555e-06,8.07691833e-07,0.259321451,0.0078125
5,39,1,4,3.11463555e-06,4.86001738e-07,0.156038076,0.0078125
5,39,1,5,3.11463555e-06,2.75941886e-07,0.0885952413,0.0078125
5,39,1,6,3.11463555e-06,1.79209351e-07,0.0575378239,0.0078125
5,39,1,7,3.11463555e-06,1.17514617e-07,0.0377298146,0.0078125
5,39,1,8,3.11463555e-06,6.8319892e-08,0.0219351165,0.0078125
5,39,1,9,3.11463555e-06,4.18176498e-08,0.0134261772,0.0078125
5,40,1,0,3.2612395e-06,2.28324302e-06,0.700115085,0.0078125
5,40,1,1,3.2612395e-06,1.8023444e-06,0.552656233,0.0078125
5,40,1,2,3.2612395e-06,1.40006591e-06,0.429304838,0.0078125
5,40,1,3,3.2612395e-06,9.31645616e-07,0.285672247,0.0078125
5,40,1,4,3.2612395e-06,5.9549069e-07,0.18259643,0.0078125
5,40,1,5,3.2612395e-06,3.53797105e-07,0.108485475,0.0078125
5,40,1,6,3.2612395e-06,2.02799242e-07,0.0621847138,0.0078125
5,40,1,7,3.2612395e-06,1.20422712e-07,0.0369254425,0.0078125
5,40,1,8,3.2612395e-06,7.07942149e-08,0.0217077639,0.0078125
5,40,1,9,3.2612395e-06,4.35075336e-08,0.0133407973,0.0078125
5,41,1,0,3.08359654e-06,2.27789383e-06,0.738713324,0.0078125
5,41,1,1,3.08359654e-06,1.87361979e-06,0.607608616,0.0078125
5,41,1,2,3.08359654e-06,1.45924821e-06,0.473229289,0.0078125
5,41,1,3,3.08359654e-06,1.03129082e-06,0.334444135,0.0078125
5,41,1,4,3.08359654e-06,6.22210734e-07,0.201780856,0.0078125
5,41,1,5,3.08359654e-06,3.65570685e-07,0.118553348,0.0078125
5,41,1,6,3.08359654e-06,2.07294818e-07,0.0672250167,0.0078125
5,41,1,7,3.08359654e-06,1.23875836e-07,0.0401725173,0.0078125
5,41,1,8,3.08359654e-06,7.32199865e-08,0.0237449948,0.0078125
5,41,1,9,3.08359654e-06,4.51668534e-08,0.0146474587,0.0078125
5,42,1,0,3.21363927e-06,2.33649553e-06,0.727055967,0.0078125
5,42,1,1,3.21363927e-06,1.88488286e-06,0.586525977,0.0078125
5,42,1,2,3.21363927e-06,1.44357341e-06,0.449202061,0.0078125
5,42,1,3,3.21363927e-06,9.49006392e-07,0.295305818,0.0078125
5,42,1,4,3.21363927e-06,6.05294019e-07,0.188351572,0.0078125
5,42,1,5,3.21363927e-06,3.56393116e-07,0.110900164,0.0078125
5,42,1,6,3.21363927e-06,2.03565904e-07,0.0633443519,0.0078125
5,42,1,7,3.21363927e-06,1.21655148e-07,0.0378558822,0.0078125
5,42,1,8,3.21363927e-06,7.18029654e-08,0.0223431941,0.0078125
5,42,1,9,3.21363927e-06,4.41854908e-08,0.013749362,0.0078125
5,43,1,0,3.1546399e-06,2.37592099e-06,0.753151238,0.0078125
5,43,1,1,3.1546399e-06,1.92598191e-06,0.610523522,0.0078125
5,43,1,2,3.1546399e-06,1.47224409e-06,0.466691643,0.0078125
5,43,1,3,3.1546399e-06,8.85219379e-07,0.280608684,0.0078125
5,43,1,4,3.1546399e-06,5.60998615e-07,0.177832857,0.0078125
5,43,1,5,3.1546399e-06,3.51984738e-07,0.111576833,0.0078125
5,43,1,6,3.1546399e-06,1.99398784e-07,0.0632080957,0.0078125
5,43,1,7,3.1546399e-06,1.19661237e-07,0.0379318222,0.0078125
5,43,1,8,3.1546399e-06,7.13763839e-08,0.0226258412,0.0078125
5,43,1,9,3.1546399e-06,4.39329213e-08,0.0139264455,0.0078125
5,44,1,0,3.24712323e-06,2.36121059e-06,0.727169991,0.0078125
5,44,1,1,3.24712323e-06,1.92703624e-06,0.593459547,0.0078125
5,44,1,2,3.24712323e-06,1.54293571e-06,0.475170046,0.0078125
5,44,1,3,3.24712323e-06,1.07653898e-06,0.331536233,0.0078125
5,44,1,4,3.24712323e-06,6.14789656e-07,0.189333633,0.0078125
5,44,1,5,3.24712323e-06,3.614972e-07,0.111328453,0.0078125
5,44,1,6,3.24712323e-06,1.98608646e-07,0.0611644946,0.0078125
5,44,1,7,3.24712323e-06,1.1902025e-07,0.0366540588,0.0078125
5,44,1,8,3.24712323e-06,7.34888559e-08,0.0226319879,0.0078125
5,44,1,9,3.24712323e-06,4.41037606e-08,0.0135824103,0.0078125
5,45,1,0,3.34987658e-06,2.36354549e-06,0.705561936,0.0078125
5,45,1,1,3.34987658e-06,1.90620608e-06,0.569037676,0.0078125
5,45,1,2,3.34987658e-06,1.47137473e-06,0.439232528,0.0078125
5,45,1,3,3.34987658e-06,8.81316339e-07,0.26308921,0.0078125
5,45,1,4,3.34987658e-06,5.52878873e-07,0.165044546,0.0078125
5,45,1,5,3.34987658e-06,3.49709865e-07,0.104394853,0.0078125
5,45,1,6,3.34987658e-06,1.9811408e-07,0.0591407083,0.0078125
5,45,1,7,3.34987658e-06,1.17332966e-07,0.0350260548,0.0078125
5,45,1,8,3.34987658e-06,7.14450934e-08,0.02132768,0.0078125
5,45,1,9,3.34987658e-06,4.30780425e-08,0.0128595913,0.0078125
5,46,1,0,3.50189407e-06,2.46504828e-06,0.703918576,0.0078125
5,46,1,1,3.50189407e-06,1.94419499e-06,0.555183828,0.0078125
5,46,1,2,3.50189407e-06,1.55241378e-06,0.443306893,0.0078125
5,46,1,3,3.50189407e-06,1.07645542e-06,0.307392329,0.0078125
5,46,1,4,3.50189407e-06,6.16638886e-07,0.176087245,0.0078125
5,46,1,5,3.50189407e-06,3.71345152e-07,0.10604123,0.0078125
5,46,1,6,3.50189407e-06,1.97977513e-07,0.0565344095,0.0078125
5,46,1,7,3.50189407e-06,1.18538225e-07,0.033849746,0.0078125
5,46,1,8,3.50189407e-06,7.17019404e-08,0.0204751883,0.0078125
5,46,1,9,3.50189407e-06,4.28671214e-08,0.0122411242,0.0078125
5,47,1,0,3.33540629e-06,2.36074629e-06,0.707783699,0.0078125
5,47,1,1,3.33540629e-06,1.87966236e-06,0.563548267,0.0078125
5,47,1,2,3.33540629e-06,1.53487508e-06,0.460176349,0.0078125
5,47,1,3,3.33540629e-06,1.09740415e-06,0.329016626,0.0078125
5,47,1,4,3.33540629e-06,6.23448784e-07,0.186918393,0.0078125
5,47,1,5,3.33540629e-06,3.72702146e-07,0.111741155,0.0078125
5,47,1,6,3.33540629e-06,2.00341049e-07,0.0600649603,0.0078125
5,47,1,7,3.33540629e-06,1.16842919e-07,0.0350310914,0.0078125
5,47,1,8,3.33540629e-06,7.04347514e-08,0.0211172923,0.0078125
5,47,1,9,3.33540629e-06,4.21293969e-08,0.0126309637,0.0078125
5,48,1,0,3.32351237e-06,2.26741668e-06,0.682235062,0.0078125
5,48,1,1,3.32351237e-06,1.80534039e-06,0.543202519,0.0078125
5,48,1,2,3.32351237e-06,1.48558024e-06,0.446991026,0.0078125
5,48,1,3,3.32351237e-06,1.02161766e-06,0.307390958,0.0078125
5,48,1,4,3.32351237e-06,6.04774243e-07,0.181968406,0.0078125
5,48,1,5,3.32351237e-06,3.68257929e-07,0.110803835,0.0078125
5,48,1,6,3.32351237e-06,1.99747845e-07,0.0601014309,0.0078125
5,48,1,7,3.32351237e-06,1.1576698e-07,0.0348327197,0.0078125
5,48,1,8,3.32351237e-06,7.00961067e-08,0.0210909713,0.0078125
5,48,1,9,3.32351237e-06,4.15811101e-08,0.0125111947,0.0078125
5,49,1,0,3.0753672e-06,2.26719453e-06,0.737210989,0.0078125
5,49,1,1,3.0753672e-06,1.82657811e-06,0.593938231,0.0078125
5,49,1,2,3.0753672e-06,1.51010943e-06,0.491033852,0.0078125
5,49,1,3,3.0753672e-06,1.08873883e-06,0.354019135,0.0078125
5,49,1,4,3.0753672e-06,6.16242914e-07,0.200380266,0.0078125
5,49,1,5,3.0753672e-06,3.65741499e-07,0.118926123,0.0078125
5,49,1,6,3.0753672e-06,1.97667688e-07,0.0642744973,0.0078125
5,49,1,7,3.0753672e-06,1.15102324e-07,0.0374271795,0.0078125
5,49,1,8,3.0753672e-06,7.05403664e-08,0.0229372177,0.0078125
5,49,1,9,3.0753672e-06,4.09701819e-08,0.0133220451,0.0078125
5,50,1,0,3.07113055e-06,2.19783351e-06,0.715643167,0.0078125
5,50,1,1,3.07113055e-06,1.79777851e-06,0.585380018,0.0078125
5,50,1,2,3.07113055e-06,1.49691664e-06,0.487415493,0.0078125
5,50,1,3,3.07113055e-06,1.01553599e-06,0.330671698,0.0078125
5,50,1,4,3.07113055e-06,6.00439364e-07,0.195510849,0.0078125
5,50,1,5,3.07113055e-06,3.69712609e-07,0.120383225,0.0078125
5,50,1,6,3.07113055e-06,1.97311763e-07,0.0642472729,0.0078125
5,50,1,7,3.07113055e-06,1.13505997e-07,0.036959026,0.0078125
5,50,1,8,3.07113055e-06,6.86792845e-08,0.0223628674,0.0078125
5,50,1,9,3.07113055e-06,3.99225186e-08,0.0129992906,0.0078125
5,51,1,0,3.24291773e-06,2.43466661e-06,0.750764251,0.0078125
5,51,1,1,3.24291773e-06,1.96234396e-06,0.605116785,0.0078125
5,51,1,2,3.24291773e-06,1.58838156e-06,0.489800155,0.0078125
5,51,1,3,3.24291773e-06,1.10800011e-06,0.341667652,0.0078125
5,51,1,4,3.24291773e-06,6.16042257e-07,0.189965427,0.0078125
5,51,1,5,3.24291773e-06,3.68520062e-07,0.113638423,0.0078125
5,51,1,6,3.24291773e-06,2.03294775e-07,0.0626888499,0.0078125
5,51,1,7,3.24291773e-06,1.16094505e-07,0.035799399,0.0078125
5,51,1,8,3.24291773e-06,7.17752187e-08,0.0221329145,0.0078125
5,51,1,9,3.24291773e-06,4.09508019e-08,0.0126277646,0.0078125
5,52,1,0,3.34432752e-06,2.49801815e-06,0.746941864,0.0078125
5,52,1,1,3.34432752e-06,1.94892391e-06,0.582755089,0.0078125
5,52,1,2,3.34432752e-06,1.57360228e-06,0.470528752,0.0078125
5,52,1,3,3.34432752e-06,1.10746123e-06,0.331146151,0.0078125
5,52,1,4,3.34432752e-06,6.29834233e-07,0.188329116,0.0078125
5,52,1,5,3.34432752e-06,3.71555331e-07,0.11110016,0.0078125
5,52,1,6,3.34432752e-06,2.03806763e-07,0.0609410293,0.0078125
5,52,1,7,3.34432752e-06,1.1634998e-07,0.0347902477,0.0078125
5,52,1,8,3.34432752e-06,7.33537249e-08,0.0219337735,0.0078125
5,52,1,9,3.34432752e-06,4.24985735e-08,0.012707659,0.0078125
5,53,1,0,3.35751224e-06,2.45153728e-06,0.730164826,0.0078125
5,53,1,1,3.35751224e-06,1.89804632e-06,0.56531328,0.0078125
5,53,1,2,3.35751224e-06,1.54869758e-06,0.461263418,0.0078125
5,53,1,3,3.35751224e-06,1.09046846e-06,0.324784666,0.0078125
5,53,1,4,3.35751224e-06,6.17864544e-07,0.184024513,0.0078125
5,53,1,5,3.35751224e-06,3.72784029e-07,0.111029834,0.0078125
5,53,1,6,3.35751224e-06,2.03562294e-07,0.0606289059,0.0078125
5,53,1,7,3.35751224e-06,1.14627937e-07,0.0341407359,0.0078125
5,53,1,8,3.35751224e-06,7.33389669e-08,0.0218432471,0.0078125
5,53,1,9,3.35751224e-06,4.18955821e-08,0.0124781625,0.0078125
5,54,1,0,3.42105022e-06,2.47309185e-06,0.722904265,0.0078125
5,54,1,1,3.42105022e-06,1.91476738e-06,0.559701622,0.0078125
5,54,1,2,3.42105022e-06,1.59170452e-06,0.465267807,0.0078125
5,54,1,3,3.42105022e-06,1.12891109e-06,0.329989642,0.0078125
5,54,1,4,3.42105022e-06,6.30050579e-07,0.184168756,0.0078125
5,54,1,5,3.42105022e-06,3.62700916e-07,0.106020339,0.0078125
5,54,1,6,3.42105022e-06,2.00767929e-07,0.0586860515,0.0078125
5,54,1,7,3.42105022e-06,1.11642144e-07,0.032633882,0.0078125
5,54,1,8,3.42105022e-06,7.25862392e-08,0.0212175306,0.0078125
5,54,1,9,3.42105022e-06,4.14914254e-08,0.0121282712,0.0078125
5,55,1,0,3.26418149e-06,2.26902989e-06,0.695129812,0.0078125
5,55,1,1,3.26418149e-06,1.72518003e-06,0.528518438,0.0078125
5,55,1,2,3.26418149e-06,1.46608647e-06,0.449143678,0.0078125
5,55,1,3,3.26418149e-06,1.07603455e-06,0.329649121,0.0078125
5,55,1,4,3.26418149e-06,6.12449014e-07,0.187627137,0.0078125
5,55,1,5,3.26418149e-06,3.75826971e-07,0.115136668,0.0078125
5,55,1,6,3.26418149e-06,2.01877242e-07,0.0618462078,0.0078125
5,55,1,7,3.26418149e-06,1.13081228e-07,0.0346430577,0.0078125
5,55,1,8,3.26418149e-06,7.15072872e-08,0.0219066516,0.0078125
5,55,1,9,3.26418149e-06,4.12767918e-08,0.0126453731,0.0078125
5,56,1,0,3.32222317e-06,2.25778649e-06,0.679601073,0.0078125
5,56,1,1,3.32222317e-06,1.75494904e-06,0.528245389,0.0078125
5,56,1,2,3.32222317e-06,1.46079174e-06,0.439703077,0.0078125
5,56,1,3,3.32222317e-06,1.04266871e-06,0.313846678,0.0078125
5,56,1,4,3.32222317e-06,6.18826846e-07,0.186268896,0.0078125
5,56,1,5,3.32222317e-06,3.80800316e-07,0.114622138,0.0078125
5,56,1,6,3.32222317e-06,2.02043182e-07,0.0608156547,0.0078125
5,56,1,7,3.32222317e-06,1.12932568e-07,0.0339930728,0.0078125
5,56,1,8,3.32222317e-06,7.29632603e-08,0.0219621789,0.0078125
5,56,1,9,3.32222317e-06,4.22996571e-08,0.0127323344,0.0078125
5,57,1,0,3.23073778e-06,2.25804206e-06,0.698924601,0.0078125
5,57,1,1,3.23073778e-06,1.71202282e-06,0.529917002,0.0078125
5,57,1,2,3.23073778e-06,1.42540352e-06,0.441200614,0.0078125
5,57,1,3,3.23073778e-06,1.02838101e-06,0.318311512,0.0078125
5,57,1,4,3.23073778e-06,6.17688613e-07,0.191191196,0.0078125
5,57,1,5,3.23073778e-06,3.70772796e-07,0.114764124,0.0078125
5,57,1,6,3.23073778e-06,2.00794261e-07,0.0621512085,0.0078125
5,57,1,7,3.23073778e-06,1.10978888e-07,0.0343509428,0.0078125
5,57,1,8,3.23073778e-06,7.1061983e-08,0.0219955891,0.0078125
5,57,1,9,3.23073778e-06,4.14965449e-08,0.0128442934,0.0078125
5,58,1,0,3.01200521e-06,2.21196387e-06,0.73438251,0.0078125
5,58,1,1,3.01200521e-06,1.71856595e-06,0.570572019,0.0078125
5,58,1,2,3.01200521e-06,1.43952309e-06,0.477928489,0.0078125
5,58,1,3,3.01200521e-06,1.07253652e-06,0.356087208,0.0078125
5,58,1,4,3.01200521e-06,6.11822145e-07,0.203127846,0.0078125
5,58,1,5,3.01200521e-06,3.68902136e-07,0.122477256,0.0078125
5,58,1,6,3.01200521e-06,1.98505631e-07,0.065904811,0.0078125
5,58,1,7,3.01200521e-06,1.08524461e-07,0.0360306352,0.0078125
5,58,1,8,3.01200521e-06,7.06164158e-08,0.0234449841,0.0078125
5,58,1,9,3.01200521e-06,4.07806837e-08,0.0135393804,0.0078125
5,59,1,0,3.18505863e-06,2.31966646e-06,0.72829634,0.0078125
5,59,1,1,3.18505863e-06,1.79024846e-06,0.562077105,0.0078125
5,59,1,2,3.18505863e-06,1.45581316e-06,0.457075775,0.0078125
5,59,1,3,3.18505863e-06,1.05902313e-06,0.332497209,0.0078125
5,59,1,4,3.18505863e-06,6.28218629e-07,0.197239265,0.0078125
5,59,1,5,3.18505863e-06,3.75821031e-07,0.117995009,0.0078125
5,59,1,6,3.18505863e-06,2.02841449e-07,0.0636853129,0.0078125
5,59,1,7,3.18505863e-06,1.10551206e-07,0.0347093157,0.0078125
5,59,1,8,3.18505863e-06,7.15002884e-08,0.0224486571,0.0078125
5,59,1,9,3.18505863e-06,4.19905177e-08,0.0131835938,0.0078125
5,60,1,0,3.57942281e-06,2.52218615e-06,0.704634905,0.0078125
5,60,1,1,3.57942281e-06,1.91429126e-06,0.534804463,0.0078125
5,60,1,2,3.57942281e-06,1.56694477e-06,0.437764645,0.0078125
5,60,1,3,3.57942281e-06,1.10749397e-06,0.309405744,0.0078125
5,60,1,4,3.57942281e-06,6.24529775e-07,0.174477786,0.0078125
5,60,1,5,3.57942281e-06,3.74934018e-07,0.104747057,0.0078125
5,60,1,6,3.57942281e-06,1.99170998e-07,0.0556433275,0.0078125
5,60,1,7,3.57942281e-06,1.08399391e-07,0.0302840415,0.0078125
5,60,1,8,3.57942281e-06,7.04732273e-08,0.019688433,0.0078125
5,60,1,9,3.57942281e-06,4.20474429e-08,0.0117469896,0.0078125
5,61,1,0,3.59193632e-06,2.51126926e-06,0.699140787,0.0078125
5,61,1,1,3.59193632e-06,1.90783408e-06,0.531143606,0.0078125
5,61,1,2,3.59193632e-06,1.51051938e-06,0.420530677,0.0078125
5,61,1,3,3.59193632e-06,1.08579252e-06,0.302286118,0.0078125
5,61,1,4,3.59193632e-06,6.30671479e-07,0.175579801,0.0078125
5,61,1,5,3.59193632e-06,3.78967826e-07,0.105505161,0.0078125
5,61,1,6,3.59193632e-06,2.03653542e-07,0.0566974245,0.0078125
5,61,1,7,3.59193632e-06,1.11353998e-07,0.0310011059,0.0078125
5,61,1,8,3.59193632e-06,7.15969222e-08,0.0199326817,0.0078125
5,61,1,9,3.59193632e-06,4.19872386e-08,0.0116893044,0.0078125
5,62,1,0,3.74157321e-06,2.40491249e-06,0.642754376,0.0078125
5,62,1,1,3.74157321e-06,1.81267774e-06,0.484469414,0.0078125
5,62,1,2,3.74157321e-06,1.45418835e-06,0.388656914,0.0078125
5,62,1,3,3.74157321e-06,9.85432507e-07,0.263373852,0.0078125
5,62,1,4,3.74157321e-06,6.10403958e-07,0.163140997,0.0078125
5,62,1,5,3.74157321e-06,3.86107558e-07,0.103193909,0.0078125
5,62,1,6,3.74157321e-06,2.08941316e-07,0.0558431707,0.0078125
5,62,1,7,3.74157321e-06,1.14618985e-07,0.0306339022,0.0078125
5,62,1,8,3.74157321e-06,7.45964499e-08,0.0199371893,0.0078125
5,62,1,9,3.74157321e-06,4.40618102e-08,0.0117762787,0.0078125
5,63,1,0,3.64601306e-06,2.4229696e-06,0.664553165,0.0078125
5,63,1,1,3.64601306e-06,1.8060382e-06,0.495346069,0.0078125
5,63,1,2,3.64601306e-06,1.47169555e-06,0.403645158,0.0078125
5,63,1,3,3.64601306e-06,1.05629056e-06,0.289711118,0.0078125
5,63,1,4,3.64601306e-06,6.29831732e-07,0.172745332,0.0078125
5,63,1,5,3.64601306e-06,3.86623583e-07,0.106040098,0.0078125
5,63,1,6,3.64601306e-06,2.09116095e-07,0.0573547296,0.0078125
5,63,1,7,3.64601306e-06,1.15916784e-07,0.0317927524,0.0078125
5,63,1,8,3.64601306e-06,7.4947323e-08,0.0205559675,0.0078125
5,63,1,9,3.64601306e-06,4.38918981e-08,0.0120383268,0.0078125
5,64,1,0,3.64021253e-06,2.36720507e-06,0.650293112,0.0078125
5,64,1,1,3.64021253e-06,1.77536992e-06,0.487710506,0.0078125
5,64,1,2,3.64021253e-06,1.45846286e-06,0.400653213,0.0078125
5,64,1,3,3.64021253e-06,1.04036769e-06,0.285798609,0.0078125
5,64,1,4,3.64021253e-06,6.38547988e-07,0.175415024,0.0078125
5,64,1,5,3.64021253e-06,3.88846814e-07,0.106819808,0.0078125
5,64,1,6,3.64021253e-06,2.14578009e-07,0.0589465611,0.0078125
5,64,1,7,3.64021253e-06,1.20236919e-07,0.0330301933,0.0078125
5,64,1,8,3.64021253e-06,7.8182012e-08,0.0214773212,0.0078125
5,64,1,9,3.64021253e-06,4.5879851e-08,0.0126036191,0.0078125
5,65,1,0,3.45646549e-06,2.30540786e-06,0.6669842,0.0078125
5,65,1,1,3.45646549e-06,1.73341255e-06,0.50149858,0.0078125
5,65,1,2,3.45646549e-06,1.4465063e-06,0.418492913,0.0078125
5,65,1,3,3.45646549e-06,1.0604648e-06,0.306806117,0.0078125
5,65,1,4,3.45646549e-06,6.45142222e-07,0.186647952,0.0078125
5,65,1,5,3.45646549e-06,3.93653579e-07,0.113889053,0.0078125
5,65,1,6,3.45646549e-06,2.1799265e-07,0.0630680844,0.0078125
5,65,1,7,3.45646549e-06,1.21931862e-07,0.0352764577,0.0078125
5,65,1,8,3.45646549e-06,7.96051935e-08,0.0230308082,0.0078125
5,65,1,9,3.45646549e-06,4.65151864e-08,0.0134574426,0.0078125
5,66,1,0,3.42201861e-06,2.38369307e-06,0.696575105,0.0078125
5,66,1,1,3.42201861e-06,1.84653447e-06,0.539603889,0.0078125
5,66,1,2,3.42201861e-06,1.50611652e-06,0.440125167,0.0078125
5,66,1,3,3.42201861e-06,1.0753638e-06,0.314248383,0.0078125
5,66,1,4,3.42201861e-06,6.46719627e-07,0.188987762,0.0078125
5,66,1,5,3.42201861e-06,3.95558459e-07,0.115592144,0.0078125
5,66,1,6,3.42201861e-06,2.15432877e-07,0.0629549101,0.0078125
5,66,1,7,3.42201861e-06,1.21554578e-07,0.0355213098,0.0078125
5,66,1,8,3.42201861e-06,7.77491991e-08,0.0227202736,0.0078125
5,66,1,9,3.42201861e-06,4.5784514e-08,0.0133793876,0.0078125
5,67,1,0,3.41257214e-06,2.44173793e-06,0.715512455,0.0078125
5,67,1,1,3.41257214e-06,1.86130671e-06,0.545426309,0.0078125
5,67,1,2,3.41257214e-06,1.52909718e-06,0.448077619,0.0078125
5,67,1,3,3.41257214e-06,1.10251744e-06,0.323075205,0.0078125
5,67,1,4,3.41257214e-06,6.49457661e-07,0.190313235,0.0078125
5,67,1,5,3.41257214e-06,3.94790533e-07,0.115687087,0.0078125
5,67,1,6,3.41257214e-06,2.16828582e-07,0.0635381714,0.0078125
5,67,1,7,3.41257214e-06,1.20688156e-07,0.0353657454,0.0078125
5,67,1,8,3.41257214e-06,7.59812551e-08,0.022265099,0.0078125
5,67,1,9,3.41257214e-06,4.50477806e-08,0.0132005354,0.0078125
5,68,1,0,3.28948931e-06,2.38135976e-06,0.723929942,0.0078125
5,68,1,1,3.28948931e-06,1.83260101e-06,0.557108045,0.0078125
5,68,1,2,3.28948931e-06,1.45711215e-06,0.442959994,0.0078125
5,68,1,3,3.28948931e-06,9.91420961e-07,0.301390529,0.0078125
5,68,1,4,3.28948931e-06,6.2524407e-07,0.190073296,0.0078125
5,68,1,5,3.28948931e-06,3.94833933e-07,0.120028943,0.0078125
5,68,1,6,3.28948931e-06,2.16449266e-07,0.0658002645,0.0078125
5,68,1,7,3.28948931e-06,1.18633366e-07,0.0360643715,0.0078125
5,68,1,8,3.28948931e-06,7.49991358e-08,0.0227996297,0.0078125
5,68,1,9,3.28948931e-06,4.40168364e-08,0.0133810546,0.0078125
5,69,1,0,3.36804715e-06,2.35638095e-06,0.699628234,0.0078125
5,69,1,1,3.36804715e-06,1.79724702e-06,0.53361696,0.0078125
5,69,1,2,3.36804715e-06,1.42812496e-06,0.424021661,0.0078125
5,69,1,3,3.36804715e-06,9.71832151e-07,0.288544685,0.0078125
5,69,1,4,3.36804715e-06,6.25386406e-07,0.185682207,0.0078125
5,69,1,5,3.36804715e-06,3.90263665e-07,0.115872391,0.0078125
5,69,1,6,3.36804715e-06,2.17524587e-07,0.0645847842,0.0078125
5,69,1,7,3.36804715e-06,1.17060587e-07,0.0347562209,0.0078125
5,69,1,8,3.36804715e-06,7.4531016e-08,0.0221288521,0.0078125
5,69,1,9,3.36804715e-06,4.37163798e-08,0.0129797412,0.0078125
5,70,1,0,3.238707e-06,2.25774443e-06,0.697112918,0.0078125
5,70,1,1,3.238707e-06,1.78391042e-06,0.550809443,0.0078125
5,70,1,2,3.238707e-06,1.47968717e-06,0.45687589,0.0078125
5,70,1,3,3.238707e-06,1.07419817e-06,0.331674993,0.0078125
5,70,1,4,3.238707e-06,6.39142797e-07,0.197345048,0.0078125
5,70,1,5,3.238707e-06,3.90018045e-07,0.120423995,0.0078125
5,70,1,6,3.238707e-06,2.14291035e-07,0.0661656111,0.0078125
5,70,1,7,3.238707e-06,1.15003076e-07,0.0355089456,0.0078125
5,70,1,8,3.238707e-06,7.29402529e-08,0.022521412,0.0078125
5,70,1,9,3.238707e-06,4.32719993e-08,0.0133608878,0.0078125
5,71,1,0,3.18231173e-06,2.2287868e-06,0.700367212,0.0078125
5,71,1,1,3.18231173e-06,1.7683077e-06,0.555667639,0.0078125
5,71,1,2,3.18231173e-06,1.47055005e-06,0.462101191,0.0078125
5,71,1,3,3.18231173e-06,1.08310178e-06,0.340350628,0.0078125
5,71,1,4,3.18231173e-06,6.50047753e-07,0.204269037,0.0078125
5,71,1,5,3.18231173e-06,3.8865258e-07,0.122129008,0.0078125
5,71,1,6,3.18231173e-06,2.15744649e-07,0.0677949414,0.0078125
5,71,1,7,3.18231173e-06,1.15238464e-07,0.0362121873,0.0078125
5,71,1,8,3.18231173e-06,7.47816102e-08,0.0234991461,0.0078125
5,71,1,9,3.18231173e-06,4.47761721e-08,0.0140703283,0.0078125
5,72,1,0,3.23856875e-06,2.38328903e-06,0.735908091,0.0078125
5,72,1,1,3.23856875e-06,1.90691674e-06,0.588814676,0.0078125
5,72,1,2,3.23856875e-06,1.51518532e-06,0.467856467,0.0078125
5,72,1,3,3.23856875e-06,1.07744984e-06,0.332693219,0.0078125
5,72,1,4,3.23856875e-06,6.49148944e-07,0.200443164,0.0078125
5,72,1,5,3.23856875e-06,3.90790717e-07,0.120667726,0.0078125
5,72,1,6,3.23856875e-06,2.15039108e-07,0.0663994253,0.0078125
5,72,1,7,3.23856875e-06,1.16155739e-07,0.0358663797,0.0078125
5,72,1,8,3.23856875e-06,7.41599635e-08,0.0228989925,0.0078125
5,72,1,9,3.23856875e-06,4.45250024e-08,0.013748358,0.0078125
5,73,1,0,3.24255166e-06,2.33831611e-06,0.721134603,0.0078125
5,73,1,1,3.24255166e-06,1.87844807e-06,0.579311669,0.0078125
5,73,1,2,3.24255166e-06,1.54933332e-06,0.477813005,0.0078125
5,73,1,3,3.24255166e-06,1.10826215e-06,0.34178704,0.0078125
5,73,1,4,3.24255166e-06,6.60077887e-07,0.20356743,0.0078125
5,73,1,5,3.24255166e-06,3.90430188e-07,0.120408319,0.0078125
5,73,1,6,3.24255166e-06,2.17099924e-07,0.0669534206,0.0078125
5,73,1,7,3.24255166e-06,1.19082777e-07,0.0367250219,0.0078125
5,73,1,8,3.24255166e-06,7.59087158e-08,0.0234101787,0.0078125
5,73,1,9,3.24255166e-06,4.58395881e-08,0.0141368872,0.0078125
5,74,1,0,3.36587163e-06,2.30818819e-06,0.685762405,0.0078125
5,74,1,1,3.36587163e-06,1.83647035e-06,0.545615077,0.0078125
5,74,1,2,3.36587163e-06,1.46059131e-06,0.433941483,0.0078125
5,74,1,3,3.36587163e-06,9.98115411e-07,0.296539962,0.0078125
5,74,1,4,3.36587163e-06,6.33380637e-07,0.188177302,0.0078125
5,74,1,5,3.36587163e-06,3.91602583e-07,0.11634507,0.0078125
5,74,1,6,3.36587163e-06,2.17873747e-07,0.0647302568,0.0078125
5,74,1,7,3.36587163e-06,1.20707924e-07,0.035862308,0.0078125
5,74,1,8,3.36587163e-06,7.82394096e-08,0.0232449174,0.0078125
5,74,1,9,3.36587163e-06,4.75197552e-08,0.0141181126,0.0078125
5,75,1,0,3.18996877e-06,2.30235833e-06,0.721749485,0.0078125
5,75,1,1,3.18996877e-06,1.8578603e-06,0.582407057,0.0078125
5,75,1,2,3.18996877e-06,1.52951998e-06,0.479478031,0.0078125
5,75,1,3,3.18996877e-06,1.09041468e-06,0.341826141,0.0078125
5,75,1,4,3.18996877e-06,6.5761111e-07,0.206149697,0.0078125
5,75,1,5,3.18996877e-06,3.89837282e-07,0.122207239,0.0078125
5,75,1,6,3.18996877e-06,2.1076707e-07,0.0660718307,0.0078125
5,75,1,7,3.18996877e-06,1.15245605e-07,0.036127504,0.0078125
5,75,1,8,3.18996877e-06,7.55153451e-08,0.0236727539,0.0078125
5,75,1,9,3.18996877e-06,4.61452352e-08,0.0144657325,0.0078125
5,76,1,0,3.06506649e-06,2.23308712e-06,0.728560746,0.0078125
5,76,1,1,3.06506649e-06,1.85331942e-06,0.604658782,0.0078125
5,76,1,2,3.06506649e-06,1.47299511e-06,0.480575264,0.0078125
5,76,1,3,3.06506649e-06,1.01693456e-06,0.331782222,0.0078125
5,76,1,4,3.06506649e-06,6.46114813e-07,0.210799605,0.0078125
5,76,1,5,3.06506649e-06,3.84823522e-07,0.125551447,0.0078125
5,76,1,6,3.06506649e-06,2.07128977e-07,0.0675773174,0.0078125
5,76,1,7,3.06506649e-06,1.11955949e-07,0.0365264341,0.0078125
5,76,1,8,3.06506649e-06,7.34764285e-08,0.0239722133,0.0078125
5,76,1,9,3.06506649e-06,4.49377389e-08,0.0146612609,0.0078125
5,77,1,0,3.27733801e-06,2.38658595e-06,0.728208661,0.0078125
5,77,1,1,3.27733801e-06,1.88255115e-06,0.57441473,0.0078125
5,77,1,2,3.27733801e-06,1.45906563e-06,0.445198387,0.0078125
5,77,1,3,3.27733801e-06,1.01616922e-06,0.310059339,0.0078125
5,77,1,4,3.27733801e-06,6.39791949e-07,0.195216954,0.0078125
5,77,1,5,3.27733801e-06,3.87805727e-07,0.118329488,0.0078125
5,77,1,6,3.27733801e-06,2.06673406e-07,0.063061364,0.0078125
5,77,1,7,3.27733801e-06,1.1200995e-07,0.0341771133,0.0078125
5,77,1,8,3.27733801e-06,7.29045055e-08,0.0222450364,0.0078125
5,77,1,9,3.27733801e-06,4.51917082e-08,0.0137891509,0.0078125
5,78,1,0,3.20495292e-06,2.31547892e-06,0.722468913,0.0078125
5,78,1,1,3.20495292e-06,1.86315606e-06,0.581336498,0.0078125
5,78,1,2,3.20495292e-06,1.47349078e-06,0.459754258,0.0078125
5,78,1,3,3.20495292e-06,1.03856109e-06,0.324048787,0.0078125
5,78,1,4,3.20495292e-06,6.42543569e-07,0.200484559,0.0078125
5,78,1,5,3.20495292e-06,3.82872855e-07,0.119462863,0.0078125
5,78,1,6,3.20495292e-06,2.09434418e-07,0.0653471127,0.0078125
5,78,1,7,3.20495292e-06,1.11214085e-07,0.0347006917,0.0078125
5,78,1,8,3.20495292e-06,7.27613525e-08,0.0227027833,0.0078125
5,78,1,9,3.20495292e-06,4.49743531e-08,0.0140327653,0.0078125
5,79,1,0,3.27293174e-06,2.3730056e-06,0.725039721,0.0078125
5,79,1,1,3.27293174e-06,1.85936335e-06,0.568103313,0.0078125
5,79,1,2,3.27293174e-06,1.47381741e-06,0.450304955,0.0078125
5,79,1,3,3.27293174e-06,1.03482739e-06,0.316177517,0.0078125
5,79,1,4,3.27293174e-06,6.37372978e-07,0.194740683,0.0078125
5,79,1,5,3.27293174e-06,3.87420613e-07,0.118371129,0.0078125
5,79,1,6,3.27293174e-06,2.09103547e-07,0.0638887584,0.0078125
5,79,1,7,3.27293174e-06,1.1253335e-07,0.0343830436,0.0078125
5,79,1,8,3.27293174e-06,7.30437506e-08,0.0223175287,0.0078125
5,79,1,9,3.27293174e-06,4.49815616e-08,0.0137435077,0.0078125
5,80,1,0,3.39745407e-06,2.35225957e-06,0.692359507,0.0078125
5,80,1,1,3.39745407e-06,1.84715839e-06,0.543689013,0.0078125
5,80,1,2,3.39745407e-06,1.4920173e-06,0.439157456,0.0078125
5,80,1,3,3.39745407e-06,1.06105381e-06,0.31230852,0.0078125
5,80,1,4,3.39745407e-06,6.5131934e-07,0.191708058,0.0078125
5,80,1,5,3.39745407e-06,3.93199485e-07,0.115733571,0.0078125
5,80,1,6,3.39745407e-06,2.15048459e-07,0.0632969439,0.0078125
5,80,1,7,3.39745407e-06,1.15000624e-07,0.0338490605,0.0078125
5,80,1,8,3.39745407e-06,7.51178248e-08,0.0221100338,0.0078125
5,80,1,9,3.39745407e-06,4.6403045e-08,0.0136581818,0.0078125
5,81,1,0,3.51800259e-06,2.41980911e-06,0.687836051,0.0078125
5,81,1,1,3.51800259e-06,1.8297535e-06,0.520111442,0.0078125
5,81,1,2,3.51800259e-06,1.45961008e-06,0.414897382,0.0078125
5,81,1,3,3.51800259e-06,1.02399144e-06,0.291071832,0.0078125
5,81,1,4,3.51800259e-06,6.39438952e-07,0.181761935,0.0078125
5,81,1,5,3.51800259e-06,3.85629164e-07,0.109615944,0.0078125
5,81,1,6,3.51800259e-06,2.11400348e-07,0.060091015,0.0078125
5,81,1,7,3.51800259e-06,1.15317611e-07,0.0327792838,0.0078125
5,81,1,8,3.51800259e-06,7.39619352e-08,0.0210238434,0.0078125
5,81,1,9,3.51800259e-06,4.58236542e-08,0.0130254747,0.0078125
5,82,1,0,3.6795218e-06,2.47657613e-06,0.673070133,0.0078125
5,82,1,1,3.6795218e-06,1.81988253e-06,0.494597554,0.0078125
5,82,1,2,3.6795218e-06,1.43996624e-06,0.391346037,0.0078125
5,82,1,3,3.6795218e-06,9.81892072e-07,0.266853184,0.0078125
5,82,1,4,3.6795218e-06,6.3048634e-07,0.171350077,0.0078125
5,82,1,5,3.6795218e-06,3.84180936e-07,0.104410559,0.0078125
5,82,1,6,3.6795218e-06,2.12671097e-07,0.0577985682,0.0078125
5,82,1,7,3.6795218e-06,1.15501599e-07,0.0313903838,0.0078125
5,82,1,8,3.6795218e-06,7.43465023e-08,0.0202054791,0.0078125
5,82,1,9,3.6795218e-06,4.61454412e-08,0.0125411516,0.0078125
5,83,1,0,3.50111964e-06,2.4594201e-06,0.702466726,0.0078125
5,83,1,1,3.50111964e-06,1.84716669e-06,0.527593136,0.0078125
5,83,1,2,3.50111964e-06,1.45445279e-06,0.415425032,0.0078125
5,83,1,3,3.50111964e-06,9.63049274e-07,0.275068939,0.0078125
5,83,1,4,3.50111964e-06,6.14566829e-07,0.175534368,0.0078125
5,83,1,5,3.50111964e-06,3.76173602e-07,0.107443802,0.0078125
5,83,1,6,3.50111964e-06,2.07390897e-07,0.0592355914,0.0078125
5,83,1,7,3.50111964e-06,1.151544e-07,0.0328907371,0.0078125
5,83,1,8,3.50111964e-06,7.45165636e-08,0.0212836377,0.0078125
5,83,1,9,3.50111964e-06,4.53681359e-08,0.0129581792,0.0078125
5,84,1,0,3.32383092e-06,2.3456264e-06,0.705699682,0.0078125
5,84,1,1,3.32383092e-06,1.781793e-06,0.536066055,0.0078125
5,84,1,2,3.32383092e-06,1.44947251e-06,0.436084896,0.0078125
5,84,1,3,3.32383092e-06,1.00952559e-06,0.303723514,0.0078125
5,84,1,4,3.32383092e-06,6.27639452e-07,0.188830137,0.0078125
5,84,1,5,3.32383092e-06,3.84968075e-07,0.115820594,0.0078125
5,84,1,6,3.32383092e-06,2.07754908e-07,0.0625046566,0.0078125
5,84,1,7,3.32383092e-06,1.16300363e-07,0.0349898562,0.0078125
5,84,1,8,3.32383092e-06,7.52562812e-08,0.0226414297,0.0078125
5,84,1,9,3.32383092e-06,4.54501681e-08,0.013674031,0.0078125
5,85,1,0,3.42528392e-06,2.45077399e-06,0.71549511,0.0078125
5,85,1,1,3.42528392e-06,1.83030886e-06,0.534352481,0.0078125
5,85,1,2,3.42528392e-06,1.4417501e-06,0.420914054,0.0078125
5,85,1,3,3.42528392e-06,8.99186205e-07,0.262514353,0.0078125
5,85,1,4,3.42528392e-06,5.57388262e-07,0.162727609,0.0078125
5,85,1,5,3.42528392e-06,3.61633312e-07,0.105577618,0.0078125
5,85,1,6,3.42528392e-06,2.08625806e-07,0.0609075949,0.0078125
5,85,1,7,3.42528392e-06,1.17089662e-07,0.0341839306,0.0078125
5,85,1,8,3.42528392e-06,7.45714246e-08,0.021770874,0.0078125
5,85,1,9,3.42528392e-06,4.57124045e-08,0.0133455815,0.0078125
5,86,1,0,3.35396157e-06,2.41977114e-06,0.721466541,0.0078125
5,86,1,1,3.35396157e-06,1.79901622e-06,0.536385477,0.0078125
5,86,1,2,3.35396157e-06,1.40887573e-06,0.420063168,0.0078125
5,86,1,3,3.35396157e-06,8.77192065e-07,0.261539102,0.0078125
5,86,1,4,3.35396157e-06,5.38296831e-07,0.160495833,0.0078125
5,86,1,5,3.35396157e-06,3.43267658e-07,0.102346927,0.0078125
5,86,1,6,3.35396157e-06,2.06419429e-07,0.0615449585,0.0078125
5,86,1,7,3.35396157e-06,1.15827909e-07,0.0345346555,0.0078125
5,86,1,8,3.35396157e-06,7.52860601e-08,0.0224469062,0.0078125
5,86,1,9,3.35396157e-06,4.56130458e-08,0.0135997524,0.0078125
5,87,1,0,3.33589105e-06,2.42522378e-06,0.727009296,0.0078125
5,87,1,1,3.33589105e-06,1.81442522e-06,0.543910205,0.0078125
5,87,1,2,3.33589105e-06,1.41693499e-06,0.42475459,0.0078125
5,87,1,3,3.33589105e-06,8.61861395e-07,0.258360177,0.0078125
5,87,1,4,3.33589105e-06,5.12643282e-07,0.153675064,0.0078125
5,87,1,5,3.33589105e-06,2.89487929e-07,0.0867797881,0.0078125
5,87,1,6,3.33589105e-06,1.74989495e-07,0.0524565987,0.0078125
5,87,1,7,3.33589105e-06,1.12852511e-07,0.0338297971,0.0078125
5,87,1,8,3.33589105e-06,7.26386062e-08,0.0217748731,0.0078125
5,87,1,9,3.33589105e-06,4.50149322e-08,0.0134941256,0.0078125
5,88,1,0,3.337512e-06,2.42779333e-06,0.727426112,0.0078125
5,88,1,1,3.337512e-06,1.83347413e-06,0.54935354,0.0078125
5,88,1,2,3.337512e-06,1.44346234e-06,0.432496518,0.0078125
5,88,1,3,3.337512e-06,9.0135012e-07,0.27006647,0.0078125
5,88,1,4,3.337512e-06,5.63252343e-07,0.168764144,0.0078125
5,88,1,5,3.337512e-06,3.67359291e-07,0.110069804,0.0078125
5,88,1,6,3.337512e-06,2.08993825e-07,0.0626196489,0.0078125
5,88,1,7,3.337512e-06,1.17365431e-07,0.0351655446,0.0078125
5,88,1,8,3.337512e-06,7.31591712e-08,0.0219202712,0.0078125
5,88,1,9,3.337512e-06,4.51248354e-08,0.0135205016,0.0078125
5,89,1,0,3.25992551e-06,2.45565775e-06,0.753286481,0.0078125
5,89,1,1,3.25992551e-06,1.82727979e-06,0.5605281,0.0078125
5,89,1,2,3.25992551e-06,1.40075508e-06,0.429689288,0.0078125
5,89,1,3,3.25992551e-06,8.50782158e-07,0.260982096,0.0078125
5,89,1,4,3.25992551e-06,5.03809872e-07,0.15454644,0.0078125
5,89,1,5,3.25992551e-06,2.83040578e-07,0.0868242458,0.0078125
5,89,1,6,3.25992551e-06,1.65375482e-07,0.0507298335,0.0078125
5,89,1,7,3.25992551e-06,1.11258188e-07,0.0341290571,0.0078125
5,89,1,8,3.25992551e-06,7.25765545e-08,0.022263255,0.0078125
5,89,1,9,3.25992551e-06,4.60869387e-08,0.0141374208,0.0078125
5,90,1,0,3.31773117e-06,2.29837178e-06,0.69275409,0.0078125
5,90,1,1,3.31773117e-06,1.77309175e-06,0.534429014,0.0078125
5,90,1,2,3.31773117e-06,1.43019906e-06,0.431077451,0.0078125
5,90,1,3,3.31773117e-06,9.52195705e-07,0.287002057,0.0078125
5,90,1,4,3.31773117e-06,6.09258962e-07,0.183637232,0.0078125
5,90,1,5,3.31773117e-06,3.74455055e-07,0.1128648,0.0078125
5,90,1,6,3.31773117e-06,2.0806776e-07,0.0627138689,0.0078125
5,90,1,7,3.31773117e-06,1.17293794e-07,0.0353536159,0.0078125
5,90,1,8,3.31773117e-06,7.29637009e-08,0.0219920464,0.0078125
5,90,1,9,3.31773117e-06,4.52901574e-08,0.0136509426,0.0078125
5,91,1,0,3.22019241e-06,2.28457907e-06,0.709454238,0.0078125
5,91,1,1,3.22019241e-06,1.70230157e-06,0.528633475,0.0078125
5,91,1,2,3.22019241e-06,1.36707911e-06,0.424533367,0.0078125
5,91,1,3,3.22019241e-06,8.49280013e-07,0.263735801,0.0078125
5,91,1,4,3.22019241e-06,5.02399018e-07,0.156015217,0.0078125
5,91,1,5,3.22019241e-06,2.80626978e-07,0.0871460289,0.0078125
5,91,1,6,3.22019241e-06,1.67829469e-07,0.0521178395,0.0078125
5,91,1,7,3.22019241e-06,1.11464921e-07,0.0346143655,0.0078125
5,91,1,8,3.22019241e-06,7.07117636e-08,0.0219588634,0.0078125
5,91,1,9,3.22019241e-06,4.39447625e-08,0.0136466259,0.0078125
5,92,1,0,3.08701397e-06,2.24046175e-06,0.725769877,0.0078125
5,92,1,1,3.08701397e-06,1.7693344e-06,0.573153973,0.0078125
5,92,1,2,3.08701397e-06,1.44096953e-06,0.466784269,0.0078125
5,92,1,3,3.08701397e-06,8.84433859e-07,0.286501408,0.0078125
5,92,1,4,3.08701397e-06,5.19629623e-07,0.168327585,0.0078125
5,92,1,5,3.08701397e-06,2.85225582e-07,0.0923952982,0.0078125
5,92,1,6,3.08701397e-06,1.77977157e-07,0.0576534979,0.0078125
5,92,1,7,3.08701397e-06,1.14498476e-07,0.0370903648,0.0078125
5,92,1,8,3.08701397e-06,7.13109642e-08,0.0231003053,0.0078125
5,92,1,9,3.08701397e-06,4.43576162e-08,0.0143691013,0.0078125
5,93,1,0,3.08918311e-06,2.21208688e-06,0.716075003,0.0078125
5,93,1,1,3.08918311e-06,1.71054614e-06,0.553721189,0.0078125
5,93,1,2,3.08918311e-06,1.43467503e-06,0.464418888,0.0078125
5,93,1,3,3.08918311e-06,9.81515996e-07,0.317726701,0.0078125
5,93,1,4,3.08918311e-06,6.14315354e-07,0.198860124,0.0078125
5,93,1,5,3.08918311e-06,3.72017155e-07,0.120425738,0.0078125
5,93,1,6,3.08918311e-06,2.02263806e-07,0.0654748529,0.0078125
5,93,1,7,3.08918311e-06,1.14978725e-07,0.0372197814,0.0078125
5,93,1,8,3.08918311e-06,7.10130195e-08,0.0229876377,0.0078125
5,93,1,9,3.08918311e-06,4.40598633e-08,0.0142626259,0.0078125
5,94,1,0,3.30642092e-06,2.35076891e-06,0.710970879,0.0078125
5,94,1,1,3.30642092e-06,1.84355781e-06,0.557569027,0.0078125
5,94,1,2,3.30642092e-06,1.45945342e-06,0.441399753,0.0078125
5,94,1,3,3.30642092e-06,9.28103589e-07,0.280697346,0.0078125
5,94,1,4,3.30642092e-06,5.95755921e-07,0.180181518,0.0078125
5,94,1,5,3.30642092e-06,3.67796048e-07,0.111236908,0.0078125
5,94,1,6,3.30642092e-06,2.06397942e-07,0.0624233708,0.0078125
5,94,1,7,3.30642092e-06,1.17043484e-07,0.0353988446,0.0078125
5,94,1,8,3.30642092e-06,7.14195991e-08,0.0216002744,0.0078125
5,94,1,9,3.30642092e-06,4.47977584e-08,0.013548716,0.0078125
5,95,1,0,3.17721242e-06,2.39584506e-06,0.754071414,0.0078125
5,95,1,1,3.17721242e-06,1.85661759e-06,0.584354281,0.0078125
5,95,1,2,3.17721242e-06,1.47092237e-06,0.462960035,0.0078125
5,95,1,3,3.17721242e-06,9.04020851e-07,0.284532696,0.0078125
5,95,1,4,3.17721242e-06,5.57729095e-07,0.175540388,0.0078125
5,95,1,5,3.17721242e-06,3.68858252e-07,0.116094932,0.0078125
5,95,1,6,3.17721242e-06,2.05966145e-07,0.0648260564,0.0078125
5,95,1,7,3.17721242e-06,1.18058082e-07,0.0371577553,0.0078125
5,95,1,8,3.17721242e-06,7.26402831e-08,0.0228628982,0.0078125
5,95,1,9,3.17721242e-06,4.50288411e-08,0.0141724367,0.0078125
5,96,1,0,3.29786872e-06,2.34804133e-06,0.711987495,0.0078125
5,96,1,1,3.29786872e-06,1.80487757e-06,0.547286034,0.0078125
5,96,1,2,3.29786872e-06,1.46771538e-06,0.445049673,0.0078125
5,96,1,3,3.29786872e-06,9.86494683e-07,0.299130976,0.0078125
5,96,1,4,3.29786872e-06,6.13238967e-07,0.185950086,0.0078125
5,96,1,5,3.29786872e-06,3.74321672e-07,0.113504119,0.0078125
5,96,1,6,3.29786872e-06,2.04878901e-07,0.0621246397,0.0078125
5,96,1,7,3.29786872e-06,1.14986115e-07,0.0348667949,0.0078125
5,96,1,8,3.29786872e-06,7.10986896e-08,0.0215589814,0.0078125
5,96,1,9,3.29786872e-06,4.46211459e-08,0.0135302981,0.0078125
5,97,1,0,3.24028656e-06,2.40065447e-06,0.740877211,0.0078125
5,97,1,1,3.24028656e-06,1.81205564e-06,0.55922699,0.0078125
5,97,1,2,3.24028656e-06,1.44521914e-06,0.446015835,0.0078125
5,97,1,3,3.24028656e-06,9.0414261e-07,0.279031694,0.0078125
5,97,1,4,3.24028656e-06,5.63639844e-07,0.173947528,0.0078125
5,97,1,5,3.24028656e-06,3.66260167e-07,0.113033265,0.0078125
5,97,1,6,3.24028656e-06,2.0704914e-07,0.0638984069,0.0078125
5,97,1,7,3.24028656e-06,1.18034905e-07,0.0364273041,0.0078125
5,97,1,8,3.24028656e-06,7.35640313e-08,0.0227029398,0.0078125
5,97,1,9,3.24028656e-06,4.61804213e-08,0.0142519558,0.0078125
5,98,1,0,3.28480792e-06,2.40470581e-06,0.732068956,0.0078125
5,98,1,1,3.28480792e-06,1.82744941e-06,0.556333721,0.0078125
5,98,1,2,3.28480792e-06,1.43789123e-06,0.437739819,0.0078125
5,98,1,3,3.28480792e-06,8.94746677e-07,0.272389352,0.0078125
5,98,1,4,3.28480792e-06,5.28305179e-07,0.160832897,0.0078125
5,98,1,5,3.28480792e-06,3.32772714e-07,0.101306595,0.0078125
5,98,1,6,3.28480792e-06,2.05354652e-07,0.0625164881,0.0078125
5,98,1,7,3.28480792e-06,1.21277139e-07,0.0369206183,0.0078125
5,98,1,8,3.28480792e-06,7.53420224e-08,0.0229365081,0.0078125
5,98,1,9,3.28480792e-06,4.74159769e-08,0.0144349318,0.0078125
5,99,1,0,3.41131022e-06,2.4604833e-06,0.72127223,0.0078125
5,99,1,1,3.41131022e-06,1.8099463e-06,0.530572176,0.0078125
5,99,1,2,3.41131022e-06,1.41680607e-06,0.415326059,0.0078125
5,99,1,3,3.41131022e-06,9.11267875e-07,0.267131329,0.0078125
5,99,1,4,3.41131022e-06,5.69364829e-07,0.166905031,0.0078125
5,99,1,5,3.41131022e-06,3.72881033e-07,0.109307274,0.0078125
5,99,1,6,3.41131022e-06,2.13310585e-07,0.0625303984,0.0078125
5,99,1,7,3.41131022e-06,1.23406664e-07,0.036175739,0.0078125
5,99,1,8,3.41131022e-06,7.58621113e-08,0.0222384091,0.0078125
5,99,1,9,3.41131022e-06,4.82386326e-08,0.0141407931,0.0078125
5,100,1,0,3.16722094e-06,2.30150317e-06,0.726663291,0.0078125
5,100,1,1,3.16722094e-06,1.71142244e-06,0.540354609,0.0078125
5,100,1,2,3.16722094e-06,1.38101439e-06,0.436033487,0.0078125
5,100,1,3,3.16722094e-06,8.77358843e-07,0.277012199,0.0078125
5,100,1,4,3.16722094e-06,5.53995278e-07,0.174915254,0.0078125
5,100,1,5,3.16722094e-06,3.61102025e-07,0.114012264,0.0078125
5,100,1,6,3.16722094e-06,2.05205282e-07,0.0647903308,0.0078125
5,100,1,7,3.16722094e-06,1.1654808e-07,0.0367982164,0.0078125
5,100,1,8,3.16722094e-06,7.17506694e-08,0.0226541404,0.0078125
5,100,1,9,3.16722094e-06,4.59471003e-08,0.0145070711,0.0078125
5,101,1,0,3.31341175e-06,2.36284859e-06,0.713116527,0.0078125
5,101,1,1,3.31341175e-06,1.75382593e-06,0.52931118,0.0078125
5,101,1,2,3.31341175e-06,1.45175648e-06,0.438145518,0.0078125
5,101,1,3,3.31341175e-06,1.02212391e-06,0.308480799,0.0078125
5,101,1,4,3.31341175e-06,6.41271015e-07,0.19353798,0.0078125
5,101,1,5,3.31341175e-06,3.84816445e-07,0.116139032,0.0078125
5,101,1,6,3.31341175e-06,2.08566775e-07,0.0629462302,0.0078125
5,101,1,7,3.31341175e-06,1.18728636e-07,0.0358327441,0.0078125
5,101,1,8,3.31341175e-06,7.30563201e-08,0.0220486689,0.0078125
5,101,1,9,3.31341175e-06,4.70271324e-08,0.014192964,0.0078125
5,102,1,0,3.28428541e-06,2.3460866e-06,0.714336991,0.0078125
5,102,1,1,3.28428541e-06,1.72697582e-06,0.52583003,0.0078125
5,102,1,2,3.28428541e-06,1.4440418e-06,0.439682186,0.0078125
5,102,1,3,3.28428541e-06,1.03214006e-06,0.314266264,0.0078125
5,102,1,4,3.28428541e-06,6.34729986e-07,0.193262741,0.0078125
5,102,1,5,3.28428541e-06,3.84371447e-07,0.117033511,0.0078125
5,102,1,6,3.28428541e-06,2.13794834e-07,0.0650963038,0.0078125
5,102,1,7,3.28428541e-06,1.19355207e-07,0.0363413021,0.0078125
5,102,1,8,3.28428541e-06,7.24773983e-08,0.0220679361,0.0078125
5,102,1,9,3.28428541e-06,4.61595135e-08,0.0140546598,0.0078125
5,103,1,0,3.1804027e-06,2.30764294e-06,0.725582004,0.0078125
5,103,1,1,3.1804027e-06,1.74930176e-06,0.550025225,0.0078125
5,103,1,2,3.1804027e-06,1.4408688e-06,0.453046024,0.0078125
5,103,1,3,3.1804027e-06,9.41218389e-07,0.295943141,0.0078125
5,103,1,4,3.1804027e-06,5.93582286e-07,0.186637461,0.0078125
5,103,1,5,3.1804027e-06,3.76854587e-07,0.11849273,0.0078125
5,103,1,6,3.1804027e-06,2.13684018e-07,0.0671877265,0.0078125
5,103,1,7,3.1804027e-06,1.18956542e-07,0.03740298,0.0078125
5,103,1,8,3.1804027e-06,7.28731635e-08,0.0229131877,0.0078125
5,103,1,9,3.1804027e-06,4.70513726e-08,0.014794156,0.0078125
5,104,1,0,3.2859059e-06,2.34042727e-06,0.712262392,0.0078125
5,104,1,1,3.2859059e-06,1.79483959e-06,0.5462237,0.0078125
5,104,1,2,3.2859059e-06,1.49014659e-06,0.453496426,0.0078125
5,104,1,3,3.2859059e-06,1.02796957e-06,0.312842071,0.0078125
5,104,1,4,3.2859059e-06,6.26956307e-07,0.190801665,0.0078125
5,104,1,5,3.2859059e-06,3.81446199e-07,0.116085552,0.0078125
5,104,1,6,3.2859059e-06,2.10590329e-07,0.0640889704,0.0078125
5,104,1,7,3.2859059e-06,1.17336128e-07,0.0357089117,0.0078125
5,104,1,8,3.2859059e-06,7.089794e-08,0.0215763748,0.0078125
5,104,1,9,3.2859059e-06,4.47923476e-08,0.0136316586,0.0078125
5,105,1,0,3.26499571e-06,2.32449111e-06,0.71194309,0.0078125
5,105,1,1,3.26499571e-06,1.78462165e-06,0.546592355,0.0078125
5,105,1,2,3.26499571e-06,1.4549272e-06,0.445613831,0.0078125
5,105,1,3,3.26499571e-06,9.17905481e-07,0.281135291,0.0078125
5,105,1,4,3.26499571e-06,5.63967262e-07,0.1727314,0.0078125
5,105,1,5,3.26499571e-06,3.70115572e-07,0.113358669,0.0078125
5,105,1,6,3.26499571e-06,2.1038808e-07,0.0644374788,0.0078125
5,105,1,7,3.26499571e-06,1.17467167e-07,0.0359777398,0.0078125
5,105,1,8,3.26499571e-06,7.12796364e-08,0.021831464,0.0078125
5,105,1,9,3.26499571e-06,4.54542999e-08,0.0139217032,0.0078125
5,106,1,0,3.30749685e-06,2.25444046e-06,0.681615293,0.0078125
5,106,1,1,3.30749685e-06,1.73345347e-06,0.524098277,0.0078125
5,106,1,2,3.30749685e-06,1.43535738e-06,0.433970898,0.0078125
5,106,1,3,3.30749685e-06,9.68160634e-07,0.29271701,0.0078125
5,106,1,4,3.30749685e-06,6.0145004e-07,0.181844473,0.0078125
5,106,1,5,3.30749685e-06,3.76955768e-07,0.113970108,0.0078125
5,106,1,6,3.30749685e-06,2.09964014e-07,0.0634812415,0.0078125
5,106,1,7,3.30749685e-06,1.18025817e-07,0.0356843323,0.0078125
5,106,1,8,3.30749685e-06,7.0422935e-08,0.0212919135,0.0078125
5,106,1,9,3.30749685e-06,4.44937029e-08,0.01345238,0.0078125
5,107,1,0,3.2664334e-06,2.2708266e-06,0.695200622,0.0078125
5,107,1,1,3.2664334e-06,1.75125297e-06,0.53613615,0.0078125
5,107,1,2,3.2664334e-06,1.4617425e-06,0.447504163,0.0078125
5,107,1,3,3.2664334e-06,1.00784666e-06,0.308546513,0.0078125
5,107,1,4,3.2664334e-06,6.17451178e-07,0.189029172,0.0078125
5,107,1,5,3.2664334e-06,3.81386542e-07,0.116759323,0.0078125
5,107,1,6,3.2664334e-06,2.12658804e-07,0.0651042834,0.0078125
5,107,1,7,3.2664334e-06,1.19657443e-07,0.0366324447,0.0078125
5,107,1,8,3.2664334e-06,7.16962845e-08,0.0219494104,0.0078125
5,107,1,9,3.2664334e-06,4.47353941e-08,0.0136954868,0.0078125
5,108,1,0,3.31047454e-06,2.33453534e-06,0.705196559,0.0078125
5,108,1,1,3.31047454e-06,1.78360153e-06,0.538775206,0.0078125
5,108,1,2,3.31047454e-06,1.50129006e-06,0.453496933,0.0078125
5,108,1,3,3.31047454e-06,1.0673923e-06,0.322428793,0.0078125
5,108,1,4,3.31047454e-06,6.34878518e-07,0.191778705,0.0078125
5,108,1,5,3.31047454e-06,3.90222311e-07,0.11787504,0.0078125
5,108,1,6,3.31047454e-06,2.18132413e-07,0.0658915862,0.0078125
5,108,1,7,3.31047454e-06,1.2187796e-07,0.0368158594,0.0078125
5,108,1,8,3.31047454e-06,7.28062446e-08,0.0219926909,0.0078125
5,108,1,9,3.31047454e-06,4.55538007e-08,0.0137605052,0.0078125
5,109,1,0,3.23896211e-06,2.29551983e-06,0.708720803,0.0078125
5,109,1,1,3.23896211e-06,1.76273647e-06,0.544228792,0.0078125
5,109,1,2,3.23896211e-06,1.4426181e-06,0.445395172,0.0078125
5,109,1,3,3.23896211e-06,1.00649845e-06,0.310747206,0.0078125
5,109,1,4,3.23896211e-06,6.19469631e-07,0.191255599,0.0078125
5,109,1,5,3.23896211e-06,3.86678948e-07,0.119383596,0.0078125
5,109,1,6,3.23896211e-06,2.15212765e-07,0.0664449781,0.0078125
5,109,1,7,3.23896211e-06,1.22029519e-07,0.0376754999,0.0078125
5,109,1,8,3.23896211e-06,7.30188177e-08,0.0225438941,0.0078125
5,109,1,9,3.23896211e-06,4.54866331e-08,0.0140435826,0.0078125
5,110,1,0,3.25187034e-06,2.28754425e-06,0.703454912,0.0078125
5,110,1,1,3.25187034e-06,1.74999059e-06,0.53814894,0.0078125
5,110,1,2,3.25187034e-06,1.44551291e-06,0.444517374,0.0078125
5,110,1,3,3.25187034e-06,1.0072572e-06,0.30974704,0.0078125
5,110,1,4,3.25187034e-06,6.23836399e-07,0.191839263,0.0078125
5,110,1,5,3.25187034e-06,3.83120977e-07,0.117815576,0.0078125
5,110,1,6,3.25187034e-06,2.14088956e-07,0.0658356398,0.0078125
5,110,1,7,3.25187034e-06,1.2253679e-07,0.0376819409,0.0078125
5,110,1,8,3.25187034e-06,7.31069534e-08,0.0224815086,0.0078125
5,110,1,9,3.25187034e-06,4.62914755e-08,0.0142353382,0.0078125
5,111,1,0,3.23851759e-06,2.24293876e-06,0.692581952,0.0078125
5,111,1,1,3.23851759e-06,1.69485509e-06,0.523342848,0.0078125
5,111,1,2,3.23851759e-06,1.39707549e-06,0.431393504,0.0078125
5,111,1,3,3.23851759e-06,9.77299692e-07,0.301773787,0.0078125
5,111,1,4,3.23851759e-06,6.18560193e-07,0.191001028,0.0078125
5,111,1,5,3.23851759e-06,3.79620246e-07,0.117220372,0.0078125
5,111,1,6,3.23851759e-06,2.17964129e-07,0.0673036724,0.0078125
5,111,1,7,3.23851759e-06,1.24863305e-07,0.0385556966,0.0078125
5,111,1,8,3.23851759e-06,7.47285327e-08,0.0230749194,0.0078125
5,111,1,9,3.23851759e-06,4.64592667e-08,0.0143458433,0.0078125
5,112,1,0,3.36202606e-06,2.26853331e-06,0.674751878,0.0078125
5,112,1,1,3.36202606e-06,1.68642657e-06,0.501610219,0.0078125
5,112,1,2,3.36202606e-06,1.39749466e-06,0.415670395,0.0078125
5,112,1,3,3.36202606e-06,9.59929139e-07,0.28552103,0.0078125
5,112,1,4,3.36202606e-06,6.12245231e-07,0.182106033,0.0078125
5,112,1,5,3.36202606e-06,3.7863893e-07,0.112622246,0.0078125
5,112,1,6,3.36202606e-06,2.19441304e-07,0.0652705505,0.0078125
5,112,1,7,3.36202606e-06,1.25852182e-07,0.0374334343,0.0078125
5,112,1,8,3.36202606e-06,7.56288259e-08,0.0224950146,0.0078125
5,112,1,9,3.36202606e-06,4.66707526e-08,0.0138817346,0.0078125
5,113,1,0,3.41385771e-06,2.25878443e-06,0.661651611,0.0078125
5,113,1,1,3.41385771e-06,1.68925408e-06,0.494822651,0.0078125
5,113,1,2,3.41385771e-06,1.38523933e-06,0.405769497,0.0078125
5,113,1,3,3.41385771e-06,9.18665478e-07,0.269098938,0.0078125
5,113,1,4,3.41385771e-06,5.4901642e-07,0.160819948,0.0078125
5,113,1,5,3.41385771e-06,3.38248896e-07,0.0990811363,0.0078125
5,113,1,6,3.41385771e-06,2.15392959e-07,0.0630937144,0.0078125
5,113,1,7,3.41385771e-06,1.2461156e-07,0.036501687,0.0078125
5,113,1,8,3.41385771e-06,7.51486269e-08,0.0220128167,0.0078125
5,113,1,9,3.41385771e-06,4.60587728e-08,0.0134917088,0.0078125
5,114,1,0,3.32652849e-06,2.13508997e-06,0.641837299,0.0078125
5,114,1,1,3.32652849e-06,1.60036166e-06,0.481090635,0.0078125
5,114,1,2,3.32652849e-06,1.3518553e-06,0.406386197,0.0078125
5,114,1,3,3.32652849e-06,9.94922175e-07,0.299087226,0.0078125
5,114,1,4,3.32652849e-06,6.32559932e-07,0.190156177,0.0078125
5,114,1,5,3.32652849e-06,3.78191061e-07,0.113689408,0.0078125
5,114,1,6,3.32652849e-06,2.12652765e-07,0.0639263317,0.0078125
5,114,1,7,3.32652849e-06,1.22553672e-07,0.0368413106,0.0078125
5,114,1,8,3.32652849e-06,7.44469446e-08,0.0223797709,0.0078125
5,114,1,9,3.32652849e-06,4.55396894e-08,0.0136898542,0.0078125
5,115,1,0,3.28391752e-06,2.199356e-06,0.669735432,0.0078125
5,115,1,1,3.28391752e-06,1.63774121e-06,0.498715699,0.0078125
5,115,1,2,3.28391752e-06,1.35098674e-06,0.411394835,0.0078125
5,115,1,3,3.28391752e-06,9.22800666e-07,0.281006038,0.0078125
5,115,1,4,3.28391752e-06,5.7331107e-07,0.174581453,0.0078125
5,115,1,5,3.28391752e-06,3.60989162e-07,0.10992638,0.0078125
5,115,1,6,3.28391752e-06,2.13468084e-07,0.0650040954,0.0078125
5,115,1,7,3.28391752e-06,1.24580566e-07,0.0379365683,0.0078125
5,115,1,8,3.28391752e-06,7.43489963e-08,0.0226403363,0.0078125
5,115,1,9,3.28391752e-06,4.48293207e-08,0.0136511717,0.0078125
5,116,1,0,3.42731732e-06,2.29422562e-06,0.669394016,0.0078125
5,116,1,1,3.42731732e-06,1.72307455e-06,0.502747297,0.0078125
5,116,1,2,3.42731732e-06,1.42979729e-06,0.417176813,0.0078125
5,116,1,3,3.42731732e-06,1.0566564e-06,0.30830422,0.0078125
5,116,1,4,3.42731732e-06,6.41941199e-07,0.187301368,0.0078125
5,116,1,5,3.42731732e-06,3.77222165e-07,0.110063389,0.0078125
5,116,1,6,3.42731732e-06,2.17557456e-07,0.0634774789,0.0078125
5,116,1,7,3.42731732e-06,1.25587647e-07,0.0366431326,0.0078125
5,116,1,8,3.42731732e-06,7.48924833e-08,0.0218516346,0.0078125
5,116,1,9,3.42731732e-06,4.48429098e-08,0.0130839683,0.0078125
5,117,1,0,3.27423754e-06,2.23760549e-06,0.683397412,0.0078125
5,117,1,1,3.27423754e-06,1.68889028e-06,0.515811801,0.0078125
5,117,1,2,3.27423754e-06,1.36893937e-06,0.418094099,0.0078125
5,117,1,3,3.27423754e-06,9.51102379e-07,0.290480554,0.0078125
5,117,1,4,3.27423754e-06,6.024963e-07,0.184011176,0.0078125
5,117,1,5,3.27423754e-06,3.66175016e-07,0.111835204,0.0078125
5,117,1,6,3.27423754e-06,2.15216389e-07,0.065730229,0.0078125
5,117,1,7,3.27423754e-06,1.26118479e-07,0.0385184251,0.0078125
5,117,1,8,3.27423754e-06,7.56693197e-08,0.0231105164,0.0078125
5,117,1,9,3.27423754e-06,4.52031053e-08,0.0138056893,0.0078125
5,118,1,0,3.17169201e-06,2.30357705e-06,0.726292789,0.0078125
5,118,1,1,3.17169201e-06,1.76813774e-06,0.557474613,0.0078125
5,118,1,2,3.17169201e-06,1.42415081e-06,0.449019253,0.0078125
5,118,1,3,3.17169201e-06,1.03143213e-06,0.325199336,0.0078125
5,118,1,4,3.17169201e-06,6.34494427e-07,0.200049192,0.0078125
5,118,1,5,3.17169201e-06,3.69484383e-07,0.11649441,0.0078125
5,118,1,6,3.17169201e-06,2.12924505e-07,0.0671327785,0.0078125
5,118,1,7,3.17169201e-06,1.2371035e-07,0.039004527,0.0078125
5,118,1,8,3.17169201e-06,7.50612799e-08,0.0236660056,0.0078125
5,118,1,9,3.17169201e-06,4.486186e-08,0.0141444569,0.0078125
5,119,1,0,3.11672898e-06,2.29374837e-06,0.735947311,0.0078125
5,119,1,1,3.11672898e-06,1.76001038e-06,0.564697921,0.0078125
5,119,1,2,3.11672898e-06,1.38486564e-06,0.444333047,0.0078125
5,119,1,3,3.11672898e-06,1.00150226e-06,0.321331203,0.0078125
5,119,1,4,3.11672898e-06,6.28860278e-07,0.201769322,0.0078125
5,119,1,5,3.11672898e-06,3.62396747e-07,0.116274707,0.0078125
5,119,1,6,3.11672898e-06,2.12350145e-07,0.0681323707,0.0078125
5,119,1,7,3.11672898e-06,1.2237615e-07,0.0392642915,0.0078125
5,119,1,8,3.11672898e-06,7.45254027e-08,0.0239114165,0.0078125
5,119,1,9,3.11672898e-06,4.39399166e-08,0.0140980873,0.0078125
5,120,1,0,3.1429181e-06,2.34068762e-06,0.744749784,0.0078125
5,120,1,1,3.1429181e-06,1.80923485e-06,0.575654447,0.0078125
5,120,1,2,3.1429181e-06,1.40646443e-06,0.447502732,0.0078125
5,120,1,3,3.1429181e-06,1.01807802e-06,0.323927641,0.0078125
5,120,1,4,3.1429181e-06,6.37176242e-07,0.202733964,0.0078125
5,120,1,5,3.1429181e-06,3.6996633e-07,0.117714278,0.0078125
5,120,1,6,3.1429181e-06,2.08508354e-07,0.0663422793,0.0078125
5,120,1,7,3.1429181e-06,1.20093077e-07,0.0382106937,0.0078125
5,120,1,8,3.1429181e-06,7.36698524e-08,0.0234399531,0.0078125
5,120,1,9,3.1429181e-06,4.45467663e-08,0.0141736958,0.0078125
5,121,1,0,3.10298992e-06,2.37430504e-06,0.765166879,0.0078125
5,121,1,1,3.10298992e-06,1.79850747e-06,0.579604685,0.0078125
5,121,1,2,3.10298992e-06,1.41639271e-06,0.456460625,0.0078125
5,121,1,3,3.10298992e-06,1.03599132e-06,0.333868742,0.0078125
5,121,1,4,3.10298992e-06,6.40991232e-07,0.20657213,0.0078125
5,121,1,5,3.10298992e-06,3.57089419e-07,0.115079142,0.0078125
5,121,1,6,3.10298992e-06,2.04662896e-07,0.0659566745,0.0078125
5,121,1,7,3.10298992e-06,1.19946236e-07,0.0386550501,0.0078125
5,121,1,8,3.10298992e-06,7.34836547e-08,0.0236815643,0.0078125
5,121,1,9,3.10298992e-06,4.39872707e-08,0.0141757699,0.0078125
5,122,1,0,3.12375596e-06,2.35979223e-06,0.755434275,0.0078125
5,122,1,1,3.12375596e-06,1.81523444e-06,0.581106365,0.0078125
5,122,1,2,3.12375596e-06,1.38858468e-06,0.44452405,0.0078125
5,122,1,3,3.12375596e-06,9.82212555e-07,0.314433187,0.0078125
5,122,1,4,3.12375596e-06,6.19961213e-07,0.198466599,0.0078125
5,122,1,5,3.12375596e-06,3.57376194e-07,0.11440593,0.0078125
5,122,1,6,3.12375596e-06,2.02804145e-07,0.0649231747,0.0078125
5,122,1,7,3.12375596e-06,1.19525509e-07,0.0382633954,0.0078125
5,122,1,8,3.12375596e-06,7.34291703e-08,0.0235066917,0.0078125
5,122,1,9,3.12375596e-06,4.38413323e-08,0.0140348133,0.0078125
5,123,1,0,3.08783115e-06,2.24013843e-06,0.725473106,0.0078125
5,123,1,1,3.08783115e-06,1.68998406e-06,0.547304571,0.0078125
5,123,1,2,3.08783115e-06,1.35819903e-06,0.439855337,0.0078125
5,123,1,3,3.08783115e-06,1.01830574e-06,0.329780251,0.0078125
5,123,1,4,3.08783115e-06,6.48525031e-07,0.21002607,0.0078125
5,123,1,5,3.08783115e-06,3.57820483e-07,0.115880847,0.0078125
5,123,1,6,3.08783115e-06,2.06400316e-07,0.0668431371,0.0078125
5,123,1,7,3.08783115e-06,1.21832741e-07,0.039455764,0.0078125
5,123,1,8,3.08783115e-06,7.45129967e-08,0.0241311751,0.0078125
5,123,1,9,3.08783115e-06,4.41987318e-08,0.0143138431,0.0078125
5,124,1,0,3.14008162e-06,2.19041408e-06,0.697565973,0.0078125
5,124,1,1,3.14008162e-06,1.68300051e-06,0.535973489,0.0078125
5,124,1,2,3.14008162e-06,1.37561551e-06,0.438082725,0.0078125
5,124,1,3,3.14008162e-06,1.01260991e-06,0.322478861,0.0078125
5,124,1,4,3.14008162e-06,6.44519218e-07,0.205255568,0.0078125
5,124,1,5,3.14008162e-06,3.7021573e-07,0.117900036,0.0078125
5,124,1,6,3.14008162e-06,2.12386738e-07,0.0676373318,0.0078125
5,124,1,7,3.14008162e-06,1.24999758e-07,0.0398078039,0.0078125
5,124,1,8,3.14008162e-06,7.6872503e-08,0.0244810525,0.0078125
5,124,1,9,3.14008162e-06,4.55521842e-08,0.0145066883,0.0078125
5,125,1,0,3.20225513e-06,2.21871142e-06,0.692859054,0.0078125
5,125,1,1,3.20225513e-06,1.71389649e-06,0.535215497,0.0078125
5,125,1,2,3.20225513e-06,1.40250881e-06,0.437975347,0.0078125
5,125,1,3,3.20225513e-06,1.02134095e-06,0.318944275,0.0078125
5,125,1,4,3.20225513e-06,6.32999217e-07,0.197672948,0.0078125
5,125,1,5,3.20225513e-06,3.68932689e-07,0.115210272,0.0078125
5,125,1,6,3.20225513e-06,2.06266677e-07,0.064412944,0.0078125
5,125,1,7,3.20225513e-06,1.21351732e-07,0.0378957093,0.0078125
5,125,1,8,3.20225513e-06,7.53283302e-08,0.0235235263,0.0078125
5,125,1,9,3.20225513e-06,4.44676544e-08,0.0138863558,0.0078125
5,126,1,0,3.33431694e-06,2.25772646e-06,0.677118123,0.0078125
5,126,1,1,3.33431694e-06,1.68594238e-06,0.505633533,0.0078125
5,126,1,2,3.33431694e-06,1.35662185e-06,0.406866491,0.0078125
5,126,1,3,3.33431694e-06,9.92491323e-07,0.297659576,0.0078125
5,126,1,4,3.33431694e-06,6.3219909e-07,0.189603776,0.0078125
5,126,1,5,3.33431694e-06,3.70951426e-07,0.111252598,0.0078125
5,126,1,6,3.33431694e-06,2.03460488e-07,0.0610201396,0.0078125
5,126,1,7,3.33431694e-06,1.21905089e-07,0.0365607366,0.0078125
5,126,1,8,3.33431694e-06,7.51610258e-08,0.0225416552,0.0078125
5,126,1,9,3.33431694e-06,4.45151684e-08,0.0133506106,0.0078125
5,127,1,0,3.26193867e-06,2.19677372e-06,0.67345649,0.0078125
5,127,1,1,3.26193867e-06,1.68895201e-06,0.517775536,0.0078125
5,127,1,2,3.26193867e-06,1.39056942e-06,0.426301509,0.0078125
5,127,1,3,3.26193867e-06,1.01753926e-06,0.311943114,0.0078125
5,127,1,4,3.26193867e-06,6.28431508e-07,0.192655832,0.0078125
5,127,1,5,3.26193867e-06,3.7284633e-07,0.114302069,0.0078125
5,127,1,6,3.26193867e-06,2.0295893e-07,0.0622203387,0.0078125
5,127,1,7,3.26193867e-06,1.2143289e-07,0.0372272134,0.0078125
5,127,1,8,3.26193867e-06,7.50622746e-08,0.0230115522,0.0078125
5,127,1,9,3.26193867e-06,4.48150388e-08,0.0137387738,0.0078125
5,128,1,0,3.07574101e-06,2.24498808e-06,0.729901552,0.0078125
5,128,1,1,3.07574101e-06,1.66134862e-06,0.540145814,0.0078125
5,128,1,2,3.07574101e-06,1.36308734e-06,0.443173647,0.0078125
5,128,1,3,3.07574101e-06,1.00117018e-06,0.325505346,0.0078125
5,128,1,4,3.07574101e-06,6.26360531e-07,0.203645408,0.0078125
5,128,1,5,3.07574101e-06,3.55675979e-07,0.11563912,0.0078125
5,128,1,6,3.07574101e-06,1.96204638e-07,0.0637910143,0.0078125
5,128,1,7,3.07574101e-06,1.16724436e-07,0.0379500203,0.0078125
5,128,1,8,3.07574101e-06,7.18712201e-08,0.0233671237,0.0078125
5,128,1,9,3.07574101e-06,4.33983658e-08,0.01410989,0.0078125
5,129,1,0,3.27318435e-06,2.3175071e-06,0.708028257,0.0078125
5,129,1,1,3.27318435e-06,1.75218054e-06,0.535313725,0.0078125
5,129,1,2,3.27318435e-06,1.44825026e-06,0.442459106,0.0078125
5,129,1,3,3.27318435e-06,1.04214382e-06,0.318388373,0.0078125
5,129,1,4,3.27318435e-06,6.35814445e-07,0.194249511,0.0078125
5,129,1,5,3.27318435e-06,3.64927956e-07,0.11149019,0.0078125
5,129,1,6,3.27318435e-06,1.99521736e-07,0.0609564632,0.0078125
5,129,1,7,3.27318435e-06,1.18628755e-07,0.0362426117,0.0078125
5,129,1,8,3.27318435e-06,7.23444415e-08,0.0221021585,0.0078125
5,129,1,9,3.27318435e-06,4.36704788e-08,0.0133418944,0.0078125
5,130,1,0,3.21507878e-06,2.33310516e-06,0.725675881,0.0078125
5,130,1,1,3.21507878e-06,1.7329229e-06,0.538998604,0.0078125
5,130,1,2,3.21507878e-06,1.3957042e-06,0.434111983,0.0078125
5,130,1,3,3.21507878e-06,9.8557291e-07,0.306547046,0.0078125
5,130,1,4,3.21507878e-06,6.28535986e-07,0.195496291,0.0078125
5,130,1,5,3.21507878e-06,3.61306803e-07,0.112378836,0.0078125
5,130,1,6,3.21507878e-06,2.01152631e-07,0.0625653788,0.0078125
5,130,1,7,3.21507878e-06,1.20179152e-07,0.037379846,0.0078125
5,130,1,8,3.21507878e-06,7.32411962e-08,0.0227805302,0.0078125
5,130,1,9,3.21507878e-06,4.42649153e-08,0.0137679102,0.0078125
5,131,1,0,3.09490497e-06,2.25494205e-06,0.728598177,0.0078125
5,131,1,1,3.09490497e-06,1.66926804e-06,0.539360046,0.0078125
5,131,1,2,3.09490497e-06,1.37530969e-06,0.444378644,0.0078125
5,131,1,3,3.09490497e-06,1.00534851e-06,0.32483986,0.0078125
5,131,1,4,3.09490497e-06,6.24191443e-07,0.201683551,0.0078125
5,131,1,5,3.09490497e-06,3.59833706e-07,0.116266482,0.0078125
5,131,1,6,3.09490497e-06,1.97359967e-07,0.0637693107,0.0078125
5,131,1,7,3.09490497e-06,1.1874701e-07,0.0383685492,0.0078125
5,131,1,8,3.09490497e-06,7.32846246e-08,0.0236791186,0.0078125
5,131,1,9,3.09490497e-06,4.36438015e-08,0.0141018229,0.0078125
5,132,1,0,3.05088679e-06,2.21084701e-06,0.724657178,0.0078125
5,132,1,1,3.05088679e-06,1.65538574e-06,0.542591691,0.0078125
5,132,1,2,3.05088679e-06,1.35659059e-06,0.444654524,0.0078125
5,132,1,3,3.05088679e-06,9.89681098e-07,0.324391276,0.0078125
5,132,1,4,3.05088679e-06,6.27282191e-07,0.205606505,0.0078125
5,132,1,5,3.05088679e-06,3.56905247e-07,0.116984099,0.0078125
5,132,1,6,3.05088679e-06,1.98232556e-07,0.0649753883,0.0078125
5,132,1,7,3.05088679e-06,1.19631508e-07,0.0392120443,0.0078125
5,132,1,8,3.05088679e-06,7.4512343e-08,0.0244231746,0.0078125
5,132,1,9,3.05088679e-06,4.45651089e-08,0.0146072637,0.0078125
5,133,1,0,3.04826563e-06,2.2694876e-06,0.744517684,0.0078125
5,133,1,1,3.04826563e-06,1.65010226e-06,0.541324973,0.0078125
5,133,1,2,3.04826563e-06,1.3301933e-06,0.436377108,0.0078125
5,133,1,3,3.04826563e-06,9.51871129e-07,0.312266469,0.0078125
5,133,1,4,3.04826563e-06,6.096584e-07,0.200001732,0.0078125
5,133,1,5,3.04826563e-06,3.55561042e-07,0.116643719,0.0078125
5,133,1,6,3.04826563e-06,1.9820655e-07,0.0650227293,0.0078125
5,133,1,7,3.04826563e-06,1.19225987e-07,0.0391127281,0.0078125
5,133,1,8,3.04826563e-06,7.46883657e-08,0.0245019216,0.0078125
5,133,1,9,3.04826563e-06,4.48662831e-08,0.0147186266,0.0078125
5,134,1,0,3.0796532e-06,2.21940036e-06,0.720665693,0.0078125
5,134,1,1,3.0796532e-06,1.62112497e-06,0.52639854,0.0078125
5,134,1,2,3.0796532e-06,1.34162337e-06,0.43564105,0.0078125
5,134,1,3,3.0796532e-06,9.97766506e-07,0.32398665,0.0078125
5,134,1,4,3.0796532e-06,6.25773794e-07,0.203196183,0.0078125
5,134,1,5,3.0796532e-06,3.62291587e-07,0.117640384,0.0078125
5,134,1,6,3.0796532e-06,1.98468882e-07,0.064445205,0.0078125
5,134,1,7,3.0796532e-06,1.19491219e-07,0.0388002172,0.0078125
5,134,1,8,3.0796532e-06,7.56026992e-08,0.024549095,0.0078125
5,134,1,9,3.0796532e-06,4.4925148e-08,0.0145877292,0.0078125
5,135,1,0,2.91412448e-06,2.12930513e-06,0.73068434,0.0078125
5,135,1,1,2.91412448e-06,1.57275497e-06,0.539700687,0.0078125
5,135,1,2,2.91412448e-06,1.30265857e-06,0.447015405,0.0078125
5,135,1,3,2.91412448e-06,9.45743523e-07,0.324537784,0.0078125
5,135,1,4,2.91412448e-06,6.0675842e-07,0.208212942,0.0078125
5,135,1,5,2.91412448e-06,3.55391052e-07,0.121954657,0.0078125
5,135,1,6,2.91412448e-06,1.95989045e-07,0.0672548637,0.0078125
5,135,1,7,2.91412448e-06,1.17752549e-07,0.0404075235,0.0078125
5,135,1,8,2.91412448e-06,7.41694777e-08,0.0254517198,0.0078125
5,135,1,9,2.91412448e-06,4.31099494e-08,0.0147934482,0.0078125
5,136,1,0,3.00649799e-06,2.2591471e-06,0.751421452,0.0078125
5,136,1,1,3.00649799e-06,1.63721961e-06,0.544560373,0.0078125
5,136,1,2,3.00649799e-06,1.30477667e-06,0.433985561,0.0078125
5,136,1,3,3.00649799e-06,9.23408834e-07,0.307137698,0.0078125
5,136,1,4,3.00649799e-06,6.01146496e-07,0.199949071,0.0078125
5,136,1,5,3.00649799e-06,3.52264834e-07,0.117167823,0.0078125
5,136,1,6,3.00649799e-06,1.94897808e-07,0.0648255274,0.0078125
5,136,1,7,3.00649799e-06,1.14990442e-07,0.0382473022,0.0078125
5,136,1,8,3.00649799e-06,7.22131119e-08,0.0240190122,0.0078125
5,136,1,9,3.00649799e-06,4.15178398e-08,0.0138093689,0.0078125
5,137,1,0,2.93338644e-06,2.20687457e-06,0.752330005,0.0078125
5,137,1,1,2.93338644e-06,1.59433898e-06,0.543514788,0.0078125
5,137,1,2,2.93338644e-06,1.28212469e-06,0.437080055,0.0078125
5,137,1,3,2.93338644e-06,9.24344192e-07,0.315111637,0.0078125
5,137,1,4,2.93338644e-06,5.9234344e-07,0.201931611,0.0078125
5,137,1,5,2.93338644e-06,3.48512174e-07,0.118808821,0.0078125
5,137,1,6,2.93338644e-06,1.93293758e-07,0.0658944026,0.0078125
5,137,1,7,2.93338644e-06,1.14742129e-07,0.0391159281,0.0078125
5,137,1,8,2.93338644e-06,7.25025586e-08,0.0247163344,0.0078125
5,137,1,9,2.93338644e-06,4.17811101e-08,0.0142433019,0.0078125
5,138,1,0,3.13471355e-06,2.30511455e-06,0.735350966,0.0078125
5,138,1,1,3.13471355e-06,1.62658591e-06,0.518894613,0.0078125
5,138,1,2,3.13471355e-06,1.26402995e-06,0.403236181,0.0078125
5,138,1,3,3.13471355e-06,8.50079459e-07,0.271182507,0.0078125
5,138,1,4,3.13471355e-06,5.63283322e-07,0.179692119,0.0078125
5,138,1,5,3.13471355e-06,3.43091699e-07,0.109449141,0.0078125
5,138,1,6,3.13471355e-06,1.90678293e-07,0.0608279817,0.0078125
5,138,1,7,3.13471355e-06,1.13187141e-07,0.0361076519,0.0078125
5,138,1,8,3.13471355e-06,7.168574e-08,0.0228683539,0.0078125
5,138,1,9,3.13471355e-06,4.11907344e-08,0.0131401913,0.0078125
5,139,1,0,3.14343015e-06,2.34373897e-06,0.74559921,0.0078125
5,139,1,1,3.14343015e-06,1.63369145e-06,0.519716144,0.0078125
5,139,1,2,3.14343015e-06,1.29720593e-06,0.412672102,0.0078125
5,139,1,3,3.14343015e-06,9.17174248e-07,0.291774958,0.0078125
5,139,1,4,3.14343015e-06,5.91473679e-07,0.188161865,0.0078125
5,139,1,5,3.14343015e-06,3.48178929e-07,0.110764012,0.0078125
5,139,1,6,3.14343015e-06,1.91749422e-07,0.0610000566,0.0078125
5,139,1,7,3.14343015e-06,1.13914481e-07,0.0362389088,0.0078125
5,139,1,8,3.14343015e-06,7.09555792e-08,0.022572659,0.0078125
5,139,1,9,3.14343015e-06,4.07620391e-08,0.0129673751,0.0078125
5,140,1,0,3.09621919e-06,2.23141819e-06,0.720691264,0.0078125
5,140,1,1,3.09621919e-06,1.58271553e-06,0.511176825,0.0078125
5,140,1,2,3.09621919e-06,1.25793167e-06,0.406279922,0.0078125
5,140,1,3,3.09621919e-06,8.70354484e-07,0.281102359,0.0078125
5,140,1,4,3.09621919e-06,5.74652233e-07,0.185598046,0.0078125
5,140,1,5,3.09621919e-06,3.44625818e-07,0.111305371,0.0078125
5,140,1,6,3.09621919e-06,1.9013855e-07,0.061409913,0.0078125
5,140,1,7,3.09621919e-06,1.13811446e-07,0.0367581993,0.0078125
5,140,1,8,3.09621919e-06,7.09956893e-08,0.0229298007,0.0078125
5,140,1,9,3.09621919e-06,4.14699315e-08,0.0133937327,0.0078125
5,141,1,0,3.09081724e-06,2.19860362e-06,0.71133405,0.0078125
5,141,1,1,3.09081724e-06,1.55360794e-06,0.502652824,0.0078125
5,141,1,2,3.09081724e-06,1.23380983e-06,0.399185628,0.0078125
5,141,1,3,3.09081724e-06,8.74876321e-07,0.283056647,0.0078125
5,141,1,4,3.09081724e-06,5.8043787e-07,0.187794298,0.0078125
5,141,1,5,3.09081724e-06,3.41586684e-07,0.110516623,0.0078125
5,141,1,6,3.09081724e-06,1.91796389e-07,0.0620536171,0.0078125
5,141,1,7,3.09081724e-06,1.15340839e-07,0.0373172611,0.0078125
5,141,1,8,3.09081724e-06,7.1556066e-08,0.0231511798,0.0078125
5,141,1,9,3.09081724e-06,4.16046007e-08,0.0134607116,0.0078125
5,142,1,0,3.17438685e-06,2.31696936e-06,0.729895055,0.0078125
5,142,1,1,3.17438685e-06,1.68184908e-06,0.529818594,0.0078125
5,142,1,2,3.17438685e-06,1.37472352e-06,0.433067411,0.0078125
5,142,1,3,3.17438685e-06,9.63735374e-07,0.303597331,0.0078125
5,142,1,4,3.17438685e-06,5.96671271e-07,0.187964261,0.0078125
5,142,1,5,3.17438685e-06,3.51851384e-07,0.110840738,0.0078125
5,142,1,6,3.17438685e-06,1.95135001e-07,0.0614717156,0.0078125
5,142,1,7,3.17438685e-06,1.16036126e-07,0.0365538709,0.0078125
5,142,1,8,3.17438685e-06,7.31352614e-08,0.0230391771,0.0078125
5,142,1,9,3.17438685e-06,4.21907309e-08,0.0132909855,0.0078125
5,143,1,0,3.05584945e-06,2.2737363e-06,0.744060338,0.0078125
5,143,1,1,3.05584945e-06,1.62704566e-06,0.53243643,0.0078125
5,143,1,2,3.05584945e-06,1.27750945e-06,0.418053806,0.0078125
5,143,1,3,3.05584945e-06,9.03717364e-07,0.295733601,0.0078125
5,143,1,4,3.05584945e-06,5.86431952e-07,0.191904724,0.0078125
5,143,1,5,3.05584945e-06,3.49929593e-07,0.1145114,0.0078125
5,143,1,6,3.05584945e-06,1.97345116e-07,0.0645794645,0.0078125
5,143,1,7,3.05584945e-06,1.16936071e-07,0.0382663049,0.0078125
5,143,1,8,3.05584945e-06,7.30601002e-08,0.023908278,0.0078125
5,143,1,9,3.05584945e-06,4.33109086e-08,0.0141731156,0.0078125
5,144,1,0,3.16441401e-06,2.29450438e-06,0.725096166,0.0078125
5,144,1,1,3.16441401e-06,1.64864866e-06,0.520996511,0.0078125
5,144,1,2,3.16441401e-06,1.32496814e-06,0.418708861,0.0078125
5,144,1,3,3.16441401e-06,9.45987438e-07,0.298945546,0.0078125
5,144,1,4,3.16441401e-06,6.03616513e-07,0.190751433,0.0078125
5,144,1,5,3.16441401e-06,3.56570325e-07,0.112681314,0.0078125
5,144,1,6,3.16441401e-06,1.98094639e-07,0.0626007318,0.0078125
5,144,1,7,3.16441401e-06,1.1927925e-07,0.0376939438,0.0078125
5,144,1,8,3.16441401e-06,7.45666782e-08,0.0235641357,0.0078125
5,144,1,9,3.16441401e-06,4.42445476e-08,0.0139819086,0.0078125
5,145,1,0,3.18808929e-06,2.3496093e-06,0.736996055,0.0078125
5,145,1,1,3.18808929e-06,1.66406801e-06,0.521964073,0.0078125
5,145,1,2,3.18808929e-06,1.30780643e-06,0.410216361,0.0078125
5,145,1,3,3.18808929e-06,9.13958672e-07,0.286679119,0.0078125
5,145,1,4,3.18808929e-06,5.84897293e-07,0.183463275,0.0078125
5,145,1,5,3.18808929e-06,3.50997965e-07,0.110096656,0.0078125
5,145,1,6,3.18808929e-06,1.95641391e-07,0.0613663457,0.0078125
5,145,1,7,3.18808929e-06,1.17686056e-07,0.0369142927,0.0078125
5,145,1,8,3.18808929e-06,7.36985513e-08,0.02311684,0.0078125
5,145,1,9,3.18808929e-06,4.322278e-08,0.0135575812,0.0078125
5,146,1,0,3.00937972e-06,2.23723441e-06,0.743420422,0.0078125
5,146,1,1,3.00937972e-06,1.62203366e-06,0.538992703,0.0078125
5,146,1,2,3.00937972e-06,1.26656823e-06,0.420873523,0.0078125
5,146,1,3,3.00937972e-06,8.68111101e-07,0.28846845,0.0078125
5,146,1,4,3.00937972e-06,5.71722694e-07,0.189980239,0.0078125
5,146,1,5,3.00937972e-06,3.54116679e-07,0.117670983,0.0078125
5,146,1,6,3.00937972e-06,1.99560233e-07,0.0663127452,0.0078125
5,146,1,7,3.00937972e-06,1.2060309e-07,0.0400757305,0.0078125
5,146,1,8,3.00937972e-06,7.49130535e-08,0.024893187,0.0078125
5,146,1,9,3.00937972e-06,4.37934986e-08,0.0145523343,0.0078125
5,147,1,0,3.05827643e-06,2.20178003e-06,0.719941497,0.0078125
5,147,1,1,3.05827643e-06,1.65138738e-06,0.539973199,0.0078125
5,147,1,2,3.05827643e-06,1.32460673e-06,0.433121979,0.0078125
5,147,1,3,3.05827643e-06,9.24852714e-07,0.302409798,0.0078125
5,147,1,4,3.05827643e-06,6.00225576e-07,0.196262702,0.0078125
5,147,1,5,3.05827643e-06,3.65925672e-07,0.119650945,0.0078125
5,147,1,6,3.05827643e-06,2.03272393e-07,0.066466324,0.0078125
5,147,1,7,3.05827643e-06,1.23739227e-07,0.040460445,0.0078125
5,147,1,8,3.05827643e-06,7.71276092e-08,0.0252193063,0.0078125
5,147,1,9,3.05827643e-06,4.49591298e-08,0.0147008067,0.0078125
5,148,1,0,3.19199989e-06,2.33972492e-06,0.732996523,0.0078125
5,148,1,1,3.19199989e-06,1.71314878e-06,0.536700785,0.0078125
5,148,1,2,3.19199989e-06,1.34284824e-06,0.420691818,0.0078125
5,148,1,3,3.19199989e-06,9.53756967e-07,0.298796058,0.0078125
5,148,1,4,3.19199989e-06,6.03345484e-07,0.189018011,0.0078125
5,148,1,5,3.19199989e-06,3.63666601e-07,0.113930643,0.0078125
5,148,1,6,3.19199989e-06,2.05849361e-07,0.0644891486,0.0078125
5,148,1,7,3.19199989e-06,1.23210498e-07,0.0385997817,0.0078125
5,148,1,8,3.19199989e-06,7.59138175e-08,0.0237825252,0.0078125
5,148,1,9,3.19199989e-06,4.42042456e-08,0.0138484482,0.0078125
5,149,1,0,3.14138629e-06,2.34037839e-06,0.745014489,0.0078125
5,149,1,1,3.14138629e-06,1.77174979e-06,0.564002514,0.0078125
5,149,1,2,3.14138629e-06,1.36960682e-06,0.435988039,0.0078125
5,149,1,3,3.14138629e-06,9.57463499e-07,0.304790109,0.0078125
5,149,1,4,3.14138629e-06,6.07349023e-07,0.193337902,0.0078125
5,149,1,5,3.14138629e-06,3.63793845e-07,0.115806788,0.0078125
5,149,1,6,3.14138629e-06,2.11088206e-07,0.0671958774,0.0078125
5,149,1,7,3.14138629e-06,1.27662275e-07,0.0406388342,0.0078125
5,149,1,8,3.14138629e-06,7.83492879e-08,0.0249409918,0.0078125
5,149,1,9,3.14138629e-06,4.52425297e-08,0.0144020906,0.0078125
5,150,1,0,3.09158213e-06,2.22059566e-06,0.718271613,0.0078125
5,150,1,1,3.09158213e-06,1.69753093e-06,0.549081624,0.0078125
5,150,1,2,3.09158213e-06,1.34458378e-06,0.434917688,0.0078125
5,150,1,3,3.09158213e-06,9.5496398e-07,0.308891684,0.0078125
5,150,1,4,3.09158213e-06,5.96236362e-07,0.192858011,0.0078125
5,150,1,5,3.09158213e-06,3.6346637e-07,0.117566459,0.0078125
5,150,1,6,3.09158213e-06,2.02340601e-07,0.0654488876,0.0078125
5,150,1,7,3.09158213e-06,1.23294456e-07,0.0398807004,0.0078125
5,150,1,8,3.09158213e-06,7.57860548e-08,0.0245136805,0.0078125
5,150,1,9,3.09158213e-06,4.49906246e-08,0.0145526212,0.0078125
5,151,1,0,3.05127378e-06,2.15920727e-06,0.707641304,0.0078125
5,151,1,1,3.05127378e-06,1.63419202e-06,0.535576999,0.0078125
5,151,1,2,3.05127378e-06,1.28960949e-06,0.422646284,0.0078125
5,151,1,3,3.05127378e-06,9.30695478e-07,0.305018663,0.0078125
5,151,1,4,3.05127378e-06,5.94771564e-07,0.194925666,0.0078125
5,151,1,5,3.05127378e-06,3.6906448e-07,0.12095423,0.0078125
5,151,1,6,3.05127378e-06,2.05964227e-07,0.0675010607,0.0078125
5,151,1,7,3.05127378e-06,1.23756038e-07,0.0405588113,0.0078125
5,151,1,8,3.05127378e-06,7.72140609e-08,0.025305517,0.0078125
5,151,1,9,3.05127378e-06,4.6024212e-08,0.0150836064,0.0078125
5,152,1,0,3.11094686e-06,2.26055363e-06,0.726644874,0.0078125
5,152,1,1,3.11094686e-06,1.69733903e-06,0.545602083,0.0078125
5,152,1,2,3.11094686e-06,1.35583173e-06,0.435826063,0.0078125
5,152,1,3,3.11094686e-06,9.87366775e-07,0.31738466,0.0078125
5,152,1,4,3.11094686e-06,5.9838942e-07,0.192349613,0.0078125
5,152,1,5,3.11094686e-06,3.62629578e-07,0.11656566,0.0078125
5,152,1,6,3.11094686e-06,1.99129317e-07,0.0640092343,0.0078125
5,152,1,7,3.11094686e-06,1.20225963e-07,0.0386460982,0.0078125
5,152,1,8,3.11094686e-06,7.48191411e-08,0.0240502786,0.0078125
5,152,1,9,3.11094686e-06,4.47911468e-08,0.0143979145,0.0078125
5,153,1,0,3.19522474e-06,2.30352543e-06,0.720927536,0.0078125
5,153,1,1,3.19522474e-06,1.70816145e-06,0.534598231,0.0078125
5,153,1,2,3.19522474e-06,1.29824843e-06,0.406308949,0.0078125
5,153,1,3,3.19522474e-06,8.95993537e-07,0.280416429,0.0078125
5,153,1,4,3.19522474e-06,5.78728532e-07,0.181122944,0.0078125
5,153,1,5,3.19522474e-06,3.67569584e-07,0.115037158,0.0078125
5,153,1,6,3.19522474e-06,2.04323968e-07,0.0639466643,0.0078125
5,153,1,7,3.19522474e-06,1.23782186e-07,0.0387397446,0.0078125
5,153,1,8,3.19522474e-06,7.71090072e-08,0.0241325777,0.0078125
5,153,1,9,3.19522474e-06,4.56619809e-08,0.0142906941,0.0078125
5,154,1,0,3.20904383e-06,2.25798431e-06,0.70363152,0.0078125
5,154,1,1,3.20904383e-06,1.68289e-06,0.524421036,0.0078125
5,154,1,2,3.20904383e-06,1.33071046e-06,0.414675057,0.0078125
5,154,1,3,3.20904383e-06,9.71792929e-07,0.302829444,0.0078125
5,154,1,4,3.20904383e-06,6.02097032e-07,0.187625051,0.0078125
5,154,1,5,3.20904383e-06,3.73836855e-07,0.116494782,0.0078125
5,154,1,6,3.20904383e-06,2.07351505e-07,0.0646147281,0.0078125
5,154,1,7,3.20904383e-06,1.2457815e-07,0.0388209559,0.0078125
5,154,1,8,3.20904383e-06,7.82283252e-08,0.0243774559,0.0078125
5,154,1,9,3.20904383e-06,4.64971066e-08,0.0144893955,0.0078125
5,155,1,0,3.0468816e-06,2.28872159e-06,0.751168549,0.0078125
5,155,1,1,3.0468816e-06,1.75621631e-06,0.576397955,0.0078125
5,155,1,2,3.0468816e-06,1.34297272e-06,0.440769583,0.0078125
5,155,1,3,3.0468816e-06,9.50502908e-07,0.311959267,0.0078125
5,155,1,4,3.0468816e-06,5.98807617e-07,0.196531311,0.0078125
5,155,1,5,3.0468816e-06,3.68126251e-07,0.120820664,0.0078125
5,155,1,6,3.0468816e-06,2.0166064e-07,0.066185914,0.0078125
5,155,1,7,3.0468816e-06,1.23282774e-07,0.04046195,0.0078125
5,155,1,8,3.0468816e-06,7.57567662e-08,0.024863705,0.0078125
5,155,1,9,3.0468816e-06,4.47916833e-08,0.0147008281,0.0078125
5,156,1,0,3.16389787e-06,2.34093227e-06,0.739888668,0.0078125
5,156,1,1,3.16389787e-06,1.77825279e-06,0.562044919,0.0078125
5,156,1,2,3.16389787e-06,1.34440086e-06,0.424919158,0.0078125
5,156,1,3,3.16389787e-06,8.92600099e-07,0.282120377,0.0078125
5,156,1,4,3.16389787e-06,5.55905956e-07,0.17570287,0.0078125
5,156,1,5,3.16389787e-06,3.608329e-07,0.114046946,0.0078125
5,156,1,6,3.16389787e-06,2.02839004e-07,0.0641104802,0.0078125
5,156,1,7,3.16389787e-06,1.22273235e-07,0.0386463925,0.0078125
5,156,1,8,3.16389787e-06,7.7508048e-08,0.024497645,0.0078125
5,156,1,9,3.16389787e-06,4.57408618e-08,0.0144571234,0.0078125
5,157,1,0,3.01590512e-06,2.23878214e-06,0.742325127,0.0078125
5,157,1,1,3.01590512e-06,1.7080946e-06,0.566362202,0.0078125
5,157,1,2,3.01590512e-06,1.34246136e-06,0.445127189,0.0078125
5,157,1,3,3.01590512e-06,9.64755941e-07,0.319889367,0.0078125
5,157,1,4,3.01590512e-06,5.88935848e-07,0.195276648,0.0078125
5,157,1,5,3.01590512e-06,3.66608589e-07,0.121558398,0.0078125
5,157,1,6,3.01590512e-06,1.99121388e-07,0.0660237595,0.0078125
5,157,1,7,3.01590512e-06,1.20094924e-07,0.0398205258,0.0078125
5,157,1,8,3.01590512e-06,7.38807771e-08,0.0244970489,0.0078125
5,157,1,9,3.01590512e-06,4.36314629e-08,0.0144671202,0.0078125
5,158,1,0,2.94542178e-06,2.21512482e-06,0.752056897,0.0078125
5,158,1,1,2.94542178e-06,1.71640806e-06,0.582737625,0.0078125
5,158,1,2,2.94542178e-06,1.31725074e-06,0.447219729,0.0078125
5,158,1,3,2.94542178e-06,9.40596237e-07,0.319341779,0.0078125
5,158,1,4,2.94542178e-06,5.99749058e-07,0.203620777,0.0078125
5,158,1,5,2.94542178e-06,3.61391074e-07,0.122695863,0.0078125
5,158,1,6,2.94542178e-06,2.02931318e-07,0.0688972026,0.0078125
5,158,1,7,2.94542178e-06,1.21970217e-07,0.0414101034,0.0078125
5,158,1,8,2.94542178e-06,7.58250707e-08,0.0257433653,0.0078125
5,158,1,9,2.94542178e-06,4.45869937e-08,0.0151377283,0.0078125
5,159,1,0,2.97988618e-06,2.2671079e-06,0.760803521,0.0078125
5,159,1,1,2.97988618e-06,1.780709e-06,0.597576201,0.0078125
5,159,1,2,2.97988618e-06,1.37493646e-06,0.461405694,0.0078125
5,159,1,3,2.97988618e-06,9.71687314e-07,0.326082021,0.0078125
5,159,1,4,2.97988618e-06,5.99587736e-07,0.201211616,0.0078125
5,159,1,5,2.97988618e-06,3.65289793e-07,0.122585148,0.0078125
5,159,1,6,2.97988618e-06,2.02761072e-07,0.0680432245,0.0078125
5,159,1,7,2.97988618e-06,1.22881545e-07,0.0412369929,0.0078125
5,159,1,8,2.97988618e-06,7.69760362e-08,0.0258318707,0.0078125
5,159,1,9,2.97988618e-06,4.44130031e-08,0.0149042616,0.0078125
5,160,1,0,3.16818091e-06,2.33654737e-06,0.737504423,0.0078125
5,160,1,1,3.16818091e-06,1.77405229e-06,0.559959292,0.0078125
5,160,1,2,3.16818091e-06,1.34450818e-06,0.424378604,0.0078125
5,160,1,3,3.16818091e-06,9.40017514e-07,0.296705753,0.0078125
5,160,1,4,3.16818091e-06,5.96553662e-07,0.188295335,0.0078125
5,160,1,5,3.16818091e-06,3.61339858e-07,0.114052787,0.0078125
5,160,1,6,3.16818091e-06,2.03550201e-07,0.0642482862,0.0078125
5,160,1,7,3.16818091e-06,1.22427807e-07,0.0386429355,0.0078125
5,160,1,8,3.16818091e-06,7.65469679e-08,0.024161173,0.0078125
5,160,1,9,3.16818091e-06,4.40239312e-08,0.0138956495,0.0078125
5,161,1,0,3.13000078e-06,2.22932727e-06,0.712244928,0.0078125
5,161,1,1,3.13000078e-06,1.71020713e-06,0.546391904,0.0078125
5,161,1,2,3.13000078e-06,1.32907121e-06,0.424623281,0.0078125
5,161,1,3,3.13000078e-06,9.63011416e-07,0.307671309,0.0078125
5,161,1,4,3.13000078e-06,6.05206253e-07,0.193356588,0.0078125
5,161,1,5,3.13000078e-06,3.65338934e-07,0.116721675,0.0078125
5,161,1,6,3.13000078e-06,2.02748495e-07,0.0647758618,0.0078125
5,161,1,7,3.13000078e-06,1.21393128e-07,0.0387837365,0.0078125
5,161,1,8,3.13000078e-06,7.67304513e-08,0.024514515,0.0078125
5,161,1,9,3.13000078e-06,4.48263791e-08,0.0143215237,0.0078125
5,162,1,0,3.3434892e-06,2.33905757e-06,0.699585795,0.0078125
5,162,1,1,3.3434892e-06,1.74352931e-06,0.52147001,0.0078125
5,162,1,2,3.3434892e-06,1.34561287e-06,0.402457684,0.0078125
5,162,1,3,3.3434892e-06,9.70718133e-07,0.290330857,0.0078125
5,162,1,4,3.3434892e-06,6.00074202e-07,0.179475442,0.0078125
5,162,1,5,3.3434892e-06,3.6409665e-07,0.108897209,0.0078125
5,162,1,6,3.3434892e-06,2.01466861e-07,0.06025647,0.0078125
5,162,1,7,3.3434892e-06,1.19763328e-07,0.0358198658,0.0078125
5,162,1,8,3.3434892e-06,7.63028112e-08,0.0228213128,0.0078125
5,162,1,9,3.3434892e-06,4.41472352e-08,0.0132039413,0.0078125
5,163,1,0,3.40120459e-06,2.26807265e-06,0.666843951,0.0078125
5,163,1,1,3.40120459e-06,1.67816779e-06,0.493403941,0.0078125
5,163,1,2,3.40120459e-06,1.33530477e-06,0.392597616,0.0078125
5,163,1,3,3.40120459e-06,9.77862214e-07,0.287504673,0.0078125
5,163,1,4,3.40120459e-06,6.0985036e-07,0.179304227,0.0078125
5,163,1,5,3.40120459e-06,3.62065805e-07,0.106452227,0.0078125
5,163,1,6,3.40120459e-06,2.00121079e-07,0.0588382967,0.0078125
5,163,1,7,3.40120459e-06,1.17732931e-07,0.0346150696,0.0078125
5,163,1,8,3.40120459e-06,7.56346381e-08,0.0222376026,0.0078125
5,163,1,9,3.40120459e-06,4.36165912e-08,0.0128238657,0.0078125
5,164,1,0,3.26326449e-06,2.17093861e-06,0.665265918,0.0078125
5,164,1,1,3.26326449e-06,1.60038257e-06,0.490423799,0.0078125
5,164,1,2,3.26326449e-06,1.29783484e-06,0.397710592,0.0078125
5,164,1,3,3.26326449e-06,9.73872829e-07,0.298435152,0.0078125
5,164,1,4,3.26326449e-06,6.09655842e-07,0.186823919,0.0078125
5,164,1,5,3.26326449e-06,3.72773314e-07,0.114233255,0.0078125
5,164,1,6,3.26326449e-06,2.04774452e-07,0.0627514124,0.0078125
5,164,1,7,3.26326449e-06,1.20735379e-07,0.0369983427,0.0078125
5,164,1,8,3.26326449e-06,7.67669519e-08,0.023524588,0.0078125
5,164,1,9,3.26326449e-06,4.4407102e-08,0.0136081837,0.0078125
5,165,1,0,3.24474627e-06,2.31848207e-06,0.714534163,0.0078125
5,165,1,1,3.24474627e-06,1.71062663e-06,0.527198911,0.0078125
5,165,1,2,3.24474627e-06,1.31352385e-06,0.404815584,0.0078125
5,165,1,3,3.24474627e-06,9.24906203e-07,0.285047323,0.0078125
5,165,1,4,3.24474627e-06,5.91244714e-07,0.182216004,0.0078125
5,165,1,5,3.24474627e-06,3.56210251e-07,0.109780617,0.0078125
5,165,1,6,3.24474627e-06,2.00481523e-07,0.0617865026,0.0078125
5,165,1,7,3.24474627e-06,1.18665874e-07,0.0365716964,0.0078125
5,165,1,8,3.24474627e-06,7.53011378e-08,0.0232070964,0.0078125
5,165,1,9,3.24474627e-06,4.32693312e-08,0.0133351972,0.0078125
5,166,1,0,3.29496015e-06,2.34025697e-06,0.710253477,0.0078125
5,166,1,1,3.29496015e-06,1.73248225e-06,0.525797606,0.0078125
5,166,1,2,3.29496015e-06,1.36910739e-06,0.415515602,0.0078125
5,166,1,3,3.29496015e-06,9.69725988e-07,0.294305831,0.0078125
5,166,1,4,3.29496015e-06,6.12958843e-07,0.186029211,0.0078125
5,166,1,5,3.29496015e-06,3.58862195e-07,0.108912453,0.0078125
5,166,1,6,3.29496015e-06,2.03701887e-07,0.0618222617,0.0078125
5,166,1,7,3.29496015e-06,1.19450661e-07,0.0362525359,0.0078125
5,166,1,8,3.29496015e-06,7.46934106e-08,0.0226689875,0.0078125
5,166,1,9,3.29496015e-06,4.41226966e-08,0.0133909648,0.0078125
5,167,1,0,3.19944911e-06,2.27765531e-06,0.711889863,0.0078125
5,167,1,1,3.19944911e-06,1.71822296e-06,0.537037134,0.0078125
5,167,1,2,3.19944911e-06,1.32621278e-06,0.414512843,0.0078125
5,167,1,3,3.19944911e-06,8.53381891e-07,0.266727746,0.0078125
5,167,1,4,3.19944911e-06,4.89909041e-07,0.153122932,0.0078125
5,167,1,5,3.19944911e-06,2.73324076e-07,0.0854284838,0.0078125
5,167,1,6,3.19944911e-06,1.72523315e-07,0.0539228171,0.0078125
5,167,1,7,3.19944911e-06,1.13966308e-07,0.0356206037,0.0078125
5,167,1,8,3.19944911e-06,7.47260032e-08,0.0233558975,0.0078125
5,167,1,9,3.19944911e-06,4.34310294e-08,0.0135745332,0.0078125
5,168,1,0,3.06133711e-06,2.16833678e-06,0.708297312,0.0078125
5,168,1,1,3.06133711e-06,1.64756614e-06,0.53818512,0.0078125
5,168,1,2,3.06133711e-06,1.3111769e-06,0.42830202,0.0078125
5,168,1,3,3.06133711e-06,9.27638098e-07,0.303017288,0.0078125
5,168,1,4,3.06133711e-06,5.93954667e-07,0.194018051,0.0078125
5,168,1,5,3.06133711e-06,3.58656735e-07,0.117156893,0.0078125
5,168,1,6,3.06133711e-06,2.03259546e-07,0.0663956776,0.0078125
5,168,1,7,3.06133711e-06,1.16457798e-07,0.0380414799,0.0078125
5,168,1,8,3.06133711e-06,7.32616385e-08,0.0239312556,0.0078125
5,168,1,9,3.06133711e-06,4.32938094e-08,0.014142124,0.0078125
5,169,1,0,3.06325137e-06,2.19777689e-06,0.717465401,0.0078125
5,169,1,1,3.06325137e-06,1.67283577e-06,0.546098113,0.0078125
5,169,1,2,3.06325137e-06,1.30772639e-06,0.426907957,0.0078125
5,169,1,3,3.06325137e-06,8.39699055e-07,0.274120182,0.0078125
5,169,1,4,3.06325137e-06,4.89217541e-07,0.159705326,0.0078125
5,169,1,5,3.06325137e-06,2.97747704e-07,0.0971998945,0.0078125
5,169,1,6,3.06325137e-06,1.94684063e-07,0.0635547116,0.0078125
5,169,1,7,3.06325137e-06,1.1491958e-07,0.0375155546,0.0078125
5,169,1,8,3.06325137e-06,7.27537639e-08,0.0237505045,0.0078125
5,169,1,9,3.06325137e-06,4.25146709e-08,0.0138789359,0.0078125
5,170,1,0,3.17623903e-06,2.24223868e-06,0.705941439,0.0078125
5,170,1,1,3.17623903e-06,1.70481894e-06,0.536741376,0.0078125
5,170,1,2,3.17623903e-06,1.34568575e-06,0.423672706,0.0078125
5,170,1,3,3.17623903e-06,9.40197936e-07,0.296009809,0.0078125
5,170,1,4,3.17623903e-06,6.05593073e-07,0.190663576,0.0078125
5,170,1,5,3.17623903e-06,3.61155173e-07,0.113705285,0.0078125
5,170,1,6,3.17623903e-06,2.05898331e-07,0.0648245737,0.0078125
5,170,1,7,3.17623903e-06,1.18447389e-07,0.0372917131,0.0078125
5,170,1,8,3.17623903e-06,7.38619974e-08,0.0232545454,0.0078125
5,170,1,9,3.17623903e-06,4.30895142e-08,0.0135662062,0.0078125
5,171,1,0,3.09714574e-06,2.28357135e-06,0.737314761,0.0078125
5,171,1,1,3.09714574e-06,1.76836465e-06,0.570965946,0.0078125
5,171,1,2,3.09714574e-06,1.37407369e-06,0.443658054,0.0078125
5,171,1,3,3.09714574e-06,8.75642741e-07,0.282725722,0.0078125
5,171,1,4,3.09714574e-06,5.34320179e-07,0.17252019,0.0078125
5,171,1,5,3.09714574e-06,3.45491685e-07,0.111551642,0.0078125
5,171,1,6,3.09714574e-06,2.06790887e-07,0.0667682141,0.0078125
5,171,1,7,3.09714574e-06,1.17688998e-07,0.0379991792,0.0078125
5,171,1,8,3.09714574e-06,7.39808144e-08,0.0238867719,0.0078125
5,171,1,9,3.09714574e-06,4.20416377e-08,0.0135743171,0.0078125
5,172,1,0,3.27199723e-06,2.48085803e-06,0.758209109,0.0078125
5,172,1,1,3.27199723e-06,1.9338022e-06,0.591015816,0.0078125
5,172,1,2,3.27199723e-06,1.44004105e-06,0.440110713,0.0078125
5,172,1,3,3.27199723e-06,8.7693644e-07,0.268012583,0.0078125
5,172,1,4,3.27199723e-06,5.05616867e-07,0.154528514,0.0078125
5,172,1,5,3.27199723e-06,3.06643216e-07,0.093717441,0.0078125
5,172,1,6,3.27199723e-06,1.98554091e-07,0.0606828406,0.0078125
5,172,1,7,3.27199723e-06,1.16921171e-07,0.0357338861,0.0078125
5,172,1,8,3.27199723e-06,7.3979713e-08,0.0226099566,0.0078125
5,172,1,9,3.27199723e-06,4.27936868e-08,0.0130787659,0.0078125
5,173,1,0,3.18909906e-06,2.38955454e-06,0.749288261,0.0078125
5,173,1,1,3.18909906e-06,1.80937593e-06,0.567362726,0.0078125
5,173,1,2,3.18909906e-06,1.38231565e-06,0.433450192,0.0078125
5,173,1,3,3.18909906e-06,9.68685981e-07,0.303749114,0.0078125
5,173,1,4,3.18909906e-06,6.17479088e-07,0.193621799,0.0078125
5,173,1,5,3.18909906e-06,3.67372479e-07,0.115196317,0.0078125
5,173,1,6,3.18909906e-06,2.07357161e-07,0.0650206059,0.0078125
5,173,1,7,3.18909906e-06,1.1891899e-07,0.0372892134,0.0078125
5,173,1,8,3.18909906e-06,7.44444151e-08,0.0233433992,0.0078125
5,173,1,9,3.18909906e-06,4.27597513e-08,0.0134080974,0.0078125
5,174,1,0,3.23707195e-06,2.41201383e-06,0.745122075,0.0078125
5,174,1,1,3.23707195e-06,1.81848088e-06,0.56176722,0.0078125
5,174,1,2,3.23707195e-06,1.38035784e-06,0.426421732,0.0078125
5,174,1,3,3.23707195e-06,8.66840708e-07,0.26778543,0.0078125
5,174,1,4,3.23707195e-06,5.00723388e-07,0.154684052,0.0078125
5,174,1,5,3.23707195e-06,2.71872324e-07,0.0839871094,0.0078125
5,174,1,6,3.23707195e-06,1.59078724e-07,0.0491427816,0.0078125
5,174,1,7,3.23707195e-06,1.00735882e-07,0.0311194453,0.0078125
5,174,1,8,3.23707195e-06,7.02182348e-08,0.0216918979,0.0078125
5,174,1,9,3.23707195e-06,4.24222542e-08,0.0131051317,0.0078125
5,175,1,0,3.17466106e-06,2.34702725e-06,0.739300132,0.0078125
5,175,1,1,3.17466106e-06,1.83131453e-06,0.576853573,0.0078125
5,175,1,2,3.17466106e-06,1.4171062e-06,0.446380317,0.0078125
5,175,1,3,3.17466106e-06,9.1454956e-07,0.288077861,0.0078125
5,175,1,4,3.17466106e-06,5.62935213e-07,0.17732136,0.0078125
5,175,1,5,3.17466106e-06,3.58563909e-07,0.112945572,0.0078125
5,175,1,6,3.17466106e-06,2.09553065e-07,0.066008009,0.0078125
5,175,1,7,3.17466106e-06,1.19249577e-07,0.0375629328,0.0078125
5,175,1,8,3.17466106e-06,7.37438413e-08,0.0232288856,0.0078125
5,175,1,9,3.17466106e-06,4.27867484e-08,0.0134775797,0.0078125
5,176,1,0,3.1944096e-06,2.3882908e-06,0.747646987,0.0078125
5,176,1,1,3.1944096e-06,1.83722875e-06,0.575138748,0.0078125
5,176,1,2,3.1944096e-06,1.41052362e-06,0.44156003,0.0078125
5,176,1,3,3.1944096e-06,8.9917944e-07,0.281485319,0.0078125
5,176,1,4,3.1944096e-06,5.09922927e-07,0.159629792,0.0078125
5,176,1,5,3.1944096e-06,2.91664662e-07,0.0913047194,0.0078125
5,176,1,6,3.1944096e-06,1.97221553e-07,0.0617395937,0.0078125
5,176,1,7,3.1944096e-06,1.20445492e-07,0.0377050862,0.0078125
5,176,1,8,3.1944096e-06,7.69843211e-08,0.024099702,0.0078125
5,176,1,9,3.1944096e-06,4.36696936e-08,0.0136706615,0.0078125
5,177,1,0,3.33934236e-06,2.43661771e-06,0.729669929,0.0078125
5,177,1,1,3.33934236e-06,1.86889486e-06,0.559659541,0.0078125
5,177,1,2,3.33934236e-06,1.45561239e-06,0.435897917,0.0078125
5,177,1,3,3.33934236e-06,9.3997113e-07,0.281483918,0.0078125
5,177,1,4,3.33934236e-06,5.83390545e-07,0.174702227,0.0078125
5,177,1,5,3.33934236e-06,3.69509053e-07,0.110653244,0.0078125
5,177,1,6,3.33934236e-06,2.12488402e-07,0.0636318102,0.0078125
5,177,1,7,3.33934236e-06,1.22530182e-07,0.0366929062,0.0078125
5,177,1,8,3.33934236e-06,7.65350023e-08,0.0229191836,0.0078125
5,177,1,9,3.33934236e-06,4.3728928e-08,0.0130950715,0.0078125
5,178,1,0,3.21526159e-06,2.40320628e-06,0.747437239,0.0078125
5,178,1,1,3.21526159e-06,1.86241004e-06,0.57924062,0.0078125
5,178,1,2,3.21526159e-06,1.44344062e-06,0.448934108,0.0078125
5,178,1,3,3.21526159e-06,9.03828322e-07,0.281105697,0.0078125
5,178,1,4,3.21526159e-06,5.34187507e-07,0.166141227,0.0078125
5,178,1,5,3.21526159e-06,3.42170438e-07,0.106420718,0.0078125
5,178,1,6,3.21526159e-06,2.13214676e-07,0.0663133189,0.0078125
5,178,1,7,3.21526159e-06,1.24173752e-07,0.0386201106,0.0078125
5,178,1,8,3.21526159e-06,7.67735955e-08,0.0238778684,0.0078125
5,178,1,9,3.21526159e-06,4.41200676e-08,0.013722077,0.0078125
5,179,1,0,2.98485406e-06,2.29360126e-06,0.768413186,0.0078125
5,179,1,1,2.98485406e-06,1.79891435e-06,0.602680862,0.0078125
5,179,1,2,2.98485406e-06,1.39749284e-06,0.468194693,0.0078125
5,179,1,3,2.98485406e-06,9.30534156e-07,0.311751992,0.0078125
5,179,1,4,2.98485406e-06,5.84595057e-07,0.195853814,0.0078125
5,179,1,5,2.98485406e-06,3.7156002e-07,0.124481805,0.0078125
5,179,1,6,2.98485406e-06,2.16088992e-07,0.0723951608,0.0078125
5,179,1,7,2.98485406e-06,1.22458204e-07,0.0410265289,0.0078125
5,179,1,8,2.98485406e-06,7.72062236e-08,0.0258659963,0.0078125
5,179,1,9,2.98485406e-06,4.39355752e-08,0.0147195049,0.0078125
5,180,1,0,3.17481818e-06,2.33899846e-06,0.736734629,0.0078125
5,180,1,1,3.17481818e-06,1.83614191e-06,0.578345537,0.0078125
5,180,1,2,3.17481818e-06,1.46551588e-06,0.461606234,0.0078125
5,180,1,3,3.17481818e-06,9.759151e-07,0.307392448,0.0078125
5,180,1,4,3.17481818e-06,6.04890204e-07,0.190527514,0.0078125
5,180,1,5,3.17481818e-06,3.86143313e-07,0.121626906,0.0078125
5,180,1,6,3.17481818e-06,2.18441343e-07,0.0688043609,0.0078125
5,180,1,7,3.17481818e-06,1.25799659e-07,0.0396242104,0.0078125
5,180,1,8,3.17481818e-06,7.75765727e-08,0.0244349651,0.0078125
5,180,1,9,3.17481818e-06,4.51004176e-08,0.0142056691,0.0078125
5,181,1,0,3.1912441e-06,2.37541212e-06,0.744352996,0.0078125
5,181,1,1,3.1912441e-06,1.8608888e-06,0.583123326,0.0078125
5,181,1,2,3.1912441e-06,1.47287142e-06,0.461535186,0.0078125
5,181,1,3,3.1912441e-06,9.98401902e-07,0.312856644,0.0078125
5,181,1,4,3.1912441e-06,6.17430885e-07,0.193476543,0.0078125
5,181,1,5,3.1912441e-06,3.89644413e-07,0.122097969,0.0078125
5,181,1,6,3.1912441e-06,2.14703519e-07,0.0672789365,0.0078125
5,181,1,7,3.1912441e-06,1.23719687e-07,0.0387684815,0.0078125
5,181,1,8,3.1912441e-06,7.70580399e-08,0.0241467077,0.0078125
5,181,1,9,3.1912441e-06,4.35324452e-08,0.013641214,0.0078125
5,182,1,0,3.27158614e-06,2.35585958e-06,0.720097065,0.0078125
5,182,1,1,3.27158614e-06,1.81880455e-06,0.555939674,0.0078125
5,182,1,2,3.27158614e-06,1.45902447e-06,0.445968539,0.0078125
5,182,1,3,3.27158614e-06,9.42226961e-07,0.288003117,0.0078125
5,182,1,4,3.27158614e-06,5.46768661e-07,0.167126477,0.0078125
5,182,1,5,3.27158614e-06,3.51528286e-07,0.107448883,0.0078125
5,182,1,6,3.27158614e-06,2.15282014e-07,0.0658035576,0.0078125
5,182,1,7,3.27158614e-06,1.23024606e-07,0.0376039632,0.0078125
5,182,1,8,3.27158614e-06,7.70400348e-08,0.0235482212,0.0078125
5,182,1,9,3.27158614e-06,4.39595027e-08,0.0134367552,0.0078125
5,183,1,0,3.05811409e-06,2.33676565e-06,0.764119864,0.0078125
5,183,1,1,3.05811409e-06,1.84099883e-06,0.602004647,0.0078125
5,183,1,2,3.05811409e-06,1.46175626e-06,0.477992713,0.0078125
5,183,1,3,3.05811409e-06,9.38229391e-07,0.306800008,0.0078125
5,183,1,4,3.05811409e-06,5.49245783e-07,0.179602772,0.0078125
5,183,1,5,3.05811409e-06,3.57138219e-07,0.116783813,0.0078125
5,183,1,6,3.05811409e-06,2.15596955e-07,0.0704999715,0.0078125
5,183,1,7,3.05811409e-06,1.22810249e-07,0.0401588194,0.0078125
5,183,1,8,3.05811409e-06,7.75121975e-08,0.0253464039,0.0078125
5,183,1,9,3.05811409e-06,4.35222596e-08,0.0142317321,0.0078125
5,184,1,0,3.29144632e-06,2.40598797e-06,0.730982006,0.0078125
5,184,1,1,3.29144632e-06,1.81052133e-06,0.550068617,0.0078125
5,184,1,2,3.29144632e-06,1.47753155e-06,0.448900402,0.0078125
5,184,1,3,3.29144632e-06,9.51985157e-07,0.289230049,0.0078125
5,184,1,4,3.29144632e-06,5.67296013e-07,0.172354624,0.0078125
5,184,1,5,3.29144632e-06,3.77266872e-07,0.114620395,0.0078125
5,184,1,6,3.29144632e-06,2.15718941e-07,0.0655392557,0.0078125
5,184,1,7,3.29144632e-06,1.26341391e-07,0.0383847654,0.0078125
5,184,1,8,3.29144632e-06,7.93441401e-08,0.0241061617,0.0078125
5,184,1,9,3.29144632e-06,4.46495569e-08,0.0135653308,0.0078125
5,185,1,0,3.07574714e-06,2.27652299e-06,0.740152836,0.0078125
5,185,1,1,3.07574714e-06,1.76908975e-06,0.575173974,0.0078125
5,185,1,2,3.07574714e-06,1.40418945e-06,0.456536055,0.0078125
5,185,1,3,3.07574714e-06,1.02975775e-06,0.33479923,0.0078125
5,185,1,4,3.07574714e-06,6.22371488e-07,0.202348068,0.0078125
5,185,1,5,3.07574714e-06,3.83059273e-07,0.124541864,0.0078125
5,185,1,6,3.07574714e-06,2.09823042e-07,0.068218559,0.0078125
5,185,1,7,3.07574714e-06,1.20448405e-07,0.0391606987,0.0078125
5,185,1,8,3.07574714e-06,7.61388605e-08,0.0247545894,0.0078125
5,185,1,9,3.07574714e-06,4.29855085e-08,0.0139756314,0.0078125
5,186,1,0,2.92204777e-06,2.14022157e-06,0.732438922,0.0078125
5,186,1,1,2.92204777e-06,1.72771968e-06,0.591270149,0.0078125
5,186,1,2,2.92204777e-06,1.44800811e-06,0.495545655,0.0078125
5,186,1,3,2.92204777e-06,9.59092858e-07,0.328226268,0.0078125
5,186,1,4,2.92204777e-06,5.63522519e-07,0.192851916,0.0078125
5,186,1,5,2.92204777e-06,3.69760585e-07,0.1265416,0.0078125
5,186,1,6,2.92204777e-06,2.15174879e-07,0.073638387,0.0078125
5,186,1,7,2.92204777e-06,1.22569219e-07,0.0419463441,0.0078125
5,186,1,8,2.92204777e-06,7.71259607e-08,0.0263944902,0.0078125
5,186,1,9,2.92204777e-06,4.27757776e-08,0.0146389725,0.0078125
5,187,1,0,3.15258649e-06,2.37045197e-06,0.751907051,0.0078125
5,187,1,1,3.15258649e-06,1.80135476e-06,0.571389496,0.0078125
5,187,1,2,3.15258649e-06,1.46196919e-06,0.463736415,0.0078125
5,187,1,3,3.15258649e-06,9.97408733e-07,0.316377908,0.0078125
5,187,1,4,3.15258649e-06,6.11325504e-07,0.193912372,0.0078125
5,187,1,5,3.15258649e-06,3.83029146e-07,0.121496789,0.0078125
5,187,1,6,3.15258649e-06,2.08563364e-07,0.0661562681,0.0078125
5,187,1,7,3.15258649e-06,1.18213428e-07,0.037497282,0.0078125
5,187,1,8,3.15258649e-06,7.51662128e-08,0.0238427129,0.0078125
5,187,1,9,3.15258649e-06,4.18561186e-08,0.0132767549,0.0078125
5,188,1,0,3.09085044e-06,2.28381987e-06,0.738896906,0.0078125
5,188,1,1,3.09085044e-06,1.71981583e-06,0.556421578,0.0078125
5,188,1,2,3.09085044e-06,1.39008921e-06,0.449743271,0.0078125
5,188,1,3,3.09085044e-06,8.93697688e-07,0.289142966,0.0078125
5,188,1,4,3.09085044e-06,5.09732047e-07,0.164916441,0.0078125
5,188,1,5,3.09085044e-06,2.84506854e-07,0.0920480788,0.0078125
5,188,1,6,3.09085044e-06,1.73936556e-07,0.0562746599,0.0078125
5,188,1,7,3.09085044e-06,1.12329211e-07,0.0363424942,0.0078125
5,188,1,8,3.09085044e-06,7.34551122e-08,0.0237653404,0.0078125
5,188,1,9,3.09085044e-06,4.07687857e-08,0.0131901512,0.0078125
5,189,1,0,3.13977057e-06,2.45659498e-06,0.782412231,0.0078125
5,189,1,1,3.13977057e-06,1.8530551e-06,0.590188086,0.0078125
5,189,1,2,3.13977057e-06,1.44098544e-06,0.458946109,0.0078125
5,189,1,3,3.13977057e-06,8.97414566e-07,0.285821706,0.0078125
5,189,1,4,3.13977057e-06,5.19914693e-07,0.165590033,0.0078125
5,189,1,5,3.13977057e-06,3.05025907e-07,0.0971491039,0.0078125
5,189,1,6,3.13977057e-06,2.02037583e-07,0.0643478781,0.0078125
5,189,1,7,3.13977057e-06,1.16202713e-07,0.0370099396,0.0078125
5,189,1,8,3.13977057e-06,7.36119574e-08,0.023445012,0.0078125
5,189,1,9,3.13977057e-06,4.07595522e-08,0.0129816979,0.0078125
5,190,1,0,2.95699328e-06,2.32201182e-06,0.785261095,0.0078125
5,190,1,1,2.95699328e-06,1.75164996e-06,0.592375338,0.0078125
5,190,1,2,2.95699328e-06,1.39740177e-06,0.472575217,0.0078125
5,190,1,3,2.95699328e-06,9.39847723e-07,0.317838967,0.0078125
5,190,1,4,2.95699328e-06,5.95265874e-07,0.201307818,0.0078125
5,190,1,5,2.95699328e-06,3.69182004e-07,0.124850474,0.0078125
5,190,1,6,2.95699328e-06,2.00482901e-07,0.0677995831,0.0078125
5,190,1,7,2.95699328e-06,1.12586498e-07,0.0380746536,0.0078125
5,190,1,8,2.95699328e-06,7.07844947e-08,0.0239379965,0.0078125
5,190,1,9,2.95699328e-06,3.96876523e-08,0.013421624,0.0078125
5,191,1,0,3.08922858e-06,2.45956858e-06,0.796175659,0.0078125
5,191,1,1,3.08922858e-06,1.87210389e-06,0.606010139,0.0078125
5,191,1,2,3.08922858e-06,1.49523771e-06,0.484016538,0.0078125
5,191,1,3,3.08922858e-06,1.00749162e-06,0.32613048,0.0078125
5,191,1,4,3.08922858e-06,6.22148889e-07,0.201392964,0.0078125
5,191,1,5,3.08922858e-06,3.83225768e-07,0.124052256,0.0078125
5,191,1,6,3.08922858e-06,2.09475971e-07,0.0678085014,0.0078125
5,191,1,7,3.08922858e-06,1.15117629e-07,0.0372641981,0.0078125
5,191,1,8,3.08922858e-06,7.29328136e-08,0.023608746,0.0078125
5,191,1,9,3.08922858e-06,4.08720133e-08,0.0132304914,0.0078125
5,192,1,0,2.76842661e-06,2.22508265e-06,0.803735495,0.0078125
5,192,1,1,2.76842661e-06,1.73754847e-06,0.627630293,0.0078125
5,192,1,2,2.76842661e-06,1.42988574e-06,0.516497612,0.0078125
5,192,1,3,2.76842661e-06,9.28416682e-07,0.335358977,0.0078125
5,192,1,4,2.76842661e-06,5.69233691e-07,0.205616325,0.0078125
5,192,1,5,2.76842661e-06,3.74997683e-07,0.135455161,0.0078125
5,192,1,6,2.76842661e-06,2.11150237e-07,0.0762708485,0.0078125
5,192,1,7,2.76842661e-06,1.1962193e-07,0.0432093553,0.0078125
5,192,1,8,2.76842661e-06,7.66278987e-08,0.0276792236,0.0078125
5,192,1,9,2.76842661e-06,4.26415419e-08,0.0154028069,0.0078125
5,193,1,0,2.91734091e-06,2.24940027e-06,0.771044731,0.0078125
5,193,1,1,2.91734091e-06,1.74830416e-06,0.599280059,0.0078125
5,193,1,2,2.91734091e-06,1.42094871e-06,0.487069815,0.0078125
5,193,1,3,2.91734091e-06,9.15381122e-07,0.31377241,0.0078125
5,193,1,4,2.91734091e-06,5.66609174e-07,0.194221109,0.0078125
5,193,1,5,2.91734091e-06,3.70541954e-07,0.127013594,0.0078125
5,193,1,6,2.91734091e-06,2.09754234e-07,0.071899116,0.0078125
5,193,1,7,2.91734091e-06,1.14130152e-07,0.0391212925,0.0078125
5,193,1,8,2.91734091e-06,7.34570733e-08,0.0251794625,0.0078125
5,193,1,9,2.91734091e-06,4.14649435e-08,0.0142132668,0.0078125
5,194,1,0,2.96999474e-06,2.23402321e-06,0.752197683,0.0078125
5,194,1,1,2.96999474e-06,1.72470084e-06,0.580708385,0.0078125
5,194,1,2,2.96999474e-06,1.43389354e-06,0.482793301,0.0078125
5,194,1,3,2.96999474e-06,9.91651177e-07,0.333889872,0.0078125
5,194,1,4,2.96999474e-06,6.2457076e-07,0.210293561,0.0078125
5,194,1,5,2.96999474e-06,3.89852289e-07,0.131263629,0.0078125
5,194,1,6,2.96999474e-06,2.11466755e-07,0.0712010562,0.0078125
5,194,1,7,2.96999474e-06,1.17186268e-07,0.0394567251,0.0078125
5,194,1,8,2.96999474e-06,7.45560271e-08,0.0251030847,0.0078125
5,194,1,9,2.96999474e-06,4.21598401e-08,0.0141952578,0.0078125
5,195,1,0,2.86327554e-06,2.29124362e-06,0.800217628,0.0078125
5,195,1,1,2.86327554e-06,1.75582966e-06,0.613224149,0.0078125
5,195,1,2,2.86327554e-06,1.41875091e-06,0.495499253,0.0078125
5,195,1,3,2.86327554e-06,9.29215616e-07,0.324528873,0.0078125
5,195,1,4,2.86327554e-06,5.83176245e-07,0.20367451,0.0078125
5,195,1,5,2.86327554e-06,3.78299347e-07,0.132121176,0.0078125
5,195,1,6,2.86327554e-06,2.12265547e-07,0.0741338208,0.0078125
5,195,1,7,2.86327554e-06,1.17420356e-07,0.041009102,0.0078125
5,195,1,8,2.86327554e-06,7.55889715e-08,0.0263994746,0.0078125
5,195,1,9,2.86327554e-06,4.27927809e-08,0.0149453944,0.0078125
5,196,1,0,2.88975275e-06,2.2747663e-06,0.787183702,0.0078125
5,196,1,1,2.88975275e-06,1.76760693e-06,0.611681044,0.0078125
5,196,1,2,2.88975275e-06,1.44910894e-06,0.501464665,0.0078125
5,196,1,3,2.88975275e-06,9.50555091e-07,0.328939945,0.0078125
5,196,1,4,2.88975275e-06,6.05574598e-07,0.209559307,0.0078125
5,196,1,5,2.88975275e-06,3.87807148e-07,0.134200811,0.0078125
5,196,1,6,2.88975275e-06,2.18503857e-07,0.0756133422,0.0078125
5,196,1,7,2.88975275e-06,1.21694541e-07,0.0421124399,0.0078125
5,196,1,8,2.88975275e-06,7.84598129e-08,0.0271510463,0.0078125
5,196,1,9,2.88975275e-06,4.40540866e-08,0.0152449328,0.0078125
5,197,1,0,3.13789792e-06,2.35790071e-06,0.751426816,0.0078125
5,197,1,1,3.13789792e-06,1.85245574e-06,0.590349257,0.0078125
5,197,1,2,3.13789792e-06,1.47162325e-06,0.468983799,0.0078125
5,197,1,3,3.13789792e-06,9.34304637e-07,0.297748566,0.0078125
5,197,1,4,3.13789792e-06,5.53390464e-07,0.176357061,0.0078125
5,197,1,5,3.13789792e-06,3.57998601e-07,0.114088669,0.0078125
5,197,1,6,3.13789792e-06,2.18536286e-07,0.069644168,0.0078125
5,197,1,7,3.13789792e-06,1.22506293e-07,0.0390408784,0.0078125
5,197,1,8,3.13789792e-06,7.88664494e-08,0.0251335297,0.0078125
5,197,1,9,3.13789792e-06,4.43294894e-08,0.0141271297,0.0078125
5,198,1,0,3.11834674e-06,2.2783363e-06,0.730623126,0.0078125
5,198,1,1,3.11834674e-06,1.76970593e-06,0.567514181,0.0078125
5,198,1,2,3.11834674e-06,1.45310776e-06,0.46598658,0.0078125
5,198,1,3,3.11834674e-06,9.66925086e-07,0.310076207,0.0078125
5,198,1,4,3.11834674e-06,6.13353279e-07,0.196691811,0.0078125
5,198,1,5,3.11834674e-06,3.90630902e-07,0.125268593,0.0078125
5,198,1,6,3.11834674e-06,2.21483234e-07,0.0710258484,0.0078125
5,198,1,7,3.11834674e-06,1.22061351e-07,0.03914297,0.0078125
5,198,1,8,3.11834674e-06,7.82277851e-08,0.0250863004,0.0078125
5,198,1,9,3.11834674e-06,4.42565735e-08,0.0141923195,0.0078125
5,199,1,0,3.05645881e-06,2.33670403e-06,0.764513493,0.0078125
5,199,1,1,3.05645881e-06,1.77513789e-06,0.580782533,0.0078125
5,199,1,2,3.05645881e-06,1.42180079e-06,0.465179116,0.0078125
5,199,1,3,3.05645881e-06,9.5315238e-07,0.311848581,0.0078125
5,199,1,4,3.05645881e-06,5.9500718e-07,0.194672078,0.0078125
5,199,1,5,3.05645881e-06,3.80485886e-07,0.124485858,0.0078125
5,199,1,6,3.05645881e-06,2.19143558e-07,0.0716985166,0.0078125
5,199,1,7,3.05645881e-06,1.19114219e-07,0.0389713161,0.0078125
5,199,1,8,3.05645881e-06,7.63089858e-08,0.024966469,0.0078125
5,199,1,9,3.05645881e-06,4.37833449e-08,0.0143248597,0.0078125
5,200,1,0,3.0056151e-06,2.29304283e-06,0.762919664,0.0078125
5,200,1,1,3.0056151e-06,1.72024545e-06,0.572343886,0.0078125
5,200,1,2,3.0056151e-06,1.37018515e-06,0.455875129,0.0078125
5,200,1,3,3.0056151e-06,8.79610866e-07,0.292655855,0.0078125
5,200,1,4,3.0056151e-06,5.06066897e-07,0.168373823,0.0078125
5,200,1,5,3.0056151e-06,3.06482036e-07,0.101969823,0.0078125
5,200,1,6,3.0056151e-06,1.92754968e-07,0.0641316175,0.0078125
5,200,1,7,3.0056151e-06,1.14417965e-07,0.038068071,0.0078125
5,200,1,8,3.0056151e-06,7.37194554e-08,0.0245272443,0.0078125
5,200,1,9,3.0056151e-06,4.28317009e-08,0.0142505607,0.0078125
5,201,1,0,2.91505444e-06,2.26468978e-06,0.77689451,0.0078125
5,201,1,1,2.91505444e-06,1.77179072e-06,0.6078071,0.0078125
5,201,1,2,2.91505444e-06,1.44500507e-06,0.495704323,0.0078125
5,201,1,3,2.91505444e-06,1.00888133e-06,0.346093476,0.0078125
5,201,1,4,2.91505444e-06,6.37407709e-07,0.218660653,0.0078125
5,201,1,5,2.91505444e-06,3.88605798e-07,0.13330996,0.0078125
5,201,1,6,2.91505444e-06,2.17222706e-07,0.0745175481,0.0078125
5,201,1,7,2.91505444e-06,1.15941546e-07,0.0397733711,0.0078125
5,201,1,8,2.91505444e-06,7.490803e-08,0.0256969575,0.0078125
5,201,1,9,2.91505444e-06,4.34237997e-08,0.0148963938,0.0078125
5,202,1,0,3.09846928e-06,2.38659163e-06,0.770248592,0.0078125
5,202,1,1,3.09846928e-06,1.84678436e-06,0.596031189,0.0078125
5,202,1,2,3.09846928e-06,1.45079912e-06,0.468230933,0.0078125
5,202,1,3,3.09846928e-06,9.10658002e-07,0.293905765,0.0078125
5,202,1,4,3.09846928e-06,5.302673e-07,0.171138465,0.0078125
5,202,1,5,3.09846928e-06,3.32943841e-07,0.1074543,0.0078125
5,202,1,6,3.09846928e-06,2.12141316e-07,0.068466492,0.0078125
5,202,1,7,3.09846928e-06,1.17791878e-07,0.0380161516,0.0078125
5,202,1,8,3.09846928e-06,7.51325047e-08,0.0242482647,0.0078125
5,202,1,9,3.09846928e-06,4.4176435e-08,0.0142575027,0.0078125
5,203,1,0,2.99713315e-06,2.42107672e-06,0.807797492,0.0078125
5,203,1,1,2.99713315e-06,1.91041727e-06,0.637414873,0.0078125
5,203,1,2,2.99713315e-06,1.44598891e-06,0.48245734,0.0078125
5,203,1,3,2.99713315e-06,9.07667697e-07,0.302845299,0.0078125
5,203,1,4,2.99713315e-06,5.5588805e-07,0.185473263,0.0078125
5,203,1,5,2.99713315e-06,3.59404879e-07,0.119916223,0.0078125
5,203,1,6,2.99713315e-06,2.15062158e-07,0.0717559606,0.0078125
5,203,1,7,2.99713315e-06,1.15265578e-07,0.0384586118,0.0078125
5,203,1,8,2.99713315e-06,7.38314796e-08,0.0246340334,0.0078125
5,203,1,9,2.99713315e-06,4.2725123e-08,0.01425533,0.0078125
5,204,1,0,3.15564307e-06,2.38075449e-06,0.754443526,0.0078125
5,204,1,1,3.15564307e-06,1.83459849e-06,0.581370711,0.0078125
5,204,1,2,3.15564307e-06,1.41487351e-06,0.448362976,0.0078125
5,204,1,3,3.15564307e-06,8.79378717e-07,0.278668612,0.0078125
5,204,1,4,3.15564307e-06,5.19651451e-07,0.164673716,0.0078125
5,204,1,5,3.15564307e-06,2.85325854e-07,0.0904176608,0.0078125
5,204,1,6,3.15564307e-06,1.53110662e-07,0.0485196374,0.0078125
5,204,1,7,3.15564307e-06,9.2317002e-08,0.0292545762,0.0078125
5,204,1,8,3.15564307e-06,5.59957947e-08,0.0177446548,0.0078125
5,204,1,9,3.15564307e-06,3.50438327e-08,0.0111051323,0.0078125
5,205,1,0,3.23370887e-06,2.39143196e-06,0.739532232,0.0078125
5,205,1,1,3.23370887e-06,1.84437272e-06,0.570358336,0.0078125
5,205,1,2,3.23370887e-06,1.44509693e-06,0.446885288,0.0078125
5,205,1,3,3.23370887e-06,9.53796189e-07,0.29495424,0.0078125
5,205,1,4,3.23370887e-06,6.2330713e-07,0.192753017,0.0078125
5,205,1,5,3.23370887e-06,3.94383477e-07,0.121960104,0.0078125
5,205,1,6,3.23370887e-06,2.21363365e-07,0.0684549436,0.0078125
5,205,1,7,3.23370887e-06,1.18037697e-07,0.0365022644,0.0078125
5,205,1,8,3.23370887e-06,7.57123289e-08,0.0234134644,0.0078125
5,205,1,9,3.23370887e-06,4.32769056e-08,0.013383056,0.0078125
5,206,1,0,3.16319642e-06,2.38847178e-06,0.755081713,0.0078125
5,206,1,1,3.16319642e-06,1.82911265e-06,0.578248203,0.0078125
5,206,1,2,3.16319642e-06,1.44125477e-06,0.455632389,0.0078125
5,206,1,3,3.16319642e-06,9.3252595e-07,0.294804931,0.0078125
5,206,1,4,3.16319642e-06,6.07259722e-07,0.191976607,0.0078125
5,206,1,5,3.16319642e-06,3.85456815e-07,0.121856742,0.0078125
5,206,1,6,3.16319642e-06,2.17551147e-07,0.0687757283,0.0078125
5,206,1,7,3.16319642e-06,1.1633594e-07,0.0367779694,0.0078125
5,206,1,8,3.16319642e-06,7.41600417e-08,0.0234446526,0.0078125
5,206,1,9,3.16319642e-06,4.19970831e-08,0.0132767865,0.0078125
5,207,1,0,3.12874135e-06,2.29997477e-06,0.735111833,0.0078125
5,207,1,1,3.12874135e-06,1.78065352e-06,0.569127738,0.0078125
5,207,1,2,3.12874135e-06,1.39234351e-06,0.445017129,0.0078125
5,207,1,3,3.12874135e-06,8.94594393e-07,0.285927892,0.0078125
5,207,1,4,3.12874135e-06,5.74995795e-07,0.183778629,0.0078125
5,207,1,5,3.12874135e-06,3.75133681e-07,0.119899228,0.0078125
5,207,1,6,3.12874135e-06,2.18064969e-07,0.0696973428,0.0078125
5,207,1,7,3.12874135e-06,1.1697702e-07,0.0373878852,0.0078125
5,207,1,8,3.12874135e-06,7.44836726e-08,0.0238062739,0.0078125
5,207,1,9,3.12874135e-06,4.25382147e-08,0.0135959508,0.0078125
5,208,1,0,3.08664107e-06,2.36157302e-06,0.765094817,0.0078125
5,208,1,1,3.08664107e-06,1.80526172e-06,0.584862828,0.0078125
5,208,1,2,3.08664107e-06,1.40230202e-06,0.454313278,0.0078125
5,208,1,3,3.08664107e-06,9.39396273e-07,0.304342568,0.0078125
5,208,1,4,3.08664107e-06,6.22611878e-07,0.201711789,0.0078125
5,208,1,5,3.08664107e-06,3.86706034e-07,0.125283778,0.0078125
5,208,1,6,3.08664107e-06,2.17513943e-07,0.0704694614,0.0078125
5,208,1,7,3.08664107e-06,1.14759111e-07,0.0371792875,0.0078125
5,208,1,8,3.08664107e-06,7.18266051e-08,0.0232701506,0.0078125
5,208,1,9,3.08664107e-06,4.19192183e-08,0.0135808531,0.0078125
5,209,1,0,3.04004197e-06,2.24609016e-06,0.738835275,0.0078125
5,209,1,1,3.04004197e-06,1.69467626e-06,0.557451606,0.0078125
5,209,1,2,3.04004197e-06,1.31866148e-06,0.433764219,0.0078125
5,209,1,3,3.04004197e-06,9.06038281e-07,0.298034787,0.0078125
5,209,1,4,3.04004197e-06,5.91754258e-07,0.194653317,0.0078125
5,209,1,5,3.04004197e-06,3.75688018e-07,0.123579882,0.0078125
5,209,1,6,3.04004197e-06,2.15280409e-07,0.0708149448,0.0078125
5,209,1,7,3.04004197e-06,1.14284838e-07,0.0375931785,0.0078125
5,209,1,8,3.04004197e-06,7.31163539e-08,0.0240511,0.0078125
5,209,1,9,3.04004197e-06,4.2974321e-08,0.0141360946,0.0078125
5,210,1,0,3.02507055e-06,2.25320764e-06,0.744844675,0.0078125
5,210,1,1,3.02507055e-06,1.70089356e-06,0.562265754,0.0078125
5,210,1,2,3.02507055e-06,1.28670263e-06,0.425346315,0.0078125
5,210,1,3,3.02507055e-06,8.73816418e-07,0.288858205,0.0078125
5,210,1,4,3.02507055e-06,5.66428696e-07,0.187244788,0.0078125
5,210,1,5,3.02507055e-06,3.63501016e-07,0.120162822,0.0078125
5,210,1,6,3.02507055e-06,2.18025846e-07,0.0720729753,0.0078125
5,210,1,7,3.02507055e-06,1.1580007e-07,0.038280122,0.0078125
5,210,1,8,3.02507055e-06,7.42472892e-08,0.0245439857,0.0078125
5,210,1,9,3.02507055e-06,4.43737207e-08,0.0146686565,0.0078125
5,211,1,0,3.16516639e-06,2.38353027e-06,0.753050566,0.0078125
5,211,1,1,3.16516639e-06,1.78897733e-06,0.565208018,0.0078125
5,211,1,2,3.16516639e-06,1.35752043e-06,0.428893864,0.0078125
5,211,1,3,3.16516639e-06,9.07815661e-07,0.286814511,0.0078125
5,211,1,4,3.16516639e-06,6.02264663e-07,0.190278992,0.0078125
5,211,1,5,3.16516639e-06,3.83802899e-07,0.121258363,0.0078125
5,211,1,6,3.16516639e-06,2.18600533e-07,0.0690644681,0.0078125
5,211,1,7,3.16516639e-06,1.1795359e-07,0.0372661576,0.0078125
5,211,1,8,3.16516639e-06,7.72076092e-08,0.0243929066,0.0078125
5,211,1,9,3.16516639e-06,4.54407463e-08,0.0143565107,0.0078125
5,212,1,0,3.16762021e-06,2.33788046e-06,0.738055825,0.0078125
5,212,1,1,3.16762021e-06,1.79123901e-06,0.565484166,0.0078125
5,212,1,2,3.16762021e-06,1.35446044e-06,0.427595586,0.0078125
5,212,1,3,3.16762021e-06,8.85957093e-07,0.279691696,0.0078125
5,212,1,4,3.16762021e-06,5.43098622e-07,0.171453208,0.0078125
5,212,1,5,3.16762021e-06,3.28377666e-07,0.103666991,0.0078125
5,212,1,6,3.16762021e-06,2.19688289e-07,0.0693543628,0.0078125
5,212,1,7,3.16762021e-06,1.20547099e-07,0.0380560458,0.0078125
5,212,1,8,3.16762021e-06,7.83847796e-08,0.0247456376,0.0078125
5,212,1,9,3.16762021e-06,4.71755399e-08,0.014893054,0.0078125
5,213,1,0,3.31147839e-06,2.40368377e-06,0.725864232,0.0078125
5,213,1,1,3.31147839e-06,1.82287044e-06,0.550470293,0.0078125
5,213,1,2,3.31147839e-06,1.38168241e-06,0.417240351,0.0078125
5,213,1,3,3.31147839e-06,8.962636e-07,0.270653605,0.0078125
5,213,1,4,3.31147839e-06,5.51550556e-07,0.166557193,0.0078125
5,213,1,5,3.31147839e-06,3.41368263e-07,0.10308636,0.0078125
5,213,1,6,3.31147839e-06,2.2273521e-07,0.0672615618,0.0078125
5,213,1,7,3.31147839e-06,1.2163396e-07,0.0367310159,0.0078125
5,213,1,8,3.31147839e-06,8.01707785e-08,0.024209965,0.0078125
5,213,1,9,3.31147839e-06,4.81948561e-08,0.0145538794,0.0078125
5,214,1,0,3.33569119e-06,2.48962237e-06,0.746358752,0.0078125
5,214,1,1,3.33569119e-06,1.84458463e-06,0.552984238,0.0078125
5,214,1,2,3.33569119e-06,1.36420647e-06,0.408972651,0.0078125
5,214,1,3,3.33569119e-06,9.01059479e-07,0.27012676,0.0078125
5,214,1,4,3.33569119e-06,5.91141713e-07,0.177217156,0.0078125
5,214,1,5,3.33569119e-06,3.8147644e-07,0.114362039,0.0078125
5,214,1,6,3.33569119e-06,2.24390021e-07,0.0672694221,0.0078125
5,214,1,7,3.33569119e-06,1.21710599e-07,0.0364873707,0.0078125
5,214,1,8,3.33569119e-06,7.92220689e-08,0.0237498209,0.0078125
5,214,1,9,3.33569119e-06,4.77925504e-08,0.0143276304,0.0078125
5,215,1,0,3.28471833e-06,2.44175499e-06,0.743368149,0.0078125
5,215,1,1,3.28471833e-06,1.88579941e-06,0.574112952,0.0078125
5,215,1,2,3.28471833e-06,1.39398901e-06,0.424386173,0.0078125
5,215,1,3,3.28471833e-06,9.02528313e-07,0.274765819,0.0078125
5,215,1,4,3.28471833e-06,5.84215968e-07,0.17785877,0.0078125
5,215,1,5,3.28471833e-06,3.73067223e-07,0.113576628,0.0078125
5,215,1,6,3.28471833e-06,2.26555542e-07,0.068972595,0.0078125
5,215,1,7,3.28471833e-06,1.23151011e-07,0.0374921076,0.0078125
5,215,1,8,3.28471833e-06,8.05707217e-08,0.0245289598,0.0078125
5,215,1,9,3.28471833e-06,4.85717528e-08,0.0147871897,0.0078125
5,216,1,0,3.31040678e-06,2.53833718e-06,0.766775012,0.0078125
5,216,1,1,3.31040678e-06,1.93492701e-06,0.584498286,0.0078125
5,216,1,2,3.31040678e-06,1.39209362e-06,0.420520425,0.0078125
5,216,1,3,3.31040678e-06,9.01867736e-07,0.272434115,0.0078125
5,216,1,4,3.31040678e-06,5.86464012e-07,0.177157685,0.0078125
5,216,1,5,3.31040678e-06,3.72049044e-07,0.112387709,0.0078125
5,216,1,6,3.31040678e-06,2.23509275e-07,0.0675171614,0.0078125
5,216,1,7,3.31040678e-06,1.20125989e-07,0.0362873785,0.0078125
5,216,1,8,3.31040678e-06,7.8349963e-08,0.0236677751,0.0078125
5,216,1,9,3.31040678e-06,4.6817842e-08,0.014142625,0.0078125
5,217,1,0,3.22130768e-06,2.47554112e-06,0.76848948,0.0078125
5,217,1,1,3.22130768e-06,1.89359446e-06,0.58783406,0.0078125
5,217,1,2,3.22130768e-06,1.40173461e-06,0.435144603,0.0078125
5,217,1,3,3.22130768e-06,8.8828051e-07,0.275751531,0.0078125
5,217,1,4,3.22130768e-06,5.65979008e-07,0.175698519,0.0078125
5,217,1,5,3.22130768e-06,3.63853474e-07,0.112952106,0.0078125
5,217,1,6,3.22130768e-06,2.18276853e-07,0.067760326,0.0078125
5,217,1,7,3.22130768e-06,1.20010398e-07,0.0372551791,0.0078125
5,217,1,8,3.22130768e-06,7.74479219e-08,0.0240423866,0.0078125
5,217,1,9,3.22130768e-06,4.67754262e-08,0.014520633,0.0078125
5,218,1,0,3.38063865e-06,2.5311133e-06,0.748708606,0.0078125
5,218,1,1,3.38063865e-06,1.95136317e-06,0.57721734,0.0078125
5,218,1,2,3.38063865e-06,1.43567536e-06,0.424675792,0.0078125
5,218,1,3,3.38063865e-06,9.02398256e-07,0.266931295,0.0078125
5,218,1,4,3.38063865e-06,5.48811443e-07,0.162339568,0.0078125
5,218,1,5,3.38063865e-06,3.34744044e-07,0.0990179926,0.0078125
5,218,1,6,3.38063865e-06,2.18718682e-07,0.0646974444,0.0078125
5,218,1,7,3.38063865e-06,1.19677409e-07,0.0354008302,0.0078125
5,218,1,8,3.38063865e-06,7.66129276e-08,0.0226622652,0.0078125
5,218,1,9,3.38063865e-06,4.53456579e-08,0.0134133408,0.0078125
5,219,1,0,3.24806456e-06,2.50311905e-06,0.770649433,0.0078125
5,219,1,1,3.24806456e-06,1.84494854e-06,0.568014741,0.0078125
5,219,1,2,3.24806456e-06,1.37903328e-06,0.424570769,0.0078125
5,219,1,3,3.24806456e-06,8.75864259e-07,0.269657284,0.0078125
5,219,1,4,3.24806456e-06,5.18032209e-07,0.159489512,0.0078125
5,219,1,5,3.24806456e-06,2.98069864e-07,0.091768451,0.0078125
5,219,1,6,3.24806456e-06,1.89190999e-07,0.0582473017,0.0078125
5,219,1,7,3.24806456e-06,1.15149987e-07,0.0354518779,0.0078125
5,219,1,8,3.24806456e-06,7.43558104e-08,0.0228923429,0.0078125
5,219,1,9,3.24806456e-06,4.40986199e-08,0.0135768913,0.0078125
5,220,1,0,3.20022446e-06,2.43538648e-06,0.761004925,0.0078125
5,220,1,1,3.20022446e-06,1.82930478e-06,0.571617663,0.0078125
5,220,1,2,3.20022446e-06,1.38007897e-06,0.431244433,0.0078125
5,220,1,3,3.20022446e-06,8.95818062e-07,0.279923499,0.0078125
5,220,1,4,3.20022446e-06,5.87470879e-07,0.183571771,0.0078125
5,220,1,5,3.20022446e-06,3.61190217e-07,0.112864025,0.0078125
5,220,1,6,3.20022446e-06,2.145281e-07,0.0670353323,0.0078125
5,220,1,7,3.20022446e-06,1.16282017e-07,0.0363355801,0.0078125
5,220,1,8,3.20022446e-06,7.37599493e-08,0.0230483674,0.0078125
5,220,1,9,3.20022446e-06,4.37483223e-08,0.0136703914,0.0078125
5,221,1,0,3.19146943e-06,2.40958707e-06,0.755008638,0.0078125
5,221,1,1,3.19146943e-06,1.81442374e-06,0.56852299,0.0078125
5,221,1,2,3.19146943e-06,1.39743804e-06,0.437866658,0.0078125
5,221,1,3,3.19146943e-06,9.62799277e-07,0.301678985,0.0078125
5,221,1,4,3.19146943e-06,6.23566336e-07,0.195385337,0.0078125
5,221,1,5,3.19146943e-06,3.65295051e-07,0.114459828,0.0078125
5,221,1,6,3.19146943e-06,2.12955214e-07,0.0667263865,0.0078125
5,221,1,7,3.19146943e-06,1.14662079e-07,0.0359276757,0.0078125
5,221,1,8,3.19146943e-06,7.2417258e-08,0.0226908829,0.0078125
5,221,1,9,3.19146943e-06,4.25103899e-08,0.0133200055,0.0078125
5,222,1,0,3.15736838e-06,2.33775904e-06,0.740413785,0.0078125
5,222,1,1,3.15736838e-06,1.76143237e-06,0.557879925,0.0078125
5,222,1,2,3.15736838e-06,1.35307118e-06,0.428543985,0.0078125
5,222,1,3,3.15736838e-06,8.66531707e-07,0.274447441,0.0078125
5,222,1,4,3.15736838e-06,5.42207033e-07,0.171727523,0.0078125
5,222,1,5,3.15736838e-06,3.52144127e-07,0.1115309,0.0078125
5,222,1,6,3.15736838e-06,2.14501625e-07,0.0679368377,0.0078125
5,222,1,7,3.15736838e-06,1.17254892e-07,0.0371369049,0.0078125
5,222,1,8,3.15736838e-06,7.39518455e-08,0.0234219879,0.0078125
5,222,1,9,3.15736838e-06,4.39586998e-08,0.0139225759,0.0078125
5,223,1,0,3.19814581e-06,2.34412596e-06,0.732964039,0.0078125
5,223,1,1,3.19814581e-06,1.76557558e-06,0.552062273,0.0078125
5,223,1,2,3.19814581e-06,1.4016839e-06,0.438280165,0.0078125
5,223,1,3,3.19814581e-06,9.45375177e-07,0.29560101,0.0078125
5,223,1,4,3.19814581e-06,6.27329257e-07,0.196154058,0.0078125
5,223,1,5,3.19814581e-06,3.74522415e-07,0.11710611,0.0078125
5,223,1,6,3.19814581e-06,2.20586401e-07,0.0689732134,0.0078125
5,223,1,7,3.19814581e-06,1.20783952e-07,0.0377668701,0.0078125
5,223,1,8,3.19814581e-06,7.75357591e-08,0.0242439732,0.0078125
5,223,1,9,3.19814581e-06,4.60396841e-08,0.0143957427,0.0078125
5,224,1,0,3.39424878e-06,2.44625835e-06,0.72070688,0.0078125
5,224,1,1,3.39424878e-06,1.82841893e-06,0.538681448,0.0078125
5,224,1,2,3.39424878e-06,1.40336499e-06,0.413453788,0.0078125
5,224,1,3,3.39424878e-06,8.97969869e-07,0.264556289,0.0078125
5,224,1,4,3.39424878e-06,5.34537207e-07,0.15748322,0.0078125
5,224,1,5,3.39424878e-06,3.31761782e-07,0.0977423266,0.0078125
5,224,1,6,3.39424878e-06,2.14307207e-07,0.0631383285,0.0078125
5,224,1,7,3.39424878e-06,1.22326341e-07,0.0360392965,0.0078125
5,224,1,8,3.39424878e-06,7.93207136e-08,0.0233691521,0.0078125
5,224,1,9,3.39424878e-06,4.7089781e-08,0.013873403,0.0078125
5,225,1,0,3.25756127e-06,2.36770893e-06,0.726834834,0.0078125
5,225,1,1,3.25756127e-06,1.81279313e-06,0.556487799,0.0078125
5,225,1,2,3.25756127e-06,1.42950512e-06,0.43882677,0.0078125
5,225,1,3,3.25756127e-06,9.78462481e-07,0.300366551,0.0078125
5,225,1,4,3.25756127e-06,6.52897768e-07,0.200425327,0.0078125
5,225,1,5,3.25756127e-06,3.94586777e-07,0.121129505,0.0078125
5,225,1,6,3.25756127e-06,2.29611885e-07,0.0704858229,0.0078125
5,225,1,7,3.25756127e-06,1.25267306e-07,0.0384543203,0.0078125
5,225,1,8,3.25756127e-06,8.16270429e-08,0.0250577144,0.0078125
5,225,1,9,3.25756127e-06,4.70897419e-08,0.0144555196,0.0078125
5,226,1,0,3.40875204e-06,2.35872335e-06,0.69196099,0.0078125
5,226,1,1,3.40875204e-06,1.76521223e-06,0.517847061,0.0078125
5,226,1,2,3.40875204e-06,1.3861295e-06,0.406638414,0.0078125
5,226,1,3,3.40875204e-06,9.07323965e-07,0.266174823,0.0078125
5,226,1,4,3.40875204e-06,5.47626655e-07,0.160653114,0.0078125
5,226,1,5,3.40875204e-06,3.39164643e-07,0.0994981825,0.0078125
5,226,1,6,3.40875204e-06,2.28382675e-07,0.0669989139,0.0078125
5,226,1,7,3.40875204e-06,1.29761744e-07,0.0380672291,0.0078125
5,226,1,8,3.40875204e-06,8.36023801e-08,0.0245258026,0.0078125
5,226,1,9,3.40875204e-06,4.8928829e-08,0.0143538835,0.0078125
5,227,1,0,3.2534922e-06,2.36317669e-06,0.726350784,0.0078125
5,227,1,1,3.2534922e-06,1.78687617e-06,0.54921788,0.0078125
5,227,1,2,3.2534922e-06,1.38896837e-06,0.426916152,0.0078125
5,227,1,3,3.2534922e-06,9.28048564e-07,0.285246909,0.0078125
5,227,1,4,3.2534922e-06,6.16513091e-07,0.189492717,0.0078125
5,227,1,5,3.2534922e-06,3.92106216e-07,0.120518565,0.0078125
5,227,1,6,3.2534922e-06,2.29785499e-07,0.0706273392,0.0078125
5,227,1,7,3.2534922e-06,1.28581505e-07,0.0395210721,0.0078125
5,227,1,8,3.2534922e-06,8.42396162e-08,0.0258920603,0.0078125
5,227,1,9,3.2534922e-06,4.94008212e-08,0.0151839368,0.0078125
5,228,1,0,3.37484221e-06,2.44712123e-06,0.725106835,0.0078125
5,228,1,1,3.37484221e-06,1.85625368e-06,0.550026834,0.0078125
5,228,1,2,3.37484221e-06,1.46328262e-06,0.433585495,0.0078125
5,228,1,3,3.37484221e-06,9.65325626e-07,0.286035776,0.0078125
5,228,1,4,3.37484221e-06,6.17643764e-07,0.18301411,0.0078125
5,228,1,5,3.37484221e-06,4.0168581e-07,0.119023584,0.0078125
5,228,1,6,3.37484221e-06,2.3794999e-07,0.0705069974,0.0078125
5,228,1,7,3.37484221e-06,1.33546536e-07,0.0395711921,0.0078125
5,228,1,8,3.37484221e-06,8.64234693e-08,0.0256081503,0.0078125
5,228,1,9,3.37484221e-06,5.01162525e-08,0.0148499543,0.0078125
5,229,1,0,3.40584643e-06,2.46946547e-06,0.725066602,0.0078125
5,229,1,1,3.40584643e-06,1.85950046e-06,0.545973063,0.0078125
5,229,1,2,3.40584643e-06,1.43330647e-06,0.420837075,0.0078125
5,229,1,3,3.40584643e-06,9.98484325e-07,0.29316774,0.0078125
5,229,1,4,3.40584643e-06,6.71241366e-07,0.197085038,0.0078125
5,229,1,5,3.40584643e-06,4.09834286e-07,0.120332576,0.0078125
5,229,1,6,3.40584643e-06,2.37662036e-07,0.0697806105,0.0078125
5,229,1,7,3.40584643e-06,1.32858858e-07,0.039009057,0.0078125
5,229,1,8,3.40584643e-06,8.4927251e-08,0.0249357261,0.0078125
5,229,1,9,3.40584643e-06,4.9939537e-08,0.014662886,0.0078125
5,230,1,0,3.38340988e-06,2.49981326e-06,0.738844335,0.0078125
5,230,1,1,3.38340988e-06,1.8664432e-06,0.551645637,0.0078125
5,230,1,2,3.38340988e-06,1.42391389e-06,0.420851737,0.0078125
5,230,1,3,3.38340988e-06,9.46406942e-07,0.279719859,0.0078125
5,230,1,4,3.38340988e-06,5.53321115e-07,0.163539484,0.0078125
5,230,1,5,3.38340988e-06,3.23782757e-07,0.095697172,0.0078125
5,230,1,6,3.38340988e-06,2.07900769e-07,0.0614471138,0.0078125
5,230,1,7,3.38340988e-06,1.31082089e-07,0.0387425981,0.0078125
5,230,1,8,3.38340988e-06,8.53004778e-08,0.0252113938,0.0078125
5,230,1,9,3.38340988e-06,4.92057595e-08,0.0145432455,0.0078125
5,231,1,0,3.55058205e-06,2.44967919e-06,0.689937353,0.0078125
5,231,1,1,3.55058205e-06,1.81157395e-06,0.510218859,0.0078125
5,231,1,2,3.55058205e-06,1.40270322e-06,0.395062894,0.0078125
5,231,1,3,3.55058205e-06,9.58927444e-07,0.270076126,0.0078125
5,231,1,4,3.55058205e-06,6.27316638e-07,0.176679939,0.0078125
5,231,1,5,3.55058205e-06,4.01849547e-07,0.113178499,0.0078125
5,231,1,6,3.55058205e-06,2.33344252e-07,0.0657199994,0.0078125
5,231,1,7,3.55058205e-06,1.34498094e-07,0.0378805771,0.0078125
5,231,1,8,3.55058205e-06,8.6239254e-08,0.0242887661,0.0078125
5,231,1,9,3.55058205e-06,4.99084472e-08,0.0140564125,0.0078125
5,232,1,0,3.39761527e-06,2.4438491e-06,0.71928364,0.0078125
5,232,1,1,3.39761527e-06,1.85956924e-06,0.547316015,0.0078125
5,232,1,2,3.39761527e-06,1.41790258e-06,0.417322874,0.0078125
5,232,1,3,3.39761527e-06,1.04262278e-06,0.306869,0.0078125
5,232,1,4,3.39761527e-06,6.94440985e-07,0.204390705,0.0078125
5,232,1,5,3.39761527e-06,4.10688273e-07,0.120875448,0.0078125
5,232,1,6,3.39761527e-06,2.32088539e-07,0.0683092475,0.0078125
5,232,1,7,3.39761527e-06,1.32679645e-07,0.0390508138,0.0078125
5,232,1,8,3.39761527e-06,8.45589483e-08,0.024887735,0.0078125
5,232,1,9,3.39761527e-06,4.91321437e-08,0.0144607732,0.0078125
5,233,1,0,3.45597709e-06,2.45171282e-06,0.709412336,0.0078125
5,233,1,1,3.45597709e-06,1.85072918e-06,0.535515487,0.0078125
5,233,1,2,3.45597709e-06,1.46241166e-06,0.423154324,0.0078125
5,233,1,3,3.45597709e-06,1.04905018e-06,0.303546637,0.0078125
5,233,1,4,3.45597709e-06,7.00953251e-07,0.20282346,0.0078125
5,233,1,5,3.45597709e-06,4.09858416e-07,0.11859408,0.0078125
5,233,1,6,3.45597709e-06,2.27781484e-07,0.0659094304,0.0078125
5,233,1,7,3.45597709e-06,1.29411262e-07,0.0374456383,0.0078125
5,233,1,8,3.45597709e-06,8.28236466e-08,0.0239653345,0.0078125
5,233,1,9,3.45597709e-06,4.86100653e-08,0.0140655059,0.0078125
5,234,1,0,3.3222384e-06,2.46569425e-06,0.742178619,0.0078125
5,234,1,1,3.3222384e-06,1.8727078e-06,0.563688576,0.0078125
5,234,1,2,3.3222384e-06,1.41831003e-06,0.426913977,0.0078125
5,234,1,3,3.3222384e-06,9.46169166e-07,0.284798712,0.0078125
5,234,1,4,3.3222384e-06,6.45047692e-07,0.194160566,0.0078125
5,234,1,5,3.3222384e-06,3.91620716e-07,0.117878571,0.0078125
5,234,1,6,3.3222384e-06,2.30788785e-07,0.0694678575,0.0078125
5,234,1,7,3.3222384e-06,1.2966818e-07,0.0390303656,0.0078125
5,234,1,8,3.3222384e-06,8.24216428e-08,0.0248090699,0.0078125
5,234,1,9,3.3222384e-06,4.72568829e-08,0.014224411,0.0078125
5,235,1,0,3.21781044e-06,2.41211706e-06,0.749614418,0.0078125
5,235,1,1,3.21781044e-06,1.82738552e-06,0.567897201,0.0078125
5,235,1,2,3.21781044e-06,1.44412161e-06,0.448790133,0.0078125
5,235,1,3,3.21781044e-06,1.01061676e-06,0.314069688,0.0078125
5,235,1,4,3.21781044e-06,6.85993712e-07,0.213186488,0.0078125
5,235,1,5,3.21781044e-06,3.91294094e-07,0.121602595,0.0078125
5,235,1,6,3.21781044e-06,2.26451647e-07,0.0703744516,0.0078125
5,235,1,7,3.21781044e-06,1.28265583e-07,0.0398611352,0.0078125
5,235,1,8,3.21781044e-06,8.2322984e-08,0.025583541,0.0078125
5,235,1,9,3.21781044e-06,4.76557105e-08,0.014809981,0.0078125
5,236,1,0,3.20489039e-06,2.40972554e-06,0.751890182,0.0078125
5,236,1,1,3.20489039e-06,1.82324766e-06,0.568895459,0.0078125
5,236,1,2,3.20489039e-06,1.38199846e-06,0.431215525,0.0078125
5,236,1,3,3.20489039e-06,9.05906518e-07,0.282663792,0.0078125
5,236,1,4,3.20489039e-06,5.7083372e-07,0.178113341,0.0078125
5,236,1,5,3.20489039e-06,3.70014362e-07,0.11545305,0.0078125
5,236,1,6,3.20489039e-06,2.26197187e-07,0.0705787614,0.0078125
5,236,1,7,3.20489039e-06,1.27195634e-07,0.0396879837,0.0078125
5,236,1,8,3.20489039e-06,8.09466201e-08,0.0252572186,0.0078125
5,236,1,9,3.20489039e-06,4.65803076e-08,0.0145341344,0.0078125
5,237,1,0,3.11857957e-06,2.40935833e-06,0.772581935,0.0078125
5,237,1,1,3.11857957e-06,1.81973326e-06,0.583513498,0.0078125
5,237,1,2,3.11857957e-06,1.38305165e-06,0.443487704,0.0078125
5,237,1,3,3.11857957e-06,9.20876289e-07,0.295287102,0.0078125
5,237,1,4,3.11857957e-06,6.38807023e-07,0.204839095,0.0078125
5,237,1,5,3.11857957e-06,3.77882515e-07,0.121171355,0.0078125
5,237,1,6,3.11857957e-06,2.20760342e-07,0.0707887486,0.0078125
5,237,1,7,3.11857957e-06,1.23685524e-07,0.0396608524,0.0078125
5,237,1,8,3.11857957e-06,7.84057974e-08,0.0251415092,0.0078125
5,237,1,9,3.11857957e-06,4.60924028e-08,0.0147799347,0.0078125
5,238,1,0,3.28162741e-06,2.45223009e-06,0.747260392,0.0078125
5,238,1,1,3.28162741e-06,1.83878478e-06,0.560327113,0.0078125
5,238,1,2,3.28162741e-06,1.42336319e-06,0.43373698,0.0078125
5,238,1,3,3.28162741e-06,9.84536086e-07,0.300014585,0.0078125
5,238,1,4,3.28162741e-06,6.75987167e-07,0.205991447,0.0078125
5,238,1,5,3.28162741e-06,3.84308436e-07,0.117109098,0.0078125
5,238,1,6,3.28162741e-06,2.22932698e-07,0.0679335818,0.0078125
5,238,1,7,3.28162741e-06,1.2292432e-07,0.0374583416,0.0078125
5,238,1,8,3.28162741e-06,7.75942652e-08,0.0236450564,0.0078125
5,238,1,9,3.28162741e-06,4.49214781e-08,0.0136887804,0.0078125
5,239,1,0,3.29310001e-06,2.40314057e-06,0.729750276,0.0078125
5,239,1,1,3.29310001e-06,1.80848622e-06,0.549174428,0.0078125
5,239,1,2,3.29310001e-06,1.39786084e-06,0.42448175,0.0078125
5,239,1,3,3.29310001e-06,9.21746732e-07,0.279902428,0.0078125
5,239,1,4,3.29310001e-06,6.1738092e-07,0.187477127,0.0078125
5,239,1,5,3.29310001e-06,3.89206747e-07,0.11818856,0.0078125
5,239,1,6,3.29310001e-06,2.26448407e-07,0.0687645078,0.0078125
5,239,1,7,3.29310001e-06,1.27423192e-07,0.0386939943,0.0078125
5,239,1,8,3.29310001e-06,7.98360986e-08,0.0242434479,0.0078125
5,239,1,9,3.29310001e-06,4.61222882e-08,0.0140057355,0.0078125
5,240,1,0,3.46550405e-06,2.47164849e-06,0.713214695,0.0078125
5,240,1,1,3.46550405e-06,1.83822146e-06,0.530434072,0.0078125
5,240,1,2,3.46550405e-06,1.43937734e-06,0.415344298,0.0078125
5,240,1,3,3.46550405e-06,9.92852961e-07,0.286495984,0.0078125
5,240,1,4,3.46550405e-06,6.80898268e-07,0.196478859,0.0078125
5,240,1,5,3.46550405e-06,3.994042e-07,0.1152514,0.0078125
5,240,1,6,3.46550405e-06,2.26103339e-07,0.0652439967,0.0078125
5,240,1,7,3.46550405e-06,1.26652409e-07,0.0365466066,0.0078125
5,240,1,8,3.46550405e-06,8.04904161e-08,0.0232261792,0.0078125
5,240,1,9,3.46550405e-06,4.70625814e-08,0.013580299,0.0078125
5,241,1,0,3.52870507e-06,2.38462121e-06,0.675777972,0.0078125
5,241,1,1,3.52870507e-06,1.77682762e-06,0.50353533,0.0078125
5,241,1,2,3.52870507e-06,1.43336126e-06,0.406200349,0.0078125
5,241,1,3,3.52870507e-06,1.00564557e-06,0.284989983,0.0078125
5,241,1,4,3.52870507e-06,6.90339732e-07,0.195635423,0.0078125
5,241,1,5,3.52870507e-06,4.04441948e-07,0.114614837,0.0078125
5,241,1,6,3.52870507e-06,2.28260433e-07,0.064686738,0.0078125
5,241,1,7,3.52870507e-06,1.30036099e-07,0.0368509404,0.0078125
5,241,1,8,3.52870507e-06,8.11453091e-08,0.0229957756,0.0078125
5,241,1,9,3.52870507e-06,4.66803698e-08,0.0132287536,0.0078125
5,242,1,0,3.53234304e-06,2.46006266e-06,0.696439326,0.0078125
5,242,1,1,3.53234304e-06,1.88050899e-06,0.53236872,0.0078125
5,242,1,2,3.53234304e-06,1.49704863e-06,0.423811793,0.0078125
5,242,1,3,3.53234304e-06,9.69019993e-07,0.274327815,0.0078125
5,242,1,4,3.53234304e-06,6.28247733e-07,0.177855805,0.0078125
5,242,1,5,3.53234304e-06,4.01469777e-07,0.113655373,0.0078125
5,242,1,6,3.53234304e-06,2.28976532e-07,0.0648228452,0.0078125
5,242,1,7,3.53234304e-06,1.30178179e-07,0.0368532091,0.0078125
5,242,1,8,3.53234304e-06,8.08322085e-08,0.0228834543,0.0078125
5,242,1,9,3.53234304e-06,4.60350584e-08,0.0130324429,0.0078125
5,243,1,0,3.40278325e-06,2.4285705e-06,0.713701189,0.0078125
5,243,1,1,3.40278325e-06,1.86419913e-06,0.547845423,0.0078125
5,243,1,2,3.40278325e-06,1.48969798e-06,0.437788099,0.0078125
5,243,1,3,3.40278325e-06,9.47959506e-07,0.278583556,0.0078125
5,243,1,4,3.40278325e-06,6.09630945e-07,0.179156557,0.0078125
5,243,1,5,3.40278325e-06,3.94390497e-07,0.115902327,0.0078125
5,243,1,6,3.40278325e-06,2.2493505e-07,0.0661032572,0.0078125
5,243,1,7,3.40278325e-06,1.28816382e-07,0.0378561802,0.0078125
5,243,1,8,3.40278325e-06,8.06529457e-08,0.0237020515,0.0078125
5,243,1,9,3.40278325e-06,4.59941809e-08,0.0135166356,0.0078125
5,244,1,0,3.32994819e-06,2.40257941e-06,0.721506536,0.0078125
5,244,1,1,3.32994819e-06,1.86735417e-06,0.560775757,0.0078125
5,244,1,2,3.32994819e-06,1.45770957e-06,0.437757432,0.0078125
5,244,1,3,3.32994819e-06,9.37918401e-07,0.28166157,0.0078125
5,244,1,4,3.32994819e-06,6.26410724e-07,0.188114256,0.0078125
5,244,1,5,3.32994819e-06,3.89166502e-07,0.116868638,0.0078125
5,244,1,6,3.32994819e-06,2.25684971e-07,0.0677743182,0.0078125
5,244,1,7,3.32994819e-06,1.29309882e-07,0.0388324,0.0078125
5,244,1,8,3.32994819e-06,8.09711764e-08,0.0243160464,0.0078125
5,244,1,9,3.32994819e-06,4.72899622e-08,0.014201411,0.0078125
5,245,1,0,3.38579684e-06,2.36809865e-06,0.699421346,0.0078125
5,245,1,1,3.38579684e-06,1.82452573e-06,0.538876295,0.0078125
5,245,1,2,3.38579684e-06,1.44834746e-06,0.427771509,0.0078125
5,245,1,3,3.38579684e-06,9.42373504e-07,0.278331369,0.0078125
5,245,1,4,3.38579684e-06,6.31111504e-07,0.186399698,0.0078125
5,245,1,5,3.38579684e-06,3.95602314e-07,0.116841719,0.0078125
5,245,1,6,3.38579684e-06,2.25361717e-07,0.0665609092,0.0078125
5,245,1,7,3.38579684e-06,1.30273875e-07,0.0384765789,0.0078125
5,245,1,8,3.38579684e-06,8.10562e-08,0.0239400659,0.0078125
5,245,1,9,3.38579684e-06,4.68118273e-08,0.0138259409,0.0078125
5,246,1,0,3.30405283e-06,2.26230804e-06,0.684706986,0.0078125
5,246,1,1,3.30405283e-06,1.83265774e-06,0.554669619,0.0078125
5,246,1,2,3.30405283e-06,1.49156426e-06,0.451434761,0.0078125
5,246,1,3,3.30405283e-06,9.93284061e-07,0.30062595,0.0078125
5,246,1,4,3.30405283e-06,6.66845665e-07,0.201826572,0.0078125
5,246,1,5,3.30405283e-06,4.03423741e-07,0.122099668,0.0078125
5,246,1,6,3.30405283e-06,2.31941812e-07,0.0701991841,0.0078125
5,246,1,7,3.30405283e-06,1.33034462e-07,0.0402640253,0.0078125
5,246,1,8,3.30405283e-06,8.32613978e-08,0.0251997784,0.0078125
5,246,1,9,3.30405283e-06,4.83915095e-08,0.0146461064,0.0078125
5,247,1,0,3.27555654e-06,2.2908041e-06,0.699363351,0.0078125
5,247,1,1,3.27555654e-06,1.83036252e-06,0.558794379,0.0078125
5,247,1,2,3.27555654e-06,1.46829473e-06,0.448258102,0.0078125
5,247,1,3,3.27555654e-06,9.42656072e-07,0.287785023,0.0078125
5,247,1,4,3.27555654e-06,6.33768252e-07,0.193484142,0.0078125
5,247,1,5,3.27555654e-06,3.95512387e-07,0.12074662,0.0078125
5,247,1,6,3.27555654e-06,2.27627197e-07,0.0694926754,0.0078125
5,247,1,7,3.27555654e-06,1.29550756e-07,0.0395507626,0.0078125
5,247,1,8,3.27555654e-06,8.11598824e-08,0.0247774329,0.0078125
5,247,1,9,3.27555654e-06,4.7102791e-08,0.0143800881,0.0078125
5,248,1,0,3.13606802e-06,2.22448716e-06,0.709323645,0.0078125
5,248,1,1,3.13606802e-06,1.81071755e-06,0.577384651,0.0078125
5,248,1,2,3.13606802e-06,1.444747e-06,0.460687399,0.0078125
5,248,1,3,3.13606802e-06,9.12081077e-07,0.290835887,0.0078125
5,248,1,4,3.13606802e-06,5.86255169e-07,0.186939552,0.0078125
5,248,1,5,3.13606802e-06,3.77732448e-07,0.120447785,0.0078125
5,248,1,6,3.13606802e-06,2.26117706e-07,0.0721022934,0.0078125
5,248,1,7,3.13606802e-06,1.31244164e-07,0.0418499112,0.0078125
5,248,1,8,3.13606802e-06,8.26270465e-08,0.0263473392,0.0078125
5,248,1,9,3.13606802e-06,4.73376787e-08,0.015094596,0.0078125
5,249,1,0,3.20833419e-06,2.26533962e-06,0.706079721,0.0078125
5,249,1,1,3.20833419e-06,1.82763915e-06,0.56965363,0.0078125
5,249,1,2,3.20833419e-06,1.44448279e-06,0.450228274,0.0078125
5,249,1,3,3.20833419e-06,9.06648779e-07,0.28259176,0.0078125
5,249,1,4,3.20833419e-06,5.747317e-07,0.179137111,0.0078125
5,249,1,5,3.20833419e-06,3.59089171e-07,0.111923866,0.0078125
5,249,1,6,3.20833419e-06,2.17966573e-07,0.0679376125,0.0078125
5,249,1,7,3.20833419e-06,1.24693713e-07,0.0388655625,0.0078125
5,249,1,8,3.20833419e-06,7.99455719e-08,0.0249180943,0.0078125
5,249,1,9,3.20833419e-06,4.64402348e-08,0.0144748744,0.0078125
5,250,1,0,3.39370081e-06,2.40584245e-06,0.708914101,0.0078125
5,250,1,1,3.39370081e-06,1.91562958e-06,0.564466238,0.0078125
5,250,1,2,3.39370081e-06,1.46773039e-06,0.432486683,0.0078125
5,250,1,3,3.39370081e-06,9.04148521e-07,0.266419619,0.0078125
5,250,1,4,3.39370081e-06,5.49441381e-07,0.161900356,0.0078125
5,250,1,5,3.39370081e-06,3.06016375e-07,0.090171881,0.0078125
5,250,1,6,3.39370081e-06,1.96303759e-07,0.0578435659,0.0078125
5,250,1,7,3.39370081e-06,1.23971063e-07,0.0365297571,0.0078125
5,250,1,8,3.39370081e-06,7.98348694e-08,0.0235244278,0.0078125
5,250,1,9,3.39370081e-06,4.69266368e-08,0.0138275707,0.0078125
5,251,1,0,3.41588407e-06,2.38958955e-06,0.699552298,0.0078125
5,251,1,1,3.41588407e-06,1.84176486e-06,0.539176643,0.0078125
5,251,1,2,3.41588407e-06,1.40780958e-06,0.412136227,0.0078125
5,251,1,3,3.41588407e-06,8.84653389e-07,0.258982271,0.0078125
5,251,1,4,3.41588407e-06,5.5690623e-07,0.16303429,0.0078125
5,251,1,5,3.41588407e-06,3.53591986e-07,0.103514045,0.0078125
5,251,1,6,3.41588407e-06,2.14163165e-07,0.0626962632,0.0078125
5,251,1,7,3.41588407e-06,1.22691191e-07,0.0359178446,0.0078125
5,251,1,8,3.41588407e-06,7.81018201e-08,0.0228643063,0.0078125
5,251,1,9,3.41588407e-06,4.59997835e-08,0.0134664355,0.0078125
5,252,1,0,3.37352321e-06,2.3475568e-06,0.695876896,0.0078125
5,252,1,1,3.37352321e-06,1.80017184e-06,0.533617735,0.0078125
5,252,1,2,3.37352321e-06,1.41730698e-06,0.420126647,0.0078125
5,252,1,3,3.37352321e-06,9.53466554e-07,0.282632291,0.0078125
5,252,1,4,3.37352321e-06,6.55213796e-07,0.194222406,0.0078125
5,252,1,5,3.37352321e-06,3.82349697e-07,0.113338389,0.0078125
5,252,1,6,3.37352321e-06,2.17584855e-07,0.0644978061,0.0078125
5,252,1,7,3.37352321e-06,1.25154102e-07,0.0370989293,0.0078125
5,252,1,8,3.37352321e-06,8.06921392e-08,0.023919249,0.0078125
5,252,1,9,3.37352321e-06,4.74784869e-08,0.014073858,0.0078125
5,253,1,0,3.26344775e-06,2.28447652e-06,0.70001936,0.0078125
5,253,1,1,3.26344775e-06,1.76261403e-06,0.540107965,0.0078125
5,253,1,2,3.26344775e-06,1.37161203e-06,0.420295388,0.0078125
5,253,1,3,3.26344775e-06,8.95528899e-07,0.274411887,0.0078125
5,253,1,4,3.26344775e-06,5.44869636e-07,0.166961342,0.0078125
5,253,1,5,3.26344775e-06,3.4197322e-07,0.104788937,0.0078125
5,253,1,6,3.26344775e-06,2.13510148e-07,0.065424718,0.0078125
5,253,1,7,3.26344775e-06,1.24804956e-07,0.0382432826,0.0078125
5,253,1,8,3.26344775e-06,7.88696681e-08,0.0241675898,0.0078125
5,253,1,9,3.26344775e-06,4.66146552e-08,0.0142838676,0.0078125
5,254,1,0,3.37480901e-06,2.36010646e-06,0.699330389,0.0078125
5,254,1,1,3.37480901e-06,1.79915446e-06,0.533112943,0.0078125
5,254,1,2,3.37480901e-06,1.39648409e-06,0.413796484,0.0078125
5,254,1,3,3.37480901e-06,8.99356621e-07,0.266491115,0.0078125
5,254,1,4,3.37480901e-06,5.24194945e-07,0.155325815,0.0078125
5,254,1,5,3.37480901e-06,2.92892253e-07,0.0867877975,0.0078125
5,254,1,6,3.37480901e-06,1.77738656e-07,0.0526662841,0.0078125
5,254,1,7,3.37480901e-06,1.191409e-07,0.0353030041,0.0078125
5,254,1,8,3.37480901e-06,7.85096503e-08,0.0232634358,0.0078125
5,254,1,9,3.37480901e-06,4.69798245e-08,0.0139207356,0.0078125
5,255,1,0,3.39798726e-06,2.32654588e-06,0.684683502,0.0078125
5,255,1,1,3.39798726e-06,1.75358616e-06,0.516066134,0.0078125
5,255,1,2,3.39798726e-06,1.3574803e-06,0.399495393,0.0078125
5,255,1,3,3.39798726e-06,8.97090331e-07,0.264006376,0.0078125
5,255,1,4,3.39798726e-06,5.98518739e-07,0.176139191,0.0078125
5,255,1,5,3.39798726e-06,3.7267381e-07,0.109674871,0.0078125
5,255,1,6,3.39798726e-06,2.1539222e-07,0.0633881763,0.0078125
5,255,1,7,3.39798726e-06,1.22083677e-07,0.0359282307,0.0078125
5,255,1,8,3.39798726e-06,7.64216139e-08,0.0224902593,0.0078125
5,255,1,9,3.39798726e-06,4.5411447e-08,0.0133642191,0.0078125
6,0,1,0,3.23390577e-06,2.29292095e-06,0.709025264,0.0078125
6,0,1,1,3.23390577e-06,1.75746982e-06,0.54345113,0.0078125
6,0,1,2,3.23390577e-06,1.37997711e-06,0.426721483,0.0078125
6,0,1,3,3.23390577e-06,1.00350451e-06,0.310307294,0.0078125
6,0,1,4,3.23390577e-06,6.73010902e-07,0.208110854,0.0078125
6,0,1,5,3.23390577e-06,3.83279797e-07,0.118519157,0.0078125
6,0,1,6,3.23390577e-06,2.14950788e-07,0.0664678589,0.0078125
6,0,1,7,3.23390577e-06,1.22975734e-07,0.0380269997,0.0078125
6,0,1,8,3.23390577e-06,7.7259287e-08,0.0238903947,0.0078125
6,0,1,9,3.23390577e-06,4.57625298e-08,0.0141508542,0.0078125
6,1,1,0,3.15144393e-06,2.28472277e-06,0.72497648,0.0078125
6,1,1,1,3.15144393e-06,1.76489698e-06,0.560028017,0.0078125
6,1,1,2,3.15144393e-06,1.36077028e-06,0.431792647,0.0078125
6,1,1,3,3.15144393e-06,8.99223664e-07,0.285337031,0.0078125
6,1,1,4,3.15144393e-06,5.42804685e-07,0.172239989,0.0078125
6,1,1,5,3.15144393e-06,3.38323019e-07,0.107354924,0.0078125
6,1,1,6,3.15144393e-06,2.12233815e-07,0.0673449412,0.0078125
6,1,1,7,3.15144393e-06,1.22717196e-07,0.0389399901,0.0078125
6,1,1,8,3.15144393e-06,7.58758532e-08,0.0240765363,0.0078125
6,1,1,9,3.15144393e-06,4.50433646e-08,0.0142929293,0.0078125
6,2,1,0,3.15903344e-06,2.3746079e-06,0.751688123,0.0078125
6,2,1,1,3.15903344e-06,1.87030537e-06,0.592049897,0.0078125
6,2,1,2,3.15903344e-06,1.40312682e-06,0.444163322,0.0078125
6,2,1,3,3.15903344e-06,9.39887173e-07,0.297523648,0.0078125
6,2,1,4,3.15903344e-06,6.19679213e-07,0.196161017,0.0078125
6,2,1,5,3.15903344e-06,3.77690299e-07,0.119558819,0.0078125
6,2,1,6,3.15903344e-06,2.16280782e-07,0.068464227,0.0078125
6,2,1,7,3.15903344e-06,1.24108567e-07,0.039286878,0.0078125
6,2,1,8,3.15903344e-06,7.79314391e-08,0.0246693939,0.0078125
6,2,1,9,3.15903344e-06,4.61336107e-08,0.0146037107,0.0078125
6,3,1,0,3.13282044e-06,2.32699722e-06,0.742780268,0.0078125
6,3,1,1,3.13282044e-06,1.8631049e-06,0.594705284,0.0078125
6,3,1,2,3.13282044e-06,1.39197289e-06,0.444319397,0.0078125
6,3,1,3,3.13282044e-06,9.1869714e-07,0.29324922,0.0078125
6,3,1,4,3.13282044e-06,5.6505263e-07,0.180365473,0.0078125
6,3,1,5,3.13282044e-06,3.50698656e-07,0.111943424,0.0078125
6,3,1,6,3.13282044e-06,2.18879606e-07,0.0698666275,0.0078125
6,3,1,7,3.13282044e-06,1.29722409e-07,0.0414075479,0.0078125
6,3,1,8,3.13282044e-06,8.08775908e-08,0.0258162227,0.0078125
6,3,1,9,3.13282044e-06,4.78070987e-08,0.0152600827,0.0078125
6,4,1,0,3.18839534e-06,2.42701958e-06,0.761204064,0.0078125
6,4,1,1,3.18839534e-06,1.94512381e-06,0.610063553,0.0078125
6,4,1,2,3.18839534e-06,1.45130059e-06,0.455182135,0.0078125
6,4,1,3,3.18839534e-06,9.51862887e-07,0.298539788,0.0078125
6,4,1,4,3.18839534e-06,5.4853507e-07,0.172041103,0.0078125
6,4,1,5,3.18839534e-06,3.23032452e-07,0.101315059,0.0078125
6,4,1,6,3.18839534e-06,2.1246008e-07,0.0666354224,0.0078125
6,4,1,7,3.18839534e-06,1.28693088e-07,0.0403629653,0.0078125
6,4,1,8,3.18839534e-06,8.00103095e-08,0.0250942241,0.0078125
6,4,1,9,3.18839534e-06,4.70275303e-08,0.0147495922,0.0078125
6,5,1,0,3.32960894e-06,2.60415209e-06,0.782119513,0.0078125
6,5,1,1,3.32960894e-06,2.11989573e-06,0.636680067,0.0078125
6,5,1,2,3.32960894e-06,1.60608397e-06,0.482364148,0.0078125
6,5,1,3,3.32960894e-06,1.11113081e-06,0.333712101,0.0078125
6,5,1,4,3.32960894e-06,7.05125103e-07,0.211774155,0.0078125
6,5,1,5,3.32960894e-06,3.93071389e-07,0.118053317,0.0078125
6,5,1,6,3.32960894e-06,2.24043191e-07,0.067288138,0.0078125
6,5,1,7,3.32960894e-06,1.32251415e-07,0.0397198051,0.0078125
6,5,1,8,3.32960894e-06,8.0549313e-08,0.0241918247,0.0078125
6,5,1,9,3.32960894e-06,4.78132094e-08,0.0143600078,0.0078125
6,6,1,0,3.40394104e-06,2.55928694e-06,0.751859963,0.0078125
6,6,1,1,3.40394104e-06,2.07708263e-06,0.610199332,0.0078125
6,6,1,2,3.40394104e-06,1.55918769e-06,0.458053678,0.0078125
6,6,1,3,3.40394104e-06,1.03041077e-06,0.302711099,0.0078125
6,6,1,4,3.40394104e-06,6.7390306e-07,0.197977304,0.0078125
6,6,1,5,3.40394104e-06,3.95597652e-07,0.116217539,0.0078125
6,6,1,6,3.40394104e-06,2.2433187e-07,0.0659035742,0.0078125
6,6,1,7,3.40394104e-06,1.33099348e-07,0.0391015448,0.0078125
6,6,1,8,3.40394104e-06,8.14494356e-08,0.023927981,0.0078125
6,6,1,9,3.40394104e-06,4.74898094e-08,0.0139514199,0.0078125
6,7,1,0,3.22771416e-06,2.5319373e-06,0.784436643,0.0078125
6,7,1,1,3.22771416e-06,2.0720156e-06,0.641945183,0.0078125
6,7,1,2,3.22771416e-06,1.57786042e-06,0.488847643,0.0078125
6,7,1,3,3.22771416e-06,1.07624794e-06,0.333439678,0.0078125
6,7,1,4,3.22771416e-06,6.93941558e-07,0.214994743,0.0078125
6,7,1,5,3.22771416e-06,3.93619757e-07,0.121950008,0.0078125
6,7,1,6,3.22771416e-06,2.23941186e-07,0.0693807378,0.0078125
6,7,1,7,3.22771416e-06,1.33173742e-07,0.0412594602,0.0078125
6,7,1,8,3.22771416e-06,8.06155001e-08,0.0249760337,0.0078125
6,7,1,9,3.22771416e-06,4.68288484e-08,0.0145083629,0.0078125
6,8,1,0,3.2472019e-06,2.61832679e-06,0.806333244,0.0078125
6,8,1,1,3.2472019e-06,2.1930141e-06,0.675355017,0.0078125
6,8,1,2,3.2472019e-06,1.68276301e-06,0.518219411,0.0078125
6,8,1,3,3.2472019e-06,1.14900138e-06,0.35384354,0.0078125
6,8,1,4,3.2472019e-06,6.9040334e-07,0.212614849,0.0078125
6,8,1,5,3.2472019e-06,3.93683393e-07,0.121237732,0.0078125
6,8,1,6,3.2472019e-06,2.21696908e-07,0.0682732165,0.0078125
6,8,1,7,3.2472019e-06,1.33691799e-07,0.0411713831,0.0078125
6,8,1,8,3.2472019e-06,7.97224118e-08,0.0245511103,0.0078125
6,8,1,9,3.2472019e-06,4.60859404e-08,0.0141925085,0.0078125
6,9,1,0,3.18283446e-06,2.57701367e-06,0.809659958,0.0078125
6,9,1,1,3.18283446e-06,2.15238219e-06,0.676247001,0.0078125
6,9,1,2,3.18283446e-06,1.65291453e-06,0.519321561,0.0078125
6,9,1,3,3.18283446e-06,1.1090691e-06,0.348453283,0.0078125
6,9,1,4,3.18283446e-06,6.83807684e-07,0.214842364,0.0078125
6,9,1,5,3.18283446e-06,3.88550433e-07,0.122076862,0.0078125
6,9,1,6,3.18283446e-06,2.22831673e-07,0.0700104535,0.0078125
6,9,1,7,3.18283446e-06,1.32729866e-07,0.0417017825,0.0078125
6,9,1,8,3.18283446e-06,7.91382888e-08,0.0248640925,0.0078125
6,9,1,9,3.18283446e-06,4.58906868e-08,0.014418182,0.0078125
6,10,1,0,3.074912e-06,2.5184313e-06,0.819025517,0.0078125
6,10,1,1,3.074912e-06,2.09202585e-06,0.680353105,0.0078125
6,10,1,2,3.074912e-06,1.6097415e-06,0.523508132,0.0078125
6,10,1,3,3.074912e-06,1.07349103e-06,0.349112779,0.0078125
6,10,1,4,3.074912e-06,6.73368334e-07,0.218987837,0.0078125
6,10,1,5,3.074912e-06,3.92053977e-07,0.127500877,0.0078125
6,10,1,6,3.074912e-06,2.22747005e-07,0.072440125,0.0078125
6,10,1,7,3.074912e-06,1.33386379e-07,0.0433789268,0.0078125
6,10,1,8,3.074912e-06,8.07694178e-08,0.0262672286,0.0078125
6,10,1,9,3.074912e-06,4.73273651e-08,0.0153914532,0.0078125
6,11,1,0,3.15802617e-06,2.51706251e-06,0.797036648,0.0078125
6,11,1,1,3.15802617e-06,2.08787856e-06,0.661134005,0.0078125
6,11,1,2,3.15802617e-06,1.64104176e-06,0.519641578,0.0078125
6,11,1,3,3.15802617e-06,1.13003227e-06,0.357828647,0.0078125
6,11,1,4,3.15802617e-06,6.83662165e-07,0.21648401,0.0078125
6,11,1,5,3.15802617e-06,3.89977203e-07,0.123487644,0.0078125
6,11,1,6,3.15802617e-06,2.26430444e-07,0.0716999918,0.0078125
6,11,1,7,3.15802617e-06,1.35376624e-07,0.0428674817,0.0078125
6,11,1,8,3.15802617e-06,8.15244761e-08,0.0258150101,0.0078125
6,11,1,9,3.15802617e-06,4.72626596e-08,0.0149658863,0.0078125
6,12,1,0,3.01011323e-06,2.39446831e-06,0.79547447,0.0078125
6,12,1,1,3.01011323e-06,1.97134545e-06,0.654907405,0.0078125
6,12,1,2,3.01011323e-06,1.54946872e-06,0.514754295,0.0078125
6,12,1,3,3.01011323e-06,1.07439098e-06,0.356927097,0.0078125
6,12,1,4,3.01011323e-06,6.69719043e-07,0.222489655,0.0078125
6,12,1,5,3.01011323e-06,3.9310919e-07,0.130596146,0.0078125
6,12,1,6,3.01011323e-06,2.31028054e-07,0.0767506212,0.0078125
6,12,1,7,3.01011323e-06,1.36305303e-07,0.0452824496,0.0078125
6,12,1,8,3.01011323e-06,8.24111623e-08,0.0273780935,0.0078125
6,12,1,9,3.01011323e-06,4.80464735e-08,0.0159616824,0.0078125
6,13,1,0,3.32321861e-06,2.59730132e-06,0.781561971,0.0078125
6,13,1,1,3.32321861e-06,2.03859054e-06,0.613438606,0.0078125
6,13,1,2,3.32321861e-06,1.58988826e-06,0.478418201,0.0078125
6,13,1,3,3.32321861e-06,1.10430392e-06,0.332299501,0.0078125
6,13,1,4,3.32321861e-06,6.81952088e-07,0.205208316,0.0078125
6,13,1,5,3.32321861e-06,3.94058105e-07,0.118577242,0.0078125
6,13,1,6,3.32321861e-06,2.30210489e-07,0.0692733526,0.0078125
6,13,1,7,3.32321861e-06,1.36687589e-07,0.0411310866,0.0078125
6,13,1,8,3.32321861e-06,8.23641173e-08,0.024784442,0.0078125
6,13,1,9,3.32321861e-06,4.75987427e-08,0.0143230846,0.0078125
6,14,1,0,3.09304369e-06,2.42652254e-06,0.784509599,0.0078125
6,14,1,1,3.09304369e-06,1.90741048e-06,0.616677523,0.0078125
6,14,1,2,3.09304369e-06,1.52070515e-06,0.491653293,0.0078125
6,14,1,3,3.09304369e-06,1.06310097e-06,0.343707055,0.0078125
6,14,1,4,3.09304369e-06,6.59142074e-07,0.21310468,0.0078125
6,14,1,5,3.09304369e-06,3.88488957e-07,0.12560086,0.0078125
6,14,1,6,3.09304369e-06,2.28230277e-07,0.073788248,0.0078125
6,14,1,7,3.09304369e-06,1.34958114e-07,0.0436327867,0.0078125
6,14,1,8,3.09304369e-06,8.08026712e-08,0.0261239987,0.0078125
6,14,1,9,3.09304369e-06,4.57297347e-08,0.014784704,0.0078125
6,15,1,0,3.06674792e-06,2.42446481e-06,0.790565431,0.0078125
6,15,1,1,3.06674792e-06,1.86808643e-06,0.609142482,0.0078125
6,15,1,2,3.06674792e-06,1.47170545e-06,0.479891241,0.0078125
6,15,1,3,3.06674792e-06,1.03892603e-06,0.338771254,0.0078125
6,15,1,4,3.06674792e-06,6.6562103e-07,0.217044592,0.0078125
6,15,1,5,3.06674792e-06,3.92547463e-07,0.128001213,0.0078125
6,15,1,6,3.06674792e-06,2.29422213e-07,0.0748096108,0.0078125
6,15,1,7,3.06674792e-06,1.34269541e-07,0.0437823869,0.0078125
6,15,1,8,3.06674792e-06,8.09419447e-08,0.0263934135,0.0078125
6,15,1,9,3.06674792e-06,4.68299106e-08,0.0152702183,0.0078125
6,16,1,0,3.117402e-06,2.45247179e-06,0.786703706,0.0078125
6,16,1,1,3.117402e-06,1.87649857e-06,0.601943076,0.0078125
6,16,1,2,3.117402e-06,1.47756498e-06,0.473973185,0.0078125
6,16,1,3,3.117402e-06,1.05003494e-06,0.336830139,0.0078125
6,16,1,4,3.117402e-06,6.70966529e-07,0.215232596,0.0078125
6,16,1,5,3.117402e-06,3.92885283e-07,0.126029715,0.0078125
6,16,1,6,3.117402e-06,2.2776662e-07,0.0730629638,0.0078125
6,16,1,7,3.117402e-06,1.34701111e-07,0.0432094112,0.0078125
6,16,1,8,3.117402e-06,8.05390172e-08,0.0258352999,0.0078125
6,16,1,9,3.117402e-06,4.58444873e-08,0.0147059914,0.0078125
6,17,1,0,3.05808112e-06,2.41428916e-06,0.789478481,0.0078125
6,17,1,1,3.05808112e-06,1.81406347e-06,0.593203187,0.0078125
6,17,1,2,3.05808112e-06,1.43701652e-06,0.46990791,0.0078125
6,17,1,3,3.05808112e-06,9.98125415e-07,0.326389462,0.0078125
6,17,1,4,3.05808112e-06,6.56947748e-07,0.214823514,0.0078125
6,17,1,5,3.05808112e-06,3.89912941e-07,0.127502486,0.0078125
6,17,1,6,3.05808112e-06,2.29085302e-07,0.0749114528,0.0078125
6,17,1,7,3.05808112e-06,1.340712e-07,0.0438416116,0.0078125
6,17,1,8,3.05808112e-06,8.05056573e-08,0.0263255462,0.0078125
6,17,1,9,3.05808112e-06,4.66722661e-08,0.0152619453,0.0078125
6,18,1,0,3.20594359e-06,2.42454985e-06,0.75626713,0.0078125
6,18,1,1,3.20594359e-06,1.74559636e-06,0.544487536,0.0078125
6,18,1,2,3.20594359e-06,1.41978592e-06,0.442860544,0.0078125
6,18,1,3,3.20594359e-06,1.01590035e-06,0.316880286,0.0078125
6,18,1,4,3.20594359e-06,6.52645156e-07,0.203573495,0.0078125
6,18,1,5,3.20594359e-06,3.9202115e-07,0.122279488,0.0078125
6,18,1,6,3.20594359e-06,2.25982646e-07,0.0704886541,0.0078125
6,18,1,7,3.20594359e-06,1.31759549e-07,0.0410985239,0.0078125
6,18,1,8,3.20594359e-06,7.79000047e-08,0.0242986195,0.0078125
6,18,1,9,3.20594359e-06,4.46444872e-08,0.0139255375,0.0078125
6,19,1,0,3.29631325e-06,2.48036395e-06,0.752466083,0.0078125
6,19,1,1,3.29631325e-06,1.77762524e-06,0.539276779,0.0078125
6,19,1,2,3.29631325e-06,1.42466456e-06,0.432199389,0.0078125
6,19,1,3,3.29631325e-06,1.00042541e-06,0.303498298,0.0078125
6,19,1,4,3.29631325e-06,6.51441326e-07,0.197627246,0.0078125
6,19,1,5,3.29631325e-06,3.89726438e-07,0.118231006,0.0078125
6,19,1,6,3.29631325e-06,2.27181573e-07,0.0689198971,0.0078125
6,19,1,7,3.29631325e-06,1.31985956e-07,0.0400404781,0.0078125
6,19,1,8,3.29631325e-06,7.75962263e-08,0.0235403068,0.0078125
6,19,1,9,3.29631325e-06,4.41404815e-08,0.0133908633,0.0078125
6,20,1,0,3.16969749e-06,2.38204302e-06,0.751504838,0.0078125
6,20,1,1,3.16969749e-06,1.72979969e-06,0.545730233,0.0078125
6,20,1,2,3.16969749e-06,1.43198395e-06,0.451773077,0.0078125
6,20,1,3,3.16969749e-06,1.04502351e-06,0.329691887,0.0078125
6,20,1,4,3.16969749e-06,6.74192847e-07,0.212699428,0.0078125
6,20,1,5,3.16969749e-06,4.04998104e-07,0.127771854,0.0078125
6,20,1,6,3.16969749e-06,2.31222145e-07,0.0729477033,0.0078125
6,20,1,7,3.16969749e-06,1.32187495e-07,0.0417035036,0.0078125
6,20,1,8,3.16969749e-06,7.87157219e-08,0.0248338282,0.0078125
6,20,1,9,3.16969749e-06,4.48343265e-08,0.0141446702,0.0078125
6,21,1,0,3.36177732e-06,2.44848979e-06,0.728331923,0.0078125
6,21,1,1,3.36177732e-06,1.7978947e-06,0.534804821,0.0078125
6,21,1,2,3.36177732e-06,1.48045126e-06,0.440377563,0.0078125
6,21,1,3,3.36177732e-06,1.08064125e-06,0.321449399,0.0078125
6,21,1,4,3.36177732e-06,6.84365716e-07,0.203572586,0.0078125
6,21,1,5,3.36177732e-06,4.07783801e-07,0.121300064,0.0078125
6,21,1,6,3.36177732e-06,2.32468892e-07,0.0691505894,0.0078125
6,21,1,7,3.36177732e-06,1.32421476e-07,0.0393903181,0.0078125
6,21,1,8,3.36177732e-06,7.83175906e-08,0.0232964829,0.0078125
6,21,1,9,3.36177732e-06,4.43957475e-08,0.0132060349,0.0078125
6,22,1,0,3.21094717e-06,2.39872202e-06,0.747044981,0.0078125
6,22,1,1,3.21094717e-06,1.76647529e-06,0.550141513,0.0078125
6,22,1,2,3.21094717e-06,1.46586319e-06,0.456520498,0.0078125
6,22,1,3,3.21094717e-06,1.04280582e-06,0.324765801,0.0078125
6,22,1,4,3.21094717e-06,6.73986904e-07,0.209902838,0.0078125
6,22,1,5,3.21094717e-06,4.03842961e-07,0.125770658,0.0078125
6,22,1,6,3.21094717e-06,2.30877177e-07,0.0719031394,0.0078125
6,22,1,7,3.21094717e-06,1.31342816e-07,0.040904697,0.0078125
6,22,1,8,3.21094717e-06,7.91523291e-08,0.024650773,0.0078125
6,22,1,9,3.21094717e-06,4.59279654e-08,0.0143035566,0.0078125
6,23,1,0,3.26010672e-06,2.45602018e-06,0.753355742,0.0078125
6,23,1,1,3.26010672e-06,1.85902024e-06,0.570232928,0.0078125
6,23,1,2,3.26010672e-06,1.49621985e-06,0.458948106,0.0078125
6,23,1,3,3.26010672e-06,9.45424688e-07,0.289998084,0.0078125
6,23,1,4,3.26010672e-06,5.94518724e-07,0.182361737,0.0078125
6,23,1,5,3.26010672e-06,3.84125116e-07,0.117825933,0.0078125
6,23,1,6,3.26010672e-06,2.32084915e-07,0.0711893588,0.0078125
6,23,1,7,3.26010672e-06,1.34220755e-07,0.0411706641,0.0078125
6,23,1,8,3.26010672e-06,8.10533933e-08,0.0248621907,0.0078125
6,23,1,9,3.26010672e-06,4.63452707e-08,0.0142158754,0.0078125
6,24,1,0,3.29971272e-06,2.49574464e-06,0.756352127,0.0078125
6,24,1,1,3.29971272e-06,1.951081e-06,0.591288149,0.0078125
6,24,1,2,3.29971272e-06,1.5729903e-06,0.476705223,0.0078125
6,24,1,3,3.29971272e-06,1.10652786e-06,0.335340679,0.0078125
6,24,1,4,3.29971272e-06,6.85390546e-07,0.207712188,0.0078125
6,24,1,5,3.29971272e-06,4.20691777e-07,0.127493456,0.0078125
6,24,1,6,3.29971272e-06,2.41162809e-07,0.073086001,0.0078125
6,24,1,7,3.29971272e-06,1.37161734e-07,0.0415677801,0.0078125
6,24,1,8,3.29971272e-06,8.40009307e-08,0.0254570432,0.0078125
6,24,1,9,3.29971272e-06,4.93736607e-08,0.0149630178,0.0078125
6,25,1,0,3.2870887e-06,2.47070921e-06,0.751640558,0.0078125
6,25,1,1,3.2870887e-06,1.86872694e-06,0.568505168,0.0078125
6,25,1,2,3.2870887e-06,1.52714358e-06,0.464588493,0.0078125
6,25,1,3,3.2870887e-06,1.03693014e-06,0.315455467,0.0078125
6,25,1,4,3.2870887e-06,6.67599124e-07,0.203097388,0.0078125
6,25,1,5,3.2870887e-06,4.18094828e-07,0.127193049,0.0078125
6,25,1,6,3.2870887e-06,2.42798507e-07,0.0738643035,0.0078125
6,25,1,7,3.2870887e-06,1.37254034e-07,0.0417555012,0.0078125
6,25,1,8,3.2870887e-06,8.3076614e-08,0.0252736155,0.0078125
6,25,1,9,3.2870887e-06,4.7994515e-08,0.0146009186,0.0078125
6,26,1,0,3.24598182e-06,2.50288713e-06,0.771072447,0.0078125
6,26,1,1,3.24598182e-06,1.92560879e-06,0.593228459,0.0078125
6,26,1,2,3.24598182e-06,1.54275449e-06,0.475281298,0.0078125
6,26,1,3,3.24598182e-06,9.92923901e-07,0.305893242,0.0078125
6,26,1,4,3.24598182e-06,6.51182233e-07,0.2006118,0.0078125
6,26,1,5,3.24598182e-06,4.10773339e-07,0.12654826,0.0078125
6,26,1,6,3.24598182e-06,2.40202411e-07,0.0739999264,0.0078125
6,26,1,7,3.24598182e-06,1.39300965e-07,0.0429148935,0.0078125
6,26,1,8,3.24598182e-06,8.39695602e-08,0.0258687716,0.0078125
6,26,1,9,3.24598182e-06,4.76875783e-08,0.0146912644,0.0078125
6,27,1,0,3.14917315e-06,2.45952356e-06,0.781006157,0.0078125
6,27,1,1,3.14917315e-06,1.8819901e-06,0.59761405,0.0078125
6,27,1,2,3.14917315e-06,1.52388179e-06,0.483899027,0.0078125
6,27,1,3,3.14917315e-06,9.97491497e-07,0.316747099,0.0078125
6,27,1,4,3.14917315e-06,6.47113552e-07,0.205486819,0.0078125
6,27,1,5,3.14917315e-06,4.11592509e-07,0.130698591,0.0078125
6,27,1,6,3.14917315e-06,2.3785509e-07,0.0755293816,0.0078125
6,27,1,7,3.14917315e-06,1.37852354e-07,0.0437741429,0.0078125
6,27,1,8,3.14917315e-06,8.42937666e-08,0.0267669521,0.0078125
6,27,1,9,3.14917315e-06,4.90629333e-08,0.0155796241,0.0078125
6,28,1,0,3.24078678e-06,2.478346e-06,0.764735878,0.0078125
6,28,1,1,3.24078678e-06,1.86527996e-06,0.575563908,0.0078125
6,28,1,2,3.24078678e-06,1.53495853e-06,0.473637611,0.0078125
6,28,1,3,3.24078678e-06,1.01831768e-06,0.314219266,0.0078125
6,28,1,4,3.24078678e-06,6.55411952e-07,0.20223853,0.0078125
6,28,1,5,3.24078678e-06,4.05576372e-07,0.125147507,0.0078125
6,28,1,6,3.24078678e-06,2.37833618e-07,0.0733876154,0.0078125
6,28,1,7,3.24078678e-06,1.37336031e-07,0.0423773713,0.0078125
6,28,1,8,3.24078678e-06,8.41840588e-08,0.0259764269,0.0078125
6,28,1,9,3.24078678e-06,4.80521294e-08,0.0148273036,0.0078125
6,29,1,0,3.11227973e-06,2.38580287e-06,0.766577244,0.0078125
6,29,1,1,3.11227973e-06,1.85135389e-06,0.594854593,0.0078125
6,29,1,2,3.11227973e-06,1.5236327e-06,0.48955518,0.0078125
6,29,1,3,3.11227973e-06,9.71982104e-07,0.31230551,0.0078125
6,29,1,4,3.11227973e-06,6.1322703e-07,0.197034672,0.0078125
6,29,1,5,3.11227973e-06,3.9672932e-07,0.127472252,0.0078125
6,29,1,6,3.11227973e-06,2.39010916e-07,0.0767960921,0.0078125
6,29,1,7,3.11227973e-06,1.40532208e-07,0.0451541059,0.0078125
6,29,1,8,3.11227973e-06,8.4368402e-08,0.0271082316,0.0078125
6,29,1,9,3.11227973e-06,4.84850986e-08,0.0155786444,0.0078125
6,30,1,0,3.13617556e-06,2.41106409e-06,0.768791199,0.0078125
6,30,1,1,3.13617556e-06,1.7982843e-06,0.573400378,0.0078125
6,30,1,2,3.13617556e-06,1.51137544e-06,0.481916726,0.0078125
6,30,1,3,3.13617556e-06,1.03147647e-06,0.328896284,0.0078125
6,30,1,4,3.13617556e-06,6.73368163e-07,0.214709967,0.0078125
6,30,1,5,3.13617556e-06,4.114342e-07,0.131189778,0.0078125
6,30,1,6,3.13617556e-06,2.40267553e-07,0.0766116381,0.0078125
6,30,1,7,3.13617556e-06,1.39764595e-07,0.0445652977,0.0078125
6,30,1,8,3.13617556e-06,8.40101038e-08,0.0267874356,0.0078125
6,30,1,9,3.13617556e-06,4.78999489e-08,0.0152733633,0.0078125
6,31,1,0,3.36031667e-06,2.41169801e-06,0.717699647,0.0078125
6,31,1,1,3.36031667e-06,1.79309302e-06,0.533608317,0.0078125
6,31,1,2,3.36031667e-06,1.50392896e-06,0.447555721,0.0078125
6,31,1,3,3.36031667e-06,9.5935286e-07,0.285494775,0.0078125
6,31,1,4,3.36031667e-06,5.73242289e-07,0.170591742,0.0078125
6,31,1,5,3.36031667e-06,3.26811175e-07,0.0972560644,0.0078125
6,31,1,6,3.36031667e-06,2.02977574e-07,0.0604043007,0.0078125
6,31,1,7,3.36031667e-06,1.35558437e-07,0.0403409712,0.0078125
6,31,1,8,3.36031667e-06,8.29071496e-08,0.0246724207,0.0078125
6,31,1,9,3.36031667e-06,4.74148614e-08,0.0141102364,0.0078125
6,32,1,0,3.08427525e-06,2.2986942e-06,0.74529475,0.0078125
6,32,1,1,3.08427525e-06,1.73176193e-06,0.561480999,0.0078125
6,32,1,2,3.08427525e-06,1.46544608e-06,0.475134671,0.0078125
6,32,1,3,3.08427525e-06,1.00594923e-06,0.326154172,0.0078125
6,32,1,4,3.08427525e-06,6.64647985e-07,0.215495676,0.0078125
6,32,1,5,3.08427525e-06,4.09935552e-07,0.132911474,0.0078125
6,32,1,6,3.08427525e-06,2.42389063e-07,0.0785886645,0.0078125
6,32,1,7,3.08427525e-06,1.41335804e-07,0.0458246395,0.0078125
6,32,1,8,3.08427525e-06,8.39786694e-08,0.0272280071,0.0078125
6,32,1,9,3.08427525e-06,4.82037947e-08,0.0156288892,0.0078125
6,33,1,0,3.35185155e-06,2.44269404e-06,0.728759587,0.0078125
6,33,1,1,3.35185155e-06,1.82523081e-06,0.544544041,0.0078125
6,33,1,2,3.35185155e-06,1.53661438e-06,0.458437473,0.0078125
6,33,1,3,3.35185155e-06,1.17359832e-06,0.350134343,0.0078125
6,33,1,4,3.35185155e-06,7.20133528e-07,0.214846492,0.0078125
6,33,1,5,3.35185155e-06,4.20475402e-07,0.125445709,0.0078125
6,33,1,6,3.35185155e-06,2.42136196e-07,0.0722395331,0.0078125
6,33,1,7,3.35185155e-06,1.40836093e-07,0.0420174003,0.0078125
6,33,1,8,3.35185155e-06,8.57527311e-08,0.02558369,0.0078125
6,33,1,9,3.35185155e-06,4.99109269e-08,0.0148905544,0.0078125
6,34,1,0,3.3834333e-06,2.44239709e-06,0.721869409,0.0078125
6,34,1,1,3.3834333e-06,1.81593691e-06,0.536714256,0.0078125
6,34,1,2,3.3834333e-06,1.53491487e-06,0.453656018,0.0078125
6,34,1,3,3.3834333e-06,1.08795655e-06,0.321554005,0.0078125
6,34,1,4,3.3834333e-06,7.05900732e-07,0.208634451,0.0078125
6,34,1,5,3.3834333e-06,4.16980242e-07,0.123241752,0.0078125
6,34,1,6,3.3834333e-06,2.42086372e-07,0.0715505108,0.0078125
6,34,1,7,3.3834333e-06,1.41325884e-07,0.0417699628,0.0078125
6,34,1,8,3.3834333e-06,8.68432366e-08,0.0256671943,0.0078125
6,34,1,9,3.3834333e-06,5.0428433e-08,0.0149045149,0.0078125
6,35,1,0,3.40925749e-06,2.4239871e-06,0.711001456,0.0078125
6,35,1,1,3.40925749e-06,1.80398865e-06,0.529144168,0.0078125
6,35,1,2,3.40925749e-06,1.54432007e-06,0.452978432,0.0078125
6,35,1,3,3.40925749e-06,1.05977824e-06,0.310853094,0.0078125
6,35,1,4,3.40925749e-06,6.71794339e-07,0.19705005,0.0078125
6,35,1,5,3.40925749e-06,4.13993234e-07,0.121432081,0.0078125
6,35,1,6,3.40925749e-06,2.44811361e-07,0.0718078241,0.0078125
6,35,1,7,3.40925749e-06,1.40119568e-07,0.0410997309,0.0078125
6,35,1,8,3.40925749e-06,8.53251692e-08,0.025027493,0.0078125
6,35,1,9,3.40925749e-06,4.95558901e-08,0.0145356841,0.0078125
6,36,1,0,3.31013712e-06,2.45322053e-06,0.741123557,0.0078125
6,36,1,1,3.31013712e-06,1.91250888e-06,0.577773333,0.0078125
6,36,1,2,3.31013712e-06,1.61682703e-06,0.48844716,0.0078125
6,36,1,3,3.31013712e-06,1.19573156e-06,0.361233234,0.0078125
6,36,1,4,3.31013712e-06,7.60644696e-07,0.229792506,0.0078125
6,36,1,5,3.31013712e-06,4.33785914e-07,0.131047711,0.0078125
6,36,1,6,3.31013712e-06,2.50267419e-07,0.075606361,0.0078125
6,36,1,7,3.31013712e-06,1.42992064e-07,0.0431982316,0.0078125
6,36,1,8,3.31013712e-06,8.71530474e-08,0.0263291355,0.0078125
6,36,1,9,3.31013712e-06,5.0643898e-08,0.0152996378,0.0078125
6,37,1,0,3.39827534e-06,2.54042016e-06,0.747561574,0.0078125
6,37,1,1,3.39827534e-06,1.90801984e-06,0.561467111,0.0078125
6,37,1,2,3.39827534e-06,1.5630111e-06,0.45994246,0.0078125
6,37,1,3,3.39827534e-06,1.03236243e-06,0.303790122,0.0078125
6,37,1,4,3.39827534e-06,6.28430996e-07,0.18492645,0.0078125
6,37,1,5,3.39827534e-06,3.91394337e-07,0.115174405,0.0078125
6,37,1,6,3.39827534e-06,2.46173556e-07,0.072440736,0.0078125
6,37,1,7,3.39827534e-06,1.43009984e-07,0.0420831069,0.0078125
6,37,1,8,3.39827534e-06,8.69720651e-08,0.0255930014,0.0078125
6,37,1,9,3.39827534e-06,5.02857418e-08,0.0147974305,0.0078125
6,38,1,0,3.31142792e-06,2.54707925e-06,0.76917851,0.0078125
6,38,1,1,3.31142792e-06,1.97189024e-06,0.595480323,0.0078125
6,38,1,2,3.31142792e-06,1.62423225e-06,0.490493,0.0078125
6,38,1,3,3.31142792e-06,1.04825847e-06,0.316557854,0.0078125
6,38,1,4,3.31142792e-06,6.50147626e-07,0.196334526,0.0078125
6,38,1,5,3.31142792e-06,4.03285839e-07,0.12178608,0.0078125
6,38,1,6,3.31142792e-06,2.48098559e-07,0.0749219283,0.0078125
6,38,1,7,3.31142792e-06,1.42230888e-07,0.042951528,0.0078125
6,38,1,8,3.31142792e-06,8.72795525e-08,0.0263570752,0.0078125
6,38,1,9,3.31142792e-06,5.13632585e-08,0.0155109093,0.0078125
6,39,1,0,3.45521403e-06,2.59326043e-06,0.750535369,0.0078125
6,39,1,1,3.45521403e-06,2.03290256e-06,0.588357925,0.0078125
6,39,1,2,3.45521403e-06,1.65540871e-06,0.479104549,0.0078125
6,39,1,3,3.45521403e-06,1.15704017e-06,0.334867865,0.0078125
6,39,1,4,3.45521403e-06,7.53986342e-07,0.218216971,0.0078125
6,39,1,5,3.45521403e-06,4.45724311e-07,0.129000485,0.0078125
6,39,1,6,3.45521403e-06,2.52228858e-07,0.0729994923,0.0078125
6,39,1,7,3.45521403e-06,1.45655008e-07,0.0421551317,0.0078125
6,39,1,8,3.45521403e-06,8.90363978e-08,0.0257687066,0.0078125
6,39,1,9,3.45521403e-06,5.23579935e-08,0.0151533289,0.0078125
6,40,1,0,3.27576095e-06,2.40367149e-06,0.73377502,0.0078125
6,40,1,1,3.27576095e-06,1.91277218e-06,0.583916903,0.0078125
6,40,1,2,3.27576095e-06,1.62082335e-06,0.494792938,0.0078125
6,40,1,3,3.27576095e-06,1.16669742e-06,0.35616073,0.0078125
6,40,1,4,3.27576095e-06,7.46873866e-07,0.228000119,0.0078125
6,40,1,5,3.27576095e-06,4.4787879e-07,0.136725113,0.0078125
6,40,1,6,3.27576095e-06,2.4964487e-07,0.0762097314,0.0078125
6,40,1,7,3.27576095e-06,1.43775466e-07,0.0438907072,0.0078125
6,40,1,8,3.27576095e-06,8.85562415e-08,0.0270337928,0.0078125
6,40,1,9,3.27576095e-06,5.24807078e-08,0.016020922,0.0078125
6,41,1,0,3.47786954e-06,2.51227925e-06,0.722361565,0.0078125
6,41,1,1,3.47786954e-06,2.01201351e-06,0.578518987,0.0078125
6,41,1,2,3.47786954e-06,1.67041787e-06,0.480299175,0.0078125
6,41,1,3,3.47786954e-06,1.10879455e-06,0.318814307,0.0078125
6,41,1,4,3.47786954e-06,7.04807292e-07,0.202654898,0.0078125
6,41,1,5,3.47786954e-06,4.4881233e-07,0.129048064,0.0078125
6,41,1,6,3.47786954e-06,2.53323606e-07,0.0728387311,0.0078125
6,41,1,7,3.47786954e-06,1.46469588e-07,0.0421147458,0.0078125
6,41,1,8,3.47786954e-06,9.13186824e-08,0.0262570754,0.0078125
6,41,1,9,3.47786954e-06,5.42087264e-08,0.0155867627,0.0078125
6,42,1,0,3.29614159e-06,2.49944947e-06,0.758295536,0.0078125
6,42,1,1,3.29614159e-06,2.04775733e-06,0.621258914,0.0078125
6,42,1,2,3.29614159e-06,1.66823486e-06,0.506117463,0.0078125
6,42,1,3,3.29614159e-06,1.07545759e-06,0.326277733,0.0078125
6,42,1,4,3.29614159e-06,7.05536479e-07,0.214049205,0.0078125
6,42,1,5,3.29614159e-06,4.4615399e-07,0.135356441,0.0078125
6,42,1,6,3.29614159e-06,2.52204586e-07,0.0765150934,0.0078125
6,42,1,7,3.29614159e-06,1.46590793e-07,0.0444734506,0.0078125
6,42,1,8,3.29614159e-06,9.25554673e-08,0.0280799437,0.0078125
6,42,1,9,3.29614159e-06,5.42633032e-08,0.0164626744,0.0078125
6,43,1,0,3.18074126e-06,2.45159958e-06,0.770763576,0.0078125
6,43,1,1,3.18074126e-06,2.00478689e-06,0.630289197,0.0078125
6,43,1,2,3.18074126e-06,1.64637811e-06,0.517608285,0.0078125
6,43,1,3,3.18074126e-06,1.04722665e-06,0.329239815,0.0078125
6,43,1,4,3.18074126e-06,6.55624206e-07,0.206123084,0.0078125
6,43,1,5,3.18074126e-06,4.30204977e-07,0.135253057,0.0078125
6,43,1,6,3.18074126e-06,2.5204406e-07,0.0792406648,0.0078125
6,43,1,7,3.18074126e-06,1.44876537e-07,0.0455480441,0.0078125
6,43,1,8,3.18074126e-06,9.22070242e-08,0.0289891623,0.0078125
6,43,1,9,3.18074126e-06,5.40725971e-08,0.0169999991,0.0078125
6,44,1,0,3.20897129e-06,2.46808372e-06,0.769119918,0.0078125
6,44,1,1,3.20897129e-06,2.04121079e-06,0.636095047,0.0078125
6,44,1,2,3.20897129e-06,1.68328177e-06,0.524554968,0.0078125
6,44,1,3,3.20897129e-06,1.07074902e-06,0.333673596,0.0078125
6,44,1,4,3.20897129e-06,6.79437278e-07,0.211730555,0.0078125
6,44,1,5,3.20897129e-06,4.46804904e-07,0.139236182,0.0078125
6,44,1,6,3.20897129e-06,2.49387682e-07,0.0777157694,0.0078125
6,44,1,7,3.20897129e-06,1.44766119e-07,0.0451129377,0.0078125
6,44,1,8,3.20897129e-06,9.13841589e-08,0.0284777116,0.0078125
6,44,1,9,3.20897129e-06,5.33639977e-08,0.016629627,0.0078125
6,45,1,0,3.11328608e-06,2.41905627e-06,0.77701062,0.0078125
6,45,1,1,3.11328608e-06,2.02956835e-06,0.651905537,0.0078125
6,45,1,2,3.11328608e-06,1.68541612e-06,0.541362405,0.0078125
6,45,1,3,3.11328608e-06,1.09817074e-06,0.352736861,0.0078125
6,45,1,4,3.11328608e-06,7.04914271e-07,0.226421297,0.0078125
6,45,1,5,3.11328608e-06,4.58343635e-07,0.147221819,0.0078125
6,45,1,6,3.11328608e-06,2.51715704e-07,0.0808520988,0.0078125
6,45,1,7,3.11328608e-06,1.44766446e-07,0.0464995652,0.0078125
6,45,1,8,3.11328608e-06,9.29446244e-08,0.0298541877,0.0078125
6,45,1,9,3.11328608e-06,5.39560432e-08,0.017330898,0.0078125
6,46,1,0,3.15092325e-06,2.40624354e-06,0.763662994,0.0078125
6,46,1,1,3.15092325e-06,1.9922129e-06,0.632263243,0.0078125
6,46,1,2,3.15092325e-06,1.66693053e-06,0.52902925,0.0078125
6,46,1,3,3.15092325e-06,1.16578292e-06,0.369981378,0.0078125
6,46,1,4,3.15092325e-06,7.34150376e-07,0.232995316,0.0078125
6,46,1,5,3.15092325e-06,4.61580868e-07,0.146490678,0.0078125
6,46,1,6,3.15092325e-06,2.47305479e-07,0.0784866735,0.0078125
6,46,1,7,3.15092325e-06,1.39983172e-07,0.0444260798,0.0078125
6,46,1,8,3.15092325e-06,9.03121773e-08,0.0286621321,0.0078125
6,46,1,9,3.15092325e-06,5.35954925e-08,0.0170094576,0.0078125
6,47,1,0,3.12659222e-06,2.47551998e-06,0.791763008,0.0078125
6,47,1,1,3.12659222e-06,2.06011555e-06,0.658901274,0.0078125
6,47,1,2,3.12659222e-06,1.67221435e-06,0.534836113,0.0078125
6,47,1,3,3.12659222e-06,1.17562774e-06,0.376009285,0.0078125
6,47,1,4,3.12659222e-06,7.50727395e-07,0.240110427,0.0078125
6,47,1,5,3.12659222e-06,4.55720595e-07,0.145756319,0.0078125
6,47,1,6,3.12659222e-06,2.45930096e-07,0.0786575526,0.0078125
6,47,1,7,3.12659222e-06,1.41213746e-07,0.0451653861,0.0078125
6,47,1,8,3.12659222e-06,9.11873741e-08,0.0291651003,0.0078125
6,47,1,9,3.12659222e-06,5.3386497e-08,0.0170749798,0.0078125
6,48,1,0,3.29463433e-06,2.57989404e-06,0.783059299,0.0078125
6,48,1,1,3.29463433e-06,2.05792253e-06,0.624628484,0.0078125
6,48,1,2,3.29463433e-06,1.69722648e-06,0.51514864,0.0078125
6,48,1,3,3.29463433e-06,1.13501665e-06,0.344504595,0.0078125
6,48,1,4,3.29463433e-06,7.21792674e-07,0.219081268,0.0078125
6,48,1,5,3.29463433e-06,4.67061824e-07,0.141764387,0.0078125
6,48,1,6,3.29463433e-06,2.47105646e-07,0.0750024468,0.0078125
6,48,1,7,3.29463433e-06,1.40054453e-07,0.0425098613,0.0078125
6,48,1,8,3.29463433e-06,8.99345522e-08,0.0272972789,0.0078125
6,48,1,9,3.29463433e-06,5.29343396e-08,0.0160668325,0.0078125
6,49,1,0,3.20956133e-06,2.47031949e-06,0.769675136,0.0078125
6,49,1,1,3.20956133e-06,1.99232932e-06,0.620748162,0.0078125
6,49,1,2,3.20956133e-06,1.67304279e-06,0.521268368,0.0078125
6,49,1,3,3.20956133e-06,1.20203924e-06,0.374518245,0.0078125
6,49,1,4,3.20956133e-06,7.4450395e-07,0.231964394,0.0078125
6,49,1,5,3.20956133e-06,4.71627118e-07,0.146944419,0.0078125
6,49,1,6,3.20956133e-06,2.47430052e-07,0.0770915449,0.0078125
6,49,1,7,3.20956133e-06,1.40341655e-07,0.0437261164,0.0078125
6,49,1,8,3.20956133e-06,8.99636845e-08,0.0280299,0.0078125
6,49,1,9,3.20956133e-06,5.22927692e-08,0.0162928086,0.0078125
6,50,1,0,3.08013909e-06,2.37907443e-06,0.772391856,0.0078125
6,50,1,1,3.08013909e-06,1.85619024e-06,0.602631927,0.0078125
6,50,1,2,3.08013909e-06,1.57142938e-06,0.510181308,0.0078125
6,50,1,3,3.08013909e-06,1.03709635e-06,0.336704403,0.0078125
6,50,1,4,3.08013909e-06,6.40241012e-07,0.207861066,0.0078125
6,50,1,5,3.08013909e-06,4.14226719e-07,0.134483114,0.0078125
6,50,1,6,3.08013909e-06,2.4109093e-07,0.0782727376,0.0078125
6,50,1,7,3.08013909e-06,1.38543669e-07,0.0449796803,0.0078125
6,50,1,8,3.08013909e-06,8.97343213e-08,0.0291332044,0.0078125
6,50,1,9,3.08013909e-06,5.16020435e-08,0.0167531539,0.0078125
6,51,1,0,3.0238316e-06,2.35795437e-06,0.779790223,0.0078125
6,51,1,1,3.0238316e-06,1.88881415e-06,0.62464267,0.0078125
6,51,1,2,3.0238316e-06,1.58502655e-06,0.524178207,0.0078125
6,51,1,3,3.0238316e-06,1.04374408e-06,0.345172673,0.0078125
6,51,1,4,3.0238316e-06,6.47524303e-07,0.214140326,0.0078125
6,51,1,5,3.0238316e-06,4.33926203e-07,0.143502101,0.0078125
6,51,1,6,3.0238316e-06,2.39744679e-07,0.0792850628,0.0078125
6,51,1,7,3.0238316e-06,1.37928282e-07,0.0456137434,0.0078125
6,51,1,8,3.0238316e-06,8.97365595e-08,0.0296764411,0.0078125
6,51,1,9,3.0238316e-06,5.17313623e-08,0.0171078853,0.0078125
6,52,1,0,3.15260786e-06,2.513955e-06,0.7974208,0.0078125
6,52,1,1,3.15260786e-06,1.99755232e-06,0.63361901,0.0078125
6,52,1,2,3.15260786e-06,1.60290529e-06,0.508437872,0.0078125
6,52,1,3,3.15260786e-06,1.03159084e-06,0.327218264,0.0078125
6,52,1,4,3.15260786e-06,6.50564118e-07,0.206357449,0.0078125
6,52,1,5,3.15260786e-06,4.28253969e-07,0.135841176,0.0078125
6,52,1,6,3.15260786e-06,2.47028993e-07,0.0783570334,0.0078125
6,52,1,7,3.15260786e-06,1.42253398e-07,0.0451224521,0.0078125
6,52,1,8,3.15260786e-06,9.24369772e-08,0.029320797,0.0078125
6,52,1,9,3.15260786e-06,5.29671098e-08,0.0168010462,0.0078125
6,53,1,0,3.20692743e-06,2.5423069e-06,0.79275471,0.0078125
6,53,1,1,3.20692743e-06,1.98760267e-06,0.619784117,0.0078125
6,53,1,2,3.20692743e-06,1.6353996e-06,0.509958386,0.0078125
6,53,1,3,3.20692743e-06,1.13559406e-06,0.354106575,0.0078125
6,53,1,4,3.20692743e-06,7.20426158e-07,0.224646851,0.0078125
6,53,1,5,3.20692743e-06,4.73460716e-07,0.147636861,0.0078125
6,53,1,6,3.20692743e-06,2.48674326e-07,0.0775428638,0.0078125
6,53,1,7,3.20692743e-06,1.41409174e-07,0.044094909,0.0078125
6,53,1,8,3.20692743e-06,9.00438479e-08,0.028077919,0.0078125
6,53,1,9,3.20692743e-06,5.1262397e-08,0.0159848947,0.0078125
6,54,1,0,3.36011476e-06,2.61507785e-06,0.778270423,0.0078125
6,54,1,1,3.36011476e-06,1.99858732e-06,0.594797313,0.0078125
6,54,1,2,3.36011476e-06,1.61785488e-06,0.481487989,0.0078125
6,54,1,3,3.36011476e-06,1.09711766e-06,0.326511949,0.0078125
6,54,1,4,3.36011476e-06,7.19081299e-07,0.214004979,0.0078125
6,54,1,5,3.36011476e-06,4.69179525e-07,0.139632002,0.0078125
6,54,1,6,3.36011476e-06,2.47436105e-07,0.0736391842,0.0078125
6,54,1,7,3.36011476e-06,1.41105176e-07,0.0419941545,0.0078125
6,54,1,8,3.36011476e-06,9.07843756e-08,0.027018236,0.0078125
6,54,1,9,3.36011476e-06,5.19488559e-08,0.0154604409,0.0078125
6,55,1,0,3.18148159e-06,2.5092429e-06,0.788702607,0.0078125
6,55,1,1,3.18148159e-06,1.95061239e-06,0.613114476,0.0078125
6,55,1,2,3.18148159e-06,1.59046658e-06,0.499913812,0.0078125
6,55,1,3,3.18148159e-06,1.02827892e-06,0.323207557,0.0078125
6,55,1,4,3.18148159e-06,6.59977729e-07,0.20744352,0.0078125
6,55,1,5,3.18148159e-06,4.5207716e-07,0.14209643,0.0078125
6,55,1,6,3.18148159e-06,2.4827753e-07,0.0780383348,0.0078125
6,55,1,7,3.18148159e-06,1.41306089e-07,0.0444151834,0.0078125
6,55,1,8,3.18148159e-06,9.1024944e-08,0.0286108665,0.0078125
6,55,1,9,3.18148159e-06,5.18811412e-08,0.0163072273,0.0078125
6,56,1,0,3.31218462e-06,2.60761703e-06,0.787280083,0.0078125
6,56,1,1,3.31218462e-06,2.02581123e-06,0.611623883,0.0078125
6,56,1,2,3.31218462e-06,1.70138378e-06,0.5136742,0.0078125
6,56,1,3,3.31218462e-06,1.24335634e-06,0.375388592,0.0078125
6,56,1,4,3.31218462e-06,7.61794183e-07,0.229997501,0.0078125
6,56,1,5,3.31218462e-06,4.9026346e-07,0.148018152,0.0078125
6,56,1,6,3.31218462e-06,2.562725e-07,0.0773726478,0.0078125
6,56,1,7,3.31218462e-06,1.45390288e-07,0.0438955873,0.0078125
6,56,1,8,3.31218462e-06,9.37770608e-08,0.028312752,0.0078125
6,56,1,9,3.31218462e-06,5.24886872e-08,0.0158471502,0.0078125
6,57,1,0,3.21733637e-06,2.53766802e-06,0.788748145,0.0078125
6,57,1,1,3.21733637e-06,1.96297719e-06,0.610124946,0.0078125
6,57,1,2,3.21733637e-06,1.65732013e-06,0.515121818,0.0078125
6,57,1,3,3.21733637e-06,1.23499387e-06,0.383855999,0.0078125
6,57,1,4,3.21733637e-06,7.57576458e-07,0.235466972,0.0078125
6,57,1,5,3.21733637e-06,4.9025283e-07,0.152378485,0.0078125
6,57,1,6,3.21733637e-06,2.57666301e-07,0.0800868422,0.0078125
6,57,1,7,3.21733637e-06,1.45831393e-07,0.045326747,0.0078125
6,57,1,8,3.21733637e-06,9.40488505e-08,0.0292318985,0.0078125
6,57,1,9,3.21733637e-06,5.34754356e-08,0.0166210271,0.0078125
6,58,1,0,3.31717069e-06,2.51215556e-06,0.757318735,0.0078125
6,58,1,1,3.31717069e-06,1.91324625e-06,0.576770544,0.0078125
6,58,1,2,3.31717069e-06,1.64500966e-06,0.495907456,0.0078125
6,58,1,3,3.31717069e-06,1.20080244e-06,0.361995965,0.0078125
6,58,1,4,3.31717069e-06,7.47243519e-07,0.225265324,0.0078125
6,58,1,5,3.31717069e-06,4.86418287e-07,0.146636501,0.0078125
6,58,1,6,3.31717069e-06,2.54878245e-07,0.0768360347,0.0078125
6,58,1,7,3.31717069e-06,1.43990889e-07,0.0434077419,0.0078125
6,58,1,8,3.31717069e-06,9.19577445e-08,0.0277217403,0.0078125
6,58,1,9,3.31717069e-06,5.28769029e-08,0.0159403626,0.0078125
6,59,1,0,3.2117066e-06,2.57937972e-06,0.80311811,0.0078125
6,59,1,1,3.2117066e-06,1.97905069e-06,0.616199076,0.0078125
6,59,1,2,3.2117066e-06,1.6598724e-06,0.516819417,0.0078125
6,59,1,3,3.2117066e-06,1.21901303e-06,0.37955305,0.0078125
6,59,1,4,3.2117066e-06,7.50007473e-07,0.233523041,0.0078125
6,59,1,5,3.2117066e-06,4.86687725e-07,0.151535556,0.0078125
6,59,1,6,3.2117066e-06,2.50192016e-07,0.0779000223,0.0078125
6,59,1,7,3.2117066e-06,1.42672405e-07,0.0444226153,0.0078125
6,59,1,8,3.2117066e-06,9.039384e-08,0.0281451121,0.0078125
6,59,1,9,3.2117066e-06,5.16117602e-08,0.0160698872,0.0078125
6,60,1,0,3.19773631e-06,2.55971577e-06,0.800477445,0.0078125
6,60,1,1,3.19773631e-06,1.97513418e-06,0.617666364,0.0078125
6,60,1,2,3.19773631e-06,1.6340482e-06,0.511001527,0.0078125
6,60,1,3,3.19773631e-06,1.21029291e-06,0.378484279,0.0078125
6,60,1,4,3.19773631e-06,7.44111844e-07,0.232699558,0.0078125
6,60,1,5,3.19773631e-06,4.74981903e-07,0.148536921,0.0078125
6,60,1,6,3.19773631e-06,2.48990006e-07,0.0778644606,0.0078125
6,60,1,7,3.19773631e-06,1.42010478e-07,0.0444096886,0.0078125
6,60,1,8,3.19773631e-06,9.04782951e-08,0.0282944832,0.0078125
6,60,1,9,3.19773631e-06,5.23970023e-08,0.016385654,0.0078125
6,61,1,0,3.28198371e-06,2.59695139e-06,0.791274905,0.0078125
6,61,1,1,3.28198371e-06,1.98400585e-06,0.604514241,0.0078125
6,61,1,2,3.28198371e-06,1.63819061e-06,0.499146491,0.0078125
6,61,1,3,3.28198371e-06,1.15420028e-06,0.351677626,0.0078125
6,61,1,4,3.28198371e-06,7.34212449e-07,0.223709956,0.0078125
6,61,1,5,3.28198371e-06,4.74794803e-07,0.144667014,0.0078125
6,61,1,6,3.28198371e-06,2.46894615e-07,0.0752272531,0.0078125
6,61,1,7,3.28198371e-06,1.40468771e-07,0.0427999608,0.0078125
6,61,1,8,3.28198371e-06,8.78489672e-08,0.0267670341,0.0078125
6,61,1,9,3.28198371e-06,5.0091792e-08,0.0152626568,0.0078125
6,62,1,0,3.33804701e-06,2.63543416e-06,0.789513767,0.0078125
6,62,1,1,3.33804701e-06,2.02862066e-06,0.607726812,0.0078125
6,62,1,2,3.33804701e-06,1.62945958e-06,0.488147587,0.0078125
6,62,1,3,3.33804701e-06,1.14000625e-06,0.341518939,0.0078125
6,62,1,4,3.33804701e-06,7.34734158e-07,0.220108986,0.0078125
6,62,1,5,3.33804701e-06,4.74046999e-07,0.142013282,0.0078125
6,62,1,6,3.33804701e-06,2.50587732e-07,0.0750701651,0.0078125
6,62,1,7,3.33804701e-06,1.42452478e-07,0.0426753946,0.0078125
6,62,1,8,3.33804701e-06,8.99551154e-08,0.0269484259,0.0078125
6,62,1,9,3.33804701e-06,5.17156238e-08,0.0154927792,0.0078125
6,63,1,0,3.16178239e-06,2.61468699e-06,0.826966166,0.0078125
6,63,1,1,3.16178239e-06,2.03301283e-06,0.642995834,0.0078125
6,63,1,2,3.16178239e-06,1.63863137e-06,0.518261909,0.0078125
6,63,1,3,3.16178239e-06,1.08520044e-06,0.343224257,0.0078125
6,63,1,4,3.16178239e-06,7.09538426e-07,0.224410892,0.0078125
6,63,1,5,3.16178239e-06,4.60265341e-07,0.145571485,0.0078125
6,63,1,6,3.16178239e-06,2.46097983e-07,0.0778352022,0.0078125
6,63,1,7,3.16178239e-06,1.39876562e-07,0.0442397818,0.0078125
6,63,1,8,3.16178239e-06,8.88302765e-08,0.0280949995,0.0078125
6,63,1,9,3.16178239e-06,5.09925187e-08,0.0161277764,0.0078125
6,64,1,0,3.31414958e-06,2.58118757e-06,0.778838575,0.0078125
6,64,1,1,3.31414958e-06,2.0089542e-06,0.606174886,0.0078125
6,64,1,2,3.31414958e-06,1.63287223e-06,0.492697209,0.0078125
6,64,1,3,3.31414958e-06,1.03233072e-06,0.311491877,0.0078125
6,64,1,4,3.31414958e-06,6.7657669e-07,0.204147905,0.0078125
6,64,1,5,3.31414958e-06,4.48288574e-07,0.135265037,0.0078125
6,64,1,6,3.31414958e-06,2.46325953e-07,0.0743255392,0.0078125
6,64,1,7,3.31414958e-06,1.39021736e-07,0.0419479348,0.0078125
6,64,1,8,3.31414958e-06,8.69577619e-08,0.0262383334,0.0078125
6,64,1,9,3.31414958e-06,5.0359013e-08,0.0151951537,0.0078125
6,65,1,0,3.33728963e-06,2.61968466e-06,0.784973741,0.0078125
6,65,1,1,3.33728963e-06,1.99957663e-06,0.599161863,0.0078125
6,65,1,2,3.33728963e-06,1.65081838e-06,0.494658411,0.0078125
6,65,1,3,3.33728963e-06,1.11356121e-06,0.333672345,0.0078125
6,65,1,4,3.33728963e-06,7.24086362e-07,0.216968387,0.0078125
6,65,1,5,3.33728963e-06,4.67577735e-07,0.140107036,0.0078125
6,65,1,6,3.33728963e-06,2.53209492e-07,0.0758727938,0.0078125
6,65,1,7,3.33728963e-06,1.43422213e-07,0.0429756567,0.0078125
6,65,1,8,3.33728963e-06,8.93601637e-08,0.0267762691,0.0078125
6,65,1,9,3.33728963e-06,5.14715062e-08,0.0154231461,0.0078125
6,66,1,0,3.40713041e-06,2.58208843e-06,0.757848442,0.0078125
6,66,1,1,3.40713041e-06,2.01147077e-06,0.590370953,0.0078125
6,66,1,2,3.40713041e-06,1.67723806e-06,0.492272913,0.0078125
6,66,1,3,3.40713041e-06,1.06631023e-06,0.31296432,0.0078125
6,66,1,4,3.40713041e-06,6.95054212e-07,0.203999892,0.0078125
6,66,1,5,3.40713041e-06,4.53101023e-07,0.132986113,0.0078125
6,66,1,6,3.40713041e-06,2.54460872e-07,0.0746848062,0.0078125
6,66,1,7,3.40713041e-06,1.43412862e-07,0.0420919806,0.0078125
6,66,1,8,3.40713041e-06,8.89952361e-08,0.0261202902,0.0078125
6,66,1,9,3.40713041e-06,5.1812755e-08,0.0152071537,0.0078125
6,67,1,0,3.33613889e-06,2.5835468e-06,0.774412215,0.0078125
6,67,1,1,3.33613889e-06,2.01561284e-06,0.604175329,0.0078125
6,67,1,2,3.33613889e-06,1.68157294e-06,0.504047632,0.0078125
6,67,1,3,3.33613889e-06,1.04477112e-06,0.313167751,0.0078125
6,67,1,4,3.33613889e-06,6.59303907e-07,0.197624832,0.0078125
6,67,1,5,3.33613889e-06,4.34031762e-07,0.130100027,0.0078125
6,67,1,6,3.33613889e-06,2.51192745e-07,0.0752944499,0.0078125
6,67,1,7,3.33613889e-06,1.43019506e-07,0.042869769,0.0078125
6,67,1,8,3.33613889e-06,9.01982418e-08,0.0270367172,0.0078125
6,67,1,9,3.33613889e-06,5.21856194e-08,0.01564252,0.0078125
6,68,1,0,3.3066317e-06,2.66743837e-06,0.806693494,0.0078125
6,68,1,1,3.3066317e-06,2.08529264e-06,0.630639493,0.0078125
6,68,1,2,3.3066317e-06,1.71144802e-06,0.517580509,0.0078125
6,68,1,3,3.3066317e-06,1.11167719e-06,0.336196244,0.0078125
6,68,1,4,3.3066317e-06,7.25085101e-07,0.219282091,0.0078125
6,68,1,5,3.3066317e-06,4.53908712e-07,0.137272239,0.0078125
6,68,1,6,3.3066317e-06,2.52946904e-07,0.076496847,0.0078125
6,68,1,7,3.3066317e-06,1.45282613e-07,0.0439367369,0.0078125
6,68,1,8,3.3066317e-06,9.05026809e-08,0.0273700524,0.0078125
6,68,1,9,3.3066317e-06,5.35678737e-08,0.0162001327,0.0078125
6,69,1,0,3.34312608e-06,2.66054076e-06,0.79582423,0.0078125
6,69,1,1,3.34312608e-06,2.09045243e-06,0.625298738,0.0078125
6,69,1,2,3.34312608e-06,1.70054534e-06,0.508669198,0.0078125
6,69,1,3,3.34312608e-06,1.17863021e-06,0.352553338,0.0078125
6,69,1,4,3.34312608e-06,7.51171569e-07,0.224691361,0.0078125
6,69,1,5,3.34312608e-06,4.4691123e-07,0.133680642,0.0078125
6,69,1,6,3.34312608e-06,2.52263703e-07,0.0754574314,0.0078125
6,69,1,7,3.34312608e-06,1.42812908e-07,0.0427183732,0.0078125
6,69,1,8,3.34312608e-06,9.04194906e-08,0.0270463899,0.0078125
6,69,1,9,3.34312608e-06,5.22686108e-08,0.0156346522,0.0078125
6,70,1,0,3.26905251e-06,2.59456033e-06,0.793673515,0.0078125
6,70,1,1,3.26905251e-06,2.02711612e-06,0.620092869,0.0078125
6,70,1,2,3.26905251e-06,1.66424422e-06,0.509090722,0.0078125
6,70,1,3,3.26905251e-06,1.15196667e-06,0.352385491,0.0078125
6,70,1,4,3.26905251e-06,7.33999286e-07,0.224529669,0.0078125
6,70,1,5,3.26905251e-06,4.34800313e-07,0.133004993,0.0078125
6,70,1,6,3.26905251e-06,2.46732583e-07,0.0754752606,0.0078125
6,70,1,7,3.26905251e-06,1.39636811e-07,0.0427147634,0.0078125
6,70,1,8,3.26905251e-06,8.81927491e-08,0.0269780774,0.0078125
6,70,1,9,3.26905251e-06,5.13482625e-08,0.0157073829,0.0078125
6,71,1,0,3.29330646e-06,2.53122084e-06,0.768595576,0.0078125
6,71,1,1,3.29330646e-06,1.97849886e-06,0.600763679,0.0078125
6,71,1,2,3.29330646e-06,1.6451196e-06,0.499534309,0.0078125
6,71,1,3,3.29330646e-06,1.13696456e-06,0.34523496,0.0078125
6,71,1,4,3.29330646e-06,7.32984972e-07,0.22256811,0.0078125
6,71,1,5,3.29330646e-06,4.30014239e-07,0.130572185,0.0078125
6,71,1,6,3.29330646e-06,2.48635672e-07,0.0754972771,0.0078125
6,71,1,7,3.29330646e-06,1.41233414e-07,0.0428849906,0.0078125
6,71,1,8,3.29330646e-06,8.82308413e-08,0.0267909598,0.0078125
6,71,1,9,3.29330646e-06,5.18621057e-08,0.0157477316,0.0078125
6,72,1,0,3.20652066e-06,2.59063449e-06,0.807926953,0.0078125
6,72,1,1,3.20652066e-06,2.03869968e-06,0.635798097,0.0078125
6,72,1,2,3.20652066e-06,1.65371728e-06,0.515735745,0.0078125
6,72,1,3,3.20652066e-06,1.14874456e-06,0.358252674,0.0078125
6,72,1,4,3.20652066e-06,7.28294935e-07,0.22712934,0.0078125
6,72,1,5,3.20652066e-06,4.16729591e-07,0.129963174,0.0078125
6,72,1,6,3.20652066e-06,2.41271096e-07,0.0752438903,0.0078125
6,72,1,7,3.20652066e-06,1.35566751e-07,0.0422784574,0.0078125
6,72,1,8,3.20652066e-06,8.54088711e-08,0.0266359951,0.0078125
6,72,1,9,3.20652066e-06,5.02250437e-08,0.0156634096,0.0078125
6,73,1,0,3.26760755e-06,2.58018895e-06,0.7896263,0.0078125
6,73,1,1,3.26760755e-06,2.02291631e-06,0.619081795,0.0078125
6,73,1,2,3.26760755e-06,1.69377222e-06,0.518352389,0.0078125
6,73,1,3,3.26760755e-06,1.21822234e-06,0.372817814,0.0078125
6,73,1,4,3.26760755e-06,7.38049891e-07,0.225868583,0.0078125
6,73,1,5,3.26760755e-06,4.28416882e-07,0.131110266,0.0078125
6,73,1,6,3.26760755e-06,2.44211918e-07,0.074737221,0.0078125
6,73,1,7,3.26760755e-06,1.37259065e-07,0.0420059822,0.0078125
6,73,1,8,3.26760755e-06,8.69403181e-08,0.0266067199,0.0078125
6,73,1,9,3.26760755e-06,5.08129077e-08,0.0155504923,0.0078125
6,74,1,0,3.33705248e-06,2.64137816e-06,0.791530311,0.0078125
6,74,1,1,3.33705248e-06,2.11482939e-06,0.633741736,0.0078125
6,74,1,2,3.33705248e-06,1.70460532e-06,0.510811687,0.0078125
6,74,1,3,3.33705248e-06,1.10953363e-06,0.332489103,0.0078125
6,74,1,4,3.33705248e-06,7.04678484e-07,0.211167932,0.0078125
6,74,1,5,3.33705248e-06,4.24169855e-07,0.12710914,0.0078125
6,74,1,6,3.33705248e-06,2.41281867e-07,0.0723038912,0.0078125
6,74,1,7,3.33705248e-06,1.36634625e-07,0.0409447029,0.0078125
6,74,1,8,3.33705248e-06,8.61417035e-08,0.0258137099,0.0078125
6,74,1,9,3.33705248e-06,5.13434699e-08,0.0153858745,0.0078125
6,75,1,0,3.23517452e-06,2.61618493e-06,0.808668852,0.0078125
6,75,1,1,3.23517452e-06,2.08932533e-06,0.645815313,0.0078125
6,75,1,2,3.23517452e-06,1.69767395e-06,0.524755001,0.0078125
6,75,1,3,3.23517452e-06,1.16186607e-06,0.359135509,0.0078125
6,75,1,4,3.23517452e-06,7.29004796e-07,0.225337088,0.0078125
6,75,1,5,3.23517452e-06,4.20574594e-07,0.130000591,0.0078125
6,75,1,6,3.23517452e-06,2.38727807e-07,0.0737913251,0.0078125
6,75,1,7,3.23517452e-06,1.32684747e-07,0.0410131663,0.0078125
6,75,1,8,3.23517452e-06,8.4262048e-08,0.0260455962,0.0078125
6,75,1,9,3.23517452e-06,5.09237452e-08,0.0157406479,0.0078125
6,76,1,0,3.15390707e-06,2.55538475e-06,0.810228288,0.0078125
6,76,1,1,3.15390707e-06,2.08804136e-06,0.662049115,0.0078125
6,76,1,2,3.15390707e-06,1.72779539e-06,0.547827005,0.0078125
6,76,1,3,3.15390707e-06,1.15848354e-06,0.367316961,0.0078125
6,76,1,4,3.15390707e-06,7.21337983e-07,0.228712499,0.0078125
6,76,1,5,3.15390707e-06,4.21346385e-07,0.133595049,0.0078125
6,76,1,6,3.15390707e-06,2.40711927e-07,0.0763218179,0.0078125
6,76,1,7,3.15390707e-06,1.312455e-07,0.0416136235,0.0078125
6,76,1,8,3.15390707e-06,8.39192396e-08,0.0266080257,0.0078125
6,76,1,9,3.15390707e-06,5.00526092e-08,0.0158700328,0.0078125
6,77,1,0,3.18400521e-06,2.57600141e-06,0.809044361,0.0078125
6,77,1,1,3.18400521e-06,2.08912388e-06,0.656130791,0.0078125
6,77,1,2,3.18400521e-06,1.6981827e-06,0.533347964,0.0078125
6,77,1,3,3.18400521e-06,1.1326573e-06,0.355733484,0.0078125
6,77,1,4,3.18400521e-06,7.31755165e-07,0.229822233,0.0078125
6,77,1,5,3.18400521e-06,4.34946628e-07,0.136603624,0.0078125
6,77,1,6,3.18400521e-06,2.48764678e-07,0.0781294852,0.0078125
6,77,1,7,3.18400521e-06,1.3890795e-07,0.0436267965,0.0078125
6,77,1,8,3.18400521e-06,8.81804354e-08,0.0276948158,0.0078125
6,77,1,9,3.18400521e-06,5.25034949e-08,0.0164897647,0.0078125
6,78,1,0,3.27533735e-06,2.67051291e-06,0.815339804,0.0078125
6,78,1,1,3.27533735e-06,2.13915132e-06,0.653108716,0.0078125
6,78,1,2,3.27533735e-06,1.70508577e-06,0.520583272,0.0078125
6,78,1,3,3.27533735e-06,1.06289212e-06,0.324513793,0.0078125
6,78,1,4,3.27533735e-06,6.0183288e-07,0.183746845,0.0078125
6,78,1,5,3.27533735e-06,3.3479364e-07,0.102216534,0.0078125
6,78,1,6,3.27533735e-06,2.00119075e-07,0.0610987693,0.0078125
6,78,1,7,3.27533735e-06,1.31790515e-07,0.040237233,0.0078125
6,78,1,8,3.27533735e-06,8.88095855e-08,0.0271146372,0.0078125
6,78,1,9,3.27533735e-06,5.3256624e-08,0.01625989,0.0078125
6,79,1,0,3.36330913e-06,2.60560614e-06,0.774715006,0.0078125
6,79,1,1,3.36330913e-06,2.05055449e-06,0.609683633,0.0078125
6,79,1,2,3.36330913e-06,1.70401461e-06,0.506648242,0.0078125
6,79,1,3,3.36330913e-06,1.14414252e-06,0.340183586,0.0078125
6,79,1,4,3.36330913e-06,7.36822471e-07,0.219076648,0.0078125
6,79,1,5,3.36330913e-06,4.34854542e-07,0.129293665,0.0078125
6,79,1,6,3.36330913e-06,2.4974068e-07,0.0742544532,0.0078125
6,79,1,7,3.36330913e-06,1.36506117e-07,0.0405868478,0.0078125
6,79,1,8,3.36330913e-06,8.66759038e-08,0.02577102,0.0078125
6,79,1,9,3.36330913e-06,5.21909378e-08,0.015517734,0.0078125
6,80,1,0,3.30397279e-06,2.58444948e-06,0.782224834,0.0078125
6,80,1,1,3.30397279e-06,2.03614741e-06,0.616272449,0.0078125
6,80,1,2,3.30397279e-06,1.66749646e-06,0.504694343,0.0078125
6,80,1,3,3.30397279e-06,1.07212009e-06,0.324494213,0.0078125
6,80,1,4,3.30397279e-06,6.58654358e-07,0.199352235,0.0078125
6,80,1,5,3.30397279e-06,4.05607892e-07,0.122763693,0.0078125
6,80,1,6,3.30397279e-06,2.50205716e-07,0.0757287443,0.0078125
6,80,1,7,3.30397279e-06,1.36936009e-07,0.0414458662,0.0078125
6,80,1,8,3.30397279e-06,8.58695728e-08,0.0259897951,0.0078125
6,80,1,9,3.30397279e-06,5.19573682e-08,0.0157257244,0.0078125
6,81,1,0,3.38750056e-06,2.57782131e-06,0.760980308,0.0078125
6,81,1,1,3.38750056e-06,1.98783459e-06,0.586814523,0.0078125
6,81,1,2,3.38750056e-06,1.65370238e-06,0.488177747,0.0078125
6,81,1,3,3.38750056e-06,1.18371702e-06,0.3494367,0.0078125
6,81,1,4,3.38750056e-06,7.54340761e-07,0.222683579,0.0078125
6,81,1,5,3.38750056e-06,4.43564318e-07,0.13094148,0.0078125
6,81,1,6,3.38750056e-06,2.517219e-07,0.0743090361,0.0078125
6,81,1,7,3.38750056e-06,1.37716611e-07,0.0406543426,0.0078125
6,81,1,8,3.38750056e-06,8.58140865e-08,0.0253325682,0.0078125
6,81,1,9,3.38750056e-06,5.22443315e-08,0.0154226786,0.0078125
6,82,1,0,3.26611598e-06,2.56144131e-06,0.784246862,0.0078125
6,82,1,1,3.26611598e-06,1.97483951e-06,0.604644656,0.0078125
6,82,1,2,3.26611598e-06,1.64532219e-06,0.503754973,0.0078125
6,82,1,3,3.26611598e-06,1.06749587e-06,0.326839536,0.0078125
6,82,1,4,3.26611598e-06,6.08185928e-07,0.186210752,0.0078125
6,82,1,5,3.26611598e-06,3.67224288e-07,0.112434551,0.0078125
6,82,1,6,3.26611598e-06,2.37326034e-07,0.0726630762,0.0078125
6,82,1,7,3.26611598e-06,1.37292787e-07,0.0420354903,0.0078125
6,82,1,8,3.26611598e-06,8.72630963e-08,0.0267176963,0.0078125
6,82,1,9,3.26611598e-06,5.31796722e-08,0.0162822362,0.0078125
6,83,1,0,3.08826543e-06,2.47522871e-06,0.801494837,0.0078125
6,83,1,1,3.08826543e-06,1.94321433e-06,0.629225194,0.0078125
6,83,1,2,3.08826543e-06,1.59687374e-06,0.517077863,0.0078125
6,83,1,3,3.08826543e-06,1.05522724e-06,0.341689289,0.0078125
6,83,1,4,3.08826543e-06,6.56984412e-07,0.212735727,0.0078125
6,83,1,5,3.08826543e-06,4.26620375e-07,0.138142392,0.0078125
6,83,1,6,3.08826543e-06,2.53027338e-07,0.0819318593,0.0078125
6,83,1,7,3.08826543e-06,1.39570844e-07,0.0451939292,0.0078125
6,83,1,8,3.08826543e-06,8.93496761e-08,0.028931994,0.0078125
6,83,1,9,3.08826543e-06,5.43606831e-08,0.0176023357,0.0078125
6,84,1,0,3.15289617e-06,2.5955344e-06,0.82322228,0.0078125
6,84,1,1,3.15289617e-06,2.04775279e-06,0.649483085,0.0078125
6,84,1,2,3.15289617e-06,1.65517611e-06,0.524970055,0.0078125
6,84,1,3,3.15289617e-06,1.0545042e-06,0.334455729,0.0078125
6,84,1,4,3.15289617e-06,6.15454894e-07,0.195203036,0.0078125
6,84,1,5,3.15289617e-06,3.40685432e-07,0.108054757,0.0078125
6,84,1,6,3.15289617e-06,1.97117132e-07,0.0625193864,0.0078125
6,84,1,7,3.15289617e-06,1.34199112e-07,0.0425637588,0.0078125
6,84,1,8,3.15289617e-06,8.85225688e-08,0.0280765891,0.0078125
6,84,1,9,3.15289617e-06,5.35799352e-08,0.0169938784,0.0078125
6,85,1,0,3.11241934e-06,2.50733183e-06,0.805589318,0.0078125
6,85,1,1,3.11241934e-06,1.98789871e-06,0.638698876,0.0078125
6,85,1,2,3.11241934e-06,1.62255321e-06,0.521315753,0.0078125
6,85,1,3,3.11241934e-06,1.02674858e-06,0.329887599,0.0078125
6,85,1,4,3.11241934e-06,6.14350085e-07,0.197386667,0.0078125
6,85,1,5,3.11241934e-06,3.52368431e-07,0.113213673,0.0078125
6,85,1,6,3.11241934e-06,2.29966957e-07,0.0738868788,0.0078125
6,85,1,7,3.11241934e-06,1.39437745e-07,0.044800438,0.0078125
6,85,1,8,3.11241934e-06,8.94728487e-08,0.0287470426,0.0078125
6,85,1,9,3.11241934e-06,5.39563345e-08,0.0173358172,0.0078125
6,86,1,0,3.15071611e-06,2.49209302e-06,0.790960848,0.0078125
6,86,1,1,3.15071611e-06,1.98744192e-06,0.630790532,0.0078125
6,86,1,2,3.15071611e-06,1.66434961e-06,0.528244853,0.0078125
6,86,1,3,3.15071611e-06,1.08400673e-06,0.344050914,0.0078125
6,86,1,4,3.15071611e-06,6.91478192e-07,0.219466999,0.0078125
6,86,1,5,3.15071611e-06,4.29342919e-07,0.136268362,0.0078125
6,86,1,6,3.15071611e-06,2.60252278e-07,0.0826009959,0.0078125
6,86,1,7,3.15071611e-06,1.43521177e-07,0.0455519222,0.0078125
6,86,1,8,3.15071611e-06,9.25489729e-08,0.0293739494,0.0078125
6,86,1,9,3.15071611e-06,5.59554891e-08,0.01775961,0.0078125
6,87,1,0,3.32826357e-06,2.5670829e-06,0.771297932,0.0078125
6,87,1,1,3.32826357e-06,2.03885929e-06,0.612589478,0.0078125
6,87,1,2,3.32826357e-06,1.68514657e-06,0.506314039,0.0078125
6,87,1,3,3.32826357e-06,1.05338756e-06,0.316497654,0.0078125
6,87,1,4,3.32826357e-06,6.52101278e-07,0.19592838,0.0078125
6,87,1,5,3.32826357e-06,4.24457966e-07,0.12753135,0.0078125
6,87,1,6,3.32826357e-06,2.54293582e-07,0.076404281,0.0078125
6,87,1,7,3.32826357e-06,1.42519525e-07,0.0428209864,0.0078125
6,87,1,8,3.32826357e-06,9.24174159e-08,0.0277674571,0.0078125
6,87,1,9,3.32826357e-06,5.71602108e-08,0.0171741843,0.0078125
6,88,1,0,3.36404491e-06,2.63349011e-06,0.782834411,0.0078125
6,88,1,1,3.36404491e-06,2.05545575e-06,0.611007214,0.0078125
6,88,1,2,3.36404491e-06,1.67347207e-06,0.497458309,0.0078125
6,88,1,3,3.36404491e-06,1.0583658e-06,0.314611077,0.0078125
6,88,1,4,3.36404491e-06,6.65048844e-07,0.197693214,0.0078125
6,88,1,5,3.36404491e-06,4.29291674e-07,0.127611756,0.0078125
6,88,1,6,3.36404491e-06,2.5595125e-07,0.0760843754,0.0078125
6,88,1,7,3.36404491e-06,1.40133892e-07,0.0416563675,0.0078125
6,88,1,8,3.36404491e-06,9.1810449e-08,0.0272916835,0.0078125
6,88,1,9,3.36404491e-06,5.62433797e-08,0.0167189743,0.0078125
6,89,1,0,3.1991915e-06,2.49391246e-06,0.779544592,0.0078125
6,89,1,1,3.1991915e-06,1.96168276e-06,0.613180757,0.0078125
6,89,1,2,3.1991915e-06,1.64045616e-06,0.512772083,0.0078125
6,89,1,3,3.1991915e-06,1.12967098e-06,0.353111386,0.0078125
6,89,1,4,3.1991915e-06,7.40388771e-07,0.231429964,0.0078125
6,89,1,5,3.1991915e-06,4.4573332e-07,0.13932687,0.0078125
6,89,1,6,3.1991915e-06,2.53997371e-07,0.0793942362,0.0078125
6,89,1,7,3.1991915e-06,1.40518821e-07,0.043923229,0.0078125
6,89,1,8,3.1991915e-06,9.09038604e-08,0.028414635,0.0078125
6,89,1,9,3.1991915e-06,5.43716752e-08,0.016995443,0.0078125
6,90,1,0,3.40185784e-06,2.58867317e-06,0.760958672,0.0078125
6,90,1,1,3.40185784e-06,2.00638647e-06,0.589791417,0.0078125
6,90,1,2,3.40185784e-06,1.67070198e-06,0.491114587,0.0078125
6,90,1,3,3.40185784e-06,1.09124676e-06,0.320779651,0.0078125
6,90,1,4,3.40185784e-06,7.12335066e-07,0.2093959,0.0078125
6,90,1,5,3.40185784e-06,4.44663613e-07,0.130711988,0.0078125
6,90,1,6,3.40185784e-06,2.4840557e-07,0.0730205625,0.0078125
6,90,1,7,3.40185784e-06,1.37393812e-07,0.0403878763,0.0078125
6,90,1,8,3.40185784e-06,8.74675052e-08,0.0257116873,0.0078125
6,90,1,9,3.40185784e-06,5.36427613e-08,0.0157686658,0.0078125
6,91,1,0,3.47838818e-06,2.53419717e-06,0.728555024,0.0078125
6,91,1,1,3.47838818e-06,1.94918812e-06,0.560371101,0.0078125
6,91,1,2,3.47838818e-06,1.63711172e-06,0.470652401,0.0078125
6,91,1,3,3.47838818e-06,1.07915378e-06,0.310245365,0.0078125
6,91,1,4,3.47838818e-06,7.11543123e-07,0.204561159,0.0078125
6,91,1,5,3.47838818e-06,4.54112126e-07,0.130552456,0.0078125
6,91,1,6,3.47838818e-06,2.50141056e-07,0.071912922,0.0078125
6,91,1,7,3.47838818e-06,1.39102056e-07,0.0399903767,0.0078125
6,91,1,8,3.47838818e-06,8.81234143e-08,0.0253345538,0.0078125
6,91,1,9,3.47838818e-06,5.48056569e-08,0.0157560501,0.0078125
6,92,1,0,3.29881573e-06,2.48546439e-06,0.753441393,0.0078125
6,92,1,1,3.29881573e-06,1.94139011e-06,0.588511229,0.0078125
6,92,1,2,3.29881573e-06,1.63533628e-06,0.495734364,0.0078125
6,92,1,3,3.29881573e-06,1.18217599e-06,0.358363748,0.0078125
6,92,1,4,3.29881573e-06,7.50311472e-07,0.227448732,0.0078125
6,92,1,5,3.29881573e-06,4.58085651e-07,0.138863668,0.0078125
6,92,1,6,3.29881573e-06,2.52339674e-07,0.0764940158,0.0078125
6,92,1,7,3.29881573e-06,1.40604257e-07,0.0426226482,0.0078125
6,92,1,8,3.29881573e-06,8.99388723e-08,0.0272639878,0.0078125
6,92,1,9,3.29881573e-06,5.5302575e-08,0.0167643726,0.0078125
6,93,1,0,3.29309501e-06,2.47615844e-06,0.751924396,0.0078125
6,93,1,1,3.29309501e-06,1.92546781e-06,0.584698558,0.0078125
6,93,1,2,3.29309501e-06,1.63376603e-06,0.496118695,0.0078125
6,93,1,3,3.29309501e-06,1.16176022e-06,0.35278672,0.0078125
6,93,1,4,3.29309501e-06,7.43384476e-07,0.225740373,0.0078125
6,93,1,5,3.29309501e-06,4.58935489e-07,0.139362961,0.0078125
6,93,1,6,3.29309501e-06,2.50509629e-07,0.0760711804,0.0078125
6,93,1,7,3.29309501e-06,1.42547307e-07,0.0432867296,0.0078125
6,93,1,8,3.29309501e-06,9.16510388e-08,0.0278312769,0.0078125
6,93,1,9,3.29309501e-06,5.76208556e-08,0.0174974781,0.0078125
6,94,1,0,3.27991711e-06,2.43492377e-06,0.742373586,0.0078125
6,94,1,1,3.27991711e-06,1.91637332e-06,0.584274948,0.0078125
6,94,1,2,3.27991711e-06,1.59866761e-06,0.487410992,0.0078125
6,94,1,3,3.27991711e-06,1.12082353e-06,0.341723114,0.0078125
6,94,1,4,3.27991711e-06,7.28545729e-07,0.222123221,0.0078125
6,94,1,5,3.27991711e-06,4.66157275e-07,0.142124712,0.0078125
6,94,1,6,3.27991711e-06,2.50199548e-07,0.0762822777,0.0078125
6,94,1,7,3.27991711e-06,1.4342676e-07,0.0437287763,0.0078125
6,94,1,8,3.27991711e-06,9.24131669e-08,0.0281754583,0.0078125
6,94,1,9,3.27991711e-06,5.75855559e-08,0.0175570156,0.0078125
6,95,1,0,3.13640771e-06,2.34543518e-06,0.74780941,0.0078125
6,95,1,1,3.13640771e-06,1.82533597e-06,0.58198303,0.0078125
6,95,1,2,3.13640771e-06,1.53270582e-06,0.488681942,0.0078125
6,95,1,3,3.13640771e-06,1.08137726e-06,0.344782114,0.0078125
6,95,1,4,3.13640771e-06,7.25196287e-07,0.231218755,0.0078125
6,95,1,5,3.13640771e-06,4.64010469e-07,0.147943288,0.0078125
6,95,1,6,3.13640771e-06,2.48757914e-07,0.0793130025,0.0078125
6,95,1,7,3.13640771e-06,1.42195162e-07,0.0453369506,0.0078125
6,95,1,8,3.13640771e-06,9.06318505e-08,0.0288967062,0.0078125
6,95,1,9,3.13640771e-06,5.57434348e-08,0.0177730191,0.0078125
6,96,1,0,3.2233304e-06,2.42757869e-06,0.753127456,0.0078125
6,96,1,1,3.2233304e-06,1.89731054e-06,0.5886181,0.0078125
6,96,1,2,3.2233304e-06,1.60336469e-06,0.497424871,0.0078125
6,96,1,3,3.2233304e-06,1.14675936e-06,0.355768472,0.0078125
6,96,1,4,3.2233304e-06,7.37313371e-07,0.228742719,0.0078125
6,96,1,5,3.2233304e-06,4.71710251e-07,0.146342501,0.0078125
6,96,1,6,3.2233304e-06,2.45451588e-07,0.0761484429,0.0078125
6,96,1,7,3.2233304e-06,1.42522154e-07,0.0442158058,0.0078125
6,96,1,8,3.2233304e-06,9.03991833e-08,0.0280452743,0.0078125
6,96,1,9,3.2233304e-06,5.61627758e-08,0.0174238347,0.0078125
6,97,1,0,3.1981117e-06,2.4413871e-06,0.763383925,0.0078125
6,97,1,1,3.1981117e-06,1.89963259e-06,0.593985677,0.0078125
6,97,1,2,3.1981117e-06,1.59524052e-06,0.498807013,0.0078125
6,97,1,3,3.1981117e-06,1.13983833e-06,0.356409788,0.0078125
6,97,1,4,3.1981117e-06,7.39003951e-07,0.231075093,0.0078125
6,97,1,5,3.1981117e-06,4.69753758e-07,0.146884724,0.0078125
6,97,1,6,3.1981117e-06,2.48110268e-07,0.0775802359,0.0078125
6,97,1,7,3.1981117e-06,1.43574027e-07,0.0448933765,0.0078125
6,97,1,8,3.1981117e-06,9.12988867e-08,0.0285477471,0.0078125
6,97,1,9,3.1981117e-06,5.57416797e-08,0.0174295604,0.0078125
6,98,1,0,3.26338863e-06,2.52084101e-06,0.772461176,0.0078125
6,98,1,1,3.26338863e-06,1.95312646e-06,0.598496437,0.0078125
6,98,1,2,3.26338863e-06,1.60514446e-06,0.491864324,0.0078125
6,98,1,3,3.26338863e-06,1.12799125e-06,0.345650285,0.0078125
6,98,1,4,3.26338863e-06,7.32795115e-07,0.224550366,0.0078125
6,98,1,5,3.26338863e-06,4.70952671e-07,0.144314006,0.0078125
6,98,1,6,3.26338863e-06,2.42664925e-07,0.0743597969,0.0078125
6,98,1,7,3.26338863e-06,1.42053167e-07,0.0435293429,0.0078125
6,98,1,8,3.26338863e-06,8.95539571e-08,0.0274420138,0.0078125
6,98,1,9,3.26338863e-06,5.57601965e-08,0.0170865934,0.0078125
6,99,1,0,3.09569555e-06,2.48580318e-06,0.802986979,0.0078125
6,99,1,1,3.09569555e-06,1.9475242e-06,0.629107177,0.0078125
6,99,1,2,3.09569555e-06,1.60347383e-06,0.517968833,0.0078125
6,99,1,3,3.09569555e-06,1.10425231e-06,0.356705725,0.0078125
6,99,1,4,3.09569555e-06,7.20857599e-07,0.232858047,0.0078125
6,99,1,5,3.09569555e-06,4.6549323e-07,0.150367901,0.0078125
6,99,1,6,3.09569555e-06,2.4512849e-07,0.079183653,0.0078125
6,99,1,7,3.09569555e-06,1.42156367e-07,0.0459206551,0.0078125
6,99,1,8,3.09569555e-06,8.8683926e-08,0.0286474954,0.0078125
6,99,1,9,3.09569555e-06,5.37705169e-08,0.0173694454,0.0078125
6,100,1,0,3.20529557e-06,2.45825345e-06,0.76693505,0.0078125
6,100,1,1,3.20529557e-06,1.90132005e-06,0.593180895,0.0078125
6,100,1,2,3.20529557e-06,1.58181012e-06,0.493498981,0.0078125
6,100,1,3,3.20529557e-06,1.14854174e-06,0.358326316,0.0078125
6,100,1,4,3.20529557e-06,7.42327757e-07,0.23159416,0.0078125
6,100,1,5,3.20529557e-06,4.65443463e-07,0.145210773,0.0078125
6,100,1,6,3.20529557e-06,2.42158535e-07,0.0755495206,0.0078125
6,100,1,7,3.20529557e-06,1.38314206e-07,0.0431517772,0.0078125
6,100,1,8,3.20529557e-06,8.75887949e-08,0.0273262765,0.0078125
6,100,1,9,3.20529557e-06,5.46285577e-08,0.0170432199,0.0078125
6,101,1,0,3.2221144e-06,2.54861993e-06,0.790977478,0.0078125
6,101,1,1,3.2221144e-06,1.95103189e-06,0.605512917,0.0078125
6,101,1,2,3.2221144e-06,1.63044297e-06,0.506016493,0.0078125
6,101,1,3,3.2221144e-06,1.19375363e-06,0.37048766,0.0078125
6,101,1,4,3.2221144e-06,7.48956381e-07,0.232442513,0.0078125
6,101,1,5,3.2221144e-06,4.61687307e-07,0.143287063,0.0078125
6,101,1,6,3.2221144e-06,2.41373357e-07,0.0749114826,0.0078125
6,101,1,7,3.2221144e-06,1.38848918e-07,0.0430924855,0.0078125
6,101,1,8,3.2221144e-06,8.6933774e-08,0.0269803498,0.0078125
6,101,1,9,3.2221144e-06,5.44009389e-08,0.0168836154,0.0078125
6,102,1,0,3.33373487e-06,2.58657042e-06,0.775877655,0.0078125
6,102,1,1,3.33373487e-06,1.99710257e-06,0.599058628,0.0078125
6,102,1,2,3.33373487e-06,1.62102413e-06,0.486248672,0.0078125
6,102,1,3,3.33373487e-06,1.12538953e-06,0.337576181,0.0078125
6,102,1,4,3.33373487e-06,7.25598113e-07,0.217653215,0.0078125
6,102,1,5,3.33373487e-06,4.65734189e-07,0.139703423,0.0078125
6,102,1,6,3.33373487e-06,2.4104645e-07,0.0723052248,0.0078125
6,102,1,7,3.33373487e-06,1.39345801e-07,0.0417987034,0.0078125
6,102,1,8,3.33373487e-06,8.69648318e-08,0.0260863081,0.0078125
6,102,1,9,3.33373487e-06,5.54796138e-08,0.0166418795,0.0078125
6,103,1,0,3.13845317e-06,2.42994088e-06,0.774247944,0.0078125
6,103,1,1,3.13845317e-06,1.9002199e-06,0.605463862,0.0078125
6,103,1,2,3.13845317e-06,1.57179045e-06,0.500816941,0.0078125
6,103,1,3,3.13845317e-06,1.07532799e-06,0.342629939,0.0078125
6,103,1,4,3.13845317e-06,7.01729277e-07,0.223590806,0.0078125
6,103,1,5,3.13845317e-06,4.65114823e-07,0.148198739,0.0078125
6,103,1,6,3.13845317e-06,2.45962099e-07,0.0783704892,0.0078125
6,103,1,7,3.13845317e-06,1.41722708e-07,0.0451568663,0.0078125
6,103,1,8,3.13845317e-06,8.72563888e-08,0.0278023556,0.0078125
6,103,1,9,3.13845317e-06,5.66583473e-08,0.0180529524,0.0078125
6,104,1,0,3.19248284e-06,2.4487324e-06,0.767030716,0.0078125
6,104,1,1,3.19248284e-06,1.91914432e-06,0.601144731,0.0078125
6,104,1,2,3.19248284e-06,1.64901633e-06,0.516530991,0.0078125
6,104,1,3,3.19248284e-06,1.20459049e-06,0.377320886,0.0078125
6,104,1,4,3.19248284e-06,7.60627813e-07,0.238255888,0.0078125
6,104,1,5,3.19248284e-06,4.65094274e-07,0.145684183,0.0078125
6,104,1,6,3.19248284e-06,2.49520781e-07,0.078158848,0.0078125
6,104,1,7,3.19248284e-06,1.41736052e-07,0.0443968102,0.0078125
6,104,1,8,3.19248284e-06,8.74050841e-08,0.0273784045,0.0078125
6,104,1,9,3.19248284e-06,5.71119827e-08,0.0178895183,0.0078125
6,105,1,0,3.36937364e-06,2.59750891e-06,0.770917416,0.0078125
6,105,1,1,3.36937364e-06,2.00465365e-06,0.594963312,0.0078125
6,105,1,2,3.36937364e-06,1.66656423e-06,0.494621366,0.0078125
6,105,1,3,3.36937364e-06,1.16268745e-06,0.34507525,0.0078125
6,105,1,4,3.36937364e-06,7.46418209e-07,0.221530259,0.0078125
6,105,1,5,3.36937364e-06,4.6333443e-07,0.137513518,0.0078125
6,105,1,6,3.36937364e-06,2.51576125e-07,0.0746655464,0.0078125
6,105,1,7,3.36937364e-06,1.43116338e-07,0.0424756519,0.0078125
6,105,1,8,3.36937364e-06,8.88561473e-08,0.02637171,0.0078125
6,105,1,9,3.36937364e-06,5.68652254e-08,0.0168770906,0.0078125
6,106,1,0,3.36534936e-06,2.64661253e-06,0.78643024,0.0078125
6,106,1,1,3.36534936e-06,2.01257831e-06,0.598029554,0.0078125
6,106,1,2,3.36534936e-06,1.69093221e-06,0.502453685,0.0078125
6,106,1,3,3.36534936e-06,1.20700201e-06,0.358655781,0.0078125
6,106,1,4,3.36534936e-06,7.54408404e-07,0.224169418,0.0078125
6,106,1,5,3.36534936e-06,4.63821607e-07,0.137822717,0.0078125
6,106,1,6,3.36534936e-06,2.53995722e-07,0.0754738078,0.0078125
6,106,1,7,3.36534936e-06,1.43626551e-07,0.0426780507,0.0078125
6,106,1,8,3.36534936e-06,9.03295927e-08,0.0268410742,0.0078125
6,106,1,9,3.36534936e-06,5.72050851e-08,0.0169982612,0.0078125
6,107,1,0,3.27242583e-06,2.57760621e-06,0.787674427,0.0078125
6,107,1,1,3.27242583e-06,1.99375609e-06,0.609259367,0.0078125
6,107,1,2,3.27242583e-06,1.66011534e-06,0.507304192,0.0078125
6,107,1,3,3.27242583e-06,1.16852573e-06,0.357082427,0.0078125
6,107,1,4,3.27242583e-06,7.55259634e-07,0.230795041,0.0078125
6,107,1,5,3.27242583e-06,4.61168554e-07,0.140925601,0.0078125
6,107,1,6,3.27242583e-06,2.50618001e-07,0.0765847787,0.0078125
6,107,1,7,3.27242583e-06,1.43206719e-07,0.0437616408,0.0078125
6,107,1,8,3.27242583e-06,8.97908805e-08,0.0274386294,0.0078125
6,107,1,9,3.27242583e-06,5.72231258e-08,0.0174864549,0.0078125
6,108,1,0,3.26087661e-06,2.72063153e-06,0.834325194,0.0078125
6,108,1,1,3.26087661e-06,2.06898312e-06,0.634486794,0.0078125
6,108,1,2,3.26087661e-06,1.66393488e-06,0.510272264,0.0078125
6,108,1,3,3.26087661e-06,1.10665928e-06,0.339374781,0.0078125
6,108,1,4,3.26087661e-06,7.26533699e-07,0.22280319,0.0078125
6,108,1,5,3.26087661e-06,4.52204404e-07,0.138675719,0.0078125
6,108,1,6,3.26087661e-06,2.47509774e-07,0.0759028345,0.0078125
6,108,1,7,3.26087661e-06,1.4213019e-07,0.0435864963,0.0078125
6,108,1,8,3.26087661e-06,8.86385365e-08,0.0271824263,0.0078125
6,108,1,9,3.26087661e-06,5.73033709e-08,0.0175729953,0.0078125
6,109,1,0,3.25254723e-06,2.68535541e-06,0.825616121,0.0078125
6,109,1,1,3.25254723e-06,2.01095395e-06,0.618270457,0.0078125
6,109,1,2,3.25254723e-06,1.62858203e-06,0.500709713,0.0078125
6,109,1,3,3.25254723e-06,1.11747511e-06,0.343569219,0.0078125
6,109,1,4,3.25254723e-06,7.40258542e-07,0.227593482,0.0078125
6,109,1,5,3.25254723e-06,4.49931036e-07,0.138331905,0.0078125
6,109,1,6,3.25254723e-06,2.51480202e-07,0.0773179233,0.0078125
6,109,1,7,3.25254723e-06,1.39513901e-07,0.0428937338,0.0078125
6,109,1,8,3.25254723e-06,8.83835582e-08,0.0271736439,0.0078125
6,109,1,9,3.25254723e-06,5.59411255e-08,0.0171991736,0.0078125
6,110,1,0,3.38347354e-06,2.74561376e-06,0.81147784,0.0078125
6,110,1,1,3.38347354e-06,2.03091122e-06,0.600244462,0.0078125
6,110,1,2,3.38347354e-06,1.65562096e-06,0.489325821,0.0078125
6,110,1,3,3.38347354e-06,1.18812e-06,0.35115391,0.0078125
6,110,1,4,3.38347354e-06,7.77444086e-07,0.229776904,0.0078125
6,110,1,5,3.38347354e-06,4.55471536e-07,0.134616554,0.0078125
6,110,1,6,3.38347354e-06,2.54494267e-07,0.075216867,0.0078125
6,110,1,7,3.38347354e-06,1.43321444e-07,0.0423592627,0.0078125
6,110,1,8,3.38347354e-06,8.89608529e-08,0.0262927581,0.0078125
6,110,1,9,3.38347354e-06,5.68314817e-08,0.0167967863,0.0078125
6,111,1,0,3.1719776e-06,2.60539446e-06,0.821378589,0.0078125
6,111,1,1,3.1719776e-06,1.97074974e-06,0.621300042,0.0078125
6,111,1,2,3.1719776e-06,1.6411534e-06,0.517391205,0.0078125
6,111,1,3,3.1719776e-06,1.19085598e-06,0.375430137,0.0078125
6,111,1,4,3.1719776e-06,7.78236483e-07,0.24534741,0.0078125
6,111,1,5,3.1719776e-06,4.4964878e-07,0.141756609,0.0078125
6,111,1,6,3.1719776e-06,2.53295667e-07,0.0798541754,0.0078125
6,111,1,7,3.1719776e-06,1.42669521e-07,0.0449780971,0.0078125
6,111,1,8,3.1719776e-06,8.86595615e-08,0.0279508792,0.0078125
6,111,1,9,3.1719776e-06,5.63171945e-08,0.0177545995,0.0078125
6,112,1,0,3.15243233e-06,2.50677613e-06,0.79518795,0.0078125
6,112,1,1,3.15243233e-06,1.90245021e-06,0.603486478,0.0078125
6,112,1,2,3.15243233e-06,1.63372238e-06,0.518241882,0.0078125
6,112,1,3,3.15243233e-06,1.21272262e-06,0.384694248,0.0078125
6,112,1,4,3.15243233e-06,8.01791487e-07,0.254340589,0.0078125
6,112,1,5,3.15243233e-06,4.60176949e-07,0.145975202,0.0078125
6,112,1,6,3.15243233e-06,2.63247841e-07,0.0835062638,0.0078125
6,112,1,7,3.15243233e-06,1.47143965e-07,0.0466763265,0.0078125
6,112,1,8,3.15243233e-06,9.20289267e-08,0.0291929897,0.0078125
6,112,1,9,3.15243233e-06,5.74135619e-08,0.0182124637,0.0078125
6,113,1,0,3.30285752e-06,2.66287202e-06,0.80623281,0.0078125
6,113,1,1,3.30285752e-06,1.99323176e-06,0.603487074,0.0078125
6,113,1,2,3.30285752e-06,1.66423047e-06,0.503875971,0.0078125
6,113,1,3,3.30285752e-06,1.19702577e-06,0.362421244,0.0078125
6,113,1,4,3.30285752e-06,7.80710195e-07,0.23637417,0.0078125
6,113,1,5,3.30285752e-06,4.56990733e-07,0.138362229,0.0078125
6,113,1,6,3.30285752e-06,2.58297433e-07,0.0782042295,0.0078125
6,113,1,7,3.30285752e-06,1.47022064e-07,0.0445135944,0.0078125
6,113,1,8,3.30285752e-06,9.05965223e-08,0.027429739,0.0078125
6,113,1,9,3.30285752e-06,5.58503928e-08,0.0169097185,0.0078125
6,114,1,0,3.15789407e-06,2.55575833e-06,0.809323668,0.0078125
6,114,1,1,3.15789407e-06,1.97523809e-06,0.625492215,0.0078125
6,114,1,2,3.15789407e-06,1.69455154e-06,0.5366081,0.0078125
6,114,1,3,3.15789407e-06,1.24409746e-06,0.393964291,0.0078125
6,114,1,4,3.15789407e-06,8.12952294e-07,0.257434934,0.0078125
6,114,1,5,3.15789407e-06,4.53831973e-07,0.143713489,0.0078125
6,114,1,6,3.15789407e-06,2.56829622e-07,0.0813293979,0.0078125
6,114,1,7,3.15789407e-06,1.470939e-07,0.0465797447,0.0078125
6,114,1,8,3.15789407e-06,9.08972027e-08,0.0287841205,0.0078125
6,114,1,9,3.15789407e-06,5.5510359e-08,0.0175782833,0.0078125
6,115,1,0,3.07498362e-06,2.44694661e-06,0.795759261,0.0078125
6,115,1,1,3.07498362e-06,1.87030821e-06,0.608233571,0.0078125
6,115,1,2,3.07498362e-06,1.63506945e-06,0.531732738,0.0078125
6,115,1,3,3.07498362e-06,1.26951045e-06,0.412851125,0.0078125
6,115,1,4,3.07498362e-06,8.11275868e-07,0.26383096,0.0078125
6,115,1,5,3.07498362e-06,4.57660718e-07,0.148833543,0.0078125
6,115,1,6,3.07498362e-06,2.59679013e-07,0.0844489112,0.0078125
6,115,1,7,3.07498362e-06,1.48553369e-07,0.0483102947,0.0078125
6,115,1,8,3.07498362e-06,8.95054413e-08,0.0291076154,0.0078125
6,115,1,9,3.07498362e-06,5.51792425e-08,0.017944565,0.0078125
6,116,1,0,3.04598802e-06,2.56245266e-06,0.841255009,0.0078125
6,116,1,1,3.04598802e-06,1.98985072e-06,0.65326941,0.0078125
6,116,1,2,3.04598802e-06,1.67520989e-06,0.549972594,0.0078125
6,116,1,3,3.04598802e-06,1.20559764e-06,0.395798564,0.0078125
6,116,1,4,3.04598802e-06,7.9840089e-07,0.262115568,0.0078125
6,116,1,5,3.04598802e-06,4.5732682e-07,0.150140718,0.0078125
6,116,1,6,3.04598802e-06,2.58102972e-07,0.0847353861,0.0078125
6,116,1,7,3.04598802e-06,1.49699034e-07,0.0491462983,0.0078125
6,116,1,8,3.04598802e-06,9.13506568e-08,0.0299904849,0.0078125
6,116,1,9,3.04598802e-06,5.56050566e-08,0.0182551797,0.0078125
6,117,1,0,3.20903496e-06,2.68980375e-06,0.838197112,0.0078125
6,117,1,1,3.20903496e-06,2.13144881e-06,0.664202452,0.0078125
6,117,1,2,3.20903496e-06,1.75444279e-06,0.54671973,0.0078125
6,117,1,3,3.20903496e-06,1.15361706e-06,0.359490335,0.0078125
6,117,1,4,3.20903496e-06,7.10413019e-07,0.221379027,0.0078125
6,117,1,5,3.20903496e-06,4.34179611e-07,0.135299116,0.0078125
6,117,1,6,3.20903496e-06,2.61529351e-07,0.0814978182,0.0078125
6,117,1,7,3.20903496e-06,1.52183375e-07,0.0474234074,0.0078125
6,117,1,8,3.20903496e-06,9.27264665e-08,0.0288954359,0.0078125
6,117,1,9,3.20903496e-06,5.68323131e-08,0.0177100953,0.0078125
6,118,1,0,3.16897444e-06,2.61565538e-06,0.825394928,0.0078125
6,118,1,1,3.16897444e-06,2.04324351e-06,0.6447649,0.0078125
6,118,1,2,3.16897444e-06,1.74972774e-06,0.552143216,0.0078125
6,118,1,3,3.16897444e-06,1.28733257e-06,0.406230032,0.0078125
6,118,1,4,3.16897444e-06,8.14498037e-07,0.257022589,0.0078125
6,118,1,5,3.16897444e-06,4.63868588e-07,0.146378145,0.0078125
6,118,1,6,3.16897444e-06,2.58102659e-07,0.0814467445,0.0078125
6,118,1,7,3.16897444e-06,1.51042528e-07,0.0476629063,0.0078125
6,118,1,8,3.16897444e-06,9.14606773e-08,0.0288612861,0.0078125
6,118,1,9,3.16897444e-06,5.65939864e-08,0.0178587697,0.0078125
6,119,1,0,3.2418443e-06,2.6215555e-06,0.808661759,0.0078125
6,119,1,1,3.2418443e-06,2.03018044e-06,0.626242399,0.0078125
6,119,1,2,3.2418443e-06,1.72197883e-06,0.531172574,0.0078125
6,119,1,3,3.2418443e-06,1.23854102e-06,0.382048279,0.0078125
6,119,1,4,3.2418443e-06,8.02108957e-07,0.247423649,0.0078125
6,119,1,5,3.2418443e-06,4.59689147e-07,0.141798645,0.0078125
6,119,1,6,3.2418443e-06,2.56023924e-07,0.078974776,0.0078125
6,119,1,7,3.2418443e-06,1.5014902e-07,0.0463159271,0.0078125
6,119,1,8,3.2418443e-06,9.30459549e-08,0.0287015494,0.0078125
6,119,1,9,3.2418443e-06,5.72626213e-08,0.0176635943,0.0078125
6,120,1,0,3.26803593e-06,2.66362758e-06,0.815054536,0.0078125
6,120,1,1,3.26803593e-06,2.05257288e-06,0.628075361,0.0078125
6,120,1,2,3.26803593e-06,1.75364062e-06,0.536603808,0.0078125
6,120,1,3,3.26803593e-06,1.23522705e-06,0.377972305,0.0078125
6,120,1,4,3.26803593e-06,7.99456757e-07,0.244629115,0.0078125
6,120,1,5,3.26803593e-06,4.68321559e-07,0.143303677,0.0078125
6,120,1,6,3.26803593e-06,2.59329823e-07,0.0793534219,0.0078125
6,120,1,7,3.26803593e-06,1.54156709e-07,0.0471710563,0.0078125
6,120,1,8,3.26803593e-06,9.48077172e-08,0.0290106107,0.0078125
6,120,1,9,3.26803593e-06,5.84041473e-08,0.0178713296,0.0078125
6,121,1,0,3.19248602e-06,2.66626057e-06,0.835167527,0.0078125
6,121,1,1,3.19248602e-06,2.05129891e-06,0.64253968,0.0078125
6,121,1,2,3.19248602e-06,1.63649236e-06,0.512607515,0.0078125
6,121,1,3,3.19248602e-06,1.11593783e-06,0.34955135,0.0078125
6,121,1,4,3.19248602e-06,7.14931559e-07,0.223941952,0.0078125
6,121,1,5,3.19248602e-06,4.36164498e-07,0.136622205,0.0078125
6,121,1,6,3.19248602e-06,2.53160749e-07,0.0792989358,0.0078125
6,121,1,7,3.19248602e-06,1.50757344e-07,0.0472225547,0.0078125
6,121,1,8,3.19248602e-06,9.40595584e-08,0.0294627938,0.0078125
6,121,1,9,3.19248602e-06,5.71097871e-08,0.0178888142,0.0078125
6,122,1,0,3.17886656e-06,2.60931483e-06,0.820831835,0.0078125
6,122,1,1,3.17886656e-06,2.00181557e-06,0.629726231,0.0078125
6,122,1,2,3.17886656e-06,1.68478766e-06,0.529996336,0.0078125
6,122,1,3,3.17886656e-06,1.23379596e-06,0.388124496,0.0078125
6,122,1,4,3.17886656e-06,7.91115326e-07,0.248867109,0.0078125
6,122,1,5,3.17886656e-06,4.63570728e-07,0.145828933,0.0078125
6,122,1,6,3.17886656e-06,2.56328605e-07,0.0806352198,0.0078125
6,122,1,7,3.17886656e-06,1.55353504e-07,0.0488707237,0.0078125
6,122,1,8,3.17886656e-06,9.69012461e-08,0.0304829553,0.0078125
6,122,1,9,3.17886656e-06,5.8864476e-08,0.018517442,0.0078125
6,123,1,0,3.14594331e-06,2.54904285e-06,0.810263455,0.0078125
6,123,1,1,3.14594331e-06,1.9491074e-06,0.619562149,0.0078125
6,123,1,2,3.14594331e-06,1.61633466e-06,0.513783813,0.0078125
6,123,1,3,3.14594331e-06,1.14123588e-06,0.362764299,0.0078125
6,123,1,4,3.14594331e-06,7.61267472e-07,0.241983846,0.0078125
6,123,1,5,3.14594331e-06,4.53193792e-07,0.144056574,0.0078125
6,123,1,6,3.14594331e-06,2.5361274e-07,0.0806158036,0.0078125
6,123,1,7,3.14594331e-06,1.51983784e-07,0.0483110361,0.0078125
6,123,1,8,3.14594331e-06,9.55331032e-08,0.0303670764,0.0078125
6,123,1,9,3.14594331e-06,5.72336134e-08,0.0181928314,0.0078125
6,124,1,0,3.29685713e-06,2.63278571e-06,0.798574388,0.0078125
6,124,1,1,3.29685713e-06,1.97082841e-06,0.597790062,0.0078125
6,124,1,2,3.29685713e-06,1.61022558e-06,0.488412291,0.0078125
6,124,1,3,3.29685713e-06,1.137563e-06,0.345044672,0.0078125
6,124,1,4,3.29685713e-06,7.52997607e-07,0.228398621,0.0078125
6,124,1,5,3.29685713e-06,4.41746806e-07,0.133990273,0.0078125
6,124,1,6,3.29685713e-06,2.48531506e-07,0.075384371,0.0078125
6,124,1,7,3.29685713e-06,1.4945239e-07,0.0453317761,0.0078125
6,124,1,8,3.29685713e-06,9.38526483e-08,0.0284673087,0.0078125
6,124,1,9,3.29685713e-06,5.58983153e-08,0.0169550311,0.0078125
6,125,1,0,3.43903889e-06,2.63379025e-06,0.765850663,0.0078125
6,125,1,1,3.43903889e-06,1.85278736e-06,0.538751483,0.0078125
6,125,1,2,3.43903889e-06,1.544008e-06,0.448964983,0.0078125
6,125,1,3,3.43903889e-06,1.11988709e-06,0.325639546,0.0078125
6,125,1,4,3.43903889e-06,7.40484097e-07,0.21531716,0.0078125
6,125,1,5,3.43903889e-06,4.5119927e-07,0.131199241,0.0078125
6,125,1,6,3.43903889e-06,2.48128998e-07,0.0721506774,0.0078125
6,125,1,7,3.43903889e-06,1.47904487e-07,0.0430075079,0.0078125
6,125,1,8,3.43903889e-06,9.33731314e-08,0.0271509383,0.0078125
6,125,1,9,3.43903889e-06,5.54237225e-08,0.0161160491,0.0078125
6,126,1,0,3.60880586e-06,2.71440945e-06,0.752162755,0.0078125
6,126,1,1,3.60880586e-06,1.97240502e-06,0.546553373,0.0078125
6,126,1,2,3.60880586e-06,1.63489722e-06,0.45302996,0.0078125
6,126,1,3,3.60880586e-06,1.15357079e-06,0.319654435,0.0078125
6,126,1,4,3.60880586e-06,7.47137676e-07,0.207031831,0.0078125
6,126,1,5,3.60880586e-06,4.49820163e-07,0.124645151,0.0078125
6,126,1,6,3.60880586e-06,2.49018257e-07,0.0690029487,0.0078125
6,126,1,7,3.60880586e-06,1.46847398e-07,0.0406914093,0.0078125
6,126,1,8,3.60880586e-06,9.25508132e-08,0.0256458279,0.0078125
6,126,1,9,3.60880586e-06,5.49604415e-08,0.0152295372,0.0078125
6,127,1,0,3.41524765e-06,2.59917488e-06,0.761050165,0.0078125
6,127,1,1,3.41524765e-06,1.92870493e-06,0.564733565,0.0078125
6,127,1,2,3.41524765e-06,1.58192358e-06,0.4631944,0.0078125
6,127,1,3,3.41524765e-06,1.10328415e-06,0.323046595,0.0078125
6,127,1,4,3.41524765e-06,7.37311439e-07,0.215888128,0.0078125
6,127,1,5,3.41524765e-06,4.43738003e-07,0.129928499,0.0078125
6,127,1,6,3.41524765e-06,2.48979404e-07,0.0729022995,0.0078125
6,127,1,7,3.41524765e-06,1.46196641e-07,0.0428070389,0.0078125
6,127,1,8,3.41524765e-06,9.3611483e-08,0.0274098665,0.0078125
6,127,1,9,3.41524765e-06,5.52475399e-08,0.0161767304,0.0078125
6,128,1,0,3.45194644e-06,2.66630104e-06,0.772405088,0.0078125
6,128,1,1,3.45194644e-06,1.93022856e-06,0.559171081,0.0078125
6,128,1,2,3.45194644e-06,1.57735576e-06,0.45694676,0.0078125
6,128,1,3,3.45194644e-06,1.07212361e-06,0.310585231,0.0078125
6,128,1,4,3.45194644e-06,7.19736931e-07,0.208501771,0.0078125
6,128,1,5,3.45194644e-06,4.44826583e-07,0.128862545,0.0078125
6,128,1,6,3.45194644e-06,2.51034095e-07,0.0727224797,0.0078125
6,128,1,7,3.45194644e-06,1.48430743e-07,0.0429991446,0.0078125
6,128,1,8,3.45194644e-06,9.39934637e-08,0.0272291191,0.0078125
6,128,1,9,3.45194644e-06,5.50166028e-08,0.0159378499,0.0078125
6,129,1,0,3.31580577e-06,2.53915186e-06,0.765772223,0.0078125
6,129,1,1,3.31580577e-06,1.87143462e-06,0.56439817,0.0078125
6,129,1,2,3.31580577e-06,1.55158568e-06,0.467936248,0.0078125
6,129,1,3,3.31580577e-06,1.08706183e-06,0.327842444,0.0078125
6,129,1,4,3.31580577e-06,7.27560064e-07,0.219421804,0.0078125
6,129,1,5,3.31580577e-06,4.44351116e-07,0.134010002,0.0078125
6,129,1,6,3.31580577e-06,2.52036983e-07,0.0760107785,0.0078125
6,129,1,7,3.31580577e-06,1.50338423e-07,0.0453399345,0.0078125
6,129,1,8,3.31580577e-06,9.4978077e-08,0.0286440402,0.0078125
6,129,1,9,3.31580577e-06,5.6166396e-08,0.0169389881,0.0078125
6,130,1,0,3.27095154e-06,2.52543623e-06,0.772080004,0.0078125
6,130,1,1,3.27095154e-06,1.89633977e-06,0.57975173,0.0078125
6,130,1,2,3.27095154e-06,1.54716668e-06,0.473002017,0.0078125
6,130,1,3,3.27095154e-06,1.06826394e-06,0.326591194,0.0078125
6,130,1,4,3.27095154e-06,7.19737898e-07,0.220039308,0.0078125
6,130,1,5,3.27095154e-06,4.42502085e-07,0.135282367,0.0078125
6,130,1,6,3.27095154e-06,2.50264861e-07,0.0765113309,0.0078125
6,130,1,7,3.27095154e-06,1.49739492e-07,0.0457785726,0.0078125
6,130,1,8,3.27095154e-06,9.42180876e-08,0.0288044885,0.0078125
6,130,1,9,3.27095154e-06,5.58014932e-08,0.0170597117,0.0078125
6,131,1,0,3.39210783e-06,2.53575968e-06,0.747546911,0.0078125
6,131,1,1,3.39210783e-06,1.86802538e-06,0.550697505,0.0078125
6,131,1,2,3.39210783e-06,1.53279098e-06,0.451869756,0.0078125
6,131,1,3,3.39210783e-06,1.00555599e-06,0.296439856,0.0078125
6,131,1,4,3.39210783e-06,6.75390709e-07,0.1991065,0.0078125
6,131,1,5,3.39210783e-06,4.37309836e-07,0.128919795,0.0078125
6,131,1,6,3.39210783e-06,2.52736612e-07,0.0745072439,0.0078125
6,131,1,7,3.39210783e-06,1.52145645e-07,0.0448528342,0.0078125
6,131,1,8,3.39210783e-06,9.69383009e-08,0.0285775997,0.0078125
6,131,1,9,3.39210783e-06,5.69494354e-08,0.0167888049,0.0078125
6,132,1,0,3.39213898e-06,2.60144043e-06,0.766902685,0.0078125
6,132,1,1,3.39213898e-06,1.92387301e-06,0.567156315,0.0078125
6,132,1,2,3.39213898e-06,1.57681814e-06,0.464844793,0.0078125
6,132,1,3,3.39213898e-06,1.14177772e-06,0.336595207,0.0078125
6,132,1,4,3.39213898e-06,7.47334013e-07,0.220313504,0.0078125
6,132,1,5,3.39213898e-06,4.52417311e-07,0.133372277,0.0078125
6,132,1,6,3.39213898e-06,2.53159385e-07,0.0746311918,0.0078125
6,132,1,7,3.39213898e-06,1.51581332e-07,0.0446860604,0.0078125
6,132,1,8,3.39213898e-06,9.58082964e-08,0.0282442123,0.0078125
6,132,1,9,3.39213898e-06,5.5830693e-08,0.0164588466,0.0078125
6,133,1,0,3.21595417e-06,2.55067062e-06,0.793130279,0.0078125
6,133,1,1,3.21595417e-06,1.87819001e-06,0.584022641,0.0078125
6,133,1,2,3.21595417e-06,1.52268547e-06,0.473478585,0.0078125
6,133,1,3,3.21595417e-06,1.02446631e-06,0.318557501,0.0078125
6,133,1,4,3.21595417e-06,6.97299242e-07,0.216824993,0.0078125
6,133,1,5,3.21595417e-06,4.46487661e-07,0.138835207,0.0078125
6,133,1,6,3.21595417e-06,2.55919815e-07,0.079578191,0.0078125
6,133,1,7,3.21595417e-06,1.52889868e-07,0.0475410596,0.0078125
6,133,1,8,3.21595417e-06,9.65663318e-08,0.0300272722,0.0078125
6,133,1,9,3.21595417e-06,5.48729098e-08,0.0170627143,0.0078125
6,134,1,0,3.12850216e-06,2.43694694e-06,0.778950036,0.0078125
6,134,1,1,3.12850216e-06,1.82319422e-06,0.582769036,0.0078125
6,134,1,2,3.12850216e-06,1.50001381e-06,0.479467094,0.0078125
6,134,1,3,3.12850216e-06,1.09312691e-06,0.349409044,0.0078125
6,134,1,4,3.12850216e-06,7.33610591e-07,0.2344926,0.0078125
6,134,1,5,3.12850216e-06,4.54088052e-07,0.145145521,0.0078125
6,134,1,6,3.12850216e-06,2.55120426e-07,0.0815471485,0.0078125
6,134,1,7,3.12850216e-06,1.53216021e-07,0.0489742421,0.0078125
6,134,1,8,3.12850216e-06,9.74250653e-08,0.0311411209,0.0078125
6,134,1,9,3.12850216e-06,5.55828024e-08,0.0177665856,0.0078125
6,135,1,0,2.82578799e-06,2.32716025e-06,0.823543847,0.0078125
6,135,1,1,2.82578799e-06,1.79496215e-06,0.635207653,0.0078125
6,135,1,2,2.82578799e-06,1.470857e-06,0.520512164,0.0078125
6,135,1,3,2.82578799e-06,9.71563964e-07,0.343820542,0.0078125
6,135,1,4,2.82578799e-06,6.2708051e-07,0.221913502,0.0078125
6,135,1,5,2.82578799e-06,3.90172204e-07,0.138075545,0.0078125
6,135,1,6,2.82578799e-06,2.50464126e-07,0.0886351466,0.0078125
6,135,1,7,2.82578799e-06,1.52529225e-07,0.0539775901,0.0078125
6,135,1,8,2.82578799e-06,9.80565744e-08,0.0347006135,0.0078125
6,135,1,9,2.82578799e-06,5.50187735e-08,0.0194702409,0.0078125
6,136,1,0,3.07560185e-06,2.44321927e-06,0.7943874,0.0078125
6,136,1,1,3.07560185e-06,1.8179021e-06,0.591071963,0.0078125
6,136,1,2,3.07560185e-06,1.52048335e-06,0.494369358,0.0078125
6,136,1,3,3.07560185e-06,1.10598216e-06,0.359598607,0.0078125
6,136,1,4,3.07560185e-06,7.29418559e-07,0.237162873,0.0078125
6,136,1,5,3.07560185e-06,4.50171797e-07,0.146368682,0.0078125
6,136,1,6,3.07560185e-06,2.5346182e-07,0.0824104771,0.0078125
6,136,1,7,3.07560185e-06,1.52499041e-07,0.0495834798,0.0078125
6,136,1,8,3.07560185e-06,9.83741657e-08,0.0319853388,0.0078125
6,136,1,9,3.07560185e-06,5.51829089e-08,0.0179421492,0.0078125
6,137,1,0,2.89494483e-06,2.35983703e-06,0.815157831,0.0078125
6,137,1,1,2.89494483e-06,1.78863274e-06,0.617846906,0.0078125
6,137,1,2,2.89494483e-06,1.45142735e-06,0.501366138,0.0078125
6,137,1,3,2.89494483e-06,1.0259954e-06,0.354409307,0.0078125
6,137,1,4,2.89494483e-06,7.06866217e-07,0.244172603,0.0078125
6,137,1,5,2.89494483e-06,4.38300447e-07,0.151401997,0.0078125
6,137,1,6,2.89494483e-06,2.50679932e-07,0.0865923017,0.0078125
6,137,1,7,2.89494483e-06,1.51655868e-07,0.0523864441,0.0078125
6,137,1,8,2.89494483e-06,9.70216405e-08,0.0335141569,0.0078125
6,137,1,9,2.89494483e-06,5.41804077e-08,0.0187155232,0.0078125
6,138,1,0,3.11985468e-06,2.50305038e-06,0.802297115,0.0078125
6,138,1,1,3.11985468e-06,1.83486907e-06,0.588126481,0.0078125
6,138,1,2,3.11985468e-06,1.46035313e-06,0.468083709,0.0078125
6,138,1,3,3.11985468e-06,1.04506148e-06,0.334971219,0.0078125
6,138,1,4,3.11985468e-06,7.09475614e-07,0.227406621,0.0078125
6,138,1,5,3.11985468e-06,4.37483635e-07,0.140225649,0.0078125
6,138,1,6,3.11985468e-06,2.4817561e-07,0.0795471668,0.0078125
6,138,1,7,3.11985468e-06,1.50820185e-07,0.0483420528,0.0078125
6,138,1,8,3.11985468e-06,9.67770504e-08,0.0310197305,0.0078125
6,138,1,9,3.11985468e-06,5.41124976e-08,0.0173445567,0.0078125
6,139,1,0,3.06428956e-06,2.46890204e-06,0.805701315,0.0078125
6,139,1,1,3.06428956e-06,1.81930147e-06,0.593710721,0.0078125
6,139,1,2,3.06428956e-06,1.4649894e-06,0.478084505,0.0078125
6,139,1,3,3.06428956e-06,1.03507102e-06,0.337785006,0.0078125
6,139,1,4,3.06428956e-06,6.90753097e-07,0.225420311,0.0078125
6,139,1,5,3.06428956e-06,4.26999208e-07,0.139346883,0.0078125
6,139,1,6,3.06428956e-06,2.42342026e-07,0.079085879,0.0078125
6,139,1,7,3.06428956e-06,1.48010614e-07,0.0483017713,0.0078125
6,139,1,8,3.06428956e-06,9.57226831e-08,0.0312381331,0.0078125
6,139,1,9,3.06428956e-06,5.37678702e-08,0.0175466016,0.0078125
6,140,1,0,2.90421758e-06,2.32865546e-06,0.80181855,0.0078125
6,140,1,1,2.90421758e-06,1.75497075e-06,0.604283512,0.0078125
6,140,1,2,2.90421758e-06,1.41653709e-06,0.487751722,0.0078125
6,140,1,3,2.90421758e-06,1.02690831e-06,0.353592068,0.0078125
6,140,1,4,2.90421758e-06,7.02346995e-07,0.241836905,0.0078125
6,140,1,5,2.90421758e-06,4.34351222e-07,0.149558768,0.0078125
6,140,1,6,2.90421758e-06,2.43497709e-07,0.0838427916,0.0078125
6,140,1,7,2.90421758e-06,1.49221464e-07,0.051380951,0.0078125
6,140,1,8,2.90421758e-06,9.51884687e-08,0.0327759422,0.0078125
6,140,1,9,2.90421758e-06,5.33316715e-08,0.0183635242,0.0078125
6,141,1,0,2.85412034e-06,2.3011014e-06,0.806238413,0.0078125
6,141,1,1,2.85412034e-06,1.70797614e-06,0.598424733,0.0078125
6,141,1,2,2.85412034e-06,1.34630955e-06,0.471707344,0.0078125
6,141,1,3,2.85412034e-06,9.18226419e-07,0.321719587,0.0078125
6,141,1,4,2.85412034e-06,5.80038204e-07,0.203228369,0.0078125
6,141,1,5,2.85412034e-06,3.26024605e-07,0.114229456,0.0078125
6,141,1,6,2.85412034e-06,2.25356374e-07,0.078958258,0.0078125
6,141,1,7,2.85412034e-06,1.46113976e-07,0.0511940494,0.0078125
6,141,1,8,2.85412034e-06,9.41467206e-08,0.032986246,0.0078125
6,141,1,9,2.85412034e-06,5.28570538e-08,0.0185195599,0.0078125
6,142,1,0,2.85821602e-06,2.34680601e-06,0.821073711,0.0078125
6,142,1,1,2.85821602e-06,1.68968631e-06,0.591168165,0.0078125
6,142,1,2,2.85821602e-06,1.33399442e-06,0.466722757,0.0078125
6,142,1,3,2.85821602e-06,9.58565465e-07,0.335371941,0.0078125
6,142,1,4,2.85821602e-06,6.60532748e-07,0.231099665,0.0078125
6,142,1,5,2.85821602e-06,4.1844811e-07,0.146401852,0.0078125
6,142,1,6,2.85821602e-06,2.37435103e-07,0.0830710828,0.0078125
6,142,1,7,2.85821602e-06,1.46900192e-07,0.0513957627,0.0078125
6,142,1,8,2.85821602e-06,9.40888327e-08,0.0329187252,0.0078125
6,142,1,9,2.85821602e-06,5.31131938e-08,0.0185826384,0.0078125
6,143,1,0,2.93056382e-06,2.3446928e-06,0.800082505,0.0078125
6,143,1,1,2.93056382e-06,1.69235204e-06,0.577483416,0.0078125
6,143,1,2,2.93056382e-06,1.32979471e-06,0.453767538,0.0078125
6,143,1,3,2.93056382e-06,9.46766306e-07,0.323066264,0.0078125
6,143,1,4,2.93056382e-06,6.61297236e-07,0.225655288,0.0078125
6,143,1,5,2.93056382e-06,4.17885985e-07,0.142595768,0.0078125
6,143,1,6,2.93056382e-06,2.39608028e-07,0.0817617476,0.0078125
6,143,1,7,2.93056382e-06,1.48541645e-07,0.0506870523,0.0078125
6,143,1,8,2.93056382e-06,9.38759328e-08,0.0320334025,0.0078125
6,143,1,9,2.93056382e-06,5.29529558e-08,0.0180692039,0.0078125
6,144,1,0,2.84711791e-06,2.3962989e-06,0.841657758,0.0078125
6,144,1,1,2.84711791e-06,1.78698951e-06,0.627648592,0.0078125
6,144,1,2,2.84711791e-06,1.39311805e-06,0.489308178,0.0078125
6,144,1,3,2.84711791e-06,9.73930355e-07,0.342075884,0.0078125
6,144,1,4,2.84711791e-06,6.63106562e-07,0.232904494,0.0078125
6,144,1,5,2.84711791e-06,4.12397554e-07,0.144847378,0.0078125
6,144,1,6,2.84711791e-06,2.35793308e-07,0.0828182474,0.0078125
6,144,1,7,2.84711791e-06,1.46552139e-07,0.051473856,0.0078125
6,144,1,8,2.84711791e-06,9.33624094e-08,0.0327919014,0.0078125
6,144,1,9,2.84711791e-06,5.26844808e-08,0.0185044948,0.0078125
6,145,1,0,2.95961672e-06,2.46757304e-06,0.833747506,0.0078125
6,145,1,1,2.95961672e-06,1.81228711e-06,0.612338424,0.0078125
6,145,1,2,2.95961672e-06,1.39458336e-06,0.471204042,0.0078125
6,145,1,3,2.95961672e-06,9.7300574e-07,0.328760713,0.0078125
6,145,1,4,2.95961672e-06,6.65167306e-07,0.224747792,0.0078125
6,145,1,5,2.95961672e-06,4.19256423e-07,0.141659021,0.0078125
6,145,1,6,2.95961672e-06,2.36212358e-07,0.079811804,0.0078125
6,145,1,7,2.95961672e-06,1.46438694e-07,0.0494789369,0.0078125
6,145,1,8,2.95961672e-06,9.22354744e-08,0.0311646685,0.0078125
6,145,1,9,2.95961672e-06,5.1970158e-08,0.0175597593,0.0078125
6,146,1,0,2.96949361e-06,2.4848664e-06,0.836798012,0.0078125
6,146,1,1,2.96949361e-06,1.8082261e-06,0.608934164,0.0078125
6,146,1,2,2.96949361e-06,1.38600956e-06,0.46674946,0.0078125
6,146,1,3,2.96949361e-06,9.27459268e-07,0.312329113,0.0078125
6,146,1,4,2.96949361e-06,5.69901204e-07,0.191918656,0.0078125
6,146,1,5,2.96949361e-06,3.01809138e-07,0.101636566,0.0078125
6,146,1,6,2.96949361e-06,1.94096785e-07,0.0653636009,0.0078125
6,146,1,7,2.96949361e-06,1.25277452e-07,0.0421881527,0.0078125
6,146,1,8,2.96949361e-06,8.73886776e-08,0.0294288155,0.0078125
6,146,1,9,2.96949361e-06,5.16055962e-08,0.0173785854,0.0078125
6,147,1,0,2.95525479e-06,2.4606079e-06,0.832621217,0.0078125
6,147,1,1,2.95525479e-06,1.83649036e-06,0.621432185,0.0078125
6,147,1,2,2.95525479e-06,1.42845954e-06,0.483362556,0.0078125
6,147,1,3,2.95525479e-06,9.62818717e-07,0.325798899,0.0078125
6,147,1,4,2.95525479e-06,6.2276365e-07,0.210730955,0.0078125
6,147,1,5,2.95525479e-06,4.06173967e-07,0.137441263,0.0078125
6,147,1,6,2.95525479e-06,2.35527438e-07,0.0796978474,0.0078125
6,147,1,7,2.95525479e-06,1.44964204e-07,0.049053032,0.0078125
6,147,1,8,2.95525479e-06,9.10380393e-08,0.0308054797,0.0078125
6,147,1,9,2.95525479e-06,5.13022229e-08,0.0173596609,0.0078125
6,148,1,0,3.12657744e-06,2.48773904e-06,0.79567486,0.0078125
6,148,1,1,3.12657744e-06,1.83266832e-06,0.586157978,0.0078125
6,148,1,2,3.12657744e-06,1.41819908e-06,0.453594744,0.0078125
6,148,1,3,3.12657744e-06,9.71219379e-07,0.310633391,0.0078125
6,148,1,4,3.12657744e-06,6.32303568e-07,0.202235058,0.0078125
6,148,1,5,3.12657744e-06,4.09889424e-07,0.131098434,0.0078125
6,148,1,6,3.12657744e-06,2.37003647e-07,0.0758028999,0.0078125
6,148,1,7,3.12657744e-06,1.44476886e-07,0.0462092794,0.0078125
6,148,1,8,3.12657744e-06,9.19414944e-08,0.0294064339,0.0078125
6,148,1,9,3.12657744e-06,5.2202811e-08,0.0166964717,0.0078125
6,149,1,0,3.14275644e-06,2.56967064e-06,0.817648649,0.0078125
6,149,1,1,3.14275644e-06,1.88496779e-06,0.599781692,0.0078125
6,149,1,2,3.14275644e-06,1.44040348e-06,0.458324879,0.0078125
6,149,1,3,3.14275644e-06,9.71510644e-07,0.309126914,0.0078125
6,149,1,4,3.14275644e-06,6.1715383e-07,0.196373418,0.0078125
6,149,1,5,3.14275644e-06,3.99714565e-07,0.127185985,0.0078125
6,149,1,6,3.14275644e-06,2.39263358e-07,0.0761316866,0.0078125
6,149,1,7,3.14275644e-06,1.4567371e-07,0.0463522114,0.0078125
6,149,1,8,3.14275644e-06,9.21245729e-08,0.0293133035,0.0078125
6,149,1,9,3.14275644e-06,5.19487173e-08,0.0165296663,0.0078125
6,150,1,0,3.15861757e-06,2.4636613e-06,0.779980898,0.0078125
6,150,1,1,3.15861757e-06,1.80422091e-06,0.571205854,0.0078125
6,150,1,2,3.15861757e-06,1.40772147e-06,0.445676446,0.0078125
6,150,1,3,3.15861757e-06,9.71857389e-07,0.307684422,0.0078125
6,150,1,4,3.15861757e-06,5.87722354e-07,0.186069489,0.0078125
6,150,1,5,3.15861757e-06,3.13174553e-07,0.0991492495,0.0078125
6,150,1,6,3.15861757e-06,2.01900946e-07,0.0639206693,0.0078125
6,150,1,7,3.15861757e-06,1.34294751e-07,0.0425169393,0.0078125
6,150,1,8,3.15861757e-06,9.1170655e-08,0.0288641006,0.0078125
6,150,1,9,3.15861757e-06,5.28647845e-08,0.0167366844,0.0078125
6,151,1,0,3.01085925e-06,2.44531248e-06,0.812164307,0.0078125
6,151,1,1,3.01085925e-06,1.78932692e-06,0.594291151,0.0078125
6,151,1,2,3.01085925e-06,1.41231874e-06,0.469074965,0.0078125
6,151,1,3,3.01085925e-06,1.0620721e-06,0.352747172,0.0078125
6,151,1,4,3.01085925e-06,7.06652884e-07,0.234701395,0.0078125
6,151,1,5,3.01085925e-06,4.33653099e-07,0.144029677,0.0078125
6,151,1,6,3.01085925e-06,2.45432886e-07,0.0815158933,0.0078125
6,151,1,7,3.01085925e-06,1.47452525e-07,0.0489735678,0.0078125
6,151,1,8,3.01085925e-06,9.30900086e-08,0.0309180878,0.0078125
6,151,1,9,3.01085925e-06,5.290768e-08,0.0175722856,0.0078125
6,152,1,0,3.20268828e-06,2.46371633e-06,0.769265115,0.0078125
6,152,1,1,3.20268828e-06,1.77750053e-06,0.555002689,0.0078125
6,152,1,2,3.20268828e-06,1.39278052e-06,0.434878588,0.0078125
6,152,1,3,3.20268828e-06,9.887018e-07,0.308709979,0.0078125
6,152,1,4,3.20268828e-06,6.42960345e-07,0.20075646,0.0078125
6,152,1,5,3.20268828e-06,4.22296978e-07,0.131857038,0.0078125
6,152,1,6,3.20268828e-06,2.47704435e-07,0.0773426592,0.0078125
6,152,1,7,3.20268828e-06,1.4894826e-07,0.0465072617,0.0078125
6,152,1,8,3.20268828e-06,9.24363661e-08,0.0288621169,0.0078125
6,152,1,9,3.20268828e-06,5.33058895e-08,0.0166441072,0.0078125
6,153,1,0,2.94469783e-06,2.37015774e-06,0.804889977,0.0078125
6,153,1,1,2.94469783e-06,1.79326003e-06,0.608979285,0.0078125
6,153,1,2,2.94469783e-06,1.42616523e-06,0.484316319,0.0078125
6,153,1,3,2.94469783e-06,9.90547392e-07,0.336383373,0.0078125
6,153,1,4,2.94469783e-06,5.97444853e-07,0.20288834,0.0078125
6,153,1,5,2.94469783e-06,3.56565494e-07,0.121087298,0.0078125
6,153,1,6,2.94469783e-06,2.4204931e-07,0.0821983516,0.0078125
6,153,1,7,2.94469783e-06,1.49246915e-07,0.0506832711,0.0078125
6,153,1,8,2.94469783e-06,9.29628214e-08,0.0315695629,0.0078125
6,153,1,9,2.94469783e-06,5.30598534e-08,0.0180187766,0.0078125
6,154,1,0,3.02737612e-06,2.45484762e-06,0.810882926,0.0078125
6,154,1,1,3.02737612e-06,1.81801056e-06,0.600523531,0.0078125
6,154,1,2,3.02737612e-06,1.40656641e-06,0.464615673,0.0078125
6,154,1,3,3.02737612e-06,1.00060208e-06,0.330517918,0.0078125
6,154,1,4,3.02737612e-06,6.60027581e-07,0.218019679,0.0078125
6,154,1,5,3.02737612e-06,4.29885773e-07,0.141999453,0.0078125
6,154,1,6,3.02737612e-06,2.53772441e-07,0.0838258713,0.0078125
6,154,1,7,3.02737612e-06,1.48766063e-07,0.0491402633,0.0078125
6,154,1,8,3.02737612e-06,9.24564532e-08,0.0305401273,0.0078125
6,154,1,9,3.02737612e-06,5.30296873e-08,0.0175167155,0.0078125
6,155,1,0,3.05515096e-06,2.47016919e-06,0.808526099,0.0078125
6,155,1,1,3.05515096e-06,1.82034398e-06,0.595827818,0.0078125
6,155,1,2,3.05515096e-06,1.43494333e-06,0.469680011,0.0078125
6,155,1,3,3.05515096e-06,1.03266564e-06,0.338008046,0.0078125
6,155,1,4,3.05515096e-06,6.88803425e-07,0.225456432,0.0078125
6,155,1,5,3.05515096e-06,4.35658052e-07,0.142597884,0.0078125
6,155,1,6,3.05515096e-06,2.56897863e-07,0.0840867981,0.0078125
6,155,1,7,3.05515096e-06,1.53310864e-07,0.0501811095,0.0078125
6,155,1,8,3.05515096e-06,9.31008728e-08,0.0304734111,0.0078125
6,155,1,9,3.05515096e-06,5.35508597e-08,0.0175280571,0.0078125
6,156,1,0,3.21273569e-06,2.58904311e-06,0.805868685,0.0078125
6,156,1,1,3.21273569e-06,1.87506555e-06,0.583635151,0.0078125
6,156,1,2,3.21273569e-06,1.42495253e-06,0.443532437,0.0078125
6,156,1,3,3.21273569e-06,9.71158101e-07,0.302283853,0.0078125
6,156,1,4,3.21273569e-06,6.24116012e-07,0.194263101,0.0078125
6,156,1,5,3.21273569e-06,4.19082653e-07,0.130444169,0.0078125
6,156,1,6,3.21273569e-06,2.52114546e-07,0.0784734786,0.0078125
6,156,1,7,3.21273569e-06,1.50680563e-07,0.0469010137,0.0078125
6,156,1,8,3.21273569e-06,9.21347123e-08,0.0286779627,0.0078125
6,156,1,9,3.21273569e-06,5.23151442e-08,0.016283676,0.0078125
6,157,1,0,3.20905701e-06,2.56340763e-06,0.798804045,0.0078125
6,157,1,1,3.20905701e-06,1.9085528e-06,0.594739437,0.0078125
6,157,1,2,3.20905701e-06,1.47904029e-06,0.460895598,0.0078125
6,157,1,3,3.20905701e-06,1.07845074e-06,0.336064696,0.0078125
6,157,1,4,3.20905701e-06,7.0903269e-07,0.22094737,0.0078125
6,157,1,5,3.20905701e-06,4.42822312e-07,0.137991413,0.0078125
6,157,1,6,3.20905701e-06,2.57665477e-07,0.0802932084,0.0078125
6,157,1,7,3.20905701e-06,1.56531584e-07,0.0487780608,0.0078125
6,157,1,8,3.20905701e-06,9.36922646e-08,0.029196199,0.0078125
6,157,1,9,3.20905701e-06,5.39086962e-08,0.0167989209,0.0078125
6,158,1,0,3.18899856e-06,2.51705478e-06,0.78929317,0.0078125
6,158,1,1,3.18899856e-06,1.89167304e-06,0.593187153,0.0078125
6,158,1,2,3.18899856e-06,1.46599189e-06,0.459702909,0.0078125
6,158,1,3,3.18899856e-06,1.01723083e-06,0.31898129,0.0078125
6,158,1,4,3.18899856e-06,6.75075057e-07,0.211688727,0.0078125
6,158,1,5,3.18899856e-06,4.34749978e-07,0.136328056,0.0078125
6,158,1,6,3.18899856e-06,2.54386379e-07,0.0797699913,0.0078125
6,158,1,7,3.18899856e-06,1.53028822e-07,0.0479864813,0.0078125
6,158,1,8,3.18899856e-06,9.25204162e-08,0.0290123727,0.0078125
6,158,1,9,3.18899856e-06,5.23547037e-08,0.0164172873,0.0078125
6,159,1,0,3.26979034e-06,2.60321644e-06,0.796141684,0.0078125
6,159,1,1,3.26979034e-06,1.91484696e-06,0.585617661,0.0078125
6,159,1,2,3.26979034e-06,1.45589388e-06,0.445256025,0.0078125
6,159,1,3,3.26979034e-06,9.95755954e-07,0.304532051,0.0078125
6,159,1,4,3.26979034e-06,6.56975089e-07,0.200922698,0.0078125
6,159,1,5,3.26979034e-06,4.26554607e-07,0.130453199,0.0078125
6,159,1,6,3.26979034e-06,2.56387949e-07,0.0784111246,0.0078125
6,159,1,7,3.26979034e-06,1.51486972e-07,0.0463292599,0.0078125
6,159,1,8,3.26979034e-06,9.13796327e-08,0.0279466342,0.0078125
6,159,1,9,3.26979034e-06,5.24413934e-08,0.0160381515,0.0078125
6,160,1,0,3.24732309e-06,2.55830832e-06,0.787820697,0.0078125
6,160,1,1,3.24732309e-06,1.87385126e-06,0.577044904,0.0078125
6,160,1,2,3.24732309e-06,1.43672457e-06,0.442433506,0.0078125
6,160,1,3,3.24732309e-06,1.00077784e-06,0.308185488,0.0078125
6,160,1,4,3.24732309e-06,6.57295459e-07,0.202411473,0.0078125
6,160,1,5,3.24732309e-06,4.28081023e-07,0.13182582,0.0078125
6,160,1,6,3.24732309e-06,2.56654999e-07,0.0790358707,0.0078125
6,160,1,7,3.24732309e-06,1.51643064e-07,0.0466978662,0.0078125
6,160,1,8,3.24732309e-06,9.23176557e-08,0.0284288488,0.0078125
6,160,1,9,3.24732309e-06,5.23442125e-08,0.0161191877,0.0078125
6,161,1,0,3.32798868e-06,2.53176927e-06,0.760750592,0.0078125
6,161,1,1,3.32798868e-06,1.84998783e-06,0.55588764,0.0078125
6,161,1,2,3.32798868e-06,1.45294302e-06,0.436582923,0.0078125
6,161,1,3,3.32798868e-06,9.80757477e-07,0.294699758,0.0078125
6,161,1,4,3.32798868e-06,6.00804242e-07,0.180530742,0.0078125
6,161,1,5,3.32798868e-06,3.88349576e-07,0.116691977,0.0078125
6,161,1,6,3.32798868e-06,2.51166597e-07,0.0754709914,0.0078125
6,161,1,7,3.32798868e-06,1.51545791e-07,0.0455367491,0.0078125
6,161,1,8,3.32798868e-06,9.22138597e-08,0.0277085863,0.0078125
6,161,1,9,3.32798868e-06,5.18551211e-08,0.0155815193,0.0078125
6,162,1,0,3.18271054e-06,2.5311042e-06,0.795266867,0.0078125
6,162,1,1,3.18271054e-06,1.88827835e-06,0.593292534,0.0078125
6,162,1,2,3.18271054e-06,1.46466539e-06,0.460194349,0.0078125
6,162,1,3,3.18271054e-06,1.00056229e-06,0.314374268,0.0078125
6,162,1,4,3.18271054e-06,6.57121177e-07,0.2064659,0.0078125
6,162,1,5,3.18271054e-06,4.330401e-07,0.136060163,0.0078125
6,162,1,6,3.18271054e-06,2.55672035e-07,0.0803315416,0.0078125
6,162,1,7,3.18271054e-06,1.51804628e-07,0.04769665,0.0078125
6,162,1,8,3.18271054e-06,9.30912236e-08,0.0292490385,0.0078125
6,162,1,9,3.18271054e-06,5.2017711e-08,0.0163438395,0.0078125
6,163,1,0,3.09017037e-06,2.45487968e-06,0.794415653,0.0078125
6,163,1,1,3.09017037e-06,1.8099513e-06,0.585712492,0.0078125
6,163,1,2,3.09017037e-06,1.43116745e-06,0.463135451,0.0078125
6,163,1,3,3.09017037e-06,9.80240088e-07,0.317212313,0.0078125
6,163,1,4,3.09017037e-06,6.21481433e-07,0.201115593,0.0078125
6,163,1,5,3.09017037e-06,4.1421788e-07,0.134043708,0.0078125
6,163,1,6,3.09017037e-06,2.55413852e-07,0.0826536492,0.0078125
6,163,1,7,3.09017037e-06,1.50651744e-07,0.0487519205,0.0078125
6,163,1,8,3.09017037e-06,9.33801516e-08,0.0302184485,0.0078125
6,163,1,9,3.09017037e-06,5.23521457e-08,0.0169415083,0.0078125
6,164,1,0,3.00245188e-06,2.43830914e-06,0.812106013,0.0078125
6,164,1,1,3.00245188e-06,1.84531132e-06,0.614601493,0.0078125
6,164,1,2,3.00245188e-06,1.46431887e-06,0.487707704,0.0078125
6,164,1,3,3.00245188e-06,1.01202113e-06,0.337064892,0.0078125
6,164,1,4,3.00245188e-06,6.7149989e-07,0.223650515,0.0078125
6,164,1,5,3.00245188e-06,4.33360128e-07,0.144335419,0.0078125
6,164,1,6,3.00245188e-06,2.50826844e-07,0.0835406706,0.0078125
6,164,1,7,3.00245188e-06,1.47556364e-07,0.0491452888,0.0078125
6,164,1,8,3.00245188e-06,9.0797009e-08,0.0302409548,0.0078125
6,164,1,9,3.00245188e-06,5.04287883e-08,0.0167958681,0.0078125
6,165,1,0,3.13829446e-06,2.5110885e-06,0.800144315,0.0078125
6,165,1,1,3.13829446e-06,1.85625959e-06,0.591486752,0.0078125
6,165,1,2,3.13829446e-06,1.47220851e-06,0.469111025,0.0078125
6,165,1,3,3.13829446e-06,9.89583327e-07,0.315325201,0.0078125
6,165,1,4,3.13829446e-06,6.20045853e-07,0.197574154,0.0078125
6,165,1,5,3.13829446e-06,4.13021723e-07,0.131607071,0.0078125
6,165,1,6,3.13829446e-06,2.50174395e-07,0.079716675,0.0078125
6,165,1,7,3.13829446e-06,1.43304504e-07,0.045663178,0.0078125
6,165,1,8,3.13829446e-06,9.10117848e-08,0.0290003978,0.0078125
6,165,1,9,3.13829446e-06,5.10831981e-08,0.0162773766,0.0078125
6,166,1,0,3.17890499e-06,2.56247699e-06,0.806087971,0.0078125
6,166,1,1,3.17890499e-06,1.89868183e-06,0.597275436,0.0078125
6,166,1,2,3.17890499e-06,1.50017513e-06,0.471915692,0.0078125
6,166,1,3,3.17890499e-06,1.03662103e-06,0.326093733,0.0078125
6,166,1,4,3.17890499e-06,6.7414237e-07,0.212067485,0.0078125
6,166,1,5,3.17890499e-06,4.30525944e-07,0.135432154,0.0078125
6,166,1,6,3.17890499e-06,2.46105088e-07,0.0774181932,0.0078125
6,166,1,7,3.17890499e-06,1.4238563e-07,0.0447907783,0.0078125
6,166,1,8,3.17890499e-06,8.88137066e-08,0.0279384591,0.0078125
6,166,1,9,3.17890499e-06,4.94829067e-08,0.0155660221,0.0078125
6,167,1,0,3.07284381e-06,2.55072177e-06,0.830085099,0.0078125
6,167,1,1,3.07284381e-06,1.9090719e-06,0.621272027,0.0078125
6,167,1,2,3.07284381e-06,1.49960943e-06,0.488020062,0.0078125
6,167,1,3,3.07284381e-06,1.0235409e-06,0.333092391,0.0078125
6,167,1,4,3.07284381e-06,6.51095377e-07,0.211886913,0.0078125
6,167,1,5,3.07284381e-06,4.20401022e-07,0.136811718,0.0078125
6,167,1,6,3.07284381e-06,2.45529748e-07,0.0799031034,0.0078125
6,167,1,7,3.07284381e-06,1.41870132e-07,0.0461690016,0.0078125
6,167,1,8,3.07284381e-06,8.89412064e-08,0.0289442651,0.0078125
6,167,1,9,3.07284381e-06,4.92157319e-08,0.0160163473,0.0078125
6,168,1,0,3.19836249e-06,2.59071498e-06,0.810012937,0.0078125
6,168,1,1,3.19836249e-06,1.955372e-06,0.61136657,0.0078125
6,168,1,2,3.19836249e-06,1.55123951e-06,0.485010535,0.0078125
6,168,1,3,3.19836249e-06,1.08805204e-06,0.340190351,0.0078125
6,168,1,4,3.19836249e-06,7.06337744e-07,0.220843554,0.0078125
6,168,1,5,3.19836249e-06,4.41214922e-07,0.137950256,0.0078125
6,168,1,6,3.19836249e-06,2.5061027e-07,0.0783558041,0.0078125
6,168,1,7,3.19836249e-06,1.42822344e-07,0.044654835,0.0078125
6,168,1,8,3.19836249e-06,9.14546376e-08,0.028594207,0.0078125
6,168,1,9,3.19836249e-06,5.09654861e-08,0.0159348678,0.0078125
6,169,1,0,3.16065575e-06,2.60179581e-06,0.823182285,0.0078125
6,169,1,1,3.16065575e-06,1.93397796e-06,0.611891389,0.0078125
6,169,1,2,3.16065575e-06,1.54765348e-06,0.489662141,0.0078125
6,169,1,3,3.16065575e-06,1.05558945e-06,0.333977997,0.0078125
6,169,1,4,3.16065575e-06,6.88827527e-07,0.21793817,0.0078125
6,169,1,5,3.16065575e-06,4.28086082e-07,0.135442168,0.0078125
6,169,1,6,3.16065575e-06,2.47405524e-07,0.0782766417,0.0078125
6,169,1,7,3.16065575e-06,1.41835301e-07,0.0448752753,0.0078125
6,169,1,8,3.16065575e-06,9.03406701e-08,0.0285828877,0.0078125
6,169,1,9,3.16065575e-06,5.08935329e-08,0.0161022078,0.0078125
6,170,1,0,3.33409275e-06,2.67391965e-06,0.801993191,0.0078125
6,170,1,1,3.33409275e-06,1.98721909e-06,0.596029937,0.0078125
6,170,1,2,3.33409275e-06,1.59450201e-06,0.478241652,0.0078125
6,170,1,3,3.33409275e-06,1.04738979e-06,0.314145356,0.0078125
6,170,1,4,3.33409275e-06,6.00606484e-07,0.180140898,0.0078125
6,170,1,5,3.33409275e-06,3.26300153e-07,0.0978677496,0.0078125
6,170,1,6,3.33409275e-06,1.85237553e-07,0.055558607,0.0078125
6,170,1,7,3.33409275e-06,1.17759257e-07,0.0353197306,0.0078125
6,170,1,8,3.33409275e-06,7.57695986e-08,0.0227257013,0.0078125
6,170,1,9,3.33409275e-06,4.8825342e-08,0.0146442661,0.0078125
6,171,1,0,3.2818707e-06,2.53092753e-06,0.771184385,0.0078125
6,171,1,1,3.2818707e-06,1.84801252e-06,0.563097298,0.0078125
6,171,1,2,3.2818707e-06,1.54575537e-06,0.470998257,0.0078125
6,171,1,3,3.2818707e-06,1.04751302e-06,0.319181681,0.0078125
6,171,1,4,3.2818707e-06,6.58281579e-07,0.200581208,0.0078125
6,171,1,5,3.2818707e-06,4.22531286e-07,0.128747091,0.0078125
6,171,1,6,3.2818707e-06,2.48950556e-07,0.0758562982,0.0078125
6,171,1,7,3.2818707e-06,1.44410564e-07,0.0440025143,0.0078125
6,171,1,8,3.2818707e-06,9.45803222e-08,0.0288190283,0.0078125
6,171,1,9,3.2818707e-06,5.36695062e-08,0.0163533278,0.0078125
6,172,1,0,3.16101091e-06,2.45257183e-06,0.775882125,0.0078125
6,172,1,1,3.16101091e-06,1.80984341e-06,0.572552085,0.0078125
6,172,1,2,3.16101091e-06,1.50418043e-06,0.475854248,0.0078125
6,172,1,3,3.16101091e-06,1.16959518e-06,0.37000668,0.0078125
6,172,1,4,3.16101091e-06,7.58120848e-07,0.239834934,0.0078125
6,172,1,5,3.16101091e-06,4.50750036e-07,0.142596796,0.0078125
6,172,1,6,3.16101091e-06,2.56289894e-07,0.0810784623,0.0078125
6,172,1,7,3.16101091e-06,1.48233511e-07,0.046894338,0.0078125
6,172,1,8,3.16101091e-06,9.5523383e-08,0.0302192513,0.0078125
6,172,1,9,3.16101091e-06,5.3235123e-08,0.0168411694,0.0078125
6,173,1,0,3.08328617e-06,2.46605555e-06,0.799814045,0.0078125
6,173,1,1,3.08328617e-06,1.8342821e-06,0.594911397,0.0078125
6,173,1,2,3.08328617e-06,1.49686332e-06,0.485476613,0.0078125
6,173,1,3,3.08328617e-06,1.05434128e-06,0.341953754,0.0078125
6,173,1,4,3.08328617e-06,6.74629462e-07,0.218802094,0.0078125
6,173,1,5,3.08328617e-06,4.36935039e-07,0.141710833,0.0078125
6,173,1,6,3.08328617e-06,2.57948869e-07,0.0836603716,0.0078125
6,173,1,7,3.08328617e-06,1.49703425e-07,0.048553206,0.0078125
6,173,1,8,3.08328617e-06,9.64762989e-08,0.0312900878,0.0078125
6,173,1,9,3.08328617e-06,5.30295203e-08,0.0171990264,0.0078125
6,174,1,0,3.12972156e-06,2.4185349e-06,0.77276361,0.0078125
6,174,1,1,3.12972156e-06,1.76872686e-06,0.565138698,0.0078125
6,174,1,2,3.12972156e-06,1.50423625e-06,0.480629414,0.0078125
6,174,1,3,3.12972156e-06,1.05545075e-06,0.337234706,0.0078125
6,174,1,4,3.12972156e-06,6.3550209e-07,0.203053877,0.0078125
6,174,1,5,3.12972156e-06,3.87955936e-07,0.12395861,0.0078125
6,174,1,6,3.12972156e-06,2.58943345e-07,0.0827368647,0.0078125
6,174,1,7,3.12972156e-06,1.54823269e-07,0.0494687036,0.0078125
6,174,1,8,3.12972156e-06,9.99590029e-08,0.0319386236,0.0078125
6,174,1,9,3.12972156e-06,5.52612498e-08,0.0176569223,0.0078125
6,175,1,0,3.0810811e-06,2.44040939e-06,0.7920627,0.0078125
6,175,1,1,3.0810811e-06,1.79870392e-06,0.583789885,0.0078125
6,175,1,2,3.0810811e-06,1.5033512e-06,0.487929761,0.0078125
6,175,1,3,3.0810811e-06,1.07972085e-06,0.350435704,0.0078125
6,175,1,4,3.0810811e-06,7.04669276e-07,0.228708446,0.0078125
6,175,1,5,3.0810811e-06,4.46177268e-07,0.144811913,0.0078125
6,175,1,6,3.0810811e-06,2.64265481e-07,0.085770376,0.0078125
6,175,1,7,3.0810811e-06,1.53735385e-07,0.0498965718,0.0078125
6,175,1,8,3.0810811e-06,9.84925208e-08,0.0319668688,0.0078125
6,175,1,9,3.0810811e-06,5.4089643e-08,0.01755541,0.0078125
6,176,1,0,3.15815419e-06,2.5115387e-06,0.795255244,0.0078125
6,176,1,1,3.15815419e-06,1.84788485e-06,0.585115433,0.0078125
6,176,1,2,3.15815419e-06,1.52389282e-06,0.482526422,0.0078125
6,176,1,3,3.15815419e-06,1.051965e-06,0.333094895,0.0078125
6,176,1,4,3.15815419e-06,6.45335149e-07,0.20433934,0.0078125
6,176,1,5,3.15815419e-06,4.10505038e-07,0.129982576,0.0078125
6,176,1,6,3.15815419e-06,2.63619427e-07,0.0834726244,0.0078125
6,176,1,7,3.15815419e-06,1.54020469e-07,0.0487691425,0.0078125
6,176,1,8,3.15815419e-06,9.89154785e-08,0.0313206613,0.0078125
6,176,1,9,3.15815419e-06,5.41461844e-08,0.0171448831,0.0078125
6,177,1,0,3.05814547e-06,2.48167134e-06,0.811495543,0.0078125
6,177,1,1,3.05814547e-06,1.86263333e-06,0.609072804,0.0078125
6,177,1,2,3.05814547e-06,1.50754715e-06,0.492961228,0.0078125
6,177,1,3,3.05814547e-06,1.04434935e-06,0.3414976,0.0078125
6,177,1,4,3.05814547e-06,6.35788126e-07,0.207899898,0.0078125
6,177,1,5,3.05814547e-06,3.94317027e-07,0.128939912,0.0078125
6,177,1,6,3.05814547e-06,2.59272639e-07,0.084781006,0.0078125
6,177,1,7,3.05814547e-06,1.52243871e-07,0.0497830696,0.0078125
6,177,1,8,3.05814547e-06,9.82778943e-08,0.0321364366,0.0078125
6,177,1,9,3.05814547e-06,5.44476784e-08,0.0178041495,0.0078125
6,178,1,0,3.17614285e-06,2.51751999e-06,0.792634368,0.0078125
6,178,1,1,3.17614285e-06,1.88561546e-06,0.593680918,0.0078125
6,178,1,2,3.17614285e-06,1.54673364e-06,0.486984909,0.0078125
6,178,1,3,3.17614285e-06,1.06770153e-06,0.336162955,0.0078125
6,178,1,4,3.17614285e-06,6.30742136e-07,0.198587462,0.0078125
6,178,1,5,3.17614285e-06,3.67720304e-07,0.115775742,0.0078125
6,178,1,6,3.17614285e-06,2.48886607e-07,0.0783612728,0.0078125
6,178,1,7,3.17614285e-06,1.49232136e-07,0.0469853356,0.0078125
6,178,1,8,3.17614285e-06,9.54735739e-08,0.0300595965,0.0078125
6,178,1,9,3.17614285e-06,5.30622728e-08,0.0167065132,0.0078125
6,179,1,0,3.08628796e-06,2.55709415e-06,0.828533888,0.0078125
6,179,1,1,3.08628796e-06,1.92050402e-06,0.622269869,0.0078125
6,179,1,2,3.08628796e-06,1.55964062e-06,0.505345166,0.0078125
6,179,1,3,3.08628796e-06,1.04570847e-06,0.338824004,0.0078125
6,179,1,4,3.08628796e-06,6.27953909e-07,0.20346576,0.0078125
6,179,1,5,3.08628796e-06,3.52508891e-07,0.114217758,0.0078125
6,179,1,6,3.08628796e-06,2.369502e-07,0.0767751411,0.0078125
6,179,1,7,3.08628796e-06,1.44879536e-07,0.0469429754,0.0078125
6,179,1,8,3.08628796e-06,9.4277091e-08,0.0305470824,0.0078125
6,179,1,9,3.08628796e-06,5.20882288e-08,0.0168773066,0.0078125
6,180,1,0,3.22607207e-06,2.57269903e-06,0.797471046,0.0078125
6,180,1,1,3.22607207e-06,1.97915915e-06,0.613488793,0.0078125
6,180,1,2,3.22607207e-06,1.59737397e-06,0.495145172,0.0078125
6,180,1,3,3.22607207e-06,1.07557491e-06,0.333400756,0.0078125
6,180,1,4,3.22607207e-06,6.46057288e-07,0.200261265,0.0078125
6,180,1,5,3.22607207e-06,3.86927468e-07,0.119937636,0.0078125
6,180,1,6,3.22607207e-06,2.49091983e-07,0.0772121549,0.0078125
6,180,1,7,3.22607207e-06,1.47672182e-07,0.0457746089,0.0078125
6,180,1,8,3.22607207e-06,9.34592848e-08,0.028969992,0.0078125
6,180,1,9,3.22607207e-06,5.25956807e-08,0.0163033195,0.0078125
6,181,1,0,3.0865267e-06,2.51359484e-06,0.814376533,0.0078125
6,181,1,1,3.0865267e-06,1.90946525e-06,0.61864531,0.0078125
6,181,1,2,3.0865267e-06,1.5558885e-06,0.504090428,0.0078125
6,181,1,3,3.0865267e-06,1.06554069e-06,0.345223218,0.0078125
6,181,1,4,3.0865267e-06,6.57764929e-07,0.21310845,0.0078125
6,181,1,5,3.0865267e-06,4.22288792e-07,0.136816829,0.0078125
6,181,1,6,3.0865267e-06,2.55188496e-07,0.0826782063,0.0078125
6,181,1,7,3.0865267e-06,1.45755706e-07,0.0472232141,0.0078125
6,181,1,8,3.0865267e-06,9.15767018e-08,0.0296698231,0.0078125
6,181,1,9,3.0865267e-06,5.18381853e-08,0.0167949907,0.0078125
6,182,1,0,2.87669195e-06,2.40456666e-06,0.835879087,0.0078125
6,182,1,1,2.87669195e-06,1.89503351e-06,0.658754408,0.0078125
6,182,1,2,2.87669195e-06,1.54529357e-06,0.537177265,0.0078125
6,182,1,3,2.87669195e-06,1.04559888e-06,0.36347267,0.0078125
6,182,1,4,2.87669195e-06,6.27972554e-07,0.218296766,0.0078125
6,182,1,5,2.87669195e-06,3.59536813e-07,0.12498273,0.0078125
6,182,1,6,2.87669195e-06,2.41648507e-07,0.0840022191,0.0078125
6,182,1,7,2.87669195e-06,1.42176233e-07,0.0494235158,0.0078125
6,182,1,8,2.87669195e-06,9.08924775e-08,0.0315961801,0.0078125
6,182,1,9,2.87669195e-06,5.09072464e-08,0.0176964533,0.0078125
6,183,1,0,2.99817498e-06,2.44941589e-06,0.816968977,0.0078125
6,183,1,1,2.99817498e-06,1.9065493e-06,0.635903299,0.0078125
6,183,1,2,2.99817498e-06,1.55720954e-06,0.519385815,0.0078125
6,183,1,3,2.99817498e-06,1.16179456e-06,0.387500584,0.0078125
6,183,1,4,2.99817498e-06,7.54367647e-07,0.251608938,0.0078125
6,183,1,5,2.99817498e-06,4.61802898e-07,0.154027998,0.0078125
6,183,1,6,2.99817498e-06,2.60549314e-07,0.0869026408,0.0078125
6,183,1,7,2.99817498e-06,1.44590004e-07,0.0482260063,0.0078125
6,183,1,8,2.99817498e-06,9.11853135e-08,0.0304136071,0.0078125
6,183,1,9,2.99817498e-06,5.25030686e-08,0.0175116751,0.0078125
6,184,1,0,2.9999751e-06,2.40684676e-06,0.80228889,0.0078125
6,184,1,1,2.9999751e-06,1.87526655e-06,0.625094056,0.0078125
6,184,1,2,2.9999751e-06,1.5702509e-06,0.523421288,0.0078125
6,184,1,3,2.9999751e-06,1.06765287e-06,0.355887234,0.0078125
6,184,1,4,2.9999751e-06,6.52340475e-07,0.217448637,0.0078125
6,184,1,5,2.9999751e-06,4.12066498e-07,0.137356639,0.0078125
6,184,1,6,2.9999751e-06,2.5517906e-07,0.0850603953,0.0078125
6,184,1,7,2.9999751e-06,1.44883813e-07,0.0482950062,0.0078125
6,184,1,8,2.9999751e-06,9.00522252e-08,0.0300176572,0.0078125
6,184,1,9,2.9999751e-06,5.17155172e-08,0.0172386486,0.0078125
6,185,1,0,3.20675986e-06,2.50940911e-06,0.782537282,0.0078125
6,185,1,1,3.20675986e-06,1.91393292e-06,0.596843243,0.0078125
6,185,1,2,3.20675986e-06,1.57034378e-06,0.489697963,0.0078125
6,185,1,3,3.20675986e-06,1.07168967e-06,0.334197044,0.0078125
6,185,1,4,3.20675986e-06,6.34796322e-07,0.197955683,0.0078125
6,185,1,5,3.20675986e-06,3.46489344e-07,0.108049668,0.0078125
6,185,1,6,3.20675986e-06,1.95289402e-07,0.0608992912,0.0078125
6,185,1,7,3.20675986e-06,1.30553929e-07,0.0407120995,0.0078125
6,185,1,8,3.20675986e-06,8.82606557e-08,0.0275233127,0.0078125
6,185,1,9,3.20675986e-06,5.2397688e-08,0.0163397603,0.0078125
6,186,1,0,3.10856149e-06,2.42093734e-06,0.778796673,0.0078125
6,186,1,1,3.10856149e-06,1.88785452e-06,0.60730809,0.0078125
6,186,1,2,3.10856149e-06,1.57582781e-06,0.506931543,0.0078125
6,186,1,3,3.10856149e-06,1.12476914e-06,0.36182946,0.0078125
6,186,1,4,3.10856149e-06,7.07921401e-07,0.227732792,0.0078125
6,186,1,5,3.10856149e-06,4.49536486e-07,0.144612387,0.0078125
6,186,1,6,3.10856149e-06,2.66108515e-07,0.0856050327,0.0078125
6,186,1,7,3.10856149e-06,1.46204542e-07,0.0470328629,0.0078125
6,186,1,8,3.10856149e-06,9.06818372e-08,0.0291716401,0.0078125
6,186,1,9,3.10856149e-06,5.2255956e-08,0.0168103334,0.0078125
6,187,1,0,3.17634999e-06,2.49290406e-06,0.784832954,0.0078125
6,187,1,1,3.17634999e-06,1.89291347e-06,0.595939815,0.0078125
6,187,1,2,3.17634999e-06,1.59958711e-06,0.503592849,0.0078125
6,187,1,3,3.17634999e-06,1.10850499e-06,0.348987043,0.0078125
6,187,1,4,3.17634999e-06,7.00270391e-07,0.220463857,0.0078125
6,187,1,5,3.17634999e-06,4.51032946e-07,0.141997248,0.0078125
6,187,1,6,3.17634999e-06,2.65782376e-07,0.0836754069,0.0078125
6,187,1,7,3.17634999e-06,1.49468462e-07,0.0470566712,0.0078125
6,187,1,8,3.17634999e-06,9.13241678e-08,0.0287512932,0.0078125
6,187,1,9,3.17634999e-06,5.29169562e-08,0.0166596752,0.0078125
6,188,1,0,3.1118127e-06,2.47094249e-06,0.794052422,0.0078125
6,188,1,1,3.1118127e-06,1.8842801e-06,0.605524898,0.0078125
6,188,1,2,3.1118127e-06,1.57681802e-06,0.506720066,0.0078125
6,188,1,3,3.1118127e-06,1.10400947e-06,0.354780167,0.0078125
6,188,1,4,3.1118127e-06,6.68294604e-07,0.214760542,0.0078125
6,188,1,5,3.1118127e-06,4.29523539e-07,0.138030007,0.0078125
6,188,1,6,3.1118127e-06,2.6083157e-07,0.083819814,0.0078125
6,188,1,7,3.1118127e-06,1.47646347e-07,0.0474470556,0.0078125
6,188,1,8,3.1118127e-06,8.96997463e-08,0.0288255606,0.0078125
6,188,1,9,3.1118127e-06,5.22500088e-08,0.0167908594,0.0078125
6,189,1,0,3.3338938e-06,2.57947704e-06,0.773712993,0.0078125
6,189,1,1,3.3338938e-06,1.92132711e-06,0.576301217,0.0078125
6,189,1,2,3.3338938e-06,1.58818921e-06,0.476376653,0.0078125
6,189,1,3,3.3338938e-06,1.10701706e-06,0.33204928,0.0078125
6,189,1,4,3.3338938e-06,6.89253852e-07,0.206741393,0.0078125
6,189,1,5,3.3338938e-06,4.4467734e-07,0.133380771,0.0078125
6,189,1,6,3.3338938e-06,2.55527027e-07,0.0766452178,0.0078125
6,189,1,7,3.3338938e-06,1.45312953e-07,0.0435865559,0.0078125
6,189,1,8,3.3338938e-06,8.90909106e-08,0.0267227795,0.0078125
6,189,1,9,3.3338938e-06,5.27233404e-08,0.0158143435,0.0078125
6,190,1,0,3.45167086e-06,2.6270875e-06,0.761106014,0.0078125
6,190,1,1,3.45167086e-06,1.98067846e-06,0.573831797,0.0078125
6,190,1,2,3.45167086e-06,1.66611687e-06,0.482698649,0.0078125
6,190,1,3,3.45167086e-06,1.20978814e-06,0.350493491,0.0078125
6,190,1,4,3.45167086e-06,7.96655229e-07,0.230802774,0.0078125
6,190,1,5,3.45167086e-06,4.77021331e-07,0.138200119,0.0078125
6,190,1,6,3.45167086e-06,2.61573717e-07,0.0757817701,0.0078125
6,190,1,7,3.45167086e-06,1.46457211e-07,0.0424308144,0.0078125
6,190,1,8,3.45167086e-06,9.00221409e-08,0.0260807425,0.0078125
6,190,1,9,3.45167086e-06,5.35958442e-08,0.0155275073,0.0078125
6,191,1,0,3.32835043e-06,2.54408269e-06,0.764367461,0.0078125
6,191,1,1,3.32835043e-06,1.8969746e-06,0.569944382,0.0078125
6,191,1,2,3.32835043e-06,1.57546663e-06,0.473347574,0.0078125
6,191,1,3,3.32835043e-06,1.16065826e-06,0.348718762,0.0078125
6,191,1,4,3.32835043e-06,7.17294085e-07,0.215510383,0.0078125
6,191,1,5,3.32835043e-06,4.54135488e-07,0.136444613,0.0078125
6,191,1,6,3.32835043e-06,2.55954376e-07,0.0769012719,0.0078125
6,191,1,7,3.32835043e-06,1.43997724e-07,0.0432639904,0.0078125
6,191,1,8,3.32835043e-06,8.92815422e-08,0.0268245619,0.0078125
6,191,1,9,3.32835043e-06,5.33269642e-08,0.0160220396,0.0078125
6,192,1,0,3.45168087e-06,2.61994774e-06,0.759035349,0.0078125
6,192,1,1,3.45168087e-06,1.92124389e-06,0.556611121,0.0078125
6,192,1,2,3.45168087e-06,1.60074103e-06,0.463756949,0.0078125
6,192,1,3,3.45168087e-06,1.14221154e-06,0.330914587,0.0078125
6,192,1,4,3.45168087e-06,7.23981032e-07,0.209747389,0.0078125
6,192,1,5,3.45168087e-06,4.49172859e-07,0.130131632,0.0078125
6,192,1,6,3.45168087e-06,2.54000724e-07,0.0735875443,0.0078125
6,192,1,7,3.45168087e-06,1.43994257e-07,0.0417171419,0.0078125
6,192,1,8,3.45168087e-06,8.78125448e-08,0.025440516,0.0078125
6,192,1,9,3.45168087e-06,5.15844256e-08,0.0149447266,0.0078125
6,193,1,0,3.48622257e-06,2.61624291e-06,0.750452042,0.0078125
6,193,1,1,3.48622257e-06,1.91661684e-06,0.549768925,0.0078125
6,193,1,2,3.48622257e-06,1.57684099e-06,0.452306449,0.0078125
6,193,1,3,3.48622257e-06,1.14262775e-06,0.327755243,0.0078125
6,193,1,4,3.48622257e-06,6.91576588e-07,0.198374197,0.0078125
6,193,1,5,3.48622257e-06,4.44225407e-07,0.127423137,0.0078125
6,193,1,6,3.48622257e-06,2.53403613e-07,0.0726871565,0.0078125
6,193,1,7,3.48622257e-06,1.43730801e-07,0.0412282348,0.0078125
6,193,1,8,3.48622257e-06,8.79793447e-08,0.0252362955,0.0078125
6,193,1,9,3.48622257e-06,5.1909808e-08,0.0148899872,0.0078125
6,194,1,0,3.23651443e-06,2.57785132e-06,0.796489954,0.0078125
6,194,1,1,3.23651443e-06,1.9512363e-06,0.602882028,0.0078125
6,194,1,2,3.23651443e-06,1.61982553e-06,0.500484586,0.0078125
6,194,1,3,3.23651443e-06,1.12831947e-06,0.348621786,0.0078125
6,194,1,4,3.23651443e-06,7.04326339e-07,0.217618778,0.0078125
6,194,1,5,3.23651443e-06,4.45875827e-07,0.137764201,0.0078125
6,194,1,6,3.23651443e-06,2.51124987e-07,0.0775911808,0.0078125
6,194,1,7,3.23651443e-06,1.4234783e-07,0.0439818315,0.0078125
6,194,1,8,3.23651443e-06,8.85500668e-08,0.0273597017,0.0078125
6,194,1,9,3.23651443e-06,5.21862198e-08,0.0161242038,0.0078125
6,195,1,0,3.17307126e-06,2.47275239e-06,0.77929306,0.0078125
6,195,1,1,3.17307126e-06,1.91519962e-06,0.603579164,0.0078125
6,195,1,2,3.17307126e-06,1.57058719e-06,0.494973809,0.0078125
6,195,1,3,3.17307126e-06,1.09122254e-06,0.343901038,0.0078125
6,195,1,4,3.17307126e-06,6.3430241e-07,0.199901715,0.0078125
6,195,1,5,3.17307126e-06,3.57611867e-07,0.112702124,0.0078125
6,195,1,6,3.17307126e-06,2.33186e-07,0.073489055,0.0078125
6,195,1,7,3.17307126e-06,1.40455668e-07,0.044264894,0.0078125
6,195,1,8,3.17307126e-06,8.91635707e-08,0.0281000845,0.0078125
6,195,1,9,3.17307126e-06,5.21929557e-08,0.0164487176,0.0078125
6,196,1,0,3.34297602e-06,2.57912325e-06,0.771505177,0.0078125
6,196,1,1,3.34297602e-06,1.91285994e-06,0.572202742,0.0078125
6,196,1,2,3.34297602e-06,1.56057808e-06,0.466823012,0.0078125
6,196,1,3,3.34297602e-06,1.18951846e-06,0.355826199,0.0078125
6,196,1,4,3.34297602e-06,7.70854854e-07,0.230589405,0.0078125
6,196,1,5,3.34297602e-06,4.56466182e-07,0.136544853,0.0078125
6,196,1,6,3.34297602e-06,2.55105448e-07,0.0763108805,0.0078125
6,196,1,7,3.34297602e-06,1.40653981e-07,0.0420744792,0.0078125
6,196,1,8,3.34297602e-06,8.7138126e-08,0.0260660332,0.0078125
6,196,1,9,3.34297602e-06,5.12247063e-08,0.0153230848,0.0078125
6,197,1,0,3.10784776e-06,2.53356734e-06,0.815216064,0.0078125
6,197,1,1,3.10784776e-06,1.931405e-06,0.621460617,0.0078125
6,197,1,2,3.10784776e-06,1.57764566e-06,0.507632852,0.0078125
6,197,1,3,3.10784776e-06,1.106642e-06,0.356079876,0.0078125
6,197,1,4,3.10784776e-06,6.97017356e-07,0.224276543,0.0078125
6,197,1,5,3.10784776e-06,4.43708018e-07,0.142770186,0.0078125
6,197,1,6,3.10784776e-06,2.51578456e-07,0.0809494108,0.0078125
6,197,1,7,3.10784776e-06,1.4049418e-07,0.0452062637,0.0078125
6,197,1,8,3.10784776e-06,8.77447448e-08,0.0282332823,0.0078125
6,197,1,9,3.10784776e-06,5.09164408e-08,0.0163831841,0.0078125
6,198,1,0,3.00192823e-06,2.49756863e-06,0.831988096,0.0078125
6,198,1,1,3.00192823e-06,1.98085945e-06,0.659862339,0.0078125
6,198,1,2,3.00192823e-06,1.6078626e-06,0.535609961,0.0078125
6,198,1,3,3.00192823e-06,1.20216168e-06,0.400463164,0.0078125
6,198,1,4,3.00192823e-06,7.71018051e-07,0.256840944,0.0078125
6,198,1,5,3.00192823e-06,4.59653876e-07,0.153119549,0.0078125
6,198,1,6,3.00192823e-06,2.5527828e-07,0.0850381032,0.0078125
6,198,1,7,3.00192823e-06,1.43267229e-07,0.0477250665,0.0078125
6,198,1,8,3.00192823e-06,8.98421604e-08,0.0299281515,0.0078125
6,198,1,9,3.00192823e-06,5.20823455e-08,0.0173496306,0.0078125
6,199,1,0,3.12024872e-06,2.51631332e-06,0.806446373,0.0078125
6,199,1,1,3.12024872e-06,1.96694191e-06,0.630379856,0.0078125
6,199,1,2,3.12024872e-06,1.59538035e-06,0.511299074,0.0078125
6,199,1,3,3.12024872e-06,1.10246617e-06,0.35332638,0.0078125
6,199,1,4,3.12024872e-06,6.48735409e-07,0.207911447,0.0078125
6,199,1,5,3.12024872e-06,4.02388054e-07,0.128960252,0.0078125
6,199,1,6,3.12024872e-06,2.51707831e-07,0.0806691572,0.0078125
6,199,1,7,3.12024872e-06,1.4500651e-07,0.0464727394,0.0078125
6,199,1,8,3.12024872e-06,8.96019614e-08,0.0287162885,0.0078125
6,199,1,9,3.12024872e-06,5.18992422e-08,0.0166330468,0.0078125
6,200,1,0,3.03603952e-06,2.47808111e-06,0.816221654,0.0078125
6,200,1,1,3.03603952e-06,1.98443263e-06,0.653625429,0.0078125
6,200,1,2,3.03603952e-06,1.64190203e-06,0.540803909,0.0078125
6,200,1,3,3.03603952e-06,1.18269554e-06,0.389552087,0.0078125
6,200,1,4,3.03603952e-06,7.57121313e-07,0.249377951,0.0078125
6,200,1,5,3.03603952e-06,4.60447751e-07,0.151660651,0.0078125
6,200,1,6,3.03603952e-06,2.57788372e-07,0.0849094242,0.0078125
6,200,1,7,3.03603952e-06,1.45873344e-07,0.0480472483,0.0078125
6,200,1,8,3.03603952e-06,9.28004837e-08,0.0305662956,0.0078125
6,200,1,9,3.03603952e-06,5.36500302e-08,0.017671058,0.0078125
6,201,1,0,2.98319355e-06,2.46332525e-06,0.825734317,0.0078125
6,201,1,1,2.98319355e-06,1.98120597e-06,0.664122522,0.0078125
6,201,1,2,2.98319355e-06,1.60133015e-06,0.536783874,0.0078125
6,201,1,3,2.98319355e-06,1.18319861e-06,0.396621466,0.0078125
6,201,1,4,2.98319355e-06,7.62995626e-07,0.255764693,0.0078125
6,201,1,5,2.98319355e-06,4.53516861e-07,0.152023941,0.0078125
6,201,1,6,2.98319355e-06,2.55799279e-07,0.0857467949,0.0078125
6,201,1,7,2.98319355e-06,1.43916836e-07,0.0482425392,0.0078125
6,201,1,8,2.98319355e-06,9.05651802e-08,0.0303584654,0.0078125
6,201,1,9,2.98319355e-06,5.28392263e-08,0.0177123025,0.0078125
6,202,1,0,2.91771153e-06,2.48885658e-06,0.853016675,0.0078125
6,202,1,1,2.91771153e-06,1.98691237e-06,0.680983126,0.0078125
6,202,1,2,2.91771153e-06,1.60828642e-06,0.551214993,0.0078125
6,202,1,3,2.91771153e-06,1.08633094e-06,0.372322947,0.0078125
6,202,1,4,2.91771153e-06,6.28227269e-07,0.215315074,0.0078125
6,202,1,5,2.91771153e-06,3.74953999e-07,0.128509626,0.0078125
6,202,1,6,2.91771153e-06,2.42311188e-07,0.0830483735,0.0078125
6,202,1,7,2.91771153e-06,1.43396647e-07,0.0491469577,0.0078125
6,202,1,8,2.91771153e-06,9.1303157e-08,0.0312927291,0.0078125
6,202,1,9,2.91771153e-06,5.37398712e-08,0.0184185002,0.0078125
6,203,1,0,3.17180888e-06,2.64187406e-06,0.832923472,0.0078125
6,203,1,1,3.17180888e-06,2.04514049e-06,0.644786775,0.0078125
6,203,1,2,3.17180888e-06,1.62043898e-06,0.51088798,0.0078125
6,203,1,3,3.17180888e-06,1.15244836e-06,0.363341033,0.0078125
6,203,1,4,3.17180888e-06,7.52295648e-07,0.237181902,0.0078125
6,203,1,5,3.17180888e-06,4.54875533e-07,0.143412024,0.0078125
6,203,1,6,3.17180888e-06,2.57021952e-07,0.0810332373,0.0078125
6,203,1,7,3.17180888e-06,1.44046538e-07,0.045414634,0.0078125
6,203,1,8,3.17180888e-06,9.05306194e-08,0.0285422672,0.0078125
6,203,1,9,3.17180888e-06,5.23044505e-08,0.0164904166,0.0078125
6,204,1,0,3.10913856e-06,2.57226611e-06,0.82732439,0.0078125
6,204,1,1,3.10913856e-06,2.01306034e-06,0.647465646,0.0078125
6,204,1,2,3.10913856e-06,1.6043266e-06,0.516003549,0.0078125
6,204,1,3,3.10913856e-06,1.11270947e-06,0.357883513,0.0078125
6,204,1,4,3.10913856e-06,7.10526706e-07,0.228528485,0.0078125
6,204,1,5,3.10913856e-06,4.53511831e-07,0.145864144,0.0078125
6,204,1,6,3.10913856e-06,2.64058144e-07,0.0849296823,0.0078125
6,204,1,7,3.10913856e-06,1.48515809e-07,0.0477675125,0.0078125
6,204,1,8,3.10913856e-06,9.43181178e-08,0.0303357709,0.0078125
6,204,1,9,3.10913856e-06,5.46333503e-08,0.0175718609,0.0078125
6,205,1,0,3.07513005e-06,2.45522847e-06,0.798414528,0.0078125
6,205,1,1,3.07513005e-06,1.92039147e-06,0.624491155,0.0078125
6,205,1,2,3.07513005e-06,1.59690683e-06,0.519297302,0.0078125
6,205,1,3,3.07513005e-06,1.13903991e-06,0.370403826,0.0078125
6,205,1,4,3.07513005e-06,7.41894326e-07,0.241256237,0.0078125
6,205,1,5,3.07513005e-06,4.65769659e-07,0.151463404,0.0078125
6,205,1,6,3.07513005e-06,2.67554668e-07,0.0870059654,0.0078125
6,205,1,7,3.07513005e-06,1.48309525e-07,0.0482286997,0.0078125
6,205,1,8,3.07513005e-06,9.23077081e-08,0.030017497,0.0078125
6,205,1,9,3.07513005e-06,5.40978142e-08,0.0175920408,0.0078125
6,206,1,0,3.09701159e-06,2.53081043e-06,0.817178249,0.0078125
6,206,1,1,3.09701159e-06,1.97996906e-06,0.639316022,0.0078125
6,206,1,2,3.09701159e-06,1.6222541e-06,0.523812711,0.0078125
6,206,1,3,3.09701159e-06,1.11969348e-06,0.36153996,0.0078125
6,206,1,4,3.09701159e-06,7.27211273e-07,0.234810635,0.0078125
6,206,1,5,3.09701159e-06,4.60036858e-07,0.148542181,0.0078125
6,206,1,6,3.09701159e-06,2.69976567e-07,0.0871732533,0.0078125
6,206,1,7,3.09701159e-06,1.50621077e-07,0.0486343279,0.0078125
6,206,1,8,3.09701159e-06,9.487038e-08,0.0306328777,0.0078125
6,206,1,9,3.09701159e-06,5.47795018e-08,0.017687859,0.0078125
6,207,1,0,3.02074454e-06,2.42196052e-06,0.801775992,0.0078125
6,207,1,1,3.02074454e-06,1.94234326e-06,0.643001497,0.0078125
6,207,1,2,3.02074454e-06,1.60512309e-06,0.531366706,0.0078125
6,207,1,3,3.02074454e-06,1.09276368e-06,0.361753106,0.0078125
6,207,1,4,3.02074454e-06,6.95811366e-07,0.230344325,0.0078125
6,207,1,5,3.02074454e-06,4.4834448e-07,0.148421839,0.0078125
6,207,1,6,3.02074454e-06,2.7391394e-07,0.0906776264,0.0078125
6,207,1,7,3.02074454e-06,1.51214891e-07,0.0500588156,0.0078125
6,207,1,8,3.02074454e-06,9.54390273e-08,0.0315945372,0.0078125
6,207,1,9,3.02074454e-06,5.45997381e-08,0.0180749279,0.0078125
6,208,1,0,3.0239753e-06,2.47590378e-06,0.818757951,0.0078125
6,208,1,1,3.0239753e-06,2.00206432e-06,0.662063718,0.0078125
6,208,1,2,3.0239753e-06,1.63410311e-06,0.540382445,0.0078125
6,208,1,3,3.0239753e-06,1.24713529e-06,0.412415832,0.0078125
6,208,1,4,3.0239753e-06,7.86213434e-07,0.259993345,0.0078125
6,208,1,5,3.0239753e-06,4.79470827e-07,0.158556461,0.0078125
6,208,1,6,3.0239753e-06,2.73644076e-07,0.0904915035,0.0078125
6,208,1,7,3.0239753e-06,1.51502547e-07,0.0501004569,0.0078125
6,208,1,8,3.0239753e-06,9.61735651e-08,0.0318036862,0.0078125
6,208,1,9,3.0239753e-06,5.52301564e-08,0.0182640906,0.0078125
6,209,1,0,3.32656464e-06,2.58632394e-06,0.777475953,0.0078125
6,209,1,1,3.32656464e-06,2.03384843e-06,0.611396015,0.0078125
6,209,1,2,3.32656464e-06,1.66791142e-06,0.50139153,0.0078125
6,209,1,3,3.32656464e-06,1.13522879e-06,0.341261595,0.0078125
6,209,1,4,3.32656464e-06,7.47786089e-07,0.224792287,0.0078125
6,209,1,5,3.32656464e-06,4.6816092e-07,0.140734047,0.0078125
6,209,1,6,3.32656464e-06,2.76578561e-07,0.0831423998,0.0078125
6,209,1,7,3.32656464e-06,1.4834869e-07,0.0445951633,0.0078125
6,209,1,8,3.32656464e-06,9.4194192e-08,0.0283157565,0.0078125
6,209,1,9,3.32656464e-06,5.54450246e-08,0.016667353,0.0078125
6,210,1,0,3.30442936e-06,2.5790057e-06,0.780469298,0.0078125
6,210,1,1,3.30442936e-06,2.01197622e-06,0.608872533,0.0078125
6,210,1,2,3.30442936e-06,1.620528e-06,0.490410835,0.0078125
6,210,1,3,3.30442936e-06,1.09340192e-06,0.330889791,0.0078125
6,210,1,4,3.30442936e-06,7.14099713e-07,0.216103792,0.0078125
6,210,1,5,3.30442936e-06,4.64606273e-07,0.140601054,0.0078125
6,210,1,6,3.30442936e-06,2.73123362e-07,0.0826537162,0.0078125
6,210,1,7,3.30442936e-06,1.4769256e-07,0.0446953289,0.0078125
6,210,1,8,3.30442936e-06,9.41333553e-08,0.028487023,0.0078125
6,210,1,9,3.30442936e-06,5.48374572e-08,0.0165951364,0.0078125
6,211,1,0,3.38626023e-06,2.65758126e-06,0.784813046,0.0078125
6,211,1,1,3.38626023e-06,2.08707615e-06,0.616336584,0.0078125
6,211,1,2,3.38626023e-06,1.67559995e-06,0.494823158,0.0078125
6,211,1,3,3.38626023e-06,1.2320387e-06,0.36383462,0.0078125
6,211,1,4,3.38626023e-06,7.86074679e-07,0.232136518,0.0078125
6,211,1,5,3.38626023e-06,4.78491586e-07,0.141303837,0.0078125
6,211,1,6,3.38626023e-06,2.77171523e-07,0.0818518102,0.0078125
6,211,1,7,3.38626023e-06,1.49254717e-07,0.0440765657,0.0078125
6,211,1,8,3.38626023e-06,9.58634061e-08,0.0283095222,0.0078125
6,211,1,9,3.38626023e-06,5.5785339e-08,0.0164740253,0.0078125
6,212,1,0,3.26226404e-06,2.5927402e-06,0.794767141,0.0078125
6,212,1,1,3.26226404e-06,1.99383226e-06,0.611180544,0.0078125
6,212,1,2,3.26226404e-06,1.59271087e-06,0.488222539,0.0078125
6,212,1,3,3.26226404e-06,1.15875002e-06,0.355198115,0.0078125
6,212,1,4,3.26226404e-06,7.65675338e-07,0.23470673,0.0078125
6,212,1,5,3.26226404e-06,4.73818062e-07,0.145242095,0.0078125
6,212,1,6,3.26226404e-06,2.81457545e-07,0.0862767547,0.0078125
6,212,1,7,3.26226404e-06,1.51975499e-07,0.0465858988,0.0078125
6,212,1,8,3.26226404e-06,9.67937765e-08,0.0296707358,0.0078125
6,212,1,9,3.26226404e-06,5.61443763e-08,0.0172102489,0.0078125
6,213,1,0,3.22734763e-06,2.53245526e-06,0.784686208,0.0078125
6,213,1,1,3.22734763e-06,2.00656518e-06,0.621738136,0.0078125
6,213,1,2,3.22734763e-06,1.62472099e-06,0.503422976,0.0078125
6,213,1,3,3.22734763e-06,1.19801643e-06,0.371207744,0.0078125
6,213,1,4,3.22734763e-06,7.80713208e-07,0.241905525,0.0078125
6,213,1,5,3.22734763e-06,4.85556654e-07,0.150450677,0.0078125
6,213,1,6,3.22734763e-06,2.81438815e-07,0.0872043669,0.0078125
6,213,1,7,3.22734763e-06,1.50636936e-07,0.0466751494,0.0078125
6,213,1,8,3.22734763e-06,9.51335295e-08,0.0294773113,0.0078125
6,213,1,9,3.22734763e-06,5.58125137e-08,0.0172936171,0.0078125
6,214,1,0,3.26714394e-06,2.51362439e-06,0.769364476,0.0078125
6,214,1,1,3.26714394e-06,1.94231484e-06,0.59449929,0.0078125
6,214,1,2,3.26714394e-06,1.57387967e-06,0.481729507,0.0078125
6,214,1,3,3.26714394e-06,1.12844884e-06,0.345393062,0.0078125
6,214,1,4,3.26714394e-06,7.66766107e-07,0.234690025,0.0078125
6,214,1,5,3.26714394e-06,4.80991048e-07,0.147220641,0.0078125
6,214,1,6,3.26714394e-06,2.81177364e-07,0.0860621259,0.0078125
6,214,1,7,3.26714394e-06,1.51501425e-07,0.0463712104,0.0078125
6,214,1,8,3.26714394e-06,9.75771783e-08,0.0298662018,0.0078125
6,214,1,9,3.26714394e-06,5.70427368e-08,0.0174595118,0.0078125
6,215,1,0,3.16291903e-06,2.47653793e-06,0.78299123,0.0078125
6,215,1,1,3.16291903e-06,1.91395088e-06,0.605121672,0.0078125
6,215,1,2,3.16291903e-06,1.55021246e-06,0.490120828,0.0078125
6,215,1,3,3.16291903e-06,1.09867801e-06,0.347362041,0.0078125
6,215,1,4,3.16291903e-06,7.55691076e-07,0.238922045,0.0078125
6,215,1,5,3.16291903e-06,4.76155321e-07,0.150543004,0.0078125
6,215,1,6,3.16291903e-06,2.8020537e-07,0.0885907486,0.0078125
6,215,1,7,3.16291903e-06,1.50426928e-07,0.0475595258,0.0078125
6,215,1,8,3.16291903e-06,9.61152864e-08,0.0303881597,0.0078125
6,215,1,9,3.16291903e-06,5.56091813e-08,0.0175816007,0.0078125
6,216,1,0,3.28756437e-06,2.54922634e-06,0.775414884,0.0078125
6,216,1,1,3.28756437e-06,1.96539963e-06,0.597828507,0.0078125
6,216,1,2,3.28756437e-06,1.58413479e-06,0.481856674,0.0078125
6,216,1,3,3.28756437e-06,1.19169283e-06,0.362485021,0.0078125
6,216,1,4,3.28756437e-06,7.90137676e-07,0.24034135,0.0078125
6,216,1,5,3.28756437e-06,4.87747513e-07,0.148361355,0.0078125
6,216,1,6,3.28756437e-06,2.80780768e-07,0.0854069293,0.0078125
6,216,1,7,3.28756437e-06,1.49794957e-07,0.045564115,0.0078125
6,216,1,8,3.28756437e-06,9.65223634e-08,0.0293598399,0.0078125
6,216,1,9,3.28756437e-06,5.61141462e-08,0.0170686077,0.0078125
6,217,1,0,3.16196815e-06,2.55307009e-06,0.807430685,0.0078125
6,217,1,1,3.16196815e-06,2.01126613e-06,0.636080444,0.0078125
6,217,1,2,3.16196815e-06,1.61866751e-06,0.51191771,0.0078125
6,217,1,3,3.16196815e-06,1.2311898e-06,0.389374524,0.0078125
6,217,1,4,3.16196815e-06,8.05480283e-07,0.254740149,0.0078125
6,217,1,5,3.16196815e-06,4.85894986e-07,0.153668523,0.0078125
6,217,1,6,3.16196815e-06,2.80910598e-07,0.088840425,0.0078125
6,217,1,7,3.16196815e-06,1.48624338e-07,0.0470037423,0.0078125
6,217,1,8,3.16196815e-06,9.68218288e-08,0.0306207482,0.0078125
6,217,1,9,3.16196815e-06,5.54752972e-08,0.0175445471,0.0078125
6,218,1,0,3.15364241e-06,2.4945557e-06,0.791007757,0.0078125
6,218,1,1,3.15364241e-06,1.98173188e-06,0.628394604,0.0078125
6,218,1,2,3.15364241e-06,1.59387059e-06,0.50540626,0.0078125
6,218,1,3,3.15364241e-06,1.1818571e-06,0.374759376,0.0078125
6,218,1,4,3.15364241e-06,7.84984366e-07,0.248913556,0.0078125
6,218,1,5,3.15364241e-06,4.74392891e-07,0.150426969,0.0078125
6,218,1,6,3.15364241e-06,2.76376852e-07,0.08763735,0.0078125
6,218,1,7,3.15364241e-06,1.46240083e-07,0.0463718027,0.0078125
6,218,1,8,3.15364241e-06,9.55627968e-08,0.0303023569,0.0078125
6,218,1,9,3.15364241e-06,5.51834987e-08,0.0174983367,0.0078125
6,219,1,0,3.10291216e-06,2.53194503e-06,0.815989912,0.0078125
6,219,1,1,3.10291216e-06,1.94963013e-06,0.628322721,0.0078125
6,219,1,2,3.10291216e-06,1.56812132e-06,0.505370855,0.0078125
6,219,1,3,3.10291216e-06,1.17709283e-06,0.37935099,0.0078125
6,219,1,4,3.10291216e-06,7.79837023e-07,0.251324236,0.0078125
6,219,1,5,3.10291216e-06,4.74203972e-07,0.15282546,0.0078125
6,219,1,6,3.10291216e-06,2.72428395e-07,0.0877976492,0.0078125
6,219,1,7,3.10291216e-06,1.42022202e-07,0.0457706153,0.0078125
6,219,1,8,3.10291216e-06,9.40233775e-08,0.0303016566,0.0078125
6,219,1,9,3.10291216e-06,5.43917373e-08,0.0175292548,0.0078125
6,220,1,0,3.15912462e-06,2.57524675e-06,0.815177321,0.0078125
6,220,1,1,3.15912462e-06,2.00211866e-06,0.633757412,0.0078125
6,220,1,2,3.15912462e-06,1.60171726e-06,0.507013023,0.0078125
6,220,1,3,3.15912462e-06,1.07901508e-06,0.341555089,0.0078125
6,220,1,4,3.15912462e-06,7.22043069e-07,0.228557959,0.0078125
6,220,1,5,3.15912462e-06,4.46950736e-07,0.141479298,0.0078125
6,220,1,6,3.15912462e-06,2.67473723e-07,0.0846670344,0.0078125
6,220,1,7,3.15912462e-06,1.39639269e-07,0.0442018881,0.0078125
6,220,1,8,3.15912462e-06,9.14505165e-08,0.0289480556,0.0078125
6,220,1,9,3.15912462e-06,5.26472981e-08,0.0166651532,0.0078125
6,221,1,0,3.25605697e-06,2.55289183e-06,0.784043968,0.0078125
6,221,1,1,3.25605697e-06,1.97618374e-06,0.606925428,0.0078125
6,221,1,2,3.25605697e-06,1.62929996e-06,0.50039047,0.0078125
6,221,1,3,3.25605697e-06,1.18846071e-06,0.36499998,0.0078125
6,221,1,4,3.25605697e-06,7.86663122e-07,0.241599932,0.0078125
6,221,1,5,3.25605697e-06,4.76103935e-07,0.146221012,0.0078125
6,221,1,6,3.25605697e-06,2.75326101e-07,0.0845581368,0.0078125
6,221,1,7,3.25605697e-06,1.42594487e-07,0.0437936112,0.0078125
6,221,1,8,3.25605697e-06,9.57232089e-08,0.0293985046,0.0078125
6,221,1,9,3.25605697e-06,5.55703146e-08,0.0170667507,0.0078125
6,222,1,0,3.28652345e-06,2.61989067e-06,0.797161698,0.0078125
6,222,1,1,3.28652345e-06,1.99881129e-06,0.608184099,0.0078125
6,222,1,2,3.28652345e-06,1.61000082e-06,0.489879608,0.0078125
6,222,1,3,3.28652345e-06,1.22912854e-06,0.373990506,0.0078125
6,222,1,4,3.28652345e-06,7.97814721e-07,0.242753386,0.0078125
6,222,1,5,3.28652345e-06,4.71770164e-07,0.143546879,0.0078125
6,222,1,6,3.28652345e-06,2.74799447e-07,0.0836140215,0.0078125
6,222,1,7,3.28652345e-06,1.40328353e-07,0.0426981151,0.0078125
6,222,1,8,3.28652345e-06,9.34791657e-08,0.0284431763,0.0078125
6,222,1,9,3.28652345e-06,5.47269146e-08,0.0166519172,0.0078125
6,223,1,0,3.21046969e-06,2.5496422e-06,0.794164836,0.0078125
6,223,1,1,3.21046969e-06,1.96797282e-06,0.612985969,0.0078125
6,223,1,2,3.21046969e-06,1.58012722e-06,0.492179453,0.0078125
6,223,1,3,3.21046969e-06,1.09974314e-06,0.342548996,0.0078125
6,223,1,4,3.21046969e-06,7.51934522e-07,0.234213248,0.0078125
6,223,1,5,3.21046969e-06,4.54827671e-07,0.141670138,0.0078125
6,223,1,6,3.21046969e-06,2.7078616e-07,0.0843447149,0.0078125
6,223,1,7,3.21046969e-06,1.39794466e-07,0.0435433052,0.0078125
6,223,1,8,3.21046969e-06,9.20197394e-08,0.028662391,0.0078125
6,223,1,9,3.21046969e-06,5.42103464e-08,0.0168854874,0.0078125
6,224,1,0,3.34648871e-06,2.62253161e-06,0.78366667,0.0078125
6,224,1,1,3.34648871e-06,1.99843066e-06,0.597172379,0.0078125
6,224,1,2,3.34648871e-06,1.61066316e-06,0.48129946,0.0078125
6,224,1,3,3.34648871e-06,1.17600428e-06,0.351414382,0.0078125
6,224,1,4,3.34648871e-06,7.72466933e-07,0.23082909,0.0078125
6,224,1,5,3.34648871e-06,4.51922148e-07,0.135043681,0.0078125
6,224,1,6,3.34648871e-06,2.68023058e-07,0.0800908282,0.0078125
6,224,1,7,3.34648871e-06,1.40329689e-07,0.0419334136,0.0078125
6,224,1,8,3.34648871e-06,9.34475608e-08,0.0279240627,0.0078125
6,224,1,9,3.34648871e-06,5.52502009e-08,0.0165099017,0.0078125
6,225,1,0,2.95754035e-06,2.4408223e-06,0.825287938,0.0078125
6,225,1,1,2.95754035e-06,1.94974018e-06,0.659243822,0.0078125
6,225,1,2,2.95754035e-06,1.56674571e-06,0.529746175,0.0078125
6,225,1,3,2.95754035e-06,1.09122368e-06,0.368963242,0.0078125
6,225,1,4,2.95754035e-06,7.44430054e-07,0.251705796,0.0078125
6,225,1,5,2.95754035e-06,4.48335641e-07,0.151590705,0.0078125
6,225,1,6,2.95754035e-06,2.67188199e-07,0.0903413519,0.0078125
6,225,1,7,2.95754035e-06,1.40141125e-07,0.0473843478,0.0078125
6,225,1,8,2.95754035e-06,9.37904687e-08,0.0317123197,0.0078125
6,225,1,9,2.95754035e-06,5.50579635e-08,0.0186161324,0.0078125
6,226,1,0,3.08169933e-06,2.47825255e-06,0.804183781,0.0078125
6,226,1,1,3.08169933e-06,1.90577055e-06,0.618415475,0.0078125
6,226,1,2,3.08169933e-06,1.52802522e-06,0.495838523,0.0078125
6,226,1,3,3.08169933e-06,1.08930487e-06,0.353475392,0.0078125
6,226,1,4,3.08169933e-06,7.38614915e-07,0.239677802,0.0078125
6,226,1,5,3.08169933e-06,4.47038786e-07,0.145062432,0.0078125
6,226,1,6,3.08169933e-06,2.66359507e-07,0.086432673,0.0078125
6,226,1,7,3.08169933e-06,1.39698443e-07,0.0453316271,0.0078125
6,226,1,8,3.08169933e-06,9.36027149e-08,0.0303737335,0.0078125
6,226,1,9,3.08169933e-06,5.43892114e-08,0.0176490974,0.0078125
6,227,1,0,3.13101373e-06,2.46379204e-06,0.786899149,0.0078125
6,227,1,1,3.13101373e-06,1.85887154e-06,0.593696415,0.0078125
6,227,1,2,3.13101373e-06,1.51621384e-06,0.484256536,0.0078125
6,227,1,3,3.13101373e-06,1.02331319e-06,0.326831281,0.0078125
6,227,1,4,3.13101373e-06,6.77573667e-07,0.21640712,0.0078125
6,227,1,5,3.13101373e-06,4.28630727e-07,0.136898383,0.0078125
6,227,1,6,3.13101373e-06,2.66923649e-07,0.0852515101,0.0078125
6,227,1,7,3.13101373e-06,1.40066604e-07,0.0447352268,0.0078125
6,227,1,8,3.13101373e-06,9.27855197e-08,0.0296343379,0.0078125
6,227,1,9,3.13101373e-06,5.4172336e-08,0.0173018519,0.0078125
6,228,1,0,3.07684331e-06,2.46914215e-06,0.802492023,0.0078125
6,228,1,1,3.07684331e-06,1.92707353e-06,0.626315117,0.0078125
6,228,1,2,3.07684331e-06,1.55562475e-06,0.505591154,0.0078125
6,228,1,3,3.07684331e-06,1.02891261e-06,0.334405273,0.0078125
6,228,1,4,3.07684331e-06,6.4777231e-07,0.210531458,0.0078125
6,228,1,5,3.07684331e-06,3.97240484e-07,0.129106507,0.0078125
6,228,1,6,3.07684331e-06,2.61343956e-07,0.0849389881,0.0078125
6,228,1,7,3.07684331e-06,1.40897725e-07,0.0457929485,0.0078125
6,228,1,8,3.07684331e-06,9.46270475e-08,0.0307545885,0.0078125
6,228,1,9,3.07684331e-06,5.48278152e-08,0.0178195015,0.0078125
6,229,1,0,3.13435066e-06,2.46605032e-06,0.786781907,0.0078125
6,229,1,1,3.13435066e-06,1.9375077e-06,0.618152797,0.0078125
6,229,1,2,3.13435066e-06,1.57122884e-06,0.501293242,0.0078125
6,229,1,3,3.13435066e-06,1.01276521e-06,0.323118031,0.0078125
6,229,1,4,3.13435066e-06,6.26722397e-07,0.199952871,0.0078125
6,229,1,5,3.13435066e-06,3.74400202e-07,0.119450644,0.0078125
6,229,1,6,3.13435066e-06,2.42068666e-07,0.0772308782,0.0078125
6,229,1,7,3.13435066e-06,1.381608e-07,0.0440795608,0.0078125
6,229,1,8,3.13435066e-06,9.33942985e-08,0.0297970157,0.0078125
6,229,1,9,3.13435066e-06,5.48028432e-08,0.0174845923,0.0078125
6,230,1,0,3.1818015e-06,2.52013956e-06,0.792048037,0.0078125
6,230,1,1,3.1818015e-06,1.93048777e-06,0.606727898,0.0078125
6,230,1,2,3.1818015e-06,1.5347465e-06,0.482351422,0.0078125
6,230,1,3,3.1818015e-06,1.02871059e-06,0.323310733,0.0078125
6,230,1,4,3.1818015e-06,6.86464716e-07,0.215747178,0.0078125
6,230,1,5,3.1818015e-06,4.23877111e-07,0.133219212,0.0078125
6,230,1,6,3.1818015e-06,2.61621409e-07,0.082224302,0.0078125
6,230,1,7,3.1818015e-06,1.37655206e-07,0.0432632901,0.0078125
6,230,1,8,3.1818015e-06,9.06596327e-08,0.0284931771,0.0078125
6,230,1,9,3.1818015e-06,5.28635162e-08,0.0166143347,0.0078125
6,231,1,0,3.10977271e-06,2.50286234e-06,0.804837704,0.0078125
6,231,1,1,3.10977271e-06,1.92918128e-06,0.620360851,0.0078125
6,231,1,2,3.10977271e-06,1.54137706e-06,0.495655864,0.0078125
6,231,1,3,3.10977271e-06,1.03283151e-06,0.332124442,0.0078125
6,231,1,4,3.10977271e-06,7.04708611e-07,0.226610973,0.0078125
6,231,1,5,3.10977271e-06,4.31332836e-07,0.138702363,0.0078125
6,231,1,6,3.10977271e-06,2.61039304e-07,0.0839416012,0.0078125
6,231,1,7,3.10977271e-06,1.3755573e-07,0.0442333706,0.0078125
6,231,1,8,3.10977271e-06,9.13672622e-08,0.0293806884,0.0078125
6,231,1,9,3.10977271e-06,5.32606066e-08,0.0171268489,0.0078125
6,232,1,0,3.055344e-06,2.39028782e-06,0.782330155,0.0078125
6,232,1,1,3.055344e-06,1.84023224e-06,0.602299511,0.0078125
6,232,1,2,3.055344e-06,1.53276562e-06,0.501667142,0.0078125
6,232,1,3,3.055344e-06,1.01795069e-06,0.333170563,0.0078125
6,232,1,4,3.055344e-06,6.2522389e-07,0.204632893,0.0078125
6,232,1,5,3.055344e-06,3.76837193e-07,0.123337075,0.0078125
6,232,1,6,3.055344e-06,2.45054736e-07,0.0802052841,0.0078125
6,232,1,7,3.055344e-06,1.40335899e-07,0.0459312908,0.0078125
6,232,1,8,3.055344e-06,9.40476141e-08,0.030781351,0.0078125
6,232,1,9,3.055344e-06,5.60032838e-08,0.0183296166,0.0078125
6,233,1,0,3.10052314e-06,2.42384021e-06,0.78175199,0.0078125
6,233,1,1,3.10052314e-06,1.92383914e-06,0.620488584,0.0078125
6,233,1,2,3.10052314e-06,1.60659658e-06,0.518169522,0.0078125
6,233,1,3,3.10052314e-06,1.08285064e-06,0.349247724,0.0078125
6,233,1,4,3.10052314e-06,7.31612374e-07,0.235964164,0.0078125
6,233,1,5,3.10052314e-06,4.39199965e-07,0.141653508,0.0078125
6,233,1,6,3.10052314e-06,2.67042026e-07,0.086128056,0.0078125
6,233,1,7,3.10052314e-06,1.42933231e-07,0.0460997149,0.0078125
6,233,1,8,3.10052314e-06,9.53712913e-08,0.0307597425,0.0078125
6,233,1,9,3.10052314e-06,5.6358882e-08,0.0181772169,0.0078125
6,234,1,0,2.9702519e-06,2.31587569e-06,0.779689968,0.0078125
6,234,1,1,2.9702519e-06,1.81098085e-06,0.609706163,0.0078125
6,234,1,2,2.9702519e-06,1.56377246e-06,0.526478052,0.0078125
6,234,1,3,2.9702519e-06,1.06659206e-06,0.359091461,0.0078125
6,234,1,4,2.9702519e-06,7.16397722e-07,0.241190895,0.0078125
6,234,1,5,2.9702519e-06,4.43660241e-07,0.149367884,0.0078125
6,234,1,6,2.9702519e-06,2.66353368e-07,0.0896736607,0.0078125
6,234,1,7,2.9702519e-06,1.44719678e-07,0.0487230308,0.0078125
6,234,1,8,2.9702519e-06,9.72027792e-08,0.032725431,0.0078125
6,234,1,9,2.9702519e-06,5.76148445e-08,0.0193972923,0.0078125
6,235,1,0,3.15172656e-06,2.44532498e-06,0.775868356,0.0078125
6,235,1,1,3.15172656e-06,1.920979e-06,0.609500527,0.0078125
6,235,1,2,3.15172656e-06,1.62859135e-06,0.516729891,0.0078125
6,235,1,3,3.15172656e-06,1.15446596e-06,0.366296351,0.0078125
6,235,1,4,3.15172656e-06,7.81272831e-07,0.247887254,0.0078125
6,235,1,5,3.15172656e-06,4.42399966e-07,0.140367493,0.0078125
6,235,1,6,3.15172656e-06,2.6769419e-07,0.0849357247,0.0078125
6,235,1,7,3.15172656e-06,1.43749574e-07,0.0456097871,0.0078125
6,235,1,8,3.15172656e-06,9.61839106e-08,0.0305178482,0.0078125
6,235,1,9,3.15172656e-06,5.72443462e-08,0.0181628522,0.0078125
6,236,1,0,3.03651632e-06,2.46024342e-06,0.810219049,0.0078125
6,236,1,1,3.03651632e-06,1.95453322e-06,0.643676162,0.0078125
6,236,1,2,3.03651632e-06,1.65599351e-06,0.545359671,0.0078125
6,236,1,3,3.03651632e-06,1.11774636e-06,0.368101537,0.0078125
6,236,1,4,3.03651632e-06,7.49452909e-07,0.246813402,0.0078125
6,236,1,5,3.03651632e-06,4.3351136e-07,0.142766029,0.0078125
6,236,1,6,3.03651632e-06,2.63343907e-07,0.0867256671,0.0078125
6,236,1,7,3.03651632e-06,1.4487243e-07,0.0477100797,0.0078125
6,236,1,8,3.03651632e-06,9.68287495e-08,0.031888105,0.0078125
6,236,1,9,3.03651632e-06,5.76514836e-08,0.0189860612,0.0078125
6,237,1,0,3.02905414e-06,2.52545897e-06,0.833745062,0.0078125
6,237,1,1,3.02905414e-06,2.07516337e-06,0.68508625,0.0078125
6,237,1,2,3.02905414e-06,1.75147477e-06,0.578224957,0.0078125
6,237,1,3,3.02905414e-06,1.2581844e-06,0.415372044,0.0078125
6,237,1,4,3.02905414e-06,8.06152741e-07,0.266140103,0.0078125
6,237,1,5,3.02905414e-06,4.44376013e-07,0.14670454,0.0078125
6,237,1,6,3.02905414e-06,2.66461996e-07,0.0879687145,0.0078125
6,237,1,7,3.02905414e-06,1.44119539e-07,0.0475790575,0.0078125
6,237,1,8,3.02905414e-06,9.57149382e-08,0.0315989517,0.0078125
6,237,1,9,3.02905414e-06,5.59544588e-08,0.018472584,0.0078125
6,238,1,0,3.12801671e-06,2.58084651e-06,0.825074375,0.0078125
6,238,1,1,3.12801671e-06,2.09378868e-06,0.669366181,0.0078125
6,238,1,2,3.12801671e-06,1.74025536e-06,0.556344628,0.0078125
6,238,1,3,3.12801671e-06,1.13072667e-06,0.361483574,0.0078125
6,238,1,4,3.12801671e-06,7.40342387e-07,0.236681089,0.0078125
6,238,1,5,3.12801671e-06,4.37585385e-07,0.13989228,0.0078125
6,238,1,6,3.12801671e-06,2.64505758e-07,0.0845602155,0.0078125
6,238,1,7,3.12801671e-06,1.45406801e-07,0.0464853011,0.0078125
6,238,1,8,3.12801671e-06,9.68976366e-08,0.0309773404,0.0078125
6,238,1,9,3.12801671e-06,5.74331835e-08,0.0183608942,0.0078125
6,239,1,0,3.09568259e-06,2.56962994e-06,0.830068946,0.0078125
6,239,1,1,3.09568259e-06,2.08180563e-06,0.672486782,0.0078125
6,239,1,2,3.09568259e-06,1.72521015e-06,0.557295561,0.0078125
6,239,1,3,3.09568259e-06,1.16724186e-06,0.377054751,0.0078125
6,239,1,4,3.09568259e-06,7.7966979e-07,0.251857162,0.0078125
6,239,1,5,3.09568259e-06,4.36620581e-07,0.141041785,0.0078125
6,239,1,6,3.09568259e-06,2.6810423e-07,0.0866058543,0.0078125
6,239,1,7,3.09568259e-06,1.44923149e-07,0.0468146019,0.0078125
6,239,1,8,3.09568259e-06,9.42619636e-08,0.0304494929,0.0078125
6,239,1,9,3.09568259e-06,5.59299487e-08,0.0180670805,0.0078125
6,240,1,0,2.95773452e-06,2.43706177e-06,0.823962331,0.0078125
6,240,1,1,2.95773452e-06,1.94370909e-06,0.657161474,0.0078125
6,240,1,2,2.95773452e-06,1.63114294e-06,0.55148387,0.0078125
6,240,1,3,2.95773452e-06,1.14561067e-06,0.387327075,0.0078125
6,240,1,4,2.95773452e-06,7.79763468e-07,0.263635367,0.0078125
6,240,1,5,2.95773452e-06,4.46121618e-07,0.150832206,0.0078125
6,240,1,6,2.95773452e-06,2.67116576e-07,0.0903112069,0.0078125
6,240,1,7,2.95773452e-06,1.45069038e-07,0.0490473509,0.0078125
6,240,1,8,2.95773452e-06,9.55324921e-08,0.0322992094,0.0078125
6,240,1,9,2.95773452e-06,5.78200456e-08,0.0195487607,0.0078125
6,241,1,0,2.9728003e-06,2.54912402e-06,0.857482433,0.0078125
6,241,1,1,2.9728003e-06,2.03256263e-06,0.683719873,0.0078125
6,241,1,2,2.9728003e-06,1.64872768e-06,0.554604232,0.0078125
6,241,1,3,2.9728003e-06,1.11193572e-06,0.374036461,0.0078125
6,241,1,4,2.9728003e-06,7.54505322e-07,0.253802896,0.0078125
6,241,1,5,2.9728003e-06,4.43962193e-07,0.149341404,0.0078125
6,241,1,6,2.9728003e-06,2.69652247e-07,0.0907064751,0.0078125
6,241,1,7,2.9728003e-06,1.45824259e-07,0.0490528271,0.0078125
6,241,1,8,2.9728003e-06,9.53663744e-08,0.0320796445,0.0078125
6,241,1,9,2.9728003e-06,5.65301974e-08,0.0190158077,0.0078125
6,242,1,0,3.10319706e-06,2.59180865e-06,0.835205972,0.0078125
6,242,1,1,3.10319706e-06,1.99558554e-06,0.643074036,0.0078125
6,242,1,2,3.10319706e-06,1.61599269e-06,0.52075088,0.0078125
6,242,1,3,3.10319706e-06,1.0878075e-06,0.350544125,0.0078125
6,242,1,4,3.10319706e-06,7.42295015e-07,0.239203319,0.0078125
6,242,1,5,3.10319706e-06,4.43533224e-07,0.142927825,0.0078125
6,242,1,6,3.10319706e-06,2.66880534e-07,0.0860017985,0.0078125
6,242,1,7,3.10319706e-06,1.44456024e-07,0.0465507098,0.0078125
6,242,1,8,3.10319706e-06,9.32131883e-08,0.0300377924,0.0078125
6,242,1,9,3.10319706e-06,5.58349313e-08,0.0179927126,0.0078125
6,243,1,0,2.99557837e-06,2.55409577e-06,0.852621913,0.0078125
6,243,1,1,2.99557837e-06,2.01662374e-06,0.67320013,0.0078125
6,243,1,2,2.99557837e-06,1.6065826e-06,0.536318004,0.0078125
6,243,1,3,2.99557837e-06,1.06834e-06,0.356638968,0.0078125
6,243,1,4,2.99557837e-06,7.30402689e-07,0.243826941,0.0078125
6,243,1,5,2.99557837e-06,4.38230671e-07,0.146292508,0.0078125
6,243,1,6,2.99557837e-06,2.65602921e-07,0.0886649862,0.0078125
6,243,1,7,2.99557837e-06,1.44305702e-07,0.0481729023,0.0078125
6,243,1,8,2.99557837e-06,9.42964746e-08,0.031478554,0.0078125
6,243,1,9,2.99557837e-06,5.58522117e-08,0.0186448842,0.0078125
6,244,1,0,2.9964915e-06,2.6101643e-06,0.871073484,0.0078125
6,244,1,1,2.9964915e-06,2.05858169e-06,0.686997354,0.0078125
6,244,1,2,2.9964915e-06,1.61127525e-06,0.537720621,0.0078125
6,244,1,3,2.9964915e-06,1.12543466e-06,0.375584126,0.0078125
6,244,1,4,2.9964915e-06,7.71340069e-07,0.257414401,0.0078125
6,244,1,5,2.9964915e-06,4.39909712e-07,0.146808267,0.0078125
6,244,1,6,2.9964915e-06,2.64600544e-07,0.0883034542,0.0078125
6,244,1,7,2.9964915e-06,1.41635255e-07,0.0472670309,0.0078125
6,244,1,8,2.9964915e-06,9.28011445e-08,0.0309699345,0.0078125
6,244,1,9,2.9964915e-06,5.48393118e-08,0.018301174,0.0078125
6,245,1,0,3.06147103e-06,2.6037776e-06,0.850498855,0.0078125
6,245,1,1,3.06147103e-06,1.9988704e-06,0.652911723,0.0078125
6,245,1,2,3.06147103e-06,1.56309045e-06,0.51056844,0.0078125
6,245,1,3,3.06147103e-06,1.02130321e-06,0.333598852,0.0078125
6,245,1,4,3.06147103e-06,6.80936751e-07,0.222421423,0.0078125
6,245,1,5,3.06147103e-06,4.25499479e-07,0.138985306,0.0078125
6,245,1,6,3.06147103e-06,2.55146148e-07,0.0833410323,0.0078125
6,245,1,7,3.06147103e-06,1.38483742e-07,0.0452343784,0.0078125
6,245,1,8,3.06147103e-06,8.99792241e-08,0.0293908454,0.0078125
6,245,1,9,3.06147103e-06,5.38282379e-08,0.0175824743,0.0078125
6,246,1,0,3.15703028e-06,2.63669381e-06,0.835181653,0.0078125
6,246,1,1,3.15703028e-06,1.9626118e-06,0.621663928,0.0078125
6,246,1,2,3.15703028e-06,1.54568579e-06,0.489601195,0.0078125
6,246,1,3,3.15703028e-06,1.11603651e-06,0.353508323,0.0078125
6,246,1,4,3.15703028e-06,7.67828851e-07,0.243212387,0.0078125
6,246,1,5,3.15703028e-06,4.30545356e-07,0.136376694,0.0078125
6,246,1,6,3.15703028e-06,2.53450025e-07,0.0802811533,0.0078125
6,246,1,7,3.15703028e-06,1.38071726e-07,0.0437346846,0.0078125
6,246,1,8,3.15703028e-06,8.92249474e-08,0.0282623041,0.0078125
6,246,1,9,3.15703028e-06,5.29199724e-08,0.0167625807,0.0078125
6,247,1,0,3.10977407e-06,2.59589979e-06,0.834755123,0.0078125
6,247,1,1,3.10977407e-06,1.96736596e-06,0.632639527,0.0078125
6,247,1,2,3.10977407e-06,1.54096415e-06,0.495522857,0.0078125
6,247,1,3,3.10977407e-06,1.07084395e-06,0.344347835,0.0078125
6,247,1,4,3.10977407e-06,7.46207547e-07,0.239955544,0.0078125
6,247,1,5,3.10977407e-06,4.33866973e-07,0.139517203,0.0078125
6,247,1,6,3.10977407e-06,2.52306165e-07,0.0811332762,0.0078125
6,247,1,7,3.10977407e-06,1.35709627e-07,0.0436397046,0.0078125
6,247,1,8,3.10977407e-06,8.78090987e-08,0.0282364879,0.0078125
6,247,1,9,3.10977407e-06,5.30849213e-08,0.0170703474,0.0078125
6,248,1,0,3.03216029e-06,2.51954521e-06,0.830940664,0.0078125
6,248,1,1,3.03216029e-06,1.93098435e-06,0.636834502,0.0078125
6,248,1,2,3.03216029e-06,1.55434452e-06,0.512619495,0.0078125
6,248,1,3,3.03216029e-06,1.09648511e-06,0.361618459,0.0078125
6,248,1,4,3.03216029e-06,7.6207084e-07,0.251329333,0.0078125
6,248,1,5,3.03216029e-06,4.35591431e-07,0.143657118,0.0078125
6,248,1,6,3.03216029e-06,2.52579611e-07,0.083300218,0.0078125
6,248,1,7,3.03216029e-06,1.37119372e-07,0.0452216752,0.0078125
6,248,1,8,3.03216029e-06,8.93679371e-08,0.029473355,0.0078125
6,248,1,9,3.03216029e-06,5.34283515e-08,0.0176205561,0.0078125
6,249,1,0,3.06482275e-06,2.56083013e-06,0.835555732,0.0078125
6,249,1,1,3.06482275e-06,1.92197649e-06,0.627108514,0.0078125
6,249,1,2,3.06482275e-06,1.53988867e-06,0.502439737,0.0078125
6,249,1,3,3.06482275e-06,1.09548989e-06,0.357439876,0.0078125
6,249,1,4,3.06482275e-06,7.55769065e-07,0.246594712,0.0078125
6,249,1,5,3.06482275e-06,4.38085948e-07,0.142940059,0.0078125
6,249,1,6,3.06482275e-06,2.51095713e-07,0.0819282979,0.0078125
6,249,1,7,3.06482275e-06,1.3755546e-07,0.0448820293,0.0078125
6,249,1,8,3.06482275e-06,8.80171527e-08,0.0287185125,0.0078125
6,249,1,9,3.06482275e-06,5.22378087e-08,0.017044317,0.0078125
6,250,1,0,3.10429073e-06,2.53943358e-06,0.818039894,0.0078125
6,250,1,1,3.10429073e-06,1.93284791e-06,0.62263751,0.0078125
6,250,1,2,3.10429073e-06,1.54847794e-06,0.498818606,0.0078125
6,250,1,3,3.10429073e-06,1.08295637e-06,0.348857909,0.0078125
6,250,1,4,3.10429073e-06,7.51856305e-07,0.242199063,0.0078125
6,250,1,5,3.10429073e-06,4.42421737e-07,0.142519429,0.0078125
6,250,1,6,3.10429073e-06,2.55966e-07,0.0824555531,0.0078125
6,250,1,7,3.10429073e-06,1.40375107e-07,0.0452197045,0.0078125
6,250,1,8,3.10429073e-06,9.00181689e-08,0.0289979819,0.0078125
6,250,1,9,3.10429073e-06,5.35680229e-08,0.0172561239,0.0078125
6,251,1,0,3.19013589e-06,2.61587138e-06,0.819987476,0.0078125
6,251,1,1,3.19013589e-06,1.94506242e-06,0.609711468,0.0078125
6,251,1,2,3.19013589e-06,1.58272599e-06,0.496131212,0.0078125
6,251,1,3,3.19013589e-06,1.14949944e-06,0.3603293,0.0078125
6,251,1,4,3.19013589e-06,7.75715421e-07,0.24316062,0.0078125
6,251,1,5,3.19013589e-06,4.45598857e-07,0.139680207,0.0078125
6,251,1,6,3.19013589e-06,2.58465548e-07,0.0810202286,0.0078125
6,251,1,7,3.19013589e-06,1.41936709e-07,0.0444923714,0.0078125
6,251,1,8,3.19013589e-06,9.0985445e-08,0.0285208672,0.0078125
6,251,1,9,3.19013589e-06,5.33125117e-08,0.0167116746,0.0078125
6,252,1,0,3.20579625e-06,2.69314751e-06,0.840086937,0.0078125
6,252,1,1,3.20579625e-06,2.05078868e-06,0.639712751,0.0078125
6,252,1,2,3.20579625e-06,1.62404001e-06,0.506594896,0.0078125
6,252,1,3,3.20579625e-06,1.10553185e-06,0.344854057,0.0078125
6,252,1,4,3.20579625e-06,7.53293932e-07,0.234978735,0.0078125
6,252,1,5,3.20579625e-06,4.38423456e-07,0.136759609,0.0078125
6,252,1,6,3.20579625e-06,2.55670955e-07,0.0797527134,0.0078125
6,252,1,7,3.20579625e-06,1.39432046e-07,0.0434937328,0.0078125
6,252,1,8,3.20579625e-06,8.87536231e-08,0.0276853591,0.0078125
6,252,1,9,3.20579625e-06,5.27138511e-08,0.0164432935,0.0078125
6,253,1,0,3.04754371e-06,2.50507969e-06,0.821999609,0.0078125
6,253,1,1,3.04754371e-06,1.94399809e-06,0.63789016,0.0078125
6,253,1,2,3.04754371e-06,1.59958938e-06,0.524878263,0.0078125
6,253,1,3,3.04754371e-06,1.172152e-06,0.384621888,0.0078125
6,253,1,4,3.04754371e-06,7.80327753e-07,0.256051362,0.0078125
6,253,1,5,3.04754371e-06,4.40313869e-07,0.144481555,0.0078125
6,253,1,6,3.04754371e-06,2.56316156e-07,0.0841058195,0.0078125
6,253,1,7,3.04754371e-06,1.40867428e-07,0.0462232679,0.0078125
6,253,1,8,3.04754371e-06,8.97066599e-08,0.0294357259,0.0078125
6,253,1,9,3.04754371e-06,5.25724424e-08,0.0172507595,0.0078125
6,254,1,0,3.15655461e-06,2.55678401e-06,0.809992015,0.0078125
6,254,1,1,3.15655461e-06,1.92341918e-06,0.609341323,0.0078125
6,254,1,2,3.15655461e-06,1.61132232e-06,0.510468721,0.0078125
6,254,1,3,3.15655461e-06,1.17351101e-06,0.371769577,0.0078125
6,254,1,4,3.15655461e-06,7.75972808e-07,0.245829046,0.0078125
6,254,1,5,3.15655461e-06,4.41805071e-07,0.139964342,0.0078125
6,254,1,6,3.15655461e-06,2.57954866e-07,0.0817203894,0.0078125
6,254,1,7,3.15655461e-06,1.42062135e-07,0.0450054407,0.0078125
6,254,1,8,3.15655461e-06,8.98048427e-08,0.028450273,0.0078125
6,254,1,9,3.15655461e-06,5.21580219e-08,0.0165237188,0.0078125
6,255,1,0,3.10552241e-06,2.53406824e-06,0.815987766,0.0078125
6,255,1,1,3.10552241e-06,1.92411153e-06,0.619577408,0.0078125
6,255,1,2,3.10552241e-06,1.59187982e-06,0.512596488,0.0078125
6,255,1,3,3.10552241e-06,1.14982072e-06,0.370250344,0.0078125
6,255,1,4,3.10552241e-06,7.69848668e-07,0.247896671,0.0078125
6,255,1,5,3.10552241e-06,4.46873798e-07,0.14389649,0.0078125
6,255,1,6,3.10552241e-06,2.57670365e-07,0.0829716623,0.0078125
6,255,1,7,3.10552241e-06,1.43109617e-07,0.0460822992,0.0078125
6,255,1,8,3.10552241e-06,9.04243009e-08,0.0291172583,0.0078125
6,255,1,9,3.10552241e-06,5.22653814e-08,0.0168298185,0.0078125
