# Numi Solver explicit-yarn cloth bag reference
# static_bench min -0.75 -0.5 -0.08 max 0.75 0.5 0 floor -0.75
# vertices 1465 render_triangles 2880
v 0.310942245 0 0.0205074787
v 0.331776919 0.04367926 0.0327089059
v 0.328275291 0.087961099 0.0381344644
v 0.304254623 0.126026391 0.0334033697
v 0.275380282 0.15899088 0.0247276393
v 0.251753065 0.193176921 0.0201431607
v 0.229647755 0.229647755 0.0203052052
v 0.1999705 0.26060663 0.019020461
v 0.16058773 0.278146107 0.0124993866
v 0.117609991 0.283935636 0.00547532693
v 0.076933591 0.28712007 0.00624956756
v 0.0386382355 0.293486536 0.016541662
v 1.83625791e-17 0.299883674 0.0286495273
v -0.0394612366 0.29973785 0.0336176382
v -0.077948157 0.290906482 0.0306879294
v -0.114367028 0.27610643 0.0267953063
v -0.148934057 0.257961353 0.0271165814
v -0.181878125 0.237028187 0.0285796414
v -0.214128776 0.214128776 0.0243732658
v -0.248624982 0.190776658 0.0136975391
v -0.286976201 0.165685787 0.004357338
v -0.32295881 0.133773919 0.00456659457
v -0.342779704 0.0918475448 0.0136961025
v -0.336713152 0.0443291275 0.0231497254
v -0.311057755 3.80935884e-17 0.0262605852
v -0.284901785 -0.0375080316 0.0251811576
v -0.272530573 -0.073024347 0.0266198689
v -0.270398446 -0.112002704 0.0321182281
v -0.263287519 -0.15200912 0.03525863
v -0.241712712 -0.185472688 0.0294883737
v -0.210172663 -0.210172663 0.0169267308
v -0.178679109 -0.232859148 0.00708947562
v -0.15041227 -0.260521694 0.00674628014
v -0.120419104 -0.290717433 0.0130030752
v -0.0840518551 -0.313685794 0.0177641631
v -0.0425490561 -0.323192168 0.0178268036
v -5.91718092e-17 -0.322116326 0.0181185366
v 0.041726055 -0.316940854 0.0242724252
v 0.0830372891 -0.309899382 0.0340664038
v 0.123662067 -0.298546639 0.0387262916
v 0.162065943 -0.280706448 0.0328696879
v 0.196771484 -0.256437591 0.0210518931
v 0.225691642 -0.225691642 0.0128586703
v 0.244840796 -0.187872951 0.0124123975
v 0.251691601 -0.145314213 0.0148883287
v 0.251694259 -0.104255176 0.0139118076
v 0.25802616 -0.0691379013 0.0103176282
v 0.279965551 -0.0368581641 0.0112187401
v 0.310997907 0.000921477977 0.0287828049
v 0.328529817 0.0442424536 0.0396642101
v 0.322645851 0.0874781368 0.0443479838
v 0.296321951 0.123770469 0.0400093465
v 0.26522951 0.154179948 0.0323102072
v 0.241134383 0.186166656 0.0283284538
v 0.221469949 0.222786267 0.0284724516
v 0.195862678 0.256825257 0.0271881502
v 0.159576837 0.278296232 0.0212599979
v 0.117461726 0.28597135 0.0150685172
v 0.0762916787 0.288136675 0.0159668855
v 0.0375695955 0.292053688 0.0252738699
v -0.000877249872 0.296070965 0.0359851052
v -0.0395512095 0.293694191 0.0402072479
v -0.0766505764 0.28271053 0.0374640831
v -0.111592497 0.267166368 0.034007293
v -0.146070544 0.251279232 0.0343261437
v -0.181314636 0.234849751 0.0355451398
v -0.216702085 0.215421714 0.0316412658
v -0.25163493 0.191904378 0.0220936415
v -0.285788354 0.163872868 0.0139599123
v -0.315187747 0.129462258 0.0144312408
v -0.330563149 0.087525191 0.0227183987
v -0.324555764 0.0417506412 0.0310831276
v -0.301915881 -0.000894568191 0.0337275864
v -0.278903368 -0.037559359 0.0327455316
v -0.268913379 -0.0729097905 0.0341108219
v -0.269241582 -0.112459292 0.0390367361
v -0.264661378 -0.153849688 0.0417109969
v -0.24401728 -0.188392383 0.036406295
v -0.210641409 -0.211893367 0.0252036206
v -0.17581483 -0.230537484 0.0166180632
v -0.145307315 -0.253410702 0.0165046345
v -0.115412419 -0.280982125 0.0220938028
v -0.0805879169 -0.30436261 0.0261837836
v -0.0406311978 -0.315853579 0.0261077206
v 0.000938796297 -0.316842823 0.0263844081
v 0.0422506031 -0.313738994 0.0319509721
v 0.0837373509 -0.3088487 0.0406496982
v 0.124637263 -0.298397165 0.0446237753
v 0.161959092 -0.278611656 0.0392383387
v 0.193244404 -0.250301912 0.0287223047
v 0.21797755 -0.216689643 0.0215887656
v 0.23572781 -0.179773129 0.0213181916
v 0.24591858 -0.141011284 0.0234888764
v 0.251765728 -0.103411886 0.0225152965
v 0.261936136 -0.0693544045 0.019331254
v 0.283351503 -0.0364501521 0.0203190968
v 0.302723151 0.00179393597 0.0369892091
v 0.31328935 0.0431355297 0.0448641171
v 0.305104741 0.0836935122 0.0482205233
v 0.279704633 0.117804146 0.0451490948
v 0.250026556 0.146335223 0.0397303768
v 0.227194309 0.176481168 0.0369252099
v 0.209758287 0.21225916 0.0369232332
v 0.187646596 0.247569756 0.0357992019
v 0.154747373 0.271736481 0.0314234849
v 0.114553277 0.281258779 0.0270377019
v 0.0740185956 0.282937267 0.0278217343
v 0.0357710723 0.284736943 0.0345360406
v -0.0016987662 0.286663441 0.0420814068
v -0.0389669734 0.283013512 0.0448956338
v -0.07449751 0.27158071 0.0427739983
v -0.108165538 0.256819501 0.0402156057
v -0.142518012 0.243504516 0.0403495675
v -0.179043902 0.230493462 0.0410782749
v -0.215278628 0.212742179 0.0381928836
v -0.247388499 0.187509211 0.0314672262
v -0.27393365 0.155998607 0.0259606736
v -0.294520983 0.119954811 0.0266452869
v -0.305880281 0.0800206671 0.0327589058
v -0.303507016 0.0381291283 0.0387293624
v -0.289058052 -0.00171295666 0.0405386857
v -0.272971342 -0.037584308 0.0398109369
v -0.265604356 -0.0728581319 0.040809321
v -0.265687879 -0.111900662 0.0443117379
v -0.260717553 -0.152592437 0.0461485867
v -0.240162424 -0.186554608 0.0423344096
v -0.206214467 -0.208673089 0.0344569705
v -0.16982477 -0.224056699 0.0285444289
v -0.138106171 -0.24251452 0.0285919372
v -0.108671639 -0.266817792 0.0324874969
v -0.0757582521 -0.289587132 0.0351443191
v -0.0379949841 -0.302439231 0.0348361727
v 0.00180812642 -0.305117762 0.0348993964
v 0.0417528643 -0.303247179 0.0388117314
v 0.0820541341 -0.299128387 0.0449335062
v 0.121539271 -0.288573011 0.0476583516
v 0.156409648 -0.267239593 0.0437861279
v 0.183991874 -0.236863271 0.0364004846
v 0.205653621 -0.203230575 0.0314902311
v 0.224237956 -0.169962154 0.0313787402
v 0.240317352 -0.136854936 0.0328585721
v 0.253555588 -0.103270105 0.0320667408
v 0.266644117 -0.0697561806 0.0298323983
v 0.283669158 -0.0356369281 0.0307320618
v 0.289712283 0.00257528812 0.04504293
v 0.292507984 0.0411577119 0.0494950647
v 0.283316007 0.0786199857 0.051520448
v 0.261660177 0.11111826 0.0501040449
v 0.235937096 0.139029137 0.047349841
v 0.215059754 0.168079292 0.0458003305
v 0.198715506 0.202280004 0.0455488738
v 0.178501365 0.23695929 0.0446404617
v 0.148195273 0.262033442 0.0421175638
v 0.110121667 0.272688059 0.0397670846
v 0.0708593677 0.274176345 0.0402483953
v 0.0336795462 0.274666289 0.0438199636
v -0.00245075057 0.275702178 0.0477095175
v -0.0383396849 0.272480257 0.0490037109
v -0.0728009237 0.262346359 0.0476514792
v -0.105774671 0.249077145 0.0460485549
v -0.139832827 0.237300986 0.0458527729
v -0.176233669 0.225493391 0.0460210293
v -0.211165114 0.207444046 0.0444587452
v -0.238691119 0.179805951 0.0411346733
v -0.257083501 0.145395791 0.0386626376
v -0.269610294 0.10887875 0.0394827303
v -0.278675222 0.0720220778 0.043017707
v -0.282214982 0.0346051659 0.0462810777
v -0.27807915 -0.00247187977 0.0472257191
v -0.269767127 -0.0379579304 0.046795681
v -0.263822099 -0.0732104404 0.0472724679
v -0.260979239 -0.110829089 0.0490760622
v -0.253261124 -0.149237555 0.0500547733
v -0.232326954 -0.18157442 0.0481747127
v -0.19920478 -0.202778055 0.0442689161
v -0.163143972 -0.216572461 0.0413878449
v -0.131329468 -0.232211946 0.0414612715
v -0.102499732 -0.253814292 0.0432937527
v -0.0712206789 -0.275574367 0.0442825365
v -0.0354281188 -0.288926397 0.0436813621
v 0.00259641732 -0.292089255 0.0433673973
v 0.0407759574 -0.289794853 0.0451981757
v 0.0790295025 -0.284791747 0.048297805
v 0.116172679 -0.273562271 0.0497269367
v 0.148433865 -0.251897235 0.0478182612
v 0.173420042 -0.221893317 0.0441459062
v 0.193892945 -0.19047624 0.0417359257
v 0.214840631 -0.161839385 0.0417024125
v 0.237161887 -0.13412895 0.0423743518
v 0.256892057 -0.103742649 0.0418588584
v 0.27107549 -0.0700579688 0.0407337375
v 0.281377704 -0.0345024991 0.0414336427
v 0.277019638 0.00328334944 0.0529767909
v 0.273723197 0.0393420104 0.0548364127
v 0.265281872 0.0744627742 0.0560115448
v 0.248921472 0.106580216 0.0560752611
v 0.22797891 0.135251307 0.055460264
v 0.208628918 0.164051347 0.0548086953
v 0.191782775 0.19638348 0.0542473579
v 0.171518485 0.229098892 0.053460774
v 0.142388206 0.253515666 0.0523928279
v 0.105844607 0.26435018 0.0516032946
v 0.0678090405 0.265619856 0.0517423289
v 0.0317680918 0.265589638 0.0527407713
v -0.00316670065 0.267177857 0.0537286641
v -0.0382554247 0.266163244 0.0538529881
v -0.072598595 0.258640528 0.0530858042
v -0.105629204 0.246700354 0.0521182332
v -0.13917465 0.234592076 0.0515226668
v -0.174180455 0.221510403 0.0512099236
v -0.206566675 0.201727408 0.0507899946
v -0.229755348 0.172009952 0.0503005878
v -0.242146055 0.136002414 0.0503193245
v -0.249529466 0.0999104609 0.0512726237
v -0.258304868 0.065941626 0.0527973052
v -0.268032243 0.0320602603 0.0539917248
v -0.273113531 -0.00323705267 0.0543186378
v -0.270852423 -0.0389293965 0.0541116832
v -0.264418359 -0.074220392 0.0540968536
v -0.256840053 -0.109970699 0.0545166166
v -0.245190188 -0.145462111 0.0549023616
v -0.2238517 -0.17602149 0.0547278293
v -0.192609498 -0.197230035 0.0540991284
v -0.158208386 -0.211320464 0.0536184812
v -0.127031544 -0.226173835 0.053607937
v -0.098658176 -0.246401845 0.0536866041
v -0.0682776762 -0.267455584 0.0532557322
v -0.0335740767 -0.280688149 0.0523041094
v 0.00335370147 -0.282955312 0.0515218886
v 0.0400159823 -0.278412376 0.0515424275
v 0.0760845712 -0.271059704 0.0522042191
v 0.110921711 -0.259061171 0.0527179388
v 0.141538768 -0.238577022 0.0525391643
v 0.165892381 -0.210970215 0.0519101065
v 0.18704684 -0.182664866 0.0514615706
v 0.210664008 -0.15771692 0.0514206785
v 0.237543445 -0.133417337 0.0514255218
v 0.261222559 -0.104592322 0.0511534607
v 0.274770572 -0.0701450906 0.0509242099
v 0.278245543 -0.0332819083 0.0514508728
v 0.270471334 0.0040072759 0.060939295
v 0.264446104 0.0388086951 0.0622236926
v 0.258293667 0.073327536 0.0634038797
v 0.24716984 0.106697943 0.0641525639
v 0.230145195 0.137460026 0.0642787236
v 0.211098659 0.167007968 0.0637984867
v 0.192185356 0.197965796 0.0629238124
v 0.17000796 0.228489283 0.0619739717
v 0.140189222 0.251341789 0.0612464722
v 0.103679072 0.261181661 0.0609005778
v 0.065908634 0.261404908 0.0609011233
v 0.0304265243 0.260927424 0.0610451858
v -0.00391457015 0.264214154 0.0610597655
v -0.0391971678 0.267093194 0.0607291613
v -0.0747275096 0.263225025 0.0599984078
v -0.108767765 0.251964662 0.0590090494
v -0.141745073 0.237319521 0.0580515768
v -0.174608372 0.220705597 0.0574534382
v -0.204501219 0.19852995 0.0574483596
v -0.225665752 0.167907106 0.0580806662
v -0.236407357 0.131859344 0.0591840851
v -0.242839344 0.0963978782 0.0604439873
v -0.252837137 0.0637484219 0.0615177848
v -0.266837916 0.0311157417 0.0621643816
v -0.27729414 -0.00410836191 0.0623300034
v -0.277573857 -0.0407352539 0.0621558752
v -0.26870667 -0.0762837052 0.0619055649
v -0.25579375 -0.110420701 0.0618429953
v -0.240175802 -0.143451059 0.0621124304
v -0.218532423 -0.172889094 0.0626707833
v -0.189404703 -0.195101508 0.0633007713
v -0.157011965 -0.211022774 0.0636997982
v -0.126665167 -0.227094846 0.0636078937
v -0.0984438279 -0.24799337 0.0629216347
v -0.0680243989 -0.269796393 0.0617465261
v -0.0330250099 -0.283211144 0.0603655353
v 0.00420106766 -0.283551321 0.0591359567
v 0.0403467812 -0.274926768 0.0583562915
v 0.0748837316 -0.263775312 0.0581571682
v 0.108350879 -0.250998929 0.058460412
v 0.139166012 -0.233001476 0.0590222898
v 0.165288689 -0.208925485 0.0595423124
v 0.188566085 -0.183060109 0.0597920773
v 0.213846304 -0.159112819 0.0597105844
v 0.242029279 -0.134995045 0.0594265696
v 0.266335686 -0.105725022 0.0591988208
v 0.278364163 -0.070184611 0.0592995864
v 0.277300652 -0.0323357925 0.0598899179
v 0.267929322 0.00476368982 0.068976069
v 0.26179756 0.0392127586 0.0707207141
v 0.258784403 0.074296118 0.0723130525
v 0.25232278 0.109810435 0.0733115428
v 0.237969953 0.14309189 0.0734627134
v 0.217766283 0.173334524 0.0727950716
v 0.195339755 0.202411635 0.0716011215
v 0.170111577 0.23004868 0.0703153441
v 0.139026452 0.251002404 0.0693386486
v 0.102431414 0.260284941 0.0688815718
v 0.0648612492 0.260504339 0.0688904259
v 0.029608207 0.260619743 0.0690860199
v -0.004732048 0.266149658 0.069097824
v -0.0408691069 0.272855898 0.0686368497
v -0.0780872534 0.27198949 0.067634448
v -0.113226114 0.260171338 0.0662883434
v -0.145179764 0.241442206 0.0649956742
v -0.175294992 0.220229288 0.0641997067
v -0.202969261 0.195877898 0.064212837
v -0.224158172 0.165755787 0.0650886088
v -0.236682527 0.131094888 0.0665955656
v -0.245136594 0.0964699986 0.0683040171
v -0.25693627 0.0639728593 0.0697504663
v -0.273042375 0.0310195041 0.0706126371
v -0.285452889 -0.00507525271 0.0708238921
v -0.28556615 -0.0427728833 0.0705810311
v -0.273195261 -0.0784334262 0.0702435934
v -0.255170518 -0.111049766 0.0701676012
v -0.236353628 -0.14211999 0.0705436594
v -0.215271774 -0.17134898 0.0713073307
v -0.189003377 -0.195845862 0.072159567
v -0.158960411 -0.214968514 0.0726891743
v -0.12914388 -0.23316012 0.0725467753
v -0.100248793 -0.254738758 0.0715980977
v -0.0688609176 -0.276568336 0.069992629
v -0.0328678968 -0.289312446 0.0681183669
v 0.00510689452 -0.287232553 0.0664602396
v 0.041116535 -0.274507811 0.0654194298
v 0.0746422907 -0.259990174 0.0651669308
v 0.107634087 -0.24732196 0.0655905373
v 0.140032116 -0.232881375 0.0663559777
v 0.169388512 -0.212808769 0.0670559156
v 0.195288236 -0.188465233 0.0673844992
v 0.220859022 -0.163316201 0.0672648974
v 0.247479997 -0.137075444 0.0668770351
v 0.269887105 -0.106210208 0.0665743381
v 0.280136406 -0.0697493075 0.0667245035
v 0.276889814 -0.0314565998 0.0675410008
v 0.267344357 0.00554571524 0.0770352969
v 0.262507153 0.0401146475 0.0792665128
v 0.262371163 0.0761680559 0.0812892108
v 0.259277252 0.113751921 0.0825426088
v 0.24611016 0.148981264 0.0827102178
v 0.22349804 0.178981138 0.0818369098
v 0.196742694 0.205077947 0.0803025942
v 0.168365046 0.229103643 0.0786639105
v 0.136740073 0.248609588 0.0774294532
v 0.101141846 0.25925974 0.0768610671
v 0.0644072562 0.261989537 0.0768825533
v 0.0292213155 0.264191141 0.0771323628
v -0.00563117136 0.271463972 0.0771370569
v -0.0427873255 0.279996951 0.0765322036
v -0.081285176 0.279997775 0.0752376984
v -0.116855779 0.266351942 0.073513366
v -0.147255303 0.243258953 0.0718703297
v -0.174483895 0.217882224 0.0708735015
v -0.200465319 0.192317543 0.0709158869
v -0.223081868 0.163939728 0.0720574512
v -0.239304562 0.13162213 0.073995056
v -0.251064361 0.0979446827 0.0761762504
v -0.264184154 0.0649467785 0.0780106703
v -0.280180993 0.0309899005 0.0790928311
v -0.291962376 -0.00605638441 0.0793456772
v -0.290500256 -0.0443923727 0.0790272009
v -0.274874811 -0.0797979463 0.0785991126
v -0.25301486 -0.111004441 0.078513524
v -0.232462629 -0.140719815 0.0790073402
v -0.213166915 -0.170707792 0.079990614
v -0.190542966 -0.19861556 0.0810759419
v -0.162914756 -0.221687132 0.0817372823
v -0.13286558 -0.241565302 0.0815326451
v -0.102176632 -0.261912234 0.0802982573
v -0.0691452107 -0.281262125 0.0782331739
v -0.0322800206 -0.291845023 0.0758382116
v 0.00597092829 -0.287842761 0.0737329978
v 0.0417196947 -0.273010458 0.0724251115
v 0.0746808262 -0.257248199 0.0721250071
v 0.107900584 -0.24594017 0.07268153
v 0.142445776 -0.235313836 0.0736631412
v 0.175205036 -0.21878273 0.0745500036
v 0.203228188 -0.194968117 0.0749566058
v 0.227708908 -0.167340074 0.0747923848
v 0.250870327 -0.137983524 0.0742938745
v 0.270107614 -0.105373795 0.0739154541
v 0.279067509 -0.0686056883 0.0741246313
v 0.275855171 -0.0305114356 0.0751876233
v 0.270071495 0.00640289392 0.0851165855
v 0.267026053 0.04161523 0.0878426721
v 0.268313736 0.078755973 0.0902972315
v 0.266339888 0.117792771 0.0917999043
v 0.252675931 0.153980667 0.0919733841
v 0.227065493 0.182944897 0.090882745
v 0.196235752 0.205766479 0.0889992265
v 0.165433646 0.226518194 0.0870040771
v 0.134211884 0.245734487 0.0855136226
v 0.100413221 0.259661705 0.0848387352
v 0.064736229 0.266734324 0.0848771457
v 0.0292132388 0.271477102 0.0851816886
v -0.0066134314 0.278951881 0.085174504
v -0.0446697025 0.286625218 0.0844166665
v -0.0837592222 0.285359306 0.0828197038
v -0.119148002 0.269404186 0.0807095365
v -0.148022314 0.242898519 0.0787145443
v -0.17306149 0.214798516 0.0775224721
v -0.198434542 0.189243417 0.0776055096
v -0.223711984 0.163384178 0.0790265352
v -0.244673764 0.133632553 0.0814065046
v -0.25989474 0.100503338 0.084066915
v -0.272983914 0.0662529999 0.0862894321
v -0.286346523 0.0308133147 0.0875867954
v -0.295247534 -0.00699977108 0.0878748074
v -0.291707194 -0.0454617135 0.0874763297
v -0.274273649 -0.0805053383 0.0869577316
v -0.250817814 -0.110927903 0.0868674399
v -0.230203376 -0.140285896 0.0874865098
v -0.213273221 -0.171832571 0.088695856
v -0.194028051 -0.203451555 0.0900161494
v -0.168077725 -0.230138571 0.0908045244
v -0.136840582 -0.250547486 0.0905268949
v -0.103542557 -0.267753952 0.0889928805
v -0.0686331218 -0.28279079 0.0864552836
v -0.031287698 -0.290754943 0.0835315851
v 0.00678923361 -0.286367148 0.080978136
v 0.042407241 -0.272108029 0.0794083647
v 0.0755020891 -0.257228078 0.079069366
v 0.109572672 -0.247753515 0.0797671522
v 0.146244249 -0.239980788 0.0809695947
v 0.181715979 -0.225540198 0.0820429598
v 0.210783492 -0.201020386 0.0825231474
v 0.232944781 -0.170127192 0.0823088962
v 0.251608208 -0.137419913 0.0816970109
v 0.267520917 -0.10345244 0.0812455023
v 0.276541201 -0.0671163509 0.0815221715
v 0.275885521 -0.0296876221 0.0828439638
v 0.276462072 0.00737406993 0.0932179951
v 0.274609297 0.0436308633 0.0964291472
v 0.275028907 0.0816129047 0.0993007324
v 0.271642383 0.12110144 0.101037025
v 0.256233253 0.157191541 0.101204635
v 0.228031063 0.184839757 0.099892255
v 0.194419354 0.205075064 0.0976632408
v 0.162433184 0.223799087 0.0953213517
v 0.132376699 0.244090795 0.0935865674
v 0.100620739 0.262507814 0.0928144202
v 0.0657682241 0.274532959 0.0928736875
v 0.0294117389 0.2811503 0.0932313153
v -0.00764742806 0.286710572 0.0932073838
v -0.0462247023 0.29093472 0.0922923759
v -0.085153059 0.286958942 0.0903931544
v -0.120048028 0.269279477 0.0879035735
v -0.148062648 0.241352517 0.0855683527
v -0.172241724 0.212489261 0.0841946581
v -0.198202992 0.187904355 0.0843292704
v -0.226681263 0.164525065 0.086034033
v -0.252192377 0.136770395 0.0888522862
v -0.26994377 0.103470984 0.0919807072
v -0.281293331 0.0673877661 0.0945766865
v -0.289971106 0.0303345025 0.0960758822
v -0.294737062 -0.00786151855 0.0963908016
v -0.289714506 -0.0460308306 0.0959106983
v -0.272763828 -0.0809407582 0.0953052997
v -0.250246398 -0.111562853 0.0952158943
v -0.230821913 -0.141602433 0.0959636404
v -0.215856839 -0.174971449 0.0973974647
v -0.198706239 -0.209596905 0.0989457351
v -0.173203612 -0.238638493 0.0998510842
v -0.140028461 -0.25819996 0.0994914299
v -0.103891858 -0.271041782 0.0976539725
v -0.067352542 -0.281146297 0.0946477749
v -0.0300394631 -0.28715079 0.0912067194
v 0.00758816042 -0.284488562 0.0882208565
v 0.0434369916 -0.273389083 0.0864048156
v 0.0774006039 -0.260833793 0.0860378505
v 0.112616265 -0.252609305 0.0868805439
v 0.150731326 -0.24570265 0.0883004088
v 0.187569482 -0.231398641 0.0895526593
v 0.216468977 -0.205221238 0.0900987907
v 0.235756317 -0.171111731 0.0898305681
v 0.250098378 -0.135634766 0.0891067535
v 0.263605826 -0.101041613 0.0885879371
v 0.274385925 -0.065733 0.0889388882
v 0.278329983 -0.0291166995 0.0905231201
v 0.285642095 0.00846594708 0.101336024
v 0.283520589 0.0459083955 0.105004275
v 0.280625888 0.0841792701 0.108262105
v 0.27377265 0.123024826 0.110207068
v 0.256262332 0.15825634 0.110356713
v 0.226862117 0.185008752 0.108826078
v 0.192433235 0.204188429 0.106268089
v 0.160548069 0.222586167 0.103602326
v 0.131891799 0.244925615 0.101644344
v 0.101758513 0.26784812 0.100788114
v 0.0671613165 0.284060382 0.100871497
v 0.0295807718 0.291098655 0.101278416
v -0.00867749178 0.292779639 0.10123312
v -0.0472558491 0.291842179 0.100162193
v -0.0854416069 0.284834102 0.0979719044
v -0.119962944 0.266958905 0.0951234916
v -0.148270216 0.240091939 0.0924727949
v -0.173135853 0.212303287 0.0909384448
v -0.200506536 0.18896331 0.0911342531
v -0.231714499 0.167132198 0.0931169137
v -0.260381313 0.140214652 0.0963531926
v -0.279062639 0.106019035 0.0999208071
v -0.287293852 0.0679258165 0.1028613
v -0.290389027 0.0295086611 0.104540999
v -0.291085062 -0.00862726738 0.104873272
v -0.286041474 -0.0463165838 0.104312927
v -0.272025717 -0.081599479 0.103627891
v -0.252512476 -0.113471172 0.103545276
v -0.234651429 -0.144910396 0.104420619
v -0.220280609 -0.179641454 0.106069029
v -0.20328772 -0.215705982 0.107829555
v -0.17698022 -0.245367938 0.108836963
v -0.141668621 -0.263081361 0.108388712
v -0.103153344 -0.271519585 0.106254811
v -0.065595878 -0.277439323 0.102801173
v -0.0287502482 -0.282925633 0.0988735497
v 0.00841572267 -0.283947517 0.0954876254
v 0.0449691302 -0.277719884 0.0934506456
v 0.0803371423 -0.267817503 0.0930681413
v 0.116533055 -0.25932622 0.0940542056
v 0.15489652 -0.250821822 0.0956799148
v 0.191514353 -0.234839439 0.0970964893
v 0.219387875 -0.206757645 0.0976981436
v 0.236239607 -0.170396091 0.0973738381
v 0.247625663 -0.133345768 0.0965437925
v 0.260305066 -0.0988928218 0.0959663088
v 0.274205852 -0.0648313781 0.0963960714
v 0.28363526 -0.0288223589 0.0982370758
v 0.295709901 0.00964136651 0.109465591
v 0.291584206 0.0481011107 0.113544783
v 0.283568474 0.08597858 0.117142547
v 0.272276397 0.123323406 0.119262673
v 0.253315853 0.15747544 0.119382723
v 0.224725158 0.184377409 0.117645841
v 0.191530112 0.204440389 0.114788458
v 0.160610451 0.224068993 0.111834657
v 0.132900209 0.24855968 0.109683625
v 0.10342265 0.274677127 0.108759932
v 0.0684127093 0.293230637 0.108869717
v 0.0294972564 0.299084923 0.109320032
v -0.00964477779 0.295814528 0.109249367
v -0.0477398471 0.289394261 0.108029733
v -0.0849476969 0.280168488 0.105570989
v -0.11960593 0.264068864 0.102398597
v -0.149504618 0.240493945 0.0994698884
v -0.176331389 0.214918408 0.0978025188
v -0.205209373 0.192250535 0.0980670136
v -0.237685443 0.170370589 0.10031091
v -0.267324623 0.142933473 0.103928424
v -0.285309792 0.107426108 0.107888895
v -0.289992338 0.0676571922 0.111131105
v -0.288093052 0.0284131829 0.112962645
v -0.285973387 -0.00932391585 0.113301949
v -0.282647235 -0.0466268257 0.112665981
v -0.27338586 -0.0828911892 0.111911787
v -0.257871187 -0.116798788 0.111841794
v -0.24095401 -0.14979062 0.112838724
v -0.225209889 -0.184775111 0.114683314
v -0.206371606 -0.220282288 0.116631794
v -0.178449729 -0.248956719 0.117722019
v -0.141517018 -0.264675466 0.117181804
v -0.101656271 -0.269985856 0.114769982
v -0.0638189478 -0.27354085 0.110907723
v -0.0276246165 -0.28009745 0.106543701
v 0.00932050457 -0.28586876 0.102806138
v 0.0469880893 -0.284837179 0.100582548
v 0.0839220723 -0.276785846 0.100197721
v 0.120516263 -0.26607872 0.101319982
v 0.157761442 -0.253775918 0.10313171
v 0.192821131 -0.235016639 0.104691371
v 0.219513304 -0.205651183 0.10533578
v 0.235340268 -0.168689591 0.104955458
v 0.245910523 -0.131483755 0.104029192
v 0.259353191 -0.0976528133 0.103404237
v 0.276779149 -0.0645744649 0.1039145
v 0.291089321 -0.02870869 0.105996668
v 0.304304136 0.0108242643 0.117600025
v 0.296899315 0.0498820022 0.122025804
v 0.283226577 0.0867920807 0.125902099
v 0.2678408 0.122272068 0.128156075
v 0.248810065 0.155698394 0.128236175
v 0.223024984 0.184090829 0.126314184
v 0.192588651 0.206794943 0.123200265
v 0.162788004 0.228533935 0.120007049
v 0.134973915 0.254246926 0.11770167
v 0.104940942 0.281233554 0.116730087
v 0.0690201336 0.299846705 0.116867308
v 0.0290216087 0.303465064 0.117353081
v -0.0105128608 0.295549604 0.117254041
v -0.0478464044 0.28478337 0.115899391
v -0.0842366231 0.274887412 0.113206643
v -0.119725767 0.262263049 0.109759482
v -0.152238287 0.243280724 0.106602598
v -0.181632545 0.220046787 0.104835823
v -0.211320341 0.196803165 0.105173534
v -0.242989381 0.173084826 0.10765049
v -0.271299022 0.144026485 0.111595581
v -0.287573825 0.107306784 0.115885167
v -0.289536114 0.066646793 0.119372931
v -0.284574342 0.0272150115 0.121320943
v -0.281543694 -0.010014663 0.121656702
v -0.28121648 -0.0472471317 0.120953168
v -0.277265461 -0.0849653533 0.120143465
v -0.265437307 -0.121174849 0.120091447
v -0.248129574 -0.155272562 0.121198611
v -0.229073414 -0.189083366 0.123212261
v -0.206932976 -0.222197377 0.125315987
v -0.177320925 -0.248936333 0.126466003
v -0.13990296 -0.263531641 0.125834413
v -0.100000658 -0.267993978 0.123175411
v -0.0624795842 -0.271432356 0.118961404
v -0.0267862303 -0.280090782 0.114230472
v 0.0103260665 -0.290298226 0.110205281
v 0.0492827295 -0.293332424 0.107837686
v 0.0875208109 -0.285604626 0.107463842
v 0.123721149 -0.271015058 0.108709045
v 0.158732669 -0.253658916 0.110678665
v 0.19154165 -0.23205161 0.112353782
v 0.21767198 -0.202718462 0.113026263
v 0.234480887 -0.167024103 0.112592508
v 0.246479546 -0.130850389 0.111584385
v 0.261653706 -0.0976348164 0.110925385
v 0.281742946 -0.0648529248 0.111514407
v 0.298981505 -0.0285928276 0.113811553
v 0.309355526 0.0119218132 0.12573105
v 0.298464548 0.0510547341 0.130420882
v 0.280108644 0.0867453362 0.134499679
v 0.262077753 0.120580808 0.136839148
v 0.244511455 0.154018496 0.13687103
v 0.222850088 0.185059367 0.134794783
v 0.19574178 0.211433323 0.131480665
v 0.166495441 0.235210423 0.128109229
v 0.137260824 0.260414865 0.125696299
v 0.105605747 0.28559587 0.124698868
v 0.068647289 0.302321874 0.124863044
v 0.0281372156 0.303710429 0.125374376
v -0.011286604 0.292872674 0.125245341
v -0.0478869483 0.279945761 0.123776377
v -0.0839194151 0.270983485 0.120896314
v -0.120815815 0.262588532 0.117238016
v -0.156328257 0.248178307 0.113914808
v -0.188065161 0.226469692 0.112087511
v -0.217312078 0.201184243 0.112499178
v -0.2461071 0.174208734 0.11516882
v -0.271368654 0.143034404 0.119370659
v -0.285922692 0.105726597 0.123908357
v -0.287116703 0.0651946982 0.127572639
v -0.281783752 0.0261058213 0.129595679
v -0.279645683 -0.0107768677 0.129917561
v -0.282534902 -0.0483298415 0.129158145
v -0.282947985 -0.0876246365 0.128309575
v -0.273401999 -0.125791043 0.128280006
v -0.254229215 -0.160139743 0.129480285
v -0.230617907 -0.191509925 0.131626982
v -0.204694578 -0.221103818 0.133845039
v -0.174057702 -0.245893735 0.135028597
v -0.137582146 -0.261024486 0.134310933
v -0.0988244106 -0.267256701 0.131448397
v -0.0618721994 -0.272484457 0.126957934
v -0.0262383789 -0.283214566 0.121948822
v 0.011412077 -0.296128535 0.117715102
v 0.0514976273 -0.301053689 0.11525365
v 0.0904505576 -0.292073143 0.114903486
v 0.125556036 -0.272891221 0.116251883
v 0.157829982 -0.250562363 0.118342931
v 0.188504131 -0.226998303 0.120099777
v 0.215225062 -0.199252115 0.120784172
v 0.234997058 -0.166344409 0.120302408
v 0.250070696 -0.131808566 0.119231164
v 0.266929879 -0.0987035607 0.118553431
v 0.287689627 -0.0653247902 0.119215437
v 0.305141243 -0.0282697732 0.121690177
v 0.309759234 0.012856647 0.13384877
v 0.296483246 0.0516204515 0.138701994
v 0.275675346 0.0862683892 0.142893116
v 0.25696739 0.119153375 0.145263453
v 0.241895486 0.153373673 0.145241736
v 0.2245269 0.187578633 0.143052379
v 0.200262268 0.217606012 0.139608048
v 0.170568019 0.242484197 0.136131933
v 0.138785252 0.265209121 0.133665858
v 0.104926813 0.286365311 0.132666615
v 0.0672339774 0.300214343 0.1328555
v 0.0269455656 0.300539577 0.133380635
v -0.0120145082 0.28946932 0.133221784
v -0.0482054509 0.276869112 0.131666737
v -0.0844315828 0.269805731 0.12865868
v -0.122909686 0.265068287 0.124867343
v -0.161005234 0.253931711 0.121451285
v -0.194157674 0.232401846 0.119606901
v -0.221636741 0.203971738 0.120088643
v -0.246157688 0.173152023 0.122897741
v -0.26772525 0.140101955 0.127268042
v -0.28154422 0.103160322 0.131955752
v -0.284484773 0.0637112891 0.135715156
v -0.281395516 0.0252291608 0.137766329
v -0.281164764 -0.0116698252 0.138064739
v -0.286183968 -0.0498272527 0.137264915
v -0.288765487 -0.0903647486 0.136396923
v -0.279589323 -0.129642954 0.13639298
v -0.257596472 -0.163328874 0.137663091
v -0.229353857 -0.191611263 0.139897764
v -0.200241264 -0.217583189 0.142181245
v -0.169705559 -0.241258101 0.143369456
v -0.135436199 -0.258809309 0.142576488
v -0.0985505055 -0.268963151 0.139567648
v -0.0620176546 -0.276922326 0.134894784
v -0.025868849 -0.288530331 0.129715349
v 0.012511964 -0.301454678 0.125366765
v 0.0532422532 -0.305798102 0.122868412
v 0.092201555 -0.294635102 0.122553339
v 0.125886644 -0.271488425 0.123978281
v 0.155697313 -0.245560246 0.126145946
v 0.185032222 -0.221478911 0.127945014
v 0.21355246 -0.196531794 0.128624121
v 0.23758461 -0.167121556 0.128102927
v 0.25629318 -0.134119496 0.126991669
v 0.273784241 -0.100316996 0.126312043
v 0.292651896 -0.0655403429 0.127036618
v 0.307674392 -0.0275852538 0.129639744
v 0.305731552 0.0135970229 0.141937869
v 0.29223907 0.0517741068 0.146821918
v 0.27179619 0.0859394753 0.151009678
v 0.25415896 0.118767373 0.153344151
v 0.241614808 0.154201301 0.153267362
v 0.227459544 0.191175869 0.151023242
v 0.204764567 0.22382557 0.147542351
v 0.173646067 0.248420952 0.144057074
v 0.138797762 0.267156933 0.141606339
v 0.102813758 0.283193059 0.1406336
v 0.0650124613 0.294382188 0.140842361
v 0.0256210455 0.295611648 0.141366324
v -0.0127712656 0.287164247 0.141180577
v -0.0490494859 0.276859941 0.139580275
v -0.0858699856 0.271576419 0.13652521
v -0.125547742 0.268668765 0.132704245
v -0.165101343 0.258693856 0.129289712
v -0.198414251 0.236071714 0.127480619
v -0.223261118 0.204248184 0.128021574
v -0.243239014 0.170023896 0.130895246
v -0.261644852 0.135934035 0.13531548
v -0.276296682 0.100310015 0.140024842
v -0.283254546 0.0625549911 0.143775505
v -0.284146717 0.024627365 0.145797365
v -0.285683852 -0.0127054269 0.146063161
v -0.290683535 -0.0514985228 0.145244656
v -0.292659649 -0.0925363107 0.144381734
v -0.282172116 -0.131857799 0.144404809
v -0.257414732 -0.164284991 0.145711193
v -0.225729926 -0.189722155 0.14797316
v -0.194830636 -0.212966914 0.150258935
v -0.165517684 -0.236792352 0.151417578
v -0.13413135 -0.258175057 0.150568716
v -0.0992108244 -0.27326904 0.147493759
v -0.0626508935 -0.2836888 0.142765045
v -0.0254967266 -0.294177275 0.1375569
v 0.0135311843 -0.304251158 0.133213455
v 0.0542231437 -0.306062665 0.130748213
v 0.0926058004 -0.29287942 0.13047844
v 0.125077431 -0.267662311 0.131941857
v 0.15338495 -0.240335684 0.134126796
v 0.182483772 -0.217117756 0.13591804
v 0.213531366 -0.195347018 0.136572202
v 0.24197429 -0.169139855 0.136025164
v 0.263687138 -0.136995077 0.134904527
v 0.280165418 -0.101714567 0.134242862
v 0.294816443 -0.0651083637 0.135012152
v 0.305642206 -0.026490407 0.137674474
v 0.299223027 0.0141960245 0.149796277
v 0.28807158 0.05191658 0.153926438
v 0.270502009 0.086412714 0.157442416
v 0.254815128 0.119995151 0.15937351
v 0.243690415 0.15654405 0.159262211
v 0.230718325 0.195084255 0.157330077
v 0.208016044 0.228736894 0.1543742
v 0.174934096 0.251849511 0.15143787
v 0.137279232 0.266158763 0.149391549
v 0.0997882855 0.277419385 0.148596491
v 0.062529749 0.28717848 0.148788459
v 0.0243849413 0.291383238 0.149227332
v -0.0136488655 0.287690039 0.149048021
v -0.0505555023 0.280519314 0.1476646
v -0.0881014836 0.275788448 0.145057445
v -0.128153366 0.272139467 0.141821647
v -0.167730704 0.261104557 0.138953938
v -0.200156867 0.236717501 0.137463966
v -0.222402748 0.202255696 0.137968973
v -0.238825261 0.165887481 0.140438595
v -0.2554964 0.131779804 0.14419526
v -0.272490252 0.0980152666 0.148170838
v -0.284741039 0.0619990249 0.151315079
v -0.289998709 0.0242690745 0.152989272
v -0.292111849 -0.0138586493 0.153185189
v -0.294542475 -0.0530827719 0.152481893
v -0.293422535 -0.0937347478 0.151761434
v -0.280771001 -0.132218048 0.151804003
v -0.254393273 -0.163419448 0.152932605
v -0.22134057 -0.187154879 0.154856357
v -0.190283207 -0.209237657 0.156778737
v -0.162790499 -0.234366591 0.157726886
v -0.134092146 -0.259979598 0.156965834
v -0.100586635 -0.279638862 0.154325645
v -0.0634202449 -0.291268233 0.150304661
v -0.0249850862 -0.298554556 0.145903945
v 0.0144058083 -0.303644837 0.142258579
v 0.0544438495 -0.30209474 0.140215134
v 0.0920459783 -0.288136096 0.14002677
v 0.124059832 -0.263446663 0.141288907
v 0.152232794 -0.236979131 0.143139311
v 0.182082266 -0.215341395 0.144637666
v 0.215571803 -0.196043554 0.145166156
v 0.247390841 -0.171837114 0.144684715
v 0.270641961 -0.139591574 0.143735423
v 0.284567996 -0.102359654 0.143195092
v 0.293705673 -0.063950969 0.143879867
v 0.299939084 -0.025100953 0.146167517
v 0.292649364 0.0147533362 0.157399675
v 0.285968079 0.052412788 0.160079928
v 0.272753783 0.0880235288 0.16234513
v 0.258778343 0.122799565 0.163570387
v 0.247131655 0.159791052 0.163468124
v 0.232997703 0.198198508 0.162192027
v 0.209003764 0.231195537 0.160265928
v 0.174153623 0.252318214 0.158367557
v 0.134689315 0.263047596 0.1570565
v 0.0966122121 0.271109114 0.156558259
v 0.0603322937 0.281090116 0.156692617
v 0.0233778866 0.289674975 0.156974428
v -0.0146966712 0.291525349 0.156843408
v -0.0526106979 0.28704789 0.155925939
v -0.0906722944 0.28096137 0.154218635
v -0.130039561 0.274035351 0.152115813
v -0.168319039 0.260320977 0.15026774
v -0.199394341 0.234403498 0.149326791
v -0.220032344 0.198912093 0.149685423
v -0.234810275 0.162069394 0.151313732
v -0.251450015 0.12875096 0.153763746
v -0.271574607 0.0967780948 0.156339238
v -0.288967231 0.0620230126 0.158361913
v -0.297637178 0.0240204671 0.159425429
v -0.298599791 -0.0150533152 0.159534055
v -0.296332309 -0.0543123643 0.159070665
v -0.290634517 -0.0937940274 0.158609344
v -0.276058139 -0.130999446 0.158652054
v -0.250001808 -0.161646843 0.159399959
v -0.217926649 -0.18537838 0.160655374
v -0.187996038 -0.207957236 0.161895877
v -0.162128851 -0.234896418 0.16249046
v -0.135121945 -0.263892519 0.161968388
v -0.102111289 -0.286540391 0.160229083
v -0.0639032336 -0.297727241 0.157605249
v -0.0242439629 -0.30040651 0.154751684
v 0.0151099802 -0.299723806 0.152403933
v 0.0541144543 -0.295252498 0.151104538
v 0.0911452618 -0.282426929 0.151007961
v 0.123759451 -0.260801131 0.151842816
v 0.153118855 -0.236812486 0.153045248
v 0.184182546 -0.216520854 0.154006878
v 0.219120428 -0.198087709 0.154333841
v 0.252404357 -0.17421308 0.154009321
v 0.275490099 -0.141060301 0.153392436
v 0.286074898 -0.101945406 0.153054489
v 0.289850127 -0.0622125147 0.153521291
v 0.292444307 -0.0236013824 0.15502953
v 0.288030306 0.015376198 0.164908584
v 0.286818358 0.0534474886 0.16605159
v 0.278063315 0.0906476017 0.16701056
v 0.264623829 0.126535444 0.16752117
v 0.250298175 0.162892165 0.16746477
v 0.233054698 0.199440201 0.166911119
v 0.207224955 0.230597659 0.166086393
v 0.171571702 0.250159716 0.165279886
v 0.131772498 0.259241649 0.164727961
v 0.0940220413 0.26633372 0.16452297
v 0.058784365 0.277888578 0.164584339
v 0.0226184009 0.291015603 0.164703131
v -0.0158907725 0.297669428 0.164640908
v -0.0548747171 0.294477377 0.164241183
v -0.0929566604 0.285146398 0.163506508
v -0.130642017 0.273211913 0.162608504
v -0.166773056 0.256261505 0.161825932
v -0.196753348 0.22991499 0.161435772
v -0.217469822 0.195427716 0.16160192
v -0.232829309 0.159685666 0.162307268
v -0.250746745 0.127454539 0.163357261
v -0.273646712 0.0966036989 0.164453698
v -0.294612237 0.0623220767 0.165308725
v -0.304851948 0.0236937934 0.16575254
v -0.303127938 -0.0161821693 0.165791057
v -0.295163252 -0.0550025272 0.165590562
v -0.284783794 -0.0928384525 0.16539657
v -0.269458308 -0.128847152 0.16542127
v -0.245880698 -0.160017304 0.165746834
v -0.216731153 -0.185471072 0.166285159
v -0.188471913 -0.20972948 0.166811114
v -0.163265699 -0.238049169 0.167055765
v -0.136476276 -0.268495592 0.16682104
v -0.103048295 -0.291902147 0.166068193
v -0.0637356051 -0.301294344 0.164943076
v -0.0232548526 -0.299204394 0.163727117
v 0.0156675949 -0.293488816 0.162733525
v 0.0535752986 -0.287504233 0.162190739
v 0.0905293939 -0.27770071 0.162160437
v 0.124740579 -0.260870225 0.16252313
v 0.156136414 -0.239917368 0.163036538
v 0.188157926 -0.21987086 0.163442024
v 0.222857317 -0.200269151 0.163574647
v 0.255379575 -0.175151735 0.163431155
v 0.276990496 -0.140794235 0.163167813
v 0.284589154 -0.100466637 0.163029213
v 0.284570685 -0.0601978934 0.163237934
v 0.285368048 -0.02217946 0.163891286
v 0.286613331 0.0161523364 0.172537705
v 0.290370085 0.0550000651 0.172663944
v 0.284888351 0.093807264 0.172769079
v 0.270391856 0.130279291 0.172824158
v 0.251728375 0.164886741 0.172816518
v 0.230379089 0.198336016 0.172754329
v 0.203043486 0.227295609 0.172662878
v 0.168043087 0.246577989 0.172574144
v 0.129418535 0.256489183 0.172513977
v 0.092582401 0.264752107 0.172492157
v 0.0580200046 0.278345876 0.172499373
v 0.0220306831 0.29475596 0.172512328
v -0.0171451855 0.304230832 0.172504743
v -0.0569342164 0.30058134 0.172459654
v -0.0944581938 0.286865195 0.172377783
v -0.129854589 0.269510397 0.172278468
v -0.16368558 0.249894595 0.172192654
v -0.193437162 0.224688778 0.172150795
v -0.216111398 0.193052614 0.172170607
v -0.233921907 0.159417958 0.172249719
v -0.253555349 0.12793819 0.172366256
v -0.277718682 0.0971167431 0.172487143
v -0.299731854 0.0624778199 0.172580745
v -0.309528812 0.0231348372 0.172628694
v -0.304448811 -0.0171574699 0.172632095
v -0.291287637 -0.0551738621 0.172609644
v -0.277412626 -0.0913456775 0.172588531
v -0.26293125 -0.126684647 0.172591981
v -0.243491553 -0.159491469 0.17262867
v -0.218264311 -0.187906264 0.172688446
v -0.191346974 -0.214202031 0.172746189
v -0.165346302 -0.242620862 0.172772216
v -0.137265398 -0.272040552 0.17274495
v -0.10283304 -0.29406522 0.17266057
v -0.0627833327 -0.301197525 0.172535623
v -0.0220935716 -0.295597366 0.172401432
v 0.0161646208 -0.286831311 0.172292535
v 0.0532397108 -0.281076383 0.172233837
v 0.0906947477 -0.275435782 0.172231686
v 0.127109348 -0.263812708 0.172272472
v 0.16069263 -0.245325333 0.172329237
v 0.192805119 -0.223954622 0.172373508
v 0.225386242 -0.201337845 0.172387404
v 0.255276943 -0.173971431 0.172371
v 0.274974385 -0.138745743 0.172341896
v 0.281098645 -0.0982986982 0.172327209
v 0.279811547 -0.0583255174 0.172351337
v 0.280824514 -0.0209894174 0.172424625
v 0.280252465 0.0166270208 0.18493001
v 0.287287211 0.0552983855 0.185264106
v 0.283430546 0.0942590015 0.185405687
v 0.266933535 0.129588933 0.185422401
v 0.24372708 0.160679748 0.185422141
v 0.218896663 0.189582847 0.185478986
v 0.191735239 0.215920961 0.185584298
v 0.159829005 0.236024795 0.185652363
v 0.124577869 0.248725351 0.185577111
v 0.0897743322 0.25918412 0.185305642
v 0.0561659018 0.273505165 0.184883739
v 0.0208138245 0.290034594 0.184444496
v -0.0177608146 0.299362833 0.184144398
v -0.0566349906 0.294231168 0.184082228
v -0.0921743354 0.277162094 0.184246755
v -0.124492792 0.256436257 0.18452313
v -0.155810249 0.23634078 0.184754381
v -0.185631654 0.214334526 0.184823018
v -0.210906352 0.187282326 0.184706686
v -0.231426682 0.156715299 0.184477448
v -0.251608848 0.126022112 0.184247405
v -0.274205975 0.0949774942 0.184094566
v -0.294017349 0.0603782 0.184013882
v -0.301549893 0.0216401998 0.183922821
v -0.293553368 -0.0174161465 0.183718037
v -0.277166108 -0.0533502283 0.183348845
v -0.262012307 -0.0871360508 0.1828627
v -0.250166174 -0.121448838 0.182393795
v -0.236181765 -0.155705416 0.182099124
v -0.215609944 -0.186736273 0.182077375
v -0.189934602 -0.213893189 0.182316628
v -0.162473594 -0.239930147 0.182700754
v -0.1328428 -0.265226661 0.183070936
v -0.0983598681 -0.2839711 0.183307309
v -0.0594628015 -0.289559729 0.183384647
v -0.0203309427 -0.283305776 0.1833717
v 0.0162823527 -0.274443 0.183376867
v 0.0520136231 -0.270222152 0.183474134
v 0.0892207169 -0.26828076 0.183654171
v 0.126544979 -0.260663451 0.183829986
v 0.160574915 -0.243568064 0.183893666
v 0.190687465 -0.220172081 0.183789933
v 0.218907798 -0.194387515 0.1835617
v 0.244528259 -0.165587299 0.183338747
v 0.262343164 -0.131398557 0.18327386
v 0.268949246 -0.0931567061 0.183461795
v 0.269047545 -0.0552505033 0.183887044
v 0.271790476 -0.0195045674 0.184430295
v 0.269331657 0.0167800751 0.200903467
v 0.277032475 0.0541762434 0.201821724
v 0.273073136 0.0917139732 0.202205378
v 0.254623079 0.124546137 0.202247522
v 0.228243913 0.151444408 0.202248828
v 0.201718329 0.175753672 0.20241147
v 0.176448563 0.199895814 0.20270572
v 0.149138841 0.221650003 0.202889371
v 0.118292265 0.237933903 0.202668096
v 0.0858726337 0.25031538 0.201899857
v 0.0532473022 0.263248816 0.200718701
v 0.0190268887 0.276611308 0.199499245
v -0.0176530971 0.283344256 0.198676207
v -0.0541300567 0.276796297 0.198518916
v -0.0869169674 0.258790324 0.198988685
v -0.116301595 0.237767874 0.199760581
v -0.14555463 0.21936735 0.200397336
v -0.175562481 0.201498893 0.200576436
v -0.203038365 0.179222501 0.200242239
v -0.225298996 0.151594093 0.199600124
v -0.244259979 0.121437365 0.198962468
v -0.262795759 0.0901541248 0.198542378
v -0.278177768 0.0562669792 0.198320098
v -0.282933161 0.0194617415 0.198062258
v -0.273742345 -0.0170548726 0.197482085
v -0.256979106 -0.0502546231 0.196443682
v -0.242738939 -0.0815259711 0.195085719
v -0.234163801 -0.114538702 0.193785837
v -0.225154494 -0.149394517 0.192980132
v -0.208533833 -0.181691902 0.192937635
v -0.183637825 -0.208040417 0.193617696
v -0.154620596 -0.229796982 0.194691782
v -0.123942811 -0.249299452 0.195717456
v -0.0906933736 -0.264367649 0.196365549
v -0.0546285425 -0.270077516 0.196572395
v -0.0183130078 -0.266232967 0.196534114
v 0.0161818506 -0.259729745 0.196552754
v 0.0503008098 -0.257215284 0.19683019
v 0.0863229769 -0.257021751 0.197334731
v 0.122783244 -0.251019007 0.197820573
v 0.155284295 -0.234031058 0.197988216
v 0.181883093 -0.208753269 0.197688971
v 0.204897865 -0.180863887 0.197048857
v 0.226147989 -0.152165344 0.196433235
v 0.242973377 -0.120797712 0.196266492
v 0.251887269 -0.0864118826 0.196806727
v 0.255148565 -0.0516088655 0.198003318
v 0.259911114 -0.017878155 0.199518895
v 0.258360049 0.0168651417 0.216911142
v 0.26428293 0.0524964339 0.218397556
v 0.259088087 0.0878720895 0.219009673
v 0.239550027 0.118054192 0.219071853
v 0.212063288 0.14161499 0.219077507
v 0.185664213 0.162736235 0.219351418
v 0.163033653 0.185805029 0.219835522
v 0.140126995 0.209594762 0.220126857
v 0.113062827 0.229115847 0.2197445
v 0.0823463141 0.242373654 0.218464217
v 0.0502323799 0.252186387 0.216516628
v 0.0171414701 0.260471983 0.214522664
v -0.0172113443 0.263663587 0.213193522
v -0.0509747517 0.256622321 0.21296146
v -0.0814307971 0.24009614 0.213750855
v -0.108984743 0.221146726 0.215020441
v -0.137147554 0.205373465 0.216052875
v -0.167411713 0.190998421 0.216326877
v -0.196216664 0.172169288 0.215762012
v -0.218917716 0.146359963 0.214702778
v -0.235361998 0.116145143 0.213661775
v -0.248772445 0.0845202997 0.212981693
v -0.259317302 0.051652769 0.212620792
v -0.262166359 0.0172529757 0.212190568
v -0.253988662 -0.0165797877 0.211222444
v -0.239317127 -0.0475372957 0.209502208
v -0.227146579 -0.0770388355 0.20726801
v -0.220999639 -0.108912256 0.205145682
v -0.214921246 -0.143523523 0.203848619
v -0.200449365 -0.175695544 0.20380853
v -0.175602458 -0.200129354 0.204946508
v -0.145237492 -0.217238781 0.206715321
v -0.11414737 -0.231313617 0.208389086
v -0.0828219632 -0.243773654 0.209435547
v -0.050067903 -0.251360649 0.209761054
v -0.0165746528 -0.251858952 0.209694871
v 0.0162335851 -0.248685123 0.209732605
v 0.0490589779 -0.246977736 0.210198489
v 0.0834801279 -0.246138527 0.211031175
v 0.117981706 -0.239402941 0.211821738
v 0.147990959 -0.221611069 0.212080711
v 0.171020067 -0.195115157 0.211572888
v 0.18971772 -0.166466823 0.210515671
v 0.207915828 -0.139004524 0.209514757
v 0.225067466 -0.111065054 0.209264352
v 0.237374863 -0.0806479776 0.210178256
v 0.244229734 -0.0486475139 0.212161238
v 0.250164576 -0.0164631472 0.214651611
v 0.245737477 0.0167725268 0.215176338
v 0.248507448 0.0501286597 0.217214845
v 0.242045249 0.0828923286 0.218042027
v 0.223010211 0.110725554 0.218119163
v 0.196676217 0.132183861 0.218132154
v 0.171882917 0.15155971 0.218522767
v 0.15189989 0.174154345 0.219197384
v 0.132413648 0.19933329 0.219588193
v 0.108089536 0.22068305 0.219029552
v 0.0785135894 0.233360402 0.217222093
v 0.0468538873 0.238917818 0.214501282
v 0.0151754654 0.241516617 0.21173896
v -0.0164820485 0.241481623 0.209920823
v -0.0475020824 0.235486473 0.209634288
v -0.0762676855 0.222701319 0.210757351
v -0.103025966 0.20750262 0.212526347
v -0.13064259 0.194382961 0.213944311
v -0.16051827 0.182042765 0.214297606
v -0.18907035 0.164909842 0.213489491
v -0.210677959 0.139949715 0.212009225
v -0.223905341 0.109667799 0.210569356
v -0.232399663 0.078190351 0.209636511
v -0.238967041 0.0468635403 0.209139717
v -0.241304832 0.015162158 0.208531204
v -0.23589329 -0.0161006233 0.207162429
v -0.224712094 -0.0453286861 0.204747886
v -0.21466615 -0.0735159113 0.201633428
v -0.209378586 -0.103957392 0.198697632
v -0.203991687 -0.137100506 0.196929161
v -0.190208555 -0.167718548 0.196914583
v -0.165419664 -0.189654864 0.198527242
v -0.134704562 -0.202781993 0.200995093
v -0.104256864 -0.212858004 0.203309215
v -0.075427695 -0.224188416 0.204740639
v -0.0460483032 -0.234809975 0.205174174
v -0.0150980489 -0.240284539 0.205077835
v 0.0163911016 -0.240149144 0.205140492
v 0.0479552634 -0.237733069 0.205803062
v 0.0801405543 -0.23401008 0.206967274
v 0.11165698 -0.224886178 0.208056939
v 0.138641777 -0.206284943 0.208394456
v 0.158759987 -0.180048707 0.207665125
v 0.174738859 -0.152409712 0.206185965
v 0.191437325 -0.127168495 0.20480757
v 0.209635713 -0.102678601 0.204491958
v 0.225149154 -0.0757509334 0.205800839
v 0.234760753 -0.0460386502 0.208584909
v 0.240496324 -0.0151113563 0.212052082
v 0.230724533 0.0164347897 0.211802169
v 0.23028786 0.0471639494 0.214376658
v 0.223411931 0.0772513975 0.215405722
v 0.206592594 0.103338286 0.215493048
v 0.183179216 0.12390217 0.215516563
v 0.160715838 0.142561669 0.216029266
v 0.142680354 0.164565878 0.216894792
v 0.125199683 0.189690567 0.217376562
v 0.102558561 0.210970757 0.216626297
v 0.0739074167 0.22184247 0.214276683
v 0.0430546151 0.223042001 0.210776256
v 0.0132109687 0.220698045 0.207252173
v -0.015574907 0.218652822 0.20496241
v -0.0440748356 0.215204615 0.204641643
v -0.0717780403 0.207582919 0.206112069
v -0.0984075689 0.196735166 0.208381743
v -0.125467511 0.185493445 0.210174767
v -0.153828153 0.173417026 0.210591712
v -0.18037544 0.156387411 0.209527993
v -0.199694315 0.131802362 0.207623106
v -0.209895487 0.102035843 0.205789063
v -0.214824687 0.0715694233 0.20461065
v -0.21904382 0.0422828317 0.203980436
v -0.222123902 0.0132963204 0.203187434
v -0.220196446 -0.0156848612 0.201405176
v -0.212582972 -0.0435379117 0.198284007
v -0.203831111 -0.0704807399 0.194285664
v -0.197712411 -0.0988963899 0.190545824
v -0.191269981 -0.129374753 0.188326153
v -0.177470622 -0.157423863 0.188360131
v -0.153456905 -0.176995427 0.190463882
v -0.123821384 -0.187602302 0.193634627
v -0.0950854948 -0.195598091 0.196581048
v -0.0689778831 -0.207045851 0.198383982
v -0.0426271217 -0.220827395 0.19891513
v -0.0138011668 -0.230557698 0.198786699
v 0.0165447438 -0.232268156 0.198880306
v 0.0466270255 -0.227666217 0.199747753
v 0.0759540971 -0.219660123 0.201246606
v 0.103827107 -0.207569838 0.202629445
v 0.127809412 -0.188955752 0.203032578
v 0.146157378 -0.164769434 0.202068953
v 0.161185865 -0.139749847 0.200163393
v 0.177598554 -0.117218705 0.198415767
v 0.196673361 -0.0956082124 0.198053653
v 0.214063634 -0.0713158765 0.199778746
v 0.224825576 -0.0433989051 0.203378239
v 0.229131841 -0.0137158151 0.207823755
v 0.213613492 0.0158522258 0.208460732
v 0.211034158 0.0438726195 0.21155505
v 0.204968936 0.0715548047 0.212773034
v 0.19157671 0.0965380066 0.2128661
v 0.171900345 0.117017013 0.212903519
v 0.151655388 0.135329705 0.213543646
v 0.134464932 0.156021918 0.214600214
v 0.117613328 0.179350075 0.215164127
v 0.095928004 0.198827293 0.21420677
v 0.0684010034 0.207361159 0.211300182
v 0.0389741699 0.205168195 0.207014144
v 0.0113543683 0.199595606 0.202735339
v -0.014622511 0.197042717 0.199991574
v -0.0409559802 0.197004667 0.199656745
v -0.067995085 0.194772109 0.201487874
v -0.0946483736 0.187826792 0.204259046
v -0.120687968 0.177293051 0.20641635
v -0.146328378 0.1639809 0.206881271
v -0.169489625 0.146071854 0.205549828
v -0.186024566 0.121990294 0.203217058
v -0.194212309 0.0937014176 0.200993738
v -0.197573024 0.0651722491 0.199576906
v -0.201167108 0.0382141152 0.19881549
v -0.205561408 0.0116937441 0.1978315
v -0.206606661 -0.0153322499 0.195622805
v -0.201520562 -0.041894805 0.191782857
v -0.192861426 -0.0673280643 0.186897406
v -0.184722305 -0.0930839824 0.18236339
v -0.176428745 -0.120099612 0.179712984
v -0.162743768 -0.145224423 0.179818487
v -0.140624833 -0.163169355 0.182429386
v -0.113460184 -0.173016892 0.186306423
v -0.0871755241 -0.180686272 0.189876767
v -0.0635995881 -0.192805421 0.192037725
v -0.0396649183 -0.208804439 0.192656296
v -0.01257768 -0.221099896 0.192494151
v 0.0165619646 -0.223177435 0.19262493
v 0.0448114443 -0.215550052 0.193705388
v 0.070887784 -0.203058253 0.195541726
v 0.0949736154 -0.188472224 0.197211504
v 0.116428657 -0.171036038 0.197667187
v 0.13422575 -0.150418256 0.196456636
v 0.149701648 -0.129017911 0.194120612
v 0.166342401 -0.109083219 0.192012432
v 0.185301256 -0.0894021105 0.191622765
v 0.202593556 -0.0668283424 0.193785227
v 0.212805526 -0.040424973 0.19821411
v 0.215134093 -0.0122383042 0.203639051
v 0.195500775 0.0150906651 0.205151519
v 0.192424675 0.0405989869 0.208749483
v 0.188180524 0.0663201316 0.210143654
v 0.178514471 0.0906200101 0.210238321
v 0.162340958 0.11121502 0.210293214
v 0.143601849 0.128909455 0.211066038
v 0.126193962 0.147305316 0.212313507
v 0.109045915 0.167364817 0.212950446
v 0.0880912774 0.183975181 0.211770405
v 0.062201191 0.190461208 0.208292196
v 0.0348667214 0.186558926 0.203214958
v 0.00969355676 0.179793966 0.198188908
v -0.0137325321 0.177906053 0.195009011
v -0.0382272663 0.181183568 0.194680212
v -0.0646467208 0.183432293 0.196885023
v -0.0910033864 0.179269693 0.200158063
v -0.115369035 0.168404588 0.202668563
v -0.137420114 0.153082506 0.203165769
v -0.156543032 0.134107757 0.201554722
v -0.170546225 0.11111875 0.19879113
v -0.178173935 0.0853135159 0.196183628
v -0.181947098 0.0594206364 0.194535476
v -0.186137736 0.0347880037 0.193644811
v -0.191516259 0.0103255619 0.192463044
v -0.194028321 -0.0149770067 0.189814841
v -0.189847326 -0.0400552014 0.185244136
v -0.180293603 -0.0635405576 0.179468761
v -0.169857087 -0.0862252277 0.174150877
v -0.159967298 -0.109588895 0.171090445
v -0.147128322 -0.132075122 0.171290364
v -0.127983648 -0.149394404 0.174424099
v -0.104230086 -0.159973431 0.179010376
v -0.0806339027 -0.168400747 0.183195955
v -0.0590862337 -0.180923151 0.185701423
v -0.0369076864 -0.197479374 0.186397457
v -0.0113397541 -0.210327273 0.186200291
v 0.0163351397 -0.211623043 0.186374648
v 0.042426922 -0.201088434 0.18767619
v 0.0652139685 -0.185041834 0.189852583
v 0.0858418515 -0.169101865 0.191802759
v 0.105434881 -0.153903668 0.192297798
v 0.123564463 -0.137647664 0.19082785
v 0.140156687 -0.120069853 0.188057693
v 0.156792023 -0.102157251 0.185598069
v 0.174201993 -0.0834116642 0.185200032
v 0.189437261 -0.0618667882 0.187820926
v 0.197900563 -0.036986404 0.193092795
v 0.19860498 -0.0107077489 0.199497778
v 0.177783546 0.0142531033 0.201874018
v 0.175797404 0.0376352692 0.205959422
v 0.173746377 0.0618124827 0.207517279
v 0.16712916 0.0854641852 0.207609723
v 0.153426976 0.105777625 0.207685839
v 0.135299692 0.122182593 0.208596563
v 0.117053509 0.137457976 0.210034519
v 0.0993538208 0.153481644 0.210735069
v 0.0793705591 0.167031072 0.209316642
v 0.055727257 0.172366848 0.20525234
v 0.0309885769 0.16857274 0.19937872
v 0.00826874168 0.162311381 0.193613342
v -0.0129509376 0.161541215 0.190015422
v -0.0357821296 0.167141238 0.189712654
v -0.0612811803 0.172252959 0.192303758
v -0.0867411144 0.169626254 0.196078587
v -0.108895947 0.15795 0.198930902
v -0.12709865 0.14074352 0.199444692
v -0.142333788 0.121205548 0.197542406
v -0.154561425 0.100052799 0.194345379
v -0.162994116 0.0774522603 0.191358981
v -0.168559819 0.0544964213 0.189486547
v -0.173751495 0.0319405828 0.188468324
v -0.179037982 0.00912085656 0.187081698
v -0.181065068 -0.0145161865 0.18398081
v -0.176226065 -0.0377270385 0.178667551
v -0.165428727 -0.0588533731 0.171999847
v -0.153394199 -0.0784405922 0.165908845
v -0.142960395 -0.0985616181 0.162459332
v -0.131880421 -0.119094815 0.162776464
v -0.11634782 -0.136629272 0.166448354
v -0.0962751623 -0.148725737 0.171746362
v -0.0751388122 -0.158125589 0.176538186
v -0.0550188044 -0.170175573 0.179374633
v -0.0340992788 -0.185494444 0.180138406
v -0.010047237 -0.197222379 0.179905226
v 0.0158183522 -0.1973074 0.18012975
v 0.0395801781 -0.184882231 0.181660373
v 0.0593846754 -0.166922145 0.184179115
v 0.0771636631 -0.150897106 0.186402844
v 0.0954432962 -0.138437371 0.186923927
v 0.114178757 -0.126436592 0.185182281
v 0.131753461 -0.112195781 0.18197472
v 0.147645956 -0.0955761841 0.179173189
v 0.162162545 -0.077057111 0.178786191
v 0.173982601 -0.0562496401 0.18188648
v 0.180315689 -0.0331472728 0.18801455
v 0.180495778 -0.00919512208 0.195399734
v -0.175143885 -0.175143885 0.017605609
v -0.144188117 -0.198659714 0.0093506971
v -0.115345836 -0.227166658 0.0112074985
v -0.0821656288 -0.253748708 0.01671644
v -0.0423746799 -0.267742411 0.0183452296
v -4.9309841e-17 -0.268430272 0.0185987805
v 0.0416569182 -0.2629438 0.0253593508
v 0.0827393335 -0.254465237 0.0334419658
v 0.122253661 -0.23986877 0.0328436078
v 0.15819198 -0.217742802 0.0230128767
v 0.188076368 -0.188076368 0.0142155585
v -0.205023061 -0.148983312 0.0290353541
v -0.140115108 -0.140115108 0.0182844872
v -0.109697126 -0.164460281 0.0116119186
v -0.0802794025 -0.193811622 0.0156687168
v -0.0422003037 -0.212292654 0.0188636556
v -3.94478728e-17 -0.214744217 0.0190790244
v 0.0415877814 -0.208946745 0.0264462763
v 0.0824413779 -0.199031093 0.0328175277
v 0.119612476 -0.179048013 0.0249738603
v 0.150461094 -0.150461094 0.0155724468
v 0.205175797 -0.149467669 0.0142563198
v -0.221776575 -0.113338795 0.0318353911
v -0.16833341 -0.112493936 0.0285823346
v -0.105086331 -0.105086331 0.0189633654
v -0.0752061351 -0.130260847 0.0138731401
v -0.0420259275 -0.156842897 0.0193820816
v -2.95859046e-17 -0.161058163 0.0195592683
v 0.0415186445 -0.154949691 0.0275332019
v 0.0810329716 -0.140353224 0.0269348439
v 0.112845821 -0.112845821 0.0169293351
v 0.165510799 -0.111062388 0.0161002421
v 0.209743887 -0.107408832 0.0155814336
v -0.226398102 -0.0738464081 0.0275160105
v -0.180265631 -0.0746684692 0.0284121521
v -0.131643759 -0.07600456 0.028129315
v -0.0700575542 -0.0700575542 0.0196422436
v -0.0401397012 -0.0969058111 0.0183343584
v -1.97239364e-17 -0.107372109 0.0200395122
v 0.041220689 -0.0995155463 0.0269087639
v 0.0752305472 -0.0752305472 0.0182862234
v 0.1258458 -0.0726571067 0.0179441644
v 0.167796173 -0.0695034504 0.0162745384
v 0.212911166 -0.0693206758 0.0132960833
v -0.235356286 -0.0371760789 0.0247240832
v -0.185810786 -0.0368441262 0.0242670088
v -0.136265287 -0.0365121735 0.0238099344
v -0.0901328155 -0.0373342346 0.024706076
v -0.0350287771 -0.0350287771 0.0203211218
v -9.86196819e-18 -0.0536860544 0.0205197561
v 0.0376152736 -0.0376152736 0.0196431117
v 0.0838980863 -0.0347517252 0.0186372692
v 0.12901308 -0.0345689506 0.0156588141
v 0.179330571 -0.0353320218 0.0141787894
v 0.229648061 -0.0360950929 0.0126987648
v -0.259214795 3.1744657e-17 0.025383821
v -0.207371836 2.53957256e-17 0.0245070568
v -0.155528877 1.90467942e-17 0.0236302926
v -0.103685918 1.26978628e-17 0.0227535284
v -0.0518429591 6.34893139e-18 0.0218767642
v 0 0 0.021
v 0.0518237076 0 0.0209179131
v 0.103647415 0 0.0208358262
v 0.155471123 0 0.0207537394
v 0.20729483 0 0.0206716525
v 0.259118538 0 0.0205895656
v -0.281605386 0.0448606758 0.0212158341
v -0.226497619 0.0453922241 0.0192819427
v -0.171389852 0.0459237724 0.0173480513
v -0.107652937 0.0445913065 0.0155221982
v -0.0356881294 0.0356881294 0.021562211
v 3.06042984e-18 0.0499806123 0.0222749212
v 0.0382746259 0.0382746259 0.0208842009
v 0.101418208 0.0420087971 0.0251344566
v 0.164137645 0.0439805495 0.0295672322
v 0.220017403 0.0438801197 0.0306144568
v 0.275897161 0.0437796898 0.0316616813
v -0.279042789 0.0905150789 0.0118702495
v -0.215305874 0.0891826129 0.0100443964
v -0.1434881 0.0828428933 0.012678669
v -0.0713762587 0.0713762587 0.0221244219
v -0.0381223427 0.0920354768 0.0229317688
v 6.12085969e-18 0.0999612246 0.0235498424
v 0.0392033304 0.0946452119 0.015825109
v 0.0765492518 0.0765492518 0.0207684017
v 0.137690141 0.07949544 0.0228638196
v 0.202836415 0.0840175941 0.0292689132
v 0.265555853 0.0859893466 0.0337016888
v -0.251141037 0.1274342 0.00720086719
v -0.178533727 0.118820815 0.0130182924
v -0.107064388 0.107064388 0.0226866329
v -0.0744670284 0.128980677 0.0240582907
v -0.0389740785 0.145453241 0.0258439647
v 9.18128953e-18 0.149941837 0.0248247637
v 0.0384667955 0.143560035 0.0136247838
v 0.0802938649 0.139073054 0.0167496933
v 0.114823878 0.114823878 0.0206526026
v 0.175711116 0.117389267 0.0219569333
v 0.239108349 0.121504237 0.0269982762
v -0.213579354 0.154798737 0.0133579157
v -0.142752517 0.142752517 0.0232488439
v -0.110270727 0.164996513 0.0255654076
v -0.0762446854 0.184070954 0.0248635375
v -0.0391364645 0.196881444 0.0284351892
v 1.22417194e-17 0.199922449 0.0260996849
v 0.0385239422 0.193535535 0.0145970765
v 0.0784066608 0.189290424 0.010650218
v 0.120186077 0.179584246 0.0175066159
v 0.153098504 0.153098504 0.0205368035
v 0.213732091 0.155283094 0.021050047
v -0.178440647 0.178440647 0.0238110548
v -0.146074426 0.20101235 0.0270725245
v -0.112589371 0.221016153 0.0259900595
v -0.0770964212 0.237488718 0.0277757335
v -0.0392988505 0.248309647 0.0310264137
v 1.53021492e-17 0.249903062 0.0273746061
v 0.0385810888 0.243511036 0.0155693692
v 0.0776701259 0.238205247 0.00844989276
v 0.119497195 0.233718265 0.0115748023
v 0.160078288 0.220095438 0.0182635384
v 0.191373129 0.191373129 0.0204210043
f 1 2 49
f 2 50 49
f 2 3 50
f 3 51 50
f 3 4 51
f 4 52 51
f 4 5 52
f 5 53 52
f 5 6 53
f 6 54 53
f 6 7 54
f 7 55 54
f 7 8 55
f 8 56 55
f 8 9 56
f 9 57 56
f 9 10 57
f 10 58 57
f 10 11 58
f 11 59 58
f 11 12 59
f 12 60 59
f 12 13 60
f 13 61 60
f 13 14 61
f 14 62 61
f 14 15 62
f 15 63 62
f 15 16 63
f 16 64 63
f 16 17 64
f 17 65 64
f 17 18 65
f 18 66 65
f 18 19 66
f 19 67 66
f 19 20 67
f 20 68 67
f 20 21 68
f 21 69 68
f 21 22 69
f 22 70 69
f 22 23 70
f 23 71 70
f 23 24 71
f 24 72 71
f 24 25 72
f 25 73 72
f 25 26 73
f 26 74 73
f 26 27 74
f 27 75 74
f 27 28 75
f 28 76 75
f 28 29 76
f 29 77 76
f 29 30 77
f 30 78 77
f 30 31 78
f 31 79 78
f 31 32 79
f 32 80 79
f 32 33 80
f 33 81 80
f 33 34 81
f 34 82 81
f 34 35 82
f 35 83 82
f 35 36 83
f 36 84 83
f 36 37 84
f 37 85 84
f 37 38 85
f 38 86 85
f 38 39 86
f 39 87 86
f 39 40 87
f 40 88 87
f 40 41 88
f 41 89 88
f 41 42 89
f 42 90 89
f 42 43 90
f 43 91 90
f 43 44 91
f 44 92 91
f 44 45 92
f 45 93 92
f 45 46 93
f 46 94 93
f 46 47 94
f 47 95 94
f 47 48 95
f 48 96 95
f 48 1 96
f 1 49 96
f 49 50 97
f 50 98 97
f 50 51 98
f 51 99 98
f 51 52 99
f 52 100 99
f 52 53 100
f 53 101 100
f 53 54 101
f 54 102 101
f 54 55 102
f 55 103 102
f 55 56 103
f 56 104 103
f 56 57 104
f 57 105 104
f 57 58 105
f 58 106 105
f 58 59 106
f 59 107 106
f 59 60 107
f 60 108 107
f 60 61 108
f 61 109 108
f 61 62 109
f 62 110 109
f 62 63 110
f 63 111 110
f 63 64 111
f 64 112 111
f 64 65 112
f 65 113 112
f 65 66 113
f 66 114 113
f 66 67 114
f 67 115 114
f 67 68 115
f 68 116 115
f 68 69 116
f 69 117 116
f 69 70 117
f 70 118 117
f 70 71 118
f 71 119 118
f 71 72 119
f 72 120 119
f 72 73 120
f 73 121 120
f 73 74 121
f 74 122 121
f 74 75 122
f 75 123 122
f 75 76 123
f 76 124 123
f 76 77 124
f 77 125 124
f 77 78 125
f 78 126 125
f 78 79 126
f 79 127 126
f 79 80 127
f 80 128 127
f 80 81 128
f 81 129 128
f 81 82 129
f 82 130 129
f 82 83 130
f 83 131 130
f 83 84 131
f 84 132 131
f 84 85 132
f 85 133 132
f 85 86 133
f 86 134 133
f 86 87 134
f 87 135 134
f 87 88 135
f 88 136 135
f 88 89 136
f 89 137 136
f 89 90 137
f 90 138 137
f 90 91 138
f 91 139 138
f 91 92 139
f 92 140 139
f 92 93 140
f 93 141 140
f 93 94 141
f 94 142 141
f 94 95 142
f 95 143 142
f 95 96 143
f 96 144 143
f 96 49 144
f 49 97 144
f 97 98 145
f 98 146 145
f 98 99 146
f 99 147 146
f 99 100 147
f 100 148 147
f 100 101 148
f 101 149 148
f 101 102 149
f 102 150 149
f 102 103 150
f 103 151 150
f 103 104 151
f 104 152 151
f 104 105 152
f 105 153 152
f 105 106 153
f 106 154 153
f 106 107 154
f 107 155 154
f 107 108 155
f 108 156 155
f 108 109 156
f 109 157 156
f 109 110 157
f 110 158 157
f 110 111 158
f 111 159 158
f 111 112 159
f 112 160 159
f 112 113 160
f 113 161 160
f 113 114 161
f 114 162 161
f 114 115 162
f 115 163 162
f 115 116 163
f 116 164 163
f 116 117 164
f 117 165 164
f 117 118 165
f 118 166 165
f 118 119 166
f 119 167 166
f 119 120 167
f 120 168 167
f 120 121 168
f 121 169 168
f 121 122 169
f 122 170 169
f 122 123 170
f 123 171 170
f 123 124 171
f 124 172 171
f 124 125 172
f 125 173 172
f 125 126 173
f 126 174 173
f 126 127 174
f 127 175 174
f 127 128 175
f 128 176 175
f 128 129 176
f 129 177 176
f 129 130 177
f 130 178 177
f 130 131 178
f 131 179 178
f 131 132 179
f 132 180 179
f 132 133 180
f 133 181 180
f 133 134 181
f 134 182 181
f 134 135 182
f 135 183 182
f 135 136 183
f 136 184 183
f 136 137 184
f 137 185 184
f 137 138 185
f 138 186 185
f 138 139 186
f 139 187 186
f 139 140 187
f 140 188 187
f 140 141 188
f 141 189 188
f 141 142 189
f 142 190 189
f 142 143 190
f 143 191 190
f 143 144 191
f 144 192 191
f 144 97 192
f 97 145 192
f 145 146 193
f 146 194 193
f 146 147 194
f 147 195 194
f 147 148 195
f 148 196 195
f 148 149 196
f 149 197 196
f 149 150 197
f 150 198 197
f 150 151 198
f 151 199 198
f 151 152 199
f 152 200 199
f 152 153 200
f 153 201 200
f 153 154 201
f 154 202 201
f 154 155 202
f 155 203 202
f 155 156 203
f 156 204 203
f 156 157 204
f 157 205 204
f 157 158 205
f 158 206 205
f 158 159 206
f 159 207 206
f 159 160 207
f 160 208 207
f 160 161 208
f 161 209 208
f 161 162 209
f 162 210 209
f 162 163 210
f 163 211 210
f 163 164 211
f 164 212 211
f 164 165 212
f 165 213 212
f 165 166 213
f 166 214 213
f 166 167 214
f 167 215 214
f 167 168 215
f 168 216 215
f 168 169 216
f 169 217 216
f 169 170 217
f 170 218 217
f 170 171 218
f 171 219 218
f 171 172 219
f 172 220 219
f 172 173 220
f 173 221 220
f 173 174 221
f 174 222 221
f 174 175 222
f 175 223 222
f 175 176 223
f 176 224 223
f 176 177 224
f 177 225 224
f 177 178 225
f 178 226 225
f 178 179 226
f 179 227 226
f 179 180 227
f 180 228 227
f 180 181 228
f 181 229 228
f 181 182 229
f 182 230 229
f 182 183 230
f 183 231 230
f 183 184 231
f 184 232 231
f 184 185 232
f 185 233 232
f 185 186 233
f 186 234 233
f 186 187 234
f 187 235 234
f 187 188 235
f 188 236 235
f 188 189 236
f 189 237 236
f 189 190 237
f 190 238 237
f 190 191 238
f 191 239 238
f 191 192 239
f 192 240 239
f 192 145 240
f 145 193 240
f 193 194 241
f 194 242 241
f 194 195 242
f 195 243 242
f 195 196 243
f 196 244 243
f 196 197 244
f 197 245 244
f 197 198 245
f 198 246 245
f 198 199 246
f 199 247 246
f 199 200 247
f 200 248 247
f 200 201 248
f 201 249 248
f 201 202 249
f 202 250 249
f 202 203 250
f 203 251 250
f 203 204 251
f 204 252 251
f 204 205 252
f 205 253 252
f 205 206 253
f 206 254 253
f 206 207 254
f 207 255 254
f 207 208 255
f 208 256 255
f 208 209 256
f 209 257 256
f 209 210 257
f 210 258 257
f 210 211 258
f 211 259 258
f 211 212 259
f 212 260 259
f 212 213 260
f 213 261 260
f 213 214 261
f 214 262 261
f 214 215 262
f 215 263 262
f 215 216 263
f 216 264 263
f 216 217 264
f 217 265 264
f 217 218 265
f 218 266 265
f 218 219 266
f 219 267 266
f 219 220 267
f 220 268 267
f 220 221 268
f 221 269 268
f 221 222 269
f 222 270 269
f 222 223 270
f 223 271 270
f 223 224 271
f 224 272 271
f 224 225 272
f 225 273 272
f 225 226 273
f 226 274 273
f 226 227 274
f 227 275 274
f 227 228 275
f 228 276 275
f 228 229 276
f 229 277 276
f 229 230 277
f 230 278 277
f 230 231 278
f 231 279 278
f 231 232 279
f 232 280 279
f 232 233 280
f 233 281 280
f 233 234 281
f 234 282 281
f 234 235 282
f 235 283 282
f 235 236 283
f 236 284 283
f 236 237 284
f 237 285 284
f 237 238 285
f 238 286 285
f 238 239 286
f 239 287 286
f 239 240 287
f 240 288 287
f 240 193 288
f 193 241 288
f 241 242 289
f 242 290 289
f 242 243 290
f 243 291 290
f 243 244 291
f 244 292 291
f 244 245 292
f 245 293 292
f 245 246 293
f 246 294 293
f 246 247 294
f 247 295 294
f 247 248 295
f 248 296 295
f 248 249 296
f 249 297 296
f 249 250 297
f 250 298 297
f 250 251 298
f 251 299 298
f 251 252 299
f 252 300 299
f 252 253 300
f 253 301 300
f 253 254 301
f 254 302 301
f 254 255 302
f 255 303 302
f 255 256 303
f 256 304 303
f 256 257 304
f 257 305 304
f 257 258 305
f 258 306 305
f 258 259 306
f 259 307 306
f 259 260 307
f 260 308 307
f 260 261 308
f 261 309 308
f 261 262 309
f 262 310 309
f 262 263 310
f 263 311 310
f 263 264 311
f 264 312 311
f 264 265 312
f 265 313 312
f 265 266 313
f 266 314 313
f 266 267 314
f 267 315 314
f 267 268 315
f 268 316 315
f 268 269 316
f 269 317 316
f 269 270 317
f 270 318 317
f 270 271 318
f 271 319 318
f 271 272 319
f 272 320 319
f 272 273 320
f 273 321 320
f 273 274 321
f 274 322 321
f 274 275 322
f 275 323 322
f 275 276 323
f 276 324 323
f 276 277 324
f 277 325 324
f 277 278 325
f 278 326 325
f 278 279 326
f 279 327 326
f 279 280 327
f 280 328 327
f 280 281 328
f 281 329 328
f 281 282 329
f 282 330 329
f 282 283 330
f 283 331 330
f 283 284 331
f 284 332 331
f 284 285 332
f 285 333 332
f 285 286 333
f 286 334 333
f 286 287 334
f 287 335 334
f 287 288 335
f 288 336 335
f 288 241 336
f 241 289 336
f 289 290 337
f 290 338 337
f 290 291 338
f 291 339 338
f 291 292 339
f 292 340 339
f 292 293 340
f 293 341 340
f 293 294 341
f 294 342 341
f 294 295 342
f 295 343 342
f 295 296 343
f 296 344 343
f 296 297 344
f 297 345 344
f 297 298 345
f 298 346 345
f 298 299 346
f 299 347 346
f 299 300 347
f 300 348 347
f 300 301 348
f 301 349 348
f 301 302 349
f 302 350 349
f 302 303 350
f 303 351 350
f 303 304 351
f 304 352 351
f 304 305 352
f 305 353 352
f 305 306 353
f 306 354 353
f 306 307 354
f 307 355 354
f 307 308 355
f 308 356 355
f 308 309 356
f 309 357 356
f 309 310 357
f 310 358 357
f 310 311 358
f 311 359 358
f 311 312 359
f 312 360 359
f 312 313 360
f 313 361 360
f 313 314 361
f 314 362 361
f 314 315 362
f 315 363 362
f 315 316 363
f 316 364 363
f 316 317 364
f 317 365 364
f 317 318 365
f 318 366 365
f 318 319 366
f 319 367 366
f 319 320 367
f 320 368 367
f 320 321 368
f 321 369 368
f 321 322 369
f 322 370 369
f 322 323 370
f 323 371 370
f 323 324 371
f 324 372 371
f 324 325 372
f 325 373 372
f 325 326 373
f 326 374 373
f 326 327 374
f 327 375 374
f 327 328 375
f 328 376 375
f 328 329 376
f 329 377 376
f 329 330 377
f 330 378 377
f 330 331 378
f 331 379 378
f 331 332 379
f 332 380 379
f 332 333 380
f 333 381 380
f 333 334 381
f 334 382 381
f 334 335 382
f 335 383 382
f 335 336 383
f 336 384 383
f 336 289 384
f 289 337 384
f 337 338 385
f 338 386 385
f 338 339 386
f 339 387 386
f 339 340 387
f 340 388 387
f 340 341 388
f 341 389 388
f 341 342 389
f 342 390 389
f 342 343 390
f 343 391 390
f 343 344 391
f 344 392 391
f 344 345 392
f 345 393 392
f 345 346 393
f 346 394 393
f 346 347 394
f 347 395 394
f 347 348 395
f 348 396 395
f 348 349 396
f 349 397 396
f 349 350 397
f 350 398 397
f 350 351 398
f 351 399 398
f 351 352 399
f 352 400 399
f 352 353 400
f 353 401 400
f 353 354 401
f 354 402 401
f 354 355 402
f 355 403 402
f 355 356 403
f 356 404 403
f 356 357 404
f 357 405 404
f 357 358 405
f 358 406 405
f 358 359 406
f 359 407 406
f 359 360 407
f 360 408 407
f 360 361 408
f 361 409 408
f 361 362 409
f 362 410 409
f 362 363 410
f 363 411 410
f 363 364 411
f 364 412 411
f 364 365 412
f 365 413 412
f 365 366 413
f 366 414 413
f 366 367 414
f 367 415 414
f 367 368 415
f 368 416 415
f 368 369 416
f 369 417 416
f 369 370 417
f 370 418 417
f 370 371 418
f 371 419 418
f 371 372 419
f 372 420 419
f 372 373 420
f 373 421 420
f 373 374 421
f 374 422 421
f 374 375 422
f 375 423 422
f 375 376 423
f 376 424 423
f 376 377 424
f 377 425 424
f 377 378 425
f 378 426 425
f 378 379 426
f 379 427 426
f 379 380 427
f 380 428 427
f 380 381 428
f 381 429 428
f 381 382 429
f 382 430 429
f 382 383 430
f 383 431 430
f 383 384 431
f 384 432 431
f 384 337 432
f 337 385 432
f 385 386 433
f 386 434 433
f 386 387 434
f 387 435 434
f 387 388 435
f 388 436 435
f 388 389 436
f 389 437 436
f 389 390 437
f 390 438 437
f 390 391 438
f 391 439 438
f 391 392 439
f 392 440 439
f 392 393 440
f 393 441 440
f 393 394 441
f 394 442 441
f 394 395 442
f 395 443 442
f 395 396 443
f 396 444 443
f 396 397 444
f 397 445 444
f 397 398 445
f 398 446 445
f 398 399 446
f 399 447 446
f 399 400 447
f 400 448 447
f 400 401 448
f 401 449 448
f 401 402 449
f 402 450 449
f 402 403 450
f 403 451 450
f 403 404 451
f 404 452 451
f 404 405 452
f 405 453 452
f 405 406 453
f 406 454 453
f 406 407 454
f 407 455 454
f 407 408 455
f 408 456 455
f 408 409 456
f 409 457 456
f 409 410 457
f 410 458 457
f 410 411 458
f 411 459 458
f 411 412 459
f 412 460 459
f 412 413 460
f 413 461 460
f 413 414 461
f 414 462 461
f 414 415 462
f 415 463 462
f 415 416 463
f 416 464 463
f 416 417 464
f 417 465 464
f 417 418 465
f 418 466 465
f 418 419 466
f 419 467 466
f 419 420 467
f 420 468 467
f 420 421 468
f 421 469 468
f 421 422 469
f 422 470 469
f 422 423 470
f 423 471 470
f 423 424 471
f 424 472 471
f 424 425 472
f 425 473 472
f 425 426 473
f 426 474 473
f 426 427 474
f 427 475 474
f 427 428 475
f 428 476 475
f 428 429 476
f 429 477 476
f 429 430 477
f 430 478 477
f 430 431 478
f 431 479 478
f 431 432 479
f 432 480 479
f 432 385 480
f 385 433 480
f 433 434 481
f 434 482 481
f 434 435 482
f 435 483 482
f 435 436 483
f 436 484 483
f 436 437 484
f 437 485 484
f 437 438 485
f 438 486 485
f 438 439 486
f 439 487 486
f 439 440 487
f 440 488 487
f 440 441 488
f 441 489 488
f 441 442 489
f 442 490 489
f 442 443 490
f 443 491 490
f 443 444 491
f 444 492 491
f 444 445 492
f 445 493 492
f 445 446 493
f 446 494 493
f 446 447 494
f 447 495 494
f 447 448 495
f 448 496 495
f 448 449 496
f 449 497 496
f 449 450 497
f 450 498 497
f 450 451 498
f 451 499 498
f 451 452 499
f 452 500 499
f 452 453 500
f 453 501 500
f 453 454 501
f 454 502 501
f 454 455 502
f 455 503 502
f 455 456 503
f 456 504 503
f 456 457 504
f 457 505 504
f 457 458 505
f 458 506 505
f 458 459 506
f 459 507 506
f 459 460 507
f 460 508 507
f 460 461 508
f 461 509 508
f 461 462 509
f 462 510 509
f 462 463 510
f 463 511 510
f 463 464 511
f 464 512 511
f 464 465 512
f 465 513 512
f 465 466 513
f 466 514 513
f 466 467 514
f 467 515 514
f 467 468 515
f 468 516 515
f 468 469 516
f 469 517 516
f 469 470 517
f 470 518 517
f 470 471 518
f 471 519 518
f 471 472 519
f 472 520 519
f 472 473 520
f 473 521 520
f 473 474 521
f 474 522 521
f 474 475 522
f 475 523 522
f 475 476 523
f 476 524 523
f 476 477 524
f 477 525 524
f 477 478 525
f 478 526 525
f 478 479 526
f 479 527 526
f 479 480 527
f 480 528 527
f 480 433 528
f 433 481 528
f 481 482 529
f 482 530 529
f 482 483 530
f 483 531 530
f 483 484 531
f 484 532 531
f 484 485 532
f 485 533 532
f 485 486 533
f 486 534 533
f 486 487 534
f 487 535 534
f 487 488 535
f 488 536 535
f 488 489 536
f 489 537 536
f 489 490 537
f 490 538 537
f 490 491 538
f 491 539 538
f 491 492 539
f 492 540 539
f 492 493 540
f 493 541 540
f 493 494 541
f 494 542 541
f 494 495 542
f 495 543 542
f 495 496 543
f 496 544 543
f 496 497 544
f 497 545 544
f 497 498 545
f 498 546 545
f 498 499 546
f 499 547 546
f 499 500 547
f 500 548 547
f 500 501 548
f 501 549 548
f 501 502 549
f 502 550 549
f 502 503 550
f 503 551 550
f 503 504 551
f 504 552 551
f 504 505 552
f 505 553 552
f 505 506 553
f 506 554 553
f 506 507 554
f 507 555 554
f 507 508 555
f 508 556 555
f 508 509 556
f 509 557 556
f 509 510 557
f 510 558 557
f 510 511 558
f 511 559 558
f 511 512 559
f 512 560 559
f 512 513 560
f 513 561 560
f 513 514 561
f 514 562 561
f 514 515 562
f 515 563 562
f 515 516 563
f 516 564 563
f 516 517 564
f 517 565 564
f 517 518 565
f 518 566 565
f 518 519 566
f 519 567 566
f 519 520 567
f 520 568 567
f 520 521 568
f 521 569 568
f 521 522 569
f 522 570 569
f 522 523 570
f 523 571 570
f 523 524 571
f 524 572 571
f 524 525 572
f 525 573 572
f 525 526 573
f 526 574 573
f 526 527 574
f 527 575 574
f 527 528 575
f 528 576 575
f 528 481 576
f 481 529 576
f 529 530 577
f 530 578 577
f 530 531 578
f 531 579 578
f 531 532 579
f 532 580 579
f 532 533 580
f 533 581 580
f 533 534 581
f 534 582 581
f 534 535 582
f 535 583 582
f 535 536 583
f 536 584 583
f 536 537 584
f 537 585 584
f 537 538 585
f 538 586 585
f 538 539 586
f 539 587 586
f 539 540 587
f 540 588 587
f 540 541 588
f 541 589 588
f 541 542 589
f 542 590 589
f 542 543 590
f 543 591 590
f 543 544 591
f 544 592 591
f 544 545 592
f 545 593 592
f 545 546 593
f 546 594 593
f 546 547 594
f 547 595 594
f 547 548 595
f 548 596 595
f 548 549 596
f 549 597 596
f 549 550 597
f 550 598 597
f 550 551 598
f 551 599 598
f 551 552 599
f 552 600 599
f 552 553 600
f 553 601 600
f 553 554 601
f 554 602 601
f 554 555 602
f 555 603 602
f 555 556 603
f 556 604 603
f 556 557 604
f 557 605 604
f 557 558 605
f 558 606 605
f 558 559 606
f 559 607 606
f 559 560 607
f 560 608 607
f 560 561 608
f 561 609 608
f 561 562 609
f 562 610 609
f 562 563 610
f 563 611 610
f 563 564 611
f 564 612 611
f 564 565 612
f 565 613 612
f 565 566 613
f 566 614 613
f 566 567 614
f 567 615 614
f 567 568 615
f 568 616 615
f 568 569 616
f 569 617 616
f 569 570 617
f 570 618 617
f 570 571 618
f 571 619 618
f 571 572 619
f 572 620 619
f 572 573 620
f 573 621 620
f 573 574 621
f 574 622 621
f 574 575 622
f 575 623 622
f 575 576 623
f 576 624 623
f 576 529 624
f 529 577 624
f 577 578 625
f 578 626 625
f 578 579 626
f 579 627 626
f 579 580 627
f 580 628 627
f 580 581 628
f 581 629 628
f 581 582 629
f 582 630 629
f 582 583 630
f 583 631 630
f 583 584 631
f 584 632 631
f 584 585 632
f 585 633 632
f 585 586 633
f 586 634 633
f 586 587 634
f 587 635 634
f 587 588 635
f 588 636 635
f 588 589 636
f 589 637 636
f 589 590 637
f 590 638 637
f 590 591 638
f 591 639 638
f 591 592 639
f 592 640 639
f 592 593 640
f 593 641 640
f 593 594 641
f 594 642 641
f 594 595 642
f 595 643 642
f 595 596 643
f 596 644 643
f 596 597 644
f 597 645 644
f 597 598 645
f 598 646 645
f 598 599 646
f 599 647 646
f 599 600 647
f 600 648 647
f 600 601 648
f 601 649 648
f 601 602 649
f 602 650 649
f 602 603 650
f 603 651 650
f 603 604 651
f 604 652 651
f 604 605 652
f 605 653 652
f 605 606 653
f 606 654 653
f 606 607 654
f 607 655 654
f 607 608 655
f 608 656 655
f 608 609 656
f 609 657 656
f 609 610 657
f 610 658 657
f 610 611 658
f 611 659 658
f 611 612 659
f 612 660 659
f 612 613 660
f 613 661 660
f 613 614 661
f 614 662 661
f 614 615 662
f 615 663 662
f 615 616 663
f 616 664 663
f 616 617 664
f 617 665 664
f 617 618 665
f 618 666 665
f 618 619 666
f 619 667 666
f 619 620 667
f 620 668 667
f 620 621 668
f 621 669 668
f 621 622 669
f 622 670 669
f 622 623 670
f 623 671 670
f 623 624 671
f 624 672 671
f 624 577 672
f 577 625 672
f 625 626 673
f 626 674 673
f 626 627 674
f 627 675 674
f 627 628 675
f 628 676 675
f 628 629 676
f 629 677 676
f 629 630 677
f 630 678 677
f 630 631 678
f 631 679 678
f 631 632 679
f 632 680 679
f 632 633 680
f 633 681 680
f 633 634 681
f 634 682 681
f 634 635 682
f 635 683 682
f 635 636 683
f 636 684 683
f 636 637 684
f 637 685 684
f 637 638 685
f 638 686 685
f 638 639 686
f 639 687 686
f 639 640 687
f 640 688 687
f 640 641 688
f 641 689 688
f 641 642 689
f 642 690 689
f 642 643 690
f 643 691 690
f 643 644 691
f 644 692 691
f 644 645 692
f 645 693 692
f 645 646 693
f 646 694 693
f 646 647 694
f 647 695 694
f 647 648 695
f 648 696 695
f 648 649 696
f 649 697 696
f 649 650 697
f 650 698 697
f 650 651 698
f 651 699 698
f 651 652 699
f 652 700 699
f 652 653 700
f 653 701 700
f 653 654 701
f 654 702 701
f 654 655 702
f 655 703 702
f 655 656 703
f 656 704 703
f 656 657 704
f 657 705 704
f 657 658 705
f 658 706 705
f 658 659 706
f 659 707 706
f 659 660 707
f 660 708 707
f 660 661 708
f 661 709 708
f 661 662 709
f 662 710 709
f 662 663 710
f 663 711 710
f 663 664 711
f 664 712 711
f 664 665 712
f 665 713 712
f 665 666 713
f 666 714 713
f 666 667 714
f 667 715 714
f 667 668 715
f 668 716 715
f 668 669 716
f 669 717 716
f 669 670 717
f 670 718 717
f 670 671 718
f 671 719 718
f 671 672 719
f 672 720 719
f 672 625 720
f 625 673 720
f 673 674 721
f 674 722 721
f 674 675 722
f 675 723 722
f 675 676 723
f 676 724 723
f 676 677 724
f 677 725 724
f 677 678 725
f 678 726 725
f 678 679 726
f 679 727 726
f 679 680 727
f 680 728 727
f 680 681 728
f 681 729 728
f 681 682 729
f 682 730 729
f 682 683 730
f 683 731 730
f 683 684 731
f 684 732 731
f 684 685 732
f 685 733 732
f 685 686 733
f 686 734 733
f 686 687 734
f 687 735 734
f 687 688 735
f 688 736 735
f 688 689 736
f 689 737 736
f 689 690 737
f 690 738 737
f 690 691 738
f 691 739 738
f 691 692 739
f 692 740 739
f 692 693 740
f 693 741 740
f 693 694 741
f 694 742 741
f 694 695 742
f 695 743 742
f 695 696 743
f 696 744 743
f 696 697 744
f 697 745 744
f 697 698 745
f 698 746 745
f 698 699 746
f 699 747 746
f 699 700 747
f 700 748 747
f 700 701 748
f 701 749 748
f 701 702 749
f 702 750 749
f 702 703 750
f 703 751 750
f 703 704 751
f 704 752 751
f 704 705 752
f 705 753 752
f 705 706 753
f 706 754 753
f 706 707 754
f 707 755 754
f 707 708 755
f 708 756 755
f 708 709 756
f 709 757 756
f 709 710 757
f 710 758 757
f 710 711 758
f 711 759 758
f 711 712 759
f 712 760 759
f 712 713 760
f 713 761 760
f 713 714 761
f 714 762 761
f 714 715 762
f 715 763 762
f 715 716 763
f 716 764 763
f 716 717 764
f 717 765 764
f 717 718 765
f 718 766 765
f 718 719 766
f 719 767 766
f 719 720 767
f 720 768 767
f 720 673 768
f 673 721 768
f 721 722 769
f 722 770 769
f 722 723 770
f 723 771 770
f 723 724 771
f 724 772 771
f 724 725 772
f 725 773 772
f 725 726 773
f 726 774 773
f 726 727 774
f 727 775 774
f 727 728 775
f 728 776 775
f 728 729 776
f 729 777 776
f 729 730 777
f 730 778 777
f 730 731 778
f 731 779 778
f 731 732 779
f 732 780 779
f 732 733 780
f 733 781 780
f 733 734 781
f 734 782 781
f 734 735 782
f 735 783 782
f 735 736 783
f 736 784 783
f 736 737 784
f 737 785 784
f 737 738 785
f 738 786 785
f 738 739 786
f 739 787 786
f 739 740 787
f 740 788 787
f 740 741 788
f 741 789 788
f 741 742 789
f 742 790 789
f 742 743 790
f 743 791 790
f 743 744 791
f 744 792 791
f 744 745 792
f 745 793 792
f 745 746 793
f 746 794 793
f 746 747 794
f 747 795 794
f 747 748 795
f 748 796 795
f 748 749 796
f 749 797 796
f 749 750 797
f 750 798 797
f 750 751 798
f 751 799 798
f 751 752 799
f 752 800 799
f 752 753 800
f 753 801 800
f 753 754 801
f 754 802 801
f 754 755 802
f 755 803 802
f 755 756 803
f 756 804 803
f 756 757 804
f 757 805 804
f 757 758 805
f 758 806 805
f 758 759 806
f 759 807 806
f 759 760 807
f 760 808 807
f 760 761 808
f 761 809 808
f 761 762 809
f 762 810 809
f 762 763 810
f 763 811 810
f 763 764 811
f 764 812 811
f 764 765 812
f 765 813 812
f 765 766 813
f 766 814 813
f 766 767 814
f 767 815 814
f 767 768 815
f 768 816 815
f 768 721 816
f 721 769 816
f 769 770 817
f 770 818 817
f 770 771 818
f 771 819 818
f 771 772 819
f 772 820 819
f 772 773 820
f 773 821 820
f 773 774 821
f 774 822 821
f 774 775 822
f 775 823 822
f 775 776 823
f 776 824 823
f 776 777 824
f 777 825 824
f 777 778 825
f 778 826 825
f 778 779 826
f 779 827 826
f 779 780 827
f 780 828 827
f 780 781 828
f 781 829 828
f 781 782 829
f 782 830 829
f 782 783 830
f 783 831 830
f 783 784 831
f 784 832 831
f 784 785 832
f 785 833 832
f 785 786 833
f 786 834 833
f 786 787 834
f 787 835 834
f 787 788 835
f 788 836 835
f 788 789 836
f 789 837 836
f 789 790 837
f 790 838 837
f 790 791 838
f 791 839 838
f 791 792 839
f 792 840 839
f 792 793 840
f 793 841 840
f 793 794 841
f 794 842 841
f 794 795 842
f 795 843 842
f 795 796 843
f 796 844 843
f 796 797 844
f 797 845 844
f 797 798 845
f 798 846 845
f 798 799 846
f 799 847 846
f 799 800 847
f 800 848 847
f 800 801 848
f 801 849 848
f 801 802 849
f 802 850 849
f 802 803 850
f 803 851 850
f 803 804 851
f 804 852 851
f 804 805 852
f 805 853 852
f 805 806 853
f 806 854 853
f 806 807 854
f 807 855 854
f 807 808 855
f 808 856 855
f 808 809 856
f 809 857 856
f 809 810 857
f 810 858 857
f 810 811 858
f 811 859 858
f 811 812 859
f 812 860 859
f 812 813 860
f 813 861 860
f 813 814 861
f 814 862 861
f 814 815 862
f 815 863 862
f 815 816 863
f 816 864 863
f 816 769 864
f 769 817 864
f 817 818 865
f 818 866 865
f 818 819 866
f 819 867 866
f 819 820 867
f 820 868 867
f 820 821 868
f 821 869 868
f 821 822 869
f 822 870 869
f 822 823 870
f 823 871 870
f 823 824 871
f 824 872 871
f 824 825 872
f 825 873 872
f 825 826 873
f 826 874 873
f 826 827 874
f 827 875 874
f 827 828 875
f 828 876 875
f 828 829 876
f 829 877 876
f 829 830 877
f 830 878 877
f 830 831 878
f 831 879 878
f 831 832 879
f 832 880 879
f 832 833 880
f 833 881 880
f 833 834 881
f 834 882 881
f 834 835 882
f 835 883 882
f 835 836 883
f 836 884 883
f 836 837 884
f 837 885 884
f 837 838 885
f 838 886 885
f 838 839 886
f 839 887 886
f 839 840 887
f 840 888 887
f 840 841 888
f 841 889 888
f 841 842 889
f 842 890 889
f 842 843 890
f 843 891 890
f 843 844 891
f 844 892 891
f 844 845 892
f 845 893 892
f 845 846 893
f 846 894 893
f 846 847 894
f 847 895 894
f 847 848 895
f 848 896 895
f 848 849 896
f 849 897 896
f 849 850 897
f 850 898 897
f 850 851 898
f 851 899 898
f 851 852 899
f 852 900 899
f 852 853 900
f 853 901 900
f 853 854 901
f 854 902 901
f 854 855 902
f 855 903 902
f 855 856 903
f 856 904 903
f 856 857 904
f 857 905 904
f 857 858 905
f 858 906 905
f 858 859 906
f 859 907 906
f 859 860 907
f 860 908 907
f 860 861 908
f 861 909 908
f 861 862 909
f 862 910 909
f 862 863 910
f 863 911 910
f 863 864 911
f 864 912 911
f 864 817 912
f 817 865 912
f 865 866 913
f 866 914 913
f 866 867 914
f 867 915 914
f 867 868 915
f 868 916 915
f 868 869 916
f 869 917 916
f 869 870 917
f 870 918 917
f 870 871 918
f 871 919 918
f 871 872 919
f 872 920 919
f 872 873 920
f 873 921 920
f 873 874 921
f 874 922 921
f 874 875 922
f 875 923 922
f 875 876 923
f 876 924 923
f 876 877 924
f 877 925 924
f 877 878 925
f 878 926 925
f 878 879 926
f 879 927 926
f 879 880 927
f 880 928 927
f 880 881 928
f 881 929 928
f 881 882 929
f 882 930 929
f 882 883 930
f 883 931 930
f 883 884 931
f 884 932 931
f 884 885 932
f 885 933 932
f 885 886 933
f 886 934 933
f 886 887 934
f 887 935 934
f 887 888 935
f 888 936 935
f 888 889 936
f 889 937 936
f 889 890 937
f 890 938 937
f 890 891 938
f 891 939 938
f 891 892 939
f 892 940 939
f 892 893 940
f 893 941 940
f 893 894 941
f 894 942 941
f 894 895 942
f 895 943 942
f 895 896 943
f 896 944 943
f 896 897 944
f 897 945 944
f 897 898 945
f 898 946 945
f 898 899 946
f 899 947 946
f 899 900 947
f 900 948 947
f 900 901 948
f 901 949 948
f 901 902 949
f 902 950 949
f 902 903 950
f 903 951 950
f 903 904 951
f 904 952 951
f 904 905 952
f 905 953 952
f 905 906 953
f 906 954 953
f 906 907 954
f 907 955 954
f 907 908 955
f 908 956 955
f 908 909 956
f 909 957 956
f 909 910 957
f 910 958 957
f 910 911 958
f 911 959 958
f 911 912 959
f 912 960 959
f 912 865 960
f 865 913 960
f 913 914 961
f 914 962 961
f 914 915 962
f 915 963 962
f 915 916 963
f 916 964 963
f 916 917 964
f 917 965 964
f 917 918 965
f 918 966 965
f 918 919 966
f 919 967 966
f 919 920 967
f 920 968 967
f 920 921 968
f 921 969 968
f 921 922 969
f 922 970 969
f 922 923 970
f 923 971 970
f 923 924 971
f 924 972 971
f 924 925 972
f 925 973 972
f 925 926 973
f 926 974 973
f 926 927 974
f 927 975 974
f 927 928 975
f 928 976 975
f 928 929 976
f 929 977 976
f 929 930 977
f 930 978 977
f 930 931 978
f 931 979 978
f 931 932 979
f 932 980 979
f 932 933 980
f 933 981 980
f 933 934 981
f 934 982 981
f 934 935 982
f 935 983 982
f 935 936 983
f 936 984 983
f 936 937 984
f 937 985 984
f 937 938 985
f 938 986 985
f 938 939 986
f 939 987 986
f 939 940 987
f 940 988 987
f 940 941 988
f 941 989 988
f 941 942 989
f 942 990 989
f 942 943 990
f 943 991 990
f 943 944 991
f 944 992 991
f 944 945 992
f 945 993 992
f 945 946 993
f 946 994 993
f 946 947 994
f 947 995 994
f 947 948 995
f 948 996 995
f 948 949 996
f 949 997 996
f 949 950 997
f 950 998 997
f 950 951 998
f 951 999 998
f 951 952 999
f 952 1000 999
f 952 953 1000
f 953 1001 1000
f 953 954 1001
f 954 1002 1001
f 954 955 1002
f 955 1003 1002
f 955 956 1003
f 956 1004 1003
f 956 957 1004
f 957 1005 1004
f 957 958 1005
f 958 1006 1005
f 958 959 1006
f 959 1007 1006
f 959 960 1007
f 960 1008 1007
f 960 913 1008
f 913 961 1008
f 961 962 1009
f 962 1010 1009
f 962 963 1010
f 963 1011 1010
f 963 964 1011
f 964 1012 1011
f 964 965 1012
f 965 1013 1012
f 965 966 1013
f 966 1014 1013
f 966 967 1014
f 967 1015 1014
f 967 968 1015
f 968 1016 1015
f 968 969 1016
f 969 1017 1016
f 969 970 1017
f 970 1018 1017
f 970 971 1018
f 971 1019 1018
f 971 972 1019
f 972 1020 1019
f 972 973 1020
f 973 1021 1020
f 973 974 1021
f 974 1022 1021
f 974 975 1022
f 975 1023 1022
f 975 976 1023
f 976 1024 1023
f 976 977 1024
f 977 1025 1024
f 977 978 1025
f 978 1026 1025
f 978 979 1026
f 979 1027 1026
f 979 980 1027
f 980 1028 1027
f 980 981 1028
f 981 1029 1028
f 981 982 1029
f 982 1030 1029
f 982 983 1030
f 983 1031 1030
f 983 984 1031
f 984 1032 1031
f 984 985 1032
f 985 1033 1032
f 985 986 1033
f 986 1034 1033
f 986 987 1034
f 987 1035 1034
f 987 988 1035
f 988 1036 1035
f 988 989 1036
f 989 1037 1036
f 989 990 1037
f 990 1038 1037
f 990 991 1038
f 991 1039 1038
f 991 992 1039
f 992 1040 1039
f 992 993 1040
f 993 1041 1040
f 993 994 1041
f 994 1042 1041
f 994 995 1042
f 995 1043 1042
f 995 996 1043
f 996 1044 1043
f 996 997 1044
f 997 1045 1044
f 997 998 1045
f 998 1046 1045
f 998 999 1046
f 999 1047 1046
f 999 1000 1047
f 1000 1048 1047
f 1000 1001 1048
f 1001 1049 1048
f 1001 1002 1049
f 1002 1050 1049
f 1002 1003 1050
f 1003 1051 1050
f 1003 1004 1051
f 1004 1052 1051
f 1004 1005 1052
f 1005 1053 1052
f 1005 1006 1053
f 1006 1054 1053
f 1006 1007 1054
f 1007 1055 1054
f 1007 1008 1055
f 1008 1056 1055
f 1008 961 1056
f 961 1009 1056
f 1009 1010 1057
f 1010 1058 1057
f 1010 1011 1058
f 1011 1059 1058
f 1011 1012 1059
f 1012 1060 1059
f 1012 1013 1060
f 1013 1061 1060
f 1013 1014 1061
f 1014 1062 1061
f 1014 1015 1062
f 1015 1063 1062
f 1015 1016 1063
f 1016 1064 1063
f 1016 1017 1064
f 1017 1065 1064
f 1017 1018 1065
f 1018 1066 1065
f 1018 1019 1066
f 1019 1067 1066
f 1019 1020 1067
f 1020 1068 1067
f 1020 1021 1068
f 1021 1069 1068
f 1021 1022 1069
f 1022 1070 1069
f 1022 1023 1070
f 1023 1071 1070
f 1023 1024 1071
f 1024 1072 1071
f 1024 1025 1072
f 1025 1073 1072
f 1025 1026 1073
f 1026 1074 1073
f 1026 1027 1074
f 1027 1075 1074
f 1027 1028 1075
f 1028 1076 1075
f 1028 1029 1076
f 1029 1077 1076
f 1029 1030 1077
f 1030 1078 1077
f 1030 1031 1078
f 1031 1079 1078
f 1031 1032 1079
f 1032 1080 1079
f 1032 1033 1080
f 1033 1081 1080
f 1033 1034 1081
f 1034 1082 1081
f 1034 1035 1082
f 1035 1083 1082
f 1035 1036 1083
f 1036 1084 1083
f 1036 1037 1084
f 1037 1085 1084
f 1037 1038 1085
f 1038 1086 1085
f 1038 1039 1086
f 1039 1087 1086
f 1039 1040 1087
f 1040 1088 1087
f 1040 1041 1088
f 1041 1089 1088
f 1041 1042 1089
f 1042 1090 1089
f 1042 1043 1090
f 1043 1091 1090
f 1043 1044 1091
f 1044 1092 1091
f 1044 1045 1092
f 1045 1093 1092
f 1045 1046 1093
f 1046 1094 1093
f 1046 1047 1094
f 1047 1095 1094
f 1047 1048 1095
f 1048 1096 1095
f 1048 1049 1096
f 1049 1097 1096
f 1049 1050 1097
f 1050 1098 1097
f 1050 1051 1098
f 1051 1099 1098
f 1051 1052 1099
f 1052 1100 1099
f 1052 1053 1100
f 1053 1101 1100
f 1053 1054 1101
f 1054 1102 1101
f 1054 1055 1102
f 1055 1103 1102
f 1055 1056 1103
f 1056 1104 1103
f 1056 1009 1104
f 1009 1057 1104
f 1057 1058 1105
f 1058 1106 1105
f 1058 1059 1106
f 1059 1107 1106
f 1059 1060 1107
f 1060 1108 1107
f 1060 1061 1108
f 1061 1109 1108
f 1061 1062 1109
f 1062 1110 1109
f 1062 1063 1110
f 1063 1111 1110
f 1063 1064 1111
f 1064 1112 1111
f 1064 1065 1112
f 1065 1113 1112
f 1065 1066 1113
f 1066 1114 1113
f 1066 1067 1114
f 1067 1115 1114
f 1067 1068 1115
f 1068 1116 1115
f 1068 1069 1116
f 1069 1117 1116
f 1069 1070 1117
f 1070 1118 1117
f 1070 1071 1118
f 1071 1119 1118
f 1071 1072 1119
f 1072 1120 1119
f 1072 1073 1120
f 1073 1121 1120
f 1073 1074 1121
f 1074 1122 1121
f 1074 1075 1122
f 1075 1123 1122
f 1075 1076 1123
f 1076 1124 1123
f 1076 1077 1124
f 1077 1125 1124
f 1077 1078 1125
f 1078 1126 1125
f 1078 1079 1126
f 1079 1127 1126
f 1079 1080 1127
f 1080 1128 1127
f 1080 1081 1128
f 1081 1129 1128
f 1081 1082 1129
f 1082 1130 1129
f 1082 1083 1130
f 1083 1131 1130
f 1083 1084 1131
f 1084 1132 1131
f 1084 1085 1132
f 1085 1133 1132
f 1085 1086 1133
f 1086 1134 1133
f 1086 1087 1134
f 1087 1135 1134
f 1087 1088 1135
f 1088 1136 1135
f 1088 1089 1136
f 1089 1137 1136
f 1089 1090 1137
f 1090 1138 1137
f 1090 1091 1138
f 1091 1139 1138
f 1091 1092 1139
f 1092 1140 1139
f 1092 1093 1140
f 1093 1141 1140
f 1093 1094 1141
f 1094 1142 1141
f 1094 1095 1142
f 1095 1143 1142
f 1095 1096 1143
f 1096 1144 1143
f 1096 1097 1144
f 1097 1145 1144
f 1097 1098 1145
f 1098 1146 1145
f 1098 1099 1146
f 1099 1147 1146
f 1099 1100 1147
f 1100 1148 1147
f 1100 1101 1148
f 1101 1149 1148
f 1101 1102 1149
f 1102 1150 1149
f 1102 1103 1150
f 1103 1151 1150
f 1103 1104 1151
f 1104 1152 1151
f 1104 1057 1152
f 1057 1105 1152
f 1105 1106 1153
f 1106 1154 1153
f 1106 1107 1154
f 1107 1155 1154
f 1107 1108 1155
f 1108 1156 1155
f 1108 1109 1156
f 1109 1157 1156
f 1109 1110 1157
f 1110 1158 1157
f 1110 1111 1158
f 1111 1159 1158
f 1111 1112 1159
f 1112 1160 1159
f 1112 1113 1160
f 1113 1161 1160
f 1113 1114 1161
f 1114 1162 1161
f 1114 1115 1162
f 1115 1163 1162
f 1115 1116 1163
f 1116 1164 1163
f 1116 1117 1164
f 1117 1165 1164
f 1117 1118 1165
f 1118 1166 1165
f 1118 1119 1166
f 1119 1167 1166
f 1119 1120 1167
f 1120 1168 1167
f 1120 1121 1168
f 1121 1169 1168
f 1121 1122 1169
f 1122 1170 1169
f 1122 1123 1170
f 1123 1171 1170
f 1123 1124 1171
f 1124 1172 1171
f 1124 1125 1172
f 1125 1173 1172
f 1125 1126 1173
f 1126 1174 1173
f 1126 1127 1174
f 1127 1175 1174
f 1127 1128 1175
f 1128 1176 1175
f 1128 1129 1176
f 1129 1177 1176
f 1129 1130 1177
f 1130 1178 1177
f 1130 1131 1178
f 1131 1179 1178
f 1131 1132 1179
f 1132 1180 1179
f 1132 1133 1180
f 1133 1181 1180
f 1133 1134 1181
f 1134 1182 1181
f 1134 1135 1182
f 1135 1183 1182
f 1135 1136 1183
f 1136 1184 1183
f 1136 1137 1184
f 1137 1185 1184
f 1137 1138 1185
f 1138 1186 1185
f 1138 1139 1186
f 1139 1187 1186
f 1139 1140 1187
f 1140 1188 1187
f 1140 1141 1188
f 1141 1189 1188
f 1141 1142 1189
f 1142 1190 1189
f 1142 1143 1190
f 1143 1191 1190
f 1143 1144 1191
f 1144 1192 1191
f 1144 1145 1192
f 1145 1193 1192
f 1145 1146 1193
f 1146 1194 1193
f 1146 1147 1194
f 1147 1195 1194
f 1147 1148 1195
f 1148 1196 1195
f 1148 1149 1196
f 1149 1197 1196
f 1149 1150 1197
f 1150 1198 1197
f 1150 1151 1198
f 1151 1199 1198
f 1151 1152 1199
f 1152 1200 1199
f 1152 1105 1200
f 1105 1153 1200
f 1153 1154 1201
f 1154 1202 1201
f 1154 1155 1202
f 1155 1203 1202
f 1155 1156 1203
f 1156 1204 1203
f 1156 1157 1204
f 1157 1205 1204
f 1157 1158 1205
f 1158 1206 1205
f 1158 1159 1206
f 1159 1207 1206
f 1159 1160 1207
f 1160 1208 1207
f 1160 1161 1208
f 1161 1209 1208
f 1161 1162 1209
f 1162 1210 1209
f 1162 1163 1210
f 1163 1211 1210
f 1163 1164 1211
f 1164 1212 1211
f 1164 1165 1212
f 1165 1213 1212
f 1165 1166 1213
f 1166 1214 1213
f 1166 1167 1214
f 1167 1215 1214
f 1167 1168 1215
f 1168 1216 1215
f 1168 1169 1216
f 1169 1217 1216
f 1169 1170 1217
f 1170 1218 1217
f 1170 1171 1218
f 1171 1219 1218
f 1171 1172 1219
f 1172 1220 1219
f 1172 1173 1220
f 1173 1221 1220
f 1173 1174 1221
f 1174 1222 1221
f 1174 1175 1222
f 1175 1223 1222
f 1175 1176 1223
f 1176 1224 1223
f 1176 1177 1224
f 1177 1225 1224
f 1177 1178 1225
f 1178 1226 1225
f 1178 1179 1226
f 1179 1227 1226
f 1179 1180 1227
f 1180 1228 1227
f 1180 1181 1228
f 1181 1229 1228
f 1181 1182 1229
f 1182 1230 1229
f 1182 1183 1230
f 1183 1231 1230
f 1183 1184 1231
f 1184 1232 1231
f 1184 1185 1232
f 1185 1233 1232
f 1185 1186 1233
f 1186 1234 1233
f 1186 1187 1234
f 1187 1235 1234
f 1187 1188 1235
f 1188 1236 1235
f 1188 1189 1236
f 1189 1237 1236
f 1189 1190 1237
f 1190 1238 1237
f 1190 1191 1238
f 1191 1239 1238
f 1191 1192 1239
f 1192 1240 1239
f 1192 1193 1240
f 1193 1241 1240
f 1193 1194 1241
f 1194 1242 1241
f 1194 1195 1242
f 1195 1243 1242
f 1195 1196 1243
f 1196 1244 1243
f 1196 1197 1244
f 1197 1245 1244
f 1197 1198 1245
f 1198 1246 1245
f 1198 1199 1246
f 1199 1247 1246
f 1199 1200 1247
f 1200 1248 1247
f 1200 1153 1248
f 1153 1201 1248
f 1201 1202 1249
f 1202 1250 1249
f 1202 1203 1250
f 1203 1251 1250
f 1203 1204 1251
f 1204 1252 1251
f 1204 1205 1252
f 1205 1253 1252
f 1205 1206 1253
f 1206 1254 1253
f 1206 1207 1254
f 1207 1255 1254
f 1207 1208 1255
f 1208 1256 1255
f 1208 1209 1256
f 1209 1257 1256
f 1209 1210 1257
f 1210 1258 1257
f 1210 1211 1258
f 1211 1259 1258
f 1211 1212 1259
f 1212 1260 1259
f 1212 1213 1260
f 1213 1261 1260
f 1213 1214 1261
f 1214 1262 1261
f 1214 1215 1262
f 1215 1263 1262
f 1215 1216 1263
f 1216 1264 1263
f 1216 1217 1264
f 1217 1265 1264
f 1217 1218 1265
f 1218 1266 1265
f 1218 1219 1266
f 1219 1267 1266
f 1219 1220 1267
f 1220 1268 1267
f 1220 1221 1268
f 1221 1269 1268
f 1221 1222 1269
f 1222 1270 1269
f 1222 1223 1270
f 1223 1271 1270
f 1223 1224 1271
f 1224 1272 1271
f 1224 1225 1272
f 1225 1273 1272
f 1225 1226 1273
f 1226 1274 1273
f 1226 1227 1274
f 1227 1275 1274
f 1227 1228 1275
f 1228 1276 1275
f 1228 1229 1276
f 1229 1277 1276
f 1229 1230 1277
f 1230 1278 1277
f 1230 1231 1278
f 1231 1279 1278
f 1231 1232 1279
f 1232 1280 1279
f 1232 1233 1280
f 1233 1281 1280
f 1233 1234 1281
f 1234 1282 1281
f 1234 1235 1282
f 1235 1283 1282
f 1235 1236 1283
f 1236 1284 1283
f 1236 1237 1284
f 1237 1285 1284
f 1237 1238 1285
f 1238 1286 1285
f 1238 1239 1286
f 1239 1287 1286
f 1239 1240 1287
f 1240 1288 1287
f 1240 1241 1288
f 1241 1289 1288
f 1241 1242 1289
f 1242 1290 1289
f 1242 1243 1290
f 1243 1291 1290
f 1243 1244 1291
f 1244 1292 1291
f 1244 1245 1292
f 1245 1293 1292
f 1245 1246 1293
f 1246 1294 1293
f 1246 1247 1294
f 1247 1295 1294
f 1247 1248 1295
f 1248 1296 1295
f 1248 1201 1296
f 1201 1249 1296
f 1249 1250 1297
f 1250 1298 1297
f 1250 1251 1298
f 1251 1299 1298
f 1251 1252 1299
f 1252 1300 1299
f 1252 1253 1300
f 1253 1301 1300
f 1253 1254 1301
f 1254 1302 1301
f 1254 1255 1302
f 1255 1303 1302
f 1255 1256 1303
f 1256 1304 1303
f 1256 1257 1304
f 1257 1305 1304
f 1257 1258 1305
f 1258 1306 1305
f 1258 1259 1306
f 1259 1307 1306
f 1259 1260 1307
f 1260 1308 1307
f 1260 1261 1308
f 1261 1309 1308
f 1261 1262 1309
f 1262 1310 1309
f 1262 1263 1310
f 1263 1311 1310
f 1263 1264 1311
f 1264 1312 1311
f 1264 1265 1312
f 1265 1313 1312
f 1265 1266 1313
f 1266 1314 1313
f 1266 1267 1314
f 1267 1315 1314
f 1267 1268 1315
f 1268 1316 1315
f 1268 1269 1316
f 1269 1317 1316
f 1269 1270 1317
f 1270 1318 1317
f 1270 1271 1318
f 1271 1319 1318
f 1271 1272 1319
f 1272 1320 1319
f 1272 1273 1320
f 1273 1321 1320
f 1273 1274 1321
f 1274 1322 1321
f 1274 1275 1322
f 1275 1323 1322
f 1275 1276 1323
f 1276 1324 1323
f 1276 1277 1324
f 1277 1325 1324
f 1277 1278 1325
f 1278 1326 1325
f 1278 1279 1326
f 1279 1327 1326
f 1279 1280 1327
f 1280 1328 1327
f 1280 1281 1328
f 1281 1329 1328
f 1281 1282 1329
f 1282 1330 1329
f 1282 1283 1330
f 1283 1331 1330
f 1283 1284 1331
f 1284 1332 1331
f 1284 1285 1332
f 1285 1333 1332
f 1285 1286 1333
f 1286 1334 1333
f 1286 1287 1334
f 1287 1335 1334
f 1287 1288 1335
f 1288 1336 1335
f 1288 1289 1336
f 1289 1337 1336
f 1289 1290 1337
f 1290 1338 1337
f 1290 1291 1338
f 1291 1339 1338
f 1291 1292 1339
f 1292 1340 1339
f 1292 1293 1340
f 1293 1341 1340
f 1293 1294 1341
f 1294 1342 1341
f 1294 1295 1342
f 1295 1343 1342
f 1295 1296 1343
f 1296 1344 1343
f 1296 1249 1344
f 1249 1297 1344
f 31 30 32
f 32 30 1345
f 32 1346 33
f 32 1345 1346
f 33 1346 34
f 34 1346 1347
f 34 1348 35
f 34 1347 1348
f 35 1348 36
f 36 1348 1349
f 36 1350 37
f 36 1349 1350
f 37 1350 38
f 38 1350 1351
f 38 1352 39
f 38 1351 1352
f 39 1352 40
f 40 1352 1353
f 40 1354 41
f 40 1353 1354
f 41 1354 42
f 42 1354 1355
f 42 44 43
f 42 1355 44
f 30 1356 1345
f 30 29 1356
f 1345 1356 1346
f 1346 1356 1357
f 1346 1358 1347
f 1346 1357 1358
f 1347 1358 1348
f 1348 1358 1359
f 1348 1360 1349
f 1348 1359 1360
f 1349 1360 1350
f 1350 1360 1361
f 1350 1362 1351
f 1350 1361 1362
f 1351 1362 1352
f 1352 1362 1363
f 1352 1364 1353
f 1352 1363 1364
f 1353 1364 1354
f 1354 1364 1365
f 1354 1366 1355
f 1354 1365 1366
f 1355 1366 44
f 44 1366 45
f 29 28 1356
f 1356 28 1367
f 1356 1368 1357
f 1356 1367 1368
f 1357 1368 1358
f 1358 1368 1369
f 1358 1370 1359
f 1358 1369 1370
f 1359 1370 1360
f 1360 1370 1371
f 1360 1372 1361
f 1360 1371 1372
f 1361 1372 1362
f 1362 1372 1373
f 1362 1374 1363
f 1362 1373 1374
f 1363 1374 1364
f 1364 1374 1375
f 1364 1376 1365
f 1364 1375 1376
f 1365 1376 1366
f 1366 1376 1377
f 1366 46 45
f 1366 1377 46
f 28 1378 1367
f 28 27 1378
f 1367 1378 1368
f 1368 1378 1379
f 1368 1380 1369
f 1368 1379 1380
f 1369 1380 1370
f 1370 1380 1381
f 1370 1382 1371
f 1370 1381 1382
f 1371 1382 1372
f 1372 1382 1383
f 1372 1384 1373
f 1372 1383 1384
f 1373 1384 1374
f 1374 1384 1385
f 1374 1386 1375
f 1374 1385 1386
f 1375 1386 1376
f 1376 1386 1387
f 1376 1388 1377
f 1376 1387 1388
f 1377 1388 46
f 46 1388 47
f 27 26 1378
f 1378 26 1389
f 1378 1390 1379
f 1378 1389 1390
f 1379 1390 1380
f 1380 1390 1391
f 1380 1392 1381
f 1380 1391 1392
f 1381 1392 1382
f 1382 1392 1393
f 1382 1394 1383
f 1382 1393 1394
f 1383 1394 1384
f 1384 1394 1395
f 1384 1396 1385
f 1384 1395 1396
f 1385 1396 1386
f 1386 1396 1397
f 1386 1398 1387
f 1386 1397 1398
f 1387 1398 1388
f 1388 1398 1399
f 1388 48 47
f 1388 1399 48
f 26 1400 1389
f 26 25 1400
f 1389 1400 1390
f 1390 1400 1401
f 1390 1402 1391
f 1390 1401 1402
f 1391 1402 1392
f 1392 1402 1403
f 1392 1404 1393
f 1392 1403 1404
f 1393 1404 1394
f 1394 1404 1405
f 1394 1406 1395
f 1394 1405 1406
f 1395 1406 1396
f 1396 1406 1407
f 1396 1408 1397
f 1396 1407 1408
f 1397 1408 1398
f 1398 1408 1409
f 1398 1410 1399
f 1398 1409 1410
f 1399 1410 48
f 48 1410 1
f 25 24 1400
f 1400 24 1411
f 1400 1412 1401
f 1400 1411 1412
f 1401 1412 1402
f 1402 1412 1413
f 1402 1414 1403
f 1402 1413 1414
f 1403 1414 1404
f 1404 1414 1415
f 1404 1416 1405
f 1404 1415 1416
f 1405 1416 1406
f 1406 1416 1417
f 1406 1418 1407
f 1406 1417 1418
f 1407 1418 1408
f 1408 1418 1419
f 1408 1420 1409
f 1408 1419 1420
f 1409 1420 1410
f 1410 1420 1421
f 1410 2 1
f 1410 1421 2
f 24 1422 1411
f 24 23 1422
f 1411 1422 1412
f 1412 1422 1423
f 1412 1424 1413
f 1412 1423 1424
f 1413 1424 1414
f 1414 1424 1425
f 1414 1426 1415
f 1414 1425 1426
f 1415 1426 1416
f 1416 1426 1427
f 1416 1428 1417
f 1416 1427 1428
f 1417 1428 1418
f 1418 1428 1429
f 1418 1430 1419
f 1418 1429 1430
f 1419 1430 1420
f 1420 1430 1431
f 1420 1432 1421
f 1420 1431 1432
f 1421 1432 2
f 2 1432 3
f 23 22 1422
f 1422 22 1433
f 1422 1434 1423
f 1422 1433 1434
f 1423 1434 1424
f 1424 1434 1435
f 1424 1436 1425
f 1424 1435 1436
f 1425 1436 1426
f 1426 1436 1437
f 1426 1438 1427
f 1426 1437 1438
f 1427 1438 1428
f 1428 1438 1439
f 1428 1440 1429
f 1428 1439 1440
f 1429 1440 1430
f 1430 1440 1441
f 1430 1442 1431
f 1430 1441 1442
f 1431 1442 1432
f 1432 1442 1443
f 1432 4 3
f 1432 1443 4
f 22 1444 1433
f 22 21 1444
f 1433 1444 1434
f 1434 1444 1445
f 1434 1446 1435
f 1434 1445 1446
f 1435 1446 1436
f 1436 1446 1447
f 1436 1448 1437
f 1436 1447 1448
f 1437 1448 1438
f 1438 1448 1449
f 1438 1450 1439
f 1438 1449 1450
f 1439 1450 1440
f 1440 1450 1451
f 1440 1452 1441
f 1440 1451 1452
f 1441 1452 1442
f 1442 1452 1453
f 1442 1454 1443
f 1442 1453 1454
f 1443 1454 4
f 4 1454 5
f 21 20 1444
f 1444 20 1455
f 1444 1456 1445
f 1444 1455 1456
f 1445 1456 1446
f 1446 1456 1457
f 1446 1458 1447
f 1446 1457 1458
f 1447 1458 1448
f 1448 1458 1459
f 1448 1460 1449
f 1448 1459 1460
f 1449 1460 1450
f 1450 1460 1461
f 1450 1462 1451
f 1450 1461 1462
f 1451 1462 1452
f 1452 1462 1463
f 1452 1464 1453
f 1452 1463 1464
f 1453 1464 1454
f 1454 1464 1465
f 1454 6 5
f 1454 1465 6
f 20 18 1455
f 20 19 18
f 1455 18 1456
f 1456 18 17
f 1456 16 1457
f 1456 17 16
f 1457 16 1458
f 1458 16 15
f 1458 14 1459
f 1458 15 14
f 1459 14 1460
f 1460 14 13
f 1460 12 1461
f 1460 13 12
f 1461 12 1462
f 1462 12 11
f 1462 10 1463
f 1462 11 10
f 1463 10 1464
f 1464 10 9
f 1464 8 1465
f 1464 9 8
f 1465 8 6
f 6 8 7
# grip center 0.177783546 0.0142531033 0.201874018 active 1 orientation 1 0 0 0 patch_center 0
# ball 0 center 0.19 0 0.097 radius 0.07 appearance 0 orientation 1 0 0 0 angular_velocity 0 0 0 linear_velocity 0 0 0
# ball 1 center 0.118 0.149 0.092 radius 0.065 appearance 1 orientation 1 0 0 0 angular_velocity 0 0 0 linear_velocity 0 0 0
# ball 2 center -0.042 0.185 0.108 radius 0.075 appearance 2 orientation 1 0 0 0 angular_velocity 0 0 0 linear_velocity 0 0 0
# ball 3 center -0.171 0.082 0.087 radius 0.06 appearance 1 orientation 1 0 0 0 angular_velocity 0 0 0 linear_velocity 0 0 0
# ball 4 center -0.187 -0.076 0.101 radius 0.068 appearance 3 orientation 1 0 0 0 angular_velocity 0 0 0 linear_velocity 0 0 0
# ball 5 center -0.042 -0.185 0.099 radius 0.072 appearance 0 orientation 1 0 0 0 angular_velocity 0 0 0 linear_velocity 0 0 0
# ball 6 center 0.118 -0.149 0.09 radius 0.063 appearance 2 orientation 1 0 0 0 angular_velocity 0 0 0 linear_velocity 0 0 0
# ball 7 center 0 0 0.093 radius 0.066 appearance 3 orientation 1 0 0 0 angular_velocity 0 0 0 linear_velocity 0 0 0
# ball 8 center 0.103 0 0.219 radius 0.072 appearance 0 orientation 1 0 0 0 angular_velocity 0 0 0 linear_velocity 0 0 0
# ball 9 center 0 0.099 0.221 radius 0.064 appearance 1 orientation 1 0 0 0 angular_velocity 0 0 0 linear_velocity 0 0 0
# ball 10 center -0.105 0 0.224 radius 0.07 appearance 2 orientation 1 0 0 0 angular_velocity 0 0 0 linear_velocity 0 0 0
# ball 11 center 0 -0.105 0.219 radius 0.067 appearance 3 orientation 1 0 0 0 angular_velocity 0 0 0 linear_velocity 0 0 0
