# Numi Solver explicit-yarn cloth bag reference
# vertices 1465 render_triangles 2880
v 0.0715940376 -0.0317134516 0.724647587
v 0.0682516066 -2.63861132e-05 0.763085942
v 0.069003084 0.0441684225 0.768543325
v 0.0794731975 0.0834072057 0.748418214
v 0.0840860309 0.108929365 0.712139362
v 0.0977985641 0.14681961 0.700971108
v 0.0907106528 0.174844425 0.669624013
v 0.116421608 0.206914013 0.657226423
v 0.136110164 0.230971697 0.62677242
v 0.17569657 0.235896502 0.608278337
v 0.18609762 0.235767466 0.56883834
v 0.21341946 0.233281751 0.539465419
v 0.237538986 0.216817999 0.510710701
v 0.253101214 0.25037433 0.496052591
v 0.285475061 0.26976135 0.483998951
v 0.315954871 0.268520574 0.458878205
v 0.344552953 0.258216925 0.434441846
v 0.366236831 0.237189421 0.409613129
v 0.384676609 0.216606766 0.381012227
v 0.424138856 0.215676357 0.36395897
v 0.459475917 0.204228832 0.335551041
v 0.4835732 0.180439185 0.3013383
v 0.50190845 0.141280051 0.282322154
v 0.491422895 0.0942136392 0.274728716
v 0.46611977 0.0496114503 0.275257983
v 0.440504223 0.0124275016 0.282435644
v 0.427708117 -0.0230162624 0.282321505
v 0.42031473 -0.0613650531 0.27706259
v 0.405630728 -0.0983022511 0.268597994
v 0.387234685 -0.132255182 0.280001826
v 0.363004451 -0.157859168 0.302806202
v 0.34242296 -0.182164707 0.327038684
v 0.307617313 -0.173813936 0.343898694
v 0.272970599 -0.175176272 0.369370976
v 0.265468437 -0.217774757 0.368625192
v 0.241721365 -0.250631075 0.381515306
v 0.217178018 -0.25816351 0.415567644
v 0.200239049 -0.240709923 0.450375853
v 0.174023593 -0.263845456 0.475488032
v 0.158494635 -0.26686494 0.51490938
v 0.144921045 -0.255407101 0.553747766
v 0.141849846 -0.226190529 0.586521271
v 0.117411866 -0.209132399 0.617434956
v 0.120294141 -0.167032106 0.62178788
v 0.0977143565 -0.132477737 0.63422996
v 0.0891342454 -0.0924107024 0.631733055
v 0.0897592331 -0.0632210939 0.652723612
v 0.083029776 -0.0334694234 0.677091266
v 0.0635015403 -0.0303934898 0.726203697
v 0.0620977386 0.00358294638 0.76007834
v 0.0608686369 0.0465887715 0.768253502
v 0.0703660179 0.0825534099 0.742961438
v 0.0710224899 0.111086559 0.70925123
v 0.0827642034 0.14839714 0.69973822
v 0.0891301921 0.184038356 0.679295739
v 0.123593851 0.202261323 0.662210043
v 0.1404753 0.223856138 0.629590488
v 0.178655158 0.226604497 0.609413495
v 0.193783702 0.230211097 0.571259156
v 0.213349076 0.224783815 0.536776011
v 0.236587429 0.221878241 0.5041886
v 0.249241272 0.25820854 0.498000749
v 0.279085178 0.268510092 0.475486601
v 0.308673754 0.262551239 0.451723036
v 0.337308553 0.25714068 0.427297979
v 0.363899259 0.241116758 0.403891106
v 0.385737877 0.211530891 0.386868443
v 0.420406183 0.207961661 0.36126035
v 0.45183103 0.202176313 0.329698838
v 0.476626854 0.171248108 0.307956597
v 0.486941616 0.136537475 0.280534783
v 0.478366043 0.0920755076 0.268233667
v 0.454572361 0.0509926655 0.277458412
v 0.433490201 0.0132038763 0.275867047
v 0.426880855 -0.0229887572 0.27376519
v 0.414537073 -0.0608705971 0.273070419
v 0.408382675 -0.100807934 0.262820545
v 0.381567171 -0.127063778 0.278368418
v 0.362074373 -0.150847915 0.307464139
v 0.334954173 -0.175935939 0.323885434
v 0.312312677 -0.165252095 0.352647234
v 0.283078877 -0.183483203 0.374959587
v 0.262064493 -0.219520094 0.381062418
v 0.231779275 -0.24779064 0.377093608
v 0.222438084 -0.250039479 0.417481479
v 0.193611401 -0.244739402 0.44731861
v 0.171485223 -0.269803693 0.473720589
v 0.153438761 -0.265774315 0.511903545
v 0.147121211 -0.249761853 0.550851326
v 0.140699118 -0.218126255 0.579989859
v 0.111590764 -0.201865083 0.606042188
v 0.106874489 -0.162494296 0.61650811
v 0.0867958067 -0.133949926 0.63625684
v 0.088382819 -0.0960451006 0.639560459
v 0.0814597512 -0.0659715382 0.657283328
v 0.0740057505 -0.0349925617 0.680466702
v 0.0539649893 -0.0267148409 0.720548479
v 0.0514127147 0.00658794186 0.748306185
v 0.049789575 0.047628562 0.753561678
v 0.0547023582 0.0849811783 0.733611065
v 0.0544448126 0.119568441 0.710468852
v 0.0675800228 0.147334161 0.68831425
v 0.0843981106 0.174750651 0.664794167
v 0.1165947 0.196712267 0.650052351
v 0.1365959 0.216128111 0.619834844
v 0.174724962 0.215535053 0.603429268
v 0.194481445 0.217501555 0.56798111
v 0.217320202 0.213515669 0.53673606
v 0.226106876 0.224609298 0.50118031
v 0.247336824 0.252610298 0.487940062
v 0.274036582 0.264848164 0.464803993
v 0.302077587 0.259807508 0.441381987
v 0.331108244 0.256407764 0.418893963
v 0.359507509 0.240357125 0.398011008
v 0.38099546 0.210214538 0.381564218
v 0.412163167 0.211254362 0.354429106
v 0.435865033 0.193921377 0.324942789
v 0.452669767 0.16403416 0.30167984
v 0.461357263 0.126644882 0.284518844
v 0.456003906 0.0890163097 0.265880563
v 0.44472391 0.0481255439 0.267073234
v 0.430211831 0.0116657416 0.267364956
v 0.426511201 -0.0239768047 0.266254783
v 0.409294977 -0.059081569 0.2698755
v 0.403250771 -0.0986039424 0.260428788
v 0.382069479 -0.122600479 0.284135909
v 0.354606425 -0.143115648 0.307072823
v 0.326122931 -0.170437555 0.313301217
v 0.301438834 -0.161739287 0.339020362
v 0.274147127 -0.180152483 0.358737466
v 0.251824828 -0.204745114 0.381234866
v 0.2242521 -0.233549421 0.378955038
v 0.216958174 -0.236643916 0.418029789
v 0.184829217 -0.248427644 0.439155531
v 0.165545736 -0.260861818 0.473126792
v 0.153900092 -0.255043444 0.511935115
v 0.134355713 -0.247613741 0.54727487
v 0.127167014 -0.21291381 0.569249373
v 0.0998946487 -0.193026213 0.591336257
v 0.0906141719 -0.16043504 0.608709656
v 0.0837555148 -0.128728625 0.626261237
v 0.0787928232 -0.0949414011 0.638322063
v 0.0774739739 -0.0721601101 0.666134533
v 0.0646842263 -0.0396957329 0.681634992
v 0.0428113423 -0.0209690643 0.711676816
v 0.0378390837 0.0114232873 0.732511821
v 0.0356504841 0.0498930045 0.735872198
v 0.0386711622 0.0862311801 0.721874414
v 0.0434764792 0.115095836 0.69745608
v 0.0627155923 0.136418736 0.6759493
v 0.0880458196 0.158933132 0.659036817
v 0.114186392 0.183291572 0.640615334
v 0.136827817 0.201422398 0.613972564
v 0.170041391 0.204636876 0.592744245
v 0.182438174 0.218986134 0.558276474
v 0.210434602 0.225311414 0.534413718
v 0.221195997 0.235930802 0.501366459
v 0.241595563 0.254846189 0.478439981
v 0.274758625 0.254229272 0.464471779
v 0.296296013 0.253517847 0.436214887
v 0.324850643 0.252466573 0.414304185
v 0.354749006 0.24258009 0.392524181
v 0.374572691 0.213042058 0.375656188
v 0.399768878 0.209800902 0.345967785
v 0.416367491 0.180614481 0.325885888
v 0.425685798 0.150669223 0.303344014
v 0.433365146 0.11624182 0.288827354
v 0.434157947 0.0836083662 0.269870345
v 0.432795612 0.0471039864 0.262266694
v 0.430513549 0.0107733357 0.259730712
v 0.423875121 -0.0242890598 0.259989301
v 0.405645572 -0.0569435315 0.264549067
v 0.395131956 -0.0945761553 0.260911578
v 0.375308584 -0.124149455 0.275649626
v 0.348644097 -0.145741398 0.295341961
v 0.314874659 -0.161980426 0.305084002
v 0.294002108 -0.175436232 0.330360529
v 0.261688268 -0.179844133 0.345741911
v 0.239713611 -0.196657245 0.371888218
v 0.212745393 -0.222100688 0.38096821
v 0.210322318 -0.222569846 0.419085215
v 0.185225356 -0.234794185 0.445204298
v 0.159365503 -0.247274734 0.471210274
v 0.140871309 -0.248414427 0.505299818
v 0.122111921 -0.238763203 0.537978538
v 0.112971629 -0.205776308 0.557212597
v 0.0969755666 -0.178583873 0.577616953
v 0.0946939209 -0.149427733 0.597627395
v 0.0813952728 -0.123260586 0.617747806
v 0.0689426934 -0.0977114012 0.640168012
v 0.0670471031 -0.0762135999 0.669775598
v 0.0549402629 -0.0443098167 0.683785582
v 0.0376599643 -0.0141508898 0.699461246
v 0.0254230337 0.0147440017 0.717703382
v 0.0234535969 0.0511221851 0.720974599
v 0.031580046 0.0842769943 0.709161076
v 0.045307501 0.108802676 0.687428655
v 0.0624429118 0.130095686 0.666002188
v 0.0850095943 0.152771337 0.648506377
v 0.113395524 0.172779013 0.631824303
v 0.141423563 0.187928731 0.611002323
v 0.164662259 0.195738531 0.581793527
v 0.187136717 0.206192793 0.552912065
v 0.203428803 0.221123658 0.524480365
v 0.218093422 0.245538998 0.504113598
v 0.24580952 0.249931814 0.483060192
v 0.271434016 0.252435547 0.45909513
v 0.295924795 0.247252939 0.43445416
v 0.32450312 0.246250856 0.413113965
v 0.350870129 0.242671812 0.386882444
v 0.368425334 0.214592574 0.368321086
v 0.388259203 0.204881585 0.337743188
v 0.397990972 0.170128197 0.325614393
v 0.404571493 0.138341088 0.308113206
v 0.411529742 0.108242966 0.291316292
v 0.418814718 0.07886381 0.273110964
v 0.42430754 0.0455030725 0.261353712
v 0.427102464 0.0107816751 0.253022356
v 0.42052907 -0.0247898206 0.253776455
v 0.402378969 -0.0560663814 0.258575036
v 0.386790985 -0.0896309933 0.263906562
v 0.365007859 -0.118029291 0.274280393
v 0.339417882 -0.136466112 0.295017103
v 0.309959729 -0.150915693 0.312498908
v 0.288359158 -0.177358346 0.317437827
v 0.268791448 -0.190799812 0.343036292
v 0.237383112 -0.200127459 0.360153289
v 0.208266187 -0.210923821 0.380623029
v 0.199263447 -0.218592545 0.415634567
v 0.176611518 -0.225032487 0.444164154
v 0.160505194 -0.233617924 0.476139004
v 0.133683445 -0.234958877 0.501464767
v 0.111929349 -0.229297425 0.530658427
v 0.101071227 -0.199683757 0.5496238
v 0.0973323069 -0.169155008 0.566953279
v 0.0862087987 -0.146760035 0.590550734
v 0.073055242 -0.122642919 0.61422665
v 0.0594056502 -0.101308998 0.641494512
v 0.0564111553 -0.0782075614 0.670300578
v 0.0451074805 -0.0442296308 0.679773882
v 0.0274085925 -0.0149969264 0.699710643
v 0.017523445 0.017589695 0.709329809
v 0.0180633969 0.0527000519 0.712242594
v 0.0247711367 0.0866452744 0.705182462
v 0.0456405331 0.101639527 0.681535106
v 0.0679080985 0.122318275 0.663797909
v 0.0907853311 0.146086303 0.648653543
v 0.11326348 0.166303749 0.626061007
v 0.13495844 0.187809054 0.604203718
v 0.160480947 0.204882779 0.581960959
v 0.179153154 0.21193679 0.54997588
v 0.196175603 0.227172756 0.522747684
v 0.215072751 0.241673193 0.497862674
v 0.242268581 0.25439527 0.478984822
v 0.270662633 0.260885776 0.458392212
v 0.292681455 0.255040342 0.430698836
v 0.321517157 0.251928504 0.409196464
v 0.345673208 0.241822253 0.383401628
v 0.362306872 0.214840433 0.363681524
v 0.379976501 0.202188729 0.333541873
v 0.389579303 0.169245183 0.31804292
v 0.39500755 0.137918318 0.301061879
v 0.401862645 0.107379338 0.2872453
v 0.412553187 0.0797301921 0.267710115
v 0.418998152 0.0460648567 0.253992638
v 0.422753714 0.0111719334 0.243295721
v 0.415643875 -0.0248718099 0.24587489
v 0.397448693 -0.0558117839 0.253000727
v 0.379600553 -0.0847409953 0.266331196
v 0.356820041 -0.112199757 0.274045749
v 0.331343415 -0.131842504 0.291475426
v 0.305553001 -0.15388889 0.303843229
v 0.281891791 -0.171049111 0.321863128
v 0.262178746 -0.195143846 0.33802244
v 0.239108334 -0.207370688 0.364846503
v 0.205678617 -0.218465879 0.377808922
v 0.196611173 -0.225389953 0.413239026
v 0.170764446 -0.227616797 0.439917086
v 0.153569814 -0.228806596 0.471827189
v 0.12648711 -0.231472137 0.495071913
v 0.109930973 -0.222473661 0.525376728
v 0.0954967474 -0.196610938 0.54491929
v 0.0900584555 -0.172628037 0.569582128
v 0.0785686265 -0.1444616 0.586415566
v 0.0654951868 -0.127468258 0.616724291
v 0.055933275 -0.107708843 0.647741831
v 0.0483457605 -0.0812487199 0.673281785
v 0.037375674 -0.0462984936 0.682837175
v 0.0189922038 -0.0160666563 0.699868818
v 0.0123121444 0.0183607299 0.702164948
v 0.0120139043 0.0535522273 0.705555061
v 0.0165320299 0.0885339118 0.698275921
v 0.0363036069 0.105058071 0.67276472
v 0.0588513454 0.130102206 0.658936696
v 0.084995689 0.147994076 0.640422078
v 0.111422007 0.162972921 0.618476662
v 0.136614244 0.182202205 0.598466573
v 0.155485155 0.205590237 0.575595689
v 0.174410768 0.210515479 0.543559782
v 0.192899137 0.223390775 0.516397525
v 0.216502968 0.234712544 0.493555285
v 0.23836971 0.252682318 0.470011819
v 0.265793965 0.268559166 0.450515397
v 0.292008135 0.265082718 0.424446823
v 0.321547732 0.258328683 0.403194418
v 0.342506396 0.242242896 0.377383579
v 0.357497169 0.214798459 0.358033856
v 0.374565517 0.200037802 0.328821584
v 0.386253752 0.169863697 0.311388335
v 0.389559365 0.138302103 0.294976026
v 0.397398712 0.108521466 0.279283337
v 0.408163874 0.0804652674 0.258227731
v 0.419956717 0.0478775604 0.242338015
v 0.419120563 0.0116074791 0.232041102
v 0.409259172 -0.0242288255 0.238442668
v 0.393813026 -0.0573778392 0.245592367
v 0.372457782 -0.0826158997 0.260680208
v 0.349145228 -0.108387882 0.270274333
v 0.3265622 -0.13274548 0.28401987
v 0.298527769 -0.147984953 0.299809297
v 0.274094067 -0.163598322 0.319368042
v 0.253617628 -0.189544814 0.333643792
v 0.238528662 -0.215314568 0.357703488
v 0.207479077 -0.227988116 0.375923299
v 0.190645986 -0.230119828 0.410068424
v 0.16428579 -0.226051099 0.437385202
v 0.14838861 -0.222995445 0.470174591
v 0.122188192 -0.224799117 0.493740916
v 0.102818957 -0.222984099 0.523468476
v 0.087969487 -0.201562041 0.547604312
v 0.0787220309 -0.17375779 0.567894982
v 0.0679546289 -0.14321383 0.583323451
v 0.0579053127 -0.123121649 0.613129541
v 0.0478136177 -0.108484941 0.646899984
v 0.0413134398 -0.0837833862 0.674922197
v 0.0300927979 -0.0483528729 0.684502697
v 0.0136300167 -0.0142922598 0.693978912
v 0.0144284744 0.0206858902 0.694141315
v 0.0063530301 0.0555623186 0.697739052
v 0.00585034741 0.0931604314 0.694423439
v 0.0283941497 0.116072393 0.674546327
v 0.0508919871 0.136918785 0.652969971
v 0.0804043178 0.155969989 0.640197578
v 0.104899797 0.166600166 0.614214726
v 0.130004032 0.183961901 0.593047912
v 0.148618562 0.209416901 0.573420355
v 0.170552026 0.217554771 0.544903002
v 0.193135956 0.230746028 0.52124798
v 0.210882857 0.242540445 0.492710407
v 0.232763704 0.261734903 0.468072756
v 0.259737766 0.276635547 0.445006881
v 0.285315358 0.268874884 0.417789216
v 0.317525086 0.262238189 0.398357974
v 0.33668322 0.242351212 0.373291593
v 0.356078866 0.220087031 0.352217517
v 0.368415618 0.199342752 0.324971533
v 0.382611025 0.172706077 0.305002257
v 0.388476968 0.14280906 0.286140617
v 0.397684379 0.112967296 0.269165075
v 0.408411264 0.0839379576 0.247695358
v 0.416933771 0.0494125845 0.232109158
v 0.414403611 0.0121097983 0.223329144
v 0.402969527 -0.0235683807 0.232465781
v 0.38916321 -0.0586137006 0.238393373
v 0.36778484 -0.0841119187 0.252623394
v 0.344797907 -0.109631668 0.262503693
v 0.320752424 -0.132375013 0.276563741
v 0.296111437 -0.154658363 0.290224988
v 0.273205553 -0.173285574 0.310972438
v 0.257296363 -0.199987921 0.330745019
v 0.230017319 -0.21231948 0.354795095
v 0.201530758 -0.231613881 0.371717277
v 0.186854828 -0.224767787 0.406755611
v 0.158632935 -0.224740251 0.43314735
v 0.142443634 -0.22461075 0.465926597
v 0.123300654 -0.217693124 0.494500728
v 0.0966740713 -0.220778418 0.51873023
v 0.0774461323 -0.20213686 0.543855513
v 0.0664328333 -0.177162327 0.568450195
v 0.0570889572 -0.144367535 0.58261735
v 0.0511170852 -0.127184057 0.615301112
v 0.042471092 -0.10418216 0.644121654
v 0.0338077447 -0.0845401262 0.675218736
v 0.0224138354 -0.0493805433 0.685227433
v 0.0120717417 -0.0129517875 0.685619769
v 0.0135438732 0.0225023439 0.684589391
v 0.000948887756 0.0571986579 0.688196236
v -0.00225589598 0.0961241301 0.685553505
v 0.0199091583 0.124565703 0.671400796
v 0.0447067248 0.136922559 0.644478584
v 0.0759022558 0.156192922 0.632710588
v 0.101779295 0.175257741 0.614043006
v 0.124016041 0.188065303 0.587819414
v 0.144108533 0.210258434 0.566829959
v 0.164483561 0.219697 0.538192257
v 0.186414829 0.237480432 0.516003228
v 0.212497346 0.253042861 0.495630799
v 0.22864072 0.270935958 0.46525139
v 0.254795281 0.277484255 0.436823235
v 0.281586509 0.265834133 0.411224391
v 0.315742843 0.263972609 0.391886452
v 0.33909634 0.24688631 0.367925777
v 0.354608503 0.223316215 0.345454878
v 0.364046301 0.199916382 0.319504457
v 0.378490099 0.175014704 0.296850955
v 0.38606555 0.146706646 0.274938374
v 0.39855054 0.116844922 0.25767659
v 0.406853528 0.0858092471 0.23746805
v 0.413602915 0.0502385673 0.223578238
v 0.40833177 0.0124998713 0.217199008
v 0.396249355 -0.0232389163 0.227275753
v 0.384174611 -0.0594642634 0.231356079
v 0.362053221 -0.0837054316 0.245972104
v 0.34127081 -0.111479578 0.254667015
v 0.319272365 -0.138390031 0.26774296
v 0.291741345 -0.160727207 0.279080099
v 0.276995132 -0.184097846 0.304167648
v 0.249504836 -0.200576158 0.323660482
v 0.228137904 -0.204120485 0.354896172
v 0.199557424 -0.224074372 0.370972925
v 0.183996117 -0.218017497 0.405514248
v 0.160633778 -0.21857049 0.435980609
v 0.14308641 -0.217889042 0.467763075
v 0.121182006 -0.210500274 0.494493957
v 0.0897120245 -0.216331773 0.514103938
v 0.0658438898 -0.204086953 0.541453694
v 0.0544192227 -0.179669361 0.568252139
v 0.0475442849 -0.144921304 0.582122214
v 0.0440477047 -0.129426153 0.616253173
v 0.0350575356 -0.103055707 0.641350781
v 0.0263615367 -0.0839971355 0.672403836
v 0.0157446402 -0.0492021291 0.681309814
v 0.0125105634 -0.0115821032 0.675338457
v 0.00309534746 0.0233206903 0.67954419
v 0.0052504218 0.0613677637 0.678224149
v -0.00887870057 0.0983359489 0.67683739
v 0.0122178211 0.129983405 0.666961807
v 0.0390717218 0.143624703 0.641486414
v 0.0711263397 0.16165504 0.627587881
v 0.100064118 0.18305927 0.618716183
v 0.124881512 0.193517032 0.594208971
v 0.142284174 0.216820878 0.571879435
v 0.162260375 0.229324803 0.543449847
v 0.183473519 0.248880951 0.520528632
v 0.203536791 0.252194499 0.488932321
v 0.221967271 0.26923173 0.459306205
v 0.248624135 0.277865104 0.431942663
v 0.281012321 0.273004018 0.410390906
v 0.312547488 0.267906083 0.387017652
v 0.333977076 0.248062468 0.363136719
v 0.35240553 0.227447952 0.340427773
v 0.363175053 0.204699772 0.313550443
v 0.378406695 0.181390517 0.28778376
v 0.388419998 0.15370793 0.26405491
v 0.397381163 0.121123961 0.246740176
v 0.401699192 0.0872434208 0.229920949
v 0.407339137 0.0511359602 0.217808806
v 0.399906945 0.0134674361 0.215222758
v 0.389354895 -0.0231332069 0.222160083
v 0.378825887 -0.0595962381 0.224848914
v 0.360154616 -0.0870350369 0.238262989
v 0.334802372 -0.111661006 0.247583454
v 0.317385355 -0.144670762 0.257870374
v 0.29260184 -0.171303523 0.270871358
v 0.272410705 -0.19209685 0.296172521
v 0.242164427 -0.197109244 0.319226565
v 0.221114455 -0.203906213 0.350182297
v 0.192193523 -0.22146653 0.367434655
v 0.178117233 -0.22164424 0.402535628
v 0.155570732 -0.215335625 0.432009794
v 0.141631548 -0.210408899 0.465098234
v 0.114963045 -0.206319911 0.489246444
v 0.0818898046 -0.212676903 0.508439159
v 0.0557803918 -0.203676417 0.536658933
v 0.0443853582 -0.180133547 0.565674667
v 0.0398339081 -0.143943156 0.579855637
v 0.0367254142 -0.127643216 0.614415597
v 0.0270853679 -0.105975695 0.643051599
v 0.0186754748 -0.0838342794 0.67145042
v 0.0101005207 -0.0480595297 0.67565396
v 0.0069477068 -0.00984987977 0.664540059
v -0.00144789824 0.0266697103 0.668337281
v 0.00869199229 0.06376045 0.668175069
v -0.0113368533 0.0978537596 0.66755481
v 0.00638192708 0.132185889 0.660159673
v 0.0358387407 0.152015253 0.642191153
v 0.0665956046 0.167828439 0.623139538
v 0.0954584976 0.189422136 0.615254499
v 0.123781871 0.20140214 0.595785827
v 0.14076114 0.226351644 0.572886416
v 0.154918764 0.238676519 0.539608522
v 0.175888655 0.254908438 0.512234115
v 0.197610757 0.250307079 0.480916594
v 0.223571032 0.262586474 0.455146469
v 0.24722299 0.272790735 0.426106847
v 0.27894125 0.275407003 0.403513405
v 0.309808803 0.26826565 0.380551468
v 0.330054086 0.246755281 0.357716716
v 0.352270879 0.231128912 0.334156416
v 0.360494322 0.207544359 0.305368355
v 0.379365484 0.186917904 0.277574059
v 0.39102006 0.15878076 0.253101437
v 0.395940226 0.123487084 0.236857914
v 0.395783059 0.0872177871 0.223794709
v 0.400051828 0.0511997185 0.212085289
v 0.390835738 0.0143075667 0.213832042
v 0.382756275 -0.0228159786 0.216827458
v 0.372305864 -0.0586607896 0.218929628
v 0.355612002 -0.0887905106 0.229679932
v 0.329083241 -0.113982765 0.23870933
v 0.31425485 -0.149792218 0.247790899
v 0.292339015 -0.179545766 0.262372287
v 0.266057268 -0.193581707 0.288223547
v 0.239484091 -0.189129944 0.317257405
v 0.216773172 -0.20640788 0.342556608
v 0.190054884 -0.212894107 0.36795632
v 0.171690552 -0.21932179 0.399842908
v 0.149328948 -0.211089143 0.428303475
v 0.132340409 -0.211760968 0.460798628
v 0.108807647 -0.198252664 0.486241653
v 0.0750601461 -0.20661485 0.504618084
v 0.0475166085 -0.201791729 0.533140506
v 0.0361784143 -0.180750151 0.564757382
v 0.032279485 -0.144135037 0.580316425
v 0.0300472846 -0.131624252 0.617019584
v 0.0188596418 -0.107311744 0.641925419
v 0.0112591375 -0.0843653949 0.669477976
v 0.00756930405 -0.0470852385 0.666610391
v -0.0034866708 -0.00954457511 0.656778314
v -0.00444497069 0.0295358645 0.657100968
v 0.00842773471 0.0660905973 0.658928653
v -0.0134018787 0.0985003588 0.658607023
v 0.00276693844 0.133287209 0.651412917
v 0.0303226599 0.157902357 0.637975986
v 0.0625397494 0.175207038 0.624800816
v 0.0906633869 0.196009406 0.613348452
v 0.119065238 0.197048351 0.589652067
v 0.130992977 0.228767673 0.569496722
v 0.151153537 0.249876321 0.542784371
v 0.16642955 0.259046518 0.50758613
v 0.193208131 0.257502409 0.479055865
v 0.219351257 0.257084301 0.45065114
v 0.250660509 0.265447318 0.429851368
v 0.275284798 0.269057797 0.400733216
v 0.304347922 0.268750716 0.376027875
v 0.329569347 0.25353009 0.353469697
v 0.348213662 0.235545763 0.327352285
v 0.357676373 0.212355258 0.297217752
v 0.379353303 0.19308894 0.268896778
v 0.387928759 0.162835207 0.244228946
v 0.391994842 0.125707149 0.229406593
v 0.389131705 0.0881930712 0.218127337
v 0.390826329 0.0516191056 0.208680021
v 0.382156781 0.015240074 0.211405192
v 0.375980789 -0.0218453343 0.211603049
v 0.365155285 -0.0575838184 0.211417733
v 0.34974814 -0.090145422 0.219765442
v 0.324175021 -0.117333438 0.229229852
v 0.309310874 -0.15323991 0.239323961
v 0.285350848 -0.180873876 0.255777276
v 0.258736446 -0.193368471 0.283078532
v 0.231917411 -0.18859338 0.312786591
v 0.209321182 -0.2014257 0.340771832
v 0.188436981 -0.220351781 0.364803749
v 0.165893613 -0.219709745 0.39489758
v 0.141759672 -0.216323331 0.42373022
v 0.1226258 -0.217170004 0.456304967
v 0.101881946 -0.194513492 0.478993499
v 0.0719672686 -0.198686193 0.504087981
v 0.0410782029 -0.200336025 0.529194206
v 0.0317533696 -0.176866974 0.559760407
v 0.0248092791 -0.142178824 0.578999414
v 0.022216875 -0.131275952 0.615966149
v 0.0131466305 -0.103886726 0.638255671
v 0.0185116298 -0.0816056845 0.667883742
v 0.00921247655 -0.0460303834 0.656000673
v 0.000761733489 -0.00744465231 0.645864715
v -0.00699209743 0.0316356071 0.64749441
v 0.00962037348 0.0674873766 0.650309382
v -0.0146114477 0.0976593925 0.648732798
v 0.0023780556 0.1314166 0.641485876
v 0.0281636581 0.157240119 0.629419127
v 0.0583469401 0.177092713 0.617309571
v 0.0865699866 0.197478052 0.604836166
v 0.115542393 0.19721211 0.580230591
v 0.126280729 0.230686196 0.560416745
v 0.147462137 0.259525482 0.541474312
v 0.172403503 0.265349585 0.510473525
v 0.198197024 0.263770215 0.479624114
v 0.21601743 0.263494903 0.445021809
v 0.245937145 0.264576126 0.421866725
v 0.272068729 0.265902922 0.394677698
v 0.29997753 0.268029275 0.369202226
v 0.32736993 0.259129541 0.345243266
v 0.344369289 0.239030031 0.318265299
v 0.35409328 0.214395571 0.288720339
v 0.376959133 0.195529539 0.260867915
v 0.38468797 0.164033207 0.236666296
v 0.385262313 0.125088178 0.224586844
v 0.380261826 0.0863934369 0.216839686
v 0.382949369 0.0516020145 0.203367063
v 0.373780336 0.0163475578 0.210988418
v 0.369354201 -0.0210462763 0.204988541
v 0.359382133 -0.0576072036 0.200824669
v 0.34141674 -0.0897501298 0.210707064
v 0.317647042 -0.118726433 0.221322511
v 0.30343566 -0.154152692 0.232683988
v 0.279509727 -0.181519858 0.249177239
v 0.252534295 -0.190280437 0.277551116
v 0.225299989 -0.188434412 0.307016733
v 0.207640215 -0.207235734 0.334879815
v 0.182887023 -0.2169815 0.360618204
v 0.158627138 -0.217323482 0.390785339
v 0.134667488 -0.224791452 0.420866088
v 0.111688944 -0.217104975 0.451415552
v 0.0948625163 -0.190300552 0.474275473
v 0.068039387 -0.192312372 0.502681578
v 0.0357679824 -0.195517838 0.524998364
v 0.0301765771 -0.170379213 0.554610327
v 0.0170103583 -0.14276537 0.579608264
v 0.0146232603 -0.131139456 0.615759789
v 0.00813576424 -0.107497492 0.642975833
v 0.0235295167 -0.077361522 0.661459893
v 0.00034600199 -0.0472986449 0.649381374
v -0.00869273334 -0.00848737907 0.64746264
v 0.00161383453 0.031100765 0.648002839
v 0.00983573235 0.0700280923 0.641489165
v -0.0162752065 0.0980552951 0.6382885
v -0.000453575202 0.13175322 0.632127077
v 0.0229672977 0.160300707 0.623338135
v 0.0514853644 0.183790324 0.614455447
v 0.0797730304 0.202300612 0.597472501
v 0.108667861 0.195204909 0.572824884
v 0.133403207 0.225152883 0.561807213
v 0.142594307 0.25531645 0.536107698
v 0.167063792 0.270831328 0.507853716
v 0.194754292 0.271244583 0.477643608
v 0.213457271 0.272262384 0.443648049
v 0.241403372 0.271386531 0.419167738
v 0.265855745 0.266713475 0.390402749
v 0.292789172 0.266938784 0.362755125
v 0.321490936 0.265164996 0.337278294
v 0.338031793 0.242477008 0.310627999
v 0.351181222 0.218404343 0.282159175
v 0.371747009 0.196777746 0.255146319
v 0.377641628 0.164112211 0.23216177
v 0.376744656 0.123980286 0.225833082
v 0.377576303 0.0883514558 0.208684292
v 0.374569023 0.052115523 0.202106868
v 0.365492376 0.0168434623 0.2122401
v 0.360989225 -0.019697946 0.199101689
v 0.352908573 -0.0571562864 0.19030544
v 0.33423176 -0.0900183526 0.201843261
v 0.312273763 -0.120139474 0.214344536
v 0.296051488 -0.153359928 0.227776351
v 0.271132998 -0.178298586 0.24557747
v 0.245162067 -0.186081697 0.274198287
v 0.218542181 -0.191361403 0.302933488
v 0.203626188 -0.212382144 0.33012183
v 0.176857039 -0.212909864 0.356527391
v 0.15063852 -0.219038715 0.385937004
v 0.127650399 -0.23204109 0.416627553
v 0.103791942 -0.216789215 0.444858727
v 0.0895462277 -0.188050742 0.468755016
v 0.062223935 -0.190768735 0.496936629
v 0.0314007046 -0.188233339 0.520257967
v 0.0262354851 -0.164097211 0.549788008
v 0.0110039499 -0.147501414 0.580958655
v 0.00717690259 -0.128052739 0.613051995
v 0.00507202629 -0.100454837 0.637898628
v 0.0287504237 -0.073637318 0.65426062
v 0.00129734675 -0.047052094 0.639391828
v -0.0100290108 -0.00434729522 0.640512569
v 0.00995987447 0.0312103935 0.646175942
v 0.00929408253 0.0692304227 0.632042753
v -0.0159962429 0.0972520284 0.62837671
v -0.00329480221 0.132143138 0.623810172
v 0.0193027864 0.162121641 0.615544752
v 0.0445476879 0.190776704 0.609196864
v 0.0782670886 0.193649902 0.589939554
v 0.107729492 0.201001346 0.565560836
v 0.139336705 0.223933473 0.556405892
v 0.140490078 0.252644851 0.528471455
v 0.162762182 0.270970142 0.500285402
v 0.190454223 0.274693428 0.470916625
v 0.218453297 0.278976999 0.445003604
v 0.241701164 0.278673494 0.416201512
v 0.26183749 0.270058206 0.383951997
v 0.290855051 0.275828741 0.357403265
v 0.316787812 0.269841258 0.328047157
v 0.332997477 0.243944619 0.30303593
v 0.349780458 0.221612008 0.275203671
v 0.36471563 0.195253569 0.249398725
v 0.368937528 0.160692526 0.230431624
v 0.370387483 0.122369456 0.220146776
v 0.374142909 0.0887962457 0.201208306
v 0.366310395 0.0527718237 0.203564847
v 0.356586478 0.0170046878 0.213825906
v 0.350824226 -0.0196610873 0.197899699
v 0.345896751 -0.0564343886 0.181865689
v 0.328515475 -0.0906235253 0.194296717
v 0.306517938 -0.120742971 0.208291085
v 0.288712238 -0.153297636 0.220822256
v 0.262904141 -0.173814215 0.240826754
v 0.239210773 -0.180750267 0.27046485
v 0.213145703 -0.19145759 0.296610894
v 0.196751176 -0.210983213 0.324336011
v 0.175030895 -0.221834333 0.354086054
v 0.145308349 -0.22533998 0.381526553
v 0.119480702 -0.232868558 0.412591076
v 0.0964689764 -0.215809537 0.441181531
v 0.0826946 -0.185869609 0.465537709
v 0.0548858224 -0.194514052 0.492210187
v 0.0294248231 -0.179184602 0.515984896
v 0.0198843447 -0.159424518 0.546754969
v 0.00362807061 -0.145196802 0.578051734
v -0.000193341799 -0.122728673 0.608375754
v 0.00507048799 -0.0924977336 0.631028336
v 0.0342470379 -0.0711963752 0.647203769
v 0.0061452717 -0.0417685275 0.643698538
v -0.0061507339 -0.00424834879 0.632347491
v 0.0124535555 0.0316440338 0.63742028
v 0.00482062691 0.0687063999 0.624211739
v -0.0181957996 0.0978094738 0.620085945
v -0.00769992528 0.13380259 0.617242652
v 0.0139655409 0.165977846 0.609068456
v 0.0407012863 0.19390208 0.599323092
v 0.0773144724 0.183602598 0.587509416
v 0.100880656 0.204969009 0.563842982
v 0.136170675 0.217400439 0.551400008
v 0.140561923 0.244175441 0.522928135
v 0.16064536 0.263445797 0.494888798
v 0.187302842 0.268371562 0.466530183
v 0.212255962 0.283258488 0.442414748
v 0.234532955 0.280322512 0.412569836
v 0.256001871 0.275017663 0.379205085
v 0.285684134 0.282693676 0.352211171
v 0.31033227 0.273178667 0.321669651
v 0.327444662 0.245928046 0.297389405
v 0.342801567 0.222242362 0.269422257
v 0.354553357 0.193456207 0.245776533
v 0.359447183 0.157671736 0.231740677
v 0.366327684 0.124364391 0.213256619
v 0.366542425 0.0897269542 0.197440237
v 0.357710928 0.054707006 0.206193824
v 0.347961646 0.0171768888 0.210417072
v 0.345571268 -0.0235336357 0.20435232
v 0.337936858 -0.0542527548 0.179023019
v 0.322796596 -0.0910083261 0.188547233
v 0.299705279 -0.121397363 0.202356022
v 0.279671356 -0.152204684 0.215007195
v 0.25474474 -0.168411043 0.238242127
v 0.232891642 -0.183154414 0.265931145
v 0.215816752 -0.200019794 0.295473878
v 0.192894438 -0.219286577 0.319392713
v 0.17040515 -0.229109051 0.349681015
v 0.14278794 -0.232989056 0.379253039
v 0.113392597 -0.233317606 0.407507839
v 0.0979051424 -0.209406412 0.436414397
v 0.0752947476 -0.185040986 0.46069199
v 0.0468934907 -0.19322602 0.486710878
v 0.0323838633 -0.170832254 0.512706718
v 0.0133450529 -0.157223192 0.542640039
v -0.00169633679 -0.139158671 0.573397725
v -0.00851853389 -0.116524196 0.604170713
v 0.0142473976 -0.0952988036 0.627712192
v 0.0375942546 -0.0665978516 0.641490518
v 0.00574328105 -0.0428965386 0.635396896
v 0.00219221559 -0.00193382713 0.63757238
v 0.0182413935 0.0337300116 0.632085133
v -0.000635805669 0.0660385061 0.621660528
v -0.0190830069 0.0973239275 0.613991248
v -0.00225929093 0.131530969 0.613962445
v 0.0114096746 0.16782498 0.601602596
v 0.038409193 0.196422155 0.590980207
v 0.0746988752 0.182494485 0.579777347
v 0.106177497 0.199611534 0.561042832
v 0.137175358 0.213639609 0.541905387
v 0.13841101 0.239376732 0.513215176
v 0.1592208 0.258649792 0.487398811
v 0.183373516 0.269093294 0.459690921
v 0.206917547 0.285987757 0.435709901
v 0.229144614 0.283507313 0.405043456
v 0.250310262 0.277395702 0.37121408
v 0.2801373 0.285979512 0.344188875
v 0.304410434 0.274791565 0.313585441
v 0.321030788 0.246170845 0.289371499
v 0.334495409 0.22020981 0.262030546
v 0.344402658 0.189143316 0.242296559
v 0.352520216 0.15580943 0.225830353
v 0.36501169 0.125744045 0.205754891
v 0.357292435 0.0896367737 0.19675771
v 0.361206827 0.0517211239 0.197703482
v 0.346043365 0.0156520471 0.202371427
v 0.338239897 -0.0241099289 0.205706455
v 0.330613433 -0.0527047895 0.178123149
v 0.31552243 -0.0901204879 0.185332631
v 0.292643817 -0.12133769 0.197511136
v 0.272373321 -0.151035467 0.210209238
v 0.249503245 -0.16349963 0.236929691
v 0.233566336 -0.177358146 0.269115649
v 0.212539022 -0.20418728 0.287647235
v 0.18683273 -0.210922373 0.316571139
v 0.169607644 -0.219758975 0.350696074
v 0.139125282 -0.225319943 0.376015594
v 0.109475812 -0.225045107 0.402851293
v 0.0956382889 -0.200267468 0.431342839
v 0.0664172001 -0.188065599 0.456398992
v 0.0382364405 -0.191301748 0.482828816
v 0.0252272298 -0.167974989 0.508238988
v 0.00527884826 -0.15600674 0.539175584
v -0.0080889281 -0.13234564 0.568440248
v -0.0045654277 -0.106994635 0.599005501
v 0.0209602256 -0.102167575 0.629825535
v 0.036635736 -0.0660788966 0.632572098
v 0.00854954469 -0.0392671987 0.626211809
v -0.00156890826 -0.00306572699 0.628242465
v 0.0132557712 0.0322914722 0.628195539
v -0.0050626791 0.064239147 0.618628209
v -0.0156427405 0.0988337143 0.608796638
v 0.00404428205 0.131839311 0.614681067
v 0.0100978774 0.167433169 0.595543918
v 0.0364867974 0.196788026 0.58481135
v 0.0719636266 0.179990295 0.573847236
v 0.109751521 0.192148773 0.563998925
v 0.133375886 0.205575176 0.536134417
v 0.141472633 0.230506254 0.509184015
v 0.156802902 0.252786425 0.482514769
v 0.177852075 0.275813994 0.460595051
v 0.197963324 0.286088737 0.429805429
v 0.222238673 0.2902536 0.400150931
v 0.243859561 0.284661591 0.366893126
v 0.271458514 0.288234304 0.337228438
v 0.294204165 0.273229207 0.307278287
v 0.311312545 0.24626519 0.281467905
v 0.324318177 0.219193747 0.255346192
v 0.335067289 0.188738481 0.236833419
v 0.345920501 0.15603385 0.220745832
v 0.360300137 0.127139395 0.199190991
v 0.363125066 0.0897889304 0.188647632
v 0.355033693 0.051392628 0.190929286
v 0.343359798 0.0142369357 0.196144592
v 0.330990084 -0.0224380261 0.205791926
v 0.322469193 -0.0518965632 0.180116438
v 0.307797886 -0.0892454528 0.183156643
v 0.286772212 -0.121603979 0.193725036
v 0.266994749 -0.149728088 0.208527156
v 0.245154925 -0.164608235 0.23508473
v 0.227406374 -0.17831169 0.267723826
v 0.206854859 -0.20930864 0.282512863
v 0.183582408 -0.219594403 0.313465206
v 0.162280417 -0.216197357 0.346765868
v 0.142978169 -0.21647974 0.381176286
v 0.106600024 -0.214754652 0.395698517
v 0.0847588725 -0.202970334 0.426022386
v 0.0598347968 -0.183489554 0.449046113
v 0.034027565 -0.184573374 0.476826043
v 0.0193011792 -0.162571848 0.502805941
v -0.00101773952 -0.149906367 0.534291038
v -0.0137024273 -0.124404219 0.563627526
v 0.00395395651 -0.103284832 0.593291243
v 0.0296004313 -0.10588813 0.624721282
v 0.0305244299 -0.0662758823 0.62376066
v 0.00411743927 -0.0386641445 0.615370957
v 0.00530992199 -0.000854516732 0.633324236
v 0.0169613518 0.0341568331 0.623633158
v -0.00509987209 0.0626948097 0.611078022
v -0.0131812121 0.0987903426 0.60121887
v 0.00778140128 0.130580637 0.610168512
v 0.0110067816 0.165973578 0.590985612
v 0.0357967455 0.195642714 0.578846918
v 0.0730042141 0.183983024 0.56738068
v 0.112453577 0.187142058 0.557181688
v 0.129069785 0.204950267 0.527541524
v 0.148119758 0.227139512 0.504756212
v 0.157229958 0.249910315 0.475194511
v 0.171008927 0.280473364 0.455014949
v 0.190258766 0.289510611 0.422180578
v 0.215692049 0.291885646 0.392170366
v 0.237456803 0.28843201 0.35941442
v 0.262992665 0.28509219 0.328804495
v 0.284548706 0.269942886 0.298953658
v 0.301666859 0.243930079 0.273396462
v 0.314749702 0.215232338 0.250522402
v 0.326853436 0.183742802 0.235403193
v 0.339268817 0.151965418 0.217698525
v 0.355518544 0.126006814 0.191733345
v 0.362581786 0.0886841918 0.179094138
v 0.351226056 0.050813534 0.184109955
v 0.339088934 0.0137922515 0.19103367
v 0.32290705 -0.0198555446 0.202805551
v 0.312932524 -0.0511785174 0.181491275
v 0.300378496 -0.0881039595 0.180979897
v 0.281488089 -0.120381227 0.191518642
v 0.262426187 -0.14861314 0.206181506
v 0.242530447 -0.1598043 0.236540197
v 0.227747628 -0.172764066 0.271761406
v 0.201878277 -0.203262229 0.281212835
v 0.176835229 -0.217700597 0.309295655
v 0.15898345 -0.208044973 0.344515156
v 0.14161587 -0.204769245 0.379592709
v 0.106598608 -0.201218321 0.395039448
v 0.0764239663 -0.198648116 0.418345459
v 0.0508844751 -0.186399196 0.443885325
v 0.0266291118 -0.178481056 0.471699885
v 0.0154992694 -0.153726453 0.497973858
v -0.00599873178 -0.142327667 0.529574755
v -0.0146852094 -0.115437149 0.559492355
v 0.0110370343 -0.109461113 0.590215579
v 0.0386806348 -0.104752238 0.620014241
v 0.0216248574 -0.0693474202 0.629295518
v 0.0142070009 -0.0340037339 0.618012147
v 0.0122766809 -0.00270502241 0.636612617
v 0.0153858438 0.0307703631 0.616837358
v -0.00316841429 0.0619090464 0.601786813
v -0.00819593321 0.100126788 0.594207014
v 0.0129201031 0.130506848 0.607311487
v 0.0116006559 0.163382522 0.585013447
v 0.0345023562 0.192771829 0.570985107
v 0.0736188887 0.191641757 0.562977293
v 0.110403453 0.18030765 0.552399737
v 0.132590897 0.197470616 0.527210275
v 0.141907208 0.223087893 0.501838884
v 0.149536915 0.253225596 0.477428975
v 0.16214774 0.279743317 0.449793472
v 0.181498282 0.290585577 0.416605089
v 0.210156869 0.285155581 0.389351872
v 0.229371401 0.283596111 0.35505227
v 0.255305893 0.275371012 0.326791416
v 0.274181844 0.265232263 0.294132954
v 0.291923523 0.241512186 0.268840528
v 0.305607485 0.213716998 0.246671658
v 0.319725966 0.184114259 0.229214496
v 0.33254315 0.151593172 0.211717327
v 0.35220431 0.128657576 0.183919441
v 0.356282999 0.089644476 0.173722274
v 0.347591113 0.050243467 0.178117489
v 0.331580626 0.0148149084 0.188467355
v 0.313074571 -0.0167600693 0.201192839
v 0.305771673 -0.052034962 0.18833853
v 0.293600931 -0.0867617662 0.178702143
v 0.275282371 -0.118721082 0.188471743
v 0.254978417 -0.145922923 0.20488823
v 0.237185805 -0.16428227 0.233593769
v 0.221189894 -0.174177097 0.269697952
v 0.199246624 -0.207912402 0.276752417
v 0.178310054 -0.210529576 0.31148514
v 0.15018511 -0.209701721 0.341442482
v 0.136637545 -0.195190221 0.375231411
v 0.110232597 -0.192057982 0.401755341
v 0.0741804049 -0.19003674 0.413111675
v 0.0567448718 -0.177804522 0.444889702
v 0.0246979022 -0.169678714 0.464259909
v 0.00541508788 -0.154233057 0.49395311
v -0.00847891438 -0.134502352 0.525345731
v -0.0103311165 -0.108235911 0.556242807
v 0.00370973836 -0.104382762 0.593800272
v 0.0301673682 -0.106243419 0.624138885
v 0.0181350602 -0.0681651211 0.6194766
v 0.0234163387 -0.031647385 0.615739776
v 0.0249448928 0.00196507949 0.633999211
v 0.00363097871 0.0271514235 0.612566109
v 0.000828475066 0.0661169575 0.612955013
v 0.00407684712 0.0976526181 0.590434798
v 0.0272980355 0.125322854 0.604647108
v 0.0284210057 0.15501759 0.580857847
v 0.0377293511 0.180616808 0.554700209
v 0.0732016299 0.188623247 0.544507787
v 0.10721886 0.174338455 0.537957524
v 0.127237404 0.193607597 0.514574933
v 0.131231413 0.223281988 0.4936622
v 0.139271937 0.253041392 0.469632845
v 0.158859806 0.271717287 0.440609235
v 0.174876382 0.284318797 0.40703108
v 0.202361134 0.275313269 0.380366578
v 0.227433006 0.265105969 0.353020014
v 0.248608394 0.256710668 0.323586895
v 0.261344157 0.253532035 0.288860348
v 0.280024505 0.236154004 0.261741804
v 0.294911615 0.209347558 0.241197537
v 0.309050655 0.179251999 0.225999627
v 0.324780567 0.153355298 0.202307024
v 0.341306739 0.127469399 0.177014198
v 0.342611833 0.0880152857 0.175731174
v 0.334681201 0.0494750268 0.16946248
v 0.315093323 0.0175480845 0.182061553
v 0.296723609 -0.0129898463 0.192322978
v 0.292512136 -0.0466071194 0.179494417
v 0.281957131 -0.0820615475 0.179200885
v 0.266338078 -0.115543369 0.185456985
v 0.246257177 -0.142317335 0.202521977
v 0.229495837 -0.156836212 0.23307226
v 0.212262033 -0.164975628 0.267228109
v 0.190399541 -0.195482285 0.277948081
v 0.175867719 -0.19473671 0.314445879
v 0.143359667 -0.195251255 0.337087049
v 0.127435299 -0.182873816 0.368929658
v 0.11046916 -0.176482741 0.400043428
v 0.0747306592 -0.176757858 0.410383405
v 0.0493955937 -0.170995558 0.438303499
v 0.0179698062 -0.162438333 0.458009267
v 0.0037676794 -0.143665708 0.488034764
v 0.00513781529 -0.129427559 0.523494815
v 0.00539205493 -0.102581782 0.551109745
v 0.0204289799 -0.105047677 0.586575335
v 0.0446493539 -0.102610086 0.61691195
v 0.0330177163 -0.0667005304 0.614252393
v 0.0352712417 -0.032514302 0.625060006
v 0.0393735218 0.00585104779 0.621710435
v 0.0157304258 0.0239112048 0.59765487
v 0.00530418661 0.060068831 0.594734827
v 0.0157236766 0.0899590171 0.574076802
v 0.0361365554 0.120606433 0.582084851
v 0.0550989093 0.150239087 0.574715401
v 0.0441800449 0.156454704 0.542028236
v 0.0688736513 0.17411836 0.524801398
v 0.101016942 0.160865395 0.522870372
v 0.112651128 0.187401615 0.50365746
v 0.131184057 0.208142057 0.482091176
v 0.135417662 0.236297375 0.458955907
v 0.160088548 0.25086135 0.435043537
v 0.16933613 0.262954916 0.401281992
v 0.196739578 0.251904304 0.378281332
v 0.212784621 0.245290304 0.346525213
v 0.228838209 0.243145161 0.315968182
v 0.243356332 0.240454349 0.284300016
v 0.263298487 0.227134163 0.258225003
v 0.279441709 0.205698543 0.234925037
v 0.29322184 0.176267537 0.220379582
v 0.30656825 0.147892962 0.201896302
v 0.319718052 0.12519013 0.175524975
v 0.322097397 0.0898178468 0.164415643
v 0.311077564 0.0541209202 0.168240616
v 0.291935954 0.0244168678 0.180104093
v 0.27909816 -0.00737497912 0.177776626
v 0.273147222 -0.0409161299 0.174248244
v 0.266426657 -0.0759447862 0.179327231
v 0.253947968 -0.109799054 0.182692605
v 0.23426282 -0.134759835 0.20051009
v 0.2143507 -0.152604865 0.225398636
v 0.19464175 -0.162576279 0.25400546
v 0.170865861 -0.180438798 0.275441789
v 0.164392422 -0.174038728 0.310710354
v 0.136432549 -0.174787898 0.334445612
v 0.115459417 -0.168784464 0.362007352
v 0.109061854 -0.158853738 0.393996033
v 0.0811572838 -0.16124581 0.416760249
v 0.0455152283 -0.159115307 0.426198653
v 0.025949059 -0.146848824 0.454688248
v 0.0146677695 -0.127421888 0.48367776
v 0.027280996 -0.123668253 0.517429828
v 0.0309172943 -0.10139984 0.545022593
v 0.0443186354 -0.107271857 0.577528401
v 0.0580051109 -0.089055611 0.60463433
v 0.0505396446 -0.0578103489 0.618712221
v 0.0410096169 -0.0270540085 0.607535385
v 0.0511545431 0.00532988603 0.606319414
v 0.0327920113 0.0357994854 0.600262492
v 0.0179764412 0.0663181574 0.61186158
v 0.0343246737 0.0876330338 0.588235746
v 0.0598038285 0.113139922 0.586857305
v 0.0708585091 0.132922988 0.561742808
v 0.0537690799 0.133640117 0.53429583
v 0.0671781704 0.154749803 0.512831181
v 0.0995377156 0.153455862 0.504428474
v 0.114263106 0.178241518 0.487382783
v 0.139029703 0.194182254 0.470844777
v 0.140774642 0.218465271 0.446985833
v 0.146863789 0.237893586 0.419078208
v 0.159321606 0.244564524 0.387697301
v 0.183425891 0.237419492 0.363814382
v 0.197860967 0.231555523 0.334262999
v 0.218422466 0.223698354 0.310616733
v 0.228970018 0.226659012 0.278955009
v 0.249497225 0.216084491 0.253679422
v 0.264886247 0.201647658 0.226604135
v 0.278769499 0.1748933 0.209715993
v 0.288138313 0.146995019 0.192112803
v 0.296379956 0.120816811 0.17106594
v 0.297599279 0.0887744593 0.158555315
v 0.287326696 0.057616083 0.17023117
v 0.270591351 0.027945805 0.175194207
v 0.259584276 -0.00203858707 0.176910555
v 0.256219255 -0.0344705585 0.177014326
v 0.252038444 -0.0692295584 0.181585193
v 0.241037109 -0.102580417 0.182924422
v 0.220772668 -0.126444624 0.198132283
v 0.198530656 -0.141687433 0.220708606
v 0.175746747 -0.151269703 0.244330694
v 0.160192469 -0.157170508 0.273736611
v 0.151130956 -0.155443547 0.306026962
v 0.127532808 -0.158018892 0.329615023
v 0.109061309 -0.153810557 0.35659912
v 0.0996809709 -0.146618178 0.387128475
v 0.0812586603 -0.14350489 0.416161088
v 0.0465183745 -0.141160666 0.420741946
v 0.031251258 -0.12813271 0.44937961
v 0.0307572757 -0.112308595 0.480678881
v 0.0490733089 -0.114603861 0.509524377
v 0.0562991145 -0.103218032 0.539555775
v 0.0661662357 -0.0996237504 0.570690457
v 0.0651200732 -0.0746087786 0.591863601
v 0.0676267906 -0.0523954771 0.615960436
v 0.0561608888 -0.027782811 0.597723428
v 0.0500082314 0.00630002988 0.593680888
v 0.0420224077 0.0325004607 0.612917259
v 0.0349190294 0.0646398945 0.606725597
v 0.0454318062 0.0780891701 0.577656551
v 0.0640471012 0.10583911 0.570846062
v 0.0837982852 0.123556956 0.553981835
v 0.0678223255 0.127986782 0.528816801
v 0.063929624 0.146733752 0.50331742
v 0.0930894194 0.160115097 0.507560025
v 0.104884512 0.180689473 0.485789807
v 0.126286216 0.193267778 0.465531495
v 0.129026193 0.207096475 0.436836788
v 0.151075421 0.216077637 0.415918284
v 0.161783984 0.222992663 0.386946124
v 0.184604832 0.219120542 0.365581537
v 0.197155997 0.21683719 0.337535991
v 0.212200009 0.212418341 0.3113357
v 0.223770415 0.216648678 0.281457715
v 0.24482353 0.2074373 0.257159068
v 0.257601982 0.194357231 0.229745262
v 0.26621581 0.169891977 0.208972509
v 0.271239338 0.146907106 0.186337301
v 0.275248913 0.11941022 0.170043472
v 0.276527789 0.0885299331 0.161697055
v 0.270387176 0.0571819509 0.162673796
v 0.262293949 0.0269643185 0.162154597
v 0.252603153 -0.00151793022 0.164620261
v 0.247146497 -0.0321244865 0.166386591
v 0.239828625 -0.0633118171 0.176446978
v 0.228989199 -0.0942592218 0.184621633
v 0.210457973 -0.115119073 0.202266115
v 0.195106187 -0.125596812 0.229632877
v 0.172258897 -0.131302018 0.25175552
v 0.151367051 -0.137589928 0.273782297
v 0.137961814 -0.144785907 0.301091155
v 0.122195836 -0.146763027 0.328181389
v 0.112485655 -0.144849736 0.358032924
v 0.1083335 -0.14151964 0.389311236
v 0.0826936138 -0.133622317 0.407503515
v 0.0546933543 -0.127320597 0.42334694
v 0.039227513 -0.111676649 0.447601487
v 0.0490653005 -0.105116711 0.478517149
v 0.0655683156 -0.102255294 0.505659661
v 0.0745793962 -0.0951023122 0.53376691
v 0.0702994361 -0.0841811171 0.561900931
v 0.0780477318 -0.0705346664 0.588854659
v 0.076555157 -0.049285977 0.611633587
v 0.0627091959 -0.0221084169 0.602955319
v 0.0637041377 0.00882650579 0.600287898
v 0.0564637528 0.0387175313 0.602830884
v 0.0536385222 0.0680947061 0.61145943
v 0.0627374312 0.0777422349 0.583282797
v 0.0795184222 0.101951966 0.573006509
v 0.0895146195 0.111876302 0.547594802
v 0.0786659343 0.122128117 0.523257695
v 0.0698879613 0.137362461 0.498188151
v 0.0959892898 0.154109988 0.498304169
v 0.112314718 0.17242716 0.479564232
v 0.130159396 0.180436126 0.455463727
v 0.133569822 0.188800599 0.426693759
v 0.15156518 0.195380566 0.405025724
v 0.159657661 0.203604954 0.378709686
v 0.180964789 0.204331609 0.359519956
v 0.197091389 0.204565919 0.335432841
v 0.204667427 0.205683063 0.307143124
v 0.220786859 0.205471147 0.280764321
v 0.235160347 0.200021031 0.253247259
v 0.246821102 0.184941118 0.228473483
v 0.251504394 0.16235606 0.207044642
v 0.255430693 0.136518777 0.190583051
v 0.256311946 0.111476569 0.175015367
v 0.256663069 0.0853669261 0.162070262
v 0.25401948 0.0564807268 0.159426804
v 0.248597006 0.0280005474 0.160621381
v 0.239762838 0.00154468302 0.167270904
v 0.233878513 -0.0266996855 0.170987905
v 0.224299296 -0.0559526183 0.176135525
v 0.213702771 -0.0836750312 0.18597266
v 0.197363059 -0.101489872 0.205533159
v 0.188470974 -0.107665996 0.235238258
v 0.17557746 -0.113441155 0.261608621
v 0.15412049 -0.119239562 0.279482629
v 0.140605592 -0.129519657 0.304024895
v 0.127724834 -0.136844266 0.330664273
v 0.11180899 -0.134892249 0.356490124
v 0.104913379 -0.130709118 0.385872463
v 0.0791562274 -0.120791428 0.398597609
v 0.061813574 -0.109080872 0.420768551
v 0.0547307164 -0.0973601891 0.447813285
v 0.0582959662 -0.0868805067 0.476206337
v 0.0667046607 -0.0828436242 0.503910903
v 0.0742926 -0.0772049591 0.530355337
v 0.0845069667 -0.0783147291 0.557186933
v 0.0746757313 -0.0612771518 0.579812376
v 0.0829980016 -0.0444455201 0.603417503
v 0.0699814778 -0.0183890239 0.611995072
v 0.0775114703 0.0131421417 0.610107115
v 0.0756906172 0.0387651368 0.598452415
v 0.0727400939 0.064612948 0.610063749
v 0.0775754764 0.0828640721 0.588982405
v 0.0897210753 0.0956373797 0.567000259
v 0.0779910069 0.10931662 0.546477202
v 0.0793578077 0.110644959 0.519568303
v 0.076682921 0.126554528 0.495738998
v 0.0903258347 0.150361682 0.486013997
v 0.11469663 0.158390914 0.472627871
v 0.130175067 0.163479119 0.447597405
v 0.139380964 0.168721103 0.421094265
v 0.143584866 0.17654672 0.39643128
v 0.159495903 0.184539573 0.37687734
v 0.174826743 0.192166136 0.355781276
v 0.194833192 0.194370725 0.336846493
v 0.203369843 0.195952124 0.310030552
v 0.216988135 0.194067804 0.284589946
v 0.231368272 0.186674016 0.260198404
v 0.240873436 0.171113018 0.237166897
v 0.244219985 0.149253011 0.217691263
v 0.242839124 0.126115964 0.200570613
v 0.238609457 0.107889857 0.180785166
v 0.246604221 0.0826993712 0.175998622
v 0.250593107 0.0559811992 0.173798294
v 0.248740837 0.028697294 0.173598847
v 0.242902807 0.00290317622 0.180377163
v 0.235000095 -0.0225337553 0.186851038
v 0.222199105 -0.0470170031 0.193367463
v 0.206269108 -0.0698256211 0.199543251
v 0.186970316 -0.0855805003 0.213450882
v 0.177847511 -0.092211258 0.240554815
v 0.173795861 -0.0964531275 0.267502248
v 0.158376967 -0.105317476 0.287280423
v 0.140741917 -0.116010102 0.30730046
v 0.1280068 -0.125548986 0.332285361
v 0.110906912 -0.123888903 0.355836809
v 0.110585856 -0.118388723 0.384614792
v 0.0901474255 -0.10648671 0.401220808
v 0.0781283431 -0.0949999016 0.424134852
v 0.0748764405 -0.089355379 0.451016862
v 0.0773967858 -0.0834154073 0.477420897
v 0.0811665123 -0.0743901324 0.502103427
v 0.0890899045 -0.0781495388 0.526569344
v 0.0878960394 -0.0657392188 0.55092274
v 0.0883280486 -0.0608125621 0.579086558
v 0.082441157 -0.0363925263 0.592700355
v 0.0841263032 -0.0145195759 0.611563634
v 0.0952157919 0.0153744398 0.605567661
v 0.0925427583 0.040971977 0.607232372
v 0.0900457768 0.0672977163 0.607026062
v 0.0883225958 0.0907074411 0.59478041
v 0.086676188 0.105079427 0.572789936
v 0.0878172989 0.112930808 0.548121411
v 0.0895421504 0.116481898 0.523029052
v 0.0912470158 0.124242389 0.497840591
v 0.0947973448 0.138048851 0.475214936
v 0.108360031 0.152216221 0.456724458
v 0.120516031 0.157194426 0.431943838
v 0.130745113 0.156292367 0.40738801
v 0.14349957 0.158888952 0.387466261
v 0.157574242 0.169299098 0.369982296
v 0.176642452 0.179698698 0.354475514
v 0.193530465 0.184646521 0.334168242
v 0.204736681 0.18498628 0.309798142
v 0.215908477 0.179633402 0.285991368
v 0.226706408 0.169457409 0.263393766
v 0.232855683 0.154066099 0.242018903
v 0.231884076 0.135891867 0.222037847
v 0.227356629 0.118524864 0.202765279
v 0.226877137 0.0986902323 0.187420179
v 0.232385293 0.0775825525 0.174924564
v 0.238779789 0.0540175247 0.166816777
v 0.238321417 0.0280984831 0.165068142
v 0.231414574 0.00352248788 0.170626763
v 0.219351418 -0.0176660173 0.178700036
v 0.204649639 -0.0355858809 0.189284923
v 0.191537223 -0.0534835267 0.202677467
v 0.182501383 -0.0679414938 0.222445739
v 0.178949794 -0.0761092312 0.247265802
v 0.171734322 -0.0815302837 0.271146487
v 0.161587797 -0.0921322915 0.291509619
v 0.145857348 -0.104309221 0.310783185
v 0.130714682 -0.113379652 0.333218519
v 0.115065713 -0.111373788 0.355927448
v 0.108455765 -0.102845188 0.382038704
v 0.0979457153 -0.0885363719 0.403771861
v 0.0925626539 -0.0785771689 0.427409519
v 0.0890370824 -0.0738249942 0.451603175
v 0.0905636913 -0.0719202445 0.475888527
v 0.0953873728 -0.0738143345 0.499777972
v 0.100605071 -0.0718908125 0.523705314
v 0.101881062 -0.066477331 0.548720201
v 0.101215184 -0.0553766389 0.572967225
v 0.0984976644 -0.0360130084 0.5914623
v 0.0972633723 -0.0107908844 0.6012206
v 0.0774284321 0.0142973234 0.602757169
v 0.0757755839 0.0382172692 0.605112253
v 0.0777412967 0.0619778943 0.599534356
v 0.0837168723 0.0820660793 0.58656373
v 0.0883647108 0.0961767972 0.566977386
v 0.0942176289 0.104727592 0.544666704
v 0.102640326 0.112903482 0.523870977
v 0.107590842 0.121857007 0.502231066
v 0.111736974 0.130331165 0.480009676
v 0.123400066 0.140631865 0.46102394
v 0.133680954 0.145140962 0.437797729
v 0.145077057 0.151890407 0.417597339
v 0.155361546 0.153807361 0.398717832
v 0.166141024 0.16087757 0.379103032
v 0.1751915 0.167255013 0.355436635
v 0.190142232 0.173910562 0.335305595
v 0.19991373 0.173288532 0.312058278
v 0.208466374 0.16541572 0.289864721
v 0.214306351 0.155015037 0.2680652
v 0.21676457 0.143222396 0.246602135
v 0.216356241 0.128797519 0.226977302
v 0.217323046 0.110977995 0.211205938
v 0.223088456 0.0921484529 0.198846201
v 0.234143656 0.0744170874 0.188060722
v 0.241683167 0.0528226184 0.180689464
v 0.242748139 0.0283890794 0.179714059
v 0.238133485 0.00495628225 0.186471816
v 0.228585503 -0.0146266518 0.196170392
v 0.215854176 -0.0300714981 0.207430559
v 0.200592299 -0.042960725 0.219399751
v 0.183818234 -0.0523750353 0.233329215
v 0.172968585 -0.0625866707 0.252227416
v 0.16459806 -0.0703302781 0.272951993
v 0.156822918 -0.0800204712 0.293055278
v 0.145742629 -0.0908269863 0.313818248
v 0.135094346 -0.0998584149 0.336666073
v 0.122813497 -0.0982419992 0.359399585
v 0.122254445 -0.092683949 0.385677053
v 0.116218614 -0.0851171307 0.410766012
v 0.112282572 -0.0804004775 0.433971745
v 0.107935759 -0.0745049177 0.454887997
v 0.106157752 -0.0705443079 0.476827504
v 0.103763661 -0.0639124929 0.498575481
v 0.0988460558 -0.0593900505 0.520696616
v 0.0963329177 -0.0535542062 0.543418116
v 0.0880634592 -0.0468725273 0.565190503
v 0.0823422721 -0.0309161911 0.583532981
v 0.0797474802 -0.00886694956 0.595188171
v 0.374808318 -0.137381435 0.347076311
v 0.363653005 -0.167767439 0.370251262
v 0.333282945 -0.192347367 0.381057867
v 0.314719771 -0.224712843 0.402141544
v 0.275052774 -0.223436117 0.416490401
v 0.252944408 -0.237513602 0.449850062
v 0.237690107 -0.242708049 0.489227367
v 0.202018887 -0.229217261 0.508535389
v 0.178735112 -0.218534661 0.541964083
v 0.144605292 -0.192080077 0.545632962
v 0.117280967 -0.165105979 0.565103013
v 0.389394175 -0.105952688 0.324504821
v 0.375782957 -0.112840528 0.389114756
v 0.355006157 -0.140182588 0.408778088
v 0.328906915 -0.16995052 0.422120808
v 0.30737468 -0.193479497 0.450150661
v 0.268905218 -0.189242249 0.467083145
v 0.248016941 -0.19183412 0.504157964
v 0.215778491 -0.17958796 0.528994978
v 0.180297334 -0.157284924 0.53840378
v 0.160573223 -0.128287889 0.56350745
v 0.112742946 -0.13131189 0.590038184
v 0.392508675 -0.0674554645 0.316500914
v 0.383630051 -0.0787759136 0.36807397
v 0.360490573 -0.0834923241 0.427979829
v 0.343150518 -0.113194762 0.447493998
v 0.323876645 -0.14430522 0.469679246
v 0.292187678 -0.151076438 0.496743918
v 0.255275703 -0.139434731 0.514941486
v 0.221390196 -0.120974316 0.531846472
v 0.205694322 -0.102517007 0.567708574
v 0.166143021 -0.110867082 0.601512693
v 0.125163604 -0.0962959322 0.610269265
v 0.412791562 -0.0339857896 0.324756777
v 0.392939613 -0.0403052306 0.365987131
v 0.368384163 -0.04976244 0.407093502
v 0.333836254 -0.0543243826 0.458881853
v 0.322324278 -0.0855713384 0.481640661
v 0.30374537 -0.101940981 0.51501462
v 0.277924388 -0.101770639 0.548742392
v 0.251457632 -0.0822008451 0.575943826
v 0.207741812 -0.0765482757 0.601009802
v 0.172425546 -0.076486988 0.623971476
v 0.129474052 -0.0644690837 0.631044696
v 0.417177219 0.00353794736 0.325226913
v 0.383542722 -0.00331588247 0.360961612
v 0.357868683 -0.0114350198 0.402642827
v 0.336766769 -0.0191441604 0.442918938
v 0.307796048 -0.025609994 0.489789035
v 0.291939128 -0.0496625151 0.517068206
v 0.275092379 -0.0395664393 0.553121599
v 0.249566398 -0.0439639592 0.591625715
v 0.22007098 -0.0496020967 0.625257427
v 0.170982158 -0.0415963358 0.633318118
v 0.129949792 -0.0442719862 0.662273426
v 0.437738465 0.0419891801 0.317976942
v 0.402203719 0.0346109843 0.355091554
v 0.372091347 0.0267947472 0.396518856
v 0.349775125 0.0184125086 0.442613598
v 0.321481563 0.0104819655 0.48536397
v 0.293930867 0.00274014256 0.52866547
v 0.268848735 -0.00520499108 0.573425597
v 0.232733618 -0.0126223166 0.609811365
v 0.204659749 -0.0194038078 0.653046448
v 0.155887908 -0.0198075745 0.670380387
v 0.119997159 -0.0301547093 0.706255869
v 0.445590878 0.0899697908 0.305106681
v 0.414099102 0.0823879007 0.34970805
v 0.37503769 0.0749680916 0.387865406
v 0.343546716 0.0632635435 0.442033239
v 0.300401978 0.0416394022 0.496421353
v 0.275654293 0.0492018846 0.525011353
v 0.264753331 0.032650955 0.559736854
v 0.235375319 0.0292280315 0.615844542
v 0.204116342 0.0229819959 0.670211138
v 0.160871126 0.0122486264 0.704036809
v 0.119189141 0.00376397067 0.740591418
v 0.458155045 0.129182357 0.327135009
v 0.412443427 0.123176356 0.371177369
v 0.363203645 0.105551281 0.420850496
v 0.316917232 0.0827237182 0.473402508
v 0.2940883 0.097449471 0.501537986
v 0.278248555 0.0975894386 0.537097012
v 0.248910723 0.0870280995 0.562617813
v 0.228399965 0.061165444 0.588388705
v 0.195400104 0.0540517533 0.639223679
v 0.16839796 0.0551646383 0.699189108
v 0.127950074 0.0460087837 0.746735073
v 0.441549296 0.161003528 0.356673746
v 0.402896535 0.138562999 0.414890329
v 0.354855009 0.113833091 0.464183615
v 0.34258142 0.127778117 0.498824659
v 0.316768224 0.139396665 0.525939381
v 0.297181153 0.137825305 0.559933399
v 0.269839736 0.124157982 0.586654505
v 0.244371205 0.113765122 0.618600093
v 0.224077746 0.0847295321 0.642131037
v 0.169177534 0.0859328951 0.668385188
v 0.140960011 0.0832943758 0.725390176
v 0.425332569 0.178734731 0.396935232
v 0.38842778 0.15338905 0.454002458
v 0.362426945 0.169558299 0.478857816
v 0.332717978 0.181952256 0.500973419
v 0.315782917 0.189872945 0.535668964
v 0.290470021 0.187057841 0.565606201
v 0.267999932 0.173104919 0.596614888
v 0.231855514 0.162240338 0.610733673
v 0.212683961 0.148577669 0.647258561
v 0.180545141 0.121026398 0.647787075
v 0.143449175 0.113341282 0.695222777
v 0.403582329 0.19662396 0.43025425
v 0.368847108 0.207820616 0.445572237
v 0.339725497 0.219723817 0.468616299
v 0.322131108 0.234418462 0.5003619
v 0.291972422 0.234537236 0.525856447
v 0.263501831 0.226976023 0.552209979
v 0.237575762 0.198779121 0.566396921
v 0.211677111 0.204441631 0.596468524
v 0.197755552 0.199725445 0.635985285
v 0.160699137 0.185248592 0.653330818
v 0.151754108 0.149104608 0.673920076
f 1 2 49
f 2 50 49
f 2 3 50
f 3 51 50
f 3 4 51
f 4 52 51
f 4 5 52
f 5 53 52
f 5 6 53
f 6 54 53
f 6 7 54
f 7 55 54
f 7 8 55
f 8 56 55
f 8 9 56
f 9 57 56
f 9 10 57
f 10 58 57
f 10 11 58
f 11 59 58
f 11 12 59
f 12 60 59
f 12 13 60
f 13 61 60
f 13 14 61
f 14 62 61
f 14 15 62
f 15 63 62
f 15 16 63
f 16 64 63
f 16 17 64
f 17 65 64
f 17 18 65
f 18 66 65
f 18 19 66
f 19 67 66
f 19 20 67
f 20 68 67
f 20 21 68
f 21 69 68
f 21 22 69
f 22 70 69
f 22 23 70
f 23 71 70
f 23 24 71
f 24 72 71
f 24 25 72
f 25 73 72
f 25 26 73
f 26 74 73
f 26 27 74
f 27 75 74
f 27 28 75
f 28 76 75
f 28 29 76
f 29 77 76
f 29 30 77
f 30 78 77
f 30 31 78
f 31 79 78
f 31 32 79
f 32 80 79
f 32 33 80
f 33 81 80
f 33 34 81
f 34 82 81
f 34 35 82
f 35 83 82
f 35 36 83
f 36 84 83
f 36 37 84
f 37 85 84
f 37 38 85
f 38 86 85
f 38 39 86
f 39 87 86
f 39 40 87
f 40 88 87
f 40 41 88
f 41 89 88
f 41 42 89
f 42 90 89
f 42 43 90
f 43 91 90
f 43 44 91
f 44 92 91
f 44 45 92
f 45 93 92
f 45 46 93
f 46 94 93
f 46 47 94
f 47 95 94
f 47 48 95
f 48 96 95
f 48 1 96
f 1 49 96
f 49 50 97
f 50 98 97
f 50 51 98
f 51 99 98
f 51 52 99
f 52 100 99
f 52 53 100
f 53 101 100
f 53 54 101
f 54 102 101
f 54 55 102
f 55 103 102
f 55 56 103
f 56 104 103
f 56 57 104
f 57 105 104
f 57 58 105
f 58 106 105
f 58 59 106
f 59 107 106
f 59 60 107
f 60 108 107
f 60 61 108
f 61 109 108
f 61 62 109
f 62 110 109
f 62 63 110
f 63 111 110
f 63 64 111
f 64 112 111
f 64 65 112
f 65 113 112
f 65 66 113
f 66 114 113
f 66 67 114
f 67 115 114
f 67 68 115
f 68 116 115
f 68 69 116
f 69 117 116
f 69 70 117
f 70 118 117
f 70 71 118
f 71 119 118
f 71 72 119
f 72 120 119
f 72 73 120
f 73 121 120
f 73 74 121
f 74 122 121
f 74 75 122
f 75 123 122
f 75 76 123
f 76 124 123
f 76 77 124
f 77 125 124
f 77 78 125
f 78 126 125
f 78 79 126
f 79 127 126
f 79 80 127
f 80 128 127
f 80 81 128
f 81 129 128
f 81 82 129
f 82 130 129
f 82 83 130
f 83 131 130
f 83 84 131
f 84 132 131
f 84 85 132
f 85 133 132
f 85 86 133
f 86 134 133
f 86 87 134
f 87 135 134
f 87 88 135
f 88 136 135
f 88 89 136
f 89 137 136
f 89 90 137
f 90 138 137
f 90 91 138
f 91 139 138
f 91 92 139
f 92 140 139
f 92 93 140
f 93 141 140
f 93 94 141
f 94 142 141
f 94 95 142
f 95 143 142
f 95 96 143
f 96 144 143
f 96 49 144
f 49 97 144
f 97 98 145
f 98 146 145
f 98 99 146
f 99 147 146
f 99 100 147
f 100 148 147
f 100 101 148
f 101 149 148
f 101 102 149
f 102 150 149
f 102 103 150
f 103 151 150
f 103 104 151
f 104 152 151
f 104 105 152
f 105 153 152
f 105 106 153
f 106 154 153
f 106 107 154
f 107 155 154
f 107 108 155
f 108 156 155
f 108 109 156
f 109 157 156
f 109 110 157
f 110 158 157
f 110 111 158
f 111 159 158
f 111 112 159
f 112 160 159
f 112 113 160
f 113 161 160
f 113 114 161
f 114 162 161
f 114 115 162
f 115 163 162
f 115 116 163
f 116 164 163
f 116 117 164
f 117 165 164
f 117 118 165
f 118 166 165
f 118 119 166
f 119 167 166
f 119 120 167
f 120 168 167
f 120 121 168
f 121 169 168
f 121 122 169
f 122 170 169
f 122 123 170
f 123 171 170
f 123 124 171
f 124 172 171
f 124 125 172
f 125 173 172
f 125 126 173
f 126 174 173
f 126 127 174
f 127 175 174
f 127 128 175
f 128 176 175
f 128 129 176
f 129 177 176
f 129 130 177
f 130 178 177
f 130 131 178
f 131 179 178
f 131 132 179
f 132 180 179
f 132 133 180
f 133 181 180
f 133 134 181
f 134 182 181
f 134 135 182
f 135 183 182
f 135 136 183
f 136 184 183
f 136 137 184
f 137 185 184
f 137 138 185
f 138 186 185
f 138 139 186
f 139 187 186
f 139 140 187
f 140 188 187
f 140 141 188
f 141 189 188
f 141 142 189
f 142 190 189
f 142 143 190
f 143 191 190
f 143 144 191
f 144 192 191
f 144 97 192
f 97 145 192
f 145 146 193
f 146 194 193
f 146 147 194
f 147 195 194
f 147 148 195
f 148 196 195
f 148 149 196
f 149 197 196
f 149 150 197
f 150 198 197
f 150 151 198
f 151 199 198
f 151 152 199
f 152 200 199
f 152 153 200
f 153 201 200
f 153 154 201
f 154 202 201
f 154 155 202
f 155 203 202
f 155 156 203
f 156 204 203
f 156 157 204
f 157 205 204
f 157 158 205
f 158 206 205
f 158 159 206
f 159 207 206
f 159 160 207
f 160 208 207
f 160 161 208
f 161 209 208
f 161 162 209
f 162 210 209
f 162 163 210
f 163 211 210
f 163 164 211
f 164 212 211
f 164 165 212
f 165 213 212
f 165 166 213
f 166 214 213
f 166 167 214
f 167 215 214
f 167 168 215
f 168 216 215
f 168 169 216
f 169 217 216
f 169 170 217
f 170 218 217
f 170 171 218
f 171 219 218
f 171 172 219
f 172 220 219
f 172 173 220
f 173 221 220
f 173 174 221
f 174 222 221
f 174 175 222
f 175 223 222
f 175 176 223
f 176 224 223
f 176 177 224
f 177 225 224
f 177 178 225
f 178 226 225
f 178 179 226
f 179 227 226
f 179 180 227
f 180 228 227
f 180 181 228
f 181 229 228
f 181 182 229
f 182 230 229
f 182 183 230
f 183 231 230
f 183 184 231
f 184 232 231
f 184 185 232
f 185 233 232
f 185 186 233
f 186 234 233
f 186 187 234
f 187 235 234
f 187 188 235
f 188 236 235
f 188 189 236
f 189 237 236
f 189 190 237
f 190 238 237
f 190 191 238
f 191 239 238
f 191 192 239
f 192 240 239
f 192 145 240
f 145 193 240
f 193 194 241
f 194 242 241
f 194 195 242
f 195 243 242
f 195 196 243
f 196 244 243
f 196 197 244
f 197 245 244
f 197 198 245
f 198 246 245
f 198 199 246
f 199 247 246
f 199 200 247
f 200 248 247
f 200 201 248
f 201 249 248
f 201 202 249
f 202 250 249
f 202 203 250
f 203 251 250
f 203 204 251
f 204 252 251
f 204 205 252
f 205 253 252
f 205 206 253
f 206 254 253
f 206 207 254
f 207 255 254
f 207 208 255
f 208 256 255
f 208 209 256
f 209 257 256
f 209 210 257
f 210 258 257
f 210 211 258
f 211 259 258
f 211 212 259
f 212 260 259
f 212 213 260
f 213 261 260
f 213 214 261
f 214 262 261
f 214 215 262
f 215 263 262
f 215 216 263
f 216 264 263
f 216 217 264
f 217 265 264
f 217 218 265
f 218 266 265
f 218 219 266
f 219 267 266
f 219 220 267
f 220 268 267
f 220 221 268
f 221 269 268
f 221 222 269
f 222 270 269
f 222 223 270
f 223 271 270
f 223 224 271
f 224 272 271
f 224 225 272
f 225 273 272
f 225 226 273
f 226 274 273
f 226 227 274
f 227 275 274
f 227 228 275
f 228 276 275
f 228 229 276
f 229 277 276
f 229 230 277
f 230 278 277
f 230 231 278
f 231 279 278
f 231 232 279
f 232 280 279
f 232 233 280
f 233 281 280
f 233 234 281
f 234 282 281
f 234 235 282
f 235 283 282
f 235 236 283
f 236 284 283
f 236 237 284
f 237 285 284
f 237 238 285
f 238 286 285
f 238 239 286
f 239 287 286
f 239 240 287
f 240 288 287
f 240 193 288
f 193 241 288
f 241 242 289
f 242 290 289
f 242 243 290
f 243 291 290
f 243 244 291
f 244 292 291
f 244 245 292
f 245 293 292
f 245 246 293
f 246 294 293
f 246 247 294
f 247 295 294
f 247 248 295
f 248 296 295
f 248 249 296
f 249 297 296
f 249 250 297
f 250 298 297
f 250 251 298
f 251 299 298
f 251 252 299
f 252 300 299
f 252 253 300
f 253 301 300
f 253 254 301
f 254 302 301
f 254 255 302
f 255 303 302
f 255 256 303
f 256 304 303
f 256 257 304
f 257 305 304
f 257 258 305
f 258 306 305
f 258 259 306
f 259 307 306
f 259 260 307
f 260 308 307
f 260 261 308
f 261 309 308
f 261 262 309
f 262 310 309
f 262 263 310
f 263 311 310
f 263 264 311
f 264 312 311
f 264 265 312
f 265 313 312
f 265 266 313
f 266 314 313
f 266 267 314
f 267 315 314
f 267 268 315
f 268 316 315
f 268 269 316
f 269 317 316
f 269 270 317
f 270 318 317
f 270 271 318
f 271 319 318
f 271 272 319
f 272 320 319
f 272 273 320
f 273 321 320
f 273 274 321
f 274 322 321
f 274 275 322
f 275 323 322
f 275 276 323
f 276 324 323
f 276 277 324
f 277 325 324
f 277 278 325
f 278 326 325
f 278 279 326
f 279 327 326
f 279 280 327
f 280 328 327
f 280 281 328
f 281 329 328
f 281 282 329
f 282 330 329
f 282 283 330
f 283 331 330
f 283 284 331
f 284 332 331
f 284 285 332
f 285 333 332
f 285 286 333
f 286 334 333
f 286 287 334
f 287 335 334
f 287 288 335
f 288 336 335
f 288 241 336
f 241 289 336
f 289 290 337
f 290 338 337
f 290 291 338
f 291 339 338
f 291 292 339
f 292 340 339
f 292 293 340
f 293 341 340
f 293 294 341
f 294 342 341
f 294 295 342
f 295 343 342
f 295 296 343
f 296 344 343
f 296 297 344
f 297 345 344
f 297 298 345
f 298 346 345
f 298 299 346
f 299 347 346
f 299 300 347
f 300 348 347
f 300 301 348
f 301 349 348
f 301 302 349
f 302 350 349
f 302 303 350
f 303 351 350
f 303 304 351
f 304 352 351
f 304 305 352
f 305 353 352
f 305 306 353
f 306 354 353
f 306 307 354
f 307 355 354
f 307 308 355
f 308 356 355
f 308 309 356
f 309 357 356
f 309 310 357
f 310 358 357
f 310 311 358
f 311 359 358
f 311 312 359
f 312 360 359
f 312 313 360
f 313 361 360
f 313 314 361
f 314 362 361
f 314 315 362
f 315 363 362
f 315 316 363
f 316 364 363
f 316 317 364
f 317 365 364
f 317 318 365
f 318 366 365
f 318 319 366
f 319 367 366
f 319 320 367
f 320 368 367
f 320 321 368
f 321 369 368
f 321 322 369
f 322 370 369
f 322 323 370
f 323 371 370
f 323 324 371
f 324 372 371
f 324 325 372
f 325 373 372
f 325 326 373
f 326 374 373
f 326 327 374
f 327 375 374
f 327 328 375
f 328 376 375
f 328 329 376
f 329 377 376
f 329 330 377
f 330 378 377
f 330 331 378
f 331 379 378
f 331 332 379
f 332 380 379
f 332 333 380
f 333 381 380
f 333 334 381
f 334 382 381
f 334 335 382
f 335 383 382
f 335 336 383
f 336 384 383
f 336 289 384
f 289 337 384
f 337 338 385
f 338 386 385
f 338 339 386
f 339 387 386
f 339 340 387
f 340 388 387
f 340 341 388
f 341 389 388
f 341 342 389
f 342 390 389
f 342 343 390
f 343 391 390
f 343 344 391
f 344 392 391
f 344 345 392
f 345 393 392
f 345 346 393
f 346 394 393
f 346 347 394
f 347 395 394
f 347 348 395
f 348 396 395
f 348 349 396
f 349 397 396
f 349 350 397
f 350 398 397
f 350 351 398
f 351 399 398
f 351 352 399
f 352 400 399
f 352 353 400
f 353 401 400
f 353 354 401
f 354 402 401
f 354 355 402
f 355 403 402
f 355 356 403
f 356 404 403
f 356 357 404
f 357 405 404
f 357 358 405
f 358 406 405
f 358 359 406
f 359 407 406
f 359 360 407
f 360 408 407
f 360 361 408
f 361 409 408
f 361 362 409
f 362 410 409
f 362 363 410
f 363 411 410
f 363 364 411
f 364 412 411
f 364 365 412
f 365 413 412
f 365 366 413
f 366 414 413
f 366 367 414
f 367 415 414
f 367 368 415
f 368 416 415
f 368 369 416
f 369 417 416
f 369 370 417
f 370 418 417
f 370 371 418
f 371 419 418
f 371 372 419
f 372 420 419
f 372 373 420
f 373 421 420
f 373 374 421
f 374 422 421
f 374 375 422
f 375 423 422
f 375 376 423
f 376 424 423
f 376 377 424
f 377 425 424
f 377 378 425
f 378 426 425
f 378 379 426
f 379 427 426
f 379 380 427
f 380 428 427
f 380 381 428
f 381 429 428
f 381 382 429
f 382 430 429
f 382 383 430
f 383 431 430
f 383 384 431
f 384 432 431
f 384 337 432
f 337 385 432
f 385 386 433
f 386 434 433
f 386 387 434
f 387 435 434
f 387 388 435
f 388 436 435
f 388 389 436
f 389 437 436
f 389 390 437
f 390 438 437
f 390 391 438
f 391 439 438
f 391 392 439
f 392 440 439
f 392 393 440
f 393 441 440
f 393 394 441
f 394 442 441
f 394 395 442
f 395 443 442
f 395 396 443
f 396 444 443
f 396 397 444
f 397 445 444
f 397 398 445
f 398 446 445
f 398 399 446
f 399 447 446
f 399 400 447
f 400 448 447
f 400 401 448
f 401 449 448
f 401 402 449
f 402 450 449
f 402 403 450
f 403 451 450
f 403 404 451
f 404 452 451
f 404 405 452
f 405 453 452
f 405 406 453
f 406 454 453
f 406 407 454
f 407 455 454
f 407 408 455
f 408 456 455
f 408 409 456
f 409 457 456
f 409 410 457
f 410 458 457
f 410 411 458
f 411 459 458
f 411 412 459
f 412 460 459
f 412 413 460
f 413 461 460
f 413 414 461
f 414 462 461
f 414 415 462
f 415 463 462
f 415 416 463
f 416 464 463
f 416 417 464
f 417 465 464
f 417 418 465
f 418 466 465
f 418 419 466
f 419 467 466
f 419 420 467
f 420 468 467
f 420 421 468
f 421 469 468
f 421 422 469
f 422 470 469
f 422 423 470
f 423 471 470
f 423 424 471
f 424 472 471
f 424 425 472
f 425 473 472
f 425 426 473
f 426 474 473
f 426 427 474
f 427 475 474
f 427 428 475
f 428 476 475
f 428 429 476
f 429 477 476
f 429 430 477
f 430 478 477
f 430 431 478
f 431 479 478
f 431 432 479
f 432 480 479
f 432 385 480
f 385 433 480
f 433 434 481
f 434 482 481
f 434 435 482
f 435 483 482
f 435 436 483
f 436 484 483
f 436 437 484
f 437 485 484
f 437 438 485
f 438 486 485
f 438 439 486
f 439 487 486
f 439 440 487
f 440 488 487
f 440 441 488
f 441 489 488
f 441 442 489
f 442 490 489
f 442 443 490
f 443 491 490
f 443 444 491
f 444 492 491
f 444 445 492
f 445 493 492
f 445 446 493
f 446 494 493
f 446 447 494
f 447 495 494
f 447 448 495
f 448 496 495
f 448 449 496
f 449 497 496
f 449 450 497
f 450 498 497
f 450 451 498
f 451 499 498
f 451 452 499
f 452 500 499
f 452 453 500
f 453 501 500
f 453 454 501
f 454 502 501
f 454 455 502
f 455 503 502
f 455 456 503
f 456 504 503
f 456 457 504
f 457 505 504
f 457 458 505
f 458 506 505
f 458 459 506
f 459 507 506
f 459 460 507
f 460 508 507
f 460 461 508
f 461 509 508
f 461 462 509
f 462 510 509
f 462 463 510
f 463 511 510
f 463 464 511
f 464 512 511
f 464 465 512
f 465 513 512
f 465 466 513
f 466 514 513
f 466 467 514
f 467 515 514
f 467 468 515
f 468 516 515
f 468 469 516
f 469 517 516
f 469 470 517
f 470 518 517
f 470 471 518
f 471 519 518
f 471 472 519
f 472 520 519
f 472 473 520
f 473 521 520
f 473 474 521
f 474 522 521
f 474 475 522
f 475 523 522
f 475 476 523
f 476 524 523
f 476 477 524
f 477 525 524
f 477 478 525
f 478 526 525
f 478 479 526
f 479 527 526
f 479 480 527
f 480 528 527
f 480 433 528
f 433 481 528
f 481 482 529
f 482 530 529
f 482 483 530
f 483 531 530
f 483 484 531
f 484 532 531
f 484 485 532
f 485 533 532
f 485 486 533
f 486 534 533
f 486 487 534
f 487 535 534
f 487 488 535
f 488 536 535
f 488 489 536
f 489 537 536
f 489 490 537
f 490 538 537
f 490 491 538
f 491 539 538
f 491 492 539
f 492 540 539
f 492 493 540
f 493 541 540
f 493 494 541
f 494 542 541
f 494 495 542
f 495 543 542
f 495 496 543
f 496 544 543
f 496 497 544
f 497 545 544
f 497 498 545
f 498 546 545
f 498 499 546
f 499 547 546
f 499 500 547
f 500 548 547
f 500 501 548
f 501 549 548
f 501 502 549
f 502 550 549
f 502 503 550
f 503 551 550
f 503 504 551
f 504 552 551
f 504 505 552
f 505 553 552
f 505 506 553
f 506 554 553
f 506 507 554
f 507 555 554
f 507 508 555
f 508 556 555
f 508 509 556
f 509 557 556
f 509 510 557
f 510 558 557
f 510 511 558
f 511 559 558
f 511 512 559
f 512 560 559
f 512 513 560
f 513 561 560
f 513 514 561
f 514 562 561
f 514 515 562
f 515 563 562
f 515 516 563
f 516 564 563
f 516 517 564
f 517 565 564
f 517 518 565
f 518 566 565
f 518 519 566
f 519 567 566
f 519 520 567
f 520 568 567
f 520 521 568
f 521 569 568
f 521 522 569
f 522 570 569
f 522 523 570
f 523 571 570
f 523 524 571
f 524 572 571
f 524 525 572
f 525 573 572
f 525 526 573
f 526 574 573
f 526 527 574
f 527 575 574
f 527 528 575
f 528 576 575
f 528 481 576
f 481 529 576
f 529 530 577
f 530 578 577
f 530 531 578
f 531 579 578
f 531 532 579
f 532 580 579
f 532 533 580
f 533 581 580
f 533 534 581
f 534 582 581
f 534 535 582
f 535 583 582
f 535 536 583
f 536 584 583
f 536 537 584
f 537 585 584
f 537 538 585
f 538 586 585
f 538 539 586
f 539 587 586
f 539 540 587
f 540 588 587
f 540 541 588
f 541 589 588
f 541 542 589
f 542 590 589
f 542 543 590
f 543 591 590
f 543 544 591
f 544 592 591
f 544 545 592
f 545 593 592
f 545 546 593
f 546 594 593
f 546 547 594
f 547 595 594
f 547 548 595
f 548 596 595
f 548 549 596
f 549 597 596
f 549 550 597
f 550 598 597
f 550 551 598
f 551 599 598
f 551 552 599
f 552 600 599
f 552 553 600
f 553 601 600
f 553 554 601
f 554 602 601
f 554 555 602
f 555 603 602
f 555 556 603
f 556 604 603
f 556 557 604
f 557 605 604
f 557 558 605
f 558 606 605
f 558 559 606
f 559 607 606
f 559 560 607
f 560 608 607
f 560 561 608
f 561 609 608
f 561 562 609
f 562 610 609
f 562 563 610
f 563 611 610
f 563 564 611
f 564 612 611
f 564 565 612
f 565 613 612
f 565 566 613
f 566 614 613
f 566 567 614
f 567 615 614
f 567 568 615
f 568 616 615
f 568 569 616
f 569 617 616
f 569 570 617
f 570 618 617
f 570 571 618
f 571 619 618
f 571 572 619
f 572 620 619
f 572 573 620
f 573 621 620
f 573 574 621
f 574 622 621
f 574 575 622
f 575 623 622
f 575 576 623
f 576 624 623
f 576 529 624
f 529 577 624
f 577 578 625
f 578 626 625
f 578 579 626
f 579 627 626
f 579 580 627
f 580 628 627
f 580 581 628
f 581 629 628
f 581 582 629
f 582 630 629
f 582 583 630
f 583 631 630
f 583 584 631
f 584 632 631
f 584 585 632
f 585 633 632
f 585 586 633
f 586 634 633
f 586 587 634
f 587 635 634
f 587 588 635
f 588 636 635
f 588 589 636
f 589 637 636
f 589 590 637
f 590 638 637
f 590 591 638
f 591 639 638
f 591 592 639
f 592 640 639
f 592 593 640
f 593 641 640
f 593 594 641
f 594 642 641
f 594 595 642
f 595 643 642
f 595 596 643
f 596 644 643
f 596 597 644
f 597 645 644
f 597 598 645
f 598 646 645
f 598 599 646
f 599 647 646
f 599 600 647
f 600 648 647
f 600 601 648
f 601 649 648
f 601 602 649
f 602 650 649
f 602 603 650
f 603 651 650
f 603 604 651
f 604 652 651
f 604 605 652
f 605 653 652
f 605 606 653
f 606 654 653
f 606 607 654
f 607 655 654
f 607 608 655
f 608 656 655
f 608 609 656
f 609 657 656
f 609 610 657
f 610 658 657
f 610 611 658
f 611 659 658
f 611 612 659
f 612 660 659
f 612 613 660
f 613 661 660
f 613 614 661
f 614 662 661
f 614 615 662
f 615 663 662
f 615 616 663
f 616 664 663
f 616 617 664
f 617 665 664
f 617 618 665
f 618 666 665
f 618 619 666
f 619 667 666
f 619 620 667
f 620 668 667
f 620 621 668
f 621 669 668
f 621 622 669
f 622 670 669
f 622 623 670
f 623 671 670
f 623 624 671
f 624 672 671
f 624 577 672
f 577 625 672
f 625 626 673
f 626 674 673
f 626 627 674
f 627 675 674
f 627 628 675
f 628 676 675
f 628 629 676
f 629 677 676
f 629 630 677
f 630 678 677
f 630 631 678
f 631 679 678
f 631 632 679
f 632 680 679
f 632 633 680
f 633 681 680
f 633 634 681
f 634 682 681
f 634 635 682
f 635 683 682
f 635 636 683
f 636 684 683
f 636 637 684
f 637 685 684
f 637 638 685
f 638 686 685
f 638 639 686
f 639 687 686
f 639 640 687
f 640 688 687
f 640 641 688
f 641 689 688
f 641 642 689
f 642 690 689
f 642 643 690
f 643 691 690
f 643 644 691
f 644 692 691
f 644 645 692
f 645 693 692
f 645 646 693
f 646 694 693
f 646 647 694
f 647 695 694
f 647 648 695
f 648 696 695
f 648 649 696
f 649 697 696
f 649 650 697
f 650 698 697
f 650 651 698
f 651 699 698
f 651 652 699
f 652 700 699
f 652 653 700
f 653 701 700
f 653 654 701
f 654 702 701
f 654 655 702
f 655 703 702
f 655 656 703
f 656 704 703
f 656 657 704
f 657 705 704
f 657 658 705
f 658 706 705
f 658 659 706
f 659 707 706
f 659 660 707
f 660 708 707
f 660 661 708
f 661 709 708
f 661 662 709
f 662 710 709
f 662 663 710
f 663 711 710
f 663 664 711
f 664 712 711
f 664 665 712
f 665 713 712
f 665 666 713
f 666 714 713
f 666 667 714
f 667 715 714
f 667 668 715
f 668 716 715
f 668 669 716
f 669 717 716
f 669 670 717
f 670 718 717
f 670 671 718
f 671 719 718
f 671 672 719
f 672 720 719
f 672 625 720
f 625 673 720
f 673 674 721
f 674 722 721
f 674 675 722
f 675 723 722
f 675 676 723
f 676 724 723
f 676 677 724
f 677 725 724
f 677 678 725
f 678 726 725
f 678 679 726
f 679 727 726
f 679 680 727
f 680 728 727
f 680 681 728
f 681 729 728
f 681 682 729
f 682 730 729
f 682 683 730
f 683 731 730
f 683 684 731
f 684 732 731
f 684 685 732
f 685 733 732
f 685 686 733
f 686 734 733
f 686 687 734
f 687 735 734
f 687 688 735
f 688 736 735
f 688 689 736
f 689 737 736
f 689 690 737
f 690 738 737
f 690 691 738
f 691 739 738
f 691 692 739
f 692 740 739
f 692 693 740
f 693 741 740
f 693 694 741
f 694 742 741
f 694 695 742
f 695 743 742
f 695 696 743
f 696 744 743
f 696 697 744
f 697 745 744
f 697 698 745
f 698 746 745
f 698 699 746
f 699 747 746
f 699 700 747
f 700 748 747
f 700 701 748
f 701 749 748
f 701 702 749
f 702 750 749
f 702 703 750
f 703 751 750
f 703 704 751
f 704 752 751
f 704 705 752
f 705 753 752
f 705 706 753
f 706 754 753
f 706 707 754
f 707 755 754
f 707 708 755
f 708 756 755
f 708 709 756
f 709 757 756
f 709 710 757
f 710 758 757
f 710 711 758
f 711 759 758
f 711 712 759
f 712 760 759
f 712 713 760
f 713 761 760
f 713 714 761
f 714 762 761
f 714 715 762
f 715 763 762
f 715 716 763
f 716 764 763
f 716 717 764
f 717 765 764
f 717 718 765
f 718 766 765
f 718 719 766
f 719 767 766
f 719 720 767
f 720 768 767
f 720 673 768
f 673 721 768
f 721 722 769
f 722 770 769
f 722 723 770
f 723 771 770
f 723 724 771
f 724 772 771
f 724 725 772
f 725 773 772
f 725 726 773
f 726 774 773
f 726 727 774
f 727 775 774
f 727 728 775
f 728 776 775
f 728 729 776
f 729 777 776
f 729 730 777
f 730 778 777
f 730 731 778
f 731 779 778
f 731 732 779
f 732 780 779
f 732 733 780
f 733 781 780
f 733 734 781
f 734 782 781
f 734 735 782
f 735 783 782
f 735 736 783
f 736 784 783
f 736 737 784
f 737 785 784
f 737 738 785
f 738 786 785
f 738 739 786
f 739 787 786
f 739 740 787
f 740 788 787
f 740 741 788
f 741 789 788
f 741 742 789
f 742 790 789
f 742 743 790
f 743 791 790
f 743 744 791
f 744 792 791
f 744 745 792
f 745 793 792
f 745 746 793
f 746 794 793
f 746 747 794
f 747 795 794
f 747 748 795
f 748 796 795
f 748 749 796
f 749 797 796
f 749 750 797
f 750 798 797
f 750 751 798
f 751 799 798
f 751 752 799
f 752 800 799
f 752 753 800
f 753 801 800
f 753 754 801
f 754 802 801
f 754 755 802
f 755 803 802
f 755 756 803
f 756 804 803
f 756 757 804
f 757 805 804
f 757 758 805
f 758 806 805
f 758 759 806
f 759 807 806
f 759 760 807
f 760 808 807
f 760 761 808
f 761 809 808
f 761 762 809
f 762 810 809
f 762 763 810
f 763 811 810
f 763 764 811
f 764 812 811
f 764 765 812
f 765 813 812
f 765 766 813
f 766 814 813
f 766 767 814
f 767 815 814
f 767 768 815
f 768 816 815
f 768 721 816
f 721 769 816
f 769 770 817
f 770 818 817
f 770 771 818
f 771 819 818
f 771 772 819
f 772 820 819
f 772 773 820
f 773 821 820
f 773 774 821
f 774 822 821
f 774 775 822
f 775 823 822
f 775 776 823
f 776 824 823
f 776 777 824
f 777 825 824
f 777 778 825
f 778 826 825
f 778 779 826
f 779 827 826
f 779 780 827
f 780 828 827
f 780 781 828
f 781 829 828
f 781 782 829
f 782 830 829
f 782 783 830
f 783 831 830
f 783 784 831
f 784 832 831
f 784 785 832
f 785 833 832
f 785 786 833
f 786 834 833
f 786 787 834
f 787 835 834
f 787 788 835
f 788 836 835
f 788 789 836
f 789 837 836
f 789 790 837
f 790 838 837
f 790 791 838
f 791 839 838
f 791 792 839
f 792 840 839
f 792 793 840
f 793 841 840
f 793 794 841
f 794 842 841
f 794 795 842
f 795 843 842
f 795 796 843
f 796 844 843
f 796 797 844
f 797 845 844
f 797 798 845
f 798 846 845
f 798 799 846
f 799 847 846
f 799 800 847
f 800 848 847
f 800 801 848
f 801 849 848
f 801 802 849
f 802 850 849
f 802 803 850
f 803 851 850
f 803 804 851
f 804 852 851
f 804 805 852
f 805 853 852
f 805 806 853
f 806 854 853
f 806 807 854
f 807 855 854
f 807 808 855
f 808 856 855
f 808 809 856
f 809 857 856
f 809 810 857
f 810 858 857
f 810 811 858
f 811 859 858
f 811 812 859
f 812 860 859
f 812 813 860
f 813 861 860
f 813 814 861
f 814 862 861
f 814 815 862
f 815 863 862
f 815 816 863
f 816 864 863
f 816 769 864
f 769 817 864
f 817 818 865
f 818 866 865
f 818 819 866
f 819 867 866
f 819 820 867
f 820 868 867
f 820 821 868
f 821 869 868
f 821 822 869
f 822 870 869
f 822 823 870
f 823 871 870
f 823 824 871
f 824 872 871
f 824 825 872
f 825 873 872
f 825 826 873
f 826 874 873
f 826 827 874
f 827 875 874
f 827 828 875
f 828 876 875
f 828 829 876
f 829 877 876
f 829 830 877
f 830 878 877
f 830 831 878
f 831 879 878
f 831 832 879
f 832 880 879
f 832 833 880
f 833 881 880
f 833 834 881
f 834 882 881
f 834 835 882
f 835 883 882
f 835 836 883
f 836 884 883
f 836 837 884
f 837 885 884
f 837 838 885
f 838 886 885
f 838 839 886
f 839 887 886
f 839 840 887
f 840 888 887
f 840 841 888
f 841 889 888
f 841 842 889
f 842 890 889
f 842 843 890
f 843 891 890
f 843 844 891
f 844 892 891
f 844 845 892
f 845 893 892
f 845 846 893
f 846 894 893
f 846 847 894
f 847 895 894
f 847 848 895
f 848 896 895
f 848 849 896
f 849 897 896
f 849 850 897
f 850 898 897
f 850 851 898
f 851 899 898
f 851 852 899
f 852 900 899
f 852 853 900
f 853 901 900
f 853 854 901
f 854 902 901
f 854 855 902
f 855 903 902
f 855 856 903
f 856 904 903
f 856 857 904
f 857 905 904
f 857 858 905
f 858 906 905
f 858 859 906
f 859 907 906
f 859 860 907
f 860 908 907
f 860 861 908
f 861 909 908
f 861 862 909
f 862 910 909
f 862 863 910
f 863 911 910
f 863 864 911
f 864 912 911
f 864 817 912
f 817 865 912
f 865 866 913
f 866 914 913
f 866 867 914
f 867 915 914
f 867 868 915
f 868 916 915
f 868 869 916
f 869 917 916
f 869 870 917
f 870 918 917
f 870 871 918
f 871 919 918
f 871 872 919
f 872 920 919
f 872 873 920
f 873 921 920
f 873 874 921
f 874 922 921
f 874 875 922
f 875 923 922
f 875 876 923
f 876 924 923
f 876 877 924
f 877 925 924
f 877 878 925
f 878 926 925
f 878 879 926
f 879 927 926
f 879 880 927
f 880 928 927
f 880 881 928
f 881 929 928
f 881 882 929
f 882 930 929
f 882 883 930
f 883 931 930
f 883 884 931
f 884 932 931
f 884 885 932
f 885 933 932
f 885 886 933
f 886 934 933
f 886 887 934
f 887 935 934
f 887 888 935
f 888 936 935
f 888 889 936
f 889 937 936
f 889 890 937
f 890 938 937
f 890 891 938
f 891 939 938
f 891 892 939
f 892 940 939
f 892 893 940
f 893 941 940
f 893 894 941
f 894 942 941
f 894 895 942
f 895 943 942
f 895 896 943
f 896 944 943
f 896 897 944
f 897 945 944
f 897 898 945
f 898 946 945
f 898 899 946
f 899 947 946
f 899 900 947
f 900 948 947
f 900 901 948
f 901 949 948
f 901 902 949
f 902 950 949
f 902 903 950
f 903 951 950
f 903 904 951
f 904 952 951
f 904 905 952
f 905 953 952
f 905 906 953
f 906 954 953
f 906 907 954
f 907 955 954
f 907 908 955
f 908 956 955
f 908 909 956
f 909 957 956
f 909 910 957
f 910 958 957
f 910 911 958
f 911 959 958
f 911 912 959
f 912 960 959
f 912 865 960
f 865 913 960
f 913 914 961
f 914 962 961
f 914 915 962
f 915 963 962
f 915 916 963
f 916 964 963
f 916 917 964
f 917 965 964
f 917 918 965
f 918 966 965
f 918 919 966
f 919 967 966
f 919 920 967
f 920 968 967
f 920 921 968
f 921 969 968
f 921 922 969
f 922 970 969
f 922 923 970
f 923 971 970
f 923 924 971
f 924 972 971
f 924 925 972
f 925 973 972
f 925 926 973
f 926 974 973
f 926 927 974
f 927 975 974
f 927 928 975
f 928 976 975
f 928 929 976
f 929 977 976
f 929 930 977
f 930 978 977
f 930 931 978
f 931 979 978
f 931 932 979
f 932 980 979
f 932 933 980
f 933 981 980
f 933 934 981
f 934 982 981
f 934 935 982
f 935 983 982
f 935 936 983
f 936 984 983
f 936 937 984
f 937 985 984
f 937 938 985
f 938 986 985
f 938 939 986
f 939 987 986
f 939 940 987
f 940 988 987
f 940 941 988
f 941 989 988
f 941 942 989
f 942 990 989
f 942 943 990
f 943 991 990
f 943 944 991
f 944 992 991
f 944 945 992
f 945 993 992
f 945 946 993
f 946 994 993
f 946 947 994
f 947 995 994
f 947 948 995
f 948 996 995
f 948 949 996
f 949 997 996
f 949 950 997
f 950 998 997
f 950 951 998
f 951 999 998
f 951 952 999
f 952 1000 999
f 952 953 1000
f 953 1001 1000
f 953 954 1001
f 954 1002 1001
f 954 955 1002
f 955 1003 1002
f 955 956 1003
f 956 1004 1003
f 956 957 1004
f 957 1005 1004
f 957 958 1005
f 958 1006 1005
f 958 959 1006
f 959 1007 1006
f 959 960 1007
f 960 1008 1007
f 960 913 1008
f 913 961 1008
f 961 962 1009
f 962 1010 1009
f 962 963 1010
f 963 1011 1010
f 963 964 1011
f 964 1012 1011
f 964 965 1012
f 965 1013 1012
f 965 966 1013
f 966 1014 1013
f 966 967 1014
f 967 1015 1014
f 967 968 1015
f 968 1016 1015
f 968 969 1016
f 969 1017 1016
f 969 970 1017
f 970 1018 1017
f 970 971 1018
f 971 1019 1018
f 971 972 1019
f 972 1020 1019
f 972 973 1020
f 973 1021 1020
f 973 974 1021
f 974 1022 1021
f 974 975 1022
f 975 1023 1022
f 975 976 1023
f 976 1024 1023
f 976 977 1024
f 977 1025 1024
f 977 978 1025
f 978 1026 1025
f 978 979 1026
f 979 1027 1026
f 979 980 1027
f 980 1028 1027
f 980 981 1028
f 981 1029 1028
f 981 982 1029
f 982 1030 1029
f 982 983 1030
f 983 1031 1030
f 983 984 1031
f 984 1032 1031
f 984 985 1032
f 985 1033 1032
f 985 986 1033
f 986 1034 1033
f 986 987 1034
f 987 1035 1034
f 987 988 1035
f 988 1036 1035
f 988 989 1036
f 989 1037 1036
f 989 990 1037
f 990 1038 1037
f 990 991 1038
f 991 1039 1038
f 991 992 1039
f 992 1040 1039
f 992 993 1040
f 993 1041 1040
f 993 994 1041
f 994 1042 1041
f 994 995 1042
f 995 1043 1042
f 995 996 1043
f 996 1044 1043
f 996 997 1044
f 997 1045 1044
f 997 998 1045
f 998 1046 1045
f 998 999 1046
f 999 1047 1046
f 999 1000 1047
f 1000 1048 1047
f 1000 1001 1048
f 1001 1049 1048
f 1001 1002 1049
f 1002 1050 1049
f 1002 1003 1050
f 1003 1051 1050
f 1003 1004 1051
f 1004 1052 1051
f 1004 1005 1052
f 1005 1053 1052
f 1005 1006 1053
f 1006 1054 1053
f 1006 1007 1054
f 1007 1055 1054
f 1007 1008 1055
f 1008 1056 1055
f 1008 961 1056
f 961 1009 1056
f 1009 1010 1057
f 1010 1058 1057
f 1010 1011 1058
f 1011 1059 1058
f 1011 1012 1059
f 1012 1060 1059
f 1012 1013 1060
f 1013 1061 1060
f 1013 1014 1061
f 1014 1062 1061
f 1014 1015 1062
f 1015 1063 1062
f 1015 1016 1063
f 1016 1064 1063
f 1016 1017 1064
f 1017 1065 1064
f 1017 1018 1065
f 1018 1066 1065
f 1018 1019 1066
f 1019 1067 1066
f 1019 1020 1067
f 1020 1068 1067
f 1020 1021 1068
f 1021 1069 1068
f 1021 1022 1069
f 1022 1070 1069
f 1022 1023 1070
f 1023 1071 1070
f 1023 1024 1071
f 1024 1072 1071
f 1024 1025 1072
f 1025 1073 1072
f 1025 1026 1073
f 1026 1074 1073
f 1026 1027 1074
f 1027 1075 1074
f 1027 1028 1075
f 1028 1076 1075
f 1028 1029 1076
f 1029 1077 1076
f 1029 1030 1077
f 1030 1078 1077
f 1030 1031 1078
f 1031 1079 1078
f 1031 1032 1079
f 1032 1080 1079
f 1032 1033 1080
f 1033 1081 1080
f 1033 1034 1081
f 1034 1082 1081
f 1034 1035 1082
f 1035 1083 1082
f 1035 1036 1083
f 1036 1084 1083
f 1036 1037 1084
f 1037 1085 1084
f 1037 1038 1085
f 1038 1086 1085
f 1038 1039 1086
f 1039 1087 1086
f 1039 1040 1087
f 1040 1088 1087
f 1040 1041 1088
f 1041 1089 1088
f 1041 1042 1089
f 1042 1090 1089
f 1042 1043 1090
f 1043 1091 1090
f 1043 1044 1091
f 1044 1092 1091
f 1044 1045 1092
f 1045 1093 1092
f 1045 1046 1093
f 1046 1094 1093
f 1046 1047 1094
f 1047 1095 1094
f 1047 1048 1095
f 1048 1096 1095
f 1048 1049 1096
f 1049 1097 1096
f 1049 1050 1097
f 1050 1098 1097
f 1050 1051 1098
f 1051 1099 1098
f 1051 1052 1099
f 1052 1100 1099
f 1052 1053 1100
f 1053 1101 1100
f 1053 1054 1101
f 1054 1102 1101
f 1054 1055 1102
f 1055 1103 1102
f 1055 1056 1103
f 1056 1104 1103
f 1056 1009 1104
f 1009 1057 1104
f 1057 1058 1105
f 1058 1106 1105
f 1058 1059 1106
f 1059 1107 1106
f 1059 1060 1107
f 1060 1108 1107
f 1060 1061 1108
f 1061 1109 1108
f 1061 1062 1109
f 1062 1110 1109
f 1062 1063 1110
f 1063 1111 1110
f 1063 1064 1111
f 1064 1112 1111
f 1064 1065 1112
f 1065 1113 1112
f 1065 1066 1113
f 1066 1114 1113
f 1066 1067 1114
f 1067 1115 1114
f 1067 1068 1115
f 1068 1116 1115
f 1068 1069 1116
f 1069 1117 1116
f 1069 1070 1117
f 1070 1118 1117
f 1070 1071 1118
f 1071 1119 1118
f 1071 1072 1119
f 1072 1120 1119
f 1072 1073 1120
f 1073 1121 1120
f 1073 1074 1121
f 1074 1122 1121
f 1074 1075 1122
f 1075 1123 1122
f 1075 1076 1123
f 1076 1124 1123
f 1076 1077 1124
f 1077 1125 1124
f 1077 1078 1125
f 1078 1126 1125
f 1078 1079 1126
f 1079 1127 1126
f 1079 1080 1127
f 1080 1128 1127
f 1080 1081 1128
f 1081 1129 1128
f 1081 1082 1129
f 1082 1130 1129
f 1082 1083 1130
f 1083 1131 1130
f 1083 1084 1131
f 1084 1132 1131
f 1084 1085 1132
f 1085 1133 1132
f 1085 1086 1133
f 1086 1134 1133
f 1086 1087 1134
f 1087 1135 1134
f 1087 1088 1135
f 1088 1136 1135
f 1088 1089 1136
f 1089 1137 1136
f 1089 1090 1137
f 1090 1138 1137
f 1090 1091 1138
f 1091 1139 1138
f 1091 1092 1139
f 1092 1140 1139
f 1092 1093 1140
f 1093 1141 1140
f 1093 1094 1141
f 1094 1142 1141
f 1094 1095 1142
f 1095 1143 1142
f 1095 1096 1143
f 1096 1144 1143
f 1096 1097 1144
f 1097 1145 1144
f 1097 1098 1145
f 1098 1146 1145
f 1098 1099 1146
f 1099 1147 1146
f 1099 1100 1147
f 1100 1148 1147
f 1100 1101 1148
f 1101 1149 1148
f 1101 1102 1149
f 1102 1150 1149
f 1102 1103 1150
f 1103 1151 1150
f 1103 1104 1151
f 1104 1152 1151
f 1104 1057 1152
f 1057 1105 1152
f 1105 1106 1153
f 1106 1154 1153
f 1106 1107 1154
f 1107 1155 1154
f 1107 1108 1155
f 1108 1156 1155
f 1108 1109 1156
f 1109 1157 1156
f 1109 1110 1157
f 1110 1158 1157
f 1110 1111 1158
f 1111 1159 1158
f 1111 1112 1159
f 1112 1160 1159
f 1112 1113 1160
f 1113 1161 1160
f 1113 1114 1161
f 1114 1162 1161
f 1114 1115 1162
f 1115 1163 1162
f 1115 1116 1163
f 1116 1164 1163
f 1116 1117 1164
f 1117 1165 1164
f 1117 1118 1165
f 1118 1166 1165
f 1118 1119 1166
f 1119 1167 1166
f 1119 1120 1167
f 1120 1168 1167
f 1120 1121 1168
f 1121 1169 1168
f 1121 1122 1169
f 1122 1170 1169
f 1122 1123 1170
f 1123 1171 1170
f 1123 1124 1171
f 1124 1172 1171
f 1124 1125 1172
f 1125 1173 1172
f 1125 1126 1173
f 1126 1174 1173
f 1126 1127 1174
f 1127 1175 1174
f 1127 1128 1175
f 1128 1176 1175
f 1128 1129 1176
f 1129 1177 1176
f 1129 1130 1177
f 1130 1178 1177
f 1130 1131 1178
f 1131 1179 1178
f 1131 1132 1179
f 1132 1180 1179
f 1132 1133 1180
f 1133 1181 1180
f 1133 1134 1181
f 1134 1182 1181
f 1134 1135 1182
f 1135 1183 1182
f 1135 1136 1183
f 1136 1184 1183
f 1136 1137 1184
f 1137 1185 1184
f 1137 1138 1185
f 1138 1186 1185
f 1138 1139 1186
f 1139 1187 1186
f 1139 1140 1187
f 1140 1188 1187
f 1140 1141 1188
f 1141 1189 1188
f 1141 1142 1189
f 1142 1190 1189
f 1142 1143 1190
f 1143 1191 1190
f 1143 1144 1191
f 1144 1192 1191
f 1144 1145 1192
f 1145 1193 1192
f 1145 1146 1193
f 1146 1194 1193
f 1146 1147 1194
f 1147 1195 1194
f 1147 1148 1195
f 1148 1196 1195
f 1148 1149 1196
f 1149 1197 1196
f 1149 1150 1197
f 1150 1198 1197
f 1150 1151 1198
f 1151 1199 1198
f 1151 1152 1199
f 1152 1200 1199
f 1152 1105 1200
f 1105 1153 1200
f 1153 1154 1201
f 1154 1202 1201
f 1154 1155 1202
f 1155 1203 1202
f 1155 1156 1203
f 1156 1204 1203
f 1156 1157 1204
f 1157 1205 1204
f 1157 1158 1205
f 1158 1206 1205
f 1158 1159 1206
f 1159 1207 1206
f 1159 1160 1207
f 1160 1208 1207
f 1160 1161 1208
f 1161 1209 1208
f 1161 1162 1209
f 1162 1210 1209
f 1162 1163 1210
f 1163 1211 1210
f 1163 1164 1211
f 1164 1212 1211
f 1164 1165 1212
f 1165 1213 1212
f 1165 1166 1213
f 1166 1214 1213
f 1166 1167 1214
f 1167 1215 1214
f 1167 1168 1215
f 1168 1216 1215
f 1168 1169 1216
f 1169 1217 1216
f 1169 1170 1217
f 1170 1218 1217
f 1170 1171 1218
f 1171 1219 1218
f 1171 1172 1219
f 1172 1220 1219
f 1172 1173 1220
f 1173 1221 1220
f 1173 1174 1221
f 1174 1222 1221
f 1174 1175 1222
f 1175 1223 1222
f 1175 1176 1223
f 1176 1224 1223
f 1176 1177 1224
f 1177 1225 1224
f 1177 1178 1225
f 1178 1226 1225
f 1178 1179 1226
f 1179 1227 1226
f 1179 1180 1227
f 1180 1228 1227
f 1180 1181 1228
f 1181 1229 1228
f 1181 1182 1229
f 1182 1230 1229
f 1182 1183 1230
f 1183 1231 1230
f 1183 1184 1231
f 1184 1232 1231
f 1184 1185 1232
f 1185 1233 1232
f 1185 1186 1233
f 1186 1234 1233
f 1186 1187 1234
f 1187 1235 1234
f 1187 1188 1235
f 1188 1236 1235
f 1188 1189 1236
f 1189 1237 1236
f 1189 1190 1237
f 1190 1238 1237
f 1190 1191 1238
f 1191 1239 1238
f 1191 1192 1239
f 1192 1240 1239
f 1192 1193 1240
f 1193 1241 1240
f 1193 1194 1241
f 1194 1242 1241
f 1194 1195 1242
f 1195 1243 1242
f 1195 1196 1243
f 1196 1244 1243
f 1196 1197 1244
f 1197 1245 1244
f 1197 1198 1245
f 1198 1246 1245
f 1198 1199 1246
f 1199 1247 1246
f 1199 1200 1247
f 1200 1248 1247
f 1200 1153 1248
f 1153 1201 1248
f 1201 1202 1249
f 1202 1250 1249
f 1202 1203 1250
f 1203 1251 1250
f 1203 1204 1251
f 1204 1252 1251
f 1204 1205 1252
f 1205 1253 1252
f 1205 1206 1253
f 1206 1254 1253
f 1206 1207 1254
f 1207 1255 1254
f 1207 1208 1255
f 1208 1256 1255
f 1208 1209 1256
f 1209 1257 1256
f 1209 1210 1257
f 1210 1258 1257
f 1210 1211 1258
f 1211 1259 1258
f 1211 1212 1259
f 1212 1260 1259
f 1212 1213 1260
f 1213 1261 1260
f 1213 1214 1261
f 1214 1262 1261
f 1214 1215 1262
f 1215 1263 1262
f 1215 1216 1263
f 1216 1264 1263
f 1216 1217 1264
f 1217 1265 1264
f 1217 1218 1265
f 1218 1266 1265
f 1218 1219 1266
f 1219 1267 1266
f 1219 1220 1267
f 1220 1268 1267
f 1220 1221 1268
f 1221 1269 1268
f 1221 1222 1269
f 1222 1270 1269
f 1222 1223 1270
f 1223 1271 1270
f 1223 1224 1271
f 1224 1272 1271
f 1224 1225 1272
f 1225 1273 1272
f 1225 1226 1273
f 1226 1274 1273
f 1226 1227 1274
f 1227 1275 1274
f 1227 1228 1275
f 1228 1276 1275
f 1228 1229 1276
f 1229 1277 1276
f 1229 1230 1277
f 1230 1278 1277
f 1230 1231 1278
f 1231 1279 1278
f 1231 1232 1279
f 1232 1280 1279
f 1232 1233 1280
f 1233 1281 1280
f 1233 1234 1281
f 1234 1282 1281
f 1234 1235 1282
f 1235 1283 1282
f 1235 1236 1283
f 1236 1284 1283
f 1236 1237 1284
f 1237 1285 1284
f 1237 1238 1285
f 1238 1286 1285
f 1238 1239 1286
f 1239 1287 1286
f 1239 1240 1287
f 1240 1288 1287
f 1240 1241 1288
f 1241 1289 1288
f 1241 1242 1289
f 1242 1290 1289
f 1242 1243 1290
f 1243 1291 1290
f 1243 1244 1291
f 1244 1292 1291
f 1244 1245 1292
f 1245 1293 1292
f 1245 1246 1293
f 1246 1294 1293
f 1246 1247 1294
f 1247 1295 1294
f 1247 1248 1295
f 1248 1296 1295
f 1248 1201 1296
f 1201 1249 1296
f 1249 1250 1297
f 1250 1298 1297
f 1250 1251 1298
f 1251 1299 1298
f 1251 1252 1299
f 1252 1300 1299
f 1252 1253 1300
f 1253 1301 1300
f 1253 1254 1301
f 1254 1302 1301
f 1254 1255 1302
f 1255 1303 1302
f 1255 1256 1303
f 1256 1304 1303
f 1256 1257 1304
f 1257 1305 1304
f 1257 1258 1305
f 1258 1306 1305
f 1258 1259 1306
f 1259 1307 1306
f 1259 1260 1307
f 1260 1308 1307
f 1260 1261 1308
f 1261 1309 1308
f 1261 1262 1309
f 1262 1310 1309
f 1262 1263 1310
f 1263 1311 1310
f 1263 1264 1311
f 1264 1312 1311
f 1264 1265 1312
f 1265 1313 1312
f 1265 1266 1313
f 1266 1314 1313
f 1266 1267 1314
f 1267 1315 1314
f 1267 1268 1315
f 1268 1316 1315
f 1268 1269 1316
f 1269 1317 1316
f 1269 1270 1317
f 1270 1318 1317
f 1270 1271 1318
f 1271 1319 1318
f 1271 1272 1319
f 1272 1320 1319
f 1272 1273 1320
f 1273 1321 1320
f 1273 1274 1321
f 1274 1322 1321
f 1274 1275 1322
f 1275 1323 1322
f 1275 1276 1323
f 1276 1324 1323
f 1276 1277 1324
f 1277 1325 1324
f 1277 1278 1325
f 1278 1326 1325
f 1278 1279 1326
f 1279 1327 1326
f 1279 1280 1327
f 1280 1328 1327
f 1280 1281 1328
f 1281 1329 1328
f 1281 1282 1329
f 1282 1330 1329
f 1282 1283 1330
f 1283 1331 1330
f 1283 1284 1331
f 1284 1332 1331
f 1284 1285 1332
f 1285 1333 1332
f 1285 1286 1333
f 1286 1334 1333
f 1286 1287 1334
f 1287 1335 1334
f 1287 1288 1335
f 1288 1336 1335
f 1288 1289 1336
f 1289 1337 1336
f 1289 1290 1337
f 1290 1338 1337
f 1290 1291 1338
f 1291 1339 1338
f 1291 1292 1339
f 1292 1340 1339
f 1292 1293 1340
f 1293 1341 1340
f 1293 1294 1341
f 1294 1342 1341
f 1294 1295 1342
f 1295 1343 1342
f 1295 1296 1343
f 1296 1344 1343
f 1296 1249 1344
f 1249 1297 1344
f 31 30 32
f 32 30 1345
f 32 1346 33
f 32 1345 1346
f 33 1346 34
f 34 1346 1347
f 34 1348 35
f 34 1347 1348
f 35 1348 36
f 36 1348 1349
f 36 1350 37
f 36 1349 1350
f 37 1350 38
f 38 1350 1351
f 38 1352 39
f 38 1351 1352
f 39 1352 40
f 40 1352 1353
f 40 1354 41
f 40 1353 1354
f 41 1354 42
f 42 1354 1355
f 42 44 43
f 42 1355 44
f 30 1356 1345
f 30 29 1356
f 1345 1356 1346
f 1346 1356 1357
f 1346 1358 1347
f 1346 1357 1358
f 1347 1358 1348
f 1348 1358 1359
f 1348 1360 1349
f 1348 1359 1360
f 1349 1360 1350
f 1350 1360 1361
f 1350 1362 1351
f 1350 1361 1362
f 1351 1362 1352
f 1352 1362 1363
f 1352 1364 1353
f 1352 1363 1364
f 1353 1364 1354
f 1354 1364 1365
f 1354 1366 1355
f 1354 1365 1366
f 1355 1366 44
f 44 1366 45
f 29 28 1356
f 1356 28 1367
f 1356 1368 1357
f 1356 1367 1368
f 1357 1368 1358
f 1358 1368 1369
f 1358 1370 1359
f 1358 1369 1370
f 1359 1370 1360
f 1360 1370 1371
f 1360 1372 1361
f 1360 1371 1372
f 1361 1372 1362
f 1362 1372 1373
f 1362 1374 1363
f 1362 1373 1374
f 1363 1374 1364
f 1364 1374 1375
f 1364 1376 1365
f 1364 1375 1376
f 1365 1376 1366
f 1366 1376 1377
f 1366 46 45
f 1366 1377 46
f 28 1378 1367
f 28 27 1378
f 1367 1378 1368
f 1368 1378 1379
f 1368 1380 1369
f 1368 1379 1380
f 1369 1380 1370
f 1370 1380 1381
f 1370 1382 1371
f 1370 1381 1382
f 1371 1382 1372
f 1372 1382 1383
f 1372 1384 1373
f 1372 1383 1384
f 1373 1384 1374
f 1374 1384 1385
f 1374 1386 1375
f 1374 1385 1386
f 1375 1386 1376
f 1376 1386 1387
f 1376 1388 1377
f 1376 1387 1388
f 1377 1388 46
f 46 1388 47
f 27 26 1378
f 1378 26 1389
f 1378 1390 1379
f 1378 1389 1390
f 1379 1390 1380
f 1380 1390 1391
f 1380 1392 1381
f 1380 1391 1392
f 1381 1392 1382
f 1382 1392 1393
f 1382 1394 1383
f 1382 1393 1394
f 1383 1394 1384
f 1384 1394 1395
f 1384 1396 1385
f 1384 1395 1396
f 1385 1396 1386
f 1386 1396 1397
f 1386 1398 1387
f 1386 1397 1398
f 1387 1398 1388
f 1388 1398 1399
f 1388 48 47
f 1388 1399 48
f 26 1400 1389
f 26 25 1400
f 1389 1400 1390
f 1390 1400 1401
f 1390 1402 1391
f 1390 1401 1402
f 1391 1402 1392
f 1392 1402 1403
f 1392 1404 1393
f 1392 1403 1404
f 1393 1404 1394
f 1394 1404 1405
f 1394 1406 1395
f 1394 1405 1406
f 1395 1406 1396
f 1396 1406 1407
f 1396 1408 1397
f 1396 1407 1408
f 1397 1408 1398
f 1398 1408 1409
f 1398 1410 1399
f 1398 1409 1410
f 1399 1410 48
f 48 1410 1
f 25 24 1400
f 1400 24 1411
f 1400 1412 1401
f 1400 1411 1412
f 1401 1412 1402
f 1402 1412 1413
f 1402 1414 1403
f 1402 1413 1414
f 1403 1414 1404
f 1404 1414 1415
f 1404 1416 1405
f 1404 1415 1416
f 1405 1416 1406
f 1406 1416 1417
f 1406 1418 1407
f 1406 1417 1418
f 1407 1418 1408
f 1408 1418 1419
f 1408 1420 1409
f 1408 1419 1420
f 1409 1420 1410
f 1410 1420 1421
f 1410 2 1
f 1410 1421 2
f 24 1422 1411
f 24 23 1422
f 1411 1422 1412
f 1412 1422 1423
f 1412 1424 1413
f 1412 1423 1424
f 1413 1424 1414
f 1414 1424 1425
f 1414 1426 1415
f 1414 1425 1426
f 1415 1426 1416
f 1416 1426 1427
f 1416 1428 1417
f 1416 1427 1428
f 1417 1428 1418
f 1418 1428 1429
f 1418 1430 1419
f 1418 1429 1430
f 1419 1430 1420
f 1420 1430 1431
f 1420 1432 1421
f 1420 1431 1432
f 1421 1432 2
f 2 1432 3
f 23 22 1422
f 1422 22 1433
f 1422 1434 1423
f 1422 1433 1434
f 1423 1434 1424
f 1424 1434 1435
f 1424 1436 1425
f 1424 1435 1436
f 1425 1436 1426
f 1426 1436 1437
f 1426 1438 1427
f 1426 1437 1438
f 1427 1438 1428
f 1428 1438 1439
f 1428 1440 1429
f 1428 1439 1440
f 1429 1440 1430
f 1430 1440 1441
f 1430 1442 1431
f 1430 1441 1442
f 1431 1442 1432
f 1432 1442 1443
f 1432 4 3
f 1432 1443 4
f 22 1444 1433
f 22 21 1444
f 1433 1444 1434
f 1434 1444 1445
f 1434 1446 1435
f 1434 1445 1446
f 1435 1446 1436
f 1436 1446 1447
f 1436 1448 1437
f 1436 1447 1448
f 1437 1448 1438
f 1438 1448 1449
f 1438 1450 1439
f 1438 1449 1450
f 1439 1450 1440
f 1440 1450 1451
f 1440 1452 1441
f 1440 1451 1452
f 1441 1452 1442
f 1442 1452 1453
f 1442 1454 1443
f 1442 1453 1454
f 1443 1454 4
f 4 1454 5
f 21 20 1444
f 1444 20 1455
f 1444 1456 1445
f 1444 1455 1456
f 1445 1456 1446
f 1446 1456 1457
f 1446 1458 1447
f 1446 1457 1458
f 1447 1458 1448
f 1448 1458 1459
f 1448 1460 1449
f 1448 1459 1460
f 1449 1460 1450
f 1450 1460 1461
f 1450 1462 1451
f 1450 1461 1462
f 1451 1462 1452
f 1452 1462 1463
f 1452 1464 1453
f 1452 1463 1464
f 1453 1464 1454
f 1454 1464 1465
f 1454 6 5
f 1454 1465 6
f 20 18 1455
f 20 19 18
f 1455 18 1456
f 1456 18 17
f 1456 16 1457
f 1456 17 16
f 1457 16 1458
f 1458 16 15
f 1458 14 1459
f 1458 15 14
f 1459 14 1460
f 1460 14 13
f 1460 12 1461
f 1460 13 12
f 1461 12 1462
f 1462 12 11
f 1462 10 1463
f 1462 11 10
f 1463 10 1464
f 1464 10 9
f 1464 8 1465
f 1464 9 8
f 1465 8 6
f 6 8 7
# grip center 0.0777835464 0.0142531033 0.601874018 active 1 orientation 1 0 0 0 patch_center 0
# ball 0 center 0.0873426122 0.0405028199 0.681047942 radius 0.07 appearance 0 orientation 0.154381078 0.51427535 -0.830844713 -0.146234093 angular_velocity -2.19486174 13.2295806 -0.878141994 linear_velocity 1.86411854 -0.075369339 0.800095964
# ball 1 center 0.268630892 0.0503315783 0.361972947 radius 0.065 appearance 1 orientation -0.250030776 0.0910771842 -0.938950279 0.218086981 angular_velocity 5.50533692 -5.84284273 -1.63345605 linear_velocity -1.59535619 -0.732674405 -2.90482484
# ball 2 center 0.285818072 0.183692756 0.322993503 radius 0.075 appearance 2 orientation 0.434436798 0.624247888 -0.587875125 -0.275648472 angular_velocity 4.4516631 8.92343962 -3.18156731 linear_velocity -0.968955816 -0.657151799 -2.34782528
# ball 3 center 0.287519976 0.0886189391 0.226906797 radius 0.06 appearance 1 orientation 0.747208107 -0.31613825 -0.369425233 0.453058109 angular_velocity -4.29733866 6.62725726 -2.64650196 linear_velocity -1.80508918 -0.189302577 -2.77406989
# ball 4 center 0.165069024 0.0282545681 0.154700334 radius 0.068 appearance 3 orientation 0.324497626 -0.49797808 -0.788673596 -0.157203949 angular_velocity 18.0646873 -14.4178937 -9.9996745 linear_velocity -2.81223127 -0.84056308 -2.06654974
# ball 5 center 0.258256462 -0.08736917 0.257612992 radius 0.072 appearance 0 orientation 0.666010369 -0.589503555 -0.456620333 0.0203376003 angular_velocity -3.83842477 15.8017979 0.135535551 linear_velocity -1.88511825 -0.369596518 -2.08743419
# ball 6 center 0.307502946 -0.0699512839 0.382097547 radius 0.063 appearance 2 orientation 0.179949939 -0.253489136 -0.884831869 -0.347035791 angular_velocity -4.44267552 5.31167104 7.94283033 linear_velocity -0.0308567683 -0.211778065 -2.85186852
# ball 7 center 0.360519258 0.00200296061 0.2820863 radius 0.066 appearance 3 orientation 0.545562619 -0.0566569469 -0.808656907 -0.212662703 angular_velocity 5.30178772 6.29805731 0.91579694 linear_velocity -1.65359403 -0.329302248 -3.19056634
# ball 8 center 0.190156152 -0.136387075 0.375103728 radius 0.072 appearance 0 orientation -0.143067325 0.529210765 0.727705364 0.412204573 angular_velocity 8.02255057 20.0719078 -3.34001799 linear_velocity 0.0466365406 -0.517743586 -1.08070477
# ball 9 center 0.0627553337 0.100327023 0.112728695 radius 0.064 appearance 1 orientation 0.206161304 -0.267103706 0.686979385 -0.64359339 angular_velocity 2.18279105 -0.216982462 -3.15108427 linear_velocity -1.2039457 -0.380996259 -5.23135025
# ball 10 center 0.198245446 0.132480891 0.07 radius 0.07 appearance 2 orientation -0.562024338 0.136926614 -0.760413839 -0.295212701 angular_velocity -7.30997839 -10.4171707 -3.57471308 linear_velocity -0.729228088 0.51171683 0
# ball 11 center 0.162706411 0.0097300393 0.288420252 radius 0.067 appearance 3 orientation 0.852195205 0.228282988 -0.294271545 -0.367497576 angular_velocity -15.8381986 19.6711596 3.96538462 linear_velocity -1.92417397 -0.306640694 -1.973853
