# Numi Solver explicit-yarn cloth bag reference
# static_bench min -0.75 -0.5 -0.08 max 0.75 0.5 0 floor -0.75
# vertices 1465 render_triangles 2880
v 0.412888037 -0.00956977802 0.724345678
v 0.441316274 0.0182281066 0.754486384
v 0.453967046 0.0597197656 0.765521966
v 0.430667968 0.0939776408 0.747335175
v 0.401634473 0.120719179 0.726402866
v 0.372236839 0.138276106 0.702451489
v 0.369703539 0.176423742 0.683498221
v 0.387507205 0.213217182 0.696483242
v 0.383851223 0.249498466 0.672547323
v 0.358767012 0.258351979 0.637605624
v 0.335997891 0.269118771 0.605451832
v 0.304566863 0.259147018 0.582533919
v 0.26853401 0.252151415 0.564400516
v 0.260037508 0.268479973 0.529222999
v 0.234341249 0.254403487 0.502584616
v 0.236734762 0.267094555 0.465279643
v 0.217310606 0.263090254 0.431635626
v 0.206265168 0.233846169 0.408218617
v 0.186379258 0.223341452 0.375397993
v 0.184080718 0.229083759 0.332857028
v 0.174419005 0.222810618 0.287538301
v 0.156449901 0.198330957 0.250275597
v 0.14139728 0.153904497 0.244249894
v 0.146583252 0.107097752 0.231355697
v 0.163579982 0.0644494966 0.254283345
v 0.172934913 0.0297759833 0.282662743
v 0.181836058 -0.00627431574 0.289192043
v 0.177709843 -0.0453115199 0.292669866
v 0.186834152 -0.0810402216 0.275279058
v 0.196348372 -0.111357714 0.299900341
v 0.223002894 -0.142928101 0.307443127
v 0.243755126 -0.170678907 0.327554528
v 0.260952216 -0.199172172 0.348814717
v 0.260248548 -0.217798373 0.38758705
v 0.281911497 -0.24422713 0.414174763
v 0.291500488 -0.238620758 0.455277617
v 0.311361705 -0.209640111 0.479271442
v 0.316985431 -0.20177752 0.520661719
v 0.351089937 -0.22247417 0.536773964
v 0.365148776 -0.228231063 0.576419261
v 0.40281239 -0.220370825 0.59505668
v 0.418330855 -0.202068934 0.63189123
v 0.422716346 -0.163408456 0.650212249
v 0.403157161 -0.125790884 0.65009584
v 0.372649006 -0.0995507327 0.665732393
v 0.359697731 -0.0616797733 0.656540145
v 0.361295398 -0.0267969904 0.664798616
v 0.385427249 -0.0030621542 0.684228277
v 0.409277757 -0.00533676666 0.730542279
v 0.436915155 0.0198512333 0.7605987
v 0.447187013 0.0614357331 0.770185772
v 0.420897902 0.0926383384 0.751127345
v 0.393083719 0.111082633 0.722179547
v 0.372594665 0.145146651 0.715945614
v 0.36074614 0.177988545 0.69339353
v 0.379968625 0.214855177 0.702681559
v 0.376249447 0.24856706 0.676926927
v 0.355105632 0.265510744 0.64322396
v 0.334429806 0.259807622 0.608062331
v 0.307382664 0.251099244 0.579924002
v 0.272409042 0.258901635 0.561893791
v 0.251575579 0.270685474 0.531114587
v 0.243119744 0.248686504 0.500320176
v 0.226154333 0.263729128 0.469327762
v 0.208051653 0.263818391 0.435938793
v 0.200408486 0.233653657 0.412623357
v 0.181305619 0.229036435 0.377115906
v 0.175293208 0.22792827 0.334377768
v 0.165723711 0.219969628 0.291178156
v 0.159529257 0.188765176 0.258934232
v 0.155254896 0.147618135 0.240031803
v 0.143847302 0.102378236 0.245041052
v 0.154886651 0.0565946351 0.256098894
v 0.164345885 0.0262598788 0.285458584
v 0.174175487 -0.00915454376 0.287397252
v 0.17914223 -0.0467885311 0.299390476
v 0.180969067 -0.0828104848 0.278362858
v 0.191505299 -0.117027058 0.297430654
v 0.223764774 -0.138403028 0.314558681
v 0.235869251 -0.171763893 0.33395672
v 0.255364473 -0.192985172 0.358938711
v 0.270892935 -0.210021504 0.392958771
v 0.269757906 -0.243276222 0.418763489
v 0.294996324 -0.22997243 0.449044347
v 0.30602423 -0.214464766 0.486000694
v 0.314201784 -0.207202126 0.526346168
v 0.350664094 -0.228219674 0.533356932
v 0.368004077 -0.225486607 0.571954696
v 0.400357495 -0.214560245 0.597323405
v 0.412072988 -0.207131034 0.638543713
v 0.412454062 -0.164815313 0.639751141
v 0.390642194 -0.130298064 0.642943792
v 0.373801523 -0.0959998339 0.655154365
v 0.356054173 -0.0635506767 0.664172996
v 0.364147621 -0.0301243097 0.673590205
v 0.381417796 -0.000437881674 0.692689831
v 0.400726404 0.00250266732 0.731989759
v 0.421465602 0.0224746442 0.764461907
v 0.430132928 0.0610821204 0.776981657
v 0.404908514 0.0835495377 0.750951842
v 0.38086984 0.113844312 0.735996159
v 0.375510062 0.151336751 0.733694183
v 0.357864171 0.178821953 0.711018596
v 0.366731051 0.219492158 0.708233315
v 0.363554893 0.248901709 0.679826366
v 0.342653469 0.262937273 0.646766742
v 0.323159321 0.254485474 0.612205804
v 0.297532497 0.245915478 0.58424283
v 0.27261525 0.249699145 0.555433247
v 0.243892113 0.26290088 0.535202142
v 0.231180922 0.247149761 0.503766069
v 0.214760571 0.26092284 0.473773101
v 0.19908404 0.260900823 0.440434494
v 0.193544735 0.232190018 0.414980417
v 0.180731286 0.236223656 0.376819036
v 0.16525876 0.228187534 0.339326957
v 0.155391988 0.210171174 0.303191659
v 0.163240099 0.175944049 0.281030994
v 0.16356388 0.137488278 0.264402202
v 0.157037812 0.0957040953 0.262237673
v 0.147995931 0.0547867366 0.268824166
v 0.156857826 0.0223160294 0.289159982
v 0.16749345 -0.0119001361 0.285420043
v 0.17292254 -0.0476225602 0.300579536
v 0.176642719 -0.0842402249 0.282377311
v 0.189205254 -0.120888051 0.291676628
v 0.213980853 -0.142042938 0.31706692
v 0.222149232 -0.174363953 0.338976578
v 0.241169285 -0.186886089 0.367808306
v 0.256418041 -0.200471192 0.400232983
v 0.259869263 -0.230512733 0.426574236
v 0.282952199 -0.234673912 0.458852712
v 0.308670639 -0.228470165 0.488719447
v 0.309846213 -0.218886692 0.527709113
v 0.345945585 -0.231513497 0.542455692
v 0.368847607 -0.235320455 0.57617515
v 0.388650005 -0.211701952 0.603305126
v 0.395217613 -0.203145634 0.643579522
v 0.399762245 -0.165124789 0.656183752
v 0.382813429 -0.131136717 0.65930186
v 0.364284658 -0.0993260905 0.661058326
v 0.354478003 -0.0667715576 0.673210673
v 0.367414862 -0.0347661236 0.683599613
v 0.373532104 -0.000683865971 0.699539609
v 0.387492045 0.00712117815 0.738185706
v 0.401235271 0.0286612385 0.767584656
v 0.408773035 0.0626840485 0.784242661
v 0.392511518 0.0919424154 0.764037167
v 0.366399017 0.11289819 0.745962877
v 0.359616978 0.145028798 0.731636101
v 0.354716862 0.182374301 0.72755573
v 0.353312091 0.212691495 0.701287894
v 0.349036967 0.248852815 0.686165917
v 0.329104383 0.257171715 0.652981742
v 0.30969219 0.251324491 0.619303916
v 0.285628856 0.245329018 0.591341306
v 0.263806531 0.244272288 0.562319684
v 0.238404813 0.253556472 0.538465388
v 0.221261796 0.247352214 0.507452287
v 0.206077963 0.257036437 0.476780313
v 0.191239352 0.261289219 0.444214672
v 0.186763203 0.233776345 0.417963367
v 0.174006356 0.231432036 0.380818065
v 0.158665325 0.217400468 0.347639349
v 0.146580322 0.194357072 0.318383958
v 0.140404994 0.163458017 0.296152575
v 0.138660546 0.129264951 0.279288811
v 0.140788271 0.0916327403 0.277790705
v 0.144740703 0.0546860328 0.281297363
v 0.149686152 0.0195000001 0.289494204
v 0.161138876 -0.0141387735 0.285592401
v 0.166191703 -0.0480015329 0.301439017
v 0.175692916 -0.0847231962 0.291365398
v 0.183311838 -0.1212949 0.300932718
v 0.20374753 -0.144782938 0.325307223
v 0.210737651 -0.173268033 0.350566144
v 0.226374093 -0.192020767 0.376293969
v 0.242024687 -0.193785557 0.408718809
v 0.259728939 -0.215271794 0.434850097
v 0.27019988 -0.230523525 0.46820878
v 0.29601317 -0.23349366 0.496247606
v 0.305574806 -0.232053327 0.533292782
v 0.338342793 -0.221981229 0.551246996
v 0.355534285 -0.23203181 0.584582909
v 0.374008386 -0.213269109 0.613261158
v 0.376732116 -0.199188294 0.649754989
v 0.383492061 -0.166998171 0.667903713
v 0.376339405 -0.13276394 0.674021812
v 0.358249475 -0.102569278 0.668879133
v 0.355570615 -0.0693706243 0.683190498
v 0.363837244 -0.0356607978 0.694782556
v 0.366099642 -0.00103619419 0.707632027
v 0.373776024 0.0108607975 0.742923462
v 0.382353717 0.0333770284 0.769977149
v 0.390101971 0.0639206677 0.787704584
v 0.382137806 0.0961752632 0.773719357
v 0.363660658 0.120187147 0.755081337
v 0.349264481 0.146120874 0.737138359
v 0.344811769 0.17845329 0.720857542
v 0.344811821 0.215796424 0.711605422
v 0.335532686 0.243505433 0.6872425
v 0.315088362 0.252664074 0.656374286
v 0.297461377 0.24455045 0.623643576
v 0.273823296 0.245212495 0.596423935
v 0.254676153 0.245805685 0.567109402
v 0.231443845 0.250845277 0.541247547
v 0.216254961 0.251080071 0.50954239
v 0.200742959 0.259847816 0.479252093
v 0.187606828 0.256555672 0.446286619
v 0.181463 0.230230713 0.420466352
v 0.173724676 0.222343751 0.384164217
v 0.153085845 0.20678769 0.356681773
v 0.14571525 0.178485047 0.332325799
v 0.129040005 0.150923665 0.314463922
v 0.124427871 0.12132464 0.296138675
v 0.132887006 0.0873877577 0.29144979
v 0.140990619 0.0527065764 0.28888709
v 0.142893007 0.017088671 0.287532156
v 0.154852295 -0.0167755106 0.286989372
v 0.159588651 -0.049931317 0.301598808
v 0.175198219 -0.0838574803 0.30146472
v 0.176574051 -0.119884024 0.310854523
v 0.193731368 -0.144612076 0.333694201
v 0.198480002 -0.172563355 0.357684569
v 0.21404273 -0.190086292 0.383130616
v 0.229797197 -0.195905081 0.4136532
v 0.25308255 -0.206322217 0.440381338
v 0.266594278 -0.219733119 0.472238944
v 0.290889878 -0.222977236 0.499977948
v 0.301287127 -0.219883664 0.535240125
v 0.327561583 -0.221070778 0.56102194
v 0.343076857 -0.228692651 0.593563535
v 0.360771085 -0.212941735 0.621777312
v 0.362567319 -0.194726748 0.653692481
v 0.373813597 -0.161602883 0.658986659
v 0.367646311 -0.135718727 0.680678788
v 0.350904099 -0.104267055 0.673944106
v 0.35335399 -0.0721883811 0.692851662
v 0.353316085 -0.0354379303 0.69743383
v 0.357065322 -0.0020428414 0.713027374
v 0.37077169 0.0205419837 0.74091116
v 0.371639244 0.0382779533 0.771494111
v 0.38059269 0.0662352118 0.790685997
v 0.378341088 0.0997251076 0.780163204
v 0.366301507 0.126777148 0.761158024
v 0.344401173 0.149047952 0.745099361
v 0.342252757 0.181461743 0.728766275
v 0.338066161 0.217045349 0.716898187
v 0.327388519 0.242906995 0.691826204
v 0.306503372 0.250983572 0.66138486
v 0.288527574 0.244981714 0.628669088
v 0.269637621 0.253179646 0.599808357
v 0.250099835 0.250608823 0.571488249
v 0.230786676 0.257665118 0.542675285
v 0.217802747 0.259502891 0.509443942
v 0.205482044 0.267325204 0.4766611
v 0.19213999 0.250675977 0.447543355
v 0.175286493 0.230477767 0.421738325
v 0.168573667 0.217687016 0.387436829
v 0.147221904 0.20100774 0.361819921
v 0.13781652 0.173084011 0.338434056
v 0.120288522 0.146578171 0.321224078
v 0.12748541 0.117200998 0.305296723
v 0.125488886 0.0864349499 0.287805757
v 0.132643124 0.0505896154 0.29180137
v 0.132708218 0.014358718 0.286065408
v 0.146235442 -0.0196184712 0.288416207
v 0.152997378 -0.0532744777 0.30094667
v 0.170223357 -0.0844835647 0.308932136
v 0.171095605 -0.11950046 0.319305723
v 0.186628522 -0.144960107 0.34069737
v 0.191656277 -0.171036201 0.365049921
v 0.207517275 -0.187845014 0.390447669
v 0.223307167 -0.197615953 0.420174754
v 0.249052749 -0.213999418 0.441933737
v 0.263017494 -0.227159787 0.474179399
v 0.284688086 -0.224211505 0.504333959
v 0.298104656 -0.225766228 0.538969473
v 0.320404654 -0.218662915 0.566756033
v 0.334679883 -0.225997612 0.598751886
v 0.353153638 -0.212861792 0.626360559
v 0.355785855 -0.19063022 0.653995535
v 0.37520914 -0.164747728 0.666726274
v 0.375489459 -0.135167521 0.685047476
v 0.3569586 -0.103261775 0.680949867
v 0.348582104 -0.0722066812 0.701177428
v 0.345044278 -0.0348286784 0.701217745
v 0.351136673 -0.00201004392 0.71918791
v 0.364969293 0.0264450976 0.739087017
v 0.36287506 0.0398782078 0.771373622
v 0.371746807 0.0674894045 0.791388512
v 0.372713328 0.103498767 0.78879061
v 0.363652809 0.134244038 0.771858925
v 0.339740188 0.155848766 0.754983651
v 0.342409289 0.187713197 0.736895294
v 0.331052007 0.219591974 0.720926376
v 0.319441353 0.242708449 0.693756682
v 0.29859996 0.250434467 0.663244957
v 0.281011588 0.247672629 0.630116938
v 0.265612857 0.260084021 0.600974465
v 0.247280106 0.258419796 0.571429002
v 0.221275039 0.257821838 0.54548849
v 0.212726594 0.270310516 0.511420971
v 0.194330971 0.270349322 0.479243357
v 0.185442963 0.246977951 0.451848597
v 0.169251192 0.228718685 0.424311789
v 0.161561058 0.218283973 0.389785105
v 0.141120541 0.19924799 0.365820384
v 0.131723507 0.172092199 0.342613036
v 0.122671138 0.141359544 0.327088298
v 0.125869044 0.110681194 0.311581729
v 0.115517545 0.0835545975 0.289058954
v 0.122703257 0.0469266593 0.297091859
v 0.121388457 0.0110409075 0.285722349
v 0.137173683 -0.0230112198 0.289389765
v 0.146348531 -0.0552705223 0.305608823
v 0.164961546 -0.084471604 0.316672138
v 0.163334075 -0.119603574 0.324564335
v 0.178283405 -0.148059026 0.340669945
v 0.189311911 -0.163257943 0.370892239
v 0.214082694 -0.178929171 0.389928744
v 0.227708935 -0.187590743 0.422185497
v 0.24251462 -0.210085229 0.449467313
v 0.255195817 -0.230949676 0.478843051
v 0.28197476 -0.231846874 0.505908642
v 0.297212182 -0.232559925 0.540891547
v 0.315215254 -0.222811106 0.5711606
v 0.328529835 -0.224771912 0.603796431
v 0.349028038 -0.21623264 0.631509393
v 0.358453196 -0.19730373 0.660051189
v 0.366459587 -0.165646821 0.674119707
v 0.368691365 -0.135760348 0.693863672
v 0.349031679 -0.105055445 0.685807646
v 0.352188542 -0.074327169 0.708221568
v 0.351371899 -0.0366687402 0.705095767
v 0.348679726 -0.0045729153 0.726044669
v 0.35744353 0.0289849946 0.740721301
v 0.355262278 0.0438061544 0.772316182
v 0.36318472 0.0708110451 0.794945407
v 0.368628022 0.107880575 0.799433213
v 0.361052303 0.141040859 0.783425381
v 0.334950652 0.160793028 0.764944077
v 0.339851512 0.191856312 0.744704477
v 0.32313891 0.217284787 0.723271896
v 0.311784337 0.241956167 0.697915377
v 0.291781744 0.250475064 0.667726385
v 0.275172038 0.250749354 0.634883742
v 0.259002268 0.262982051 0.606034483
v 0.239418863 0.261239079 0.576339062
v 0.212571809 0.262928453 0.549362124
v 0.205181171 0.278309817 0.514803929
v 0.185129948 0.272732461 0.482870881
v 0.179424613 0.251289112 0.451734143
v 0.163343951 0.232660352 0.423791966
v 0.15374883 0.219231625 0.391207382
v 0.136793427 0.195168697 0.370026179
v 0.130913213 0.166687157 0.3482979
v 0.113220363 0.141573583 0.330131603
v 0.115021963 0.112092909 0.310179581
v 0.105038521 0.080974683 0.291681394
v 0.113116046 0.044216839 0.301188491
v 0.111888493 0.00855047426 0.286984247
v 0.129335916 -0.0255749693 0.292073515
v 0.139221616 -0.0579712763 0.309638044
v 0.157707092 -0.0861993593 0.322414758
v 0.156279279 -0.121087517 0.329914989
v 0.1741565 -0.145836235 0.34889173
v 0.182607234 -0.173135894 0.37077965
v 0.204646207 -0.17911923 0.398674414
v 0.220519292 -0.186644893 0.431029905
v 0.235045608 -0.215572168 0.451531707
v 0.249252391 -0.22975316 0.484284307
v 0.277807388 -0.236962655 0.509144183
v 0.292020382 -0.235171873 0.545110574
v 0.313971323 -0.229696015 0.573814825
v 0.322354079 -0.225006127 0.607568812
v 0.342597584 -0.21674623 0.636389844
v 0.349453097 -0.197304047 0.666691711
v 0.36758253 -0.171375003 0.685469358
v 0.360087603 -0.1383474 0.70010935
v 0.34347328 -0.105847859 0.691817917
v 0.345624031 -0.0736162083 0.711530897
v 0.345028588 -0.0358428919 0.709153182
v 0.350898949 -0.00671869284 0.733171639
v 0.349046576 0.0280664741 0.742221262
v 0.345547481 0.0448044925 0.77332074
v 0.354217348 0.0761943246 0.791268272
v 0.360096777 0.111258845 0.807664881
v 0.356803543 0.147040102 0.793414734
v 0.330183052 0.166035939 0.77270741
v 0.334203906 0.19640608 0.749591554
v 0.314361091 0.214554717 0.72385863
v 0.306272009 0.235577617 0.694920078
v 0.284009688 0.249772418 0.669611899
v 0.271702783 0.259177844 0.636731929
v 0.248990601 0.259965862 0.608969483
v 0.232960197 0.270073607 0.577695419
v 0.20371718 0.267712088 0.552222187
v 0.19725684 0.283312625 0.516925116
v 0.177505815 0.271617957 0.485526824
v 0.174479413 0.247521564 0.454716449
v 0.156091378 0.234177329 0.424696391
v 0.146433598 0.220838835 0.39268743
v 0.130362206 0.195147284 0.372845079
v 0.124757955 0.163973577 0.354798275
v 0.110864622 0.133956437 0.339276993
v 0.108549944 0.104509822 0.317215626
v 0.0951652081 0.0782159739 0.293582121
v 0.104421246 0.0415328197 0.302492645
v 0.103926565 0.00556043162 0.288414296
v 0.122455294 -0.0280284468 0.296292841
v 0.131900202 -0.0623687042 0.31093382
v 0.151286281 -0.0868118489 0.328370825
v 0.148227293 -0.122288557 0.333244111
v 0.165348955 -0.151805581 0.347267587
v 0.171467335 -0.171780472 0.378156908
v 0.196229512 -0.171886899 0.40601899
v 0.21233443 -0.184711636 0.437417098
v 0.228713611 -0.213301792 0.456519169
v 0.247559367 -0.223247236 0.488292097
v 0.272080876 -0.23828392 0.513715501
v 0.286354756 -0.233803798 0.549131524
v 0.308508213 -0.231524442 0.577776566
v 0.317518211 -0.219779273 0.609914774
v 0.335618851 -0.218014084 0.642694544
v 0.346263561 -0.203387466 0.676548661
v 0.361687618 -0.174468688 0.695774866
v 0.356711867 -0.13917797 0.709037587
v 0.339838797 -0.10731835 0.698174404
v 0.338767688 -0.0741422759 0.715617421
v 0.341162502 -0.0367738998 0.716054328
v 0.347334492 -0.00838345218 0.739789981
v 0.33905187 0.0278468565 0.744978871
v 0.336779976 0.0523037536 0.771888516
v 0.349379733 0.0853506192 0.786080835
v 0.35134274 0.113159343 0.814315736
v 0.352514241 0.150447761 0.802265595
v 0.326398501 0.170194414 0.780068021
v 0.329164468 0.20069294 0.755500937
v 0.309046876 0.218875811 0.730080805
v 0.300334429 0.237909137 0.70044864
v 0.277054523 0.249483607 0.674460165
v 0.263087641 0.262655832 0.643015091
v 0.238353446 0.259670566 0.61569733
v 0.224600503 0.274110916 0.583999322
v 0.197823127 0.273641459 0.555838983
v 0.190388356 0.286137481 0.519518339
v 0.171613679 0.269608425 0.489244626
v 0.168295041 0.250872129 0.454574252
v 0.151154957 0.230294366 0.42800756
v 0.147582431 0.214918001 0.395968733
v 0.126202258 0.190953381 0.377782239
v 0.115961894 0.168119134 0.349558709
v 0.0980017663 0.135857387 0.340935039
v 0.0973242249 0.107755466 0.315618219
v 0.0861228264 0.0774033454 0.29547497
v 0.0969606552 0.0405099243 0.298365877
v 0.0970189244 0.00252730051 0.292692834
v 0.115519287 -0.0306588818 0.300490359
v 0.125288217 -0.0640910033 0.315818498
v 0.14506686 -0.0875319653 0.334260011
v 0.143835284 -0.1233543 0.34172038
v 0.1563736 -0.158923472 0.350138337
v 0.172213932 -0.184668232 0.374450756
v 0.195010916 -0.184025195 0.405324009
v 0.204974645 -0.187543036 0.442307224
v 0.231823966 -0.206785585 0.46090108
v 0.242073595 -0.22125875 0.494571603
v 0.266125158 -0.238081762 0.518302824
v 0.28030566 -0.234562879 0.552949944
v 0.301747345 -0.229372587 0.581634322
v 0.310123462 -0.217416259 0.614721481
v 0.327673295 -0.21873496 0.649266223
v 0.339434974 -0.206309961 0.684908072
v 0.357059112 -0.177558507 0.704525114
v 0.3525084 -0.140340111 0.715849451
v 0.335896671 -0.107642234 0.704865357
v 0.330248236 -0.0725332134 0.715685298
v 0.337220641 -0.0370001409 0.722830716
v 0.342053512 -0.00869680122 0.745899642
v 0.327313072 0.0263923647 0.748360977
v 0.3295341 0.060052477 0.765118104
v 0.340821575 0.0917236525 0.783962201
v 0.342060645 0.113680038 0.816736306
v 0.345006048 0.151809781 0.807429352
v 0.320775061 0.174571544 0.785594296
v 0.32184433 0.204001971 0.759286792
v 0.301875729 0.22175512 0.733810272
v 0.293352214 0.240415189 0.703750681
v 0.26778654 0.248549173 0.677056827
v 0.253255855 0.26860495 0.647974029
v 0.227152875 0.26364282 0.620437586
v 0.215656099 0.277887897 0.5868329
v 0.190217349 0.273015406 0.558175037
v 0.183171299 0.283705155 0.521508294
v 0.168013618 0.263452988 0.491823893
v 0.161446261 0.249839143 0.455748796
v 0.150896313 0.224077231 0.430804686
v 0.148450221 0.20822422 0.398652131
v 0.124452025 0.183391439 0.382444873
v 0.104704649 0.170879993 0.350659242
v 0.0870596975 0.139050084 0.336144359
v 0.0893370138 0.110399025 0.309745358
v 0.0799148137 0.074153065 0.300315156
v 0.089625366 0.038066372 0.293283144
v 0.0928897748 0.000874462028 0.300720778
v 0.108397556 -0.0336250815 0.303744449
v 0.117973499 -0.0655281199 0.320598599
v 0.137492444 -0.0886847874 0.340464571
v 0.139947461 -0.124440503 0.351726125
v 0.146411264 -0.163774817 0.35403209
v 0.162625221 -0.189748173 0.379223418
v 0.186293362 -0.185466113 0.410539937
v 0.204385304 -0.179443769 0.445263025
v 0.230438034 -0.198843374 0.465173607
v 0.242803701 -0.213004469 0.497737519
v 0.263055893 -0.232609382 0.522097024
v 0.274766586 -0.239651132 0.55674165
v 0.2927401 -0.226779466 0.585974848
v 0.301566204 -0.217454042 0.620964004
v 0.320088974 -0.217912319 0.655598537
v 0.333675972 -0.208014754 0.691850662
v 0.351992722 -0.178587464 0.710997919
v 0.349470431 -0.140409978 0.722799662
v 0.331547837 -0.107789613 0.711786945
v 0.323007585 -0.0730540795 0.719860143
v 0.331631294 -0.0381172505 0.727732092
v 0.335108866 -0.0101175728 0.752013573
v 0.336275797 0.0272089438 0.757728346
v 0.320357737 0.0593287009 0.77273173
v 0.3324799 0.0928229962 0.788427113
v 0.33390868 0.114404302 0.820909828
v 0.33723166 0.152546533 0.812897597
v 0.317922315 0.179892576 0.792402233
v 0.316138049 0.207253098 0.764787003
v 0.29522714 0.222625142 0.738834312
v 0.286433942 0.24262535 0.708863127
v 0.258344688 0.246788007 0.68160201
v 0.244157654 0.272655968 0.655077467
v 0.217888537 0.265353516 0.626760679
v 0.209580506 0.2813889 0.59184628
v 0.186141649 0.279531379 0.561206422
v 0.175326797 0.280474022 0.524284202
v 0.167981472 0.256468824 0.495384642
v 0.158492007 0.245069672 0.460131193
v 0.154977934 0.218350672 0.434677767
v 0.140644339 0.206773793 0.402889676
v 0.115961158 0.180833769 0.386848699
v 0.0945860518 0.172606567 0.353446428
v 0.0774964849 0.141980815 0.334111577
v 0.0807572752 0.111220279 0.308603631
v 0.0729691335 0.0727014395 0.305527958
v 0.0837024073 0.0367736849 0.301080155
v 0.0871766753 -3.23639023e-05 0.307707458
v 0.102792191 -0.0340243627 0.310131022
v 0.108910218 -0.06741332 0.325356314
v 0.127755243 -0.0920878865 0.345744747
v 0.13313542 -0.127300401 0.360134429
v 0.138408942 -0.167171138 0.359668936
v 0.156104469 -0.191415375 0.38618377
v 0.186042349 -0.194133531 0.412788589
v 0.19787586 -0.183363243 0.449684592
v 0.22374706 -0.202848231 0.470032038
v 0.236925982 -0.211848275 0.503385919
v 0.263568154 -0.225986894 0.525840493
v 0.265384546 -0.239765421 0.560883922
v 0.28512989 -0.233425816 0.592457178
v 0.293284491 -0.219916615 0.627310492
v 0.314164761 -0.213465791 0.659786152
v 0.327869037 -0.208532525 0.696896462
v 0.345493473 -0.178074078 0.715166295
v 0.345622084 -0.140551839 0.729604718
v 0.32882107 -0.107276761 0.719192341
v 0.317840013 -0.0731698781 0.725433892
v 0.331994413 -0.0399733809 0.735457436
v 0.32844414 -0.0107071952 0.760444194
v 0.339620805 0.0282534744 0.769090459
v 0.313049876 0.056370908 0.779151317
v 0.330182747 0.088096309 0.79550802
v 0.324097862 0.11497818 0.82269383
v 0.327201412 0.151818384 0.812079005
v 0.313326366 0.184761385 0.798178522
v 0.307733599 0.206381902 0.767256874
v 0.290257343 0.229099028 0.743824443
v 0.277435794 0.245648993 0.712154877
v 0.248268848 0.245916552 0.684230261
v 0.234982594 0.274936262 0.659388143
v 0.20934777 0.267222324 0.629465357
v 0.205829074 0.274520234 0.589955912
v 0.177623729 0.277057011 0.563329806
v 0.179091745 0.272097303 0.525865807
v 0.162209951 0.252507033 0.498308424
v 0.160156236 0.237829745 0.463429951
v 0.145976029 0.214645732 0.437697006
v 0.131699856 0.212136243 0.402872326
v 0.107374459 0.184220388 0.3888351
v 0.086405227 0.171711566 0.356245388
v 0.0744579978 0.136709556 0.339793446
v 0.0729436182 0.108779027 0.310082751
v 0.0674459568 0.0693979867 0.312023868
v 0.0755019979 0.033728249 0.304730708
v 0.0807256989 -0.00238846984 0.312689683
v 0.0942129655 -0.0376767988 0.310351579
v 0.0985196109 -0.0694080834 0.331039798
v 0.118750763 -0.0997697804 0.342389884
v 0.125515533 -0.129247034 0.366799938
v 0.131877319 -0.168628074 0.365577139
v 0.149660338 -0.192490806 0.392158862
v 0.180175386 -0.198811122 0.417485067
v 0.191446014 -0.187152453 0.454310048
v 0.223817491 -0.194804598 0.472561742
v 0.235274926 -0.204831917 0.506244087
v 0.261916133 -0.218955352 0.530679569
v 0.255629424 -0.235898656 0.56531882
v 0.275436381 -0.236020827 0.599031648
v 0.285689631 -0.219805065 0.632915944
v 0.308076915 -0.21165103 0.664003038
v 0.320917124 -0.206232748 0.700847664
v 0.338049964 -0.175581409 0.718268595
v 0.341633543 -0.140628011 0.736379918
v 0.329895777 -0.105744251 0.726565221
v 0.313129931 -0.073682819 0.731720512
v 0.333055131 -0.0431642779 0.743908415
v 0.335875351 -0.0115891862 0.768640252
v 0.330887526 0.0258926418 0.765727847
v 0.31096401 0.0543903878 0.78727534
v 0.329711536 0.085750728 0.804328582
v 0.313608973 0.115899543 0.821900075
v 0.320212666 0.149341731 0.805683292
v 0.30564875 0.184166753 0.801863961
v 0.29858998 0.203235131 0.769817854
v 0.281631492 0.23106961 0.750593532
v 0.268489283 0.245813933 0.717372057
v 0.240467253 0.243511878 0.688242151
v 0.227978389 0.273200907 0.663648153
v 0.203087019 0.271866579 0.631606696
v 0.202143177 0.266975384 0.591090656
v 0.173281293 0.269089488 0.565101252
v 0.180027562 0.26405699 0.528862101
v 0.157292624 0.248524115 0.50250547
v 0.159437449 0.22984563 0.468918566
v 0.138083156 0.209357426 0.444382022
v 0.123295153 0.209987032 0.408647514
v 0.108292369 0.177049288 0.392726136
v 0.0859989804 0.165581985 0.361102298
v 0.0756211464 0.13022571 0.344916219
v 0.0650775964 0.107038454 0.313213789
v 0.0610652916 0.0679211452 0.317939699
v 0.0733919618 0.0334861075 0.3129636
v 0.0755649287 -0.00361294865 0.319211374
v 0.0845558833 -0.0410882546 0.311557392
v 0.0891844176 -0.0767678901 0.32770364
v 0.110233006 -0.107175475 0.341161483
v 0.118286816 -0.130236715 0.371905163
v 0.12782593 -0.168498638 0.373468497
v 0.144191482 -0.192428377 0.400088264
v 0.174355735 -0.201528999 0.424019899
v 0.187423001 -0.191997653 0.459909432
v 0.220731403 -0.188857209 0.477099828
v 0.236505371 -0.197497827 0.510031792
v 0.26280073 -0.211582597 0.536705815
v 0.248169996 -0.229379149 0.569978977
v 0.266897366 -0.238667148 0.604080722
v 0.27923408 -0.220617788 0.637531794
v 0.301264828 -0.211145163 0.668779802
v 0.312687468 -0.202898634 0.704794462
v 0.330621533 -0.173943478 0.722844973
v 0.336583081 -0.141338273 0.742215757
v 0.328906941 -0.105191285 0.734995622
v 0.309148133 -0.0740593269 0.740166909
v 0.330807211 -0.0440944152 0.753317766
v 0.336231019 -0.0121652045 0.778621065
v 0.322935725 0.0263095538 0.763847669
v 0.310297924 0.0504773946 0.794835623
v 0.325603168 0.0836630251 0.81264657
v 0.304854513 0.115025347 0.817256886
v 0.312321901 0.148312127 0.801948856
v 0.29747098 0.183646164 0.805117214
v 0.294232748 0.210346309 0.777233893
v 0.270474023 0.229923168 0.753431759
v 0.265308795 0.237183642 0.715307754
v 0.234429742 0.24715396 0.692086019
v 0.229553857 0.267451533 0.65771463
v 0.199076076 0.264167684 0.631644417
v 0.196780122 0.260117541 0.591388932
v 0.168711851 0.261972203 0.565401948
v 0.172871204 0.267369423 0.528964549
v 0.14942159 0.250686864 0.50283577
v 0.152220941 0.224485211 0.47311295
v 0.1308377 0.201582302 0.448481043
v 0.116486081 0.204743109 0.411847984
v 0.112977011 0.170860789 0.391771659
v 0.0876486256 0.157211945 0.364446323
v 0.0783919006 0.12195515 0.348700011
v 0.0597007484 0.1033275 0.318940688
v 0.0557912659 0.0652208071 0.323661325
v 0.0701804561 0.0313544157 0.320350301
v 0.0686533838 -0.00689264271 0.324019497
v 0.0750045109 -0.0450211247 0.311463475
v 0.0796404119 -0.0819934373 0.326864238
v 0.101986577 -0.11093915 0.343710302
v 0.111654396 -0.131110367 0.376922075
v 0.121351208 -0.16873232 0.38121474
v 0.137608448 -0.191143672 0.408193427
v 0.16751965 -0.202946631 0.429391539
v 0.183535858 -0.198175627 0.463830139
v 0.213994656 -0.186189273 0.482612909
v 0.236184606 -0.188841379 0.513733242
v 0.260460963 -0.20451563 0.542431628
v 0.242564054 -0.223482208 0.574125596
v 0.259706215 -0.237650363 0.607994269
v 0.273190107 -0.220424328 0.642604011
v 0.294330067 -0.206042936 0.672821073
v 0.304027265 -0.199429409 0.70889683
v 0.323178221 -0.171629001 0.726244956
v 0.331308083 -0.141990062 0.748502288
v 0.329899577 -0.10420216 0.745111665
v 0.305819038 -0.0751576829 0.750055676
v 0.322715407 -0.0395371098 0.753425683
v 0.328552353 -0.0101047582 0.781190021
v 0.314758707 0.0247666234 0.767546663
v 0.302027483 0.0539155631 0.793005593
v 0.320307003 0.0870329202 0.806183731
v 0.296424505 0.11392612 0.816191693
v 0.306889909 0.149081903 0.807866408
v 0.290732313 0.18508582 0.811253164
v 0.286879691 0.214422876 0.784387
v 0.261252757 0.229932948 0.758210872
v 0.258173502 0.237044577 0.719310113
v 0.227799099 0.249339936 0.697477064
v 0.224432613 0.258854396 0.659351403
v 0.195104649 0.255712427 0.633270315
v 0.189359327 0.257719116 0.594335732
v 0.165279658 0.254800035 0.565495483
v 0.16583158 0.270609573 0.531600847
v 0.149294974 0.242799168 0.508313921
v 0.147965922 0.231966598 0.468862808
v 0.122841771 0.204760199 0.45292501
v 0.109905872 0.201218781 0.41495046
v 0.111742253 0.165006796 0.398601918
v 0.0899837651 0.148632342 0.370764732
v 0.0707714652 0.119002317 0.354588279
v 0.0535467163 0.102372845 0.324306709
v 0.0531251723 0.0651346299 0.331729869
v 0.0640012844 0.0296621741 0.327031872
v 0.0609341427 -0.00929652222 0.328678998
v 0.0667725124 -0.0474347006 0.314651604
v 0.0738299548 -0.0829979852 0.333261656
v 0.0953713327 -0.115080531 0.345850565
v 0.10405521 -0.132897942 0.381545155
v 0.11582584 -0.168580067 0.390426315
v 0.132507999 -0.189892265 0.416841125
v 0.162297979 -0.204430254 0.435445691
v 0.184138542 -0.206746401 0.466692672
v 0.207978294 -0.188838157 0.490668106
v 0.232468454 -0.18290415 0.52040286
v 0.258164215 -0.198379194 0.547689158
v 0.23850064 -0.217699433 0.577761516
v 0.253682159 -0.233760279 0.611812944
v 0.266377167 -0.21944357 0.648208591
v 0.286508743 -0.202317857 0.677451276
v 0.295936589 -0.197082212 0.71310375
v 0.316331015 -0.170046482 0.730216371
v 0.325858067 -0.142743603 0.755984088
v 0.328800662 -0.104098298 0.75625628
v 0.304930522 -0.0735569635 0.760171279
v 0.315914814 -0.0358511168 0.756352647
v 0.322104604 -0.0100713408 0.786528182
v 0.305238246 0.0252116703 0.771183091
v 0.302220176 0.051277674 0.800806547
v 0.315106234 0.0866910525 0.810200815
v 0.290511371 0.114154354 0.814393939
v 0.302734345 0.15030045 0.813019892
v 0.284248516 0.186454246 0.815941525
v 0.278959371 0.21600171 0.788418821
v 0.255554876 0.234927403 0.761424158
v 0.250688277 0.235052542 0.721321426
v 0.22180881 0.241186435 0.695609099
v 0.219348133 0.249172045 0.658024128
v 0.19063763 0.247904614 0.632600723
v 0.182052701 0.255130288 0.596072315
v 0.156794498 0.256083161 0.568208647
v 0.156646955 0.267299798 0.531959248
v 0.155160589 0.234604283 0.508422514
v 0.138120948 0.234108353 0.470842353
v 0.113619501 0.204888845 0.457142375
v 0.116205179 0.193707797 0.417714195
v 0.104821579 0.157901875 0.404040408
v 0.0903996296 0.137850603 0.374955105
v 0.0627506576 0.117253673 0.358924284
v 0.0475737609 0.0999090276 0.32849559
v 0.0452217414 0.0625846589 0.335923349
v 0.054819343 0.0266501962 0.327051106
v 0.0536987097 -0.0123053945 0.331583458
v 0.0603555103 -0.0500147781 0.317623225
v 0.0722890233 -0.0812191339 0.340417513
v 0.0890040324 -0.117325556 0.349907812
v 0.0969807882 -0.135960315 0.385286104
v 0.121334181 -0.163352948 0.394824477
v 0.129000399 -0.187183413 0.422669591
v 0.157694719 -0.205986014 0.439993391
v 0.179083221 -0.212811637 0.471840232
v 0.207546961 -0.198762304 0.494687701
v 0.225107129 -0.183121271 0.526326044
v 0.254476089 -0.191264509 0.552017135
v 0.236120861 -0.209136046 0.5828932
v 0.246627804 -0.227582921 0.616917959
v 0.258295412 -0.217518288 0.654318102
v 0.278551134 -0.200955893 0.682812484
v 0.288574937 -0.196028001 0.717990007
v 0.30895258 -0.167678971 0.734580162
v 0.319659792 -0.143422468 0.764490292
v 0.326887779 -0.104462843 0.767621999
v 0.302120878 -0.0733813312 0.76978408
v 0.30778851 -0.0355061055 0.7603312
v 0.312220158 -0.00910164943 0.789302779
v 0.298014977 0.0246474456 0.77820838
v 0.305829731 0.0498662635 0.806051684
v 0.312763778 0.0860462721 0.81527509
v 0.288251984 0.114020849 0.82041749
v 0.296441241 0.151168508 0.813133483
v 0.279882607 0.188052082 0.820069274
v 0.272965298 0.215517739 0.790773976
v 0.249258339 0.235773261 0.764353507
v 0.24328779 0.231529092 0.724177571
v 0.215319038 0.232894915 0.697104222
v 0.213247934 0.241338636 0.660493421
v 0.184741489 0.250795463 0.637206225
v 0.174569084 0.255119126 0.600618962
v 0.151375513 0.264586619 0.571851512
v 0.14999281 0.258913151 0.533730803
v 0.165239359 0.234421132 0.506093561
v 0.133871288 0.228803023 0.480751589
v 0.123528377 0.197953673 0.457072272
v 0.104432971 0.191968196 0.421174289
v 0.0974299835 0.153777116 0.412836971
v 0.0825025484 0.138269398 0.382339957
v 0.0562264253 0.1180509 0.36405753
v 0.0410397564 0.0994508131 0.333437809
v 0.035395616 0.0610308033 0.336779145
v 0.0458863846 0.0246158461 0.327246947
v 0.0482672603 -0.0137909604 0.335693034
v 0.0554175262 -0.0509518461 0.323041221
v 0.0650189013 -0.0854045 0.340730846
v 0.0888598989 -0.113582082 0.357009742
v 0.0990697099 -0.132134865 0.39068662
v 0.117205992 -0.16406469 0.398796688
v 0.125886572 -0.187654637 0.426351274
v 0.15420404 -0.208161843 0.444927146
v 0.173941943 -0.21486222 0.479218291
v 0.204226305 -0.203483836 0.502565191
v 0.218533579 -0.180916676 0.532180114
v 0.249395268 -0.18275061 0.556572126
v 0.235524907 -0.198351176 0.589897965
v 0.238551483 -0.219939618 0.622402974
v 0.249190385 -0.215103579 0.659784742
v 0.270520481 -0.202472746 0.688486113
v 0.28065886 -0.194146857 0.723212549
v 0.300711098 -0.164010961 0.739031636
v 0.312515208 -0.143790682 0.772661533
v 0.323720023 -0.105333295 0.778031623
v 0.30315356 -0.0704745546 0.779275539
v 0.298922706 -0.0332270771 0.765519471
v 0.302446786 -0.00924162969 0.795747856
v 0.291238265 0.0270507735 0.783324839
v 0.309576505 0.0470745128 0.810028891
v 0.306029242 0.0851182262 0.81203157
v 0.291857653 0.117617341 0.826551629
v 0.292249367 0.152585107 0.809106317
v 0.275087185 0.187310388 0.820691007
v 0.267097989 0.213830728 0.791224167
v 0.242393171 0.232335637 0.76464485
v 0.237161784 0.224935029 0.724900479
v 0.215737305 0.224216171 0.692899377
v 0.206325303 0.2363116 0.659181782
v 0.1781198 0.254148565 0.639964928
v 0.165415184 0.258114536 0.603319983
v 0.140977026 0.260107257 0.572765045
v 0.149174587 0.248807271 0.536225967
v 0.166272787 0.224984642 0.509477617
v 0.138967078 0.218035261 0.481399649
v 0.133851744 0.19190212 0.451577106
v 0.10056989 0.184097045 0.430342419
v 0.0875461537 0.149949954 0.417111177
v 0.0776115736 0.131191947 0.386856041
v 0.0481358116 0.119995874 0.364957475
v 0.0323105661 0.0982700924 0.335069623
v 0.0261196809 0.0587592218 0.335734713
v 0.0386599884 0.0217320492 0.327864697
v 0.0432660906 -0.0158268047 0.339620573
v 0.0492098761 -0.0531051742 0.329191141
v 0.0660241249 -0.0819393924 0.34974655
v 0.0828425419 -0.115109564 0.361594268
v 0.0943216637 -0.133770667 0.393531341
v 0.114554231 -0.16375479 0.403353694
v 0.121830954 -0.190564711 0.429015113
v 0.150043493 -0.211861511 0.448873314
v 0.171228471 -0.221719251 0.482268282
v 0.197045905 -0.201043511 0.505559602
v 0.211391773 -0.181217957 0.537834185
v 0.241995282 -0.174709945 0.561736072
v 0.238463338 -0.187690637 0.597706453
v 0.232117038 -0.210943784 0.627367967
v 0.240179693 -0.211869859 0.664653154
v 0.261837229 -0.204688398 0.694675871
v 0.271906967 -0.190281886 0.728148554
v 0.292474887 -0.159752736 0.743346204
v 0.304842129 -0.143380984 0.778947582
v 0.318398321 -0.105837877 0.786345629
v 0.306516209 -0.0666331502 0.788090555
v 0.288966511 -0.034914823 0.770527007
v 0.291196711 -0.00794715166 0.797243322
v 0.285387735 0.0283857557 0.788333989
v 0.305199106 0.0470534411 0.816327686
v 0.296547147 0.0850194076 0.81191353
v 0.299432236 0.119549144 0.83033195
v 0.286733595 0.151107706 0.810570437
v 0.268943142 0.185152871 0.820224466
v 0.262797459 0.207436611 0.787719729
v 0.235958427 0.226243579 0.764983303
v 0.231623567 0.218462571 0.726057385
v 0.20885261 0.220963982 0.696092939
v 0.201366512 0.230319005 0.660953475
v 0.171612703 0.249545436 0.643336139
v 0.156489142 0.260708833 0.607793759
v 0.133432488 0.253545375 0.5758128
v 0.148150291 0.240998523 0.540908772
v 0.164851871 0.216339304 0.515049794
v 0.136829062 0.208316708 0.489009048
v 0.128570959 0.184005937 0.459581099
v 0.0954496212 0.180792257 0.439389598
v 0.0784325216 0.152846167 0.420039665
v 0.0715058111 0.127996281 0.393337044
v 0.0408121776 0.122259714 0.369730431
v 0.0261375725 0.0965917485 0.341239789
v 0.0181285114 0.0576309497 0.333658093
v 0.0380135396 0.0221693729 0.334849892
v 0.0355848589 -0.0174589584 0.341339819
v 0.0427588294 -0.0553107048 0.337059368
v 0.0596075659 -0.082981543 0.357246108
v 0.0789404413 -0.114149189 0.36769999
v 0.0890018356 -0.134833163 0.397997788
v 0.11144682 -0.16224329 0.410538379
v 0.117186746 -0.191478967 0.434984709
v 0.148005629 -0.209017579 0.454878171
v 0.167751072 -0.221958694 0.488292099
v 0.198638801 -0.207003564 0.510078331
v 0.21053416 -0.187953041 0.544427503
v 0.234847995 -0.167626392 0.567653088
v 0.23680691 -0.177534691 0.603746576
v 0.228423678 -0.202147625 0.631310515
v 0.231260953 -0.208480453 0.668925658
v 0.252000517 -0.205154589 0.70095431
v 0.262916799 -0.186450383 0.732905472
v 0.284959017 -0.15719424 0.748073313
v 0.297286665 -0.142508967 0.783807181
v 0.309671077 -0.104658393 0.790249403
v 0.2996357 -0.0653387816 0.795449593
v 0.280590479 -0.0355842469 0.776720994
v 0.282130625 -0.00697913531 0.800688387
v 0.275137948 0.0301427599 0.79760464
v 0.297441311 0.0448631809 0.826486406
v 0.299658284 0.0838051976 0.82418861
v 0.289076302 0.118666819 0.838267476
v 0.273188138 0.146613435 0.816606573
v 0.251227403 0.177630115 0.81922126
v 0.245434889 0.196362511 0.786853162
v 0.220514736 0.215811487 0.766338277
v 0.215995669 0.218592033 0.729200353
v 0.195084243 0.22023501 0.699620493
v 0.189525013 0.224595417 0.66372176
v 0.16036056 0.244710832 0.64739553
v 0.146526234 0.253744942 0.611286568
v 0.131316203 0.240607073 0.577722589
v 0.154538674 0.228772363 0.547971697
v 0.160714717 0.200098227 0.523365758
v 0.140362267 0.189184563 0.494085493
v 0.120340086 0.170871138 0.468933239
v 0.0893826296 0.17101334 0.448626125
v 0.0763503878 0.143246583 0.428216644
v 0.0620325635 0.124454919 0.400139473
v 0.0316376595 0.119016708 0.377292246
v 0.0189757849 0.0918861005 0.350975464
v 0.0111257979 0.0536772896 0.34499934
v 0.0250847371 0.0165566337 0.341419193
v 0.0212814034 -0.0214518 0.351262676
v 0.0331039075 -0.056518665 0.35334811
v 0.0472702015 -0.0863263063 0.368333623
v 0.0737444268 -0.110214249 0.378426281
v 0.0807449378 -0.137613379 0.402533406
v 0.10471856 -0.162161724 0.417515426
v 0.110722323 -0.189302752 0.443181962
v 0.14057963 -0.203156249 0.464025777
v 0.15689276 -0.216043631 0.497356573
v 0.186606076 -0.197140801 0.514717092
v 0.201108516 -0.174328177 0.543815471
v 0.220440517 -0.161784899 0.573544565
v 0.226011731 -0.16730325 0.608679731
v 0.228553469 -0.190285743 0.637881051
v 0.221758654 -0.202566586 0.673222437
v 0.242164827 -0.200602781 0.705376983
v 0.252287363 -0.182352028 0.737270842
v 0.27160982 -0.153247229 0.752799145
v 0.280873008 -0.137161789 0.786601714
v 0.293188278 -0.102394191 0.797721912
v 0.285300215 -0.0650705283 0.805081354
v 0.267635727 -0.0374221225 0.786131323
v 0.267261291 -0.00566184116 0.802825253
v 0.260543538 0.0296897157 0.810329816
v 0.281606256 0.0457556869 0.837845684
v 0.2799811 0.0816668769 0.8262765
v 0.269899257 0.112412427 0.845557667
v 0.251638828 0.138650975 0.825635395
v 0.227605272 0.163475543 0.815536358
v 0.22348062 0.179153981 0.784572134
v 0.20284162 0.198424507 0.764057888
v 0.20825051 0.198899031 0.729598072
v 0.1874866 0.202742302 0.702071619
v 0.179155771 0.20929738 0.668522835
v 0.151687588 0.226967467 0.651795702
v 0.139466473 0.234198686 0.617223127
v 0.130896018 0.218920071 0.584589709
v 0.15751339 0.208334719 0.560558025
v 0.143733323 0.185808449 0.535826145
v 0.137390807 0.16771825 0.507035805
v 0.113737118 0.155637325 0.484392702
v 0.0950829587 0.153641468 0.454434232
v 0.06829148 0.134830492 0.440730886
v 0.0504042074 0.132072983 0.41006668
v 0.0220790236 0.116363065 0.393547658
v 0.0159973805 0.0866603456 0.371877042
v 0.0189358492 0.0500311636 0.366848544
v 0.0155647588 0.0126642673 0.363221149
v 0.022201157 -0.0217844198 0.375467935
v 0.0433257723 -0.0488048017 0.373070051
v 0.0428663643 -0.0797114141 0.387587629
v 0.0611901608 -0.110671489 0.389481069
v 0.0805514605 -0.129422316 0.413777605
v 0.098678589 -0.156753144 0.429181556
v 0.101111431 -0.181467674 0.455612286
v 0.127685789 -0.19197128 0.478204297
v 0.144279107 -0.198835009 0.509932527
v 0.17202886 -0.183165306 0.527811642
v 0.186028108 -0.164913822 0.55613496
v 0.205538063 -0.152375547 0.582465044
v 0.213441556 -0.155255533 0.615666667
v 0.224741673 -0.173975641 0.644290846
v 0.212322305 -0.188237968 0.67604392
v 0.228565692 -0.189623314 0.708903619
v 0.234031829 -0.17601299 0.742560131
v 0.249866378 -0.149501972 0.761392488
v 0.256430172 -0.127908103 0.789072186
v 0.268996305 -0.0990706923 0.805673667
v 0.265062324 -0.0650941629 0.815276623
v 0.252158454 -0.0370228121 0.798963675
v 0.248276027 -0.0037742066 0.805607187
v 0.246205824 0.0276272719 0.823215681
v 0.263456753 0.047194359 0.848232397
v 0.258471117 0.0774273712 0.829822928
v 0.247454129 0.106130003 0.848462966
v 0.228013186 0.131425648 0.831338326
v 0.207214079 0.147134911 0.809730341
v 0.203215978 0.163116613 0.781962303
v 0.186081107 0.18308645 0.761916251
v 0.195364806 0.183757439 0.729938
v 0.174647793 0.189271247 0.704156965
v 0.163832111 0.198433216 0.673730783
v 0.13740321 0.210551778 0.655745539
v 0.13365659 0.210729945 0.621506725
v 0.133191819 0.194830806 0.590840017
v 0.152644133 0.184704529 0.564083854
v 0.126336971 0.173693078 0.54658051
v 0.117524667 0.174313226 0.515567237
v 0.0984119624 0.16874142 0.488623353
v 0.0830962748 0.147046347 0.466684048
v 0.0587010978 0.149009137 0.442566338
v 0.037329154 0.131032818 0.422376397
v 0.0176182684 0.105422964 0.410807293
v 0.0101284304 0.0767586198 0.393079897
v 0.00727925766 0.0427367469 0.387950156
v 0.0177586894 0.00956522499 0.387028478
v 0.0363991508 -0.0187893199 0.392181751
v 0.0572627245 -0.0422839841 0.386279957
v 0.0519035558 -0.0709014241 0.400809796
v 0.0551045146 -0.10576654 0.403495485
v 0.0676254264 -0.13607117 0.416657007
v 0.0865761244 -0.154471096 0.439363159
v 0.0938766604 -0.169816895 0.469855633
v 0.120871604 -0.172463341 0.490601777
v 0.128371511 -0.182662536 0.521875246
v 0.154572951 -0.178220622 0.542471549
v 0.169739909 -0.158369676 0.564745233
v 0.189996572 -0.149739927 0.58937602
v 0.19811596 -0.150911324 0.621177831
v 0.214381666 -0.160695617 0.649938538
v 0.201796177 -0.173224451 0.680334533
v 0.220652133 -0.171134628 0.709559873
v 0.215778696 -0.163242046 0.74340589
v 0.227299112 -0.139924032 0.765643976
v 0.236531688 -0.112756822 0.781873356
v 0.245448157 -0.0938313841 0.807184805
v 0.246479345 -0.0657008489 0.824049938
v 0.239278181 -0.0361595393 0.811731016
v 0.234539378 -0.00413637967 0.817334532
v 0.235786428 0.0255900219 0.830320169
v 0.248071711 0.0475791497 0.852521916
v 0.241419554 0.0744207099 0.83383987
v 0.229648797 0.10275362 0.847931622
v 0.211158061 0.124944898 0.830168255
v 0.197773498 0.133705245 0.803034806
v 0.190121236 0.153667616 0.781813974
v 0.177415326 0.173691091 0.760439966
v 0.190144977 0.175470178 0.730774896
v 0.17682415 0.179970605 0.701674106
v 0.154743066 0.191024183 0.681125801
v 0.132618862 0.192029222 0.65799709
v 0.139014775 0.189722757 0.627058058
v 0.147159927 0.179901665 0.598067696
v 0.148884314 0.167412518 0.569249913
v 0.133049901 0.160514844 0.543651105
v 0.113585519 0.163003692 0.520412854
v 0.0913521588 0.169186056 0.497711437
v 0.0778782511 0.155152607 0.470685845
v 0.051993029 0.149515618 0.450985606
v 0.0334858817 0.127384249 0.434869045
v 0.0231144339 0.0977426744 0.425955936
v 0.0221729548 0.0704444871 0.409328584
v 0.0279898451 0.0439450031 0.392780975
v 0.0354777734 0.0142416738 0.384330238
v 0.0499023519 -0.0116144324 0.394816281
v 0.0620437993 -0.038835866 0.399143871
v 0.055769581 -0.0656561081 0.413381347
v 0.0638570049 -0.0983057974 0.412246411
v 0.0645978041 -0.127730139 0.428393768
v 0.0764318047 -0.149346744 0.450598577
v 0.0891171189 -0.155491865 0.480980042
v 0.113249948 -0.156010012 0.502188082
v 0.124412017 -0.163270723 0.530214715
v 0.144289327 -0.169161868 0.553610557
v 0.164516038 -0.160342114 0.576009377
v 0.184059369 -0.144061648 0.594524229
v 0.197131511 -0.140845317 0.623152848
v 0.212788012 -0.147620859 0.650759725
v 0.205268914 -0.157342197 0.681147572
v 0.217153624 -0.153241722 0.711468912
v 0.203905554 -0.147527382 0.741197488
v 0.212325709 -0.125533416 0.762809313
v 0.219235587 -0.101373062 0.779616928
v 0.227815262 -0.0890871785 0.80625774
v 0.232907305 -0.0662870253 0.826815642
v 0.230589 -0.0364816322 0.817498576
v 0.229813241 -0.00606338537 0.826034458
v 0.226317523 0.0205472014 0.841364745
v 0.230005803 0.0467966005 0.857085509
v 0.222760018 0.0704154406 0.838542311
v 0.212015297 0.0982851833 0.84709242
v 0.197348652 0.117297833 0.8272697
v 0.183977261 0.129158798 0.804177495
v 0.180471178 0.144309771 0.780200414
v 0.171458185 0.163329081 0.75800237
v 0.181708966 0.167934841 0.729102302
v 0.164809511 0.178081723 0.705489349
v 0.145101178 0.177385507 0.6814934
v 0.131352263 0.170804217 0.655509053
v 0.131232225 0.167585075 0.626718084
v 0.13417514 0.163216762 0.598478395
v 0.14060211 0.153560264 0.572236156
v 0.125078677 0.15197668 0.547931379
v 0.105710971 0.159273048 0.527050401
v 0.0855689526 0.161234029 0.503736484
v 0.0678484923 0.154498055 0.478628109
v 0.0468566873 0.139913903 0.460361043
v 0.0377197145 0.114390449 0.444353111
v 0.0404380829 0.0888698155 0.426957436
v 0.0428577852 0.067471931 0.406685952
v 0.0452437948 0.0388519738 0.401493742
v 0.0518227185 0.0139439497 0.387992305
v 0.0636224507 -0.0121457956 0.392764849
v 0.0638581009 -0.0338254559 0.411469318
v 0.0668200489 -0.0607732893 0.422486307
v 0.0692348153 -0.0916032453 0.427145046
v 0.0811487932 -0.120124256 0.431421954
v 0.0797276408 -0.132834225 0.459801814
v 0.0855199722 -0.138113285 0.49037753
v 0.103058534 -0.14273143 0.514345335
v 0.123418865 -0.144346519 0.534266935
v 0.133898339 -0.158345827 0.55830687
v 0.154223656 -0.15802743 0.580947468
v 0.174922517 -0.144536783 0.598713437
v 0.18680762 -0.145360056 0.626718038
v 0.197931999 -0.143426596 0.654985665
v 0.205072813 -0.137786688 0.684066833
v 0.197112874 -0.146562119 0.711964716
v 0.199867603 -0.128029799 0.73590644
v 0.195667369 -0.115419035 0.76194912
v 0.201722127 -0.0995178604 0.784148506
v 0.212164307 -0.0853564791 0.806913505
v 0.219767367 -0.0670787522 0.82931639
v 0.224095897 -0.0372819426 0.826987785
v 0.22962449 -0.00951621814 0.837742543
v 0.213109497 0.0160190443 0.851774256
v 0.210705247 0.0432105772 0.859126882
v 0.205638919 0.0687458533 0.847704488
v 0.195701317 0.0951570374 0.845665189
v 0.186444965 0.110365758 0.823381408
v 0.17858327 0.119952239 0.798989914
v 0.17559069 0.133954688 0.776292076
v 0.165778938 0.151814067 0.755956641
v 0.174454063 0.1559575 0.728403546
v 0.15540288 0.165911794 0.709048761
v 0.143035254 0.158794938 0.682775856
v 0.138167787 0.150239051 0.6560583
v 0.138668005 0.147013078 0.630026918
v 0.134953584 0.144986379 0.604150093
v 0.13318008 0.142513003 0.577023089
v 0.11943338 0.144870373 0.553236929
v 0.100919514 0.152819098 0.533427808
v 0.0810726621 0.153235839 0.512372368
v 0.0642752591 0.144607791 0.489982193
v 0.0511890227 0.126638112 0.470779811
v 0.0514526004 0.10433329 0.451350863
v 0.0593502563 0.0911607143 0.42711927
v 0.0602004981 0.0669607482 0.414601101
v 0.0614838939 0.0409270496 0.407707115
v 0.06467269 0.017764027 0.394076867
v 0.0713042903 -0.00753269823 0.402041779
v 0.0771841246 -0.0332706945 0.408792609
v 0.0827590444 -0.0576166223 0.420226161
v 0.0874428016 -0.0846104067 0.427621504
v 0.096095571 -0.108645737 0.440567495
v 0.0891355163 -0.116229581 0.467220863
v 0.0930161913 -0.121120292 0.495751203
v 0.102303452 -0.125982346 0.5213413
v 0.113933598 -0.134627937 0.543640904
v 0.129693714 -0.146721362 0.564633696
v 0.148476213 -0.150431352 0.587248071
v 0.168291408 -0.138481601 0.605154113
v 0.175105019 -0.142807454 0.633274975
v 0.183489575 -0.133061466 0.659222158
v 0.187281855 -0.125472375 0.686057666
v 0.183064574 -0.129830523 0.71305556
v 0.190881114 -0.111328273 0.731416743
v 0.192490243 -0.100210334 0.755450282
v 0.194772114 -0.0873550027 0.777955796
v 0.199972902 -0.0784657576 0.803315678
v 0.20660044 -0.0640927541 0.827033402
v 0.214077734 -0.0378710689 0.835917223
v 0.214970505 -0.00924266599 0.838536045
v 0.194755821 0.0146467851 0.850573848
v 0.192336226 0.0401624115 0.854882924
v 0.188713954 0.0661188604 0.852463285
v 0.18344978 0.0890078642 0.84073218
v 0.176187799 0.10543448 0.82156289
v 0.168490929 0.116811241 0.79964471
v 0.165056069 0.127850857 0.777042246
v 0.164299649 0.137391237 0.75248033
v 0.159148581 0.148594479 0.728739297
v 0.150830146 0.149260876 0.703151254
v 0.149516425 0.141779206 0.676037344
v 0.143876574 0.130991901 0.652428019
v 0.138234995 0.127200377 0.629630564
v 0.129823978 0.129138285 0.606455251
v 0.123547889 0.135432811 0.581326061
v 0.1111575 0.144323204 0.559093758
v 0.094232852 0.145537975 0.538272902
v 0.0790980981 0.139488329 0.516801267
v 0.0685165848 0.127705195 0.494868394
v 0.0655904957 0.113621541 0.471964169
v 0.0695084839 0.100337929 0.448630335
v 0.0743552892 0.0828033483 0.429727014
v 0.0759605375 0.062790897 0.414653642
v 0.0758558952 0.0404125376 0.403215913
v 0.0781567737 0.0157155441 0.396709346
v 0.0839703667 -0.00952717194 0.397882604
v 0.0919780765 -0.0330028368 0.405870804
v 0.1005745 -0.0538404589 0.418020542
v 0.105257235 -0.0740831035 0.432933856
v 0.106327993 -0.0923191478 0.451359653
v 0.10341665 -0.103759566 0.474533852
v 0.100798778 -0.106151085 0.500788179
v 0.102372209 -0.111204207 0.525735099
v 0.108584869 -0.122050011 0.547596334
v 0.121916996 -0.136344464 0.567400186
v 0.138185178 -0.143776339 0.589772344
v 0.156192655 -0.138893642 0.610279253
v 0.163898537 -0.132043106 0.636516704
v 0.165105356 -0.128013727 0.664155867
v 0.16573995 -0.122227191 0.68965695
v 0.168165843 -0.114906935 0.713276352
v 0.174580853 -0.105849065 0.735005437
v 0.179093437 -0.094947102 0.75634195
v 0.181593788 -0.0849761913 0.77861386
v 0.186696093 -0.0739686365 0.801141421
v 0.193179941 -0.0587814576 0.821973497
v 0.198036347 -0.0368954916 0.836782212
v 0.198807559 -0.0108111575 0.844007112
v 0.177146685 0.0140732052 0.846722616
v 0.175887341 0.0376302207 0.850865644
v 0.174788545 0.0619050693 0.847571427
v 0.173331212 0.0833382124 0.835371176
v 0.17041379 0.0982256225 0.816082191
v 0.165980889 0.107766606 0.793976268
v 0.161403166 0.115749014 0.771932759
v 0.156037049 0.122701526 0.749727517
v 0.151563786 0.130977867 0.727428808
v 0.147856102 0.130034212 0.703181489
v 0.135457751 0.1301608 0.680583679
v 0.126643358 0.131022161 0.658021909
v 0.122823315 0.127831524 0.637080377
v 0.117106422 0.130828941 0.61439839
v 0.114125046 0.131250405 0.588469507
v 0.105220988 0.136515961 0.564746638
v 0.0937501073 0.133411122 0.542500481
v 0.0876677847 0.125639275 0.519512905
v 0.0835248114 0.115310728 0.497300872
v 0.0829214948 0.104354652 0.475266005
v 0.0861471472 0.0956068652 0.452745235
v 0.0889538183 0.08177332 0.433555982
v 0.0890527974 0.0640019338 0.418505276
v 0.0882630557 0.042697048 0.40840962
v 0.0893886404 0.0189994645 0.404772565
v 0.0928546211 -0.00463602306 0.409336245
v 0.101919027 -0.0259346921 0.418117162
v 0.112180824 -0.0434926015 0.43055386
v 0.117570428 -0.0604594396 0.445090014
v 0.118307018 -0.0771459792 0.461388153
v 0.114931919 -0.0900515416 0.481010886
v 0.113094003 -0.0971384828 0.50391913
v 0.11441779 -0.105292671 0.52603067
v 0.119483101 -0.114775467 0.547094264
v 0.124543296 -0.123304432 0.571067118
v 0.135252571 -0.130304138 0.594631487
v 0.14905792 -0.126257629 0.616070527
v 0.151729309 -0.120840369 0.642279865
v 0.157103852 -0.109944064 0.666233252
v 0.160480946 -0.102044435 0.688700087
v 0.165274572 -0.0963288594 0.709517601
v 0.170011724 -0.0914609708 0.73078623
v 0.173574029 -0.0839519816 0.752054644
v 0.175919882 -0.0746541505 0.773154014
v 0.180333276 -0.0629773945 0.793086231
v 0.179729321 -0.0509424638 0.814047934
v 0.180949035 -0.0324484748 0.830572968
v 0.180696258 -0.00913250849 0.839978573
v 0.263722643 -0.118432975 0.309403692
v 0.284783101 -0.144598406 0.330801003
v 0.292898708 -0.16940553 0.361882374
v 0.310667419 -0.198914588 0.387426878
v 0.323054723 -0.202366903 0.427608443
v 0.355985529 -0.216526469 0.450237001
v 0.360024453 -0.197895343 0.48827655
v 0.396304087 -0.205517779 0.509521402
v 0.403362105 -0.19262826 0.548997799
v 0.42389612 -0.1638713 0.574082032
v 0.392694863 -0.147082 0.598508379
v 0.239954391 -0.0860101585 0.299698726
v 0.299118323 -0.0869784737 0.329783961
v 0.319083096 -0.113025013 0.351974276
v 0.333557231 -0.14502399 0.374507315
v 0.355546182 -0.16290914 0.406128949
v 0.378122635 -0.168421704 0.44143578
v 0.397078595 -0.159789128 0.478647574
v 0.417167806 -0.154540248 0.515755074
v 0.412175614 -0.131947678 0.551928182
v 0.406534584 -0.0980948414 0.57801214
v 0.378704205 -0.114932752 0.622037421
v 0.22600741 -0.0492101204 0.296939446
v 0.275791415 -0.0568280179 0.315079384
v 0.329309882 -0.0538899656 0.350816513
v 0.344079608 -0.0821217059 0.374009348
v 0.367829317 -0.109645237 0.396753492
v 0.392178669 -0.11783876 0.43026748
v 0.414910587 -0.110481939 0.46569636
v 0.423210303 -0.0969184636 0.504709133
v 0.395759283 -0.0719462812 0.526881337
v 0.372677382 -0.0732415943 0.574251242
v 0.374027309 -0.0730202432 0.618604043
v 0.226623242 -0.00932912003 0.299979849
v 0.269783898 -0.0176629854 0.313964518
v 0.315152897 -0.0215909881 0.331005877
v 0.355246307 -0.0226501452 0.378892259
v 0.374356519 -0.0501941048 0.401124048
v 0.393708214 -0.0643754497 0.435058041
v 0.414577073 -0.0552933588 0.470946272
v 0.390598072 -0.0396353088 0.502603769
v 0.392735051 -0.0390618866 0.553220316
v 0.405148746 -0.0531943268 0.590870719
v 0.381585706 -0.0361242476 0.625486043
v 0.219681062 0.0278870939 0.299126837
v 0.264928602 0.0202709554 0.317847599
v 0.312999657 0.0182992295 0.329574003
v 0.342285108 0.0109259289 0.364490744
v 0.373319616 0.0112484783 0.410315317
v 0.399343092 -0.0112150703 0.430106784
v 0.398304888 0.00486571245 0.467735009
v 0.395292315 -4.27891427e-05 0.513728238
v 0.417921332 -0.010261345 0.551554404
v 0.428664229 -0.0266930808 0.597901702
v 0.403491013 -0.00858806399 0.637560034
v 0.205853846 0.0670968663 0.284166048
v 0.253936961 0.0581481893 0.301478679
v 0.30215053 0.057103084 0.320641067
v 0.338449123 0.0498324779 0.356992551
v 0.373111185 0.0472062862 0.395543716
v 0.394000553 0.0407365074 0.442529797
v 0.416345968 0.0339922217 0.488800112
v 0.413665996 0.0243148272 0.539606451
v 0.441907843 0.0114615967 0.581156822
v 0.436602351 0.00249013272 0.631929387
v 0.415098807 0.0132123362 0.677849432
v 0.19618559 0.107245142 0.255439087
v 0.241806231 0.103735032 0.286276549
v 0.2869343 0.103611738 0.317979079
v 0.325635196 0.0920850219 0.36735066
v 0.383288756 0.0819482761 0.410540966
v 0.401016073 0.0902129633 0.443674258
v 0.416424918 0.072549883 0.476142285
v 0.431329511 0.0626762163 0.537007234
v 0.459393915 0.0521664503 0.592334353
v 0.460690072 0.0396891937 0.646791746
v 0.452247371 0.0326190202 0.701614608
v 0.203832005 0.153272765 0.257279731
v 0.250573604 0.146849113 0.300180013
v 0.307275956 0.136677065 0.343585616
v 0.349270561 0.113906457 0.399627871
v 0.366029573 0.131950589 0.430048449
v 0.385330275 0.13321165 0.463878684
v 0.403186565 0.122859263 0.498540956
v 0.431959073 0.102233862 0.520730879
v 0.44997034 0.0937446536 0.578636686
v 0.455771506 0.082951234 0.643110994
v 0.462845285 0.0746745227 0.705078606
v 0.218136389 0.186990929 0.285925697
v 0.264439757 0.168724806 0.33979247
v 0.3228199 0.154920495 0.381523409
v 0.322851575 0.160865041 0.420366471
v 0.332548965 0.162711452 0.458268942
v 0.363341149 0.175482501 0.479008803
v 0.39271595 0.170035924 0.506410805
v 0.405324293 0.154304884 0.543493647
v 0.43338445 0.129096812 0.562775495
v 0.431110304 0.111355232 0.621046614
v 0.440792477 0.107387997 0.683884021
v 0.224989246 0.190578298 0.332162214
v 0.278146702 0.179958453 0.380339262
v 0.296054049 0.197309581 0.410892066
v 0.293052657 0.196697727 0.449786086
v 0.320410879 0.209896287 0.474906931
v 0.336075397 0.203260799 0.510342789
v 0.370930846 0.20783242 0.530858495
v 0.38565811 0.195094404 0.566181297
v 0.416223841 0.183153115 0.594619877
v 0.407523088 0.144771218 0.610285243
v 0.404227407 0.118030385 0.664651829
v 0.240782383 0.205113328 0.370140008
v 0.249160294 0.225385228 0.403102056
v 0.271415795 0.24429465 0.428994392
v 0.273619672 0.24307989 0.468076723
v 0.297042594 0.24875193 0.499329521
v 0.298931942 0.22799505 0.532871103
v 0.335063337 0.237168268 0.549605281
v 0.357010748 0.231254463 0.582601097
v 0.379967549 0.218061073 0.61545167
v 0.404274114 0.201148103 0.647077367
v 0.403032356 0.159353943 0.654951409
f 1 2 49
f 2 50 49
f 2 3 50
f 3 51 50
f 3 4 51
f 4 52 51
f 4 5 52
f 5 53 52
f 5 6 53
f 6 54 53
f 6 7 54
f 7 55 54
f 7 8 55
f 8 56 55
f 8 9 56
f 9 57 56
f 9 10 57
f 10 58 57
f 10 11 58
f 11 59 58
f 11 12 59
f 12 60 59
f 12 13 60
f 13 61 60
f 13 14 61
f 14 62 61
f 14 15 62
f 15 63 62
f 15 16 63
f 16 64 63
f 16 17 64
f 17 65 64
f 17 18 65
f 18 66 65
f 18 19 66
f 19 67 66
f 19 20 67
f 20 68 67
f 20 21 68
f 21 69 68
f 21 22 69
f 22 70 69
f 22 23 70
f 23 71 70
f 23 24 71
f 24 72 71
f 24 25 72
f 25 73 72
f 25 26 73
f 26 74 73
f 26 27 74
f 27 75 74
f 27 28 75
f 28 76 75
f 28 29 76
f 29 77 76
f 29 30 77
f 30 78 77
f 30 31 78
f 31 79 78
f 31 32 79
f 32 80 79
f 32 33 80
f 33 81 80
f 33 34 81
f 34 82 81
f 34 35 82
f 35 83 82
f 35 36 83
f 36 84 83
f 36 37 84
f 37 85 84
f 37 38 85
f 38 86 85
f 38 39 86
f 39 87 86
f 39 40 87
f 40 88 87
f 40 41 88
f 41 89 88
f 41 42 89
f 42 90 89
f 42 43 90
f 43 91 90
f 43 44 91
f 44 92 91
f 44 45 92
f 45 93 92
f 45 46 93
f 46 94 93
f 46 47 94
f 47 95 94
f 47 48 95
f 48 96 95
f 48 1 96
f 1 49 96
f 49 50 97
f 50 98 97
f 50 51 98
f 51 99 98
f 51 52 99
f 52 100 99
f 52 53 100
f 53 101 100
f 53 54 101
f 54 102 101
f 54 55 102
f 55 103 102
f 55 56 103
f 56 104 103
f 56 57 104
f 57 105 104
f 57 58 105
f 58 106 105
f 58 59 106
f 59 107 106
f 59 60 107
f 60 108 107
f 60 61 108
f 61 109 108
f 61 62 109
f 62 110 109
f 62 63 110
f 63 111 110
f 63 64 111
f 64 112 111
f 64 65 112
f 65 113 112
f 65 66 113
f 66 114 113
f 66 67 114
f 67 115 114
f 67 68 115
f 68 116 115
f 68 69 116
f 69 117 116
f 69 70 117
f 70 118 117
f 70 71 118
f 71 119 118
f 71 72 119
f 72 120 119
f 72 73 120
f 73 121 120
f 73 74 121
f 74 122 121
f 74 75 122
f 75 123 122
f 75 76 123
f 76 124 123
f 76 77 124
f 77 125 124
f 77 78 125
f 78 126 125
f 78 79 126
f 79 127 126
f 79 80 127
f 80 128 127
f 80 81 128
f 81 129 128
f 81 82 129
f 82 130 129
f 82 83 130
f 83 131 130
f 83 84 131
f 84 132 131
f 84 85 132
f 85 133 132
f 85 86 133
f 86 134 133
f 86 87 134
f 87 135 134
f 87 88 135
f 88 136 135
f 88 89 136
f 89 137 136
f 89 90 137
f 90 138 137
f 90 91 138
f 91 139 138
f 91 92 139
f 92 140 139
f 92 93 140
f 93 141 140
f 93 94 141
f 94 142 141
f 94 95 142
f 95 143 142
f 95 96 143
f 96 144 143
f 96 49 144
f 49 97 144
f 97 98 145
f 98 146 145
f 98 99 146
f 99 147 146
f 99 100 147
f 100 148 147
f 100 101 148
f 101 149 148
f 101 102 149
f 102 150 149
f 102 103 150
f 103 151 150
f 103 104 151
f 104 152 151
f 104 105 152
f 105 153 152
f 105 106 153
f 106 154 153
f 106 107 154
f 107 155 154
f 107 108 155
f 108 156 155
f 108 109 156
f 109 157 156
f 109 110 157
f 110 158 157
f 110 111 158
f 111 159 158
f 111 112 159
f 112 160 159
f 112 113 160
f 113 161 160
f 113 114 161
f 114 162 161
f 114 115 162
f 115 163 162
f 115 116 163
f 116 164 163
f 116 117 164
f 117 165 164
f 117 118 165
f 118 166 165
f 118 119 166
f 119 167 166
f 119 120 167
f 120 168 167
f 120 121 168
f 121 169 168
f 121 122 169
f 122 170 169
f 122 123 170
f 123 171 170
f 123 124 171
f 124 172 171
f 124 125 172
f 125 173 172
f 125 126 173
f 126 174 173
f 126 127 174
f 127 175 174
f 127 128 175
f 128 176 175
f 128 129 176
f 129 177 176
f 129 130 177
f 130 178 177
f 130 131 178
f 131 179 178
f 131 132 179
f 132 180 179
f 132 133 180
f 133 181 180
f 133 134 181
f 134 182 181
f 134 135 182
f 135 183 182
f 135 136 183
f 136 184 183
f 136 137 184
f 137 185 184
f 137 138 185
f 138 186 185
f 138 139 186
f 139 187 186
f 139 140 187
f 140 188 187
f 140 141 188
f 141 189 188
f 141 142 189
f 142 190 189
f 142 143 190
f 143 191 190
f 143 144 191
f 144 192 191
f 144 97 192
f 97 145 192
f 145 146 193
f 146 194 193
f 146 147 194
f 147 195 194
f 147 148 195
f 148 196 195
f 148 149 196
f 149 197 196
f 149 150 197
f 150 198 197
f 150 151 198
f 151 199 198
f 151 152 199
f 152 200 199
f 152 153 200
f 153 201 200
f 153 154 201
f 154 202 201
f 154 155 202
f 155 203 202
f 155 156 203
f 156 204 203
f 156 157 204
f 157 205 204
f 157 158 205
f 158 206 205
f 158 159 206
f 159 207 206
f 159 160 207
f 160 208 207
f 160 161 208
f 161 209 208
f 161 162 209
f 162 210 209
f 162 163 210
f 163 211 210
f 163 164 211
f 164 212 211
f 164 165 212
f 165 213 212
f 165 166 213
f 166 214 213
f 166 167 214
f 167 215 214
f 167 168 215
f 168 216 215
f 168 169 216
f 169 217 216
f 169 170 217
f 170 218 217
f 170 171 218
f 171 219 218
f 171 172 219
f 172 220 219
f 172 173 220
f 173 221 220
f 173 174 221
f 174 222 221
f 174 175 222
f 175 223 222
f 175 176 223
f 176 224 223
f 176 177 224
f 177 225 224
f 177 178 225
f 178 226 225
f 178 179 226
f 179 227 226
f 179 180 227
f 180 228 227
f 180 181 228
f 181 229 228
f 181 182 229
f 182 230 229
f 182 183 230
f 183 231 230
f 183 184 231
f 184 232 231
f 184 185 232
f 185 233 232
f 185 186 233
f 186 234 233
f 186 187 234
f 187 235 234
f 187 188 235
f 188 236 235
f 188 189 236
f 189 237 236
f 189 190 237
f 190 238 237
f 190 191 238
f 191 239 238
f 191 192 239
f 192 240 239
f 192 145 240
f 145 193 240
f 193 194 241
f 194 242 241
f 194 195 242
f 195 243 242
f 195 196 243
f 196 244 243
f 196 197 244
f 197 245 244
f 197 198 245
f 198 246 245
f 198 199 246
f 199 247 246
f 199 200 247
f 200 248 247
f 200 201 248
f 201 249 248
f 201 202 249
f 202 250 249
f 202 203 250
f 203 251 250
f 203 204 251
f 204 252 251
f 204 205 252
f 205 253 252
f 205 206 253
f 206 254 253
f 206 207 254
f 207 255 254
f 207 208 255
f 208 256 255
f 208 209 256
f 209 257 256
f 209 210 257
f 210 258 257
f 210 211 258
f 211 259 258
f 211 212 259
f 212 260 259
f 212 213 260
f 213 261 260
f 213 214 261
f 214 262 261
f 214 215 262
f 215 263 262
f 215 216 263
f 216 264 263
f 216 217 264
f 217 265 264
f 217 218 265
f 218 266 265
f 218 219 266
f 219 267 266
f 219 220 267
f 220 268 267
f 220 221 268
f 221 269 268
f 221 222 269
f 222 270 269
f 222 223 270
f 223 271 270
f 223 224 271
f 224 272 271
f 224 225 272
f 225 273 272
f 225 226 273
f 226 274 273
f 226 227 274
f 227 275 274
f 227 228 275
f 228 276 275
f 228 229 276
f 229 277 276
f 229 230 277
f 230 278 277
f 230 231 278
f 231 279 278
f 231 232 279
f 232 280 279
f 232 233 280
f 233 281 280
f 233 234 281
f 234 282 281
f 234 235 282
f 235 283 282
f 235 236 283
f 236 284 283
f 236 237 284
f 237 285 284
f 237 238 285
f 238 286 285
f 238 239 286
f 239 287 286
f 239 240 287
f 240 288 287
f 240 193 288
f 193 241 288
f 241 242 289
f 242 290 289
f 242 243 290
f 243 291 290
f 243 244 291
f 244 292 291
f 244 245 292
f 245 293 292
f 245 246 293
f 246 294 293
f 246 247 294
f 247 295 294
f 247 248 295
f 248 296 295
f 248 249 296
f 249 297 296
f 249 250 297
f 250 298 297
f 250 251 298
f 251 299 298
f 251 252 299
f 252 300 299
f 252 253 300
f 253 301 300
f 253 254 301
f 254 302 301
f 254 255 302
f 255 303 302
f 255 256 303
f 256 304 303
f 256 257 304
f 257 305 304
f 257 258 305
f 258 306 305
f 258 259 306
f 259 307 306
f 259 260 307
f 260 308 307
f 260 261 308
f 261 309 308
f 261 262 309
f 262 310 309
f 262 263 310
f 263 311 310
f 263 264 311
f 264 312 311
f 264 265 312
f 265 313 312
f 265 266 313
f 266 314 313
f 266 267 314
f 267 315 314
f 267 268 315
f 268 316 315
f 268 269 316
f 269 317 316
f 269 270 317
f 270 318 317
f 270 271 318
f 271 319 318
f 271 272 319
f 272 320 319
f 272 273 320
f 273 321 320
f 273 274 321
f 274 322 321
f 274 275 322
f 275 323 322
f 275 276 323
f 276 324 323
f 276 277 324
f 277 325 324
f 277 278 325
f 278 326 325
f 278 279 326
f 279 327 326
f 279 280 327
f 280 328 327
f 280 281 328
f 281 329 328
f 281 282 329
f 282 330 329
f 282 283 330
f 283 331 330
f 283 284 331
f 284 332 331
f 284 285 332
f 285 333 332
f 285 286 333
f 286 334 333
f 286 287 334
f 287 335 334
f 287 288 335
f 288 336 335
f 288 241 336
f 241 289 336
f 289 290 337
f 290 338 337
f 290 291 338
f 291 339 338
f 291 292 339
f 292 340 339
f 292 293 340
f 293 341 340
f 293 294 341
f 294 342 341
f 294 295 342
f 295 343 342
f 295 296 343
f 296 344 343
f 296 297 344
f 297 345 344
f 297 298 345
f 298 346 345
f 298 299 346
f 299 347 346
f 299 300 347
f 300 348 347
f 300 301 348
f 301 349 348
f 301 302 349
f 302 350 349
f 302 303 350
f 303 351 350
f 303 304 351
f 304 352 351
f 304 305 352
f 305 353 352
f 305 306 353
f 306 354 353
f 306 307 354
f 307 355 354
f 307 308 355
f 308 356 355
f 308 309 356
f 309 357 356
f 309 310 357
f 310 358 357
f 310 311 358
f 311 359 358
f 311 312 359
f 312 360 359
f 312 313 360
f 313 361 360
f 313 314 361
f 314 362 361
f 314 315 362
f 315 363 362
f 315 316 363
f 316 364 363
f 316 317 364
f 317 365 364
f 317 318 365
f 318 366 365
f 318 319 366
f 319 367 366
f 319 320 367
f 320 368 367
f 320 321 368
f 321 369 368
f 321 322 369
f 322 370 369
f 322 323 370
f 323 371 370
f 323 324 371
f 324 372 371
f 324 325 372
f 325 373 372
f 325 326 373
f 326 374 373
f 326 327 374
f 327 375 374
f 327 328 375
f 328 376 375
f 328 329 376
f 329 377 376
f 329 330 377
f 330 378 377
f 330 331 378
f 331 379 378
f 331 332 379
f 332 380 379
f 332 333 380
f 333 381 380
f 333 334 381
f 334 382 381
f 334 335 382
f 335 383 382
f 335 336 383
f 336 384 383
f 336 289 384
f 289 337 384
f 337 338 385
f 338 386 385
f 338 339 386
f 339 387 386
f 339 340 387
f 340 388 387
f 340 341 388
f 341 389 388
f 341 342 389
f 342 390 389
f 342 343 390
f 343 391 390
f 343 344 391
f 344 392 391
f 344 345 392
f 345 393 392
f 345 346 393
f 346 394 393
f 346 347 394
f 347 395 394
f 347 348 395
f 348 396 395
f 348 349 396
f 349 397 396
f 349 350 397
f 350 398 397
f 350 351 398
f 351 399 398
f 351 352 399
f 352 400 399
f 352 353 400
f 353 401 400
f 353 354 401
f 354 402 401
f 354 355 402
f 355 403 402
f 355 356 403
f 356 404 403
f 356 357 404
f 357 405 404
f 357 358 405
f 358 406 405
f 358 359 406
f 359 407 406
f 359 360 407
f 360 408 407
f 360 361 408
f 361 409 408
f 361 362 409
f 362 410 409
f 362 363 410
f 363 411 410
f 363 364 411
f 364 412 411
f 364 365 412
f 365 413 412
f 365 366 413
f 366 414 413
f 366 367 414
f 367 415 414
f 367 368 415
f 368 416 415
f 368 369 416
f 369 417 416
f 369 370 417
f 370 418 417
f 370 371 418
f 371 419 418
f 371 372 419
f 372 420 419
f 372 373 420
f 373 421 420
f 373 374 421
f 374 422 421
f 374 375 422
f 375 423 422
f 375 376 423
f 376 424 423
f 376 377 424
f 377 425 424
f 377 378 425
f 378 426 425
f 378 379 426
f 379 427 426
f 379 380 427
f 380 428 427
f 380 381 428
f 381 429 428
f 381 382 429
f 382 430 429
f 382 383 430
f 383 431 430
f 383 384 431
f 384 432 431
f 384 337 432
f 337 385 432
f 385 386 433
f 386 434 433
f 386 387 434
f 387 435 434
f 387 388 435
f 388 436 435
f 388 389 436
f 389 437 436
f 389 390 437
f 390 438 437
f 390 391 438
f 391 439 438
f 391 392 439
f 392 440 439
f 392 393 440
f 393 441 440
f 393 394 441
f 394 442 441
f 394 395 442
f 395 443 442
f 395 396 443
f 396 444 443
f 396 397 444
f 397 445 444
f 397 398 445
f 398 446 445
f 398 399 446
f 399 447 446
f 399 400 447
f 400 448 447
f 400 401 448
f 401 449 448
f 401 402 449
f 402 450 449
f 402 403 450
f 403 451 450
f 403 404 451
f 404 452 451
f 404 405 452
f 405 453 452
f 405 406 453
f 406 454 453
f 406 407 454
f 407 455 454
f 407 408 455
f 408 456 455
f 408 409 456
f 409 457 456
f 409 410 457
f 410 458 457
f 410 411 458
f 411 459 458
f 411 412 459
f 412 460 459
f 412 413 460
f 413 461 460
f 413 414 461
f 414 462 461
f 414 415 462
f 415 463 462
f 415 416 463
f 416 464 463
f 416 417 464
f 417 465 464
f 417 418 465
f 418 466 465
f 418 419 466
f 419 467 466
f 419 420 467
f 420 468 467
f 420 421 468
f 421 469 468
f 421 422 469
f 422 470 469
f 422 423 470
f 423 471 470
f 423 424 471
f 424 472 471
f 424 425 472
f 425 473 472
f 425 426 473
f 426 474 473
f 426 427 474
f 427 475 474
f 427 428 475
f 428 476 475
f 428 429 476
f 429 477 476
f 429 430 477
f 430 478 477
f 430 431 478
f 431 479 478
f 431 432 479
f 432 480 479
f 432 385 480
f 385 433 480
f 433 434 481
f 434 482 481
f 434 435 482
f 435 483 482
f 435 436 483
f 436 484 483
f 436 437 484
f 437 485 484
f 437 438 485
f 438 486 485
f 438 439 486
f 439 487 486
f 439 440 487
f 440 488 487
f 440 441 488
f 441 489 488
f 441 442 489
f 442 490 489
f 442 443 490
f 443 491 490
f 443 444 491
f 444 492 491
f 444 445 492
f 445 493 492
f 445 446 493
f 446 494 493
f 446 447 494
f 447 495 494
f 447 448 495
f 448 496 495
f 448 449 496
f 449 497 496
f 449 450 497
f 450 498 497
f 450 451 498
f 451 499 498
f 451 452 499
f 452 500 499
f 452 453 500
f 453 501 500
f 453 454 501
f 454 502 501
f 454 455 502
f 455 503 502
f 455 456 503
f 456 504 503
f 456 457 504
f 457 505 504
f 457 458 505
f 458 506 505
f 458 459 506
f 459 507 506
f 459 460 507
f 460 508 507
f 460 461 508
f 461 509 508
f 461 462 509
f 462 510 509
f 462 463 510
f 463 511 510
f 463 464 511
f 464 512 511
f 464 465 512
f 465 513 512
f 465 466 513
f 466 514 513
f 466 467 514
f 467 515 514
f 467 468 515
f 468 516 515
f 468 469 516
f 469 517 516
f 469 470 517
f 470 518 517
f 470 471 518
f 471 519 518
f 471 472 519
f 472 520 519
f 472 473 520
f 473 521 520
f 473 474 521
f 474 522 521
f 474 475 522
f 475 523 522
f 475 476 523
f 476 524 523
f 476 477 524
f 477 525 524
f 477 478 525
f 478 526 525
f 478 479 526
f 479 527 526
f 479 480 527
f 480 528 527
f 480 433 528
f 433 481 528
f 481 482 529
f 482 530 529
f 482 483 530
f 483 531 530
f 483 484 531
f 484 532 531
f 484 485 532
f 485 533 532
f 485 486 533
f 486 534 533
f 486 487 534
f 487 535 534
f 487 488 535
f 488 536 535
f 488 489 536
f 489 537 536
f 489 490 537
f 490 538 537
f 490 491 538
f 491 539 538
f 491 492 539
f 492 540 539
f 492 493 540
f 493 541 540
f 493 494 541
f 494 542 541
f 494 495 542
f 495 543 542
f 495 496 543
f 496 544 543
f 496 497 544
f 497 545 544
f 497 498 545
f 498 546 545
f 498 499 546
f 499 547 546
f 499 500 547
f 500 548 547
f 500 501 548
f 501 549 548
f 501 502 549
f 502 550 549
f 502 503 550
f 503 551 550
f 503 504 551
f 504 552 551
f 504 505 552
f 505 553 552
f 505 506 553
f 506 554 553
f 506 507 554
f 507 555 554
f 507 508 555
f 508 556 555
f 508 509 556
f 509 557 556
f 509 510 557
f 510 558 557
f 510 511 558
f 511 559 558
f 511 512 559
f 512 560 559
f 512 513 560
f 513 561 560
f 513 514 561
f 514 562 561
f 514 515 562
f 515 563 562
f 515 516 563
f 516 564 563
f 516 517 564
f 517 565 564
f 517 518 565
f 518 566 565
f 518 519 566
f 519 567 566
f 519 520 567
f 520 568 567
f 520 521 568
f 521 569 568
f 521 522 569
f 522 570 569
f 522 523 570
f 523 571 570
f 523 524 571
f 524 572 571
f 524 525 572
f 525 573 572
f 525 526 573
f 526 574 573
f 526 527 574
f 527 575 574
f 527 528 575
f 528 576 575
f 528 481 576
f 481 529 576
f 529 530 577
f 530 578 577
f 530 531 578
f 531 579 578
f 531 532 579
f 532 580 579
f 532 533 580
f 533 581 580
f 533 534 581
f 534 582 581
f 534 535 582
f 535 583 582
f 535 536 583
f 536 584 583
f 536 537 584
f 537 585 584
f 537 538 585
f 538 586 585
f 538 539 586
f 539 587 586
f 539 540 587
f 540 588 587
f 540 541 588
f 541 589 588
f 541 542 589
f 542 590 589
f 542 543 590
f 543 591 590
f 543 544 591
f 544 592 591
f 544 545 592
f 545 593 592
f 545 546 593
f 546 594 593
f 546 547 594
f 547 595 594
f 547 548 595
f 548 596 595
f 548 549 596
f 549 597 596
f 549 550 597
f 550 598 597
f 550 551 598
f 551 599 598
f 551 552 599
f 552 600 599
f 552 553 600
f 553 601 600
f 553 554 601
f 554 602 601
f 554 555 602
f 555 603 602
f 555 556 603
f 556 604 603
f 556 557 604
f 557 605 604
f 557 558 605
f 558 606 605
f 558 559 606
f 559 607 606
f 559 560 607
f 560 608 607
f 560 561 608
f 561 609 608
f 561 562 609
f 562 610 609
f 562 563 610
f 563 611 610
f 563 564 611
f 564 612 611
f 564 565 612
f 565 613 612
f 565 566 613
f 566 614 613
f 566 567 614
f 567 615 614
f 567 568 615
f 568 616 615
f 568 569 616
f 569 617 616
f 569 570 617
f 570 618 617
f 570 571 618
f 571 619 618
f 571 572 619
f 572 620 619
f 572 573 620
f 573 621 620
f 573 574 621
f 574 622 621
f 574 575 622
f 575 623 622
f 575 576 623
f 576 624 623
f 576 529 624
f 529 577 624
f 577 578 625
f 578 626 625
f 578 579 626
f 579 627 626
f 579 580 627
f 580 628 627
f 580 581 628
f 581 629 628
f 581 582 629
f 582 630 629
f 582 583 630
f 583 631 630
f 583 584 631
f 584 632 631
f 584 585 632
f 585 633 632
f 585 586 633
f 586 634 633
f 586 587 634
f 587 635 634
f 587 588 635
f 588 636 635
f 588 589 636
f 589 637 636
f 589 590 637
f 590 638 637
f 590 591 638
f 591 639 638
f 591 592 639
f 592 640 639
f 592 593 640
f 593 641 640
f 593 594 641
f 594 642 641
f 594 595 642
f 595 643 642
f 595 596 643
f 596 644 643
f 596 597 644
f 597 645 644
f 597 598 645
f 598 646 645
f 598 599 646
f 599 647 646
f 599 600 647
f 600 648 647
f 600 601 648
f 601 649 648
f 601 602 649
f 602 650 649
f 602 603 650
f 603 651 650
f 603 604 651
f 604 652 651
f 604 605 652
f 605 653 652
f 605 606 653
f 606 654 653
f 606 607 654
f 607 655 654
f 607 608 655
f 608 656 655
f 608 609 656
f 609 657 656
f 609 610 657
f 610 658 657
f 610 611 658
f 611 659 658
f 611 612 659
f 612 660 659
f 612 613 660
f 613 661 660
f 613 614 661
f 614 662 661
f 614 615 662
f 615 663 662
f 615 616 663
f 616 664 663
f 616 617 664
f 617 665 664
f 617 618 665
f 618 666 665
f 618 619 666
f 619 667 666
f 619 620 667
f 620 668 667
f 620 621 668
f 621 669 668
f 621 622 669
f 622 670 669
f 622 623 670
f 623 671 670
f 623 624 671
f 624 672 671
f 624 577 672
f 577 625 672
f 625 626 673
f 626 674 673
f 626 627 674
f 627 675 674
f 627 628 675
f 628 676 675
f 628 629 676
f 629 677 676
f 629 630 677
f 630 678 677
f 630 631 678
f 631 679 678
f 631 632 679
f 632 680 679
f 632 633 680
f 633 681 680
f 633 634 681
f 634 682 681
f 634 635 682
f 635 683 682
f 635 636 683
f 636 684 683
f 636 637 684
f 637 685 684
f 637 638 685
f 638 686 685
f 638 639 686
f 639 687 686
f 639 640 687
f 640 688 687
f 640 641 688
f 641 689 688
f 641 642 689
f 642 690 689
f 642 643 690
f 643 691 690
f 643 644 691
f 644 692 691
f 644 645 692
f 645 693 692
f 645 646 693
f 646 694 693
f 646 647 694
f 647 695 694
f 647 648 695
f 648 696 695
f 648 649 696
f 649 697 696
f 649 650 697
f 650 698 697
f 650 651 698
f 651 699 698
f 651 652 699
f 652 700 699
f 652 653 700
f 653 701 700
f 653 654 701
f 654 702 701
f 654 655 702
f 655 703 702
f 655 656 703
f 656 704 703
f 656 657 704
f 657 705 704
f 657 658 705
f 658 706 705
f 658 659 706
f 659 707 706
f 659 660 707
f 660 708 707
f 660 661 708
f 661 709 708
f 661 662 709
f 662 710 709
f 662 663 710
f 663 711 710
f 663 664 711
f 664 712 711
f 664 665 712
f 665 713 712
f 665 666 713
f 666 714 713
f 666 667 714
f 667 715 714
f 667 668 715
f 668 716 715
f 668 669 716
f 669 717 716
f 669 670 717
f 670 718 717
f 670 671 718
f 671 719 718
f 671 672 719
f 672 720 719
f 672 625 720
f 625 673 720
f 673 674 721
f 674 722 721
f 674 675 722
f 675 723 722
f 675 676 723
f 676 724 723
f 676 677 724
f 677 725 724
f 677 678 725
f 678 726 725
f 678 679 726
f 679 727 726
f 679 680 727
f 680 728 727
f 680 681 728
f 681 729 728
f 681 682 729
f 682 730 729
f 682 683 730
f 683 731 730
f 683 684 731
f 684 732 731
f 684 685 732
f 685 733 732
f 685 686 733
f 686 734 733
f 686 687 734
f 687 735 734
f 687 688 735
f 688 736 735
f 688 689 736
f 689 737 736
f 689 690 737
f 690 738 737
f 690 691 738
f 691 739 738
f 691 692 739
f 692 740 739
f 692 693 740
f 693 741 740
f 693 694 741
f 694 742 741
f 694 695 742
f 695 743 742
f 695 696 743
f 696 744 743
f 696 697 744
f 697 745 744
f 697 698 745
f 698 746 745
f 698 699 746
f 699 747 746
f 699 700 747
f 700 748 747
f 700 701 748
f 701 749 748
f 701 702 749
f 702 750 749
f 702 703 750
f 703 751 750
f 703 704 751
f 704 752 751
f 704 705 752
f 705 753 752
f 705 706 753
f 706 754 753
f 706 707 754
f 707 755 754
f 707 708 755
f 708 756 755
f 708 709 756
f 709 757 756
f 709 710 757
f 710 758 757
f 710 711 758
f 711 759 758
f 711 712 759
f 712 760 759
f 712 713 760
f 713 761 760
f 713 714 761
f 714 762 761
f 714 715 762
f 715 763 762
f 715 716 763
f 716 764 763
f 716 717 764
f 717 765 764
f 717 718 765
f 718 766 765
f 718 719 766
f 719 767 766
f 719 720 767
f 720 768 767
f 720 673 768
f 673 721 768
f 721 722 769
f 722 770 769
f 722 723 770
f 723 771 770
f 723 724 771
f 724 772 771
f 724 725 772
f 725 773 772
f 725 726 773
f 726 774 773
f 726 727 774
f 727 775 774
f 727 728 775
f 728 776 775
f 728 729 776
f 729 777 776
f 729 730 777
f 730 778 777
f 730 731 778
f 731 779 778
f 731 732 779
f 732 780 779
f 732 733 780
f 733 781 780
f 733 734 781
f 734 782 781
f 734 735 782
f 735 783 782
f 735 736 783
f 736 784 783
f 736 737 784
f 737 785 784
f 737 738 785
f 738 786 785
f 738 739 786
f 739 787 786
f 739 740 787
f 740 788 787
f 740 741 788
f 741 789 788
f 741 742 789
f 742 790 789
f 742 743 790
f 743 791 790
f 743 744 791
f 744 792 791
f 744 745 792
f 745 793 792
f 745 746 793
f 746 794 793
f 746 747 794
f 747 795 794
f 747 748 795
f 748 796 795
f 748 749 796
f 749 797 796
f 749 750 797
f 750 798 797
f 750 751 798
f 751 799 798
f 751 752 799
f 752 800 799
f 752 753 800
f 753 801 800
f 753 754 801
f 754 802 801
f 754 755 802
f 755 803 802
f 755 756 803
f 756 804 803
f 756 757 804
f 757 805 804
f 757 758 805
f 758 806 805
f 758 759 806
f 759 807 806
f 759 760 807
f 760 808 807
f 760 761 808
f 761 809 808
f 761 762 809
f 762 810 809
f 762 763 810
f 763 811 810
f 763 764 811
f 764 812 811
f 764 765 812
f 765 813 812
f 765 766 813
f 766 814 813
f 766 767 814
f 767 815 814
f 767 768 815
f 768 816 815
f 768 721 816
f 721 769 816
f 769 770 817
f 770 818 817
f 770 771 818
f 771 819 818
f 771 772 819
f 772 820 819
f 772 773 820
f 773 821 820
f 773 774 821
f 774 822 821
f 774 775 822
f 775 823 822
f 775 776 823
f 776 824 823
f 776 777 824
f 777 825 824
f 777 778 825
f 778 826 825
f 778 779 826
f 779 827 826
f 779 780 827
f 780 828 827
f 780 781 828
f 781 829 828
f 781 782 829
f 782 830 829
f 782 783 830
f 783 831 830
f 783 784 831
f 784 832 831
f 784 785 832
f 785 833 832
f 785 786 833
f 786 834 833
f 786 787 834
f 787 835 834
f 787 788 835
f 788 836 835
f 788 789 836
f 789 837 836
f 789 790 837
f 790 838 837
f 790 791 838
f 791 839 838
f 791 792 839
f 792 840 839
f 792 793 840
f 793 841 840
f 793 794 841
f 794 842 841
f 794 795 842
f 795 843 842
f 795 796 843
f 796 844 843
f 796 797 844
f 797 845 844
f 797 798 845
f 798 846 845
f 798 799 846
f 799 847 846
f 799 800 847
f 800 848 847
f 800 801 848
f 801 849 848
f 801 802 849
f 802 850 849
f 802 803 850
f 803 851 850
f 803 804 851
f 804 852 851
f 804 805 852
f 805 853 852
f 805 806 853
f 806 854 853
f 806 807 854
f 807 855 854
f 807 808 855
f 808 856 855
f 808 809 856
f 809 857 856
f 809 810 857
f 810 858 857
f 810 811 858
f 811 859 858
f 811 812 859
f 812 860 859
f 812 813 860
f 813 861 860
f 813 814 861
f 814 862 861
f 814 815 862
f 815 863 862
f 815 816 863
f 816 864 863
f 816 769 864
f 769 817 864
f 817 818 865
f 818 866 865
f 818 819 866
f 819 867 866
f 819 820 867
f 820 868 867
f 820 821 868
f 821 869 868
f 821 822 869
f 822 870 869
f 822 823 870
f 823 871 870
f 823 824 871
f 824 872 871
f 824 825 872
f 825 873 872
f 825 826 873
f 826 874 873
f 826 827 874
f 827 875 874
f 827 828 875
f 828 876 875
f 828 829 876
f 829 877 876
f 829 830 877
f 830 878 877
f 830 831 878
f 831 879 878
f 831 832 879
f 832 880 879
f 832 833 880
f 833 881 880
f 833 834 881
f 834 882 881
f 834 835 882
f 835 883 882
f 835 836 883
f 836 884 883
f 836 837 884
f 837 885 884
f 837 838 885
f 838 886 885
f 838 839 886
f 839 887 886
f 839 840 887
f 840 888 887
f 840 841 888
f 841 889 888
f 841 842 889
f 842 890 889
f 842 843 890
f 843 891 890
f 843 844 891
f 844 892 891
f 844 845 892
f 845 893 892
f 845 846 893
f 846 894 893
f 846 847 894
f 847 895 894
f 847 848 895
f 848 896 895
f 848 849 896
f 849 897 896
f 849 850 897
f 850 898 897
f 850 851 898
f 851 899 898
f 851 852 899
f 852 900 899
f 852 853 900
f 853 901 900
f 853 854 901
f 854 902 901
f 854 855 902
f 855 903 902
f 855 856 903
f 856 904 903
f 856 857 904
f 857 905 904
f 857 858 905
f 858 906 905
f 858 859 906
f 859 907 906
f 859 860 907
f 860 908 907
f 860 861 908
f 861 909 908
f 861 862 909
f 862 910 909
f 862 863 910
f 863 911 910
f 863 864 911
f 864 912 911
f 864 817 912
f 817 865 912
f 865 866 913
f 866 914 913
f 866 867 914
f 867 915 914
f 867 868 915
f 868 916 915
f 868 869 916
f 869 917 916
f 869 870 917
f 870 918 917
f 870 871 918
f 871 919 918
f 871 872 919
f 872 920 919
f 872 873 920
f 873 921 920
f 873 874 921
f 874 922 921
f 874 875 922
f 875 923 922
f 875 876 923
f 876 924 923
f 876 877 924
f 877 925 924
f 877 878 925
f 878 926 925
f 878 879 926
f 879 927 926
f 879 880 927
f 880 928 927
f 880 881 928
f 881 929 928
f 881 882 929
f 882 930 929
f 882 883 930
f 883 931 930
f 883 884 931
f 884 932 931
f 884 885 932
f 885 933 932
f 885 886 933
f 886 934 933
f 886 887 934
f 887 935 934
f 887 888 935
f 888 936 935
f 888 889 936
f 889 937 936
f 889 890 937
f 890 938 937
f 890 891 938
f 891 939 938
f 891 892 939
f 892 940 939
f 892 893 940
f 893 941 940
f 893 894 941
f 894 942 941
f 894 895 942
f 895 943 942
f 895 896 943
f 896 944 943
f 896 897 944
f 897 945 944
f 897 898 945
f 898 946 945
f 898 899 946
f 899 947 946
f 899 900 947
f 900 948 947
f 900 901 948
f 901 949 948
f 901 902 949
f 902 950 949
f 902 903 950
f 903 951 950
f 903 904 951
f 904 952 951
f 904 905 952
f 905 953 952
f 905 906 953
f 906 954 953
f 906 907 954
f 907 955 954
f 907 908 955
f 908 956 955
f 908 909 956
f 909 957 956
f 909 910 957
f 910 958 957
f 910 911 958
f 911 959 958
f 911 912 959
f 912 960 959
f 912 865 960
f 865 913 960
f 913 914 961
f 914 962 961
f 914 915 962
f 915 963 962
f 915 916 963
f 916 964 963
f 916 917 964
f 917 965 964
f 917 918 965
f 918 966 965
f 918 919 966
f 919 967 966
f 919 920 967
f 920 968 967
f 920 921 968
f 921 969 968
f 921 922 969
f 922 970 969
f 922 923 970
f 923 971 970
f 923 924 971
f 924 972 971
f 924 925 972
f 925 973 972
f 925 926 973
f 926 974 973
f 926 927 974
f 927 975 974
f 927 928 975
f 928 976 975
f 928 929 976
f 929 977 976
f 929 930 977
f 930 978 977
f 930 931 978
f 931 979 978
f 931 932 979
f 932 980 979
f 932 933 980
f 933 981 980
f 933 934 981
f 934 982 981
f 934 935 982
f 935 983 982
f 935 936 983
f 936 984 983
f 936 937 984
f 937 985 984
f 937 938 985
f 938 986 985
f 938 939 986
f 939 987 986
f 939 940 987
f 940 988 987
f 940 941 988
f 941 989 988
f 941 942 989
f 942 990 989
f 942 943 990
f 943 991 990
f 943 944 991
f 944 992 991
f 944 945 992
f 945 993 992
f 945 946 993
f 946 994 993
f 946 947 994
f 947 995 994
f 947 948 995
f 948 996 995
f 948 949 996
f 949 997 996
f 949 950 997
f 950 998 997
f 950 951 998
f 951 999 998
f 951 952 999
f 952 1000 999
f 952 953 1000
f 953 1001 1000
f 953 954 1001
f 954 1002 1001
f 954 955 1002
f 955 1003 1002
f 955 956 1003
f 956 1004 1003
f 956 957 1004
f 957 1005 1004
f 957 958 1005
f 958 1006 1005
f 958 959 1006
f 959 1007 1006
f 959 960 1007
f 960 1008 1007
f 960 913 1008
f 913 961 1008
f 961 962 1009
f 962 1010 1009
f 962 963 1010
f 963 1011 1010
f 963 964 1011
f 964 1012 1011
f 964 965 1012
f 965 1013 1012
f 965 966 1013
f 966 1014 1013
f 966 967 1014
f 967 1015 1014
f 967 968 1015
f 968 1016 1015
f 968 969 1016
f 969 1017 1016
f 969 970 1017
f 970 1018 1017
f 970 971 1018
f 971 1019 1018
f 971 972 1019
f 972 1020 1019
f 972 973 1020
f 973 1021 1020
f 973 974 1021
f 974 1022 1021
f 974 975 1022
f 975 1023 1022
f 975 976 1023
f 976 1024 1023
f 976 977 1024
f 977 1025 1024
f 977 978 1025
f 978 1026 1025
f 978 979 1026
f 979 1027 1026
f 979 980 1027
f 980 1028 1027
f 980 981 1028
f 981 1029 1028
f 981 982 1029
f 982 1030 1029
f 982 983 1030
f 983 1031 1030
f 983 984 1031
f 984 1032 1031
f 984 985 1032
f 985 1033 1032
f 985 986 1033
f 986 1034 1033
f 986 987 1034
f 987 1035 1034
f 987 988 1035
f 988 1036 1035
f 988 989 1036
f 989 1037 1036
f 989 990 1037
f 990 1038 1037
f 990 991 1038
f 991 1039 1038
f 991 992 1039
f 992 1040 1039
f 992 993 1040
f 993 1041 1040
f 993 994 1041
f 994 1042 1041
f 994 995 1042
f 995 1043 1042
f 995 996 1043
f 996 1044 1043
f 996 997 1044
f 997 1045 1044
f 997 998 1045
f 998 1046 1045
f 998 999 1046
f 999 1047 1046
f 999 1000 1047
f 1000 1048 1047
f 1000 1001 1048
f 1001 1049 1048
f 1001 1002 1049
f 1002 1050 1049
f 1002 1003 1050
f 1003 1051 1050
f 1003 1004 1051
f 1004 1052 1051
f 1004 1005 1052
f 1005 1053 1052
f 1005 1006 1053
f 1006 1054 1053
f 1006 1007 1054
f 1007 1055 1054
f 1007 1008 1055
f 1008 1056 1055
f 1008 961 1056
f 961 1009 1056
f 1009 1010 1057
f 1010 1058 1057
f 1010 1011 1058
f 1011 1059 1058
f 1011 1012 1059
f 1012 1060 1059
f 1012 1013 1060
f 1013 1061 1060
f 1013 1014 1061
f 1014 1062 1061
f 1014 1015 1062
f 1015 1063 1062
f 1015 1016 1063
f 1016 1064 1063
f 1016 1017 1064
f 1017 1065 1064
f 1017 1018 1065
f 1018 1066 1065
f 1018 1019 1066
f 1019 1067 1066
f 1019 1020 1067
f 1020 1068 1067
f 1020 1021 1068
f 1021 1069 1068
f 1021 1022 1069
f 1022 1070 1069
f 1022 1023 1070
f 1023 1071 1070
f 1023 1024 1071
f 1024 1072 1071
f 1024 1025 1072
f 1025 1073 1072
f 1025 1026 1073
f 1026 1074 1073
f 1026 1027 1074
f 1027 1075 1074
f 1027 1028 1075
f 1028 1076 1075
f 1028 1029 1076
f 1029 1077 1076
f 1029 1030 1077
f 1030 1078 1077
f 1030 1031 1078
f 1031 1079 1078
f 1031 1032 1079
f 1032 1080 1079
f 1032 1033 1080
f 1033 1081 1080
f 1033 1034 1081
f 1034 1082 1081
f 1034 1035 1082
f 1035 1083 1082
f 1035 1036 1083
f 1036 1084 1083
f 1036 1037 1084
f 1037 1085 1084
f 1037 1038 1085
f 1038 1086 1085
f 1038 1039 1086
f 1039 1087 1086
f 1039 1040 1087
f 1040 1088 1087
f 1040 1041 1088
f 1041 1089 1088
f 1041 1042 1089
f 1042 1090 1089
f 1042 1043 1090
f 1043 1091 1090
f 1043 1044 1091
f 1044 1092 1091
f 1044 1045 1092
f 1045 1093 1092
f 1045 1046 1093
f 1046 1094 1093
f 1046 1047 1094
f 1047 1095 1094
f 1047 1048 1095
f 1048 1096 1095
f 1048 1049 1096
f 1049 1097 1096
f 1049 1050 1097
f 1050 1098 1097
f 1050 1051 1098
f 1051 1099 1098
f 1051 1052 1099
f 1052 1100 1099
f 1052 1053 1100
f 1053 1101 1100
f 1053 1054 1101
f 1054 1102 1101
f 1054 1055 1102
f 1055 1103 1102
f 1055 1056 1103
f 1056 1104 1103
f 1056 1009 1104
f 1009 1057 1104
f 1057 1058 1105
f 1058 1106 1105
f 1058 1059 1106
f 1059 1107 1106
f 1059 1060 1107
f 1060 1108 1107
f 1060 1061 1108
f 1061 1109 1108
f 1061 1062 1109
f 1062 1110 1109
f 1062 1063 1110
f 1063 1111 1110
f 1063 1064 1111
f 1064 1112 1111
f 1064 1065 1112
f 1065 1113 1112
f 1065 1066 1113
f 1066 1114 1113
f 1066 1067 1114
f 1067 1115 1114
f 1067 1068 1115
f 1068 1116 1115
f 1068 1069 1116
f 1069 1117 1116
f 1069 1070 1117
f 1070 1118 1117
f 1070 1071 1118
f 1071 1119 1118
f 1071 1072 1119
f 1072 1120 1119
f 1072 1073 1120
f 1073 1121 1120
f 1073 1074 1121
f 1074 1122 1121
f 1074 1075 1122
f 1075 1123 1122
f 1075 1076 1123
f 1076 1124 1123
f 1076 1077 1124
f 1077 1125 1124
f 1077 1078 1125
f 1078 1126 1125
f 1078 1079 1126
f 1079 1127 1126
f 1079 1080 1127
f 1080 1128 1127
f 1080 1081 1128
f 1081 1129 1128
f 1081 1082 1129
f 1082 1130 1129
f 1082 1083 1130
f 1083 1131 1130
f 1083 1084 1131
f 1084 1132 1131
f 1084 1085 1132
f 1085 1133 1132
f 1085 1086 1133
f 1086 1134 1133
f 1086 1087 1134
f 1087 1135 1134
f 1087 1088 1135
f 1088 1136 1135
f 1088 1089 1136
f 1089 1137 1136
f 1089 1090 1137
f 1090 1138 1137
f 1090 1091 1138
f 1091 1139 1138
f 1091 1092 1139
f 1092 1140 1139
f 1092 1093 1140
f 1093 1141 1140
f 1093 1094 1141
f 1094 1142 1141
f 1094 1095 1142
f 1095 1143 1142
f 1095 1096 1143
f 1096 1144 1143
f 1096 1097 1144
f 1097 1145 1144
f 1097 1098 1145
f 1098 1146 1145
f 1098 1099 1146
f 1099 1147 1146
f 1099 1100 1147
f 1100 1148 1147
f 1100 1101 1148
f 1101 1149 1148
f 1101 1102 1149
f 1102 1150 1149
f 1102 1103 1150
f 1103 1151 1150
f 1103 1104 1151
f 1104 1152 1151
f 1104 1057 1152
f 1057 1105 1152
f 1105 1106 1153
f 1106 1154 1153
f 1106 1107 1154
f 1107 1155 1154
f 1107 1108 1155
f 1108 1156 1155
f 1108 1109 1156
f 1109 1157 1156
f 1109 1110 1157
f 1110 1158 1157
f 1110 1111 1158
f 1111 1159 1158
f 1111 1112 1159
f 1112 1160 1159
f 1112 1113 1160
f 1113 1161 1160
f 1113 1114 1161
f 1114 1162 1161
f 1114 1115 1162
f 1115 1163 1162
f 1115 1116 1163
f 1116 1164 1163
f 1116 1117 1164
f 1117 1165 1164
f 1117 1118 1165
f 1118 1166 1165
f 1118 1119 1166
f 1119 1167 1166
f 1119 1120 1167
f 1120 1168 1167
f 1120 1121 1168
f 1121 1169 1168
f 1121 1122 1169
f 1122 1170 1169
f 1122 1123 1170
f 1123 1171 1170
f 1123 1124 1171
f 1124 1172 1171
f 1124 1125 1172
f 1125 1173 1172
f 1125 1126 1173
f 1126 1174 1173
f 1126 1127 1174
f 1127 1175 1174
f 1127 1128 1175
f 1128 1176 1175
f 1128 1129 1176
f 1129 1177 1176
f 1129 1130 1177
f 1130 1178 1177
f 1130 1131 1178
f 1131 1179 1178
f 1131 1132 1179
f 1132 1180 1179
f 1132 1133 1180
f 1133 1181 1180
f 1133 1134 1181
f 1134 1182 1181
f 1134 1135 1182
f 1135 1183 1182
f 1135 1136 1183
f 1136 1184 1183
f 1136 1137 1184
f 1137 1185 1184
f 1137 1138 1185
f 1138 1186 1185
f 1138 1139 1186
f 1139 1187 1186
f 1139 1140 1187
f 1140 1188 1187
f 1140 1141 1188
f 1141 1189 1188
f 1141 1142 1189
f 1142 1190 1189
f 1142 1143 1190
f 1143 1191 1190
f 1143 1144 1191
f 1144 1192 1191
f 1144 1145 1192
f 1145 1193 1192
f 1145 1146 1193
f 1146 1194 1193
f 1146 1147 1194
f 1147 1195 1194
f 1147 1148 1195
f 1148 1196 1195
f 1148 1149 1196
f 1149 1197 1196
f 1149 1150 1197
f 1150 1198 1197
f 1150 1151 1198
f 1151 1199 1198
f 1151 1152 1199
f 1152 1200 1199
f 1152 1105 1200
f 1105 1153 1200
f 1153 1154 1201
f 1154 1202 1201
f 1154 1155 1202
f 1155 1203 1202
f 1155 1156 1203
f 1156 1204 1203
f 1156 1157 1204
f 1157 1205 1204
f 1157 1158 1205
f 1158 1206 1205
f 1158 1159 1206
f 1159 1207 1206
f 1159 1160 1207
f 1160 1208 1207
f 1160 1161 1208
f 1161 1209 1208
f 1161 1162 1209
f 1162 1210 1209
f 1162 1163 1210
f 1163 1211 1210
f 1163 1164 1211
f 1164 1212 1211
f 1164 1165 1212
f 1165 1213 1212
f 1165 1166 1213
f 1166 1214 1213
f 1166 1167 1214
f 1167 1215 1214
f 1167 1168 1215
f 1168 1216 1215
f 1168 1169 1216
f 1169 1217 1216
f 1169 1170 1217
f 1170 1218 1217
f 1170 1171 1218
f 1171 1219 1218
f 1171 1172 1219
f 1172 1220 1219
f 1172 1173 1220
f 1173 1221 1220
f 1173 1174 1221
f 1174 1222 1221
f 1174 1175 1222
f 1175 1223 1222
f 1175 1176 1223
f 1176 1224 1223
f 1176 1177 1224
f 1177 1225 1224
f 1177 1178 1225
f 1178 1226 1225
f 1178 1179 1226
f 1179 1227 1226
f 1179 1180 1227
f 1180 1228 1227
f 1180 1181 1228
f 1181 1229 1228
f 1181 1182 1229
f 1182 1230 1229
f 1182 1183 1230
f 1183 1231 1230
f 1183 1184 1231
f 1184 1232 1231
f 1184 1185 1232
f 1185 1233 1232
f 1185 1186 1233
f 1186 1234 1233
f 1186 1187 1234
f 1187 1235 1234
f 1187 1188 1235
f 1188 1236 1235
f 1188 1189 1236
f 1189 1237 1236
f 1189 1190 1237
f 1190 1238 1237
f 1190 1191 1238
f 1191 1239 1238
f 1191 1192 1239
f 1192 1240 1239
f 1192 1193 1240
f 1193 1241 1240
f 1193 1194 1241
f 1194 1242 1241
f 1194 1195 1242
f 1195 1243 1242
f 1195 1196 1243
f 1196 1244 1243
f 1196 1197 1244
f 1197 1245 1244
f 1197 1198 1245
f 1198 1246 1245
f 1198 1199 1246
f 1199 1247 1246
f 1199 1200 1247
f 1200 1248 1247
f 1200 1153 1248
f 1153 1201 1248
f 1201 1202 1249
f 1202 1250 1249
f 1202 1203 1250
f 1203 1251 1250
f 1203 1204 1251
f 1204 1252 1251
f 1204 1205 1252
f 1205 1253 1252
f 1205 1206 1253
f 1206 1254 1253
f 1206 1207 1254
f 1207 1255 1254
f 1207 1208 1255
f 1208 1256 1255
f 1208 1209 1256
f 1209 1257 1256
f 1209 1210 1257
f 1210 1258 1257
f 1210 1211 1258
f 1211 1259 1258
f 1211 1212 1259
f 1212 1260 1259
f 1212 1213 1260
f 1213 1261 1260
f 1213 1214 1261
f 1214 1262 1261
f 1214 1215 1262
f 1215 1263 1262
f 1215 1216 1263
f 1216 1264 1263
f 1216 1217 1264
f 1217 1265 1264
f 1217 1218 1265
f 1218 1266 1265
f 1218 1219 1266
f 1219 1267 1266
f 1219 1220 1267
f 1220 1268 1267
f 1220 1221 1268
f 1221 1269 1268
f 1221 1222 1269
f 1222 1270 1269
f 1222 1223 1270
f 1223 1271 1270
f 1223 1224 1271
f 1224 1272 1271
f 1224 1225 1272
f 1225 1273 1272
f 1225 1226 1273
f 1226 1274 1273
f 1226 1227 1274
f 1227 1275 1274
f 1227 1228 1275
f 1228 1276 1275
f 1228 1229 1276
f 1229 1277 1276
f 1229 1230 1277
f 1230 1278 1277
f 1230 1231 1278
f 1231 1279 1278
f 1231 1232 1279
f 1232 1280 1279
f 1232 1233 1280
f 1233 1281 1280
f 1233 1234 1281
f 1234 1282 1281
f 1234 1235 1282
f 1235 1283 1282
f 1235 1236 1283
f 1236 1284 1283
f 1236 1237 1284
f 1237 1285 1284
f 1237 1238 1285
f 1238 1286 1285
f 1238 1239 1286
f 1239 1287 1286
f 1239 1240 1287
f 1240 1288 1287
f 1240 1241 1288
f 1241 1289 1288
f 1241 1242 1289
f 1242 1290 1289
f 1242 1243 1290
f 1243 1291 1290
f 1243 1244 1291
f 1244 1292 1291
f 1244 1245 1292
f 1245 1293 1292
f 1245 1246 1293
f 1246 1294 1293
f 1246 1247 1294
f 1247 1295 1294
f 1247 1248 1295
f 1248 1296 1295
f 1248 1201 1296
f 1201 1249 1296
f 1249 1250 1297
f 1250 1298 1297
f 1250 1251 1298
f 1251 1299 1298
f 1251 1252 1299
f 1252 1300 1299
f 1252 1253 1300
f 1253 1301 1300
f 1253 1254 1301
f 1254 1302 1301
f 1254 1255 1302
f 1255 1303 1302
f 1255 1256 1303
f 1256 1304 1303
f 1256 1257 1304
f 1257 1305 1304
f 1257 1258 1305
f 1258 1306 1305
f 1258 1259 1306
f 1259 1307 1306
f 1259 1260 1307
f 1260 1308 1307
f 1260 1261 1308
f 1261 1309 1308
f 1261 1262 1309
f 1262 1310 1309
f 1262 1263 1310
f 1263 1311 1310
f 1263 1264 1311
f 1264 1312 1311
f 1264 1265 1312
f 1265 1313 1312
f 1265 1266 1313
f 1266 1314 1313
f 1266 1267 1314
f 1267 1315 1314
f 1267 1268 1315
f 1268 1316 1315
f 1268 1269 1316
f 1269 1317 1316
f 1269 1270 1317
f 1270 1318 1317
f 1270 1271 1318
f 1271 1319 1318
f 1271 1272 1319
f 1272 1320 1319
f 1272 1273 1320
f 1273 1321 1320
f 1273 1274 1321
f 1274 1322 1321
f 1274 1275 1322
f 1275 1323 1322
f 1275 1276 1323
f 1276 1324 1323
f 1276 1277 1324
f 1277 1325 1324
f 1277 1278 1325
f 1278 1326 1325
f 1278 1279 1326
f 1279 1327 1326
f 1279 1280 1327
f 1280 1328 1327
f 1280 1281 1328
f 1281 1329 1328
f 1281 1282 1329
f 1282 1330 1329
f 1282 1283 1330
f 1283 1331 1330
f 1283 1284 1331
f 1284 1332 1331
f 1284 1285 1332
f 1285 1333 1332
f 1285 1286 1333
f 1286 1334 1333
f 1286 1287 1334
f 1287 1335 1334
f 1287 1288 1335
f 1288 1336 1335
f 1288 1289 1336
f 1289 1337 1336
f 1289 1290 1337
f 1290 1338 1337
f 1290 1291 1338
f 1291 1339 1338
f 1291 1292 1339
f 1292 1340 1339
f 1292 1293 1340
f 1293 1341 1340
f 1293 1294 1341
f 1294 1342 1341
f 1294 1295 1342
f 1295 1343 1342
f 1295 1296 1343
f 1296 1344 1343
f 1296 1249 1344
f 1249 1297 1344
f 31 30 32
f 32 30 1345
f 32 1346 33
f 32 1345 1346
f 33 1346 34
f 34 1346 1347
f 34 1348 35
f 34 1347 1348
f 35 1348 36
f 36 1348 1349
f 36 1350 37
f 36 1349 1350
f 37 1350 38
f 38 1350 1351
f 38 1352 39
f 38 1351 1352
f 39 1352 40
f 40 1352 1353
f 40 1354 41
f 40 1353 1354
f 41 1354 42
f 42 1354 1355
f 42 44 43
f 42 1355 44
f 30 1356 1345
f 30 29 1356
f 1345 1356 1346
f 1346 1356 1357
f 1346 1358 1347
f 1346 1357 1358
f 1347 1358 1348
f 1348 1358 1359
f 1348 1360 1349
f 1348 1359 1360
f 1349 1360 1350
f 1350 1360 1361
f 1350 1362 1351
f 1350 1361 1362
f 1351 1362 1352
f 1352 1362 1363
f 1352 1364 1353
f 1352 1363 1364
f 1353 1364 1354
f 1354 1364 1365
f 1354 1366 1355
f 1354 1365 1366
f 1355 1366 44
f 44 1366 45
f 29 28 1356
f 1356 28 1367
f 1356 1368 1357
f 1356 1367 1368
f 1357 1368 1358
f 1358 1368 1369
f 1358 1370 1359
f 1358 1369 1370
f 1359 1370 1360
f 1360 1370 1371
f 1360 1372 1361
f 1360 1371 1372
f 1361 1372 1362
f 1362 1372 1373
f 1362 1374 1363
f 1362 1373 1374
f 1363 1374 1364
f 1364 1374 1375
f 1364 1376 1365
f 1364 1375 1376
f 1365 1376 1366
f 1366 1376 1377
f 1366 46 45
f 1366 1377 46
f 28 1378 1367
f 28 27 1378
f 1367 1378 1368
f 1368 1378 1379
f 1368 1380 1369
f 1368 1379 1380
f 1369 1380 1370
f 1370 1380 1381
f 1370 1382 1371
f 1370 1381 1382
f 1371 1382 1372
f 1372 1382 1383
f 1372 1384 1373
f 1372 1383 1384
f 1373 1384 1374
f 1374 1384 1385
f 1374 1386 1375
f 1374 1385 1386
f 1375 1386 1376
f 1376 1386 1387
f 1376 1388 1377
f 1376 1387 1388
f 1377 1388 46
f 46 1388 47
f 27 26 1378
f 1378 26 1389
f 1378 1390 1379
f 1378 1389 1390
f 1379 1390 1380
f 1380 1390 1391
f 1380 1392 1381
f 1380 1391 1392
f 1381 1392 1382
f 1382 1392 1393
f 1382 1394 1383
f 1382 1393 1394
f 1383 1394 1384
f 1384 1394 1395
f 1384 1396 1385
f 1384 1395 1396
f 1385 1396 1386
f 1386 1396 1397
f 1386 1398 1387
f 1386 1397 1398
f 1387 1398 1388
f 1388 1398 1399
f 1388 48 47
f 1388 1399 48
f 26 1400 1389
f 26 25 1400
f 1389 1400 1390
f 1390 1400 1401
f 1390 1402 1391
f 1390 1401 1402
f 1391 1402 1392
f 1392 1402 1403
f 1392 1404 1393
f 1392 1403 1404
f 1393 1404 1394
f 1394 1404 1405
f 1394 1406 1395
f 1394 1405 1406
f 1395 1406 1396
f 1396 1406 1407
f 1396 1408 1397
f 1396 1407 1408
f 1397 1408 1398
f 1398 1408 1409
f 1398 1410 1399
f 1398 1409 1410
f 1399 1410 48
f 48 1410 1
f 25 24 1400
f 1400 24 1411
f 1400 1412 1401
f 1400 1411 1412
f 1401 1412 1402
f 1402 1412 1413
f 1402 1414 1403
f 1402 1413 1414
f 1403 1414 1404
f 1404 1414 1415
f 1404 1416 1405
f 1404 1415 1416
f 1405 1416 1406
f 1406 1416 1417
f 1406 1418 1407
f 1406 1417 1418
f 1407 1418 1408
f 1408 1418 1419
f 1408 1420 1409
f 1408 1419 1420
f 1409 1420 1410
f 1410 1420 1421
f 1410 2 1
f 1410 1421 2
f 24 1422 1411
f 24 23 1422
f 1411 1422 1412
f 1412 1422 1423
f 1412 1424 1413
f 1412 1423 1424
f 1413 1424 1414
f 1414 1424 1425
f 1414 1426 1415
f 1414 1425 1426
f 1415 1426 1416
f 1416 1426 1427
f 1416 1428 1417
f 1416 1427 1428
f 1417 1428 1418
f 1418 1428 1429
f 1418 1430 1419
f 1418 1429 1430
f 1419 1430 1420
f 1420 1430 1431
f 1420 1432 1421
f 1420 1431 1432
f 1421 1432 2
f 2 1432 3
f 23 22 1422
f 1422 22 1433
f 1422 1434 1423
f 1422 1433 1434
f 1423 1434 1424
f 1424 1434 1435
f 1424 1436 1425
f 1424 1435 1436
f 1425 1436 1426
f 1426 1436 1437
f 1426 1438 1427
f 1426 1437 1438
f 1427 1438 1428
f 1428 1438 1439
f 1428 1440 1429
f 1428 1439 1440
f 1429 1440 1430
f 1430 1440 1441
f 1430 1442 1431
f 1430 1441 1442
f 1431 1442 1432
f 1432 1442 1443
f 1432 4 3
f 1432 1443 4
f 22 1444 1433
f 22 21 1444
f 1433 1444 1434
f 1434 1444 1445
f 1434 1446 1435
f 1434 1445 1446
f 1435 1446 1436
f 1436 1446 1447
f 1436 1448 1437
f 1436 1447 1448
f 1437 1448 1438
f 1438 1448 1449
f 1438 1450 1439
f 1438 1449 1450
f 1439 1450 1440
f 1440 1450 1451
f 1440 1452 1441
f 1440 1451 1452
f 1441 1452 1442
f 1442 1452 1453
f 1442 1454 1443
f 1442 1453 1454
f 1443 1454 4
f 4 1454 5
f 21 20 1444
f 1444 20 1455
f 1444 1456 1445
f 1444 1455 1456
f 1445 1456 1446
f 1446 1456 1457
f 1446 1458 1447
f 1446 1457 1458
f 1447 1458 1448
f 1448 1458 1459
f 1448 1460 1449
f 1448 1459 1460
f 1449 1460 1450
f 1450 1460 1461
f 1450 1462 1451
f 1450 1461 1462
f 1451 1462 1452
f 1452 1462 1463
f 1452 1464 1453
f 1452 1463 1464
f 1453 1464 1454
f 1454 1464 1465
f 1454 6 5
f 1454 1465 6
f 20 18 1455
f 20 19 18
f 1455 18 1456
f 1456 18 17
f 1456 16 1457
f 1456 17 16
f 1457 16 1458
f 1458 16 15
f 1458 14 1459
f 1458 15 14
f 1459 14 1460
f 1460 14 13
f 1460 12 1461
f 1460 13 12
f 1461 12 1462
f 1462 12 11
f 1462 10 1463
f 1462 11 10
f 1463 10 1464
f 1464 10 9
f 1464 8 1465
f 1464 9 8
f 1465 8 6
f 6 8 7
# grip center 0.177783546 0.0142531033 0.846402442 active 1 orientation 1 0 0 0 patch_center 0
# ball 0 center 0.383831435 0.0560465248 0.607362833 radius 0.07 appearance 0 orientation 0.733157755 -0.368588904 -0.549439185 0.1572848 angular_velocity -0.524916239 -6.67802752 0.760682926 linear_velocity 0.702878887 0.0958093989 3.03132823
# ball 1 center 0.333729018 0.0930519909 0.487590786 radius 0.065 appearance 1 orientation 0.779912329 0.335233557 -0.520026777 0.0944847711 angular_velocity 0.654425833 -5.33457037 1.89594477 linear_velocity 1.37726656 0.0362222588 2.73108457
# ball 2 center 0.22051347 0.165441905 0.448323235 radius 0.075 appearance 2 orientation 0.779939698 0.456018606 -0.283386829 -0.321610017 angular_velocity 4.15243275 -2.99841684 -2.98401378 linear_velocity 1.54768457 0.153912357 2.45656458
# ball 3 center 0.188359308 0.12547899 0.323446992 radius 0.06 appearance 1 orientation 0.887033723 0.0831700876 -0.387321293 0.237141577 angular_velocity -1.60796136 -4.64101456 0.51409162 linear_velocity 1.95663516 0.398398903 2.27278576
# ball 4 center 0.14468704 -0.000459485056 0.35916145 radius 0.068 appearance 3 orientation 0.943424675 -0.151630102 -0.261358961 0.136563859 angular_velocity -0.529652728 -3.41642346 1.13095488 linear_velocity 1.61673753 0.439418365 2.18778965
# ball 5 center 0.236833599 -0.103526101 0.381213338 radius 0.072 appearance 0 orientation 0.791143175 -0.478211751 -0.298438303 0.237361702 angular_velocity -2.24748861 -5.9963333 1.56655848 linear_velocity 1.58054436 0.418840289 2.23760703
# ball 6 center 0.331017893 -0.0389505577 0.454746234 radius 0.063 appearance 2 orientation 0.515582801 -0.398954603 -0.745982389 0.136087746 angular_velocity -4.0543077 -3.5339124 1.77026825 linear_velocity 1.36596003 0.220746523 2.7064312
# ball 7 center 0.267059835 0.0480650919 0.38418673 radius 0.066 appearance 3 orientation 0.804335293 -0.121657773 -0.5274597 -0.245010994 angular_velocity 1.59929639 -0.843626755 -4.34273301 linear_velocity 1.63901008 0.235242096 2.47580415
# ball 8 center 0.255703987 -0.00505676924 0.61107023 radius 0.072 appearance 0 orientation 0.753445668 0.651374145 -0.0449118609 0.077551752 angular_velocity 5.36275488 -1.64965998 -0.843506308 linear_velocity 0.763266328 -0.0777141761 2.28070129
# ball 9 center 0.163878192 0.0809590125 0.543065444 radius 0.064 appearance 1 orientation 0.782820024 -0.534822295 -0.029946806 -0.31664035 angular_velocity -1.43792132 -4.12817542 -5.25575944 linear_velocity 0.827084674 0.216903734 2.0825455
# ball 10 center 0.0572481212 0.00628704264 0.473385762 radius 0.07 appearance 2 orientation 0.292850219 0.341994597 -0.878976464 -0.157094944 angular_velocity 5.06602504 -9.91639431 -1.41957228 linear_velocity 0.84158424 -0.0815564724 1.73888201
# ball 11 center 0.188601097 -0.0379028428 0.49385531 radius 0.067 appearance 3 orientation 0.745611115 0.573792449 0.114193788 0.319039291 angular_velocity 2.50743227 -0.751068462 5.36941518 linear_velocity 0.966492328 0.249659119 2.07289126
