# Numi Solver explicit-yarn cloth bag reference
# static_bench min -0.75 -0.5 -0.08 max 0.75 0.5 0 floor -0.75
# vertices 1465 render_triangles 2880
v 0.234189992 -0.043389881 1.30347345
v 0.263153599 -0.0641987567 1.33839198
v 0.298792223 -0.0461974493 1.35859516
v 0.318224614 -0.00679357128 1.34772447
v 0.317590023 0.0298061222 1.32211752
v 0.335541236 0.0653912948 1.30950313
v 0.357999203 0.100380356 1.30000258
v 0.359007368 0.137392975 1.27832139
v 0.345108046 0.150696842 1.23920056
v 0.32561411 0.14274273 1.20063844
v 0.316321759 0.109516904 1.17884882
v 0.298037237 0.114658256 1.14346108
v 0.29801159 0.133137982 1.10686751
v 0.314282116 0.160775295 1.08334907
v 0.336900553 0.180233847 1.05732528
v 0.333257525 0.186302045 1.01845364
v 0.320484834 0.172102865 0.984407013
v 0.311900247 0.149440001 0.95377435
v 0.314005086 0.151314141 0.914094152
v 0.325628059 0.145042579 0.873173082
v 0.328393686 0.134003252 0.82779834
v 0.315896102 0.108332764 0.789109921
v 0.307568957 0.0683668392 0.76528034
v 0.296854467 0.0226812966 0.77865882
v 0.296557339 -0.00780652923 0.819942974
v 0.299420505 -0.0503809772 0.836381906
v 0.297890414 -0.0864074712 0.847426248
v 0.289469727 -0.124903469 0.847974157
v 0.28970828 -0.165642299 0.846983479
v 0.28836297 -0.198792479 0.869725622
v 0.297482378 -0.232770522 0.892637919
v 0.309289395 -0.252363118 0.925493068
v 0.317303634 -0.282210033 0.950180187
v 0.313669975 -0.30316738 0.987568703
v 0.315094325 -0.318956011 1.02782928
v 0.309932331 -0.314909879 1.06990485
v 0.301342094 -0.283178959 1.09693562
v 0.30270603 -0.283087774 1.13940567
v 0.305364554 -0.251744018 1.1687728
v 0.32725639 -0.259438893 1.20431506
v 0.328508166 -0.23637851 1.24027933
v 0.3229609 -0.200891711 1.26565313
v 0.304511718 -0.165329387 1.28126059
v 0.275946047 -0.134024947 1.28030305
v 0.245485076 -0.106849779 1.26622071
v 0.216145241 -0.089063824 1.24364036
v 0.205682787 -0.0548910229 1.24070569
v 0.215995705 -0.0240196333 1.26228926
v 0.241168853 -0.0451285616 1.29926366
v 0.26013411 -0.0578275494 1.34147819
v 0.294194128 -0.0413876637 1.36371729
v 0.313032066 -0.00136762964 1.35515806
v 0.312016431 0.0365210161 1.3324939
v 0.328560556 0.0715233078 1.32145237
v 0.348879058 0.105387978 1.30851194
v 0.350024861 0.138887579 1.28219401
v 0.33801617 0.153058918 1.24388739
v 0.320296953 0.138027286 1.2074015
v 0.306650379 0.110928563 1.17947645
v 0.291470987 0.120682294 1.14375807
v 0.29516458 0.140610046 1.10914526
v 0.320073045 0.163384181 1.08964455
v 0.327161241 0.184650308 1.05799211
v 0.321765996 0.188469661 1.02016304
v 0.313956922 0.166642453 0.990098828
v 0.306290892 0.154146459 0.954063732
v 0.314627491 0.159083616 0.914673991
v 0.318594544 0.150616848 0.87253941
v 0.31934191 0.132558489 0.831399011
v 0.314198054 0.100591221 0.799762811
v 0.299420015 0.063592411 0.777940087
v 0.282869098 0.0199127457 0.782402655
v 0.291633374 -0.016267922 0.813298627
v 0.289997116 -0.0524794419 0.836972342
v 0.28996017 -0.0882410485 0.845555868
v 0.289775804 -0.127023724 0.854678743
v 0.283155193 -0.167238488 0.845807846
v 0.289362671 -0.20331401 0.863381197
v 0.301408732 -0.2264587 0.896693202
v 0.301334279 -0.257851601 0.922172445
v 0.30507406 -0.279012938 0.953659667
v 0.307908859 -0.291233185 0.992749722
v 0.303645886 -0.312792222 1.02871154
v 0.298723117 -0.31560904 1.06990681
v 0.306400475 -0.290083925 1.10180815
v 0.304513527 -0.275064701 1.14077572
v 0.303206652 -0.246680291 1.17260871
v 0.322797378 -0.26267517 1.20663918
v 0.323927914 -0.240473396 1.24296227
v 0.313157781 -0.204298295 1.26454924
v 0.292025864 -0.168946439 1.27434963
v 0.263106385 -0.139935586 1.27499606
v 0.235577022 -0.111370933 1.268903
v 0.210785709 -0.0891647473 1.25042665
v 0.198508809 -0.0557940594 1.24737794
v 0.209910436 -0.0255802103 1.26970448
v 0.237512218 -0.0357343361 1.30517106
v 0.252213782 -0.0442332018 1.34507843
v 0.283318987 -0.0268406783 1.36640275
v 0.301421067 0.0114394434 1.36142927
v 0.301623756 0.0483680005 1.34246723
v 0.319913313 0.0808745592 1.33559559
v 0.335049625 0.112714068 1.31713465
v 0.335105737 0.138417772 1.28433196
v 0.325407419 0.151066694 1.2464922
v 0.315415717 0.127547294 1.2137482
v 0.294867476 0.116663275 1.18049725
v 0.287960656 0.131970621 1.14543193
v 0.292740563 0.151032737 1.11258541
v 0.314119253 0.173309333 1.09122387
v 0.315549233 0.189300738 1.05744922
v 0.309431097 0.186468905 1.02123031
v 0.303519214 0.167234412 0.9903622
v 0.300248882 0.158228837 0.952788416
v 0.307980701 0.161481798 0.913205454
v 0.307423312 0.15088698 0.873207376
v 0.306019615 0.124190056 0.841357427
v 0.292670751 0.0965367707 0.813426282
v 0.283793279 0.0577620106 0.800036969
v 0.271759254 0.0171495319 0.80198869
v 0.281195223 -0.0182784832 0.823270557
v 0.281374555 -0.0539441877 0.839953113
v 0.284267957 -0.0897836108 0.840965218
v 0.284126871 -0.125473521 0.857227246
v 0.281066884 -0.165980077 0.851369316
v 0.282594013 -0.202997458 0.866114903
v 0.292038772 -0.223203913 0.900844118
v 0.287376958 -0.254186253 0.925622008
v 0.287701707 -0.275603266 0.955427619
v 0.291044308 -0.282880267 0.992951952
v 0.289464813 -0.301807369 1.02828053
v 0.289245433 -0.302563634 1.06814956
v 0.293708916 -0.29480837 1.10704338
v 0.303142518 -0.265470016 1.13281026
v 0.30001229 -0.256947111 1.17275685
v 0.313091295 -0.264626928 1.21080312
v 0.311058185 -0.243178455 1.24576461
v 0.295977674 -0.209683792 1.26548195
v 0.276807679 -0.174476819 1.26134912
v 0.253527675 -0.144314055 1.26020921
v 0.228036867 -0.117875615 1.26280369
v 0.203277866 -0.0926161409 1.25554973
v 0.194563747 -0.0577226461 1.25802317
v 0.205210943 -0.0275626004 1.27882453
v 0.227770593 -0.0249143305 1.30993468
v 0.243805018 -0.0245709626 1.34542141
v 0.268844506 -0.0100872128 1.37103148
v 0.2895776 0.0229813545 1.37244577
v 0.295393484 0.0570477651 1.35645922
v 0.308508647 0.088634885 1.34590248
v 0.320569126 0.117805206 1.32490719
v 0.319636717 0.133847741 1.28811223
v 0.311511299 0.145055595 1.2512164
v 0.300012714 0.1269219 1.21792767
v 0.283836095 0.127471936 1.1821239
v 0.282288357 0.144173133 1.14874608
v 0.289927885 0.161813875 1.11790416
v 0.306054972 0.181205526 1.09214111
v 0.305280652 0.191832932 1.05780395
v 0.299881843 0.188944608 1.02274857
v 0.296227397 0.171943931 0.991185454
v 0.29444518 0.162926393 0.954033501
v 0.29897337 0.161380404 0.914985269
v 0.293332897 0.148843643 0.87831368
v 0.290503782 0.1160869 0.857199338
v 0.280296718 0.0842271107 0.837986841
v 0.264158877 0.0533355629 0.822511904
v 0.268813978 0.0159637102 0.824631191
v 0.273500364 -0.0199518001 0.833446159
v 0.274004182 -0.0560018582 0.839036549
v 0.277793125 -0.0915081006 0.840519592
v 0.277417767 -0.125850329 0.856236332
v 0.281404999 -0.164655181 0.860325776
v 0.273926068 -0.200506168 0.87235182
v 0.278925088 -0.224442189 0.903437741
v 0.273792682 -0.248957214 0.932952812
v 0.270388325 -0.273002583 0.958790464
v 0.274480607 -0.276007496 0.9945006
v 0.278139826 -0.288833823 1.03020411
v 0.283710548 -0.287173496 1.06797099
v 0.282154341 -0.284438353 1.10597772
v 0.289025154 -0.262986912 1.1369645
v 0.2936957 -0.270462207 1.17463172
v 0.297155791 -0.264816957 1.21289641
v 0.293543443 -0.245916233 1.24670677
v 0.278411727 -0.21099926 1.25622495
v 0.259911824 -0.181309168 1.2699415
v 0.24019969 -0.152280248 1.26465629
v 0.219880774 -0.123126093 1.26652011
v 0.197982992 -0.0943401821 1.26427784
v 0.186936425 -0.0595820255 1.26680316
v 0.198006291 -0.0303616412 1.28666239
v 0.218824456 -0.0151643547 1.31698041
v 0.242407723 -0.00520565163 1.34265469
v 0.257745376 0.00514511993 1.37368612
v 0.27985712 0.033531461 1.37606124
v 0.288841984 0.0650671715 1.36247529
v 0.297857604 0.0913354396 1.34166469
v 0.309447974 0.122979349 1.32774854
v 0.306224127 0.134065141 1.29102486
v 0.298968445 0.138182347 1.25391936
v 0.285289136 0.129985727 1.21928518
v 0.276686418 0.140169916 1.18364727
v 0.281503394 0.15661939 1.15191369
v 0.292350052 0.171123391 1.12200573
v 0.300847485 0.187234714 1.09196851
v 0.298917964 0.19034984 1.05700185
v 0.293868636 0.186439436 1.02245116
v 0.290963999 0.17462 0.988940029
v 0.289320357 0.167155543 0.952340507
v 0.289416277 0.159760268 0.915138484
v 0.280130978 0.143160781 0.882569039
v 0.270114045 0.112890298 0.861755609
v 0.261848283 0.0778533211 0.853561701
v 0.249863813 0.0476496538 0.840129856
v 0.259116646 0.0137493067 0.83760553
v 0.264998605 -0.0213650556 0.834508605
v 0.26716149 -0.056977876 0.836187481
v 0.270991802 -0.0922592071 0.841656965
v 0.271195906 -0.12679666 0.853437875
v 0.274393672 -0.16148266 0.866940429
v 0.268005297 -0.195225554 0.881442432
v 0.267837589 -0.220729713 0.90930077
v 0.259753114 -0.249779364 0.931019324
v 0.261444266 -0.262772104 0.962985249
v 0.261353078 -0.278334907 0.994144142
v 0.267589094 -0.282223486 1.03044737
v 0.272804069 -0.282050668 1.06719814
v 0.273663865 -0.275887503 1.10372097
v 0.276072452 -0.263717287 1.13846963
v 0.281045289 -0.263225532 1.17497019
v 0.283594421 -0.257062841 1.21121726
v 0.277940344 -0.244496839 1.24538941
v 0.268570695 -0.216127725 1.26685606
v 0.247884844 -0.187490532 1.26551218
v 0.230385971 -0.157943182 1.26533876
v 0.214237677 -0.126379605 1.27286057
v 0.192602409 -0.0959992421 1.27289571
v 0.179912631 -0.0612626374 1.27488593
v 0.199755234 -0.0370512963 1.29464317
v 0.212377387 -0.0190393206 1.32406531
v 0.232283049 -0.00284195715 1.34837549
v 0.24969334 0.0112421871 1.37537244
v 0.273016413 0.0373985222 1.37864984
v 0.280079506 0.0682012145 1.3632473
v 0.297266396 0.0959789725 1.35025397
v 0.301073278 0.125330971 1.32924625
v 0.297706595 0.133501195 1.29256632
v 0.289982134 0.139524619 1.25625572
v 0.277114017 0.135604427 1.22093671
v 0.273771571 0.149711022 1.1860392
v 0.284398108 0.16492052 1.15581764
v 0.289993672 0.178296925 1.12448713
v 0.296872063 0.192912888 1.09298666
v 0.291263206 0.194117906 1.05770597
v 0.284684844 0.186606013 1.02325709
v 0.285766887 0.179942726 0.987793228
v 0.285651927 0.172258831 0.951770417
v 0.28206642 0.161614259 0.916299249
v 0.271288352 0.142158804 0.886429319
v 0.262011779 0.110031874 0.86916857
v 0.260300968 0.0742950031 0.864807297
v 0.250200453 0.0450793503 0.850323009
v 0.253534654 0.010543201 0.842874714
v 0.257706769 -0.0234608395 0.829524007
v 0.259838585 -0.0599804617 0.829089863
v 0.262118312 -0.0945010297 0.841293408
v 0.264751548 -0.129573304 0.851028708
v 0.265989091 -0.160709907 0.870100573
v 0.262808968 -0.191640711 0.889272469
v 0.258020959 -0.220715659 0.911049071
v 0.253106229 -0.245163708 0.937162366
v 0.252942101 -0.268108961 0.962718217
v 0.257060978 -0.270701914 0.99750011
v 0.259303465 -0.281401297 1.03332329
v 0.265545916 -0.285305908 1.0700836
v 0.267725717 -0.279607215 1.10688164
v 0.270117252 -0.267168275 1.14182735
v 0.272023376 -0.263528657 1.17791251
v 0.27395486 -0.259636804 1.21346416
v 0.26990807 -0.241131441 1.24371417
v 0.261837319 -0.218749198 1.27011062
v 0.25028924 -0.186108447 1.27352094
v 0.229589465 -0.158132494 1.27428925
v 0.205908147 -0.129591726 1.27550015
v 0.191570574 -0.0950351236 1.282389
v 0.174113476 -0.0618247251 1.2819008
v 0.193000292 -0.0318568949 1.29528247
v 0.207770329 -0.0134576904 1.32845965
v 0.226870778 -0.001654896 1.35535499
v 0.244685005 0.0179318881 1.37862867
v 0.268575425 0.0438750281 1.38629873
v 0.277908046 0.0764875357 1.37345253
v 0.291439188 0.105630622 1.35643779
v 0.292175071 0.130419071 1.32931213
v 0.289241613 0.133063296 1.29209182
v 0.283581605 0.144587533 1.25684629
v 0.271352245 0.141327053 1.22129686
v 0.270085168 0.156856591 1.18708998
v 0.277670538 0.169336131 1.1550213
v 0.287120458 0.1859618 1.12594462
v 0.290994722 0.200896428 1.09260238
v 0.28544547 0.204580502 1.05594426
v 0.282408297 0.197649665 1.01962363
v 0.281894552 0.186915981 0.984122499
v 0.280555276 0.175832551 0.949052415
v 0.274680617 0.1608937 0.915845372
v 0.264236277 0.139872237 0.887477051
v 0.255389837 0.107692176 0.871680391
v 0.252965593 0.0723269163 0.86783143
v 0.246822704 0.0399976233 0.85719333
v 0.249542475 0.0121639103 0.833336523
v 0.246179923 -0.0254362613 0.827828661
v 0.250809478 -0.0623721391 0.821887542
v 0.252581489 -0.0955675732 0.839728836
v 0.256877227 -0.13144928 0.848866877
v 0.257272473 -0.16272167 0.86736449
v 0.253468559 -0.191256644 0.889041141
v 0.249251031 -0.21918225 0.911251232
v 0.243282867 -0.244815527 0.935277682
v 0.247212241 -0.259496121 0.9667016
v 0.249391311 -0.278759954 0.99715282
v 0.255592047 -0.291423416 1.03265518
v 0.25957404 -0.293130385 1.07069034
v 0.263174482 -0.286400411 1.10795328
v 0.263964359 -0.270653175 1.14275416
v 0.264536685 -0.260788616 1.17791821
v 0.266330773 -0.257096644 1.2130151
v 0.266504482 -0.246825633 1.24696129
v 0.25396453 -0.218808034 1.26497097
v 0.243107427 -0.189478744 1.28182922
v 0.219749 -0.162717001 1.27674907
v 0.203004538 -0.130217467 1.28448878
v 0.196131249 -0.0929410607 1.28887422
v 0.17325804 -0.0627856061 1.28943793
v 0.188286874 -0.0292633775 1.30081069
v 0.201090421 -0.0140632757 1.33302258
v 0.219379694 0.000493039176 1.35904288
v 0.23718453 0.0242418445 1.37961182
v 0.261104192 0.0495753123 1.39409513
v 0.274751347 0.0833663646 1.38481891
v 0.283578512 0.112400252 1.36266534
v 0.283027702 0.131060107 1.33024884
v 0.280790183 0.13195767 1.29308956
v 0.275158024 0.145567241 1.25897553
v 0.2665717 0.147730061 1.22287393
v 0.26942572 0.164373747 1.19015248
v 0.279632582 0.177026915 1.15885478
v 0.285192339 0.195051262 1.1286652
v 0.283284005 0.208469947 1.093033
v 0.278993122 0.214061716 1.05515204
v 0.277767715 0.206527491 1.0178233
v 0.274539891 0.187508605 0.984805855
v 0.274813127 0.179985984 0.948361671
v 0.267092941 0.163203237 0.91689152
v 0.257793769 0.13971205 0.890845035
v 0.248026004 0.109145821 0.874093628
v 0.243516898 0.074670689 0.865700389
v 0.238381531 0.0428566301 0.850680655
v 0.238731492 0.0106358209 0.831363248
v 0.239384431 -0.0263208783 0.819520909
v 0.241553762 -0.064686977 0.81921073
v 0.244140086 -0.0973494768 0.839709419
v 0.249003509 -0.134474907 0.847031437
v 0.248492965 -0.165534836 0.865430821
v 0.245580218 -0.194440513 0.88621243
v 0.240010513 -0.217906533 0.912813074
v 0.237401254 -0.237653302 0.942807308
v 0.239568814 -0.253470961 0.975107198
v 0.238443922 -0.280881062 0.999706039
v 0.247056191 -0.289142155 1.03611598
v 0.252804054 -0.29680378 1.07336125
v 0.256906957 -0.28894332 1.11082685
v 0.257638651 -0.272270872 1.14576465
v 0.25748052 -0.259326293 1.17992866
v 0.259839945 -0.254324755 1.2146008
v 0.260033299 -0.250096712 1.25049746
v 0.256395196 -0.223054171 1.27505763
v 0.232551716 -0.196404289 1.28365563
v 0.216868924 -0.163185486 1.28729726
v 0.196985202 -0.131632693 1.28988006
v 0.191107487 -0.0944547468 1.29407857
v 0.169980797 -0.0631455161 1.2962471
v 0.181651862 -0.027663817 1.30454458
v 0.197727252 -0.00623213603 1.33400444
v 0.213611874 0.00763168707 1.36252021
v 0.231737293 0.0335712919 1.38211342
v 0.255771394 0.0565843122 1.40272128
v 0.267231164 0.0914339726 1.39050811
v 0.276751274 0.119711649 1.36586372
v 0.274372244 0.132121172 1.32961189
v 0.271641486 0.13104255 1.29252126
v 0.267334418 0.141447826 1.25763163
v 0.261925999 0.15420767 1.2237816
v 0.271409283 0.172653983 1.19389597
v 0.277106675 0.18721014 1.16165046
v 0.279788715 0.204625586 1.12958269
v 0.277065432 0.216892945 1.09282433
v 0.269838667 0.216873248 1.05437396
v 0.269830641 0.207813602 1.01651251
v 0.268085465 0.185104367 0.984625145
v 0.267479442 0.17889252 0.947422821
v 0.259542003 0.163635993 0.915807474
v 0.250801696 0.13901311 0.890704698
v 0.238913987 0.107904676 0.875879659
v 0.233227303 0.0757750716 0.859393622
v 0.234943112 0.0451222548 0.839244166
v 0.231707798 0.0107689651 0.82358142
v 0.230996465 -0.0273046583 0.815907496
v 0.233121003 -0.0658357254 0.81788435
v 0.236147915 -0.0993077324 0.837922315
v 0.241239382 -0.136881762 0.844087778
v 0.240842371 -0.168022217 0.86191013
v 0.237204743 -0.195974104 0.884043532
v 0.233162118 -0.224294796 0.907558173
v 0.224067911 -0.237357128 0.941227188
v 0.226336943 -0.253538401 0.974742039
v 0.231304985 -0.275254889 1.00493398
v 0.251287683 -0.281933465 1.03668814
v 0.246265999 -0.292507904 1.07311901
v 0.24954405 -0.289922414 1.11129808
v 0.250993073 -0.274613668 1.14656167
v 0.251053282 -0.261990254 1.1805658
v 0.252498804 -0.255692006 1.21532717
v 0.251006099 -0.251950077 1.25263781
v 0.248854316 -0.228378299 1.28274358
v 0.237971409 -0.193834659 1.29437821
v 0.212115752 -0.165965337 1.29513016
v 0.194851159 -0.132538355 1.29697568
v 0.185780412 -0.0962500319 1.29978327
v 0.168978325 -0.0630561711 1.3041422
v 0.178246517 -0.0275330479 1.31144612
v 0.190025755 0.000635116367 1.33306027
v 0.206123683 0.0164832479 1.36162992
v 0.224023417 0.0421252094 1.38339924
v 0.247710243 0.0616138192 1.40856544
v 0.260042307 0.0966485439 1.39592269
v 0.269010974 0.123902414 1.36874137
v 0.265773584 0.133940783 1.33088849
v 0.263145953 0.134458503 1.29384097
v 0.25893264 0.141270588 1.25842767
v 0.259780178 0.161399218 1.22771337
v 0.267582385 0.182237466 1.19830101
v 0.273533243 0.198585837 1.16568934
v 0.271588404 0.212181157 1.13082563
v 0.269014604 0.221144086 1.093116
v 0.262368884 0.21933487 1.05458472
v 0.262668876 0.20896004 1.01678
v 0.261170715 0.186275464 0.984379532
v 0.261938725 0.183302113 0.946777698
v 0.253075815 0.165502619 0.917122148
v 0.24379768 0.142165498 0.890076489
v 0.230117629 0.112504633 0.871051411
v 0.228608823 0.081937299 0.84875557
v 0.223460013 0.0463014263 0.836893388
v 0.223003155 0.00967123736 0.826542952
v 0.22417715 -0.0284475132 0.820982941
v 0.225145219 -0.0668972792 0.821126486
v 0.228463514 -0.102523311 0.836236805
v 0.233699243 -0.139742299 0.841732802
v 0.23236254 -0.169443218 0.861659839
v 0.229429826 -0.200528638 0.880722596
v 0.222602492 -0.22926698 0.905726956
v 0.219559029 -0.249680643 0.938397492
v 0.216724584 -0.26113569 0.975058296
v 0.225591504 -0.271089367 1.01106342
v 0.250482121 -0.274064093 1.03967242
v 0.243052127 -0.284868772 1.07527448
v 0.242602826 -0.287565727 1.11302135
v 0.24423188 -0.275866347 1.14867141
v 0.24583752 -0.267220727 1.18381806
v 0.243924005 -0.256627974 1.21834523
v 0.24201674 -0.254528756 1.25701601
v 0.239964607 -0.231243234 1.288877
v 0.238083744 -0.195581487 1.30459435
v 0.213871184 -0.164834606 1.30295006
v 0.194151344 -0.132059574 1.30469908
v 0.179648531 -0.0978869268 1.30568043
v 0.16838908 -0.0633013469 1.31196366
v 0.172193716 -0.0269415601 1.31677041
v 0.180661123 0.00605071212 1.33890802
v 0.20007155 0.0274054381 1.36314907
v 0.218978291 0.0427350901 1.3930076
v 0.24194601 0.0679708843 1.41288538
v 0.253402952 0.102622358 1.39821779
v 0.260974662 0.127965463 1.36851317
v 0.257330287 0.136583725 1.33012338
v 0.254581369 0.134611639 1.29339909
v 0.251173496 0.143672923 1.25828685
v 0.254000229 0.168779077 1.23009074
v 0.260562166 0.192275072 1.20080695
v 0.269485397 0.210453365 1.16830037
v 0.265215893 0.220007921 1.13148343
v 0.261022134 0.221044974 1.0931276
v 0.256440358 0.214187644 1.05511999
v 0.258209409 0.202930898 1.01785548
v 0.254317971 0.185770486 0.982867151
v 0.255271395 0.183961896 0.94563663
v 0.245848847 0.165181261 0.916410467
v 0.235339101 0.143303873 0.886963882
v 0.221177555 0.114599964 0.863922035
v 0.218818245 0.0827949468 0.841262578
v 0.213411607 0.0443311233 0.836981701
v 0.215335767 0.00840306048 0.823066255
v 0.214997699 -0.0296748965 0.820932888
v 0.220484753 -0.0664255398 0.829020002
v 0.220160772 -0.103760613 0.835943994
v 0.224969839 -0.140536923 0.840551838
v 0.222806232 -0.171014339 0.859885432
v 0.220233658 -0.2045623 0.876746777
v 0.210965658 -0.228869529 0.907003273
v 0.212188611 -0.257864724 0.934030927
v 0.220332118 -0.269778483 0.97082937
v 0.228989753 -0.263479093 1.00881054
v 0.248714007 -0.265279529 1.0414195
v 0.241213448 -0.276288198 1.07645952
v 0.235569704 -0.285726834 1.11209676
v 0.236088182 -0.277979911 1.14841929
v 0.235512084 -0.267818038 1.18373579
v 0.234067467 -0.260050481 1.22006723
v 0.232398328 -0.255579389 1.25909893
v 0.230987642 -0.231294565 1.29083614
v 0.234493496 -0.197844408 1.31170861
v 0.209292755 -0.166862423 1.30865082
v 0.190506829 -0.133079781 1.31194281
v 0.181787978 -0.0974728995 1.31375385
v 0.169788266 -0.0631553296 1.31934151
v 0.167937733 -0.0263635036 1.32510204
v 0.169503498 0.00994470149 1.34432089
v 0.190467833 0.0317411709 1.36879085
v 0.211660556 0.0440765189 1.39895439
v 0.233920573 0.071736832 1.41527936
v 0.244199832 0.105037607 1.39763791
v 0.252767616 0.131595923 1.37000008
v 0.249208221 0.134113397 1.33133014
v 0.248367013 0.139952993 1.29507281
v 0.242489947 0.145480427 1.25888823
v 0.246413336 0.164024061 1.22435424
v 0.248910942 0.192755006 1.19713812
v 0.262234505 0.218802852 1.17084803
v 0.256910275 0.22224028 1.1320855
v 0.255563655 0.21494812 1.0941753
v 0.259512107 0.206019863 1.05703428
v 0.254576772 0.196396863 1.0202362
v 0.247665585 0.188200894 0.983559628
v 0.247762951 0.186594942 0.946528693
v 0.237080416 0.166998345 0.917346261
v 0.226070898 0.146565949 0.885754034
v 0.212623236 0.11891005 0.859311059
v 0.209089553 0.0847407877 0.838809127
v 0.204803254 0.044805139 0.838174299
v 0.207824888 0.00705058018 0.827464319
v 0.208217121 -0.0307430751 0.828045478
v 0.211623301 -0.0680137786 0.829447896
v 0.211800991 -0.105005674 0.835119374
v 0.214622459 -0.141876901 0.840373745
v 0.214467563 -0.176409707 0.853903598
v 0.210543103 -0.202440765 0.881903552
v 0.201453012 -0.232989686 0.906408519
v 0.203391856 -0.257407927 0.938101814
v 0.212689307 -0.268666437 0.975486679
v 0.230544212 -0.2548223 1.00885434
v 0.243442213 -0.258498622 1.0446354
v 0.243140719 -0.269147778 1.08011268
v 0.229242637 -0.28153494 1.11277507
v 0.22639445 -0.280782084 1.1504096
v 0.223761446 -0.26857423 1.18606634
v 0.223884441 -0.260294587 1.22330432
v 0.224712471 -0.257083429 1.26244571
v 0.225901981 -0.226399599 1.2877375
v 0.229828609 -0.200281088 1.31735614
v 0.211892066 -0.164325737 1.31558137
v 0.191093848 -0.131964619 1.31974299
v 0.175906079 -0.0989518932 1.31833147
v 0.162956605 -0.0641778145 1.32327911
v 0.165122835 -0.0275651222 1.33541615
v 0.161617956 0.011053431 1.35316412
v 0.183829715 0.0358092476 1.37532274
v 0.206770024 0.0476694871 1.40533834
v 0.226864196 0.0785134414 1.41725137
v 0.23528565 0.109552361 1.39606289
v 0.244637616 0.134789614 1.36870715
v 0.246622261 0.142524272 1.33145363
v 0.251885667 0.148844272 1.2953332
v 0.240725626 0.155334915 1.25968377
v 0.236877398 0.16684693 1.22119592
v 0.251548996 0.200330071 1.20374227
v 0.254614227 0.223844525 1.17140521
v 0.250270243 0.217678836 1.13176463
v 0.254120464 0.20597119 1.0949235
v 0.250940025 0.202401958 1.05738447
v 0.247012537 0.196874994 1.02017628
v 0.242953599 0.194776079 0.982677832
v 0.237563332 0.18670033 0.946437216
v 0.22753036 0.169799552 0.914263326
v 0.217324284 0.143130806 0.886803906
v 0.204135904 0.117844165 0.857704564
v 0.201063981 0.0829057445 0.837646423
v 0.197046579 0.0422604647 0.836568565
v 0.200268457 0.00510187393 0.822696209
v 0.199115485 -0.0320961698 0.825780137
v 0.204253736 -0.0681780973 0.833549978
v 0.202634231 -0.106097641 0.833632393
v 0.203692235 -0.1441022 0.835857555
v 0.20293379 -0.175259589 0.857991992
v 0.208905797 -0.19634792 0.890055175
v 0.195399188 -0.227863662 0.910464615
v 0.196099617 -0.253438285 0.941070597
v 0.204539531 -0.266635502 0.97806848
v 0.222487496 -0.252490591 1.01119573
v 0.236607333 -0.253871264 1.04633977
v 0.2440143 -0.26164001 1.08177196
v 0.224140767 -0.274516046 1.11239627
v 0.215190508 -0.282709454 1.14958771
v 0.21482157 -0.2762953 1.18806922
v 0.214797125 -0.262519631 1.22464427
v 0.217249289 -0.255736916 1.26308547
v 0.220777402 -0.230380997 1.29293399
v 0.221774952 -0.201496502 1.31955902
v 0.211252626 -0.163669966 1.32339078
v 0.196067905 -0.128729327 1.32449252
v 0.174174936 -0.0995290243 1.32598372
v 0.160576781 -0.0640442868 1.33204844
v 0.16989876 -0.0273242412 1.34543212
v 0.154733145 0.00994273082 1.35982049
v 0.177243771 0.0368705757 1.38077509
v 0.200286941 0.0488668431 1.4116872
v 0.217224481 0.0827065705 1.41804271
v 0.226038653 0.112753681 1.39686877
v 0.236144038 0.135427258 1.36824634
v 0.244011495 0.151569128 1.3348233
v 0.242957773 0.155242833 1.29717274
v 0.239557117 0.165611391 1.260085
v 0.228964086 0.171335977 1.2214692
v 0.245663171 0.205354129 1.2069563
v 0.246581517 0.224641423 1.17132371
v 0.242604011 0.214099196 1.13200612
v 0.245402278 0.202910602 1.09493149
v 0.24370442 0.20709365 1.05793177
v 0.245455516 0.204276386 1.02007988
v 0.238237477 0.203247025 0.982323271
v 0.226526995 0.189935558 0.948173975
v 0.217743046 0.168113135 0.917458264
v 0.213670128 0.138058801 0.892139833
v 0.198231892 0.115626074 0.862351445
v 0.193151965 0.0823286621 0.840236364
v 0.190714186 0.0428324323 0.830676582
v 0.191796716 0.00378694691 0.824717667
v 0.193866237 -0.0322804331 0.832475684
v 0.198701447 -0.0689042549 0.839793053
v 0.192434903 -0.107315131 0.834278409
v 0.191667509 -0.146617241 0.834923282
v 0.194155678 -0.172364035 0.864620562
v 0.204964599 -0.192118827 0.896804337
v 0.197551603 -0.224347816 0.918347358
v 0.18897291 -0.250287806 0.946786329
v 0.198211881 -0.262472712 0.98319533
v 0.216078351 -0.249795789 1.01588276
v 0.233766723 -0.246748788 1.04891595
v 0.241705143 -0.254232917 1.08484842
v 0.220789978 -0.266630424 1.11663331
v 0.20442778 -0.281139116 1.15066211
v 0.204948387 -0.277885027 1.19052915
v 0.207416113 -0.25987722 1.2261555
v 0.209373293 -0.253832114 1.26494482
v 0.211302836 -0.2294611 1.29498394
v 0.213034257 -0.200907131 1.3207904
v 0.210470969 -0.16401733 1.33109549
v 0.191989213 -0.131147634 1.33155389
v 0.172007387 -0.0999920845 1.33505438
v 0.157367518 -0.0640533709 1.34125051
v 0.169667543 -0.0275649133 1.35542819
v 0.151928278 0.0101767777 1.36749706
v 0.172903565 0.0394733975 1.38765777
v 0.195458899 0.0537717762 1.41823448
v 0.209560108 0.0889893923 1.41891678
v 0.218511004 0.117262279 1.39616415
v 0.228629925 0.139668248 1.36650379
v 0.238470504 0.161196819 1.33586027
v 0.242838261 0.166801036 1.29763137
v 0.231369101 0.160978759 1.2606688
v 0.225266476 0.177627691 1.22485623
v 0.239658354 0.211136211 1.20800029
v 0.238318012 0.222719107 1.16944874
v 0.234594891 0.210870368 1.13091239
v 0.237270126 0.204542535 1.09315265
v 0.240474372 0.214253809 1.0575809
v 0.243750445 0.212286974 1.01883289
v 0.228076396 0.206170934 0.982679344
v 0.219771363 0.181912365 0.952535044
v 0.209407326 0.164475998 0.918608399
v 0.208243248 0.133076315 0.894698418
v 0.194565192 0.108399175 0.866693864
v 0.186403552 0.0768321643 0.844081543
v 0.182630648 0.0396654231 0.830551522
v 0.183935966 0.00167137643 0.823544032
v 0.186952511 -0.0325125943 0.837121892
v 0.191003478 -0.0701053725 0.844319778
v 0.182243484 -0.108052568 0.832687714
v 0.180874238 -0.148266839 0.835063821
v 0.186312834 -0.177148343 0.86260664
v 0.196716298 -0.192265638 0.898175576
v 0.201070772 -0.219101736 0.92621448
v 0.182609333 -0.242825679 0.950502386
v 0.192053163 -0.256503548 0.985250653
v 0.21260722 -0.257122875 1.01766309
v 0.225197435 -0.244357081 1.05079661
v 0.237893276 -0.245869187 1.08692142
v 0.227835794 -0.263735546 1.12212279
v 0.199588315 -0.27339752 1.15026505
v 0.196712703 -0.277335343 1.19050194
v 0.199696476 -0.258525884 1.22666763
v 0.200127704 -0.251685954 1.26565889
v 0.203367191 -0.224068864 1.29152733
v 0.204757447 -0.199250429 1.32013797
v 0.207417648 -0.166084867 1.33848385
v 0.187694478 -0.133724253 1.34046127
v 0.170285099 -0.100213122 1.34538448
v 0.155317297 -0.0639391759 1.35028822
v 0.167524847 -0.0271767615 1.36350635
v 0.149174566 0.00887485078 1.37604027
v 0.166800985 0.0407791321 1.39436401
v 0.188914125 0.0563034783 1.42386917
v 0.201367047 0.0909264018 1.41739117
v 0.2129715 0.12194333 1.39972656
v 0.224405601 0.146649161 1.3708479
v 0.228527628 0.165978126 1.33621347
v 0.233409432 0.171065694 1.29701913
v 0.223804529 0.15789621 1.26087185
v 0.22913639 0.182838664 1.23084
v 0.230313057 0.215053994 1.20822076
v 0.231995691 0.215685594 1.1688093
v 0.226321883 0.210197362 1.130301
v 0.229639795 0.206793983 1.09287529
v 0.233881049 0.219100284 1.05788547
v 0.237379794 0.206070038 1.02026589
v 0.218418369 0.208574519 0.984091402
v 0.212225286 0.178758585 0.957689502
v 0.202214353 0.162858671 0.921970866
v 0.201411392 0.129896016 0.899749198
v 0.18742752 0.104319322 0.873878276
v 0.183300373 0.0722404074 0.852456946
v 0.176317646 0.0381971334 0.835627902
v 0.176151225 0.00120018544 0.826943532
v 0.178824293 -0.0354200564 0.833803504
v 0.182404469 -0.0719255988 0.847408071
v 0.173290485 -0.108413881 0.830866703
v 0.173562231 -0.148111983 0.839774981
v 0.179244422 -0.178631137 0.866308571
v 0.189364999 -0.196354485 0.901507985
v 0.200613265 -0.212644046 0.934801509
v 0.1812315 -0.235742611 0.957583371
v 0.188789464 -0.25191871 0.991128064
v 0.208078864 -0.26372465 1.02187318
v 0.216355489 -0.247246869 1.05544042
v 0.230721838 -0.240896086 1.09109056
v 0.228281738 -0.25767887 1.12791461
v 0.19646206 -0.266297376 1.15198189
v 0.189930728 -0.272959681 1.19146774
v 0.192909542 -0.262175186 1.23108312
v 0.19087996 -0.250050546 1.26850066
v 0.19461846 -0.220570382 1.29101281
v 0.196912143 -0.19831775 1.32163683
v 0.203360971 -0.169162248 1.34623767
v 0.184369514 -0.135679805 1.3509775
v 0.171611803 -0.099160435 1.35552096
v 0.153191037 -0.0644125222 1.35827209
v 0.164519824 -0.0280755283 1.37126127
v 0.148463685 0.00915920705 1.3862298
v 0.163333889 0.0424050467 1.40166166
v 0.185917495 0.0611783037 1.42712863
v 0.197854508 0.0933098624 1.41290355
v 0.209626971 0.127678313 1.40106164
v 0.217625263 0.150095961 1.36809115
v 0.229652417 0.174759099 1.33796959
v 0.225212457 0.171280702 1.29789359
v 0.216040644 0.159743203 1.26037216
v 0.221425806 0.188613758 1.23445661
v 0.219631203 0.214184056 1.20570342
v 0.223197932 0.214213341 1.16748735
v 0.218769745 0.212513061 1.12956398
v 0.223113868 0.212953216 1.09217526
v 0.224952121 0.216992905 1.0544919
v 0.233539695 0.196747759 1.02069074
v 0.209616816 0.205167181 0.988211692
v 0.202926905 0.18216378 0.955457572
v 0.193737473 0.157549553 0.923930264
v 0.194848851 0.122349432 0.904995379
v 0.186543473 0.0946367542 0.880145655
v 0.176507969 0.0669861407 0.856011012
v 0.169059165 0.0372965322 0.83314909
v 0.168645163 -0.000753401451 0.832020463
v 0.170362345 -0.0388892633 0.830682112
v 0.174580442 -0.0727467049 0.850190334
v 0.166333409 -0.10899353 0.833672088
v 0.166153181 -0.148832152 0.841026403
v 0.173053554 -0.176211899 0.870542999
v 0.185979084 -0.190311387 0.906522645
v 0.19808401 -0.205561556 0.939351249
v 0.179392855 -0.229508585 0.960895742
v 0.182467613 -0.250778746 0.992829899
v 0.199353814 -0.266496772 1.02418869
v 0.207977245 -0.252412397 1.05969359
v 0.222711415 -0.23606657 1.09236194
v 0.22856822 -0.248746179 1.12970034
v 0.198263119 -0.256592238 1.15480657
v 0.185881849 -0.263120581 1.192382
v 0.182738842 -0.262442379 1.2327095
v 0.18132967 -0.248442534 1.26874272
v 0.186078879 -0.221392979 1.29342207
v 0.192537074 -0.191842724 1.3174594
v 0.1952305 -0.172272971 1.35222623
v 0.188264959 -0.134290373 1.36174743
v 0.165651399 -0.101637158 1.36315204
v 0.150375412 -0.0653758729 1.36678038
v 0.157480875 -0.0285344189 1.37879795
v 0.156411336 0.00738683402 1.39214968
v 0.15911308 0.0427630175 1.40661736
v 0.181397827 0.0628518737 1.43003397
v 0.19264851 0.0956862597 1.41581518
v 0.203640731 0.129178125 1.39960254
v 0.212411948 0.148998087 1.36490543
v 0.223825565 0.177562765 1.33808368
v 0.222271716 0.17759269 1.29729888
v 0.208455385 0.163831735 1.2613133
v 0.213082823 0.19440087 1.23766857
v 0.21167542 0.208470972 1.20281573
v 0.217007868 0.219216919 1.16684284
v 0.211196315 0.216904754 1.12920535
v 0.216122806 0.221071061 1.09156941
v 0.214466633 0.21442201 1.05360736
v 0.225745063 0.19019332 1.02378826
v 0.20082358 0.199904899 0.993121038
v 0.191050419 0.183364151 0.957487065
v 0.188960075 0.150516447 0.932974821
v 0.183017714 0.120638296 0.907454987
v 0.181424973 0.0889530317 0.887805251
v 0.168995585 0.0669911446 0.859586319
v 0.161349528 0.036988827 0.835993383
v 0.159734833 -0.00103159553 0.827529622
v 0.162116367 -0.0394359564 0.834646246
v 0.168370696 -0.0735682147 0.853180939
v 0.159993889 -0.109233849 0.837472
v 0.160616807 -0.147997981 0.847286382
v 0.171960843 -0.172154472 0.87736438
v 0.182530855 -0.188451176 0.912294334
v 0.195706496 -0.203336367 0.94408307
v 0.176356543 -0.228031865 0.964348169
v 0.18034403 -0.248100941 0.998286534
v 0.192685298 -0.27028812 1.02929649
v 0.199166854 -0.251219783 1.0637311
v 0.214742806 -0.233554837 1.09588484
v 0.226087119 -0.238753019 1.13327337
v 0.197126148 -0.244554011 1.15920153
v 0.191723814 -0.253199478 1.19701915
v 0.175227815 -0.254557351 1.232516
v 0.172537745 -0.243786133 1.26877929
v 0.178671339 -0.215374509 1.29185858
v 0.185026791 -0.185241082 1.31657279
v 0.185146672 -0.173807742 1.35593801
v 0.185517288 -0.136758454 1.37200576
v 0.161442121 -0.104156995 1.37184682
v 0.150589351 -0.0661563835 1.37728163
v 0.145975038 -0.0278628601 1.38082891
v 0.160570986 0.0052886875 1.39966024
v 0.157458913 0.0411386183 1.41228176
v 0.176447155 0.0684338001 1.43113726
v 0.189527592 0.0964508735 1.40850848
v 0.199561046 0.132245305 1.39650966
v 0.214797932 0.146138274 1.36173954
v 0.218154682 0.177065075 1.33585861
v 0.21672657 0.182648052 1.29556673
v 0.20018331 0.167505509 1.26148175
v 0.203825558 0.195209878 1.2351232
v 0.210663044 0.200727531 1.19907624
v 0.209453379 0.221496191 1.16665959
v 0.20218656 0.221157235 1.12829851
v 0.205220987 0.223413535 1.08936111
v 0.205940695 0.208401862 1.05317166
v 0.21896855 0.182495806 1.02622755
v 0.192825886 0.191614006 0.997522319
v 0.184073311 0.173595545 0.962954606
v 0.177507444 0.145446215 0.934957407
v 0.179900759 0.112353328 0.914673536
v 0.172983306 0.0851575889 0.890729553
v 0.161213637 0.064116068 0.860741654
v 0.15275341 0.0351316924 0.834272478
v 0.151310656 -0.00336271089 0.823533405
v 0.15461475 -0.0415886224 0.834453478
v 0.162399293 -0.0738644446 0.856090609
v 0.152997166 -0.109685914 0.843139502
v 0.152607602 -0.14759981 0.852766498
v 0.167820099 -0.168032176 0.882431881
v 0.176958196 -0.188962753 0.913658442
v 0.192546287 -0.19949446 0.945787836
v 0.172595893 -0.224328402 0.966406411
v 0.186546829 -0.245244943 0.998179953
v 0.184801948 -0.27003304 1.03055711
v 0.201118483 -0.258856499 1.06583867
v 0.206815692 -0.236552244 1.09922365
v 0.224029807 -0.226844275 1.13324628
v 0.20417087 -0.234644187 1.16515131
v 0.191365692 -0.241588849 1.20047978
v 0.167384329 -0.247912704 1.22944546
v 0.163268643 -0.238868152 1.26586664
v 0.168192222 -0.213288724 1.29323149
v 0.175212116 -0.182809815 1.31794374
v 0.175465336 -0.17417599 1.35810139
v 0.17957797 -0.139810048 1.37931193
v 0.163121478 -0.102273159 1.38172239
v 0.153345514 -0.0637364964 1.38789697
v 0.143323743 -0.0272533005 1.39193927
v 0.163926498 0.00343799147 1.40645576
v 0.156894208 0.0394701962 1.41975122
v 0.169744315 0.0725078176 1.43643418
v 0.181611181 0.0994364145 1.41046643
v 0.194173224 0.132970716 1.39422221
v 0.208978874 0.144496848 1.35925274
v 0.209891127 0.175753472 1.33455184
v 0.208614509 0.186156473 1.29601015
v 0.192748577 0.171660162 1.26246827
v 0.207841248 0.188599012 1.23227246
v 0.207562665 0.194270561 1.19557867
v 0.200909101 0.220038142 1.16631718
v 0.197114818 0.230108185 1.12751455
v 0.19536041 0.226460551 1.08772036
v 0.198763761 0.203197823 1.05543934
v 0.211948708 0.175934758 1.03020234
v 0.185378637 0.18271432 1.002314
v 0.173373171 0.169506293 0.967651111
v 0.173893242 0.139259291 0.943192931
v 0.174026498 0.10799093 0.921489133
v 0.164290637 0.0845118626 0.894414144
v 0.152454537 0.0644889711 0.862892495
v 0.14393211 0.0353735257 0.835298912
v 0.143007323 -0.00362505824 0.824173701
v 0.14905186 -0.0410393765 0.838714942
v 0.155577849 -0.0743410408 0.860298972
v 0.144348405 -0.109673366 0.848937529
v 0.147095476 -0.145853325 0.860840125
v 0.161972721 -0.169902582 0.88638405
v 0.173084667 -0.186238833 0.918838772
v 0.189354537 -0.195088815 0.951615591
v 0.172580058 -0.221881799 0.973600505
v 0.18904474 -0.242957151 1.0042617
v 0.179476555 -0.268451564 1.03472141
v 0.196873155 -0.262550642 1.07103224
v 0.203844641 -0.242375139 1.10607209
v 0.216032448 -0.218492969 1.13475961
v 0.207492428 -0.224655655 1.17076563
v 0.183758584 -0.234911233 1.19845776
v 0.159233438 -0.241867657 1.22692558
v 0.158318121 -0.228704654 1.26292671
v 0.15834394 -0.210715756 1.29705516
v 0.167066845 -0.178515341 1.3185056
v 0.166719459 -0.172032326 1.35849469
v 0.171340039 -0.141155362 1.38409167
v 0.166645698 -0.101148665 1.39119855
v 0.161817371 -0.0615081982 1.39360445
v 0.14542487 -0.0288560571 1.40130606
v 0.150142898 0.0050667411 1.40771216
v 0.159829241 0.0348124173 1.43149571
v 0.167633256 0.0723911861 1.42388701
v 0.175288812 0.109715939 1.41552378
v 0.180717788 0.135253892 1.38684366
v 0.191996337 0.1410344 1.35091143
v 0.190716938 0.171444789 1.32844235
v 0.190290522 0.189937976 1.29558255
v 0.189301662 0.186663602 1.25822893
v 0.203911319 0.176078468 1.22670689
v 0.195060251 0.197933944 1.19879695
v 0.188070644 0.220202745 1.16753169
v 0.186501064 0.223268593 1.12800546
v 0.185721669 0.217486677 1.0892196
v 0.189855486 0.19136015 1.05999757
v 0.199543607 0.16312614 1.03584162
v 0.174866694 0.166656654 1.00822344
v 0.16259032 0.156751106 0.974682798
v 0.16878892 0.128367835 0.951728036
v 0.164861282 0.101159999 0.927226851
v 0.154156813 0.0798344969 0.89931717
v 0.144794364 0.0575432885 0.869555019
v 0.133179637 0.0316558278 0.841530821
v 0.131542511 -0.00651024675 0.83152058
v 0.141950714 -0.0388342295 0.852369705
v 0.139158759 -0.0753888657 0.867129644
v 0.128221437 -0.109750562 0.858962543
v 0.13549517 -0.142584203 0.872761096
v 0.150404833 -0.171042145 0.8910888
v 0.166110433 -0.180992983 0.923363006
v 0.183650859 -0.188308936 0.955524448
v 0.16798662 -0.213748241 0.978766895
v 0.183499877 -0.232197067 1.00936878
v 0.170951772 -0.256098284 1.03787514
v 0.182569833 -0.256212236 1.07541848
v 0.194150509 -0.229485982 1.10228272
v 0.201061652 -0.211241929 1.13454578
v 0.200390256 -0.210687599 1.17050584
v 0.186163152 -0.222330642 1.20290599
v 0.156392472 -0.230333338 1.22531023
v 0.147019449 -0.225838284 1.26192719
v 0.146169666 -0.209998249 1.29661957
v 0.152757292 -0.180993523 1.32060705
v 0.150325306 -0.166335758 1.35620239
v 0.155231118 -0.135018543 1.37811387
v 0.150002791 -0.100876281 1.3957891
v 0.149552667 -0.0637969945 1.40373149
v 0.144392283 -0.030594265 1.41627425
v 0.134102236 0.00502550826 1.41853705
v 0.140984648 0.0394827952 1.43349029
v 0.148909367 0.0761503437 1.42943284
v 0.155302445 0.106704463 1.40834549
v 0.158193489 0.129589261 1.37855464
v 0.164977233 0.139085872 1.34452417
v 0.164419264 0.165124371 1.3211643
v 0.168810011 0.179014526 1.28947135
v 0.183094812 0.16652353 1.26017145
v 0.18482158 0.173970479 1.22628543
v 0.18971163 0.18081987 1.19223621
v 0.176361262 0.203705936 1.16674392
v 0.180475403 0.20256387 1.1296654
v 0.170986841 0.200767655 1.09391317
v 0.181282352 0.172251657 1.07199041
v 0.181984102 0.147516632 1.04566586
v 0.164472722 0.144975924 1.01596755
v 0.147515401 0.143665146 0.985465088
v 0.157929185 0.117882906 0.96360269
v 0.150069722 0.0980698348 0.935207191
v 0.138564947 0.0809627608 0.906180442
v 0.130235592 0.055407385 0.881639747
v 0.118687801 0.0294658856 0.857575939
v 0.116779082 -0.00674302572 0.849757529
v 0.123604973 -0.0389463778 0.868035547
v 0.115229409 -0.0750537834 0.871266876
v 0.112309496 -0.108977087 0.876215083
v 0.119800857 -0.140680233 0.886300929
v 0.138420957 -0.167160894 0.902125246
v 0.159942668 -0.17122932 0.931096487
v 0.175340957 -0.179439005 0.962857475
v 0.164881586 -0.200842086 0.990251131
v 0.173695283 -0.21661985 1.0217834
v 0.159018168 -0.237041296 1.04827756
v 0.164754964 -0.242507274 1.08390383
v 0.177084947 -0.216981354 1.10696028
v 0.183507871 -0.203158104 1.13854427
v 0.190395043 -0.194866457 1.17102205
v 0.180513023 -0.205321376 1.20406279
v 0.149859604 -0.214437032 1.22256287
v 0.136456793 -0.21249446 1.25664465
v 0.135305434 -0.195044857 1.28890515
v 0.130031577 -0.174703856 1.31833455
v 0.133282344 -0.150336415 1.34425042
v 0.135524828 -0.123038923 1.36696676
v 0.13219612 -0.0923569004 1.38458992
v 0.131731522 -0.0591596441 1.39555544
v 0.126057073 -0.0290729887 1.41055157
v 0.116976975 0.00795229445 1.40990251
v 0.132493126 0.0403534942 1.41432481
v 0.135806058 0.0758399997 1.41150521
v 0.135121502 0.108520305 1.39642483
v 0.137338556 0.125751297 1.3647065
v 0.143322135 0.130073221 1.33170845
v 0.143781304 0.154076834 1.31008152
v 0.150782715 0.167852704 1.28086608
v 0.166381401 0.15839838 1.25292133
v 0.166635486 0.172052326 1.22232511
v 0.175397025 0.167755344 1.19015341
v 0.16158693 0.187226401 1.16567676
v 0.167642782 0.181873213 1.13211299
v 0.156378898 0.181276498 1.09954686
v 0.16329978 0.156294354 1.07648994
v 0.164471777 0.133034797 1.05246682
v 0.151711325 0.127784142 1.02326267
v 0.135361716 0.1294488 0.994071114
v 0.145416932 0.106403465 0.970573436
v 0.133501436 0.0969299691 0.939752938
v 0.123293996 0.0760893876 0.914337084
v 0.115181999 0.0490925106 0.894699873
v 0.111340841 0.0191024056 0.878069213
v 0.0976856617 -0.0101896822 0.865884815
v 0.100310782 -0.0446894707 0.869871657
v 0.0945478527 -0.0772767505 0.878784106
v 0.101699411 -0.105005781 0.893065866
v 0.108708617 -0.135988206 0.900054311
v 0.125700246 -0.164545187 0.911542269
v 0.147926793 -0.179088802 0.934760621
v 0.160787399 -0.174099488 0.966785705
v 0.165712872 -0.183668962 0.999994799
v 0.154053165 -0.203189562 1.02548323
v 0.156685952 -0.213274033 1.05757193
v 0.146609138 -0.227985224 1.08606346
v 0.159162817 -0.216016558 1.11474384
v 0.167571772 -0.196938422 1.14025339
v 0.177800332 -0.183851064 1.16862971
v 0.175350219 -0.18843094 1.20266982
v 0.145407517 -0.196466035 1.21923678
v 0.134007254 -0.193029215 1.25202565
v 0.119137814 -0.181516117 1.28168393
v 0.126030828 -0.155581685 1.30292954
v 0.128384927 -0.132305838 1.32614549
v 0.127220905 -0.108962858 1.34914312
v 0.127233877 -0.081825544 1.36763871
v 0.124684602 -0.0518252664 1.38057468
v 0.122937845 -0.0220244696 1.3942287
v 0.111141577 0.0102002276 1.39879423
v 0.118685318 0.0419835711 1.40640412
v 0.130656257 0.0710568362 1.39517992
v 0.121561931 0.102266813 1.3861966
v 0.122284353 0.119460582 1.3568977
v 0.126349643 0.128001079 1.32687198
v 0.134037414 0.143765457 1.30239342
v 0.138508526 0.164626776 1.27874897
v 0.156638948 0.159151378 1.25253823
v 0.160678864 0.164287128 1.22102443
v 0.165461202 0.158086362 1.18967638
v 0.149754688 0.172068452 1.16571624
v 0.148068927 0.171104123 1.13405152
v 0.145227918 0.163102274 1.10357555
v 0.147914998 0.146256772 1.0771733
v 0.154795385 0.122938584 1.05819909
v 0.142308579 0.122299069 1.03026665
v 0.129125709 0.122476724 1.00075951
v 0.137683516 0.10190774 0.975949979
v 0.126230436 0.0925857159 0.946410563
v 0.117902765 0.0691393764 0.9246088
v 0.112144555 0.0405256278 0.910086223
v 0.0998451541 0.0148681399 0.895362624
v 0.0948694883 -0.0151902325 0.886378069
v 0.0877154324 -0.0460039933 0.883436394
v 0.0909021397 -0.075479672 0.893764887
v 0.0917633835 -0.104074023 0.903069943
v 0.105318433 -0.130329918 0.912612048
v 0.116175121 -0.160836909 0.921750631
v 0.136814655 -0.175595557 0.943722492
v 0.14753176 -0.177363803 0.975033175
v 0.151329867 -0.174827832 1.0082113
v 0.147650926 -0.186748255 1.03785739
v 0.138419592 -0.20315853 1.06250088
v 0.135478581 -0.215268533 1.09114143
v 0.150076458 -0.207990353 1.11802098
v 0.162250587 -0.188852174 1.13984783
v 0.167705623 -0.18332272 1.17056861
v 0.172823063 -0.175490455 1.20160855
v 0.150900426 -0.182307847 1.22510062
v 0.139315456 -0.175756132 1.25505848
v 0.115170018 -0.163651931 1.27409104
v 0.10980444 -0.143162786 1.29809288
v 0.113052361 -0.120710718 1.31814804
v 0.117112672 -0.0982718576 1.33842866
v 0.122887643 -0.0740192802 1.35702523
v 0.121316043 -0.0466046031 1.37215886
v 0.114622469 -0.0204584807 1.38872125
v 0.107028455 0.0115683785 1.38404213
v 0.113647556 0.0413441875 1.38844371
v 0.11336139 0.0722045695 1.38593072
v 0.109567306 0.100023542 1.37273566
v 0.111678041 0.115155976 1.34557533
v 0.11355182 0.129057787 1.32002261
v 0.126870111 0.134675753 1.29548403
v 0.133459512 0.154825487 1.27341629
v 0.14727789 0.161114366 1.24625354
v 0.157982326 0.151996541 1.21897955
v 0.15019515 0.151275851 1.18887525
v 0.133884221 0.157794787 1.16442732
v 0.131641773 0.154488161 1.13571371
v 0.137499628 0.144326072 1.10955368
v 0.137150983 0.134965555 1.0823156
v 0.144733882 0.116450985 1.06156209
v 0.132967224 0.118739584 1.03474433
v 0.124934137 0.112899441 1.00560575
v 0.124882384 0.101866205 0.976033804
v 0.11526245 0.0848638291 0.951556858
v 0.112408338 0.0578421558 0.935543093
v 0.108896482 0.0289023045 0.925353938
v 0.098176025 0.00405235906 0.913386505
v 0.0925726818 -0.0231612754 0.90455882
v 0.0799802777 -0.0485714863 0.898048991
v 0.0875213964 -0.0750774423 0.907204568
v 0.0858106966 -0.102516647 0.915014661
v 0.100710629 -0.125260783 0.926084416
v 0.104688484 -0.155371705 0.933303299
v 0.119600192 -0.176914951 0.950335322
v 0.129919057 -0.170845026 0.97900118
v 0.132000087 -0.169913325 1.01053088
v 0.130708613 -0.175107006 1.04003859
v 0.132428688 -0.185203636 1.06668536
v 0.128484767 -0.201226322 1.09145177
v 0.139625734 -0.203105907 1.11966942
v 0.152744599 -0.185695285 1.14087812
v 0.1564719 -0.17958834 1.17045853
v 0.163005785 -0.164208228 1.19591846
v 0.151751587 -0.16258129 1.22410848
v 0.130694205 -0.158884602 1.24569989
v 0.116856151 -0.143999712 1.26826321
v 0.100332511 -0.129700736 1.28763916
v 0.101466874 -0.11080674 1.30818298
v 0.109793905 -0.0902086824 1.32656304
v 0.11383758 -0.06985161 1.34810514
v 0.111140179 -0.0463344473 1.36678719
v 0.111129778 -0.0179027033 1.37727345
v 0.109491764 0.0140897481 1.36697886
v 0.107549217 0.0421599792 1.36968607
v 0.0969606535 0.0677221792 1.37638796
v 0.0991592541 0.0921251885 1.36237235
v 0.10153222 0.108788344 1.33938475
v 0.106338404 0.120920216 1.31527674
v 0.116487408 0.12964968 1.29187124
v 0.128705326 0.143291037 1.2697272
v 0.13466821 0.155411498 1.24392257
v 0.143988398 0.144756986 1.21866932
v 0.136090315 0.139048024 1.19053044
v 0.12663168 0.13739514 1.1636786
v 0.120942095 0.135274588 1.13817466
v 0.124929664 0.13020895 1.11262872
v 0.128473546 0.124474779 1.08623306
v 0.138042326 0.109235319 1.06523995
v 0.129158119 0.110033608 1.03849444
v 0.128286923 0.10190469 1.01079145
v 0.115711812 0.093795388 0.985584943
v 0.114976536 0.0733588751 0.964598009
v 0.106969081 0.0486486013 0.950537793
v 0.0998843317 0.0224921008 0.940877411
v 0.090141768 -0.000467378788 0.930044474
v 0.083530072 -0.0243301648 0.919482626
v 0.0736513239 -0.0482511349 0.911381394
v 0.0780729286 -0.0748333129 0.916055695
v 0.0817027187 -0.0993287838 0.927576412
v 0.0869682307 -0.125102898 0.93502939
v 0.0966839249 -0.14760028 0.949302554
v 0.102922858 -0.172405157 0.962198651
v 0.112511868 -0.174869168 0.989023218
v 0.114728177 -0.174197212 1.01808764
v 0.11346383 -0.174465912 1.04568397
v 0.119262115 -0.176526929 1.07154115
v 0.125354206 -0.188840283 1.09687517
v 0.129638318 -0.199823832 1.12416297
v 0.142646803 -0.183925658 1.14495499
v 0.144503647 -0.173247585 1.17211778
v 0.147884558 -0.154198649 1.19367192
v 0.141277231 -0.144184762 1.21922999
v 0.128228907 -0.137334322 1.24259458
v 0.115306526 -0.12520095 1.26335211
v 0.095888679 -0.116064818 1.27888056
v 0.096580181 -0.0995292895 1.29903457
v 0.100114797 -0.0819559504 1.31967695
v 0.101651171 -0.0659596571 1.34322419
v 0.101212287 -0.0419216865 1.3589429
v 0.107835296 -0.0142876952 1.36344061
v 0.0957295111 0.0150146235 1.35473669
v 0.0911458277 0.0399452727 1.36018164
v 0.0891353634 0.0661802637 1.36056777
v 0.0903138217 0.0907146381 1.35089427
v 0.0928752155 0.108602922 1.33178152
v 0.09765387 0.120295318 1.30919844
v 0.105271777 0.130211972 1.287059
v 0.115785333 0.13834127 1.2642477
v 0.126813141 0.14086714 1.23998981
v 0.127710607 0.138612747 1.21313525
v 0.117278497 0.135566015 1.18718263
v 0.109176929 0.126887574 1.16331517
v 0.108755793 0.119823719 1.14058891
v 0.114094222 0.117932787 1.11647053
v 0.123437453 0.114288393 1.09183659
v 0.128565045 0.105897955 1.06679891
v 0.126785297 0.0995244117 1.04083096
v 0.119799545 0.0913807099 1.01619107
v 0.111699795 0.078311041 0.994010425
v 0.105924081 0.0597585886 0.975131537
v 0.095713276 0.038664234 0.96167072
v 0.0876382806 0.0159539415 0.951377085
v 0.0792217949 -0.00527219822 0.941104316
v 0.0737308117 -0.0273716999 0.930547517
v 0.0692200578 -0.0517084605 0.924047909
v 0.0677319213 -0.0775127051 0.924352579
v 0.0674808474 -0.10264755 0.931336884
v 0.0698625055 -0.12603254 0.941445888
v 0.0759882113 -0.147139657 0.954559874
v 0.0842563186 -0.164952312 0.971455874
v 0.0926893339 -0.175881369 0.993502067
v 0.0981145173 -0.179842747 1.01905188
v 0.101134183 -0.183604448 1.04399547
v 0.107286134 -0.183419524 1.0682725
v 0.112415525 -0.186551788 1.09529997
v 0.122865991 -0.189541804 1.12177787
v 0.129996478 -0.181143949 1.14719413
v 0.134561345 -0.161874145 1.16729778
v 0.131754397 -0.144001044 1.18868008
v 0.125931915 -0.130821973 1.21058248
v 0.117969089 -0.122058461 1.23241559
v 0.105875384 -0.115149178 1.2524641
v 0.0941626489 -0.104156074 1.27089883
v 0.0876585227 -0.092645021 1.29173915
v 0.0875858983 -0.0792633244 1.31368515
v 0.0920796624 -0.0609652062 1.33242452
v 0.097801926 -0.0373558088 1.34385063
v 0.0981755655 -0.0109722662 1.34969092
v 0.077864258 0.0142156964 1.35232458
v 0.0747569375 0.0377387675 1.35574832
v 0.0762045816 0.0620463544 1.35342133
v 0.082095255 0.08402374 1.34373379
v 0.0894496956 0.0999127214 1.32648708
v 0.0964250468 0.11011309 1.30534164
v 0.102964205 0.11724669 1.28353213
v 0.109705929 0.122660114 1.2612344
v 0.114563724 0.126220364 1.23783187
v 0.120051747 0.120778117 1.21451003
v 0.116837852 0.116884478 1.1892491
v 0.116781455 0.110623154 1.16581693
v 0.120888262 0.108497426 1.14478837
v 0.11872156 0.104552901 1.12169213
v 0.118228516 0.103505432 1.09558499
v 0.123130861 0.0969382698 1.07104526
v 0.118872998 0.0913642573 1.0468323
v 0.113327077 0.0793939707 1.02552724
v 0.108400518 0.0638280022 1.0068053
v 0.101341887 0.0472646583 0.989984425
v 0.0953638479 0.0282655195 0.976067303
v 0.0882657855 0.00874506093 0.964662676
v 0.0806535382 -0.0102578767 0.953807516
v 0.0737153189 -0.0303615043 0.943863234
v 0.0663231177 -0.052351049 0.937957125
v 0.06228831 -0.0763396584 0.93859808
v 0.059647348 -0.0996067197 0.946439312
v 0.0595817873 -0.120607524 0.957715866
v 0.0633215768 -0.139167867 0.970719999
v 0.0708769312 -0.155409159 0.985709768
v 0.0804942428 -0.16627618 1.00450632
v 0.0883474096 -0.1705315 1.0268199
v 0.0971893097 -0.171674511 1.0487014
v 0.103468501 -0.171286795 1.07147504
v 0.108576432 -0.173374602 1.09681318
v 0.117963117 -0.175790987 1.12175194
v 0.118192865 -0.170905191 1.14715382
v 0.118848262 -0.154165406 1.16816585
v 0.112485925 -0.139287588 1.18962772
v 0.105944986 -0.125361319 1.2080808
v 0.101340198 -0.1143619 1.22672438
v 0.0960822604 -0.104677015 1.24611968
v 0.0912769642 -0.092871466 1.26507874
v 0.0882742124 -0.081549998 1.28505441
v 0.0871410889 -0.0677165175 1.30403415
v 0.0814715777 -0.0521875759 1.32165913
v 0.0810780428 -0.0326628579 1.33689417
v 0.0801584805 -0.00906582539 1.34541336
v 0.341421131 -0.204910477 0.912463472
v 0.351944542 -0.231506231 0.940051911
v 0.355569489 -0.258249529 0.970406618
v 0.351354883 -0.274740705 1.00974792
v 0.337809932 -0.271489351 1.04959219
v 0.351259738 -0.264965471 1.089246
v 0.338822084 -0.245588743 1.12504381
v 0.356122384 -0.23077213 1.1611844
v 0.349417526 -0.205686004 1.1943586
v 0.324733404 -0.177427696 1.21604073
v 0.305258582 -0.142758203 1.23245326
v 0.322085529 -0.172610446 0.89541722
v 0.377319697 -0.178465359 0.931780048
v 0.379278474 -0.200195304 0.96472613
v 0.372893287 -0.219411545 1.00125041
v 0.37745744 -0.233709779 1.04096425
v 0.383328054 -0.222643674 1.08133071
v 0.369866627 -0.202263381 1.11627293
v 0.354542269 -0.177201179 1.14701503
v 0.330684849 -0.151690419 1.17196379
v 0.302061706 -0.121779253 1.18392631
v 0.275516019 -0.112823173 1.23095167
v 0.321175047 -0.134977271 0.883451524
v 0.368156069 -0.149172419 0.904890064
v 0.413205367 -0.152718106 0.950761977
v 0.408048081 -0.168231668 0.986629709
v 0.386249945 -0.182923451 1.02048512
v 0.368427957 -0.176518026 1.05825346
v 0.350872971 -0.157731977 1.09235425
v 0.31479941 -0.150211185 1.11277986
v 0.289751834 -0.119387322 1.12984049
v 0.264355526 -0.105729084 1.17395595
v 0.24158374 -0.0971584052 1.21108292
v 0.336321174 -0.101199762 0.868298536
v 0.376044497 -0.114200557 0.887858704
v 0.408167716 -0.12360574 0.923178645
v 0.390350287 -0.110420981 0.98154119
v 0.361491052 -0.133220664 0.997819025
v 0.340758891 -0.137710163 1.03352056
v 0.318465851 -0.121391315 1.06584634
v 0.300885768 -0.0902427355 1.08912532
v 0.273413349 -0.0804335506 1.13058416
v 0.247825103 -0.0693954509 1.16215416
v 0.225387226 -0.0639506197 1.20103491
v 0.341512196 -0.0651503483 0.858029388
v 0.382448329 -0.0765260539 0.88350972
v 0.416380448 -0.0847346585 0.918695802
v 0.417072066 -0.0880132769 0.964706688
v 0.378147085 -0.0734681573 1.0012671
v 0.358438116 -0.0870278326 1.03291572
v 0.335478406 -0.062152995 1.05590489
v 0.312119766 -0.0507385089 1.09431328
v 0.287534272 -0.0448589002 1.13179973
v 0.265079371 -0.0411914987 1.17671373
v 0.23607781 -0.0319987265 1.21681422
v 0.341868136 -0.0307426053 0.830310373
v 0.378861607 -0.0377532514 0.865962154
v 0.40923494 -0.0457394491 0.907214362
v 0.427334702 -0.0506882498 0.95554684
v 0.413160068 -0.0569708087 1.00502471
v 0.376630852 -0.03659661 1.03566614
v 0.350225161 -0.0336439199 1.08016222
v 0.323420829 -0.0262437241 1.12389634
v 0.298601224 -0.0252109337 1.16937875
v 0.276991907 -0.0223054035 1.21637971
v 0.256211317 -0.0473280189 1.25673781
v 0.343463126 0.0136709426 0.806716887
v 0.377332495 0.00911502668 0.850020609
v 0.405594142 0.00200645954 0.896818831
v 0.427109429 -0.00535816502 0.956429404
v 0.430223506 -0.0282105131 1.02542449
v 0.415060558 -0.0130914088 1.05737326
v 0.381053636 -0.00734311554 1.07772279
v 0.359188031 -0.00802465814 1.13721469
v 0.337758773 -0.0286371564 1.1926485
v 0.312668308 -0.0391810547 1.24145277
v 0.289940626 -0.0524857846 1.2907536
v 0.345971833 0.0594636705 0.815419644
v 0.384058634 0.0518783556 0.866037977
v 0.407358384 0.0328352598 0.931600211
v 0.436359769 0.0140404625 0.996636257
v 0.442445135 0.0262892957 1.03334407
v 0.437912624 0.0289313822 1.07193859
v 0.425823571 0.0119886551 1.10645951
v 0.401366764 -0.0114496876 1.13094205
v 0.381751508 -0.0216069314 1.18807052
v 0.35513516 -0.0308467817 1.24733417
v 0.327887009 -0.0356856201 1.30381543
v 0.359213365 0.0930619129 0.844744468
v 0.380153615 0.0679413396 0.910377722
v 0.420205348 0.0529161374 0.969628133
v 0.428840561 0.0708633986 1.00351936
v 0.423127739 0.0754210461 1.04200231
v 0.427703506 0.077033991 1.08094014
v 0.429214987 0.0595753847 1.11753555
v 0.418724795 0.0437735146 1.15522209
v 0.404975669 0.0127579523 1.18061546
v 0.382631522 0.00111501953 1.23612548
v 0.353944525 -0.000911836358 1.29300128
v 0.349157274 0.09849778 0.890204522
v 0.384271252 0.0830845758 0.951758023
v 0.398302745 0.105500785 0.981014303
v 0.398961072 0.114545058 1.0189525
v 0.381542387 0.103853818 1.05266469
v 0.378261984 0.0827662449 1.08569427
v 0.39033846 0.0903647966 1.1238207
v 0.405243235 0.0921947714 1.16121886
v 0.400719669 0.0745118146 1.20063779
v 0.385735451 0.0404312175 1.22084831
v 0.351029976 0.0351209077 1.27033964
v 0.35159474 0.112014635 0.931611469
v 0.357292228 0.133405311 0.9644439
v 0.369788862 0.151084795 0.996913015
v 0.351618083 0.137417532 1.02880463
v 0.332880029 0.119622315 1.05860784
v 0.331400678 0.0989286357 1.09222371
v 0.340954775 0.0920771387 1.13134173
v 0.360972136 0.113023204 1.15904745
v 0.370839821 0.120033861 1.19945708
v 0.381742247 0.105296417 1.23871448
v 0.372279453 0.0708901874 1.26186257
f 1 2 49
f 2 50 49
f 2 3 50
f 3 51 50
f 3 4 51
f 4 52 51
f 4 5 52
f 5 53 52
f 5 6 53
f 6 54 53
f 6 7 54
f 7 55 54
f 7 8 55
f 8 56 55
f 8 9 56
f 9 57 56
f 9 10 57
f 10 58 57
f 10 11 58
f 11 59 58
f 11 12 59
f 12 60 59
f 12 13 60
f 13 61 60
f 13 14 61
f 14 62 61
f 14 15 62
f 15 63 62
f 15 16 63
f 16 64 63
f 16 17 64
f 17 65 64
f 17 18 65
f 18 66 65
f 18 19 66
f 19 67 66
f 19 20 67
f 20 68 67
f 20 21 68
f 21 69 68
f 21 22 69
f 22 70 69
f 22 23 70
f 23 71 70
f 23 24 71
f 24 72 71
f 24 25 72
f 25 73 72
f 25 26 73
f 26 74 73
f 26 27 74
f 27 75 74
f 27 28 75
f 28 76 75
f 28 29 76
f 29 77 76
f 29 30 77
f 30 78 77
f 30 31 78
f 31 79 78
f 31 32 79
f 32 80 79
f 32 33 80
f 33 81 80
f 33 34 81
f 34 82 81
f 34 35 82
f 35 83 82
f 35 36 83
f 36 84 83
f 36 37 84
f 37 85 84
f 37 38 85
f 38 86 85
f 38 39 86
f 39 87 86
f 39 40 87
f 40 88 87
f 40 41 88
f 41 89 88
f 41 42 89
f 42 90 89
f 42 43 90
f 43 91 90
f 43 44 91
f 44 92 91
f 44 45 92
f 45 93 92
f 45 46 93
f 46 94 93
f 46 47 94
f 47 95 94
f 47 48 95
f 48 96 95
f 48 1 96
f 1 49 96
f 49 50 97
f 50 98 97
f 50 51 98
f 51 99 98
f 51 52 99
f 52 100 99
f 52 53 100
f 53 101 100
f 53 54 101
f 54 102 101
f 54 55 102
f 55 103 102
f 55 56 103
f 56 104 103
f 56 57 104
f 57 105 104
f 57 58 105
f 58 106 105
f 58 59 106
f 59 107 106
f 59 60 107
f 60 108 107
f 60 61 108
f 61 109 108
f 61 62 109
f 62 110 109
f 62 63 110
f 63 111 110
f 63 64 111
f 64 112 111
f 64 65 112
f 65 113 112
f 65 66 113
f 66 114 113
f 66 67 114
f 67 115 114
f 67 68 115
f 68 116 115
f 68 69 116
f 69 117 116
f 69 70 117
f 70 118 117
f 70 71 118
f 71 119 118
f 71 72 119
f 72 120 119
f 72 73 120
f 73 121 120
f 73 74 121
f 74 122 121
f 74 75 122
f 75 123 122
f 75 76 123
f 76 124 123
f 76 77 124
f 77 125 124
f 77 78 125
f 78 126 125
f 78 79 126
f 79 127 126
f 79 80 127
f 80 128 127
f 80 81 128
f 81 129 128
f 81 82 129
f 82 130 129
f 82 83 130
f 83 131 130
f 83 84 131
f 84 132 131
f 84 85 132
f 85 133 132
f 85 86 133
f 86 134 133
f 86 87 134
f 87 135 134
f 87 88 135
f 88 136 135
f 88 89 136
f 89 137 136
f 89 90 137
f 90 138 137
f 90 91 138
f 91 139 138
f 91 92 139
f 92 140 139
f 92 93 140
f 93 141 140
f 93 94 141
f 94 142 141
f 94 95 142
f 95 143 142
f 95 96 143
f 96 144 143
f 96 49 144
f 49 97 144
f 97 98 145
f 98 146 145
f 98 99 146
f 99 147 146
f 99 100 147
f 100 148 147
f 100 101 148
f 101 149 148
f 101 102 149
f 102 150 149
f 102 103 150
f 103 151 150
f 103 104 151
f 104 152 151
f 104 105 152
f 105 153 152
f 105 106 153
f 106 154 153
f 106 107 154
f 107 155 154
f 107 108 155
f 108 156 155
f 108 109 156
f 109 157 156
f 109 110 157
f 110 158 157
f 110 111 158
f 111 159 158
f 111 112 159
f 112 160 159
f 112 113 160
f 113 161 160
f 113 114 161
f 114 162 161
f 114 115 162
f 115 163 162
f 115 116 163
f 116 164 163
f 116 117 164
f 117 165 164
f 117 118 165
f 118 166 165
f 118 119 166
f 119 167 166
f 119 120 167
f 120 168 167
f 120 121 168
f 121 169 168
f 121 122 169
f 122 170 169
f 122 123 170
f 123 171 170
f 123 124 171
f 124 172 171
f 124 125 172
f 125 173 172
f 125 126 173
f 126 174 173
f 126 127 174
f 127 175 174
f 127 128 175
f 128 176 175
f 128 129 176
f 129 177 176
f 129 130 177
f 130 178 177
f 130 131 178
f 131 179 178
f 131 132 179
f 132 180 179
f 132 133 180
f 133 181 180
f 133 134 181
f 134 182 181
f 134 135 182
f 135 183 182
f 135 136 183
f 136 184 183
f 136 137 184
f 137 185 184
f 137 138 185
f 138 186 185
f 138 139 186
f 139 187 186
f 139 140 187
f 140 188 187
f 140 141 188
f 141 189 188
f 141 142 189
f 142 190 189
f 142 143 190
f 143 191 190
f 143 144 191
f 144 192 191
f 144 97 192
f 97 145 192
f 145 146 193
f 146 194 193
f 146 147 194
f 147 195 194
f 147 148 195
f 148 196 195
f 148 149 196
f 149 197 196
f 149 150 197
f 150 198 197
f 150 151 198
f 151 199 198
f 151 152 199
f 152 200 199
f 152 153 200
f 153 201 200
f 153 154 201
f 154 202 201
f 154 155 202
f 155 203 202
f 155 156 203
f 156 204 203
f 156 157 204
f 157 205 204
f 157 158 205
f 158 206 205
f 158 159 206
f 159 207 206
f 159 160 207
f 160 208 207
f 160 161 208
f 161 209 208
f 161 162 209
f 162 210 209
f 162 163 210
f 163 211 210
f 163 164 211
f 164 212 211
f 164 165 212
f 165 213 212
f 165 166 213
f 166 214 213
f 166 167 214
f 167 215 214
f 167 168 215
f 168 216 215
f 168 169 216
f 169 217 216
f 169 170 217
f 170 218 217
f 170 171 218
f 171 219 218
f 171 172 219
f 172 220 219
f 172 173 220
f 173 221 220
f 173 174 221
f 174 222 221
f 174 175 222
f 175 223 222
f 175 176 223
f 176 224 223
f 176 177 224
f 177 225 224
f 177 178 225
f 178 226 225
f 178 179 226
f 179 227 226
f 179 180 227
f 180 228 227
f 180 181 228
f 181 229 228
f 181 182 229
f 182 230 229
f 182 183 230
f 183 231 230
f 183 184 231
f 184 232 231
f 184 185 232
f 185 233 232
f 185 186 233
f 186 234 233
f 186 187 234
f 187 235 234
f 187 188 235
f 188 236 235
f 188 189 236
f 189 237 236
f 189 190 237
f 190 238 237
f 190 191 238
f 191 239 238
f 191 192 239
f 192 240 239
f 192 145 240
f 145 193 240
f 193 194 241
f 194 242 241
f 194 195 242
f 195 243 242
f 195 196 243
f 196 244 243
f 196 197 244
f 197 245 244
f 197 198 245
f 198 246 245
f 198 199 246
f 199 247 246
f 199 200 247
f 200 248 247
f 200 201 248
f 201 249 248
f 201 202 249
f 202 250 249
f 202 203 250
f 203 251 250
f 203 204 251
f 204 252 251
f 204 205 252
f 205 253 252
f 205 206 253
f 206 254 253
f 206 207 254
f 207 255 254
f 207 208 255
f 208 256 255
f 208 209 256
f 209 257 256
f 209 210 257
f 210 258 257
f 210 211 258
f 211 259 258
f 211 212 259
f 212 260 259
f 212 213 260
f 213 261 260
f 213 214 261
f 214 262 261
f 214 215 262
f 215 263 262
f 215 216 263
f 216 264 263
f 216 217 264
f 217 265 264
f 217 218 265
f 218 266 265
f 218 219 266
f 219 267 266
f 219 220 267
f 220 268 267
f 220 221 268
f 221 269 268
f 221 222 269
f 222 270 269
f 222 223 270
f 223 271 270
f 223 224 271
f 224 272 271
f 224 225 272
f 225 273 272
f 225 226 273
f 226 274 273
f 226 227 274
f 227 275 274
f 227 228 275
f 228 276 275
f 228 229 276
f 229 277 276
f 229 230 277
f 230 278 277
f 230 231 278
f 231 279 278
f 231 232 279
f 232 280 279
f 232 233 280
f 233 281 280
f 233 234 281
f 234 282 281
f 234 235 282
f 235 283 282
f 235 236 283
f 236 284 283
f 236 237 284
f 237 285 284
f 237 238 285
f 238 286 285
f 238 239 286
f 239 287 286
f 239 240 287
f 240 288 287
f 240 193 288
f 193 241 288
f 241 242 289
f 242 290 289
f 242 243 290
f 243 291 290
f 243 244 291
f 244 292 291
f 244 245 292
f 245 293 292
f 245 246 293
f 246 294 293
f 246 247 294
f 247 295 294
f 247 248 295
f 248 296 295
f 248 249 296
f 249 297 296
f 249 250 297
f 250 298 297
f 250 251 298
f 251 299 298
f 251 252 299
f 252 300 299
f 252 253 300
f 253 301 300
f 253 254 301
f 254 302 301
f 254 255 302
f 255 303 302
f 255 256 303
f 256 304 303
f 256 257 304
f 257 305 304
f 257 258 305
f 258 306 305
f 258 259 306
f 259 307 306
f 259 260 307
f 260 308 307
f 260 261 308
f 261 309 308
f 261 262 309
f 262 310 309
f 262 263 310
f 263 311 310
f 263 264 311
f 264 312 311
f 264 265 312
f 265 313 312
f 265 266 313
f 266 314 313
f 266 267 314
f 267 315 314
f 267 268 315
f 268 316 315
f 268 269 316
f 269 317 316
f 269 270 317
f 270 318 317
f 270 271 318
f 271 319 318
f 271 272 319
f 272 320 319
f 272 273 320
f 273 321 320
f 273 274 321
f 274 322 321
f 274 275 322
f 275 323 322
f 275 276 323
f 276 324 323
f 276 277 324
f 277 325 324
f 277 278 325
f 278 326 325
f 278 279 326
f 279 327 326
f 279 280 327
f 280 328 327
f 280 281 328
f 281 329 328
f 281 282 329
f 282 330 329
f 282 283 330
f 283 331 330
f 283 284 331
f 284 332 331
f 284 285 332
f 285 333 332
f 285 286 333
f 286 334 333
f 286 287 334
f 287 335 334
f 287 288 335
f 288 336 335
f 288 241 336
f 241 289 336
f 289 290 337
f 290 338 337
f 290 291 338
f 291 339 338
f 291 292 339
f 292 340 339
f 292 293 340
f 293 341 340
f 293 294 341
f 294 342 341
f 294 295 342
f 295 343 342
f 295 296 343
f 296 344 343
f 296 297 344
f 297 345 344
f 297 298 345
f 298 346 345
f 298 299 346
f 299 347 346
f 299 300 347
f 300 348 347
f 300 301 348
f 301 349 348
f 301 302 349
f 302 350 349
f 302 303 350
f 303 351 350
f 303 304 351
f 304 352 351
f 304 305 352
f 305 353 352
f 305 306 353
f 306 354 353
f 306 307 354
f 307 355 354
f 307 308 355
f 308 356 355
f 308 309 356
f 309 357 356
f 309 310 357
f 310 358 357
f 310 311 358
f 311 359 358
f 311 312 359
f 312 360 359
f 312 313 360
f 313 361 360
f 313 314 361
f 314 362 361
f 314 315 362
f 315 363 362
f 315 316 363
f 316 364 363
f 316 317 364
f 317 365 364
f 317 318 365
f 318 366 365
f 318 319 366
f 319 367 366
f 319 320 367
f 320 368 367
f 320 321 368
f 321 369 368
f 321 322 369
f 322 370 369
f 322 323 370
f 323 371 370
f 323 324 371
f 324 372 371
f 324 325 372
f 325 373 372
f 325 326 373
f 326 374 373
f 326 327 374
f 327 375 374
f 327 328 375
f 328 376 375
f 328 329 376
f 329 377 376
f 329 330 377
f 330 378 377
f 330 331 378
f 331 379 378
f 331 332 379
f 332 380 379
f 332 333 380
f 333 381 380
f 333 334 381
f 334 382 381
f 334 335 382
f 335 383 382
f 335 336 383
f 336 384 383
f 336 289 384
f 289 337 384
f 337 338 385
f 338 386 385
f 338 339 386
f 339 387 386
f 339 340 387
f 340 388 387
f 340 341 388
f 341 389 388
f 341 342 389
f 342 390 389
f 342 343 390
f 343 391 390
f 343 344 391
f 344 392 391
f 344 345 392
f 345 393 392
f 345 346 393
f 346 394 393
f 346 347 394
f 347 395 394
f 347 348 395
f 348 396 395
f 348 349 396
f 349 397 396
f 349 350 397
f 350 398 397
f 350 351 398
f 351 399 398
f 351 352 399
f 352 400 399
f 352 353 400
f 353 401 400
f 353 354 401
f 354 402 401
f 354 355 402
f 355 403 402
f 355 356 403
f 356 404 403
f 356 357 404
f 357 405 404
f 357 358 405
f 358 406 405
f 358 359 406
f 359 407 406
f 359 360 407
f 360 408 407
f 360 361 408
f 361 409 408
f 361 362 409
f 362 410 409
f 362 363 410
f 363 411 410
f 363 364 411
f 364 412 411
f 364 365 412
f 365 413 412
f 365 366 413
f 366 414 413
f 366 367 414
f 367 415 414
f 367 368 415
f 368 416 415
f 368 369 416
f 369 417 416
f 369 370 417
f 370 418 417
f 370 371 418
f 371 419 418
f 371 372 419
f 372 420 419
f 372 373 420
f 373 421 420
f 373 374 421
f 374 422 421
f 374 375 422
f 375 423 422
f 375 376 423
f 376 424 423
f 376 377 424
f 377 425 424
f 377 378 425
f 378 426 425
f 378 379 426
f 379 427 426
f 379 380 427
f 380 428 427
f 380 381 428
f 381 429 428
f 381 382 429
f 382 430 429
f 382 383 430
f 383 431 430
f 383 384 431
f 384 432 431
f 384 337 432
f 337 385 432
f 385 386 433
f 386 434 433
f 386 387 434
f 387 435 434
f 387 388 435
f 388 436 435
f 388 389 436
f 389 437 436
f 389 390 437
f 390 438 437
f 390 391 438
f 391 439 438
f 391 392 439
f 392 440 439
f 392 393 440
f 393 441 440
f 393 394 441
f 394 442 441
f 394 395 442
f 395 443 442
f 395 396 443
f 396 444 443
f 396 397 444
f 397 445 444
f 397 398 445
f 398 446 445
f 398 399 446
f 399 447 446
f 399 400 447
f 400 448 447
f 400 401 448
f 401 449 448
f 401 402 449
f 402 450 449
f 402 403 450
f 403 451 450
f 403 404 451
f 404 452 451
f 404 405 452
f 405 453 452
f 405 406 453
f 406 454 453
f 406 407 454
f 407 455 454
f 407 408 455
f 408 456 455
f 408 409 456
f 409 457 456
f 409 410 457
f 410 458 457
f 410 411 458
f 411 459 458
f 411 412 459
f 412 460 459
f 412 413 460
f 413 461 460
f 413 414 461
f 414 462 461
f 414 415 462
f 415 463 462
f 415 416 463
f 416 464 463
f 416 417 464
f 417 465 464
f 417 418 465
f 418 466 465
f 418 419 466
f 419 467 466
f 419 420 467
f 420 468 467
f 420 421 468
f 421 469 468
f 421 422 469
f 422 470 469
f 422 423 470
f 423 471 470
f 423 424 471
f 424 472 471
f 424 425 472
f 425 473 472
f 425 426 473
f 426 474 473
f 426 427 474
f 427 475 474
f 427 428 475
f 428 476 475
f 428 429 476
f 429 477 476
f 429 430 477
f 430 478 477
f 430 431 478
f 431 479 478
f 431 432 479
f 432 480 479
f 432 385 480
f 385 433 480
f 433 434 481
f 434 482 481
f 434 435 482
f 435 483 482
f 435 436 483
f 436 484 483
f 436 437 484
f 437 485 484
f 437 438 485
f 438 486 485
f 438 439 486
f 439 487 486
f 439 440 487
f 440 488 487
f 440 441 488
f 441 489 488
f 441 442 489
f 442 490 489
f 442 443 490
f 443 491 490
f 443 444 491
f 444 492 491
f 444 445 492
f 445 493 492
f 445 446 493
f 446 494 493
f 446 447 494
f 447 495 494
f 447 448 495
f 448 496 495
f 448 449 496
f 449 497 496
f 449 450 497
f 450 498 497
f 450 451 498
f 451 499 498
f 451 452 499
f 452 500 499
f 452 453 500
f 453 501 500
f 453 454 501
f 454 502 501
f 454 455 502
f 455 503 502
f 455 456 503
f 456 504 503
f 456 457 504
f 457 505 504
f 457 458 505
f 458 506 505
f 458 459 506
f 459 507 506
f 459 460 507
f 460 508 507
f 460 461 508
f 461 509 508
f 461 462 509
f 462 510 509
f 462 463 510
f 463 511 510
f 463 464 511
f 464 512 511
f 464 465 512
f 465 513 512
f 465 466 513
f 466 514 513
f 466 467 514
f 467 515 514
f 467 468 515
f 468 516 515
f 468 469 516
f 469 517 516
f 469 470 517
f 470 518 517
f 470 471 518
f 471 519 518
f 471 472 519
f 472 520 519
f 472 473 520
f 473 521 520
f 473 474 521
f 474 522 521
f 474 475 522
f 475 523 522
f 475 476 523
f 476 524 523
f 476 477 524
f 477 525 524
f 477 478 525
f 478 526 525
f 478 479 526
f 479 527 526
f 479 480 527
f 480 528 527
f 480 433 528
f 433 481 528
f 481 482 529
f 482 530 529
f 482 483 530
f 483 531 530
f 483 484 531
f 484 532 531
f 484 485 532
f 485 533 532
f 485 486 533
f 486 534 533
f 486 487 534
f 487 535 534
f 487 488 535
f 488 536 535
f 488 489 536
f 489 537 536
f 489 490 537
f 490 538 537
f 490 491 538
f 491 539 538
f 491 492 539
f 492 540 539
f 492 493 540
f 493 541 540
f 493 494 541
f 494 542 541
f 494 495 542
f 495 543 542
f 495 496 543
f 496 544 543
f 496 497 544
f 497 545 544
f 497 498 545
f 498 546 545
f 498 499 546
f 499 547 546
f 499 500 547
f 500 548 547
f 500 501 548
f 501 549 548
f 501 502 549
f 502 550 549
f 502 503 550
f 503 551 550
f 503 504 551
f 504 552 551
f 504 505 552
f 505 553 552
f 505 506 553
f 506 554 553
f 506 507 554
f 507 555 554
f 507 508 555
f 508 556 555
f 508 509 556
f 509 557 556
f 509 510 557
f 510 558 557
f 510 511 558
f 511 559 558
f 511 512 559
f 512 560 559
f 512 513 560
f 513 561 560
f 513 514 561
f 514 562 561
f 514 515 562
f 515 563 562
f 515 516 563
f 516 564 563
f 516 517 564
f 517 565 564
f 517 518 565
f 518 566 565
f 518 519 566
f 519 567 566
f 519 520 567
f 520 568 567
f 520 521 568
f 521 569 568
f 521 522 569
f 522 570 569
f 522 523 570
f 523 571 570
f 523 524 571
f 524 572 571
f 524 525 572
f 525 573 572
f 525 526 573
f 526 574 573
f 526 527 574
f 527 575 574
f 527 528 575
f 528 576 575
f 528 481 576
f 481 529 576
f 529 530 577
f 530 578 577
f 530 531 578
f 531 579 578
f 531 532 579
f 532 580 579
f 532 533 580
f 533 581 580
f 533 534 581
f 534 582 581
f 534 535 582
f 535 583 582
f 535 536 583
f 536 584 583
f 536 537 584
f 537 585 584
f 537 538 585
f 538 586 585
f 538 539 586
f 539 587 586
f 539 540 587
f 540 588 587
f 540 541 588
f 541 589 588
f 541 542 589
f 542 590 589
f 542 543 590
f 543 591 590
f 543 544 591
f 544 592 591
f 544 545 592
f 545 593 592
f 545 546 593
f 546 594 593
f 546 547 594
f 547 595 594
f 547 548 595
f 548 596 595
f 548 549 596
f 549 597 596
f 549 550 597
f 550 598 597
f 550 551 598
f 551 599 598
f 551 552 599
f 552 600 599
f 552 553 600
f 553 601 600
f 553 554 601
f 554 602 601
f 554 555 602
f 555 603 602
f 555 556 603
f 556 604 603
f 556 557 604
f 557 605 604
f 557 558 605
f 558 606 605
f 558 559 606
f 559 607 606
f 559 560 607
f 560 608 607
f 560 561 608
f 561 609 608
f 561 562 609
f 562 610 609
f 562 563 610
f 563 611 610
f 563 564 611
f 564 612 611
f 564 565 612
f 565 613 612
f 565 566 613
f 566 614 613
f 566 567 614
f 567 615 614
f 567 568 615
f 568 616 615
f 568 569 616
f 569 617 616
f 569 570 617
f 570 618 617
f 570 571 618
f 571 619 618
f 571 572 619
f 572 620 619
f 572 573 620
f 573 621 620
f 573 574 621
f 574 622 621
f 574 575 622
f 575 623 622
f 575 576 623
f 576 624 623
f 576 529 624
f 529 577 624
f 577 578 625
f 578 626 625
f 578 579 626
f 579 627 626
f 579 580 627
f 580 628 627
f 580 581 628
f 581 629 628
f 581 582 629
f 582 630 629
f 582 583 630
f 583 631 630
f 583 584 631
f 584 632 631
f 584 585 632
f 585 633 632
f 585 586 633
f 586 634 633
f 586 587 634
f 587 635 634
f 587 588 635
f 588 636 635
f 588 589 636
f 589 637 636
f 589 590 637
f 590 638 637
f 590 591 638
f 591 639 638
f 591 592 639
f 592 640 639
f 592 593 640
f 593 641 640
f 593 594 641
f 594 642 641
f 594 595 642
f 595 643 642
f 595 596 643
f 596 644 643
f 596 597 644
f 597 645 644
f 597 598 645
f 598 646 645
f 598 599 646
f 599 647 646
f 599 600 647
f 600 648 647
f 600 601 648
f 601 649 648
f 601 602 649
f 602 650 649
f 602 603 650
f 603 651 650
f 603 604 651
f 604 652 651
f 604 605 652
f 605 653 652
f 605 606 653
f 606 654 653
f 606 607 654
f 607 655 654
f 607 608 655
f 608 656 655
f 608 609 656
f 609 657 656
f 609 610 657
f 610 658 657
f 610 611 658
f 611 659 658
f 611 612 659
f 612 660 659
f 612 613 660
f 613 661 660
f 613 614 661
f 614 662 661
f 614 615 662
f 615 663 662
f 615 616 663
f 616 664 663
f 616 617 664
f 617 665 664
f 617 618 665
f 618 666 665
f 618 619 666
f 619 667 666
f 619 620 667
f 620 668 667
f 620 621 668
f 621 669 668
f 621 622 669
f 622 670 669
f 622 623 670
f 623 671 670
f 623 624 671
f 624 672 671
f 624 577 672
f 577 625 672
f 625 626 673
f 626 674 673
f 626 627 674
f 627 675 674
f 627 628 675
f 628 676 675
f 628 629 676
f 629 677 676
f 629 630 677
f 630 678 677
f 630 631 678
f 631 679 678
f 631 632 679
f 632 680 679
f 632 633 680
f 633 681 680
f 633 634 681
f 634 682 681
f 634 635 682
f 635 683 682
f 635 636 683
f 636 684 683
f 636 637 684
f 637 685 684
f 637 638 685
f 638 686 685
f 638 639 686
f 639 687 686
f 639 640 687
f 640 688 687
f 640 641 688
f 641 689 688
f 641 642 689
f 642 690 689
f 642 643 690
f 643 691 690
f 643 644 691
f 644 692 691
f 644 645 692
f 645 693 692
f 645 646 693
f 646 694 693
f 646 647 694
f 647 695 694
f 647 648 695
f 648 696 695
f 648 649 696
f 649 697 696
f 649 650 697
f 650 698 697
f 650 651 698
f 651 699 698
f 651 652 699
f 652 700 699
f 652 653 700
f 653 701 700
f 653 654 701
f 654 702 701
f 654 655 702
f 655 703 702
f 655 656 703
f 656 704 703
f 656 657 704
f 657 705 704
f 657 658 705
f 658 706 705
f 658 659 706
f 659 707 706
f 659 660 707
f 660 708 707
f 660 661 708
f 661 709 708
f 661 662 709
f 662 710 709
f 662 663 710
f 663 711 710
f 663 664 711
f 664 712 711
f 664 665 712
f 665 713 712
f 665 666 713
f 666 714 713
f 666 667 714
f 667 715 714
f 667 668 715
f 668 716 715
f 668 669 716
f 669 717 716
f 669 670 717
f 670 718 717
f 670 671 718
f 671 719 718
f 671 672 719
f 672 720 719
f 672 625 720
f 625 673 720
f 673 674 721
f 674 722 721
f 674 675 722
f 675 723 722
f 675 676 723
f 676 724 723
f 676 677 724
f 677 725 724
f 677 678 725
f 678 726 725
f 678 679 726
f 679 727 726
f 679 680 727
f 680 728 727
f 680 681 728
f 681 729 728
f 681 682 729
f 682 730 729
f 682 683 730
f 683 731 730
f 683 684 731
f 684 732 731
f 684 685 732
f 685 733 732
f 685 686 733
f 686 734 733
f 686 687 734
f 687 735 734
f 687 688 735
f 688 736 735
f 688 689 736
f 689 737 736
f 689 690 737
f 690 738 737
f 690 691 738
f 691 739 738
f 691 692 739
f 692 740 739
f 692 693 740
f 693 741 740
f 693 694 741
f 694 742 741
f 694 695 742
f 695 743 742
f 695 696 743
f 696 744 743
f 696 697 744
f 697 745 744
f 697 698 745
f 698 746 745
f 698 699 746
f 699 747 746
f 699 700 747
f 700 748 747
f 700 701 748
f 701 749 748
f 701 702 749
f 702 750 749
f 702 703 750
f 703 751 750
f 703 704 751
f 704 752 751
f 704 705 752
f 705 753 752
f 705 706 753
f 706 754 753
f 706 707 754
f 707 755 754
f 707 708 755
f 708 756 755
f 708 709 756
f 709 757 756
f 709 710 757
f 710 758 757
f 710 711 758
f 711 759 758
f 711 712 759
f 712 760 759
f 712 713 760
f 713 761 760
f 713 714 761
f 714 762 761
f 714 715 762
f 715 763 762
f 715 716 763
f 716 764 763
f 716 717 764
f 717 765 764
f 717 718 765
f 718 766 765
f 718 719 766
f 719 767 766
f 719 720 767
f 720 768 767
f 720 673 768
f 673 721 768
f 721 722 769
f 722 770 769
f 722 723 770
f 723 771 770
f 723 724 771
f 724 772 771
f 724 725 772
f 725 773 772
f 725 726 773
f 726 774 773
f 726 727 774
f 727 775 774
f 727 728 775
f 728 776 775
f 728 729 776
f 729 777 776
f 729 730 777
f 730 778 777
f 730 731 778
f 731 779 778
f 731 732 779
f 732 780 779
f 732 733 780
f 733 781 780
f 733 734 781
f 734 782 781
f 734 735 782
f 735 783 782
f 735 736 783
f 736 784 783
f 736 737 784
f 737 785 784
f 737 738 785
f 738 786 785
f 738 739 786
f 739 787 786
f 739 740 787
f 740 788 787
f 740 741 788
f 741 789 788
f 741 742 789
f 742 790 789
f 742 743 790
f 743 791 790
f 743 744 791
f 744 792 791
f 744 745 792
f 745 793 792
f 745 746 793
f 746 794 793
f 746 747 794
f 747 795 794
f 747 748 795
f 748 796 795
f 748 749 796
f 749 797 796
f 749 750 797
f 750 798 797
f 750 751 798
f 751 799 798
f 751 752 799
f 752 800 799
f 752 753 800
f 753 801 800
f 753 754 801
f 754 802 801
f 754 755 802
f 755 803 802
f 755 756 803
f 756 804 803
f 756 757 804
f 757 805 804
f 757 758 805
f 758 806 805
f 758 759 806
f 759 807 806
f 759 760 807
f 760 808 807
f 760 761 808
f 761 809 808
f 761 762 809
f 762 810 809
f 762 763 810
f 763 811 810
f 763 764 811
f 764 812 811
f 764 765 812
f 765 813 812
f 765 766 813
f 766 814 813
f 766 767 814
f 767 815 814
f 767 768 815
f 768 816 815
f 768 721 816
f 721 769 816
f 769 770 817
f 770 818 817
f 770 771 818
f 771 819 818
f 771 772 819
f 772 820 819
f 772 773 820
f 773 821 820
f 773 774 821
f 774 822 821
f 774 775 822
f 775 823 822
f 775 776 823
f 776 824 823
f 776 777 824
f 777 825 824
f 777 778 825
f 778 826 825
f 778 779 826
f 779 827 826
f 779 780 827
f 780 828 827
f 780 781 828
f 781 829 828
f 781 782 829
f 782 830 829
f 782 783 830
f 783 831 830
f 783 784 831
f 784 832 831
f 784 785 832
f 785 833 832
f 785 786 833
f 786 834 833
f 786 787 834
f 787 835 834
f 787 788 835
f 788 836 835
f 788 789 836
f 789 837 836
f 789 790 837
f 790 838 837
f 790 791 838
f 791 839 838
f 791 792 839
f 792 840 839
f 792 793 840
f 793 841 840
f 793 794 841
f 794 842 841
f 794 795 842
f 795 843 842
f 795 796 843
f 796 844 843
f 796 797 844
f 797 845 844
f 797 798 845
f 798 846 845
f 798 799 846
f 799 847 846
f 799 800 847
f 800 848 847
f 800 801 848
f 801 849 848
f 801 802 849
f 802 850 849
f 802 803 850
f 803 851 850
f 803 804 851
f 804 852 851
f 804 805 852
f 805 853 852
f 805 806 853
f 806 854 853
f 806 807 854
f 807 855 854
f 807 808 855
f 808 856 855
f 808 809 856
f 809 857 856
f 809 810 857
f 810 858 857
f 810 811 858
f 811 859 858
f 811 812 859
f 812 860 859
f 812 813 860
f 813 861 860
f 813 814 861
f 814 862 861
f 814 815 862
f 815 863 862
f 815 816 863
f 816 864 863
f 816 769 864
f 769 817 864
f 817 818 865
f 818 866 865
f 818 819 866
f 819 867 866
f 819 820 867
f 820 868 867
f 820 821 868
f 821 869 868
f 821 822 869
f 822 870 869
f 822 823 870
f 823 871 870
f 823 824 871
f 824 872 871
f 824 825 872
f 825 873 872
f 825 826 873
f 826 874 873
f 826 827 874
f 827 875 874
f 827 828 875
f 828 876 875
f 828 829 876
f 829 877 876
f 829 830 877
f 830 878 877
f 830 831 878
f 831 879 878
f 831 832 879
f 832 880 879
f 832 833 880
f 833 881 880
f 833 834 881
f 834 882 881
f 834 835 882
f 835 883 882
f 835 836 883
f 836 884 883
f 836 837 884
f 837 885 884
f 837 838 885
f 838 886 885
f 838 839 886
f 839 887 886
f 839 840 887
f 840 888 887
f 840 841 888
f 841 889 888
f 841 842 889
f 842 890 889
f 842 843 890
f 843 891 890
f 843 844 891
f 844 892 891
f 844 845 892
f 845 893 892
f 845 846 893
f 846 894 893
f 846 847 894
f 847 895 894
f 847 848 895
f 848 896 895
f 848 849 896
f 849 897 896
f 849 850 897
f 850 898 897
f 850 851 898
f 851 899 898
f 851 852 899
f 852 900 899
f 852 853 900
f 853 901 900
f 853 854 901
f 854 902 901
f 854 855 902
f 855 903 902
f 855 856 903
f 856 904 903
f 856 857 904
f 857 905 904
f 857 858 905
f 858 906 905
f 858 859 906
f 859 907 906
f 859 860 907
f 860 908 907
f 860 861 908
f 861 909 908
f 861 862 909
f 862 910 909
f 862 863 910
f 863 911 910
f 863 864 911
f 864 912 911
f 864 817 912
f 817 865 912
f 865 866 913
f 866 914 913
f 866 867 914
f 867 915 914
f 867 868 915
f 868 916 915
f 868 869 916
f 869 917 916
f 869 870 917
f 870 918 917
f 870 871 918
f 871 919 918
f 871 872 919
f 872 920 919
f 872 873 920
f 873 921 920
f 873 874 921
f 874 922 921
f 874 875 922
f 875 923 922
f 875 876 923
f 876 924 923
f 876 877 924
f 877 925 924
f 877 878 925
f 878 926 925
f 878 879 926
f 879 927 926
f 879 880 927
f 880 928 927
f 880 881 928
f 881 929 928
f 881 882 929
f 882 930 929
f 882 883 930
f 883 931 930
f 883 884 931
f 884 932 931
f 884 885 932
f 885 933 932
f 885 886 933
f 886 934 933
f 886 887 934
f 887 935 934
f 887 888 935
f 888 936 935
f 888 889 936
f 889 937 936
f 889 890 937
f 890 938 937
f 890 891 938
f 891 939 938
f 891 892 939
f 892 940 939
f 892 893 940
f 893 941 940
f 893 894 941
f 894 942 941
f 894 895 942
f 895 943 942
f 895 896 943
f 896 944 943
f 896 897 944
f 897 945 944
f 897 898 945
f 898 946 945
f 898 899 946
f 899 947 946
f 899 900 947
f 900 948 947
f 900 901 948
f 901 949 948
f 901 902 949
f 902 950 949
f 902 903 950
f 903 951 950
f 903 904 951
f 904 952 951
f 904 905 952
f 905 953 952
f 905 906 953
f 906 954 953
f 906 907 954
f 907 955 954
f 907 908 955
f 908 956 955
f 908 909 956
f 909 957 956
f 909 910 957
f 910 958 957
f 910 911 958
f 911 959 958
f 911 912 959
f 912 960 959
f 912 865 960
f 865 913 960
f 913 914 961
f 914 962 961
f 914 915 962
f 915 963 962
f 915 916 963
f 916 964 963
f 916 917 964
f 917 965 964
f 917 918 965
f 918 966 965
f 918 919 966
f 919 967 966
f 919 920 967
f 920 968 967
f 920 921 968
f 921 969 968
f 921 922 969
f 922 970 969
f 922 923 970
f 923 971 970
f 923 924 971
f 924 972 971
f 924 925 972
f 925 973 972
f 925 926 973
f 926 974 973
f 926 927 974
f 927 975 974
f 927 928 975
f 928 976 975
f 928 929 976
f 929 977 976
f 929 930 977
f 930 978 977
f 930 931 978
f 931 979 978
f 931 932 979
f 932 980 979
f 932 933 980
f 933 981 980
f 933 934 981
f 934 982 981
f 934 935 982
f 935 983 982
f 935 936 983
f 936 984 983
f 936 937 984
f 937 985 984
f 937 938 985
f 938 986 985
f 938 939 986
f 939 987 986
f 939 940 987
f 940 988 987
f 940 941 988
f 941 989 988
f 941 942 989
f 942 990 989
f 942 943 990
f 943 991 990
f 943 944 991
f 944 992 991
f 944 945 992
f 945 993 992
f 945 946 993
f 946 994 993
f 946 947 994
f 947 995 994
f 947 948 995
f 948 996 995
f 948 949 996
f 949 997 996
f 949 950 997
f 950 998 997
f 950 951 998
f 951 999 998
f 951 952 999
f 952 1000 999
f 952 953 1000
f 953 1001 1000
f 953 954 1001
f 954 1002 1001
f 954 955 1002
f 955 1003 1002
f 955 956 1003
f 956 1004 1003
f 956 957 1004
f 957 1005 1004
f 957 958 1005
f 958 1006 1005
f 958 959 1006
f 959 1007 1006
f 959 960 1007
f 960 1008 1007
f 960 913 1008
f 913 961 1008
f 961 962 1009
f 962 1010 1009
f 962 963 1010
f 963 1011 1010
f 963 964 1011
f 964 1012 1011
f 964 965 1012
f 965 1013 1012
f 965 966 1013
f 966 1014 1013
f 966 967 1014
f 967 1015 1014
f 967 968 1015
f 968 1016 1015
f 968 969 1016
f 969 1017 1016
f 969 970 1017
f 970 1018 1017
f 970 971 1018
f 971 1019 1018
f 971 972 1019
f 972 1020 1019
f 972 973 1020
f 973 1021 1020
f 973 974 1021
f 974 1022 1021
f 974 975 1022
f 975 1023 1022
f 975 976 1023
f 976 1024 1023
f 976 977 1024
f 977 1025 1024
f 977 978 1025
f 978 1026 1025
f 978 979 1026
f 979 1027 1026
f 979 980 1027
f 980 1028 1027
f 980 981 1028
f 981 1029 1028
f 981 982 1029
f 982 1030 1029
f 982 983 1030
f 983 1031 1030
f 983 984 1031
f 984 1032 1031
f 984 985 1032
f 985 1033 1032
f 985 986 1033
f 986 1034 1033
f 986 987 1034
f 987 1035 1034
f 987 988 1035
f 988 1036 1035
f 988 989 1036
f 989 1037 1036
f 989 990 1037
f 990 1038 1037
f 990 991 1038
f 991 1039 1038
f 991 992 1039
f 992 1040 1039
f 992 993 1040
f 993 1041 1040
f 993 994 1041
f 994 1042 1041
f 994 995 1042
f 995 1043 1042
f 995 996 1043
f 996 1044 1043
f 996 997 1044
f 997 1045 1044
f 997 998 1045
f 998 1046 1045
f 998 999 1046
f 999 1047 1046
f 999 1000 1047
f 1000 1048 1047
f 1000 1001 1048
f 1001 1049 1048
f 1001 1002 1049
f 1002 1050 1049
f 1002 1003 1050
f 1003 1051 1050
f 1003 1004 1051
f 1004 1052 1051
f 1004 1005 1052
f 1005 1053 1052
f 1005 1006 1053
f 1006 1054 1053
f 1006 1007 1054
f 1007 1055 1054
f 1007 1008 1055
f 1008 1056 1055
f 1008 961 1056
f 961 1009 1056
f 1009 1010 1057
f 1010 1058 1057
f 1010 1011 1058
f 1011 1059 1058
f 1011 1012 1059
f 1012 1060 1059
f 1012 1013 1060
f 1013 1061 1060
f 1013 1014 1061
f 1014 1062 1061
f 1014 1015 1062
f 1015 1063 1062
f 1015 1016 1063
f 1016 1064 1063
f 1016 1017 1064
f 1017 1065 1064
f 1017 1018 1065
f 1018 1066 1065
f 1018 1019 1066
f 1019 1067 1066
f 1019 1020 1067
f 1020 1068 1067
f 1020 1021 1068
f 1021 1069 1068
f 1021 1022 1069
f 1022 1070 1069
f 1022 1023 1070
f 1023 1071 1070
f 1023 1024 1071
f 1024 1072 1071
f 1024 1025 1072
f 1025 1073 1072
f 1025 1026 1073
f 1026 1074 1073
f 1026 1027 1074
f 1027 1075 1074
f 1027 1028 1075
f 1028 1076 1075
f 1028 1029 1076
f 1029 1077 1076
f 1029 1030 1077
f 1030 1078 1077
f 1030 1031 1078
f 1031 1079 1078
f 1031 1032 1079
f 1032 1080 1079
f 1032 1033 1080
f 1033 1081 1080
f 1033 1034 1081
f 1034 1082 1081
f 1034 1035 1082
f 1035 1083 1082
f 1035 1036 1083
f 1036 1084 1083
f 1036 1037 1084
f 1037 1085 1084
f 1037 1038 1085
f 1038 1086 1085
f 1038 1039 1086
f 1039 1087 1086
f 1039 1040 1087
f 1040 1088 1087
f 1040 1041 1088
f 1041 1089 1088
f 1041 1042 1089
f 1042 1090 1089
f 1042 1043 1090
f 1043 1091 1090
f 1043 1044 1091
f 1044 1092 1091
f 1044 1045 1092
f 1045 1093 1092
f 1045 1046 1093
f 1046 1094 1093
f 1046 1047 1094
f 1047 1095 1094
f 1047 1048 1095
f 1048 1096 1095
f 1048 1049 1096
f 1049 1097 1096
f 1049 1050 1097
f 1050 1098 1097
f 1050 1051 1098
f 1051 1099 1098
f 1051 1052 1099
f 1052 1100 1099
f 1052 1053 1100
f 1053 1101 1100
f 1053 1054 1101
f 1054 1102 1101
f 1054 1055 1102
f 1055 1103 1102
f 1055 1056 1103
f 1056 1104 1103
f 1056 1009 1104
f 1009 1057 1104
f 1057 1058 1105
f 1058 1106 1105
f 1058 1059 1106
f 1059 1107 1106
f 1059 1060 1107
f 1060 1108 1107
f 1060 1061 1108
f 1061 1109 1108
f 1061 1062 1109
f 1062 1110 1109
f 1062 1063 1110
f 1063 1111 1110
f 1063 1064 1111
f 1064 1112 1111
f 1064 1065 1112
f 1065 1113 1112
f 1065 1066 1113
f 1066 1114 1113
f 1066 1067 1114
f 1067 1115 1114
f 1067 1068 1115
f 1068 1116 1115
f 1068 1069 1116
f 1069 1117 1116
f 1069 1070 1117
f 1070 1118 1117
f 1070 1071 1118
f 1071 1119 1118
f 1071 1072 1119
f 1072 1120 1119
f 1072 1073 1120
f 1073 1121 1120
f 1073 1074 1121
f 1074 1122 1121
f 1074 1075 1122
f 1075 1123 1122
f 1075 1076 1123
f 1076 1124 1123
f 1076 1077 1124
f 1077 1125 1124
f 1077 1078 1125
f 1078 1126 1125
f 1078 1079 1126
f 1079 1127 1126
f 1079 1080 1127
f 1080 1128 1127
f 1080 1081 1128
f 1081 1129 1128
f 1081 1082 1129
f 1082 1130 1129
f 1082 1083 1130
f 1083 1131 1130
f 1083 1084 1131
f 1084 1132 1131
f 1084 1085 1132
f 1085 1133 1132
f 1085 1086 1133
f 1086 1134 1133
f 1086 1087 1134
f 1087 1135 1134
f 1087 1088 1135
f 1088 1136 1135
f 1088 1089 1136
f 1089 1137 1136
f 1089 1090 1137
f 1090 1138 1137
f 1090 1091 1138
f 1091 1139 1138
f 1091 1092 1139
f 1092 1140 1139
f 1092 1093 1140
f 1093 1141 1140
f 1093 1094 1141
f 1094 1142 1141
f 1094 1095 1142
f 1095 1143 1142
f 1095 1096 1143
f 1096 1144 1143
f 1096 1097 1144
f 1097 1145 1144
f 1097 1098 1145
f 1098 1146 1145
f 1098 1099 1146
f 1099 1147 1146
f 1099 1100 1147
f 1100 1148 1147
f 1100 1101 1148
f 1101 1149 1148
f 1101 1102 1149
f 1102 1150 1149
f 1102 1103 1150
f 1103 1151 1150
f 1103 1104 1151
f 1104 1152 1151
f 1104 1057 1152
f 1057 1105 1152
f 1105 1106 1153
f 1106 1154 1153
f 1106 1107 1154
f 1107 1155 1154
f 1107 1108 1155
f 1108 1156 1155
f 1108 1109 1156
f 1109 1157 1156
f 1109 1110 1157
f 1110 1158 1157
f 1110 1111 1158
f 1111 1159 1158
f 1111 1112 1159
f 1112 1160 1159
f 1112 1113 1160
f 1113 1161 1160
f 1113 1114 1161
f 1114 1162 1161
f 1114 1115 1162
f 1115 1163 1162
f 1115 1116 1163
f 1116 1164 1163
f 1116 1117 1164
f 1117 1165 1164
f 1117 1118 1165
f 1118 1166 1165
f 1118 1119 1166
f 1119 1167 1166
f 1119 1120 1167
f 1120 1168 1167
f 1120 1121 1168
f 1121 1169 1168
f 1121 1122 1169
f 1122 1170 1169
f 1122 1123 1170
f 1123 1171 1170
f 1123 1124 1171
f 1124 1172 1171
f 1124 1125 1172
f 1125 1173 1172
f 1125 1126 1173
f 1126 1174 1173
f 1126 1127 1174
f 1127 1175 1174
f 1127 1128 1175
f 1128 1176 1175
f 1128 1129 1176
f 1129 1177 1176
f 1129 1130 1177
f 1130 1178 1177
f 1130 1131 1178
f 1131 1179 1178
f 1131 1132 1179
f 1132 1180 1179
f 1132 1133 1180
f 1133 1181 1180
f 1133 1134 1181
f 1134 1182 1181
f 1134 1135 1182
f 1135 1183 1182
f 1135 1136 1183
f 1136 1184 1183
f 1136 1137 1184
f 1137 1185 1184
f 1137 1138 1185
f 1138 1186 1185
f 1138 1139 1186
f 1139 1187 1186
f 1139 1140 1187
f 1140 1188 1187
f 1140 1141 1188
f 1141 1189 1188
f 1141 1142 1189
f 1142 1190 1189
f 1142 1143 1190
f 1143 1191 1190
f 1143 1144 1191
f 1144 1192 1191
f 1144 1145 1192
f 1145 1193 1192
f 1145 1146 1193
f 1146 1194 1193
f 1146 1147 1194
f 1147 1195 1194
f 1147 1148 1195
f 1148 1196 1195
f 1148 1149 1196
f 1149 1197 1196
f 1149 1150 1197
f 1150 1198 1197
f 1150 1151 1198
f 1151 1199 1198
f 1151 1152 1199
f 1152 1200 1199
f 1152 1105 1200
f 1105 1153 1200
f 1153 1154 1201
f 1154 1202 1201
f 1154 1155 1202
f 1155 1203 1202
f 1155 1156 1203
f 1156 1204 1203
f 1156 1157 1204
f 1157 1205 1204
f 1157 1158 1205
f 1158 1206 1205
f 1158 1159 1206
f 1159 1207 1206
f 1159 1160 1207
f 1160 1208 1207
f 1160 1161 1208
f 1161 1209 1208
f 1161 1162 1209
f 1162 1210 1209
f 1162 1163 1210
f 1163 1211 1210
f 1163 1164 1211
f 1164 1212 1211
f 1164 1165 1212
f 1165 1213 1212
f 1165 1166 1213
f 1166 1214 1213
f 1166 1167 1214
f 1167 1215 1214
f 1167 1168 1215
f 1168 1216 1215
f 1168 1169 1216
f 1169 1217 1216
f 1169 1170 1217
f 1170 1218 1217
f 1170 1171 1218
f 1171 1219 1218
f 1171 1172 1219
f 1172 1220 1219
f 1172 1173 1220
f 1173 1221 1220
f 1173 1174 1221
f 1174 1222 1221
f 1174 1175 1222
f 1175 1223 1222
f 1175 1176 1223
f 1176 1224 1223
f 1176 1177 1224
f 1177 1225 1224
f 1177 1178 1225
f 1178 1226 1225
f 1178 1179 1226
f 1179 1227 1226
f 1179 1180 1227
f 1180 1228 1227
f 1180 1181 1228
f 1181 1229 1228
f 1181 1182 1229
f 1182 1230 1229
f 1182 1183 1230
f 1183 1231 1230
f 1183 1184 1231
f 1184 1232 1231
f 1184 1185 1232
f 1185 1233 1232
f 1185 1186 1233
f 1186 1234 1233
f 1186 1187 1234
f 1187 1235 1234
f 1187 1188 1235
f 1188 1236 1235
f 1188 1189 1236
f 1189 1237 1236
f 1189 1190 1237
f 1190 1238 1237
f 1190 1191 1238
f 1191 1239 1238
f 1191 1192 1239
f 1192 1240 1239
f 1192 1193 1240
f 1193 1241 1240
f 1193 1194 1241
f 1194 1242 1241
f 1194 1195 1242
f 1195 1243 1242
f 1195 1196 1243
f 1196 1244 1243
f 1196 1197 1244
f 1197 1245 1244
f 1197 1198 1245
f 1198 1246 1245
f 1198 1199 1246
f 1199 1247 1246
f 1199 1200 1247
f 1200 1248 1247
f 1200 1153 1248
f 1153 1201 1248
f 1201 1202 1249
f 1202 1250 1249
f 1202 1203 1250
f 1203 1251 1250
f 1203 1204 1251
f 1204 1252 1251
f 1204 1205 1252
f 1205 1253 1252
f 1205 1206 1253
f 1206 1254 1253
f 1206 1207 1254
f 1207 1255 1254
f 1207 1208 1255
f 1208 1256 1255
f 1208 1209 1256
f 1209 1257 1256
f 1209 1210 1257
f 1210 1258 1257
f 1210 1211 1258
f 1211 1259 1258
f 1211 1212 1259
f 1212 1260 1259
f 1212 1213 1260
f 1213 1261 1260
f 1213 1214 1261
f 1214 1262 1261
f 1214 1215 1262
f 1215 1263 1262
f 1215 1216 1263
f 1216 1264 1263
f 1216 1217 1264
f 1217 1265 1264
f 1217 1218 1265
f 1218 1266 1265
f 1218 1219 1266
f 1219 1267 1266
f 1219 1220 1267
f 1220 1268 1267
f 1220 1221 1268
f 1221 1269 1268
f 1221 1222 1269
f 1222 1270 1269
f 1222 1223 1270
f 1223 1271 1270
f 1223 1224 1271
f 1224 1272 1271
f 1224 1225 1272
f 1225 1273 1272
f 1225 1226 1273
f 1226 1274 1273
f 1226 1227 1274
f 1227 1275 1274
f 1227 1228 1275
f 1228 1276 1275
f 1228 1229 1276
f 1229 1277 1276
f 1229 1230 1277
f 1230 1278 1277
f 1230 1231 1278
f 1231 1279 1278
f 1231 1232 1279
f 1232 1280 1279
f 1232 1233 1280
f 1233 1281 1280
f 1233 1234 1281
f 1234 1282 1281
f 1234 1235 1282
f 1235 1283 1282
f 1235 1236 1283
f 1236 1284 1283
f 1236 1237 1284
f 1237 1285 1284
f 1237 1238 1285
f 1238 1286 1285
f 1238 1239 1286
f 1239 1287 1286
f 1239 1240 1287
f 1240 1288 1287
f 1240 1241 1288
f 1241 1289 1288
f 1241 1242 1289
f 1242 1290 1289
f 1242 1243 1290
f 1243 1291 1290
f 1243 1244 1291
f 1244 1292 1291
f 1244 1245 1292
f 1245 1293 1292
f 1245 1246 1293
f 1246 1294 1293
f 1246 1247 1294
f 1247 1295 1294
f 1247 1248 1295
f 1248 1296 1295
f 1248 1201 1296
f 1201 1249 1296
f 1249 1250 1297
f 1250 1298 1297
f 1250 1251 1298
f 1251 1299 1298
f 1251 1252 1299
f 1252 1300 1299
f 1252 1253 1300
f 1253 1301 1300
f 1253 1254 1301
f 1254 1302 1301
f 1254 1255 1302
f 1255 1303 1302
f 1255 1256 1303
f 1256 1304 1303
f 1256 1257 1304
f 1257 1305 1304
f 1257 1258 1305
f 1258 1306 1305
f 1258 1259 1306
f 1259 1307 1306
f 1259 1260 1307
f 1260 1308 1307
f 1260 1261 1308
f 1261 1309 1308
f 1261 1262 1309
f 1262 1310 1309
f 1262 1263 1310
f 1263 1311 1310
f 1263 1264 1311
f 1264 1312 1311
f 1264 1265 1312
f 1265 1313 1312
f 1265 1266 1313
f 1266 1314 1313
f 1266 1267 1314
f 1267 1315 1314
f 1267 1268 1315
f 1268 1316 1315
f 1268 1269 1316
f 1269 1317 1316
f 1269 1270 1317
f 1270 1318 1317
f 1270 1271 1318
f 1271 1319 1318
f 1271 1272 1319
f 1272 1320 1319
f 1272 1273 1320
f 1273 1321 1320
f 1273 1274 1321
f 1274 1322 1321
f 1274 1275 1322
f 1275 1323 1322
f 1275 1276 1323
f 1276 1324 1323
f 1276 1277 1324
f 1277 1325 1324
f 1277 1278 1325
f 1278 1326 1325
f 1278 1279 1326
f 1279 1327 1326
f 1279 1280 1327
f 1280 1328 1327
f 1280 1281 1328
f 1281 1329 1328
f 1281 1282 1329
f 1282 1330 1329
f 1282 1283 1330
f 1283 1331 1330
f 1283 1284 1331
f 1284 1332 1331
f 1284 1285 1332
f 1285 1333 1332
f 1285 1286 1333
f 1286 1334 1333
f 1286 1287 1334
f 1287 1335 1334
f 1287 1288 1335
f 1288 1336 1335
f 1288 1289 1336
f 1289 1337 1336
f 1289 1290 1337
f 1290 1338 1337
f 1290 1291 1338
f 1291 1339 1338
f 1291 1292 1339
f 1292 1340 1339
f 1292 1293 1340
f 1293 1341 1340
f 1293 1294 1341
f 1294 1342 1341
f 1294 1295 1342
f 1295 1343 1342
f 1295 1296 1343
f 1296 1344 1343
f 1296 1249 1344
f 1249 1297 1344
f 31 30 32
f 32 30 1345
f 32 1346 33
f 32 1345 1346
f 33 1346 34
f 34 1346 1347
f 34 1348 35
f 34 1347 1348
f 35 1348 36
f 36 1348 1349
f 36 1350 37
f 36 1349 1350
f 37 1350 38
f 38 1350 1351
f 38 1352 39
f 38 1351 1352
f 39 1352 40
f 40 1352 1353
f 40 1354 41
f 40 1353 1354
f 41 1354 42
f 42 1354 1355
f 42 44 43
f 42 1355 44
f 30 1356 1345
f 30 29 1356
f 1345 1356 1346
f 1346 1356 1357
f 1346 1358 1347
f 1346 1357 1358
f 1347 1358 1348
f 1348 1358 1359
f 1348 1360 1349
f 1348 1359 1360
f 1349 1360 1350
f 1350 1360 1361
f 1350 1362 1351
f 1350 1361 1362
f 1351 1362 1352
f 1352 1362 1363
f 1352 1364 1353
f 1352 1363 1364
f 1353 1364 1354
f 1354 1364 1365
f 1354 1366 1355
f 1354 1365 1366
f 1355 1366 44
f 44 1366 45
f 29 28 1356
f 1356 28 1367
f 1356 1368 1357
f 1356 1367 1368
f 1357 1368 1358
f 1358 1368 1369
f 1358 1370 1359
f 1358 1369 1370
f 1359 1370 1360
f 1360 1370 1371
f 1360 1372 1361
f 1360 1371 1372
f 1361 1372 1362
f 1362 1372 1373
f 1362 1374 1363
f 1362 1373 1374
f 1363 1374 1364
f 1364 1374 1375
f 1364 1376 1365
f 1364 1375 1376
f 1365 1376 1366
f 1366 1376 1377
f 1366 46 45
f 1366 1377 46
f 28 1378 1367
f 28 27 1378
f 1367 1378 1368
f 1368 1378 1379
f 1368 1380 1369
f 1368 1379 1380
f 1369 1380 1370
f 1370 1380 1381
f 1370 1382 1371
f 1370 1381 1382
f 1371 1382 1372
f 1372 1382 1383
f 1372 1384 1373
f 1372 1383 1384
f 1373 1384 1374
f 1374 1384 1385
f 1374 1386 1375
f 1374 1385 1386
f 1375 1386 1376
f 1376 1386 1387
f 1376 1388 1377
f 1376 1387 1388
f 1377 1388 46
f 46 1388 47
f 27 26 1378
f 1378 26 1389
f 1378 1390 1379
f 1378 1389 1390
f 1379 1390 1380
f 1380 1390 1391
f 1380 1392 1381
f 1380 1391 1392
f 1381 1392 1382
f 1382 1392 1393
f 1382 1394 1383
f 1382 1393 1394
f 1383 1394 1384
f 1384 1394 1395
f 1384 1396 1385
f 1384 1395 1396
f 1385 1396 1386
f 1386 1396 1397
f 1386 1398 1387
f 1386 1397 1398
f 1387 1398 1388
f 1388 1398 1399
f 1388 48 47
f 1388 1399 48
f 26 1400 1389
f 26 25 1400
f 1389 1400 1390
f 1390 1400 1401
f 1390 1402 1391
f 1390 1401 1402
f 1391 1402 1392
f 1392 1402 1403
f 1392 1404 1393
f 1392 1403 1404
f 1393 1404 1394
f 1394 1404 1405
f 1394 1406 1395
f 1394 1405 1406
f 1395 1406 1396
f 1396 1406 1407
f 1396 1408 1397
f 1396 1407 1408
f 1397 1408 1398
f 1398 1408 1409
f 1398 1410 1399
f 1398 1409 1410
f 1399 1410 48
f 48 1410 1
f 25 24 1400
f 1400 24 1411
f 1400 1412 1401
f 1400 1411 1412
f 1401 1412 1402
f 1402 1412 1413
f 1402 1414 1403
f 1402 1413 1414
f 1403 1414 1404
f 1404 1414 1415
f 1404 1416 1405
f 1404 1415 1416
f 1405 1416 1406
f 1406 1416 1417
f 1406 1418 1407
f 1406 1417 1418
f 1407 1418 1408
f 1408 1418 1419
f 1408 1420 1409
f 1408 1419 1420
f 1409 1420 1410
f 1410 1420 1421
f 1410 2 1
f 1410 1421 2
f 24 1422 1411
f 24 23 1422
f 1411 1422 1412
f 1412 1422 1423
f 1412 1424 1413
f 1412 1423 1424
f 1413 1424 1414
f 1414 1424 1425
f 1414 1426 1415
f 1414 1425 1426
f 1415 1426 1416
f 1416 1426 1427
f 1416 1428 1417
f 1416 1427 1428
f 1417 1428 1418
f 1418 1428 1429
f 1418 1430 1419
f 1418 1429 1430
f 1419 1430 1420
f 1420 1430 1431
f 1420 1432 1421
f 1420 1431 1432
f 1421 1432 2
f 2 1432 3
f 23 22 1422
f 1422 22 1433
f 1422 1434 1423
f 1422 1433 1434
f 1423 1434 1424
f 1424 1434 1435
f 1424 1436 1425
f 1424 1435 1436
f 1425 1436 1426
f 1426 1436 1437
f 1426 1438 1427
f 1426 1437 1438
f 1427 1438 1428
f 1428 1438 1439
f 1428 1440 1429
f 1428 1439 1440
f 1429 1440 1430
f 1430 1440 1441
f 1430 1442 1431
f 1430 1441 1442
f 1431 1442 1432
f 1432 1442 1443
f 1432 4 3
f 1432 1443 4
f 22 1444 1433
f 22 21 1444
f 1433 1444 1434
f 1434 1444 1445
f 1434 1446 1435
f 1434 1445 1446
f 1435 1446 1436
f 1436 1446 1447
f 1436 1448 1437
f 1436 1447 1448
f 1437 1448 1438
f 1438 1448 1449
f 1438 1450 1439
f 1438 1449 1450
f 1439 1450 1440
f 1440 1450 1451
f 1440 1452 1441
f 1440 1451 1452
f 1441 1452 1442
f 1442 1452 1453
f 1442 1454 1443
f 1442 1453 1454
f 1443 1454 4
f 4 1454 5
f 21 20 1444
f 1444 20 1455
f 1444 1456 1445
f 1444 1455 1456
f 1445 1456 1446
f 1446 1456 1457
f 1446 1458 1447
f 1446 1457 1458
f 1447 1458 1448
f 1448 1458 1459
f 1448 1460 1449
f 1448 1459 1460
f 1449 1460 1450
f 1450 1460 1461
f 1450 1462 1451
f 1450 1461 1462
f 1451 1462 1452
f 1452 1462 1463
f 1452 1464 1453
f 1452 1463 1464
f 1453 1464 1454
f 1454 1464 1465
f 1454 6 5
f 1454 1465 6
f 20 18 1455
f 20 19 18
f 1455 18 1456
f 1456 18 17
f 1456 16 1457
f 1456 17 16
f 1457 16 1458
f 1458 16 15
f 1458 14 1459
f 1458 15 14
f 1459 14 1460
f 1460 14 13
f 1460 12 1461
f 1460 13 12
f 1461 12 1462
f 1462 12 11
f 1462 10 1463
f 1462 11 10
f 1463 10 1464
f 1464 10 9
f 1464 8 1465
f 1464 9 8
f 1465 8 6
f 6 8 7
# grip center 0.0777835464 0.0142531033 1.35187402 active 1 orientation 1 0 0 0 patch_center 0
# ball 0 center 0.359984169 0.0298755958 1.00708502 radius 0.07 appearance 0 orientation 0.212202667 -0.205616406 0.659775155 -0.690933185 angular_velocity 0.36622928 -1.01602904 -0.235338379 linear_velocity 0.381485671 0.302674926 0.380087916
# ball 1 center -5.11613011 -1.2860535 -0.685 radius 0.065 appearance 1 orientation 0.816487024 0.255680631 0.507085161 0.10412009 angular_velocity 6.26974198 -26.4325712 -0.495110256 linear_velocity -1.7181482 -0.407540599 0
# ball 2 center 0.242095794 0.10630929 0.97123503 radius 0.075 appearance 2 orientation 0.185170118 0.43659194 0.156838597 -0.8663147 angular_velocity 0.419900069 -1.19328657 -0.725984498 linear_velocity 0.458438882 0.37432728 0.279733289
# ball 3 center 0.182320153 0.0122937272 0.894992347 radius 0.06 appearance 1 orientation 0.448001171 -0.265010826 0.648297781 0.555674545 angular_velocity 0.77347753 -2.02808316 -0.0562656305 linear_velocity 0.537610576 0.44401968 0.131718424
# ball 4 center -3.52785192 0.421065801 -0.682 radius 0.068 appearance 3 orientation -0.136649209 -0.16890554 0.952210959 0.214690943 angular_velocity -1.33727652 -17.7947439 -6.19838441 linear_velocity -1.21007443 0.0909371961 2.30772216e-13
# ball 5 center 0.212941132 -0.114796294 0.913281201 radius 0.072 appearance 0 orientation 0.420092558 -0.474137695 0.114179521 0.765296495 angular_velocity 0.835078079 -1.68184182 -0.6236311 linear_velocity 0.457541453 0.418009103 0.0855373297
# ball 6 center 0.341526461 -0.0833152965 0.939734184 radius 0.063 appearance 2 orientation -0.0407501647 -0.276861065 -0.0963456222 -0.955198877 angular_velocity 0.536436787 -1.40793107 -0.315829252 linear_velocity 0.431317777 0.337726375 0.307405936
# ball 7 center 0.313826987 0.0271728575 0.879185798 radius 0.066 appearance 3 orientation 0.788771219 -0.0493737759 -0.184270407 -0.584334332 angular_velocity 0.456531312 -1.14042311 -0.458293473 linear_velocity 0.518492961 0.371413573 0.329042815
# ball 8 center 0.299501055 -0.202056227 0.988308422 radius 0.072 appearance 0 orientation 0.0690898103 -0.906349655 -0.292210045 -0.29727124 angular_velocity 1.83349235 -1.76116033 -0.249404416 linear_velocity 0.320428068 0.289697836 0.0945452337
# ball 9 center -3.6291281 1.16944565 -0.686 radius 0.064 appearance 1 orientation -0.292403782 0.417919051 -0.832818334 0.215075143 angular_velocity -5.10833704 -18.5468257 -7.71148159 linear_velocity -1.18702763 0.32694205 2.75043877e-13
# ball 10 center -0.38412654 1.82010375 -0.68 radius 0.07 appearance 2 orientation 0.783375056 -0.234454388 0.35523278 -0.452950696 angular_velocity -7.2717276 -3.22030137 -16.2656839 linear_velocity -0.225434027 0.509050131 5.49154038e-13
# ball 11 center -5.89965333 0.411285937 -0.683 radius 0.067 appearance 3 orientation -0.237351132 0.602404983 0.716755078 -0.258910864 angular_velocity -1.98371188 -29.6416403 2.48075275 linear_velocity -1.98602176 0.132910828 0
