pass,phase,fruit_yarn_m,fruit,node_a,node_b,primitive_m,local_m,strain_m,static_m
0,input,5.6692601918151286e-05,3,983,984,7.4202240706033873e-10,9.6534745475107542e-10,0,0
1,primitive,5.6692601918151286e-05,3,983,984,0,9.6534745475107542e-10,0,0
1,strain,5.6692601918151286e-05,3,983,984,0,9.6534745475107542e-10,0,0
1,local,5.6692601918151286e-05,3,983,984,0,0,0,0
1,fruit_pair,5.6715381598237968e-05,3,983,984,0,0,0,0
1,fruit_yarn_0,5.6715381598237968e-05,3,983,984,0,0,0,0
1,fruit_yarn_1,5.6715381598237968e-05,3,983,984,0,0,0,0
1,fruit_yarn_2,5.6715381598237968e-05,3,983,984,0,0,0,0
1,fruit_yarn_3,5.6514921432104792e-05,10,983,984,0,0,0,0
1,fruit_yarn_4,5.6514921432104792e-05,10,983,984,0,0,0,0
1,fruit_yarn_5,5.6514921432104792e-05,10,983,984,0,0,0,0
1,fruit_yarn_6,5.6514921432104792e-05,10,983,984,0,0,0,0
1,fruit_yarn_7,5.6514921432104792e-05,10,983,984,0,0,0,0
1,fruit_yarn_8,5.6514921432104792e-05,10,983,984,0,0,0,0
1,fruit_yarn_9,5.6514921432104792e-05,10,983,984,0,0,0,0
1,fruit_yarn_10,5.6354403806233022e-05,3,983,984,0,2.915661288793725e-10,0,0
1,fruit_yarn_11,5.6354403806233022e-05,3,983,984,0,2.915661288793725e-10,0,0
1,ground,5.6354403806233022e-05,3,983,984,0,2.915661288793725e-10,0,0
1,local,5.6354403806233022e-05,3,983,984,0,1.5612511283791264e-17,0,0
1,fruit_pair,5.6376822553980133e-05,3,983,984,0,1.5612511283791264e-17,0,0
1,fruit_yarn_0,5.6376822553980133e-05,3,983,984,0,1.5612511283791264e-17,0,0
1,fruit_yarn_1,5.6376822553980133e-05,3,983,984,0,1.5612511283791264e-17,0,0
1,fruit_yarn_2,5.6376822553980133e-05,3,983,984,0,1.5612511283791264e-17,0,0
1,fruit_yarn_3,5.6177070794694028e-05,10,983,984,0,1.5612511283791264e-17,0,0
1,fruit_yarn_4,5.6177070794694028e-05,10,983,984,0,1.5612511283791264e-17,0,0
1,fruit_yarn_5,5.6177070794694028e-05,10,983,984,0,1.5612511283791264e-17,0,0
1,fruit_yarn_6,5.6177070794694028e-05,10,983,984,0,1.5612511283791264e-17,0,0
1,fruit_yarn_7,5.6177070794694028e-05,10,983,984,0,1.5612511283791264e-17,0,0
1,fruit_yarn_8,5.6177070794694028e-05,10,983,984,0,1.5612511283791264e-17,0,0
1,fruit_yarn_9,5.6177070794694028e-05,10,983,984,0,1.5612511283791264e-17,0,0
1,fruit_yarn_10,5.6016990379298415e-05,3,983,984,0,2.6066675727631772e-10,0,0
1,fruit_yarn_11,5.6016990379298415e-05,3,983,984,0,2.6066675727631772e-10,0,0
1,ground,5.6016990379298415e-05,3,983,984,0,2.6066675727631772e-10,0,0
2,primitive,5.6016990379298415e-05,3,983,984,0,2.6066675727631772e-10,0,0
2,strain,5.6016990379298415e-05,3,983,984,0,2.6066675727631772e-10,0,0
2,local,5.6016990379298415e-05,3,983,984,0,0,0,0
2,fruit_pair,5.6039280469780128e-05,3,983,984,0,0,0,0
2,fruit_yarn_0,5.6039280469780128e-05,3,983,984,0,0,0,0
2,fruit_yarn_1,5.6039280469780128e-05,3,983,984,0,0,0,0
2,fruit_yarn_2,5.6039280469780128e-05,3,983,984,0,0,0,0
2,fruit_yarn_3,5.584020537884038e-05,10,983,984,0,0,0,0
2,fruit_yarn_4,5.584020537884038e-05,10,983,984,0,0,0,0
2,fruit_yarn_5,5.584020537884038e-05,10,983,984,0,0,0,0
2,fruit_yarn_6,5.584020537884038e-05,10,983,984,0,0,0,0
2,fruit_yarn_7,5.584020537884038e-05,10,983,984,0,0,0,0
2,fruit_yarn_8,5.584020537884038e-05,10,983,984,0,0,0,0
2,fruit_yarn_9,5.584020537884038e-05,10,983,984,0,0,0,0
2,fruit_yarn_10,5.5680567093444044e-05,3,983,984,0,2.9755065078518328e-10,0,0
2,fruit_yarn_11,5.5680567093444044e-05,3,983,984,0,2.9755065078518328e-10,0,0
2,ground,5.5680567093444044e-05,3,983,984,0,2.9755065078518328e-10,0,0
2,local,5.5680567093444044e-05,3,983,984,0,0,0,0
2,fruit_pair,5.5702723126951903e-05,3,983,984,0,0,0,0
2,fruit_yarn_0,5.5702723126951903e-05,3,983,984,0,0,0,0
2,fruit_yarn_1,5.5702723126951903e-05,3,983,984,0,0,0,0
2,fruit_yarn_2,5.5702723126951903e-05,3,983,984,0,0,0,0
2,fruit_yarn_3,5.5504328849376172e-05,10,983,984,0,0,0,0
2,fruit_yarn_4,5.5504328849376172e-05,10,983,984,0,0,0,0
2,fruit_yarn_5,5.5504328849376172e-05,10,983,984,0,0,0,0
2,fruit_yarn_6,5.5504328849376172e-05,10,983,984,0,0,0,0
2,fruit_yarn_7,5.5504328849376172e-05,10,983,984,0,0,0,0
2,fruit_yarn_8,5.5504328849376172e-05,10,983,984,0,0,0,0
2,fruit_yarn_9,5.5504328849376172e-05,10,983,984,0,0,0,0
2,fruit_yarn_10,5.534513755890702e-05,3,983,984,0,3.0264921298261971e-10,0,0
2,fruit_yarn_11,5.534513755890702e-05,3,983,984,0,3.0264921298261971e-10,0,0
2,ground,5.534513755890702e-05,3,983,984,0,3.0264921298261971e-10,0,0
3,primitive,5.534513755890702e-05,3,983,984,0,3.0264921298261971e-10,0,0
3,strain,5.534513755890702e-05,3,983,984,0,3.0264921298261971e-10,0,0
3,local,5.534513755890702e-05,3,983,984,0,0,0,0
3,fruit_pair,5.5367159992575354e-05,3,983,984,0,0,0,0
3,fruit_yarn_0,5.5367159992575354e-05,3,983,984,0,0,0,0
3,fruit_yarn_1,5.5367159992575354e-05,3,983,984,0,0,0,0
3,fruit_yarn_2,5.5367159992575354e-05,3,983,984,0,0,0,0
3,fruit_yarn_3,5.5169450601591508e-05,10,983,984,0,0,0,0
3,fruit_yarn_4,5.5169450601591508e-05,10,983,984,0,0,0,0
3,fruit_yarn_5,5.5169450601591508e-05,10,983,984,0,0,0,0
3,fruit_yarn_6,5.5169450601591508e-05,10,983,984,0,0,0,0
3,fruit_yarn_7,5.5169450601591508e-05,10,983,984,0,0,0,0
3,fruit_yarn_8,5.5169450601591508e-05,10,983,984,0,0,0,0
3,fruit_yarn_9,5.5169450601591508e-05,10,983,984,0,0,0,0
3,fruit_yarn_10,5.5010711104960808e-05,3,983,984,0,3.0168628706306322e-10,0,0
3,fruit_yarn_11,5.5010711104960808e-05,3,983,984,0,3.0168628706306322e-10,0,0
3,ground,5.5010711104960808e-05,3,983,984,0,3.0168628706306322e-10,0,0
3,local,5.5010711104960808e-05,3,983,984,0,4.163336342344337e-17,0,0
3,fruit_pair,5.5032600340745863e-05,3,983,984,0,4.163336342344337e-17,0,0
3,fruit_yarn_0,5.5032600340745863e-05,3,983,984,0,4.163336342344337e-17,0,0
3,fruit_yarn_1,5.5032600340745863e-05,3,983,984,0,4.163336342344337e-17,0,0
3,fruit_yarn_2,5.5032600340745863e-05,3,983,984,0,4.163336342344337e-17,0,0
3,fruit_yarn_3,5.4835579839582205e-05,10,983,984,0,4.163336342344337e-17,0,0
3,fruit_yarn_4,5.4835579839582205e-05,10,983,984,0,4.163336342344337e-17,0,0
3,fruit_yarn_5,5.4835579839582205e-05,10,983,984,0,4.163336342344337e-17,0,0
3,fruit_yarn_6,5.4835579839582205e-05,10,983,984,0,4.163336342344337e-17,0,0
3,fruit_yarn_7,5.4835579839582205e-05,10,983,984,0,4.163336342344337e-17,0,0
3,fruit_yarn_8,5.4835579839582205e-05,10,983,984,0,4.163336342344337e-17,0,0
3,fruit_yarn_9,5.4835579839582205e-05,10,983,984,0,4.163336342344337e-17,0,0
3,fruit_yarn_10,5.467729686929601e-05,3,983,984,0,2.9985943762744771e-10,0,0
3,fruit_yarn_11,5.467729686929601e-05,3,983,984,0,2.9985943762744771e-10,0,0
3,ground,5.467729686929601e-05,3,983,984,0,2.9985943762744771e-10,0,0
4,primitive,5.467729686929601e-05,3,983,984,0,2.9985943762744771e-10,0,0
4,strain,5.467729686929601e-05,3,983,984,0,2.9985943762744771e-10,0,0
4,local,5.467729686929601e-05,3,983,984,0,0,0,0
4,fruit_pair,5.4699053312581847e-05,3,983,984,0,0,0,0
4,fruit_yarn_0,5.4699053312581847e-05,3,983,984,0,0,0,0
4,fruit_yarn_1,5.4699053312581847e-05,3,983,984,0,0,0,0
4,fruit_yarn_2,5.4699053312581847e-05,3,983,984,0,0,0,0
4,fruit_yarn_3,5.4502725633995275e-05,10,983,984,0,0,0,0
4,fruit_yarn_4,5.4502725633995275e-05,10,983,984,0,0,0,0
4,fruit_yarn_5,5.4502725633995275e-05,10,983,984,0,0,0,0
4,fruit_yarn_6,5.4502725633995275e-05,10,983,984,0,0,0,0
4,fruit_yarn_7,5.4502725633995275e-05,10,983,984,0,0,0,0
4,fruit_yarn_8,5.4502725633995275e-05,10,983,984,0,0,0,0
4,fruit_yarn_9,5.4502725633995275e-05,10,983,984,0,0,0,0
4,fruit_yarn_10,5.4344903855696458e-05,3,983,984,0,2.9792463461519869e-10,0,0
4,fruit_yarn_11,5.4344903855696458e-05,3,983,984,0,2.9792463461519869e-10,0,0
4,ground,5.4344903855696458e-05,3,983,984,0,2.9792463461519869e-10,0,0
4,local,5.4344903855696458e-05,3,983,984,0,8.6736173798840355e-18,0,0
4,fruit_pair,5.4366527915419849e-05,3,983,984,0,8.6736173798840355e-18,0,0
4,fruit_yarn_0,5.4366527915419849e-05,3,983,984,0,8.6736173798840355e-18,0,0
4,fruit_yarn_1,5.4366527915419849e-05,3,983,984,0,8.6736173798840355e-18,0,0
4,fruit_yarn_2,5.4366527915419849e-05,3,983,984,0,8.6736173798840355e-18,0,0
4,fruit_yarn_3,5.4170896921570955e-05,10,983,984,0,8.6736173798840355e-18,0,0
4,fruit_yarn_4,5.4170896921570955e-05,10,983,984,0,8.6736173798840355e-18,0,0
4,fruit_yarn_5,5.4170896921570955e-05,10,983,984,0,8.6736173798840355e-18,0,0
4,fruit_yarn_6,5.4170896921570955e-05,10,983,984,0,8.6736173798840355e-18,0,0
4,fruit_yarn_7,5.4170896921570955e-05,10,983,984,0,8.6736173798840355e-18,0,0
4,fruit_yarn_8,5.4170896921570955e-05,10,983,984,0,8.6736173798840355e-18,0,0
4,fruit_yarn_9,5.4170896921570955e-05,10,983,984,0,8.6736173798840355e-18,0,0
4,fruit_yarn_10,5.4013540933872672e-05,3,983,984,0,2.9598288230070491e-10,0,0
4,fruit_yarn_11,5.4013540933872672e-05,3,983,984,0,2.9598288230070491e-10,0,0
4,ground,5.4013540933872672e-05,3,983,984,0,2.9598288230070491e-10,0,0
5,primitive,5.4013540933872672e-05,3,983,984,0,2.9598288230070491e-10,0,0
5,strain,5.4013540933872672e-05,3,983,984,0,2.9598288230070491e-10,0,0
5,local,5.4013540933872672e-05,3,983,984,0,0,0,0
5,fruit_pair,5.4035033022481471e-05,3,983,984,0,0,0,0
5,fruit_yarn_0,5.4035033022481471e-05,3,983,984,0,0,0,0
5,fruit_yarn_1,5.4035033022481471e-05,3,983,984,0,0,0,0
5,fruit_yarn_2,5.4035033022481471e-05,3,983,984,0,0,0,0
5,fruit_yarn_3,5.3840102504559839e-05,10,983,984,0,0,0,0
5,fruit_yarn_4,5.3840102504559839e-05,10,983,984,0,0,0,0
5,fruit_yarn_5,5.3840102504559839e-05,10,983,984,0,0,0,0
5,fruit_yarn_6,5.3840102504559839e-05,10,983,984,0,0,0,0
5,fruit_yarn_7,5.3840102504559839e-05,10,983,984,0,0,0,0
5,fruit_yarn_8,5.3840102504559839e-05,10,983,984,0,0,0,0
5,fruit_yarn_9,5.3840102504559839e-05,10,983,984,0,0,0,0
5,fruit_yarn_10,5.3683216838587566e-05,3,983,984,0,2.9404701069879469e-10,0,0
5,fruit_yarn_11,5.3683216838587566e-05,3,983,984,0,2.9404701069879469e-10,0,0
5,ground,5.3683216838587566e-05,3,983,984,0,2.9404701069879469e-10,0,0
5,local,5.3683216838587566e-05,3,983,984,0,1.9081958235744878e-17,0,0
5,fruit_pair,5.3704577371929685e-05,3,983,984,0,1.9081958235744878e-17,0,0
5,fruit_yarn_0,5.3704577371929685e-05,3,983,984,0,1.9081958235744878e-17,0,0
5,fruit_yarn_1,5.3704577371929685e-05,3,983,984,0,1.9081958235744878e-17,0,0
5,fruit_yarn_2,5.3704577371929685e-05,3,983,984,0,1.9081958235744878e-17,0,0
5,fruit_yarn_3,5.3510351049820826e-05,10,983,984,0,1.9081958235744878e-17,0,0
5,fruit_yarn_4,5.3510351049820826e-05,10,983,984,0,1.9081958235744878e-17,0,0
5,fruit_yarn_5,5.3510351049820826e-05,10,983,984,0,1.9081958235744878e-17,0,0
5,fruit_yarn_6,5.3510351049820826e-05,10,983,984,0,1.9081958235744878e-17,0,0
5,fruit_yarn_7,5.3510351049820826e-05,10,983,984,0,1.9081958235744878e-17,0,0
5,fruit_yarn_8,5.3510351049820826e-05,10,983,984,0,1.9081958235744878e-17,0,0
5,fruit_yarn_9,5.3510351049820826e-05,10,983,984,0,1.9081958235744878e-17,0,0
5,fruit_yarn_10,5.3353940169129088e-05,3,983,984,0,2.9211870943013363e-10,0,0
5,fruit_yarn_11,5.3353940169129088e-05,3,983,984,0,2.9211870943013363e-10,0,0
5,ground,5.3353940169129088e-05,3,983,984,0,2.9211870943013363e-10,0,0
6,primitive,5.3353940169129088e-05,3,983,984,0,2.9211870943013363e-10,0,0
6,strain,5.3353940169129088e-05,3,983,984,0,2.9211870943013363e-10,0,0
6,local,5.3353940169129088e-05,3,983,984,0,0,0,0
6,fruit_pair,5.3375169566438618e-05,3,983,984,0,0,0,0
6,fruit_yarn_0,5.3375169566438618e-05,3,983,984,0,0,0,0
6,fruit_yarn_1,5.3375169566438618e-05,3,983,984,0,0,0,0
6,fruit_yarn_2,5.3375169566438618e-05,3,983,984,0,0,0,0
6,fruit_yarn_3,5.3181651088626825e-05,10,983,984,0,0,0,0
6,fruit_yarn_4,5.3181651088626825e-05,10,983,984,0,0,0,0
6,fruit_yarn_5,5.3181651088626825e-05,10,983,984,0,0,0,0
6,fruit_yarn_6,5.3181651088626825e-05,10,983,984,0,0,0,0
6,fruit_yarn_7,5.3181651088626825e-05,10,983,984,0,0,0,0
6,fruit_yarn_8,5.3181651088626825e-05,10,983,984,0,0,0,0
6,fruit_yarn_9,5.3181651088626825e-05,10,983,984,0,0,0,0
6,fruit_yarn_10,5.3025719388741233e-05,3,983,984,0,2.9019834972554559e-10,0,0
6,fruit_yarn_11,5.3025719388741233e-05,3,983,984,0,2.9019834972554559e-10,0,0
6,ground,5.3025719388741233e-05,3,983,984,0,2.9019834972554559e-10,0,0
6,local,5.3025719388741233e-05,3,983,984,0,1.5612511283791264e-17,0,0
6,fruit_pair,5.3046818072735591e-05,3,983,984,0,1.5612511283791264e-17,0,0
6,fruit_yarn_0,5.3046818072735591e-05,3,983,984,0,1.5612511283791264e-17,0,0
6,fruit_yarn_1,5.3046818072735591e-05,3,983,984,0,1.5612511283791264e-17,0,0
6,fruit_yarn_2,5.3046818072735591e-05,3,983,984,0,1.5612511283791264e-17,0,0
6,fruit_yarn_3,5.285401101584597e-05,10,983,984,0,1.5612511283791264e-17,0,0
6,fruit_yarn_4,5.285401101584597e-05,10,983,984,0,1.5612511283791264e-17,0,0
6,fruit_yarn_5,5.285401101584597e-05,10,983,984,0,1.5612511283791264e-17,0,0
6,fruit_yarn_6,5.285401101584597e-05,10,983,984,0,1.5612511283791264e-17,0,0
6,fruit_yarn_7,5.285401101584597e-05,10,983,984,0,1.5612511283791264e-17,0,0
6,fruit_yarn_8,5.285401101584597e-05,10,983,984,0,1.5612511283791264e-17,0,0
6,fruit_yarn_9,5.285401101584597e-05,10,983,984,0,1.5612511283791264e-17,0,0
6,fruit_yarn_10,5.2698562824179951e-05,3,983,984,0,2.8828589689056106e-10,0,0
6,fruit_yarn_11,5.2698562824179951e-05,3,983,984,0,2.8828589689056106e-10,0,0
6,ground,5.2698562824179951e-05,3,983,984,0,2.8828589689056106e-10,0,0
7,primitive,5.2698562824179951e-05,3,983,984,0,2.8828589689056106e-10,0,0
7,strain,5.2698562824179951e-05,3,983,984,0,2.8828589689056106e-10,0,0
7,local,5.2698562824179951e-05,3,983,984,0,0,0,0
7,fruit_pair,5.2719531220574156e-05,3,983,984,0,0,0,0
7,fruit_yarn_0,5.2719531220574156e-05,3,983,984,0,0,0,0
7,fruit_yarn_1,5.2719531220574156e-05,3,983,984,0,0,0,0
7,fruit_yarn_2,5.2719531220574156e-05,3,983,984,0,0,0,0
7,fruit_yarn_3,5.2527439089386507e-05,10,983,984,0,0,0,0
7,fruit_yarn_4,5.2527439089386507e-05,10,983,984,0,0,0,0
7,fruit_yarn_5,5.2527439089386507e-05,10,983,984,0,0,0,0
7,fruit_yarn_6,5.2527439089386507e-05,10,983,984,0,0,0,0
7,fruit_yarn_7,5.2527439089386507e-05,10,983,984,0,0,0,0
7,fruit_yarn_8,5.2527439089386507e-05,10,983,984,0,0,0,0
7,fruit_yarn_9,5.2527439089386507e-05,10,983,984,0,0,0,0
7,fruit_yarn_10,5.2372478665019262e-05,3,983,984,0,2.8638132837377483e-10,0,0
7,fruit_yarn_11,5.2372478665019262e-05,3,983,984,0,2.8638132837377483e-10,0,0
7,ground,5.2372478665019262e-05,3,983,984,0,2.8638132837377483e-10,0,0
7,local,5.2372478665019262e-05,3,983,984,0,0,0,0
7,fruit_pair,5.2393317203081047e-05,3,983,984,0,0,0,0
7,fruit_yarn_0,5.2393317203081047e-05,3,983,984,0,0,0,0
7,fruit_yarn_1,5.2393317203081047e-05,3,983,984,0,0,0,0
7,fruit_yarn_2,5.2393317203081047e-05,3,983,984,0,0,0,0
7,fruit_yarn_3,5.2201943430113529e-05,10,983,984,0,0,0,0
7,fruit_yarn_4,5.2201943430113529e-05,10,983,984,0,0,0,0
7,fruit_yarn_5,5.2201943430113529e-05,10,983,984,0,0,0,0
7,fruit_yarn_6,5.2201943430113529e-05,10,983,984,0,0,0,0
7,fruit_yarn_7,5.2201943430113529e-05,10,983,984,0,0,0,0
7,fruit_yarn_8,5.2201943430113529e-05,10,983,984,0,0,0,0
7,fruit_yarn_9,5.2201943430113529e-05,10,983,984,0,0,0,0
7,fruit_yarn_10,5.2047474963484719e-05,3,983,984,0,2.8448471182940249e-10,0,0
7,fruit_yarn_11,5.2047474963484719e-05,3,983,984,0,2.8448471182940249e-10,0,0
7,ground,5.2047474963484719e-05,3,983,984,0,2.8448471182940249e-10,0,0
8,primitive,5.2047474963484719e-05,3,983,984,0,2.8448471182940249e-10,0,0
8,strain,5.2047474963484719e-05,3,983,984,0,2.8448471182940249e-10,0,0
8,local,5.2047474963484719e-05,3,983,984,0,3.2959746043559335e-17,0,0
8,fruit_pair,5.2068184075423907e-05,3,983,984,0,3.2959746043559335e-17,0,0
8,fruit_yarn_0,5.2068184075423907e-05,3,983,984,0,3.2959746043559335e-17,0,0
8,fruit_yarn_1,5.2068184075423907e-05,3,983,984,0,3.2959746043559335e-17,0,0
8,fruit_yarn_2,5.2068184075423907e-05,3,983,984,0,3.2959746043559335e-17,0,0
8,fruit_yarn_3,5.1877532020946915e-05,10,983,984,0,3.2959746043559335e-17,0,0
8,fruit_yarn_4,5.1877532020946915e-05,10,983,984,0,3.2959746043559335e-17,0,0
8,fruit_yarn_5,5.1877532020946915e-05,10,983,984,0,3.2959746043559335e-17,0,0
8,fruit_yarn_6,5.1877532020946915e-05,10,983,984,0,3.2959746043559335e-17,0,0
8,fruit_yarn_7,5.1877532020946915e-05,10,983,984,0,3.2959746043559335e-17,0,0
8,fruit_yarn_8,5.1877532020946915e-05,10,983,984,0,3.2959746043559335e-17,0,0
8,fruit_yarn_9,5.1877532020946915e-05,10,983,984,0,3.2959746043559335e-17,0,0
8,fruit_yarn_10,5.1723559633704008e-05,3,983,984,0,2.8259619297421601e-10,0,0
8,fruit_yarn_11,5.1723559633704008e-05,3,983,984,0,2.8259619297421601e-10,0,0
8,ground,5.1723559633704008e-05,3,983,984,0,2.8259619297421601e-10,0,0
8,local,5.1723559633704008e-05,3,983,984,0,2.2551405187698492e-17,0,0
8,fruit_pair,5.1744139754936191e-05,3,983,984,0,2.2551405187698492e-17,0,0
8,fruit_yarn_0,5.1744139754936191e-05,3,983,984,0,2.2551405187698492e-17,0,0
8,fruit_yarn_1,5.1744139754936191e-05,3,983,984,0,2.2551405187698492e-17,0,0
8,fruit_yarn_2,5.1744139754936191e-05,3,983,984,0,2.2551405187698492e-17,0,0
8,fruit_yarn_3,5.155421270670868e-05,10,983,984,0,2.2551405187698492e-17,0,0
8,fruit_yarn_4,5.155421270670868e-05,10,983,984,0,2.2551405187698492e-17,0,0
8,fruit_yarn_5,5.155421270670868e-05,10,983,984,0,2.2551405187698492e-17,0,0
8,fruit_yarn_6,5.155421270670868e-05,10,983,984,0,2.2551405187698492e-17,0,0
8,fruit_yarn_7,5.155421270670868e-05,10,983,984,0,2.2551405187698492e-17,0,0
8,fruit_yarn_8,5.155421270670868e-05,10,983,984,0,2.2551405187698492e-17,0,0
8,fruit_yarn_9,5.155421270670868e-05,10,983,984,0,2.2551405187698492e-17,0,0
8,fruit_yarn_10,5.1400740451623683e-05,3,983,984,0,2.8071567639842421e-10,0,0
8,fruit_yarn_11,5.1400740451623683e-05,3,983,984,0,2.8071567639842421e-10,0,0
8,ground,5.1400740451623683e-05,3,983,984,0,2.8071567639842421e-10,0,0
9,primitive,5.1400740451623683e-05,3,983,984,0,2.8071567639842421e-10,0,0
9,strain,5.1400740451623683e-05,3,983,984,0,2.8071567639842421e-10,0,0
9,local,5.1400740451623683e-05,3,983,984,0,1.7347234759768071e-17,0,0
9,fruit_pair,5.1421192020562057e-05,3,983,984,0,1.7347234759768071e-17,0,0
9,fruit_yarn_0,5.1421192020562057e-05,3,983,984,0,1.7347234759768071e-17,0,0
9,fruit_yarn_1,5.1421192020562057e-05,3,983,984,0,1.7347234759768071e-17,0,0
9,fruit_yarn_2,5.1421192020562057e-05,3,983,984,0,1.7347234759768071e-17,0,0
9,fruit_yarn_3,5.1231993193789904e-05,10,983,984,0,1.7347234759768071e-17,0,0
9,fruit_yarn_4,5.1231993193789904e-05,10,983,984,0,1.7347234759768071e-17,0,0
9,fruit_yarn_5,5.1231993193789904e-05,10,983,984,0,1.7347234759768071e-17,0,0
9,fruit_yarn_6,5.1231993193789904e-05,10,983,984,0,1.7347234759768071e-17,0,0
9,fruit_yarn_7,5.1231993193789904e-05,10,983,984,0,1.7347234759768071e-17,0,0
9,fruit_yarn_8,5.1231993193789904e-05,10,983,984,0,1.7347234759768071e-17,0,0
9,fruit_yarn_9,5.1231993193789904e-05,10,983,984,0,1.7347234759768071e-17,0,0
9,fruit_yarn_10,5.1079025054481808e-05,3,983,984,0,2.7884318638815575e-10,0,0
9,fruit_yarn_11,5.1079025054481808e-05,3,983,984,0,2.7884318638815575e-10,0,0
9,ground,5.1079025054481808e-05,3,983,984,0,2.7884318638815575e-10,0,0
9,local,5.1079025054481808e-05,3,983,984,0,0,0,0
9,fruit_pair,5.1099348512592679e-05,3,983,984,0,0,0,0
9,fruit_yarn_0,5.1099348512592679e-05,3,983,984,0,0,0,0
9,fruit_yarn_1,5.1099348512592679e-05,3,983,984,0,0,0,0
9,fruit_yarn_2,5.1099348512592679e-05,3,983,984,0,0,0,0
9,fruit_yarn_3,5.0910881049609502e-05,10,983,984,0,0,0,0
9,fruit_yarn_4,5.0910881049609502e-05,10,983,984,0,0,0,0
9,fruit_yarn_5,5.0910881049609502e-05,10,983,984,0,0,0,0
9,fruit_yarn_6,5.0910881049609502e-05,10,983,984,0,0,0,0
9,fruit_yarn_7,5.0910881049609502e-05,10,983,984,0,0,0,0
9,fruit_yarn_8,5.0910881049609502e-05,10,983,984,0,0,0,0
9,fruit_yarn_9,5.0910881049609502e-05,10,983,984,0,0,0,0
9,fruit_yarn_10,5.0758420940558158e-05,3,983,984,0,2.7697872294341064e-10,0,0
9,fruit_yarn_11,5.0758420940558158e-05,3,983,984,0,2.7697872294341064e-10,0,0
9,ground,5.0758420940558158e-05,3,983,984,0,2.7697872294341064e-10,0,0
10,primitive,5.0758420940558158e-05,3,983,984,0,2.7697872294341064e-10,0,0
10,strain,5.0758420940558158e-05,3,983,984,0,2.7697872294341064e-10,0,0
10,local,5.0758420940558158e-05,3,983,984,0,0,0,0
10,fruit_pair,5.0778616732333193e-05,3,983,984,0,0,0,0
10,fruit_yarn_0,5.0778616732333193e-05,3,983,984,0,0,0,0
10,fruit_yarn_1,5.0778616732333193e-05,3,983,984,0,0,0,0
10,fruit_yarn_2,5.0778616732333193e-05,3,983,984,0,0,0,0
10,fruit_yarn_3,5.059088370273912e-05,10,983,984,0,0,0,0
10,fruit_yarn_4,5.059088370273912e-05,10,983,984,0,0,0,0
10,fruit_yarn_5,5.059088370273912e-05,10,983,984,0,0,0,0
10,fruit_yarn_6,5.059088370273912e-05,10,983,984,0,0,0,0
10,fruit_yarn_7,5.059088370273912e-05,10,983,984,0,0,0,0
10,fruit_yarn_8,5.059088370273912e-05,10,983,984,0,0,0,0
10,fruit_yarn_9,5.059088370273912e-05,10,983,984,0,0,0,0
10,fruit_yarn_10,5.0438935468966051e-05,3,983,984,0,2.7512241443372609e-10,0,0
10,fruit_yarn_11,5.0438935468966051e-05,3,983,984,0,2.7512241443372609e-10,0,0
10,ground,5.0438935468966051e-05,3,983,984,0,2.7512241443372609e-10,0,0
10,local,5.0438935468966051e-05,3,983,984,0,2.0816681711721685e-17,0,0
10,fruit_pair,5.0459004041686351e-05,3,983,984,0,2.0816681711721685e-17,0,0
10,fruit_yarn_0,5.0459004041686351e-05,3,983,984,0,2.0816681711721685e-17,0,0
10,fruit_yarn_1,5.0459004041686351e-05,3,983,984,0,2.0816681711721685e-17,0,0
10,fruit_yarn_2,5.0459004041686351e-05,3,983,984,0,2.0816681711721685e-17,0,0
10,fruit_yarn_3,5.0272008442125982e-05,10,983,984,0,2.0816681711721685e-17,0,0
10,fruit_yarn_4,5.0272008442125982e-05,10,983,984,0,2.0816681711721685e-17,0,0
10,fruit_yarn_5,5.0272008442125982e-05,10,983,984,0,2.0816681711721685e-17,0,0
10,fruit_yarn_6,5.0272008442125982e-05,10,983,984,0,2.0816681711721685e-17,0,0
10,fruit_yarn_7,5.0272008442125982e-05,10,983,984,0,2.0816681711721685e-17,0,0
10,fruit_yarn_8,5.0272008442125982e-05,10,983,984,0,2.0816681711721685e-17,0,0
10,fruit_yarn_9,5.0272008442125982e-05,10,983,984,0,2.0816681711721685e-17,0,0
10,fruit_yarn_10,5.0120575859374794e-05,3,983,984,0,2.7327429728829511e-10,0,0
10,fruit_yarn_11,5.0120575859374794e-05,3,983,984,0,2.7327429728829511e-10,0,0
10,ground,5.0120575859374794e-05,3,983,984,0,2.7327429728829511e-10,0,0
11,primitive,5.0120575859374794e-05,3,983,984,0,2.7327429728829511e-10,0,0
11,strain,5.0120575859374794e-05,3,983,984,0,2.7327429728829511e-10,0,0
11,local,5.0120575859374794e-05,3,983,984,0,8.6736173798840355e-18,0,0
11,fruit_pair,5.0140517663194162e-05,3,983,984,0,8.6736173798840355e-18,0,0
11,fruit_yarn_0,5.0140517663194162e-05,3,983,984,0,8.6736173798840355e-18,0,0
11,fruit_yarn_1,5.0140517663194162e-05,3,983,984,0,8.6736173798840355e-18,0,0
11,fruit_yarn_2,5.0140517663194162e-05,3,983,984,0,8.6736173798840355e-18,0,0
11,fruit_yarn_3,4.9954262417384321e-05,10,983,984,0,8.6736173798840355e-18,0,0
11,fruit_yarn_4,4.9954262417384321e-05,10,983,984,0,8.6736173798840355e-18,0,0
11,fruit_yarn_5,4.9954262417384321e-05,10,983,984,0,8.6736173798840355e-18,0,0
11,fruit_yarn_6,4.9954262417384321e-05,10,983,984,0,8.6736173798840355e-18,0,0
11,fruit_yarn_7,4.9954262417384321e-05,10,983,984,0,8.6736173798840355e-18,0,0
11,fruit_yarn_8,4.9954262417384321e-05,10,983,984,0,8.6736173798840355e-18,0,0
11,fruit_yarn_9,4.9954262417384321e-05,10,983,984,0,8.6736173798840355e-18,0,0
11,fruit_yarn_10,4.9803349191662738e-05,3,983,984,0,2.7143416507502405e-10,0,0
11,fruit_yarn_11,4.9803349191662738e-05,3,983,984,0,2.7143416507502405e-10,0,0
11,ground,4.9803349191662738e-05,3,983,984,0,2.7143416507502405e-10,0,0
11,local,4.9803349191662738e-05,3,983,984,0,0,0,0
11,fruit_pair,4.9823164679566045e-05,3,983,984,0,0,0,0
11,fruit_yarn_0,4.9823164679566045e-05,3,983,984,0,0,0,0
11,fruit_yarn_1,4.9823164679566045e-05,3,983,984,0,0,0,0
11,fruit_yarn_2,4.9823164679566045e-05,3,983,984,0,0,0,0
11,fruit_yarn_3,4.9637652638129248e-05,10,983,984,0,0,0,0
11,fruit_yarn_4,4.9637652638129248e-05,10,983,984,0,0,0,0
11,fruit_yarn_5,4.9637652638129248e-05,10,983,984,0,0,0,0
11,fruit_yarn_6,4.9637652638129248e-05,10,983,984,0,0,0,0
11,fruit_yarn_7,4.9637652638129248e-05,10,983,984,0,0,0,0
11,fruit_yarn_8,4.9637652638129248e-05,10,983,984,0,0,0,0
11,fruit_yarn_9,4.9637652638129248e-05,10,983,984,0,0,0,0
11,fruit_yarn_10,4.9487262405917276e-05,3,983,984,0,2.6960224677741174e-10,0,0
11,fruit_yarn_11,4.9487262405917276e-05,3,983,984,0,2.6960224677741174e-10,0,0
11,ground,4.9487262405917276e-05,3,983,984,0,2.6960224677741174e-10,0,0
12,primitive,4.9487262405917276e-05,3,983,984,0,2.6960224677741174e-10,0,0
12,strain,4.9487262405917276e-05,3,983,984,0,2.6960224677741174e-10,0,0
12,local,4.9487262405917276e-05,3,983,984,0,0,0,0
12,fruit_pair,4.9506952033540053e-05,3,983,984,0,0,0,0
12,fruit_yarn_0,4.9506952033540053e-05,3,983,984,0,0,0,0
12,fruit_yarn_1,4.9506952033540053e-05,3,983,984,0,0,0,0
12,fruit_yarn_2,4.9506952033540053e-05,3,983,984,0,0,0,0
12,fruit_yarn_3,4.9322185974115529e-05,10,983,984,0,0,0,0
12,fruit_yarn_4,4.9322185974115529e-05,10,983,984,0,0,0,0
12,fruit_yarn_5,4.9322185974115529e-05,10,983,984,0,0,0,0
12,fruit_yarn_6,4.9322185974115529e-05,10,983,984,0,0,0,0
12,fruit_yarn_7,4.9322185974115529e-05,10,983,984,0,0,0,0
12,fruit_yarn_8,4.9322185974115529e-05,10,983,984,0,0,0,0
12,fruit_yarn_9,4.9322185974115529e-05,10,983,984,0,0,0,0
12,fruit_yarn_10,4.9172322302268312e-05,3,983,984,0,2.6777847127179566e-10,0,0
12,fruit_yarn_11,4.9172322302268312e-05,3,983,984,0,2.6777847127179566e-10,0,0
12,ground,4.9172322302268312e-05,3,983,984,0,2.6777847127179566e-10,0,0
12,local,4.9172322302268312e-05,3,983,984,0,0,0,0
12,fruit_pair,4.9191886528007767e-05,3,983,984,0,0,0,0
12,fruit_yarn_0,4.9191886528007767e-05,3,983,984,0,0,0,0
12,fruit_yarn_1,4.9191886528007767e-05,3,983,984,0,0,0,0
12,fruit_yarn_2,4.9191886528007767e-05,3,983,984,0,0,0,0
12,fruit_yarn_3,4.9007869155182071e-05,10,983,984,0,0,0,0
12,fruit_yarn_4,4.9007869155182071e-05,10,983,984,0,0,0,0
12,fruit_yarn_5,4.9007869155182071e-05,10,983,984,0,0,0,0
12,fruit_yarn_6,4.9007869155182071e-05,10,983,984,0,0,0,0
12,fruit_yarn_7,4.9007869155182071e-05,10,983,984,0,0,0,0
12,fruit_yarn_8,4.9007869155182071e-05,10,983,984,0,0,0,0
12,fruit_yarn_9,4.9007869155182071e-05,10,983,984,0,0,0,0
12,fruit_yarn_10,4.885853554081887e-05,3,983,984,0,2.6596300335690604e-10,0,0
12,fruit_yarn_11,4.885853554081887e-05,3,983,984,0,2.6596300335690604e-10,0,0
12,ground,4.885853554081887e-05,3,983,984,0,2.6596300335690604e-10,0,0
13,primitive,4.885853554081887e-05,3,983,984,0,2.6596300335690604e-10,0,0
13,strain,4.885853554081887e-05,3,983,984,0,2.6596300335690604e-10,0,0
13,local,4.885853554081887e-05,3,983,984,0,0,0,0
13,fruit_pair,4.8877974825611847e-05,3,983,984,0,0,0,0
13,fruit_yarn_0,4.8877974825611847e-05,3,983,984,0,0,0,0
13,fruit_yarn_1,4.8877974825611847e-05,3,983,984,0,0,0,0
13,fruit_yarn_2,4.8877974825611847e-05,3,983,984,0,0,0,0
13,fruit_yarn_3,4.8694708770960493e-05,10,983,984,0,0,0,0
13,fruit_yarn_4,4.8694708770960493e-05,10,983,984,0,0,0,0
13,fruit_yarn_5,4.8694708770960493e-05,10,983,984,0,0,0,0
13,fruit_yarn_6,4.8694708770960493e-05,10,983,984,0,0,0,0
13,fruit_yarn_7,4.8694708770960493e-05,10,983,984,0,0,0,0
13,fruit_yarn_8,4.8694708770960493e-05,10,983,984,0,0,0,0
13,fruit_yarn_9,4.8694708770960493e-05,10,983,984,0,0,0,0
13,fruit_yarn_10,4.8545908641478563e-05,3,983,984,0,2.6415562098813794e-10,0,0
13,fruit_yarn_11,4.8545908641478563e-05,3,983,984,0,2.6415562098813794e-10,0,0
13,ground,4.8545908641478563e-05,3,983,984,0,2.6415562098813794e-10,0,0
13,local,4.8545908641478563e-05,3,983,984,0,1.7347234759768071e-18,0,0
13,fruit_pair,4.8565223448870931e-05,3,983,984,0,1.7347234759768071e-18,0,0
13,fruit_yarn_0,4.8565223448870931e-05,3,983,984,0,1.7347234759768071e-18,0,0
13,fruit_yarn_1,4.8565223448870931e-05,3,983,984,0,1.7347234759768071e-18,0,0
13,fruit_yarn_2,4.8565223448870931e-05,3,983,984,0,1.7347234759768071e-18,0,0
13,fruit_yarn_3,4.8382711270889001e-05,10,983,984,0,1.7347234759768071e-18,0,0
13,fruit_yarn_4,4.8382711270889001e-05,10,983,984,0,1.7347234759768071e-18,0,0
13,fruit_yarn_5,4.8382711270889001e-05,10,983,984,0,1.7347234759768071e-18,0,0
13,fruit_yarn_6,4.8382711270889001e-05,10,983,984,0,1.7347234759768071e-18,0,0
13,fruit_yarn_7,4.8382711270889001e-05,10,983,984,0,1.7347234759768071e-18,0,0
13,fruit_yarn_8,4.8382711270889001e-05,10,983,984,0,1.7347234759768071e-18,0,0
13,fruit_yarn_9,4.8382711270889001e-05,10,983,984,0,1.7347234759768071e-18,0,0
13,fruit_yarn_10,4.8234447984005224e-05,3,983,984,0,2.6235656355733106e-10,0,0
13,fruit_yarn_11,4.8234447984005224e-05,3,983,984,0,2.6235656355733106e-10,0,0
13,ground,4.8234447984005224e-05,3,983,984,0,2.6235656355733106e-10,0,0
14,primitive,4.8234447984005224e-05,3,983,984,0,2.6235656355733106e-10,0,0
14,strain,4.8234447984005224e-05,3,983,984,0,2.6235656355733106e-10,0,0
14,local,4.8234447984005224e-05,3,983,984,0,0,0,0
14,fruit_pair,4.8253638780082486e-05,3,983,984,0,0,0,0
14,fruit_yarn_0,4.8253638780082486e-05,3,983,984,0,0,0,0
14,fruit_yarn_1,4.8253638780082486e-05,3,983,984,0,0,0,0
14,fruit_yarn_2,4.8253638780082486e-05,3,983,984,0,0,0,0
14,fruit_yarn_3,4.807188296437892e-05,10,983,984,0,0,0,0
14,fruit_yarn_4,4.807188296437892e-05,10,983,984,0,0,0,0
14,fruit_yarn_5,4.807188296437892e-05,10,983,984,0,0,0,0
14,fruit_yarn_6,4.807188296437892e-05,10,983,984,0,0,0,0
14,fruit_yarn_7,4.807188296437892e-05,10,983,984,0,0,0,0
14,fruit_yarn_8,4.807188296437892e-05,10,983,984,0,0,0,0
14,fruit_yarn_9,4.807188296437892e-05,10,983,984,0,0,0,0
14,fruit_yarn_10,4.7924159808004907e-05,3,983,984,0,2.6056570442967164e-10,0,0
14,fruit_yarn_11,4.7924159808004907e-05,3,983,984,0,2.6056570442967164e-10,0,0
14,ground,4.7924159808004907e-05,3,983,984,0,2.6056570442967164e-10,0,0
14,local,4.7924159808004907e-05,3,983,984,0,2.9490299091605721e-17,0,0
14,fruit_pair,4.7943227061239546e-05,3,983,984,0,2.9490299091605721e-17,0,0
14,fruit_yarn_0,4.7943227061239546e-05,3,983,984,0,2.9490299091605721e-17,0,0
14,fruit_yarn_1,4.7943227061239546e-05,3,983,984,0,2.9490299091605721e-17,0,0
14,fruit_yarn_2,4.7943227061239546e-05,3,983,984,0,2.9490299091605721e-17,0,0
14,fruit_yarn_3,4.7762230020578778e-05,10,983,984,0,2.9490299091605721e-17,0,0
14,fruit_yarn_4,4.7762230020578778e-05,10,983,984,0,2.9490299091605721e-17,0,0
14,fruit_yarn_5,4.7762230020578778e-05,10,983,984,0,2.9490299091605721e-17,0,0
14,fruit_yarn_6,4.7762230020578778e-05,10,983,984,0,2.9490299091605721e-17,0,0
14,fruit_yarn_7,4.7762230020578778e-05,10,983,984,0,2.9490299091605721e-17,0,0
14,fruit_yarn_8,4.7762230020578778e-05,10,983,984,0,2.9490299091605721e-17,0,0
14,fruit_yarn_9,4.7762230020578778e-05,10,983,984,0,2.9490299091605721e-17,0,0
14,fruit_yarn_10,4.7615050212890253e-05,3,983,984,0,2.5878319626082558e-10,0,0
14,fruit_yarn_11,4.7615050212890253e-05,3,983,984,0,2.5878319626082558e-10,0,0
14,ground,4.7615050212890253e-05,3,983,984,0,2.5878319626082558e-10,0,0
15,primitive,4.7615050212890253e-05,3,983,984,0,2.5878319626082558e-10,0,0
15,strain,4.7615050212890253e-05,3,983,984,0,2.5878319626082558e-10,0,0
15,local,4.7615050212890253e-05,3,983,984,0,2.6020852139652106e-17,0,0
15,fruit_pair,4.7633994394238877e-05,3,983,984,0,2.6020852139652106e-17,0,0
15,fruit_yarn_0,4.7633994394238877e-05,3,983,984,0,2.6020852139652106e-17,0,0
15,fruit_yarn_1,4.7633994394238877e-05,3,983,984,0,2.6020852139652106e-17,0,0
15,fruit_yarn_2,4.7633994394238877e-05,3,983,984,0,2.6020852139652106e-17,0,0
15,fruit_yarn_3,4.7453758468554708e-05,10,983,984,0,2.6020852139652106e-17,0,0
15,fruit_yarn_4,4.7453758468554708e-05,10,983,984,0,2.6020852139652106e-17,0,0
15,fruit_yarn_5,4.7453758468554708e-05,10,983,984,0,2.6020852139652106e-17,0,0
15,fruit_yarn_6,4.7453758468554708e-05,10,983,984,0,2.6020852139652106e-17,0,0
15,fruit_yarn_7,4.7453758468554708e-05,10,983,984,0,2.6020852139652106e-17,0,0
15,fruit_yarn_8,4.7453758468554708e-05,10,983,984,0,2.6020852139652106e-17,0,0
15,fruit_yarn_9,4.7453758468554708e-05,10,983,984,0,2.6020852139652106e-17,0,0
15,fruit_yarn_10,4.7307125158199681e-05,3,983,984,0,2.5700886384372179e-10,0,0
15,fruit_yarn_11,4.7307125158199681e-05,3,983,984,0,2.5700886384372179e-10,0,0
15,ground,4.7307125158199681e-05,3,983,984,0,2.5700886384372179e-10,0,0
15,local,4.7307125158199681e-05,3,983,984,0,4.5102810375396984e-17,0,0
15,fruit_pair,4.7325946740839342e-05,3,983,984,0,4.5102810375396984e-17,0,0
15,fruit_yarn_0,4.7325946740839342e-05,3,983,984,0,4.5102810375396984e-17,0,0
15,fruit_yarn_1,4.7325946740839342e-05,3,983,984,0,4.5102810375396984e-17,0,0
15,fruit_yarn_2,4.7325946740839342e-05,3,983,984,0,4.5102810375396984e-17,0,0
15,fruit_yarn_3,4.7146474197304333e-05,10,983,984,0,4.5102810375396984e-17,0,0
15,fruit_yarn_4,4.7146474197304333e-05,10,983,984,0,4.5102810375396984e-17,0,0
15,fruit_yarn_5,4.7146474197304333e-05,10,983,984,0,4.5102810375396984e-17,0,0
15,fruit_yarn_6,4.7146474197304333e-05,10,983,984,0,4.5102810375396984e-17,0,0
15,fruit_yarn_7,4.7146474197304333e-05,10,983,984,0,4.5102810375396984e-17,0,0
15,fruit_yarn_8,4.7146474197304333e-05,10,983,984,0,4.5102810375396984e-17,0,0
15,fruit_yarn_9,4.7146474197304333e-05,10,983,984,0,4.5102810375396984e-17,0,0
15,fruit_yarn_10,4.7000390463222685e-05,3,983,984,0,2.5524281646593927e-10,0,0
15,fruit_yarn_11,4.7000390463222685e-05,3,983,984,0,2.5524281646593927e-10,0,0
15,ground,4.7000390463222685e-05,3,983,984,0,2.5524281646593927e-10,0,0
16,primitive,4.7000390463222685e-05,3,983,984,0,2.5524281646593927e-10,0,0
16,strain,4.7000390463222685e-05,3,983,984,0,2.5524281646593927e-10,0,0
16,local,4.7000390463222685e-05,3,983,984,0,0,0,0
16,fruit_pair,4.7019089922731294e-05,3,983,984,0,0,0,0
16,fruit_yarn_0,4.7019089922731294e-05,3,983,984,0,0,0,0
16,fruit_yarn_1,4.7019089922731294e-05,3,983,984,0,0,0,0
16,fruit_yarn_2,4.7019089922731294e-05,3,983,984,0,0,0,0
16,fruit_yarn_3,4.6840382955937176e-05,10,983,984,0,0,0,0
16,fruit_yarn_4,4.6840382955937176e-05,10,983,984,0,0,0,0
16,fruit_yarn_5,4.6840382955937176e-05,10,983,984,0,0,0,0
16,fruit_yarn_6,4.6840382955937176e-05,10,983,984,0,0,0,0
16,fruit_yarn_7,4.6840382955937176e-05,10,983,984,0,0,0,0
16,fruit_yarn_8,4.6840382955937176e-05,10,983,984,0,0,0,0
16,fruit_yarn_9,4.6840382955937176e-05,10,983,984,0,0,0,0
16,fruit_yarn_10,4.6694851807665971e-05,3,983,984,0,2.5348505239275454e-10,0,0
16,fruit_yarn_11,4.6694851807665971e-05,3,983,984,0,2.5348505239275454e-10,0,0
16,ground,4.6694851807665971e-05,3,983,984,0,2.5348505239275454e-10,0,0
16,local,4.6694851807665971e-05,3,983,984,0,0,0,0
16,fruit_pair,4.6713429621772495e-05,3,983,984,0,0,0,0
16,fruit_yarn_0,4.6713429621772495e-05,3,983,984,0,0,0,0
16,fruit_yarn_1,4.6713429621772495e-05,3,983,984,0,0,0,0
16,fruit_yarn_2,4.6713429621772495e-05,3,983,984,0,0,0,0
16,fruit_yarn_3,4.6535490353938336e-05,10,983,984,0,0,0,0
16,fruit_yarn_4,4.6535490353938336e-05,10,983,984,0,0,0,0
16,fruit_yarn_5,4.6535490353938336e-05,10,983,984,0,0,0,0
16,fruit_yarn_6,4.6535490353938336e-05,10,983,984,0,0,0,0
16,fruit_yarn_7,4.6535490353938336e-05,10,983,984,0,0,0,0
16,fruit_yarn_8,4.6535490353938336e-05,10,983,984,0,0,0,0
16,fruit_yarn_9,4.6535490353938336e-05,10,983,984,0,0,0,0
16,fruit_yarn_10,4.6390514731459165e-05,3,983,984,0,2.5173560284919017e-10,0,0
16,fruit_yarn_11,4.6390514731459165e-05,3,983,984,0,2.5173560284919017e-10,0,0
16,ground,4.6390514731459165e-05,3,983,984,0,2.5173560284919017e-10,0,0
17,primitive,4.6390514731459165e-05,3,983,984,0,2.5173560284919017e-10,0,0
17,strain,4.6390514731459165e-05,3,983,984,0,2.5173560284919017e-10,0,0
17,local,4.6390514731459165e-05,3,983,984,0,0,0,0
17,fruit_pair,4.6408971380168529e-05,3,983,984,0,0,0,0
17,fruit_yarn_0,4.6408971380168529e-05,3,983,984,0,0,0,0
17,fruit_yarn_1,4.6408971380168529e-05,3,983,984,0,0,0,0
17,fruit_yarn_2,4.6408971380168529e-05,3,983,984,0,0,0,0
17,fruit_yarn_3,4.6231801861182364e-05,10,983,984,0,0,0,0
17,fruit_yarn_4,4.6231801861182364e-05,10,983,984,0,0,0,0
17,fruit_yarn_5,4.6231801861182364e-05,10,983,984,0,0,0,0
17,fruit_yarn_6,4.6231801861182364e-05,10,983,984,0,0,0,0
17,fruit_yarn_7,4.6231801861182364e-05,10,983,984,0,0,0,0
17,fruit_yarn_8,4.6231801861182364e-05,10,983,984,0,0,0,0
17,fruit_yarn_9,4.6231801861182364e-05,10,983,984,0,0,0,0
17,fruit_yarn_10,4.6087384635101758e-05,3,983,984,0,2.4999459967423032e-10,0,0
17,fruit_yarn_11,4.6087384635101758e-05,3,983,984,0,2.4999459967423032e-10,0,0
17,ground,4.6087384635101758e-05,3,983,984,0,2.4999459967423032e-10,0,0
17,local,4.6087384635101758e-05,3,983,984,0,2.2551405187698492e-17,0,0
17,fruit_pair,4.6105720600445044e-05,3,983,984,0,2.2551405187698492e-17,0,0
17,fruit_yarn_0,4.6105720600445044e-05,3,983,984,0,2.2551405187698492e-17,0,0
17,fruit_yarn_1,4.6105720600445044e-05,3,983,984,0,2.2551405187698492e-17,0,0
17,fruit_yarn_2,4.6105720600445044e-05,3,983,984,0,2.2551405187698492e-17,0,0
17,fruit_yarn_3,4.5929322808044293e-05,10,983,984,0,2.2551405187698492e-17,0,0
17,fruit_yarn_4,4.5929322808044293e-05,10,983,984,0,2.2551405187698492e-17,0,0
17,fruit_yarn_5,4.5929322808044293e-05,10,983,984,0,2.2551405187698492e-17,0,0
17,fruit_yarn_6,4.5929322808044293e-05,10,983,984,0,2.2551405187698492e-17,0,0
17,fruit_yarn_7,4.5929322808044293e-05,10,983,984,0,2.2551405187698492e-17,0,0
17,fruit_yarn_8,4.5929322808044293e-05,10,983,984,0,2.2551405187698492e-17,0,0
17,fruit_yarn_9,4.5929322808044293e-05,10,983,984,0,2.2551405187698492e-17,0,0
17,fruit_yarn_10,4.5785466779774131e-05,3,983,984,0,2.4826186245663351e-10,0,0
17,fruit_yarn_11,4.5785466779774131e-05,3,983,984,0,2.4826186245663351e-10,0,0
17,ground,4.5785466779774131e-05,3,983,984,0,2.4826186245663351e-10,0,0
18,primitive,4.5785466779774131e-05,3,983,984,0,2.4826186245663351e-10,0,0
18,strain,4.5785466779774131e-05,3,983,984,0,2.4826186245663351e-10,0,0
18,local,4.5785466779774131e-05,3,983,984,0,0,0,0
18,fruit_pair,4.5803682545808577e-05,3,983,984,0,0,0,0
18,fruit_yarn_0,4.5803682545808577e-05,3,983,984,0,0,0,0
18,fruit_yarn_1,4.5803682545808577e-05,3,983,984,0,0,0,0
18,fruit_yarn_2,4.5803682545808577e-05,3,983,984,0,0,0,0
18,fruit_yarn_3,4.5628058385802084e-05,10,983,984,0,0,0,0
18,fruit_yarn_4,4.5628058385802084e-05,10,983,984,0,0,0,0
18,fruit_yarn_5,4.5628058385802084e-05,10,983,984,0,0,0,0
18,fruit_yarn_6,4.5628058385802084e-05,10,983,984,0,0,0,0
18,fruit_yarn_7,4.5628058385802084e-05,10,983,984,0,0,0,0
18,fruit_yarn_8,4.5628058385802084e-05,10,983,984,0,0,0,0
18,fruit_yarn_9,4.5628058385802084e-05,10,983,984,0,0,0,0
18,fruit_yarn_10,4.5484766287656742e-05,3,983,984,0,2.465374727284031e-10,0,0
18,fruit_yarn_11,4.5484766287656742e-05,3,983,984,0,2.465374727284031e-10,0,0
18,ground,4.5484766287656742e-05,3,983,984,0,2.465374727284031e-10,0,0
18,local,4.5484766287656742e-05,3,983,984,0,3.2959746043559335e-17,0,0
18,fruit_pair,4.5502862340632277e-05,3,983,984,0,3.2959746043559335e-17,0,0
18,fruit_yarn_0,4.5502862340632277e-05,3,983,984,0,3.2959746043559335e-17,0,0
18,fruit_yarn_1,4.5502862340632277e-05,3,983,984,0,3.2959746043559335e-17,0,0
18,fruit_yarn_2,4.5502862340632277e-05,3,983,984,0,3.2959746043559335e-17,0,0
18,fruit_yarn_3,4.5328013647066845e-05,10,983,984,0,3.2959746043559335e-17,0,0
18,fruit_yarn_4,4.5328013647066845e-05,10,983,984,0,3.2959746043559335e-17,0,0
18,fruit_yarn_5,4.5328013647066845e-05,10,983,984,0,3.2959746043559335e-17,0,0
18,fruit_yarn_6,4.5328013647066845e-05,10,983,984,0,3.2959746043559335e-17,0,0
18,fruit_yarn_7,4.5328013647066845e-05,10,983,984,0,3.2959746043559335e-17,0,0
18,fruit_yarn_8,4.5328013647066845e-05,10,983,984,0,3.2959746043559335e-17,0,0
18,fruit_yarn_9,4.5328013647066845e-05,10,983,984,0,3.2959746043559335e-17,0,0
18,fruit_yarn_10,4.5185288142471358e-05,3,983,984,0,2.4482142875481561e-10,0,0
18,fruit_yarn_11,4.5185288142471358e-05,3,983,984,0,2.4482142875481561e-10,0,0
18,ground,4.5185288142471358e-05,3,983,984,0,2.4482142875481561e-10,0,0
19,primitive,4.5185288142471358e-05,3,983,984,0,2.4482142875481561e-10,0,0
19,strain,4.5185288142471358e-05,3,983,984,0,2.4482142875481561e-10,0,0
19,local,4.5185288142471358e-05,3,983,984,0,0,0,0
19,fruit_pair,4.5203264970442025e-05,3,983,984,0,0,0,0
19,fruit_yarn_0,4.5203264970442025e-05,3,983,984,0,0,0,0
19,fruit_yarn_1,4.5203264970442025e-05,3,983,984,0,0,0,0
19,fruit_yarn_2,4.5203264970442025e-05,3,983,984,0,0,0,0
19,fruit_yarn_3,4.5029193505782827e-05,10,983,984,0,0,0,0
19,fruit_yarn_4,4.5029193505782827e-05,10,983,984,0,0,0,0
19,fruit_yarn_5,4.5029193505782827e-05,10,983,984,0,0,0,0
19,fruit_yarn_6,4.5029193505782827e-05,10,983,984,0,0,0,0
19,fruit_yarn_7,4.5029193505782827e-05,10,983,984,0,0,0,0
19,fruit_yarn_8,4.5029193505782827e-05,10,983,984,0,0,0,0
19,fruit_yarn_9,4.5029193505782827e-05,10,983,984,0,0,0,0
19,fruit_yarn_10,4.4887037189203505e-05,3,983,984,0,2.4311373920948842e-10,0,0
19,fruit_yarn_11,4.4887037189203505e-05,3,983,984,0,2.4311373920948842e-10,0,0
19,ground,4.4887037189203505e-05,3,983,984,0,2.4311373920948842e-10,0,0
19,local,4.4887037189203505e-05,3,983,984,0,5.2041704279304213e-18,0,0
19,fruit_pair,4.4904895282124602e-05,3,983,984,0,5.2041704279304213e-18,0,0
19,fruit_yarn_0,4.4904895282124602e-05,3,983,984,0,5.2041704279304213e-18,0,0
19,fruit_yarn_1,4.4904895282124602e-05,3,983,984,0,5.2041704279304213e-18,0,0
19,fruit_yarn_2,4.4904895282124602e-05,3,983,984,0,5.2041704279304213e-18,0,0
19,fruit_yarn_3,4.4731602737602127e-05,10,983,984,0,5.2041704279304213e-18,0,0
19,fruit_yarn_4,4.4731602737602127e-05,10,983,984,0,5.2041704279304213e-18,0,0
19,fruit_yarn_5,4.4731602737602127e-05,10,983,984,0,5.2041704279304213e-18,0,0
19,fruit_yarn_6,4.4731602737602127e-05,10,983,984,0,5.2041704279304213e-18,0,0
19,fruit_yarn_7,4.4731602737602127e-05,10,983,984,0,5.2041704279304213e-18,0,0
19,fruit_yarn_8,4.4731602737602127e-05,10,983,984,0,5.2041704279304213e-18,0,0
19,fruit_yarn_9,4.4731602737602127e-05,10,983,984,0,5.2041704279304213e-18,0,0
19,fruit_yarn_10,4.4590018135018394e-05,3,983,984,0,2.4141448042025448e-10,0,0
19,fruit_yarn_11,4.4590018135018394e-05,3,983,984,0,2.4141448042025448e-10,0,0
19,ground,4.4590018135018394e-05,3,983,984,0,2.4141448042025448e-10,0,0
20,primitive,4.4590018135018394e-05,3,983,984,0,2.4141448042025448e-10,0,0
20,strain,4.4590018135018394e-05,3,983,984,0,2.4141448042025448e-10,0,0
20,local,4.4590018135018394e-05,3,983,984,0,0,0,0
20,fruit_pair,4.4607757984801988e-05,3,983,984,0,0,0,0
20,fruit_yarn_0,4.4607757984801988e-05,3,983,984,0,0,0,0
20,fruit_yarn_1,4.4607757984801988e-05,3,983,984,0,0,0,0
20,fruit_yarn_2,4.4607757984801988e-05,3,983,984,0,0,0,0
20,fruit_yarn_3,4.4435245980550819e-05,10,983,984,0,0,0,0
20,fruit_yarn_4,4.4435245980550819e-05,10,983,984,0,0,0,0
20,fruit_yarn_5,4.4435245980550819e-05,10,983,984,0,0,0,0
20,fruit_yarn_6,4.4435245980550819e-05,10,983,984,0,0,0,0
20,fruit_yarn_7,4.4435245980550819e-05,10,983,984,0,0,0,0
20,fruit_yarn_8,4.4435245980550819e-05,10,983,984,0,0,0,0
20,fruit_yarn_9,4.4435245980550819e-05,10,983,984,0,0,0,0
20,fruit_yarn_10,4.4294235549316441e-05,3,983,984,0,2.3972357605928085e-10,0,0
20,fruit_yarn_11,4.4294235549316441e-05,3,983,984,0,2.3972357605928085e-10,0,0
20,ground,4.4294235549316441e-05,3,983,984,0,2.3972357605928085e-10,0,0
20,local,4.4294235549316441e-05,3,983,984,0,0,0,0
20,fruit_pair,4.4311857649595443e-05,3,983,984,0,0,0,0
20,fruit_yarn_0,4.4311857649595443e-05,3,983,984,0,0,0,0
20,fruit_yarn_1,4.4311857649595443e-05,3,983,984,0,0,0,0
20,fruit_yarn_2,4.4311857649595443e-05,3,983,984,0,0,0,0
20,fruit_yarn_3,4.4140127734904056e-05,10,983,984,0,0,0,0
20,fruit_yarn_4,4.4140127734904056e-05,10,983,984,0,0,0,0
20,fruit_yarn_5,4.4140127734904056e-05,10,983,984,0,0,0,0
20,fruit_yarn_6,4.4140127734904056e-05,10,983,984,0,0,0,0
20,fruit_yarn_7,4.4140127734904056e-05,10,983,984,0,0,0,0
20,fruit_yarn_8,4.4140127734904056e-05,10,983,984,0,0,0,0
20,fruit_yarn_9,4.4140127734904056e-05,10,983,984,0,0,0,0
20,fruit_yarn_10,4.3999693864357758e-05,3,983,984,0,2.3804105735159009e-10,0,0
20,fruit_yarn_11,4.3999693864357758e-05,3,983,984,0,2.3804105735159009e-10,0,0
20,ground,4.3999693864357758e-05,3,983,984,0,2.3804105735159009e-10,0,0
21,primitive,4.3999693864357758e-05,3,983,984,0,2.3804105735159009e-10,0,0
21,strain,4.3999693864357758e-05,3,983,984,0,2.3804105735159009e-10,0,0
21,local,4.3999693864357758e-05,3,983,984,0,0,0,0
21,fruit_pair,4.4017198710458172e-05,3,983,984,0,0,0,0
21,fruit_yarn_0,4.4017198710458172e-05,3,983,984,0,0,0,0
21,fruit_yarn_1,4.4017198710458172e-05,3,983,984,0,0,0,0
21,fruit_yarn_2,4.4017198710458172e-05,3,983,984,0,0,0,0
21,fruit_yarn_3,4.3846252364032612e-05,10,983,984,0,0,0,0
21,fruit_yarn_4,4.3846252364032612e-05,10,983,984,0,0,0,0
21,fruit_yarn_5,4.3846252364032612e-05,10,983,984,0,0,0,0
21,fruit_yarn_6,4.3846252364032612e-05,10,983,984,0,0,0,0
21,fruit_yarn_7,4.3846252364032612e-05,10,983,984,0,0,0,0
21,fruit_yarn_8,4.3846252364032612e-05,10,983,984,0,0,0,0
21,fruit_yarn_9,4.3846252364032612e-05,10,983,984,0,0,0,0
21,fruit_yarn_10,4.3706397375373185e-05,3,983,984,0,2.363669173582883e-10,0,0
21,fruit_yarn_11,4.3706397375373185e-05,3,983,984,0,2.363669173582883e-10,0,0
21,ground,4.3706397375373185e-05,3,983,984,0,2.363669173582883e-10,0,0
21,local,4.3706397375373185e-05,3,983,984,0,3.6429192995512949e-17,0,0
21,fruit_pair,4.372378546432798e-05,3,983,984,0,3.6429192995512949e-17,0,0
21,fruit_yarn_0,4.372378546432798e-05,3,983,984,0,3.6429192995512949e-17,0,0
21,fruit_yarn_1,4.372378546432798e-05,3,983,984,0,3.6429192995512949e-17,0,0
21,fruit_yarn_2,4.372378546432798e-05,3,983,984,0,3.6429192995512949e-17,0,0
21,fruit_yarn_3,4.3553624094680443e-05,10,983,984,0,3.6429192995512949e-17,0,0
21,fruit_yarn_4,4.3553624094680443e-05,10,983,984,0,3.6429192995512949e-17,0,0
21,fruit_yarn_5,4.3553624094680443e-05,10,983,984,0,3.6429192995512949e-17,0,0
21,fruit_yarn_6,4.3553624094680443e-05,10,983,984,0,3.6429192995512949e-17,0,0
21,fruit_yarn_7,4.3553624094680443e-05,10,983,984,0,3.6429192995512949e-17,0,0
21,fruit_yarn_8,4.3553624094680443e-05,10,983,984,0,3.6429192995512949e-17,0,0
21,fruit_yarn_9,4.3553624094680443e-05,10,983,984,0,3.6429192995512949e-17,0,0
21,fruit_yarn_10,4.3414350241174904e-05,3,983,984,0,2.3470124975444318e-10,0,0
21,fruit_yarn_11,4.3414350241174904e-05,3,983,984,0,2.3470124975444318e-10,0,0
21,ground,4.3414350241174904e-05,3,983,984,0,2.3470124975444318e-10,0,0
22,primitive,4.3414350241174904e-05,3,983,984,0,2.3470124975444318e-10,0,0
22,strain,4.3414350241174904e-05,3,983,984,0,2.3470124975444318e-10,0,0
22,local,4.3414350241174904e-05,3,983,984,0,1.7347234759768071e-17,0,0
22,fruit_pair,4.3431622071765652e-05,3,983,984,0,1.7347234759768071e-17,0,0
22,fruit_yarn_0,4.3431622071765652e-05,3,983,984,0,1.7347234759768071e-17,0,0
22,fruit_yarn_1,4.3431622071765652e-05,3,983,984,0,1.7347234759768071e-17,0,0
22,fruit_yarn_2,4.3431622071765652e-05,3,983,984,0,1.7347234759768071e-17,0,0
22,fruit_yarn_3,4.3262247017492039e-05,10,983,984,0,1.7347234759768071e-17,0,0
22,fruit_yarn_4,4.3262247017492039e-05,10,983,984,0,1.7347234759768071e-17,0,0
22,fruit_yarn_5,4.3262247017492039e-05,10,983,984,0,1.7347234759768071e-17,0,0
22,fruit_yarn_6,4.3262247017492039e-05,10,983,984,0,1.7347234759768071e-17,0,0
22,fruit_yarn_7,4.3262247017492039e-05,10,983,984,0,1.7347234759768071e-17,0,0
22,fruit_yarn_8,4.3262247017492039e-05,10,983,984,0,1.7347234759768071e-17,0,0
22,fruit_yarn_9,4.3262247017492039e-05,10,983,984,0,1.7347234759768071e-17,0,0
22,fruit_yarn_10,4.3123556484989112e-05,3,983,984,0,2.3304389841494189e-10,0,0
22,fruit_yarn_11,4.3123556484989112e-05,3,983,984,0,2.3304389841494189e-10,0,0
22,ground,4.3123556484989112e-05,3,983,984,0,2.3304389841494189e-10,0,0
22,local,4.3123556484989112e-05,3,983,984,0,1.0408340855860843e-17,0,0
22,fruit_pair,4.3140712557385164e-05,3,983,984,0,1.0408340855860843e-17,0,0
22,fruit_yarn_0,4.3140712557385164e-05,3,983,984,0,1.0408340855860843e-17,0,0
22,fruit_yarn_1,4.3140712557385164e-05,3,983,984,0,1.0408340855860843e-17,0,0
22,fruit_yarn_2,4.3140712557385164e-05,3,983,984,0,1.0408340855860843e-17,0,0
22,fruit_yarn_3,4.2972125087387125e-05,10,983,984,0,1.0408340855860843e-17,0,0
22,fruit_yarn_4,4.2972125087387125e-05,10,983,984,0,1.0408340855860843e-17,0,0
22,fruit_yarn_5,4.2972125087387125e-05,10,983,984,0,1.0408340855860843e-17,0,0
22,fruit_yarn_6,4.2972125087387125e-05,10,983,984,0,1.0408340855860843e-17,0,0
22,fruit_yarn_7,4.2972125087387125e-05,10,983,984,0,1.0408340855860843e-17,0,0
22,fruit_yarn_8,4.2972125087387125e-05,10,983,984,0,1.0408340855860843e-17,0,0
22,fruit_yarn_9,4.2972125087387125e-05,10,983,984,0,1.0408340855860843e-17,0,0
22,fruit_yarn_10,4.2834019994331118e-05,3,983,984,0,2.3139493446344694e-10,0,0
22,fruit_yarn_11,4.2834019994331118e-05,3,983,984,0,2.3139493446344694e-10,0,0
22,ground,4.2834019994331118e-05,3,983,984,0,2.3139493446344694e-10,0,0
23,primitive,4.2834019994331118e-05,3,983,984,0,2.3139493446344694e-10,0,0
23,strain,4.2834019994331118e-05,3,983,984,0,2.3139493446344694e-10,0,0
23,local,4.2834019994331118e-05,3,983,984,0,0,0,0
23,fruit_pair,4.2851060810367159e-05,3,983,984,0,0,0,0
23,fruit_yarn_0,4.2851060810367159e-05,3,983,984,0,0,0,0
23,fruit_yarn_1,4.2851060810367159e-05,3,983,984,0,0,0,0
23,fruit_yarn_2,4.2851060810367159e-05,3,983,984,0,0,0,0
23,fruit_yarn_3,4.268326212419904e-05,10,983,984,0,0,0,0
23,fruit_yarn_4,4.268326212419904e-05,10,983,984,0,0,0,0
23,fruit_yarn_5,4.268326212419904e-05,10,983,984,0,0,0,0
23,fruit_yarn_6,4.268326212419904e-05,10,983,984,0,0,0,0
23,fruit_yarn_7,4.268326212419904e-05,10,983,984,0,0,0,0
23,fruit_yarn_8,4.268326212419904e-05,10,983,984,0,0,0,0
23,fruit_yarn_9,4.268326212419904e-05,10,983,984,0,0,0,0
23,fruit_yarn_10,4.2545744521990669e-05,3,983,984,0,2.2975442728889739e-10,0,0
23,fruit_yarn_11,4.2545744521990669e-05,3,983,984,0,2.2975442728889739e-10,0,0
23,ground,4.2545744521990669e-05,3,983,984,0,2.2975442728889739e-10,0,0
23,local,4.2545744521990669e-05,3,983,984,0,1.0408340855860843e-17,0,0
23,fruit_pair,4.2562670584958551e-05,3,983,984,0,1.0408340855860843e-17,0,0
23,fruit_yarn_0,4.2562670584958551e-05,3,983,984,0,1.0408340855860843e-17,0,0
23,fruit_yarn_1,4.2562670584958551e-05,3,983,984,0,1.0408340855860843e-17,0,0
23,fruit_yarn_2,4.2562670584958551e-05,3,983,984,0,1.0408340855860843e-17,0,0
23,fruit_yarn_3,4.2395661813229846e-05,10,983,984,0,1.0408340855860843e-17,0,0
23,fruit_yarn_4,4.2395661813229846e-05,10,983,984,0,1.0408340855860843e-17,0,0
23,fruit_yarn_5,4.2395661813229846e-05,10,983,984,0,1.0408340855860843e-17,0,0
23,fruit_yarn_6,4.2395661813229846e-05,10,983,984,0,1.0408340855860843e-17,0,0
23,fruit_yarn_7,4.2395661813229846e-05,10,983,984,0,1.0408340855860843e-17,0,0
23,fruit_yarn_8,4.2395661813229846e-05,10,983,984,0,1.0408340855860843e-17,0,0
23,fruit_yarn_9,4.2395661813229846e-05,10,983,984,0,1.0408340855860843e-17,0,0
23,fruit_yarn_10,4.2258733686545424e-05,3,983,984,0,2.2812232138014199e-10,0,0
23,fruit_yarn_11,4.2258733686545424e-05,3,983,984,0,2.2812232138014199e-10,0,0
23,ground,4.2258733686545424e-05,3,983,984,0,2.2812232138014199e-10,0,0
24,primitive,4.2258733686545424e-05,3,983,984,0,2.2812232138014199e-10,0,0
24,strain,4.2258733686545424e-05,3,983,984,0,2.2812232138014199e-10,0,0
24,local,4.2258733686545424e-05,3,983,984,0,0,0,0
24,fruit_pair,4.2275545501027634e-05,3,983,984,0,0,0,0
24,fruit_yarn_0,4.2275545501027634e-05,3,983,984,0,0,0,0
24,fruit_yarn_1,4.2275545501027634e-05,3,983,984,0,0,0,0
24,fruit_yarn_2,4.2275545501027634e-05,3,983,984,0,0,0,0
24,fruit_yarn_3,4.2109327705708299e-05,10,983,984,0,0,0,0
24,fruit_yarn_4,4.2109327705708299e-05,10,983,984,0,0,0,0
24,fruit_yarn_5,4.2109327705708299e-05,10,983,984,0,0,0,0
24,fruit_yarn_6,4.2109327705708299e-05,10,983,984,0,0,0,0
24,fruit_yarn_7,4.2109327705708299e-05,10,983,984,0,0,0,0
24,fruit_yarn_8,4.2109327705708299e-05,10,983,984,0,0,0,0
24,fruit_yarn_9,4.2109327705708299e-05,10,983,984,0,0,0,0
24,fruit_yarn_10,4.197299097259688e-05,3,983,984,0,2.2649864796220331e-10,0,0
24,fruit_yarn_11,4.197299097259688e-05,3,983,984,0,2.2649864796220331e-10,0,0
24,ground,4.197299097259688e-05,3,983,984,0,2.2649864796220331e-10,0,0
24,local,4.197299097259688e-05,3,983,984,0,0,0,0
24,fruit_pair,4.1989689044730216e-05,3,983,984,0,0,0,0
24,fruit_yarn_0,4.1989689044730216e-05,3,983,984,0,0,0,0
24,fruit_yarn_1,4.1989689044730216e-05,3,983,984,0,0,0,0
24,fruit_yarn_2,4.1989689044730216e-05,3,983,984,0,0,0,0
24,fruit_yarn_3,4.1824263219539248e-05,10,983,984,0,0,0,0
24,fruit_yarn_4,4.1824263219539248e-05,10,983,984,0,0,0,0
24,fruit_yarn_5,4.1824263219539248e-05,10,983,984,0,0,0,0
24,fruit_yarn_6,4.1824263219539248e-05,10,983,984,0,0,0,0
24,fruit_yarn_7,4.1824263219539248e-05,10,983,984,0,0,0,0
24,fruit_yarn_8,4.1824263219539248e-05,10,983,984,0,0,0,0
24,fruit_yarn_9,4.1824263219539248e-05,10,983,984,0,0,0,0
24,fruit_yarn_10,4.1688519732019369e-05,3,983,984,0,2.2488329427805542e-10,0,0
24,fruit_yarn_11,4.1688519732019369e-05,3,983,984,0,2.2488329427805542e-10,0,0
24,ground,4.1688519732019369e-05,3,983,984,0,2.2488329427805542e-10,0,0
25,primitive,4.1688519732019369e-05,3,983,984,0,2.2488329427805542e-10,0,0
25,strain,4.1688519732019369e-05,3,983,984,0,2.2488329427805542e-10,0,0
25,local,4.1688519732019369e-05,3,983,984,0,0,0,0
25,fruit_pair,4.1705104569023099e-05,3,983,984,0,0,0,0
25,fruit_yarn_0,4.1705104569023099e-05,3,983,984,0,0,0,0
25,fruit_yarn_1,4.1705104569023099e-05,3,983,984,0,0,0,0
25,fruit_yarn_2,4.1705104569023099e-05,3,983,984,0,0,0,0
25,fruit_yarn_3,4.1540471639747722e-05,10,983,984,0,0,0,0
25,fruit_yarn_4,4.1540471639747722e-05,10,983,984,0,0,0,0
25,fruit_yarn_5,4.1540471639747722e-05,10,983,984,0,0,0,0
25,fruit_yarn_6,4.1540471639747722e-05,10,983,984,0,0,0,0
25,fruit_yarn_7,4.1540471639747722e-05,10,983,984,0,0,0,0
25,fruit_yarn_8,4.1540471639747722e-05,10,983,984,0,0,0,0
25,fruit_yarn_9,4.1540471639747722e-05,10,983,984,0,0,0,0
25,fruit_yarn_10,4.140532318379353e-05,3,983,984,0,2.2327649104592062e-10,0,0
25,fruit_yarn_11,4.140532318379353e-05,3,983,984,0,2.2327649104592062e-10,0,0
25,ground,4.140532318379353e-05,3,983,984,0,2.2327649104592062e-10,0,0
25,local,4.140532318379353e-05,3,983,984,0,0,0,0
25,fruit_pair,4.1421795294344088e-05,3,983,984,0,0,0,0
25,fruit_yarn_0,4.1421795294344088e-05,3,983,984,0,0,0,0
25,fruit_yarn_1,4.1421795294344088e-05,3,983,984,0,0,0,0
25,fruit_yarn_2,4.1421795294344088e-05,3,983,984,0,0,0,0
25,fruit_yarn_3,4.1257956119311601e-05,10,983,984,0,0,0,0
25,fruit_yarn_4,4.1257956119311601e-05,10,983,984,0,0,0,0
25,fruit_yarn_5,4.1257956119311601e-05,10,983,984,0,0,0,0
25,fruit_yarn_6,4.1257956119311601e-05,10,983,984,0,0,0,0
25,fruit_yarn_7,4.1257956119311601e-05,10,983,984,0,0,0,0
25,fruit_yarn_8,4.1257956119311601e-05,10,983,984,0,0,0,0
25,fruit_yarn_9,4.1257956119311601e-05,10,983,984,0,0,0,0
25,fruit_yarn_10,4.1123404415491227e-05,3,983,984,0,2.2167802489481137e-10,0,0
25,fruit_yarn_11,4.1123404415491227e-05,3,983,984,0,2.2167802489481137e-10,0,0
25,ground,4.1123404415491227e-05,3,983,984,0,2.2167802489481137e-10,0,0
26,primitive,4.1123404415491227e-05,3,983,984,0,2.2167802489481137e-10,0,0
26,strain,4.1123404415491227e-05,3,983,984,0,2.2167802489481137e-10,0,0
26,local,4.1123404415491227e-05,3,983,984,0,0,0,0
26,fruit_pair,4.1139764309416904e-05,3,983,984,0,0,0,0
26,fruit_yarn_0,4.1139764309416904e-05,3,983,984,0,0,0,0
26,fruit_yarn_1,4.1139764309416904e-05,3,983,984,0,0,0,0
26,fruit_yarn_2,4.1139764309416904e-05,3,983,984,0,0,0,0
26,fruit_yarn_3,4.0976719679869378e-05,10,983,984,0,0,0,0
26,fruit_yarn_4,4.0976719679869378e-05,10,983,984,0,0,0,0
26,fruit_yarn_5,4.0976719679869378e-05,10,983,984,0,0,0,0
26,fruit_yarn_6,4.0976719679869378e-05,10,983,984,0,0,0,0
26,fruit_yarn_7,4.0976719679869378e-05,10,983,984,0,0,0,0
26,fruit_yarn_8,4.0976719679869378e-05,10,983,984,0,0,0,0
26,fruit_yarn_9,4.0976719679869378e-05,10,983,984,0,0,0,0
26,fruit_yarn_10,4.0842766383400453e-05,3,983,984,0,2.2008801205120054e-10,0,0
26,fruit_yarn_11,4.0842766383400453e-05,3,983,984,0,2.2008801205120054e-10,0,0
26,ground,4.0842766383400453e-05,3,983,984,0,2.2008801205120054e-10,0,0
26,local,4.0842766383400453e-05,3,983,984,0,0,0,0
26,fruit_pair,4.0859014571542618e-05,3,983,984,0,0,0,0
26,fruit_yarn_0,4.0859014571542618e-05,3,983,984,0,0,0,0
26,fruit_yarn_1,4.0859014571542618e-05,3,983,984,0,0,0,0
26,fruit_yarn_2,4.0859014571542618e-05,3,983,984,0,0,0,0
26,fruit_yarn_3,4.0696765211956087e-05,10,983,984,0,0,0,0
26,fruit_yarn_4,4.0696765211956087e-05,10,983,984,0,0,0,0
26,fruit_yarn_5,4.0696765211956087e-05,10,983,984,0,0,0,0
26,fruit_yarn_6,4.0696765211956087e-05,10,983,984,0,0,0,0
26,fruit_yarn_7,4.0696765211956087e-05,10,983,984,0,0,0,0
26,fruit_yarn_8,4.0696765211956087e-05,10,983,984,0,0,0,0
26,fruit_yarn_9,4.0696765211956087e-05,10,983,984,0,0,0,0
26,fruit_yarn_10,4.0563411913233094e-05,3,983,984,0,2.1850630853303965e-10,0,0
26,fruit_yarn_11,4.0563411913233094e-05,3,983,984,0,2.1850630853303965e-10,0,0
26,ground,4.0563411913233094e-05,3,983,984,0,2.1850630853303965e-10,0,0
27,primitive,4.0563411913233094e-05,3,983,984,0,2.1850630853303965e-10,0,0
27,strain,4.0563411913233094e-05,3,983,984,0,2.1850630853303965e-10,0,0
27,local,4.0563411913233094e-05,3,983,984,0,2.0816681711721685e-17,0,0
27,fruit_pair,4.057954890772375e-05,3,983,984,0,2.0816681711721685e-17,0,0
27,fruit_yarn_0,4.057954890772375e-05,3,983,984,0,2.0816681711721685e-17,0,0
27,fruit_yarn_1,4.057954890772375e-05,3,983,984,0,2.0816681711721685e-17,0,0
27,fruit_yarn_2,4.057954890772375e-05,3,983,984,0,2.0816681711721685e-17,0,0
27,fruit_yarn_3,4.041809547639108e-05,10,983,984,0,2.0816681711721685e-17,0,0
27,fruit_yarn_4,4.041809547639108e-05,10,983,984,0,2.0816681711721685e-17,0,0
27,fruit_yarn_5,4.041809547639108e-05,10,983,984,0,2.0816681711721685e-17,0,0
27,fruit_yarn_6,4.041809547639108e-05,10,983,984,0,2.0816681711721685e-17,0,0
27,fruit_yarn_7,4.041809547639108e-05,10,983,984,0,2.0816681711721685e-17,0,0
27,fruit_yarn_8,4.041809547639108e-05,10,983,984,0,2.0816681711721685e-17,0,0
27,fruit_yarn_9,4.041809547639108e-05,10,983,984,0,2.0816681711721685e-17,0,0
27,fruit_yarn_10,4.028534370126291e-05,3,983,984,0,2.1693317801829703e-10,0,0
27,fruit_yarn_11,4.028534370126291e-05,3,983,984,0,2.1693317801829703e-10,0,0
27,ground,4.028534370126291e-05,3,983,984,0,2.1693317801829703e-10,0,0
27,local,4.028534370126291e-05,3,983,984,0,0,0,0
27,fruit_pair,4.0301370015191629e-05,3,983,984,0,0,0,0
27,fruit_yarn_0,4.0301370015191629e-05,3,983,984,0,0,0,0
27,fruit_yarn_1,4.0301370015191629e-05,3,983,984,0,0,0,0
27,fruit_yarn_2,4.0301370015191629e-05,3,983,984,0,0,0,0
27,fruit_yarn_3,4.014071310450007e-05,10,983,984,0,0,0,0
27,fruit_yarn_4,4.014071310450007e-05,10,983,984,0,0,0,0
27,fruit_yarn_5,4.014071310450007e-05,10,983,984,0,0,0,0
27,fruit_yarn_6,4.014071310450007e-05,10,983,984,0,0,0,0
27,fruit_yarn_7,4.014071310450007e-05,10,983,984,0,0,0,0
27,fruit_yarn_8,4.014071310450007e-05,10,983,984,0,0,0,0
27,fruit_yarn_9,4.014071310450007e-05,10,983,984,0,0,0,0
27,fruit_yarn_10,4.0008564314616968e-05,3,983,984,0,2.1536839152347387e-10,0,0
27,fruit_yarn_11,4.0008564314616968e-05,3,983,984,0,2.1536839152347387e-10,0,0
27,ground,4.0008564314616968e-05,3,983,984,0,2.1536839152347387e-10,0,0
28,primitive,4.0008564314616968e-05,3,983,984,0,2.1536839152347387e-10,0,0
28,strain,4.0008564314616968e-05,3,983,984,0,2.1536839152347387e-10,0,0
28,local,4.0008564314616968e-05,3,983,984,0,1.3877787807814457e-17,0,0
28,fruit_pair,4.0024480462114154e-05,3,983,984,0,1.3877787807814457e-17,0,0
28,fruit_yarn_0,4.0024480462114154e-05,3,983,984,0,1.3877787807814457e-17,0,0
28,fruit_yarn_1,4.0024480462114154e-05,3,983,984,0,1.3877787807814457e-17,0,0
28,fruit_yarn_2,4.0024480462114154e-05,3,983,984,0,1.3877787807814457e-17,0,0
28,fruit_yarn_3,3.9864620599128209e-05,10,983,984,0,1.3877787807814457e-17,0,0
28,fruit_yarn_4,3.9864620599128209e-05,10,983,984,0,1.3877787807814457e-17,0,0
28,fruit_yarn_5,3.9864620599128209e-05,10,983,984,0,1.3877787807814457e-17,0,0
28,fruit_yarn_6,3.9864620599128209e-05,10,983,984,0,1.3877787807814457e-17,0,0
28,fruit_yarn_7,3.9864620599128209e-05,10,983,984,0,1.3877787807814457e-17,0,0
28,fruit_yarn_8,3.9864620599128209e-05,10,983,984,0,1.3877787807814457e-17,0,0
28,fruit_yarn_9,3.9864620599128209e-05,10,983,984,0,1.3877787807814457e-17,0,0
28,fruit_yarn_10,3.9733076192413619e-05,3,983,984,0,2.1381195425274058e-10,0,0
28,fruit_yarn_11,3.9733076192413619e-05,3,983,984,0,2.1381195425274058e-10,0,0
28,ground,3.9733076192413619e-05,3,983,984,0,2.1381195425274058e-10,0,0
28,local,3.9733076192413619e-05,3,983,984,0,0,0,0
28,fruit_pair,3.9748882688483977e-05,3,983,984,0,0,0,0
28,fruit_yarn_0,3.9748882688483977e-05,3,983,984,0,0,0,0
28,fruit_yarn_1,3.9748882688483977e-05,3,983,984,0,0,0,0
28,fruit_yarn_2,3.9748882688483977e-05,3,983,984,0,0,0,0
28,fruit_yarn_3,3.9589820335264592e-05,10,983,984,0,0,0,0
28,fruit_yarn_4,3.9589820335264592e-05,10,983,984,0,0,0,0
28,fruit_yarn_5,3.9589820335264592e-05,10,983,984,0,0,0,0
28,fruit_yarn_6,3.9589820335264592e-05,10,983,984,0,0,0,0
28,fruit_yarn_7,3.9589820335264592e-05,10,983,984,0,0,0,0
28,fruit_yarn_8,3.9589820335264592e-05,10,983,984,0,0,0,0
28,fruit_yarn_9,3.9589820335264592e-05,10,983,984,0,0,0,0
28,fruit_yarn_10,3.9458881646178834e-05,3,983,984,0,2.1226392171724839e-10,0,0
28,fruit_yarn_11,3.9458881646178834e-05,3,983,984,0,2.1226392171724839e-10,0,0
28,ground,3.9458881646178834e-05,3,983,984,0,2.1226392171724839e-10,0,0
29,primitive,3.9458881646178834e-05,3,983,984,0,2.1226392171724839e-10,0,0
29,strain,3.9458881646178834e-05,3,983,984,0,2.1226392171724839e-10,0,0
29,local,3.9458881646178834e-05,3,983,984,0,1.7347234759768071e-17,0,0
29,fruit_pair,3.9474579006826271e-05,3,983,984,0,1.7347234759768071e-17,0,0
29,fruit_yarn_0,3.9474579006826271e-05,3,983,984,0,1.7347234759768071e-17,0,0
29,fruit_yarn_1,3.9474579006826271e-05,3,983,984,0,1.7347234759768071e-17,0,0
29,fruit_yarn_2,3.9474579006826271e-05,3,983,984,0,1.7347234759768071e-17,0,0
29,fruit_yarn_3,3.9316314561013699e-05,10,983,984,0,1.7347234759768071e-17,0,0
29,fruit_yarn_4,3.9316314561013699e-05,10,983,984,0,1.7347234759768071e-17,0,0
29,fruit_yarn_5,3.9316314561013699e-05,10,983,984,0,1.7347234759768071e-17,0,0
29,fruit_yarn_6,3.9316314561013699e-05,10,983,984,0,1.7347234759768071e-17,0,0
29,fruit_yarn_7,3.9316314561013699e-05,10,983,984,0,1.7347234759768071e-17,0,0
29,fruit_yarn_8,3.9316314561013699e-05,10,983,984,0,1.7347234759768071e-17,0,0
29,fruit_yarn_9,3.9316314561013699e-05,10,983,984,0,1.7347234759768071e-17,0,0
29,fruit_yarn_10,3.9185982861095203e-05,3,983,984,0,2.1072432687674336e-10,0,0
29,fruit_yarn_11,3.9185982861095203e-05,3,983,984,0,2.1072432687674336e-10,0,0
29,ground,3.9185982861095203e-05,3,983,984,0,2.1072432687674336e-10,0,0
29,local,3.9185982861095203e-05,3,983,984,0,0,0,0
29,fruit_pair,3.9201571603086904e-05,3,983,984,0,0,0,0
29,fruit_yarn_0,3.9201571603086904e-05,3,983,984,0,0,0,0
29,fruit_yarn_1,3.9201571603086904e-05,3,983,984,0,0,0,0
29,fruit_yarn_2,3.9201571603086904e-05,3,983,984,0,0,0,0
29,fruit_yarn_3,3.9044105398275408e-05,10,983,984,0,0,0,0
29,fruit_yarn_4,3.9044105398275408e-05,10,983,984,0,0,0,0
29,fruit_yarn_5,3.9044105398275408e-05,10,983,984,0,0,0,0
29,fruit_yarn_6,3.9044105398275408e-05,10,983,984,0,0,0,0
29,fruit_yarn_7,3.9044105398275408e-05,10,983,984,0,0,0,0
29,fruit_yarn_8,3.9044105398275408e-05,10,983,984,0,0,0,0
29,fruit_yarn_9,3.9044105398275408e-05,10,983,984,0,0,0,0
29,fruit_yarn_10,3.8914381896390515e-05,3,983,984,0,2.091930743214343e-10,0,0
29,fruit_yarn_11,3.8914381896390515e-05,3,983,984,0,2.091930743214343e-10,0,0
29,ground,3.8914381896390515e-05,3,983,984,0,2.091930743214343e-10,0,0
30,primitive,3.8914381896390515e-05,3,983,984,0,2.091930743214343e-10,0,0
30,strain,3.8914381896390515e-05,3,983,984,0,2.091930743214343e-10,0,0
30,local,3.8914381896390515e-05,3,983,984,0,1.7347234759768071e-17,0,0
30,fruit_pair,3.8929862537381843e-05,3,983,984,0,1.7347234759768071e-17,0,0
30,fruit_yarn_0,3.8929862537381843e-05,3,983,984,0,1.7347234759768071e-17,0,0
30,fruit_yarn_1,3.8929862537381843e-05,3,983,984,0,1.7347234759768071e-17,0,0
30,fruit_yarn_2,3.8929862537381843e-05,3,983,984,0,1.7347234759768071e-17,0,0
30,fruit_yarn_3,3.877319484366093e-05,10,983,984,0,1.7347234759768071e-17,0,0
30,fruit_yarn_4,3.877319484366093e-05,10,983,984,0,1.7347234759768071e-17,0,0
30,fruit_yarn_5,3.877319484366093e-05,10,983,984,0,1.7347234759768071e-17,0,0
30,fruit_yarn_6,3.877319484366093e-05,10,983,984,0,1.7347234759768071e-17,0,0
30,fruit_yarn_7,3.877319484366093e-05,10,983,984,0,1.7347234759768071e-17,0,0
30,fruit_yarn_8,3.877319484366093e-05,10,983,984,0,1.7347234759768071e-17,0,0
30,fruit_yarn_9,3.877319484366093e-05,10,983,984,0,1.7347234759768071e-17,0,0
30,fruit_yarn_10,3.8644080686517368e-05,3,983,984,0,2.0767029589030539e-10,0,0
30,fruit_yarn_11,3.8644080686517368e-05,3,983,984,0,2.0767029589030539e-10,0,0
30,ground,3.8644080686517368e-05,3,983,984,0,2.0767029589030539e-10,0,0
30,local,3.8644080686517368e-05,3,983,984,0,0,0,0
30,fruit_pair,3.865945374476043e-05,3,983,984,0,0,0,0
30,fruit_yarn_0,3.865945374476043e-05,3,983,984,0,0,0,0
30,fruit_yarn_1,3.865945374476043e-05,3,983,984,0,0,0,0
30,fruit_yarn_2,3.865945374476043e-05,3,983,984,0,0,0,0
30,fruit_yarn_3,3.8503584769200572e-05,10,983,984,0,0,0,0
30,fruit_yarn_4,3.8503584769200572e-05,10,983,984,0,0,0,0
30,fruit_yarn_5,3.8503584769200572e-05,10,983,984,0,0,0,0
30,fruit_yarn_6,3.8503584769200572e-05,10,983,984,0,0,0,0
30,fruit_yarn_7,3.8503584769200572e-05,10,983,984,0,0,0,0
30,fruit_yarn_8,3.8503584769200572e-05,10,983,984,0,0,0,0
30,fruit_yarn_9,3.8503584769200572e-05,10,983,984,0,0,0,0
30,fruit_yarn_10,3.837508104177767e-05,3,983,984,0,2.0615577300819865e-10,0,0
30,fruit_yarn_11,3.837508104177767e-05,3,983,984,0,2.0615577300819865e-10,0,0
30,ground,3.837508104177767e-05,3,983,984,0,2.0615577300819865e-10,0,0
31,primitive,3.837508104177767e-05,3,983,984,0,2.0615577300819865e-10,0,0
31,strain,3.837508104177767e-05,3,983,984,0,2.0615577300819865e-10,0,0
31,local,3.837508104177767e-05,3,983,984,0,0,0,0
31,fruit_pair,3.8390347036398875e-05,3,983,984,0,0,0,0
31,fruit_yarn_0,3.8390347036398875e-05,3,983,984,0,0,0,0
31,fruit_yarn_1,3.8390347036398875e-05,3,983,984,0,0,0,0
31,fruit_yarn_2,3.8390347036398875e-05,3,983,984,0,0,0,0
31,fruit_yarn_3,3.8235276923523354e-05,10,983,984,0,0,0,0
31,fruit_yarn_4,3.8235276923523354e-05,10,983,984,0,0,0,0
31,fruit_yarn_5,3.8235276923523354e-05,10,983,984,0,0,0,0
31,fruit_yarn_6,3.8235276923523354e-05,10,983,984,0,0,0,0
31,fruit_yarn_7,3.8235276923523354e-05,10,983,984,0,0,0,0
31,fruit_yarn_8,3.8235276923523354e-05,10,983,984,0,0,0,0
31,fruit_yarn_9,3.8235276923523354e-05,10,983,984,0,0,0,0
31,fruit_yarn_10,3.8107384649460618e-05,3,983,984,0,2.0464967394329125e-10,0,0
31,fruit_yarn_11,3.8107384649460618e-05,3,983,984,0,2.0464967394329125e-10,0,0
31,ground,3.8107384649460618e-05,3,983,984,0,2.0464967394329125e-10,0,0
31,local,3.8107384649460618e-05,3,983,984,0,0,0,0
31,fruit_pair,3.8122544100127609e-05,3,983,984,0,0,0,0
31,fruit_yarn_0,3.8122544100127609e-05,3,983,984,0,0,0,0
31,fruit_yarn_1,3.8122544100127609e-05,3,983,984,0,0,0,0
31,fruit_yarn_2,3.8122544100127609e-05,3,983,984,0,0,0,0
31,fruit_yarn_3,3.7968272932439873e-05,10,983,984,0,0,0,0
31,fruit_yarn_4,3.7968272932439873e-05,10,983,984,0,0,0,0
31,fruit_yarn_5,3.7968272932439873e-05,10,983,984,0,0,0,0
31,fruit_yarn_6,3.7968272932439873e-05,10,983,984,0,0,0,0
31,fruit_yarn_7,3.7968272932439873e-05,10,983,984,0,0,0,0
31,fruit_yarn_8,3.7968272932439873e-05,10,983,984,0,0,0,0
31,fruit_yarn_9,3.7968272932439873e-05,10,983,984,0,0,0,0
31,fruit_yarn_10,3.78409930744672e-05,3,983,984,0,2.0315191369413288e-10,0,0
31,fruit_yarn_11,3.78409930744672e-05,3,983,984,0,2.0315191369413288e-10,0,0
31,ground,3.78409930744672e-05,3,983,984,0,2.0315191369413288e-10,0,0
32,primitive,3.78409930744672e-05,3,983,984,0,2.0315191369413288e-10,0,0
32,strain,3.78409930744672e-05,3,983,984,0,2.0315191369413288e-10,0,0
32,local,3.78409930744672e-05,3,983,984,0,1.5612511283791264e-17,0,0
32,fruit_pair,3.7856046501430485e-05,3,983,984,0,1.5612511283791264e-17,0,0
32,fruit_yarn_0,3.7856046501430485e-05,3,983,984,0,1.5612511283791264e-17,0,0
32,fruit_yarn_1,3.7856046501430485e-05,3,983,984,0,1.5612511283791264e-17,0,0
32,fruit_yarn_2,3.7856046501430485e-05,3,983,984,0,1.5612511283791264e-17,0,0
32,fruit_yarn_3,3.7702574299983138e-05,10,983,984,0,1.5612511283791264e-17,0,0
32,fruit_yarn_4,3.7702574299983138e-05,10,983,984,0,1.5612511283791264e-17,0,0
32,fruit_yarn_5,3.7702574299983138e-05,10,983,984,0,1.5612511283791264e-17,0,0
32,fruit_yarn_6,3.7702574299983138e-05,10,983,984,0,1.5612511283791264e-17,0,0
32,fruit_yarn_7,3.7702574299983138e-05,10,983,984,0,1.5612511283791264e-17,0,0
32,fruit_yarn_8,3.7702574299983138e-05,10,983,984,0,1.5612511283791264e-17,0,0
32,fruit_yarn_9,3.7702574299983138e-05,10,983,984,0,1.5612511283791264e-17,0,0
32,fruit_yarn_10,3.7575907760337146e-05,3,983,984,0,2.0166255644549214e-10,0,0
32,fruit_yarn_11,3.7575907760337146e-05,3,983,984,0,2.0166255644549214e-10,0,0
32,ground,3.7575907760337146e-05,3,983,984,0,2.0166255644549214e-10,0,0
32,local,3.7575907760337146e-05,3,983,984,0,1.7347234759768071e-17,0,0
32,fruit_pair,3.7590855684555002e-05,3,983,984,0,1.7347234759768071e-17,0,0
32,fruit_yarn_0,3.7590855684555002e-05,3,983,984,0,1.7347234759768071e-17,0,0
32,fruit_yarn_1,3.7590855684555002e-05,3,983,984,0,1.7347234759768071e-17,0,0
32,fruit_yarn_2,3.7590855684555002e-05,3,983,984,0,1.7347234759768071e-17,0,0
32,fruit_yarn_3,3.7438182409366139e-05,10,983,984,0,1.7347234759768071e-17,0,0
32,fruit_yarn_4,3.7438182409366139e-05,10,983,984,0,1.7347234759768071e-17,0,0
32,fruit_yarn_5,3.7438182409366139e-05,10,983,984,0,1.7347234759768071e-17,0,0
32,fruit_yarn_6,3.7438182409366139e-05,10,983,984,0,1.7347234759768071e-17,0,0
32,fruit_yarn_7,3.7438182409366139e-05,10,983,984,0,1.7347234759768071e-17,0,0
32,fruit_yarn_8,3.7438182409366139e-05,10,983,984,0,1.7347234759768071e-17,0,0
32,fruit_yarn_9,3.7438182409366139e-05,10,983,984,0,1.7347234759768071e-17,0,0
32,fruit_yarn_10,3.7312130030470181e-05,3,983,984,0,2.0018150852230132e-10,0,0
32,fruit_yarn_11,3.7312130030470181e-05,3,983,984,0,2.0018150852230132e-10,0,0
32,ground,3.7312130030470181e-05,3,983,984,0,2.0018150852230132e-10,0,0
33,primitive,3.7312130030470181e-05,3,983,984,0,2.0018150852230132e-10,0,0
33,strain,3.7312130030470181e-05,3,983,984,0,2.0018150852230132e-10,0,0
33,local,3.7312130030470181e-05,3,983,984,0,0,0,0
33,fruit_pair,3.7326972973164563e-05,3,983,984,0,0,0,0
33,fruit_yarn_0,3.7326972973164563e-05,3,983,984,0,0,0,0
33,fruit_yarn_1,3.7326972973164563e-05,3,983,984,0,0,0,0
33,fruit_yarn_2,3.7326972973164563e-05,3,983,984,0,0,0,0
33,fruit_yarn_3,3.7175098523800632e-05,10,983,984,0,0,0,0
33,fruit_yarn_4,3.7175098523800632e-05,10,983,984,0,0,0,0
33,fruit_yarn_5,3.7175098523800632e-05,10,983,984,0,0,0,0
33,fruit_yarn_6,3.7175098523800632e-05,10,983,984,0,0,0,0
33,fruit_yarn_7,3.7175098523800632e-05,10,983,984,0,0,0,0
33,fruit_yarn_8,3.7175098523800632e-05,10,983,984,0,0,0,0
33,fruit_yarn_9,3.7175098523800632e-05,10,983,984,0,0,0,0
33,fruit_yarn_10,3.7049661088417452e-05,3,983,984,0,1.9870871961757963e-10,0,0
33,fruit_yarn_11,3.7049661088417452e-05,3,983,984,0,1.9870871961757963e-10,0,0
33,ground,3.7049661088417452e-05,3,983,984,0,1.9870871961757963e-10,0,0
33,local,3.7049661088417452e-05,3,983,984,0,0,0,0
33,fruit_pair,3.7064399571490325e-05,3,983,984,0,0,0,0
33,fruit_yarn_0,3.7064399571490325e-05,3,983,984,0,0,0,0
33,fruit_yarn_1,3.7064399571490325e-05,3,983,984,0,0,0,0
33,fruit_yarn_2,3.7064399571490325e-05,3,983,984,0,0,0,0
33,fruit_yarn_3,3.6913323787732266e-05,10,983,984,0,0,0,0
33,fruit_yarn_4,3.6913323787732266e-05,10,983,984,0,0,0,0
33,fruit_yarn_5,3.6913323787732266e-05,10,983,984,0,0,0,0
33,fruit_yarn_6,3.6913323787732266e-05,10,983,984,0,0,0,0
33,fruit_yarn_7,3.6913323787732266e-05,10,983,984,0,0,0,0
33,fruit_yarn_8,3.6913323787732266e-05,10,983,984,0,0,0,0
33,fruit_yarn_9,3.6913323787732266e-05,10,983,984,0,0,0,0
33,fruit_yarn_10,3.6788502019616254e-05,3,983,984,0,1.9724437187729205e-10,0,0
33,fruit_yarn_11,3.6788502019616254e-05,3,983,984,0,1.9724437187729205e-10,0,0
33,ground,3.6788502019616254e-05,3,983,984,0,1.9724437187729205e-10,0,0
34,primitive,3.6788502019616254e-05,3,983,984,0,1.9724437187729205e-10,0,0
34,strain,3.6788502019616254e-05,3,983,984,0,1.9724437187729205e-10,0,0
34,local,3.6788502019616254e-05,3,983,984,0,5.2041704279304213e-18,0,0
34,fruit_pair,3.6803136565344285e-05,3,983,984,0,5.2041704279304213e-18,0,0
34,fruit_yarn_0,3.6803136565344285e-05,3,983,984,0,5.2041704279304213e-18,0,0
34,fruit_yarn_1,3.6803136565344285e-05,3,983,984,0,5.2041704279304213e-18,0,0
34,fruit_yarn_2,3.6803136565344285e-05,3,983,984,0,5.2041704279304213e-18,0,0
34,fruit_yarn_3,3.6652859227465084e-05,10,983,984,0,5.2041704279304213e-18,0,0
34,fruit_yarn_4,3.6652859227465084e-05,10,983,984,0,5.2041704279304213e-18,0,0
34,fruit_yarn_5,3.6652859227465084e-05,10,983,984,0,5.2041704279304213e-18,0,0
34,fruit_yarn_6,3.6652859227465084e-05,10,983,984,0,5.2041704279304213e-18,0,0
34,fruit_yarn_7,3.6652859227465084e-05,10,983,984,0,5.2041704279304213e-18,0,0
34,fruit_yarn_8,3.6652859227465084e-05,10,983,984,0,5.2041704279304213e-18,0,0
34,fruit_yarn_9,3.6652859227465084e-05,10,983,984,0,5.2041704279304213e-18,0,0
34,fruit_yarn_10,3.6528653791875754e-05,3,983,984,0,1.9578825886934492e-10,0,0
34,fruit_yarn_11,3.6528653791875754e-05,3,983,984,0,1.9578825886934492e-10,0,0
34,ground,3.6528653791875754e-05,3,983,984,0,1.9578825886934492e-10,0,0
34,local,3.6528653791875754e-05,3,983,984,0,8.6736173798840355e-18,0,0
34,fruit_pair,3.6543184922702143e-05,3,983,984,0,8.6736173798840355e-18,0,0
34,fruit_yarn_0,3.6543184922702143e-05,3,983,984,0,8.6736173798840355e-18,0,0
34,fruit_yarn_1,3.6543184922702143e-05,3,983,984,0,8.6736173798840355e-18,0,0
34,fruit_yarn_2,3.6543184922702143e-05,3,983,984,0,8.6736173798840355e-18,0,0
34,fruit_yarn_3,3.6393705752257866e-05,10,983,984,0,8.6736173798840355e-18,0,0
34,fruit_yarn_4,3.6393705752257866e-05,10,983,984,0,8.6736173798840355e-18,0,0
34,fruit_yarn_5,3.6393705752257866e-05,10,983,984,0,8.6736173798840355e-18,0,0
34,fruit_yarn_6,3.6393705752257866e-05,10,983,984,0,8.6736173798840355e-18,0,0
34,fruit_yarn_7,3.6393705752257866e-05,10,983,984,0,8.6736173798840355e-18,0,0
34,fruit_yarn_8,3.6393705752257866e-05,10,983,984,0,8.6736173798840355e-18,0,0
34,fruit_yarn_9,3.6393705752257866e-05,10,983,984,0,8.6736173798840355e-18,0,0
34,fruit_yarn_10,3.6270117256292922e-05,3,983,984,0,1.9434046039101815e-10,0,0
34,fruit_yarn_11,3.6270117256292922e-05,3,983,984,0,1.9434046039101815e-10,0,0
34,ground,3.6270117256292922e-05,3,983,984,0,1.9434046039101815e-10,0,0
35,primitive,3.6270117256292922e-05,3,983,984,0,1.9434046039101815e-10,0,0
35,strain,3.6270117256292922e-05,3,983,984,0,1.9434046039101815e-10,0,0
35,local,3.6270117256292922e-05,3,983,984,0,1.7347234759768071e-17,0,0
35,fruit_pair,3.6284545495299247e-05,3,983,984,0,1.7347234759768071e-17,0,0
35,fruit_yarn_0,3.6284545495299247e-05,3,983,984,0,1.7347234759768071e-17,0,0
35,fruit_yarn_1,3.6284545495299247e-05,3,983,984,0,1.7347234759768071e-17,0,0
35,fruit_yarn_2,3.6284545495299247e-05,3,983,984,0,1.7347234759768071e-17,0,0
35,fruit_yarn_3,3.6135864155642516e-05,10,983,984,0,1.7347234759768071e-17,0,0
35,fruit_yarn_4,3.6135864155642516e-05,10,983,984,0,1.7347234759768071e-17,0,0
35,fruit_yarn_5,3.6135864155642516e-05,10,983,984,0,1.7347234759768071e-17,0,0
35,fruit_yarn_6,3.6135864155642516e-05,10,983,984,0,1.7347234759768071e-17,0,0
35,fruit_yarn_7,3.6135864155642516e-05,10,983,984,0,1.7347234759768071e-17,0,0
35,fruit_yarn_8,3.6135864155642516e-05,10,983,984,0,1.7347234759768071e-17,0,0
35,fruit_yarn_9,3.6135864155642516e-05,10,983,984,0,1.7347234759768071e-17,0,0
35,fruit_yarn_10,3.6012893148806846e-05,3,983,984,0,1.9290096776869436e-10,0,0
35,fruit_yarn_11,3.6012893148806846e-05,3,983,984,0,1.9290096776869436e-10,0,0
35,ground,3.6012893148806846e-05,3,983,984,0,1.9290096776869436e-10,0,0
35,local,3.6012893148806846e-05,3,983,984,0,2.9490299091605721e-17,0,0
35,fruit_pair,3.6027219019088563e-05,3,983,984,0,2.9490299091605721e-17,0,0
35,fruit_yarn_0,3.6027219019088563e-05,3,983,984,0,2.9490299091605721e-17,0,0
35,fruit_yarn_1,3.6027219019088563e-05,3,983,984,0,2.9490299091605721e-17,0,0
35,fruit_yarn_2,3.6027219019088563e-05,3,983,984,0,2.9490299091605721e-17,0,0
35,fruit_yarn_3,3.5879335115784894e-05,10,983,984,0,2.9490299091605721e-17,0,0
35,fruit_yarn_4,3.5879335115784894e-05,10,983,984,0,2.9490299091605721e-17,0,0
35,fruit_yarn_5,3.5879335115784894e-05,10,983,984,0,2.9490299091605721e-17,0,0
35,fruit_yarn_6,3.5879335115784894e-05,10,983,984,0,2.9490299091605721e-17,0,0
35,fruit_yarn_7,3.5879335115784894e-05,10,983,984,0,2.9490299091605721e-17,0,0
35,fruit_yarn_8,3.5879335115784894e-05,10,983,984,0,2.9490299091605721e-17,0,0
35,fruit_yarn_9,3.5879335115784894e-05,10,983,984,0,2.9490299091605721e-17,0,0
35,fruit_yarn_10,3.5756982090684453e-05,3,983,984,0,1.9146974977735098e-10,0,0
35,fruit_yarn_11,3.5756982090684453e-05,3,983,984,0,1.9146974977735098e-10,0,0
35,ground,3.5756982090684453e-05,3,983,984,0,1.9146974977735098e-10,0,0
36,primitive,3.5756982090684453e-05,3,983,984,0,1.9146974977735098e-10,0,0
36,strain,3.5756982090684453e-05,3,983,984,0,1.9146974977735098e-10,0,0
36,local,3.5756982090684453e-05,3,983,984,0,0,0,0
36,fruit_pair,3.5771206115711718e-05,3,983,984,0,0,0,0
36,fruit_yarn_0,3.5771206115711718e-05,3,983,984,0,0,0,0
36,fruit_yarn_1,3.5771206115711718e-05,3,983,984,0,0,0,0
36,fruit_yarn_2,3.5771206115711718e-05,3,983,984,0,0,0,0
36,fruit_yarn_3,3.5624119197358306e-05,10,983,984,0,0,0,0
36,fruit_yarn_4,3.5624119197358306e-05,10,983,984,0,0,0,0
36,fruit_yarn_5,3.5624119197358306e-05,10,983,984,0,0,0,0
36,fruit_yarn_6,3.5624119197358306e-05,10,983,984,0,0,0,0
36,fruit_yarn_7,3.5624119197358306e-05,10,983,984,0,0,0,0
36,fruit_yarn_8,3.5624119197358306e-05,10,983,984,0,0,0,0
36,fruit_yarn_9,3.5624119197358306e-05,10,983,984,0,0,0,0
36,fruit_yarn_10,3.550238458982502e-05,3,983,984,0,1.9004670927247336e-10,0,0
36,fruit_yarn_11,3.550238458982502e-05,3,983,984,0,1.9004670927247336e-10,0,0
36,ground,3.550238458982502e-05,3,983,984,0,1.9004670927247336e-10,0,0
36,local,3.550238458982502e-05,3,983,984,0,0,0,0
36,fruit_pair,3.5516507293095745e-05,3,983,984,0,0,0,0
36,fruit_yarn_0,3.5516507293095745e-05,3,983,984,0,0,0,0
36,fruit_yarn_1,3.5516507293095745e-05,3,983,984,0,0,0,0
36,fruit_yarn_2,3.5516507293095745e-05,3,983,984,0,0,0,0
36,fruit_yarn_3,3.5370216851710046e-05,10,983,984,0,0,0,0
36,fruit_yarn_4,3.5370216851710046e-05,10,983,984,0,0,0,0
36,fruit_yarn_5,3.5370216851710046e-05,10,983,984,0,0,0,0
36,fruit_yarn_6,3.5370216851710046e-05,10,983,984,0,0,0,0
36,fruit_yarn_7,3.5370216851710046e-05,10,983,984,0,0,0,0
36,fruit_yarn_8,3.5370216851710046e-05,10,983,984,0,0,0,0
36,fruit_yarn_9,3.5370216851710046e-05,10,983,984,0,0,0,0
36,fruit_yarn_10,3.5249101041606723e-05,3,983,984,0,1.8863201972640908e-10,0,0
36,fruit_yarn_11,3.5249101041606723e-05,3,983,984,0,1.8863201972640908e-10,0,0
36,ground,3.5249101041606723e-05,3,983,984,0,1.8863201972640908e-10,0,0
37,primitive,3.5249101041606723e-05,3,983,984,0,1.8863201972640908e-10,0,0
37,strain,3.5249101041606723e-05,3,983,984,0,1.8863201972640908e-10,0,0
37,local,3.5249101041606723e-05,3,983,984,0,0,0,0
37,fruit_pair,3.5263122947007397e-05,3,983,984,0,0,0,0
37,fruit_yarn_0,3.5263122947007397e-05,3,983,984,0,0,0,0
37,fruit_yarn_1,3.5263122947007397e-05,3,983,984,0,0,0,0
37,fruit_yarn_2,3.5263122947007397e-05,3,983,984,0,0,0,0
37,fruit_yarn_3,3.5117628418679381e-05,10,983,984,0,0,0,0
37,fruit_yarn_4,3.5117628418679381e-05,10,983,984,0,0,0,0
37,fruit_yarn_5,3.5117628418679381e-05,10,983,984,0,0,0,0
37,fruit_yarn_6,3.5117628418679381e-05,10,983,984,0,0,0,0
37,fruit_yarn_7,3.5117628418679381e-05,10,983,984,0,0,0,0
37,fruit_yarn_8,3.5117628418679381e-05,10,983,984,0,0,0,0
37,fruit_yarn_9,3.5117628418679381e-05,10,983,984,0,0,0,0
37,fruit_yarn_10,3.4997131730329922e-05,3,983,984,0,1.872255336876627e-10,0,0
37,fruit_yarn_11,3.4997131730329922e-05,3,983,984,0,1.872255336876627e-10,0,0
37,ground,3.4997131730329922e-05,3,983,984,0,1.872255336876627e-10,0,0
37,local,3.4997131730329922e-05,3,983,984,0,8.6736173798840355e-18,0,0
37,fruit_pair,3.501105336159438e-05,3,983,984,0,8.6736173798840355e-18,0,0
37,fruit_yarn_0,3.501105336159438e-05,3,983,984,0,8.6736173798840355e-18,0,0
37,fruit_yarn_1,3.501105336159438e-05,3,983,984,0,8.6736173798840355e-18,0,0
37,fruit_yarn_2,3.501105336159438e-05,3,983,984,0,8.6736173798840355e-18,0,0
37,fruit_yarn_3,3.4866354127111032e-05,10,983,984,0,8.6736173798840355e-18,0,0
37,fruit_yarn_4,3.4866354127111032e-05,10,983,984,0,8.6736173798840355e-18,0,0
37,fruit_yarn_5,3.4866354127111032e-05,10,983,984,0,8.6736173798840355e-18,0,0
37,fruit_yarn_6,3.4866354127111032e-05,10,983,984,0,8.6736173798840355e-18,0,0
37,fruit_yarn_7,3.4866354127111032e-05,10,983,984,0,8.6736173798840355e-18,0,0
37,fruit_yarn_8,3.4866354127111032e-05,10,983,984,0,8.6736173798840355e-18,0,0
37,fruit_yarn_9,3.4866354127111032e-05,10,983,984,0,8.6736173798840355e-18,0,0
37,fruit_yarn_10,3.474647682981391e-05,3,983,984,0,1.858273101368324e-10,0,0
37,fruit_yarn_11,3.474647682981391e-05,3,983,984,0,1.858273101368324e-10,0,0
37,ground,3.474647682981391e-05,3,983,984,0,1.858273101368324e-10,0,0
38,primitive,3.474647682981391e-05,3,983,984,0,1.858273101368324e-10,0,0
38,strain,3.474647682981391e-05,3,983,984,0,1.858273101368324e-10,0,0
38,local,3.474647682981391e-05,3,983,984,0,1.3877787807814457e-17,0,0
38,fruit_pair,3.4760298710856397e-05,3,983,984,0,1.3877787807814457e-17,0,0
38,fruit_yarn_0,3.4760298710856397e-05,3,983,984,0,1.3877787807814457e-17,0,0
38,fruit_yarn_1,3.4760298710856397e-05,3,983,984,0,1.3877787807814457e-17,0,0
38,fruit_yarn_2,3.4760298710856397e-05,3,983,984,0,1.3877787807814457e-17,0,0
38,fruit_yarn_3,3.4616394096215197e-05,10,983,984,0,1.3877787807814457e-17,0,0
38,fruit_yarn_4,3.4616394096215197e-05,10,983,984,0,1.3877787807814457e-17,0,0
38,fruit_yarn_5,3.4616394096215197e-05,10,983,984,0,1.3877787807814457e-17,0,0
38,fruit_yarn_6,3.4616394096215197e-05,10,983,984,0,1.3877787807814457e-17,0,0
38,fruit_yarn_7,3.4616394096215197e-05,10,983,984,0,1.3877787807814457e-17,0,0
38,fruit_yarn_8,3.4616394096215197e-05,10,983,984,0,1.3877787807814457e-17,0,0
38,fruit_yarn_9,3.4616394096215197e-05,10,983,984,0,1.3877787807814457e-17,0,0
38,fruit_yarn_10,3.4497136404798567e-05,3,983,984,0,1.84437253664127e-10,0,0
38,fruit_yarn_11,3.4497136404798567e-05,3,983,984,0,1.84437253664127e-10,0,0
38,ground,3.4497136404798567e-05,3,983,984,0,1.84437253664127e-10,0,0
38,local,3.4497136404798567e-05,3,983,984,0,0,0,0
38,fruit_pair,3.4510859059505572e-05,3,983,984,0,0,0,0
38,fruit_yarn_0,3.4510859059505572e-05,3,983,984,0,0,0,0
38,fruit_yarn_1,3.4510859059505572e-05,3,983,984,0,0,0,0
38,fruit_yarn_2,3.4510859059505572e-05,3,983,984,0,0,0,0
38,fruit_yarn_3,3.4367748336552872e-05,10,983,984,0,0,0,0
38,fruit_yarn_4,3.4367748336552872e-05,10,983,984,0,0,0,0
38,fruit_yarn_5,3.4367748336552872e-05,10,983,984,0,0,0,0
38,fruit_yarn_6,3.4367748336552872e-05,10,983,984,0,0,0,0
38,fruit_yarn_7,3.4367748336552872e-05,10,983,984,0,0,0,0
38,fruit_yarn_8,3.4367748336552872e-05,10,983,984,0,0,0,0
38,fruit_yarn_9,3.4367748336552872e-05,10,983,984,0,0,0,0
38,fruit_yarn_10,3.4249110411874173e-05,3,983,984,0,1.8305534345286478e-10,0,0
38,fruit_yarn_11,3.4249110411874173e-05,3,983,984,0,1.8305534345286478e-10,0,0
38,ground,3.4249110411874173e-05,3,983,984,0,1.8305534345286478e-10,0,0
39,primitive,3.4249110411874173e-05,3,983,984,0,1.8305534345286478e-10,0,0
39,strain,3.4249110411874173e-05,3,983,984,0,1.8305534345286478e-10,0,0
39,local,3.4249110411874173e-05,3,983,984,0,0,0,0
39,fruit_pair,3.426273436422933e-05,3,983,984,0,0,0,0
39,fruit_yarn_0,3.426273436422933e-05,3,983,984,0,0,0,0
39,fruit_yarn_1,3.426273436422933e-05,3,983,984,0,0,0,0
39,fruit_yarn_2,3.426273436422933e-05,3,983,984,0,0,0,0
39,fruit_yarn_3,3.4120416751354243e-05,10,983,984,0,0,0,0
39,fruit_yarn_4,3.4120416751354243e-05,10,983,984,0,0,0,0
39,fruit_yarn_5,3.4120416751354243e-05,10,983,984,0,0,0,0
39,fruit_yarn_6,3.4120416751354243e-05,10,983,984,0,0,0,0
39,fruit_yarn_7,3.4120416751354243e-05,10,983,984,0,0,0,0
39,fruit_yarn_8,3.4120416751354243e-05,10,983,984,0,0,0,0
39,fruit_yarn_9,3.4120416751354243e-05,10,983,984,0,0,0,0
39,fruit_yarn_10,3.4002398700924696e-05,3,983,984,0,1.8168164368781436e-10,0,0
39,fruit_yarn_11,3.4002398700924696e-05,3,983,984,0,1.8168164368781436e-10,0,0
39,ground,3.4002398700924696e-05,3,983,984,0,1.8168164368781436e-10,0,0
39,local,3.4002398700924696e-05,3,983,984,0,0,0,0
39,fruit_pair,3.401592447453694e-05,3,983,984,0,0,0,0
39,fruit_yarn_0,3.401592447453694e-05,3,983,984,0,0,0,0
39,fruit_yarn_1,3.401592447453694e-05,3,983,984,0,0,0,0
39,fruit_yarn_2,3.401592447453694e-05,3,983,984,0,0,0,0
39,fruit_yarn_3,3.3874399137157063e-05,10,983,984,0,0,0,0
39,fruit_yarn_4,3.3874399137157063e-05,10,983,984,0,0,0,0
39,fruit_yarn_5,3.3874399137157063e-05,10,983,984,0,0,0,0
39,fruit_yarn_6,3.3874399137157063e-05,10,983,984,0,0,0,0
39,fruit_yarn_7,3.3874399137157063e-05,10,983,984,0,0,0,0
39,fruit_yarn_8,3.3874399137157063e-05,10,983,984,0,0,0,0
39,fruit_yarn_9,3.3874399137157063e-05,10,983,984,0,0,0,0
39,fruit_yarn_10,3.3757001015585764e-05,3,983,984,0,1.8031614049118794e-10,0,0
39,fruit_yarn_11,3.3757001015585764e-05,3,983,984,0,1.8031614049118794e-10,0,0
39,ground,3.3757001015585764e-05,3,983,984,0,1.8031614049118794e-10,0,0
40,primitive,3.3757001015585764e-05,3,983,984,0,1.8031614049118794e-10,0,0
40,strain,3.3757001015585764e-05,3,983,984,0,1.8031614049118794e-10,0,0
40,local,3.3757001015585764e-05,3,983,984,0,0,0,0
40,fruit_pair,3.3770429134175051e-05,3,983,984,0,0,0,0
40,fruit_yarn_0,3.3770429134175051e-05,3,983,984,0,0,0,0
40,fruit_yarn_1,3.3770429134175051e-05,3,983,984,0,0,0,0
40,fruit_yarn_2,3.3770429134175051e-05,3,983,984,0,0,0,0
40,fruit_yarn_3,3.3629695185360964e-05,10,983,984,0,0,0,0
40,fruit_yarn_4,3.3629695185360964e-05,10,983,984,0,0,0,0
40,fruit_yarn_5,3.3629695185360964e-05,10,983,984,0,0,0,0
40,fruit_yarn_6,3.3629695185360964e-05,10,983,984,0,0,0,0
40,fruit_yarn_7,3.3629695185360964e-05,10,983,984,0,0,0,0
40,fruit_yarn_8,3.3629695185360964e-05,10,983,984,0,0,0,0
40,fruit_yarn_9,3.3629695185360964e-05,10,983,984,0,0,0,0
40,fruit_yarn_10,3.3512916994937747e-05,3,983,984,0,1.7895872110595956e-10,0,0
40,fruit_yarn_11,3.3512916994937747e-05,3,983,984,0,1.7895872110595956e-10,0,0
40,ground,3.3512916994937747e-05,3,983,984,0,1.7895872110595956e-10,0,0
40,local,3.3512916994937747e-05,3,983,984,0,2.7755575615628914e-17,0,0
40,fruit_pair,3.3526247982015867e-05,3,983,984,0,2.7755575615628914e-17,0,0
40,fruit_yarn_0,3.3526247982015867e-05,3,983,984,0,2.7755575615628914e-17,0,0
40,fruit_yarn_1,3.3526247982015867e-05,3,983,984,0,2.7755575615628914e-17,0,0
40,fruit_yarn_2,3.3526247982015867e-05,3,983,984,0,2.7755575615628914e-17,0,0
40,fruit_yarn_3,3.3386304483212781e-05,10,983,984,0,2.7755575615628914e-17,0,0
40,fruit_yarn_4,3.3386304483212781e-05,10,983,984,0,2.7755575615628914e-17,0,0
40,fruit_yarn_5,3.3386304483212781e-05,10,983,984,0,2.7755575615628914e-17,0,0
40,fruit_yarn_6,3.3386304483212781e-05,10,983,984,0,2.7755575615628914e-17,0,0
40,fruit_yarn_7,3.3386304483212781e-05,10,983,984,0,2.7755575615628914e-17,0,0
40,fruit_yarn_8,3.3386304483212781e-05,10,983,984,0,2.7755575615628914e-17,0,0
40,fruit_yarn_9,3.3386304483212781e-05,10,983,984,0,2.7755575615628914e-17,0,0
40,fruit_yarn_10,3.3270146174449455e-05,3,983,984,0,1.7760956247392379e-10,0,0
40,fruit_yarn_11,3.3270146174449455e-05,3,983,984,0,1.7760956247392379e-10,0,0
40,ground,3.3270146174449455e-05,3,983,984,0,1.7760956247392379e-10,0,0
41,primitive,3.3270146174449455e-05,3,983,984,0,1.7760956247392379e-10,0,0
41,strain,3.3270146174449455e-05,3,983,984,0,1.7760956247392379e-10,0,0
41,local,3.3270146174449455e-05,3,983,984,0,0,0,0
41,fruit_pair,3.3283380553333908e-05,3,983,984,0,0,0,0
41,fruit_yarn_0,3.3283380553333908e-05,3,983,984,0,0,0,0
41,fruit_yarn_1,3.3283380553333908e-05,3,983,984,0,0,0,0
41,fruit_yarn_2,3.3283380553333908e-05,3,983,984,0,0,0,0
41,fruit_yarn_3,3.3144226514930653e-05,10,983,984,0,0,0,0
41,fruit_yarn_4,3.3144226514930653e-05,10,983,984,0,0,0,0
41,fruit_yarn_5,3.3144226514930653e-05,10,983,984,0,0,0,0
41,fruit_yarn_6,3.3144226514930653e-05,10,983,984,0,0,0,0
41,fruit_yarn_7,3.3144226514930653e-05,10,983,984,0,0,0,0
41,fruit_yarn_8,3.3144226514930653e-05,10,983,984,0,0,0,0
41,fruit_yarn_9,3.3144226514930653e-05,10,983,984,0,0,0,0
41,fruit_yarn_10,3.3028687987171623e-05,3,983,984,0,1.7626831244621499e-10,0,0
41,fruit_yarn_11,3.3028687987171623e-05,3,983,984,0,1.7626831244621499e-10,0,0
41,ground,3.3028687987171623e-05,3,983,984,0,1.7626831244621499e-10,0,0
41,local,3.3028687987171623e-05,3,983,984,0,3.9898639947466563e-17,0,0
41,fruit_pair,3.3041826280943987e-05,3,983,984,0,3.9898639947466563e-17,0,0
41,fruit_yarn_0,3.3041826280943987e-05,3,983,984,0,3.9898639947466563e-17,0,0
41,fruit_yarn_1,3.3041826280943987e-05,3,983,984,0,3.9898639947466563e-17,0,0
41,fruit_yarn_2,3.3041826280943987e-05,3,983,984,0,3.9898639947466563e-17,0,0
41,fruit_yarn_3,3.2903460662814243e-05,10,983,984,0,3.9898639947466563e-17,0,0
41,fruit_yarn_4,3.2903460662814243e-05,10,983,984,0,3.9898639947466563e-17,0,0
41,fruit_yarn_5,3.2903460662814243e-05,10,983,984,0,3.9898639947466563e-17,0,0
41,fruit_yarn_6,3.2903460662814243e-05,10,983,984,0,3.9898639947466563e-17,0,0
41,fruit_yarn_7,3.2903460662814243e-05,10,983,984,0,3.9898639947466563e-17,0,0
41,fruit_yarn_8,3.2903460662814243e-05,10,983,984,0,3.9898639947466563e-17,0,0
41,fruit_yarn_9,3.2903460662814243e-05,10,983,984,0,3.9898639947466563e-17,0,0
41,fruit_yarn_10,3.2788541764791623e-05,3,983,984,0,1.7493536827450917e-10,0,0
41,fruit_yarn_11,3.2788541764791623e-05,3,983,984,0,1.7493536827450917e-10,0,0
41,ground,3.2788541764791623e-05,3,983,984,0,1.7493536827450917e-10,0,0
42,primitive,3.2788541764791623e-05,3,983,984,0,1.7493536827450917e-10,0,0
42,strain,3.2788541764791623e-05,3,983,984,0,1.7493536827450917e-10,0,0
42,local,3.2788541764791623e-05,3,983,984,0,3.6429192995512949e-17,0,0
42,fruit_pair,3.2801584496186531e-05,3,983,984,0,3.6429192995512949e-17,0,0
42,fruit_yarn_0,3.2801584496186531e-05,3,983,984,0,3.6429192995512949e-17,0,0
42,fruit_yarn_1,3.2801584496186531e-05,3,983,984,0,3.6429192995512949e-17,0,0
42,fruit_yarn_2,3.2801584496186531e-05,3,983,984,0,3.6429192995512949e-17,0,0
42,fruit_yarn_3,3.2664006208410479e-05,10,983,984,0,3.6429192995512949e-17,0,0
42,fruit_yarn_4,3.2664006208410479e-05,10,983,984,0,3.6429192995512949e-17,0,0
42,fruit_yarn_5,3.2664006208410479e-05,10,983,984,0,3.6429192995512949e-17,0,0
42,fruit_yarn_6,3.2664006208410479e-05,10,983,984,0,3.6429192995512949e-17,0,0
42,fruit_yarn_7,3.2664006208410479e-05,10,983,984,0,3.6429192995512949e-17,0,0
42,fruit_yarn_8,3.2664006208410479e-05,10,983,984,0,3.6429192995512949e-17,0,0
42,fruit_yarn_9,3.2664006208410479e-05,10,983,984,0,3.6429192995512949e-17,0,0
42,fruit_yarn_10,3.2549706738743689e-05,3,983,984,0,1.7361034138074771e-10,0,0
42,fruit_yarn_11,3.2549706738743689e-05,3,983,984,0,1.7361034138074771e-10,0,0
42,ground,3.2549706738743689e-05,3,983,984,0,1.7361034138074771e-10,0,0
42,local,3.2549706738743689e-05,3,983,984,0,0,0,0
42,fruit_pair,3.2562654430287608e-05,3,983,984,0,0,0,0
42,fruit_yarn_0,3.2562654430287608e-05,3,983,984,0,0,0,0
42,fruit_yarn_1,3.2562654430287608e-05,3,983,984,0,0,0,0
42,fruit_yarn_2,3.2562654430287608e-05,3,983,984,0,0,0,0
42,fruit_yarn_3,3.2425862333776423e-05,10,983,984,0,0,0,0
42,fruit_yarn_4,3.2425862333776423e-05,10,983,984,0,0,0,0
42,fruit_yarn_5,3.2425862333776423e-05,10,983,984,0,0,0,0
42,fruit_yarn_6,3.2425862333776423e-05,10,983,984,0,0,0,0
42,fruit_yarn_7,3.2425862333776423e-05,10,983,984,0,0,0,0
42,fruit_yarn_8,3.2425862333776423e-05,10,983,984,0,0,0,0
42,fruit_yarn_9,3.2425862333776423e-05,10,983,984,0,0,0,0
42,fruit_yarn_10,3.2312182041638327e-05,3,983,984,0,1.7229330982748703e-10,0,0
42,fruit_yarn_11,3.2312182041638327e-05,3,983,984,0,1.7229330982748703e-10,0,0
42,ground,3.2312182041638327e-05,3,983,984,0,1.7229330982748703e-10,0,0
43,primitive,3.2312182041638327e-05,3,983,984,0,1.7229330982748703e-10,0,0
43,strain,3.2312182041638327e-05,3,983,984,0,1.7229330982748703e-10,0,0
43,local,3.2312182041638327e-05,3,983,984,0,3.4694469519536142e-18,0,0
43,fruit_pair,3.2325035215288733e-05,3,983,984,0,3.4694469519536142e-18,0,0
43,fruit_yarn_0,3.2325035215288733e-05,3,983,984,0,3.4694469519536142e-18,0,0
43,fruit_yarn_1,3.2325035215288733e-05,3,983,984,0,3.4694469519536142e-18,0,0
43,fruit_yarn_2,3.2325035215288733e-05,3,983,984,0,3.4694469519536142e-18,0,0
43,fruit_yarn_3,3.2189028122367458e-05,10,983,984,0,3.4694469519536142e-18,0,0
43,fruit_yarn_4,3.2189028122367458e-05,10,983,984,0,3.4694469519536142e-18,0,0
43,fruit_yarn_5,3.2189028122367458e-05,10,983,984,0,3.4694469519536142e-18,0,0
43,fruit_yarn_6,3.2189028122367458e-05,10,983,984,0,3.4694469519536142e-18,0,0
43,fruit_yarn_7,3.2189028122367458e-05,10,983,984,0,3.4694469519536142e-18,0,0
43,fruit_yarn_8,3.2189028122367458e-05,10,983,984,0,3.4694469519536142e-18,0,0
43,fruit_yarn_9,3.2189028122367458e-05,10,983,984,0,3.4694469519536142e-18,0,0
43,fruit_yarn_10,3.2075966707928449e-05,3,983,984,0,1.7098443667873386e-10,0,0
43,fruit_yarn_11,3.2075966707928449e-05,3,983,984,0,1.7098443667873386e-10,0,0
43,ground,3.2075966707928449e-05,3,983,984,0,1.7098443667873386e-10,0,0
43,local,3.2075966707928449e-05,3,983,984,0,2.0816681711721685e-17,0,0
43,fruit_pair,3.2088725885545677e-05,3,983,984,0,2.0816681711721685e-17,0,0
43,fruit_yarn_0,3.2088725885545677e-05,3,983,984,0,2.0816681711721685e-17,0,0
43,fruit_yarn_1,3.2088725885545677e-05,3,983,984,0,2.0816681711721685e-17,0,0
43,fruit_yarn_2,3.2088725885545677e-05,3,983,984,0,2.0816681711721685e-17,0,0
43,fruit_yarn_3,3.1953502560702618e-05,10,983,984,0,2.0816681711721685e-17,0,0
43,fruit_yarn_4,3.1953502560702618e-05,10,983,984,0,2.0816681711721685e-17,0,0
43,fruit_yarn_5,3.1953502560702618e-05,10,983,984,0,2.0816681711721685e-17,0,0
43,fruit_yarn_6,3.1953502560702618e-05,10,983,984,0,2.0816681711721685e-17,0,0
43,fruit_yarn_7,3.1953502560702618e-05,10,983,984,0,2.0816681711721685e-17,0,0
43,fruit_yarn_8,3.1953502560702618e-05,10,983,984,0,2.0816681711721685e-17,0,0
43,fruit_yarn_9,3.1953502560702618e-05,10,983,984,0,2.0816681711721685e-17,0,0
43,fruit_yarn_10,3.1841059675824512e-05,3,983,984,0,1.6968361091218576e-10,0,0
43,fruit_yarn_11,3.1841059675824512e-05,3,983,984,0,1.6968361091218576e-10,0,0
43,ground,3.1841059675824512e-05,3,983,984,0,1.6968361091218576e-10,0,0
44,primitive,3.1841059675824512e-05,3,983,984,0,1.6968361091218576e-10,0,0
44,strain,3.1841059675824512e-05,3,983,984,0,1.6968361091218576e-10,0,0
44,local,3.1841059675824512e-05,3,983,984,0,0,0,0
44,fruit_pair,3.1853725378630515e-05,3,983,984,0,0,0,0
44,fruit_yarn_0,3.1853725378630515e-05,3,983,984,0,0,0,0
44,fruit_yarn_1,3.1853725378630515e-05,3,983,984,0,0,0,0
44,fruit_yarn_2,3.1853725378630515e-05,3,983,984,0,0,0,0
44,fruit_yarn_3,3.1719284538975212e-05,10,983,984,0,0,0,0
44,fruit_yarn_4,3.1719284538975212e-05,10,983,984,0,0,0,0
44,fruit_yarn_5,3.1719284538975212e-05,10,983,984,0,0,0,0
44,fruit_yarn_6,3.1719284538975212e-05,10,983,984,0,0,0,0
44,fruit_yarn_7,3.1719284538975212e-05,10,983,984,0,0,0,0
44,fruit_yarn_8,3.1719284538975212e-05,10,983,984,0,0,0,0
44,fruit_yarn_9,3.1719284538975212e-05,10,983,984,0,0,0,0
44,fruit_yarn_10,3.1607459787752479e-05,3,983,984,0,1.6839065558604815e-10,0,0
44,fruit_yarn_11,3.1607459787752479e-05,3,983,984,0,1.6839065558604815e-10,0,0
44,ground,3.1607459787752479e-05,3,983,984,0,1.6839065558604815e-10,0,0
44,local,3.1607459787752479e-05,3,983,984,0,1.3877787807814457e-17,0,0
44,fruit_pair,3.1620032536455733e-05,3,983,984,0,1.3877787807814457e-17,0,0
44,fruit_yarn_0,3.1620032536455733e-05,3,983,984,0,1.3877787807814457e-17,0,0
44,fruit_yarn_1,3.1620032536455733e-05,3,983,984,0,1.3877787807814457e-17,0,0
44,fruit_yarn_2,3.1620032536455733e-05,3,983,984,0,1.3877787807814457e-17,0,0
44,fruit_yarn_3,3.1486372852579381e-05,10,983,984,0,1.3877787807814457e-17,0,0
44,fruit_yarn_4,3.1486372852579381e-05,10,983,984,0,1.3877787807814457e-17,0,0
44,fruit_yarn_5,3.1486372852579381e-05,10,983,984,0,1.3877787807814457e-17,0,0
44,fruit_yarn_6,3.1486372852579381e-05,10,983,984,0,1.3877787807814457e-17,0,0
44,fruit_yarn_7,3.1486372852579381e-05,10,983,984,0,1.3877787807814457e-17,0,0
44,fruit_yarn_8,3.1486372852579381e-05,10,983,984,0,1.3877787807814457e-17,0,0
44,fruit_yarn_9,3.1486372852579381e-05,10,983,984,0,1.3877787807814457e-17,0,0
44,fruit_yarn_10,3.1375165791852622e-05,3,983,984,0,1.6710572856015737e-10,0,0
44,fruit_yarn_11,3.1375165791852622e-05,3,983,984,0,1.6710572856015737e-10,0,0
44,ground,3.1375165791852622e-05,3,983,984,0,1.6710572856015737e-10,0,0
45,primitive,3.1375165791852622e-05,3,983,984,0,1.6710572856015737e-10,0,0
45,strain,3.1375165791852622e-05,3,983,984,0,1.6710572856015737e-10,0,0
45,local,3.1375165791852622e-05,3,983,984,0,3.1225022567582528e-17,0,0
45,fruit_pair,3.1387646106814659e-05,3,983,984,0,3.1225022567582528e-17,0,0
45,fruit_yarn_0,3.1387646106814659e-05,3,983,984,0,3.1225022567582528e-17,0,0
45,fruit_yarn_1,3.1387646106814659e-05,3,983,984,0,3.1225022567582528e-17,0,0
45,fruit_yarn_2,3.1387646106814659e-05,3,983,984,0,3.1225022567582528e-17,0,0
45,fruit_yarn_3,3.1254766203164808e-05,10,983,984,0,3.1225022567582528e-17,0,0
45,fruit_yarn_4,3.1254766203164808e-05,10,983,984,0,3.1225022567582528e-17,0,0
45,fruit_yarn_5,3.1254766203164808e-05,10,983,984,0,3.1225022567582528e-17,0,0
45,fruit_yarn_6,3.1254766203164808e-05,10,983,984,0,3.1225022567582528e-17,0,0
45,fruit_yarn_7,3.1254766203164808e-05,10,983,984,0,3.1225022567582528e-17,0,0
45,fruit_yarn_8,3.1254766203164808e-05,10,983,984,0,3.1225022567582528e-17,0,0
45,fruit_yarn_9,3.1254766203164808e-05,10,983,984,0,3.1225022567582528e-17,0,0
45,fruit_yarn_10,3.1144176343284036e-05,3,983,984,0,1.6582878646642651e-10,0,0
45,fruit_yarn_11,3.1144176343284036e-05,3,983,984,0,1.6582878646642651e-10,0,0
45,ground,3.1144176343284036e-05,3,983,984,0,1.6582878646642651e-10,0,0
45,local,3.1144176343284036e-05,3,983,984,0,8.6736173798840355e-18,0,0
45,fruit_pair,3.1156564744186377e-05,3,983,984,0,8.6736173798840355e-18,0,0
45,fruit_yarn_0,3.1156564744186377e-05,3,983,984,0,8.6736173798840355e-18,0,0
45,fruit_yarn_1,3.1156564744186377e-05,3,983,984,0,8.6736173798840355e-18,0,0
45,fruit_yarn_2,3.1156564744186377e-05,3,983,984,0,8.6736173798840355e-18,0,0
45,fruit_yarn_3,3.1024463199996744e-05,10,983,984,0,8.6736173798840355e-18,0,0
45,fruit_yarn_4,3.1024463199996744e-05,10,983,984,0,8.6736173798840355e-18,0,0
45,fruit_yarn_5,3.1024463199996744e-05,10,983,984,0,8.6736173798840355e-18,0,0
45,fruit_yarn_6,3.1024463199996744e-05,10,983,984,0,8.6736173798840355e-18,0,0
45,fruit_yarn_7,3.1024463199996744e-05,10,983,984,0,8.6736173798840355e-18,0,0
45,fruit_yarn_8,3.1024463199996744e-05,10,983,984,0,8.6736173798840355e-18,0,0
45,fruit_yarn_9,3.1024463199996744e-05,10,983,984,0,8.6736173798840355e-18,0,0
45,fruit_yarn_10,3.091449000508506e-05,3,983,984,0,1.6455972869089397e-10,0,0
45,fruit_yarn_11,3.091449000508506e-05,3,983,984,0,1.6455972869089397e-10,0,0
45,ground,3.091449000508506e-05,3,983,984,0,1.6455972869089397e-10,0,0
46,primitive,3.091449000508506e-05,3,983,984,0,1.6455972869089397e-10,0,0
46,strain,3.091449000508506e-05,3,983,984,0,1.6455972869089397e-10,0,0
46,local,3.091449000508506e-05,3,983,984,0,0,0,0
46,fruit_pair,3.0926787011067991e-05,3,983,984,0,0,0,0
46,fruit_yarn_0,3.0926787011067991e-05,3,983,984,0,0,0,0
46,fruit_yarn_1,3.0926787011067991e-05,3,983,984,0,0,0,0
46,fruit_yarn_2,3.0926787011067991e-05,3,983,984,0,0,0,0
46,fruit_yarn_3,3.0795462360871939e-05,10,983,984,0,0,0,0
46,fruit_yarn_4,3.0795462360871939e-05,10,983,984,0,0,0,0
46,fruit_yarn_5,3.0795462360871939e-05,10,983,984,0,0,0,0
46,fruit_yarn_6,3.0795462360871939e-05,10,983,984,0,0,0,0
46,fruit_yarn_7,3.0795462360871939e-05,10,983,984,0,0,0,0
46,fruit_yarn_8,3.0795462360871939e-05,10,983,984,0,0,0,0
46,fruit_yarn_9,3.0795462360871939e-05,10,983,984,0,0,0,0
46,fruit_yarn_10,3.0686105249783102e-05,3,983,984,0,1.6329855870300669e-10,0,0
46,fruit_yarn_11,3.0686105249783102e-05,3,983,984,0,1.6329855870300669e-10,0,0
46,ground,3.0686105249783102e-05,3,983,984,0,1.6329855870300669e-10,0,0
46,local,3.0686105249783102e-05,3,983,984,0,0,0,0
46,fruit_pair,3.0698311379376286e-05,3,983,984,0,0,0,0
46,fruit_yarn_0,3.0698311379376286e-05,3,983,984,0,0,0,0
46,fruit_yarn_1,3.0698311379376286e-05,3,983,984,0,0,0,0
46,fruit_yarn_2,3.0698311379376286e-05,3,983,984,0,0,0,0
46,fruit_yarn_3,3.0567762113548058e-05,10,983,984,0,0,0,0
46,fruit_yarn_4,3.0567762113548058e-05,10,983,984,0,0,0,0
46,fruit_yarn_5,3.0567762113548058e-05,10,983,984,0,0,0,0
46,fruit_yarn_6,3.0567762113548058e-05,10,983,984,0,0,0,0
46,fruit_yarn_7,3.0567762113548058e-05,10,983,984,0,0,0,0
46,fruit_yarn_8,3.0567762113548058e-05,10,983,984,0,0,0,0
46,fruit_yarn_9,3.0567762113548058e-05,10,983,984,0,0,0,0
46,fruit_yarn_10,3.0459020460227304e-05,3,983,984,0,1.6204526956387078e-10,0,0
46,fruit_yarn_11,3.0459020460227304e-05,3,983,984,0,1.6204526956387078e-10,0,0
46,ground,3.0459020460227304e-05,3,983,984,0,1.6204526956387078e-10,0,0
47,primitive,3.0459020460227304e-05,3,983,984,0,1.6204526956387078e-10,0,0
47,strain,3.0459020460227304e-05,3,983,984,0,1.6204526956387078e-10,0,0
47,local,3.0459020460227304e-05,3,983,984,0,0,0,0
47,fruit_pair,3.0471136231322027e-05,3,983,984,0,0,0,0
47,fruit_yarn_0,3.0471136231322027e-05,3,983,984,0,0,0,0
47,fruit_yarn_1,3.0471136231322027e-05,3,983,984,0,0,0,0
47,fruit_yarn_2,3.0471136231322027e-05,3,983,984,0,0,0,0
47,fruit_yarn_3,3.0341360796867778e-05,10,983,984,0,0,0,0
47,fruit_yarn_4,3.0341360796867778e-05,10,983,984,0,0,0,0
47,fruit_yarn_5,3.0341360796867778e-05,10,983,984,0,0,0,0
47,fruit_yarn_6,3.0341360796867778e-05,10,983,984,0,0,0,0
47,fruit_yarn_7,3.0341360796867778e-05,10,983,984,0,0,0,0
47,fruit_yarn_8,3.0341360796867778e-05,10,983,984,0,0,0,0
47,fruit_yarn_9,3.0341360796867778e-05,10,983,984,0,0,0,0
47,fruit_yarn_10,3.0233233930962444e-05,3,983,984,0,1.6079987688599751e-10,0,0
47,fruit_yarn_11,3.0233233930962444e-05,3,983,984,0,1.6079987688599751e-10,0,0
47,ground,3.0233233930962444e-05,3,983,984,0,1.6079987688599751e-10,0,0
47,local,3.0233233930962444e-05,3,983,984,0,2.4286128663675299e-17,0,0
47,fruit_pair,3.024525986064508e-05,3,983,984,0,2.4286128663675299e-17,0,0
47,fruit_yarn_0,3.024525986064508e-05,3,983,984,0,2.4286128663675299e-17,0,0
47,fruit_yarn_1,3.024525986064508e-05,3,983,984,0,2.4286128663675299e-17,0,0
47,fruit_yarn_2,3.024525986064508e-05,3,983,984,0,2.4286128663675299e-17,0,0
47,fruit_yarn_3,3.0116256661869012e-05,10,983,984,0,2.4286128663675299e-17,0,0
47,fruit_yarn_4,3.0116256661869012e-05,10,983,984,0,2.4286128663675299e-17,0,0
47,fruit_yarn_5,3.0116256661869012e-05,10,983,984,0,2.4286128663675299e-17,0,0
47,fruit_yarn_6,3.0116256661869012e-05,10,983,984,0,2.4286128663675299e-17,0,0
47,fruit_yarn_7,3.0116256661869012e-05,10,983,984,0,2.4286128663675299e-17,0,0
47,fruit_yarn_8,3.0116256661869012e-05,10,983,984,0,2.4286128663675299e-17,0,0
47,fruit_yarn_9,3.0116256661869012e-05,10,983,984,0,2.4286128663675299e-17,0,0
47,fruit_yarn_10,3.0008743869394672e-05,3,983,984,0,1.5956240148606859e-10,0,0
47,fruit_yarn_11,3.0008743869394672e-05,3,983,984,0,1.5956240148606859e-10,0,0
47,ground,3.0008743869394672e-05,3,983,984,0,1.5956240148606859e-10,0,0
48,primitive,3.0008743869394672e-05,3,983,984,0,1.5956240148606859e-10,0,0
48,strain,3.0008743869394672e-05,3,983,984,0,1.5956240148606859e-10,0,0
48,local,3.0008743869394672e-05,3,983,984,0,0,0,0
48,fruit_pair,3.0020680474251993e-05,3,983,984,0,0,0,0
48,fruit_yarn_0,3.0020680474251993e-05,3,983,984,0,0,0,0
48,fruit_yarn_1,3.0020680474251993e-05,3,983,984,0,0,0,0
48,fruit_yarn_2,3.0020680474251993e-05,3,983,984,0,0,0,0
48,fruit_yarn_3,2.9892447873325345e-05,10,983,984,0,0,0,0
48,fruit_yarn_4,2.9892447873325345e-05,10,983,984,0,0,0,0
48,fruit_yarn_5,2.9892447873325345e-05,10,983,984,0,0,0,0
48,fruit_yarn_6,2.9892447873325345e-05,10,983,984,0,0,0,0
48,fruit_yarn_7,2.9892447873325345e-05,10,983,984,0,0,0,0
48,fruit_yarn_8,2.9892447873325345e-05,10,983,984,0,0,0,0
48,fruit_yarn_9,2.9892447873325345e-05,10,983,984,0,0,0,0
48,fruit_yarn_10,2.9785548397262551e-05,3,983,984,0,1.5833265080977821e-10,0,0
48,fruit_yarn_11,2.9785548397262551e-05,3,983,984,0,1.5833265080977821e-10,0,0
48,ground,2.9785548397262551e-05,3,983,984,0,1.5833265080977821e-10,0,0
48,local,2.9785548397262551e-05,3,983,984,0,0,0,0
48,fruit_pair,2.9797396192784986e-05,3,983,984,0,0,0,0
48,fruit_yarn_0,2.9797396192784986e-05,3,983,984,0,0,0,0
48,fruit_yarn_1,2.9797396192784986e-05,3,983,984,0,0,0,0
48,fruit_yarn_2,2.9797396192784986e-05,3,983,984,0,0,0,0
48,fruit_yarn_3,2.9669932510342778e-05,10,983,984,0,0,0,0
48,fruit_yarn_4,2.9669932510342778e-05,10,983,984,0,0,0,0
48,fruit_yarn_5,2.9669932510342778e-05,10,983,984,0,0,0,0
48,fruit_yarn_6,2.9669932510342778e-05,10,983,984,0,0,0,0
48,fruit_yarn_7,2.9669932510342778e-05,10,983,984,0,0,0,0
48,fruit_yarn_8,2.9669932510342778e-05,10,983,984,0,0,0,0
48,fruit_yarn_9,2.9669932510342778e-05,10,983,984,0,0,0,0
48,fruit_yarn_10,2.9563645551164419e-05,3,983,984,0,1.5711062485712635e-10,0,0
48,fruit_yarn_11,2.9563645551164419e-05,3,983,984,0,1.5711062485712635e-10,0,0
48,ground,2.9563645551164419e-05,3,983,984,0,1.5711062485712635e-10,0,0
49,primitive,2.9563645551164419e-05,3,983,984,0,1.5711062485712635e-10,0,0
49,strain,2.9563645551164419e-05,3,983,984,0,1.5711062485712635e-10,0,0
49,local,2.9563645551164419e-05,3,983,984,0,3.2959746043559335e-17,0,0
49,fruit_pair,2.9575405052370551e-05,3,983,984,0,3.2959746043559335e-17,0,0
49,fruit_yarn_0,2.9575405052370551e-05,3,983,984,0,3.2959746043559335e-17,0,0
49,fruit_yarn_1,2.9575405052370551e-05,3,983,984,0,3.2959746043559335e-17,0,0
49,fruit_yarn_2,2.9575405052370551e-05,3,983,984,0,3.2959746043559335e-17,0,0
49,fruit_yarn_3,2.9448708568330373e-05,10,983,984,0,3.2959746043559335e-17,0,0
49,fruit_yarn_4,2.9448708568330373e-05,10,983,984,0,3.2959746043559335e-17,0,0
49,fruit_yarn_5,2.9448708568330373e-05,10,983,984,0,3.2959746043559335e-17,0,0
49,fruit_yarn_6,2.9448708568330373e-05,10,983,984,0,3.2959746043559335e-17,0,0
49,fruit_yarn_7,2.9448708568330373e-05,10,983,984,0,3.2959746043559335e-17,0,0
49,fruit_yarn_8,2.9448708568330373e-05,10,983,984,0,3.2959746043559335e-17,0,0
49,fruit_yarn_9,2.9448708568330373e-05,10,983,984,0,3.2959746043559335e-17,0,0
49,fruit_yarn_10,2.9343033284459641e-05,3,983,984,0,1.5589658557135788e-10,0,0
49,fruit_yarn_11,2.9343033284459641e-05,3,983,984,0,1.5589658557135788e-10,0,0
49,ground,2.9343033284459641e-05,3,983,984,0,1.5589658557135788e-10,0,0
49,local,2.9343033284459641e-05,3,983,984,0,0,0,0
49,fruit_pair,2.9354705005299464e-05,3,983,984,0,0,0,0
49,fruit_yarn_0,2.9354705005299464e-05,3,983,984,0,0,0,0
49,fruit_yarn_1,2.9354705005299464e-05,3,983,984,0,0,0,0
49,fruit_yarn_2,2.9354705005299464e-05,3,983,984,0,0,0,0
49,fruit_yarn_3,2.922877395940271e-05,10,983,984,0,0,0,0
49,fruit_yarn_4,2.922877395940271e-05,10,983,984,0,0,0,0
49,fruit_yarn_5,2.922877395940271e-05,10,983,984,0,0,0,0
49,fruit_yarn_6,2.922877395940271e-05,10,983,984,0,0,0,0
49,fruit_yarn_7,2.922877395940271e-05,10,983,984,0,0,0,0
49,fruit_yarn_8,2.922877395940271e-05,10,983,984,0,0,0,0
49,fruit_yarn_9,2.922877395940271e-05,10,983,984,0,0,0,0
49,fruit_yarn_10,2.91237094682123e-05,3,983,984,0,1.546901148841151e-10,0,0
49,fruit_yarn_11,2.91237094682123e-05,3,983,984,0,1.546901148841151e-10,0,0
49,ground,2.91237094682123e-05,3,983,984,0,1.546901148841151e-10,0,0
50,primitive,2.91237094682123e-05,3,983,984,0,1.546901148841151e-10,0,0
50,strain,2.91237094682123e-05,3,983,984,0,1.546901148841151e-10,0,0
50,local,2.91237094682123e-05,3,983,984,0,1.7347234759768071e-17,0,0
50,fruit_pair,2.9135293922011307e-05,3,983,984,0,1.7347234759768071e-17,0,0
50,fruit_yarn_0,2.9135293922011307e-05,3,983,984,0,1.7347234759768071e-17,0,0
50,fruit_yarn_1,2.9135293922011307e-05,3,983,984,0,1.7347234759768071e-17,0,0
50,fruit_yarn_2,2.9135293922011307e-05,3,983,984,0,1.7347234759768071e-17,0,0
50,fruit_yarn_3,2.9010126514433798e-05,10,983,984,0,1.7347234759768071e-17,0,0
50,fruit_yarn_4,2.9010126514433798e-05,10,983,984,0,1.7347234759768071e-17,0,0
50,fruit_yarn_5,2.9010126514433798e-05,10,983,984,0,1.7347234759768071e-17,0,0
50,fruit_yarn_6,2.9010126514433798e-05,10,983,984,0,1.7347234759768071e-17,0,0
50,fruit_yarn_7,2.9010126514433798e-05,10,983,984,0,1.7347234759768071e-17,0,0
50,fruit_yarn_8,2.9010126514433798e-05,10,983,984,0,1.7347234759768071e-17,0,0
50,fruit_yarn_9,2.9010126514433798e-05,10,983,984,0,1.7347234759768071e-17,0,0
50,fruit_yarn_10,2.8905671892440199e-05,3,983,984,0,1.5349148514698374e-10,0,0
50,fruit_yarn_11,2.8905671892440199e-05,3,983,984,0,1.5349148514698374e-10,0,0
50,ground,2.8905671892440199e-05,3,983,984,0,1.5349148514698374e-10,0,0
50,local,2.8905671892440199e-05,3,983,984,0,2.6020852139652106e-17,0,0
50,fruit_pair,2.8917169591469172e-05,3,983,984,0,2.6020852139652106e-17,0,0
50,fruit_yarn_0,2.8917169591469172e-05,3,983,984,0,2.6020852139652106e-17,0,0
50,fruit_yarn_1,2.8917169591469172e-05,3,983,984,0,2.6020852139652106e-17,0,0
50,fruit_yarn_2,2.8917169591469172e-05,3,983,984,0,2.6020852139652106e-17,0,0
50,fruit_yarn_3,2.8792763983570557e-05,10,983,984,0,2.6020852139652106e-17,0,0
50,fruit_yarn_4,2.8792763983570557e-05,10,983,984,0,2.6020852139652106e-17,0,0
50,fruit_yarn_5,2.8792763983570557e-05,10,983,984,0,2.6020852139652106e-17,0,0
50,fruit_yarn_6,2.8792763983570557e-05,10,983,984,0,2.6020852139652106e-17,0,0
50,fruit_yarn_7,2.8792763983570557e-05,10,983,984,0,2.6020852139652106e-17,0,0
50,fruit_yarn_8,2.8792763983570557e-05,10,983,984,0,2.6020852139652106e-17,0,0
50,fruit_yarn_9,2.8792763983570557e-05,10,983,984,0,2.6020852139652106e-17,0,0
50,fruit_yarn_10,2.8688918267211205e-05,3,983,984,0,1.5230048819314668e-10,0,0
50,fruit_yarn_11,2.8688918267211205e-05,3,983,984,0,1.5230048819314668e-10,0,0
50,ground,2.8688918267211205e-05,3,983,984,0,1.5230048819314668e-10,0,0
51,primitive,2.8688918267211205e-05,3,983,984,0,1.5230048819314668e-10,0,0
51,strain,2.8688918267211205e-05,3,983,984,0,1.5230048819314668e-10,0,0
51,local,2.8688918267211205e-05,3,983,984,0,2.2551405187698492e-17,0,0
51,fruit_pair,2.870032972276948e-05,3,983,984,0,2.2551405187698492e-17,0,0
51,fruit_yarn_0,2.870032972276948e-05,3,983,984,0,2.2551405187698492e-17,0,0
51,fruit_yarn_1,2.870032972276948e-05,3,983,984,0,2.2551405187698492e-17,0,0
51,fruit_yarn_2,2.870032972276948e-05,3,983,984,0,2.2551405187698492e-17,0,0
51,fruit_yarn_3,2.8576684037745492e-05,10,983,984,0,2.2551405187698492e-17,0,0
51,fruit_yarn_4,2.8576684037745492e-05,10,983,984,0,2.2551405187698492e-17,0,0
51,fruit_yarn_5,2.8576684037745492e-05,10,983,984,0,2.2551405187698492e-17,0,0
51,fruit_yarn_6,2.8576684037745492e-05,10,983,984,0,2.2551405187698492e-17,0,0
51,fruit_yarn_7,2.8576684037745492e-05,10,983,984,0,2.2551405187698492e-17,0,0
51,fruit_yarn_8,2.8576684037745492e-05,10,983,984,0,2.2551405187698492e-17,0,0
51,fruit_yarn_9,2.8576684037745492e-05,10,983,984,0,2.2551405187698492e-17,0,0
51,fruit_yarn_10,2.8473446223975518e-05,3,983,984,0,1.5111717779903167e-10,0,0
51,fruit_yarn_11,2.8473446223975518e-05,3,983,984,0,1.5111717779903167e-10,0,0
51,ground,2.8473446223975518e-05,3,983,984,0,1.5111717779903167e-10,0,0
51,local,2.8473446223975518e-05,3,983,984,0,4.5102810375396984e-17,0,0
51,fruit_pair,2.848477194661303e-05,3,983,984,0,4.5102810375396984e-17,0,0
51,fruit_yarn_0,2.848477194661303e-05,3,983,984,0,4.5102810375396984e-17,0,0
51,fruit_yarn_1,2.848477194661303e-05,3,983,984,0,4.5102810375396984e-17,0,0
51,fruit_yarn_2,2.848477194661303e-05,3,983,984,0,4.5102810375396984e-17,0,0
51,fruit_yarn_3,2.8361884269953452e-05,10,983,984,0,4.5102810375396984e-17,0,0
51,fruit_yarn_4,2.8361884269953452e-05,10,983,984,0,4.5102810375396984e-17,0,0
51,fruit_yarn_5,2.8361884269953452e-05,10,983,984,0,4.5102810375396984e-17,0,0
51,fruit_yarn_6,2.8361884269953452e-05,10,983,984,0,4.5102810375396984e-17,0,0
51,fruit_yarn_7,2.8361884269953452e-05,10,983,984,0,4.5102810375396984e-17,0,0
51,fruit_yarn_8,2.8361884269953452e-05,10,983,984,0,4.5102810375396984e-17,0,0
51,fruit_yarn_9,2.8361884269953452e-05,10,983,984,0,4.5102810375396984e-17,0,0
51,fruit_yarn_10,2.8259253316773036e-05,3,983,984,0,1.4994152447433962e-10,0,0
51,fruit_yarn_11,2.8259253316773036e-05,3,983,984,0,1.4994152447433962e-10,0,0
51,ground,2.8259253316773036e-05,3,983,984,0,1.4994152447433962e-10,0,0
52,primitive,2.8259253316773036e-05,3,983,984,0,1.4994152447433962e-10,0,0
52,strain,2.8259253316773036e-05,3,983,984,0,1.4994152447433962e-10,0,0
52,local,2.8259253316773036e-05,3,983,984,0,4.163336342344337e-17,0,0
52,fruit_pair,2.8270493815873987e-05,3,983,984,0,4.163336342344337e-17,0,0
52,fruit_yarn_0,2.8270493815873987e-05,3,983,984,0,4.163336342344337e-17,0,0
52,fruit_yarn_1,2.8270493815873987e-05,3,983,984,0,4.163336342344337e-17,0,0
52,fruit_yarn_2,2.8270493815873987e-05,3,983,984,0,4.163336342344337e-17,0,0
52,fruit_yarn_3,2.8148362196264709e-05,10,983,984,0,4.163336342344337e-17,0,0
52,fruit_yarn_4,2.8148362196264709e-05,10,983,984,0,4.163336342344337e-17,0,0
52,fruit_yarn_5,2.8148362196264709e-05,10,983,984,0,4.163336342344337e-17,0,0
52,fruit_yarn_6,2.8148362196264709e-05,10,983,984,0,4.163336342344337e-17,0,0
52,fruit_yarn_7,2.8148362196264709e-05,10,983,984,0,4.163336342344337e-17,0,0
52,fruit_yarn_8,2.8148362196264709e-05,10,983,984,0,4.163336342344337e-17,0,0
52,fruit_yarn_9,2.8148362196264709e-05,10,983,984,0,4.163336342344337e-17,0,0
52,fruit_yarn_10,2.8046337023454604e-05,3,983,984,0,1.4877340331898026e-10,0,0
52,fruit_yarn_11,2.8046337023454604e-05,3,983,984,0,1.4877340331898026e-10,0,0
52,ground,2.8046337023454604e-05,3,983,984,0,1.4877340331898026e-10,0,0
52,local,2.8046337023454604e-05,3,983,984,0,0,0,0
52,fruit_pair,2.8057492807459505e-05,3,983,984,0,0,0,0
52,fruit_yarn_0,2.8057492807459505e-05,3,983,984,0,0,0,0
52,fruit_yarn_1,2.8057492807459505e-05,3,983,984,0,0,0,0
52,fruit_yarn_2,2.8057492807459505e-05,3,983,984,0,0,0,0
52,fruit_yarn_3,2.7936115257296001e-05,10,983,984,0,0,0,0
52,fruit_yarn_4,2.7936115257296001e-05,10,983,984,0,0,0,0
52,fruit_yarn_5,2.7936115257296001e-05,10,983,984,0,0,0,0
52,fruit_yarn_6,2.7936115257296001e-05,10,983,984,0,0,0,0
52,fruit_yarn_7,2.7936115257296001e-05,10,983,984,0,0,0,0
52,fruit_yarn_8,2.7936115257296001e-05,10,983,984,0,0,0,0
52,fruit_yarn_9,2.7936115257296001e-05,10,983,984,0,0,0,0
52,fruit_yarn_10,2.7834694746778355e-05,3,983,984,0,1.476128785177222e-10,0,0
52,fruit_yarn_11,2.7834694746778355e-05,3,983,984,0,1.476128785177222e-10,0,0
52,ground,2.7834694746778355e-05,3,983,984,0,1.476128785177222e-10,0,0
53,primitive,2.7834694746778355e-05,3,983,984,0,1.476128785177222e-10,0,0
53,strain,2.7834694746778355e-05,3,983,984,0,1.476128785177222e-10,0,0
53,local,2.7834694746778355e-05,3,983,984,0,4.5102810375396984e-17,0,0
53,fruit_pair,2.7845766323073007e-05,3,983,984,0,4.5102810375396984e-17,0,0
53,fruit_yarn_0,2.7845766323073007e-05,3,983,984,0,4.5102810375396984e-17,0,0
53,fruit_yarn_1,2.7845766323073007e-05,3,983,984,0,4.5102810375396984e-17,0,0
53,fruit_yarn_2,2.7845766323073007e-05,3,983,984,0,4.5102810375396984e-17,0,0
53,fruit_yarn_3,2.7725140819084837e-05,10,983,984,0,4.5102810375396984e-17,0,0
53,fruit_yarn_4,2.7725140819084837e-05,10,983,984,0,4.5102810375396984e-17,0,0
53,fruit_yarn_5,2.7725140819084837e-05,10,983,984,0,4.5102810375396984e-17,0,0
53,fruit_yarn_6,2.7725140819084837e-05,10,983,984,0,4.5102810375396984e-17,0,0
53,fruit_yarn_7,2.7725140819084837e-05,10,983,984,0,4.5102810375396984e-17,0,0
53,fruit_yarn_8,2.7725140819084837e-05,10,983,984,0,4.5102810375396984e-17,0,0
53,fruit_yarn_9,2.7725140819084837e-05,10,983,984,0,4.5102810375396984e-17,0,0
53,fruit_yarn_10,2.762432381574198e-05,3,983,984,0,1.4646005588869748e-10,0,0
53,fruit_yarn_11,2.762432381574198e-05,3,983,984,0,1.4646005588869748e-10,0,0
53,ground,2.762432381574198e-05,3,983,984,0,1.4646005588869748e-10,0,0
53,local,2.762432381574198e-05,3,983,984,0,8.6736173798840355e-18,0,0
53,fruit_pair,2.7635311690643594e-05,3,983,984,0,8.6736173798840355e-18,0,0
53,fruit_yarn_0,2.7635311690643594e-05,3,983,984,0,8.6736173798840355e-18,0,0
53,fruit_yarn_1,2.7635311690643594e-05,3,983,984,0,8.6736173798840355e-18,0,0
53,fruit_yarn_2,2.7635311690643594e-05,3,983,984,0,8.6736173798840355e-18,0,0
53,fruit_yarn_3,2.7515436174616048e-05,10,983,984,0,8.6736173798840355e-18,0,0
53,fruit_yarn_4,2.7515436174616048e-05,10,983,984,0,8.6736173798840355e-18,0,0
53,fruit_yarn_5,2.7515436174616048e-05,10,983,984,0,8.6736173798840355e-18,0,0
53,fruit_yarn_6,2.7515436174616048e-05,10,983,984,0,8.6736173798840355e-18,0,0
53,fruit_yarn_7,2.7515436174616048e-05,10,983,984,0,8.6736173798840355e-18,0,0
53,fruit_yarn_8,2.7515436174616048e-05,10,983,984,0,8.6736173798840355e-18,0,0
53,fruit_yarn_9,2.7515436174616048e-05,10,983,984,0,8.6736173798840355e-18,0,0
53,fruit_yarn_10,2.7415221486762342e-05,3,983,984,0,1.4531470818313075e-10,0,0
53,fruit_yarn_11,2.7415221486762342e-05,3,983,984,0,1.4531470818313075e-10,0,0
53,ground,2.7415221486762342e-05,3,983,984,0,1.4531470818313075e-10,0,0
54,primitive,2.7415221486762342e-05,3,983,984,0,1.4531470818313075e-10,0,0
54,strain,2.7415221486762342e-05,3,983,984,0,1.4531470818313075e-10,0,0
54,local,2.7415221486762342e-05,3,983,984,0,0,0,0
54,fruit_pair,2.7426126165422393e-05,3,983,984,0,0,0,0
54,fruit_yarn_0,2.7426126165422393e-05,3,983,984,0,0,0,0
54,fruit_yarn_1,2.7426126165422393e-05,3,983,984,0,0,0,0
54,fruit_yarn_2,2.7426126165422393e-05,3,983,984,0,0,0,0
54,fruit_yarn_3,2.7306998544751604e-05,10,983,984,0,0,0,0
54,fruit_yarn_4,2.7306998544751604e-05,10,983,984,0,0,0,0
54,fruit_yarn_5,2.7306998544751604e-05,10,983,984,0,0,0,0
54,fruit_yarn_6,2.7306998544751604e-05,10,983,984,0,0,0,0
54,fruit_yarn_7,2.7306998544751604e-05,10,983,984,0,0,0,0
54,fruit_yarn_8,2.7306998544751604e-05,10,983,984,0,0,0,0
54,fruit_yarn_9,2.7306998544751604e-05,10,983,984,0,0,0,0
54,fruit_yarn_10,2.720738494475794e-05,3,983,984,0,1.4417681631906376e-10,0,0
54,fruit_yarn_11,2.720738494475794e-05,3,983,984,0,1.4417681631906376e-10,0,0
54,ground,2.720738494475794e-05,3,983,984,0,1.4417681631906376e-10,0,0
54,local,2.720738494475794e-05,3,983,984,0,1.5612511283791264e-17,0,0
54,fruit_pair,2.7218206931328703e-05,3,983,984,0,1.5612511283791264e-17,0,0
54,fruit_yarn_0,2.7218206931328703e-05,3,983,984,0,1.5612511283791264e-17,0,0
54,fruit_yarn_1,2.7218206931328703e-05,3,983,984,0,1.5612511283791264e-17,0,0
54,fruit_yarn_2,2.7218206931328703e-05,3,983,984,0,1.5612511283791264e-17,0,0
54,fruit_yarn_3,2.7099825079757167e-05,10,983,984,0,1.5612511283791264e-17,0,0
54,fruit_yarn_4,2.7099825079757167e-05,10,983,984,0,1.5612511283791264e-17,0,0
54,fruit_yarn_5,2.7099825079757167e-05,10,983,984,0,1.5612511283791264e-17,0,0
54,fruit_yarn_6,2.7099825079757167e-05,10,983,984,0,1.5612511283791264e-17,0,0
54,fruit_yarn_7,2.7099825079757167e-05,10,983,984,0,1.5612511283791264e-17,0,0
54,fruit_yarn_8,2.7099825079757167e-05,10,983,984,0,1.5612511283791264e-17,0,0
54,fruit_yarn_9,2.7099825079757167e-05,10,983,984,0,1.5612511283791264e-17,0,0
54,fruit_yarn_10,2.7000811304619954e-05,3,983,984,0,1.4304648437990508e-10,0,0
54,fruit_yarn_11,2.7000811304619954e-05,3,983,984,0,1.4304648437990508e-10,0,0
54,ground,2.7000811304619954e-05,3,983,984,0,1.4304648437990508e-10,0,0
55,primitive,2.7000811304619954e-05,3,983,984,0,1.4304648437990508e-10,0,0
55,strain,2.7000811304619954e-05,3,983,984,0,1.4304648437990508e-10,0,0
55,local,2.7000811304619954e-05,3,983,984,0,5.2041704279304213e-18,0,0
55,fruit_pair,2.7011551101935316e-05,3,983,984,0,5.2041704279304213e-18,0,0
55,fruit_yarn_0,2.7011551101935316e-05,3,983,984,0,5.2041704279304213e-18,0,0
55,fruit_yarn_1,2.7011551101935316e-05,3,983,984,0,5.2041704279304213e-18,0,0
55,fruit_yarn_2,2.7011551101935316e-05,3,983,984,0,5.2041704279304213e-18,0,0
55,fruit_yarn_3,2.6893912860148639e-05,10,983,984,0,5.2041704279304213e-18,0,0
55,fruit_yarn_4,2.6893912860148639e-05,10,983,984,0,5.2041704279304213e-18,0,0
55,fruit_yarn_5,2.6893912860148639e-05,10,983,984,0,5.2041704279304213e-18,0,0
55,fruit_yarn_6,2.6893912860148639e-05,10,983,984,0,5.2041704279304213e-18,0,0
55,fruit_yarn_7,2.6893912860148639e-05,10,983,984,0,5.2041704279304213e-18,0,0
55,fruit_yarn_8,2.6893912860148639e-05,10,983,984,0,5.2041704279304213e-18,0,0
55,fruit_yarn_9,2.6893912860148639e-05,10,983,984,0,5.2041704279304213e-18,0,0
55,fruit_yarn_10,2.6795497612155939e-05,3,983,984,0,1.4192364644616262e-10,0,0
55,fruit_yarn_11,2.6795497612155939e-05,3,983,984,0,1.4192364644616262e-10,0,0
55,ground,2.6795497612155939e-05,3,983,984,0,1.4192364644616262e-10,0,0
55,local,2.6795497612155939e-05,3,983,984,0,0,0,0
55,fruit_pair,2.680615572207834e-05,3,983,984,0,0,0,0
55,fruit_yarn_0,2.680615572207834e-05,3,983,984,0,0,0,0
55,fruit_yarn_1,2.680615572207834e-05,3,983,984,0,0,0,0
55,fruit_yarn_2,2.680615572207834e-05,3,983,984,0,0,0,0
55,fruit_yarn_3,2.6689258898218715e-05,10,983,984,0,0,0,0
55,fruit_yarn_4,2.6689258898218715e-05,10,983,984,0,0,0,0
55,fruit_yarn_5,2.6689258898218715e-05,10,983,984,0,0,0,0
55,fruit_yarn_6,2.6689258898218715e-05,10,983,984,0,0,0,0
55,fruit_yarn_7,2.6689258898218715e-05,10,983,984,0,0,0,0
55,fruit_yarn_8,2.6689258898218715e-05,10,983,984,0,0,0,0
55,fruit_yarn_9,2.6689258898218715e-05,10,983,984,0,0,0,0
55,fruit_yarn_10,2.6591440845463721e-05,3,983,984,0,1.4080809955518969e-10,0,0
55,fruit_yarn_11,2.6591440845463721e-05,3,983,984,0,1.4080809955518969e-10,0,0
55,ground,2.6591440845463721e-05,3,983,984,0,1.4080809955518969e-10,0,0
56,primitive,2.6591440845463721e-05,3,983,984,0,1.4080809955518969e-10,0,0
56,strain,2.6591440845463721e-05,3,983,984,0,1.4080809955518969e-10,0,0
56,local,2.6591440845463721e-05,3,983,984,0,0,0,0
56,fruit_pair,2.6602017768467823e-05,3,983,984,0,0,0,0
56,fruit_yarn_0,2.6602017768467823e-05,3,983,984,0,0,0,0
56,fruit_yarn_1,2.6602017768467823e-05,3,983,984,0,0,0,0
56,fruit_yarn_2,2.6602017768467823e-05,3,983,984,0,0,0,0
56,fruit_yarn_3,2.6485860138994455e-05,10,983,984,0,0,0,0
56,fruit_yarn_4,2.6485860138994455e-05,10,983,984,0,0,0,0
56,fruit_yarn_5,2.6485860138994455e-05,10,983,984,0,0,0,0
56,fruit_yarn_6,2.6485860138994455e-05,10,983,984,0,0,0,0
56,fruit_yarn_7,2.6485860138994455e-05,10,983,984,0,0,0,0
56,fruit_yarn_8,2.6485860138994455e-05,10,983,984,0,0,0,0
56,fruit_yarn_9,2.6485860138994455e-05,10,983,984,0,0,0,0
56,fruit_yarn_10,2.6388637915972235e-05,3,983,984,0,1.3970007269048512e-10,0,0
56,fruit_yarn_11,2.6388637915972235e-05,3,983,984,0,1.3970007269048512e-10,0,0
56,ground,2.6388637915972235e-05,3,983,984,0,1.3970007269048512e-10,0,0
56,local,2.6388637915972235e-05,3,983,984,0,1.214306433183765e-17,0,0
56,fruit_pair,2.6399134151283699e-05,3,983,984,0,1.214306433183765e-17,0,0
56,fruit_yarn_0,2.6399134151283699e-05,3,983,984,0,1.214306433183765e-17,0,0
56,fruit_yarn_1,2.6399134151283699e-05,3,983,984,0,1.214306433183765e-17,0,0
56,fruit_yarn_2,2.6399134151283699e-05,3,983,984,0,1.214306433183765e-17,0,0
56,fruit_yarn_3,2.6283713461444647e-05,10,983,984,0,1.214306433183765e-17,0,0
56,fruit_yarn_4,2.6283713461444647e-05,10,983,984,0,1.214306433183765e-17,0,0
56,fruit_yarn_5,2.6283713461444647e-05,10,983,984,0,1.214306433183765e-17,0,0
56,fruit_yarn_6,2.6283713461444647e-05,10,983,984,0,1.214306433183765e-17,0,0
56,fruit_yarn_7,2.6283713461444647e-05,10,983,984,0,1.214306433183765e-17,0,0
56,fruit_yarn_8,2.6283713461444647e-05,10,983,984,0,1.214306433183765e-17,0,0
56,fruit_yarn_9,2.6283713461444647e-05,10,983,984,0,1.214306433183765e-17,0,0
56,fruit_yarn_10,2.6187085669662769e-05,3,983,984,0,1.3859942013527693e-10,0,0
56,fruit_yarn_11,2.6187085669662769e-05,3,983,984,0,1.3859942013527693e-10,0,0
56,ground,2.6187085669662769e-05,3,983,984,0,1.3859942013527693e-10,0,0
57,primitive,2.6187085669662769e-05,3,983,984,0,1.3859942013527693e-10,0,0
57,strain,2.6187085669662769e-05,3,983,984,0,1.3859942013527693e-10,0,0
57,local,2.6187085669662769e-05,3,983,984,0,0,0,0
57,fruit_pair,2.6197501715299887e-05,3,983,984,0,0,0,0
57,fruit_yarn_0,2.6197501715299887e-05,3,983,984,0,0,0,0
57,fruit_yarn_1,2.6197501715299887e-05,3,983,984,0,0,0,0
57,fruit_yarn_2,2.6197501715299887e-05,3,983,984,0,0,0,0
57,fruit_yarn_3,2.6082815679839833e-05,10,983,984,0,0,0,0
57,fruit_yarn_4,2.6082815679839833e-05,10,983,984,0,0,0,0
57,fruit_yarn_5,2.6082815679839833e-05,10,983,984,0,0,0,0
57,fruit_yarn_6,2.6082815679839833e-05,10,983,984,0,0,0,0
57,fruit_yarn_7,2.6082815679839833e-05,10,983,984,0,0,0,0
57,fruit_yarn_8,2.6082815679839833e-05,10,983,984,0,0,0,0
57,fruit_yarn_9,2.6082815679839833e-05,10,983,984,0,0,0,0
57,fruit_yarn_10,2.5986780888345717e-05,3,983,984,0,1.3750605515339132e-10,0,0
57,fruit_yarn_11,2.5986780888345717e-05,3,983,984,0,1.3750605515339132e-10,0,0
57,ground,2.5986780888345717e-05,3,983,984,0,1.3750605515339132e-10,0,0
57,local,2.5986780888345717e-05,3,983,984,0,0,0,0
57,fruit_pair,2.5997117241091661e-05,3,983,984,0,0,0,0
57,fruit_yarn_0,2.5997117241091661e-05,3,983,984,0,0,0,0
57,fruit_yarn_1,2.5997117241091661e-05,3,983,984,0,0,0,0
57,fruit_yarn_2,2.5997117241091661e-05,3,983,984,0,0,0,0
57,fruit_yarn_3,2.5883163544834775e-05,10,983,984,0,0,0,0
57,fruit_yarn_4,2.5883163544834775e-05,10,983,984,0,0,0,0
57,fruit_yarn_5,2.5883163544834775e-05,10,983,984,0,0,0,0
57,fruit_yarn_6,2.5883163544834775e-05,10,983,984,0,0,0,0
57,fruit_yarn_7,2.5883163544834775e-05,10,983,984,0,0,0,0
57,fruit_yarn_8,2.5883163544834775e-05,10,983,984,0,0,0,0
57,fruit_yarn_9,2.5883163544834775e-05,10,983,984,0,0,0,0
57,fruit_yarn_10,2.578772029089571e-05,3,983,984,0,1.3642004713376732e-10,0,0
57,fruit_yarn_11,2.578772029089571e-05,3,983,984,0,1.3642004713376732e-10,0,0
57,ground,2.578772029089571e-05,3,983,984,0,1.3642004713376732e-10,0,0
58,primitive,2.578772029089571e-05,3,983,984,0,1.3642004713376732e-10,0,0
58,strain,2.578772029089571e-05,3,983,984,0,1.3642004713376732e-10,0,0
58,local,2.578772029089571e-05,3,983,984,0,0,0,0
58,fruit_pair,2.5797977446090359e-05,3,983,984,0,0,0,0
58,fruit_yarn_0,2.5797977446090359e-05,3,983,984,0,0,0,0
58,fruit_yarn_1,2.5797977446090359e-05,3,983,984,0,0,0,0
58,fruit_yarn_2,2.5797977446090359e-05,3,983,984,0,0,0,0
58,fruit_yarn_3,2.5684753744537048e-05,10,983,984,0,0,0,0
58,fruit_yarn_4,2.5684753744537048e-05,10,983,984,0,0,0,0
58,fruit_yarn_5,2.5684753744537048e-05,10,983,984,0,0,0,0
58,fruit_yarn_6,2.5684753744537048e-05,10,983,984,0,0,0,0
58,fruit_yarn_7,2.5684753744537048e-05,10,983,984,0,0,0,0
58,fruit_yarn_8,2.5684753744537048e-05,10,983,984,0,0,0,0
58,fruit_yarn_9,2.5684753744537048e-05,10,983,984,0,0,0,0
58,fruit_yarn_10,2.5589900534195298e-05,3,983,984,0,1.3534140475002232e-10,0,0
58,fruit_yarn_11,2.5589900534195298e-05,3,983,984,0,1.3534140475002232e-10,0,0
58,ground,2.5589900534195298e-05,3,983,984,0,1.3534140475002232e-10,0,0
58,local,2.5589900534195298e-05,3,983,984,0,0,0,0
58,fruit_pair,2.5600078985957286e-05,3,983,984,0,0,0,0
58,fruit_yarn_0,2.5600078985957286e-05,3,983,984,0,0,0,0
58,fruit_yarn_1,2.5600078985957286e-05,3,983,984,0,0,0,0
58,fruit_yarn_2,2.5600078985957286e-05,3,983,984,0,0,0,0
58,fruit_yarn_3,2.5487582905991957e-05,10,983,984,0,0,0,0
58,fruit_yarn_4,2.5487582905991957e-05,10,983,984,0,0,0,0
58,fruit_yarn_5,2.5487582905991957e-05,10,983,984,0,0,0,0
58,fruit_yarn_6,2.5487582905991957e-05,10,983,984,0,0,0,0
58,fruit_yarn_7,2.5487582905991957e-05,10,983,984,0,0,0,0
58,fruit_yarn_8,2.5487582905991957e-05,10,983,984,0,0,0,0
58,fruit_yarn_9,2.5487582905991957e-05,10,983,984,0,0,0,0
58,fruit_yarn_10,2.539331821446722e-05,3,983,984,0,1.3426989901865749e-10,0,0
58,fruit_yarn_11,2.539331821446722e-05,3,983,984,0,1.3426989901865749e-10,0,0
58,ground,2.539331821446722e-05,3,983,984,0,1.3426989901865749e-10,0,0
59,primitive,2.539331821446722e-05,3,983,984,0,1.3426989901865749e-10,0,0
59,strain,2.539331821446722e-05,3,983,984,0,1.3426989901865749e-10,0,0
59,local,2.539331821446722e-05,3,983,984,0,1.5612511283791264e-17,0,0
59,fruit_pair,2.5403418455513527e-05,3,983,984,0,1.5612511283791264e-17,0,0
59,fruit_yarn_0,2.5403418455513527e-05,3,983,984,0,1.5612511283791264e-17,0,0
59,fruit_yarn_1,2.5403418455513527e-05,3,983,984,0,1.5612511283791264e-17,0,0
59,fruit_yarn_2,2.5403418455513527e-05,3,983,984,0,1.5612511283791264e-17,0,0
59,fruit_yarn_3,2.5291647595973576e-05,10,983,984,0,1.5612511283791264e-17,0,0
59,fruit_yarn_4,2.5291647595973576e-05,10,983,984,0,1.5612511283791264e-17,0,0
59,fruit_yarn_5,2.5291647595973576e-05,10,983,984,0,1.5612511283791264e-17,0,0
59,fruit_yarn_6,2.5291647595973576e-05,10,983,984,0,1.5612511283791264e-17,0,0
59,fruit_yarn_7,2.5291647595973576e-05,10,983,984,0,1.5612511283791264e-17,0,0
59,fruit_yarn_8,2.5291647595973576e-05,10,983,984,0,1.5612511283791264e-17,0,0
59,fruit_yarn_9,2.5291647595973576e-05,10,983,984,0,1.5612511283791264e-17,0,0
59,fruit_yarn_10,2.519796986856504e-05,3,983,984,0,1.3320575545372471e-10,0,0
59,fruit_yarn_11,2.519796986856504e-05,3,983,984,0,1.3320575545372471e-10,0,0
59,ground,2.519796986856504e-05,3,983,984,0,1.3320575545372471e-10,0,0
59,local,2.519796986856504e-05,3,983,984,0,0,0,0
59,fruit_pair,2.5207992390238743e-05,3,983,984,0,0,0,0
59,fruit_yarn_0,2.5207992390238743e-05,3,983,984,0,0,0,0
59,fruit_yarn_1,2.5207992390238743e-05,3,983,984,0,0,0,0
59,fruit_yarn_2,2.5207992390238743e-05,3,983,984,0,0,0,0
59,fruit_yarn_3,2.5096944322441916e-05,10,983,984,0,0,0,0
59,fruit_yarn_4,2.5096944322441916e-05,10,983,984,0,0,0,0
59,fruit_yarn_5,2.5096944322441916e-05,10,983,984,0,0,0,0
59,fruit_yarn_6,2.5096944322441916e-05,10,983,984,0,0,0,0
59,fruit_yarn_7,2.5096944322441916e-05,10,983,984,0,0,0,0
59,fruit_yarn_8,2.5096944322441916e-05,10,983,984,0,0,0,0
59,fruit_yarn_9,2.5096944322441916e-05,10,983,984,0,0,0,0
59,fruit_yarn_10,2.5003851974778057e-05,3,983,984,0,1.3214877282730075e-10,0,0
59,fruit_yarn_11,2.5003851974778057e-05,3,983,984,0,1.3214877282730075e-10,0,0
59,ground,2.5003851974778057e-05,3,983,984,0,1.3214877282730075e-10,0,0
60,primitive,2.5003851974778057e-05,3,983,984,0,1.3214877282730075e-10,0,0
60,strain,2.5003851974778057e-05,3,983,984,0,1.3214877282730075e-10,0,0
60,local,2.5003851974778057e-05,3,983,984,0,0,0,0
60,fruit_pair,2.501379726693731e-05,3,983,984,0,0,0,0
60,fruit_yarn_0,2.501379726693731e-05,3,983,984,0,0,0,0
60,fruit_yarn_1,2.501379726693731e-05,3,983,984,0,0,0,0
60,fruit_yarn_2,2.501379726693731e-05,3,983,984,0,0,0,0
60,fruit_yarn_3,2.4903469535514366e-05,10,983,984,0,0,0,0
60,fruit_yarn_4,2.4903469535514366e-05,10,983,984,0,0,0,0
60,fruit_yarn_5,2.4903469535514366e-05,10,983,984,0,0,0,0
60,fruit_yarn_6,2.4903469535514366e-05,10,983,984,0,0,0,0
60,fruit_yarn_7,2.4903469535514366e-05,10,983,984,0,0,0,0
60,fruit_yarn_8,2.4903469535514366e-05,10,983,984,0,0,0,0
60,fruit_yarn_9,2.4903469535514366e-05,10,983,984,0,0,0,0
60,fruit_yarn_10,2.481096095431623e-05,3,983,984,0,1.3109890777129873e-10,0,0
60,fruit_yarn_11,2.481096095431623e-05,3,983,984,0,1.3109890777129873e-10,0,0
60,ground,2.481096095431623e-05,3,983,984,0,1.3109890777129873e-10,0,0
60,local,2.481096095431623e-05,3,983,984,0,2.4286128663675299e-17,0,0
60,fruit_pair,2.4820829505445285e-05,3,983,984,0,2.4286128663675299e-17,0,0
60,fruit_yarn_0,2.4820829505445285e-05,3,983,984,0,2.4286128663675299e-17,0,0
60,fruit_yarn_1,2.4820829505445285e-05,3,983,984,0,2.4286128663675299e-17,0,0
60,fruit_yarn_2,2.4820829505445285e-05,3,983,984,0,2.4286128663675299e-17,0,0
60,fruit_yarn_3,2.4711219628742453e-05,10,983,984,0,2.4286128663675299e-17,0,0
60,fruit_yarn_4,2.4711219628742453e-05,10,983,984,0,2.4286128663675299e-17,0,0
60,fruit_yarn_5,2.4711219628742453e-05,10,983,984,0,2.4286128663675299e-17,0,0
60,fruit_yarn_6,2.4711219628742453e-05,10,983,984,0,2.4286128663675299e-17,0,0
60,fruit_yarn_7,2.4711219628742453e-05,10,983,984,0,2.4286128663675299e-17,0,0
60,fruit_yarn_8,2.4711219628742453e-05,10,983,984,0,2.4286128663675299e-17,0,0
60,fruit_yarn_9,2.4711219628742453e-05,10,983,984,0,2.4286128663675299e-17,0,0
60,fruit_yarn_10,2.4619293172475909e-05,3,983,984,0,1.300562574302333e-10,0,0
60,fruit_yarn_11,2.4619293172475909e-05,3,983,984,0,1.300562574302333e-10,0,0
60,ground,2.4619293172475909e-05,3,983,984,0,1.300562574302333e-10,0,0
61,primitive,2.4619293172475909e-05,3,983,984,0,1.300562574302333e-10,0,0
61,strain,2.4619293172475909e-05,3,983,984,0,1.300562574302333e-10,0,0
61,local,2.4619293172475909e-05,3,983,984,0,2.9490299091605721e-17,0,0
61,fruit_pair,2.4629085469560219e-05,3,983,984,0,2.9490299091605721e-17,0,0
61,fruit_yarn_0,2.4629085469560219e-05,3,983,984,0,2.9490299091605721e-17,0,0
61,fruit_yarn_1,2.4629085469560219e-05,3,983,984,0,2.9490299091605721e-17,0,0
61,fruit_yarn_2,2.4629085469560219e-05,3,983,984,0,2.9490299091605721e-17,0,0
61,fruit_yarn_3,2.4520190940291453e-05,10,983,984,0,2.9490299091605721e-17,0,0
61,fruit_yarn_4,2.4520190940291453e-05,10,983,984,0,2.9490299091605721e-17,0,0
61,fruit_yarn_5,2.4520190940291453e-05,10,983,984,0,2.9490299091605721e-17,0,0
61,fruit_yarn_6,2.4520190940291453e-05,10,983,984,0,2.9490299091605721e-17,0,0
61,fruit_yarn_7,2.4520190940291453e-05,10,983,984,0,2.9490299091605721e-17,0,0
61,fruit_yarn_8,2.4520190940291453e-05,10,983,984,0,2.9490299091605721e-17,0,0
61,fruit_yarn_9,2.4520190940291453e-05,10,983,984,0,2.9490299091605721e-17,0,0
61,fruit_yarn_10,2.4428844939305971e-05,3,983,984,0,1.2902067782205595e-10,0,0
61,fruit_yarn_11,2.4428844939305971e-05,3,983,984,0,1.2902067782205595e-10,0,0
61,ground,2.4428844939305971e-05,3,983,984,0,1.2902067782205595e-10,0,0
61,local,2.4428844939305971e-05,3,983,984,0,3.6429192995512949e-17,0,0
61,fruit_pair,2.4438561467984843e-05,3,983,984,0,3.6429192995512949e-17,0,0
61,fruit_yarn_0,2.4438561467984843e-05,3,983,984,0,3.6429192995512949e-17,0,0
61,fruit_yarn_1,2.4438561467984843e-05,3,983,984,0,3.6429192995512949e-17,0,0
61,fruit_yarn_2,2.4438561467984843e-05,3,983,984,0,3.6429192995512949e-17,0,0
61,fruit_yarn_3,2.4330379753897957e-05,10,983,984,0,3.6429192995512949e-17,0,0
61,fruit_yarn_4,2.4330379753897957e-05,10,983,984,0,3.6429192995512949e-17,0,0
61,fruit_yarn_5,2.4330379753897957e-05,10,983,984,0,3.6429192995512949e-17,0,0
61,fruit_yarn_6,2.4330379753897957e-05,10,983,984,0,3.6429192995512949e-17,0,0
61,fruit_yarn_7,2.4330379753897957e-05,10,983,984,0,3.6429192995512949e-17,0,0
61,fruit_yarn_8,2.4330379753897957e-05,10,983,984,0,3.6429192995512949e-17,0,0
61,fruit_yarn_9,2.4330379753897957e-05,10,983,984,0,3.6429192995512949e-17,0,0
61,fruit_yarn_10,2.4239612511522957e-05,3,983,984,0,1.2799221751902401e-10,0,0
61,fruit_yarn_11,2.4239612511522957e-05,3,983,984,0,1.2799221751902401e-10,0,0
61,ground,2.4239612511522957e-05,3,983,984,0,1.2799221751902401e-10,0,0
62,primitive,2.4239612511522957e-05,3,983,984,0,1.2799221751902401e-10,0,0
62,strain,2.4239612511522957e-05,3,983,984,0,1.2799221751902401e-10,0,0
62,local,2.4239612511522957e-05,3,983,984,0,3.6429192995512949e-17,0,0
62,fruit_pair,2.4249253755756484e-05,3,983,984,0,3.6429192995512949e-17,0,0
62,fruit_yarn_0,2.4249253755756484e-05,3,983,984,0,3.6429192995512949e-17,0,0
62,fruit_yarn_1,2.4249253755756484e-05,3,983,984,0,3.6429192995512949e-17,0,0
62,fruit_yarn_2,2.4249253755756484e-05,3,983,984,0,3.6429192995512949e-17,0,0
62,fruit_yarn_3,2.4141782300243775e-05,10,983,984,0,3.6429192995512949e-17,0,0
62,fruit_yarn_4,2.4141782300243775e-05,10,983,984,0,3.6429192995512949e-17,0,0
62,fruit_yarn_5,2.4141782300243775e-05,10,983,984,0,3.6429192995512949e-17,0,0
62,fruit_yarn_6,2.4141782300243775e-05,10,983,984,0,3.6429192995512949e-17,0,0
62,fruit_yarn_7,2.4141782300243775e-05,10,983,984,0,3.6429192995512949e-17,0,0
62,fruit_yarn_8,2.4141782300243775e-05,10,983,984,0,3.6429192995512949e-17,0,0
62,fruit_yarn_9,2.4141782300243775e-05,10,983,984,0,3.6429192995512949e-17,0,0
62,fruit_yarn_10,2.4051592093024543e-05,3,983,984,0,1.2697077070300544e-10,0,0
62,fruit_yarn_11,2.4051592093024543e-05,3,983,984,0,1.2697077070300544e-10,0,0
62,ground,2.4051592093024543e-05,3,983,984,0,1.2697077070300544e-10,0,0
62,local,2.4051592093024543e-05,3,983,984,0,1.9081958235744878e-17,0,0
62,fruit_pair,2.4061158535412797e-05,3,983,984,0,1.9081958235744878e-17,0,0
62,fruit_yarn_0,2.4061158535412797e-05,3,983,984,0,1.9081958235744878e-17,0,0
62,fruit_yarn_1,2.4061158535412797e-05,3,983,984,0,1.9081958235744878e-17,0,0
62,fruit_yarn_2,2.4061158535412797e-05,3,983,984,0,1.9081958235744878e-17,0,0
62,fruit_yarn_3,2.3954394757885744e-05,10,983,984,0,1.9081958235744878e-17,0,0
62,fruit_yarn_4,2.3954394757885744e-05,10,983,984,0,1.9081958235744878e-17,0,0
62,fruit_yarn_5,2.3954394757885744e-05,10,983,984,0,1.9081958235744878e-17,0,0
62,fruit_yarn_6,2.3954394757885744e-05,10,983,984,0,1.9081958235744878e-17,0,0
62,fruit_yarn_7,2.3954394757885744e-05,10,983,984,0,1.9081958235744878e-17,0,0
62,fruit_yarn_8,2.3954394757885744e-05,10,983,984,0,1.9081958235744878e-17,0,0
62,fruit_yarn_9,2.3954394757885744e-05,10,983,984,0,1.9081958235744878e-17,0,0
62,fruit_yarn_10,2.3864779836277328e-05,3,983,984,0,1.2595641370183319e-10,0,0
62,fruit_yarn_11,2.3864779836277328e-05,3,983,984,0,1.2595641370183319e-10,0,0
62,ground,2.3864779836277328e-05,3,983,984,0,1.2595641370183319e-10,0,0
63,primitive,2.3864779836277328e-05,3,983,984,0,1.2595641370183319e-10,0,0
63,strain,2.3864779836277328e-05,3,983,984,0,1.2595641370183319e-10,0,0
63,local,2.3864779836277328e-05,3,983,984,0,0,0,0
63,fruit_pair,2.3874271957755044e-05,3,983,984,0,0,0,0
63,fruit_yarn_0,2.3874271957755044e-05,3,983,984,0,0,0,0
63,fruit_yarn_1,2.3874271957755044e-05,3,983,984,0,0,0,0
63,fruit_yarn_2,2.3874271957755044e-05,3,983,984,0,0,0,0
63,fruit_yarn_3,2.3768213254588e-05,10,983,984,0,0,0,0
63,fruit_yarn_4,2.3768213254588e-05,10,983,984,0,0,0,0
63,fruit_yarn_5,2.3768213254588e-05,10,983,984,0,0,0,0
63,fruit_yarn_6,2.3768213254588e-05,10,983,984,0,0,0,0
63,fruit_yarn_7,2.3768213254588e-05,10,983,984,0,0,0,0
63,fruit_yarn_8,2.3768213254588e-05,10,983,984,0,0,0,0
63,fruit_yarn_9,2.3768213254588e-05,10,983,984,0,0,0,0
63,fruit_yarn_10,2.3679171843329905e-05,3,983,984,0,1.2494889151115629e-10,0,0
63,fruit_yarn_11,2.3679171843329905e-05,3,983,984,0,1.2494889151115629e-10,0,0
63,ground,2.3679171843329905e-05,3,983,984,0,1.2494889151115629e-10,0,0
63,local,2.3679171843329905e-05,3,983,984,0,0,0,0
63,fruit_pair,2.3688590123319142e-05,3,983,984,0,0,0,0
63,fruit_yarn_0,2.3688590123319142e-05,3,983,984,0,0,0,0
63,fruit_yarn_1,2.3688590123319142e-05,3,983,984,0,0,0,0
63,fruit_yarn_2,2.3688590123319142e-05,3,983,984,0,0,0,0
63,fruit_yarn_3,2.3583233868154641e-05,10,983,984,0,0,0,0
63,fruit_yarn_4,2.3583233868154641e-05,10,983,984,0,0,0,0
63,fruit_yarn_5,2.3583233868154641e-05,10,983,984,0,0,0,0
63,fruit_yarn_6,2.3583233868154641e-05,10,983,984,0,0,0,0
63,fruit_yarn_7,2.3583233868154641e-05,10,983,984,0,0,0,0
63,fruit_yarn_8,2.3583233868154641e-05,10,983,984,0,0,0,0
63,fruit_yarn_9,2.3583233868154641e-05,10,983,984,0,0,0,0
63,fruit_yarn_10,2.3494764167089621e-05,3,983,984,0,1.2394849036034827e-10,0,0
63,fruit_yarn_11,2.3494764167089621e-05,3,983,984,0,1.2394849036034827e-10,0,0
63,ground,2.3494764167089621e-05,3,983,984,0,1.2394849036034827e-10,0,0
64,primitive,2.3494764167089621e-05,3,983,984,0,1.2394849036034827e-10,0,0
64,strain,2.3494764167089621e-05,3,983,984,0,1.2394849036034827e-10,0,0
64,local,2.3494764167089621e-05,3,983,984,0,3.2959746043559335e-17,0,0
64,fruit_pair,2.3504109083527513e-05,3,983,984,0,3.2959746043559335e-17,0,0
64,fruit_yarn_0,2.3504109083527513e-05,3,983,984,0,3.2959746043559335e-17,0,0
64,fruit_yarn_1,2.3504109083527513e-05,3,983,984,0,3.2959746043559335e-17,0,0
64,fruit_yarn_2,2.3504109083527513e-05,3,983,984,0,3.2959746043559335e-17,0,0
64,fruit_yarn_3,2.339945262792853e-05,10,983,984,0,3.2959746043559335e-17,0,0
64,fruit_yarn_4,2.339945262792853e-05,10,983,984,0,3.2959746043559335e-17,0,0
64,fruit_yarn_5,2.339945262792853e-05,10,983,984,0,3.2959746043559335e-17,0,0
64,fruit_yarn_6,2.339945262792853e-05,10,983,984,0,3.2959746043559335e-17,0,0
64,fruit_yarn_7,2.339945262792853e-05,10,983,984,0,3.2959746043559335e-17,0,0
64,fruit_yarn_8,2.339945262792853e-05,10,983,984,0,3.2959746043559335e-17,0,0
64,fruit_yarn_9,2.339945262792853e-05,10,983,984,0,3.2959746043559335e-17,0,0
64,fruit_yarn_10,2.3311552812238512e-05,3,983,984,0,1.229549968784216e-10,0,0
64,fruit_yarn_11,2.3311552812238512e-05,3,983,984,0,1.229549968784216e-10,0,0
64,ground,2.3311552812238512e-05,3,983,984,0,1.229549968784216e-10,0,0
64,local,2.3311552812238512e-05,3,983,984,0,1.5612511283791264e-17,0,0
64,fruit_pair,2.3320824841299714e-05,3,983,984,0,1.5612511283791264e-17,0,0
64,fruit_yarn_0,2.3320824841299714e-05,3,983,984,0,1.5612511283791264e-17,0,0
64,fruit_yarn_1,2.3320824841299714e-05,3,983,984,0,1.5612511283791264e-17,0,0
64,fruit_yarn_2,2.3320824841299714e-05,3,983,984,0,1.5612511283791264e-17,0,0
64,fruit_yarn_3,2.3216865515401919e-05,10,983,984,0,1.5612511283791264e-17,0,0
64,fruit_yarn_4,2.3216865515401919e-05,10,983,984,0,1.5612511283791264e-17,0,0
64,fruit_yarn_5,2.3216865515401919e-05,10,983,984,0,1.5612511283791264e-17,0,0
64,fruit_yarn_6,2.3216865515401919e-05,10,983,984,0,1.5612511283791264e-17,0,0
64,fruit_yarn_7,2.3216865515401919e-05,10,983,984,0,1.5612511283791264e-17,0,0
64,fruit_yarn_8,2.3216865515401919e-05,10,983,984,0,1.5612511283791264e-17,0,0
64,fruit_yarn_9,2.3216865515401919e-05,10,983,984,0,1.5612511283791264e-17,0,0
64,fruit_yarn_10,2.3129533736496177e-05,3,983,984,0,1.2196839718758845e-10,0,0
64,fruit_yarn_11,2.3129533736496177e-05,3,983,984,0,1.2196839718758845e-10,0,0
64,ground,2.3129533736496177e-05,3,983,984,0,1.2196839718758845e-10,0,0
65,primitive,2.3129533736496177e-05,3,983,984,0,1.2196839718758845e-10,0,0
65,strain,2.3129533736496177e-05,3,983,984,0,1.2196839718758845e-10,0,0
65,local,2.3129533736496177e-05,3,983,984,0,1.3877787807814457e-17,0,0
65,fruit_pair,2.3138733352870422e-05,3,983,984,0,1.3877787807814457e-17,0,0
65,fruit_yarn_0,2.3138733352870422e-05,3,983,984,0,1.3877787807814457e-17,0,0
65,fruit_yarn_1,2.3138733352870422e-05,3,983,984,0,1.3877787807814457e-17,0,0
65,fruit_yarn_2,2.3138733352870422e-05,3,983,984,0,1.3877787807814457e-17,0,0
65,fruit_yarn_3,2.3035468465881781e-05,10,983,984,0,1.3877787807814457e-17,0,0
65,fruit_yarn_4,2.3035468465881781e-05,10,983,984,0,1.3877787807814457e-17,0,0
65,fruit_yarn_5,2.3035468465881781e-05,10,983,984,0,1.3877787807814457e-17,0,0
65,fruit_yarn_6,2.3035468465881781e-05,10,983,984,0,1.3877787807814457e-17,0,0
65,fruit_yarn_7,2.3035468465881781e-05,10,983,984,0,1.3877787807814457e-17,0,0
65,fruit_yarn_8,2.3035468465881781e-05,10,983,984,0,1.3877787807814457e-17,0,0
65,fruit_yarn_9,2.3035468465881781e-05,10,983,984,0,1.3877787807814457e-17,0,0
65,fruit_yarn_10,2.2948702851618985e-05,3,983,984,0,1.2098863577669761e-10,0,0
65,fruit_yarn_11,2.2948702851618985e-05,3,983,984,0,1.2098863577669761e-10,0,0
65,ground,2.2948702851618985e-05,3,983,984,0,1.2098863577669761e-10,0,0
65,local,2.2948702851618985e-05,3,983,984,0,6.9388939039072284e-18,0,0
65,fruit_pair,2.2957830528233525e-05,3,983,984,0,6.9388939039072284e-18,0,0
65,fruit_yarn_0,2.2957830528233525e-05,3,983,984,0,6.9388939039072284e-18,0,0
65,fruit_yarn_1,2.2957830528233525e-05,3,983,984,0,6.9388939039072284e-18,0,0
65,fruit_yarn_2,2.2957830528233525e-05,3,983,984,0,6.9388939039072284e-18,0,0
65,fruit_yarn_3,2.2855257369031046e-05,10,983,984,0,6.9388939039072284e-18,0,0
65,fruit_yarn_4,2.2855257369031046e-05,10,983,984,0,6.9388939039072284e-18,0,0
65,fruit_yarn_5,2.2855257369031046e-05,10,983,984,0,6.9388939039072284e-18,0,0
65,fruit_yarn_6,2.2855257369031046e-05,10,983,984,0,6.9388939039072284e-18,0,0
65,fruit_yarn_7,2.2855257369031046e-05,10,983,984,0,6.9388939039072284e-18,0,0
65,fruit_yarn_8,2.2855257369031046e-05,10,983,984,0,6.9388939039072284e-18,0,0
65,fruit_yarn_9,2.2855257369031046e-05,10,983,984,0,6.9388939039072284e-18,0,0
65,fruit_yarn_10,2.2769056024454781e-05,3,983,984,0,1.2001573519715425e-10,0,0
65,fruit_yarn_11,2.2769056024454781e-05,3,983,984,0,1.2001573519715425e-10,0,0
65,ground,2.2769056024454781e-05,3,983,984,0,1.2001573519715425e-10,0,0
66,primitive,2.2769056024454781e-05,3,983,984,0,1.2001573519715425e-10,0,0
66,strain,2.2769056024454781e-05,3,983,984,0,1.2001573519715425e-10,0,0
66,local,2.2769056024454781e-05,3,983,984,0,0,0,0
66,fruit_pair,2.2778112232738068e-05,3,983,984,0,0,0,0
66,fruit_yarn_0,2.2778112232738068e-05,3,983,984,0,0,0,0
66,fruit_yarn_1,2.2778112232738068e-05,3,983,984,0,0,0,0
66,fruit_yarn_2,2.2778112232738068e-05,3,983,984,0,0,0,0
66,fruit_yarn_3,2.2676228070464544e-05,10,983,984,0,0,0,0
66,fruit_yarn_4,2.2676228070464544e-05,10,983,984,0,0,0,0
66,fruit_yarn_5,2.2676228070464544e-05,10,983,984,0,0,0,0
66,fruit_yarn_6,2.2676228070464544e-05,10,983,984,0,0,0,0
66,fruit_yarn_7,2.2676228070464544e-05,10,983,984,0,0,0,0
66,fruit_yarn_8,2.2676228070464544e-05,10,983,984,0,0,0,0
66,fruit_yarn_9,2.2676228070464544e-05,10,983,984,0,0,0,0
66,fruit_yarn_10,2.2590589078261281e-05,3,983,984,0,1.1904959483499677e-10,0,0
66,fruit_yarn_11,2.2590589078261281e-05,3,983,984,0,1.1904959483499677e-10,0,0
66,ground,2.2590589078261281e-05,3,983,984,0,1.1904959483499677e-10,0,0
66,local,2.2590589078261281e-05,3,983,984,0,1.0408340855860843e-17,0,0
66,fruit_pair,2.2599574287865409e-05,3,983,984,0,1.0408340855860843e-17,0,0
66,fruit_yarn_0,2.2599574287865409e-05,3,983,984,0,1.0408340855860843e-17,0,0
66,fruit_yarn_1,2.2599574287865409e-05,3,983,984,0,1.0408340855860843e-17,0,0
66,fruit_yarn_2,2.2599574287865409e-05,3,983,984,0,1.0408340855860843e-17,0,0
66,fruit_yarn_3,2.2498376372429019e-05,10,983,984,0,1.0408340855860843e-17,0,0
66,fruit_yarn_4,2.2498376372429019e-05,10,983,984,0,1.0408340855860843e-17,0,0
66,fruit_yarn_5,2.2498376372429019e-05,10,983,984,0,1.0408340855860843e-17,0,0
66,fruit_yarn_6,2.2498376372429019e-05,10,983,984,0,1.0408340855860843e-17,0,0
66,fruit_yarn_7,2.2498376372429019e-05,10,983,984,0,1.0408340855860843e-17,0,0
66,fruit_yarn_8,2.2498376372429019e-05,10,983,984,0,1.0408340855860843e-17,0,0
66,fruit_yarn_9,2.2498376372429019e-05,10,983,984,0,1.0408340855860843e-17,0,0
66,fruit_yarn_10,2.2413297793413833e-05,3,983,984,0,1.1809035867227369e-10,0,0
66,fruit_yarn_11,2.2413297793413833e-05,3,983,984,0,1.1809035867227369e-10,0,0
66,ground,2.2413297793413833e-05,3,983,984,0,1.1809035867227369e-10,0,0
67,primitive,2.2413297793413833e-05,3,983,984,0,1.1809035867227369e-10,0,0
67,strain,2.2413297793413833e-05,3,983,984,0,1.1809035867227369e-10,0,0
67,local,2.2413297793413833e-05,3,983,984,0,1.0408340855860843e-17,0,0
67,fruit_pair,2.2422212472339442e-05,3,983,984,0,1.0408340855860843e-17,0,0
67,fruit_yarn_0,2.2422212472339442e-05,3,983,984,0,1.0408340855860843e-17,0,0
67,fruit_yarn_1,2.2422212472339442e-05,3,983,984,0,1.0408340855860843e-17,0,0
67,fruit_yarn_2,2.2422212472339442e-05,3,983,984,0,1.0408340855860843e-17,0,0
67,fruit_yarn_3,2.2321698034941106e-05,10,983,984,0,1.0408340855860843e-17,0,0
67,fruit_yarn_4,2.2321698034941106e-05,10,983,984,0,1.0408340855860843e-17,0,0
67,fruit_yarn_5,2.2321698034941106e-05,10,983,984,0,1.0408340855860843e-17,0,0
67,fruit_yarn_6,2.2321698034941106e-05,10,983,984,0,1.0408340855860843e-17,0,0
67,fruit_yarn_7,2.2321698034941106e-05,10,983,984,0,1.0408340855860843e-17,0,0
67,fruit_yarn_8,2.2321698034941106e-05,10,983,984,0,1.0408340855860843e-17,0,0
67,fruit_yarn_9,2.2321698034941106e-05,10,983,984,0,1.0408340855860843e-17,0,0
67,fruit_yarn_10,2.2237177908779326e-05,3,983,984,0,1.171377803782514e-10,0,0
67,fruit_yarn_11,2.2237177908779326e-05,3,983,984,0,1.171377803782514e-10,0,0
67,ground,2.2237177908779326e-05,3,983,984,0,1.171377803782514e-10,0,0
67,local,2.2237177908779326e-05,3,983,984,0,3.6429192995512949e-17,0,0
67,fruit_pair,2.2246022523333964e-05,3,983,984,0,3.6429192995512949e-17,0,0
67,fruit_yarn_0,2.2246022523333964e-05,3,983,984,0,3.6429192995512949e-17,0,0
67,fruit_yarn_1,2.2246022523333964e-05,3,983,984,0,3.6429192995512949e-17,0,0
67,fruit_yarn_2,2.2246022523333964e-05,3,983,984,0,3.6429192995512949e-17,0,0
67,fruit_yarn_3,2.2146188777119602e-05,10,983,984,0,3.6429192995512949e-17,0,0
67,fruit_yarn_4,2.2146188777119602e-05,10,983,984,0,3.6429192995512949e-17,0,0
67,fruit_yarn_5,2.2146188777119602e-05,10,983,984,0,3.6429192995512949e-17,0,0
67,fruit_yarn_6,2.2146188777119602e-05,10,983,984,0,3.6429192995512949e-17,0,0
67,fruit_yarn_7,2.2146188777119602e-05,10,983,984,0,3.6429192995512949e-17,0,0
67,fruit_yarn_8,2.2146188777119602e-05,10,983,984,0,3.6429192995512949e-17,0,0
67,fruit_yarn_9,2.2146188777119602e-05,10,983,984,0,3.6429192995512949e-17,0,0
67,fruit_yarn_10,2.2062225122534973e-05,3,983,984,0,1.1619196403633847e-10,0,0
67,fruit_yarn_11,2.2062225122534973e-05,3,983,984,0,1.1619196403633847e-10,0,0
67,ground,2.2062225122534973e-05,3,983,984,0,1.1619196403633847e-10,0,0
68,primitive,2.2062225122534973e-05,3,983,984,0,1.1619196403633847e-10,0,0
68,strain,2.2062225122534973e-05,3,983,984,0,1.1619196403633847e-10,0,0
68,local,2.2062225122534973e-05,3,983,984,0,0,0,0
68,fruit_pair,2.2071000137277585e-05,3,983,984,0,0,0,0
68,fruit_yarn_0,2.2071000137277585e-05,3,983,984,0,0,0,0
68,fruit_yarn_1,2.2071000137277585e-05,3,983,984,0,0,0,0
68,fruit_yarn_2,2.2071000137277585e-05,3,983,984,0,0,0,0
68,fruit_yarn_3,2.1971844277865471e-05,10,983,984,0,0,0,0
68,fruit_yarn_4,2.1971844277865471e-05,10,983,984,0,0,0,0
68,fruit_yarn_5,2.1971844277865471e-05,10,983,984,0,0,0,0
68,fruit_yarn_6,2.1971844277865471e-05,10,983,984,0,0,0,0
68,fruit_yarn_7,2.1971844277865471e-05,10,983,984,0,0,0,0
68,fruit_yarn_8,2.1971844277865471e-05,10,983,984,0,0,0,0
68,fruit_yarn_9,2.1971844277865471e-05,10,983,984,0,0,0,0
68,fruit_yarn_10,2.1888435093458947e-05,3,983,984,0,1.1525270494916473e-10,0,0
68,fruit_yarn_11,2.1888435093458947e-05,3,983,984,0,1.1525270494916473e-10,0,0
68,ground,2.1888435093458947e-05,3,983,984,0,1.1525270494916473e-10,0,0
68,local,2.1888435093458947e-05,3,983,984,0,3.4694469519536142e-18,0,0
68,fruit_pair,2.1897140971269269e-05,3,983,984,0,3.4694469519536142e-18,0,0
68,fruit_yarn_0,2.1897140971269269e-05,3,983,984,0,3.4694469519536142e-18,0,0
68,fruit_yarn_1,2.1897140971269269e-05,3,983,984,0,3.4694469519536142e-18,0,0
68,fruit_yarn_2,2.1897140971269269e-05,3,983,984,0,3.4694469519536142e-18,0,0
68,fruit_yarn_3,2.1798660177263507e-05,10,983,984,0,3.4694469519536142e-18,0,0
68,fruit_yarn_4,2.1798660177263507e-05,10,983,984,0,3.4694469519536142e-18,0,0
68,fruit_yarn_5,2.1798660177263507e-05,10,983,984,0,3.4694469519536142e-18,0,0
68,fruit_yarn_6,2.1798660177263507e-05,10,983,984,0,3.4694469519536142e-18,0,0
68,fruit_yarn_7,2.1798660177263507e-05,10,983,984,0,3.4694469519536142e-18,0,0
68,fruit_yarn_8,2.1798660177263507e-05,10,983,984,0,3.4694469519536142e-18,0,0
68,fruit_yarn_9,2.1798660177263507e-05,10,983,984,0,3.4694469519536142e-18,0,0
68,fruit_yarn_10,2.171580344181856e-05,3,983,984,0,1.1432017138490735e-10,0,0
68,fruit_yarn_11,2.171580344181856e-05,3,983,984,0,1.1432017138490735e-10,0,0
68,ground,2.171580344181856e-05,3,983,984,0,1.1432017138490735e-10,0,0
69,primitive,2.171580344181856e-05,3,983,984,0,1.1432017138490735e-10,0,0
69,strain,2.171580344181856e-05,3,983,984,0,1.1432017138490735e-10,0,0
69,local,2.171580344181856e-05,3,983,984,0,0,0,0
69,fruit_pair,2.1724440643772214e-05,3,983,984,0,0,0,0
69,fruit_yarn_0,2.1724440643772214e-05,3,983,984,0,0,0,0
69,fruit_yarn_1,2.1724440643772214e-05,3,983,984,0,0,0,0
69,fruit_yarn_2,2.1724440643772214e-05,3,983,984,0,0,0,0
69,fruit_yarn_3,2.1626632077234587e-05,10,983,984,0,0,0,0
69,fruit_yarn_4,2.1626632077234587e-05,10,983,984,0,0,0,0
69,fruit_yarn_5,2.1626632077234587e-05,10,983,984,0,0,0,0
69,fruit_yarn_6,2.1626632077234587e-05,10,983,984,0,0,0,0
69,fruit_yarn_7,2.1626632077234587e-05,10,983,984,0,0,0,0
69,fruit_yarn_8,2.1626632077234587e-05,10,983,984,0,0,0,0
69,fruit_yarn_9,2.1626632077234587e-05,10,983,984,0,0,0,0
69,fruit_yarn_10,2.1544325750327831e-05,3,983,984,0,1.133942939546273e-10,0,0
69,fruit_yarn_11,2.1544325750327831e-05,3,983,984,0,1.133942939546273e-10,0,0
69,ground,2.1544325750327831e-05,3,983,984,0,1.133942939546273e-10,0,0
69,local,2.1544325750327831e-05,3,983,984,0,8.6736173798840355e-18,0,0
69,fruit_pair,2.155289473573796e-05,3,983,984,0,8.6736173798840355e-18,0,0
69,fruit_yarn_0,2.155289473573796e-05,3,983,984,0,8.6736173798840355e-18,0,0
69,fruit_yarn_1,2.155289473573796e-05,3,983,984,0,8.6736173798840355e-18,0,0
69,fruit_yarn_2,2.155289473573796e-05,3,983,984,0,8.6736173798840355e-18,0,0
69,fruit_yarn_3,2.1455755542826305e-05,10,983,984,0,8.6736173798840355e-18,0,0
69,fruit_yarn_4,2.1455755542826305e-05,10,983,984,0,8.6736173798840355e-18,0,0
69,fruit_yarn_5,2.1455755542826305e-05,10,983,984,0,8.6736173798840355e-18,0,0
69,fruit_yarn_6,2.1455755542826305e-05,10,983,984,0,8.6736173798840355e-18,0,0
69,fruit_yarn_7,2.1455755542826305e-05,10,983,984,0,8.6736173798840355e-18,0,0
69,fruit_yarn_8,2.1455755542826305e-05,10,983,984,0,8.6736173798840355e-18,0,0
69,fruit_yarn_9,2.1455755542826305e-05,10,983,984,0,8.6736173798840355e-18,0,0
69,fruit_yarn_10,2.1373997565327096e-05,3,983,984,0,1.1247503275968462e-10,0,0
69,fruit_yarn_11,2.1373997565327096e-05,3,983,984,0,1.1247503275968462e-10,0,0
69,ground,2.1373997565327096e-05,3,983,984,0,1.1247503275968462e-10,0,0
70,primitive,2.1373997565327096e-05,3,983,984,0,1.1247503275968462e-10,0,0
70,strain,2.1373997565327096e-05,3,983,984,0,1.1247503275968462e-10,0,0
70,local,2.1373997565327096e-05,3,983,984,0,0,0,0
70,fruit_pair,2.1382498791744364e-05,3,983,984,0,0,0,0
70,fruit_yarn_0,2.1382498791744364e-05,3,983,984,0,0,0,0
70,fruit_yarn_1,2.1382498791744364e-05,3,983,984,0,0,0,0
70,fruit_yarn_2,2.1382498791744364e-05,3,983,984,0,0,0,0
70,fruit_yarn_3,2.128602610323993e-05,10,983,984,0,0,0,0
70,fruit_yarn_4,2.128602610323993e-05,10,983,984,0,0,0,0
70,fruit_yarn_5,2.128602610323993e-05,10,983,984,0,0,0,0
70,fruit_yarn_6,2.128602610323993e-05,10,983,984,0,0,0,0
70,fruit_yarn_7,2.128602610323993e-05,10,983,984,0,0,0,0
70,fruit_yarn_8,2.128602610323993e-05,10,983,984,0,0,0,0
70,fruit_yarn_9,2.128602610323993e-05,10,983,984,0,0,0,0
70,fruit_yarn_10,2.1204814397726701e-05,3,983,984,0,1.1156218310270916e-10,0,0
70,fruit_yarn_11,2.1204814397726701e-05,3,983,984,0,1.1156218310270916e-10,0,0
70,ground,2.1204814397726701e-05,3,983,984,0,1.1156218310270916e-10,0,0
70,local,2.1204814397726701e-05,3,983,984,0,0,0,0
70,fruit_pair,2.1213248320953171e-05,3,983,984,0,0,0,0
70,fruit_yarn_0,2.1213248320953171e-05,3,983,984,0,0,0,0
70,fruit_yarn_1,2.1213248320953171e-05,3,983,984,0,0,0,0
70,fruit_yarn_2,2.1213248320953171e-05,3,983,984,0,0,0,0
70,fruit_yarn_3,2.1117439252746339e-05,10,983,984,0,0,0,0
70,fruit_yarn_4,2.1117439252746339e-05,10,983,984,0,0,0,0
70,fruit_yarn_5,2.1117439252746339e-05,10,983,984,0,0,0,0
70,fruit_yarn_6,2.1117439252746339e-05,10,983,984,0,0,0,0
70,fruit_yarn_7,2.1117439252746339e-05,10,983,984,0,0,0,0
70,fruit_yarn_8,2.1117439252746339e-05,10,983,984,0,0,0,0
70,fruit_yarn_9,2.1117439252746339e-05,10,983,984,0,0,0,0
70,fruit_yarn_10,2.1036771724144976e-05,3,983,984,0,1.1065590804770764e-10,0,0
70,fruit_yarn_11,2.1036771724144976e-05,3,983,984,0,1.1065590804770764e-10,0,0
70,ground,2.1036771724144976e-05,3,983,984,0,1.1065590804770764e-10,0,0
71,primitive,2.1036771724144976e-05,3,983,984,0,1.1065590804770764e-10,0,0
71,strain,2.1036771724144976e-05,3,983,984,0,1.1065590804770764e-10,0,0
71,local,2.1036771724144976e-05,3,983,984,0,0,0,0
71,fruit_pair,2.1045138798081453e-05,3,983,984,0,0,0,0
71,fruit_yarn_0,2.1045138798081453e-05,3,983,984,0,0,0,0
71,fruit_yarn_1,2.1045138798081453e-05,3,983,984,0,0,0,0
71,fruit_yarn_2,2.1045138798081453e-05,3,983,984,0,0,0,0
71,fruit_yarn_3,2.0949990451601952e-05,10,983,984,0,0,0,0
71,fruit_yarn_4,2.0949990451601952e-05,10,983,984,0,0,0,0
71,fruit_yarn_5,2.0949990451601952e-05,10,983,984,0,0,0,0
71,fruit_yarn_6,2.0949990451601952e-05,10,983,984,0,0,0,0
71,fruit_yarn_7,2.0949990451601952e-05,10,983,984,0,0,0,0
71,fruit_yarn_8,2.0949990451601952e-05,10,983,984,0,0,0,0
71,fruit_yarn_9,2.0949990451601952e-05,10,983,984,0,0,0,0
71,fruit_yarn_10,2.0869864987560494e-05,3,983,984,0,1.0975619545161575e-10,0,0
71,fruit_yarn_11,2.0869864987560494e-05,3,983,984,0,1.0975619545161575e-10,0,0
71,ground,2.0869864987560494e-05,3,983,984,0,1.0975619545161575e-10,0,0
71,local,2.0869864987560494e-05,3,983,984,0,4.3368086899420177e-17,0,0
71,fruit_pair,2.0878165664373061e-05,3,983,984,0,4.3368086899420177e-17,0,0
71,fruit_yarn_0,2.0878165664373061e-05,3,983,984,0,4.3368086899420177e-17,0,0
71,fruit_yarn_1,2.0878165664373061e-05,3,983,984,0,4.3368086899420177e-17,0,0
71,fruit_yarn_2,2.0878165664373061e-05,3,983,984,0,4.3368086899420177e-17,0,0
71,fruit_yarn_3,2.0783675127269974e-05,10,983,984,0,4.3368086899420177e-17,0,0
71,fruit_yarn_4,2.0783675127269974e-05,10,983,984,0,4.3368086899420177e-17,0,0
71,fruit_yarn_5,2.0783675127269974e-05,10,983,984,0,4.3368086899420177e-17,0,0
71,fruit_yarn_6,2.0783675127269974e-05,10,983,984,0,4.3368086899420177e-17,0,0
71,fruit_yarn_7,2.0783675127269974e-05,10,983,984,0,4.3368086899420177e-17,0,0
71,fruit_yarn_8,2.0783675127269974e-05,10,983,984,0,4.3368086899420177e-17,0,0
71,fruit_yarn_9,2.0783675127269974e-05,10,983,984,0,4.3368086899420177e-17,0,0
71,fruit_yarn_10,2.0704089598658215e-05,3,983,984,0,1.0886297766021791e-10,0,0
71,fruit_yarn_11,2.0704089598658215e-05,3,983,984,0,1.0886297766021791e-10,0,0
71,ground,2.0704089598658215e-05,3,983,984,0,1.0886297766021791e-10,0,0
72,primitive,2.0704089598658215e-05,3,983,984,0,1.0886297766021791e-10,0,0
72,strain,2.0704089598658215e-05,3,983,984,0,1.0886297766021791e-10,0,0
72,local,2.0704089598658215e-05,3,983,984,0,2.4286128663675299e-17,0,0
72,fruit_pair,2.0712324328625575e-05,3,983,984,0,2.4286128663675299e-17,0,0
72,fruit_yarn_0,2.0712324328625575e-05,3,983,984,0,2.4286128663675299e-17,0,0
72,fruit_yarn_1,2.0712324328625575e-05,3,983,984,0,2.4286128663675299e-17,0,0
72,fruit_yarn_2,2.0712324328625575e-05,3,983,984,0,2.4286128663675299e-17,0,0
72,fruit_yarn_3,2.0618488675155922e-05,10,983,984,0,2.4286128663675299e-17,0,0
72,fruit_yarn_4,2.0618488675155922e-05,10,983,984,0,2.4286128663675299e-17,0,0
72,fruit_yarn_5,2.0618488675155922e-05,10,983,984,0,2.4286128663675299e-17,0,0
72,fruit_yarn_6,2.0618488675155922e-05,10,983,984,0,2.4286128663675299e-17,0,0
72,fruit_yarn_7,2.0618488675155922e-05,10,983,984,0,2.4286128663675299e-17,0,0
72,fruit_yarn_8,2.0618488675155922e-05,10,983,984,0,2.4286128663675299e-17,0,0
72,fruit_yarn_9,2.0618488675155922e-05,10,983,984,0,2.4286128663675299e-17,0,0
72,fruit_yarn_10,2.0539440936648279e-05,3,983,984,0,1.0797608467061348e-10,0,0
72,fruit_yarn_11,2.0539440936648279e-05,3,983,984,0,1.0797608467061348e-10,0,0
72,ground,2.0539440936648279e-05,3,983,984,0,1.0797608467061348e-10,0,0
72,local,2.0539440936648279e-05,3,983,984,0,1.5612511283791264e-17,0,0
72,fruit_pair,2.0547610168245023e-05,3,983,984,0,1.5612511283791264e-17,0,0
72,fruit_yarn_0,2.0547610168245023e-05,3,983,984,0,1.5612511283791264e-17,0,0
72,fruit_yarn_1,2.0547610168245023e-05,3,983,984,0,1.5612511283791264e-17,0,0
72,fruit_yarn_2,2.0547610168245023e-05,3,983,984,0,1.5612511283791264e-17,0,0
72,fruit_yarn_3,2.0454426459814989e-05,10,983,984,0,1.5612511283791264e-17,0,0
72,fruit_yarn_4,2.0454426459814989e-05,10,983,984,0,1.5612511283791264e-17,0,0
72,fruit_yarn_5,2.0454426459814989e-05,10,983,984,0,1.5612511283791264e-17,0,0
72,fruit_yarn_6,2.0454426459814989e-05,10,983,984,0,1.5612511283791264e-17,0,0
72,fruit_yarn_7,2.0454426459814989e-05,10,983,984,0,1.5612511283791264e-17,0,0
72,fruit_yarn_8,2.0454426459814989e-05,10,983,984,0,1.5612511283791264e-17,0,0
72,fruit_yarn_9,2.0454426459814989e-05,10,983,984,0,1.5612511283791264e-17,0,0
72,fruit_yarn_10,2.0375914350195812e-05,3,983,984,0,1.0709553903420765e-10,0,0
72,fruit_yarn_11,2.0375914350195812e-05,3,983,984,0,1.0709553903420765e-10,0,0
72,ground,2.0375914350195812e-05,3,983,984,0,1.0709553903420765e-10,0,0
73,primitive,2.0375914350195812e-05,3,983,984,0,1.0709553903420765e-10,0,0
73,strain,2.0375914350195812e-05,3,983,984,0,1.0709553903420765e-10,0,0
73,local,2.0375914350195812e-05,3,983,984,0,2.9490299091605721e-17,0,0
73,fruit_pair,2.0384018530050785e-05,3,983,984,0,2.9490299091605721e-17,0,0
73,fruit_yarn_0,2.0384018530050785e-05,3,983,984,0,2.9490299091605721e-17,0,0
73,fruit_yarn_1,2.0384018530050785e-05,3,983,984,0,2.9490299091605721e-17,0,0
73,fruit_yarn_2,2.0384018530050785e-05,3,983,984,0,2.9490299091605721e-17,0,0
73,fruit_yarn_3,2.0291483815770839e-05,10,983,984,0,2.9490299091605721e-17,0,0
73,fruit_yarn_4,2.0291483815770839e-05,10,983,984,0,2.9490299091605721e-17,0,0
73,fruit_yarn_5,2.0291483815770839e-05,10,983,984,0,2.9490299091605721e-17,0,0
73,fruit_yarn_6,2.0291483815770839e-05,10,983,984,0,2.9490299091605721e-17,0,0
73,fruit_yarn_7,2.0291483815770839e-05,10,983,984,0,2.9490299091605721e-17,0,0
73,fruit_yarn_8,2.0291483815770839e-05,10,983,984,0,2.9490299091605721e-17,0,0
73,fruit_yarn_9,2.0291483815770839e-05,10,983,984,0,2.9490299091605721e-17,0,0
73,fruit_yarn_10,2.0213505158572787e-05,3,983,984,0,1.062214361607916e-10,0,0
73,fruit_yarn_11,2.0213505158572787e-05,3,983,984,0,1.062214361607916e-10,0,0
73,ground,2.0213505158572787e-05,3,983,984,0,1.062214361607916e-10,0,0
73,local,2.0213505158572787e-05,3,983,984,0,3.9898639947466563e-17,0,0
73,fruit_pair,2.0221544731344188e-05,3,983,984,0,3.9898639947466563e-17,0,0
73,fruit_yarn_0,2.0221544731344188e-05,3,983,984,0,3.9898639947466563e-17,0,0
73,fruit_yarn_1,2.0221544731344188e-05,3,983,984,0,3.9898639947466563e-17,0,0
73,fruit_yarn_2,2.0221544731344188e-05,3,983,984,0,3.9898639947466563e-17,0,0
73,fruit_yarn_3,2.0129656048417655e-05,10,983,984,0,3.9898639947466563e-17,0,0
73,fruit_yarn_4,2.0129656048417655e-05,10,983,984,0,3.9898639947466563e-17,0,0
73,fruit_yarn_5,2.0129656048417655e-05,10,983,984,0,3.9898639947466563e-17,0,0
73,fruit_yarn_6,2.0129656048417655e-05,10,983,984,0,3.9898639947466563e-17,0,0
73,fruit_yarn_7,2.0129656048417655e-05,10,983,984,0,3.9898639947466563e-17,0,0
73,fruit_yarn_8,2.0129656048417655e-05,10,983,984,0,3.9898639947466563e-17,0,0
73,fruit_yarn_9,2.0129656048417655e-05,10,983,984,0,3.9898639947466563e-17,0,0
73,fruit_yarn_10,2.0052208652296399e-05,3,983,984,0,1.0535368757946806e-10,0,0
73,fruit_yarn_11,2.0052208652296399e-05,3,983,984,0,1.0535368757946806e-10,0,0
73,ground,2.0052208652296399e-05,3,983,984,0,1.0535368757946806e-10,0,0
74,primitive,2.0052208652296399e-05,3,983,984,0,1.0535368757946806e-10,0,0
74,strain,2.0052208652296399e-05,3,983,984,0,1.0535368757946806e-10,0,0
74,local,2.0052208652296399e-05,3,983,984,0,0,0,0
74,fruit_pair,2.006018406093546e-05,3,983,984,0,0,0,0
74,fruit_yarn_0,2.006018406093546e-05,3,983,984,0,0,0,0
74,fruit_yarn_1,2.006018406093546e-05,3,983,984,0,0,0,0
74,fruit_yarn_2,2.006018406093546e-05,3,983,984,0,0,0,0
74,fruit_yarn_3,1.9968938435185879e-05,10,983,984,0,0,0,0
74,fruit_yarn_4,1.9968938435185879e-05,10,983,984,0,0,0,0
74,fruit_yarn_5,1.9968938435185879e-05,10,983,984,0,0,0,0
74,fruit_yarn_6,1.9968938435185879e-05,10,983,984,0,0,0,0
74,fruit_yarn_7,1.9968938435185879e-05,10,983,984,0,0,0,0
74,fruit_yarn_8,1.9968938435185879e-05,10,983,984,0,0,0,0
74,fruit_yarn_9,1.9968938435185879e-05,10,983,984,0,0,0,0
74,fruit_yarn_10,1.9892020094419705e-05,3,983,984,0,1.0449209379703728e-10,0,0
74,fruit_yarn_11,1.9892020094419705e-05,3,983,984,0,1.0449209379703728e-10,0,0
74,ground,1.9892020094419705e-05,3,983,984,0,1.0449209379703728e-10,0,0
74,local,1.9892020094419705e-05,3,983,984,0,0,0,0
74,fruit_pair,1.9899931779768232e-05,3,983,984,0,0,0,0
74,fruit_yarn_0,1.9899931779768232e-05,3,983,984,0,0,0,0
74,fruit_yarn_1,1.9899931779768232e-05,3,983,984,0,0,0,0
74,fruit_yarn_2,1.9899931779768232e-05,3,983,984,0,0,0,0
74,fruit_yarn_3,1.9809326226166712e-05,10,983,984,0,0,0,0
74,fruit_yarn_4,1.9809326226166712e-05,10,983,984,0,0,0,0
74,fruit_yarn_5,1.9809326226166712e-05,10,983,984,0,0,0,0
74,fruit_yarn_6,1.9809326226166712e-05,10,983,984,0,0,0,0
74,fruit_yarn_7,1.9809326226166712e-05,10,983,984,0,0,0,0
74,fruit_yarn_8,1.9809326226166712e-05,10,983,984,0,0,0,0
74,fruit_yarn_9,1.9809326226166712e-05,10,983,984,0,0,0,0
74,fruit_yarn_10,1.9732934721197748e-05,3,983,984,0,1.0363684389835814e-10,0,0
74,fruit_yarn_11,1.9732934721197748e-05,3,983,984,0,1.0363684389835814e-10,0,0
74,ground,1.9732934721197748e-05,3,983,984,0,1.0363684389835814e-10,0,0
75,primitive,1.9732934721197748e-05,3,983,984,0,1.0363684389835814e-10,0,0
75,strain,1.9732934721197748e-05,3,983,984,0,1.0363684389835814e-10,0,0
75,local,1.9732934721197748e-05,3,983,984,0,2.2551405187698492e-17,0,0
75,fruit_pair,1.9740783122404459e-05,3,983,984,0,2.2551405187698492e-17,0,0
75,fruit_yarn_0,1.9740783122404459e-05,3,983,984,0,2.2551405187698492e-17,0,0
75,fruit_yarn_1,1.9740783122404459e-05,3,983,984,0,2.2551405187698492e-17,0,0
75,fruit_yarn_2,1.9740783122404459e-05,3,983,984,0,2.2551405187698492e-17,0,0
75,fruit_yarn_3,1.9650814645430503e-05,10,983,984,0,2.2551405187698492e-17,0,0
75,fruit_yarn_4,1.9650814645430503e-05,10,983,984,0,2.2551405187698492e-17,0,0
75,fruit_yarn_5,1.9650814645430503e-05,10,983,984,0,2.2551405187698492e-17,0,0
75,fruit_yarn_6,1.9650814645430503e-05,10,983,984,0,2.2551405187698492e-17,0,0
75,fruit_yarn_7,1.9650814645430503e-05,10,983,984,0,2.2551405187698492e-17,0,0
75,fruit_yarn_8,1.9650814645430503e-05,10,983,984,0,2.2551405187698492e-17,0,0
75,fruit_yarn_9,1.9650814645430503e-05,10,983,984,0,2.2551405187698492e-17,0,0
75,fruit_yarn_10,1.957494774307289e-05,3,983,984,0,1.0278788931117333e-10,0,0
75,fruit_yarn_11,1.957494774307289e-05,3,983,984,0,1.0278788931117333e-10,0,0
75,ground,1.957494774307289e-05,3,983,984,0,1.0278788931117333e-10,0,0
75,local,1.957494774307289e-05,3,983,984,0,1.9081958235744878e-17,0,0
75,fruit_pair,1.9582733297315857e-05,3,983,984,0,1.9081958235744878e-17,0,0
75,fruit_yarn_0,1.9582733297315857e-05,3,983,984,0,1.9081958235744878e-17,0,0
75,fruit_yarn_1,1.9582733297315857e-05,3,983,984,0,1.9081958235744878e-17,0,0
75,fruit_yarn_2,1.9582733297315857e-05,3,983,984,0,1.9081958235744878e-17,0,0
75,fruit_yarn_3,1.9493398891623492e-05,10,983,984,0,1.9081958235744878e-17,0,0
75,fruit_yarn_4,1.9493398891623492e-05,10,983,984,0,1.9081958235744878e-17,0,0
75,fruit_yarn_5,1.9493398891623492e-05,10,983,984,0,1.9081958235744878e-17,0,0
75,fruit_yarn_6,1.9493398891623492e-05,10,983,984,0,1.9081958235744878e-17,0,0
75,fruit_yarn_7,1.9493398891623492e-05,10,983,984,0,1.9081958235744878e-17,0,0
75,fruit_yarn_8,1.9493398891623492e-05,10,983,984,0,1.9081958235744878e-17,0,0
75,fruit_yarn_9,1.9493398891623492e-05,10,983,984,0,1.9081958235744878e-17,0,0
75,fruit_yarn_10,1.9418054345771152e-05,3,983,984,0,1.0194505656313524e-10,0,0
75,fruit_yarn_11,1.9418054345771152e-05,3,983,984,0,1.0194505656313524e-10,0,0
75,ground,1.9418054345771152e-05,3,983,984,0,1.0194505656313524e-10,0,0
76,primitive,1.9418054345771152e-05,3,983,984,0,1.0194505656313524e-10,0,0
76,strain,1.9418054345771152e-05,3,983,984,0,1.0194505656313524e-10,0,0
76,local,1.9418054345771152e-05,3,983,984,0,6.9388939039072284e-18,0,0
76,fruit_pair,1.9425777488202289e-05,3,983,984,0,6.9388939039072284e-18,0,0
76,fruit_yarn_0,1.9425777488202289e-05,3,983,984,0,6.9388939039072284e-18,0,0
76,fruit_yarn_1,1.9425777488202289e-05,3,983,984,0,6.9388939039072284e-18,0,0
76,fruit_yarn_2,1.9425777488202289e-05,3,983,984,0,6.9388939039072284e-18,0,0
76,fruit_yarn_3,1.933707413886987e-05,10,983,984,0,6.9388939039072284e-18,0,0
76,fruit_yarn_4,1.933707413886987e-05,10,983,984,0,6.9388939039072284e-18,0,0
76,fruit_yarn_5,1.933707413886987e-05,10,983,984,0,6.9388939039072284e-18,0,0
76,fruit_yarn_6,1.933707413886987e-05,10,983,984,0,6.9388939039072284e-18,0,0
76,fruit_yarn_7,1.933707413886987e-05,10,983,984,0,6.9388939039072284e-18,0,0
76,fruit_yarn_8,1.933707413886987e-05,10,983,984,0,6.9388939039072284e-18,0,0
76,fruit_yarn_9,1.933707413886987e-05,10,983,984,0,6.9388939039072284e-18,0,0
76,fruit_yarn_10,1.9262249690774058e-05,3,983,984,0,1.011083508584143e-10,0,0
76,fruit_yarn_11,1.9262249690774058e-05,3,983,984,0,1.011083508584143e-10,0,0
76,ground,1.9262249690774058e-05,3,983,984,0,1.011083508584143e-10,0,0
76,local,1.9262249690774058e-05,3,983,984,0,1.0408340855860843e-17,0,0
76,fruit_pair,1.9269910854796679e-05,3,983,984,0,1.0408340855860843e-17,0,0
76,fruit_yarn_0,1.9269910854796679e-05,3,983,984,0,1.0408340855860843e-17,0,0
76,fruit_yarn_1,1.9269910854796679e-05,3,983,984,0,1.0408340855860843e-17,0,0
76,fruit_yarn_2,1.9269910854796679e-05,3,983,984,0,1.0408340855860843e-17,0,0
76,fruit_yarn_3,1.9181835537909753e-05,10,983,984,0,1.0408340855860843e-17,0,0
76,fruit_yarn_4,1.9181835537909753e-05,10,983,984,0,1.0408340855860843e-17,0,0
76,fruit_yarn_5,1.9181835537909753e-05,10,983,984,0,1.0408340855860843e-17,0,0
76,fruit_yarn_6,1.9181835537909753e-05,10,983,984,0,1.0408340855860843e-17,0,0
76,fruit_yarn_7,1.9181835537909753e-05,10,983,984,0,1.0408340855860843e-17,0,0
76,fruit_yarn_8,1.9181835537909753e-05,10,983,984,0,1.0408340855860843e-17,0,0
76,fruit_yarn_9,1.9181835537909753e-05,10,983,984,0,1.0408340855860843e-17,0,0
76,fruit_yarn_10,1.9107528916831318e-05,3,983,984,0,1.0027783811650259e-10,0,0
76,fruit_yarn_11,1.9107528916831318e-05,3,983,984,0,1.0027783811650259e-10,0,0
76,ground,1.9107528916831318e-05,3,983,984,0,1.0027783811650259e-10,0,0
77,primitive,1.9107528916831318e-05,3,983,984,0,1.0027783811650259e-10,0,0
77,strain,1.9107528916831318e-05,3,983,984,0,1.0027783811650259e-10,0,0
77,local,1.9107528916831318e-05,3,983,984,0,0,0,0
77,fruit_pair,1.9115128533767067e-05,3,983,984,0,0,0,0
77,fruit_yarn_0,1.9115128533767067e-05,3,983,984,0,0,0,0
77,fruit_yarn_1,1.9115128533767067e-05,3,983,984,0,0,0,0
77,fruit_yarn_2,1.9115128533767067e-05,3,983,984,0,0,0,0
77,fruit_yarn_3,1.9027678216876343e-05,10,983,984,0,0,0,0
77,fruit_yarn_4,1.9027678216876343e-05,10,983,984,0,0,0,0
77,fruit_yarn_5,1.9027678216876343e-05,10,983,984,0,0,0,0
77,fruit_yarn_6,1.9027678216876343e-05,10,983,984,0,0,0,0
77,fruit_yarn_7,1.9027678216876343e-05,10,983,984,0,0,0,0
77,fruit_yarn_8,1.9027678216876343e-05,10,983,984,0,0,0,0
77,fruit_yarn_9,1.9027678216876343e-05,10,983,984,0,0,0,0
77,fruit_yarn_10,1.8953887140196746e-05,3,983,984,0,9.945336568173424e-11,0,0
77,fruit_yarn_11,1.8953887140196746e-05,3,983,984,0,9.945336568173424e-11,0,0
77,ground,1.8953887140196746e-05,3,983,984,0,9.945336568173424e-11,0,0
77,local,1.8953887140196746e-05,3,983,984,0,0,0,0
77,fruit_pair,1.8961425639424379e-05,3,983,984,0,0,0,0
77,fruit_yarn_0,1.8961425639424379e-05,3,983,984,0,0,0,0
77,fruit_yarn_1,1.8961425639424379e-05,3,983,984,0,0,0,0
77,fruit_yarn_2,1.8961425639424379e-05,3,983,984,0,0,0,0
77,fruit_yarn_3,1.887459728194818e-05,10,983,984,0,0,0,0
77,fruit_yarn_4,1.887459728194818e-05,10,983,984,0,0,0,0
77,fruit_yarn_5,1.887459728194818e-05,10,983,984,0,0,0,0
77,fruit_yarn_6,1.887459728194818e-05,10,983,984,0,0,0,0
77,fruit_yarn_7,1.887459728194818e-05,10,983,984,0,0,0,0
77,fruit_yarn_8,1.887459728194818e-05,10,983,984,0,0,0,0
77,fruit_yarn_9,1.887459728194818e-05,10,983,984,0,0,0,0
77,fruit_yarn_10,1.8801319455932775e-05,3,983,984,0,9.8634956105514426e-11,0,0
77,fruit_yarn_11,1.8801319455932775e-05,3,983,984,0,9.8634956105514426e-11,0,0
77,ground,1.8801319455932775e-05,3,983,984,0,9.8634956105514426e-11,0,0
78,primitive,1.8801319455932775e-05,3,983,984,0,9.8634956105514426e-11,0,0
78,strain,1.8801319455932775e-05,3,983,984,0,9.8634956105514426e-11,0,0
78,local,1.8801319455932775e-05,3,983,984,0,0,0,0
78,fruit_pair,1.88087972649853e-05,3,983,984,0,0,0,0
78,fruit_yarn_0,1.88087972649853e-05,3,983,984,0,0,0,0
78,fruit_yarn_1,1.88087972649853e-05,3,983,984,0,0,0,0
78,fruit_yarn_2,1.88087972649853e-05,3,983,984,0,0,0,0
78,fruit_yarn_3,1.8722587818709169e-05,10,983,984,0,0,0,0
78,fruit_yarn_4,1.8722587818709169e-05,10,983,984,0,0,0,0
78,fruit_yarn_5,1.8722587818709169e-05,10,983,984,0,0,0,0
78,fruit_yarn_6,1.8722587818709169e-05,10,983,984,0,0,0,0
78,fruit_yarn_7,1.8722587818709169e-05,10,983,984,0,0,0,0
78,fruit_yarn_8,1.8722587818709169e-05,10,983,984,0,0,0,0
78,fruit_yarn_9,1.8722587818709169e-05,10,983,984,0,0,0,0
78,fruit_yarn_10,1.8649820938729245e-05,3,983,984,0,9.7822628469801387e-11,0,0
78,fruit_yarn_11,1.8649820938729245e-05,3,983,984,0,9.7822628469801387e-11,0,0
78,ground,1.8649820938729245e-05,3,983,984,0,9.7822628469801387e-11,0,0
78,local,1.8649820938729245e-05,3,983,984,0,3.2959746043559335e-17,0,0
78,fruit_pair,1.8657238483002492e-05,3,983,984,0,3.2959746043559335e-17,0,0
78,fruit_yarn_0,1.8657238483002492e-05,3,983,984,0,3.2959746043559335e-17,0,0
78,fruit_yarn_1,1.8657238483002492e-05,3,983,984,0,3.2959746043559335e-17,0,0
78,fruit_yarn_2,1.8657238483002492e-05,3,983,984,0,3.2959746043559335e-17,0,0
78,fruit_yarn_3,1.8571644892398376e-05,10,983,984,0,3.2959746043559335e-17,0,0
78,fruit_yarn_4,1.8571644892398376e-05,10,983,984,0,3.2959746043559335e-17,0,0
78,fruit_yarn_5,1.8571644892398376e-05,10,983,984,0,3.2959746043559335e-17,0,0
78,fruit_yarn_6,1.8571644892398376e-05,10,983,984,0,3.2959746043559335e-17,0,0
78,fruit_yarn_7,1.8571644892398376e-05,10,983,984,0,3.2959746043559335e-17,0,0
78,fruit_yarn_8,1.8571644892398376e-05,10,983,984,0,3.2959746043559335e-17,0,0
78,fruit_yarn_9,1.8571644892398376e-05,10,983,984,0,3.2959746043559335e-17,0,0
78,fruit_yarn_10,1.8499386643486271e-05,3,983,984,0,9.701637930514817e-11,0,0
78,fruit_yarn_11,1.8499386643486271e-05,3,983,984,0,9.701637930514817e-11,0,0
78,ground,1.8499386643486271e-05,3,983,984,0,9.701637930514817e-11,0,0
79,primitive,1.8499386643486271e-05,3,983,984,0,9.701637930514817e-11,0,0
79,strain,1.8499386643486271e-05,3,983,984,0,9.701637930514817e-11,0,0
79,local,1.8499386643486271e-05,3,983,984,0,0,0,0
79,fruit_pair,1.8506744346585835e-05,3,983,984,0,0,0,0
79,fruit_yarn_0,1.8506744346585835e-05,3,983,984,0,0,0,0
79,fruit_yarn_1,1.8506744346585835e-05,3,983,984,0,0,0,0
79,fruit_yarn_2,1.8506744346585835e-05,3,983,984,0,0,0,0
79,fruit_yarn_3,1.8421763549408832e-05,10,983,984,0,0,0,0
79,fruit_yarn_4,1.8421763549408832e-05,10,983,984,0,0,0,0
79,fruit_yarn_5,1.8421763549408832e-05,10,983,984,0,0,0,0
79,fruit_yarn_6,1.8421763549408832e-05,10,983,984,0,0,0,0
79,fruit_yarn_7,1.8421763549408832e-05,10,983,984,0,0,0,0
79,fruit_yarn_8,1.8421763549408832e-05,10,983,984,0,0,0,0
79,fruit_yarn_9,1.8421763549408832e-05,10,983,984,0,0,0,0
79,fruit_yarn_10,1.8350011606424466e-05,3,983,984,0,9.6215950137756856e-11,0,0
79,fruit_yarn_11,1.8350011606424466e-05,3,983,984,0,9.6215950137756856e-11,0,0
79,ground,1.8350011606424466e-05,3,983,984,0,9.6215950137756856e-11,0,0
79,local,1.8350011606424466e-05,3,983,984,0,3.8163916471489756e-17,0,0
79,fruit_pair,1.8357309889846518e-05,3,983,984,0,3.8163916471489756e-17,0,0
79,fruit_yarn_0,1.8357309889846518e-05,3,983,984,0,3.8163916471489756e-17,0,0
79,fruit_yarn_1,1.8357309889846518e-05,3,983,984,0,3.8163916471489756e-17,0,0
79,fruit_yarn_2,1.8357309889846518e-05,3,983,984,0,3.8163916471489756e-17,0,0
79,fruit_yarn_3,1.8272938817481821e-05,10,983,984,0,3.8163916471489756e-17,0,0
79,fruit_yarn_4,1.8272938817481821e-05,10,983,984,0,3.8163916471489756e-17,0,0
79,fruit_yarn_5,1.8272938817481821e-05,10,983,984,0,3.8163916471489756e-17,0,0
79,fruit_yarn_6,1.8272938817481821e-05,10,983,984,0,3.8163916471489756e-17,0,0
79,fruit_yarn_7,1.8272938817481821e-05,10,983,984,0,3.8163916471489756e-17,0,0
79,fruit_yarn_8,1.8272938817481821e-05,10,983,984,0,3.8163916471489756e-17,0,0
79,fruit_yarn_9,1.8272938817481821e-05,10,983,984,0,3.8163916471489756e-17,0,0
79,fruit_yarn_10,1.8201690845903729e-05,3,983,984,0,9.5421559542785417e-11,0,0
79,fruit_yarn_11,1.8201690845903729e-05,3,983,984,0,9.5421559542785417e-11,0,0
79,ground,1.8201690845903729e-05,3,983,984,0,9.5421559542785417e-11,0,0
80,primitive,1.8201690845903729e-05,3,983,984,0,9.5421559542785417e-11,0,0
80,strain,1.8201690845903729e-05,3,983,984,0,9.5421559542785417e-11,0,0
80,local,1.8201690845903729e-05,3,983,984,0,5.2041704279304213e-18,0,0
80,fruit_pair,1.8208930129229306e-05,3,983,984,0,5.2041704279304213e-18,0,0
80,fruit_yarn_0,1.8208930129229306e-05,3,983,984,0,5.2041704279304213e-18,0,0
80,fruit_yarn_1,1.8208930129229306e-05,3,983,984,0,5.2041704279304213e-18,0,0
80,fruit_yarn_2,1.8208930129229306e-05,3,983,984,0,5.2041704279304213e-18,0,0
80,fruit_yarn_3,1.8125165707080781e-05,10,983,984,0,5.2041704279304213e-18,0,0
80,fruit_yarn_4,1.8125165707080781e-05,10,983,984,0,5.2041704279304213e-18,0,0
80,fruit_yarn_5,1.8125165707080781e-05,10,983,984,0,5.2041704279304213e-18,0,0
80,fruit_yarn_6,1.8125165707080781e-05,10,983,984,0,5.2041704279304213e-18,0,0
80,fruit_yarn_7,1.8125165707080781e-05,10,983,984,0,5.2041704279304213e-18,0,0
80,fruit_yarn_8,1.8125165707080781e-05,10,983,984,0,5.2041704279304213e-18,0,0
80,fruit_yarn_9,1.8125165707080781e-05,10,983,984,0,5.2041704279304213e-18,0,0
80,fruit_yarn_10,1.8054419363075502e-05,3,983,984,0,9.4632968128394168e-11,0,0
80,fruit_yarn_11,1.8054419363075502e-05,3,983,984,0,9.4632968128394168e-11,0,0
80,ground,1.8054419363075502e-05,3,983,984,0,9.4632968128394168e-11,0,0
80,local,1.8054419363075502e-05,3,983,984,0,0,0,0
80,fruit_pair,1.8061600063901118e-05,3,983,984,0,0,0,0
80,fruit_yarn_0,1.8061600063901118e-05,3,983,984,0,0,0,0
80,fruit_yarn_1,1.8061600063901118e-05,3,983,984,0,0,0,0
80,fruit_yarn_2,1.8061600063901118e-05,3,983,984,0,0,0,0
80,fruit_yarn_3,1.7978439211877029e-05,10,983,984,0,0,0,0
80,fruit_yarn_4,1.7978439211877029e-05,10,983,984,0,0,0,0
80,fruit_yarn_5,1.7978439211877029e-05,10,983,984,0,0,0,0
80,fruit_yarn_6,1.7978439211877029e-05,10,983,984,0,0,0,0
80,fruit_yarn_7,1.7978439211877029e-05,10,983,984,0,0,0,0
80,fruit_yarn_8,1.7978439211877029e-05,10,983,984,0,0,0,0
80,fruit_yarn_9,1.7978439211877029e-05,10,983,984,0,0,0,0
80,fruit_yarn_10,1.7908192142881973e-05,3,983,984,0,9.3850214058499581e-11,0,0
80,fruit_yarn_11,1.7908192142881973e-05,3,983,984,0,9.3850214058499581e-11,0,0
80,ground,1.7908192142881973e-05,3,983,984,0,9.3850214058499581e-11,0,0
81,primitive,1.7908192142881973e-05,3,983,984,0,9.3850214058499581e-11,0,0
81,strain,1.7908192142881973e-05,3,983,984,0,9.3850214058499581e-11,0,0
81,local,1.7908192142881973e-05,3,983,984,0,1.214306433183765e-17,0,0
81,fruit_pair,1.7915314676750227e-05,3,983,984,0,1.214306433183765e-17,0,0
81,fruit_yarn_0,1.7915314676750227e-05,3,983,984,0,1.214306433183765e-17,0,0
81,fruit_yarn_1,1.7915314676750227e-05,3,983,984,0,1.214306433183765e-17,0,0
81,fruit_yarn_2,1.7915314676750227e-05,3,983,984,0,1.214306433183765e-17,0,0
81,fruit_yarn_3,1.7832754309624055e-05,10,983,984,0,1.214306433183765e-17,0,0
81,fruit_yarn_4,1.7832754309624055e-05,10,983,984,0,1.214306433183765e-17,0,0
81,fruit_yarn_5,1.7832754309624055e-05,10,983,984,0,1.214306433183765e-17,0,0
81,fruit_yarn_6,1.7832754309624055e-05,10,983,984,0,1.214306433183765e-17,0,0
81,fruit_yarn_7,1.7832754309624055e-05,10,983,984,0,1.214306433183765e-17,0,0
81,fruit_yarn_8,1.7832754309624055e-05,10,983,984,0,1.214306433183765e-17,0,0
81,fruit_yarn_9,1.7832754309624055e-05,10,983,984,0,1.214306433183765e-17,0,0
81,fruit_yarn_10,1.7763004154722206e-05,3,983,984,0,9.3073423967915403e-11,0,0
81,fruit_yarn_11,1.7763004154722206e-05,3,983,984,0,9.3073423967915403e-11,0,0
81,ground,1.7763004154722206e-05,3,983,984,0,9.3073423967915403e-11,0,0
81,local,1.7763004154722206e-05,3,983,984,0,5.2041704279304213e-18,0,0
81,fruit_pair,1.7770068935135663e-05,3,983,984,0,5.2041704279304213e-18,0,0
81,fruit_yarn_0,1.7770068935135663e-05,3,983,984,0,5.2041704279304213e-18,0,0
81,fruit_yarn_1,1.7770068935135663e-05,3,983,984,0,5.2041704279304213e-18,0,0
81,fruit_yarn_2,1.7770068935135663e-05,3,983,984,0,5.2041704279304213e-18,0,0
81,fruit_yarn_3,1.7688105962948564e-05,10,983,984,0,5.2041704279304213e-18,0,0
81,fruit_yarn_4,1.7688105962948564e-05,10,983,984,0,5.2041704279304213e-18,0,0
81,fruit_yarn_5,1.7688105962948564e-05,10,983,984,0,5.2041704279304213e-18,0,0
81,fruit_yarn_6,1.7688105962948564e-05,10,983,984,0,5.2041704279304213e-18,0,0
81,fruit_yarn_7,1.7688105962948564e-05,10,983,984,0,5.2041704279304213e-18,0,0
81,fruit_yarn_8,1.7688105962948564e-05,10,983,984,0,5.2041704279304213e-18,0,0
81,fruit_yarn_9,1.7688105962948564e-05,10,983,984,0,5.2041704279304213e-18,0,0
81,fruit_yarn_10,1.7618850353187665e-05,3,983,984,0,9.2302382750930612e-11,0,0
81,fruit_yarn_11,1.7618850353187665e-05,3,983,984,0,9.2302382750930612e-11,0,0
81,ground,1.7618850353187665e-05,3,983,984,0,9.2302382750930612e-11,0,0
82,primitive,1.7618850353187665e-05,3,983,984,0,9.2302382750930612e-11,0,0
82,strain,1.7618850353187665e-05,3,983,984,0,9.2302382750930612e-11,0,0
82,local,1.7618850353187665e-05,3,983,984,0,1.7347234759768071e-17,0,0
82,fruit_pair,1.7625857791719879e-05,3,983,984,0,1.7347234759768071e-17,0,0
82,fruit_yarn_0,1.7625857791719879e-05,3,983,984,0,1.7347234759768071e-17,0,0
82,fruit_yarn_1,1.7625857791719879e-05,3,983,984,0,1.7347234759768071e-17,0,0
82,fruit_yarn_2,1.7625857791719879e-05,3,983,984,0,1.7347234759768071e-17,0,0
82,fruit_yarn_3,1.7544489120321916e-05,10,983,984,0,1.7347234759768071e-17,0,0
82,fruit_yarn_4,1.7544489120321916e-05,10,983,984,0,1.7347234759768071e-17,0,0
82,fruit_yarn_5,1.7544489120321916e-05,10,983,984,0,1.7347234759768071e-17,0,0
82,fruit_yarn_6,1.7544489120321916e-05,10,983,984,0,1.7347234759768071e-17,0,0
82,fruit_yarn_7,1.7544489120321916e-05,10,983,984,0,1.7347234759768071e-17,0,0
82,fruit_yarn_8,1.7544489120321916e-05,10,983,984,0,1.7347234759768071e-17,0,0
82,fruit_yarn_9,1.7544489120321916e-05,10,983,984,0,1.7347234759768071e-17,0,0
82,fruit_yarn_10,1.7475725679200194e-05,3,983,984,0,9.1537102550609539e-11,0,0
82,fruit_yarn_11,1.7475725679200194e-05,3,983,984,0,9.1537102550609539e-11,0,0
82,ground,1.7475725679200194e-05,3,983,984,0,9.1537102550609539e-11,0,0
82,local,1.7475725679200194e-05,3,983,984,0,0,0,0
82,fruit_pair,1.7482676185426316e-05,3,983,984,0,0,0,0
82,fruit_yarn_0,1.7482676185426316e-05,3,983,984,0,0,0,0
82,fruit_yarn_1,1.7482676185426316e-05,3,983,984,0,0,0,0
82,fruit_yarn_2,1.7482676185426316e-05,3,983,984,0,0,0,0
82,fruit_yarn_3,1.7401898716629116e-05,10,983,984,0,0,0,0
82,fruit_yarn_4,1.7401898716629116e-05,10,983,984,0,0,0,0
82,fruit_yarn_5,1.7401898716629116e-05,10,983,984,0,0,0,0
82,fruit_yarn_6,1.7401898716629116e-05,10,983,984,0,0,0,0
82,fruit_yarn_7,1.7401898716629116e-05,10,983,984,0,0,0,0
82,fruit_yarn_8,1.7401898716629116e-05,10,983,984,0,0,0,0
82,fruit_yarn_9,1.7401898716629116e-05,10,983,984,0,0,0,0
82,fruit_yarn_10,1.7333625060386715e-05,3,983,984,0,9.0777487957161007e-11,0,0
82,fruit_yarn_11,1.7333625060386715e-05,3,983,984,0,9.0777487957161007e-11,0,0
82,ground,1.7333625060386715e-05,3,983,984,0,9.0777487957161007e-11,0,0
83,primitive,1.7333625060386715e-05,3,983,984,0,9.0777487957161007e-11,0,0
83,strain,1.7333625060386715e-05,3,983,984,0,9.0777487957161007e-11,0,0
83,local,1.7333625060386715e-05,3,983,984,0,2.7755575615628914e-17,0,0
83,fruit_pair,1.7340519041772473e-05,3,983,984,0,2.7755575615628914e-17,0,0
83,fruit_yarn_0,1.7340519041772473e-05,3,983,984,0,2.7755575615628914e-17,0,0
83,fruit_yarn_1,1.7340519041772473e-05,3,983,984,0,2.7755575615628914e-17,0,0
83,fruit_yarn_2,1.7340519041772473e-05,3,983,984,0,2.7755575615628914e-17,0,0
83,fruit_yarn_3,1.7290625281024541e-05,10,983,984,0,2.7755575615628914e-17,0,0
83,fruit_yarn_4,1.7290625281024541e-05,10,983,984,0,2.7755575615628914e-17,0,0
83,fruit_yarn_5,1.7290625281024541e-05,10,983,984,0,2.7755575615628914e-17,0,0
83,fruit_yarn_6,1.7290625281024541e-05,10,983,984,0,2.7755575615628914e-17,0,0
83,fruit_yarn_7,1.7290625281024541e-05,10,983,984,0,2.7755575615628914e-17,0,0
83,fruit_yarn_8,1.7290625281024541e-05,10,983,984,0,2.7755575615628914e-17,0,0
83,fruit_yarn_9,1.7290625281024541e-05,10,983,984,0,2.7755575615628914e-17,0,0
83,fruit_yarn_10,1.7192983014238661e-05,3,983,984,0,9.0043947992279882e-11,0,0
83,fruit_yarn_11,1.7192983014238661e-05,3,983,984,0,9.0043947992279882e-11,0,0
83,ground,1.7192983014238661e-05,3,983,984,0,9.0043947992279882e-11,0,0
83,local,1.7192983014238661e-05,3,983,984,0,1.3877787807814457e-17,0,0
83,fruit_pair,1.7199857555216802e-05,3,983,984,0,1.3877787807814457e-17,0,0
83,fruit_yarn_0,1.7199857555216802e-05,3,983,984,0,1.3877787807814457e-17,0,0
83,fruit_yarn_1,1.7199857555216802e-05,3,983,984,0,1.3877787807814457e-17,0,0
83,fruit_yarn_2,1.7199857555216802e-05,3,983,984,0,1.3877787807814457e-17,0,0
83,fruit_yarn_3,1.7168270932163554e-05,10,983,984,0,1.3877787807814457e-17,0,0
83,fruit_yarn_4,1.7168270932163554e-05,10,983,984,0,1.3877787807814457e-17,0,0
83,fruit_yarn_5,1.7168270932163554e-05,10,983,984,0,1.3877787807814457e-17,0,0
83,fruit_yarn_6,1.7168270932163554e-05,10,983,984,0,1.3877787807814457e-17,0,0
83,fruit_yarn_7,1.7168270932163554e-05,10,983,984,0,1.3877787807814457e-17,0,0
83,fruit_yarn_8,1.7168270932163554e-05,10,983,984,0,1.3877787807814457e-17,0,0
83,fruit_yarn_9,1.7168270932163554e-05,10,983,984,0,1.3877787807814457e-17,0,0
83,fruit_yarn_10,1.7053646867035144e-05,3,983,984,0,8.9421019200397467e-11,0,0
83,fruit_yarn_11,1.7053646867035144e-05,3,983,984,0,8.9421019200397467e-11,0,0
83,ground,1.7053646867035144e-05,3,983,984,0,8.9421019200397467e-11,0,0
84,primitive,1.7053646867035144e-05,3,983,984,0,8.9421019200397467e-11,0,0
84,strain,1.7053646867035144e-05,3,983,984,0,8.9421019200397467e-11,0,0
84,local,1.7053646867035144e-05,3,983,984,0,0,0,0
84,fruit_pair,1.7060487680783942e-05,3,983,984,0,0,0,0
84,fruit_yarn_0,1.7060487680783942e-05,3,983,984,0,0,0,0
84,fruit_yarn_1,1.7060487680783942e-05,3,983,984,0,0,0,0
84,fruit_yarn_2,1.7060487680783942e-05,3,983,984,0,0,0,0
84,fruit_yarn_3,1.7031079978691022e-05,10,983,984,0,0,0,0
84,fruit_yarn_4,1.7031079978691022e-05,10,983,984,0,0,0,0
84,fruit_yarn_5,1.7031079978691022e-05,10,983,984,0,0,0,0
84,fruit_yarn_6,1.7031079978691022e-05,10,983,984,0,0,0,0
84,fruit_yarn_7,1.7031079978691022e-05,10,983,984,0,0,0,0
84,fruit_yarn_8,1.7031079978691022e-05,10,983,984,0,0,0,0
84,fruit_yarn_9,1.7031079978691022e-05,10,983,984,0,0,0,0
84,fruit_yarn_10,1.6915360324276651e-05,3,983,984,0,8.8767526315591816e-11,0,0
84,fruit_yarn_11,1.6915360324276651e-05,3,983,984,0,8.8767526315591816e-11,0,0
84,ground,1.6915360324276651e-05,3,983,984,0,8.8767526315591816e-11,0,0
84,local,1.6915360324276651e-05,3,983,984,0,4.163336342344337e-17,0,0
84,fruit_pair,1.692214823788285e-05,3,983,984,0,4.163336342344337e-17,0,0
84,fruit_yarn_0,1.692214823788285e-05,3,983,984,0,4.163336342344337e-17,0,0
84,fruit_yarn_1,1.692214823788285e-05,3,983,984,0,4.163336342344337e-17,0,0
84,fruit_yarn_2,1.692214823788285e-05,3,983,984,0,4.163336342344337e-17,0,0
84,fruit_yarn_3,1.6893203518358879e-05,10,983,984,0,4.163336342344337e-17,0,0
84,fruit_yarn_4,1.6893203518358879e-05,10,983,984,0,4.163336342344337e-17,0,0
84,fruit_yarn_5,1.6893203518358879e-05,10,983,984,0,4.163336342344337e-17,0,0
84,fruit_yarn_6,1.6893203518358879e-05,10,983,984,0,4.163336342344337e-17,0,0
84,fruit_yarn_7,1.6893203518358879e-05,10,983,984,0,4.163336342344337e-17,0,0
84,fruit_yarn_8,1.6893203518358879e-05,10,983,984,0,4.163336342344337e-17,0,0
84,fruit_yarn_9,1.6893203518358879e-05,10,983,984,0,4.163336342344337e-17,0,0
84,fruit_yarn_10,1.6778073016296413e-05,3,983,984,0,8.8054289554273524e-11,0,0
84,fruit_yarn_11,1.6778073016296413e-05,3,983,984,0,8.8054289554273524e-11,0,0
84,ground,1.6778073016296413e-05,3,983,984,0,8.8054289554273524e-11,0,0
85,primitive,1.6778073016296413e-05,3,983,984,0,8.8054289554273524e-11,0,0
85,strain,1.6778073016296413e-05,3,983,984,0,8.8054289554273524e-11,0,0
85,local,1.6778073016296413e-05,3,983,984,0,0,0,0
85,fruit_pair,1.6784806168457234e-05,3,983,984,0,0,0,0
85,fruit_yarn_0,1.6784806168457234e-05,3,983,984,0,0,0,0
85,fruit_yarn_1,1.6784806168457234e-05,3,983,984,0,0,0,0
85,fruit_yarn_2,1.6784806168457234e-05,3,983,984,0,0,0,0
85,fruit_yarn_3,1.675613986255875e-05,10,983,984,0,0,0,0
85,fruit_yarn_4,1.675613986255875e-05,10,983,984,0,0,0,0
85,fruit_yarn_5,1.675613986255875e-05,10,983,984,0,0,0,0
85,fruit_yarn_6,1.675613986255875e-05,10,983,984,0,0,0,0
85,fruit_yarn_7,1.675613986255875e-05,10,983,984,0,0,0,0
85,fruit_yarn_8,1.675613986255875e-05,10,983,984,0,0,0,0
85,fruit_yarn_9,1.675613986255875e-05,10,983,984,0,0,0,0
85,fruit_yarn_10,1.6641774858328073e-05,3,983,984,0,8.7328838604960879e-11,0,0
85,fruit_yarn_11,1.6641774858328073e-05,3,983,984,0,8.7328838604960879e-11,0,0
85,ground,1.6641774858328073e-05,3,983,984,0,8.7328838604960879e-11,0,0
85,local,1.6641774858328073e-05,3,983,984,0,2.2551405187698492e-17,0,0
85,fruit_pair,1.6648453403766972e-05,3,983,984,0,2.2551405187698492e-17,0,0
85,fruit_yarn_0,1.6648453403766972e-05,3,983,984,0,2.2551405187698492e-17,0,0
85,fruit_yarn_1,1.6648453403766972e-05,3,983,984,0,2.2551405187698492e-17,0,0
85,fruit_yarn_2,1.6648453403766972e-05,3,983,984,0,2.2551405187698492e-17,0,0
85,fruit_yarn_3,1.6620043705103948e-05,10,983,984,0,2.2551405187698492e-17,0,0
85,fruit_yarn_4,1.6620043705103948e-05,10,983,984,0,2.2551405187698492e-17,0,0
85,fruit_yarn_5,1.6620043705103948e-05,10,983,984,0,2.2551405187698492e-17,0,0
85,fruit_yarn_6,1.6620043705103948e-05,10,983,984,0,2.2551405187698492e-17,0,0
85,fruit_yarn_7,1.6620043705103948e-05,10,983,984,0,2.2551405187698492e-17,0,0
85,fruit_yarn_8,1.6620043705103948e-05,10,983,984,0,2.2551405187698492e-17,0,0
85,fruit_yarn_9,1.6620043705103948e-05,10,983,984,0,2.2551405187698492e-17,0,0
85,fruit_yarn_10,1.6506460220971908e-05,3,983,984,0,8.6605611571144436e-11,0,0
85,fruit_yarn_11,1.6506460220971908e-05,3,983,984,0,8.6605611571144436e-11,0,0
85,ground,1.6506460220971908e-05,3,983,984,0,8.6605611571144436e-11,0,0
86,primitive,1.6506460220971908e-05,3,983,984,0,8.6605611571144436e-11,0,0
86,strain,1.6506460220971908e-05,3,983,984,0,8.6605611571144436e-11,0,0
86,local,1.6506460220971908e-05,3,983,984,0,0,0,0
86,fruit_pair,1.6513084527297606e-05,3,983,984,0,0,0,0
86,fruit_yarn_0,1.6513084527297606e-05,3,983,984,0,0,0,0
86,fruit_yarn_1,1.6513084527297606e-05,3,983,984,0,0,0,0
86,fruit_yarn_2,1.6513084527297606e-05,3,983,984,0,0,0,0
86,fruit_yarn_3,1.6484926957355261e-05,10,983,984,0,0,0,0
86,fruit_yarn_4,1.6484926957355261e-05,10,983,984,0,0,0,0
86,fruit_yarn_5,1.6484926957355261e-05,10,983,984,0,0,0,0
86,fruit_yarn_6,1.6484926957355261e-05,10,983,984,0,0,0,0
86,fruit_yarn_7,1.6484926957355261e-05,10,983,984,0,0,0,0
86,fruit_yarn_8,1.6484926957355261e-05,10,983,984,0,0,0,0
86,fruit_yarn_9,1.6484926957355261e-05,10,983,984,0,0,0,0
86,fruit_yarn_10,1.6372123943397821e-05,3,983,984,0,8.5887229619996397e-11,0,0
86,fruit_yarn_11,1.6372123943397821e-05,3,983,984,0,8.5887229619996397e-11,0,0
86,ground,1.6372123943397821e-05,3,983,984,0,8.5887229619996397e-11,0,0
86,local,1.6372123943397821e-05,3,983,984,0,2.4286128663675299e-17,0,0
86,fruit_pair,1.6378694398952454e-05,3,983,984,0,2.4286128663675299e-17,0,0
86,fruit_yarn_0,1.6378694398952454e-05,3,983,984,0,2.4286128663675299e-17,0,0
86,fruit_yarn_1,1.6378694398952454e-05,3,983,984,0,2.4286128663675299e-17,0,0
86,fruit_yarn_2,1.6378694398952454e-05,3,983,984,0,2.4286128663675299e-17,0,0
86,fruit_yarn_3,1.6350786347943402e-05,10,983,984,0,2.4286128663675299e-17,0,0
86,fruit_yarn_4,1.6350786347943402e-05,10,983,984,0,2.4286128663675299e-17,0,0
86,fruit_yarn_5,1.6350786347943402e-05,10,983,984,0,2.4286128663675299e-17,0,0
86,fruit_yarn_6,1.6350786347943402e-05,10,983,984,0,2.4286128663675299e-17,0,0
86,fruit_yarn_7,1.6350786347943402e-05,10,983,984,0,2.4286128663675299e-17,0,0
86,fruit_yarn_8,1.6350786347943402e-05,10,983,984,0,2.4286128663675299e-17,0,0
86,fruit_yarn_9,1.6350786347943402e-05,10,983,984,0,2.4286128663675299e-17,0,0
86,fruit_yarn_10,1.6238760909462191e-05,3,983,984,0,8.5174253067199501e-11,0,0
86,fruit_yarn_11,1.6238760909462191e-05,3,983,984,0,8.5174253067199501e-11,0,0
86,ground,1.6238760909462191e-05,3,983,984,0,8.5174253067199501e-11,0,0
87,primitive,1.6238760909462191e-05,3,983,984,0,8.5174253067199501e-11,0,0
87,strain,1.6238760909462191e-05,3,983,984,0,8.5174253067199501e-11,0,0
87,local,1.6238760909462191e-05,3,983,984,0,0,0,0
87,fruit_pair,1.6245277903031985e-05,3,983,984,0,0,0,0
87,fruit_yarn_0,1.6245277903031985e-05,3,983,984,0,0,0,0
87,fruit_yarn_1,1.6245277903031985e-05,3,983,984,0,0,0,0
87,fruit_yarn_2,1.6245277903031985e-05,3,983,984,0,0,0,0
87,fruit_yarn_3,1.6217616985933492e-05,10,983,984,0,0,0,0
87,fruit_yarn_4,1.6217616985933492e-05,10,983,984,0,0,0,0
87,fruit_yarn_5,1.6217616985933492e-05,10,983,984,0,0,0,0
87,fruit_yarn_6,1.6217616985933492e-05,10,983,984,0,0,0,0
87,fruit_yarn_7,1.6217616985933492e-05,10,983,984,0,0,0,0
87,fruit_yarn_8,1.6217616985933492e-05,10,983,984,0,0,0,0
87,fruit_yarn_9,1.6217616985933492e-05,10,983,984,0,0,0,0
87,fruit_yarn_10,1.6106366003229566e-05,3,983,984,0,8.4466619462708614e-11,0,0
87,fruit_yarn_11,1.6106366003229566e-05,3,983,984,0,8.4466619462708614e-11,0,0
87,ground,1.6106366003229566e-05,3,983,984,0,8.4466619462708614e-11,0,0
87,local,1.6106366003229566e-05,3,983,984,0,2.0816681711721685e-17,0,0
87,fruit_pair,1.6112829921727245e-05,3,983,984,0,2.0816681711721685e-17,0,0
87,fruit_yarn_0,1.6112829921727245e-05,3,983,984,0,2.0816681711721685e-17,0,0
87,fruit_yarn_1,1.6112829921727245e-05,3,983,984,0,2.0816681711721685e-17,0,0
87,fruit_yarn_2,1.6112829921727245e-05,3,983,984,0,2.0816681711721685e-17,0,0
87,fruit_yarn_3,1.6085413802824355e-05,10,983,984,0,2.0816681711721685e-17,0,0
87,fruit_yarn_4,1.6085413802824355e-05,10,983,984,0,2.0816681711721685e-17,0,0
87,fruit_yarn_5,1.6085413802824355e-05,10,983,984,0,2.0816681711721685e-17,0,0
87,fruit_yarn_6,1.6085413802824355e-05,10,983,984,0,2.0816681711721685e-17,0,0
87,fruit_yarn_7,1.6085413802824355e-05,10,983,984,0,2.0816681711721685e-17,0,0
87,fruit_yarn_8,1.6085413802824355e-05,10,983,984,0,2.0816681711721685e-17,0,0
87,fruit_yarn_9,1.6085413802824355e-05,10,983,984,0,2.0816681711721685e-17,0,0
87,fruit_yarn_10,1.5974934104739935e-05,3,983,984,0,8.3764448502443578e-11,0,0
87,fruit_yarn_11,1.5974934104739935e-05,3,983,984,0,8.3764448502443578e-11,0,0
87,ground,1.5974934104739935e-05,3,983,984,0,8.3764448502443578e-11,0,0
88,primitive,1.5974934104739935e-05,3,983,984,0,8.3764448502443578e-11,0,0
88,strain,1.5974934104739935e-05,3,983,984,0,8.3764448502443578e-11,0,0
88,local,1.5974934104739935e-05,3,983,984,0,1.5612511283791264e-17,0,0
88,fruit_pair,1.5981345333232477e-05,3,983,984,0,1.5612511283791264e-17,0,0
88,fruit_yarn_0,1.5981345333232477e-05,3,983,984,0,1.5612511283791264e-17,0,0
88,fruit_yarn_1,1.5981345333232477e-05,3,983,984,0,1.5612511283791264e-17,0,0
88,fruit_yarn_2,1.5981345333232477e-05,3,983,984,0,1.5612511283791264e-17,0,0
88,fruit_yarn_3,1.5954171707133202e-05,10,983,984,0,1.5612511283791264e-17,0,0
88,fruit_yarn_4,1.5954171707133202e-05,10,983,984,0,1.5612511283791264e-17,0,0
88,fruit_yarn_5,1.5954171707133202e-05,10,983,984,0,1.5612511283791264e-17,0,0
88,fruit_yarn_6,1.5954171707133202e-05,10,983,984,0,1.5612511283791264e-17,0,0
88,fruit_yarn_7,1.5954171707133202e-05,10,983,984,0,1.5612511283791264e-17,0,0
88,fruit_yarn_8,1.5954171707133202e-05,10,983,984,0,1.5612511283791264e-17,0,0
88,fruit_yarn_9,1.5954171707133202e-05,10,983,984,0,1.5612511283791264e-17,0,0
88,fruit_yarn_10,1.5844460090286283e-05,3,983,984,0,8.306753895848118e-11,0,0
88,fruit_yarn_11,1.5844460090286283e-05,3,983,984,0,8.306753895848118e-11,0,0
88,ground,1.5844460090286283e-05,3,983,984,0,8.306753895848118e-11,0,0
88,local,1.5844460090286283e-05,3,983,984,0,6.9388939039072284e-18,0,0
88,fruit_pair,1.5850819011786754e-05,3,983,984,0,6.9388939039072284e-18,0,0
88,fruit_yarn_0,1.5850819011786754e-05,3,983,984,0,6.9388939039072284e-18,0,0
88,fruit_yarn_1,1.5850819011786754e-05,3,983,984,0,6.9388939039072284e-18,0,0
88,fruit_yarn_2,1.5850819011786754e-05,3,983,984,0,6.9388939039072284e-18,0,0
88,fruit_yarn_3,1.5823885600729781e-05,10,983,984,0,6.9388939039072284e-18,0,0
88,fruit_yarn_4,1.5823885600729781e-05,10,983,984,0,6.9388939039072284e-18,0,0
88,fruit_yarn_5,1.5823885600729781e-05,10,983,984,0,6.9388939039072284e-18,0,0
88,fruit_yarn_6,1.5823885600729781e-05,10,983,984,0,6.9388939039072284e-18,0,0
88,fruit_yarn_7,1.5823885600729781e-05,10,983,984,0,6.9388939039072284e-18,0,0
88,fruit_yarn_8,1.5823885600729781e-05,10,983,984,0,6.9388939039072284e-18,0,0
88,fruit_yarn_9,1.5823885600729781e-05,10,983,984,0,6.9388939039072284e-18,0,0
88,fruit_yarn_10,1.5714938832817049e-05,3,983,984,0,8.237592899473789e-11,0,0
88,fruit_yarn_11,1.5714938832817049e-05,3,983,984,0,8.237592899473789e-11,0,0
88,ground,1.5714938832817049e-05,3,983,984,0,8.237592899473789e-11,0,0
89,primitive,1.5714938832817049e-05,3,983,984,0,8.237592899473789e-11,0,0
89,strain,1.5714938832817049e-05,3,983,984,0,8.237592899473789e-11,0,0
89,local,1.5714938832817049e-05,3,983,984,0,2.4286128663675299e-17,0,0
89,fruit_pair,1.5721245828229091e-05,3,983,984,0,2.4286128663675299e-17,0,0
89,fruit_yarn_0,1.5721245828229091e-05,3,983,984,0,2.4286128663675299e-17,0,0
89,fruit_yarn_1,1.5721245828229091e-05,3,983,984,0,2.4286128663675299e-17,0,0
89,fruit_yarn_2,1.5721245828229091e-05,3,983,984,0,2.4286128663675299e-17,0,0
89,fruit_yarn_3,1.5694550381570305e-05,10,983,984,0,2.4286128663675299e-17,0,0
89,fruit_yarn_4,1.5694550381570305e-05,10,983,984,0,2.4286128663675299e-17,0,0
89,fruit_yarn_5,1.5694550381570305e-05,10,983,984,0,2.4286128663675299e-17,0,0
89,fruit_yarn_6,1.5694550381570305e-05,10,983,984,0,2.4286128663675299e-17,0,0
89,fruit_yarn_7,1.5694550381570305e-05,10,983,984,0,2.4286128663675299e-17,0,0
89,fruit_yarn_8,1.5694550381570305e-05,10,983,984,0,2.4286128663675299e-17,0,0
89,fruit_yarn_9,1.5694550381570305e-05,10,983,984,0,2.4286128663675299e-17,0,0
89,fruit_yarn_10,1.5586365202421848e-05,3,983,984,0,8.1689649836236278e-11,0,0
89,fruit_yarn_11,1.5586365202421848e-05,3,983,984,0,8.1689649836236278e-11,0,0
89,ground,1.5586365202421848e-05,3,983,984,0,8.1689649836236278e-11,0,0
89,local,1.5586365202421848e-05,3,983,984,0,0,0,0
89,fruit_pair,1.5592620650636824e-05,3,983,984,0,0,0,0
89,fruit_yarn_0,1.5592620650636824e-05,3,983,984,0,0,0,0
89,fruit_yarn_1,1.5592620650636824e-05,3,983,984,0,0,0,0
89,fruit_yarn_2,1.5592620650636824e-05,3,983,984,0,0,0,0
89,fruit_yarn_3,1.5566160944183172e-05,10,983,984,0,0,0,0
89,fruit_yarn_4,1.5566160944183172e-05,10,983,984,0,0,0,0
89,fruit_yarn_5,1.5566160944183172e-05,10,983,984,0,0,0,0
89,fruit_yarn_6,1.5566160944183172e-05,10,983,984,0,0,0,0
89,fruit_yarn_7,1.5566160944183172e-05,10,983,984,0,0,0,0
89,fruit_yarn_8,1.5566160944183172e-05,10,983,984,0,0,0,0
89,fruit_yarn_9,1.5566160944183172e-05,10,983,984,0,0,0,0
89,fruit_yarn_10,1.5458734067122504e-05,3,983,984,0,8.1008449948072325e-11,0,0
89,fruit_yarn_11,1.5458734067122504e-05,3,983,984,0,8.1008449948072325e-11,0,0
89,ground,1.5458734067122504e-05,3,983,984,0,8.1008449948072325e-11,0,0
90,primitive,1.5458734067122504e-05,3,983,984,0,8.1008449948072325e-11,0,0
90,strain,1.5458734067122504e-05,3,983,984,0,8.1008449948072325e-11,0,0
90,local,1.5458734067122504e-05,3,983,984,0,3.6429192995512949e-17,0,0
90,fruit_pair,1.5464938345047252e-05,3,983,984,0,3.6429192995512949e-17,0,0
90,fruit_yarn_0,1.5464938345047252e-05,3,983,984,0,3.6429192995512949e-17,0,0
90,fruit_yarn_1,1.5464938345047252e-05,3,983,984,0,3.6429192995512949e-17,0,0
90,fruit_yarn_2,1.5464938345047252e-05,3,983,984,0,3.6429192995512949e-17,0,0
90,fruit_yarn_3,1.543871218065429e-05,10,983,984,0,3.6429192995512949e-17,0,0
90,fruit_yarn_4,1.543871218065429e-05,10,983,984,0,3.6429192995512949e-17,0,0
90,fruit_yarn_5,1.543871218065429e-05,10,983,984,0,3.6429192995512949e-17,0,0
90,fruit_yarn_6,1.543871218065429e-05,10,983,984,0,3.6429192995512949e-17,0,0
90,fruit_yarn_7,1.543871218065429e-05,10,983,984,0,3.6429192995512949e-17,0,0
90,fruit_yarn_8,1.543871218065429e-05,10,983,984,0,3.6429192995512949e-17,0,0
90,fruit_yarn_9,1.543871218065429e-05,10,983,984,0,3.6429192995512949e-17,0,0
90,fruit_yarn_10,1.533204029331714e-05,3,983,984,0,8.0332625967960425e-11,0,0
90,fruit_yarn_11,1.533204029331714e-05,3,983,984,0,8.0332625967960425e-11,0,0
90,ground,1.533204029331714e-05,3,983,984,0,8.0332625967960425e-11,0,0
90,local,1.533204029331714e-05,3,983,984,0,4.3368086899420177e-17,0,0
90,fruit_pair,1.5338193775860098e-05,3,983,984,0,4.3368086899420177e-17,0,0
90,fruit_yarn_0,1.5338193775860098e-05,3,983,984,0,4.3368086899420177e-17,0,0
90,fruit_yarn_1,1.5338193775860098e-05,3,983,984,0,4.3368086899420177e-17,0,0
90,fruit_yarn_2,1.5338193775860098e-05,3,983,984,0,4.3368086899420177e-17,0,0
90,fruit_yarn_3,1.5312198980974023e-05,10,983,984,0,4.3368086899420177e-17,0,0
90,fruit_yarn_4,1.5312198980974023e-05,10,983,984,0,4.3368086899420177e-17,0,0
90,fruit_yarn_5,1.5312198980974023e-05,10,983,984,0,4.3368086899420177e-17,0,0
90,fruit_yarn_6,1.5312198980974023e-05,10,983,984,0,4.3368086899420177e-17,0,0
90,fruit_yarn_7,1.5312198980974023e-05,10,983,984,0,4.3368086899420177e-17,0,0
90,fruit_yarn_8,1.5312198980974023e-05,10,983,984,0,4.3368086899420177e-17,0,0
90,fruit_yarn_9,1.5312198980974023e-05,10,983,984,0,4.3368086899420177e-17,0,0
90,fruit_yarn_10,1.5206278746460189e-05,3,983,984,0,7.9661992280488647e-11,0,0
90,fruit_yarn_11,1.5206278746460189e-05,3,983,984,0,7.9661992280488647e-11,0,0
90,ground,1.5206278746460189e-05,3,983,984,0,7.9661992280488647e-11,0,0
91,primitive,1.5206278746460189e-05,3,983,984,0,7.9661992280488647e-11,0,0
91,strain,1.5206278746460189e-05,3,983,984,0,7.9661992280488647e-11,0,0
91,local,1.5206278746460189e-05,3,983,984,0,1.7347234759768071e-18,0,0
91,fruit_pair,1.5212381806350983e-05,3,983,984,0,1.7347234759768071e-18,0,0
91,fruit_yarn_0,1.5212381806350983e-05,3,983,984,0,1.7347234759768071e-18,0,0
91,fruit_yarn_1,1.5212381806350983e-05,3,983,984,0,1.7347234759768071e-18,0,0
91,fruit_yarn_2,1.5212381806350983e-05,3,983,984,0,1.7347234759768071e-18,0,0
91,fruit_yarn_3,1.5186616233495154e-05,10,983,984,0,1.7347234759768071e-18,0,0
91,fruit_yarn_4,1.5186616233495154e-05,10,983,984,0,1.7347234759768071e-18,0,0
91,fruit_yarn_5,1.5186616233495154e-05,10,983,984,0,1.7347234759768071e-18,0,0
91,fruit_yarn_6,1.5186616233495154e-05,10,983,984,0,1.7347234759768071e-18,0,0
91,fruit_yarn_7,1.5186616233495154e-05,10,983,984,0,1.7347234759768071e-18,0,0
91,fruit_yarn_8,1.5186616233495154e-05,10,983,984,0,1.7347234759768071e-18,0,0
91,fruit_yarn_9,1.5186616233495154e-05,10,983,984,0,1.7347234759768071e-18,0,0
91,fruit_yarn_10,1.5081444291423218e-05,3,983,984,0,7.8996370209138966e-11,0,0
91,fruit_yarn_11,1.5081444291423218e-05,3,983,984,0,7.8996370209138966e-11,0,0
91,ground,1.5081444291423218e-05,3,983,984,0,7.8996370209138966e-11,0,0
91,local,1.5081444291423218e-05,3,983,984,0,0,0,0
91,fruit_pair,1.5087497299545727e-05,3,983,984,0,0,0,0
91,fruit_yarn_0,1.5087497299545727e-05,3,983,984,0,0,0,0
91,fruit_yarn_1,1.5087497299545727e-05,3,983,984,0,0,0,0
91,fruit_yarn_2,1.5087497299545727e-05,3,983,984,0,0,0,0
91,fruit_yarn_3,1.5061958825918209e-05,10,983,984,0,0,0,0
91,fruit_yarn_4,1.5061958825918209e-05,10,983,984,0,0,0,0
91,fruit_yarn_5,1.5061958825918209e-05,10,983,984,0,0,0,0
91,fruit_yarn_6,1.5061958825918209e-05,10,983,984,0,0,0,0
91,fruit_yarn_7,1.5061958825918209e-05,10,983,984,0,0,0,0
91,fruit_yarn_8,1.5061958825918209e-05,10,983,984,0,0,0,0
91,fruit_yarn_9,1.5061958825918209e-05,10,983,984,0,0,0,0
91,fruit_yarn_10,1.4957531793299839e-05,3,983,984,0,7.8335869041490369e-11,0,0
91,fruit_yarn_11,1.4957531793299839e-05,3,983,984,0,7.8335869041490369e-11,0,0
91,ground,1.4957531793299839e-05,3,983,984,0,7.8335869041490369e-11,0,0
92,primitive,1.4957531793299839e-05,3,983,984,0,7.8335869041490369e-11,0,0
92,strain,1.4957531793299839e-05,3,983,984,0,7.8335869041490369e-11,0,0
92,local,1.4957531793299839e-05,3,983,984,0,0,0,0
92,fruit_pair,1.4963535118289739e-05,3,983,984,0,0,0,0
92,fruit_yarn_0,1.4963535118289739e-05,3,983,984,0,0,0,0
92,fruit_yarn_1,1.4963535118289739e-05,3,983,984,0,0,0,0
92,fruit_yarn_2,1.4963535118289739e-05,3,983,984,0,0,0,0
92,fruit_yarn_3,1.4938221645374727e-05,10,983,984,0,0,0,0
92,fruit_yarn_4,1.4938221645374727e-05,10,983,984,0,0,0,0
92,fruit_yarn_5,1.4938221645374727e-05,10,983,984,0,0,0,0
92,fruit_yarn_6,1.4938221645374727e-05,10,983,984,0,0,0,0
92,fruit_yarn_7,1.4938221645374727e-05,10,983,984,0,0,0,0
92,fruit_yarn_8,1.4938221645374727e-05,10,983,984,0,0,0,0
92,fruit_yarn_9,1.4938221645374727e-05,10,983,984,0,0,0,0
92,fruit_yarn_10,1.4834536117683261e-05,3,983,984,0,7.7680473165031572e-11,0,0
92,fruit_yarn_11,1.4834536117683261e-05,3,983,984,0,7.7680473165031572e-11,0,0
92,ground,1.4834536117683261e-05,3,983,984,0,7.7680473165031572e-11,0,0
92,local,1.4834536117683261e-05,3,983,984,0,0,0,0
92,fruit_pair,1.4840490126344363e-05,3,983,984,0,0,0,0
92,fruit_yarn_0,1.4840490126344363e-05,3,983,984,0,0,0,0
92,fruit_yarn_1,1.4840490126344363e-05,3,983,984,0,0,0,0
92,fruit_yarn_2,1.4840490126344363e-05,3,983,984,0,0,0,0
92,fruit_yarn_3,1.4815399579357069e-05,10,983,984,0,0,0,0
92,fruit_yarn_4,1.4815399579357069e-05,10,983,984,0,0,0,0
92,fruit_yarn_5,1.4815399579357069e-05,10,983,984,0,0,0,0
92,fruit_yarn_6,1.4815399579357069e-05,10,983,984,0,0,0,0
92,fruit_yarn_7,1.4815399579357069e-05,10,983,984,0,0,0,0
92,fruit_yarn_8,1.4815399579357069e-05,10,983,984,0,0,0,0
92,fruit_yarn_9,1.4815399579357069e-05,10,983,984,0,0,0,0
92,fruit_yarn_10,1.4712452131457332e-05,3,983,984,0,7.7030180845039098e-11,0,0
92,fruit_yarn_11,1.4712452131457332e-05,3,983,984,0,7.7030180845039098e-11,0,0
92,ground,1.4712452131457332e-05,3,983,984,0,7.7030180845039098e-11,0,0
93,primitive,1.4712452131457332e-05,3,983,984,0,7.7030180845039098e-11,0,0
93,strain,1.4712452131457332e-05,3,983,984,0,7.7030180845039098e-11,0,0
93,local,1.4712452131457332e-05,3,983,984,0,0,0,0
93,fruit_pair,1.471835718842851e-05,3,983,984,0,0,0,0
93,fruit_yarn_0,1.471835718842851e-05,3,983,984,0,0,0,0
93,fruit_yarn_1,1.471835718842851e-05,3,983,984,0,0,0,0
93,fruit_yarn_2,1.471835718842851e-05,3,983,984,0,0,0,0
93,fruit_yarn_3,1.4693487516023729e-05,10,983,984,0,0,0,0
93,fruit_yarn_4,1.4693487516023729e-05,10,983,984,0,0,0,0
93,fruit_yarn_5,1.4693487516023729e-05,10,983,984,0,0,0,0
93,fruit_yarn_6,1.4693487516023729e-05,10,983,984,0,0,0,0
93,fruit_yarn_7,1.4693487516023729e-05,10,983,984,0,0,0,0
93,fruit_yarn_8,1.4693487516023729e-05,10,983,984,0,0,0,0
93,fruit_yarn_9,1.4693487516023729e-05,10,983,984,0,0,0,0
93,fruit_yarn_10,1.4591274703060209e-05,3,983,984,0,7.6384860242528774e-11,0,0
93,fruit_yarn_11,1.4591274703060209e-05,3,983,984,0,7.6384860242528774e-11,0,0
93,ground,1.4591274703060209e-05,3,983,984,0,7.6384860242528774e-11,0,0
93,local,1.4591274703060209e-05,3,983,984,0,0,0,0
93,fruit_pair,1.4597131170954181e-05,3,983,984,0,0,0,0
93,fruit_yarn_0,1.4597131170954181e-05,3,983,984,0,0,0,0
93,fruit_yarn_1,1.4597131170954181e-05,3,983,984,0,0,0,0
93,fruit_yarn_2,1.4597131170954181e-05,3,983,984,0,0,0,0
93,fruit_yarn_3,1.4572480344823835e-05,10,983,984,0,0,0,0
93,fruit_yarn_4,1.4572480344823835e-05,10,983,984,0,0,0,0
93,fruit_yarn_5,1.4572480344823835e-05,10,983,984,0,0,0,0
93,fruit_yarn_6,1.4572480344823835e-05,10,983,984,0,0,0,0
93,fruit_yarn_7,1.4572480344823835e-05,10,983,984,0,0,0,0
93,fruit_yarn_8,1.4572480344823835e-05,10,983,984,0,0,0,0
93,fruit_yarn_9,1.4572480344823835e-05,10,983,984,0,0,0,0
93,fruit_yarn_10,1.4470998703178251e-05,3,983,984,0,7.5744471458860652e-11,0,0
93,fruit_yarn_11,1.4470998703178251e-05,3,983,984,0,7.5744471458860652e-11,0,0
93,ground,1.4470998703178251e-05,3,983,984,0,7.5744471458860652e-11,0,0
94,primitive,1.4470998703178251e-05,3,983,984,0,7.5744471458860652e-11,0,0
94,strain,1.4470998703178251e-05,3,983,984,0,7.5744471458860652e-11,0,0
94,local,1.4470998703178251e-05,3,983,984,0,0,0,0
94,fruit_pair,1.4476806942595455e-05,3,983,984,0,0,0,0
94,fruit_yarn_0,1.4476806942595455e-05,3,983,984,0,0,0,0
94,fruit_yarn_1,1.4476806942595455e-05,3,983,984,0,0,0,0
94,fruit_yarn_2,1.4476806942595455e-05,3,983,984,0,0,0,0
94,fruit_yarn_3,1.4452372956996751e-05,10,983,984,0,0,0,0
94,fruit_yarn_4,1.4452372956996751e-05,10,983,984,0,0,0,0
94,fruit_yarn_5,1.4452372956996751e-05,10,983,984,0,0,0,0
94,fruit_yarn_6,1.4452372956996751e-05,10,983,984,0,0,0,0
94,fruit_yarn_7,1.4452372956996751e-05,10,983,984,0,0,0,0
94,fruit_yarn_8,1.4452372956996751e-05,10,983,984,0,0,0,0
94,fruit_yarn_9,1.4452372956996751e-05,10,983,984,0,0,0,0
94,fruit_yarn_10,1.4351619005273375e-05,3,983,984,0,7.5109142863571954e-11,0,0
94,fruit_yarn_11,1.4351619005273375e-05,3,983,984,0,7.5109142863571954e-11,0,0
94,ground,1.4351619005273375e-05,3,983,984,0,7.5109142863571954e-11,0,0
94,local,1.4351619005273375e-05,3,983,984,0,0,0,0
94,fruit_pair,1.4357379374829726e-05,3,983,984,0,0,0,0
94,fruit_yarn_0,1.4357379374829726e-05,3,983,984,0,0,0,0
94,fruit_yarn_1,1.4357379374829726e-05,3,983,984,0,0,0,0
94,fruit_yarn_2,1.4357379374829726e-05,3,983,984,0,0,0,0
94,fruit_yarn_3,1.4333160246182697e-05,10,983,984,0,0,0,0
94,fruit_yarn_4,1.4333160246182697e-05,10,983,984,0,0,0,0
94,fruit_yarn_5,1.4333160246182697e-05,10,983,984,0,0,0,0
94,fruit_yarn_6,1.4333160246182697e-05,10,983,984,0,0,0,0
94,fruit_yarn_7,1.4333160246182697e-05,10,983,984,0,0,0,0
94,fruit_yarn_8,1.4333160246182697e-05,10,983,984,0,0,0,0
94,fruit_yarn_9,1.4333160246182697e-05,10,983,984,0,0,0,0
94,fruit_yarn_10,1.4233130485846734e-05,3,983,984,0,7.4478695780144655e-11,0,0
94,fruit_yarn_11,1.4233130485846734e-05,3,983,984,0,7.4478695780144655e-11,0,0
94,ground,1.4233130485846734e-05,3,983,984,0,7.4478695780144655e-11,0,0
95,primitive,1.4233130485846734e-05,3,983,984,0,7.4478695780144655e-11,0,0
95,strain,1.4233130485846734e-05,3,983,984,0,7.4478695780144655e-11,0,0
95,local,1.4233130485846734e-05,3,983,984,0,0,0,0
95,fruit_pair,1.423884334200709e-05,3,983,984,0,0,0,0
95,fruit_yarn_0,1.423884334200709e-05,3,983,984,0,0,0,0
95,fruit_yarn_1,1.423884334200709e-05,3,983,984,0,0,0,0
95,fruit_yarn_2,1.423884334200709e-05,3,983,984,0,0,0,0
95,fruit_yarn_3,1.4214837108783573e-05,10,983,984,0,0,0,0
95,fruit_yarn_4,1.4214837108783573e-05,10,983,984,0,0,0,0
95,fruit_yarn_5,1.4214837108783573e-05,10,983,984,0,0,0,0
95,fruit_yarn_6,1.4214837108783573e-05,10,983,984,0,0,0,0
95,fruit_yarn_7,1.4214837108783573e-05,10,983,984,0,0,0,0
95,fruit_yarn_8,1.4214837108783573e-05,10,983,984,0,0,0,0
95,fruit_yarn_9,1.4214837108783573e-05,10,983,984,0,0,0,0
95,fruit_yarn_10,1.4115528025229751e-05,3,983,984,0,7.3853130208578754e-11,0,0
95,fruit_yarn_11,1.4115528025229751e-05,3,983,984,0,7.3853130208578754e-11,0,0
95,ground,1.4115528025229751e-05,3,983,984,0,7.3853130208578754e-11,0,0
95,local,1.4115528025229751e-05,3,983,984,0,0,0,0
95,fruit_pair,1.4121193722557712e-05,3,983,984,0,0,0,0
95,fruit_yarn_0,1.4121193722557712e-05,3,983,984,0,0,0,0
95,fruit_yarn_1,1.4121193722557712e-05,3,983,984,0,0,0,0
95,fruit_yarn_2,1.4121193722557712e-05,3,983,984,0,0,0,0
95,fruit_yarn_3,1.4097398444573583e-05,10,983,984,0,0,0,0
95,fruit_yarn_4,1.4097398444573583e-05,10,983,984,0,0,0,0
95,fruit_yarn_5,1.4097398444573583e-05,10,983,984,0,0,0,0
95,fruit_yarn_6,1.4097398444573583e-05,10,983,984,0,0,0,0
95,fruit_yarn_7,1.4097398444573583e-05,10,983,984,0,0,0,0
95,fruit_yarn_8,1.4097398444573583e-05,10,983,984,0,0,0,0
95,fruit_yarn_9,1.4097398444573583e-05,10,983,984,0,0,0,0
95,fruit_yarn_10,1.3998806507944939e-05,3,983,984,0,7.3232402780787353e-11,0,0
95,fruit_yarn_11,1.3998806507944939e-05,3,983,984,0,7.3232402780787353e-11,0,0
95,ground,1.3998806507944939e-05,3,983,984,0,7.3232402780787353e-11,0,0
96,primitive,1.3998806507944939e-05,3,983,984,0,7.3232402780787353e-11,0,0
96,strain,1.3998806507944939e-05,3,983,984,0,7.3232402780787353e-11,0,0
96,local,1.3998806507944939e-05,3,983,984,0,0,0,0
96,fruit_pair,1.400442539890856e-05,3,983,984,0,0,0,0
96,fruit_yarn_0,1.400442539890856e-05,3,983,984,0,0,0,0
96,fruit_yarn_1,1.400442539890856e-05,3,983,984,0,0,0,0
96,fruit_yarn_2,1.400442539890856e-05,3,983,984,0,0,0,0
96,fruit_yarn_3,1.3980839157129443e-05,10,983,984,0,0,0,0
96,fruit_yarn_4,1.3980839157129443e-05,10,983,984,0,0,0,0
96,fruit_yarn_5,1.3980839157129443e-05,10,983,984,0,0,0,0
96,fruit_yarn_6,1.3980839157129443e-05,10,983,984,0,0,0,0
96,fruit_yarn_7,1.3980839157129443e-05,10,983,984,0,0,0,0
96,fruit_yarn_8,1.3980839157129443e-05,10,983,984,0,0,0,0
96,fruit_yarn_9,1.3980839157129443e-05,10,983,984,0,0,0,0
96,fruit_yarn_10,1.3882960823066726e-05,3,983,984,0,7.2616506557876548e-11,0,0
96,fruit_yarn_11,1.3882960823066726e-05,3,983,984,0,7.2616506557876548e-11,0,0
96,ground,1.3882960823066726e-05,3,983,984,0,7.2616506557876548e-11,0,0
96,local,1.3882960823066726e-05,3,983,984,0,1.7347234759768071e-17,0,0
96,fruit_pair,1.3888533258052393e-05,3,983,984,0,1.7347234759768071e-17,0,0
96,fruit_yarn_0,1.3888533258052393e-05,3,983,984,0,1.7347234759768071e-17,0,0
96,fruit_yarn_1,1.3888533258052393e-05,3,983,984,0,1.7347234759768071e-17,0,0
96,fruit_yarn_2,1.3888533258052393e-05,3,983,984,0,1.7347234759768071e-17,0,0
96,fruit_yarn_3,1.3865154154274473e-05,10,983,984,0,1.7347234759768071e-17,0,0
96,fruit_yarn_4,1.3865154154274473e-05,10,983,984,0,1.7347234759768071e-17,0,0
96,fruit_yarn_5,1.3865154154274473e-05,10,983,984,0,1.7347234759768071e-17,0,0
96,fruit_yarn_6,1.3865154154274473e-05,10,983,984,0,1.7347234759768071e-17,0,0
96,fruit_yarn_7,1.3865154154274473e-05,10,983,984,0,1.7347234759768071e-17,0,0
96,fruit_yarn_8,1.3865154154274473e-05,10,983,984,0,1.7347234759768071e-17,0,0
96,fruit_yarn_9,1.3865154154274473e-05,10,983,984,0,1.7347234759768071e-17,0,0
96,fruit_yarn_10,1.3767985864776566e-05,3,983,984,0,7.2005528276020137e-11,0,0
96,fruit_yarn_11,1.3767985864776566e-05,3,983,984,0,7.2005528276020137e-11,0,0
96,ground,1.3767985864776566e-05,3,983,984,0,7.2005528276020137e-11,0,0
97,primitive,1.3767985864776566e-05,3,983,984,0,7.2005528276020137e-11,0,0
97,strain,1.3767985864776566e-05,3,983,984,0,7.2005528276020137e-11,0,0
97,local,1.3767985864776566e-05,3,983,984,0,0,0,0
97,fruit_pair,1.3773512192297166e-05,3,983,984,0,0,0,0
97,fruit_yarn_0,1.3773512192297166e-05,3,983,984,0,0,0,0
97,fruit_yarn_1,1.3773512192297166e-05,3,983,984,0,0,0,0
97,fruit_yarn_2,1.3773512192297166e-05,3,983,984,0,0,0,0
97,fruit_yarn_3,1.3750338348841873e-05,10,983,984,0,0,0,0
97,fruit_yarn_4,1.3750338348841873e-05,10,983,984,0,0,0,0
97,fruit_yarn_5,1.3750338348841873e-05,10,983,984,0,0,0,0
97,fruit_yarn_6,1.3750338348841873e-05,10,983,984,0,0,0,0
97,fruit_yarn_7,1.3750338348841873e-05,10,983,984,0,0,0,0
97,fruit_yarn_8,1.3750338348841873e-05,10,983,984,0,0,0,0
97,fruit_yarn_9,1.3750338348841873e-05,10,983,984,0,0,0,0
97,fruit_yarn_10,1.3653876533084586e-05,3,983,984,0,7.139913139886378e-11,0,0
97,fruit_yarn_11,1.3653876533084586e-05,3,983,984,0,7.139913139886378e-11,0,0
97,ground,1.3653876533084586e-05,3,983,984,0,7.139913139886378e-11,0,0
97,local,1.3653876533084586e-05,3,983,984,0,1.7347234759768071e-18,0,0
97,fruit_pair,1.3659357099432556e-05,3,983,984,0,1.7347234759768071e-18,0,0
97,fruit_yarn_0,1.3659357099432556e-05,3,983,984,0,1.7347234759768071e-18,0,0
97,fruit_yarn_1,1.3659357099432556e-05,3,983,984,0,1.7347234759768071e-18,0,0
97,fruit_yarn_2,1.3659357099432556e-05,3,983,984,0,1.7347234759768071e-18,0,0
97,fruit_yarn_3,1.3636386658619215e-05,10,983,984,0,1.7347234759768071e-18,0,0
97,fruit_yarn_4,1.3636386658619215e-05,10,983,984,0,1.7347234759768071e-18,0,0
97,fruit_yarn_5,1.3636386658619215e-05,10,983,984,0,1.7347234759768071e-18,0,0
97,fruit_yarn_6,1.3636386658619215e-05,10,983,984,0,1.7347234759768071e-18,0,0
97,fruit_yarn_7,1.3636386658619215e-05,10,983,984,0,1.7347234759768071e-18,0,0
97,fruit_yarn_8,1.3636386658619215e-05,10,983,984,0,1.7347234759768071e-18,0,0
97,fruit_yarn_9,1.3636386658619215e-05,10,983,984,0,1.7347234759768071e-18,0,0
97,fruit_yarn_10,1.3540627733607535e-05,3,983,984,0,7.0797546644629783e-11,0,0
97,fruit_yarn_11,1.3540627733607535e-05,3,983,984,0,7.0797546644629783e-11,0,0
97,ground,1.3540627733607535e-05,3,983,984,0,7.0797546644629783e-11,0,0
98,primitive,1.3540627733607535e-05,3,983,984,0,7.0797546644629783e-11,0,0
98,strain,1.3540627733607535e-05,3,983,984,0,7.0797546644629783e-11,0,0
98,local,1.3540627733607535e-05,3,983,984,0,2.7755575615628914e-17,0,0
98,fruit_pair,1.3546062883146304e-05,3,983,984,0,2.7755575615628914e-17,0,0
98,fruit_yarn_0,1.3546062883146304e-05,3,983,984,0,2.7755575615628914e-17,0,0
98,fruit_yarn_1,1.3546062883146304e-05,3,983,984,0,2.7755575615628914e-17,0,0
98,fruit_yarn_2,1.3546062883146304e-05,3,983,984,0,2.7755575615628914e-17,0,0
98,fruit_yarn_3,1.3523294007222741e-05,10,983,984,0,2.7755575615628914e-17,0,0
98,fruit_yarn_4,1.3523294007222741e-05,10,983,984,0,2.7755575615628914e-17,0,0
98,fruit_yarn_5,1.3523294007222741e-05,10,983,984,0,2.7755575615628914e-17,0,0
98,fruit_yarn_6,1.3523294007222741e-05,10,983,984,0,2.7755575615628914e-17,0,0
98,fruit_yarn_7,1.3523294007222741e-05,10,983,984,0,2.7755575615628914e-17,0,0
98,fruit_yarn_8,1.3523294007222741e-05,10,983,984,0,2.7755575615628914e-17,0,0
98,fruit_yarn_9,1.3523294007222741e-05,10,983,984,0,2.7755575615628914e-17,0,0
98,fruit_yarn_10,1.3428234378734527e-05,3,983,984,0,7.0200708093826059e-11,0,0
98,fruit_yarn_11,1.3428234378734527e-05,3,983,984,0,7.0200708093826059e-11,0,0
98,ground,1.3428234378734527e-05,3,983,984,0,7.0200708093826059e-11,0,0
98,local,1.3428234378734527e-05,3,983,984,0,0,0,0
98,fruit_pair,1.3433624453842996e-05,3,983,984,0,0,0,0
98,fruit_yarn_0,1.3433624453842996e-05,3,983,984,0,0,0,0
98,fruit_yarn_1,1.3433624453842996e-05,3,983,984,0,0,0,0
98,fruit_yarn_2,1.3433624453842996e-05,3,983,984,0,0,0,0
98,fruit_yarn_3,1.3411055324485943e-05,10,983,984,0,0,0,0
98,fruit_yarn_4,1.3411055324485943e-05,10,983,984,0,0,0,0
98,fruit_yarn_5,1.3411055324485943e-05,10,983,984,0,0,0,0
98,fruit_yarn_6,1.3411055324485943e-05,10,983,984,0,0,0,0
98,fruit_yarn_7,1.3411055324485943e-05,10,983,984,0,0,0,0
98,fruit_yarn_8,1.3411055324485943e-05,10,983,984,0,0,0,0
98,fruit_yarn_9,1.3411055324485943e-05,10,983,984,0,0,0,0
98,fruit_yarn_10,1.3316691387627033e-05,3,983,984,0,6.9608445743551961e-11,0,0
98,fruit_yarn_11,1.3316691387627033e-05,3,983,984,0,6.9608445743551961e-11,0,0
98,ground,1.3316691387627033e-05,3,983,984,0,6.9608445743551961e-11,0,0
99,primitive,1.3316691387627033e-05,3,983,984,0,6.9608445743551961e-11,0,0
99,strain,1.3316691387627033e-05,3,983,984,0,6.9608445743551961e-11,0,0
99,local,1.3316691387627033e-05,3,983,984,0,0,0,0
99,fruit_pair,1.3322036728574682e-05,3,983,984,0,0,0,0
99,fruit_yarn_0,1.3322036728574682e-05,3,983,984,0,0,0,0
99,fruit_yarn_1,1.3322036728574682e-05,3,983,984,0,0,0,0
99,fruit_yarn_2,1.3322036728574682e-05,3,983,984,0,0,0,0
99,fruit_yarn_3,1.3299665546667727e-05,10,983,984,0,0,0,0
99,fruit_yarn_4,1.3299665546667727e-05,10,983,984,0,0,0,0
99,fruit_yarn_5,1.3299665546667727e-05,10,983,984,0,0,0,0
99,fruit_yarn_6,1.3299665546667727e-05,10,983,984,0,0,0,0
99,fruit_yarn_7,1.3299665546667727e-05,10,983,984,0,0,0,0
99,fruit_yarn_8,1.3299665546667727e-05,10,983,984,0,0,0,0
99,fruit_yarn_9,1.3299665546667727e-05,10,983,984,0,0,0,0
99,fruit_yarn_10,1.3205993686815631e-05,3,983,984,0,6.9020855003598669e-11,0,0
99,fruit_yarn_11,1.3205993686815631e-05,3,983,984,0,6.9020855003598669e-11,0,0
99,ground,1.3205993686815631e-05,3,983,984,0,6.9020855003598669e-11,0,0
99,local,1.3205993686815631e-05,3,983,984,0,0,0,0
99,fruit_pair,1.3211294631970683e-05,3,983,984,0,0,0,0
99,fruit_yarn_0,1.3211294631970683e-05,3,983,984,0,0,0,0
99,fruit_yarn_1,1.3211294631970683e-05,3,983,984,0,0,0,0
99,fruit_yarn_2,1.3211294631970683e-05,3,983,984,0,0,0,0
99,fruit_yarn_3,1.3189119617285083e-05,10,983,984,0,0,0,0
99,fruit_yarn_4,1.3189119617285083e-05,10,983,984,0,0,0,0
99,fruit_yarn_5,1.3189119617285083e-05,10,983,984,0,0,0,0
99,fruit_yarn_6,1.3189119617285083e-05,10,983,984,0,0,0,0
99,fruit_yarn_7,1.3189119617285083e-05,10,983,984,0,0,0,0
99,fruit_yarn_8,1.3189119617285083e-05,10,983,984,0,0,0,0
99,fruit_yarn_9,1.3189119617285083e-05,10,983,984,0,0,0,0
99,fruit_yarn_10,1.3096136210463682e-05,3,983,984,0,6.8437868219750619e-11,0,0
99,fruit_yarn_11,1.3096136210463682e-05,3,983,984,0,6.8437868219750619e-11,0,0
99,ground,1.3096136210463682e-05,3,983,984,0,6.8437868219750619e-11,0,0
100,primitive,1.3096136210463682e-05,3,983,984,0,6.8437868219750619e-11,0,0
100,strain,1.3096136210463682e-05,3,983,984,0,6.8437868219750619e-11,0,0
100,local,1.3096136210463682e-05,3,983,984,0,0,0,0
100,fruit_pair,1.3101393096126568e-05,3,983,984,0,0,0,0
100,fruit_yarn_0,1.3101393096126568e-05,3,983,984,0,0,0,0
100,fruit_yarn_1,1.3101393096126568e-05,3,983,984,0,0,0,0
100,fruit_yarn_2,1.3101393096126568e-05,3,983,984,0,0,0,0
100,fruit_yarn_3,1.3079412487071451e-05,10,983,984,0,0,0,0
100,fruit_yarn_4,1.3079412487071451e-05,10,983,984,0,0,0,0
100,fruit_yarn_5,1.3079412487071451e-05,10,983,984,0,0,0,0
100,fruit_yarn_6,1.3079412487071451e-05,10,983,984,0,0,0,0
100,fruit_yarn_7,1.3079412487071451e-05,10,983,984,0,0,0,0
100,fruit_yarn_8,1.3079412487071451e-05,10,983,984,0,0,0,0
100,fruit_yarn_9,1.3079412487071451e-05,10,983,984,0,0,0,0
100,fruit_yarn_10,1.2987113901130609e-05,3,983,984,0,6.7859507943413e-11,0,0
100,fruit_yarn_11,1.2987113901130609e-05,3,983,984,0,6.7859507943413e-11,0,0
100,ground,1.2987113901130609e-05,3,983,984,0,6.7859507943413e-11,0,0
100,local,1.2987113901130609e-05,3,983,984,0,2.9490299091605721e-17,0,0
100,fruit_pair,1.2992327061547848e-05,3,983,984,0,2.9490299091605721e-17,0,0
100,fruit_yarn_0,1.2992327061547848e-05,3,983,984,0,2.9490299091605721e-17,0,0
100,fruit_yarn_1,1.2992327061547848e-05,3,983,984,0,2.9490299091605721e-17,0,0
100,fruit_yarn_2,1.2992327061547848e-05,3,983,984,0,2.9490299091605721e-17,0,0
100,fruit_yarn_3,1.297053911479551e-05,10,983,984,0,2.9490299091605721e-17,0,0
100,fruit_yarn_4,1.297053911479551e-05,10,983,984,0,2.9490299091605721e-17,0,0
100,fruit_yarn_5,1.297053911479551e-05,10,983,984,0,2.9490299091605721e-17,0,0
100,fruit_yarn_6,1.297053911479551e-05,10,983,984,0,2.9490299091605721e-17,0,0
100,fruit_yarn_7,1.297053911479551e-05,10,983,984,0,2.9490299091605721e-17,0,0
100,fruit_yarn_8,1.297053911479551e-05,10,983,984,0,2.9490299091605721e-17,0,0
100,fruit_yarn_9,1.297053911479551e-05,10,983,984,0,2.9490299091605721e-17,0,0
100,fruit_yarn_10,1.2878921709646995e-05,3,983,984,0,6.7285749888457147e-11,0,0
100,fruit_yarn_11,1.2878921709646995e-05,3,983,984,0,6.7285749888457147e-11,0,0
100,ground,1.2878921709646995e-05,3,983,984,0,6.7285749888457147e-11,0,0
101,primitive,1.2878921709646995e-05,3,983,984,0,6.7285749888457147e-11,0,0
101,strain,1.2878921709646995e-05,3,983,984,0,6.7285749888457147e-11,0,0
101,local,1.2878921709646995e-05,3,983,984,0,1.7347234759768071e-18,0,0
101,fruit_pair,1.2884091477052828e-05,3,983,984,0,1.7347234759768071e-18,0,0
101,fruit_yarn_0,1.2884091477052828e-05,3,983,984,0,1.7347234759768071e-18,0,0
101,fruit_yarn_1,1.2884091477052828e-05,3,983,984,0,1.7347234759768071e-18,0,0
101,fruit_yarn_2,1.2884091477052828e-05,3,983,984,0,1.7347234759768071e-18,0,0
101,fruit_yarn_3,1.2862494467358321e-05,10,983,984,0,1.7347234759768071e-18,0,0
101,fruit_yarn_4,1.2862494467358321e-05,10,983,984,0,1.7347234759768071e-18,0,0
101,fruit_yarn_5,1.2862494467358321e-05,10,983,984,0,1.7347234759768071e-18,0,0
101,fruit_yarn_6,1.2862494467358321e-05,10,983,984,0,1.7347234759768071e-18,0,0
101,fruit_yarn_7,1.2862494467358321e-05,10,983,984,0,1.7347234759768071e-18,0,0
101,fruit_yarn_8,1.2862494467358321e-05,10,983,984,0,1.7347234759768071e-18,0,0
101,fruit_yarn_9,1.2862494467358321e-05,10,983,984,0,1.7347234759768071e-18,0,0
101,fruit_yarn_10,1.2771554595933376e-05,3,983,984,0,6.6716481297857122e-11,0,0
101,fruit_yarn_11,1.2771554595933376e-05,3,983,984,0,6.6716481297857122e-11,0,0
101,ground,1.2771554595933376e-05,3,983,984,0,6.6716481297857122e-11,0,0
101,local,1.2771554595933376e-05,3,983,984,0,0,0,0
101,fruit_pair,1.277668130063303e-05,3,983,984,0,0,0,0
101,fruit_yarn_0,1.277668130063303e-05,3,983,984,0,0,0,0
101,fruit_yarn_1,1.277668130063303e-05,3,983,984,0,0,0,0
101,fruit_yarn_2,1.277668130063303e-05,3,983,984,0,0,0,0
101,fruit_yarn_3,1.275527352048722e-05,10,983,984,0,0,0,0
101,fruit_yarn_4,1.275527352048722e-05,10,983,984,0,0,0,0
101,fruit_yarn_5,1.275527352048722e-05,10,983,984,0,0,0,0
101,fruit_yarn_6,1.275527352048722e-05,10,983,984,0,0,0,0
101,fruit_yarn_7,1.275527352048722e-05,10,983,984,0,0,0,0
101,fruit_yarn_8,1.275527352048722e-05,10,983,984,0,0,0,0
101,fruit_yarn_9,1.275527352048722e-05,10,983,984,0,0,0,0
101,fruit_yarn_10,1.2665007529208405e-05,3,983,984,0,6.6151587679863511e-11,0,0
101,fruit_yarn_11,1.2665007529208405e-05,3,983,984,0,6.6151587679863511e-11,0,0
101,ground,1.2665007529208405e-05,3,983,984,0,6.6151587679863511e-11,0,0
102,primitive,1.2665007529208405e-05,3,983,984,0,6.6151587679863511e-11,0,0
102,strain,1.2665007529208405e-05,3,983,984,0,6.6151587679863511e-11,0,0
102,local,1.2665007529208405e-05,3,983,984,0,2.7755575615628914e-17,0,0
102,fruit_pair,1.2670091499508707e-05,3,983,984,0,2.7755575615628914e-17,0,0
102,fruit_yarn_0,1.2670091499508707e-05,3,983,984,0,2.7755575615628914e-17,0,0
102,fruit_yarn_1,1.2670091499508707e-05,3,983,984,0,2.7755575615628914e-17,0,0
102,fruit_yarn_2,1.2670091499508707e-05,3,983,984,0,2.7755575615628914e-17,0,0
102,fruit_yarn_3,1.2648871258930106e-05,10,983,984,0,2.7755575615628914e-17,0,0
102,fruit_yarn_4,1.2648871258930106e-05,10,983,984,0,2.7755575615628914e-17,0,0
102,fruit_yarn_5,1.2648871258930106e-05,10,983,984,0,2.7755575615628914e-17,0,0
102,fruit_yarn_6,1.2648871258930106e-05,10,983,984,0,2.7755575615628914e-17,0,0
102,fruit_yarn_7,1.2648871258930106e-05,10,983,984,0,2.7755575615628914e-17,0,0
102,fruit_yarn_8,1.2648871258930106e-05,10,983,984,0,2.7755575615628914e-17,0,0
102,fruit_yarn_9,1.2648871258930106e-05,10,983,984,0,2.7755575615628914e-17,0,0
102,fruit_yarn_10,1.2559275488446819e-05,3,983,984,0,6.5591261588782146e-11,0,0
102,fruit_yarn_11,1.2559275488446819e-05,3,983,984,0,6.5591261588782146e-11,0,0
102,ground,1.2559275488446819e-05,3,983,984,0,6.5591261588782146e-11,0,0
102,local,1.2559275488446819e-05,3,983,984,0,0,0,0
102,fruit_pair,1.2564317050531293e-05,3,983,984,0,0,0,0
102,fruit_yarn_0,1.2564317050531293e-05,3,983,984,0,0,0,0
102,fruit_yarn_1,1.2564317050531293e-05,3,983,984,0,0,0,0
102,fruit_yarn_2,1.2564317050531293e-05,3,983,984,0,0,0,0
102,fruit_yarn_3,1.254328267674687e-05,10,983,984,0,0,0,0
102,fruit_yarn_4,1.254328267674687e-05,10,983,984,0,0,0,0
102,fruit_yarn_5,1.254328267674687e-05,10,983,984,0,0,0,0
102,fruit_yarn_6,1.254328267674687e-05,10,983,984,0,0,0,0
102,fruit_yarn_7,1.254328267674687e-05,10,983,984,0,0,0,0
102,fruit_yarn_8,1.254328267674687e-05,10,983,984,0,0,0,0
102,fruit_yarn_9,1.254328267674687e-05,10,983,984,0,0,0,0
102,fruit_yarn_10,1.2454353462601486e-05,3,983,984,0,6.5035286184178531e-11,0,0
102,fruit_yarn_11,1.2454353462601486e-05,3,983,984,0,6.5035286184178531e-11,0,0
102,ground,1.2454353462601486e-05,3,983,984,0,6.5035286184178531e-11,0,0
103,primitive,1.2454353462601486e-05,3,983,984,0,6.5035286184178531e-11,0,0
103,strain,1.2454353462601486e-05,3,983,984,0,6.5035286184178531e-11,0,0
103,local,1.2454353462601486e-05,3,983,984,0,0,0,0
103,fruit_pair,1.2459352940835666e-05,3,983,984,0,0,0,0
103,fruit_yarn_0,1.2459352940835666e-05,3,983,984,0,0,0,0
103,fruit_yarn_1,1.2459352940835666e-05,3,983,984,0,0,0,0
103,fruit_yarn_2,1.2459352940835666e-05,3,983,984,0,0,0,0
103,fruit_yarn_3,1.2438502778100435e-05,10,983,984,0,0,0,0
103,fruit_yarn_4,1.2438502778100435e-05,10,983,984,0,0,0,0
103,fruit_yarn_5,1.2438502778100435e-05,10,983,984,0,0,0,0
103,fruit_yarn_6,1.2438502778100435e-05,10,983,984,0,0,0,0
103,fruit_yarn_7,1.2438502778100435e-05,10,983,984,0,0,0,0
103,fruit_yarn_8,1.2438502778100435e-05,10,983,984,0,0,0,0
103,fruit_yarn_9,1.2438502778100435e-05,10,983,984,0,0,0,0
103,fruit_yarn_10,1.2350236451255658e-05,3,983,984,0,6.4483793305036841e-11,0,0
103,fruit_yarn_11,1.2350236451255658e-05,3,983,984,0,6.4483793305036841e-11,0,0
103,ground,1.2350236451255658e-05,3,983,984,0,6.4483793305036841e-11,0,0
103,local,1.2350236451255658e-05,3,983,984,0,0,0,0
103,fruit_pair,1.23551941678679e-05,3,983,984,0,0,0,0
103,fruit_yarn_0,1.23551941678679e-05,3,983,984,0,0,0,0
103,fruit_yarn_1,1.23551941678679e-05,3,983,984,0,0,0,0
103,fruit_yarn_2,1.23551941678679e-05,3,983,984,0,0,0,0
103,fruit_yarn_3,1.2334526577104099e-05,10,983,984,0,0,0,0
103,fruit_yarn_4,1.2334526577104099e-05,10,983,984,0,0,0,0
103,fruit_yarn_5,1.2334526577104099e-05,10,983,984,0,0,0,0
103,fruit_yarn_6,1.2334526577104099e-05,10,983,984,0,0,0,0
103,fruit_yarn_7,1.2334526577104099e-05,10,983,984,0,0,0,0
103,fruit_yarn_8,1.2334526577104099e-05,10,983,984,0,0,0,0
103,fruit_yarn_9,1.2334526577104099e-05,10,983,984,0,0,0,0
103,fruit_yarn_10,1.2246919464539707e-05,3,983,984,0,6.3936673663778087e-11,0,0
103,fruit_yarn_11,1.2246919464539707e-05,3,983,984,0,6.3936673663778087e-11,0,0
103,ground,1.2246919464539707e-05,3,983,984,0,6.3936673663778087e-11,0,0
104,primitive,1.2246919464539707e-05,3,983,984,0,6.3936673663778087e-11,0,0
104,strain,1.2246919464539707e-05,3,983,984,0,6.3936673663778087e-11,0,0
104,local,1.2246919464539707e-05,3,983,984,0,6.9388939039072284e-18,0,0
104,fruit_pair,1.225183573978772e-05,3,983,984,0,6.9388939039072284e-18,0,0
104,fruit_yarn_0,1.225183573978772e-05,3,983,984,0,6.9388939039072284e-18,0,0
104,fruit_yarn_1,1.225183573978772e-05,3,983,984,0,6.9388939039072284e-18,0,0
104,fruit_yarn_2,1.225183573978772e-05,3,983,984,0,6.9388939039072284e-18,0,0
104,fruit_yarn_3,1.2231349098501543e-05,10,983,984,0,6.9388939039072284e-18,0,0
104,fruit_yarn_4,1.2231349098501543e-05,10,983,984,0,6.9388939039072284e-18,0,0
104,fruit_yarn_5,1.2231349098501543e-05,10,983,984,0,6.9388939039072284e-18,0,0
104,fruit_yarn_6,1.2231349098501543e-05,10,983,984,0,6.9388939039072284e-18,0,0
104,fruit_yarn_7,1.2231349098501543e-05,10,983,984,0,6.9388939039072284e-18,0,0
104,fruit_yarn_8,1.2231349098501543e-05,10,983,984,0,6.9388939039072284e-18,0,0
104,fruit_yarn_9,1.2231349098501543e-05,10,983,984,0,6.9388939039072284e-18,0,0
104,fruit_yarn_10,1.2144397523852768e-05,3,983,984,0,6.3393885627038848e-11,0,0
104,fruit_yarn_11,1.2144397523852768e-05,3,983,984,0,6.3393885627038848e-11,0,0
104,ground,1.2144397523852768e-05,3,983,984,0,6.3393885627038848e-11,0,0
104,local,1.2144397523852768e-05,3,983,984,0,2.0816681711721685e-17,0,0
104,fruit_pair,1.214927267605137e-05,3,983,984,0,2.0816681711721685e-17,0,0
104,fruit_yarn_0,1.214927267605137e-05,3,983,984,0,2.0816681711721685e-17,0,0
104,fruit_yarn_1,1.214927267605137e-05,3,983,984,0,2.0816681711721685e-17,0,0
104,fruit_yarn_2,1.214927267605137e-05,3,983,984,0,2.0816681711721685e-17,0,0
104,fruit_yarn_3,1.2128965378013778e-05,10,983,984,0,2.0816681711721685e-17,0,0
104,fruit_yarn_4,1.2128965378013778e-05,10,983,984,0,2.0816681711721685e-17,0,0
104,fruit_yarn_5,1.2128965378013778e-05,10,983,984,0,2.0816681711721685e-17,0,0
104,fruit_yarn_6,1.2128965378013778e-05,10,983,984,0,2.0816681711721685e-17,0,0
104,fruit_yarn_7,1.2128965378013778e-05,10,983,984,0,2.0816681711721685e-17,0,0
104,fruit_yarn_8,1.2128965378013778e-05,10,983,984,0,2.0816681711721685e-17,0,0
104,fruit_yarn_9,1.2128965378013778e-05,10,983,984,0,2.0816681711721685e-17,0,0
104,fruit_yarn_10,1.2042665662084784e-05,3,983,984,0,6.2855371948944416e-11,0,0
104,fruit_yarn_11,1.2042665662084784e-05,3,983,984,0,6.2855371948944416e-11,0,0
104,ground,1.2042665662084784e-05,3,983,984,0,6.2855371948944416e-11,0,0
105,primitive,1.2042665662084784e-05,3,983,984,0,6.2855371948944416e-11,0,0
105,strain,1.2042665662084784e-05,3,983,984,0,6.2855371948944416e-11,0,0
105,local,1.2042665662084784e-05,3,983,984,0,0,0,0
105,fruit_pair,1.2047500007647538e-05,3,983,984,0,0,0,0
105,fruit_yarn_0,1.2047500007647538e-05,3,983,984,0,0,0,0
105,fruit_yarn_1,1.2047500007647538e-05,3,983,984,0,0,0,0
105,fruit_yarn_2,1.2047500007647538e-05,3,983,984,0,0,0,0
105,fruit_yarn_3,1.2027370462588949e-05,10,983,984,0,0,0,0
105,fruit_yarn_4,1.2027370462588949e-05,10,983,984,0,0,0,0
105,fruit_yarn_5,1.2027370462588949e-05,10,983,984,0,0,0,0
105,fruit_yarn_6,1.2027370462588949e-05,10,983,984,0,0,0,0
105,fruit_yarn_7,1.2027370462588949e-05,10,983,984,0,0,0,0
105,fruit_yarn_8,1.2027370462588949e-05,10,983,984,0,0,0,0
105,fruit_yarn_9,1.2027370462588949e-05,10,983,984,0,0,0,0
105,fruit_yarn_10,1.1941718924005085e-05,3,983,984,0,6.2321158650346931e-11,0,0
105,fruit_yarn_11,1.1941718924005085e-05,3,983,984,0,6.2321158650346931e-11,0,0
105,ground,1.1941718924005085e-05,3,983,984,0,6.2321158650346931e-11,0,0
105,local,1.1941718924005085e-05,3,983,984,0,6.9388939039072284e-18,0,0
105,fruit_pair,1.1946512777263885e-05,3,983,984,0,6.9388939039072284e-18,0,0
105,fruit_yarn_0,1.1946512777263885e-05,3,983,984,0,6.9388939039072284e-18,0,0
105,fruit_yarn_1,1.1946512777263885e-05,3,983,984,0,6.9388939039072284e-18,0,0
105,fruit_yarn_2,1.1946512777263885e-05,3,983,984,0,6.9388939039072284e-18,0,0
105,fruit_yarn_3,1.1926559410721516e-05,10,983,984,0,6.9388939039072284e-18,0,0
105,fruit_yarn_4,1.1926559410721516e-05,10,983,984,0,6.9388939039072284e-18,0,0
105,fruit_yarn_5,1.1926559410721516e-05,10,983,984,0,6.9388939039072284e-18,0,0
105,fruit_yarn_6,1.1926559410721516e-05,10,983,984,0,6.9388939039072284e-18,0,0
105,fruit_yarn_7,1.1926559410721516e-05,10,983,984,0,6.9388939039072284e-18,0,0
105,fruit_yarn_8,1.1926559410721516e-05,10,983,984,0,6.9388939039072284e-18,0,0
105,fruit_yarn_9,1.1926559410721516e-05,10,983,984,0,6.9388939039072284e-18,0,0
105,fruit_yarn_10,1.1841552366498309e-05,3,983,984,0,6.1791193689542112e-11,0,0
105,fruit_yarn_11,1.1841552366498309e-05,3,983,984,0,6.1791193689542112e-11,0,0
105,ground,1.1841552366498309e-05,3,983,984,0,6.1791193689542112e-11,0,0
106,primitive,1.1841552366498309e-05,3,983,984,0,6.1791193689542112e-11,0,0
106,strain,1.1841552366498309e-05,3,983,984,0,6.1791193689542112e-11,0,0
106,local,1.1841552366498309e-05,3,983,984,0,4.3368086899420177e-17,0,0
106,fruit_pair,1.1846306039856036e-05,3,983,984,0,4.3368086899420177e-17,0,0
106,fruit_yarn_0,1.1846306039856036e-05,3,983,984,0,4.3368086899420177e-17,0,0
106,fruit_yarn_1,1.1846306039856036e-05,3,983,984,0,4.3368086899420177e-17,0,0
106,fruit_yarn_2,1.1846306039856036e-05,3,983,984,0,4.3368086899420177e-17,0,0
106,fruit_yarn_3,1.1826527292979616e-05,10,983,984,0,4.3368086899420177e-17,0,0
106,fruit_yarn_4,1.1826527292979616e-05,10,983,984,0,4.3368086899420177e-17,0,0
106,fruit_yarn_5,1.1826527292979616e-05,10,983,984,0,4.3368086899420177e-17,0,0
106,fruit_yarn_6,1.1826527292979616e-05,10,983,984,0,4.3368086899420177e-17,0,0
106,fruit_yarn_7,1.1826527292979616e-05,10,983,984,0,4.3368086899420177e-17,0,0
106,fruit_yarn_8,1.1826527292979616e-05,10,983,984,0,4.3368086899420177e-17,0,0
106,fruit_yarn_9,1.1826527292979616e-05,10,983,984,0,4.3368086899420177e-17,0,0
106,fruit_yarn_10,1.1742161058855838e-05,3,983,984,0,6.1265501352658625e-11,0,0
106,fruit_yarn_11,1.1742161058855838e-05,3,983,984,0,6.1265501352658625e-11,0,0
106,ground,1.1742161058855838e-05,3,983,984,0,6.1265501352658625e-11,0,0
106,local,1.1742161058855838e-05,3,983,984,0,1.5612511283791264e-17,0,0
106,fruit_pair,1.1746874862703094e-05,3,983,984,0,1.5612511283791264e-17,0,0
106,fruit_yarn_0,1.1746874862703094e-05,3,983,984,0,1.5612511283791264e-17,0,0
106,fruit_yarn_1,1.1746874862703094e-05,3,983,984,0,1.5612511283791264e-17,0,0
106,fruit_yarn_2,1.1746874862703094e-05,3,983,984,0,1.5612511283791264e-17,0,0
106,fruit_yarn_3,1.1727269192005063e-05,10,983,984,0,1.5612511283791264e-17,0,0
106,fruit_yarn_4,1.1727269192005063e-05,10,983,984,0,1.5612511283791264e-17,0,0
106,fruit_yarn_5,1.1727269192005063e-05,10,983,984,0,1.5612511283791264e-17,0,0
106,fruit_yarn_6,1.1727269192005063e-05,10,983,984,0,1.5612511283791264e-17,0,0
106,fruit_yarn_7,1.1727269192005063e-05,10,983,984,0,1.5612511283791264e-17,0,0
106,fruit_yarn_8,1.1727269192005063e-05,10,983,984,0,1.5612511283791264e-17,0,0
106,fruit_yarn_9,1.1727269192005063e-05,10,983,984,0,1.5612511283791264e-17,0,0
106,fruit_yarn_10,1.164354008317825e-05,3,983,984,0,6.0743953270159246e-11,0,0
106,fruit_yarn_11,1.164354008317825e-05,3,983,984,0,6.0743953270159246e-11,0,0
106,ground,1.164354008317825e-05,3,983,984,0,6.0743953270159246e-11,0,0
107,primitive,1.164354008317825e-05,3,983,984,0,6.0743953270159246e-11,0,0
107,strain,1.164354008317825e-05,3,983,984,0,6.0743953270159246e-11,0,0
107,local,1.164354008317825e-05,3,983,984,0,0,0,0
107,fruit_pair,1.164821432600438e-05,3,983,984,0,0,0,0
107,fruit_yarn_0,1.164821432600438e-05,3,983,984,0,0,0,0
107,fruit_yarn_1,1.164821432600438e-05,3,983,984,0,0,0,0
107,fruit_yarn_2,1.164821432600438e-05,3,983,984,0,0,0,0
107,fruit_yarn_3,1.1628780203193356e-05,10,983,984,0,0,0,0
107,fruit_yarn_4,1.1628780203193356e-05,10,983,984,0,0,0,0
107,fruit_yarn_5,1.1628780203193356e-05,10,983,984,0,0,0,0
107,fruit_yarn_6,1.1628780203193356e-05,10,983,984,0,0,0,0
107,fruit_yarn_7,1.1628780203193356e-05,10,983,984,0,0,0,0
107,fruit_yarn_8,1.1628780203193356e-05,10,983,984,0,0,0,0
107,fruit_yarn_9,1.1628780203193356e-05,10,983,984,0,0,0,0
107,fruit_yarn_10,1.1545684534722267e-05,3,983,984,0,6.0226490461445792e-11,0,0
107,fruit_yarn_11,1.1545684534722267e-05,3,983,984,0,6.0226490461445792e-11,0,0
107,ground,1.1545684534722267e-05,3,983,984,0,6.0226490461445792e-11,0,0
107,local,1.1545684534722267e-05,3,983,984,0,1.7347234759768071e-18,0,0
107,fruit_pair,1.1550319523018215e-05,3,983,984,0,1.7347234759768071e-18,0,0
107,fruit_yarn_0,1.1550319523018215e-05,3,983,984,0,1.7347234759768071e-18,0,0
107,fruit_yarn_1,1.1550319523018215e-05,3,983,984,0,1.7347234759768071e-18,0,0
107,fruit_yarn_2,1.1550319523018215e-05,3,983,984,0,1.7347234759768071e-18,0,0
107,fruit_yarn_3,1.1531055434652049e-05,10,983,984,0,1.7347234759768071e-18,0,0
107,fruit_yarn_4,1.1531055434652049e-05,10,983,984,0,1.7347234759768071e-18,0,0
107,fruit_yarn_5,1.1531055434652049e-05,10,983,984,0,1.7347234759768071e-18,0,0
107,fruit_yarn_6,1.1531055434652049e-05,10,983,984,0,1.7347234759768071e-18,0,0
107,fruit_yarn_7,1.1531055434652049e-05,10,983,984,0,1.7347234759768071e-18,0,0
107,fruit_yarn_8,1.1531055434652049e-05,10,983,984,0,1.7347234759768071e-18,0,0
107,fruit_yarn_9,1.1531055434652049e-05,10,983,984,0,1.7347234759768071e-18,0,0
107,fruit_yarn_10,1.1448589522011776e-05,3,983,984,0,5.9713326297505809e-11,0,0
107,fruit_yarn_11,1.1448589522011776e-05,3,983,984,0,5.9713326297505809e-11,0,0
107,ground,1.1448589522011776e-05,3,983,984,0,5.9713326297505809e-11,0,0
108,primitive,1.1448589522011776e-05,3,983,984,0,5.9713326297505809e-11,0,0
108,strain,1.1448589522011776e-05,3,983,984,0,5.9713326297505809e-11,0,0
108,local,1.1448589522011776e-05,3,983,984,0,1.5612511283791264e-17,0,0
108,fruit_pair,1.1453185560408863e-05,3,983,984,0,1.5612511283791264e-17,0,0
108,fruit_yarn_0,1.1453185560408863e-05,3,983,984,0,1.5612511283791264e-17,0,0
108,fruit_yarn_1,1.1453185560408863e-05,3,983,984,0,1.5612511283791264e-17,0,0
108,fruit_yarn_2,1.1453185560408863e-05,3,983,984,0,1.5612511283791264e-17,0,0
108,fruit_yarn_3,1.1434090007811371e-05,10,983,984,0,1.5612511283791264e-17,0,0
108,fruit_yarn_4,1.1434090007811371e-05,10,983,984,0,1.5612511283791264e-17,0,0
108,fruit_yarn_5,1.1434090007811371e-05,10,983,984,0,1.5612511283791264e-17,0,0
108,fruit_yarn_6,1.1434090007811371e-05,10,983,984,0,1.5612511283791264e-17,0,0
108,fruit_yarn_7,1.1434090007811371e-05,10,983,984,0,1.5612511283791264e-17,0,0
108,fruit_yarn_8,1.1434090007811371e-05,10,983,984,0,1.5612511283791264e-17,0,0
108,fruit_yarn_9,1.1434090007811371e-05,10,983,984,0,1.5612511283791264e-17,0,0
108,fruit_yarn_10,1.1352250167351308e-05,3,983,984,0,5.9204205773988328e-11,0,0
108,fruit_yarn_11,1.1352250167351308e-05,3,983,984,0,5.9204205773988328e-11,0,0
108,ground,1.1352250167351308e-05,3,983,984,0,5.9204205773988328e-11,0,0
108,local,1.1352250167351308e-05,3,983,984,0,0,0,0
108,fruit_pair,1.1356807558440818e-05,3,983,984,0,0,0,0
108,fruit_yarn_0,1.1356807558440818e-05,3,983,984,0,0,0,0
108,fruit_yarn_1,1.1356807558440818e-05,3,983,984,0,0,0,0
108,fruit_yarn_2,1.1356807558440818e-05,3,983,984,0,0,0,0
108,fruit_yarn_3,1.1337879057576883e-05,10,983,984,0,0,0,0
108,fruit_yarn_4,1.1337879057576883e-05,10,983,984,0,0,0,0
108,fruit_yarn_5,1.1337879057576883e-05,10,983,984,0,0,0,0
108,fruit_yarn_6,1.1337879057576883e-05,10,983,984,0,0,0,0
108,fruit_yarn_7,1.1337879057576883e-05,10,983,984,0,0,0,0
108,fruit_yarn_8,1.1337879057576883e-05,10,983,984,0,0,0,0
108,fruit_yarn_9,1.1337879057576883e-05,10,983,984,0,0,0,0
108,fruit_yarn_10,1.1256661607006446e-05,3,983,984,0,5.8699139299234204e-11,0,0
108,fruit_yarn_11,1.1256661607006446e-05,3,983,984,0,5.8699139299234204e-11,0,0
108,ground,1.1256661607006446e-05,3,983,984,0,5.8699139299234204e-11,0,0
109,primitive,1.1256661607006446e-05,3,983,984,0,5.8699139299234204e-11,0,0
109,strain,1.1256661607006446e-05,3,983,984,0,5.8699139299234204e-11,0,0
109,local,1.1256661607006446e-05,3,983,984,0,0,0,0
109,fruit_pair,1.1261180651450653e-05,3,983,984,0,0,0,0
109,fruit_yarn_0,1.1261180651450653e-05,3,983,984,0,0,0,0
109,fruit_yarn_1,1.1261180651450653e-05,3,983,984,0,0,0,0
109,fruit_yarn_2,1.1261180651450653e-05,3,983,984,0,0,0,0
109,fruit_yarn_3,1.1242417732509891e-05,10,983,984,0,0,0,0
109,fruit_yarn_4,1.1242417732509891e-05,10,983,984,0,0,0,0
109,fruit_yarn_5,1.1242417732509891e-05,10,983,984,0,0,0,0
109,fruit_yarn_6,1.1242417732509891e-05,10,983,984,0,0,0,0
109,fruit_yarn_7,1.1242417732509891e-05,10,983,984,0,0,0,0
109,fruit_yarn_8,1.1242417732509891e-05,10,983,984,0,0,0,0
109,fruit_yarn_9,1.1242417732509891e-05,10,983,984,0,0,0,0
109,fruit_yarn_10,1.1161818991356487e-05,3,983,984,0,5.8198099117667823e-11,0,0
109,fruit_yarn_11,1.1161818991356487e-05,3,983,984,0,5.8198099117667823e-11,0,0
109,ground,1.1161818991356487e-05,3,983,984,0,5.8198099117667823e-11,0,0
109,local,1.1161818991356487e-05,3,983,984,0,0,0,0
109,fruit_pair,1.1166299987999673e-05,3,983,984,0,0,0,0
109,fruit_yarn_0,1.1166299987999673e-05,3,983,984,0,0,0,0
109,fruit_yarn_1,1.1166299987999673e-05,3,983,984,0,0,0,0
109,fruit_yarn_2,1.1166299987999673e-05,3,983,984,0,0,0,0
109,fruit_yarn_3,1.1147701195368676e-05,10,983,984,0,0,0,0
109,fruit_yarn_4,1.1147701195368676e-05,10,983,984,0,0,0,0
109,fruit_yarn_5,1.1147701195368676e-05,10,983,984,0,0,0,0
109,fruit_yarn_6,1.1147701195368676e-05,10,983,984,0,0,0,0
109,fruit_yarn_7,1.1147701195368676e-05,10,983,984,0,0,0,0
109,fruit_yarn_8,1.1147701195368676e-05,10,983,984,0,0,0,0
109,fruit_yarn_9,1.1147701195368676e-05,10,983,984,0,0,0,0
109,fruit_yarn_10,1.1067717485477302e-05,3,983,984,0,5.7701215333549882e-11,0,0
109,fruit_yarn_11,1.1067717485477302e-05,3,983,984,0,5.7701215333549882e-11,0,0
109,ground,1.1067717485477302e-05,3,983,984,0,5.7701215333549882e-11,0,0
110,primitive,1.1067717485477302e-05,3,983,984,0,5.7701215333549882e-11,0,0
110,strain,1.1067717485477302e-05,3,983,984,0,5.7701215333549882e-11,0,0
110,local,1.1067717485477302e-05,3,983,984,0,0,0,0
110,fruit_pair,1.1072160731012692e-05,3,983,984,0,0,0,0
110,fruit_yarn_0,1.1072160731012692e-05,3,983,984,0,0,0,0
110,fruit_yarn_1,1.1072160731012692e-05,3,983,984,0,0,0,0
110,fruit_yarn_2,1.1072160731012692e-05,3,983,984,0,0,0,0
110,fruit_yarn_3,1.1053724623094618e-05,10,983,984,0,0,0,0
110,fruit_yarn_4,1.1053724623094618e-05,10,983,984,0,0,0,0
110,fruit_yarn_5,1.1053724623094618e-05,10,983,984,0,0,0,0
110,fruit_yarn_6,1.1053724623094618e-05,10,983,984,0,0,0,0
110,fruit_yarn_7,1.1053724623094618e-05,10,983,984,0,0,0,0
110,fruit_yarn_8,1.1053724623094618e-05,10,983,984,0,0,0,0
110,fruit_yarn_9,1.1053724623094618e-05,10,983,984,0,0,0,0
110,fruit_yarn_10,1.0974352269071952e-05,3,983,984,0,5.7208241616146793e-11,0,0
110,fruit_yarn_11,1.0974352269071952e-05,3,983,984,0,5.7208241616146793e-11,0,0
110,ground,1.0974352269071952e-05,3,983,984,0,5.7208241616146793e-11,0,0
110,local,1.0974352269071952e-05,3,983,984,0,0,0,0
110,fruit_pair,1.097875805851356e-05,3,983,984,0,0,0,0
110,fruit_yarn_0,1.097875805851356e-05,3,983,984,0,0,0,0
110,fruit_yarn_1,1.097875805851356e-05,3,983,984,0,0,0,0
110,fruit_yarn_2,1.097875805851356e-05,3,983,984,0,0,0,0
110,fruit_yarn_3,1.0960483207450578e-05,10,983,984,0,0,0,0
110,fruit_yarn_4,1.0960483207450578e-05,10,983,984,0,0,0,0
110,fruit_yarn_5,1.0960483207450578e-05,10,983,984,0,0,0,0
110,fruit_yarn_6,1.0960483207450578e-05,10,983,984,0,0,0,0
110,fruit_yarn_7,1.0960483207450578e-05,10,983,984,0,0,0,0
110,fruit_yarn_8,1.0960483207450578e-05,10,983,984,0,0,0,0
110,fruit_yarn_9,1.0960483207450578e-05,10,983,984,0,0,0,0
110,fruit_yarn_10,1.0881718536984164e-05,3,983,984,0,5.6719252558568023e-11,0,0
110,fruit_yarn_11,1.0881718536984164e-05,3,983,984,0,5.6719252558568023e-11,0,0
110,ground,1.0881718536984164e-05,3,983,984,0,5.6719252558568023e-11,0,0
111,primitive,1.0881718536984164e-05,3,983,984,0,5.6719252558568023e-11,0,0
111,strain,1.0881718536984164e-05,3,983,984,0,5.6719252558568023e-11,0,0
111,local,1.0881718536984164e-05,3,983,984,0,8.6736173798840355e-18,0,0
111,fruit_pair,1.0886087163250457e-05,3,983,984,0,8.6736173798840355e-18,0,0
111,fruit_yarn_0,1.0886087163250457e-05,3,983,984,0,8.6736173798840355e-18,0,0
111,fruit_yarn_1,1.0886087163250457e-05,3,983,984,0,8.6736173798840355e-18,0,0
111,fruit_yarn_2,1.0886087163250457e-05,3,983,984,0,8.6736173798840355e-18,0,0
111,fruit_yarn_3,1.08679721548266e-05,10,983,984,0,8.6736173798840355e-18,0,0
111,fruit_yarn_4,1.08679721548266e-05,10,983,984,0,8.6736173798840355e-18,0,0
111,fruit_yarn_5,1.08679721548266e-05,10,983,984,0,8.6736173798840355e-18,0,0
111,fruit_yarn_6,1.08679721548266e-05,10,983,984,0,8.6736173798840355e-18,0,0
111,fruit_yarn_7,1.08679721548266e-05,10,983,984,0,8.6736173798840355e-18,0,0
111,fruit_yarn_8,1.08679721548266e-05,10,983,984,0,8.6736173798840355e-18,0,0
111,fruit_yarn_9,1.08679721548266e-05,10,983,984,0,8.6736173798840355e-18,0,0
111,fruit_yarn_10,1.0789811499239965e-05,3,983,984,0,5.623420132327972e-11,0,0
111,fruit_yarn_11,1.0789811499239965e-05,3,983,984,0,5.623420132327972e-11,0,0
111,ground,1.0789811499239965e-05,3,983,984,0,5.623420132327972e-11,0,0
111,local,1.0789811499239965e-05,3,983,984,0,2.6020852139652106e-17,0,0
111,fruit_pair,1.0794143253417543e-05,3,983,984,0,2.6020852139652106e-17,0,0
111,fruit_yarn_0,1.0794143253417543e-05,3,983,984,0,2.6020852139652106e-17,0,0
111,fruit_yarn_1,1.0794143253417543e-05,3,983,984,0,2.6020852139652106e-17,0,0
111,fruit_yarn_2,1.0794143253417543e-05,3,983,984,0,2.6020852139652106e-17,0,0
111,fruit_yarn_3,1.0776186686850542e-05,10,983,984,0,2.6020852139652106e-17,0,0
111,fruit_yarn_4,1.0776186686850542e-05,10,983,984,0,2.6020852139652106e-17,0,0
111,fruit_yarn_5,1.0776186686850542e-05,10,983,984,0,2.6020852139652106e-17,0,0
111,fruit_yarn_6,1.0776186686850542e-05,10,983,984,0,2.6020852139652106e-17,0,0
111,fruit_yarn_7,1.0776186686850542e-05,10,983,984,0,2.6020852139652106e-17,0,0
111,fruit_yarn_8,1.0776186686850542e-05,10,983,984,0,2.6020852139652106e-17,0,0
111,fruit_yarn_9,1.0776186686850542e-05,10,983,984,0,2.6020852139652106e-17,0,0
111,fruit_yarn_10,1.0698626381450138e-05,3,983,984,0,5.5753063624153221e-11,0,0
111,fruit_yarn_11,1.0698626381450138e-05,3,983,984,0,5.5753063624153221e-11,0,0
111,ground,1.0698626381450138e-05,3,983,984,0,5.5753063624153221e-11,0,0
112,primitive,1.0698626381450138e-05,3,983,984,0,5.5753063624153221e-11,0,0
112,strain,1.0698626381450138e-05,3,983,984,0,5.5753063624153221e-11,0,0
112,local,1.0698626381450138e-05,3,983,984,0,2.2551405187698492e-17,0,0
112,fruit_pair,1.070292155273822e-05,3,983,984,0,2.2551405187698492e-17,0,0
112,fruit_yarn_0,1.070292155273822e-05,3,983,984,0,2.2551405187698492e-17,0,0
112,fruit_yarn_1,1.070292155273822e-05,3,983,984,0,2.2551405187698492e-17,0,0
112,fruit_yarn_2,1.070292155273822e-05,3,983,984,0,2.2551405187698492e-17,0,0
112,fruit_yarn_3,1.0685122040499095e-05,10,983,984,0,2.2551405187698492e-17,0,0
112,fruit_yarn_4,1.0685122040499095e-05,10,983,984,0,2.2551405187698492e-17,0,0
112,fruit_yarn_5,1.0685122040499095e-05,10,983,984,0,2.2551405187698492e-17,0,0
112,fruit_yarn_6,1.0685122040499095e-05,10,983,984,0,2.2551405187698492e-17,0,0
112,fruit_yarn_7,1.0685122040499095e-05,10,983,984,0,2.2551405187698492e-17,0,0
112,fruit_yarn_8,1.0685122040499095e-05,10,983,984,0,2.2551405187698492e-17,0,0
112,fruit_yarn_9,1.0685122040499095e-05,10,983,984,0,2.2551405187698492e-17,0,0
112,fruit_yarn_10,1.0608158425032266e-05,3,983,984,0,5.5275827318124193e-11,0,0
112,fruit_yarn_11,1.0608158425032266e-05,3,983,984,0,5.5275827318124193e-11,0,0
112,ground,1.0608158425032266e-05,3,983,984,0,5.5275827318124193e-11,0,0
112,local,1.0608158425032266e-05,3,983,984,0,2.0816681711721685e-17,0,0
112,fruit_pair,1.0612417300742694e-05,3,983,984,0,2.0816681711721685e-17,0,0
112,fruit_yarn_0,1.0612417300742694e-05,3,983,984,0,2.0816681711721685e-17,0,0
112,fruit_yarn_1,1.0612417300742694e-05,3,983,984,0,2.0816681711721685e-17,0,0
112,fruit_yarn_2,1.0612417300742694e-05,3,983,984,0,2.0816681711721685e-17,0,0
112,fruit_yarn_3,1.0594773468416974e-05,10,983,984,0,2.0816681711721685e-17,0,0
112,fruit_yarn_4,1.0594773468416974e-05,10,983,984,0,2.0816681711721685e-17,0,0
112,fruit_yarn_5,1.0594773468416974e-05,10,983,984,0,2.0816681711721685e-17,0,0
112,fruit_yarn_6,1.0594773468416974e-05,10,983,984,0,2.0816681711721685e-17,0,0
112,fruit_yarn_7,1.0594773468416974e-05,10,983,984,0,2.0816681711721685e-17,0,0
112,fruit_yarn_8,1.0594773468416974e-05,10,983,984,0,2.0816681711721685e-17,0,0
112,fruit_yarn_9,1.0594773468416974e-05,10,983,984,0,2.0816681711721685e-17,0,0
112,fruit_yarn_10,1.0518402887405021e-05,3,983,984,0,5.4802419546806647e-11,0,0
112,fruit_yarn_11,1.0518402887405021e-05,3,983,984,0,5.4802419546806647e-11,0,0
112,ground,1.0518402887405021e-05,3,983,984,0,5.4802419546806647e-11,0,0
113,primitive,1.0518402887405021e-05,3,983,984,0,5.4802419546806647e-11,0,0
113,strain,1.0518402887405021e-05,3,983,984,0,5.4802419546806647e-11,0,0
113,local,1.0518402887405021e-05,3,983,984,0,3.2959746043559335e-17,0,0
113,fruit_pair,1.0522625752878989e-05,3,983,984,0,3.2959746043559335e-17,0,0
113,fruit_yarn_0,1.0522625752878989e-05,3,983,984,0,3.2959746043559335e-17,0,0
113,fruit_yarn_1,1.0522625752878989e-05,3,983,984,0,3.2959746043559335e-17,0,0
113,fruit_yarn_2,1.0522625752878989e-05,3,983,984,0,3.2959746043559335e-17,0,0
113,fruit_yarn_3,1.0505136238958546e-05,10,983,984,0,3.2959746043559335e-17,0,0
113,fruit_yarn_4,1.0505136238958546e-05,10,983,984,0,3.2959746043559335e-17,0,0
113,fruit_yarn_5,1.0505136238958546e-05,10,983,984,0,3.2959746043559335e-17,0,0
113,fruit_yarn_6,1.0505136238958546e-05,10,983,984,0,3.2959746043559335e-17,0,0
113,fruit_yarn_7,1.0505136238958546e-05,10,983,984,0,3.2959746043559335e-17,0,0
113,fruit_yarn_8,1.0505136238958546e-05,10,983,984,0,3.2959746043559335e-17,0,0
113,fruit_yarn_9,1.0505136238958546e-05,10,983,984,0,3.2959746043559335e-17,0,0
113,fruit_yarn_10,1.042935504214082e-05,3,983,984,0,5.4332862861605769e-11,0,0
113,fruit_yarn_11,1.042935504214082e-05,3,983,984,0,5.4332862861605769e-11,0,0
113,ground,1.042935504214082e-05,3,983,984,0,5.4332862861605769e-11,0,0
113,local,1.042935504214082e-05,3,983,984,0,0,0,0
113,fruit_pair,1.0433542180873778e-05,3,983,984,0,0,0,0
113,fruit_yarn_0,1.0433542180873778e-05,3,983,984,0,0,0,0
113,fruit_yarn_1,1.0433542180873778e-05,3,983,984,0,0,0,0
113,fruit_yarn_2,1.0433542180873778e-05,3,983,984,0,0,0,0
113,fruit_yarn_3,1.0416205636673559e-05,10,983,984,0,0,0,0
113,fruit_yarn_4,1.0416205636673559e-05,10,983,984,0,0,0,0
113,fruit_yarn_5,1.0416205636673559e-05,10,983,984,0,0,0,0
113,fruit_yarn_6,1.0416205636673559e-05,10,983,984,0,0,0,0
113,fruit_yarn_7,1.0416205636673559e-05,10,983,984,0,0,0,0
113,fruit_yarn_8,1.0416205636673559e-05,10,983,984,0,0,0,0
113,fruit_yarn_9,1.0416205636673559e-05,10,983,984,0,0,0,0
113,fruit_yarn_10,1.0341010179298893e-05,3,983,984,0,5.3867032362431289e-11,0,0
113,fruit_yarn_11,1.0341010179298893e-05,3,983,984,0,5.3867032362431289e-11,0,0
113,ground,1.0341010179298893e-05,3,983,984,0,5.3867032362431289e-11,0,0
114,primitive,1.0341010179298893e-05,3,983,984,0,5.3867032362431289e-11,0,0
114,strain,1.0341010179298893e-05,3,983,984,0,5.3867032362431289e-11,0,0
114,local,1.0341010179298893e-05,3,983,984,0,0,0,0
114,fruit_pair,1.0345161872940545e-05,3,983,984,0,0,0,0
114,fruit_yarn_0,1.0345161872940545e-05,3,983,984,0,0,0,0
114,fruit_yarn_1,1.0345161872940545e-05,3,983,984,0,0,0,0
114,fruit_yarn_2,1.0345161872940545e-05,3,983,984,0,0,0,0
114,fruit_yarn_3,1.0327976962293262e-05,10,983,984,0,0,0,0
114,fruit_yarn_4,1.0327976962293262e-05,10,983,984,0,0,0,0
114,fruit_yarn_5,1.0327976962293262e-05,10,983,984,0,0,0,0
114,fruit_yarn_6,1.0327976962293262e-05,10,983,984,0,0,0,0
114,fruit_yarn_7,1.0327976962293262e-05,10,983,984,0,0,0,0
114,fruit_yarn_8,1.0327976962293262e-05,10,983,984,0,0,0,0
114,fruit_yarn_9,1.0327976962293262e-05,10,983,984,0,0,0,0
114,fruit_yarn_10,1.0253363605633448e-05,3,983,984,0,5.3405049479926525e-11,0,0
114,fruit_yarn_11,1.0253363605633448e-05,3,983,984,0,5.3405049479926525e-11,0,0
114,ground,1.0253363605633448e-05,3,983,984,0,5.3405049479926525e-11,0,0
114,local,1.0253363605633448e-05,3,983,984,0,2.2551405187698492e-17,0,0
114,fruit_pair,1.0257480133946117e-05,3,983,984,0,2.2551405187698492e-17,0,0
114,fruit_yarn_0,1.0257480133946117e-05,3,983,984,0,2.2551405187698492e-17,0,0
114,fruit_yarn_1,1.0257480133946117e-05,3,983,984,0,2.2551405187698492e-17,0,0
114,fruit_yarn_2,1.0257480133946117e-05,3,983,984,0,2.2551405187698492e-17,0,0
114,fruit_yarn_3,1.0240445533230003e-05,10,983,984,0,2.2551405187698492e-17,0,0
114,fruit_yarn_4,1.0240445533230003e-05,10,983,984,0,2.2551405187698492e-17,0,0
114,fruit_yarn_5,1.0240445533230003e-05,10,983,984,0,2.2551405187698492e-17,0,0
114,fruit_yarn_6,1.0240445533230003e-05,10,983,984,0,2.2551405187698492e-17,0,0
114,fruit_yarn_7,1.0240445533230003e-05,10,983,984,0,2.2551405187698492e-17,0,0
114,fruit_yarn_8,1.0240445533230003e-05,10,983,984,0,2.2551405187698492e-17,0,0
114,fruit_yarn_9,1.0240445533230003e-05,10,983,984,0,2.2551405187698492e-17,0,0
114,fruit_yarn_10,1.0166410644843471e-05,3,983,984,0,5.2946855233493295e-11,0,0
114,fruit_yarn_11,1.0166410644843471e-05,3,983,984,0,5.2946855233493295e-11,0,0
114,ground,1.0166410644843471e-05,3,983,984,0,5.2946855233493295e-11,0,0
115,primitive,1.0166410644843471e-05,3,983,984,0,5.2946855233493295e-11,0,0
115,strain,1.0166410644843471e-05,3,983,984,0,5.2946855233493295e-11,0,0
115,local,1.0166410644843471e-05,3,983,984,0,0,0,0
115,fruit_pair,1.0170492285660471e-05,3,983,984,0,0,0,0
115,fruit_yarn_0,1.0170492285660471e-05,3,983,984,0,0,0,0
115,fruit_yarn_1,1.0170492285660471e-05,3,983,984,0,0,0,0
115,fruit_yarn_2,1.0170492285660471e-05,3,983,984,0,0,0,0
115,fruit_yarn_3,1.0153606683521721e-05,10,983,984,0,0,0,0
115,fruit_yarn_4,1.0153606683521721e-05,10,983,984,0,0,0,0
115,fruit_yarn_5,1.0153606683521721e-05,10,983,984,0,0,0,0
115,fruit_yarn_6,1.0153606683521721e-05,10,983,984,0,0,0,0
115,fruit_yarn_7,1.0153606683521721e-05,10,983,984,0,0,0,0
115,fruit_yarn_8,1.0153606683521721e-05,10,983,984,0,0,0,0
115,fruit_yarn_9,1.0153606683521721e-05,10,983,984,0,0,0,0
115,fruit_yarn_10,1.008014663750334e-05,3,983,984,0,5.2492286559124857e-11,0,0
115,fruit_yarn_11,1.008014663750334e-05,3,983,984,0,5.2492286559124857e-11,0,0
115,ground,1.008014663750334e-05,3,983,984,0,5.2492286559124857e-11,0,0
115,local,1.008014663750334e-05,3,983,984,0,1.7347234759768071e-17,0,0
115,fruit_pair,1.0084193666812236e-05,3,983,984,0,1.7347234759768071e-17,0,0
115,fruit_yarn_0,1.0084193666812236e-05,3,983,984,0,1.7347234759768071e-17,0,0
115,fruit_yarn_1,1.0084193666812236e-05,3,983,984,0,1.7347234759768071e-17,0,0
115,fruit_yarn_2,1.0084193666812236e-05,3,983,984,0,1.7347234759768071e-17,0,0
115,fruit_yarn_3,1.0067455764081745e-05,10,983,984,0,1.7347234759768071e-17,0,0
115,fruit_yarn_4,1.0067455764081745e-05,10,983,984,0,1.7347234759768071e-17,0,0
115,fruit_yarn_5,1.0067455764081745e-05,10,983,984,0,1.7347234759768071e-17,0,0
115,fruit_yarn_6,1.0067455764081745e-05,10,983,984,0,1.7347234759768071e-17,0,0
115,fruit_yarn_7,1.0067455764081745e-05,10,983,984,0,1.7347234759768071e-17,0,0
115,fruit_yarn_8,1.0067455764081745e-05,10,983,984,0,1.7347234759768071e-17,0,0
115,fruit_yarn_9,1.0067455764081745e-05,10,983,984,0,1.7347234759768071e-17,0,0
115,fruit_yarn_10,9.9945669415485439e-06,3,983,984,0,5.2041473561081908e-11,0,0
115,fruit_yarn_11,9.9945669415485439e-06,3,983,984,0,5.2041473561081908e-11,0,0
115,ground,9.9945669415485439e-06,3,983,984,0,5.2041473561081908e-11,0,0
116,primitive,9.9945669415485439e-06,3,983,984,0,5.2041473561081908e-11,0,0
116,strain,9.9945669415485439e-06,3,983,984,0,5.2041473561081908e-11,0,0
116,local,9.9945669415485439e-06,3,983,984,0,3.4694469519536142e-18,0,0
116,fruit_pair,9.9985796336438115e-06,3,983,984,0,3.4694469519536142e-18,0,0
116,fruit_yarn_0,9.9985796336438115e-06,3,983,984,0,3.4694469519536142e-18,0,0
116,fruit_yarn_1,9.9985796336438115e-06,3,983,984,0,3.4694469519536142e-18,0,0
116,fruit_yarn_2,9.9985796336438115e-06,3,983,984,0,3.4694469519536142e-18,0,0
116,fruit_yarn_3,9.9819881431428836e-06,10,983,984,0,3.4694469519536142e-18,0,0
116,fruit_yarn_4,9.9819881431428836e-06,10,983,984,0,3.4694469519536142e-18,0,0
116,fruit_yarn_5,9.9819881431428836e-06,10,983,984,0,3.4694469519536142e-18,0,0
116,fruit_yarn_6,9.9819881431428836e-06,10,983,984,0,3.4694469519536142e-18,0,0
116,fruit_yarn_7,9.9819881431428836e-06,10,983,984,0,3.4694469519536142e-18,0,0
116,fruit_yarn_8,9.9819881431428836e-06,10,983,984,0,3.4694469519536142e-18,0,0
116,fruit_yarn_9,9.9819881431428836e-06,10,983,984,0,3.4694469519536142e-18,0,0
116,fruit_yarn_10,9.9096669324977293e-06,3,983,984,0,5.159435552404279e-11,0,0
116,fruit_yarn_11,9.9096669324977293e-06,3,983,984,0,5.159435552404279e-11,0,0
116,ground,9.9096669324977293e-06,3,983,984,0,5.159435552404279e-11,0,0
116,local,9.9096669324977293e-06,3,983,984,0,0,0,0
116,fruit_pair,9.9136455595782991e-06,3,983,984,0,0,0,0
116,fruit_yarn_0,9.9136455595782991e-06,3,983,984,0,0,0,0
116,fruit_yarn_1,9.9136455595782991e-06,3,983,984,0,0,0,0
116,fruit_yarn_2,9.9136455595782991e-06,3,983,984,0,0,0,0
116,fruit_yarn_3,9.8971992059937453e-06,10,983,984,0,0,0,0
116,fruit_yarn_4,9.8971992059937453e-06,10,983,984,0,0,0,0
116,fruit_yarn_5,9.8971992059937453e-06,10,983,984,0,0,0,0
116,fruit_yarn_6,9.8971992059937453e-06,10,983,984,0,0,0,0
116,fruit_yarn_7,9.8971992059937453e-06,10,983,984,0,0,0,0
116,fruit_yarn_8,9.8971992059937453e-06,10,983,984,0,0,0,0
116,fruit_yarn_9,9.8971992059937453e-06,10,983,984,0,0,0,0
116,fruit_yarn_10,9.8254420033278e-06,3,983,984,0,5.1150802343746804e-11,0,0
116,fruit_yarn_11,9.8254420033278e-06,3,983,984,0,5.1150802343746804e-11,0,0
116,ground,9.8254420033278e-06,3,983,984,0,5.1150802343746804e-11,0,0
117,primitive,9.8254420033278e-06,3,983,984,0,5.1150802343746804e-11,0,0
117,strain,9.8254420033278e-06,3,983,984,0,5.1150802343746804e-11,0,0
117,local,9.8254420033278e-06,3,983,984,0,2.7755575615628914e-17,0,0
117,fruit_pair,9.8293868359689007e-06,3,983,984,0,2.7755575615628914e-17,0,0
117,fruit_yarn_0,9.8293868359689007e-06,3,983,984,0,2.7755575615628914e-17,0,0
117,fruit_yarn_1,9.8293868359689007e-06,3,983,984,0,2.7755575615628914e-17,0,0
117,fruit_yarn_2,9.8293868359689007e-06,3,983,984,0,2.7755575615628914e-17,0,0
117,fruit_yarn_3,9.8130843557281411e-06,10,983,984,0,2.7755575615628914e-17,0,0
117,fruit_yarn_4,9.8130843557281411e-06,10,983,984,0,2.7755575615628914e-17,0,0
117,fruit_yarn_5,9.8130843557281411e-06,10,983,984,0,2.7755575615628914e-17,0,0
117,fruit_yarn_6,9.8130843557281411e-06,10,983,984,0,2.7755575615628914e-17,0,0
117,fruit_yarn_7,9.8130843557281411e-06,10,983,984,0,2.7755575615628914e-17,0,0
117,fruit_yarn_8,9.8130843557281411e-06,10,983,984,0,2.7755575615628914e-17,0,0
117,fruit_yarn_9,9.8130843557281411e-06,10,983,984,0,2.7755575615628914e-17,0,0
117,fruit_yarn_10,9.7418875650706616e-06,3,983,984,0,5.0710963206412885e-11,0,0
117,fruit_yarn_11,9.7418875650706616e-06,3,983,984,0,5.0710963206412885e-11,0,0
117,ground,9.7418875650706616e-06,3,983,984,0,5.0710963206412885e-11,0,0
117,local,9.7418875650706616e-06,3,983,984,0,1.5612511283791264e-17,0,0
117,fruit_pair,9.7457988718768762e-06,3,983,984,0,1.5612511283791264e-17,0,0
117,fruit_yarn_0,9.7457988718768762e-06,3,983,984,0,1.5612511283791264e-17,0,0
117,fruit_yarn_1,9.7457988718768762e-06,3,983,984,0,1.5612511283791264e-17,0,0
117,fruit_yarn_2,9.7457988718768762e-06,3,983,984,0,1.5612511283791264e-17,0,0
117,fruit_yarn_3,9.7296390129536503e-06,10,983,984,0,1.5612511283791264e-17,0,0
117,fruit_yarn_4,9.7296390129536503e-06,10,983,984,0,1.5612511283791264e-17,0,0
117,fruit_yarn_5,9.7296390129536503e-06,10,983,984,0,1.5612511283791264e-17,0,0
117,fruit_yarn_6,9.7296390129536503e-06,10,983,984,0,1.5612511283791264e-17,0,0
117,fruit_yarn_7,9.7296390129536503e-06,10,983,984,0,1.5612511283791264e-17,0,0
117,fruit_yarn_8,9.7296390129536503e-06,10,983,984,0,1.5612511283791264e-17,0,0
117,fruit_yarn_9,9.7296390129536503e-06,10,983,984,0,1.5612511283791264e-17,0,0
117,fruit_yarn_10,9.6589990464801545e-06,3,983,984,0,5.0274647292458674e-11,0,0
117,fruit_yarn_11,9.6589990464801545e-06,3,983,984,0,5.0274647292458674e-11,0,0
117,ground,9.6589990464801545e-06,3,983,984,0,5.0274647292458674e-11,0,0
118,primitive,9.6589990464801545e-06,3,983,984,0,5.0274647292458674e-11,0,0
118,strain,9.6589990464801545e-06,3,983,984,0,5.0274647292458674e-11,0,0
118,local,9.6589990464801545e-06,3,983,984,0,0,0,0
118,fruit_pair,9.6628770944046094e-06,3,983,984,0,0,0,0
118,fruit_yarn_0,9.6628770944046094e-06,3,983,984,0,0,0,0
118,fruit_yarn_1,9.6628770944046094e-06,3,983,984,0,0,0,0
118,fruit_yarn_2,9.6628770944046094e-06,3,983,984,0,0,0,0
118,fruit_yarn_3,9.6468586163050984e-06,10,983,984,0,0,0,0
118,fruit_yarn_4,9.6468586163050984e-06,10,983,984,0,0,0,0
118,fruit_yarn_5,9.6468586163050984e-06,10,983,984,0,0,0,0
118,fruit_yarn_6,9.6468586163050984e-06,10,983,984,0,0,0,0
118,fruit_yarn_7,9.6468586163050984e-06,10,983,984,0,0,0,0
118,fruit_yarn_8,9.6468586163050984e-06,10,983,984,0,0,0,0
118,fruit_yarn_9,9.6468586163050984e-06,10,983,984,0,0,0,0
118,fruit_yarn_10,9.5767718947814551e-06,3,983,984,0,4.9841865010225028e-11,0,0
118,fruit_yarn_11,9.5767718947814551e-06,3,983,984,0,4.9841865010225028e-11,0,0
118,ground,9.5767718947814551e-06,3,983,984,0,4.9841865010225028e-11,0,0
118,local,9.5767718947814551e-06,3,983,984,0,1.5612511283791264e-17,0,0
118,fruit_pair,9.5806169486956083e-06,3,983,984,0,1.5612511283791264e-17,0,0
118,fruit_yarn_0,9.5806169486956083e-06,3,983,984,0,1.5612511283791264e-17,0,0
118,fruit_yarn_1,9.5806169486956083e-06,3,983,984,0,1.5612511283791264e-17,0,0
118,fruit_yarn_2,9.5806169486956083e-06,3,983,984,0,1.5612511283791264e-17,0,0
118,fruit_yarn_3,9.5647386222225128e-06,10,983,984,0,1.5612511283791264e-17,0,0
118,fruit_yarn_4,9.5647386222225128e-06,10,983,984,0,1.5612511283791264e-17,0,0
118,fruit_yarn_5,9.5647386222225128e-06,10,983,984,0,1.5612511283791264e-17,0,0
118,fruit_yarn_6,9.5647386222225128e-06,10,983,984,0,1.5612511283791264e-17,0,0
118,fruit_yarn_7,9.5647386222225128e-06,10,983,984,0,1.5612511283791264e-17,0,0
118,fruit_yarn_8,9.5647386222225128e-06,10,983,984,0,1.5612511283791264e-17,0,0
118,fruit_yarn_9,9.5647386222225128e-06,10,983,984,0,1.5612511283791264e-17,0,0
118,fruit_yarn_10,9.4952015753935193e-06,3,983,984,0,4.9412680544480558e-11,0,0
118,fruit_yarn_11,9.4952015753935193e-06,3,983,984,0,4.9412680544480558e-11,0,0
118,ground,9.4952015753935193e-06,3,983,984,0,4.9412680544480558e-11,0,0
119,primitive,9.4952015753935193e-06,3,983,984,0,4.9412680544480558e-11,0,0
119,strain,9.4952015753935193e-06,3,983,984,0,4.9412680544480558e-11,0,0
119,local,9.4952015753935193e-06,3,983,984,0,1.7347234759768071e-18,0,0
119,fruit_pair,9.49901389853125e-06,3,983,984,0,1.7347234759768071e-18,0,0
119,fruit_yarn_0,9.49901389853125e-06,3,983,984,0,1.7347234759768071e-18,0,0
119,fruit_yarn_1,9.49901389853125e-06,3,983,984,0,1.7347234759768071e-18,0,0
119,fruit_yarn_2,9.49901389853125e-06,3,983,984,0,1.7347234759768071e-18,0,0
119,fruit_yarn_3,9.4832745056172563e-06,10,983,984,0,1.7347234759768071e-18,0,0
119,fruit_yarn_4,9.4832745056172563e-06,10,983,984,0,1.7347234759768071e-18,0,0
119,fruit_yarn_5,9.4832745056172563e-06,10,983,984,0,1.7347234759768071e-18,0,0
119,fruit_yarn_6,9.4832745056172563e-06,10,983,984,0,1.7347234759768071e-18,0,0
119,fruit_yarn_7,9.4832745056172563e-06,10,983,984,0,1.7347234759768071e-18,0,0
119,fruit_yarn_8,9.4832745056172563e-06,10,983,984,0,1.7347234759768071e-18,0,0
119,fruit_yarn_9,9.4832745056172563e-06,10,983,984,0,1.7347234759768071e-18,0,0
119,fruit_yarn_10,9.4142835721372498e-06,3,983,984,0,4.8987001954881038e-11,0,0
119,fruit_yarn_11,9.4142835721372498e-06,3,983,984,0,4.8987001954881038e-11,0,0
119,ground,9.4142835721372498e-06,3,983,984,0,4.8987001954881038e-11,0,0
119,local,9.4142835721372498e-06,3,983,984,0,0,0,0
119,fruit_pair,9.4180634259005691e-06,3,983,984,0,0,0,0
119,fruit_yarn_0,9.4180634259005691e-06,3,983,984,0,0,0,0
119,fruit_yarn_1,9.4180634259005691e-06,3,983,984,0,0,0,0
119,fruit_yarn_2,9.4180634259005691e-06,3,983,984,0,0,0,0
119,fruit_yarn_3,9.4024617595944715e-06,10,983,984,0,0,0,0
119,fruit_yarn_4,9.4024617595944715e-06,10,983,984,0,0,0,0
119,fruit_yarn_5,9.4024617595944715e-06,10,983,984,0,0,0,0
119,fruit_yarn_6,9.4024617595944715e-06,10,983,984,0,0,0,0
119,fruit_yarn_7,9.4024617595944715e-06,10,983,984,0,0,0,0
119,fruit_yarn_8,9.4024617595944715e-06,10,983,984,0,0,0,0
119,fruit_yarn_9,9.4024617595944715e-06,10,983,984,0,0,0,0
119,fruit_yarn_10,9.3340133876101961e-06,3,983,984,0,4.8564822302532562e-11,0,0
119,fruit_yarn_11,9.3340133876101961e-06,3,983,984,0,4.8564822302532562e-11,0,0
119,ground,9.3340133876101961e-06,3,983,984,0,4.8564822302532562e-11,0,0
120,primitive,9.3340133876101961e-06,3,983,984,0,4.8564822302532562e-11,0,0
120,strain,9.3340133876101961e-06,3,983,984,0,4.8564822302532562e-11,0,0
120,local,9.3340133876101961e-06,3,983,984,0,0,0,0
120,fruit_pair,9.337761031583125e-06,3,983,984,0,0,0,0
120,fruit_yarn_0,9.337761031583125e-06,3,983,984,0,0,0,0
120,fruit_yarn_1,9.337761031583125e-06,3,983,984,0,0,0,0
120,fruit_yarn_2,9.337761031583125e-06,3,983,984,0,0,0,0
120,fruit_yarn_3,9.3222958958139035e-06,10,983,984,0,0,0,0
120,fruit_yarn_4,9.3222958958139035e-06,10,983,984,0,0,0,0
120,fruit_yarn_5,9.3222958958139035e-06,10,983,984,0,0,0,0
120,fruit_yarn_6,9.3222958958139035e-06,10,983,984,0,0,0,0
120,fruit_yarn_7,9.3222958958139035e-06,10,983,984,0,0,0,0
120,fruit_yarn_8,9.3222958958139035e-06,10,983,984,0,0,0,0
120,fruit_yarn_9,9.3222958958139035e-06,10,983,984,0,0,0,0
120,fruit_yarn_10,9.2543865431032879e-06,3,983,984,0,4.8146058320708285e-11,0,0
120,fruit_yarn_11,9.2543865431032879e-06,3,983,984,0,4.8146058320708285e-11,0,0
120,ground,9.2543865431032879e-06,3,983,984,0,4.8146058320708285e-11,0,0
120,local,9.2543865431032879e-06,3,983,984,0,6.9388939039072284e-18,0,0
120,fruit_pair,9.2581022351767572e-06,3,983,984,0,6.9388939039072284e-18,0,0
120,fruit_yarn_0,9.2581022351767572e-06,3,983,984,0,6.9388939039072284e-18,0,0
120,fruit_yarn_1,9.2581022351767572e-06,3,983,984,0,6.9388939039072284e-18,0,0
120,fruit_yarn_2,9.2581022351767572e-06,3,983,984,0,6.9388939039072284e-18,0,0
120,fruit_yarn_3,9.2427724448090887e-06,10,983,984,0,6.9388939039072284e-18,0,0
120,fruit_yarn_4,9.2427724448090887e-06,10,983,984,0,6.9388939039072284e-18,0,0
120,fruit_yarn_5,9.2427724448090887e-06,10,983,984,0,6.9388939039072284e-18,0,0
120,fruit_yarn_6,9.2427724448090887e-06,10,983,984,0,6.9388939039072284e-18,0,0
120,fruit_yarn_7,9.2427724448090887e-06,10,983,984,0,6.9388939039072284e-18,0,0
120,fruit_yarn_8,9.2427724448090887e-06,10,983,984,0,6.9388939039072284e-18,0,0
120,fruit_yarn_9,9.2427724448090887e-06,10,983,984,0,6.9388939039072284e-18,0,0
120,fruit_yarn_10,9.175398579003291e-06,3,983,984,0,4.7730810623369813e-11,0,0
120,fruit_yarn_11,9.175398579003291e-06,3,983,984,0,4.7730810623369813e-11,0,0
120,ground,9.175398579003291e-06,3,983,984,0,4.7730810623369813e-11,0,0
121,primitive,9.175398579003291e-06,3,983,984,0,4.7730810623369813e-11,0,0
121,strain,9.175398579003291e-06,3,983,984,0,4.7730810623369813e-11,0,0
121,local,9.175398579003291e-06,3,983,984,0,1.3877787807814457e-17,0,0
121,fruit_pair,9.1790825751669747e-06,3,983,984,0,1.3877787807814457e-17,0,0
121,fruit_yarn_0,9.1790825751669747e-06,3,983,984,0,1.3877787807814457e-17,0,0
121,fruit_yarn_1,9.1790825751669747e-06,3,983,984,0,1.3877787807814457e-17,0,0
121,fruit_yarn_2,9.1790825751669747e-06,3,983,984,0,1.3877787807814457e-17,0,0
121,fruit_yarn_3,9.1638869556820435e-06,10,983,984,0,1.3877787807814457e-17,0,0
121,fruit_yarn_4,9.1638869556820435e-06,10,983,984,0,1.3877787807814457e-17,0,0
121,fruit_yarn_5,9.1638869556820435e-06,10,983,984,0,1.3877787807814457e-17,0,0
121,fruit_yarn_6,9.1638869556820435e-06,10,983,984,0,1.3877787807814457e-17,0,0
121,fruit_yarn_7,9.1638869556820435e-06,10,983,984,0,1.3877787807814457e-17,0,0
121,fruit_yarn_8,9.1638869556820435e-06,10,983,984,0,1.3877787807814457e-17,0,0
121,fruit_yarn_9,9.1638869556820435e-06,10,983,984,0,1.3877787807814457e-17,0,0
121,fruit_yarn_10,9.0970450546956627e-06,3,983,984,0,4.7318905738169548e-11,0,0
121,fruit_yarn_11,9.0970450546956627e-06,3,983,984,0,4.7318905738169548e-11,0,0
121,ground,9.0970450546956627e-06,3,983,984,0,4.7318905738169548e-11,0,0
121,local,9.0970450546956627e-06,3,983,984,0,1.9081958235744878e-17,0,0
121,fruit_pair,9.1006976092322667e-06,3,983,984,0,1.9081958235744878e-17,0,0
121,fruit_yarn_0,9.1006976092322667e-06,3,983,984,0,1.9081958235744878e-17,0,0
121,fruit_yarn_1,9.1006976092322667e-06,3,983,984,0,1.9081958235744878e-17,0,0
121,fruit_yarn_2,9.1006976092322667e-06,3,983,984,0,1.9081958235744878e-17,0,0
121,fruit_yarn_3,9.0856349966722538e-06,10,983,984,0,1.9081958235744878e-17,0,0
121,fruit_yarn_4,9.0856349966722538e-06,10,983,984,0,1.9081958235744878e-17,0,0
121,fruit_yarn_5,9.0856349966722538e-06,10,983,984,0,1.9081958235744878e-17,0,0
121,fruit_yarn_6,9.0856349966722538e-06,10,983,984,0,1.9081958235744878e-17,0,0
121,fruit_yarn_7,9.0856349966722538e-06,10,983,984,0,1.9081958235744878e-17,0,0
121,fruit_yarn_8,9.0856349966722538e-06,10,983,984,0,1.9081958235744878e-17,0,0
121,fruit_yarn_9,9.0856349966722538e-06,10,983,984,0,1.9081958235744878e-17,0,0
121,fruit_yarn_10,9.0193215487449629e-06,3,983,984,0,4.6910440809622145e-11,0,0
121,fruit_yarn_11,9.0193215487449629e-06,3,983,984,0,4.6910440809622145e-11,0,0
121,ground,9.0193215487449629e-06,3,983,984,0,4.6910440809622145e-11,0,0
122,primitive,9.0193215487449629e-06,3,983,984,0,4.6910440809622145e-11,0,0
122,strain,9.0193215487449629e-06,3,983,984,0,4.6910440809622145e-11,0,0
122,local,9.0193215487449629e-06,3,983,984,0,0,0,0
122,fruit_pair,9.0229429140775697e-06,3,983,984,0,0,0,0
122,fruit_yarn_0,9.0229429140775697e-06,3,983,984,0,0,0,0
122,fruit_yarn_1,9.0229429140775697e-06,3,983,984,0,0,0,0
122,fruit_yarn_2,9.0229429140775697e-06,3,983,984,0,0,0,0
122,fruit_yarn_3,9.008012154892997e-06,10,983,984,0,0,0,0
122,fruit_yarn_4,9.008012154892997e-06,10,983,984,0,0,0,0
122,fruit_yarn_5,9.008012154892997e-06,10,983,984,0,0,0,0
122,fruit_yarn_6,9.008012154892997e-06,10,983,984,0,0,0,0
122,fruit_yarn_7,9.008012154892997e-06,10,983,984,0,0,0,0
122,fruit_yarn_8,9.008012154892997e-06,10,983,984,0,0,0,0
122,fruit_yarn_9,9.008012154892997e-06,10,983,984,0,0,0,0
122,fruit_yarn_10,8.9422236589642434e-06,3,983,984,0,4.650526665150867e-11,0,0
122,fruit_yarn_11,8.9422236589642434e-06,3,983,984,0,4.650526665150867e-11,0,0
122,ground,8.9422236589642434e-06,3,983,984,0,4.650526665150867e-11,0,0
122,local,8.9422236589642434e-06,3,983,984,0,1.5612511283791264e-17,0,0
122,fruit_pair,8.9458140859199897e-06,3,983,984,0,1.5612511283791264e-17,0,0
122,fruit_yarn_0,8.9458140859199897e-06,3,983,984,0,1.5612511283791264e-17,0,0
122,fruit_yarn_1,8.9458140859199897e-06,3,983,984,0,1.5612511283791264e-17,0,0
122,fruit_yarn_2,8.9458140859199897e-06,3,983,984,0,1.5612511283791264e-17,0,0
122,fruit_yarn_3,8.9310140369974755e-06,10,983,984,0,1.5612511283791264e-17,0,0
122,fruit_yarn_4,8.9310140369974755e-06,10,983,984,0,1.5612511283791264e-17,0,0
122,fruit_yarn_5,8.9310140369974755e-06,10,983,984,0,1.5612511283791264e-17,0,0
122,fruit_yarn_6,8.9310140369974755e-06,10,983,984,0,1.5612511283791264e-17,0,0
122,fruit_yarn_7,8.9310140369974755e-06,10,983,984,0,1.5612511283791264e-17,0,0
122,fruit_yarn_8,8.9310140369974755e-06,10,983,984,0,1.5612511283791264e-17,0,0
122,fruit_yarn_9,8.9310140369974755e-06,10,983,984,0,1.5612511283791264e-17,0,0
122,fruit_yarn_10,8.8657470028175034e-06,3,983,984,0,4.6103496020855061e-11,0,0
122,fruit_yarn_11,8.8657470028175034e-06,3,983,984,0,4.6103496020855061e-11,0,0
122,ground,8.8657470028175034e-06,3,983,984,0,4.6103496020855061e-11,0,0
123,primitive,8.8657470028175034e-06,3,983,984,0,4.6103496020855061e-11,0,0
123,strain,8.8657470028175034e-06,3,983,984,0,4.6103496020855061e-11,0,0
123,local,8.8657470028175034e-06,3,983,984,0,2.0816681711721685e-17,0,0
123,fruit_pair,8.8693067403500248e-06,3,983,984,0,2.0816681711721685e-17,0,0
123,fruit_yarn_0,8.8693067403500248e-06,3,983,984,0,2.0816681711721685e-17,0,0
123,fruit_yarn_1,8.8693067403500248e-06,3,983,984,0,2.0816681711721685e-17,0,0
123,fruit_yarn_2,8.8693067403500248e-06,3,983,984,0,2.0816681711721685e-17,0,0
123,fruit_yarn_3,8.8546362687624836e-06,10,983,984,0,2.0816681711721685e-17,0,0
123,fruit_yarn_4,8.8546362687624836e-06,10,983,984,0,2.0816681711721685e-17,0,0
123,fruit_yarn_5,8.8546362687624836e-06,10,983,984,0,2.0816681711721685e-17,0,0
123,fruit_yarn_6,8.8546362687624836e-06,10,983,984,0,2.0816681711721685e-17,0,0
123,fruit_yarn_7,8.8546362687624836e-06,10,983,984,0,2.0816681711721685e-17,0,0
123,fruit_yarn_8,8.8546362687624836e-06,10,983,984,0,2.0816681711721685e-17,0,0
123,fruit_yarn_9,8.8546362687624836e-06,10,983,984,0,2.0816681711721685e-17,0,0
123,fruit_yarn_10,8.7898872172254006e-06,3,983,984,0,4.570497799671891e-11,0,0
123,fruit_yarn_11,8.7898872172254006e-06,3,983,984,0,4.570497799671891e-11,0,0
123,ground,8.7898872172254006e-06,3,983,984,0,4.570497799671891e-11,0,0
123,local,8.7898872172254006e-06,3,983,984,0,0,0,0
123,fruit_pair,8.7934165125952424e-06,3,983,984,0,0,0,0
123,fruit_yarn_0,8.7934165125952424e-06,3,983,984,0,0,0,0
123,fruit_yarn_1,8.7934165125952424e-06,3,983,984,0,0,0,0
123,fruit_yarn_2,8.7934165125952424e-06,3,983,984,0,0,0,0
123,fruit_yarn_3,8.7788744955602516e-06,10,983,984,0,0,0,0
123,fruit_yarn_4,8.7788744955602516e-06,10,983,984,0,0,0,0
123,fruit_yarn_5,8.7788744955602516e-06,10,983,984,0,0,0,0
123,fruit_yarn_6,8.7788744955602516e-06,10,983,984,0,0,0,0
123,fruit_yarn_7,8.7788744955602516e-06,10,983,984,0,0,0,0
123,fruit_yarn_8,8.7788744955602516e-06,10,983,984,0,0,0,0
123,fruit_yarn_9,8.7788744955602516e-06,10,983,984,0,0,0,0
123,fruit_yarn_10,8.7146399588705625e-06,3,983,984,0,4.5309717783270642e-11,0,0
123,fruit_yarn_11,8.7146399588705625e-06,3,983,984,0,4.5309717783270642e-11,0,0
123,ground,8.7146399588705625e-06,3,983,984,0,4.5309717783270642e-11,0,0
124,primitive,8.7146399588705625e-06,3,983,984,0,4.5309717783270642e-11,0,0
124,strain,8.7146399588705625e-06,3,983,984,0,4.5309717783270642e-11,0,0
124,local,8.7146399588705625e-06,3,983,984,0,6.9388939039072284e-18,0,0
124,fruit_pair,8.7181390574786466e-06,3,983,984,0,6.9388939039072284e-18,0,0
124,fruit_yarn_0,8.7181390574786466e-06,3,983,984,0,6.9388939039072284e-18,0,0
124,fruit_yarn_1,8.7181390574786466e-06,3,983,984,0,6.9388939039072284e-18,0,0
124,fruit_yarn_2,8.7181390574786466e-06,3,983,984,0,6.9388939039072284e-18,0,0
124,fruit_yarn_3,8.7037243822057908e-06,10,983,984,0,6.9388939039072284e-18,0,0
124,fruit_yarn_4,8.7037243822057908e-06,10,983,984,0,6.9388939039072284e-18,0,0
124,fruit_yarn_5,8.7037243822057908e-06,10,983,984,0,6.9388939039072284e-18,0,0
124,fruit_yarn_6,8.7037243822057908e-06,10,983,984,0,6.9388939039072284e-18,0,0
124,fruit_yarn_7,8.7037243822057908e-06,10,983,984,0,6.9388939039072284e-18,0,0
124,fruit_yarn_8,8.7037243822057908e-06,10,983,984,0,6.9388939039072284e-18,0,0
124,fruit_yarn_9,8.7037243822057908e-06,10,983,984,0,6.9388939039072284e-18,0,0
124,fruit_yarn_10,8.6400009040865644e-06,3,983,984,0,4.4917854158388337e-11,0,0
124,fruit_yarn_11,8.6400009040865644e-06,3,983,984,0,4.4917854158388337e-11,0,0
124,ground,8.6400009040865644e-06,3,983,984,0,4.4917854158388337e-11,0,0
124,local,8.6400009040865644e-06,3,983,984,0,8.6736173798840355e-18,0,0
124,fruit_pair,8.6434700498766448e-06,3,983,984,0,8.6736173798840355e-18,0,0
124,fruit_yarn_0,8.6434700498766448e-06,3,983,984,0,8.6736173798840355e-18,0,0
124,fruit_yarn_1,8.6434700498766448e-06,3,983,984,0,8.6736173798840355e-18,0,0
124,fruit_yarn_2,8.6434700498766448e-06,3,983,984,0,8.6736173798840355e-18,0,0
124,fruit_yarn_3,8.6291816134426158e-06,10,983,984,0,8.6736173798840355e-18,0,0
124,fruit_yarn_4,8.6291816134426158e-06,10,983,984,0,8.6736173798840355e-18,0,0
124,fruit_yarn_5,8.6291816134426158e-06,10,983,984,0,8.6736173798840355e-18,0,0
124,fruit_yarn_6,8.6291816134426158e-06,10,983,984,0,8.6736173798840355e-18,0,0
124,fruit_yarn_7,8.6291816134426158e-06,10,983,984,0,8.6736173798840355e-18,0,0
124,fruit_yarn_8,8.6291816134426158e-06,10,983,984,0,8.6736173798840355e-18,0,0
124,fruit_yarn_9,8.6291816134426158e-06,10,983,984,0,8.6736173798840355e-18,0,0
124,fruit_yarn_10,8.5659657493852848e-06,3,983,984,0,4.4529137321891454e-11,0,0
124,fruit_yarn_11,8.5659657493852848e-06,3,983,984,0,4.4529137321891454e-11,0,0
124,ground,8.5659657493852848e-06,3,983,984,0,4.4529137321891454e-11,0,0
125,primitive,8.5659657493852848e-06,3,983,984,0,4.4529137321891454e-11,0,0
125,strain,8.5659657493852848e-06,3,983,984,0,4.4529137321891454e-11,0,0
125,local,8.5659657493852848e-06,3,983,984,0,2.2551405187698492e-17,0,0
125,fruit_pair,8.5694051843165919e-06,3,983,984,0,2.2551405187698492e-17,0,0
125,fruit_yarn_0,8.5694051843165919e-06,3,983,984,0,2.2551405187698492e-17,0,0
125,fruit_yarn_1,8.5694051843165919e-06,3,983,984,0,2.2551405187698492e-17,0,0
125,fruit_yarn_2,8.5694051843165919e-06,3,983,984,0,2.2551405187698492e-17,0,0
125,fruit_yarn_3,8.5552418935957997e-06,10,983,984,0,2.2551405187698492e-17,0,0
125,fruit_yarn_4,8.5552418935957997e-06,10,983,984,0,2.2551405187698492e-17,0,0
125,fruit_yarn_5,8.5552418935957997e-06,10,983,984,0,2.2551405187698492e-17,0,0
125,fruit_yarn_6,8.5552418935957997e-06,10,983,984,0,2.2551405187698492e-17,0,0
125,fruit_yarn_7,8.5552418935957997e-06,10,983,984,0,2.2551405187698492e-17,0,0
125,fruit_yarn_8,8.5552418935957997e-06,10,983,984,0,2.2551405187698492e-17,0,0
125,fruit_yarn_9,8.5552418935957997e-06,10,983,984,0,2.2551405187698492e-17,0,0
125,fruit_yarn_10,8.4925302109434275e-06,3,983,984,0,4.4143629723825129e-11,0,0
125,fruit_yarn_11,8.4925302109434275e-06,3,983,984,0,4.4143629723825129e-11,0,0
125,ground,8.4925302109434275e-06,3,983,984,0,4.4143629723825129e-11,0,0
125,local,8.4925302109434275e-06,3,983,984,0,2.4286128663675299e-17,0,0
125,fruit_pair,8.4959401753792463e-06,3,983,984,0,2.4286128663675299e-17,0,0
125,fruit_yarn_0,8.4959401753792463e-06,3,983,984,0,2.4286128663675299e-17,0,0
125,fruit_yarn_1,8.4959401753792463e-06,3,983,984,0,2.4286128663675299e-17,0,0
125,fruit_yarn_2,8.4959401753792463e-06,3,983,984,0,2.4286128663675299e-17,0,0
125,fruit_yarn_3,8.4819009470160633e-06,10,983,984,0,2.4286128663675299e-17,0,0
125,fruit_yarn_4,8.4819009470160633e-06,10,983,984,0,2.4286128663675299e-17,0,0
125,fruit_yarn_5,8.4819009470160633e-06,10,983,984,0,2.4286128663675299e-17,0,0
125,fruit_yarn_6,8.4819009470160633e-06,10,983,984,0,2.4286128663675299e-17,0,0
125,fruit_yarn_7,8.4819009470160633e-06,10,983,984,0,2.4286128663675299e-17,0,0
125,fruit_yarn_8,8.4819009470160633e-06,10,983,984,0,2.4286128663675299e-17,0,0
125,fruit_yarn_9,8.4819009470160633e-06,10,983,984,0,2.4286128663675299e-17,0,0
125,fruit_yarn_10,8.4196900252825335e-06,3,983,984,0,4.3761326160018932e-11,0,0
125,fruit_yarn_11,8.4196900252825335e-06,3,983,984,0,4.3761326160018932e-11,0,0
125,ground,8.4196900252825335e-06,3,983,984,0,4.3761326160018932e-11,0,0
126,primitive,8.4196900252825335e-06,3,983,984,0,4.3761326160018932e-11,0,0
126,strain,8.4196900252825335e-06,3,983,984,0,4.3761326160018932e-11,0,0
126,local,8.4196900252825335e-06,3,983,984,0,1.214306433183765e-17,0,0
126,fruit_pair,8.4230707578930586e-06,3,983,984,0,1.214306433183765e-17,0,0
126,fruit_yarn_0,8.4230707578930586e-06,3,983,984,0,1.214306433183765e-17,0,0
126,fruit_yarn_1,8.4230707578930586e-06,3,983,984,0,1.214306433183765e-17,0,0
126,fruit_yarn_2,8.4230707578930586e-06,3,983,984,0,1.214306433183765e-17,0,0
126,fruit_yarn_3,8.40915451805202e-06,10,983,984,0,1.214306433183765e-17,0,0
126,fruit_yarn_4,8.40915451805202e-06,10,983,984,0,1.214306433183765e-17,0,0
126,fruit_yarn_5,8.40915451805202e-06,10,983,984,0,1.214306433183765e-17,0,0
126,fruit_yarn_6,8.40915451805202e-06,10,983,984,0,1.214306433183765e-17,0,0
126,fruit_yarn_7,8.40915451805202e-06,10,983,984,0,1.214306433183765e-17,0,0
126,fruit_yarn_8,8.40915451805202e-06,10,983,984,0,1.214306433183765e-17,0,0
126,fruit_yarn_9,8.40915451805202e-06,10,983,984,0,1.214306433183765e-17,0,0
126,fruit_yarn_10,8.3474409490885693e-06,3,983,984,0,4.3382193670726821e-11,0,0
126,fruit_yarn_11,8.3474409490885693e-06,3,983,984,0,4.3382193670726821e-11,0,0
126,ground,8.3474409490885693e-06,3,983,984,0,4.3382193670726821e-11,0,0
126,local,8.3474409490885693e-06,3,983,984,0,3.2959746043559335e-17,0,0
126,fruit_pair,8.350792686739883e-06,3,983,984,0,3.2959746043559335e-17,0,0
126,fruit_yarn_0,8.350792686739883e-06,3,983,984,0,3.2959746043559335e-17,0,0
126,fruit_yarn_1,8.350792686739883e-06,3,983,984,0,3.2959746043559335e-17,0,0
126,fruit_yarn_2,8.350792686739883e-06,3,983,984,0,3.2959746043559335e-17,0,0
126,fruit_yarn_3,8.3369983710501749e-06,10,983,984,0,3.2959746043559335e-17,0,0
126,fruit_yarn_4,8.3369983710501749e-06,10,983,984,0,3.2959746043559335e-17,0,0
126,fruit_yarn_5,8.3369983710501749e-06,10,983,984,0,3.2959746043559335e-17,0,0
126,fruit_yarn_6,8.3369983710501749e-06,10,983,984,0,3.2959746043559335e-17,0,0
126,fruit_yarn_7,8.3369983710501749e-06,10,983,984,0,3.2959746043559335e-17,0,0
126,fruit_yarn_8,8.3369983710501749e-06,10,983,984,0,3.2959746043559335e-17,0,0
126,fruit_yarn_9,8.3369983710501749e-06,10,983,984,0,3.2959746043559335e-17,0,0
126,fruit_yarn_10,8.2757787591702936e-06,3,983,984,0,4.3006211439267084e-11,0,0
126,fruit_yarn_11,8.2757787591702936e-06,3,983,984,0,4.3006211439267084e-11,0,0
126,ground,8.2757787591702936e-06,3,983,984,0,4.3006211439267084e-11,0,0
127,primitive,8.2757787591702936e-06,3,983,984,0,4.3006211439267084e-11,0,0
127,strain,8.2757787591702936e-06,3,983,984,0,4.3006211439267084e-11,0,0
127,local,8.2757787591702936e-06,3,983,984,0,1.7347234759768071e-17,0,0
127,fruit_pair,8.2791017372435549e-06,3,983,984,0,1.7347234759768071e-17,0,0
127,fruit_yarn_0,8.2791017372435549e-06,3,983,984,0,1.7347234759768071e-17,0,0
127,fruit_yarn_1,8.2791017372435549e-06,3,983,984,0,1.7347234759768071e-17,0,0
127,fruit_yarn_2,8.2791017372435549e-06,3,983,984,0,1.7347234759768071e-17,0,0
127,fruit_yarn_3,8.2654282908128929e-06,10,983,984,0,1.7347234759768071e-17,0,0
127,fruit_yarn_4,8.2654282908128929e-06,10,983,984,0,1.7347234759768071e-17,0,0
127,fruit_yarn_5,8.2654282908128929e-06,10,983,984,0,1.7347234759768071e-17,0,0
127,fruit_yarn_6,8.2654282908128929e-06,10,983,984,0,1.7347234759768071e-17,0,0
127,fruit_yarn_7,8.2654282908128929e-06,10,983,984,0,1.7347234759768071e-17,0,0
127,fruit_yarn_8,8.2654282908128929e-06,10,983,984,0,1.7347234759768071e-17,0,0
127,fruit_yarn_9,8.2654282908128929e-06,10,983,984,0,1.7347234759768071e-17,0,0
127,fruit_yarn_10,8.2046992528755913e-06,3,983,984,0,4.2633353444787581e-11,0,0
127,fruit_yarn_11,8.2046992528755913e-06,3,983,984,0,4.2633353444787581e-11,0,0
127,ground,8.2046992528755913e-06,3,983,984,0,4.2633353444787581e-11,0,0
127,local,8.2046992528755913e-06,3,983,984,0,2.6020852139652106e-17,0,0
127,fruit_pair,8.2079937049062135e-06,3,983,984,0,2.6020852139652106e-17,0,0
127,fruit_yarn_0,8.2079937049062135e-06,3,983,984,0,2.6020852139652106e-17,0,0
127,fruit_yarn_1,8.2079937049062135e-06,3,983,984,0,2.6020852139652106e-17,0,0
127,fruit_yarn_2,8.2079937049062135e-06,3,983,984,0,2.6020852139652106e-17,0,0
127,fruit_yarn_3,8.1944400820571639e-06,10,983,984,0,2.6020852139652106e-17,0,0
127,fruit_yarn_4,8.1944400820571639e-06,10,983,984,0,2.6020852139652106e-17,0,0
127,fruit_yarn_5,8.1944400820571639e-06,10,983,984,0,2.6020852139652106e-17,0,0
127,fruit_yarn_6,8.1944400820571639e-06,10,983,984,0,2.6020852139652106e-17,0,0
127,fruit_yarn_7,8.1944400820571639e-06,10,983,984,0,2.6020852139652106e-17,0,0
127,fruit_yarn_8,8.1944400820571639e-06,10,983,984,0,2.6020852139652106e-17,0,0
127,fruit_yarn_9,8.1944400820571639e-06,10,983,984,0,2.6020852139652106e-17,0,0
127,fruit_yarn_10,8.1341982478555508e-06,3,983,984,0,4.2263576319201412e-11,0,0
127,fruit_yarn_11,8.1341982478555508e-06,3,983,984,0,4.2263576319201412e-11,0,0
127,ground,8.1341982478555508e-06,3,983,984,0,4.2263576319201412e-11,0,0
128,primitive,8.1341982478555508e-06,3,983,984,0,4.2263576319201412e-11,0,0
128,strain,8.1341982478555508e-06,3,983,984,0,4.2263576319201412e-11,0,0
128,local,8.1341982478555508e-06,3,983,984,0,1.7347234759768071e-17,0,0
128,fruit_pair,8.1374644057136125e-06,3,983,984,0,1.7347234759768071e-17,0,0
128,fruit_yarn_0,8.1374644057136125e-06,3,983,984,0,1.7347234759768071e-17,0,0
128,fruit_yarn_1,8.1374644057136125e-06,3,983,984,0,1.7347234759768071e-17,0,0
128,fruit_yarn_2,8.1374644057136125e-06,3,983,984,0,1.7347234759768071e-17,0,0
128,fruit_yarn_3,8.1240295699835929e-06,10,983,984,0,1.7347234759768071e-17,0,0
128,fruit_yarn_4,8.1240295699835929e-06,10,983,984,0,1.7347234759768071e-17,0,0
128,fruit_yarn_5,8.1240295699835929e-06,10,983,984,0,1.7347234759768071e-17,0,0
128,fruit_yarn_6,8.1240295699835929e-06,10,983,984,0,1.7347234759768071e-17,0,0
128,fruit_yarn_7,8.1240295699835929e-06,10,983,984,0,1.7347234759768071e-17,0,0
128,fruit_yarn_8,8.1240295699835929e-06,10,983,984,0,1.7347234759768071e-17,0,0
128,fruit_yarn_9,8.1240295699835929e-06,10,983,984,0,1.7347234759768071e-17,0,0
128,fruit_yarn_10,8.0642715823975308e-06,3,983,984,0,4.1896867919444247e-11,0,0
128,fruit_yarn_11,8.0642715823975308e-06,3,983,984,0,4.1896867919444247e-11,0,0
128,ground,8.0642715823975308e-06,3,983,984,0,4.1896867919444247e-11,0,0
128,local,8.0642715823975308e-06,3,983,984,0,1.214306433183765e-17,0,0
128,fruit_pair,8.067509676371043e-06,3,983,984,0,1.214306433183765e-17,0,0
128,fruit_yarn_0,8.067509676371043e-06,3,983,984,0,1.214306433183765e-17,0,0
128,fruit_yarn_1,8.067509676371043e-06,3,983,984,0,1.214306433183765e-17,0,0
128,fruit_yarn_2,8.067509676371043e-06,3,983,984,0,1.214306433183765e-17,0,0
128,fruit_yarn_3,8.0541926004012998e-06,10,983,984,0,1.214306433183765e-17,0,0
128,fruit_yarn_4,8.0541926004012998e-06,10,983,984,0,1.214306433183765e-17,0,0
128,fruit_yarn_5,8.0541926004012998e-06,10,983,984,0,1.214306433183765e-17,0,0
128,fruit_yarn_6,8.0541926004012998e-06,10,983,984,0,1.214306433183765e-17,0,0
128,fruit_yarn_7,8.0541926004012998e-06,10,983,984,0,1.214306433183765e-17,0,0
128,fruit_yarn_8,8.0541926004012998e-06,10,983,984,0,1.214306433183765e-17,0,0
128,fruit_yarn_9,8.0541926004012998e-06,10,983,984,0,1.214306433183765e-17,0,0
128,fruit_yarn_10,7.9949151152447495e-06,3,983,984,0,4.153315712185357e-11,0,0
128,fruit_yarn_11,7.9949151152447495e-06,3,983,984,0,4.153315712185357e-11,0,0
128,ground,7.9949151152447495e-06,3,983,984,0,4.153315712185357e-11,0,0
129,primitive,7.9949151152447495e-06,3,983,984,0,4.153315712185357e-11,0,0
129,strain,7.9949151152447495e-06,3,983,984,0,4.153315712185357e-11,0,0
129,local,7.9949151152447495e-06,3,983,984,0,2.4286128663675299e-17,0,0
129,fruit_pair,7.9981253738731217e-06,3,983,984,0,2.4286128663675299e-17,0,0
129,fruit_yarn_0,7.9981253738731217e-06,3,983,984,0,2.4286128663675299e-17,0,0
129,fruit_yarn_1,7.9981253738731217e-06,3,983,984,0,2.4286128663675299e-17,0,0
129,fruit_yarn_2,7.9981253738731217e-06,3,983,984,0,2.4286128663675299e-17,0,0
129,fruit_yarn_3,7.9849250393254634e-06,10,983,984,0,2.4286128663675299e-17,0,0
129,fruit_yarn_4,7.9849250393254634e-06,10,983,984,0,2.4286128663675299e-17,0,0
129,fruit_yarn_5,7.9849250393254634e-06,10,983,984,0,2.4286128663675299e-17,0,0
129,fruit_yarn_6,7.9849250393254634e-06,10,983,984,0,2.4286128663675299e-17,0,0
129,fruit_yarn_7,7.9849250393254634e-06,10,983,984,0,2.4286128663675299e-17,0,0
129,fruit_yarn_8,7.9849250393254634e-06,10,983,984,0,2.4286128663675299e-17,0,0
129,fruit_yarn_9,7.9849250393254634e-06,10,983,984,0,2.4286128663675299e-17,0,0
129,fruit_yarn_10,7.9261247258599621e-06,3,983,984,0,4.1172579234860507e-11,0,0
129,fruit_yarn_11,7.9261247258599621e-06,3,983,984,0,4.1172579234860507e-11,0,0
129,ground,7.9261247258599621e-06,3,983,984,0,4.1172579234860507e-11,0,0
129,local,7.9261247258599621e-06,3,983,984,0,0,0,0
129,fruit_pair,7.929307376239314e-06,3,983,984,0,0,0,0
129,fruit_yarn_0,7.929307376239314e-06,3,983,984,0,0,0,0
129,fruit_yarn_1,7.929307376239314e-06,3,983,984,0,0,0,0
129,fruit_yarn_2,7.929307376239314e-06,3,983,984,0,0,0,0
129,fruit_yarn_3,7.9162227737267221e-06,10,983,984,0,0,0,0
129,fruit_yarn_4,7.9162227737267221e-06,10,983,984,0,0,0,0
129,fruit_yarn_5,7.9162227737267221e-06,10,983,984,0,0,0,0
129,fruit_yarn_6,7.9162227737267221e-06,10,983,984,0,0,0,0
129,fruit_yarn_7,7.9162227737267221e-06,10,983,984,0,0,0,0
129,fruit_yarn_8,7.9162227737267221e-06,10,983,984,0,0,0,0
129,fruit_yarn_9,7.9162227737267221e-06,10,983,984,0,0,0,0
129,fruit_yarn_10,7.8578963145364833e-06,3,983,984,0,4.0814870580496709e-11,0,0
129,fruit_yarn_11,7.8578963145364833e-06,3,983,984,0,4.0814870580496709e-11,0,0
129,ground,7.8578963145364833e-06,3,983,984,0,4.0814870580496709e-11,0,0
130,primitive,7.8578963145364833e-06,3,983,984,0,4.0814870580496709e-11,0,0
130,strain,7.8578963145364833e-06,3,983,984,0,4.0814870580496709e-11,0,0
130,local,7.8578963145364833e-06,3,983,984,0,0,0,0
130,fruit_pair,7.8610515817922888e-06,3,983,984,0,0,0,0
130,fruit_yarn_0,7.8610515817922888e-06,3,983,984,0,0,0,0
130,fruit_yarn_1,7.8610515817922888e-06,3,983,984,0,0,0,0
130,fruit_yarn_2,7.8610515817922888e-06,3,983,984,0,0,0,0
130,fruit_yarn_3,7.8480817106985068e-06,10,983,984,0,0,0,0
130,fruit_yarn_4,7.8480817106985068e-06,10,983,984,0,0,0,0
130,fruit_yarn_5,7.8480817106985068e-06,10,983,984,0,0,0,0
130,fruit_yarn_6,7.8480817106985068e-06,10,983,984,0,0,0,0
130,fruit_yarn_7,7.8480817106985068e-06,10,983,984,0,0,0,0
130,fruit_yarn_8,7.8480817106985068e-06,10,983,984,0,0,0,0
130,fruit_yarn_9,7.8480817106985068e-06,10,983,984,0,0,0,0
130,fruit_yarn_10,7.7902258021067539e-06,3,983,984,0,4.0460260142261006e-11,0,0
130,fruit_yarn_11,7.7902258021067539e-06,3,983,984,0,4.0460260142261006e-11,0,0
130,ground,7.7902258021067539e-06,3,983,984,0,4.0460260142261006e-11,0,0
130,local,7.7902258021067539e-06,3,983,984,0,0,0,0
130,fruit_pair,7.793353909976708e-06,3,983,984,0,0,0,0
130,fruit_yarn_0,7.793353909976708e-06,3,983,984,0,0,0,0
130,fruit_yarn_1,7.793353909976708e-06,3,983,984,0,0,0,0
130,fruit_yarn_2,7.793353909976708e-06,3,983,984,0,0,0,0
130,fruit_yarn_3,7.7804977784146079e-06,10,983,984,0,0,0,0
130,fruit_yarn_4,7.7804977784146079e-06,10,983,984,0,0,0,0
130,fruit_yarn_5,7.7804977784146079e-06,10,983,984,0,0,0,0
130,fruit_yarn_6,7.7804977784146079e-06,10,983,984,0,0,0,0
130,fruit_yarn_7,7.7804977784146079e-06,10,983,984,0,0,0,0
130,fruit_yarn_8,7.7804977784146079e-06,10,983,984,0,0,0,0
130,fruit_yarn_9,7.7804977784146079e-06,10,983,984,0,0,0,0
130,fruit_yarn_10,7.7231091303309185e-06,3,983,984,0,4.010860914227532e-11,0,0
130,fruit_yarn_11,7.7231091303309185e-06,3,983,984,0,4.010860914227532e-11,0,0
130,ground,7.7231091303309185e-06,3,983,984,0,4.010860914227532e-11,0,0
131,primitive,7.7231091303309185e-06,3,983,984,0,4.010860914227532e-11,0,0
131,strain,7.7231091303309185e-06,3,983,984,0,4.010860914227532e-11,0,0
131,local,7.7231091303309185e-06,3,983,984,0,0,0,0
131,fruit_pair,7.7262103008596261e-06,3,983,984,0,0,0,0
131,fruit_yarn_0,7.7262103008596261e-06,3,983,984,0,0,0,0
131,fruit_yarn_1,7.7262103008596261e-06,3,983,984,0,0,0,0
131,fruit_yarn_2,7.7262103008596261e-06,3,983,984,0,0,0,0
131,fruit_yarn_3,7.7134669256295751e-06,10,983,984,0,0,0,0
131,fruit_yarn_4,7.7134669256295751e-06,10,983,984,0,0,0,0
131,fruit_yarn_5,7.7134669256295751e-06,10,983,984,0,0,0,0
131,fruit_yarn_6,7.7134669256295751e-06,10,983,984,0,0,0,0
131,fruit_yarn_7,7.7134669256295751e-06,10,983,984,0,0,0,0
131,fruit_yarn_8,7.7134669256295751e-06,10,983,984,0,0,0,0
131,fruit_yarn_9,7.7134669256295751e-06,10,983,984,0,0,0,0
131,fruit_yarn_10,7.656542261896826e-06,3,983,984,0,3.9759790945725904e-11,0,0
131,fruit_yarn_11,7.656542261896826e-06,3,983,984,0,3.9759790945725904e-11,0,0
131,ground,7.656542261896826e-06,3,983,984,0,3.9759790945725904e-11,0,0
131,local,7.656542261896826e-06,3,983,984,0,2.0816681711721685e-17,0,0
131,fruit_pair,7.6596167154774353e-06,3,983,984,0,2.0816681711721685e-17,0,0
131,fruit_yarn_0,7.6596167154774353e-06,3,983,984,0,2.0816681711721685e-17,0,0
131,fruit_yarn_1,7.6596167154774353e-06,3,983,984,0,2.0816681711721685e-17,0,0
131,fruit_yarn_2,7.6596167154774353e-06,3,983,984,0,2.0816681711721685e-17,0,0
131,fruit_yarn_3,7.6469851219701512e-06,10,983,984,0,2.0816681711721685e-17,0,0
131,fruit_yarn_4,7.6469851219701512e-06,10,983,984,0,2.0816681711721685e-17,0,0
131,fruit_yarn_5,7.6469851219701512e-06,10,983,984,0,2.0816681711721685e-17,0,0
131,fruit_yarn_6,7.6469851219701512e-06,10,983,984,0,2.0816681711721685e-17,0,0
131,fruit_yarn_7,7.6469851219701512e-06,10,983,984,0,2.0816681711721685e-17,0,0
131,fruit_yarn_8,7.6469851219701512e-06,10,983,984,0,2.0816681711721685e-17,0,0
131,fruit_yarn_9,7.6469851219701512e-06,10,983,984,0,2.0816681711721685e-17,0,0
131,fruit_yarn_10,7.5905211803783956e-06,3,983,984,0,3.9414020658323778e-11,0,0
131,fruit_yarn_11,7.5905211803783956e-06,3,983,984,0,3.9414020658323778e-11,0,0
131,ground,7.5905211803783956e-06,3,983,984,0,3.9414020658323778e-11,0,0
132,primitive,7.5905211803783956e-06,3,983,984,0,3.9414020658323778e-11,0,0
132,strain,7.5905211803783956e-06,3,983,984,0,3.9414020658323778e-11,0,0
132,local,7.5905211803783956e-06,3,983,984,0,3.8163916471489756e-17,0,0
132,fruit_pair,7.5935691359330093e-06,3,983,984,0,3.8163916471489756e-17,0,0
132,fruit_yarn_0,7.5935691359330093e-06,3,983,984,0,3.8163916471489756e-17,0,0
132,fruit_yarn_1,7.5935691359330093e-06,3,983,984,0,3.8163916471489756e-17,0,0
132,fruit_yarn_2,7.5935691359330093e-06,3,983,984,0,3.8163916471489756e-17,0,0
132,fruit_yarn_3,7.581048357976905e-06,10,983,984,0,3.8163916471489756e-17,0,0
132,fruit_yarn_4,7.581048357976905e-06,10,983,984,0,3.8163916471489756e-17,0,0
132,fruit_yarn_5,7.581048357976905e-06,10,983,984,0,3.8163916471489756e-17,0,0
132,fruit_yarn_6,7.581048357976905e-06,10,983,984,0,3.8163916471489756e-17,0,0
132,fruit_yarn_7,7.581048357976905e-06,10,983,984,0,3.8163916471489756e-17,0,0
132,fruit_yarn_8,7.581048357976905e-06,10,983,984,0,3.8163916471489756e-17,0,0
132,fruit_yarn_9,7.581048357976905e-06,10,983,984,0,3.8163916471489756e-17,0,0
132,fruit_yarn_10,7.5250418903050065e-06,3,983,984,0,3.9071071031293592e-11,0,0
132,fruit_yarn_11,7.5250418903050065e-06,3,983,984,0,3.9071071031293592e-11,0,0
132,ground,7.5250418903050065e-06,3,983,984,0,3.9071071031293592e-11,0,0
132,local,7.5250418903050065e-06,3,983,984,0,1.7347234759768071e-17,0,0
132,fruit_pair,7.5280635649793703e-06,3,983,984,0,1.7347234759768071e-17,0,0
132,fruit_yarn_0,7.5280635649793703e-06,3,983,984,0,1.7347234759768071e-17,0,0
132,fruit_yarn_1,7.5280635649793703e-06,3,983,984,0,1.7347234759768071e-17,0,0
132,fruit_yarn_2,7.5280635649793703e-06,3,983,984,0,1.7347234759768071e-17,0,0
132,fruit_yarn_3,7.5156526448266758e-06,10,983,984,0,1.7347234759768071e-17,0,0
132,fruit_yarn_4,7.5156526448266758e-06,10,983,984,0,1.7347234759768071e-17,0,0
132,fruit_yarn_5,7.5156526448266758e-06,10,983,984,0,1.7347234759768071e-17,0,0
132,fruit_yarn_6,7.5156526448266758e-06,10,983,984,0,1.7347234759768071e-17,0,0
132,fruit_yarn_7,7.5156526448266758e-06,10,983,984,0,1.7347234759768071e-17,0,0
132,fruit_yarn_8,7.5156526448266758e-06,10,983,984,0,1.7347234759768071e-17,0,0
132,fruit_yarn_9,7.5156526448266758e-06,10,983,984,0,1.7347234759768071e-17,0,0
132,fruit_yarn_10,7.4601004172447638e-06,3,983,984,0,3.8730961146593579e-11,0,0
132,fruit_yarn_11,7.4601004172447638e-06,3,983,984,0,3.8730961146593579e-11,0,0
132,ground,7.4601004172447638e-06,3,983,984,0,3.8730961146593579e-11,0,0
133,primitive,7.4601004172447638e-06,3,983,984,0,3.8730961146593579e-11,0,0
133,strain,7.4601004172447638e-06,3,983,984,0,3.8730961146593579e-11,0,0
133,local,7.4601004172447638e-06,3,983,984,0,0,0,0
133,fruit_pair,7.4630960267413338e-06,3,983,984,0,0,0,0
133,fruit_yarn_0,7.4630960267413338e-06,3,983,984,0,0,0,0
133,fruit_yarn_1,7.4630960267413338e-06,3,983,984,0,0,0,0
133,fruit_yarn_2,7.4630960267413338e-06,3,983,984,0,0,0,0
133,fruit_yarn_3,7.4507940149431962e-06,10,983,984,0,0,0,0
133,fruit_yarn_4,7.4507940149431962e-06,10,983,984,0,0,0,0
133,fruit_yarn_5,7.4507940149431962e-06,10,983,984,0,0,0,0
133,fruit_yarn_6,7.4507940149431962e-06,10,983,984,0,0,0,0
133,fruit_yarn_7,7.4507940149431962e-06,10,983,984,0,0,0,0
133,fruit_yarn_8,7.4507940149431962e-06,10,983,984,0,0,0,0
133,fruit_yarn_9,7.4507940149431962e-06,10,983,984,0,0,0,0
133,fruit_yarn_10,7.3956928078322548e-06,3,983,984,0,3.8393638962519461e-11,0,0
133,fruit_yarn_11,7.3956928078322548e-06,3,983,984,0,3.8393638962519461e-11,0,0
133,ground,7.3956928078322548e-06,3,983,984,0,3.8393638962519461e-11,0,0
133,local,7.3956928078322548e-06,3,983,984,0,0,0,0
133,fruit_pair,7.3986625661881522e-06,3,983,984,0,0,0,0
133,fruit_yarn_0,7.3986625661881522e-06,3,983,984,0,0,0,0
133,fruit_yarn_1,7.3986625661881522e-06,3,983,984,0,0,0,0
133,fruit_yarn_2,7.3986625661881522e-06,3,983,984,0,0,0,0
133,fruit_yarn_3,7.3864685215252468e-06,10,983,984,0,0,0,0
133,fruit_yarn_4,7.3864685215252468e-06,10,983,984,0,0,0,0
133,fruit_yarn_5,7.3864685215252468e-06,10,983,984,0,0,0,0
133,fruit_yarn_6,7.3864685215252468e-06,10,983,984,0,0,0,0
133,fruit_yarn_7,7.3864685215252468e-06,10,983,984,0,0,0,0
133,fruit_yarn_8,7.3864685215252468e-06,10,983,984,0,0,0,0
133,fruit_yarn_9,7.3864685215252468e-06,10,983,984,0,0,0,0
133,fruit_yarn_10,7.3318151297269152e-06,3,983,984,0,3.8059246726396267e-11,0,0
133,fruit_yarn_11,7.3318151297269152e-06,3,983,984,0,3.8059246726396267e-11,0,0
133,ground,7.3318151297269152e-06,3,983,984,0,3.8059246726396267e-11,0,0
134,primitive,7.3318151297269152e-06,3,983,984,0,3.8059246726396267e-11,0,0
134,strain,7.3318151297269152e-06,3,983,984,0,3.8059246726396267e-11,0,0
134,local,7.3318151297269152e-06,3,983,984,0,0,0,0
134,fruit_pair,7.3347592494665825e-06,3,983,984,0,0,0,0
134,fruit_yarn_0,7.3347592494665825e-06,3,983,984,0,0,0,0
134,fruit_yarn_1,7.3347592494665825e-06,3,983,984,0,0,0,0
134,fruit_yarn_2,7.3347592494665825e-06,3,983,984,0,0,0,0
134,fruit_yarn_3,7.3226722389074794e-06,10,983,984,0,0,0,0
134,fruit_yarn_4,7.3226722389074794e-06,10,983,984,0,0,0,0
134,fruit_yarn_5,7.3226722389074794e-06,10,983,984,0,0,0,0
134,fruit_yarn_6,7.3226722389074794e-06,10,983,984,0,0,0,0
134,fruit_yarn_7,7.3226722389074794e-06,10,983,984,0,0,0,0
134,fruit_yarn_8,7.3226722389074794e-06,10,983,984,0,0,0,0
134,fruit_yarn_9,7.3226722389074794e-06,10,983,984,0,0,0,0
134,fruit_yarn_10,7.2684634717656849e-06,3,983,984,0,3.7727669946474585e-11,0,0
134,fruit_yarn_11,7.2684634717656849e-06,3,983,984,0,3.7727669946474585e-11,0,0
134,ground,7.2684634717656849e-06,3,983,984,0,3.7727669946474585e-11,0,0
134,local,7.2684634717656849e-06,3,983,984,0,0,0,0
134,fruit_pair,7.2713821637343523e-06,3,983,984,0,0,0,0
134,fruit_yarn_0,7.2713821637343523e-06,3,983,984,0,0,0,0
134,fruit_yarn_1,7.2713821637343523e-06,3,983,984,0,0,0,0
134,fruit_yarn_2,7.2713821637343523e-06,3,983,984,0,0,0,0
134,fruit_yarn_3,7.2594012622967385e-06,10,983,984,0,0,0,0
134,fruit_yarn_4,7.2594012622967385e-06,10,983,984,0,0,0,0
134,fruit_yarn_5,7.2594012622967385e-06,10,983,984,0,0,0,0
134,fruit_yarn_6,7.2594012622967385e-06,10,983,984,0,0,0,0
134,fruit_yarn_7,7.2594012622967385e-06,10,983,984,0,0,0,0
134,fruit_yarn_8,7.2594012622967385e-06,10,983,984,0,0,0,0
134,fruit_yarn_9,7.2594012622967385e-06,10,983,984,0,0,0,0
134,fruit_yarn_10,7.2056339438519856e-06,3,983,984,0,3.7398809743516281e-11,0,0
134,fruit_yarn_11,7.2056339438519856e-06,3,983,984,0,3.7398809743516281e-11,0,0
134,ground,7.2056339438519856e-06,3,983,984,0,3.7398809743516281e-11,0,0
135,primitive,7.2056339438519856e-06,3,983,984,0,3.7398809743516281e-11,0,0
135,strain,7.2056339438519856e-06,3,983,984,0,3.7398809743516281e-11,0,0
135,local,7.2056339438519856e-06,3,983,984,0,8.6736173798840355e-18,0,0
135,fruit_pair,7.2085274174932268e-06,3,983,984,0,8.6736173798840355e-18,0,0
135,fruit_yarn_0,7.2085274174932268e-06,3,983,984,0,8.6736173798840355e-18,0,0
135,fruit_yarn_1,7.2085274174932268e-06,3,983,984,0,8.6736173798840355e-18,0,0
135,fruit_yarn_2,7.2085274174932268e-06,3,983,984,0,8.6736173798840355e-18,0,0
135,fruit_yarn_3,7.1966517082439063e-06,10,983,984,0,8.6736173798840355e-18,0,0
135,fruit_yarn_4,7.1966517082439063e-06,10,983,984,0,8.6736173798840355e-18,0,0
135,fruit_yarn_5,7.1966517082439063e-06,10,983,984,0,8.6736173798840355e-18,0,0
135,fruit_yarn_6,7.1966517082439063e-06,10,983,984,0,8.6736173798840355e-18,0,0
135,fruit_yarn_7,7.1966517082439063e-06,10,983,984,0,8.6736173798840355e-18,0,0
135,fruit_yarn_8,7.1966517082439063e-06,10,983,984,0,8.6736173798840355e-18,0,0
135,fruit_yarn_9,7.1966517082439063e-06,10,983,984,0,8.6736173798840355e-18,0,0
135,fruit_yarn_10,7.1433226771777658e-06,3,983,984,0,3.7072791017611628e-11,0,0
135,fruit_yarn_11,7.1433226771777658e-06,3,983,984,0,3.7072791017611628e-11,0,0
135,ground,7.1433226771777658e-06,3,983,984,0,3.7072791017611628e-11,0,0
135,local,7.1433226771777658e-06,3,983,984,0,0,0,0
135,fruit_pair,7.1461911402698197e-06,3,983,984,0,0,0,0
135,fruit_yarn_0,7.1461911402698197e-06,3,983,984,0,0,0,0
135,fruit_yarn_1,7.1461911402698197e-06,3,983,984,0,0,0,0
135,fruit_yarn_2,7.1461911402698197e-06,3,983,984,0,0,0,0
135,fruit_yarn_3,7.1344197140887911e-06,10,983,984,0,0,0,0
135,fruit_yarn_4,7.1344197140887911e-06,10,983,984,0,0,0,0
135,fruit_yarn_5,7.1344197140887911e-06,10,983,984,0,0,0,0
135,fruit_yarn_6,7.1344197140887911e-06,10,983,984,0,0,0,0
135,fruit_yarn_7,7.1344197140887911e-06,10,983,984,0,0,0,0
135,fruit_yarn_8,7.1344197140887911e-06,10,983,984,0,0,0,0
135,fruit_yarn_9,7.1344197140887911e-06,10,983,984,0,0,0,0
135,fruit_yarn_10,7.0815258239598222e-06,3,983,984,0,3.6749431622795647e-11,0,0
135,fruit_yarn_11,7.0815258239598222e-06,3,983,984,0,3.6749431622795647e-11,0,0
135,ground,7.0815258239598222e-06,3,983,984,0,3.6749431622795647e-11,0,0
136,primitive,7.0815258239598222e-06,3,983,984,0,3.6749431622795647e-11,0,0
136,strain,7.0815258239598222e-06,3,983,984,0,3.6749431622795647e-11,0,0
136,local,7.0815258239598222e-06,3,983,984,0,2.6020852139652106e-17,0,0
136,fruit_pair,7.0843694827821269e-06,3,983,984,0,2.6020852139652106e-17,0,0
136,fruit_yarn_0,7.0843694827821269e-06,3,983,984,0,2.6020852139652106e-17,0,0
136,fruit_yarn_1,7.0843694827821269e-06,3,983,984,0,2.6020852139652106e-17,0,0
136,fruit_yarn_2,7.0843694827821269e-06,3,983,984,0,2.6020852139652106e-17,0,0
136,fruit_yarn_3,7.0727014385429943e-06,10,983,984,0,2.6020852139652106e-17,0,0
136,fruit_yarn_4,7.0727014385429943e-06,10,983,984,0,2.6020852139652106e-17,0,0
136,fruit_yarn_5,7.0727014385429943e-06,10,983,984,0,2.6020852139652106e-17,0,0
136,fruit_yarn_6,7.0727014385429943e-06,10,983,984,0,2.6020852139652106e-17,0,0
136,fruit_yarn_7,7.0727014385429943e-06,10,983,984,0,2.6020852139652106e-17,0,0
136,fruit_yarn_8,7.0727014385429943e-06,10,983,984,0,2.6020852139652106e-17,0,0
136,fruit_yarn_9,7.0727014385429943e-06,10,983,984,0,2.6020852139652106e-17,0,0
136,fruit_yarn_10,7.0202395577867449e-06,3,983,984,0,3.6428837377200374e-11,0,0
136,fruit_yarn_11,7.0202395577867449e-06,3,983,984,0,3.6428837377200374e-11,0,0
136,ground,7.0202395577867449e-06,3,983,984,0,3.6428837377200374e-11,0,0
136,local,7.0202395577867449e-06,3,983,984,0,1.9081958235744878e-17,0,0
136,fruit_pair,7.0230586171060594e-06,3,983,984,0,1.9081958235744878e-17,0,0
136,fruit_yarn_0,7.0230586171060594e-06,3,983,984,0,1.9081958235744878e-17,0,0
136,fruit_yarn_1,7.0230586171060594e-06,3,983,984,0,1.9081958235744878e-17,0,0
136,fruit_yarn_2,7.0230586171060594e-06,3,983,984,0,1.9081958235744878e-17,0,0
136,fruit_yarn_3,7.0114930612874549e-06,10,983,984,0,1.9081958235744878e-17,0,0
136,fruit_yarn_4,7.0114930612874549e-06,10,983,984,0,1.9081958235744878e-17,0,0
136,fruit_yarn_5,7.0114930612874549e-06,10,983,984,0,1.9081958235744878e-17,0,0
136,fruit_yarn_6,7.0114930612874549e-06,10,983,984,0,1.9081958235744878e-17,0,0
136,fruit_yarn_7,7.0114930612874549e-06,10,983,984,0,1.9081958235744878e-17,0,0
136,fruit_yarn_8,7.0114930612874549e-06,10,983,984,0,1.9081958235744878e-17,0,0
136,fruit_yarn_9,7.0114930612874549e-06,10,983,984,0,1.9081958235744878e-17,0,0
136,fruit_yarn_10,6.9594600733136058e-06,3,983,984,0,3.6110952769674576e-11,0,0
136,fruit_yarn_11,6.9594600733136058e-06,3,983,984,0,3.6110952769674576e-11,0,0
136,ground,6.9594600733136058e-06,3,983,984,0,3.6110952769674576e-11,0,0
137,primitive,6.9594600733136058e-06,3,983,984,0,3.6110952769674576e-11,0,0
137,strain,6.9594600733136058e-06,3,983,984,0,3.6110952769674576e-11,0,0
137,local,6.9594600733136058e-06,3,983,984,0,8.6736173798840355e-18,0,0
137,fruit_pair,6.9622547363562548e-06,3,983,984,0,8.6736173798840355e-18,0,0
137,fruit_yarn_0,6.9622547363562548e-06,3,983,984,0,8.6736173798840355e-18,0,0
137,fruit_yarn_1,6.9622547363562548e-06,3,983,984,0,8.6736173798840355e-18,0,0
137,fruit_yarn_2,6.9622547363562548e-06,3,983,984,0,8.6736173798840355e-18,0,0
137,fruit_yarn_3,6.9507907833332716e-06,10,983,984,0,8.6736173798840355e-18,0,0
137,fruit_yarn_4,6.9507907833332716e-06,10,983,984,0,8.6736173798840355e-18,0,0
137,fruit_yarn_5,6.9507907833332716e-06,10,983,984,0,8.6736173798840355e-18,0,0
137,fruit_yarn_6,6.9507907833332716e-06,10,983,984,0,8.6736173798840355e-18,0,0
137,fruit_yarn_7,6.9507907833332716e-06,10,983,984,0,8.6736173798840355e-18,0,0
137,fruit_yarn_8,6.9507907833332716e-06,10,983,984,0,8.6736173798840355e-18,0,0
137,fruit_yarn_9,6.9507907833332716e-06,10,983,984,0,8.6736173798840355e-18,0,0
137,fruit_yarn_10,6.8991835866089035e-06,3,983,984,0,3.5795706676555739e-11,0,0
137,fruit_yarn_11,6.8991835866089035e-06,3,983,984,0,3.5795706676555739e-11,0,0
137,ground,6.8991835866089035e-06,3,983,984,0,3.5795706676555739e-11,0,0
137,local,6.8991835866089035e-06,3,983,984,0,1.9081958235744878e-17,0,0
137,fruit_pair,6.9019540550468994e-06,3,983,984,0,1.9081958235744878e-17,0,0
137,fruit_yarn_0,6.9019540550468994e-06,3,983,984,0,1.9081958235744878e-17,0,0
137,fruit_yarn_1,6.9019540550468994e-06,3,983,984,0,1.9081958235744878e-17,0,0
137,fruit_yarn_2,6.9019540550468994e-06,3,983,984,0,1.9081958235744878e-17,0,0
137,fruit_yarn_3,6.8905908265914917e-06,10,983,984,0,1.9081958235744878e-17,0,0
137,fruit_yarn_4,6.8905908265914917e-06,10,983,984,0,1.9081958235744878e-17,0,0
137,fruit_yarn_5,6.8905908265914917e-06,10,983,984,0,1.9081958235744878e-17,0,0
137,fruit_yarn_6,6.8905908265914917e-06,10,983,984,0,1.9081958235744878e-17,0,0
137,fruit_yarn_7,6.8905908265914917e-06,10,983,984,0,1.9081958235744878e-17,0,0
137,fruit_yarn_8,6.8905908265914917e-06,10,983,984,0,1.9081958235744878e-17,0,0
137,fruit_yarn_9,6.8905908265914917e-06,10,983,984,0,1.9081958235744878e-17,0,0
137,fruit_yarn_10,6.8394063347798628e-06,3,983,984,0,3.5483109506184718e-11,0,0
137,fruit_yarn_11,6.8394063347798628e-06,3,983,984,0,3.5483109506184718e-11,0,0
137,ground,6.8394063347798628e-06,3,983,984,0,3.5483109506184718e-11,0,0
138,primitive,6.8394063347798628e-06,3,983,984,0,3.5483109506184718e-11,0,0
138,strain,6.8394063347798628e-06,3,983,984,0,3.5483109506184718e-11,0,0
138,local,6.8394063347798628e-06,3,983,984,0,2.0816681711721685e-17,0,0
138,fruit_pair,6.8421528088974393e-06,3,983,984,0,2.0816681711721685e-17,0,0
138,fruit_yarn_0,6.8421528088974393e-06,3,983,984,0,2.0816681711721685e-17,0,0
138,fruit_yarn_1,6.8421528088974393e-06,3,983,984,0,2.0816681711721685e-17,0,0
138,fruit_yarn_2,6.8421528088974393e-06,3,983,984,0,2.0816681711721685e-17,0,0
138,fruit_yarn_3,6.8308894345392446e-06,10,983,984,0,2.0816681711721685e-17,0,0
138,fruit_yarn_4,6.8308894345392446e-06,10,983,984,0,2.0816681711721685e-17,0,0
138,fruit_yarn_5,6.8308894345392446e-06,10,983,984,0,2.0816681711721685e-17,0,0
138,fruit_yarn_6,6.8308894345392446e-06,10,983,984,0,2.0816681711721685e-17,0,0
138,fruit_yarn_7,6.8308894345392446e-06,10,983,984,0,2.0816681711721685e-17,0,0
138,fruit_yarn_8,6.8308894345392446e-06,10,983,984,0,2.0816681711721685e-17,0,0
138,fruit_yarn_9,6.8308894345392446e-06,10,983,984,0,2.0816681711721685e-17,0,0
138,fruit_yarn_10,6.7801245763332574e-06,3,983,984,0,3.517316299328499e-11,0,0
138,fruit_yarn_11,6.7801245763332574e-06,3,983,984,0,3.517316299328499e-11,0,0
138,ground,6.7801245763332574e-06,3,983,984,0,3.517316299328499e-11,0,0
138,local,6.7801245763332574e-06,3,983,984,0,3.6429192995512949e-17,0,0
138,fruit_pair,6.7828472547770691e-06,3,983,984,0,3.6429192995512949e-17,0,0
138,fruit_yarn_0,6.7828472547770691e-06,3,983,984,0,3.6429192995512949e-17,0,0
138,fruit_yarn_1,6.7828472547770691e-06,3,983,984,0,3.6429192995512949e-17,0,0
138,fruit_yarn_2,6.7828472547770691e-06,3,983,984,0,3.6429192995512949e-17,0,0
138,fruit_yarn_3,6.7716828714703414e-06,10,983,984,0,3.6429192995512949e-17,0,0
138,fruit_yarn_4,6.7716828714703414e-06,10,983,984,0,3.6429192995512949e-17,0,0
138,fruit_yarn_5,6.7716828714703414e-06,10,983,984,0,3.6429192995512949e-17,0,0
138,fruit_yarn_6,6.7716828714703414e-06,10,983,984,0,3.6429192995512949e-17,0,0
138,fruit_yarn_7,6.7716828714703414e-06,10,983,984,0,3.6429192995512949e-17,0,0
138,fruit_yarn_8,6.7716828714703414e-06,10,983,984,0,3.6429192995512949e-17,0,0
138,fruit_yarn_9,6.7716828714703414e-06,10,983,984,0,3.6429192995512949e-17,0,0
138,fruit_yarn_10,6.7213345909949984e-06,3,983,984,0,3.4865830708663559e-11,0,0
138,fruit_yarn_11,6.7213345909949984e-06,3,983,984,0,3.4865830708663559e-11,0,0
138,ground,6.7213345909949984e-06,3,983,984,0,3.4865830708663559e-11,0,0
139,primitive,6.7213345909949984e-06,3,983,984,0,3.4865830708663559e-11,0,0
139,strain,6.7213345909949984e-06,3,983,984,0,3.4865830708663559e-11,0,0
139,local,6.7213345909949984e-06,3,983,984,0,5.2041704279304213e-18,0,0
139,fruit_pair,6.7240336709961657e-06,3,983,984,0,5.2041704279304213e-18,0,0
139,fruit_yarn_0,6.7240336709961657e-06,3,983,984,0,5.2041704279304213e-18,0,0
139,fruit_yarn_1,6.7240336709961657e-06,3,983,984,0,5.2041704279304213e-18,0,0
139,fruit_yarn_2,6.7240336709961657e-06,3,983,984,0,5.2041704279304213e-18,0,0
139,fruit_yarn_3,6.7129674230226311e-06,10,983,984,0,5.2041704279304213e-18,0,0
139,fruit_yarn_4,6.7129674230226311e-06,10,983,984,0,5.2041704279304213e-18,0,0
139,fruit_yarn_5,6.7129674230226311e-06,10,983,984,0,5.2041704279304213e-18,0,0
139,fruit_yarn_6,6.7129674230226311e-06,10,983,984,0,5.2041704279304213e-18,0,0
139,fruit_yarn_7,6.7129674230226311e-06,10,983,984,0,5.2041704279304213e-18,0,0
139,fruit_yarn_8,6.7129674230226311e-06,10,983,984,0,5.2041704279304213e-18,0,0
139,fruit_yarn_9,6.7129674230226311e-06,10,983,984,0,5.2041704279304213e-18,0,0
139,fruit_yarn_10,6.6630326796962569e-06,3,983,984,0,3.4561076223127429e-11,0,0
139,fruit_yarn_11,6.6630326796962569e-06,3,983,984,0,3.4561076223127429e-11,0,0
139,ground,6.6630326796962569e-06,3,983,984,0,3.4561076223127429e-11,0,0
139,local,6.6630326796962569e-06,3,983,984,0,6.9388939039072284e-18,0,0
139,fruit_pair,6.6657083570287323e-06,3,983,984,0,6.9388939039072284e-18,0,0
139,fruit_yarn_0,6.6657083570287323e-06,3,983,984,0,6.9388939039072284e-18,0,0
139,fruit_yarn_1,6.6657083570287323e-06,3,983,984,0,6.9388939039072284e-18,0,0
139,fruit_yarn_2,6.6657083570287323e-06,3,983,984,0,6.9388939039072284e-18,0,0
139,fruit_yarn_3,6.654739396108611e-06,10,983,984,0,6.9388939039072284e-18,0,0
139,fruit_yarn_4,6.654739396108611e-06,10,983,984,0,6.9388939039072284e-18,0,0
139,fruit_yarn_5,6.654739396108611e-06,10,983,984,0,6.9388939039072284e-18,0,0
139,fruit_yarn_6,6.654739396108611e-06,10,983,984,0,6.9388939039072284e-18,0,0
139,fruit_yarn_7,6.654739396108611e-06,10,983,984,0,6.9388939039072284e-18,0,0
139,fruit_yarn_8,6.654739396108611e-06,10,983,984,0,6.9388939039072284e-18,0,0
139,fruit_yarn_9,6.654739396108611e-06,10,983,984,0,6.9388939039072284e-18,0,0
139,fruit_yarn_10,6.6052151646567303e-06,3,983,984,0,3.4258833617184514e-11,0,0
139,fruit_yarn_11,6.6052151646567303e-06,3,983,984,0,3.4258833617184514e-11,0,0
139,ground,6.6052151646567303e-06,3,983,984,0,3.4258833617184514e-11,0,0
140,primitive,6.6052151646567303e-06,3,983,984,0,3.4258833617184514e-11,0,0
140,strain,6.6052151646567303e-06,3,983,984,0,3.4258833617184514e-11,0,0
140,local,6.6052151646567303e-06,3,983,984,0,1.5612511283791264e-17,0,0
140,fruit_pair,6.6078676335540321e-06,3,983,984,0,1.5612511283791264e-17,0,0
140,fruit_yarn_0,6.6078676335540321e-06,3,983,984,0,1.5612511283791264e-17,0,0
140,fruit_yarn_1,6.6078676335540321e-06,3,983,984,0,1.5612511283791264e-17,0,0
140,fruit_yarn_2,6.6078676335540321e-06,3,983,984,0,1.5612511283791264e-17,0,0
140,fruit_yarn_3,6.5969951186933828e-06,10,983,984,0,1.5612511283791264e-17,0,0
140,fruit_yarn_4,6.5969951186933828e-06,10,983,984,0,1.5612511283791264e-17,0,0
140,fruit_yarn_5,6.5969951186933828e-06,10,983,984,0,1.5612511283791264e-17,0,0
140,fruit_yarn_6,6.5969951186933828e-06,10,983,984,0,1.5612511283791264e-17,0,0
140,fruit_yarn_7,6.5969951186933828e-06,10,983,984,0,1.5612511283791264e-17,0,0
140,fruit_yarn_8,6.5969951186933828e-06,10,983,984,0,1.5612511283791264e-17,0,0
140,fruit_yarn_9,6.5969951186933828e-06,10,983,984,0,1.5612511283791264e-17,0,0
140,fruit_yarn_10,6.547878389356887e-06,3,983,984,0,3.39592555465007e-11,0,0
140,fruit_yarn_11,6.547878389356887e-06,3,983,984,0,3.39592555465007e-11,0,0
140,ground,6.547878389356887e-06,3,983,984,0,3.39592555465007e-11,0,0
140,local,6.547878389356887e-06,3,983,984,0,0,0,0
140,fruit_pair,6.5505078426369989e-06,3,983,984,0,0,0,0
140,fruit_yarn_0,6.5505078426369989e-06,3,983,984,0,0,0,0
140,fruit_yarn_1,6.5505078426369989e-06,3,983,984,0,0,0,0
140,fruit_yarn_2,6.5505078426369989e-06,3,983,984,0,0,0,0
140,fruit_yarn_3,6.5397309399750636e-06,10,983,984,0,0,0,0
140,fruit_yarn_4,6.5397309399750636e-06,10,983,984,0,0,0,0
140,fruit_yarn_5,6.5397309399750636e-06,10,983,984,0,0,0,0
140,fruit_yarn_6,6.5397309399750636e-06,10,983,984,0,0,0,0
140,fruit_yarn_7,6.5397309399750636e-06,10,983,984,0,0,0,0
140,fruit_yarn_8,6.5397309399750636e-06,10,983,984,0,0,0,0
140,fruit_yarn_9,6.5397309399750636e-06,10,983,984,0,0,0,0
140,fruit_yarn_10,6.4910187184685775e-06,3,983,984,0,3.3662135578982344e-11,0,0
140,fruit_yarn_11,6.4910187184685775e-06,3,983,984,0,3.3662135578982344e-11,0,0
140,ground,6.4910187184685775e-06,3,983,984,0,3.3662135578982344e-11,0,0
141,primitive,6.4910187184685775e-06,3,983,984,0,3.3662135578982344e-11,0,0
141,strain,6.4910187184685775e-06,3,983,984,0,3.3662135578982344e-11,0,0
141,local,6.4910187184685775e-06,3,983,984,0,3.6429192995512949e-17,0,0
141,fruit_pair,6.4936253474784378e-06,3,983,984,0,3.6429192995512949e-17,0,0
141,fruit_yarn_0,6.4936253474784378e-06,3,983,984,0,3.6429192995512949e-17,0,0
141,fruit_yarn_1,6.4936253474784378e-06,3,983,984,0,3.6429192995512949e-17,0,0
141,fruit_yarn_2,6.4936253474784378e-06,3,983,984,0,3.6429192995512949e-17,0,0
141,fruit_yarn_3,6.4829432303709078e-06,10,983,984,0,3.6429192995512949e-17,0,0
141,fruit_yarn_4,6.4829432303709078e-06,10,983,984,0,3.6429192995512949e-17,0,0
141,fruit_yarn_5,6.4829432303709078e-06,10,983,984,0,3.6429192995512949e-17,0,0
141,fruit_yarn_6,6.4829432303709078e-06,10,983,984,0,3.6429192995512949e-17,0,0
141,fruit_yarn_7,6.4829432303709078e-06,10,983,984,0,3.6429192995512949e-17,0,0
141,fruit_yarn_8,6.4829432303709078e-06,10,983,984,0,3.6429192995512949e-17,0,0
141,fruit_yarn_9,6.4829432303709078e-06,10,983,984,0,3.6429192995512949e-17,0,0
141,fruit_yarn_10,6.4346325379799341e-06,3,983,984,0,3.3367560450803246e-11,0,0
141,fruit_yarn_11,6.4346325379799341e-06,3,983,984,0,3.3367560450803246e-11,0,0
141,ground,6.4346325379799341e-06,3,983,984,0,3.3367560450803246e-11,0,0
141,local,6.4346325379799341e-06,3,983,984,0,0,0,0
141,fruit_pair,6.4372165326231912e-06,3,983,984,0,0,0,0
141,fruit_yarn_0,6.4372165326231912e-06,3,983,984,0,0,0,0
141,fruit_yarn_1,6.4372165326231912e-06,3,983,984,0,0,0,0
141,fruit_yarn_2,6.4372165326231912e-06,3,983,984,0,0,0,0
141,fruit_yarn_3,6.4266283814617964e-06,10,983,984,0,0,0,0
141,fruit_yarn_4,6.4266283814617964e-06,10,983,984,0,0,0,0
141,fruit_yarn_5,6.4266283814617964e-06,10,983,984,0,0,0,0
141,fruit_yarn_6,6.4266283814617964e-06,10,983,984,0,0,0,0
141,fruit_yarn_7,6.4266283814617964e-06,10,983,984,0,0,0,0
141,fruit_yarn_8,6.4266283814617964e-06,10,983,984,0,0,0,0
141,fruit_yarn_9,6.4266283814617964e-06,10,983,984,0,0,0,0
141,fruit_yarn_10,6.3787162549872045e-06,3,983,984,0,3.3075538835580787e-11,0,0
141,fruit_yarn_11,6.3787162549872045e-06,3,983,984,0,3.3075538835580787e-11,0,0
141,ground,6.3787162549872045e-06,3,983,984,0,3.3075538835580787e-11,0,0
142,primitive,6.3787162549872045e-06,3,983,984,0,3.3075538835580787e-11,0,0
142,strain,6.3787162549872045e-06,3,983,984,0,3.3075538835580787e-11,0,0
142,local,6.3787162549872045e-06,3,983,984,0,1.7347234759768071e-17,0,0
142,fruit_pair,6.3812778037658502e-06,3,983,984,0,1.7347234759768071e-17,0,0
142,fruit_yarn_0,6.3812778037658502e-06,3,983,984,0,1.7347234759768071e-17,0,0
142,fruit_yarn_1,6.3812778037658502e-06,3,983,984,0,1.7347234759768071e-17,0,0
142,fruit_yarn_2,6.3812778037658502e-06,3,983,984,0,1.7347234759768071e-17,0,0
142,fruit_yarn_3,6.3707828060061145e-06,10,983,984,0,1.7347234759768071e-17,0,0
142,fruit_yarn_4,6.3707828060061145e-06,10,983,984,0,1.7347234759768071e-17,0,0
142,fruit_yarn_5,6.3707828060061145e-06,10,983,984,0,1.7347234759768071e-17,0,0
142,fruit_yarn_6,6.3707828060061145e-06,10,983,984,0,1.7347234759768071e-17,0,0
142,fruit_yarn_7,6.3707828060061145e-06,10,983,984,0,1.7347234759768071e-17,0,0
142,fruit_yarn_8,6.3707828060061145e-06,10,983,984,0,1.7347234759768071e-17,0,0
142,fruit_yarn_9,6.3707828060061145e-06,10,983,984,0,1.7347234759768071e-17,0,0
142,fruit_yarn_10,6.3232662978890408e-06,3,983,984,0,3.2785940629054267e-11,0,0
142,fruit_yarn_11,6.3232662978890408e-06,3,983,984,0,3.2785940629054267e-11,0,0
142,ground,6.3232662978890408e-06,3,983,984,0,3.2785940629054267e-11,0,0
142,local,6.3232662978890408e-06,3,983,984,0,2.6020852139652106e-17,0,0
142,fruit_pair,6.325805587792388e-06,3,983,984,0,2.6020852139652106e-17,0,0
142,fruit_yarn_0,6.325805587792388e-06,3,983,984,0,2.6020852139652106e-17,0,0
142,fruit_yarn_1,6.325805587792388e-06,3,983,984,0,2.6020852139652106e-17,0,0
142,fruit_yarn_2,6.325805587792388e-06,3,983,984,0,2.6020852139652106e-17,0,0
142,fruit_yarn_3,6.3154029377732179e-06,10,983,984,0,2.6020852139652106e-17,0,0
142,fruit_yarn_4,6.3154029377732179e-06,10,983,984,0,2.6020852139652106e-17,0,0
142,fruit_yarn_5,6.3154029377732179e-06,10,983,984,0,2.6020852139652106e-17,0,0
142,fruit_yarn_6,6.3154029377732179e-06,10,983,984,0,2.6020852139652106e-17,0,0
142,fruit_yarn_7,6.3154029377732179e-06,10,983,984,0,2.6020852139652106e-17,0,0
142,fruit_yarn_8,6.3154029377732179e-06,10,983,984,0,2.6020852139652106e-17,0,0
142,fruit_yarn_9,6.3154029377732179e-06,10,983,984,0,2.6020852139652106e-17,0,0
142,fruit_yarn_10,6.2682791162338436e-06,3,983,984,0,3.249878144373497e-11,0,0
142,fruit_yarn_11,6.2682791162338436e-06,3,983,984,0,3.249878144373497e-11,0,0
142,ground,6.2682791162338436e-06,3,983,984,0,3.249878144373497e-11,0,0
143,primitive,6.2682791162338436e-06,3,983,984,0,3.249878144373497e-11,0,0
143,strain,6.2682791162338436e-06,3,983,984,0,3.249878144373497e-11,0,0
143,local,6.2682791162338436e-06,3,983,984,0,0,0,0
143,fruit_pair,6.2707963329466931e-06,3,983,984,0,0,0,0
143,fruit_yarn_0,6.2707963329466931e-06,3,983,984,0,0,0,0
143,fruit_yarn_1,6.2707963329466931e-06,3,983,984,0,0,0,0
143,fruit_yarn_2,6.2707963329466931e-06,3,983,984,0,0,0,0
143,fruit_yarn_3,6.260485231959767e-06,10,983,984,0,0,0,0
143,fruit_yarn_4,6.260485231959767e-06,10,983,984,0,0,0,0
143,fruit_yarn_5,6.260485231959767e-06,10,983,984,0,0,0,0
143,fruit_yarn_6,6.260485231959767e-06,10,983,984,0,0,0,0
143,fruit_yarn_7,6.260485231959767e-06,10,983,984,0,0,0,0
143,fruit_yarn_8,6.260485231959767e-06,10,983,984,0,0,0,0
143,fruit_yarn_9,6.260485231959767e-06,10,983,984,0,0,0,0
143,fruit_yarn_10,6.2137511808307844e-06,3,983,984,0,3.221395199204391e-11,0,0
143,fruit_yarn_11,6.2137511808307844e-06,3,983,984,0,3.221395199204391e-11,0,0
143,ground,6.2137511808307844e-06,3,983,984,0,3.221395199204391e-11,0,0
143,local,6.2137511808307844e-06,3,983,984,0,0,0,0
143,fruit_pair,6.2162465084697471e-06,3,983,984,0,0,0,0
143,fruit_yarn_0,6.2162465084697471e-06,3,983,984,0,0,0,0
143,fruit_yarn_1,6.2162465084697471e-06,3,983,984,0,0,0,0
143,fruit_yarn_2,6.2162465084697471e-06,3,983,984,0,0,0,0
143,fruit_yarn_3,6.2060261645791037e-06,10,983,984,0,0,0,0
143,fruit_yarn_4,6.2060261645791037e-06,10,983,984,0,0,0,0
143,fruit_yarn_5,6.2060261645791037e-06,10,983,984,0,0,0,0
143,fruit_yarn_6,6.2060261645791037e-06,10,983,984,0,0,0,0
143,fruit_yarn_7,6.2060261645791037e-06,10,983,984,0,0,0,0
143,fruit_yarn_8,6.2060261645791037e-06,10,983,984,0,0,0,0
143,fruit_yarn_9,6.2060261645791037e-06,10,983,984,0,0,0,0
143,fruit_yarn_10,6.1596789834028609e-06,3,983,984,0,3.193163615466954e-11,0,0
143,fruit_yarn_11,6.1596789834028609e-06,3,983,984,0,3.193163615466954e-11,0,0
143,ground,6.1596789834028609e-06,3,983,984,0,3.193163615466954e-11,0,0
144,primitive,6.1596789834028609e-06,3,983,984,0,3.193163615466954e-11,0,0
144,strain,6.1596789834028609e-06,3,983,984,0,3.193163615466954e-11,0,0
144,local,6.1596789834028609e-06,3,983,984,0,3.6429192995512949e-17,0,0
144,fruit_pair,6.162152604821669e-06,3,983,984,0,3.6429192995512949e-17,0,0
144,fruit_yarn_0,6.162152604821669e-06,3,983,984,0,3.6429192995512949e-17,0,0
144,fruit_yarn_1,6.162152604821669e-06,3,983,984,0,3.6429192995512949e-17,0,0
144,fruit_yarn_2,6.162152604821669e-06,3,983,984,0,3.6429192995512949e-17,0,0
144,fruit_yarn_3,6.1520222329330965e-06,10,983,984,0,3.6429192995512949e-17,0,0
144,fruit_yarn_4,6.1520222329330965e-06,10,983,984,0,3.6429192995512949e-17,0,0
144,fruit_yarn_5,6.1520222329330965e-06,10,983,984,0,3.6429192995512949e-17,0,0
144,fruit_yarn_6,6.1520222329330965e-06,10,983,984,0,3.6429192995512949e-17,0,0
144,fruit_yarn_7,6.1520222329330965e-06,10,983,984,0,3.6429192995512949e-17,0,0
144,fruit_yarn_8,6.1520222329330965e-06,10,983,984,0,3.6429192995512949e-17,0,0
144,fruit_yarn_9,6.1520222329330965e-06,10,983,984,0,3.6429192995512949e-17,0,0
144,fruit_yarn_10,6.1060590370309864e-06,3,983,984,0,3.1651842605229241e-11,0,0
144,fruit_yarn_11,6.1060590370309864e-06,3,983,984,0,3.1651842605229241e-11,0,0
144,ground,6.1060590370309864e-06,3,983,984,0,3.1651842605229241e-11,0,0
144,local,6.1060590370309864e-06,3,983,984,0,0,0,0
144,fruit_pair,6.108511133584571e-06,3,983,984,0,0,0,0
144,fruit_yarn_0,6.108511133584571e-06,3,983,984,0,0,0,0
144,fruit_yarn_1,6.108511133584571e-06,3,983,984,0,0,0,0
144,fruit_yarn_2,6.108511133584571e-06,3,983,984,0,0,0,0
144,fruit_yarn_3,6.0984699551958066e-06,10,983,984,0,0,0,0
144,fruit_yarn_4,6.0984699551958066e-06,10,983,984,0,0,0,0
144,fruit_yarn_5,6.0984699551958066e-06,10,983,984,0,0,0,0
144,fruit_yarn_6,6.0984699551958066e-06,10,983,984,0,0,0,0
144,fruit_yarn_7,6.0984699551958066e-06,10,983,984,0,0,0,0
144,fruit_yarn_8,6.0984699551958066e-06,10,983,984,0,0,0,0
144,fruit_yarn_9,6.0984699551958066e-06,10,983,984,0,0,0,0
144,fruit_yarn_10,6.0528878757515336e-06,3,983,984,0,3.1374198378175677e-11,0,0
144,fruit_yarn_11,6.0528878757515336e-06,3,983,984,0,3.1374198378175677e-11,0,0
144,ground,6.0528878757515336e-06,3,983,984,0,3.1374198378175677e-11,0,0
145,primitive,6.0528878757515336e-06,3,983,984,0,3.1374198378175677e-11,0,0
145,strain,6.0528878757515336e-06,3,983,984,0,3.1374198378175677e-11,0,0
145,local,6.0528878757515336e-06,3,983,984,0,2.9490299091605721e-17,0,0
145,fruit_pair,6.0553186274764359e-06,3,983,984,0,2.9490299091605721e-17,0,0
145,fruit_yarn_0,6.0553186274764359e-06,3,983,984,0,2.9490299091605721e-17,0,0
145,fruit_yarn_1,6.0553186274764359e-06,3,983,984,0,2.9490299091605721e-17,0,0
145,fruit_yarn_2,6.0553186274764359e-06,3,983,984,0,2.9490299091605721e-17,0,0
145,fruit_yarn_3,6.0453658708298219e-06,10,983,984,0,2.9490299091605721e-17,0,0
145,fruit_yarn_4,6.0453658708298219e-06,10,983,984,0,2.9490299091605721e-17,0,0
145,fruit_yarn_5,6.0453658708298219e-06,10,983,984,0,2.9490299091605721e-17,0,0
145,fruit_yarn_6,6.0453658708298219e-06,10,983,984,0,2.9490299091605721e-17,0,0
145,fruit_yarn_7,6.0453658708298219e-06,10,983,984,0,2.9490299091605721e-17,0,0
145,fruit_yarn_8,6.0453658708298219e-06,10,983,984,0,2.9490299091605721e-17,0,0
145,fruit_yarn_9,6.0453658708298219e-06,10,983,984,0,2.9490299091605721e-17,0,0
145,fruit_yarn_10,6.0001620547089907e-06,3,983,984,0,3.1099116337696131e-11,0,0
145,fruit_yarn_11,6.0001620547089907e-06,3,983,984,0,3.1099116337696131e-11,0,0
145,ground,6.0001620547089907e-06,3,983,984,0,3.1099116337696131e-11,0,0
145,local,6.0001620547089907e-06,3,983,984,0,1.5612511283791264e-17,0,0
145,fruit_pair,6.0025716402956064e-06,3,983,984,0,1.5612511283791264e-17,0,0
145,fruit_yarn_0,6.0025716402956064e-06,3,983,984,0,1.5612511283791264e-17,0,0
145,fruit_yarn_1,6.0025716402956064e-06,3,983,984,0,1.5612511283791264e-17,0,0
145,fruit_yarn_2,6.0025716402956064e-06,3,983,984,0,1.5612511283791264e-17,0,0
145,fruit_yarn_3,5.9927065402115565e-06,10,983,984,0,1.5612511283791264e-17,0,0
145,fruit_yarn_4,5.9927065402115565e-06,10,983,984,0,1.5612511283791264e-17,0,0
145,fruit_yarn_5,5.9927065402115565e-06,10,983,984,0,1.5612511283791264e-17,0,0
145,fruit_yarn_6,5.9927065402115565e-06,10,983,984,0,1.5612511283791264e-17,0,0
145,fruit_yarn_7,5.9927065402115565e-06,10,983,984,0,1.5612511283791264e-17,0,0
145,fruit_yarn_8,5.9927065402115565e-06,10,983,984,0,1.5612511283791264e-17,0,0
145,fruit_yarn_9,5.9927065402115565e-06,10,983,984,0,1.5612511283791264e-17,0,0
145,fruit_yarn_10,5.9478781503086164e-06,3,983,984,0,3.0826270355777119e-11,0,0
145,fruit_yarn_11,5.9478781503086164e-06,3,983,984,0,3.0826270355777119e-11,0,0
145,ground,5.9478781503086164e-06,3,983,984,0,3.0826270355777119e-11,0,0
146,primitive,5.9478781503086164e-06,3,983,984,0,3.0826270355777119e-11,0,0
146,strain,5.9478781503086164e-06,3,983,984,0,3.0826270355777119e-11,0,0
146,local,5.9478781503086164e-06,3,983,984,0,0,0,0
146,fruit_pair,5.950266746906907e-06,3,983,984,0,0,0,0
146,fruit_yarn_0,5.950266746906907e-06,3,983,984,0,0,0,0
146,fruit_yarn_1,5.950266746906907e-06,3,983,984,0,0,0,0
146,fruit_yarn_2,5.950266746906907e-06,3,983,984,0,0,0,0
146,fruit_yarn_3,5.9404885445896172e-06,10,983,984,0,0,0,0
146,fruit_yarn_4,5.9404885445896172e-06,10,983,984,0,0,0,0
146,fruit_yarn_5,5.9404885445896172e-06,10,983,984,0,0,0,0
146,fruit_yarn_6,5.9404885445896172e-06,10,983,984,0,0,0,0
146,fruit_yarn_7,5.9404885445896172e-06,10,983,984,0,0,0,0
146,fruit_yarn_8,5.9404885445896172e-06,10,983,984,0,0,0,0
146,fruit_yarn_9,5.9404885445896172e-06,10,983,984,0,0,0,0
146,fruit_yarn_10,5.8960327594531625e-06,3,983,984,0,3.0555660432418641e-11,0,0
146,fruit_yarn_11,5.8960327594531625e-06,3,983,984,0,3.0555660432418641e-11,0,0
146,ground,5.8960327594531625e-06,3,983,984,0,3.0555660432418641e-11,0,0
146,local,5.8960327594531625e-06,3,983,984,0,0,0,0
146,fruit_pair,5.8984005431167441e-06,3,983,984,0,0,0,0
146,fruit_yarn_0,5.8984005431167441e-06,3,983,984,0,0,0,0
146,fruit_yarn_1,5.8984005431167441e-06,3,983,984,0,0,0,0
146,fruit_yarn_2,5.8984005431167441e-06,3,983,984,0,0,0,0
146,fruit_yarn_3,5.8887084865011374e-06,10,983,984,0,0,0,0
146,fruit_yarn_4,5.8887084865011374e-06,10,983,984,0,0,0,0
146,fruit_yarn_5,5.8887084865011374e-06,10,983,984,0,0,0,0
146,fruit_yarn_6,5.8887084865011374e-06,10,983,984,0,0,0,0
146,fruit_yarn_7,5.8887084865011374e-06,10,983,984,0,0,0,0
146,fruit_yarn_8,5.8887084865011374e-06,10,983,984,0,0,0,0
146,fruit_yarn_9,5.8887084865011374e-06,10,983,984,0,0,0,0
146,fruit_yarn_10,5.8446225006947294e-06,3,983,984,0,3.0287437488563107e-11,0,0
146,fruit_yarn_11,5.8446225006947294e-06,3,983,984,0,3.0287437488563107e-11,0,0
146,ground,5.8446225006947294e-06,3,983,984,0,3.0287437488563107e-11,0,0
147,primitive,5.8446225006947294e-06,3,983,984,0,3.0287437488563107e-11,0,0
147,strain,5.8446225006947294e-06,3,983,984,0,3.0287437488563107e-11,0,0
147,local,5.8446225006947294e-06,3,983,984,0,0,0,0
147,fruit_pair,5.8469696458396392e-06,3,983,984,0,0,0,0
147,fruit_yarn_0,5.8469696458396392e-06,3,983,984,0,0,0,0
147,fruit_yarn_1,5.8469696458396392e-06,3,983,984,0,0,0,0
147,fruit_yarn_2,5.8469696458396392e-06,3,983,984,0,0,0,0
147,fruit_yarn_3,5.8373629890084988e-06,10,983,984,0,0,0,0
147,fruit_yarn_4,5.8373629890084988e-06,10,983,984,0,0,0,0
147,fruit_yarn_5,5.8373629890084988e-06,10,983,984,0,0,0,0
147,fruit_yarn_6,5.8373629890084988e-06,10,983,984,0,0,0,0
147,fruit_yarn_7,5.8373629890084988e-06,10,983,984,0,0,0,0
147,fruit_yarn_8,5.8373629890084988e-06,10,983,984,0,0,0,0
147,fruit_yarn_9,5.8373629890084988e-06,10,983,984,0,0,0,0
147,fruit_yarn_10,5.7936440128886213e-06,3,983,984,0,3.0021506114419338e-11,0,0
147,fruit_yarn_11,5.7936440128886213e-06,3,983,984,0,3.0021506114419338e-11,0,0
147,ground,5.7936440128886213e-06,3,983,984,0,3.0021506114419338e-11,0,0
147,local,5.7936440128886213e-06,3,983,984,0,4.5102810375396984e-17,0,0
147,fruit_pair,5.7959706927929178e-06,3,983,984,0,4.5102810375396984e-17,0,0
147,fruit_yarn_0,5.7959706927929178e-06,3,983,984,0,4.5102810375396984e-17,0,0
147,fruit_yarn_1,5.7959706927929178e-06,3,983,984,0,4.5102810375396984e-17,0,0
147,fruit_yarn_2,5.7959706927929178e-06,3,983,984,0,4.5102810375396984e-17,0,0
147,fruit_yarn_3,5.7864486963793427e-06,10,983,984,0,4.5102810375396984e-17,0,0
147,fruit_yarn_4,5.7864486963793427e-06,10,983,984,0,4.5102810375396984e-17,0,0
147,fruit_yarn_5,5.7864486963793427e-06,10,983,984,0,4.5102810375396984e-17,0,0
147,fruit_yarn_6,5.7864486963793427e-06,10,983,984,0,4.5102810375396984e-17,0,0
147,fruit_yarn_7,5.7864486963793427e-06,10,983,984,0,4.5102810375396984e-17,0,0
147,fruit_yarn_8,5.7864486963793427e-06,10,983,984,0,4.5102810375396984e-17,0,0
147,fruit_yarn_9,5.7864486963793427e-06,10,983,984,0,4.5102810375396984e-17,0,0
147,fruit_yarn_10,5.7430939562341798e-06,3,983,984,0,2.9757902739180331e-11,0,0
147,fruit_yarn_11,5.7430939562341798e-06,3,983,984,0,2.9757902739180331e-11,0,0
147,ground,5.7430939562341798e-06,3,983,984,0,2.9757902739180331e-11,0,0
148,primitive,5.7430939562341798e-06,3,983,984,0,2.9757902739180331e-11,0,0
148,strain,5.7430939562341798e-06,3,983,984,0,2.9757902739180331e-11,0,0
148,local,5.7430939562341798e-06,3,983,984,0,1.5612511283791264e-17,0,0
148,fruit_pair,5.7454003426909983e-06,3,983,984,0,1.5612511283791264e-17,0,0
148,fruit_yarn_0,5.7454003426909983e-06,3,983,984,0,1.5612511283791264e-17,0,0
148,fruit_yarn_1,5.7454003426909983e-06,3,983,984,0,1.5612511283791264e-17,0,0
148,fruit_yarn_2,5.7454003426909983e-06,3,983,984,0,1.5612511283791264e-17,0,0
148,fruit_yarn_3,5.7359622735314586e-06,10,983,984,0,1.5612511283791264e-17,0,0
148,fruit_yarn_4,5.7359622735314586e-06,10,983,984,0,1.5612511283791264e-17,0,0
148,fruit_yarn_5,5.7359622735314586e-06,10,983,984,0,1.5612511283791264e-17,0,0
148,fruit_yarn_6,5.7359622735314586e-06,10,983,984,0,1.5612511283791264e-17,0,0
148,fruit_yarn_7,5.7359622735314586e-06,10,983,984,0,1.5612511283791264e-17,0,0
148,fruit_yarn_8,5.7359622735314586e-06,10,983,984,0,1.5612511283791264e-17,0,0
148,fruit_yarn_9,5.7359622735314586e-06,10,983,984,0,1.5612511283791264e-17,0,0
148,fruit_yarn_10,5.6929690115808951e-06,3,983,984,0,2.949649552386191e-11,0,0
148,fruit_yarn_11,5.6929690115808951e-06,3,983,984,0,2.949649552386191e-11,0,0
148,ground,5.6929690115808951e-06,3,983,984,0,2.949649552386191e-11,0,0
148,local,5.6929690115808951e-06,3,983,984,0,2.0816681711721685e-17,0,0
148,fruit_pair,5.6952552751621255e-06,3,983,984,0,2.0816681711721685e-17,0,0
148,fruit_yarn_0,5.6952552751621255e-06,3,983,984,0,2.0816681711721685e-17,0,0
148,fruit_yarn_1,5.6952552751621255e-06,3,983,984,0,2.0816681711721685e-17,0,0
148,fruit_yarn_2,5.6952552751621255e-06,3,983,984,0,2.0816681711721685e-17,0,0
148,fruit_yarn_3,5.6859004062687069e-06,10,983,984,0,2.0816681711721685e-17,0,0
148,fruit_yarn_4,5.6859004062687069e-06,10,983,984,0,2.0816681711721685e-17,0,0
148,fruit_yarn_5,5.6859004062687069e-06,10,983,984,0,2.0816681711721685e-17,0,0
148,fruit_yarn_6,5.6859004062687069e-06,10,983,984,0,2.0816681711721685e-17,0,0
148,fruit_yarn_7,5.6859004062687069e-06,10,983,984,0,2.0816681711721685e-17,0,0
148,fruit_yarn_8,5.6859004062687069e-06,10,983,984,0,2.0816681711721685e-17,0,0
148,fruit_yarn_9,5.6859004062687069e-06,10,983,984,0,2.0816681711721685e-17,0,0
148,fruit_yarn_10,5.6432658805671831e-06,3,983,984,0,2.9237303550422311e-11,0,0
148,fruit_yarn_11,5.6432658805671831e-06,3,983,984,0,2.9237303550422311e-11,0,0
148,ground,5.6432658805671831e-06,3,983,984,0,2.9237303550422311e-11,0,0
149,primitive,5.6432658805671831e-06,3,983,984,0,2.9237303550422311e-11,0,0
149,strain,5.6432658805671831e-06,3,983,984,0,2.9237303550422311e-11,0,0
149,local,5.6432658805671831e-06,3,983,984,0,0,0,0
149,fruit_pair,5.64553219049857e-06,3,983,984,0,0,0,0
149,fruit_yarn_0,5.64553219049857e-06,3,983,984,0,0,0,0
149,fruit_yarn_1,5.64553219049857e-06,3,983,984,0,0,0,0
149,fruit_yarn_2,5.64553219049857e-06,3,983,984,0,0,0,0
149,fruit_yarn_3,5.636259801239385e-06,10,983,984,0,0,0,0
149,fruit_yarn_4,5.636259801239385e-06,10,983,984,0,0,0,0
149,fruit_yarn_5,5.636259801239385e-06,10,983,984,0,0,0,0
149,fruit_yarn_6,5.636259801239385e-06,10,983,984,0,0,0,0
149,fruit_yarn_7,5.636259801239385e-06,10,983,984,0,0,0,0
149,fruit_yarn_8,5.636259801239385e-06,10,983,984,0,0,0,0
149,fruit_yarn_9,5.636259801239385e-06,10,983,984,0,0,0,0
149,fruit_yarn_10,5.5939812857869198e-06,3,983,984,0,2.898027304243378e-11,0,0
149,fruit_yarn_11,5.5939812857869198e-06,3,983,984,0,2.898027304243378e-11,0,0
149,ground,5.5939812857869198e-06,3,983,984,0,2.898027304243378e-11,0,0
149,local,5.5939812857869198e-06,3,983,984,0,3.9898639947466563e-17,0,0
149,fruit_pair,5.5962278100174512e-06,3,983,984,0,3.9898639947466563e-17,0,0
149,fruit_yarn_0,5.5962278100174512e-06,3,983,984,0,3.9898639947466563e-17,0,0
149,fruit_yarn_1,5.5962278100174512e-06,3,983,984,0,3.9898639947466563e-17,0,0
149,fruit_yarn_2,5.5962278100174512e-06,3,983,984,0,3.9898639947466563e-17,0,0
149,fruit_yarn_3,5.5870371858113277e-06,10,983,984,0,3.9898639947466563e-17,0,0
149,fruit_yarn_4,5.5870371858113277e-06,10,983,984,0,3.9898639947466563e-17,0,0
149,fruit_yarn_5,5.5870371858113277e-06,10,983,984,0,3.9898639947466563e-17,0,0
149,fruit_yarn_6,5.5870371858113277e-06,10,983,984,0,3.9898639947466563e-17,0,0
149,fruit_yarn_7,5.5870371858113277e-06,10,983,984,0,3.9898639947466563e-17,0,0
149,fruit_yarn_8,5.5870371858113277e-06,10,983,984,0,3.9898639947466563e-17,0,0
149,fruit_yarn_9,5.5870371858113277e-06,10,983,984,0,3.9898639947466563e-17,0,0
149,fruit_yarn_10,5.5451119705118845e-06,3,983,984,0,2.872550981802835e-11,0,0
149,fruit_yarn_11,5.5451119705118845e-06,3,983,984,0,2.872550981802835e-11,0,0
149,ground,5.5451119705118845e-06,3,983,984,0,2.872550981802835e-11,0,0
150,primitive,5.5451119705118845e-06,3,983,984,0,2.872550981802835e-11,0,0
150,strain,5.5451119705118845e-06,3,983,984,0,2.872550981802835e-11,0,0
150,local,5.5451119705118845e-06,3,983,984,0,1.9081958235744878e-17,0,0
150,fruit_pair,5.5473388756166475e-06,3,983,984,0,1.9081958235744878e-17,0,0
150,fruit_yarn_0,5.5473388756166475e-06,3,983,984,0,1.9081958235744878e-17,0,0
150,fruit_yarn_1,5.5473388756166475e-06,3,983,984,0,1.9081958235744878e-17,0,0
150,fruit_yarn_2,5.5473388756166475e-06,3,983,984,0,1.9081958235744878e-17,0,0
150,fruit_yarn_3,5.5382293079192513e-06,10,983,984,0,1.9081958235744878e-17,0,0
150,fruit_yarn_4,5.5382293079192513e-06,10,983,984,0,1.9081958235744878e-17,0,0
150,fruit_yarn_5,5.5382293079192513e-06,10,983,984,0,1.9081958235744878e-17,0,0
150,fruit_yarn_6,5.5382293079192513e-06,10,983,984,0,1.9081958235744878e-17,0,0
150,fruit_yarn_7,5.5382293079192513e-06,10,983,984,0,1.9081958235744878e-17,0,0
150,fruit_yarn_8,5.5382293079192513e-06,10,983,984,0,1.9081958235744878e-17,0,0
150,fruit_yarn_9,5.5382293079192513e-06,10,983,984,0,1.9081958235744878e-17,0,0
150,fruit_yarn_10,5.4966546986362497e-06,3,983,984,0,2.8472930610479175e-11,0,0
150,fruit_yarn_11,5.4966546986362497e-06,3,983,984,0,2.8472930610479175e-11,0,0
150,ground,5.4966546986362497e-06,3,983,984,0,2.8472930610479175e-11,0,0
150,local,5.4966546986362497e-06,3,983,984,0,0,0,0
150,fruit_pair,5.4988621498580637e-06,3,983,984,0,0,0,0
150,fruit_yarn_0,5.4988621498580637e-06,3,983,984,0,0,0,0
150,fruit_yarn_1,5.4988621498580637e-06,3,983,984,0,0,0,0
150,fruit_yarn_2,5.4988621498580637e-06,3,983,984,0,0,0,0
150,fruit_yarn_3,5.4898329361757758e-06,10,983,984,0,0,0,0
150,fruit_yarn_4,5.4898329361757758e-06,10,983,984,0,0,0,0
150,fruit_yarn_5,5.4898329361757758e-06,10,983,984,0,0,0,0
150,fruit_yarn_6,5.4898329361757758e-06,10,983,984,0,0,0,0
150,fruit_yarn_7,5.4898329361757758e-06,10,983,984,0,0,0,0
150,fruit_yarn_8,5.4898329361757758e-06,10,983,984,0,0,0,0
150,fruit_yarn_9,5.4898329361757758e-06,10,983,984,0,0,0,0
150,fruit_yarn_10,5.4486062546904579e-06,3,983,984,0,2.822240358080208e-11,0,0
150,fruit_yarn_11,5.4486062546904579e-06,3,983,984,0,2.822240358080208e-11,0,0
150,ground,5.4486062546904579e-06,3,983,984,0,2.822240358080208e-11,0,0
151,primitive,5.4486062546904579e-06,3,983,984,0,2.822240358080208e-11,0,0
151,strain,5.4486062546904579e-06,3,983,984,0,2.822240358080208e-11,0,0
151,local,5.4486062546904579e-06,3,983,984,0,0,0,0
151,fruit_pair,5.4507944160786526e-06,3,983,984,0,0,0,0
151,fruit_yarn_0,5.4507944160786526e-06,3,983,984,0,0,0,0
151,fruit_yarn_1,5.4507944160786526e-06,3,983,984,0,0,0,0
151,fruit_yarn_2,5.4507944160786526e-06,3,983,984,0,0,0,0
151,fruit_yarn_3,5.441844859954692e-06,10,983,984,0,0,0,0
151,fruit_yarn_4,5.441844859954692e-06,10,983,984,0,0,0,0
151,fruit_yarn_5,5.441844859954692e-06,10,983,984,0,0,0,0
151,fruit_yarn_6,5.441844859954692e-06,10,983,984,0,0,0,0
151,fruit_yarn_7,5.441844859954692e-06,10,983,984,0,0,0,0
151,fruit_yarn_8,5.441844859954692e-06,10,983,984,0,0,0,0
151,fruit_yarn_9,5.441844859954692e-06,10,983,984,0,0,0,0
151,fruit_yarn_10,5.4009634438412224e-06,3,983,984,0,2.7974159447219371e-11,0,0
151,fruit_yarn_11,5.4009634438412224e-06,3,983,984,0,2.7974159447219371e-11,0,0
151,ground,5.4009634438412224e-06,3,983,984,0,2.7974159447219371e-11,0,0
151,local,5.4009634438412224e-06,3,983,984,0,1.214306433183765e-17,0,0
151,fruit_pair,5.403132478098982e-06,3,983,984,0,1.214306433183765e-17,0,0
151,fruit_yarn_0,5.403132478098982e-06,3,983,984,0,1.214306433183765e-17,0,0
151,fruit_yarn_1,5.403132478098982e-06,3,983,984,0,1.214306433183765e-17,0,0
151,fruit_yarn_2,5.403132478098982e-06,3,983,984,0,1.214306433183765e-17,0,0
151,fruit_yarn_3,5.3942618889746274e-06,10,983,984,0,1.214306433183765e-17,0,0
151,fruit_yarn_4,5.3942618889746274e-06,10,983,984,0,1.214306433183765e-17,0,0
151,fruit_yarn_5,5.3942618889746274e-06,10,983,984,0,1.214306433183765e-17,0,0
151,fruit_yarn_6,5.3942618889746274e-06,10,983,984,0,1.214306433183765e-17,0,0
151,fruit_yarn_7,5.3942618889746274e-06,10,983,984,0,1.214306433183765e-17,0,0
151,fruit_yarn_8,5.3942618889746274e-06,10,983,984,0,1.214306433183765e-17,0,0
151,fruit_yarn_9,5.3942618889746274e-06,10,983,984,0,1.214306433183765e-17,0,0
151,fruit_yarn_10,5.3537230917388712e-06,3,983,984,0,2.772798136929655e-11,0,0
151,fruit_yarn_11,5.3537230917388712e-06,3,983,984,0,2.772798136929655e-11,0,0
151,ground,5.3537230917388712e-06,3,983,984,0,2.772798136929655e-11,0,0
152,primitive,5.3537230917388712e-06,3,983,984,0,2.772798136929655e-11,0,0
152,strain,5.3537230917388712e-06,3,983,984,0,2.772798136929655e-11,0,0
152,local,5.3537230917388712e-06,3,983,984,0,0,0,0
152,fruit_pair,5.355873160389768e-06,3,983,984,0,0,0,0
152,fruit_yarn_0,5.355873160389768e-06,3,983,984,0,0,0,0
152,fruit_yarn_1,5.355873160389768e-06,3,983,984,0,0,0,0
152,fruit_yarn_2,5.355873160389768e-06,3,983,984,0,0,0,0
152,fruit_yarn_3,5.3470808535210912e-06,10,983,984,0,0,0,0
152,fruit_yarn_4,5.3470808535210912e-06,10,983,984,0,0,0,0
152,fruit_yarn_5,5.3470808535210912e-06,10,983,984,0,0,0,0
152,fruit_yarn_6,5.3470808535210912e-06,10,983,984,0,0,0,0
152,fruit_yarn_7,5.3470808535210912e-06,10,983,984,0,0,0,0
152,fruit_yarn_8,5.3470808535210912e-06,10,983,984,0,0,0,0
152,fruit_yarn_9,5.3470808535210912e-06,10,983,984,0,0,0,0
152,fruit_yarn_10,5.3068820446838805e-06,3,983,984,0,2.7483857203969286e-11,0,0
152,fruit_yarn_11,5.3068820446838805e-06,3,983,984,0,2.7483857203969286e-11,0,0
152,ground,5.3068820446838805e-06,3,983,984,0,2.7483857203969286e-11,0,0
152,local,5.3068820446838805e-06,3,983,984,0,2.2551405187698492e-17,0,0
152,fruit_pair,5.3090133079053414e-06,3,983,984,0,2.2551405187698492e-17,0,0
152,fruit_yarn_0,5.3090133079053414e-06,3,983,984,0,2.2551405187698492e-17,0,0
152,fruit_yarn_1,5.3090133079053414e-06,3,983,984,0,2.2551405187698492e-17,0,0
152,fruit_yarn_2,5.3090133079053414e-06,3,983,984,0,2.2551405187698492e-17,0,0
152,fruit_yarn_3,5.3002986044187184e-06,10,983,984,0,2.2551405187698492e-17,0,0
152,fruit_yarn_4,5.3002986044187184e-06,10,983,984,0,2.2551405187698492e-17,0,0
152,fruit_yarn_5,5.3002986044187184e-06,10,983,984,0,2.2551405187698492e-17,0,0
152,fruit_yarn_6,5.3002986044187184e-06,10,983,984,0,2.2551405187698492e-17,0,0
152,fruit_yarn_7,5.3002986044187184e-06,10,983,984,0,2.2551405187698492e-17,0,0
152,fruit_yarn_8,5.3002986044187184e-06,10,983,984,0,2.2551405187698492e-17,0,0
152,fruit_yarn_9,5.3002986044187184e-06,10,983,984,0,2.2551405187698492e-17,0,0
152,fruit_yarn_10,5.2604371691133966e-06,3,983,984,0,2.7241932668009561e-11,0,0
152,fruit_yarn_11,5.2604371691133966e-06,3,983,984,0,2.7241932668009561e-11,0,0
152,ground,5.2604371691133966e-06,3,983,984,0,2.7241932668009561e-11,0,0
153,primitive,5.2604371691133966e-06,3,983,984,0,2.7241932668009561e-11,0,0
153,strain,5.2604371691133966e-06,3,983,984,0,2.7241932668009561e-11,0,0
153,local,5.2604371691133966e-06,3,983,984,0,0,0,0
153,fruit_pair,5.2625497858338477e-06,3,983,984,0,0,0,0
153,fruit_yarn_0,5.2625497858338477e-06,3,983,984,0,0,0,0
153,fruit_yarn_1,5.2625497858338477e-06,3,983,984,0,0,0,0
153,fruit_yarn_2,5.2625497858338477e-06,3,983,984,0,0,0,0
153,fruit_yarn_3,5.2539120126149363e-06,10,983,984,0,0,0,0
153,fruit_yarn_4,5.2539120126149363e-06,10,983,984,0,0,0,0
153,fruit_yarn_5,5.2539120126149363e-06,10,983,984,0,0,0,0
153,fruit_yarn_6,5.2539120126149363e-06,10,983,984,0,0,0,0
153,fruit_yarn_7,5.2539120126149363e-06,10,983,984,0,0,0,0
153,fruit_yarn_8,5.2539120126149363e-06,10,983,984,0,0,0,0
153,fruit_yarn_9,5.2539120126149363e-06,10,983,984,0,0,0,0
153,fruit_yarn_10,5.2143853521702255e-06,3,983,984,0,2.7001926736214266e-11,0,0
153,fruit_yarn_11,5.2143853521702255e-06,3,983,984,0,2.7001926736214266e-11,0,0
153,ground,5.2143853521702255e-06,3,983,984,0,2.7001926736214266e-11,0,0
153,local,5.2143853521702255e-06,3,983,984,0,0,0,0
153,fruit_pair,5.2164794800690917e-06,3,983,984,0,0,0,0
153,fruit_yarn_0,5.2164794800690917e-06,3,983,984,0,0,0,0
153,fruit_yarn_1,5.2164794800690917e-06,3,983,984,0,0,0,0
153,fruit_yarn_2,5.2164794800690917e-06,3,983,984,0,0,0,0
153,fruit_yarn_3,5.2079179697489542e-06,10,983,984,0,0,0,0
153,fruit_yarn_4,5.2079179697489542e-06,10,983,984,0,0,0,0
153,fruit_yarn_5,5.2079179697489542e-06,10,983,984,0,0,0,0
153,fruit_yarn_6,5.2079179697489542e-06,10,983,984,0,0,0,0
153,fruit_yarn_7,5.2079179697489542e-06,10,983,984,0,0,0,0
153,fruit_yarn_8,5.2079179697489542e-06,10,983,984,0,0,0,0
153,fruit_yarn_9,5.2079179697489542e-06,10,983,984,0,0,0,0
153,fruit_yarn_10,5.1687235010783317e-06,3,983,984,0,2.6764096147657845e-11,0,0
153,fruit_yarn_11,5.1687235010783317e-06,3,983,984,0,2.6764096147657845e-11,0,0
153,ground,5.1687235010783317e-06,3,983,984,0,2.6764096147657845e-11,0,0
154,primitive,5.1687235010783317e-06,3,983,984,0,2.6764096147657845e-11,0,0
154,strain,5.1687235010783317e-06,3,983,984,0,2.6764096147657845e-11,0,0
154,local,5.1687235010783317e-06,3,983,984,0,2.9490299091605721e-17,0,0
154,fruit_pair,5.1707992966415484e-06,3,983,984,0,2.9490299091605721e-17,0,0
154,fruit_yarn_0,5.1707992966415484e-06,3,983,984,0,2.9490299091605721e-17,0,0
154,fruit_yarn_1,5.1707992966415484e-06,3,983,984,0,2.9490299091605721e-17,0,0
154,fruit_yarn_2,5.1707992966415484e-06,3,983,984,0,2.9490299091605721e-17,0,0
154,fruit_yarn_3,5.1623133874856286e-06,10,983,984,0,2.9490299091605721e-17,0,0
154,fruit_yarn_4,5.1623133874856286e-06,10,983,984,0,2.9490299091605721e-17,0,0
154,fruit_yarn_5,5.1623133874856286e-06,10,983,984,0,2.9490299091605721e-17,0,0
154,fruit_yarn_6,5.1623133874856286e-06,10,983,984,0,2.9490299091605721e-17,0,0
154,fruit_yarn_7,5.1623133874856286e-06,10,983,984,0,2.9490299091605721e-17,0,0
154,fruit_yarn_8,5.1623133874856286e-06,10,983,984,0,2.9490299091605721e-17,0,0
154,fruit_yarn_9,5.1623133874856286e-06,10,983,984,0,2.9490299091605721e-17,0,0
154,fruit_yarn_10,5.1234485433787613e-06,3,983,984,0,2.6528317736973506e-11,0,0
154,fruit_yarn_11,5.1234485433787613e-06,3,983,984,0,2.6528317736973506e-11,0,0
154,ground,5.1234485433787613e-06,3,983,984,0,2.6528317736973506e-11,0,0
154,local,5.1234485433787613e-06,3,983,984,0,2.9490299091605721e-17,0,0
154,fruit_pair,5.1255061618432629e-06,3,983,984,0,2.9490299091605721e-17,0,0
154,fruit_yarn_0,5.1255061618432629e-06,3,983,984,0,2.9490299091605721e-17,0,0
154,fruit_yarn_1,5.1255061618432629e-06,3,983,984,0,2.9490299091605721e-17,0,0
154,fruit_yarn_2,5.1255061618432629e-06,3,983,984,0,2.9490299091605721e-17,0,0
154,fruit_yarn_3,5.1170951977652646e-06,10,983,984,0,2.9490299091605721e-17,0,0
154,fruit_yarn_4,5.1170951977652646e-06,10,983,984,0,2.9490299091605721e-17,0,0
154,fruit_yarn_5,5.1170951977652646e-06,10,983,984,0,2.9490299091605721e-17,0,0
154,fruit_yarn_6,5.1170951977652646e-06,10,983,984,0,2.9490299091605721e-17,0,0
154,fruit_yarn_7,5.1170951977652646e-06,10,983,984,0,2.9490299091605721e-17,0,0
154,fruit_yarn_8,5.1170951977652646e-06,10,983,984,0,2.9490299091605721e-17,0,0
154,fruit_yarn_9,5.1170951977652646e-06,10,983,984,0,2.9490299091605721e-17,0,0
154,fruit_yarn_10,5.0785574268741307e-06,3,983,984,0,2.6294574156926487e-11,0,0
154,fruit_yarn_11,5.0785574268741307e-06,3,983,984,0,2.6294574156926487e-11,0,0
154,ground,5.0785574268741307e-06,3,983,984,0,2.6294574156926487e-11,0,0
155,primitive,5.0785574268741307e-06,3,983,984,0,2.6294574156926487e-11,0,0
155,strain,5.0785574268741307e-06,3,983,984,0,2.6294574156926487e-11,0,0
155,local,5.0785574268741307e-06,3,983,984,0,0,0,0
155,fruit_pair,5.0805970222694841e-06,3,983,984,0,0,0,0
155,fruit_yarn_0,5.0805970222694841e-06,3,983,984,0,0,0,0
155,fruit_yarn_1,5.0805970222694841e-06,3,983,984,0,0,0,0
155,fruit_yarn_2,5.0805970222694841e-06,3,983,984,0,0,0,0
155,fruit_yarn_3,5.0722603527619814e-06,10,983,984,0,0,0,0
155,fruit_yarn_4,5.0722603527619814e-06,10,983,984,0,0,0,0
155,fruit_yarn_5,5.0722603527619814e-06,10,983,984,0,0,0,0
155,fruit_yarn_6,5.0722603527619814e-06,10,983,984,0,0,0,0
155,fruit_yarn_7,5.0722603527619814e-06,10,983,984,0,0,0,0
155,fruit_yarn_8,5.0722603527619814e-06,10,983,984,0,0,0,0
155,fruit_yarn_9,5.0722603527619814e-06,10,983,984,0,0,0,0
155,fruit_yarn_10,5.0340471194759706e-06,3,983,984,0,2.6062754385214326e-11,0,0
155,fruit_yarn_11,5.0340471194759706e-06,3,983,984,0,2.6062754385214326e-11,0,0
155,ground,5.0340471194759706e-06,3,983,984,0,2.6062754385214326e-11,0,0
155,local,5.0340471194759706e-06,3,983,984,0,1.5612511283791264e-17,0,0
155,fruit_pair,5.0360688445411084e-06,3,983,984,0,1.5612511283791264e-17,0,0
155,fruit_yarn_0,5.0360688445411084e-06,3,983,984,0,1.5612511283791264e-17,0,0
155,fruit_yarn_1,5.0360688445411084e-06,3,983,984,0,1.5612511283791264e-17,0,0
155,fruit_yarn_2,5.0360688445411084e-06,3,983,984,0,1.5612511283791264e-17,0,0
155,fruit_yarn_3,5.027805824633913e-06,10,983,984,0,1.5612511283791264e-17,0,0
155,fruit_yarn_4,5.027805824633913e-06,10,983,984,0,1.5612511283791264e-17,0,0
155,fruit_yarn_5,5.027805824633913e-06,10,983,984,0,1.5612511283791264e-17,0,0
155,fruit_yarn_6,5.027805824633913e-06,10,983,984,0,1.5612511283791264e-17,0,0
155,fruit_yarn_7,5.027805824633913e-06,10,983,984,0,1.5612511283791264e-17,0,0
155,fruit_yarn_8,5.027805824633913e-06,10,983,984,0,1.5612511283791264e-17,0,0
155,fruit_yarn_9,5.027805824633913e-06,10,983,984,0,1.5612511283791264e-17,0,0
155,fruit_yarn_10,4.9899146091075819e-06,3,983,984,0,2.5832957301075155e-11,0,0
155,fruit_yarn_11,4.9899146091075819e-06,3,983,984,0,2.5832957301075155e-11,0,0
155,ground,4.9899146091075819e-06,3,983,984,0,2.5832957301075155e-11,0,0
156,primitive,4.9899146091075819e-06,3,983,984,0,2.5832957301075155e-11,0,0
156,strain,4.9899146091075819e-06,3,983,984,0,2.5832957301075155e-11,0,0
156,local,4.9899146091075819e-06,3,983,984,0,2.0816681711721685e-17,0,0
156,fruit_pair,4.9919186154295803e-06,3,983,984,0,2.0816681711721685e-17,0,0
156,fruit_yarn_0,4.9919186154295803e-06,3,983,984,0,2.0816681711721685e-17,0,0
156,fruit_yarn_1,4.9919186154295803e-06,3,983,984,0,2.0816681711721685e-17,0,0
156,fruit_yarn_2,4.9919186154295803e-06,3,983,984,0,2.0816681711721685e-17,0,0
156,fruit_yarn_3,4.9837286055787189e-06,10,983,984,0,2.0816681711721685e-17,0,0
156,fruit_yarn_4,4.9837286055787189e-06,10,983,984,0,2.0816681711721685e-17,0,0
156,fruit_yarn_5,4.9837286055787189e-06,10,983,984,0,2.0816681711721685e-17,0,0
156,fruit_yarn_6,4.9837286055787189e-06,10,983,984,0,2.0816681711721685e-17,0,0
156,fruit_yarn_7,4.9837286055787189e-06,10,983,984,0,2.0816681711721685e-17,0,0
156,fruit_yarn_8,4.9837286055787189e-06,10,983,984,0,2.0816681711721685e-17,0,0
156,fruit_yarn_9,4.9837286055787189e-06,10,983,984,0,2.0816681711721685e-17,0,0
156,fruit_yarn_10,4.9461569038428133e-06,3,983,984,0,2.5605118719740361e-11,0,0
156,fruit_yarn_11,4.9461569038428133e-06,3,983,984,0,2.5605118719740361e-11,0,0
156,ground,4.9461569038428133e-06,3,983,984,0,2.5605118719740361e-11,0,0
156,local,4.9461569038428133e-06,3,983,984,0,0,0,0
156,fruit_pair,4.9481433418430143e-06,3,983,984,0,0,0,0
156,fruit_yarn_0,4.9481433418430143e-06,3,983,984,0,0,0,0
156,fruit_yarn_1,4.9481433418430143e-06,3,983,984,0,0,0,0
156,fruit_yarn_2,4.9481433418430143e-06,3,983,984,0,0,0,0
156,fruit_yarn_3,4.9400257079862397e-06,10,983,984,0,0,0,0
156,fruit_yarn_4,4.9400257079862397e-06,10,983,984,0,0,0,0
156,fruit_yarn_5,4.9400257079862397e-06,10,983,984,0,0,0,0
156,fruit_yarn_6,4.9400257079862397e-06,10,983,984,0,0,0,0
156,fruit_yarn_7,4.9400257079862397e-06,10,983,984,0,0,0,0
156,fruit_yarn_8,4.9400257079862397e-06,10,983,984,0,0,0,0
156,fruit_yarn_9,4.9400257079862397e-06,10,983,984,0,0,0,0
156,fruit_yarn_10,4.9027710315452389e-06,3,983,984,0,2.5379226498145613e-11,0,0
156,fruit_yarn_11,4.9027710315452389e-06,3,983,984,0,2.5379226498145613e-11,0,0
156,ground,4.9027710315452389e-06,3,983,984,0,2.5379226498145613e-11,0,0
157,primitive,4.9027710315452389e-06,3,983,984,0,2.5379226498145613e-11,0,0
157,strain,4.9027710315452389e-06,3,983,984,0,2.5379226498145613e-11,0,0
157,local,4.9027710315452389e-06,3,983,984,0,3.2959746043559335e-17,0,0
157,fruit_pair,4.9047400503682281e-06,3,983,984,0,3.2959746043559335e-17,0,0
157,fruit_yarn_0,4.9047400503682281e-06,3,983,984,0,3.2959746043559335e-17,0,0
157,fruit_yarn_1,4.9047400503682281e-06,3,983,984,0,3.2959746043559335e-17,0,0
157,fruit_yarn_2,4.9047400503682281e-06,3,983,984,0,3.2959746043559335e-17,0,0
157,fruit_yarn_3,4.8966941638556305e-06,10,983,984,0,3.2959746043559335e-17,0,0
157,fruit_yarn_4,4.8966941638556305e-06,10,983,984,0,3.2959746043559335e-17,0,0
157,fruit_yarn_5,4.8966941638556305e-06,10,983,984,0,3.2959746043559335e-17,0,0
157,fruit_yarn_6,4.8966941638556305e-06,10,983,984,0,3.2959746043559335e-17,0,0
157,fruit_yarn_7,4.8966941638556305e-06,10,983,984,0,3.2959746043559335e-17,0,0
157,fruit_yarn_8,4.8966941638556305e-06,10,983,984,0,3.2959746043559335e-17,0,0
157,fruit_yarn_9,4.8966941638556305e-06,10,983,984,0,3.2959746043559335e-17,0,0
157,fruit_yarn_10,4.8597540400346917e-06,3,983,984,0,2.5155389923869897e-11,0,0
157,fruit_yarn_11,4.8597540400346917e-06,3,983,984,0,2.5155389923869897e-11,0,0
157,ground,4.8597540400346917e-06,3,983,984,0,2.5155389923869897e-11,0,0
157,local,4.8597540400346917e-06,3,983,984,0,0,0,0
157,fruit_pair,4.8617057877148318e-06,3,983,984,0,0,0,0
157,fruit_yarn_0,4.8617057877148318e-06,3,983,984,0,0,0,0
157,fruit_yarn_1,4.8617057877148318e-06,3,983,984,0,0,0,0
157,fruit_yarn_2,4.8617057877148318e-06,3,983,984,0,0,0,0
157,fruit_yarn_3,4.8537310251700605e-06,10,983,984,0,0,0,0
157,fruit_yarn_4,4.8537310251700605e-06,10,983,984,0,0,0,0
157,fruit_yarn_5,4.8537310251700605e-06,10,983,984,0,0,0,0
157,fruit_yarn_6,4.8537310251700605e-06,10,983,984,0,0,0,0
157,fruit_yarn_7,4.8537310251700605e-06,10,983,984,0,0,0,0
157,fruit_yarn_8,4.8537310251700605e-06,10,983,984,0,0,0,0
157,fruit_yarn_9,4.8537310251700605e-06,10,983,984,0,0,0,0
157,fruit_yarn_10,4.8171029969207302e-06,3,983,984,0,2.4933312359198823e-11,0,0
157,fruit_yarn_11,4.8171029969207302e-06,3,983,984,0,2.4933312359198823e-11,0,0
157,ground,4.8171029969207302e-06,3,983,984,0,2.4933312359198823e-11,0,0
158,primitive,4.8171029969207302e-06,3,983,984,0,2.4933312359198823e-11,0,0
158,strain,4.8171029969207302e-06,3,983,984,0,2.4933312359198823e-11,0,0
158,local,4.8171029969207302e-06,3,983,984,0,2.2551405187698492e-17,0,0
158,fruit_pair,4.8190376203266494e-06,3,983,984,0,2.2551405187698492e-17,0,0
158,fruit_yarn_0,4.8190376203266494e-06,3,983,984,0,2.2551405187698492e-17,0,0
158,fruit_yarn_1,4.8190376203266494e-06,3,983,984,0,2.2551405187698492e-17,0,0
158,fruit_yarn_2,4.8190376203266494e-06,3,983,984,0,2.2551405187698492e-17,0,0
158,fruit_yarn_3,4.8111333637301801e-06,10,983,984,0,2.2551405187698492e-17,0,0
158,fruit_yarn_4,4.8111333637301801e-06,10,983,984,0,2.2551405187698492e-17,0,0
158,fruit_yarn_5,4.8111333637301801e-06,10,983,984,0,2.2551405187698492e-17,0,0
158,fruit_yarn_6,4.8111333637301801e-06,10,983,984,0,2.2551405187698492e-17,0,0
158,fruit_yarn_7,4.8111333637301801e-06,10,983,984,0,2.2551405187698492e-17,0,0
158,fruit_yarn_8,4.8111333637301801e-06,10,983,984,0,2.2551405187698492e-17,0,0
158,fruit_yarn_9,4.8111333637301801e-06,10,983,984,0,2.2551405187698492e-17,0,0
158,fruit_yarn_10,4.7748149897136605e-06,3,983,984,0,2.471329911546416e-11,0,0
158,fruit_yarn_11,4.7748149897136605e-06,3,983,984,0,2.471329911546416e-11,0,0
158,ground,4.7748149897136605e-06,3,983,984,0,2.471329911546416e-11,0,0
158,local,4.7748149897136605e-06,3,983,984,0,0,0,0
158,fruit_pair,4.7767326344927419e-06,3,983,984,0,0,0,0
158,fruit_yarn_0,4.7767326344927419e-06,3,983,984,0,0,0,0
158,fruit_yarn_1,4.7767326344927419e-06,3,983,984,0,0,0,0
158,fruit_yarn_2,4.7767326344927419e-06,3,983,984,0,0,0,0
158,fruit_yarn_3,4.7688982710292205e-06,10,983,984,0,0,0,0
158,fruit_yarn_4,4.7688982710292205e-06,10,983,984,0,0,0,0
158,fruit_yarn_5,4.7688982710292205e-06,10,983,984,0,0,0,0
158,fruit_yarn_6,4.7688982710292205e-06,10,983,984,0,0,0,0
158,fruit_yarn_7,4.7688982710292205e-06,10,983,984,0,0,0,0
158,fruit_yarn_8,4.7688982710292205e-06,10,983,984,0,0,0,0
158,fruit_yarn_9,4.7688982710292205e-06,10,983,984,0,0,0,0
158,fruit_yarn_10,4.732887125394325e-06,3,983,984,0,2.4495069167462802e-11,0,0
158,fruit_yarn_11,4.732887125394325e-06,3,983,984,0,2.4495069167462802e-11,0,0
158,ground,4.732887125394325e-06,3,983,984,0,2.4495069167462802e-11,0,0
159,primitive,4.732887125394325e-06,3,983,984,0,2.4495069167462802e-11,0,0
159,strain,4.732887125394325e-06,3,983,984,0,2.4495069167462802e-11,0,0
159,local,4.732887125394325e-06,3,983,984,0,0,0,0
159,fruit_pair,4.7347879360420952e-06,3,983,984,0,0,0,0
159,fruit_yarn_0,4.7347879360420952e-06,3,983,984,0,0,0,0
159,fruit_yarn_1,4.7347879360420952e-06,3,983,984,0,0,0,0
159,fruit_yarn_2,4.7347879360420952e-06,3,983,984,0,0,0,0
159,fruit_yarn_3,4.727022858114216e-06,10,983,984,0,0,0,0
159,fruit_yarn_4,4.727022858114216e-06,10,983,984,0,0,0,0
159,fruit_yarn_5,4.727022858114216e-06,10,983,984,0,0,0,0
159,fruit_yarn_6,4.727022858114216e-06,10,983,984,0,0,0,0
159,fruit_yarn_7,4.727022858114216e-06,10,983,984,0,0,0,0
159,fruit_yarn_8,4.727022858114216e-06,10,983,984,0,0,0,0
159,fruit_yarn_9,4.727022858114216e-06,10,983,984,0,0,0,0
159,fruit_yarn_10,4.6913165305806359e-06,3,983,984,0,2.4278766497243254e-11,0,0
159,fruit_yarn_11,4.6913165305806359e-06,3,983,984,0,2.4278766497243254e-11,0,0
159,ground,4.6913165305806359e-06,3,983,984,0,2.4278766497243254e-11,0,0
159,local,4.6913165305806359e-06,3,983,984,0,0,0,0
159,fruit_pair,4.6932006505101542e-06,3,983,984,0,0,0,0
159,fruit_yarn_0,4.6932006505101542e-06,3,983,984,0,0,0,0
159,fruit_yarn_1,4.6932006505101542e-06,3,983,984,0,0,0,0
159,fruit_yarn_2,4.6932006505101542e-06,3,983,984,0,0,0,0
159,fruit_yarn_3,4.6855042557247817e-06,10,983,984,0,0,0,0
159,fruit_yarn_4,4.6855042557247817e-06,10,983,984,0,0,0,0
159,fruit_yarn_5,4.6855042557247817e-06,10,983,984,0,0,0,0
159,fruit_yarn_6,4.6855042557247817e-06,10,983,984,0,0,0,0
159,fruit_yarn_7,4.6855042557247817e-06,10,983,984,0,0,0,0
159,fruit_yarn_8,4.6855042557247817e-06,10,983,984,0,0,0,0
159,fruit_yarn_9,4.6855042557247817e-06,10,983,984,0,0,0,0
159,fruit_yarn_10,4.6501003515553307e-06,3,983,984,0,2.4064287021396957e-11,0,0
159,fruit_yarn_11,4.6501003515553307e-06,3,983,984,0,2.4064287021396957e-11,0,0
159,ground,4.6501003515553307e-06,3,983,984,0,2.4064287021396957e-11,0,0
160,primitive,4.6501003515553307e-06,3,983,984,0,2.4064287021396957e-11,0,0
160,strain,4.6501003515553307e-06,3,983,984,0,2.4064287021396957e-11,0,0
160,local,4.6501003515553307e-06,3,983,984,0,2.7755575615628914e-17,0,0
160,fruit_pair,4.6519679228751443e-06,3,983,984,0,2.7755575615628914e-17,0,0
160,fruit_yarn_0,4.6519679228751443e-06,3,983,984,0,2.7755575615628914e-17,0,0
160,fruit_yarn_1,4.6519679228751443e-06,3,983,984,0,2.7755575615628914e-17,0,0
160,fruit_yarn_2,4.6519679228751443e-06,3,983,984,0,2.7755575615628914e-17,0,0
160,fruit_yarn_3,4.6443396139045356e-06,10,983,984,0,2.7755575615628914e-17,0,0
160,fruit_yarn_4,4.6443396139045356e-06,10,983,984,0,2.7755575615628914e-17,0,0
160,fruit_yarn_5,4.6443396139045356e-06,10,983,984,0,2.7755575615628914e-17,0,0
160,fruit_yarn_6,4.6443396139045356e-06,10,983,984,0,2.7755575615628914e-17,0,0
160,fruit_yarn_7,4.6443396139045356e-06,10,983,984,0,2.7755575615628914e-17,0,0
160,fruit_yarn_8,4.6443396139045356e-06,10,983,984,0,2.7755575615628914e-17,0,0
160,fruit_yarn_9,4.6443396139045356e-06,10,983,984,0,2.7755575615628914e-17,0,0
160,fruit_yarn_10,4.609235753891272e-06,3,983,984,0,2.3851766048355039e-11,0,0
160,fruit_yarn_11,4.609235753891272e-06,3,983,984,0,2.3851766048355039e-11,0,0
160,ground,4.609235753891272e-06,3,983,984,0,2.3851766048355039e-11,0,0
160,local,4.609235753891272e-06,3,983,984,0,1.9081958235744878e-17,0,0
160,fruit_pair,4.6110869177939939e-06,3,983,984,0,1.9081958235744878e-17,0,0
160,fruit_yarn_0,4.6110869177939939e-06,3,983,984,0,1.9081958235744878e-17,0,0
160,fruit_yarn_1,4.6110869177939939e-06,3,983,984,0,1.9081958235744878e-17,0,0
160,fruit_yarn_2,4.6110869177939939e-06,3,983,984,0,1.9081958235744878e-17,0,0
160,fruit_yarn_3,4.6035261024174323e-06,10,983,984,0,1.9081958235744878e-17,0,0
160,fruit_yarn_4,4.6035261024174323e-06,10,983,984,0,1.9081958235744878e-17,0,0
160,fruit_yarn_5,4.6035261024174323e-06,10,983,984,0,1.9081958235744878e-17,0,0
160,fruit_yarn_6,4.6035261024174323e-06,10,983,984,0,1.9081958235744878e-17,0,0
160,fruit_yarn_7,4.6035261024174323e-06,10,983,984,0,1.9081958235744878e-17,0,0
160,fruit_yarn_8,4.6035261024174323e-06,10,983,984,0,1.9081958235744878e-17,0,0
160,fruit_yarn_9,4.6035261024174323e-06,10,983,984,0,1.9081958235744878e-17,0,0
160,fruit_yarn_10,4.5687199227706365e-06,3,983,984,0,2.3641059596068992e-11,0,0
160,fruit_yarn_11,4.5687199227706365e-06,3,983,984,0,2.3641059596068992e-11,0,0
160,ground,4.5687199227706365e-06,3,983,984,0,2.3641059596068992e-11,0,0
