frame,time_s,node,x_m,y_m,z_m,vx_m_s,vy_m_s,vz_m_s,mass_kg
0,0,0,0,0,0.170000001788,0,0,0,0.0792547091842
0,0,1,-0.0262865554541,0.0425325408578,0.170000001788,0,0,0,0.019813677296
0,0,2,0.0262865554541,0.0425325408578,0.170000001788,0,0,0,0.019813677296
0,0,3,-0.0262865554541,-0.0425325408578,0.170000001788,0,0,0,0.019813677296
0,0,4,0.0262865554541,-0.0425325408578,0.170000001788,0,0,0,0.019813677296
0,0,5,0,-0.0262865554541,0.212532535195,0,0,0,0.0198136754334
0,0,6,0,0.0262865554541,0.212532535195,0,0,0,0.0198136754334
0,0,7,0,-0.0262865554541,0.12746745348,0,0,0,0.0198136810213
0,0,8,0,0.0262865554541,0.12746745348,0,0,0,0.0198136810213
0,0,9,0.0425325408578,0,0.143713444471,0,0,0,0.0198136791587
0,0,10,0.0425325408578,0,0.196286559105,0,0,0,0.0198136754334
0,0,11,-0.0425325408578,0,0.143713444471,0,0,0,0.0198136791587
0,0,12,-0.0425325408578,0,0.196286559105,0,0,0,0.0198136754334
1,0.005,0,1.38707057992e-11,-1.05254433641e-12,0.169874891639,5.40423084061e-09,-4.15973339107e-10,-0.0490499772131,0.0792547091842
1,0.005,1,-0.0262865554541,0.0425325408578,0.169874891639,-1.09826892469e-07,3.51591751269e-08,-0.0490499809384,0.019813677296
1,0.005,2,0.0262865554541,0.0425325408578,0.169874891639,1.03982159771e-07,2.18786944117e-08,-0.0490499809384,0.019813677296
1,0.005,3,-0.0262865554541,-0.0425325408578,0.169874891639,-1.12004812536e-07,-3.84031935141e-08,-0.0490499809384,0.019813677296
1,0.005,4,0.0262865554541,-0.0425325408578,0.169874891639,1.01764150884e-07,-2.45194495818e-08,-0.0490499809384,0.019813677296
1,0.005,5,-5.72662880657e-12,-0.0262865554541,0.212407425046,-2.19354490127e-09,-1.02093565602e-07,-0.049049962312,0.0198136754334
1,0.005,6,-1.19173004798e-11,0.0262865554541,0.212407425046,-4.61911930927e-09,1.0054229449e-07,-0.0490499660373,0.0198136754334
1,0.005,7,7.42139509569e-12,-0.0262865554541,0.12734234333,2.91107848938e-09,-9.16597144851e-08,-0.0490500219166,0.0198136810213
1,0.005,8,-4.3572298547e-12,0.0262865554541,0.12734234333,-1.64536106961e-09,1.06014503842e-07,-0.0490500219166,0.0198136810213
1,0.005,9,0.0425325408578,-2.06108047296e-12,0.143588334322,1.92497484619e-08,-7.9286982535e-10,-0.0490499772131,0.0198136791587
1,0.005,10,0.0425325408578,-5.07646875925e-12,0.196161448956,3.23119628831e-08,-1.98058569545e-09,-0.0490499772131,0.0198136754334
1,0.005,11,-0.0425325408578,-5.12852954548e-12,0.143588334322,-1.92401277133e-08,-2.00862659838e-09,-0.0490499772131,0.0198136791587
1,0.005,12,-0.0425325408578,-1.16668166013e-12,0.196161448956,-3.2306157749e-08,-4.72805294915e-10,-0.0490499697626,0.0198136754334
2,0.01,0,5.3856728105e-11,-4.26784432447e-12,0.169504538178,1.03875112956e-08,-8.70562955058e-10,-0.0981000810862,0.0792547091842
2,0.01,1,-0.0262865554541,0.0425325408578,0.169504538178,-2.19837815507e-07,7.02919251694e-08,-0.0981000810862,0.019813677296
2,0.01,2,0.0262865554541,0.0425325408578,0.169504538178,2.07922838058e-07,4.37843148404e-08,-0.0981000810862,0.019813677296
2,0.01,3,-0.0262865554541,-0.0425325408578,0.169504538178,-2.24070248578e-07,-7.67983792116e-08,-0.0981000810862,0.019813677296
2,0.01,4,0.0262865554541,-0.0425325408578,0.169504538178,2.0337337503e-07,-4.90615477133e-08,-0.0981000810862,0.019813677296
2,0.01,5,-2.10811420404e-11,-0.0262865554541,0.212037071586,-3.76468234364e-09,-2.0414967139e-07,-0.0980997905135,0.0198136754334
2,0.01,6,-4.55288029499e-11,0.0262865554541,0.212037071586,-8.5856477483e-09,2.01126894694e-07,-0.098100066185,0.0198136754334
2,0.01,7,2.94179437754e-11,-0.0262865554541,0.12697198987,5.8315881013e-09,-1.8333754781e-07,-0.0981001257896,0.0198136810213
2,0.01,8,-1.53211852927e-11,0.0262865554541,0.12697198987,-2.5396549308e-09,2.11981614484e-07,-0.0981001257896,0.0198136810213
2,0.01,9,0.0425325408578,-7.69790654831e-12,0.143217980862,3.85263234648e-08,-1.40680622707e-09,-0.0981000810862,0.0198136791587
2,0.01,10,0.0425325408578,-1.97896855153e-11,0.195791095495,6.46269029403e-08,-3.83640452739e-09,-0.0981000810862,0.0198136754334
2,0.01,11,-0.0425325408578,-2.0231498768e-11,0.143217980862,-3.84511942286e-08,-3.98464239382e-09,-0.0981000810862,0.0198136791587
2,0.01,12,-0.0425325408578,-5.08913137326e-12,0.195791095495,-6.45817763711e-08,-1.12744358294e-09,-0.0981000736356,0.0198136754334
3,0.015,0,1.16891107904e-10,-9.9302597395e-12,0.168888926506,1.45862770751e-08,-1.39867406546e-09,-0.147150233388,0.0792547091842
3,0.015,1,-0.0262865554541,0.0425325408578,0.168888926506,-3.30199156906e-07,1.05374951431e-07,-0.147150233388,0.019813677296
3,0.015,2,0.0262865554541,0.0425325408578,0.168888926506,3.1178845461e-07,6.57396057591e-08,-0.147150233388,0.019813677296
3,0.015,3,-0.0262865554541,-0.0425325408578,0.168888926506,-3.36240020715e-07,-1.15178451665e-07,-0.147150233388,0.019813677296
3,0.015,4,0.0262865554541,-0.0425325408578,0.168888926506,3.04699511844e-07,-7.36463903195e-08,-0.147150233388,0.019813677296
3,0.015,5,-4.15354695082e-11,-0.0262865554541,0.211421459913,-4.1792413974e-09,-3.06138417727e-07,-0.14714974165,0.0198136754334
3,0.015,6,-9.60384619053e-11,0.0262865554541,0.211421459913,-1.13146869651e-08,3.01789924606e-07,-0.147150218487,0.0198136754334
3,0.015,7,6.60656182538e-11,-0.0262865554541,0.126356378198,8.77333050653e-09,-2.75046204479e-07,-0.147150278091,0.0198136810213
3,0.015,8,-2.74740490774e-11,0.0262865554541,0.126356378198,-2.06200190256e-09,3.17862372867e-07,-0.147150278091,0.0198136810213
3,0.015,9,0.0425325408578,-1.565679357e-11,0.142602369189,5.7850026991e-08,-1.71283676131e-09,-0.147150233388,0.0198136791587
3,0.015,10,0.0425325408578,-4.31982158378e-11,0.195175483823,9.69467208733e-08,-5.44311928863e-09,-0.147150233388,0.0198136754334
3,0.015,11,-0.0425325408578,-4.50504598903e-11,0.142602369189,-5.7606417414e-08,-5.88921711397e-09,-0.147150233388,0.0198136791587
3,0.015,12,-0.0425325408578,-1.30854901567e-11,0.195175483823,-9.68015854141e-08,-2.11749773271e-09,-0.147150218487,0.0198136754334
4,0.02,0,1.98281058239e-10,-1.84821550425e-11,0.168028071523,1.76477090719e-08,-2.02827266094e-09,-0.19620038569,0.0792547091842
4,0.02,1,-0.0262865554541,0.0425325408578,0.168028071523,-4.41355581415e-07,1.40390866932e-07,-0.19620038569,0.019813677296
4,0.02,2,0.0262865554541,0.0425325408578,0.168028071523,4.15247825458e-07,8.77595596194e-08,-0.19620038569,0.019813677296
4,0.02,3,-0.0262865554541,-0.0425325408578,0.168028071523,-4.48526350283e-07,-1.53538053382e-07,-0.19620038569,0.019813677296
4,0.02,4,0.0262865554541,-0.0425325408578,0.168028071523,4.05663485026e-07,-9.82890639989e-08,-0.19620038569,0.019813677296
4,0.02,5,-6.02807456729e-11,-0.0262865554541,0.21056060493,-3.06653813453e-09,-4.08043547395e-07,-0.196199893951,0.0198136754334
4,0.02,6,-1.55374088595e-10,0.0262865554541,0.21056060493,-1.13412799152e-08,4.02556224799e-07,-0.196200370789,0.0198136754334
4,0.02,7,1.1750654616e-10,-0.0262865554541,0.125495523214,1.17506129271e-08,-3.66788356132e-07,-0.196200430393,0.0198136810213
4,0.02,8,-3.2863999716e-11,0.0262865554541,0.125495523214,1.69833883068e-10,4.236332245e-07,-0.196200430393,0.0198136810213
4,0.02,9,0.0425325408578,-2.4253047487e-11,0.141741514206,7.72294157514e-08,-1.67077440771e-09,-0.19620038569,0.0198136791587
4,0.02,10,0.0425325408578,-7.37460717493e-11,0.194314628839,1.29271569449e-07,-6.680280773e-09,-0.19620038569,0.0198136754334
4,0.02,11,-0.0425325408578,-7.91084073248e-11,0.141741514206,-7.66835341892e-08,-7.67368657506e-09,-0.19620038569,0.0198136791587
4,0.02,12,-0.0425325408578,-2.71152874459e-11,0.194314628839,-1.28950148337e-07,-3.54299434235e-09,-0.196200370789,0.0198136754334
5,0.025,0,2.9107216637e-10,-2.93369009641e-11,0.166921973228,1.92357649809e-08,-1.96046223699e-09,-0.245250537992,0.0792547091842
5,0.025,1,-0.0262865554541,0.0425325408578,0.166921973228,-5.48003185941e-07,1.66699763327e-07,-0.245250537992,0.019813677296
5,0.025,2,0.0262865554541,0.0425325408578,0.166921973228,5.10920528995e-07,1.01136315322e-07,-0.245250537992,0.019813677296
5,0.025,3,-0.0262865554541,-0.0425325408578,0.166921973228,-5.54189966806e-07,-1.83162015333e-07,-0.245250537992,0.019813677296
5,0.025,4,0.0262865554541,-0.0425325408578,0.166921973228,5.00188889418e-07,-1.1436258518e-07,-0.245250537992,0.019813677296
5,0.025,5,-6.91503798667e-11,-0.0262865554541,0.209454506636,-2.46900111467e-10,-5.09868129939e-07,-0.245250046253,0.0198136754334
5,0.025,6,-2.00001959438e-10,0.0262865554541,0.209454506636,-6.31487440117e-09,5.03428111642e-07,-0.24525052309,0.0198136754334
5,0.025,7,1.82587847619e-10,-0.0262865554541,0.12438942492,1.38037767883e-08,-4.46658589226e-07,-0.245250508189,0.0198136810213
5,0.025,8,-2.08407614083e-11,0.0262865554541,0.12438942492,5.33763966359e-09,5.14106545779e-07,-0.245250508189,0.0198136810213
5,0.025,9,0.0425325408578,-3.18068557603e-11,0.140635415912,7.88340699387e-08,-1.30089716777e-09,-0.245250537992,0.0198136791587
5,0.025,10,0.0425325408578,-1.0935192335e-10,0.193208530545,1.61598848081e-07,-7.46989936573e-09,-0.245250537992,0.0198136754334
5,0.025,11,-0.0425325408578,-1.2172535202e-10,0.140635415912,-7.78419249059e-08,-9.32368759976e-09,-0.245250537992,0.0198136791587
5,0.025,12,-0.0425325408578,-4.93848122118e-11,0.193208530545,-1.61029987567e-07,-5.38275335416e-09,-0.24525052309,0.0198136754334
6,0.03,0,3.88929055628e-10,-3.76688680248e-11,0.165570631623,1.97577545435e-08,-1.40298395124e-09,-0.294300675392,0.0792547091842
6,0.03,1,-0.0262865554541,0.0425325408578,0.165570631623,-6.42417717245e-07,1.78263078965e-07,-0.294300675392,0.019813677296
6,0.03,2,0.0262865554541,0.0425325408578,0.165570631623,5.93027095874e-07,9.97613085474e-08,-0.294300675392,0.019813677296
6,0.03,3,-0.0262865554541,-0.0425325408578,0.165570631623,-6.46269540994e-07,-1.9794585171e-07,-0.294300675392,0.019813677296
6,0.03,4,0.0262865554541,-0.0425325408578,0.165570631623,5.81513745601e-07,-1.15810713908e-07,-0.294300675392,0.019813677296
6,0.03,5,-5.95131860459e-11,-0.0262865554541,0.20810316503,4.28573709854e-09,-6.11646896687e-07,-0.294300198555,0.0198136754334
6,0.03,6,-2.15287607186e-10,0.0262865554541,0.20810316503,2.9768298937e-10,6.04366505286e-07,-0.294300675392,0.0198136754334
6,0.03,7,2.54288062829e-10,-0.0262865554541,0.123038075864,1.49416496953e-08,-5.00587248098e-07,-0.294300168753,0.0198136810213
6,0.03,8,2.56221641126e-11,0.0262865554541,0.123038075864,1.31643318468e-08,5.75815818138e-07,-0.294300168753,0.0198136810213
6,0.03,9,0.0425325408578,-3.68730150579e-11,0.139284074306,5.04061503648e-08,-7.50234374625e-10,-0.294300675392,0.0198136791587
6,0.03,10,0.0425325408578,-1.47689971364e-10,0.19185718894,1.93913720636e-07,-7.77354269843e-09,-0.294300675392,0.0198136754334
6,0.03,11,-0.0425325408578,-1.72068179149e-10,0.139284074306,-4.88182045899e-08,-1.06928128574e-08,-0.294300675392,0.0198136791587
6,0.03,12,-0.0425325408578,-8.14132164462e-11,0.19185718894,-1.93075678112e-07,-7.38702432557e-09,-0.294300675392,0.0198136754334
7,0.035,0,4.87421603079e-10,-4.38851385787e-11,0.163974031806,1.95535498904e-08,-1.11616604848e-09,-0.343350827694,0.0792547091842
7,0.035,1,-0.0262865554541,0.0425325408578,0.163974031806,-7.37448317523e-07,1.89794505445e-07,-0.343350827694,0.019813677296
7,0.035,2,0.0262865554541,0.0425325408578,0.163974031806,6.75264118399e-07,9.84266392834e-08,-0.343350827694,0.019813677296
7,0.035,3,-0.0262865554541,-0.0425325408578,0.163974031806,-7.38149935842e-07,-2.12695994151e-07,-0.343350827694,0.019813677296
7,0.035,4,0.0262865554541,-0.0425325408578,0.163974031806,6.62525280859e-07,-1.17309355119e-07,-0.343350827694,0.019813677296
7,0.035,5,-2.32608637213e-11,-0.0262865554541,0.206506565213,1.03129016438e-08,-7.13438680577e-07,-0.343350350857,0.0198136754334
7,0.035,6,-1.94433719125e-10,0.0262865554541,0.206506565213,8.03139688088e-09,7.05310583271e-07,-0.343350827694,0.0198136754334
7,0.035,7,3.32423089056e-10,-0.0262865554541,0.121441483498,1.63327360525e-08,-5.54529833607e-07,-0.343349814415,0.0198136810213
7,0.035,8,1.12763444415e-10,0.0262865554541,0.121441483498,2.15315800745e-08,6.37451535113e-07,-0.343349814415,0.0198136810213
7,0.035,9,0.0425325408578,-3.94754749722e-11,0.137687474489,2.1989576382e-08,-3.48871098677e-10,-0.343350827694,0.0198136791587
7,0.035,10,0.0425325408578,-1.8619995823e-10,0.190260589123,2.26192582886e-07,-7.54381712653e-09,-0.343350827694,0.0198136754334
7,0.035,11,-0.0425325408578,-2.27764168637e-10,0.137687474489,-1.96559017951e-08,-1.14462919143e-08,-0.343350827694,0.0198136791587
7,0.035,12,-0.0425325408578,-1.23135474039e-10,0.190260589123,-2.25139885401e-07,-9.2057508283e-09,-0.343350827694,0.0198136754334
8,0.04,0,5.83853410063e-10,-4.95131713407e-11,0.162132188678,1.90088140783e-08,-1.21862486768e-09,-0.392400979996,0.0792547091842
8,0.04,1,-0.0262865554541,0.0425325408578,0.162132188678,-8.34750153444e-07,2.03186814929e-07,-0.392400979996,0.019813677296
8,0.04,2,0.0262865554541,0.0425325408578,0.162132188678,7.59548129281e-07,9.89861348444e-08,-0.392400979996,0.019813677296
8,0.04,3,-0.0262865554541,-0.0425325408578,0.162132188678,-8.31451473005e-07,-2.29290989751e-07,-0.392400979996,0.019813677296
8,0.04,4,0.0262865554541,-0.0425325408578,0.162132188678,7.45029353766e-07,-1.20704100937e-07,-0.392400979996,0.019813677296
8,0.04,5,4.60326776697e-11,-0.0262865554541,0.204664722085,1.73911001156e-08,-8.15306748336e-07,-0.392400503159,0.0198136754334
8,0.04,6,-1.33229649535e-10,0.0262865554541,0.204664722085,1.63296238753e-08,8.06199011549e-07,-0.392400979996,0.0198136754334
8,0.04,7,4.18552997816e-10,-0.0262865554541,0.119599632919,1.81823853751e-08,-6.11949246832e-07,-0.39239948988,0.0198136810213
8,0.04,8,2.40811287577e-10,0.0262865554541,0.119599632919,2.93358972669e-08,7.02779800577e-07,-0.39239948988,0.0198136810213
8,0.04,9,0.0425325408578,-4.10482377255e-11,0.135845631361,-2.63433252989e-09,-3.71247921294e-10,-0.392400979996,0.0198136791587
8,0.04,10,0.0425325408578,-2.22165674746e-10,0.188418745995,2.58415326471e-07,-6.76857192516e-09,-0.392400979996,0.0198136754334
8,0.04,11,-0.0425325408578,-2.85188678228e-10,0.135845631361,5.84423531791e-09,-1.13750315833e-08,-0.392400979996,0.0198136791587
8,0.04,12,-0.0425325408578,-1.72766939643e-10,0.188418745995,-2.5727524644e-07,-1.0511053361e-08,-0.392400979996,0.0198136754334
9,0.045,0,6.77558398277e-10,-5.62230852152e-11,0.160045087337,1.85258723917e-08,-1.5368812889e-09,-0.441451132298,0.0792547091842
9,0.045,1,-0.0262865554541,0.0425325408578,0.160045087337,-9.29083626033e-07,2.1287304719e-07,-0.441451132298,0.019813677296
9,0.045,2,0.0262865554541,0.0425325408578,0.160045087337,8.40614234221e-07,9.57701544735e-08,-0.441451132298,0.019813677296
9,0.045,3,-0.0262865554541,-0.0425325408578,0.160045087337,-9.20677507565e-07,-2.42093506131e-07,-0.441451132298,0.019813677296
9,0.045,4,0.0262865554541,-0.0425325408578,0.160045087337,8.24030848889e-07,-1.20376824952e-07,-0.441451132298,0.019813677296
9,0.045,5,1.52117596297e-10,-0.0262865554541,0.202577620745,2.49089833204e-08,-9.17309137094e-07,-0.44145065546,0.0198136754334
9,0.045,6,-3.033902643e-11,0.0262865554541,0.202577620745,2.46109355118e-08,9.06978129933e-07,-0.441451132298,0.0198136754334
9,0.045,7,5.14480624769e-10,-0.0262865554541,0.117512539029,2.01835756997e-08,-6.62415970965e-07,-0.44144910574,0.0198136810213
9,0.045,8,4.0531056289e-10,0.0262865554541,0.117512539029,3.60851828418e-08,7.60663681376e-07,-0.44144910574,0.0198136810213
9,0.045,9,0.0425325408578,-4.42319965377e-11,0.133758530021,-3.49197328831e-08,-9.99249016864e-10,-0.441451132298,0.0198136791587
9,0.045,10,0.0425325408578,-2.52935422607e-10,0.186331644654,2.9056897688e-07,-5.48713741111e-09,-0.441451132298,0.0198136754334
9,0.045,11,-0.0425325408578,-3.39966221841e-10,0.133758530021,3.91009926659e-08,-1.04077235719e-08,-0.441451132298,0.0198136791587
9,0.045,12,-0.0425325408578,-2.27051072388e-10,0.186331644654,-2.89526155939e-07,-1.10479350113e-08,-0.441451132298,0.0198136754334
10,0.05,0,7.69997621219e-10,-6.57197213316e-11,0.157712742686,1.85499899885e-08,-2.35698949247e-09,-0.490501284599,0.0792547091842
10,0.05,1,-0.0262865554541,0.0425325408578,0.157712742686,-1.02711692307e-06,2.26335444609e-07,-0.490501284599,0.019813677296
10,0.05,2,0.0262865554541,0.0425325408578,0.157712742686,9.25658980577e-07,9.62723021303e-08,-0.490501284599,0.019813677296
10,0.05,3,-0.0262865554541,-0.0425325408578,0.157712742686,-1.01290027033e-06,-2.58632184114e-07,-0.490501284599,0.019813677296
10,0.05,4,0.0262865554541,-0.0425325408578,0.157712742686,9.06501611553e-07,-1.23760685256e-07,-0.490501284599,0.019813677296
10,0.05,5,2.95436036746e-10,-0.0262865554541,0.200245276093,3.21721138619e-08,-1.01948785414e-06,-0.490500807762,0.0198136754334
10,0.05,6,1.12743231417e-10,0.0262865554541,0.200245276093,3.23336060148e-08,1.00761053545e-06,-0.490501284599,0.0198136754334
10,0.05,7,6.22221996149e-10,-0.0262865554541,0.115180201828,2.32191847971e-08,-7.19992840459e-07,-0.490498781204,0.0198136810213
10,0.05,8,5.97363603028e-10,0.0262865554541,0.115180201828,4.00001169965e-08,8.2586757344e-07,-0.490498781204,0.0198136810213
10,0.05,9,0.0425325408578,-5.24594326312e-11,0.131426185369,-5.96481299908e-08,-2.36925989938e-09,-0.490501284599,0.0198136791587
10,0.05,10,0.0425325408578,-2.7621280263e-10,0.183999300003,3.22650890894e-07,-3.80262976662e-09,-0.490501284599,0.0198136754334
10,0.05,11,-0.0425325408578,-3.87290560733e-10,0.131426185369,6.48510791734e-08,-7.94194843223e-09,-0.490501284599,0.0198136791587
10,0.05,12,-0.0425325408578,-2.81722756235e-10,0.183999300003,-3.21921845625e-07,-1.06703756941e-08,-0.490501284599,0.0198136754334
11,0.055,0,8.64543603374e-10,-8.06644542828e-11,0.155135154724,1.94127540709e-08,-3.65223873366e-09,-0.539550960064,0.0792547091842
11,0.055,1,-0.0262865554541,0.0425325408578,0.155135154724,-1.12773261662e-06,2.41951397584e-07,-0.539550244808,0.019813677296
11,0.055,2,0.0262865554541,0.0425325408578,0.155135154724,1.01360888038e-06,9.88228592291e-08,-0.539550244808,0.019813677296
11,0.055,3,-0.0262865554541,-0.0425325408578,0.155135154724,-1.10709186174e-06,-2.77270459037e-07,-0.539550244808,0.019813677296
11,0.055,4,0.0262865554541,-0.0425325408578,0.155135154724,9.91689717011e-07,-1.29196124021e-07,-0.539550244808,0.019813677296
11,0.055,5,4.72952232933e-10,-0.0262865554541,0.197667688131,3.84992446811e-08,-1.12186160095e-06,-0.539549767971,0.0198136754334
11,0.055,6,2.92037949379e-10,0.0262865554541,0.197667688131,3.90526402327e-08,1.10808184672e-06,-0.539550244808,0.0198136754334
11,0.055,7,7.53736739689e-10,-0.0262865554541,0.112602606416,2.92899180465e-08,-7.83957489148e-07,-0.539547860622,0.0198136810213
11,0.055,8,7.94898757928e-10,0.0262865554541,0.112602606416,3.86219305426e-08,8.949107837e-07,-0.539547860622,0.0198136810213
11,0.055,9,0.0425325408578,-6.92197826835e-11,0.128848597407,-8.02252628773e-08,-4.37750857785e-09,-0.539550244808,0.0198136791587
11,0.055,10,0.0425325408578,-2.90401591663e-10,0.181421712041,3.54671129799e-07,-1.89294446784e-09,-0.539550244808,0.0198136754334
11,0.055,11,-0.0425325408578,-4.10066758327e-10,0.128848597407,8.64367777353e-08,-1.25920029959e-09,-0.539550244808,0.0198136791587
11,0.055,12,-0.0425325408578,-3.32082444876e-10,0.181421712041,-3.54470927277e-07,-9.34233757022e-09,-0.539550244808,0.0198136754334
12,0.06,0,9.64213930921e-10,-1.02340448616e-10,0.152312323451,1.92710345459e-08,-4.87103601898e-09,-0.588600635529,0.0792547091842
12,0.06,1,-0.0262865554541,0.0425325408578,0.152312323451,-1.21102971207e-06,2.47969211387e-07,-0.588598906994,0.019813677296
12,0.06,2,0.0262865554541,0.0425325408578,0.152312323451,1.11129065772e-06,1.01347708892e-07,-0.588598906994,0.019813677296
12,0.06,3,-0.0262865554541,-0.0425325408578,0.152312323451,-1.18376249247e-06,-2.86238275748e-07,-0.588598906994,0.019813677296
12,0.06,4,0.0262865554541,-0.0425325408578,0.152312323451,1.08673691557e-06,-1.34640700367e-07,-0.588598906994,0.019813677296
12,0.06,5,6.73990696587e-10,-0.0262865554541,0.194844856858,3.80638667252e-08,-1.22441838357e-06,-0.588598430157,0.0198136754334
12,0.06,6,4.97217100826e-10,0.0262865554541,0.194844856858,3.92077197375e-08,1.20840491036e-06,-0.588598906994,0.0198136754334
12,0.06,7,9.08339570227e-10,-0.0262865554541,0.109779767692,2.81190821738e-08,-8.41209384816e-07,-0.588596761227,0.0198136810213
12,0.06,8,9.7821717393e-10,0.0262865554541,0.109779767692,3.1750062135e-08,9.58741338764e-07,-0.588596761227,0.0198136810213
12,0.06,9,0.0425325408578,-9.68314595173e-11,0.126025766134,-1.13867322682e-07,-6.64359811609e-09,-0.588598906994,0.0198136791587
12,0.06,10,0.0425325408578,-2.94998081518e-10,0.178598880768,3.78975926196e-07,-1.1844478523e-11,-0.588598906994,0.0198136754334
12,0.06,11,-0.0425325408578,-4.01925520643e-10,0.126025766134,1.08942465715e-07,3.29746696615e-09,-0.588598906994,0.0198136791587
12,0.06,12,-0.0425325408578,-3.73458819425e-10,0.178598880768,-3.91510241116e-07,-7.11427228239e-09,-0.588598906994,0.0198136754334
13,0.065,0,1.05145536722e-09,-1.29155117157e-10,0.149244233966,1.58376529669e-08,-5.79026515624e-09,-0.637650310993,0.0792547091842
13,0.065,1,-0.0262865554541,0.0425325408578,0.149244233966,-1.25793860661e-06,2.85885249696e-07,-0.63764756918,0.019813677296
13,0.065,2,0.0262865554541,0.0425325408578,0.149244233966,1.23206621083e-06,1.64911213574e-07,-0.63764756918,0.019813677296
13,0.065,3,-0.0262865554541,-0.0425325408578,0.149244233966,-1.22680751247e-06,-3.35654249284e-07,-0.63764756918,0.019813677296
13,0.065,4,0.0262865554541,-0.0425325408578,0.149244233966,1.20269089621e-06,-1.92547290112e-07,-0.63764756918,0.019813677296
13,0.065,5,8.31303081927e-10,-0.0262865554541,0.191776767373,2.49188669699e-08,-1.32710181333e-06,-0.637647092342,0.0198136754334
13,0.065,6,6.62405519325e-10,0.0262865554541,0.191776767373,2.69432138822e-08,1.3086320223e-06,-0.63764756918,0.0198136754334
13,0.065,7,1.0180482013e-09,-0.0262865554541,0.106711685658,1.71445826425e-08,-8.88518627562e-07,-0.637645661831,0.0198136810213
13,0.065,8,1.08594666592e-09,0.0262865554541,0.106711685658,1.03323642975e-08,1.01412115328e-06,-0.637645661831,0.0198136810213
13,0.065,9,0.0425325408578,-1.4541472193e-10,0.1229576841,-7.65252892165e-08,-1.44435787774e-08,-0.637648880482,0.0198136791587
13,0.065,10,0.0425325408578,-2.901924534e-10,0.175530791283,4.01899654889e-07,1.96316696233e-09,-0.63764756918,0.0198136754334
13,0.065,11,-0.0425325408578,-3.71263214616e-10,0.1229576841,3.47472060014e-08,1.05671249528e-08,-0.637648880482,0.0198136791587
13,0.065,12,-0.0425325408578,-4.02568450797e-10,0.175530791283,-4.52821296903e-07,-4.65368010794e-09,-0.63764756918,0.0198136754334
14,0.07,0,1.12301856703e-09,-1.57884788576e-10,0.14593090117,1.28747670303e-08,-5.25851717725e-09,-0.686699211597,0.0792547091842
14,0.07,1,-0.0262865554541,0.0425325408578,0.14593090117,-1.38705411246e-06,4.30360131531e-07,-0.686696231365,0.019813677296
14,0.07,2,0.0262865554541,0.0425325408578,0.14593090117,1.43459362789e-06,3.31815215304e-07,-0.686696231365,0.019813677296
14,0.07,3,-0.0262865554541,-0.0425325408578,0.14593090117,-1.35204254548e-06,-4.88424518608e-07,-0.686696231365,0.019813677296
14,0.07,4,0.0262865554541,-0.0425325408578,0.14593090117,1.40142185501e-06,-3.56973032467e-07,-0.686696231365,0.019813677296
14,0.07,5,9.2048030309e-10,-0.0262865554541,0.188463434577,1.09728013342e-08,-1.42981423323e-06,-0.686695754528,0.0198136754334
14,0.07,6,7.64169227896e-10,0.0262865554541,0.188463434577,1.39503661956e-08,1.40885231303e-06,-0.686696231365,0.0198136754334
14,0.07,7,1.07290121232e-09,-0.0262865554541,0.103398352861,3.81533649119e-09,-1.10485495952e-06,-0.686695873737,0.0198136810213
14,0.07,8,1.08457498538e-09,0.0262865554541,0.103398352861,-9.18011178186e-09,1.23322865875e-06,-0.686695873737,0.0198136810213
14,0.07,9,0.0425325408578,-2.33864538846e-10,0.119644343853,1.64168156402e-07,-1.92012290512e-08,-0.686699569225,0.0198136791587
14,0.07,10,0.0425325408578,-2.76225931017e-10,0.172217458487,4.32531606975e-07,3.43973605155e-09,-0.686696231365,0.0198136754334
14,0.07,11,-0.0425325408578,-3.03870123508e-10,0.119644343853,-2.42886272872e-07,1.47030156938e-08,-0.686699569225,0.0198136791587
14,0.07,12,-0.0425325408578,-4.19396017914e-10,0.172217458487,-5.21787853813e-07,-2.09630890424e-09,-0.686696231365,0.0198136754334
15,0.075,0,1.17869403127e-09,-2.05967159994e-10,0.142372310162,8.98433949459e-09,-4.16676257942e-08,-0.735747873783,0.0792547091842
15,0.075,1,-0.0262865554541,0.0425325408578,0.142372310162,-1.5414199197e-06,5.95728522512e-07,-0.735744893551,0.019813677296
15,0.075,2,0.0262865554541,0.0425325408578,0.142372310162,1.66171946603e-06,5.16817522112e-07,-0.735744893551,0.019813677296
15,0.075,3,-0.0262865554541,-0.0425325408578,0.142372310162,-1.45026911014e-06,-6.03860655701e-07,-0.735744893551,0.019813677296
15,0.075,4,0.0262865554541,-0.0425325408578,0.142372310162,1.57315855631e-06,-4.86572218961e-07,-0.735744893551,0.019813677296
15,0.075,5,9.40391542414e-10,-0.0262865554541,0.18490485847,-2.03730077253e-09,-1.46025740833e-06,-0.735745131969,0.0198136754334
15,0.075,6,8.01047006505e-10,0.0262865554541,0.184904843569,1.84059634201e-09,1.52041013735e-06,-0.735744893551,0.0198136754334
15,0.075,7,1.05381114945e-09,-0.0262865554541,0.0998397693038,-1.11843343475e-08,-1.37336576245e-06,-0.735746443272,0.0198136810213
15,0.075,8,9.97903315536e-10,0.0262865554541,0.0998397693038,-2.45892248785e-08,1.50287348788e-06,-0.735746443272,0.0198136810213
15,0.075,9,0.0425325408578,-3.32399635594e-10,0.116085760295,4.45502763569e-07,-1.97543688074e-08,-0.73575013876,0.0198136791587
15,0.075,10,0.0425325408578,-2.72770028786e-10,0.168658867478,4.20179503635e-07,-1.889482526e-08,-0.735744893551,0.0198136754334
15,0.075,11,-0.0425325408578,-2.28469507202e-10,0.116085760295,-5.61155445666e-07,1.50749741579e-08,-0.73575013876,0.0198136791587
15,0.075,12,-0.0425325408578,-4.36948699445e-10,0.168658867478,-5.4768145219e-07,-2.15281996674e-08,-0.735744893551,0.0198136754334
16,0.08,0,1.20598742104e-09,-5.77482728303e-10,0.138568475842,1.64655589163e-09,-7.7590584624e-08,-0.784796535969,0.0792547091842
16,0.08,1,-0.0262865554541,0.0425325408578,0.138568505645,-1.58189504873e-06,4.55291768731e-07,-0.784795343876,0.019813677296
16,0.08,2,0.0262865554541,0.0425325408578,0.138568505645,1.77081449237e-06,3.74552371341e-07,-0.784795343876,0.019813677296
16,0.08,3,-0.0262865554541,-0.0425325408578,0.138568505645,-1.43410022702e-06,-3.91997190263e-07,-0.784795343876,0.019813677296
16,0.08,4,0.0262865554541,-0.0425325408578,0.138568505645,1.63417325894e-06,-3.10665967618e-07,-0.784795343876,0.019813677296
16,0.08,5,9.01972330158e-10,-0.0262865554541,0.181101024151,-1.33805322378e-08,-9.78624598247e-07,-0.784796774387,0.0198136754334
16,0.08,6,7.97222121651e-10,0.0262865554541,0.181101024151,-2.10391726263e-09,1.12685313525e-06,-0.784795820713,0.0198136754334
16,0.08,7,9.52487644312e-10,-0.0262865554541,0.0960359424353,-2.92659620982e-08,-1.87123077922e-06,-0.784796178341,0.0198136810213
16,0.08,8,8.52395543038e-10,0.0262865554541,0.0960359424353,-3.22353521653e-08,2.00209910872e-06,-0.784796178341,0.0198136810213
16,0.08,9,0.0425325408578,-4.13722917036e-10,0.112281933427,5.24211657194e-07,-1.26165060621e-08,-0.784799337387,0.0198136791587
16,0.08,10,0.0425325408578,-4.62349825092e-10,0.16485504806,-4.1033583642e-08,-3.85333578379e-08,-0.784795701504,0.0198136754334
16,0.08,11,-0.0425325408578,-1.81152010059e-10,0.112281933427,-6.77678769989e-07,1.20086884881e-09,-0.784799337387,0.0198136791587
16,0.08,12,-0.0425325408578,-6.45666520249e-10,0.16485504806,-1.24090178133e-07,-4.5966242368e-08,-0.784795701504,0.0198136754334
17,0.085,0,1.19101761786e-09,-9.55024948013e-10,0.134519398212,-7.79591324829e-09,-7.13870633717e-08,-0.833845198154,0.0792547091842
17,0.085,1,-0.0262865554541,0.0425325408578,0.134519428015,-1.58210980317e-06,2.11302676689e-07,-0.833846986294,0.019813677296
17,0.085,2,0.0262865554541,0.0425325408578,0.134519428015,1.83945644494e-06,1.28819124257e-07,-0.833846986294,0.019813677296
17,0.085,3,-0.0262865554541,-0.0425325408578,0.134519428015,-1.43546674281e-06,-1.30432539436e-07,-0.833846986294,0.019813677296
17,0.085,4,0.0262865554541,-0.0425325408578,0.134519428015,1.71138015048e-06,-8.58314521679e-08,-0.833846986294,0.019813677296
17,0.085,5,8.06144206944e-10,-0.0262865554541,0.177051946521,-2.45705464863e-08,-3.50421913708e-07,-0.833848416805,0.0198136754334
17,0.085,6,7.81256503934e-10,0.0262865554541,0.177051946521,-4.23773638403e-09,4.98689757933e-07,-0.833847463131,0.0198136754334
17,0.085,7,7.66493424287e-10,-0.0262865554541,0.0919868573546,-4.30918412064e-08,-2.4992134513e-06,-0.83384513855,0.0198136810213
17,0.085,8,6.8232791639e-10,0.0262865554541,0.0919868573546,-3.55229907711e-08,2.62874777945e-06,-0.83384513855,0.0198136810213
17,0.085,9,0.0425325408578,-4.73397210321e-10,0.108232848346,5.03166063481e-07,-1.18168088648e-08,-0.833847999573,0.0198136791587
17,0.085,10,0.0425325408578,-6.48611719889e-10,0.16080597043,-5.72886335704e-07,-3.51937110565e-08,-0.833847045898,0.0198136754334
17,0.085,11,-0.0425325408578,-2.29528507312e-10,0.108232848346,-6.96138783951e-07,-2.00500824832e-08,-0.833847999573,0.0198136791587
17,0.085,12,-0.0425325408578,-8.86516859921e-10,0.16080597043,3.71207988792e-07,-4.90509712847e-08,-0.833847045898,0.0198136754334
18,0.09,0,1.12626785675e-09,-1.21894072613e-09,0.130225077271,-1.78498265058e-08,-3.4328770937e-08,-0.88289386034,0.0792547091842
18,0.09,1,-0.0262865554541,0.0425325408578,0.130225107074,-1.5858572624e-06,-1.97758875942e-08,-0.882898628712,0.019813677296
18,0.09,2,0.0262865554541,0.0425325408578,0.130225107074,1.91090566659e-06,-1.05218809665e-07,-0.882898628712,0.019813677296
18,0.09,3,-0.0262865554541,-0.0425325408578,0.130225107074,-1.43089312132e-06,1.43046023027e-07,-0.882898628712,0.019813677296
18,0.09,4,0.0262865554541,-0.0425325408578,0.130225107074,1.77721005912e-06,1.51178156216e-07,-0.882898628712,0.019813677296
18,0.09,5,6.64994670441e-10,-0.0262865554541,0.17275762558,-3.13102255234e-08,2.15072120113e-07,-0.882900059223,0.0198136754334
18,0.09,6,7.462189755e-10,0.0262865554541,0.17275762558,-9.98764448923e-09,-1.8306586469e-07,-0.882899105549,0.0198136754334
18,0.09,7,5.25913645966e-10,-0.0262865554541,0.0876925289631,-5.28373647057e-08,-3.17005765282e-06,-0.882894039154,0.0198136810213
18,0.09,8,4.98584173947e-10,0.0262865554541,0.0876925289631,-3.77286966113e-08,3.19663740811e-06,-0.882894039154,0.0198136810213
18,0.09,9,0.0425325408578,-5.12985154355e-10,0.103938519955,4.65171524411e-07,-5.19556486722e-09,-0.882896661758,0.0198136791587
18,0.09,10,0.0425325408578,-7.72459152198e-10,0.156511649489,-1.10605265036e-06,-1.55404524804e-08,-0.882898449898,0.0198136754334
18,0.09,11,-0.0425325408578,-3.73540975929e-10,0.103938519955,-6.95825065122e-07,-3.84879434989e-08,-0.882896661758,0.0198136791587
18,0.09,12,-0.0425325408578,-1.08697328915e-09,0.156511649489,8.68606150561e-07,-3.12763539512e-08,-0.882898449898,0.0198136754334
19,0.095,0,1.01723662826e-09,-1.26353694174e-09,0.125685527921,-2.58373216155e-08,1.71059433285e-08,-0.931943714619,0.0792547091842
19,0.095,1,-0.0262865554541,0.0425325408578,0.125685527921,-1.75942489022e-06,-1.25362603853e-07,-0.93195027113,0.019813677296
19,0.095,2,0.0262865554541,0.0425325408578,0.125685527921,2.15511886381e-06,-1.53892045773e-07,-0.93195027113,0.019813677296
19,0.095,3,-0.0262865554541,-0.0425325408578,0.125685527921,-1.60640422564e-06,1.98881224378e-07,-0.93195027113,0.019813677296
19,0.095,4,0.0262865554541,-0.0425325408578,0.125685527921,2.01991701942e-06,2.29911705674e-07,-0.93195027113,0.019813677296
19,0.095,5,4.91867158114e-10,-0.0262865554541,0.168218046427,-3.77508797555e-08,1.67495770143e-07,-0.931949079037,0.0198136754334
19,0.095,6,6.59709065154e-10,0.0262865554541,0.168218046427,-2.47816416277e-08,-2.8484035397e-07,-0.931948125362,0.0198136754334
19,0.095,7,2.48022713478e-10,-0.0262865554541,0.0831529796124,-5.66040299077e-08,-3.62870559911e-06,-0.931943953037,0.0198136810213
19,0.095,8,2.93522400829e-10,0.0262865554541,0.0831529796124,-4.48928680896e-08,3.55523957296e-06,-0.931943953037,0.0198136810213
19,0.095,9,0.0425325408578,-5.73379455027e-10,0.0993989482522,1.36206125489e-07,-2.03804919607e-08,-0.931945323944,0.0198136791587
19,0.095,10,0.0425325408578,-8.02673594258e-10,0.151972070336,-1.02223373233e-06,4.749079352e-09,-0.931948184967,0.0198136754334
19,0.095,11,-0.0425325408578,-5.6907945023e-10,0.0993989482522,-4.0515544697e-07,-3.5849240021e-08,-0.931945323944,0.0198136791587
19,0.095,12,-0.0425325408578,-1.10870979064e-09,0.151972070336,7.49357980112e-07,2.43295819047e-08,-0.931948184967,0.0198136754334
20,0.1,0,8.63091598191e-10,-1.04449005001e-09,0.120900698006,-3.44292949706e-08,7.00767586181e-08,-0.980995357037,0.0792547091842
20,0.1,1,-0.0262865554541,0.0425325408578,0.120900698006,-2.12414715861e-06,-9.34168209454e-09,-0.981001913548,0.019813677296
20,0.1,2,0.0262865554541,0.0425325408578,0.120900698006,2.55209874922e-06,-5.08684223632e-08,-0.981001913548,0.019813677296
20,0.1,3,-0.0262865554541,-0.0425325408578,0.120900698006,-1.96602263713e-06,8.29298301142e-08,-0.981001913548,0.019813677296
20,0.1,4,0.0262865554541,-0.0425325408578,0.120900698006,2.41500424636e-06,8.97847485248e-08,-0.981001913548,0.019813677296
20,0.1,5,2.93878171798e-10,-0.0262865554541,0.163433223963,-3.73891566596e-08,-4.25537876936e-07,-0.980997741222,0.0198136754334
20,0.1,6,5.12870301783e-10,0.0262865554541,0.163433223963,-2.9918197697e-08,1.50315415226e-07,-0.980996787548,0.0198136754334
20,0.1,7,-2.24875760374e-11,-0.0262865554541,0.0783681571484,-4.74079833168e-08,-3.93502841689e-06,-0.980993807316,0.0198136810213
20,0.1,8,6.58986962221e-11,0.0262865554541,0.0783681571484,-4.08950384667e-08,3.75827380594e-06,-0.980993807316,0.0198136810213
20,0.1,9,0.0425325408578,-6.6397720655e-10,0.0946141183376,-3.1965208791e-07,-1.44857814632e-08,-0.98099398613,0.0198136791587
20,0.1,10,0.0425325408578,-6.69197364189e-10,0.147187247872,-3.87713868122e-07,4.85890261359e-08,-0.980997681618,0.0198136754334
20,0.1,11,-0.0425325408578,-7.64170726697e-10,0.0946141183376,2.93385014061e-08,-4.09770102294e-08,-0.98099398613,0.0198136791587
20,0.1,12,-0.0425325408578,-8.79143424726e-10,0.147187247872,9.44243794265e-08,6.60395542695e-08,-0.980997681618,0.0198136754334
21,0.105,0,6.77486178269e-10,-6.16266149223e-10,0.115870624781,-3.92880679101e-08,9.03585899437e-08,-1.03004515171,0.0792547091842
21,0.105,1,-0.0262865554541,0.0425325408578,0.115870624781,-2.59696435023e-06,1.99159359227e-07,-1.03005170822,0.019813677296
21,0.105,2,0.0262865554541,0.0425325408578,0.115870624781,3.00283227261e-06,1.22959107784e-07,-1.03005170822,0.019813677296
21,0.105,3,-0.0262865554541,-0.0425325408578,0.115870624781,-2.43264253186e-06,-1.11897421107e-07,-1.03005170822,0.019813677296
21,0.105,4,0.0262865554541,-0.0425325408578,0.115870624781,2.8655965707e-06,-1.13964119919e-07,-1.03005170822,0.019813677296
21,0.105,5,1.31862951114e-10,-0.0262865554541,0.158403143287,-2.84733676637e-08,-9.34994773161e-07,-1.03004646301,0.0198136754334
21,0.105,6,3.76300296479e-10,0.0262865554541,0.158403143287,-2.48059031094e-08,6.13433940089e-07,-1.03004550934,0.0198136754334
21,0.105,7,-2.06602013275e-10,-0.0262865554541,0.0733380839229,-2.74411764423e-08,-4.38618872067e-06,-1.03004360199,0.0198136810213
21,0.105,8,-9.61541332667e-11,0.0262865554541,0.0733380839229,-2.47035991663e-08,4.16788589064e-06,-1.03004360199,0.0198136810213
21,0.105,9,0.0425325408578,-7.15197623347e-10,0.0895840525627,-5.52618018901e-07,-7.05743286034e-09,-1.03004264832,0.0198136791587
21,0.105,10,0.0425325408578,-3.6960201566e-10,0.142157167196,2.23775629138e-07,6.07661050367e-08,-1.03004670143,0.0198136754334
21,0.105,11,-0.0425325408578,-9.70351576868e-10,0.0895840525627,2.67868188075e-07,-4.18495460508e-08,-1.03004264832,0.0198136791587
21,0.105,12,-0.0425325408578,-5.11851228069e-10,0.142157167196,-5.15268936851e-07,7.03133054003e-08,-1.03004670143,0.0198136754334
22,0.11,0,4.73666939005e-10,-1.5814968779e-10,0.110595308244,-4.2187863869e-08,9.15094346965e-08,-1.0790938139,0.0792547091842
22,0.11,1,-0.0262865554541,0.0425325408578,0.110595308244,-3.02610692415e-06,9.47128000917e-07,-1.07910037041,0.019813677296
22,0.11,2,0.0262865554541,0.0425325408578,0.110595308244,3.41442319041e-06,8.49263187774e-07,-1.07910037041,0.019813677296
22,0.11,3,-0.0262865554541,-0.0425325408578,0.110595308244,-2.85380610876e-06,-8.53045207805e-07,-1.07910037041,0.019813677296
22,0.11,4,0.0262865554541,-0.0425325408578,0.110595308244,3.27133693645e-06,-8.51137144764e-07,-1.07910037041,0.019813677296
22,0.11,5,8.2160476339e-12,-0.0262865554541,0.1531278193,-2.13316688757e-08,-1.42359465372e-06,-1.0790951252,0.0198136754334
22,0.11,6,2.58771615247e-10,0.0262865554541,0.1531278193,-2.2463071403e-08,1.10115456664e-06,-1.07909417152,0.0198136754334
22,0.11,7,-2.88479046207e-10,-0.0262865554541,0.068062774837,-5.12718445478e-09,-4.73027830594e-06,-1.07909226418,0.0198136810213
22,0.11,8,-1.99677080426e-10,0.0262865554541,0.068062774837,-1.76685208686e-08,4.49862773166e-06,-1.07909226418,0.0198136810213
22,0.11,9,0.0425325408578,-7.3200689954e-10,0.0843087807298,1.24541557511e-07,2.2191823934e-09,-1.0790938139,0.0198136791587
22,0.11,10,0.0425325408578,-7.99429966669e-11,0.136881843209,1.02068861452e-06,5.65230955374e-08,-1.07909536362,0.0198136754334
22,0.11,11,-0.0425325408578,-1.14240050753e-09,0.0843087807298,-4.0461259232e-07,-2.44060185395e-08,-1.0790938139,0.0198136791587
22,0.11,12,-0.0425325408578,-1.79449330395e-10,0.136881843209,-1.31112039981e-06,6.15075705923e-08,-1.07909536362,0.0198136754334
23,0.115,0,2.57166510309e-10,2.7424379434e-10,0.105074733496,-4.42996821448e-08,8.07287037219e-08,-1.12814247608,0.0792547091842
23,0.115,1,-0.0262865554541,0.0425325408578,0.105074733496,-3.65260461876e-06,2.17680531023e-06,-1.12814903259,0.019813677296
23,0.115,2,0.0262865554541,0.0425325408578,0.105074733496,4.02529940402e-06,2.05248102247e-06,-1.12814903259,0.019813677296
23,0.115,3,-0.0262865554541,-0.0425325408578,0.105074733496,-3.45989883499e-06,-2.06808886105e-06,-1.12814903259,0.019813677296
23,0.115,4,0.0262865554541,-0.0425325408578,0.105074733496,3.87020236303e-06,-2.06925847124e-06,-1.12814903259,0.019813677296
23,0.115,5,-8.18839510086e-11,-0.0262865554541,0.147607252002,-1.50409977806e-08,-1.91629578694e-06,-1.12814378738,0.0198136754334
23,0.115,6,1.49062179267e-10,0.0262865554541,0.147607252002,-2.17221174381e-08,1.59212049766e-06,-1.12814283371,0.0198136754334
23,0.115,7,-2.66456634535e-10,-0.0262865554541,0.0625422075391,1.25768275794e-08,-5.44452177564e-06,-1.12814676762,0.0198136810213
23,0.115,8,-2.72661893064e-10,0.0262865554541,0.0625422075391,-1.11609459452e-08,5.21353558725e-06,-1.12814676762,0.0198136810213
23,0.115,9,0.0425325408578,-6.68567812223e-10,0.0787882059813,1.65466701674e-06,2.56650007913e-08,-1.12814843655,0.0198136791587
23,0.115,10,0.0425325408578,1.98821709096e-10,0.131361275911,1.91449998965e-06,5.50630971929e-08,-1.1281440258,0.0198136754334
23,0.115,11,-0.0425325408578,-1.18349119393e-09,0.0787882059813,-1.93478649635e-06,8.46767722607e-09,-1.12814843655,0.0198136791587
23,0.115,12,-0.0425325408578,1.00844665951e-10,0.131361275911,-2.20483093472e-06,5.11097049127e-08,-1.1281440258,0.0198136754334
24,0.12,0,3.39076058897e-11,6.5627181467e-10,0.0993089452386,-4.44916494757e-08,9.03386663254e-08,-1.17719233036,0.0792547091842
24,0.12,1,-0.0262865554541,0.0425325408578,0.0993089154363,-4.2305482566e-06,3.34438277605e-06,-1.17719769478,0.019813677296
24,0.12,2,0.0262865554541,0.0425325408578,0.0993089154363,4.59201646663e-06,3.20391450259e-06,-1.17719769478,0.019813677296
24,0.12,3,-0.0262865554541,-0.0425325408578,0.0993089154363,-4.05943092119e-06,-3.26652434524e-06,-1.17719769478,0.019813677296
24,0.12,4,0.0262865554541,-0.0425325408578,0.0993089154363,4.46229523732e-06,-3.25975361193e-06,-1.17719769478,0.019813677296
24,0.12,5,-1.4174922347e-10,-0.0262865554541,0.141841441393,-6.51901643778e-09,-2.81992060991e-06,-1.17719244957,0.0198136754334
24,0.12,6,3.77642569993e-11,0.0262865554541,0.141841456294,-2.47940743492e-08,2.45711248681e-06,-1.1771914959,0.0198136754334
24,0.12,7,-1.73109651613e-10,-0.0262865554541,0.0567763783038,2.46772149382e-08,-5.73802572035e-06,-1.17719876766,0.0198136810213
24,0.12,8,-3.11555919952e-10,0.0262865554541,0.0567763783038,-6.20634432735e-09,5.49538071937e-06,-1.17719876766,0.0198136810213
24,0.12,9,0.0425325408578,-4.59148080667e-10,0.0730223879218,2.71722797152e-06,5.77060319529e-08,-1.17720270157,0.0198136791587
24,0.12,10,0.0425325408578,4.71438221794e-10,0.125595465302,3.20100730278e-06,5.87583066647e-08,-1.17719268799,0.0198136754334
24,0.12,11,-0.0425325408578,-1.04211883567e-09,0.0730223879218,-2.99816974803e-06,4.90263865061e-08,-1.17720270157,0.0198136791587
24,0.12,12,-0.0425325408578,3.40661110432e-10,0.125595465302,-3.49358560925e-06,5.65872433356e-08,-1.17719268799,0.0198136754334
25,0.125,0,-1.82336465371e-10,1.92170412916e-09,0.0932978838682,-4.06084232907e-08,4.51737804497e-07,-1.22624623775,0.0792547091842
25,0.125,1,-0.0262865554541,0.0425325408578,0.0932978540659,-3.81289692086e-06,3.54161261384e-06,-1.22624635696,0.019813677296
25,0.125,2,0.0262865554541,0.0425325408578,0.0932978540659,4.16413877247e-06,3.34311289407e-06,-1.22624635696,0.019813677296
25,0.125,3,-0.0262865554541,-0.0425325408578,0.0932978540659,-4.27443865192e-06,-3.98680185754e-06,-1.22624635696,0.019813677296
25,0.125,4,0.0262865554541,-0.0425325408578,0.0932978540659,4.66712936031e-06,-3.9960095819e-06,-1.22624635696,0.019813677296
25,0.125,5,-1.26327726058e-10,-0.0262865554541,0.135830387473,9.52731582515e-09,-4.17962155552e-06,-1.22624111176,0.0198136754334
25,0.125,6,-9.34954960674e-11,0.0262865554541,0.135830432177,-2.58104062567e-08,3.0671130844e-06,-1.22624230385,0.0198136754334
25,0.125,7,-2.51997051698e-11,-0.0262865554541,0.0507652945817,3.26501385928e-08,-4.47770798928e-06,-1.22624742985,0.0198136810213
25,0.125,8,-3.44432288246e-10,0.0262865554541,0.0507652945817,-7.37051930599e-09,4.2841152208e-06,-1.22624742985,0.0198136810213
25,0.125,9,0.0425325408578,-5.89432391784e-11,0.0670113265514,2.25901749218e-06,9.79999512651e-08,-1.22625172138,0.0198136791587
25,0.125,10,0.0425325408578,1.14131160078e-09,0.119584403932,4.50231073046e-06,2.20789829086e-07,-1.22624135017,0.0198136754334
25,0.125,11,-0.0425325408578,-7.21362247713e-10,0.0670113265514,-2.53973212239e-06,7.81371980452e-08,-1.22625172138,0.0198136791587
25,0.125,12,-0.0425325408578,9.70192703953e-10,0.119584403932,-4.81209190184e-06,2.00308377885e-07,-1.22624135017,0.0198136754334
26,0.13,0,-3.81706777297e-10,3.92340915312e-09,0.0870415642858,-4.3284284601e-08,2.68740762976e-07,-1.27529501915,0.0792547091842
26,0.13,1,-0.0262865554541,0.0425325408578,0.0870415344834,-3.51065614268e-06,3.38699896929e-06,-1.27529501915,0.019813677296
26,0.13,2,0.0262865554541,0.0425325408578,0.0870415344834,3.86412648368e-06,3.21460061059e-06,-1.27529501915,0.019813677296
26,0.13,3,-0.0262865554541,-0.0425325408578,0.0870415344834,-3.90014929508e-06,-3.32592367158e-06,-1.27529501915,0.019813677296
26,0.13,4,0.0262865554541,-0.0425325408578,0.0870415344834,4.3069280764e-06,-3.33137086272e-06,-1.27529501915,0.019813677296
26,0.13,5,-8.16960457617e-11,-0.0262865554541,0.129574120045,1.093898927e-08,-4.37439757661e-06,-1.27529287338,0.0198136754334
26,0.13,6,-2.54025245283e-10,0.0262865554541,0.129574120045,-3.78361590947e-08,3.18684897138e-06,-1.27529644966,0.0198136754334
26,0.13,7,2.02034430852e-10,-0.0262865554541,0.0445090122521,4.72520369499e-08,-3.56195232598e-06,-1.27529609203,0.0198136810213
26,0.13,8,-4.13766826357e-10,0.0262865554541,0.0445090122521,-1.61832627299e-08,3.47370200871e-06,-1.27529609203,0.0198136810213
26,0.13,9,0.0425325408578,1.9179927091e-10,0.0607550032437,1.920340992e-06,2.16802682473e-08,-1.27530038357,0.0198136791587
26,0.13,10,0.0425325408578,2.02850669595e-09,0.113328151405,4.0526133489e-06,1.00211209997e-07,-1.27529084682,0.0198136754334
26,0.13,11,-0.0425325408578,-4.00571159576e-10,0.0607550032437,-2.2097594865e-06,4.59829081478e-08,-1.27530038357,0.0198136791587
26,0.13,12,-0.0425325408578,1.76806447261e-09,0.113328151405,-4.35447873315e-06,8.86566127178e-08,-1.27529084682,0.0198136754334
27,0.135,0,-6.04242544888e-10,4.36077485233e-09,0.0805400013924,-4.44560050994e-08,-6.94224766562e-08,-1.32434368134,0.0792547091842
27,0.135,1,-0.0262865554541,0.0425325408578,0.08053997159,-3.74582396034e-06,2.81830239146e-06,-1.32434368134,0.019813677296
27,0.135,2,0.0262865554541,0.0425325408578,0.08053997159,4.09302128901e-06,2.63168021775e-06,-1.32434368134,0.019813677296
27,0.135,3,-0.0262865554541,-0.0425325408578,0.08053997159,-3.81602785637e-06,-2.02064393307e-06,-1.32434368134,0.019813677296
27,0.135,4,0.0262865554541,-0.0425325408578,0.08053997159,4.25908910984e-06,-2.07818084164e-06,-1.32434368134,0.019813677296
27,0.135,5,-2.61010900393e-11,-0.0262865554541,0.123072549701,1.06666666611e-08,-4.34654475612e-06,-1.32434749603,0.0198136754334
27,0.135,6,-4.58695775807e-10,0.0262865554541,0.123072549701,-4.43312053733e-08,3.4124461763e-06,-1.32435071468,0.0198136754334
27,0.135,7,3.85540654957e-10,-0.0262865554541,0.0380074717104,2.18835882748e-08,-3.54748544851e-06,-1.32434773445,0.0198136810213
27,0.135,8,-4.92717755485e-10,0.0262865554541,0.0380074605346,-1.38631648383e-08,3.54849362338e-06,-1.32434844971,0.0198136810213
27,0.135,9,0.0425325408578,2.09036066234e-10,0.054253410548,1.69272959738e-06,-3.67248675914e-09,-1.32434904575,0.0198136791587
27,0.135,10,0.0425325408578,2.09794914774e-09,0.106826588511,2.48330502473e-06,-6.70416895332e-08,-1.32434546947,0.0198136754334
27,0.135,11,-0.0425325408578,-2.76229400464e-10,0.054253410548,-1.97993608708e-06,1.08224265105e-08,-1.32434904575,0.0198136791587
27,0.135,12,-0.0425325408578,1.77584058569e-09,0.106826588511,-2.78288871414e-06,-8.04879931593e-08,-1.32434546947,0.0198136754334
28,0.14,0,-8.20725210016e-10,3.32010108295e-09,0.073793195188,-4.11752303364e-08,-3.69504675746e-07,-1.37339234352,0.0792547091842
28,0.14,1,-0.0262865554541,0.0425325408578,0.0737931653857,-3.87198997487e-06,1.63906076978e-06,-1.37339234352,0.019813677296
28,0.14,2,0.0262865554541,0.0425325408578,0.0737931653857,4.21840650233e-06,1.42802821301e-06,-1.37339234352,0.019813677296
28,0.14,3,-0.0262865554541,-0.0425325408578,0.0737931653857,-3.69489271179e-06,-1.61598933346e-07,-1.37339234352,0.019813677296
28,0.14,4,0.0262865554541,-0.0425325408578,0.0737931653857,4.17546789322e-06,-2.620570001e-07,-1.37339234352,0.019813677296
28,0.14,5,1.85020644639e-11,-0.0262865554541,0.116325743496,6.04350258726e-09,-4.40699022874e-06,-1.37340211868,0.0198136754334
28,0.14,6,-6.97937152516e-10,0.0262865554541,0.116325728595,-5.13701223781e-08,3.85092425859e-06,-1.37340247631,0.0198136754334
28,0.14,7,4.30363855664e-10,-0.0262865554541,0.0312606282532,-6.46446141062e-09,-3.31349838234e-06,-1.37339782715,0.0198136810213
28,0.14,8,-5.84171322426e-10,0.0262865554541,0.0312606170774,-2.33304824349e-08,3.21849643115e-06,-1.37339782715,0.0198136810213
28,0.14,9,0.0425325408578,2.05088113159e-10,0.0475065745413,3.12116412715e-07,1.74468406389e-09,-1.37339603901,0.0198136791587
28,0.14,10,0.0425325408578,1.31836253026e-09,0.100079782307,8.9105611778e-07,-2.52697191172e-07,-1.37340009212,0.0198136754334
28,0.14,11,-0.0425325408578,-2.00007191364e-10,0.0475065745413,-5.98720419021e-07,9.83954784317e-09,-1.37339603901,0.0198136791587
28,0.14,12,-0.0425325408578,9.21865861425e-10,0.100079782307,-1.19162098144e-06,-2.7323727636e-07,-1.37340009212,0.0198136754334
29,0.145,0,-1.00149855076e-09,8.80821748872e-10,0.0668011307716,-2.57509213952e-08,-4.50828053999e-07,-1.42244100571,0.0792547091842
29,0.145,1,-0.0262865554541,0.0425325408578,0.0668011009693,-3.84921122532e-06,4.8692152177e-07,-1.42244100571,0.019813677296
29,0.145,2,0.0262865554541,0.0425325408578,0.0668011009693,4.15510021412e-06,2.50396340107e-07,-1.42244100571,0.019813677296
29,0.145,3,-0.0262865554541,-0.0425325408578,0.0668011009693,-3.68992232325e-06,1.26329553041e-06,-1.42244100571,0.019813677296
29,0.145,4,0.0262865554541,-0.0425325408578,0.0668011009693,4.15972544943e-06,1.17618026252e-06,-1.42244100571,0.019813677296
29,0.145,5,8.3803684478e-12,-0.0262865554541,0.109333626926,-9.27620646962e-09,-5.03773389937e-06,-1.42245292664,0.0198136754334
29,0.145,6,-9.61590362891e-10,0.0262865554541,0.109333664179,-5.03832460197e-08,4.52852418675e-06,-1.4224511385,0.0198136754334
29,0.145,7,3.34340527486e-10,-0.0262865554541,0.0242685694247,-3.15730126488e-08,-2.66362008006e-06,-1.42244648933,0.0198136810213
29,0.145,8,-7.24539761521e-10,0.0262865554541,0.0242685582489,-2.68385029756e-08,2.4971793664e-06,-1.42244648933,0.0198136810213
29,0.145,9,0.0425325408578,1.13418233139e-10,0.0405145473778,-1.25571602894e-06,-1.17342136008e-08,-1.42244434357,0.0198136791587
29,0.145,10,0.0425325408578,-3.28460370014e-10,0.0930876880884,-1.09084197675e-07,-3.30370824031e-07,-1.42245447636,0.0198136754334
29,0.145,11,-0.0425325408578,-2.17887707876e-10,0.0405145473778,9.89795807982e-07,3.81261422433e-09,-1.42244434357,0.0198136791587
29,0.145,12,-0.0425325408578,-8.48017989163e-10,0.0930876880884,-1.79610950113e-07,-3.59543150807e-07,-1.42245447636,0.0198136754334
30,0.15,0,-1.0508778292e-09,2.11820685991e-10,0.0595638379455,6.30301499882e-09,2.25140411203e-07,-1.47149407864,0.0792547091842
30,0.15,1,-0.0262865554541,0.0425325408578,0.0595638081431,-3.67426287085e-06,4.33388009924e-07,-1.47148966789,0.019813677296
30,0.15,2,0.0262865554541,0.0425325408578,0.0595638081431,3.86726105717e-06,1.25850831978e-07,-1.47148966789,0.019813677296
30,0.15,3,-0.0262865554541,-0.0425325408578,0.0595638081431,-4.53011080026e-06,3.11601610292e-07,-1.47148966789,0.019813677296
30,0.15,4,0.0262865554541,-0.0425325408578,0.0595638081431,4.91572745887e-06,3.06194436916e-07,-1.47148966789,0.019813677296
30,0.15,5,-6.72031666427e-11,-0.0262865554541,0.102096289396,-2.0165517256e-08,-7.06690343577e-06,-1.47149825096,0.0198136754334
30,0.15,6,-1.16577303366e-09,0.0262865554541,0.102096356452,-2.99233029466e-08,5.30521219844e-06,-1.47149980068,0.0198136754334
30,0.15,7,1.22327828422e-10,-0.0262865554541,0.0170312616974,-4.85545363915e-08,-1.92867923943e-06,-1.47149515152,0.0198136810213
30,0.15,8,-8.3044782162e-10,0.0262865554541,0.0170312505215,-1.32444917256e-08,1.56142937158e-06,-1.47149515152,0.0198136810213
30,0.15,9,0.0425325408578,1.95418764504e-10,0.0332772694528,-1.84591397101e-06,3.9865035717e-08,-1.47149336338,0.0198136791587
30,0.15,10,0.0425325408578,-1.21490228988e-09,0.0858503207564,1.33801142965e-06,-5.90464299677e-09,-1.47150313854,0.0198136754334
30,0.15,11,-0.0425325408578,-7.32022775729e-11,0.0332772694528,1.61171078616e-06,5.45709042399e-08,-1.47149336338,0.0198136791587
30,0.15,12,-0.0425325408578,-1.89151716512e-09,0.0858503207564,-1.59574790359e-06,-3.71919632869e-08,-1.47150313854,0.0198136754334
31,0.155,0,-9.47519507299e-10,3.16632609021e-09,0.052081272006,2.97303746066e-08,8.68032941526e-07,-1.52054870129,0.0792547091842
31,0.155,1,-0.0262865554541,0.0425325408578,0.0520812831819,-3.43409601555e-06,1.53615019372e-06,-1.52053833008,0.019813677296
31,0.155,2,0.0262865554541,0.0425325408578,0.0520812831819,3.51708604285e-06,1.18193941034e-06,-1.52053833008,0.019813677296
31,0.155,3,-0.0262865554541,-0.0425325408578,0.0520812831819,-5.35931440027e-06,-1.67544408214e-06,-1.52054297924,0.019813677296
31,0.155,4,0.0262865554541,-0.0425325408578,0.0520812831819,5.67120468986e-06,-1.61861566994e-06,-1.52054286003,0.019813677296
31,0.155,5,-1.72111436214e-10,-0.0262865610421,0.094613738358,-2.70981974637e-08,-9.37645563681e-06,-1.52054095268,0.0198136754334
31,0.155,6,-1.26808286094e-09,0.0262865554541,0.0946138054132,-1.18798162418e-08,6.26892551736e-06,-1.52054846287,0.0198136754334
31,0.155,7,-1.62782870516e-10,-0.0262865554541,0.0095487087965,-6.05186301073e-08,-8.91895012956e-07,-1.52054381371,0.0198136810213
31,0.155,8,-8.6139084754e-10,0.0262865554541,0.00954869762063,-2.23337653926e-10,3.76332707219e-07,-1.52054381371,0.0198136810213
31,0.155,9,0.0425325408578,4.8678416853e-10,0.0257947221398,-2.35273319049e-06,4.40324505746e-08,-1.52054798603,0.0198136791587
31,0.155,10,0.0425325408578,-3.53558210486e-10,0.078367754817,4.93559173265e-06,3.20209181837e-07,-1.52054619789,0.0198136754334
31,0.155,11,-0.0425325408578,2.82761952741e-10,0.0257947221398,2.155236416e-06,5.69592017996e-08,-1.52054798603,0.0198136791587
31,0.155,12,-0.0425325408578,-1.12250464479e-09,0.078367754817,-5.15217698194e-06,3.05723119709e-07,-1.52054619789,0.0198136754334
32,0.16,0,-8.00559063485e-10,7.83108156099e-09,0.0443534366786,3.14835126858e-08,8.36189940401e-07,-1.56959879398,0.0792547091842
32,0.16,1,-0.0262865554541,0.0425325408578,0.0443535111845,-3.47451850757e-06,2.80731296698e-06,-1.5695925951,0.019813677296
32,0.16,2,0.0262865554541,0.0425325408578,0.0443535111845,3.53815448761e-06,2.46352692557e-06,-1.56959271431,0.019813677296
32,0.16,3,-0.0262865554541,-0.0425325408578,0.0443534813821,-5.87938484387e-06,-2.9892389648e-06,-1.56959760189,0.019813677296
32,0.16,4,0.0262865554541,-0.0425325408578,0.0443534813821,6.20032005827e-06,-2.90883281195e-06,-1.56959748268,0.019813677296
32,0.16,5,-3.29250682274e-10,-0.0262865945697,0.0868859812617,-2.36930119968e-08,-7.54060010877e-06,-1.5695874691,0.0198136754334
32,0.16,6,-1.29388344483e-09,0.0262865554541,0.0868859961629,-1.84557280569e-09,4.71741623187e-06,-1.56959712505,0.0198136754334
32,0.16,7,-4.89843166029e-10,-0.0262865554541,0.00182091677561,-7.10334333576e-08,-1.32380887408e-06,-1.56959247589,0.0198136810213
32,0.16,8,-8.57195536774e-10,0.0262865554541,0.00182090559974,-5.48422973701e-10,8.82288702542e-07,-1.56959247589,0.0198136810213
32,0.16,9,0.0425325408578,7.22905013628e-10,0.0180668905377,-2.16732064473e-06,9.17417608548e-08,-1.56960058212,0.0198136791587
32,0.16,10,0.0425325408578,1.20212517718e-09,0.0706399455667,6.80000948705e-06,1.63113625717e-07,-1.56958973408,0.0198136754334
32,0.16,11,-0.0425325408578,5.84790438296e-10,0.0180668905377,1.98063617063e-06,1.04244442412e-07,-1.56960046291,0.0198136791587
32,0.16,12,-0.0425325408578,3.97171268096e-10,0.0706399455667,-7.02670922692e-06,1.88070501395e-07,-1.56958961487,0.0198136754334
33,0.165,0,-6.36684205357e-10,9.84410952753e-09,0.0364760234952,3.64093644123e-08,-1.96279501097e-07,-1.54482996464,0.0792547091842
33,0.165,1,-0.0263354983181,0.0425755120814,0.0364391170442,-0.0374904610217,0.032465800643,-1.5731344223,0.019813677296
33,0.165,2,0.0263354983181,0.0425755120814,0.0364391170442,0.037490516901,0.0324654877186,-1.57313454151,0.019813677296
33,0.165,3,-0.0263355057687,-0.0425755120814,0.0364390686154,-0.0374918580055,-0.0324647501111,-1.57313752174,0.019813677296
33,0.165,4,0.0263355076313,-0.0425755120814,0.0364390686154,0.0374921485782,-0.0324645899236,-1.57313740253,0.019813677296
33,0.165,5,-4.27339802433e-10,-0.0262870732695,0.0789136886597,-1.45449776667e-08,-0.000573590747081,-1.61773216724,0.0198136754334
33,0.165,6,-1.28524835219e-09,0.0262870229781,0.0789136663079,6.65168009562e-09,0.000572186720092,-1.61773741245,0.0198136754334
33,0.165,7,-8.46421654987e-10,-0.0263838861138,0,-6.54034550962e-08,-0.0743034183979,0,0.0198136810213
33,0.165,8,-8.5971141317e-10,0.0263838861138,0,6.44304221087e-10,0.0743039101362,0,0.0198136810213
33,0.165,9,0.0426180809736,2.22473439671e-09,0.010086976923,0.0644270405173,5.2029906783e-07,-1.62404668331,0.0198136791587
33,0.165,10,0.0425329133868,2.39563604414e-13,0.0626670345664,0.000446619698778,-6.85919758325e-07,-1.61847996712,0.0198136754334
33,0.165,11,-0.0426180809736,2.19059770323e-09,0.010086976923,-0.064427241683,5.42624491118e-07,-1.6240465641,0.0198136791587
33,0.165,12,-0.0425329133868,-5.21203136206e-10,0.0626670345664,-0.000446857884526,-6.18363628746e-07,-1.61848008633,0.0198136754334
34,0.17,0,-4.89957907579e-10,5.83480863625e-09,0.0293669011444,1.90813391754e-08,-1.29909415136e-06,-1.26254761219,0.0792547091842
34,0.17,1,-0.0268844552338,0.0430207438767,0.0289320666343,-0.197683721781,0.153156176209,-1.39984488487,0.019813677296
34,0.17,2,0.0268844552338,0.0430207438767,0.0289320666343,0.197683766484,0.153155848384,-1.39984488487,0.019813677296
34,0.17,3,-0.0268844626844,-0.0430207289755,0.0289320144802,-0.197683751583,-0.153154298663,-1.39984548092,0.019813677296
34,0.17,4,0.0268844664097,-0.0430207252502,0.0289320144802,0.197684034705,-0.153154268861,-1.39984536171,0.019813677296
34,0.17,5,-4.77073769378e-10,-0.0263159461319,0.0707436576486,-5.32278754406e-09,-0.0159633643925,-1.64038252831,0.0198136754334
34,0.17,6,-1.18775167479e-09,0.0263158958405,0.0707436278462,2.94439335136e-08,0.0159638486803,-1.64038205147,0.0198136754334
34,0.17,7,-1.12861597845e-09,-0.0274427495897,0,-3.89308105753e-08,-0.372847437859,0,0.0198136810213
34,0.17,8,-8.52504178361e-10,0.0274427551776,0,9.51866230281e-09,0.372849196196,0,0.0198136810213
34,0.17,9,0.0434799566865,6.35415631223e-09,0.00179698877037,0.289836138487,1.13762644105e-06,-1.68971538544,0.0198136791587
34,0.17,10,0.0425561890006,-5.33473665243e-09,0.0544581189752,0.0131074143574,-1.36311177812e-06,-1.66212689877,0.0198136754334
34,0.17,11,-0.0434799566865,6.24435125829e-09,0.00179698877037,-0.289836317301,1.08009089672e-06,-1.68971526623,0.0198136791587
34,0.17,12,-0.0425561890006,-5.66878322061e-09,0.0544581189752,-0.0131076276302,-1.36607172863e-06,-1.66212701797,0.0198136754334
35,0.175,0,-5.25218757375e-10,-1.33440325456e-09,0.0242340900004,-3.34879608488e-08,-1.34699496357e-06,-0.770647346973,0.0792547091842
35,0.175,1,-0.028446899727,0.0441960394382,0.0228467788547,-0.423227787018,0.328191906214,-0.99519944191,0.019813677296
35,0.175,2,0.028446899727,0.044196035713,0.0228467788547,0.423227965832,0.328191876411,-0.99519944191,0.019813677296
35,0.175,3,-0.0284469053149,-0.0441960133612,0.0228467322886,-0.423227638006,-0.328191965818,-0.995196998119,0.019813677296
35,0.175,4,0.0284469109029,-0.0441960096359,0.0228467322886,0.423227876425,-0.328192055225,-0.995196759701,0.019813677296
35,0.175,5,-4.71010008773e-10,-0.0265410002321,0.062697596848,1.10393143515e-08,-0.0849080532789,-1.55044317245,0.0198136754334
35,0.175,6,-1.01368258232e-09,0.0265409629792,0.062697596848,3.64193333269e-08,0.0849097520113,-1.55043745041,0.0198136754334
35,0.175,7,-1.1945915368e-09,-0.0302283316851,0,2.45434073065e-08,-0.71505522728,0,0.0198136810213
35,0.175,8,-8.33022872904e-10,0.0302283521742,0,-5.22179721685e-09,0.715058147907,0,0.0198136810213
35,0.175,9,0.0455538704991,1.41279068444e-08,0,0.539034664631,1.95866755348e-06,0,0.0198136791587
35,0.175,10,0.0427735820413,-1.26772699005e-08,0.0462011247873,0.092526756227,-1.47043272136e-06,-1.5929428339,0.0198136754334
35,0.175,11,-0.0455538704991,1.36572992915e-08,0,-0.53903478384,1.8827755639e-06,0,0.0198136791587
35,0.175,12,-0.0427735820413,-1.31597515107e-08,0.0462011247873,-0.0925269052386,-1.52006225562e-06,-1.59294319153,0.0198136754334
36,0.18,0,-7.97428401089e-10,-5.85011594723e-09,0.0217715669423,-7.2068850443e-08,-4.02788202791e-07,-0.248726859689,0.0792547091842
36,0.18,1,-0.0310210101306,0.0463899560273,0.0194467902184,-0.579853534698,0.538413286209,-0.352917104959,0.019813677296
36,0.18,2,0.0310210101306,0.046389952302,0.0194467902184,0.579853773117,0.538413584232,-0.352917015553,0.019813677296
36,0.18,3,-0.0310210157186,-0.0463899336755,0.0194467548281,-0.579854011536,-0.538416743279,-0.352912336588,0.019813677296
36,0.18,4,0.0310210231692,-0.0463899299502,0.0194467566907,0.57985407114,-0.538416981697,-0.352912425995,0.019813677296
36,0.18,5,-3.59381302495e-10,-0.0273063313216,0.0556871145964,3.28397824489e-08,-0.229244038463,-1.20526301861,0.0198136754334
36,0.18,6,-8.49120329605e-10,0.0273063071072,0.0556871369481,2.46871287857e-08,0.229245379567,-1.20525634289,0.0198136754334
36,0.18,7,-7.13109515882e-10,-0.0341912284493,0,1.63976110912e-07,-0.810608863831,0,0.0198136810213
36,0.18,8,-9.19341991423e-10,0.0341912545264,0,-2.79341385578e-08,0.81061309576,0,0.0198136810213
36,0.18,9,0.0487480536103,2.55950247663e-08,0,0.699002087116,2.50473954111e-06,0,0.0198136791587
36,0.18,10,0.0437287464738,-1.89027744568e-08,0.0391818769276,0.307179808617,-9.55390191848e-07,-1.15576577187,0.0198136754334
36,0.18,11,-0.0487480536103,2.48445317652e-08,0,-0.69900226593,2.46912645707e-06,0,0.0198136791587
36,0.18,12,-0.0437287464738,-1.97239717892e-08,0.0391818769276,-0.307179868221,-1.04229684439e-06,-1.15576612949,0.0198136754334
37,0.185,0,-1.1078657991e-09,-4.74755257329e-09,0.0213105939329,-3.3826378143e-08,6.99998622622e-07,0.00228992081247,0.0792547091842
37,0.185,1,-0.0339148826897,0.0493644252419,0.0193501058966,-0.537754297256,0.611179351807,0.270674705505,0.019813677296
37,0.185,2,0.0339148826897,0.0493644252419,0.0193501077592,0.537754654884,0.611179709435,0.270674824715,0.019813677296
37,0.185,3,-0.0339148938656,-0.0493644289672,0.0193500872701,-0.537755310535,-0.611184895039,0.270678669214,0.019813677296
37,0.185,4,0.0339149013162,-0.0493644252419,0.0193500872701,0.537755310535,-0.611185073853,0.2706784904,0.019813677296
37,0.185,5,-2.48504827827e-10,-0.028872333467,0.0513018369675,1.32917632456e-08,-0.383352398872,-0.509308815002,0.0198136754334
37,0.185,6,-8.80193806729e-10,0.0288723092526,0.051301881671,-3.80294586932e-08,0.383352041245,-0.509305417538,0.0198136754334
37,0.185,7,3.0660954331e-10,-0.0377469062805,0,2.21208225071e-07,-0.567133188248,0,0.0198136810213
37,0.185,8,-1.08782438613e-09,0.0377469472587,0,-1.94358236172e-08,0.567137658596,0,0.0198136810213
37,0.185,9,0.0520363301039,3.76752069542e-08,0,0.562143146992,2.10591565519e-06,0,0.0198136791587
37,0.185,10,0.0459893979132,-2.12303365998e-08,0.0353110469878,0.585476160049,-6.1989133826e-09,-0.367016971111,0.0198136754334
37,0.185,11,-0.0520363301039,3.67128869527e-08,0,-0.562143266201,2.03266563403e-06,0,0.0198136791587
37,0.185,12,-0.0459893979132,-2.25893206363e-08,0.0353110432625,-0.585476219654,-1.26867547579e-07,-0.367017060518,0.0198136754334
38,0.19,0,-1.09240394508e-09,1.95223656685e-10,0.0214074850082,4.03271691596e-08,1.12221300697e-06,0.0254360660911,0.0792547091842
38,0.19,1,-0.0359669551253,0.0520000308752,0.0217424053699,-0.251204580069,0.393220335245,0.63070744276,0.019813677296
38,0.19,2,0.0359669625759,0.0520000308752,0.0217424090952,0.251204848289,0.393220633268,0.630707502365,0.019813677296
38,0.19,3,-0.0359669774771,-0.0520000718534,0.0217424035072,-0.251204997301,-0.393225222826,0.63070744276,0.019813677296
38,0.19,4,0.0359669849277,-0.0520000681281,0.0217424016446,0.251204997301,-0.393225431442,0.630707383156,0.019813677296
38,0.19,5,-2.16133264064e-10,-0.030871739611,0.0508879050612,1.4843516416e-09,-0.374209940434,0.305772155523,0.0198136754334
38,0.19,6,-1.26288068891e-09,0.0308717116714,0.0508879609406,-1.09701190354e-07,0.374208062887,0.305770158768,0.0198136754334
38,0.19,7,1.29217025968e-09,-0.0394890345633,0,1.55120559953e-07,-0.120913535357,0,0.0198136810213
38,0.19,8,-1.0561221897e-09,0.0394890978932,0,4.65578153808e-08,0.120917499065,0,0.0198136810213
38,0.19,9,0.0538351871073,4.50396662188e-08,0,0.127886965871,7.50855065235e-07,0,0.0198136791587
38,0.19,10,0.0492696128786,-1.88721571703e-08,0.035640604794,0.665446937084,8.8907989948e-07,0.447577059269,0.0198136754334
38,0.19,11,-0.0538351871073,4.34168470065e-08,0,-0.127887055278,5.60746400424e-07,0,0.0198136791587
38,0.19,12,-0.0492696128786,-2.08353831965e-08,0.0356406010687,-0.665447115898,7.83752057032e-07,0.44757732749,0.0198136754334
39,0.195,0,-6.46994180453e-10,4.59694593502e-09,0.0217513144016,1.30349278038e-07,5.37069752227e-07,0.144759505987,0.0792547091842
39,0.195,1,-0.0361091606319,0.0527737475932,0.0252925362438,0.200932070613,-0.110063768923,0.758547365665,0.019813677296
39,0.195,2,0.0361091680825,0.0527737513185,0.0252925399691,-0.200932085514,-0.110063560307,0.758547246456,0.019813677296
39,0.195,3,-0.0361091829836,-0.0527738071978,0.0252925213426,0.200933367014,0.11006231606,0.758543789387,0.019813677296
39,0.195,4,0.0361091904342,-0.0527738034725,0.02529251948,-0.20093344152,0.110062018037,0.758543968201,0.019813677296
39,0.195,5,-1.94708110746e-10,-0.0321255549788,0.0538510680199,1.27653176918e-08,-0.0892192944884,0.797208368778,0.0198136754334
39,0.195,6,-1.84979465079e-09,0.0321255065501,0.0538511089981,-1.17297091151e-07,0.0892167165875,0.797203481197,0.0198136754334
39,0.195,7,1.87173831989e-09,-0.0388814285398,0,7.68870975776e-08,0.343862146139,0,0.0198136810213
39,0.195,8,-5.2789422833e-10,0.0388814993203,0,1.5592672753e-07,-0.343859165907,0,0.0198136810213
39,0.195,9,0.0530487932265,4.44583854176e-08,0,-0.435645282269,-9.19357432849e-07,0,0.0198136791587
39,0.195,10,0.0519160665572,-1.3765280471e-08,0.0392431728542,0.330798983574,1.02753574538e-06,0.914450347424,0.0198136754334
39,0.195,11,-0.0530487932265,4.17146317488e-08,0,0.435645252466,-1.16927355975e-06,0,0.0198136791587
39,0.195,12,-0.0519160665572,-1.60868651733e-08,0.0392431691289,-0.330799132586,9.96669314191e-07,0.914450824261,0.0198136754334
40,0.2,0,2.64342270295e-10,4.95126695199e-09,0.0232116635889,2.26275076898e-07,-4.10027524822e-07,0.456379204988,0.0792547091842
40,0.2,1,-0.0339131914079,0.050683233887,0.0291243828833,0.651110351086,-0.706438004971,0.757858157158,0.019813677296
40,0.2,2,0.0339131988585,0.0506832376122,0.0291243866086,-0.651110708714,-0.706438064575,0.757857859135,0.019813677296
40,0.2,3,-0.0339132137597,-0.0506832897663,0.0291243437678,0.651113569736,0.706440627575,0.757853984833,0.019813677296
40,0.2,4,0.0339132212102,-0.0506832897663,0.0291243437678,-0.651113808155,0.706440389156,0.757854223251,0.019813677296
40,0.2,5,-2.31482697594e-11,-0.0314258672297,0.058332927525,6.15743047661e-08,0.372187376022,0.965619802475,0.0198136754334
40,0.2,6,-2.27229235428e-09,0.0314258076251,0.0583329498768,-4.36699885142e-08,-0.372189581394,0.965616345406,0.0198136754334
40,0.2,7,2.1907100578e-09,-0.0362414196134,0,5.65061348823e-08,0.671293854713,0,0.0198136810213
40,0.2,8,4.58004217885e-10,0.0362414941192,0,2.32787712662e-07,-0.671292245388,0,0.0198136810213
40,0.2,9,0.049553848803,3.65186849649e-08,8.09197899798e-07,-0.922668099403,-2.14177907765e-06,0.00218364782631,0.0198136791587
40,0.2,10,0.0520400442183,-9.65891189253e-09,0.044232878834,-0.290583014488,5.21257391028e-07,1.03913009167,0.0198136754334
40,0.2,11,-0.049553848803,3.25129114742e-08,8.09190339623e-07,0.922668159008,-2.3853303901e-06,0.00218363269232,0.0198136791587
40,0.2,12,-0.0520400442183,-1.20811565196e-08,0.044232878834,0.29058277607,5.20832145412e-07,1.0391304493,0.0198136754334
41,0.205,0,1.62208158017e-09,7.40318140124e-10,0.0264201499522,3.11333650416e-07,-9.92220861917e-07,0.810981988907,0.0792547091842
41,0.205,1,-0.0299209523946,0.0460045933723,0.0327315889299,0.887459933758,-1.09615600109,0.676354110241,0.019813677296
41,0.205,2,0.0299209598452,0.0460045970976,0.0327315889299,-0.887460589409,-1.0961561203,0.676353812218,0.019813677296
41,0.205,3,-0.0299209542572,-0.0460046082735,0.0327315256,0.887464344501,1.09616160393,0.676351010799,0.019813677296
41,0.205,4,0.0299209579825,-0.0460046082735,0.0327315256,-0.88746458292,1.09616136551,0.676351249218,0.019813677296
41,0.205,5,4.24908108698e-10,-0.0284458305687,0.0636015161872,1.10834527334e-07,0.781025409698,1.17430210114,0.0198136754334
41,0.205,6,-2.18670326291e-09,0.0284457616508,0.0636015310884,8.55346939943e-08,-0.781027138233,1.17430102825,0.0198136754334
41,0.205,7,2.59771471001e-09,-0.032583925873,0,1.19604308679e-07,0.739813148975,0,0.0198136810213
41,0.205,8,1.88188620243e-09,0.0325840078294,0,3.26871003153e-07,-0.739813327789,0,0.0198136810213
41,0.205,9,0.0442539267242,2.41328361739e-08,0.000123141144286,-1.13080513477,-2.59874036601e-06,0.0506930202246,0.0198136791587
41,0.205,10,0.0490539483726,-9.36907262883e-09,0.0494436994195,-0.84969753027,-3.47534836465e-07,1.04308176041,0.0198136754334
41,0.205,11,-0.0442539229989,1.91374276426e-08,0.000123140562209,1.13080513477,-2.73012460639e-06,0.0506928227842,0.0198136791587
41,0.205,12,-0.0490539483726,-1.15896483521e-08,0.0494436994195,0.849697232246,-2.77470974197e-07,1.04308199883,0.0198136754334
42,0.21,0,3.02490366089e-09,-1.46591139227e-09,0.0311344508082,2.06608689268e-07,4.74603439216e-07,1.0398401022,0.0792547091842
42,0.21,1,-0.0257099624723,0.0405387990177,0.0358317196369,0.725038826466,-0.994686841965,0.568813145161,0.019813677296
42,0.21,2,0.025709964335,0.040538802743,0.0358317196369,-0.725039660931,-0.994686961174,0.568813085556,0.019813677296
42,0.21,3,-0.0257099401206,-0.0405387729406,0.035831656307,0.725040733814,0.994689822197,0.56881159544,0.019813677296
42,0.21,4,0.0257099419832,-0.0405387729406,0.035831656307,-0.725041031837,0.994689702988,0.568811893463,0.019813677296
42,0.21,5,8.76962502616e-10,-0.0241246894002,0.0705995559692,5.43633014161e-08,0.870982766151,1.65998375416,0.0198136754334
42,0.21,6,-1.51510659574e-09,0.0241246093065,0.0705995857716,1.52305702272e-07,-0.870984256268,1.65998387337,0.0198136754334
42,0.21,7,3.23139959235e-09,-0.0293693300337,0,1.12534884522e-07,0.503924071789,0,0.0198136810213
42,0.21,8,3.3223748197e-09,0.0293694101274,0,2.03833337764e-07,-0.503926873207,0,0.0198136810213
42,0.21,9,0.0389794223011,1.26553922897e-08,0.000486126722535,-0.906068980694,-1.83277575161e-06,0.0886131450534,0.0198136791587
42,0.21,10,0.0442338585854,-1.19029364143e-08,0.0547523759305,-0.980010509491,-5.42801330994e-07,1.09246397018,0.0198136754334
42,0.21,11,-0.0389794185758,7.35839611465e-09,0.000486125354655,0.90606957674,-1.8073043293e-06,0.0886130481958,0.0198136791587
42,0.21,12,-0.0442338585854,-1.39936346955e-08,0.0547523759305,0.980010509491,-5.51391906356e-07,1.09246385098,0.0198136754334
43,0.215,0,3.48549478169e-09,7.33058369562e-09,0.0365153029561,-1.32197568448e-08,2.86854765363e-06,1.08377933502,0.0792547091842
43,0.215,1,-0.0233684703708,0.0370055772364,0.038527585566,0.180229693651,-0.365877389908,0.528289377689,0.019813677296
43,0.215,2,0.0233684666455,0.0370055809617,0.038527585566,-0.18023045361,-0.365877181292,0.528289496899,0.019813677296
43,0.215,3,-0.023368448019,-0.0370055548847,0.0385275147855,0.180227175355,0.365875124931,0.528289020061,0.019813677296
43,0.215,4,0.0233684498817,-0.0370055548847,0.0385275147855,-0.18022711575,0.365874648094,0.528289377689,0.019813677296
43,0.215,5,9.77823266801e-10,-0.0206075962633,0.080404125154,-3.84648490837e-09,0.462846338749,2.22301840782,0.0198136754334
43,0.215,6,-7.58154372615e-10,0.0206075105816,0.0804041624069,1.50726350512e-07,-0.46284788847,2.22301888466,0.0198136754334
43,0.215,7,3.57720897348e-09,-0.0278779007494,0,3.91334289418e-08,0.0949392020702,0,0.0198136810213
43,0.215,8,3.65638075372e-09,0.027877965942,0,-6.48040128226e-08,-0.094944126904,0,0.0198136810213
43,0.215,9,0.0358861200511,7.30070492949e-09,0.00102267914917,-0.304220736027,-2.73793943961e-07,0.137229308486,0.0198136791587
43,0.215,10,0.0402653850615,-1.44647733791e-08,0.0604584775865,-0.533085882664,-5.1041848792e-07,1.18679273129,0.0198136754334
43,0.215,11,-0.0358861126006,2.55212806444e-09,0.00102267763577,0.304221838713,-9.51408267724e-08,0.137229308486,0.0198136791587
43,0.215,12,-0.0402653850615,-1.66956848346e-08,0.0604584738612,0.533086419106,-5.83249288866e-07,1.18679225445,0.0198136754334
44,0.22,0,3.0464282208e-09,2.40608741819e-08,0.0417881309986,-1.24337262264e-07,3.29284353029e-06,1.01880347729,0.0792547091842
44,0.22,1,-0.0239613875747,0.0370843745768,0.0412925891578,-0.362293928862,0.339929491282,0.589567661285,0.019813677296
44,0.22,2,0.0239613801241,0.0370843783021,0.0412925891578,0.36229339242,0.339929878712,0.589568018913,0.019813677296
44,0.22,3,-0.0239613819867,-0.0370843634009,0.0412925183773,-0.362298250198,-0.339934051037,0.589568555355,0.019813677296
44,0.22,4,0.023961385712,-0.0370843671262,0.0412925183773,0.362298488617,-0.339934527874,0.589568972588,0.019813677296
44,0.22,5,7.9975454037e-10,-0.0200067888945,0.0921265482903,-3.25377449428e-08,-0.203249201179,2.35293030739,0.0198136754334
44,0.22,6,-1.83198081705e-10,0.020006692037,0.0921266004443,9.88715243011e-08,0.203248128295,2.35293316841,0.0198136754334
44,0.22,7,3.88246723659e-09,-0.0282312072814,0,1.12234076255e-07,-0.184338927269,0,0.0198136810213
44,0.22,8,2.82046030975e-09,0.0282312463969,0,-2.27550742693e-07,0.184334009886,0,0.0198136810213
44,0.22,9,0.0359768308699,9.48106748666e-09,0.00214352179319,0.285166203976,9.97347683551e-07,0.347327440977,0.0198136791587
44,0.22,10,0.0393152423203,-1.72913665608e-08,0.0664866119623,0.116942055523,-6.3958998453e-07,1.19897389412,0.0198136754334
44,0.22,11,-0.035976819694,5.93555693484e-09,0.0021435203962,-0.285165160894,1.28709029923e-06,0.347327381372,0.0198136791587
44,0.22,12,-0.039315238595,-2.01075209816e-08,0.0664866119623,-0.116941303015,-7.83977839092e-07,1.19897341728,0.0198136754334
45,0.225,0,2.54543719436e-09,3.56055736006e-08,0.0466853231192,-4.57089406325e-08,1.12726104362e-06,0.943131089211,0.0792547091842
45,0.225,1,-0.026303416118,0.0396187417209,0.0444942079484,-0.489420473576,0.568365633488,0.689687609673,0.019813677296
45,0.225,2,0.0263034030795,0.0396187454462,0.0444942079484,0.489420503378,0.568366110325,0.689688265324,0.019813677296
45,0.225,3,-0.0263034291565,-0.0396187342703,0.0444941371679,-0.489422470331,-0.568368375301,0.68968975544,0.019813677296
45,0.225,4,0.0263034328818,-0.0396187379956,0.0444941371679,0.489422529936,-0.568368315697,0.689690291882,0.019813677296
45,0.225,5,9.33072619169e-10,-0.0221549980342,0.102693118155,8.14790510617e-08,-0.567091286182,1.77058744431,0.0198136754334
45,0.225,6,2.98494728934e-10,0.0221549011767,0.10269318521,8.96249403581e-08,0.567092299461,1.7705924511,0.0198136754334
45,0.225,7,4.83674167384e-09,-0.029163710773,6.63350238028e-06,3.0197986689e-07,-0.132510855794,0.0152104040608,0.0198136810213
45,0.225,8,1.62228597222e-09,0.0291637312621,6.63345917928e-06,-1.81750039019e-07,0.13250759244,0.0152103248984,0.0198136810213
45,0.225,9,0.038078468293,1.57369850484e-08,0.00497795129195,0.471614032984,1.38583141052e-06,0.818008601665,0.0198136791587
45,0.225,10,0.0407740883529,-2.06830588212e-08,0.0721335560083,0.366136670113,-6.27007182175e-07,1.03249824047,0.0198136754334
45,0.225,11,-0.0380784496665,1.37906486231e-08,0.0049779494293,-0.471613556147,1.71355702605e-06,0.818008363247,0.0198136791587
45,0.225,12,-0.0407740809023,-2.41526336708e-08,0.0721335560083,-0.366136193275,-7.31686895961e-07,1.03249788284,0.0198136754334
46,0.23,0,2.53136955841e-09,3.44162103261e-08,0.0512136518955,3.34834311388e-08,-1.46591548855e-06,0.868263363838,0.0792547091842
46,0.23,1,-0.0281356200576,0.0418856590986,0.0481756068766,-0.198701068759,0.282911121845,0.777460932732,0.019813677296
46,0.23,2,0.0281356070191,0.0418856628239,0.0481756180525,0.198701664805,0.282911628485,0.777461409569,0.019813677296
46,0.23,3,-0.0281356330961,-0.041885651648,0.0481755547225,-0.198699906468,-0.282911360264,0.777463972569,0.019813677296
46,0.23,4,0.0281356368214,-0.0418856553733,0.0481755621731,0.198699995875,-0.282911002636,0.777464330196,0.019813677296
46,0.23,5,1.54605950264e-09,-0.0249090604484,0.108871489763,1.48450396864e-07,-0.475506573915,0.670083940029,0.0198136754334
46,0.23,6,5.8964483296e-10,0.024908978492,0.10887157917,2.53610341616e-08,0.475510269403,0.670088708401,0.0198136754334
46,0.23,7,6.73786937355e-09,-0.029086606577,0.000829365337268,4.52308682952e-07,0.184012591839,0.374262392521,0.0198136810213
46,0.23,8,1.20354726185e-09,0.0290866196156,0.000829362834338,2.74607394601e-08,-0.184013977647,0.374261468649,0.0198136810213
46,0.23,9,0.0399981439114,2.22896012758e-08,0.0106399292126,0.252576977015,1.16117246307e-06,1.44051170349,0.0198136791587
46,0.23,10,0.0421216897666,-2.28154473092e-08,0.0765601098537,0.118987135589,-1.15259332745e-07,0.733234465122,0.0198136754334
46,0.23,11,-0.0399981252849,2.19066418339e-08,0.0106399264187,-0.252577245235,1.4484382973e-06,1.44051122665,0.0198136791587
46,0.23,12,-0.0421216823161,-2.64599417932e-08,0.0765601098537,-0.118986792862,-9.36728952183e-08,0.733234167099,0.0198136754334
47,0.235,0,2.8730280377e-09,2.22531753025e-08,0.0553363002837,8.48494323691e-08,-3.14089606945e-06,0.779572486877,0.0792547091842
47,0.235,1,-0.028016127646,0.0421686507761,0.0522320605814,0.233994603157,-0.146885082126,0.838025152683,0.019813677296
47,0.235,2,0.0280161183327,0.0421686545014,0.0522320717573,-0.233993634582,-0.146884649992,0.838025331497,0.019813677296
47,0.235,3,-0.0280161295086,-0.0421686433256,0.0522320233285,0.233997583389,0.146886125207,0.838028132915,0.019813677296
47,0.235,4,0.0280161332339,-0.0421686470509,0.0522320345044,-0.233997419477,0.146886855364,0.838028311729,0.019813677296
47,0.235,5,2.3618631495e-09,-0.0265456177294,0.109163627028,1.65973503385e-07,-0.178047850728,-0.498595625162,0.0198136754334
47,0.235,6,5.71421798767e-10,0.0265455637127,0.109163731337,-3.51801610066e-08,0.178052961826,-0.498593896627,0.0198136754334
47,0.235,7,9.11029829354e-09,-0.0272485297173,0.00417228741571,4.63589657329e-07,0.525189518929,0.956496119499,0.0198136810213
47,0.235,8,1.92264248966e-09,0.0272485390306,0.00417227763683,2.39242012867e-07,-0.525189340115,0.956494629383,0.0198136810213
47,0.235,9,0.0403969436884,2.67356909944e-08,0.0192627608776,-0.0723016038537,5.76709282996e-07,1.95623624325,0.0198136791587
47,0.235,10,0.0417351387441,-2.10759800723e-08,0.0794911086559,-0.245157077909,8.13575923075e-07,0.467811495066,0.0198136754334
47,0.235,11,-0.0403969287872,2.74196878536e-08,0.0192627552897,0.0723006650805,7.17138050277e-07,1.95623517036,0.0198136791587
47,0.235,12,-0.0417351312935,-2.43795703625e-08,0.0794911086559,0.245157286525,9.33788612656e-07,0.467811137438,0.0198136754334
48,0.24,0,3.24588222966e-09,5.98970251176e-09,0.0589587911963,6.07481212e-08,-3.00415103993e-06,0.665880322456,0.0792547091842
48,0.24,1,-0.0260643362999,0.0408866144717,0.0564660429955,0.487425506115,-0.284184366465,0.841226935387,0.019813677296
48,0.24,2,0.026064330712,0.040886618197,0.0564660541713,-0.487424254417,-0.284183979034,0.841226756573,0.019813677296
48,0.24,3,-0.0260643176734,-0.0408866032958,0.056466024369,0.487427443266,0.284184724092,0.84122890234,0.019813677296
48,0.24,4,0.0260643213987,-0.0408866032958,0.0564660355449,-0.48742711544,0.284185379744,0.841228961945,0.019813677296
48,0.24,5,3.06623748614e-09,-0.026848256588,0.104549460113,1.10264380737e-07,0.0132589973509,-1.21283710003,0.0198136754334
48,0.24,6,2.4991561598e-10,0.0268482379615,0.104549556971,-8.73922445521e-08,-0.0132544273511,-1.21284103394,0.0198136754334
48,0.24,7,1.11297016048e-08,-0.0242209453136,0.0101750222966,3.42573798662e-07,0.624810099602,1.37968790531,0.0198136810213
48,0.24,8,3.54159657157e-09,0.0242209583521,0.0101750083268,4.13014049627e-07,-0.624808907509,1.37968719006,0.0198136810213
48,0.24,9,0.0397069379687,2.79852159224e-08,0.0295934509486,-0.131554454565,-8.14047425024e-08,2.09141850471,0.0198136791587
48,0.24,10,0.0402253679931,-1.43034224465e-08,0.0816440209746,-0.27338796854,1.88993203665e-06,0.452262669802,0.0198136754334
48,0.24,11,-0.0397069230676,2.8714081779e-08,0.0295934416354,0.131553187966,-2.27282143328e-07,2.09141755104,0.0198136791587
48,0.24,12,-0.0402253568172,-1.69972889097e-08,0.0816440209746,0.273388057947,1.9869105472e-06,0.452261984348,0.0198136754334
49,0.245,0,3.84375153928e-09,-4.92027707466e-09,0.0618966966867,1.84171256024e-07,-1.27801911276e-06,0.502242147923,0.0792547091842
49,0.245,1,-0.0238371174783,0.0402288101614,0.0604312159121,0.330906659365,0.0924942940474,0.72118139267,0.019813677296
49,0.245,2,0.0238371230662,0.0402288138866,0.060431227088,-0.330905348063,0.0924943760037,0.721181035042,0.019813677296
49,0.245,3,-0.0238371007144,-0.0402288027108,0.0604311972857,0.330904781818,-0.0924960449338,0.721181631088,0.019813677296
49,0.245,4,0.023837108165,-0.0402287989855,0.0604312084615,-0.330904245377,-0.0924954935908,0.721181571484,0.019813677296
49,0.245,5,3.39590600085e-09,-0.0269172582775,0.0985807031393,-1.37254740906e-08,-0.089277073741,-0.999400377274,0.0198136754334
49,0.245,6,-2.26158536343e-10,0.0269172526896,0.0985807478428,-1.24800678236e-07,0.0892795845866,-0.999411165714,0.0198136754334
49,0.245,7,1.2571484298e-08,-0.0216826684773,0.0172268170863,2.51724429745e-07,0.331734746695,1.35685551167,0.0198136810213
49,0.245,8,6.25146157063e-09,0.0216826852411,0.0172268059105,6.83606799612e-07,-0.331733256578,1.3568572998,0.0198136810213
49,0.245,9,0.0399012863636,2.58258872066e-08,0.0392934940755,0.27275365591,-7.3548352475e-07,1.71711909771,0.0198136791587
49,0.245,10,0.0398949421942,-2.8867350732e-09,0.0846778899431,0.197561055422,2.51561164077e-06,0.810929596424,0.0198136754334
49,0.245,11,-0.0399012751877,2.49300367017e-08,0.0392934828997,-0.272755146027,-1.23984136735e-06,1.71711802483,0.0198136791587
49,0.245,12,-0.0398949347436,-5.33161781391e-09,0.0846778824925,-0.197561562061,2.51177220889e-06,0.810928940773,0.0198136754334
50,0.25,0,4.7277928239e-09,-6.7971126505e-09,0.063904941082,1.52659765718e-07,2.88599608211e-07,0.311007082462,0.0792547091842
50,0.25,1,-0.0233761016279,0.0422241315246,0.0634280666709,-0.16188301146,0.673711240292,0.471929401159,0.019813677296
50,0.25,2,0.0233761146665,0.0422241352499,0.0634280741215,0.161884114146,0.673711121082,0.471929162741,0.019813677296
50,0.25,3,-0.02337609604,-0.0422241315246,0.0634280443192,-0.161887958646,-0.673714280128,0.471929341555,0.019813677296
50,0.25,4,0.0233761072159,-0.042224124074,0.0634280517697,0.161888808012,-0.673714160919,0.471929162741,0.019813677296
50,0.25,5,2.78336398374e-09,-0.0280522089452,0.0961731150746,-2.02418434014e-07,-0.355610728264,0.100091099739,0.0198136754334
50,0.25,6,-9.58662260686e-10,0.0280522089452,0.0961731076241,-1.28786624032e-07,0.355611771345,0.100077800453,0.0198136754334
50,0.25,7,1.35850983796e-08,-0.0213694013655,0.0230139121413,1.47399049411e-07,-0.204954981804,0.924677670002,0.0198136810213
50,0.25,8,1.00263886083e-08,0.0213694311678,0.023013908416,7.7802388887e-07,0.204956367612,0.924681961536,0.0198136810213
50,0.25,9,0.0428123399615,2.10827781899e-08,0.046229634434,0.860135436058,-1.0993799151e-06,1.0628683567,0.0198136791587
50,0.25,10,0.0423708148301,9.71169633601e-09,0.0900131911039,0.731755971909,2.3899469852e-06,1.28644168377,0.0198136754334
50,0.25,11,-0.0428123325109,1.68404454826e-08,0.0462296232581,-0.860136210918,-1.87049124634e-06,1.06286728382,0.0198136791587
50,0.25,12,-0.0423708073795,6.6782681607e-09,0.0900131836534,-0.731756806374,2.17898377741e-06,1.28644061089,0.0198136754334
51,0.255,0,5.28079668882e-09,-5.10723996427e-09,0.0652358606458,4.19934771401e-08,1.40404632365e-09,0.259060055017,0.0792547091842
51,0.255,1,-0.0252987165004,0.0462798289955,0.0652387440205,-0.541269123554,0.839849114418,0.285062581301,0.019813677296
51,0.255,2,0.0252987332642,0.0462798289955,0.065238751471,0.541269898415,0.839848995209,0.285062640905,0.019813677296
51,0.255,3,-0.0252987388521,-0.0462798401713,0.0652387216687,-0.541272580624,-0.839850306511,0.285064816475,0.019813677296
51,0.255,4,0.0252987537533,-0.0462798327208,0.0652387291193,0.541273713112,-0.839850723743,0.285064846277,0.019813677296
51,0.255,5,1.29524890813e-09,-0.0300998315215,0.0994337573647,-3.74641189183e-07,-0.399568796158,1.06450629234,0.0198136754334
51,0.255,6,-1.56959101272e-09,0.0300998333842,0.0994336679578,-9.78391696549e-08,0.399570941925,1.06449949741,0.0198136754334
51,0.255,7,1.39897515794e-08,-0.0235091634095,0.0264121759683,3.4055357645e-08,-0.588188230991,0.479511141777,0.0198136810213
51,0.255,8,1.36270790208e-08,0.0235091987997,0.0264121927321,6.43242685783e-07,0.588189184666,0.479516834021,0.0198136810213
51,0.255,9,0.0478418022394,1.51537413728e-08,0.0501615926623,1.04422235489,-1.29441036734e-06,0.573082864285,0.0198136791587
51,0.255,10,0.0462849140167,1.96227105675e-08,0.096838273108,0.718641221523,1.48182220983e-06,1.34220051765,0.0198136754334
51,0.255,11,-0.0478417985141,6.9754291232e-09,0.0501615777612,-1.04422283173,-2.03297463486e-06,0.57308191061,0.0198136791587
51,0.255,12,-0.0462849140167,1.52710182277e-08,0.0968382582068,-0.718642473221,1.17766523999e-06,1.34219932556,0.0198136754334
52,0.26,0,5.15953368918e-09,-8.47518411007e-09,0.0668318197131,-6.31639238691e-08,-1.21829702948e-06,0.39844918251,0.0792547091842
52,0.26,1,-0.0280880630016,0.0495605319738,0.0665942505002,-0.506271779537,0.394964754581,0.28508991003,0.019813677296
52,0.26,2,0.0280880797654,0.0495605319738,0.0665942579508,0.506272315979,0.394964873791,0.285090148449,0.019813677296
52,0.26,3,-0.0280880909413,-0.0495605394244,0.066594235599,-0.506270945072,-0.394962459803,0.285094499588,0.019813677296
52,0.26,4,0.0280881114304,-0.0495605356991,0.0665942430496,0.50627207756,-0.394963115454,0.28509452939,0.019813677296
52,0.26,5,-8.04976751922e-10,-0.031400885433,0.105387926102,-4.0390415279e-07,-0.077163092792,1.18020665646,0.0198136754334
52,0.26,6,-2.01100824881e-09,0.0314009003341,0.105387844145,-5.54021752919e-08,0.0771668180823,1.18020999432,0.0198136754334
52,0.26,7,1.39277167577e-08,-0.0266200806946,0.0283545684069,-4.62651073008e-08,-0.592322707176,0.363291501999,0.0198136810213
52,0.26,8,1.6261532565e-08,0.0266201216727,0.0283546093851,4.00326001682e-07,0.592323005199,0.363294988871,0.0198136810213
52,0.26,9,0.0521766841412,7.83952813777e-09,0.052472833544,0.606993377209,-1.59918340614e-06,0.399593234062,0.0198136791587
52,0.26,10,0.0485096760094,2.36330421899e-08,0.102464608848,0.110157199204,1.70237839825e-07,0.844969570637,0.0198136754334
52,0.26,11,-0.0521766766906,-3.15012838037e-09,0.0524728149176,-0.606992423534,-1.96007817976e-06,0.399592638016,0.0198136791587
52,0.26,12,-0.0485096797347,1.7971137467e-08,0.102464593947,-0.110158376396,-3.43557005067e-08,0.844968497753,0.0198136754334
53,0.265,0,4.78922457248e-09,-1.53896486665e-08,0.0693136155605,-5.01908132833e-08,-1.29983163788e-06,0.585074663162,0.0792547091842
53,0.265,1,-0.0298290047795,0.0496422201395,0.0682887807488,-0.167232871056,-0.361631661654,0.401791632175,0.019813677296
53,0.265,2,0.0298290271312,0.0496422201395,0.0682887881994,0.167233064771,-0.361631393433,0.401792049408,0.019813677296
53,0.265,3,-0.0298290252686,-0.0496421940625,0.0682887881994,-0.167229056358,0.361634790897,0.401796787977,0.019813677296
53,0.265,4,0.0298290494829,-0.0496421977878,0.06828879565,0.167229920626,0.361634373665,0.40179681778,0.019813677296
53,0.265,5,-2.46098008638e-09,-0.0305795371532,0.110321454704,-2.53867256106e-07,0.392845034599,0.7617405653,0.0198136754334
53,0.265,6,-1.98045491118e-09,0.0305795669556,0.11032140255,5.10149398281e-08,-0.392841011286,0.761748969555,0.0198136754334
53,0.265,7,1.35660878087e-08,-0.0288996733725,0.0305400136858,-7.92055061538e-08,-0.289450615644,0.532792568207,0.0198136810213
53,0.265,8,1.75381167367e-08,0.0288997124881,0.0305400658399,1.28078781358e-07,0.289449691772,0.532792747021,0.0198136810213
53,0.265,9,0.053251195699,-2.5641966328e-10,0.0544105358422,-0.184247225523,-1.56292560405e-06,0.381362140179,0.0198136791587
53,0.265,10,0.0469688773155,2.17198703467e-08,0.104830391705,-0.70350009203,-8.24891856155e-07,0.113109789789,0.0198136754334
53,0.265,11,-0.0532511770725,-1.18510516955e-08,0.0544105172157,0.184248656034,-1.42597070862e-06,0.38136190176,0.0198136791587
53,0.265,12,-0.0469688847661,1.53737822473e-08,0.104830376804,0.70349919796,-8.7114415237e-07,0.113108962774,0.0198136754334
54,0.27,0,4.88636731077e-09,-1.89679898455e-08,0.0725257247686,1.15018927715e-07,4.71859813445e-08,0.670047461987,0.0792547091842
54,0.27,1,-0.0296623669565,0.0461384467781,0.0706815868616,0.209746673703,-0.96155923605,0.553115606308,0.019813677296
54,0.27,2,0.0296623893082,0.0461384467781,0.0706815943122,-0.209746837616,-0.961558818817,0.55311602354,0.019813677296
54,0.27,3,-0.0296623669565,-0.0461384169757,0.0706816092134,0.209750846028,0.961559891701,0.553119659424,0.019813677296
54,0.27,4,0.0296623948961,-0.046138420701,0.0706816166639,-0.209750458598,0.96156001091,0.553119659424,0.019813677296
54,0.27,5,-3.26603655232e-09,-0.0277813561261,0.113056942821,-6.29480823022e-08,0.656062245369,0.393805146217,0.0198136754334
54,0.27,6,-1.69157488017e-09,0.0277814045548,0.11305693537,5.02705219674e-08,-0.656059384346,0.393813282251,0.0198136754334
54,0.27,7,1.32689148558e-08,-0.0292976219207,0.0336447916925,-7.45859107809e-09,0.121604546905,0.671011924744,0.0198136810213
54,0.27,8,1.76352727976e-08,0.029297651723,0.033644836396,-7.0165341981e-08,-0.12160680443,0.671009004116,0.0198136810213
54,0.27,9,0.0504258237779,-6.94463286877e-09,0.0561195202172,-0.877363860607,-1.08594440462e-06,0.267929553986,0.0198136791587
54,0.27,10,0.0419125929475,1.64995483942e-08,0.103884406388,-1.21383988857,-1.11417523385e-06,-0.408732235432,0.0198136754334
54,0.27,11,-0.0504257977009,-1.64376334766e-08,0.0561195015907,0.877364873886,-3.8681335468e-07,0.267929315567,0.0198136791587
54,0.27,12,-0.0419126003981,1.06394271171e-08,0.103884391487,1.21383965015,-8.66723155468e-07,-0.408732682467,0.0198136754334
55,0.275,0,6.17435658157e-09,-1.3135300847e-08,0.0756487250328,3.68163711073e-07,2.2980277663e-06,0.542772233486,0.0792547091842
55,0.275,1,-0.028062639758,0.040999930352,0.0737981423736,0.376856088638,-0.969856321812,0.682457149029,0.019813677296
55,0.275,2,0.0280626602471,0.0409999340773,0.0737981498241,-0.376856833696,-0.969856202602,0.682457566261,0.019813677296
55,0.275,3,-0.0280626267195,-0.0409999154508,0.0737981721759,0.376858443022,0.969852924347,0.682459890842,0.019813677296
55,0.275,4,0.0280626583844,-0.0409999154508,0.0737981796265,-0.376858532429,0.96985411644,0.682459890842,0.019813677296
55,0.275,5,-3.15082160363e-09,-0.0248935520649,0.115102373064,1.35744731011e-08,0.408450782299,0.521302461624,0.0198136754334
55,0.275,6,-1.73027836503e-09,0.0248936098069,0.115102395415,-1.65007946862e-07,-0.40845054388,0.521304965019,0.0198136754334
55,0.275,7,1.3827430756e-08,-0.0278423074633,0.0366782359779,2.36285444544e-07,0.416434496641,0.478664666414,0.0198136810213
55,0.275,8,1.71252469983e-08,0.0278423223644,0.0366782583296,-1.15439625858e-07,-0.416438281536,0.478660017252,0.0198136810213
55,0.275,9,0.0452856086195,-1.06140873868e-08,0.0565518140793,-1.06933188438,-3.91191150584e-07,-0.143479838967,0.0198136791587
55,0.275,10,0.0361750982702,1.21911858386e-08,0.10174523294,-0.923145592213,-4.66895642148e-07,-0.329000353813,0.0198136754334
55,0.275,11,-0.0452855788171,-1.56231010351e-08,0.0565517954528,1.06933259964,6.1083193259e-07,-0.143480435014,0.0198136791587
55,0.275,12,-0.0361751131713,8.09425859671e-09,0.101745210588,0.923145413399,-5.05084045699e-08,-0.329000860453,0.0198136754334
56,0.28,0,8.01026711628e-09,2.91814039599e-09,0.0776903256774,2.88990207764e-07,3.81273707717e-06,0.282090395689,0.0792547091842
56,0.28,1,-0.0264026783407,0.0376407653093,0.0773748904467,0.24900098145,-0.305741727352,0.728437960148,0.019813677296
56,0.28,2,0.0264026932418,0.0376407690346,0.0773748978972,-0.249001994729,-0.305741816759,0.728438615799,0.019813677296
56,0.28,3,-0.0264026615769,-0.0376407727599,0.0773749276996,0.249001562595,0.305736005306,0.728439509869,0.019813677296
56,0.28,4,0.0264026876539,-0.037640761584,0.0773749351501,-0.249001950026,0.305736988783,0.728439688683,0.019813677296
56,0.28,5,-4.10001188555e-09,-0.0244050975889,0.119038984179,-4.154031501e-07,-0.211375132203,1.06239771843,0.0198136754334
56,0.28,6,-4.24588364467e-09,0.024405149743,0.119039006531,-8.19304034394e-07,0.211373060942,1.0623935461,0.0198136754334
56,0.28,7,1.57708601733e-08,-0.0256575793028,0.0378319993615,5.36000584361e-07,0.395123124123,-0.0372082814574,0.0198136810213
56,0.28,8,1.6754830412e-08,0.0256575774401,0.0378320105374,1.12914599892e-09,-0.395128160715,-0.0372144132853,0.0198136810213
56,0.28,9,0.0407621003687,-1.13517168998e-08,0.0542381554842,-0.669712007046,-3.0094046366e-08,-0.773809969425,0.0198136791587
56,0.28,10,0.0342141836882,1.24383863209e-08,0.101620912552,0.198376506567,5.34471212177e-07,0.313115417957,0.0198136754334
56,0.28,11,-0.0407620705664,-1.14717009225e-08,0.0542381294072,0.669712722301,8.18245666778e-07,-0.7738109231,0.0198136791587
56,0.28,12,-0.0342141985893,1.03720774192e-08,0.1016208902,-0.198375195265,8.24600704163e-07,0.31311404705,0.0198136754334
57,0.285,0,8.6056335391e-09,2.11956212581e-08,0.0787661224604,-2.7929718982e-08,3.13776945404e-06,0.194732055068,0.0792547091842
57,0.285,1,-0.0257498975843,0.0381438881159,0.0808797925711,0.0282427705824,0.434866040945,0.656736314297,0.019813677296
57,0.285,2,0.0257499087602,0.0381438918412,0.0808798000216,-0.0282438099384,0.434865891933,0.656737446785,0.019813677296
57,0.285,3,-0.0257498789579,-0.0381439104676,0.080879829824,0.028243470937,-0.43486893177,0.656736969948,0.019813677296
57,0.285,4,0.0257499031723,-0.0381438992918,0.0808798372746,-0.0282437633723,-0.434869021177,0.65673750639,0.019813677296
57,0.285,5,-6.95634927439e-09,-0.0265065152198,0.125288143754,-6.6328345838e-07,-0.523074150085,1.33129251003,0.0198136754334
57,0.285,6,-9.25332965807e-09,0.0265065524727,0.125288143754,-1.10373457574e-06,0.523071825504,1.3312844038,0.0198136754334
57,0.285,7,1.91787545845e-08,-0.0244391877204,0.0363467372954,8.32276100482e-07,0.069949157536,-0.499711573124,0.0198136810213
57,0.285,8,1.74730541147e-08,0.0244391541928,0.0363467112184,3.17635397096e-07,-0.069954097271,-0.49971985817,0.0198136810213
57,0.285,9,0.0389499291778,-1.22778622824e-08,0.0492025092244,-0.087543040514,-3.99022866304e-07,-1.14700973034,0.0198136791587
57,0.285,10,0.0379815250635,1.60132778149e-08,0.104658439755,1.16160523891,6.70009569603e-07,0.805647492409,0.0198136754334
57,0.285,11,-0.0389498919249,-9.63208890425e-09,0.0492024719715,0.0875439569354,-1.45048218769e-07,-1.14701032639,0.0198136791587
57,0.285,12,-0.0379815362394,1.40839171436e-08,0.104658409953,-1.16160321236,4.40485848685e-07,0.805645167828,0.0198136754334
58,0.29,0,8.10719669175e-09,3.1454003846e-08,0.0799717381597,-1.49073215994e-07,9.22325455122e-07,0.299836367369,0.0792547091842
58,0.29,1,-0.0258220303804,0.0410389453173,0.0837926119566,-0.0164857506752,0.605751395226,0.501691997051,0.019813677296
58,0.29,2,0.0258220378309,0.0410389490426,0.0837926194072,0.0164847876877,0.605750858784,0.501693606377,0.019813677296
58,0.29,3,-0.0258220080286,-0.0410389639437,0.0837926492095,-0.0164839923382,-0.605749130249,0.501692891121,0.019813677296
58,0.29,4,0.025822032243,-0.0410389527678,0.0837926566601,0.0164836924523,-0.605749845505,0.501694142818,0.019813677296
58,0.29,5,-1.01262331853e-08,-0.0286183264107,0.13120020926,-5.40858195563e-07,-0.244408771396,0.936562299728,0.0198136754334
58,0.29,6,-1.44691645332e-08,0.028618350625,0.131200179458,-9.16434203191e-07,0.2444075495,0.936555981636,0.0198136754334
58,0.29,7,2.37337669518e-08,-0.0249324291945,0.0335454344749,9.1537941671e-07,-0.22614210844,-0.535037517548,0.0198136810213
58,0.29,8,1.98177847466e-08,0.0249323677272,0.0335453599691,5.54686039322e-07,0.226138532162,-0.535046875477,0.0198136810213
58,0.29,9,0.0393328294158,-1.52257602082e-08,0.0437947772443,0.155466288328,-6.89758167027e-07,-0.917974293232,0.0198136791587
58,0.29,10,0.0442134961486,1.75565944005e-08,0.108683794737,1.16740250587,-8.61713900235e-08,0.714146435261,0.0198136754334
58,0.29,11,-0.0393327921629,-1.28746444616e-08,0.0437947399914,-0.155465468764,-1.01939258457e-06,-0.917974472046,0.0198136791587
58,0.29,12,-0.0442135035992,1.3445665914e-08,0.108683742583,-1.16740059853,-6.70265080771e-07,0.714144945145,0.0198136754334
59,0.295,0,7.16105841292e-09,3.05588763183e-08,0.0817507579923,-2.29111648764e-07,-1.09316977159e-06,0.395280331373,0.0792547091842
59,0.295,1,-0.0255812220275,0.0432375855744,0.0858033373952,0.12856310606,0.217944562435,0.30032607913,0.019813677296
59,0.295,2,0.0255812257528,0.0432375855744,0.0858033522964,-0.128563940525,0.217943847179,0.300328046083,0.019813677296
59,0.295,3,-0.0255811940879,-0.0432375967503,0.0858033820987,0.128564983606,-0.217938527465,0.300327420235,0.019813677296
59,0.295,4,0.0255812164396,-0.0432375855744,0.0858033969998,-0.128565341234,-0.217939823866,0.300329327583,0.019813677296
59,0.295,5,-1.1921179599e-08,-0.0284027270973,0.133857980371,-1.64299507333e-07,0.335595935583,0.108345963061,0.0198136754334
59,0.295,6,-1.79413408574e-08,0.0284027457237,0.133857950568,-4.49778355005e-07,-0.335596054792,0.108342066407,0.0198136754334
59,0.295,7,2.75747851219e-08,-0.0262511912733,0.0317815840244,5.59013869861e-07,-0.255632162094,-0.120579764247,0.0198136810213
59,0.295,8,2.23656773102e-08,0.0262511204928,0.0317814461887,4.05476441756e-07,0.25562992692,-0.120586879551,0.0198136810213
59,0.295,9,0.039759401232,-1.81230355167e-08,0.0409034751356,-0.0369275808334,-3.76282287107e-07,-0.195883393288,0.0198136791587
59,0.295,10,0.0483716055751,1.51994896669e-08,0.111104898155,0.434527546167,-7.88431975707e-07,0.225253507495,0.0198136754334
59,0.295,11,-0.0397593639791,-1.85407156295e-08,0.0409034378827,0.0369284488261,-1.11995598218e-06,-0.195883274078,0.0198136791587
59,0.295,12,-0.0483716055751,7.91330112548e-09,0.11110483855,-0.434525698423,-1.44837770222e-06,0.225253492594,0.0198136754334
60,0.3,0,6.09912342853e-09,2.21482832075e-08,0.0837104469538,-1.27056509314e-07,-1.97443614525e-06,0.362021625042,0.0792547091842
60,0.3,1,-0.0245357174426,0.0429430231452,0.0867201015353,0.26463842392,-0.306346595287,0.0669981315732,0.019813677296
60,0.3,2,0.0245357137173,0.0429430231452,0.0867201238871,-0.264638781548,-0.30634739995,0.0670004412532,0.019813677296
60,0.3,3,-0.0245356801897,-0.0429429970682,0.0867201536894,0.264638096094,0.306353211403,0.0670004412532,0.019813677296
60,0.3,4,0.0245356969535,-0.0429429933429,0.0867201760411,-0.264638394117,0.306351780891,0.0670024082065,0.019813677296
60,0.3,5,-1.16128200389e-08,-0.0253835879266,0.132294028997,2.80396193375e-07,0.810859918594,-0.664598703384,0.0198136754334
60,0.3,6,-1.87364879167e-08,0.0253836102784,0.132293984294,1.25776580262e-07,-0.810859084129,-0.664600372314,0.0198136754334
60,0.3,7,2.93201800616e-08,-0.0271732769907,0.0327033810318,1.94826782263e-07,-0.103532761335,0.479254513979,0.0198136810213
60,0.3,8,2.35802080084e-08,0.0271731987596,0.0327032208443,1.10516886309e-07,0.103531166911,0.479253739119,0.0198136810213
60,0.3,9,0.0386790335178,-1.83001880316e-08,0.0421779043972,-0.380680561066,3.43058047747e-07,0.682105481625,0.0198136791587
60,0.3,10,0.0482543967664,1.01085371185e-08,0.11076079309,-0.432630747557,-1.10920871066e-06,-0.338858693838,0.0198136754334
60,0.3,11,-0.0386789813638,-2.29195951107e-08,0.0421778671443,0.380680978298,-5.40895769063e-07,0.682105898857,0.0198136791587
60,0.3,12,-0.0482543818653,-2.40124836681e-10,0.110760733485,0.432631790638,-1.65737969837e-06,-0.338857114315,0.0198136754334
61,0.305,0,6.70405864156e-09,1.35131124068e-08,0.085043720901,3.851839665e-07,-1.33592925522e-06,0.142187178135,0.0792547091842
61,0.305,1,-0.0233354698867,0.040718074888,0.0864398926497,0.165072068572,-0.489394396544,-0.170492872596,0.019813677296
61,0.305,2,0.0233354661614,0.0407180711627,0.086439922452,-0.165071904659,-0.489395111799,-0.170490533113,0.019813677296
61,0.305,3,-0.0233354438096,-0.0407180227339,0.0864399522543,0.165067896247,0.489396601915,-0.170489683747,0.019813677296
61,0.305,4,0.0233354568481,-0.0407180301845,0.0864399895072,-0.16506819427,0.489396750927,-0.170487761497,0.019813677296
61,0.305,5,-9.35237221e-09,-0.0211353879422,0.128119438887,5.13112752287e-07,0.771642386913,-0.872185707092,0.0198136754334
61,0.305,6,-1.72776868368e-08,0.0211354140192,0.128119394183,3.34990943429e-07,-0.771640360355,-0.872186303139,0.0198136754334
61,0.305,7,3.00626865624e-08,-0.0273350477219,0.0363486371934,1.68918134591e-07,0.0137848798186,0.914513349533,0.0198136810213
61,0.305,8,2.39562822912e-08,0.0273349620402,0.0363484993577,6.62579253685e-08,-0.0137864947319,0.914520204067,0.0198136810213
61,0.305,9,0.0363439694047,-1.45618850311e-08,0.0474123284221,-0.479491829872,1.06958282231e-06,1.3275642395,0.0198136791587
61,0.305,10,0.044807203114,5.35146948977e-09,0.108028672636,-0.812092065811,-6.46817284178e-07,-0.689743936062,0.0198136754334
61,0.305,11,-0.0363439172506,-2.32005188394e-08,0.0474122911692,0.479491084814,4.06215207249e-07,1.32756388187,0.0198136791587
61,0.305,12,-0.0448071882129,-6.61719212758e-09,0.108028613031,0.812090873718,-7.40897576179e-07,-0.689741194248,0.0198136754334
62,0.31,0,1.00241663858e-08,9.2752729941e-09,0.0848501175642,7.65879065057e-07,-5.26682299551e-07,-0.217122972012,0.0792547091842
62,0.31,1,-0.023396441713,0.0390907973051,0.085110604763,-0.212999626994,-0.0762758255005,-0.337596744299,0.019813677296
62,0.31,2,0.0233964454383,0.0390907898545,0.0851106345654,0.213000282645,-0.0762755423784,-0.337594181299,0.019813677296
62,0.31,3,-0.0233964510262,-0.0390907637775,0.0851106867194,-0.213005766273,0.0762724131346,-0.337592571974,0.019813677296
62,0.31,4,0.0233964622021,-0.0390907600522,0.0851107314229,0.213005766273,0.0762736648321,-0.337591141462,0.019813677296
62,0.31,5,-7.48672324136e-09,-0.0189595166594,0.124892771244,1.1499797381e-07,0.0151615198702,-0.332889378071,0.0198136754334
62,0.31,6,-1.64344786668e-08,0.0189595595002,0.124892726541,-7.69335954942e-08,-0.0151572618634,-0.332890033722,0.0198136754334
62,0.31,7,3.17821289286e-08,-0.0273486692458,0.0410981141031,5.54501468741e-07,-0.0507500730455,0.895049095154,0.0198136810213
62,0.31,8,2.46010234406e-08,0.0273485761136,0.0410980209708,1.98696440634e-07,0.0507477596402,0.895061254501,0.0198136810213
62,0.31,9,0.0348062254488,-8.64452420757e-09,0.0544935949147,-0.0492435842752,1.0925866718e-06,1.38340771198,0.0198136791587
62,0.31,10,0.0415779910982,5.67566260656e-09,0.104587443173,-0.359582513571,9.27179939936e-07,-0.604994297028,0.0198136754334
62,0.31,11,-0.0348061807454,-1.940586003e-08,0.0544935539365,0.0492423586547,9.58838086262e-07,1.38340640068,0.0198136791587
62,0.31,12,-0.0415779948235,-5.77615155706e-09,0.10458740592,0.359579741955,1.18324271625e-06,-0.6049913764,0.0198136754334
63,0.315,0,1.2154639073e-08,5.49075496181e-09,0.0831483379006,1.70655334308e-09,-1.19895253192e-06,-0.399655759335,0.0792547091842
63,0.315,1,-0.0254731345922,0.0404902733862,0.0833233296871,-0.571761727333,0.609230101109,-0.348031640053,0.019813677296
63,0.315,2,0.0254731383175,0.0404902696609,0.0833233743906,0.571762502193,0.60923242569,-0.348029077053,0.019813677296
63,0.315,3,-0.0254731643945,-0.0404902547598,0.0833234488964,-0.571765184402,-0.609235227108,-0.348027914762,0.019813677296
63,0.315,4,0.025473177433,-0.0404902510345,0.0833234935999,0.57176566124,-0.609234750271,-0.3480271101,0.019813677296
63,0.315,5,-8.59303472822e-09,-0.0212437752634,0.12499217689,-4.60462814544e-07,-0.841184675694,0.287014514208,0.0198136754334
63,0.315,6,-1.82325212705e-08,0.0212438479066,0.124992132187,-5.47707088572e-07,0.841191291809,0.287013113499,0.0198136754334
63,0.315,7,3.57077887259e-08,-0.0280616786331,0.0444184727967,1.0091994227e-06,-0.231583371758,0.380179494619,0.0198136810213
63,0.315,8,2.614097383e-08,0.028061574325,0.0444184504449,4.80118785617e-07,0.231580764055,0.380188971758,0.0198136810213
63,0.315,9,0.0366158261895,-6.13418116302e-09,0.0600339211524,0.780893146992,-2.56623962969e-07,0.753115653992,0.0198136791587
63,0.315,10,0.0418637655675,1.63979070322e-08,0.102760463953,0.426836997271,3.34310357175e-06,-0.0861978754401,0.0198136754334
63,0.315,11,-0.0366157852113,-1.63085029925e-08,0.0600338727236,-0.780892968178,2.74264042588e-08,0.753115057945,0.0198136791587
63,0.315,12,-0.0418637730181,6.22060003508e-09,0.102760441601,-0.426838517189,3.60042236025e-06,-0.0861978009343,0.0198136754334
64,0.32,0,1.0134116657e-08,-3.8194638563e-09,0.0814556330442,-6.83800180923e-07,-2.41255702349e-06,-0.240682020783,0.0792547091842
64,0.32,1,-0.0285153537989,0.044533547014,0.0818650349975,-0.574510514736,0.894900798798,-0.225618928671,0.019813677296
64,0.32,2,0.0285153612494,0.0445335619152,0.0818650946021,0.57451069355,0.894903719425,-0.225617557764,0.019813677296
64,0.32,3,-0.0285153910518,-0.0445335507393,0.0818651691079,-0.574509322643,-0.894903719425,-0.225618153811,0.019813677296
64,0.32,4,0.0285154078156,-0.044533547014,0.0818652138114,0.574510037899,-0.894903898239,-0.225618287921,0.019813677296
64,0.32,5,-1.13939693236e-08,-0.0262681376189,0.126577183604,-6.06563048677e-07,-1.04194426537,0.217164039612,0.0198136754334
64,0.32,6,-2.10979145265e-08,0.0262682363391,0.126577138901,-5.25702262166e-07,1.0419511795,0.21716170013,0.0198136754334
64,0.32,7,4.16419503324e-08,-0.0294442158192,0.0446747019887,1.32586319523e-06,-0.277525663376,-0.228711128235,0.0198136810213
64,0.32,8,3.01029317029e-08,0.0294441059232,0.0446747019887,1.11177519102e-06,0.277523875237,-0.228710874915,0.0198136810213
64,0.32,9,0.0422910824418,-1.19143965804e-08,0.0616360232234,1.37786519527,-1.89414458873e-06,-0.0597195252776,0.0198136791587
64,0.32,10,0.0448857657611,3.82190066262e-08,0.103812254965,0.643803775311,5.08589982928e-06,0.45021623373,0.0198136754334
64,0.32,11,-0.0422910302877,-2.10078017204e-08,0.0616359747946,-1.37786400318,-1.86190447948e-06,-0.0597195774317,0.0198136791587
64,0.32,12,-0.044885776937,2.93718098732e-08,0.103812225163,-0.643804311752,5.3027042668e-06,0.450213313103,0.0198136754334
65,0.325,0,6.66329968979e-09,-1.6840731476e-08,0.0808652415872,-6.27188512681e-07,-2.57253873315e-06,-0.0132358726114,0.0792547091842
65,0.325,1,-0.0305850412697,0.0483287721872,0.0810805931687,-0.215896293521,0.535789728165,-0.0999725088477,0.019813677296
65,0.325,2,0.0305850487202,0.0483287982643,0.0810806527734,0.215896129608,0.535791814327,-0.0999729931355,0.019813677296
65,0.325,3,-0.0305850617588,-0.0483287870884,0.0810807272792,-0.215892061591,-0.535790622234,-0.0999752357602,0.019813677296
65,0.325,4,0.0305850803852,-0.0483287833631,0.0810807645321,0.215892836452,-0.535790860653,-0.0999760329723,0.019813677296
65,0.325,5,-1.40867753018e-08,-0.0306787397712,0.126116007566,-4.14711450958e-07,-0.664140343666,-0.446146786213,0.0198136754334
65,0.325,6,-2.28090133447e-08,0.0306788627058,0.126115947962,-9.89808697227e-08,0.664145410061,-0.446149379015,0.0198136754334
65,0.325,7,4.80985598017e-08,-0.0303277093917,0.0428565964103,1.145800411e-06,-0.0337539464235,-0.401697456837,0.0198136810213
65,0.325,8,3.69624295615e-08,0.0303275883198,0.0428565852344,1.51581230057e-06,0.0337533913553,-0.401704192162,0.0198136810213
65,0.325,9,0.0491259992123,-2.36378738805e-08,0.0601725168526,1.22703337669,-2.58728005065e-06,-0.424451470375,0.0198136791587
65,0.325,10,0.0471129119396,6.36609982507e-08,0.106535807252,0.173509418964,4.79420850752e-06,0.5526689291,0.0198136754334
65,0.325,11,-0.0491259396076,-3.36888525965e-08,0.0601724609733,-1.22703373432,-2.97412498185e-06,-0.424451977015,0.0198136791587
65,0.325,12,-0.0471129231155,5.61578268332e-08,0.106535769999,-0.173509597778,5.09176061314e-06,0.552665352821,0.0198136754334
66,0.33,0,4.60719151718e-09,-2.7294627003e-08,0.0810832083225,-1.18755437484e-07,-1.42156875427e-06,0.0658252462745,0.0792547091842
66,0.33,1,-0.0304198730737,0.049226667732,0.0807299092412,0.267865180969,-0.184424847364,-0.0590001270175,0.019813677296
66,0.33,2,0.0304198805243,0.0492267087102,0.0807299613953,-0.267865538597,-0.184425130486,-0.0590019971132,0.019813677296
66,0.33,3,-0.0304198786616,-0.0492266900837,0.0807300209999,0.267870128155,0.184424847364,-0.0590048134327,0.019813677296
66,0.33,4,0.0304198991507,-0.0492266863585,0.0807300582528,-0.267869323492,0.184424832463,-0.0590061545372,0.019813677296
66,0.33,5,-1.5254611796e-08,-0.0325371548533,0.121984653175,-4.06346458703e-08,-0.0907453671098,-1.14505374432,0.0198136754334
66,0.33,6,-2.16435562805e-08,0.0325373113155,0.12198458612,5.61933404697e-07,0.0907477885485,-1.1450561285,0.0198136754334
66,0.33,7,5.22061363029e-08,-0.0294240191579,0.0414307415485,4.58037249018e-07,0.399191826582,-0.129194244742,0.0198136810213
66,0.33,8,4.42180798643e-08,0.029423898086,0.0414306782186,1.31147635329e-06,-0.399191111326,-0.12920217216,0.0198136810213
66,0.33,9,0.0534594990313,-3.57294922537e-08,0.0581495389342,0.453374505043,-2.08555752579e-06,-0.33518654108,0.0198136791587
66,0.33,10,0.0461818315089,8.38299669681e-08,0.108650609851,-0.524353444576,3.15800366479e-06,0.257343530655,0.0198136754334
66,0.33,11,-0.053459443152,-4.85574425113e-08,0.0581494830549,-0.453376442194,-2.77942763205e-06,-0.33518743515,0.0198136791587
66,0.33,12,-0.04618184641,7.73769741613e-08,0.108650557697,0.524352729321,3.24560596709e-06,0.257341057062,0.0198136754334
67,0.335,0,5.89922288796e-09,-2.9004400659e-08,0.0811486691236,6.23832931979e-07,8.10878816537e-07,-0.0758584216237,0.0792547091842
67,0.335,1,-0.0281819868833,0.0466063581407,0.0802768692374,0.563723027706,-0.793172955513,-0.144915625453,0.019813677296
67,0.335,2,0.0281819924712,0.046606387943,0.0802769213915,-0.563723564148,-0.793176054955,-0.144918322563,0.019813677296
67,0.335,3,-0.0281819719821,-0.0466063804924,0.0802769586444,0.563726425171,0.793171584606,-0.144919529557,0.019813677296
67,0.335,4,0.0281819943339,-0.0466063767672,0.0802769958973,-0.563725531101,0.793172240257,-0.144921034575,0.019813677296
67,0.335,5,-1.49447050291e-08,-0.0318450145423,0.115641750395,5.87976778377e-08,0.301403254271,-1.23891746998,0.0198136754334
67,0.335,6,-1.81169248492e-08,0.0318451784551,0.115641675889,6.74169598369e-07,-0.301403462887,-1.23892128468,0.0198136754334
67,0.335,7,5.23394376728e-08,-0.0264142360538,0.0416116267443,-3.87583668271e-07,0.759424209595,0.15307547152,0.0198136810213
67,0.335,8,4.95059993e-08,0.0264141149819,0.0416115410626,7.67282188008e-07,-0.759423196316,0.153072088957,0.0198136810213
67,0.335,9,0.0533249564469,-4.28463877711e-08,0.0570682063699,-0.469296723604,-7.26272389784e-07,-0.105054274201,0.0198136791587
67,0.335,10,0.0423207432032,9.42193523201e-08,0.108976237476,-0.92340362072,9.98432938104e-07,-0.0983991324902,0.0198136754334
67,0.335,11,-0.0533249080181,-5.97771290245e-08,0.0570681504905,0.469293534756,-1.61122113695e-06,-0.105055823922,0.0198136791587
67,0.335,12,-0.0423207655549,8.73597514328e-08,0.108976170421,0.923402190208,7.85371469192e-07,-0.0983996018767,0.0198136754334
68,0.34,0,1.04905888421e-08,-1.95049310037e-08,0.0799951180816,1.08866493065e-06,2.71452495326e-06,-0.38819116354,0.0792547091842
68,0.34,1,-0.0255393553525,0.042159371078,0.0790228843689,0.41321849823,-0.873746931553,-0.369699835777,0.019813677296
68,0.34,2,0.0255393590778,0.0421593785286,0.0790229216218,-0.413218677044,-0.873751103878,-0.369702160358,0.019813677296
68,0.34,3,-0.0255393311381,-0.0421594046056,0.0790229663253,0.413219332695,0.87374407053,-0.369699001312,0.019813677296
68,0.34,4,0.0255393572152,-0.042159397155,0.0790229812264,-0.413217902184,0.87374484539,-0.36969935894,0.019813677296
68,0.34,5,-1.57061759154e-08,-0.0302385929972,0.111355155706,-3.96577291895e-07,0.269991189241,-0.343491345644,0.0198136754334
68,0.34,6,-1.67619980118e-08,0.03023875691,0.111355051398,-2.76063730098e-07,-0.269991368055,-0.343496054411,0.0198136754334
68,0.34,7,4.86345221873e-08,-0.0224660243839,0.0421331115067,-1.03954801034e-06,0.730493545532,-0.0541804619133,0.0198136810213
68,0.34,8,5.1535536727e-08,0.0224659070373,0.042133025825,3.67833301596e-08,-0.730493783951,-0.0541773661971,0.0198136810213
68,0.34,9,0.0493132472038,-4.30215827407e-08,0.0568701401353,-1.02423453331,5.5459139503e-07,-0.0171624030918,0.0198136791587
68,0.34,10,0.0380418859422,9.30178742919e-08,0.108099669218,-0.681192517281,-1.49173820319e-06,-0.192635208368,0.0198136754334
68,0.34,11,-0.0493132025003,-6.41300630377e-08,0.0568700805306,1.02423143387,-1.94490368699e-07,-0.0171647351235,0.0198136791587
68,0.34,12,-0.0380419194698,8.48657606412e-08,0.108099624515,0.681191086769,-1.73517946678e-06,-0.19263471663,0.0198136754334
69,0.345,0,1.42657139435e-08,-5.05760322511e-09,0.0775348171592,2.61854751216e-07,2.77700655715e-06,-0.532482802868,0.0792547091842
69,0.345,1,-0.0247006826103,0.0389269888401,0.0765710100532,-0.0893438458443,-0.355472445488,-0.583959877491,0.019813677296
69,0.345,2,0.0247006881982,0.0389269739389,0.0765710324049,0.0893444865942,-0.355474233627,-0.58396011591,0.019813677296
69,0.345,3,-0.0247006583959,-0.0389270335436,0.0765711218119,-0.0893437564373,0.355470657349,-0.583951711655,0.019813677296
69,0.345,4,0.0247006900609,-0.0389270298183,0.076571136713,0.0893456488848,0.355470508337,-0.583949863911,0.019813677296
69,0.345,5,-1.84454300722e-08,-0.0295672994107,0.112860865891,-6.87776775976e-07,0.00607146229595,0.860773742199,0.0198136754334
69,0.345,6,-2.06334274111e-08,0.0295674689114,0.112860754132,-1.24773100652e-06,-0.00606930954382,0.86077016592,0.0198136754334
69,0.345,7,4.31615241325e-08,-0.0201230719686,0.0398906320333,-1.02665694612e-06,0.135721743107,-0.903534173965,0.0198136810213
69,0.345,8,4.9498094512e-08,0.0201229471713,0.0398905649781,-8.36981314478e-07,-0.135724261403,-0.903528988361,0.0198136810213
69,0.345,9,0.04427010566,-3.96296506722e-08,0.0564082041383,-0.875911533833,4.86695796553e-07,-0.210548520088,0.0198136791587
69,0.345,10,0.0363213717937,7.9340964021e-08,0.107505835593,0.00148044119123,-3.83648102797e-06,-0.0294672958553,0.0198136754334
69,0.345,11,-0.0442700684071,-6.26382856694e-08,0.0564081221819,0.875912070274,6.0533739088e-07,-0.210550114512,0.0198136791587
69,0.345,12,-0.0363214053214,7.05117599864e-08,0.107505768538,-0.0014808238484,-3.8065179524e-06,-0.0294691268355,0.0198136754334
70,0.35,0,1.27705410691e-08,5.49006218264e-09,0.0752336457372,-7.89456066741e-07,1.34858339607e-06,-0.361318081617,0.0792547091842
70,0.35,1,-0.0261984039098,0.0388446897268,0.073509760201,-0.435729444027,0.269260793924,-0.606343865395,0.019813677296
70,0.35,2,0.0261984169483,0.0388446748257,0.0735097900033,0.435730814934,0.269262462854,-0.60634213686,0.019813677296
70,0.35,3,-0.0261983759701,-0.0388447381556,0.0735099390149,-0.435727953911,-0.269258797169,-0.606332540512,0.019813677296
70,0.35,4,0.026198418811,-0.0388447344303,0.0735099539161,0.435729593039,-0.269258856773,-0.606328427792,0.019813677296
70,0.35,5,-2.20304254839e-08,-0.029808588326,0.118665352464,-6.40095890958e-07,-0.0424669571221,1.28359484673,0.0198136754334
70,0.35,6,-2.85230328245e-08,0.0298087708652,0.118665218353,-1.73920579982e-06,0.0424705930054,1.2835931778,0.0198136754334
70,0.35,7,3.99493096381e-08,-0.0214318782091,0.0330396555364,-1.81863271109e-07,-0.600265681744,-1.73129689693,0.0198136810213
70,0.35,8,4.42410943435e-08,0.0214317291975,0.0330396071076,-1.10764926831e-06,0.600260794163,-1.7312964201,0.0198136810213
70,0.35,9,0.0413838252425,-4.15034975276e-08,0.0544222146273,-0.273196339607,-1.3950199218e-06,-0.584885597229,0.0198136791587
70,0.35,10,0.0377666726708,5.62465380938e-08,0.107684262097,0.490058064461,-5.09358505951e-06,0.05984634161,0.0198136754334
70,0.35,11,-0.0413837693632,-6.06267676062e-08,0.0544221177697,0.2732000947,-4.15152747735e-08,-0.584886014462,0.0198136791587
70,0.35,12,-0.0377667061985,4.88001816734e-08,0.107684195042,-0.490058004856,-4.57850183011e-06,0.0598430372775,0.0198136754334
71,0.355,0,7.43888239896e-09,8.97146446022e-09,0.073932915926,-1.14691215458e-06,2.79608116216e-07,-0.184410467744,0.0792547091842
71,0.355,1,-0.0282703470439,0.0408627353609,0.0707472860813,-0.319596618414,0.438849449158,-0.489067405462,0.019813677296
71,0.355,2,0.028270361945,0.0408627353609,0.0707473233342,0.319597899914,0.438852936029,-0.489065021276,0.019813677296
71,0.355,3,-0.028270309791,-0.0408627614379,0.0707475394011,-0.319594115019,-0.438844650984,-0.489058554173,0.019813677296
71,0.355,4,0.0282703600824,-0.0408627577126,0.070747576654,0.319594889879,-0.438844442368,-0.48905313015,0.019813677296
71,0.355,5,-2.39469937213e-08,-0.02941362001,0.124175943434,-1.08191187564e-07,0.237579584122,0.810769796371,0.0198136754334
71,0.355,6,-3.64188998958e-08,0.029413819313,0.124175801873,-1.29689988171e-06,-0.237577602267,0.810769379139,0.0198136754334
71,0.355,7,4.09642808563e-08,-0.0252618379891,0.0239282082766,5.06741457684e-07,-0.818660080433,-1.75947451591,0.0198136810213
71,0.355,8,3.89792162991e-08,0.0252616554499,0.0239281523973,-9.6636881608e-07,0.818655014038,-1.75948047638,0.0198136810213
71,0.355,9,0.0411457121372,-5.39033457869e-08,0.0506907068193,0.0855329334736,-3.28606029143e-06,-0.866546392441,0.0198136791587
71,0.355,10,0.0403617359698,3.13613490732e-08,0.107602022588,0.46644076705,-4.51280266134e-06,-0.138255089521,0.0198136754334
71,0.355,11,-0.0411456413567,-6.42924433691e-08,0.0506906099617,-0.0855285078287,-1.28835733904e-06,-0.866545081139,0.0198136791587
71,0.355,12,-0.0403617694974,2.74323692651e-08,0.107601940632,-0.466440737247,-3.7142842757e-06,-0.138258457184,0.0198136754334
72,0.36,0,3.10238745804e-09,1.00910986234e-08,0.0731053501368,-4.60362088006e-07,2.4617477834e-07,-0.178072914481,0.0792547091842
72,0.36,1,-0.0288095567375,0.0424067489803,0.0686605870724,0.125360578299,0.129863798618,-0.351960480213,0.019813677296
72,0.36,2,0.0288095716387,0.0424067527056,0.0686606243253,-0.125359833241,0.129866689444,-0.351958274841,0.019813677296
72,0.36,3,-0.0288095120341,-0.042406745255,0.0686608478427,0.125362485647,-0.129859983921,-0.351957142353,0.019813677296
72,0.36,4,0.0288095623255,-0.0424067415297,0.0686608999968,-0.125362947583,-0.129858911037,-0.351952493191,0.019813677296
72,0.36,5,-2.31662795613e-08,-0.0272157806903,0.125916197896,4.03062273335e-07,0.624203443527,-0.132578849792,0.0198136754334
72,0.36,6,-4.05349780408e-08,0.027215981856,0.125916063786,-3.20645227703e-07,-0.624205470085,-0.132579445839,0.0198136754334
72,0.36,7,4.43673648931e-08,-0.0286693237722,0.0167628228664,7.79402341777e-07,-0.481107473373,-1.03066074848,0.0198136810213
72,0.36,8,3.46281652241e-08,0.0286691244692,0.0167627297342,-7.67448000261e-07,0.481104373932,-1.03066945076,0.0198136810213
72,0.36,9,0.041365724057,-7.11301169076e-08,0.0461474880576,-0.0656317397952,-3.29215231432e-06,-0.91279733181,0.0198136791587
72,0.36,10,0.0418315194547,1.40868436915e-08,0.105896003544,0.101436950266,-2.31672993323e-06,-0.556751966476,0.0198136754334
72,0.36,11,-0.04136563465,-7.12902235023e-08,0.0461474061012,0.0656335949898,-1.27595797039e-06,-0.912795782089,0.0198136791587
72,0.36,12,-0.0418315529823,1.33981670203e-08,0.105895914137,-0.101437307894,-1.87009300134e-06,-0.556753516197,0.0198136754334
73,0.365,0,3.56550433622e-09,1.18715073327e-08,0.071845524013,6.50211234188e-07,5.29940848537e-07,-0.349727809429,0.0792547091842
73,0.365,1,-0.0269541982561,0.0419403128326,0.0671707987785,0.580195188522,-0.288153856993,-0.254439949989,0.019813677296
73,0.365,2,0.0269542168826,0.0419403277338,0.067170843482,-0.580195248127,-0.288152873516,-0.25443816185,0.019813677296
73,0.365,3,-0.0269541479647,-0.0419402942061,0.0671710520983,0.580195069313,0.288154155016,-0.254441738129,0.019813677296
73,0.365,4,0.0269541926682,-0.0419402867556,0.0671711191535,-0.580196797848,0.288155883551,-0.254438340664,0.019813677296
73,0.365,5,-2.05058654501e-08,-0.0235417764634,0.122801892459,5.549699722e-07,0.773607075214,-1.05039834976,0.0198136754334
73,0.365,6,-3.97277162278e-08,0.0235419459641,0.122801758349,5.92426886215e-07,-0.773612499237,-1.05039989948,0.0198136754334
73,0.365,7,4.84266031719e-08,-0.0296192131937,0.0141720892861,8.16779845536e-07,0.100460454822,-0.0241083912551,0.0198136810213
73,0.365,8,3.1770571951e-08,0.0296190045774,0.0141719579697,-3.29596275606e-07,-0.10046043247,-0.0241158902645,0.0198136810213
73,0.365,9,0.0400955379009,-8.42526333145e-08,0.0418140813708,-0.43306902051,-1.7650721702e-06,-0.812373459339,0.0198136791587
73,0.365,10,0.0414202660322,9.31063670606e-09,0.101968795061,-0.216914713383,4.57647047369e-07,-0.9900354743,0.0198136754334
73,0.365,11,-0.040095448494,-7.54999334163e-08,0.0418140180409,0.433066755533,-3.43988375562e-07,-0.812372326851,0.0198136791587
73,0.365,12,-0.0414203032851,9.29681753803e-09,0.101968705654,0.216914311051,1.75290480797e-07,-0.990034878254,0.0198136754334
74,0.37,0,9.11748898602e-09,1.53135211178e-08,0.0693626776338,1.39114058584e-06,6.80563402966e-07,-0.650637924671,0.0792547091842
74,0.37,1,-0.0235390197486,0.0400505699217,0.0660380795598,0.70166105032,-0.382762014866,-0.207603305578,0.019813677296
74,0.37,2,0.023539038375,0.0400505848229,0.0660381317139,-0.701662063599,-0.382763206959,-0.207602500916,0.019813677296
74,0.37,3,-0.0235389769077,-0.0400505661964,0.066038325429,0.701658785343,0.382758140564,-0.207608044147,0.019813677296
74,0.37,4,0.0235390104353,-0.0400505550206,0.0660384073853,-0.701660990715,0.382759422064,-0.207606628537,0.019813677296
74,0.37,5,-1.90122726451e-08,-0.0203841459006,0.116130165756,-1.07992505605e-07,0.401311844587,-1.50479090214,0.0198136754334
74,0.37,6,-3.55202303126e-08,0.020384285599,0.116130016744,9.32821649258e-07,-0.401316612959,-1.50479328632,0.0198136754334
74,0.37,7,5.22408925008e-08,-0.0278062000871,0.0161923971027,6.79603260778e-07,0.565390408039,0.733996510506,0.0198136810213
74,0.37,8,3.18712167768e-08,0.0278059914708,0.0161922313273,3.65311052519e-07,-0.565388441086,0.733992576599,0.0198136810213
74,0.37,9,0.0374209173024,-8.79377353158e-08,0.0379889719188,-0.558074712753,1.23174899613e-07,-0.735673904419,0.0198136791587
74,0.37,10,0.0403490588069,1.94584064417e-08,0.0962495878339,-0.128384187818,3.48361641045e-06,-1.25469732285,0.0198136754334
74,0.37,11,-0.0374208539724,-7.49558495272e-08,0.0379889123142,0.558069884777,3.63866433872e-07,-0.735673725605,0.0198136791587
74,0.37,12,-0.0403490960598,1.50902845775e-08,0.0962495058775,0.12838435173,1.99461987904e-06,-1.25469613075,0.0198136754334
75,0.375,0,1.51281245309e-08,1.66093538922e-08,0.0653590708971,7.26174960164e-07,-3.00230993844e-07,-0.916727781296,0.0792547091842
75,0.375,1,-0.0209073480219,0.0390285477042,0.0650156736374,0.267217606306,0.0412464998662,-0.21074052155,0.019813677296
75,0.375,2,0.0209073610604,0.0390285477042,0.065015733242,-0.267218887806,0.041245393455,-0.210740461946,0.019813677296
75,0.375,3,-0.0209073144943,-0.0390285514295,0.0650158971548,0.267213374376,-0.0412513203919,-0.210745260119,0.019813677296
75,0.375,4,0.0209073424339,-0.0390285365283,0.0650159865618,-0.267215192318,-0.0412519611418,-0.210745364428,0.019813677296
75,0.375,5,-2.27677361408e-08,-0.0202454272658,0.108810015023,-1.44794557855e-06,-0.342391222715,-1.33812606335,0.0198136754334
75,0.375,6,-3.20318811475e-08,0.0202455502003,0.108809858561,2.95296445074e-07,0.342393010855,-1.33812689781,0.0198136754334
75,0.375,7,5.51151622119e-08,-0.0247349049896,0.0203836746514,4.10541730389e-07,0.560232639313,0.801047861576,0.0198136810213
75,0.375,8,3.57121088257e-08,0.0247347056866,0.0203834958375,1.07834182472e-06,-0.560232162476,0.801046669483,0.0198136810213
75,0.375,9,0.0354984924197,-8.51300043792e-08,0.0342478603125,-0.120264746249,7.60252021337e-07,-0.778481960297,0.0198136791587
75,0.375,10,0.0408783704042,4.21068122591e-08,0.0897826701403,0.365961283445,5.22594473296e-06,-1.2995518446,0.0198136754334
75,0.375,11,-0.0354984514415,-7.42810613019e-08,0.0342478007078,0.120261482894,-2.73876622714e-07,-0.778481900692,0.0198136791587
75,0.375,12,-0.0408784039319,2.77077454314e-08,0.089782603085,-0.365958660841,2.87655666398e-06,-1.29955148697,0.0198136754334
76,0.38,0,1.56529331719e-08,1.1899744301e-08,0.060682553798,-4.14217907974e-07,-1.59697572144e-06,-0.896887362003,0.0792547091842
76,0.38,1,-0.0214835740626,0.0408236198127,0.0638049468398,-0.483012765646,0.640086889267,-0.286618798971,0.019813677296
76,0.38,2,0.0214835833758,0.0408236198127,0.0638050064445,0.483011722565,0.640087306499,-0.286618709564,0.019813677296
76,0.38,3,-0.0214835721999,-0.0408236309886,0.0638051629066,-0.483016759157,-0.640089631081,-0.286620885134,0.019813677296
76,0.38,4,0.0214835945517,-0.0408236272633,0.063805244863,0.483015656471,-0.640091717243,-0.286621123552,0.019813677296
76,0.38,5,-3.23849747019e-08,-0.0233572423458,0.103214383125,-2.14071178561e-06,-0.799527645111,-0.915736436844,0.0198136754334
76,0.38,6,-3.2594261512e-08,0.0233573932201,0.103214234114,-3.70169573216e-07,0.799536824226,-0.915733397007,0.0198136754334
76,0.38,7,5.59701760494e-08,-0.0232713297009,0.0228344164789,-7.84504692319e-08,-0.0401073992252,0.0952355489135,0.0198136810213
76,0.38,8,4.19524646134e-08,0.02327112481,0.022834232077,1.31584340579e-06,0.0401023589075,0.0952346026897,0.0198136810213
76,0.38,9,0.0369303561747,-8.11431704051e-08,0.030146535486,0.684032678604,7.75587579938e-07,-0.847910583019,0.0198136791587
76,0.38,10,0.0438783206046,6.8927953123e-08,0.0834525153041,0.760518491268,5.16689942742e-06,-1.2270283699,0.0198136754334
76,0.38,11,-0.0369303189218,-7.8179226648e-08,0.0301464758813,-0.684031009674,-1.2240087699e-06,-0.847910583019,0.0198136791587
76,0.38,12,-0.0438783206046,4.28766213645e-08,0.0834524482489,-0.760515511036,3.06899869429e-06,-1.227029562,0.0198136754334
77,0.385,0,1.23088543802e-08,1.74651038076e-09,0.0567685440183,-7.62146555644e-07,-2.34452545556e-06,-0.669348716736,0.0792547091842
77,0.385,1,-0.0252492520958,0.0447558350861,0.0619797594845,-0.923135876656,0.830469846725,-0.456373810768,0.019813677296
77,0.385,2,0.0252492576838,0.0447558350861,0.0619798190892,0.923135101795,0.830471217632,-0.456373721361,0.019813677296
77,0.385,3,-0.0252492651343,-0.044755846262,0.0619799755514,-0.923138558865,-0.830469608307,-0.456373602152,0.019813677296
77,0.385,4,0.0252492818981,-0.044755846262,0.0619800500572,0.923138022423,-0.830471038818,-0.456373631954,0.019813677296
77,0.385,5,-4.22699280023e-08,-0.0272975694388,0.0992302447557,-1.63926335972e-06,-0.698583781719,-0.74701243639,0.0198136754334
77,0.385,6,-3.4604504151e-08,0.0272977817804,0.0992301180959,-3.28947038497e-07,0.698595702648,-0.747005701065,0.0198136754334
77,0.385,7,5.50212213568e-08,-0.0253247786313,0.0210238266736,-2.36684769561e-07,-0.709667742252,-0.744568705559,0.0198136810213
77,0.385,8,4.84535611633e-08,0.0253245327622,0.0210236366838,1.25763369851e-06,0.709657788277,-0.744570732117,0.0198136810213
77,0.385,9,0.0418000556529,-7.72879644728e-08,0.0260652694851,1.14292764664,8.07414892279e-07,-0.746680617332,0.0198136791587
77,0.385,10,0.0476245544851,9.12388955498e-08,0.0774939805269,0.651880085468,3.55516112904e-06,-1.16514790058,0.0198136754334
77,0.385,11,-0.0417999885976,-8.51821724268e-08,0.0260652080178,-1.14292371273,-1.41472060022e-06,-0.746681809425,0.0198136791587
77,0.385,12,-0.0476245395839,5.74957645938e-08,0.0774939060211,-0.651879370213,2.66854567599e-06,-1.16514921188,0.0198136754334
78,0.39,0,9.03822439113e-09,-1.05093898028e-08,0.0537640936673,-4.50697996257e-07,-2.46459126174e-06,-0.574357688427,0.0792547091842
78,0.39,1,-0.0297762416303,0.0481729470193,0.0590602308512,-0.80606675148,0.468300968409,-0.72038435936,0.019813677296
78,0.39,2,0.0297762453556,0.0481729544699,0.0590602904558,0.806066215038,0.468302577734,-0.720384776592,0.019813677296
78,0.39,3,-0.0297762639821,-0.0481729581952,0.059060446918,-0.806068301201,-0.468299388885,-0.720383942127,0.019813677296
78,0.39,4,0.0297762770206,-0.0481729581952,0.0590605214238,0.806068181992,-0.468299359083,-0.720384776592,0.019813677296
78,0.39,5,-4.76030770358e-08,-0.0297721289098,0.0951393023133,-4.50851104006e-07,-0.270439743996,-0.92804145813,0.0198136754334
78,0.39,6,-3.50873960997e-08,0.0297723989934,0.0951392129064,1.57713856197e-07,0.270449906588,-0.928033709526,0.0198136754334
78,0.39,7,5.35478044128e-08,-0.0294157657772,0.0164194460958,-3.42260449315e-07,-0.81507152319,-0.969575405121,0.0198136810213
78,0.39,8,5.37632338649e-08,0.0294154658914,0.0164192467928,8.36152992179e-07,0.815062046051,-0.969576239586,0.0198136810213
78,0.39,9,0.0471308007836,-7.25781106325e-08,0.0230676904321,0.882672309875,1.06802838218e-06,-0.434303045273,0.0198136791587
78,0.39,10,0.0496971532702,1.03211050373e-07,0.0717599317431,0.149495393038,1.22497726807e-06,-1.12585103512,0.0198136754334
78,0.39,11,-0.0471307076514,-9.08142610001e-08,0.0230676196516,-0.882668793201,-7.66774860494e-07,-0.434305310249,0.0198136791587
78,0.39,12,-0.0496971383691,6.8843341694e-08,0.0717598572373,-0.149497538805,1.83896599992e-06,-1.12585175037,0.0198136754334
79,0.395,0,8.55856097104e-09,-2.21712319615e-08,0.0506159029901,2.42931037064e-07,-2.16883472604e-06,-0.717436075211,0.0792547091842
79,0.395,1,-0.0326696075499,0.0489507354796,0.0546464547515,-0.325063109398,-0.154642641544,-1.04262578487,0.019813677296
79,0.395,2,0.0326696112752,0.0489507466555,0.0546465069056,0.325063019991,-0.154641523957,-1.04262697697,0.019813677296
79,0.395,3,-0.0326696448028,-0.0489507429302,0.054646667093,-0.325064182281,0.154644027352,-1.0426261425,0.019813677296
79,0.395,4,0.0326696559787,-0.0489507354796,0.0546467341483,0.3250644207,0.154645219445,-1.04262852669,0.019813677296
79,0.395,5,-4.63359874914e-08,-0.0298831015825,0.089789532125,8.76692979546e-07,0.20385876298,-1.19040060043,0.0198136754334
79,0.395,6,-3.27453903992e-08,0.0298834238201,0.0897894650698,7.30185320208e-07,-0.203853040934,-1.19039404392,0.0198136754334
79,0.395,7,5.15130018641e-08,-0.0325758568943,0.0122950030491,-4.79831669509e-07,-0.399447023869,-0.633004665375,0.0198136810213
79,0.395,8,5.63688402622e-08,0.0325755216181,0.01229480654,1.98459005674e-07,0.399442225695,-0.633002102375,0.0198136810213
79,0.395,9,0.0497882030904,-6.68544188898e-08,0.0217732619494,0.154808923602,1.1322164255e-06,-0.113810352981,0.0198136791587
79,0.395,10,0.0490212365985,1.03827524356e-07,0.0664155930281,-0.382135540247,-7.944466347e-07,-0.98231524229,0.0198136754334
79,0.395,11,-0.0497880987823,-9.23784426732e-08,0.0217731837183,-0.15480774641,7.40875663041e-08,-0.11381277442,0.0198136791587
79,0.395,12,-0.0490212403238,7.58499680842e-08,0.0664155185223,0.382130771875,1.03281956854e-06,-0.982315182686,0.0198136754334
80,0.4,0,1.09978053331e-08,-3.08078895728e-08,0.046328868717,6.13698773577e-07,-1.15481952889e-06,-0.999526679516,0.0792547091842
80,0.4,1,-0.0328689403832,0.0467985421419,0.0486582107842,0.220905095339,-0.644441783428,-1.32931101322,0.019813677296
80,0.4,2,0.0328689441085,0.0467985533178,0.0486582554877,-0.220904573798,-0.64444065094,-1.32931292057,0.019813677296
80,0.4,3,-0.0328689813614,-0.0467985421419,0.0486584231257,0.220903888345,0.64444154501,-1.32931160927,0.019813677296
80,0.4,4,0.0328689962626,-0.0467985197902,0.0486584678292,-0.220902994275,0.644442737103,-1.32931518555,0.019813677296
80,0.4,5,-3.96596213648e-08,-0.0279969405383,0.0836295560002,1.65718552125e-06,0.499250382185,-1.21625387669,0.0198136754334
80,0.4,6,-2.8628489801e-08,0.0279972776771,0.0836295038462,8.05090735412e-07,-0.499249905348,-1.21625459194,0.0198136754334
80,0.4,7,4.89250346902e-08,-0.0331244766712,0.0101378597319,-5.2886616686e-07,0.159466668963,-0.290506690741,0.0198136810213
80,0.4,8,5.57506432131e-08,0.0331241339445,0.0101376874372,-4.14172575347e-07,-0.159465998411,-0.290500879288,0.0198136810213
80,0.4,9,0.0486226864159,-6.23934681698e-08,0.0214447174221,-0.563450455666,5.48027855984e-07,-0.0908999219537,0.0198136791587
80,0.4,10,0.046352583915,9.74795710817e-08,0.0624129325151,-0.613759696484,-1.41345788052e-06,-0.576715052128,0.0198136754334
80,0.4,11,-0.0486225783825,-9.0827278143e-08,0.0214446280152,0.563449680805,4.08617154335e-07,-0.0909015536308,0.0198136791587
80,0.4,12,-0.0463526062667,8.06613584814e-08,0.0624128580093,0.613753974438,1.09590371267e-06,-0.57671546936,0.0198136754334
81,0.405,0,1.38037492547e-08,-3.2599523081e-08,0.0407589226961,4.19186591216e-07,4.84109932586e-07,-1.18280851841,0.0792547091842
81,0.405,1,-0.03076229617,0.0432013198733,0.041664481163,0.563095510006,-0.709783494473,-1.41900932789,0.019813677296
81,0.405,2,0.0307623017579,0.0432013384998,0.0416645221412,-0.563094735146,-0.709782123566,-1.41901099682,0.019813677296
81,0.405,3,-0.0307623390108,-0.0432013273239,0.0416646897793,0.563094556332,0.709781229496,-1.4190069437,0.019813677296
81,0.405,4,0.030762353912,-0.0432013049722,0.0416647307575,-0.563093006611,0.709781348705,-1.41901051998,0.019813677296
81,0.405,5,-3.10085361832e-08,-0.0254275966436,0.0781902447343,1.61407638188e-06,0.470598220825,-0.923825025558,0.0198136754334
81,0.405,6,-2.57485321953e-08,0.0254279226065,0.0781901478767,2.50361580356e-07,-0.470602482557,-0.923835396767,0.0198136754334
81,0.405,7,4.74348880175e-08,-0.0313105545938,0.00831724703312,1.02536411362e-07,0.500325739384,-0.582856655121,0.0198136810213
81,0.405,8,5.32497814731e-08,0.0313102304935,0.00831710826606,-4.49333811048e-07,-0.500322520733,-0.582850575447,0.0198136810213
81,0.405,9,0.0449140146375,-6.24054052878e-08,0.0200166609138,-0.805224239826,-6.06971298112e-07,-0.549449026585,0.0198136791587
81,0.405,10,0.0435240082443,9.27345453761e-08,0.0610673949122,-0.470513612032,-2.5437975637e-07,0.0353181324899,0.0198136754334
81,0.405,11,-0.0449139066041,-8.95914880061e-08,0.0200165696442,0.80522197485,-5.63244617613e-10,-0.549450397491,0.0198136791587
81,0.405,12,-0.043524056673,8.86372220066e-08,0.0610673129559,0.470509082079,2.15443014895e-06,0.035315502435,0.0198136754334
82,0.41,0,1.46579415272e-08,-2.62428869746e-08,0.0350447520614,-1.25251617078e-07,1.92198967852e-06,-1.05819022655,0.0792547091842
82,0.41,1,-0.027805313468,0.0404701270163,0.0349703468382,0.56487852335,-0.337979376316,-1.2254306078,0.019813677296
82,0.41,2,0.0278053265065,0.040470149368,0.0349703840911,-0.564878106117,-0.337978899479,-1.22543048859,0.019813677296
82,0.41,3,-0.0278053544462,-0.0404701456428,0.0349705666304,0.564880132675,0.337977737188,-1.22542238235,0.019813677296
82,0.41,4,0.0278053879738,-0.0404701270163,0.0349705964327,-0.564877986908,0.337975949049,-1.22542512417,0.019813677296
82,0.41,5,-2.57660079939e-08,-0.0238090138882,0.0746096521616,3.48276756768e-07,0.149794191122,-0.521716713905,0.0198136754334
82,0.41,6,-2.73778439919e-08,0.0238093212247,0.0746095180511,-9.64429318628e-07,-0.149800956249,-0.521733880043,0.0198136754334
82,0.41,7,5.16266354111e-08,-0.0287358909845,0.00275596580468,1.62964875017e-06,0.478741407394,-1.71239376068,0.0198136810213
82,0.41,8,5.27467882705e-08,0.0287355855107,0.00275584403425,3.45559300285e-07,-0.478740304708,-1.71239376068,0.0198136810213
82,0.41,9,0.0416887700558,-6.86506211878e-08,0.0154064530507,-0.408469706774,-1.75422928805e-06,-1.2827167511,0.0198136791587
82,0.41,10,0.0419242121279,9.6130690963e-08,0.0625132620335,-0.174895122647,1.51911956436e-06,0.467223405838,0.0198136754334
82,0.41,11,-0.0416886694729,-9.17490226016e-08,0.0154063524678,0.408466935158,-8.47266733217e-07,-1.28272020817,0.0198136791587
82,0.41,12,-0.041924290359,1.01715080802e-07,0.0625131577253,0.174893379211,2.884041578e-06,0.467219352722,0.0198136754334
83,0.415,0,1.2325564569e-08,-1.74381558082e-08,0.0305029209703,-8.50580306633e-07,1.06865479665e-06,-0.711277365685,0.0792547091842
83,0.415,1,-0.0255644284189,0.0400387309492,0.0296303555369,0.289773821831,0.151821523905,-0.884872853756,0.019813677296
83,0.415,2,0.02556444332,0.0400387570262,0.0296303983778,-0.28977432847,0.151821225882,-0.884869992733,0.019813677296
83,0.415,3,-0.0255644451827,-0.0400387495756,0.0296306107193,0.289781928062,-0.151818856597,-0.884862542152,0.019813677296
83,0.415,4,0.0255644973367,-0.040038742125,0.0296306330711,-0.289779990911,-0.15182197094,-0.884862303734,0.019813677296
83,0.415,5,-2.77260010506e-08,-0.0240541286767,0.0727598741651,-1.01047794487e-06,-0.224827080965,-0.262406498194,0.0198136754334
83,0.415,6,-3.53141693665e-08,0.0240544062108,0.0727596431971,-2.0685349682e-06,0.224820777774,-0.262423664331,0.0198136754334
83,0.415,7,6.37556709648e-08,-0.0268797166646,0,3.17401259053e-06,0.218642041087,0,0.0198136810213
83,0.415,8,5.75197560693e-08,0.0268794111907,0,1.60819979556e-06,-0.218642219901,0,0.0198136810213
83,0.415,9,0.0412317886949,-7.92509169401e-08,0.00756522128358,0.222866654396,-2.52511745202e-06,-1.77662062645,0.0198136791587
83,0.415,10,0.0415964648128,1.05581797527e-07,0.0648848712444,0.00412478996441,1.95890447685e-06,0.389568209648,0.0198136754334
83,0.415,11,-0.0412316992879,-9.85793988661e-08,0.00756509648636,-0.222868934274,-1.99784949473e-06,-1.77662527561,0.0198136791587
83,0.415,12,-0.0415965504944,1.14890312375e-07,0.0648847594857,-0.00412303721532,2.08856613426e-06,0.38956362009,0.0198136754334
84,0.42,0,6.33236130199e-09,-1.62995537067e-08,0.0284493230283,-1.22266430935e-06,-4.44663044163e-07,-0.106261447072,0.0792547091842
84,0.42,1,-0.02527821064,0.0417366139591,0.0264501813799,-0.172841891646,0.469281226397,-0.384521663189,0.019813677296
84,0.42,2,0.0252782218158,0.0417366363108,0.0264502521604,0.172839924693,0.469279527664,-0.384515970945,0.019813677296
84,0.42,3,-0.0252781715244,-0.0417365953326,0.0264504924417,-0.172827452421,-0.46927317977,-0.384513169527,0.019813677296
84,0.42,4,0.0252782255411,-0.0417366102338,0.0264505241066,0.172828242183,-0.469275534153,-0.384508907795,0.019813677296
84,0.42,5,-3.46982673705e-08,-0.0257844701409,0.0715822055936,-1.61002344612e-06,-0.427992403507,-0.245300874114,0.0198136754334
84,0.42,6,-4.70185561596e-08,0.0257847253233,0.071581877768,-2.4851035505e-06,0.427988857031,-0.245311066508,0.0198136754334
84,0.42,7,8.20147718628e-08,-0.026955248788,0,3.55094812221e-06,-0.240914359689,0,0.0198136810213
84,0.42,8,6.87695731472e-08,0.0269549395889,0,2.512783567e-06,0.240911945701,0,0.0198136810213
84,0.42,9,0.0436685793102,-9.32370696205e-08,1.36577427838e-05,0.672630250454,-2.93097900794e-06,0.0305883586407,0.0198136791587
84,0.42,10,0.0415587611496,1.1281284884e-07,0.0655527636409,-0.0557547993958,7.10415122285e-07,-0.17265637219,0.0198136754334
84,0.42,11,-0.0436684973538,-1.11319238272e-07,1.36570879476e-05,-0.672630548477,-2.95564018415e-06,0.0305869001895,0.0198136791587
84,0.42,12,-0.0415588319302,1.20144264315e-07,0.0655526220798,0.0557583756745,-1.22320273022e-07,-0.17265895009,0.0198136754334
85,0.425,0,4.07910993871e-09,-1.84061139663e-08,0.0293962880969,2.59654541424e-07,-9.52281382638e-08,0.432711064816,0.0792547091842
85,0.425,1,-0.0271078180522,0.0442748963833,0.0258800499141,-0.508596301079,0.501035451889,0.13604901731,0.019813677296
85,0.425,2,0.0271078199148,0.0442749075592,0.0258801579475,0.508593201637,0.501030683517,0.136055797338,0.019813677296
85,0.425,3,-0.027107713744,-0.0442748516798,0.0258803945035,-0.508582472801,-0.501026809216,0.136052936316,0.019813677296
85,0.425,4,0.0271077696234,-0.044274866581,0.0258804559708,0.508581638336,-0.501025259495,0.136060133576,0.019813677296
85,0.425,5,-4.18895709231e-08,-0.0280538536608,0.0700862109661,-1.17848878745e-06,-0.460103809834,-0.353271722794,0.0198136754334
85,0.425,6,-5.86219819354e-08,0.0280541069806,0.07008587569,-2.07748485082e-06,0.460103362799,-0.353274613619,0.0198136754334
85,0.425,7,9.46908045307e-08,-0.0289291664958,0,1.62220442235e-06,-0.478800147772,0,0.0198136810213
85,0.425,8,7.90005074691e-08,0.0289288423955,0,1.66656104739e-06,0.478794813156,0,0.0198136810213
85,0.425,9,0.0472839847207,-1.07049402231e-07,0.000730197119992,0.700345873833,-2.46463991971e-06,0.263318479061,0.0198136791587
85,0.425,10,0.0408369638026,1.11672015635e-07,0.0629010424018,-0.226412221789,-1.09374900603e-06,-0.860627710819,0.0198136754334
85,0.425,11,-0.0472839027643,-1.26062332129e-07,0.000730166095309,-0.700346469879,-2.7568025871e-06,0.263308286667,0.0198136791587
85,0.425,12,-0.0408370196819,1.13586352768e-07,0.0629009082913,0.226414471865,-2.36270875575e-06,-0.860625326633,0.0198136754334
86,0.43,0,7.97688581855e-09,-1.59483288797e-08,0.0321413055062,1.09391953629e-06,1.00026363725e-06,0.581260561943,0.0792547091842
86,0.43,1,-0.0298709291965,0.0463581718504,0.0275890976191,-0.54471373558,0.309965759516,0.501010596752,0.019813677296
86,0.43,2,0.0298709087074,0.0463581606746,0.027589244768,0.544710576534,0.309960871935,0.501016616821,0.019813677296
86,0.43,3,-0.0298707764596,-0.0463581010699,0.0275894533843,-0.544706106186,-0.309962123632,0.501009225845,0.019813677296
86,0.43,4,0.029870826751,-0.0463581010699,0.0275895539671,0.544704079628,-0.30995798111,0.501017510891,0.019813677296
86,0.43,5,-4.60125839652e-08,-0.0303053148091,0.0682504475117,-5.59013471957e-07,-0.440825432539,-0.338561683893,0.0198136754334
86,0.43,6,-6.74155131719e-08,0.0303055755794,0.068250104785,-1.53705104822e-06,0.440828442574,-0.338559955359,0.0198136754334
86,0.43,7,9.88807116187e-08,-0.031073609367,0,1.33691344217e-07,-0.323586761951,0,0.0198136810213
86,0.43,8,8.54607762335e-08,0.0310732610524,0,8.7861474185e-07,0.323581397533,0,0.0198136810213
86,0.43,9,0.0499658621848,-1.16914314674e-07,0.00273263314739,0.324977397919,-1.4328340967e-06,0.526960849762,0.0198136791587
86,0.43,10,0.0395528823137,1.02751926079e-07,0.0573088563979,-0.23761318624,-2.25146686716e-06,-1.29547584057,0.0198136754334
86,0.43,11,-0.049965787679,-1.36917691407e-07,0.0027325367555,-0.324976682663,-1.50322762238e-06,0.526945888996,0.0198136791587
86,0.43,12,-0.0395529232919,9.80959313779e-08,0.0573087409139,0.23761293292,-3.58010788659e-06,-1.29547119141,0.0198136754334
87,0.435,0,1.28355566176e-08,-9.63470725424e-09,0.0344168618321,6.35874414456e-07,1.36744893098e-06,0.271691024303,0.0792547091842
87,0.435,1,-0.0321023464203,0.047252509743,0.0304609797895,-0.317093610764,0.0584295243025,0.599558889866,0.019813677296
87,0.435,2,0.032102316618,0.0472524873912,0.0304611623287,0.317091941833,0.0584279447794,0.599561929703,0.019813677296
87,0.435,3,-0.0321021862328,-0.0472524389625,0.0304613225162,-0.317094147205,-0.058433983475,0.59955394268,0.019813677296
87,0.435,4,0.0321022197604,-0.0472524277866,0.0304614715278,0.317091792822,-0.0584298782051,0.599560678005,0.019813677296
87,0.435,5,-4.91824145854e-08,-0.0324494838715,0.0672799572349,-8.93494245702e-07,-0.407491624355,-1.07920059236e-05,0.0198136754334
87,0.435,6,-7.56819247272e-08,0.0324497707188,0.0672796294093,-1.90544983525e-06,0.407499581575,-5.87541217101e-06,0.0198136754334
87,0.435,7,9.65321049762e-08,-0.0317398160696,0,-9.4990167554e-07,0.0672234296799,0,0.0198136810213
87,0.435,8,8.75675283396e-08,0.0317394584417,0,1.9296656717e-08,-0.0672255977988,0,0.0198136810213
87,0.435,9,0.0501590780914,-1.21381404483e-07,0.00577473454177,-0.245182424784,-4.67937411486e-07,0.641622185707,0.0198136791587
87,0.435,10,0.0391196347773,9.16259992323e-08,0.050951756537,0.124220721424,-1.88762032849e-06,-1.12564659119,0.0198136754334
87,0.435,11,-0.0501589924097,-1.40659111025e-07,0.00577456364408,0.245186373591,-1.03542681984e-07,0.64160823822,0.0198136791587
87,0.435,12,-0.0391196832061,8.08718070289e-08,0.0509516596794,-0.124221175909,-2.97430187857e-06,-1.12564611435,0.0198136754334
88,0.44,0,1.17866338911e-08,-3.97254007467e-09,0.034545686096,-1.1170371863e-06,6.90500939982e-07,-0.190316021442,0.0792547091842
88,0.44,1,-0.0327614210546,0.047071184963,0.0331997387111,0.059650041163,-0.110260747373,0.47419834137,0.019813677296
88,0.44,2,0.0327613912523,0.0470711626112,0.0331999249756,-0.0596496351063,-0.110257044435,0.474196851254,0.019813677296
88,0.44,3,-0.0327613055706,-0.0470711551607,0.0332000404596,0.059643253684,0.110250271857,0.47419244051,0.019813677296
88,0.44,4,0.0327613241971,-0.0470711328089,0.0332002229989,-0.0596445687115,0.110251359642,0.474195182323,0.019813677296
88,0.44,5,-5.65232021188e-08,-0.0340882502496,0.0685760080814,-2.0341644813e-06,-0.206596210599,0.492690056562,0.0198136754334
88,0.44,6,-8.73151577707e-08,0.0340885818005,0.0685757100582,-2.6465108931e-06,0.206607967615,0.492697894573,0.0198136754334
88,0.44,7,9.0478721404e-08,-0.0304230637848,0,-1.27821556362e-06,0.422494590282,0,0.0198136810213
88,0.44,8,8.62489457631e-08,0.0304227098823,0,-4.25662193493e-07,-0.422491639853,0,0.0198136810213
88,0.44,9,0.047609820962,-1.23712851519e-07,0.00851763412356,-0.726481080055,-7.3513621146e-07,0.393656432629,0.0198136791587
88,0.44,10,0.0412592887878,8.64943316969e-08,0.0473010577261,0.714885592461,-1.33668052626e-07,-0.268757939339,0.0198136754334
88,0.44,11,-0.0476097129285,-1.40224827305e-07,0.00851740688086,0.726489543915,7.26103577264e-09,0.393648773432,0.0198136791587
88,0.44,12,-0.041259329766,7.0938071417e-08,0.0473009347916,-0.714883923531,-1.03244644833e-06,-0.268769472837,0.0198136754334
89,0.445,0,2.6524968888e-09,-3.6705336548e-09,0.0331456139684,-2.23879806072e-06,-4.86129295041e-07,-0.275380253792,0.0792547091842
89,0.445,1,-0.0314607061446,0.0462464205921,0.0351250842214,0.44019690156,-0.214142054319,0.307569772005,0.019813677296
89,0.445,2,0.0314606763422,0.0462464392185,0.0351252518594,-0.440195053816,-0.214135915041,0.307565003633,0.019813677296
89,0.445,3,-0.0314606055617,-0.046246457845,0.0351253598928,0.440187335014,0.214132145047,0.307565301657,0.019813677296
89,0.445,4,0.0314606241882,-0.0462464354932,0.0351255424321,-0.440187752247,0.21413064003,0.307564020157,0.019813677296
89,0.445,5,-6.92440522698e-08,-0.0339777171612,0.0716586560011,-2.89956483357e-06,0.28448292613,0.657221674919,0.0198136754334
89,0.445,6,-1.00909034018e-07,0.0339781269431,0.0716584101319,-2.59394232671e-06,-0.284472197294,0.65723413229,0.0198136754334
89,0.445,7,8.69391030278e-08,-0.0280083026737,0,2.38624664917e-07,0.474344968796,0,0.0198136810213
89,0.445,8,8.57140349808e-08,0.0280079692602,0,5.58302758691e-07,-0.474336922169,0,0.0198136810213
89,0.445,9,0.0434648841619,-1.30426343503e-07,0.00920667964965,-0.852867722511,-1.97600729734e-06,-0.12257104367,0.0198136791587
89,0.445,10,0.0457051172853,8.93372558153e-08,0.0484806336462,0.959252119064,1.10004441467e-06,0.668230712414,0.0198136754334
89,0.445,11,-0.0434647239745,-1.42520065083e-07,0.0092064300552,0.852879106998,-1.0516121165e-06,-0.122573383152,0.0198136791587
89,0.445,12,-0.0457051508129,6.83782488409e-08,0.0484804213047,-0.959253072739,-2.76272629662e-07,0.668211340904,0.0198136754334
90,0.45,0,-8.22668866363e-09,-9.2458005696e-09,0.0326434336603,-1.97491772269e-06,-1.78097013759e-06,0.121700942516,0.0792547091842
90,0.45,1,-0.0285912938416,0.0449212789536,0.0363982617855,0.66413807869,-0.312952637672,0.217076763511,0.019813677296
90,0.45,2,0.0285912677646,0.0449213311076,0.0363983884454,-0.664136767387,-0.312949478626,0.21707162261,0.019813677296
90,0.45,3,-0.028591234237,-0.0449213609099,0.0363985076547,0.664129555225,0.312948554754,0.217073708773,0.019813677296
90,0.45,4,0.0285912528634,-0.0449213497341,0.0363986752927,-0.664130032063,0.312947750092,0.217070356011,0.019813677296
90,0.45,5,-8.41636591531e-08,-0.0309541448951,0.0744828656316,-2.97191286336e-06,0.91004472971,0.440100133419,0.0198136754334
90,0.45,6,-1.11385645596e-07,0.0309545770288,0.0744826719165,-1.47908156123e-06,-0.910039722919,0.440118104219,0.0198136754334
90,0.45,7,9.77637171218e-08,-0.026397805661,0,4.32376236859e-06,0.118786983192,0,0.0198136810213
90,0.45,8,9.64152064853e-08,0.0263975150883,0,3.90303375752e-06,-0.118775092065,0,0.0198136810213
90,0.45,9,0.0398432910442,-1.42574307915e-07,0.00742654269561,-0.541559755802,-2.66723168352e-06,-0.536254703999,0.0198136791587
90,0.45,10,0.0498495623469,9.52231289375e-08,0.053201906383,0.624788582325,1.05159278974e-06,1.1183360815,0.0198136754334
90,0.45,11,-0.0398430898786,-1.50664106968e-07,0.00742627587169,0.54156845808,-2.02090382118e-06,-0.5362585783,0.0198136791587
90,0.45,12,-0.0498496256769,6.57346959088e-08,0.0532016046345,-0.624795675278,-1.00957822724e-06,1.11831951141,0.0198136754334
91,0.455,0,-1.57746544716e-08,-2.11755910584e-08,0.0345216766,-9.5269342637e-07,-2.83922690869e-06,0.587508380413,0.0792547091842
91,0.455,1,-0.02530602552,0.0431692972779,0.0373929515481,0.594699561596,-0.374173402786,0.18878403306,0.019813677296
91,0.455,2,0.0253060031682,0.0431693531573,0.0373930595815,-0.594699561596,-0.374175608158,0.188782259822,0.019813677296
91,0.455,3,-0.0253060087562,-0.0431693866849,0.0373931825161,0.594694852829,0.374176323414,0.18878082931,0.019813677296
91,0.455,4,0.0253060236573,-0.0431693680584,0.0373933315277,-0.594696521759,0.37417781353,0.188778668642,0.019813677296
91,0.455,5,-9.85724710745e-08,-0.025167863816,0.0760624408722,-2.86203567157e-06,1.32609581947,0.236796155572,0.0198136754334
91,0.455,6,-1.15389134692e-07,0.0251682978123,0.0760623514652,-2.94655194466e-07,-1.32609879971,0.236813873053,0.0198136754334
91,0.455,7,1.31230208922e-07,-0.0271126963198,0,8.65219499246e-06,-0.379066884518,0,0.0198136810213
91,0.455,8,1.254511659e-07,0.027112474665,0,7.35982212063e-06,0.379079550505,0,0.0198136810213
91,0.455,9,0.0383813232183,-1.54015296516e-07,0.00442128302529,-0.0588608644903,-1.54304314037e-06,-0.597809433937,0.0198136791587
91,0.455,10,0.0514307357371,9.87316468581e-08,0.0588714070618,0.00774328783154,3.45757996456e-07,1.08518278599,0.0198136754334
91,0.455,11,-0.0383811034262,-1.60026431217e-07,0.00442098453641,0.0588651299477,-1.4204758827e-06,-0.597818315029,0.0198136791587
91,0.455,12,-0.0514308251441,5.77549528202e-08,0.0588710196316,-0.00775654939935,-2.08655865208e-06,1.08517408371,0.0198136754334
92,0.46,0,-1.74566388011e-08,-3.46868240797e-08,0.0378832146525,2.71140777386e-07,-2.27260602514e-06,0.66965842247,0.0792547091842
92,0.46,1,-0.0232198927552,0.0413651131094,0.0383537523448,0.202395603061,-0.325898438692,0.202914789319,0.019813677296
92,0.46,2,0.0232198666781,0.0413651391864,0.0383538715541,-0.202396467328,-0.325904369354,0.202919542789,0.019813677296
92,0.46,3,-0.0232198908925,-0.0413651764393,0.0383539535105,0.202395394444,0.325904130936,0.202910542488,0.019813677296
92,0.46,4,0.0232199002057,-0.0413651429117,0.0383541062474,-0.202396914363,0.325906306505,0.202913224697,0.019813677296
92,0.46,5,-1.15353358865e-07,-0.0187936648726,0.0775554850698,-4.15739077653e-06,1.07853722572,0.442312270403,0.0198136754334
92,0.46,6,-1.1808723599e-07,0.0187940597534,0.0775554552674,-1.37569008984e-06,-1.0785472393,0.442317664623,0.0198136754334
92,0.46,7,1.78918185156e-07,-0.0297235380858,0,9.76359660854e-06,-0.59010642767,0,0.0198136810213
92,0.46,8,1.65118734685e-07,0.0297233667225,0,7.95274718257e-06,0.590116798878,0,0.0198136810213
92,0.46,9,0.0389497280121,-1.54356044391e-07,0.00208077742718,0.22841784358,1.60739386956e-06,-0.29333665967,0.0198136791587
92,0.46,10,0.0500799454749,9.92717943404e-08,0.0635624080896,-0.489204972982,-1.21244923434e-07,0.766858279705,0.0198136754334
92,0.46,11,-0.0389494746923,-1.61956322131e-07,0.00208042724989,-0.228414297104,8.73791861977e-07,-0.293347746134,0.0198136791587
92,0.46,12,-0.0500801056623,4.60942715108e-08,0.0635619908571,0.489188998938,-2.38155166699e-06,0.766857147217,0.0198136754334
93,0.465,0,-1.30867761072e-08,-4.08833003007e-08,0.0404343269765,1.32045852297e-06,-1.40569710538e-07,0.310576409101,0.0792547091842
93,0.465,1,-0.0235376469791,0.0401164293289,0.0395086482167,-0.309606343508,-0.166174069047,0.264570116997,0.019813677296
93,0.465,2,0.0235376209021,0.0401164405048,0.0395088121295,0.309605747461,-0.166179060936,0.264581859112,0.019813677296
93,0.465,3,-0.0235376451164,-0.0401164777577,0.0395088270307,-0.309603214264,0.166177615523,0.264564573765,0.019813677296
93,0.465,4,0.0235376469791,-0.0401164405048,0.0395090058446,0.309603571892,0.166177555919,0.264574289322,0.019813677296
93,0.465,5,-1.43079589066e-07,-0.016019070521,0.0811788290739,-6.99316024111e-06,-0.0562545731664,1.01101183891,0.0198136754334
93,0.465,6,-1.35554500957e-07,0.0160194020718,0.0811787694693,-5.94218681726e-06,0.056238502264,1.01099574566,0.0198136754334
93,0.465,7,2.22612754897e-07,-0.0323138199747,0,7.26396183381e-06,-0.392070382833,0,0.0198136810213
93,0.465,8,2.00213747803e-07,0.0323137044907,0,5.77161245019e-06,0.392076402903,0,0.0198136810213
93,0.465,9,0.0401492491364,-1.36245347448e-07,0.00187767320313,0.207001671195,5.57349494557e-06,0.218944877386,0.0198136791587
93,0.465,10,0.0471156388521,9.72409637257e-08,0.0663435906172,-0.63696372509,-7.58201281315e-07,0.351775377989,0.0198136754334
93,0.465,11,-0.0401489697397,-1.49465492427e-07,0.00187727203593,-0.206995546818,4.12573081121e-06,0.218936607242,0.0198136791587
93,0.465,12,-0.0471158698201,3.57912526283e-08,0.0663431957364,0.636950671673,-1.62735545928e-06,0.351778000593,0.0198136754334
94,0.47,0,-6.66076571676e-09,-3.79550399998e-08,0.0409348867834,1.06088316443e-06,9.02154454252e-07,-0.0653915479779,0.0792547091842
94,0.47,1,-0.0259719993919,0.0396872870624,0.0410257168114,-0.599985778332,-0.0227745547891,0.337736457586,0.019813677296
94,0.47,2,0.0259719733149,0.0396872833371,0.0410259440541,0.599985659122,-0.0227750129998,0.337752431631,0.019813677296
94,0.47,3,-0.0259719807655,-0.03968732059,0.0410258546472,-0.599980175495,0.0227756425738,0.337731182575,0.019813677296
94,0.47,4,0.0259719863534,-0.0396872907877,0.0410261042416,0.599982440472,0.0227719116956,0.337745577097,0.019813677296
94,0.47,5,-1.84336670372e-07,-0.0193532630801,0.0871604904532,-9.1150359367e-06,-1.13189232349,1.26760447025,0.0198136754334
94,0.47,6,-1.77954120772e-07,0.019353505224,0.0871602743864,-1.04643895611e-05,1.13187479973,1.26758015156,0.0198136754334
94,0.47,7,2.49015215559e-07,-0.0332434251904,0,3.45248372469e-06,0.0266994703561,0,0.0198136810213
94,0.47,8,2.20805802087e-07,0.0332433134317,0,2.59652915702e-06,-0.0266969632357,0,0.0198136810213
94,0.47,9,0.0407260805368,-9.94035644908e-08,0.00431150570512,0.018413355574,8.84694236447e-06,0.7259593606,0.0198136791587
94,0.47,10,0.0440210364759,8.97639154118e-08,0.0671472772956,-0.59749597311,-2.46671788773e-06,-0.00100364466198,0.0198136754334
94,0.47,11,-0.0407257601619,-1.20571002071e-07,0.00431107822806,-0.0184036139399,7.2264215305e-06,0.725956976414,0.0198136791587
94,0.47,12,-0.0440213158727,2.95898185954e-08,0.067146897316,0.597491562366,-1.10199027858e-06,-0.00100243452471,0.0198136754334
95,0.475,0,-3.39496319945e-09,-3.33476641856e-08,0.040289606899,3.23145769698e-07,9.31171030061e-07,-0.136324733496,0.0792547091842
95,0.475,1,-0.0289267916232,0.0397380590439,0.042833250016,-0.526329696178,0.0309454202652,0.37720438838,0.019813677296
95,0.475,2,0.0289267655462,0.0397380590439,0.0428335629404,0.526329338551,0.0309487525374,0.377219170332,0.019813677296
95,0.475,3,-0.0289267394692,-0.0397380851209,0.0428333617747,-0.5263235569,-0.0309443827718,0.377200305462,0.019813677296
95,0.475,4,0.0289267543703,-0.0397380851209,0.0428336821496,0.526326060295,-0.0309492684901,0.377214252949,0.019813677296
95,0.475,5,-2.29433254617e-07,-0.0258588008583,0.0926631987095,-8.43527777761e-06,-1.32636606693,0.839044988155,0.0198136754334
95,0.475,6,-2.3400257021e-07,0.0258589610457,0.0926629081368,-1.12508378152e-05,1.32634830475,0.839029848576,0.0198136754334
95,0.475,7,2.59603638142e-07,-0.0320575498044,0,1.23354618609e-06,0.417550593615,0,0.0198136810213
95,0.475,8,2.28902280242e-07,0.0320574529469,0,1.06373738618e-06,-0.417549848557,0,0.0198136810213
95,0.475,9,0.0404260717332,-5.08188584547e-08,0.00883325468749,-0.106753244996,1.01534797068e-05,1.02826344967,0.0198136791587
95,0.475,10,0.0410491339862,7.00729216874e-08,0.0666290298104,-0.60135024786,-5.53232803213e-06,-0.162127166986,0.0198136754334
95,0.475,11,-0.0404256917536,-7.95320431735e-08,0.00883282721043,0.106762260199,8.85300414666e-06,1.02826476097,0.0198136791587
95,0.475,12,-0.0410494208336,2.2670187505e-08,0.0666286498308,0.601353049278,-1.8128883994e-06,-0.162128657103,0.0198136754334
96,0.48,0,-1.43397227426e-09,-2.82067897928e-08,0.0400278568268,7.22576487533e-07,1.10009875698e-06,0.0584069676697,0.0792547091842
96,0.48,1,-0.0307724811137,0.0399905107915,0.0447134561837,-0.189665034413,0.0775042027235,0.364501744509,0.019813677296
96,0.48,2,0.0307724475861,0.0399905219674,0.0447138398886,0.189663723111,0.0775082185864,0.364510834217,0.019813677296
96,0.48,3,-0.0307724010199,-0.039990529418,0.0447135567665,-0.1896597296,-0.0775027126074,0.364499270916,0.019813677296
96,0.48,4,0.030772427097,-0.0399905443192,0.0447139404714,0.189661085606,-0.0775042399764,0.364507734776,0.019813677296
96,0.48,5,-2.64244363279e-07,-0.0315657518804,0.0947867706418,-5.27585370946e-06,-0.896718919277,-0.00633777631447,0.0198136754334
96,0.48,6,-2.84236421066e-07,0.0315658226609,0.0947864353657,-8.46331022331e-06,0.896701157093,-0.0063382065855,0.0198136754334
96,0.48,7,2.65774104946e-07,-0.0293799825013,0,1.61911100349e-06,0.608224630356,0,0.0198136810213
96,0.48,8,2.35341261146e-07,0.0293798856437,0,1.83052350167e-06,-0.608223855495,0,0.0198136810213
96,0.48,9,0.0400725863874,-1.9914450089e-09,0.0140397641808,0.00971067324281,8.97176596482e-06,0.996198236942,0.0198136791587
96,0.48,10,0.0380224660039,3.42458683633e-08,0.066004447639,-0.593292236328,-8.60146610648e-06,-0.0376367159188,0.0198136754334
96,0.48,11,-0.0400721691549,-3.50572371133e-08,0.014039337635,-0.00970880314708,8.52381890581e-06,0.996195316315,0.0198136791587
96,0.48,12,-0.038022749126,1.07940421046e-08,0.0660040527582,0.593295812607,-2.96461303151e-06,-0.0376399382949,0.0198136754334
97,0.485,0,5.93183457909e-09,-2.19492903852e-08,0.0410162806511,2.30680961977e-06,1.53077314735e-06,0.32346123457,0.0792547091842
97,0.485,1,-0.0306591615081,0.0406503602862,0.0463319271803,0.223127737641,0.196316584945,0.266906827688,0.019813677296
97,0.485,2,0.0306591261178,0.0406503938138,0.0463323481381,-0.223129883409,0.196317225695,0.26690813899,0.019813677296
97,0.485,3,-0.0306590646505,-0.0406503751874,0.0463320240378,0.223130315542,-0.196314632893,0.266905128956,0.019813677296
97,0.485,4,0.0306590925902,-0.0406503714621,0.0463324338198,-0.223130241036,-0.196311414242,0.266905754805,0.019813677296
97,0.485,5,-2.80902042959e-07,-0.0343964658678,0.0925465598702,-1.52756433636e-06,-0.239087551832,-0.834615826607,0.0198136754334
97,0.485,6,-3.15639852033e-07,0.0343964584172,0.0925462916493,-4.04899355999e-06,0.239071533084,-0.834601700306,0.0198136754334
97,0.485,7,2.78061236259e-07,-0.0263778232038,2.18315335587e-06,3.30334023602e-06,0.558480799198,0.00338498642668,0.0198136810213
97,0.485,8,2.49305713851e-07,0.0263777337968,2.18227592086e-06,3.75718036594e-06,-0.55847877264,0.00338412076235,0.0198136810213
97,0.485,9,0.040921214968,3.58240406229e-08,0.0182963740081,0.34127920866,6.08182335782e-06,0.683864951134,0.0198136791587
97,0.485,10,0.0354228205979,-1.24322783179e-08,0.0667741447687,-0.410647571087,-9.35069601837e-06,0.375565558672,0.0198136754334
97,0.485,11,-0.0409208126366,1.53904189393e-09,0.0182959027588,-0.341287404299,5.83940618526e-06,0.68385130167,0.0198136791587
97,0.485,12,-0.0354230999947,-7.0481740444e-09,0.0667737424374,0.41064542532,-4.00176941184e-06,0.375560164452,0.0198136754334
98,0.49,0,2.03487502404e-08,-1.25889156877e-08,0.0430171787739,3.15641682391e-06,2.18528020923e-06,0.434416919947,0.0792547091842
98,0.49,1,-0.0286966171116,0.0420119464397,0.0471597462893,0.522391676903,0.339465737343,0.0472390316427,0.019813677296
98,0.49,2,0.0286965761334,0.0420119762421,0.0471601635218,-0.522392809391,0.339462697506,0.0472348108888,0.019813677296
98,0.49,3,-0.0286965183914,-0.0420119576156,0.0471598282456,0.522389709949,-0.33946454525,0.047236174345,0.019813677296
98,0.49,4,0.0286965481937,-0.0420119352639,0.0471602194011,-0.522388875484,-0.339460015297,0.0472306348383,0.019813677296
98,0.49,5,-2.81667468016e-07,-0.0340426936746,0.0870896726847,7.35721755518e-07,0.332345753908,-1.23986494541,0.0198136754334
98,0.49,6,-3.25109766663e-07,0.0340425856411,0.0870895162225,-1.25450455357e-07,-0.332358002663,-1.23984086514,0.0198136754334
98,0.49,7,2.97186176113e-07,-0.0240463241935,0.000147075188579,4.01747865908e-06,0.366286665201,0.0701826587319,0.0198136810213
98,0.49,8,2.71311904498e-07,0.0240462496877,0.000147065686178,4.70605846203e-06,-0.36628228426,0.070180259645,0.0198136810213
98,0.49,9,0.0434097349644,5.81819925571e-08,0.0208209250122,0.610163092613,2.95563404507e-06,0.354593992233,0.0198136791587
98,0.49,10,0.0343582555652,-5.372029932e-08,0.0699482783675,0.0123303802684,-6.80190532876e-06,0.868321478367,0.0198136754334
98,0.49,11,-0.0434093996882,2.12279243073e-08,0.0208203662187,-0.610175311565,2.0763293378e-06,0.35457405448,0.0198136791587
98,0.49,12,-0.0343585759401,-2.82168759469e-08,0.0699478387833,-0.0123411472887,-4.33588229498e-06,0.868309438229,0.0198136754334
99,0.495,0,3.5495595796e-08,-4.79462580749e-10,0.0449073128402,2.78806464848e-06,2.59076614384e-06,0.281647771597,0.0792547091842
99,0.495,1,-0.0258655752987,0.0438899844885,0.0466032400727,0.557437300682,0.386244356632,-0.272972494364,0.019813677296
99,0.495,2,0.0258655343205,0.0438900031149,0.04660365358,-0.557435154915,0.386240929365,-0.27297693491,0.019813677296
99,0.495,3,-0.0258654933423,-0.0438899956644,0.0466033183038,0.557429850101,-0.386245638132,-0.272979557514,0.019813677296
99,0.495,4,0.0258655343205,-0.0438899621367,0.046603679657,-0.557426214218,-0.386243343353,-0.272985726595,0.019813677296
99,0.495,5,-2.79455520058e-07,-0.0315690003335,0.0813375040889,-3.48755207824e-07,0.587281405926,-0.940801441669,0.0198136754334
99,0.495,6,-3.21866622244e-07,0.0315688475966,0.0813374891877,8.26061523185e-07,-0.587288320065,-0.940774083138,0.0198136754334
99,0.495,7,3.15270540341e-07,-0.0227554664016,0.000873555894941,2.98639974972e-06,0.158397391438,0.226292550564,0.0198136810213
99,0.495,8,2.93430332476e-07,0.0227554105222,0.000873532146215,3.93126265408e-06,-0.158390730619,0.226289480925,0.0198136810213
99,0.495,9,0.0464760474861,6.55429275298e-08,0.022181827575,0.555448114872,1.43597375768e-07,0.233427166939,0.0198136791587
99,0.495,10,0.0357982441783,-7.78216957542e-08,0.0750278830528,0.551813840866,-2.84217935587e-06,1.08788371086,0.0198136754334
99,0.495,11,-0.0464757606387,2.28574688066e-08,0.0221811719239,-0.555456757545,-1.21516052332e-06,0.233409330249,0.0198136791587
99,0.495,12,-0.0357986353338,-4.91406595415e-08,0.0750273764133,-0.551830887794,-3.92445463149e-06,1.08786129951,0.0198136754334
100,0.5,0,4.70230112626e-08,1.32297897082e-08,0.0455221012235,1.73137664206e-06,2.78836523648e-06,-0.0349171981215,0.0792547091842
100,0.5,1,-0.0236298814416,0.0455912202597,0.044444065541,0.302466988564,0.268559277058,-0.563384413719,0.019813677296
100,0.5,2,0.0236298590899,0.0455912314355,0.0444444678724,-0.302460700274,0.268558949232,-0.563383698463,0.019813677296
100,0.5,3,-0.023629842326,-0.0455912351608,0.0444440990686,0.30245500803,-0.268562704325,-0.563398122787,0.019813677296
100,0.5,4,0.0236299168319,-0.0455912053585,0.0444444455206,-0.302448123693,-0.268564671278,-0.563398122787,0.019813677296
100,0.5,5,-2.8772336691e-07,-0.0287802051753,0.0787524655461,-3.00098554362e-06,0.483568757772,-0.0610826350749,0.0198136754334
100,0.5,6,-3.20866092807e-07,0.0287800319493,0.0787525847554,-7.13113706752e-07,-0.483573049307,-0.0610598139465,0.0198136754334
100,0.5,7,3.25694713865e-07,-0.0224273726344,0.00237177754752,1.29075783661e-06,-0.0190969035029,0.34809461236,0.0198136810213
100,0.5,8,3.09258069819e-07,0.0224273558706,0.00237173889764,2.45785668085e-06,0.0191050358117,0.348091959953,0.0198136810213
100,0.5,9,0.0484141744673,6.02545426887e-08,0.0235026869923,0.191205918789,-2.07206153391e-06,0.316704005003,0.0198136791587
100,0.5,10,0.0396446026862,-8.2123762013e-08,0.0800027102232,0.924859106541,9.43879740589e-07,0.824643909931,0.0198136754334
100,0.5,11,-0.048413913697,1.08981357272e-08,0.0235019661486,-0.191207453609,-3.28080409417e-06,0.316695064306,0.0198136791587
100,0.5,12,-0.0396450832486,-6.60969377009e-08,0.0800020769238,-0.924879074097,-2.80086510429e-06,0.824610233307,0.0198136754334
