element,node0,node1,node2,node3,rest_volume_m3,mu_Pa,lambda_Pa
0,0,309,310,311,3.09588870095e-08,3000,6000
1,55,312,309,313,3.09588870095e-08,3000,6000
2,56,310,312,314,3.09588017444e-08,3000,6000
3,57,313,311,314,3.09588870095e-08,3000,6000
4,309,310,311,314,3.09588905623e-08,3000,6000
5,309,312,310,314,3.09588905623e-08,3000,6000
6,309,311,313,314,3.09588870095e-08,3000,6000
7,309,313,312,314,3.09588870095e-08,3000,6000
8,13,315,316,317,3.09588834568e-08,3000,6000
9,58,318,315,319,3.0958794639e-08,3000,6000
10,55,316,318,320,3.09588905623e-08,3000,6000
11,59,319,317,320,3.09588834568e-08,3000,6000
12,315,316,317,320,3.09588799041e-08,3000,6000
13,315,318,316,320,3.09588799041e-08,3000,6000
14,315,317,319,320,3.09588799041e-08,3000,6000
15,315,319,318,320,3.09588799041e-08,3000,6000
16,14,321,322,323,3.09588870095e-08,3000,6000
17,56,324,321,325,3.09588905623e-08,3000,6000
18,58,322,324,326,3.09588870095e-08,3000,6000
19,60,325,323,326,3.09588870095e-08,3000,6000
20,321,322,323,326,3.09588870095e-08,3000,6000
21,321,324,322,326,3.09588870095e-08,3000,6000
22,321,323,325,326,3.09588870095e-08,3000,6000
23,321,325,324,326,3.09588870095e-08,3000,6000
24,15,327,328,329,3.09588834568e-08,3000,6000
25,59,330,327,331,3.09588834568e-08,3000,6000
26,57,328,330,332,3.09588905623e-08,3000,6000
27,60,331,329,332,3.0958794639e-08,3000,6000
28,327,328,329,332,3.09588799041e-08,3000,6000
29,327,330,328,332,3.09588799041e-08,3000,6000
30,327,329,331,332,3.09588799041e-08,3000,6000
31,327,331,330,332,3.09588834568e-08,3000,6000
32,55,312,313,333,3.09588870095e-08,3000,6000
33,56,314,312,325,3.09588052971e-08,3000,6000
34,57,313,314,332,3.09588870095e-08,3000,6000
35,60,325,333,332,3.09588017444e-08,3000,6000
36,312,313,333,332,3.09588870095e-08,3000,6000
37,312,314,313,332,3.09588870095e-08,3000,6000
38,312,333,325,332,3.09588017444e-08,3000,6000
39,312,325,314,332,3.09588017444e-08,3000,6000
40,55,318,312,333,3.09588870095e-08,3000,6000
41,58,324,318,326,3.09588017444e-08,3000,6000
42,56,312,324,325,3.09588052971e-08,3000,6000
43,60,326,333,325,3.09588017444e-08,3000,6000
44,318,312,333,325,3.09588017444e-08,3000,6000
45,318,324,312,325,3.09588017444e-08,3000,6000
46,318,333,326,325,3.09588017444e-08,3000,6000
47,318,326,324,325,3.09588017444e-08,3000,6000
48,55,313,320,333,3.0958894115e-08,3000,6000
49,57,330,313,332,3.0958894115e-08,3000,6000
50,59,320,330,331,3.09588834568e-08,3000,6000
51,60,332,333,331,3.0958794639e-08,3000,6000
52,313,320,333,331,3.09588870095e-08,3000,6000
53,313,330,320,331,3.0958894115e-08,3000,6000
54,313,333,332,331,3.09588834568e-08,3000,6000
55,313,332,330,331,3.09588870095e-08,3000,6000
56,55,320,318,333,3.0958894115e-08,3000,6000
57,59,319,320,331,3.09588834568e-08,3000,6000
58,58,318,319,326,3.0958794639e-08,3000,6000
59,60,331,333,326,3.0958794639e-08,3000,6000
60,320,318,333,326,3.09588585878e-08,3000,6000
61,320,319,318,326,3.09588514824e-08,3000,6000
62,320,333,331,326,3.09588266134e-08,3000,6000
63,320,331,319,326,3.0958819508e-08,3000,6000
64,1,334,335,336,3.09588834568e-08,3000,6000
65,61,337,334,338,3.09587981917e-08,3000,6000
66,62,335,337,339,3.09588834568e-08,3000,6000
67,63,338,336,339,3.09588799041e-08,3000,6000
68,334,335,336,339,3.09588834568e-08,3000,6000
69,334,337,335,339,3.09588834568e-08,3000,6000
70,334,336,338,339,3.09588834568e-08,3000,6000
71,334,338,337,339,3.09588834568e-08,3000,6000
72,16,340,341,342,3.09588905623e-08,3000,6000
73,64,343,340,344,3.09588799041e-08,3000,6000
74,61,341,343,345,3.09588799041e-08,3000,6000
75,65,344,342,345,3.09588834568e-08,3000,6000
76,340,341,342,345,3.09588905623e-08,3000,6000
77,340,343,341,345,3.09588799041e-08,3000,6000
78,340,342,344,345,3.09588905623e-08,3000,6000
79,340,344,343,345,3.09588799041e-08,3000,6000
80,13,346,347,348,3.09588905623e-08,3000,6000
81,62,349,346,350,3.09588905623e-08,3000,6000
82,64,347,349,351,3.09588052971e-08,3000,6000
83,66,350,348,351,3.0958894115e-08,3000,6000
84,346,347,348,351,3.09588905623e-08,3000,6000
85,346,349,347,351,3.09588905623e-08,3000,6000
86,346,348,350,351,3.09588905623e-08,3000,6000
87,346,350,349,351,3.09588905623e-08,3000,6000
88,17,352,353,354,3.09588834568e-08,3000,6000
89,65,355,352,356,3.0958794639e-08,3000,6000
90,63,353,355,357,3.09588834568e-08,3000,6000
91,66,356,354,357,3.09588799041e-08,3000,6000
92,352,353,354,357,3.09588799041e-08,3000,6000
93,352,355,353,357,3.09588799041e-08,3000,6000
94,352,354,356,357,3.09588799041e-08,3000,6000
95,352,356,355,357,3.09588799041e-08,3000,6000
96,61,337,338,358,3.0958794639e-08,3000,6000
97,62,339,337,350,3.09588799041e-08,3000,6000
98,63,338,339,357,3.09588799041e-08,3000,6000
99,66,350,358,357,3.09588834568e-08,3000,6000
100,337,338,358,357,3.09588799041e-08,3000,6000
101,337,339,338,357,3.09588799041e-08,3000,6000
102,337,358,350,357,3.09588799041e-08,3000,6000
103,337,350,339,357,3.09588799041e-08,3000,6000
104,61,343,337,358,3.0958794639e-08,3000,6000
105,64,349,343,351,3.0958794639e-08,3000,6000
106,62,337,349,350,3.09588799041e-08,3000,6000
107,66,351,358,350,3.09588834568e-08,3000,6000
108,343,337,358,350,3.09588266134e-08,3000,6000
109,343,349,337,350,3.0958819508e-08,3000,6000
110,343,358,351,350,3.09588550351e-08,3000,6000
111,343,351,349,350,3.09588479297e-08,3000,6000
112,61,338,345,358,3.0958794639e-08,3000,6000
113,63,355,338,357,3.09588799041e-08,3000,6000
114,65,345,355,356,3.0958794639e-08,3000,6000
115,66,357,358,356,3.09588834568e-08,3000,6000
116,338,345,358,356,3.0958794639e-08,3000,6000
117,338,355,345,356,3.0958794639e-08,3000,6000
118,338,358,357,356,3.09588834568e-08,3000,6000
119,338,357,355,356,3.09588799041e-08,3000,6000
120,61,345,343,358,3.0958794639e-08,3000,6000
121,65,344,345,356,3.0958794639e-08,3000,6000
122,64,343,344,351,3.0958794639e-08,3000,6000
123,66,356,358,351,3.09588834568e-08,3000,6000
124,345,343,358,351,3.0958794639e-08,3000,6000
125,345,344,343,351,3.0958794639e-08,3000,6000
126,345,358,356,351,3.0958794639e-08,3000,6000
127,345,356,344,351,3.0958794639e-08,3000,6000
128,6,359,360,361,3.09588834568e-08,3000,6000
129,67,362,359,363,3.09588052971e-08,3000,6000
130,68,360,362,364,3.0958794639e-08,3000,6000
131,69,363,361,364,3.0958794639e-08,3000,6000
132,359,360,361,364,3.0958794639e-08,3000,6000
133,359,362,360,364,3.0958794639e-08,3000,6000
134,359,361,363,364,3.0958794639e-08,3000,6000
135,359,363,362,364,3.0958794639e-08,3000,6000
136,14,365,366,367,3.09588870095e-08,3000,6000
137,70,368,365,369,3.0958894115e-08,3000,6000
138,67,366,368,370,3.0958894115e-08,3000,6000
139,71,369,367,370,3.0958894115e-08,3000,6000
140,365,366,367,370,3.0958894115e-08,3000,6000
141,365,368,366,370,3.0958894115e-08,3000,6000
142,365,367,369,370,3.0958894115e-08,3000,6000
143,365,369,368,370,3.0958894115e-08,3000,6000
144,16,371,372,373,3.09588834568e-08,3000,6000
145,68,374,371,375,3.09588799041e-08,3000,6000
146,70,372,374,376,3.09588905623e-08,3000,6000
147,72,375,373,376,3.09588834568e-08,3000,6000
148,371,372,373,376,3.09588799041e-08,3000,6000
149,371,374,372,376,3.09588799041e-08,3000,6000
150,371,373,375,376,3.09588799041e-08,3000,6000
151,371,375,374,376,3.09588799041e-08,3000,6000
152,18,377,378,379,3.09588834568e-08,3000,6000
153,71,380,377,381,3.09588905623e-08,3000,6000
154,69,378,380,382,3.09588799041e-08,3000,6000
155,72,381,379,382,3.09588834568e-08,3000,6000
156,377,378,379,382,3.09588799041e-08,3000,6000
157,377,380,378,382,3.09588799041e-08,3000,6000
158,377,379,381,382,3.09588799041e-08,3000,6000
159,377,381,380,382,3.09588799041e-08,3000,6000
160,67,362,363,383,3.0958894115e-08,3000,6000
161,68,364,362,375,3.09588834568e-08,3000,6000
162,69,363,364,382,3.09588834568e-08,3000,6000
163,72,375,383,382,3.09588834568e-08,3000,6000
164,362,363,383,382,3.09588834568e-08,3000,6000
165,362,364,363,382,3.09588834568e-08,3000,6000
166,362,383,375,382,3.09588834568e-08,3000,6000
167,362,375,364,382,3.09588834568e-08,3000,6000
168,67,368,362,383,3.0958894115e-08,3000,6000
169,70,374,368,376,3.0958894115e-08,3000,6000
170,68,362,374,375,3.09588834568e-08,3000,6000
171,72,376,383,375,3.09588834568e-08,3000,6000
172,368,362,383,375,3.09588870095e-08,3000,6000
173,368,374,362,375,3.09588870095e-08,3000,6000
174,368,383,376,375,3.09588870095e-08,3000,6000
175,368,376,374,375,3.09588870095e-08,3000,6000
176,67,363,370,383,3.0958894115e-08,3000,6000
177,69,380,363,382,3.09588834568e-08,3000,6000
178,71,370,380,381,3.0958894115e-08,3000,6000
179,72,382,383,381,3.09588834568e-08,3000,6000
180,363,370,383,381,3.0958894115e-08,3000,6000
181,363,380,370,381,3.0958894115e-08,3000,6000
182,363,383,382,381,3.09588834568e-08,3000,6000
183,363,382,380,381,3.09588834568e-08,3000,6000
184,67,370,368,383,3.0958894115e-08,3000,6000
185,71,369,370,381,3.0958894115e-08,3000,6000
186,70,368,369,376,3.0958894115e-08,3000,6000
187,72,381,383,376,3.09588834568e-08,3000,6000
188,370,368,383,376,3.0958894115e-08,3000,6000
189,370,369,368,376,3.0958894115e-08,3000,6000
190,370,383,381,376,3.0958894115e-08,3000,6000
191,370,381,369,376,3.0958894115e-08,3000,6000
192,2,384,385,386,3.09588834568e-08,3000,6000
193,73,387,384,388,3.09588799041e-08,3000,6000
194,74,385,387,389,3.09588834568e-08,3000,6000
195,75,388,386,389,3.09587981917e-08,3000,6000
196,384,385,386,389,3.09588834568e-08,3000,6000
197,384,387,385,389,3.09588834568e-08,3000,6000
198,384,386,388,389,3.09588834568e-08,3000,6000
199,384,388,387,389,3.09588834568e-08,3000,6000
200,17,390,391,392,3.09588834568e-08,3000,6000
201,76,393,390,394,3.09588799041e-08,3000,6000
202,73,391,393,395,3.09588834568e-08,3000,6000
203,77,394,392,395,3.0958794639e-08,3000,6000
204,390,391,392,395,3.09588799041e-08,3000,6000
205,390,393,391,395,3.09588799041e-08,3000,6000
206,390,392,394,395,3.09588799041e-08,3000,6000
207,390,394,393,395,3.09588799041e-08,3000,6000
208,15,396,397,398,3.09588905623e-08,3000,6000
209,74,399,396,400,3.09588905623e-08,3000,6000
210,76,397,399,401,3.0958894115e-08,3000,6000
211,78,400,398,401,3.09588052971e-08,3000,6000
212,396,397,398,401,3.09588905623e-08,3000,6000
213,396,399,397,401,3.09588905623e-08,3000,6000
214,396,398,400,401,3.09588905623e-08,3000,6000
215,396,400,399,401,3.09588905623e-08,3000,6000
216,18,402,403,404,3.09588905623e-08,3000,6000
217,77,405,402,406,3.09588834568e-08,3000,6000
218,75,403,405,407,3.09588799041e-08,3000,6000
219,78,406,404,407,3.09588799041e-08,3000,6000
220,402,403,404,407,3.09588905623e-08,3000,6000
221,402,405,403,407,3.09588799041e-08,3000,6000
222,402,404,406,407,3.09588905623e-08,3000,6000
223,402,406,405,407,3.09588799041e-08,3000,6000
224,73,387,388,408,3.09588763514e-08,3000,6000
225,74,389,387,400,3.09588834568e-08,3000,6000
226,75,388,389,407,3.09587981917e-08,3000,6000
227,78,400,408,407,3.09587875336e-08,3000,6000
228,387,388,408,407,3.09588479297e-08,3000,6000
229,387,389,388,407,3.09588585878e-08,3000,6000
230,387,408,400,407,3.09588159553e-08,3000,6000
231,387,400,389,407,3.09588230607e-08,3000,6000
232,73,393,387,408,3.09588799041e-08,3000,6000
233,76,399,393,401,3.09588834568e-08,3000,6000
234,74,387,399,400,3.09588799041e-08,3000,6000
235,78,401,408,400,3.0958794639e-08,3000,6000
236,393,387,408,400,3.09588799041e-08,3000,6000
237,393,399,387,400,3.09588799041e-08,3000,6000
238,393,408,401,400,3.09588799041e-08,3000,6000
239,393,401,399,400,3.09588799041e-08,3000,6000
240,73,388,395,408,3.09588799041e-08,3000,6000
241,75,405,388,407,3.0958794639e-08,3000,6000
242,77,395,405,406,3.0958794639e-08,3000,6000
243,78,407,408,406,3.0958794639e-08,3000,6000
244,388,395,408,406,3.0958794639e-08,3000,6000
245,388,405,395,406,3.0958794639e-08,3000,6000
246,388,408,407,406,3.0958794639e-08,3000,6000
247,388,407,405,406,3.0958794639e-08,3000,6000
248,73,395,393,408,3.09588834568e-08,3000,6000
249,77,394,395,406,3.0958794639e-08,3000,6000
250,76,393,394,401,3.09588799041e-08,3000,6000
251,78,406,408,401,3.09587981917e-08,3000,6000
252,395,393,408,401,3.09588834568e-08,3000,6000
253,395,394,393,401,3.09588799041e-08,3000,6000
254,395,408,406,401,3.09587981917e-08,3000,6000
255,395,406,394,401,3.0958794639e-08,3000,6000
256,13,315,317,409,3.0958894115e-08,3000,6000
257,58,319,315,410,3.09588052971e-08,3000,6000
258,59,317,319,411,3.0958894115e-08,3000,6000
259,79,410,409,411,3.0958794639e-08,3000,6000
260,315,317,409,411,3.0958894115e-08,3000,6000
261,315,319,317,411,3.09588905623e-08,3000,6000
262,315,409,410,411,3.09588052971e-08,3000,6000
263,315,410,319,411,3.09588052971e-08,3000,6000
264,14,323,322,367,3.09588870095e-08,3000,6000
265,60,326,323,412,3.0958894115e-08,3000,6000
266,58,322,326,413,3.0958894115e-08,3000,6000
267,71,412,367,413,3.0958894115e-08,3000,6000
268,323,322,367,413,3.0958894115e-08,3000,6000
269,323,326,322,413,3.0958894115e-08,3000,6000
270,323,367,412,413,3.0958894115e-08,3000,6000
271,323,412,326,413,3.0958894115e-08,3000,6000
272,15,327,329,398,3.0958894115e-08,3000,6000
273,59,331,327,414,3.0958894115e-08,3000,6000
274,60,329,331,415,3.09588052971e-08,3000,6000
275,78,414,398,415,3.0958794639e-08,3000,6000
276,327,329,398,415,3.09588372716e-08,3000,6000
277,327,331,329,415,3.0958869246e-08,3000,6000
278,327,398,414,415,3.09588301661e-08,3000,6000
279,327,414,331,415,3.09588585878e-08,3000,6000
280,18,377,416,404,3.09588834568e-08,3000,6000
281,71,417,377,418,3.09588905623e-08,3000,6000
282,79,416,417,419,3.0958894115e-08,3000,6000
283,78,418,404,419,3.0958894115e-08,3000,6000
284,377,416,404,419,3.09588834568e-08,3000,6000
285,377,417,416,419,3.09588870095e-08,3000,6000
286,377,404,418,419,3.09588976677e-08,3000,6000
287,377,418,417,419,3.09589012204e-08,3000,6000
288,58,319,410,420,3.09588052971e-08,3000,6000
289,59,411,319,414,3.0958894115e-08,3000,6000
290,79,410,411,419,3.0958794639e-08,3000,6000
291,78,414,420,419,3.0958794639e-08,3000,6000
292,319,410,420,419,3.0958794639e-08,3000,6000
293,319,411,410,419,3.09588124026e-08,3000,6000
294,319,420,414,419,3.09587910863e-08,3000,6000
295,319,414,411,419,3.09588052971e-08,3000,6000
296,58,326,319,420,3.09588052971e-08,3000,6000
297,60,331,326,415,3.09588052971e-08,3000,6000
298,59,319,331,414,3.0958894115e-08,3000,6000
299,78,415,420,414,3.0958794639e-08,3000,6000
300,326,319,420,414,3.09588052971e-08,3000,6000
301,326,331,319,414,3.09588052971e-08,3000,6000
302,326,420,415,414,3.09588052971e-08,3000,6000
303,326,415,331,414,3.09588052971e-08,3000,6000
304,58,410,413,420,3.0958894115e-08,3000,6000
305,79,417,410,419,3.09588834568e-08,3000,6000
306,71,413,417,418,3.09588799041e-08,3000,6000
307,78,419,420,418,3.09588834568e-08,3000,6000
308,410,413,420,418,3.09588834568e-08,3000,6000
309,410,417,413,418,3.09588799041e-08,3000,6000
310,410,420,419,418,3.09588834568e-08,3000,6000
311,410,419,417,418,3.09588799041e-08,3000,6000
312,58,413,326,420,3.0958894115e-08,3000,6000
313,71,412,413,418,3.09588834568e-08,3000,6000
314,60,326,412,415,3.0958894115e-08,3000,6000
315,78,418,420,415,3.09588799041e-08,3000,6000
316,413,326,420,415,3.09588905623e-08,3000,6000
317,413,412,326,415,3.0958894115e-08,3000,6000
318,413,420,418,415,3.09588799041e-08,3000,6000
319,413,418,412,415,3.09588834568e-08,3000,6000
320,13,347,315,409,3.0958894115e-08,3000,6000
321,64,421,347,422,3.0958794639e-08,3000,6000
322,58,315,421,410,3.09588052971e-08,3000,6000
323,79,422,409,410,3.0958794639e-08,3000,6000
324,347,315,409,410,3.09588052971e-08,3000,6000
325,347,421,315,410,3.09588052971e-08,3000,6000
326,347,409,422,410,3.0958794639e-08,3000,6000
327,347,422,421,410,3.0958794639e-08,3000,6000
328,16,372,340,373,3.09588834568e-08,3000,6000
329,70,423,372,376,3.09588905623e-08,3000,6000
330,64,340,423,424,3.0958894115e-08,3000,6000
331,72,376,373,424,3.09588834568e-08,3000,6000
332,372,340,373,424,3.09588834568e-08,3000,6000
333,372,423,340,424,3.0958894115e-08,3000,6000
334,372,373,376,424,3.09588799041e-08,3000,6000
335,372,376,423,424,3.09588905623e-08,3000,6000
336,14,322,365,367,3.09588870095e-08,3000,6000
337,58,425,322,413,3.0958894115e-08,3000,6000
338,70,365,425,369,3.0958894115e-08,3000,6000
339,71,413,367,369,3.0958894115e-08,3000,6000
340,322,365,367,369,3.0958894115e-08,3000,6000
341,322,425,365,369,3.0958894115e-08,3000,6000
342,322,367,413,369,3.0958894115e-08,3000,6000
343,322,413,425,369,3.0958894115e-08,3000,6000
344,18,379,416,377,3.09588834568e-08,3000,6000
345,72,426,379,381,3.09588834568e-08,3000,6000
346,79,416,426,417,3.0958894115e-08,3000,6000
347,71,381,377,417,3.09588905623e-08,3000,6000
348,379,416,377,417,3.09588870095e-08,3000,6000
349,379,426,416,417,3.0958894115e-08,3000,6000
350,379,377,381,417,3.09588799041e-08,3000,6000
351,379,381,426,417,3.09588870095e-08,3000,6000
352,64,421,422,427,3.09588834568e-08,3000,6000
353,58,410,421,413,3.09588905623e-08,3000,6000
354,79,422,410,417,3.09588834568e-08,3000,6000
355,71,413,427,417,3.09588834568e-08,3000,6000
356,421,422,427,417,3.09588834568e-08,3000,6000
357,421,410,422,417,3.09588799041e-08,3000,6000
358,421,427,413,417,3.09588834568e-08,3000,6000
359,421,413,410,417,3.09588799041e-08,3000,6000
360,64,423,421,427,3.09588799041e-08,3000,6000
361,70,425,423,369,3.09588834568e-08,3000,6000
362,58,421,425,413,3.0958894115e-08,3000,6000
363,71,369,427,413,3.09588834568e-08,3000,6000
364,423,421,427,413,3.09588799041e-08,3000,6000
365,423,425,421,413,3.09588834568e-08,3000,6000
366,423,427,369,413,3.09588799041e-08,3000,6000
367,423,369,425,413,3.09588834568e-08,3000,6000
368,64,422,424,427,3.0958894115e-08,3000,6000
369,79,426,422,417,3.0958894115e-08,3000,6000
370,72,424,426,381,3.09588834568e-08,3000,6000
371,71,417,427,381,3.0958894115e-08,3000,6000
372,422,424,427,381,3.09588976677e-08,3000,6000
373,422,426,424,381,3.09588834568e-08,3000,6000
374,422,427,417,381,3.09589047731e-08,3000,6000
375,422,417,426,381,3.09588870095e-08,3000,6000
376,64,424,423,427,3.09588905623e-08,3000,6000
377,72,376,424,381,3.09588834568e-08,3000,6000
378,70,423,376,369,3.0958894115e-08,3000,6000
379,71,381,427,369,3.0958894115e-08,3000,6000
380,424,423,427,369,3.09588905623e-08,3000,6000
381,424,376,423,369,3.09588905623e-08,3000,6000
382,424,427,381,369,3.0958894115e-08,3000,6000
383,424,381,376,369,3.0958894115e-08,3000,6000
384,13,317,348,409,3.0958894115e-08,3000,6000
385,59,428,317,411,3.0958894115e-08,3000,6000
386,66,348,428,429,3.09588905623e-08,3000,6000
387,79,411,409,429,3.09588052971e-08,3000,6000
388,317,348,409,429,3.09588905623e-08,3000,6000
389,317,428,348,429,3.09588905623e-08,3000,6000
390,317,409,411,429,3.0958894115e-08,3000,6000
391,317,411,428,429,3.0958894115e-08,3000,6000
392,15,397,327,398,3.0958894115e-08,3000,6000
393,76,430,397,401,3.09588905623e-08,3000,6000
394,59,327,430,414,3.0958894115e-08,3000,6000
395,78,401,398,414,3.09588052971e-08,3000,6000
396,397,327,398,414,3.0958894115e-08,3000,6000
397,397,430,327,414,3.09588905623e-08,3000,6000
398,397,398,401,414,3.0958894115e-08,3000,6000
399,397,401,430,414,3.09588905623e-08,3000,6000
400,17,354,390,392,3.09588834568e-08,3000,6000
401,66,431,354,432,3.09588834568e-08,3000,6000
402,76,390,431,394,3.09588834568e-08,3000,6000
403,77,432,392,394,3.0958794639e-08,3000,6000
404,354,390,392,394,3.09588834568e-08,3000,6000
405,354,431,390,394,3.09588834568e-08,3000,6000
406,354,392,432,394,3.09588834568e-08,3000,6000
407,354,432,431,394,3.09588834568e-08,3000,6000
408,18,404,416,402,3.0958894115e-08,3000,6000
409,78,419,404,406,3.09588834568e-08,3000,6000
410,79,416,419,433,3.09588834568e-08,3000,6000
411,77,406,402,433,3.09588799041e-08,3000,6000
412,404,416,402,433,3.0958894115e-08,3000,6000
413,404,419,416,433,3.09588834568e-08,3000,6000
414,404,402,406,433,3.09588905623e-08,3000,6000
415,404,406,419,433,3.09588799041e-08,3000,6000
416,59,428,411,434,3.09588870095e-08,3000,6000
417,66,429,428,432,3.09588870095e-08,3000,6000
418,79,411,429,433,3.09588017444e-08,3000,6000
419,77,432,434,433,3.09588017444e-08,3000,6000
420,428,411,434,433,3.09588266134e-08,3000,6000
421,428,429,411,433,3.09589154313e-08,3000,6000
422,428,434,432,433,3.09587733227e-08,3000,6000
423,428,432,429,433,3.09588621406e-08,3000,6000
424,59,430,428,434,3.0958894115e-08,3000,6000
425,76,431,430,394,3.0958894115e-08,3000,6000
426,66,428,431,432,3.0958894115e-08,3000,6000
427,77,394,434,432,3.09588052971e-08,3000,6000
428,430,428,434,432,3.0958894115e-08,3000,6000
429,430,431,428,432,3.0958894115e-08,3000,6000
430,430,434,394,432,3.0958894115e-08,3000,6000
431,430,394,431,432,3.0958894115e-08,3000,6000
432,59,411,414,434,3.09588834568e-08,3000,6000
433,79,419,411,433,3.0958794639e-08,3000,6000
434,78,414,419,406,3.0958794639e-08,3000,6000
435,77,433,434,406,3.0958794639e-08,3000,6000
436,411,414,434,406,3.0958794639e-08,3000,6000
437,411,419,414,406,3.0958794639e-08,3000,6000
438,411,434,433,406,3.0958794639e-08,3000,6000
439,411,433,419,406,3.0958794639e-08,3000,6000
440,59,414,430,434,3.09588870095e-08,3000,6000
441,78,401,414,406,3.09588017444e-08,3000,6000
442,76,430,401,394,3.09588870095e-08,3000,6000
443,77,406,434,394,3.09587981917e-08,3000,6000
444,414,430,434,394,3.09588870095e-08,3000,6000
445,414,401,430,394,3.09588870095e-08,3000,6000
446,414,434,406,394,3.09588017444e-08,3000,6000
447,414,406,401,394,3.09587981917e-08,3000,6000
448,13,348,347,409,3.0958894115e-08,3000,6000
449,66,351,348,429,3.09588905623e-08,3000,6000
450,64,347,351,422,3.09588052971e-08,3000,6000
451,79,429,409,422,3.09588052971e-08,3000,6000
452,348,347,409,422,3.09588585878e-08,3000,6000
453,348,351,347,422,3.09588656933e-08,3000,6000
454,348,409,429,422,3.09588337188e-08,3000,6000
455,348,429,351,422,3.09588372716e-08,3000,6000
456,17,352,354,392,3.09588834568e-08,3000,6000
457,65,356,352,435,3.0958794639e-08,3000,6000
458,66,354,356,432,3.09588834568e-08,3000,6000
459,77,435,392,432,3.0958794639e-08,3000,6000
460,352,354,392,432,3.09588834568e-08,3000,6000
461,352,356,354,432,3.09588834568e-08,3000,6000
462,352,392,435,432,3.0958794639e-08,3000,6000
463,352,435,356,432,3.0958794639e-08,3000,6000
464,16,340,342,373,3.0958894115e-08,3000,6000
465,64,344,340,424,3.09588834568e-08,3000,6000
466,65,342,344,436,3.09588799041e-08,3000,6000
467,72,424,373,436,3.0958894115e-08,3000,6000
468,340,342,373,436,3.09588905623e-08,3000,6000
469,340,344,342,436,3.09588905623e-08,3000,6000
470,340,373,424,436,3.0958894115e-08,3000,6000
471,340,424,344,436,3.0958894115e-08,3000,6000
472,18,402,416,379,3.0958894115e-08,3000,6000
473,77,433,402,437,3.09588799041e-08,3000,6000
474,79,416,433,426,3.09588834568e-08,3000,6000
475,72,437,379,426,3.0958894115e-08,3000,6000
476,402,416,379,426,3.0958894115e-08,3000,6000
477,402,433,416,426,3.0958894115e-08,3000,6000
478,402,379,437,426,3.09588905623e-08,3000,6000
479,402,437,433,426,3.09588905623e-08,3000,6000
480,66,351,429,438,3.0958869246e-08,3000,6000
481,64,422,351,424,3.09588408243e-08,3000,6000
482,79,429,422,426,3.09588408243e-08,3000,6000
483,72,424,438,426,3.09589047731e-08,3000,6000
484,351,429,438,426,3.09588799041e-08,3000,6000
485,351,422,429,426,3.09588372716e-08,3000,6000
486,351,438,424,426,3.09588799041e-08,3000,6000
487,351,424,422,426,3.09588408243e-08,3000,6000
488,66,356,351,438,3.0958844377e-08,3000,6000
489,65,344,356,436,3.09588088498e-08,3000,6000
490,64,351,344,424,3.09588159553e-08,3000,6000
491,72,436,438,424,3.09588870095e-08,3000,6000
492,356,351,438,424,3.09588408243e-08,3000,6000
493,356,344,351,424,3.09588159553e-08,3000,6000
494,356,438,436,424,3.09588514824e-08,3000,6000
495,356,436,344,424,3.09588266134e-08,3000,6000
496,66,429,432,438,3.09588337188e-08,3000,6000
497,79,433,429,426,3.09588621406e-08,3000,6000
498,77,432,433,437,3.09588656933e-08,3000,6000
499,72,426,438,437,3.09588976677e-08,3000,6000
500,429,432,438,437,3.09588337188e-08,3000,6000
501,429,433,432,437,3.09588656933e-08,3000,6000
502,429,438,426,437,3.0958844377e-08,3000,6000
503,429,426,433,437,3.09588763514e-08,3000,6000
504,66,432,356,438,3.09588052971e-08,3000,6000
505,77,435,432,437,3.09588266134e-08,3000,6000
506,65,356,435,436,3.09588266134e-08,3000,6000
507,72,437,438,436,3.09588834568e-08,3000,6000
508,432,356,438,436,3.09588052971e-08,3000,6000
509,432,435,356,436,3.09588266134e-08,3000,6000
510,432,438,437,436,3.09588052971e-08,3000,6000
511,432,437,435,436,3.09588266134e-08,3000,6000
512,0,309,311,439,3.09588870095e-08,3000,6000
513,55,313,309,440,3.09588870095e-08,3000,6000
514,57,311,313,441,3.09588870095e-08,3000,6000
515,80,440,439,441,3.09588017444e-08,3000,6000
516,309,311,439,441,3.09588905623e-08,3000,6000
517,309,313,311,441,3.09588870095e-08,3000,6000
518,309,439,440,441,3.09588905623e-08,3000,6000
519,309,440,313,441,3.09588870095e-08,3000,6000
520,13,317,316,442,3.09588834568e-08,3000,6000
521,59,320,317,443,3.09588834568e-08,3000,6000
522,55,316,320,444,3.09588905623e-08,3000,6000
523,81,443,442,444,3.0958794639e-08,3000,6000
524,317,316,442,444,3.09588799041e-08,3000,6000
525,317,320,316,444,3.09588799041e-08,3000,6000
526,317,442,443,444,3.09588799041e-08,3000,6000
527,317,443,320,444,3.09588834568e-08,3000,6000
528,15,328,327,445,3.09588834568e-08,3000,6000
529,57,330,328,446,3.09588905623e-08,3000,6000
530,59,327,330,447,3.09588834568e-08,3000,6000
531,82,446,445,447,3.0958794639e-08,3000,6000
532,328,327,445,447,3.09588799041e-08,3000,6000
533,328,330,327,447,3.09588799041e-08,3000,6000
534,328,445,446,447,3.09588799041e-08,3000,6000
535,328,446,330,447,3.09588799041e-08,3000,6000
536,19,448,449,450,3.09588870095e-08,3000,6000
537,81,451,448,452,3.09588870095e-08,3000,6000
538,80,449,451,453,3.09588905623e-08,3000,6000
539,82,452,450,453,3.09588870095e-08,3000,6000
540,448,449,450,453,3.09588870095e-08,3000,6000
541,448,451,449,453,3.09588870095e-08,3000,6000
542,448,450,452,453,3.09588870095e-08,3000,6000
543,448,452,451,453,3.09588870095e-08,3000,6000
544,55,313,440,454,3.09588870095e-08,3000,6000
545,57,441,313,446,3.09588870095e-08,3000,6000
546,80,440,441,453,3.09588052971e-08,3000,6000
547,82,446,454,453,3.09588017444e-08,3000,6000
548,313,440,454,453,3.09588621406e-08,3000,6000
549,313,441,440,453,3.09588550351e-08,3000,6000
550,313,454,446,453,3.09588337188e-08,3000,6000
551,313,446,441,453,3.09588266134e-08,3000,6000
552,55,320,313,454,3.0958894115e-08,3000,6000
553,59,330,320,447,3.09588834568e-08,3000,6000
554,57,313,330,446,3.0958894115e-08,3000,6000
555,82,447,454,446,3.0958794639e-08,3000,6000
556,320,313,454,446,3.0958894115e-08,3000,6000
557,320,330,313,446,3.0958894115e-08,3000,6000
558,320,454,447,446,3.09588834568e-08,3000,6000
559,320,447,330,446,3.09588834568e-08,3000,6000
560,55,440,444,454,3.09588870095e-08,3000,6000
561,80,451,440,453,3.09588052971e-08,3000,6000
562,81,444,451,452,3.09588017444e-08,3000,6000
563,82,453,454,452,3.09588017444e-08,3000,6000
564,440,444,454,452,3.09588017444e-08,3000,6000
565,440,451,444,452,3.09588017444e-08,3000,6000
566,440,454,453,452,3.09588017444e-08,3000,6000
567,440,453,451,452,3.09588017444e-08,3000,6000
568,55,444,320,454,3.0958894115e-08,3000,6000
569,81,443,444,452,3.0958794639e-08,3000,6000
570,59,320,443,447,3.09588834568e-08,3000,6000
571,82,452,454,447,3.0958794639e-08,3000,6000
572,444,320,454,447,3.09588834568e-08,3000,6000
573,444,443,320,447,3.09588834568e-08,3000,6000
574,444,454,452,447,3.0958794639e-08,3000,6000
575,444,452,443,447,3.0958794639e-08,3000,6000
576,1,336,335,455,3.09588834568e-08,3000,6000
577,63,339,336,456,3.09588799041e-08,3000,6000
578,62,335,339,457,3.09588834568e-08,3000,6000
579,83,456,455,457,3.09587981917e-08,3000,6000
580,336,335,455,457,3.09588834568e-08,3000,6000
581,336,339,335,457,3.09588834568e-08,3000,6000
582,336,455,456,457,3.09588834568e-08,3000,6000
583,336,456,339,457,3.09588834568e-08,3000,6000
584,17,354,353,458,3.09588834568e-08,3000,6000
585,66,357,354,459,3.09588799041e-08,3000,6000
586,63,353,357,460,3.09588834568e-08,3000,6000
587,84,459,458,460,3.0958794639e-08,3000,6000
588,354,353,458,460,3.09588799041e-08,3000,6000
589,354,357,353,460,3.09588799041e-08,3000,6000
590,354,458,459,460,3.09588799041e-08,3000,6000
591,354,459,357,460,3.09588799041e-08,3000,6000
592,13,346,348,461,3.09588905623e-08,3000,6000
593,62,350,346,462,3.09588905623e-08,3000,6000
594,66,348,350,463,3.0958894115e-08,3000,6000
595,85,462,461,463,3.09588052971e-08,3000,6000
596,346,348,461,463,3.09588905623e-08,3000,6000
597,346,350,348,463,3.09588905623e-08,3000,6000
598,346,461,462,463,3.09588905623e-08,3000,6000
599,346,462,350,463,3.09588905623e-08,3000,6000
600,20,464,465,466,3.09588905623e-08,3000,6000
601,84,467,464,468,3.09588834568e-08,3000,6000
602,83,465,467,469,3.09588799041e-08,3000,6000
603,85,468,466,469,3.09588799041e-08,3000,6000
604,464,465,466,469,3.09588905623e-08,3000,6000
605,464,467,465,469,3.09588799041e-08,3000,6000
606,464,466,468,469,3.09588905623e-08,3000,6000
607,464,468,467,469,3.09588799041e-08,3000,6000
608,63,339,456,470,3.09588763514e-08,3000,6000
609,62,457,339,462,3.09588834568e-08,3000,6000
610,83,456,457,469,3.09587981917e-08,3000,6000
611,85,462,470,469,3.09587875336e-08,3000,6000
612,339,456,470,469,3.09588479297e-08,3000,6000
613,339,457,456,469,3.09588585878e-08,3000,6000
614,339,470,462,469,3.09588159553e-08,3000,6000
615,339,462,457,469,3.09588230607e-08,3000,6000
616,63,357,339,470,3.09588799041e-08,3000,6000
617,66,350,357,463,3.09588834568e-08,3000,6000
618,62,339,350,462,3.09588799041e-08,3000,6000
619,85,463,470,462,3.0958794639e-08,3000,6000
620,357,339,470,462,3.09588799041e-08,3000,6000
621,357,350,339,462,3.09588799041e-08,3000,6000
622,357,470,463,462,3.09588799041e-08,3000,6000
623,357,463,350,462,3.09588799041e-08,3000,6000
624,63,456,460,470,3.09588799041e-08,3000,6000
625,83,467,456,469,3.0958794639e-08,3000,6000
626,84,460,467,468,3.0958794639e-08,3000,6000
627,85,469,470,468,3.0958794639e-08,3000,6000
628,456,460,470,468,3.0958794639e-08,3000,6000
629,456,467,460,468,3.0958794639e-08,3000,6000
630,456,470,469,468,3.0958794639e-08,3000,6000
631,456,469,467,468,3.0958794639e-08,3000,6000
632,63,460,357,470,3.09588834568e-08,3000,6000
633,84,459,460,468,3.0958794639e-08,3000,6000
634,66,357,459,463,3.09588799041e-08,3000,6000
635,85,468,470,463,3.09587981917e-08,3000,6000
636,460,357,470,463,3.09588834568e-08,3000,6000
637,460,459,357,463,3.09588799041e-08,3000,6000
638,460,470,468,463,3.09587981917e-08,3000,6000
639,460,468,459,463,3.0958794639e-08,3000,6000
640,2,385,384,471,3.09588834568e-08,3000,6000
641,74,387,385,472,3.09588834568e-08,3000,6000
642,73,384,387,473,3.09588799041e-08,3000,6000
643,86,472,471,473,3.09587981917e-08,3000,6000
644,385,384,471,473,3.09588834568e-08,3000,6000
645,385,387,384,473,3.09588834568e-08,3000,6000
646,385,471,472,473,3.09588834568e-08,3000,6000
647,385,472,387,473,3.09588834568e-08,3000,6000
648,15,397,396,474,3.09588905623e-08,3000,6000
649,76,399,397,475,3.0958894115e-08,3000,6000
650,74,396,399,476,3.09588905623e-08,3000,6000
651,87,475,474,476,3.09588052971e-08,3000,6000
652,397,396,474,476,3.09588905623e-08,3000,6000
653,397,399,396,476,3.09588905623e-08,3000,6000
654,397,474,475,476,3.09588905623e-08,3000,6000
655,397,475,399,476,3.09588905623e-08,3000,6000
656,17,391,390,477,3.09588834568e-08,3000,6000
657,73,393,391,478,3.09588834568e-08,3000,6000
658,76,390,393,479,3.09588799041e-08,3000,6000
659,88,478,477,479,3.0958794639e-08,3000,6000
660,391,390,477,479,3.09588834568e-08,3000,6000
661,391,393,390,479,3.09588799041e-08,3000,6000
662,391,477,478,479,3.09588799041e-08,3000,6000
663,391,478,393,479,3.09588799041e-08,3000,6000
664,21,480,481,482,3.09588905623e-08,3000,6000
665,87,483,480,484,3.09588799041e-08,3000,6000
666,86,481,483,485,3.09588799041e-08,3000,6000
667,88,484,482,485,3.09588834568e-08,3000,6000
668,480,481,482,485,3.09588905623e-08,3000,6000
669,480,483,481,485,3.09588799041e-08,3000,6000
670,480,482,484,485,3.09588905623e-08,3000,6000
671,480,484,483,485,3.09588799041e-08,3000,6000
672,74,387,472,486,3.09588799041e-08,3000,6000
673,73,473,387,478,3.09588799041e-08,3000,6000
674,86,472,473,485,3.0958794639e-08,3000,6000
675,88,478,486,485,3.0958794639e-08,3000,6000
676,387,472,486,485,3.09588479297e-08,3000,6000
677,387,473,472,485,3.09588550351e-08,3000,6000
678,387,486,478,485,3.0958819508e-08,3000,6000
679,387,478,473,485,3.09588266134e-08,3000,6000
680,74,399,387,486,3.09588799041e-08,3000,6000
681,76,393,399,479,3.09588834568e-08,3000,6000
682,73,387,393,478,3.09588799041e-08,3000,6000
683,88,479,486,478,3.0958794639e-08,3000,6000
684,399,387,486,478,3.09588799041e-08,3000,6000
685,399,393,387,478,3.09588799041e-08,3000,6000
686,399,486,479,478,3.09588834568e-08,3000,6000
687,399,479,393,478,3.09588834568e-08,3000,6000
688,74,472,476,486,3.09588799041e-08,3000,6000
689,86,483,472,485,3.0958794639e-08,3000,6000
690,87,476,483,484,3.0958794639e-08,3000,6000
691,88,485,486,484,3.0958794639e-08,3000,6000
692,472,476,486,484,3.0958794639e-08,3000,6000
693,472,483,476,484,3.0958794639e-08,3000,6000
694,472,486,485,484,3.0958794639e-08,3000,6000
695,472,485,483,484,3.0958794639e-08,3000,6000
696,74,476,399,486,3.09588799041e-08,3000,6000
697,87,475,476,484,3.0958794639e-08,3000,6000
698,76,399,475,479,3.09588834568e-08,3000,6000
699,88,484,486,479,3.0958794639e-08,3000,6000
700,476,399,486,479,3.09588834568e-08,3000,6000
701,476,475,399,479,3.09588799041e-08,3000,6000
702,476,486,484,479,3.0958794639e-08,3000,6000
703,476,484,475,479,3.0958794639e-08,3000,6000
704,8,487,488,489,3.09588834568e-08,3000,6000
705,89,490,487,491,3.09588834568e-08,3000,6000
706,90,488,490,492,3.0958894115e-08,3000,6000
707,91,491,489,492,3.09588834568e-08,3000,6000
708,487,488,489,492,3.09588834568e-08,3000,6000
709,487,490,488,492,3.09588834568e-08,3000,6000
710,487,489,491,492,3.09588834568e-08,3000,6000
711,487,491,490,492,3.09588834568e-08,3000,6000
712,20,493,494,495,3.09588834568e-08,3000,6000
713,92,496,493,497,3.09588905623e-08,3000,6000
714,89,494,496,498,3.09588799041e-08,3000,6000
715,93,497,495,498,3.09588834568e-08,3000,6000
716,493,494,495,498,3.09588799041e-08,3000,6000
717,493,496,494,498,3.09588799041e-08,3000,6000
718,493,495,497,498,3.09588799041e-08,3000,6000
719,493,497,496,498,3.09588799041e-08,3000,6000
720,19,499,500,501,3.09588870095e-08,3000,6000
721,90,502,499,503,3.0958894115e-08,3000,6000
722,92,500,502,504,3.0958894115e-08,3000,6000
723,94,503,501,504,3.0958894115e-08,3000,6000
724,499,500,501,504,3.0958894115e-08,3000,6000
725,499,502,500,504,3.0958894115e-08,3000,6000
726,499,501,503,504,3.0958894115e-08,3000,6000
727,499,503,502,504,3.0958894115e-08,3000,6000
728,21,505,506,507,3.09588834568e-08,3000,6000
729,93,508,505,509,3.09588834568e-08,3000,6000
730,91,506,508,510,3.09588799041e-08,3000,6000
731,94,509,507,510,3.09588905623e-08,3000,6000
732,505,506,507,510,3.09588799041e-08,3000,6000
733,505,508,506,510,3.09588799041e-08,3000,6000
734,505,507,509,510,3.09588799041e-08,3000,6000
735,505,509,508,510,3.09588834568e-08,3000,6000
736,89,490,491,511,3.09588834568e-08,3000,6000
737,90,492,490,503,3.0958894115e-08,3000,6000
738,91,491,492,510,3.09588834568e-08,3000,6000
739,94,503,511,510,3.0958894115e-08,3000,6000
740,490,491,511,510,3.09588834568e-08,3000,6000
741,490,492,491,510,3.09588834568e-08,3000,6000
742,490,511,503,510,3.0958894115e-08,3000,6000
743,490,503,492,510,3.0958894115e-08,3000,6000
744,89,496,490,511,3.09588834568e-08,3000,6000
745,92,502,496,504,3.0958894115e-08,3000,6000
746,90,490,502,503,3.0958894115e-08,3000,6000
747,94,504,511,503,3.0958894115e-08,3000,6000
748,496,490,511,503,3.0958894115e-08,3000,6000
749,496,502,490,503,3.0958894115e-08,3000,6000
750,496,511,504,503,3.0958894115e-08,3000,6000
751,496,504,502,503,3.0958894115e-08,3000,6000
752,89,491,498,511,3.09588834568e-08,3000,6000
753,91,508,491,510,3.09588834568e-08,3000,6000
754,93,498,508,509,3.09588834568e-08,3000,6000
755,94,510,511,509,3.0958894115e-08,3000,6000
756,491,498,511,509,3.09588834568e-08,3000,6000
757,491,508,498,509,3.09588834568e-08,3000,6000
758,491,511,510,509,3.09588834568e-08,3000,6000
759,491,510,508,509,3.09588834568e-08,3000,6000
760,89,498,496,511,3.09588834568e-08,3000,6000
761,93,497,498,509,3.09588834568e-08,3000,6000
762,92,496,497,504,3.0958894115e-08,3000,6000
763,94,509,511,504,3.0958894115e-08,3000,6000
764,498,496,511,504,3.09588834568e-08,3000,6000
765,498,497,496,504,3.09588870095e-08,3000,6000
766,498,511,509,504,3.09588870095e-08,3000,6000
767,498,509,497,504,3.0958894115e-08,3000,6000
768,13,317,442,512,3.0958894115e-08,3000,6000
769,59,443,317,513,3.0958894115e-08,3000,6000
770,81,442,443,514,3.09588052971e-08,3000,6000
771,95,513,512,514,3.0958794639e-08,3000,6000
772,317,442,512,514,3.09588585878e-08,3000,6000
773,317,443,442,514,3.0958869246e-08,3000,6000
774,317,512,513,514,3.09588301661e-08,3000,6000
775,317,513,443,514,3.09588372716e-08,3000,6000
776,15,445,327,474,3.0958894115e-08,3000,6000
777,82,447,445,515,3.09588052971e-08,3000,6000
778,59,327,447,516,3.0958894115e-08,3000,6000
779,87,515,474,516,3.0958794639e-08,3000,6000
780,445,327,474,516,3.0958894115e-08,3000,6000
781,445,447,327,516,3.09588905623e-08,3000,6000
782,445,474,515,516,3.09588052971e-08,3000,6000
783,445,515,447,516,3.09588052971e-08,3000,6000
784,19,448,450,501,3.09588870095e-08,3000,6000
785,81,452,448,517,3.0958894115e-08,3000,6000
786,82,450,452,518,3.0958894115e-08,3000,6000
787,94,517,501,518,3.0958894115e-08,3000,6000
788,448,450,501,518,3.0958894115e-08,3000,6000
789,448,452,450,518,3.0958894115e-08,3000,6000
790,448,501,517,518,3.0958894115e-08,3000,6000
791,448,517,452,518,3.0958894115e-08,3000,6000
792,21,480,519,507,3.09588834568e-08,3000,6000
793,87,520,480,521,3.0958894115e-08,3000,6000
794,95,519,520,522,3.0958894115e-08,3000,6000
795,94,521,507,522,3.09588905623e-08,3000,6000
796,480,519,507,522,3.0958894115e-08,3000,6000
797,480,520,519,522,3.0958894115e-08,3000,6000
798,480,507,521,522,3.09588905623e-08,3000,6000
799,480,521,520,522,3.09588905623e-08,3000,6000
800,59,443,513,523,3.09588621406e-08,3000,6000
801,81,514,443,517,3.09588372716e-08,3000,6000
802,95,513,514,522,3.09588266134e-08,3000,6000
803,94,517,523,522,3.09588763514e-08,3000,6000
804,443,513,523,522,3.09588550351e-08,3000,6000
805,443,514,513,522,3.0958844377e-08,3000,6000
806,443,523,517,522,3.0958844377e-08,3000,6000
807,443,517,514,522,3.09588337188e-08,3000,6000
808,59,447,443,523,3.0958869246e-08,3000,6000
809,82,452,447,518,3.09588301661e-08,3000,6000
810,81,443,452,517,3.09588301661e-08,3000,6000
811,94,518,523,517,3.0958894115e-08,3000,6000
812,447,443,523,517,3.0958869246e-08,3000,6000
813,447,452,443,517,3.09588301661e-08,3000,6000
814,447,523,518,517,3.0958869246e-08,3000,6000
815,447,518,452,517,3.09588301661e-08,3000,6000
816,59,513,516,523,3.09588301661e-08,3000,6000
817,95,520,513,522,3.09588585878e-08,3000,6000
818,87,516,520,521,3.09588585878e-08,3000,6000
819,94,522,523,521,3.0958869246e-08,3000,6000
820,513,516,523,521,3.0958819508e-08,3000,6000
821,513,520,516,521,3.09588585878e-08,3000,6000
822,513,523,522,521,3.09588159553e-08,3000,6000
823,513,522,520,521,3.09588585878e-08,3000,6000
824,59,516,447,523,3.09588372716e-08,3000,6000
825,87,515,516,521,3.09588514824e-08,3000,6000
826,82,447,515,518,3.09588585878e-08,3000,6000
827,94,521,523,518,3.09588870095e-08,3000,6000
828,516,447,523,518,3.09588372716e-08,3000,6000
829,516,515,447,518,3.09588585878e-08,3000,6000
830,516,523,521,518,3.09588266134e-08,3000,6000
831,516,521,515,518,3.09588479297e-08,3000,6000
832,13,348,317,512,3.0958894115e-08,3000,6000
833,66,428,348,524,3.09588905623e-08,3000,6000
834,59,317,428,513,3.0958894115e-08,3000,6000
835,95,524,512,513,3.09588052971e-08,3000,6000
836,348,317,512,513,3.0958894115e-08,3000,6000
837,348,428,317,513,3.09588905623e-08,3000,6000
838,348,512,524,513,3.0958894115e-08,3000,6000
839,348,524,428,513,3.09588905623e-08,3000,6000
840,17,390,354,477,3.09588834568e-08,3000,6000
841,76,431,390,479,3.09588834568e-08,3000,6000
842,66,354,431,525,3.09588834568e-08,3000,6000
843,88,479,477,525,3.0958794639e-08,3000,6000
844,390,354,477,525,3.09588834568e-08,3000,6000
845,390,431,354,525,3.09588834568e-08,3000,6000
846,390,477,479,525,3.09588834568e-08,3000,6000
847,390,479,431,525,3.09588834568e-08,3000,6000
848,15,327,397,474,3.0958894115e-08,3000,6000
849,59,430,327,516,3.0958894115e-08,3000,6000
850,76,397,430,475,3.09588905623e-08,3000,6000
851,87,516,474,475,3.09588052971e-08,3000,6000
852,327,397,474,475,3.0958894115e-08,3000,6000
853,327,430,397,475,3.09588905623e-08,3000,6000
854,327,474,516,475,3.0958894115e-08,3000,6000
855,327,516,430,475,3.09588905623e-08,3000,6000
856,21,482,519,480,3.0958894115e-08,3000,6000
857,88,526,482,484,3.09588799041e-08,3000,6000
858,95,519,526,520,3.09588834568e-08,3000,6000
859,87,484,480,520,3.09588834568e-08,3000,6000
860,482,519,480,520,3.0958894115e-08,3000,6000
861,482,526,519,520,3.09588870095e-08,3000,6000
862,482,480,484,520,3.09588870095e-08,3000,6000
863,482,484,526,520,3.09588799041e-08,3000,6000
864,66,428,524,527,3.0958894115e-08,3000,6000
865,59,513,428,516,3.0958894115e-08,3000,6000
866,95,524,513,520,3.09588052971e-08,3000,6000
867,87,516,527,520,3.09588052971e-08,3000,6000
868,428,524,527,520,3.09588408243e-08,3000,6000
869,428,513,524,520,3.0958918984e-08,3000,6000
870,428,527,516,520,3.09587804281e-08,3000,6000
871,428,516,513,520,3.09588585878e-08,3000,6000
872,66,431,428,527,3.0958894115e-08,3000,6000
873,76,430,431,475,3.0958894115e-08,3000,6000
874,59,428,430,516,3.0958894115e-08,3000,6000
875,87,475,527,516,3.09588052971e-08,3000,6000
876,431,428,527,516,3.0958894115e-08,3000,6000
877,431,430,428,516,3.0958894115e-08,3000,6000
878,431,527,475,516,3.09588905623e-08,3000,6000
879,431,475,430,516,3.09588905623e-08,3000,6000
880,66,524,525,527,3.09588834568e-08,3000,6000
881,95,526,524,520,3.0958794639e-08,3000,6000
882,88,525,526,484,3.0958794639e-08,3000,6000
883,87,520,527,484,3.0958794639e-08,3000,6000
884,524,525,527,484,3.0958794639e-08,3000,6000
885,524,526,525,484,3.0958794639e-08,3000,6000
886,524,527,520,484,3.0958794639e-08,3000,6000
887,524,520,526,484,3.0958794639e-08,3000,6000
888,66,525,431,527,3.09588834568e-08,3000,6000
889,88,479,525,484,3.0958794639e-08,3000,6000
890,76,431,479,475,3.09588834568e-08,3000,6000
891,87,484,527,475,3.0958794639e-08,3000,6000
892,525,431,527,475,3.09588799041e-08,3000,6000
893,525,479,431,475,3.09588834568e-08,3000,6000
894,525,527,484,475,3.0958794639e-08,3000,6000
895,525,484,479,475,3.0958794639e-08,3000,6000
896,13,442,461,512,3.0958894115e-08,3000,6000
897,81,528,442,514,3.09588052971e-08,3000,6000
898,85,461,528,529,3.0958794639e-08,3000,6000
899,95,514,512,529,3.0958794639e-08,3000,6000
900,442,461,512,529,3.09588052971e-08,3000,6000
901,442,528,461,529,3.09588017444e-08,3000,6000
902,442,512,514,529,3.09587981917e-08,3000,6000
903,442,514,528,529,3.0958794639e-08,3000,6000
904,19,500,448,501,3.09588870095e-08,3000,6000
905,92,530,500,504,3.0958894115e-08,3000,6000
906,81,448,530,517,3.0958894115e-08,3000,6000
907,94,504,501,517,3.0958894115e-08,3000,6000
908,500,448,501,517,3.0958894115e-08,3000,6000
909,500,530,448,517,3.0958894115e-08,3000,6000
910,500,501,504,517,3.0958894115e-08,3000,6000
911,500,504,530,517,3.0958894115e-08,3000,6000
912,20,466,493,495,3.09588834568e-08,3000,6000
913,85,531,466,532,3.0958894115e-08,3000,6000
914,92,493,531,497,3.09588905623e-08,3000,6000
915,93,532,495,497,3.09588834568e-08,3000,6000
916,466,493,495,497,3.09588799041e-08,3000,6000
917,466,531,493,497,3.09588905623e-08,3000,6000
918,466,495,532,497,3.09588834568e-08,3000,6000
919,466,532,531,497,3.0958894115e-08,3000,6000
920,21,507,519,505,3.09588834568e-08,3000,6000
921,94,522,507,509,3.09588905623e-08,3000,6000
922,95,519,522,533,3.0958894115e-08,3000,6000
923,93,509,505,533,3.09588834568e-08,3000,6000
924,507,519,505,533,3.09588834568e-08,3000,6000
925,507,522,519,533,3.0958894115e-08,3000,6000
926,507,505,509,533,3.09588799041e-08,3000,6000
927,507,509,522,533,3.09588905623e-08,3000,6000
928,81,528,514,534,3.09588905623e-08,3000,6000
929,85,529,528,532,3.09588834568e-08,3000,6000
930,95,514,529,533,3.09588834568e-08,3000,6000
931,93,532,534,533,3.0958894115e-08,3000,6000
932,528,514,534,533,3.09588905623e-08,3000,6000
933,528,529,514,533,3.09588799041e-08,3000,6000
934,528,534,532,533,3.0958894115e-08,3000,6000
935,528,532,529,533,3.09588834568e-08,3000,6000
936,81,530,528,534,3.09588870095e-08,3000,6000
937,92,531,530,497,3.09588870095e-08,3000,6000
938,85,528,531,532,3.09588870095e-08,3000,6000
939,93,497,534,532,3.09588870095e-08,3000,6000
940,530,528,534,532,3.09588870095e-08,3000,6000
941,530,531,528,532,3.09588870095e-08,3000,6000
942,530,534,497,532,3.09588870095e-08,3000,6000
943,530,497,531,532,3.09588870095e-08,3000,6000
944,81,514,517,534,3.09588870095e-08,3000,6000
945,95,522,514,533,3.09588870095e-08,3000,6000
946,94,517,522,509,3.09588870095e-08,3000,6000
947,93,533,534,509,3.09588870095e-08,3000,6000
948,514,517,534,509,3.0958894115e-08,3000,6000
949,514,522,517,509,3.0958894115e-08,3000,6000
950,514,534,533,509,3.09588834568e-08,3000,6000
951,514,533,522,509,3.09588834568e-08,3000,6000
952,81,517,530,534,3.09588834568e-08,3000,6000
953,94,504,517,509,3.0958894115e-08,3000,6000
954,92,530,504,497,3.0958894115e-08,3000,6000
955,93,509,534,497,3.09588834568e-08,3000,6000
956,517,530,534,497,3.09588834568e-08,3000,6000
957,517,504,530,497,3.0958894115e-08,3000,6000
958,517,534,509,497,3.09588834568e-08,3000,6000
959,517,509,504,497,3.0958894115e-08,3000,6000
960,13,461,348,512,3.0958894115e-08,3000,6000
961,85,463,461,529,3.09588052971e-08,3000,6000
962,66,348,463,524,3.09588905623e-08,3000,6000
963,95,529,512,524,3.09588052971e-08,3000,6000
964,461,348,512,524,3.0958894115e-08,3000,6000
965,461,463,348,524,3.09588905623e-08,3000,6000
966,461,512,529,524,3.09588052971e-08,3000,6000
967,461,529,463,524,3.09588052971e-08,3000,6000
968,20,464,466,495,3.0958894115e-08,3000,6000
969,84,468,464,535,3.09588799041e-08,3000,6000
970,85,466,468,532,3.09588834568e-08,3000,6000
971,93,535,495,532,3.0958894115e-08,3000,6000
972,464,466,495,532,3.0958894115e-08,3000,6000
973,464,468,466,532,3.0958894115e-08,3000,6000
974,464,495,535,532,3.09588905623e-08,3000,6000
975,464,535,468,532,3.09588905623e-08,3000,6000
976,17,354,458,477,3.09588834568e-08,3000,6000
977,66,459,354,525,3.09588834568e-08,3000,6000
978,84,458,459,536,3.0958794639e-08,3000,6000
979,88,525,477,536,3.0958794639e-08,3000,6000
980,354,458,477,536,3.09588301661e-08,3000,6000
981,354,459,458,536,3.09588550351e-08,3000,6000
982,354,477,525,536,3.09588230607e-08,3000,6000
983,354,525,459,536,3.09588479297e-08,3000,6000
984,21,505,519,482,3.0958894115e-08,3000,6000
985,93,533,505,537,3.0958894115e-08,3000,6000
986,95,519,533,526,3.09588834568e-08,3000,6000
987,88,537,482,526,3.09588799041e-08,3000,6000
988,505,519,482,526,3.09588870095e-08,3000,6000
989,505,533,519,526,3.09588834568e-08,3000,6000
990,505,482,537,526,3.09589012204e-08,3000,6000
991,505,537,533,526,3.09588976677e-08,3000,6000
992,85,463,529,538,3.0958794639e-08,3000,6000
993,66,524,463,525,3.09588799041e-08,3000,6000
994,95,529,524,526,3.0958794639e-08,3000,6000
995,88,525,538,526,3.0958794639e-08,3000,6000
996,463,529,538,526,3.0958794639e-08,3000,6000
997,463,524,529,526,3.0958794639e-08,3000,6000
998,463,538,525,526,3.0958794639e-08,3000,6000
999,463,525,524,526,3.0958794639e-08,3000,6000
1000,85,468,463,538,3.0958794639e-08,3000,6000
1001,84,459,468,536,3.0958794639e-08,3000,6000
1002,66,463,459,525,3.09588834568e-08,3000,6000
1003,88,536,538,525,3.0958794639e-08,3000,6000
1004,468,463,538,525,3.0958794639e-08,3000,6000
1005,468,459,463,525,3.0958794639e-08,3000,6000
1006,468,538,536,525,3.0958794639e-08,3000,6000
1007,468,536,459,525,3.0958794639e-08,3000,6000
1008,85,529,532,538,3.09588834568e-08,3000,6000
1009,95,533,529,526,3.09588834568e-08,3000,6000
1010,93,532,533,537,3.0958894115e-08,3000,6000
1011,88,526,538,537,3.09588834568e-08,3000,6000
1012,529,532,538,537,3.09588763514e-08,3000,6000
1013,529,533,532,537,3.0958894115e-08,3000,6000
1014,529,538,526,537,3.09588834568e-08,3000,6000
1015,529,526,533,537,3.09588976677e-08,3000,6000
1016,85,532,468,538,3.09588799041e-08,3000,6000
1017,93,535,532,537,3.0958894115e-08,3000,6000
1018,84,468,535,536,3.09588834568e-08,3000,6000
1019,88,537,538,536,3.09588834568e-08,3000,6000
1020,532,468,538,536,3.09588799041e-08,3000,6000
1021,532,535,468,536,3.09588976677e-08,3000,6000
1022,532,538,537,536,3.09588763514e-08,3000,6000
1023,532,537,535,536,3.0958894115e-08,3000,6000
1024,0,309,539,310,3.0958869246e-08,3000,6000
1025,55,540,309,312,3.0958869246e-08,3000,6000
1026,96,539,540,541,3.0958894115e-08,3000,6000
1027,56,312,310,541,3.09587981917e-08,3000,6000
1028,309,539,310,541,3.0958869246e-08,3000,6000
1029,309,540,539,541,3.0958869246e-08,3000,6000
1030,309,310,312,541,3.0958869246e-08,3000,6000
1031,309,312,540,541,3.09588727987e-08,3000,6000
1032,13,542,316,315,3.09588621406e-08,3000,6000
1033,97,543,542,544,3.09588976677e-08,3000,6000
1034,55,316,543,318,3.09588763514e-08,3000,6000
1035,58,544,315,318,3.0958794639e-08,3000,6000
1036,542,316,315,318,3.09588621406e-08,3000,6000
1037,542,543,316,318,3.09588727987e-08,3000,6000
1038,542,315,544,318,3.09588621406e-08,3000,6000
1039,542,544,543,318,3.09588727987e-08,3000,6000
1040,22,545,546,547,3.09588870095e-08,3000,6000
1041,96,548,545,549,3.09589012204e-08,3000,6000
1042,97,546,548,550,3.09588905623e-08,3000,6000
1043,98,549,547,550,3.09589012204e-08,3000,6000
1044,545,546,547,550,3.09588870095e-08,3000,6000
1045,545,548,546,550,3.09588870095e-08,3000,6000
1046,545,547,549,550,3.09589012204e-08,3000,6000
1047,545,549,548,550,3.09589012204e-08,3000,6000
1048,14,322,321,551,3.0958894115e-08,3000,6000
1049,58,324,322,552,3.0958894115e-08,3000,6000
1050,56,321,324,553,3.09588976677e-08,3000,6000
1051,98,552,551,553,3.09588976677e-08,3000,6000
1052,322,321,551,553,3.0958894115e-08,3000,6000
1053,322,324,321,553,3.0958894115e-08,3000,6000
1054,322,551,552,553,3.09588976677e-08,3000,6000
1055,322,552,324,553,3.09588976677e-08,3000,6000
1056,55,540,312,554,3.09589225367e-08,3000,6000
1057,96,541,540,549,3.0958894115e-08,3000,6000
1058,56,312,541,553,3.09588514824e-08,3000,6000
1059,98,549,554,553,3.09588550351e-08,3000,6000
1060,540,312,554,553,3.09588834568e-08,3000,6000
1061,540,541,312,553,3.0958869246e-08,3000,6000
1062,540,554,549,553,3.09589083258e-08,3000,6000
1063,540,549,541,553,3.0958894115e-08,3000,6000
1064,55,543,540,554,3.09589403003e-08,3000,6000
1065,97,548,543,550,3.09588976677e-08,3000,6000
1066,96,540,548,549,3.0958894115e-08,3000,6000
1067,98,550,554,549,3.0958869246e-08,3000,6000
1068,543,540,554,549,3.09589403003e-08,3000,6000
1069,543,548,540,549,3.0958894115e-08,3000,6000
1070,543,554,550,549,3.09589403003e-08,3000,6000
1071,543,550,548,549,3.09588976677e-08,3000,6000
1072,55,312,318,554,3.09588976677e-08,3000,6000
1073,56,324,312,553,3.09588266134e-08,3000,6000
1074,58,318,324,552,3.09588266134e-08,3000,6000
1075,98,553,554,552,3.09588266134e-08,3000,6000
1076,312,318,554,552,3.09588266134e-08,3000,6000
1077,312,324,318,552,3.09588266134e-08,3000,6000
1078,312,554,553,552,3.09588301661e-08,3000,6000
1079,312,553,324,552,3.09588301661e-08,3000,6000
1080,55,318,543,554,3.09589154313e-08,3000,6000
1081,58,544,318,552,3.0958844377e-08,3000,6000
1082,97,543,544,550,3.09588976677e-08,3000,6000
1083,98,552,554,550,3.0958844377e-08,3000,6000
1084,318,543,554,550,3.09589118785e-08,3000,6000
1085,318,544,543,550,3.09589154313e-08,3000,6000
1086,318,554,552,550,3.09588408243e-08,3000,6000
1087,318,552,544,550,3.0958844377e-08,3000,6000
1088,1,555,335,334,3.09588585878e-08,3000,6000
1089,99,556,555,557,3.09588799041e-08,3000,6000
1090,62,335,556,337,3.09588656933e-08,3000,6000
1091,61,557,334,337,3.0958794639e-08,3000,6000
1092,555,335,334,337,3.09588585878e-08,3000,6000
1093,555,556,335,337,3.09588585878e-08,3000,6000
1094,555,334,557,337,3.09588621406e-08,3000,6000
1095,555,557,556,337,3.09588621406e-08,3000,6000
1096,23,558,559,560,3.0958894115e-08,3000,6000
1097,100,561,558,562,3.09589047731e-08,3000,6000
1098,99,559,561,563,3.0958894115e-08,3000,6000
1099,101,562,560,563,3.09589047731e-08,3000,6000
1100,558,559,560,563,3.0958894115e-08,3000,6000
1101,558,561,559,563,3.0958894115e-08,3000,6000
1102,558,560,562,563,3.09589047731e-08,3000,6000
1103,558,562,561,563,3.09589047731e-08,3000,6000
1104,13,346,564,347,3.09588727987e-08,3000,6000
1105,62,565,346,349,3.09588763514e-08,3000,6000
1106,100,564,565,566,3.09589047731e-08,3000,6000
1107,64,349,347,566,3.09588017444e-08,3000,6000
1108,346,564,347,566,3.09588727987e-08,3000,6000
1109,346,565,564,566,3.09588763514e-08,3000,6000
1110,346,347,349,566,3.09588727987e-08,3000,6000
1111,346,349,565,566,3.09588763514e-08,3000,6000
1112,16,567,341,340,3.09588976677e-08,3000,6000
1113,101,568,567,569,3.09588976677e-08,3000,6000
1114,61,341,568,343,3.09589012204e-08,3000,6000
1115,64,569,340,343,3.09588905623e-08,3000,6000
1116,567,341,340,343,3.09589012204e-08,3000,6000
1117,567,568,341,343,3.09589083258e-08,3000,6000
1118,567,340,569,343,3.09588905623e-08,3000,6000
1119,567,569,568,343,3.09588976677e-08,3000,6000
1120,99,556,557,570,3.09588834568e-08,3000,6000
1121,62,337,556,349,3.09588656933e-08,3000,6000
1122,61,557,337,343,3.0958794639e-08,3000,6000
1123,64,349,570,343,3.0958794639e-08,3000,6000
1124,556,557,570,343,3.0958894115e-08,3000,6000
1125,556,337,557,343,3.09588230607e-08,3000,6000
1126,556,570,349,343,3.09588408243e-08,3000,6000
1127,556,349,337,343,3.095876977e-08,3000,6000
1128,99,561,556,570,3.09588976677e-08,3000,6000
1129,100,565,561,566,3.09589047731e-08,3000,6000
1130,62,556,565,349,3.09588763514e-08,3000,6000
1131,64,566,570,349,3.09588052971e-08,3000,6000
1132,561,556,570,349,3.09588514824e-08,3000,6000
1133,561,565,556,349,3.09589758274e-08,3000,6000
1134,561,570,566,349,3.09588088498e-08,3000,6000
1135,561,566,565,349,3.09589331948e-08,3000,6000
1136,99,557,563,570,3.09588870095e-08,3000,6000
1137,61,568,557,343,3.0958894115e-08,3000,6000
1138,101,563,568,569,3.0958894115e-08,3000,6000
1139,64,343,570,569,3.09588905623e-08,3000,6000
1140,557,563,570,569,3.0958894115e-08,3000,6000
1141,557,568,563,569,3.0958894115e-08,3000,6000
1142,557,570,343,569,3.0958894115e-08,3000,6000
1143,557,343,568,569,3.0958894115e-08,3000,6000
1144,99,563,561,570,3.09589012204e-08,3000,6000
1145,101,562,563,569,3.09589047731e-08,3000,6000
1146,100,561,562,566,3.09589047731e-08,3000,6000
1147,64,569,570,566,3.09589012204e-08,3000,6000
1148,563,561,570,566,3.09589047731e-08,3000,6000
1149,563,562,561,566,3.09589047731e-08,3000,6000
1150,563,570,569,566,3.09589047731e-08,3000,6000
1151,563,569,562,566,3.09589047731e-08,3000,6000
1152,12,571,572,573,3.09588870095e-08,3000,6000
1153,102,574,571,575,3.09588621406e-08,3000,6000
1154,103,572,574,576,3.09588621406e-08,3000,6000
1155,104,575,573,576,3.09587910863e-08,3000,6000
1156,571,572,573,576,3.09588621406e-08,3000,6000
1157,571,574,572,576,3.09588621406e-08,3000,6000
1158,571,573,575,576,3.09588621406e-08,3000,6000
1159,571,575,574,576,3.09588621406e-08,3000,6000
1160,22,577,578,579,3.09588301661e-08,3000,6000
1161,105,580,577,581,3.09588301661e-08,3000,6000
1162,102,578,580,582,3.09588017444e-08,3000,6000
1163,106,581,579,582,3.09589012204e-08,3000,6000
1164,577,578,579,582,3.09588301661e-08,3000,6000
1165,577,580,578,582,3.09588301661e-08,3000,6000
1166,577,579,581,582,3.09588301661e-08,3000,6000
1167,577,581,580,582,3.09588301661e-08,3000,6000
1168,23,583,584,585,3.09588230607e-08,3000,6000
1169,103,586,583,587,3.09588017444e-08,3000,6000
1170,105,584,586,588,3.09588266134e-08,3000,6000
1171,107,587,585,588,3.09588870095e-08,3000,6000
1172,583,584,585,588,3.09588230607e-08,3000,6000
1173,583,586,584,588,3.09588337188e-08,3000,6000
1174,583,585,587,588,3.0958819508e-08,3000,6000
1175,583,587,586,588,3.09588301661e-08,3000,6000
1176,24,589,590,591,3.09588017444e-08,3000,6000
1177,106,592,589,593,3.09588763514e-08,3000,6000
1178,104,590,592,594,3.09589012204e-08,3000,6000
1179,107,593,591,594,3.09588727987e-08,3000,6000
1180,589,590,591,594,3.09588727987e-08,3000,6000
1181,589,592,590,594,3.09588763514e-08,3000,6000
1182,589,591,593,594,3.09588727987e-08,3000,6000
1183,589,593,592,594,3.09588763514e-08,3000,6000
1184,102,574,575,595,3.09588870095e-08,3000,6000
1185,103,576,574,587,3.09588870095e-08,3000,6000
1186,104,575,576,594,3.0958819508e-08,3000,6000
1187,107,587,595,594,3.09587910863e-08,3000,6000
1188,574,575,595,594,3.09588372716e-08,3000,6000
1189,574,576,575,594,3.09589154313e-08,3000,6000
1190,574,595,587,594,3.09587910863e-08,3000,6000
1191,574,587,576,594,3.09588727987e-08,3000,6000
1192,102,580,574,595,3.09587910863e-08,3000,6000
1193,105,586,580,588,3.0958819508e-08,3000,6000
1194,103,574,586,587,3.09587910863e-08,3000,6000
1195,107,588,595,587,3.09588870095e-08,3000,6000
1196,580,574,595,587,3.09587910863e-08,3000,6000
1197,580,586,574,587,3.09587910863e-08,3000,6000
1198,580,595,588,587,3.0958819508e-08,3000,6000
1199,580,588,586,587,3.0958819508e-08,3000,6000
1200,102,575,582,595,3.09589012204e-08,3000,6000
1201,104,592,575,594,3.09588337188e-08,3000,6000
1202,106,582,592,593,3.09588052971e-08,3000,6000
1203,107,594,595,593,3.09588017444e-08,3000,6000
1204,575,582,595,593,3.09589012204e-08,3000,6000
1205,575,592,582,593,3.09587875336e-08,3000,6000
1206,575,595,594,593,3.09588479297e-08,3000,6000
1207,575,594,592,593,3.09587342429e-08,3000,6000
1208,102,582,580,595,3.09588052971e-08,3000,6000
1209,106,581,582,593,3.09589012204e-08,3000,6000
1210,105,580,581,588,3.09588301661e-08,3000,6000
1211,107,593,595,588,3.09589012204e-08,3000,6000
1212,582,580,595,588,3.09588301661e-08,3000,6000
1213,582,581,580,588,3.09588301661e-08,3000,6000
1214,582,595,593,588,3.09589012204e-08,3000,6000
1215,582,593,581,588,3.09589012204e-08,3000,6000
1216,6,360,359,596,3.09588905623e-08,3000,6000
1217,68,362,360,597,3.09587910863e-08,3000,6000
1218,67,359,362,598,3.09588017444e-08,3000,6000
1219,108,597,596,598,3.09588727987e-08,3000,6000
1220,360,359,596,598,3.09588905623e-08,3000,6000
1221,360,362,359,598,3.0958794639e-08,3000,6000
1222,360,596,597,598,3.09588976677e-08,3000,6000
1223,360,597,362,598,3.09588017444e-08,3000,6000
1224,16,372,371,599,3.09588870095e-08,3000,6000
1225,70,374,372,600,3.09589012204e-08,3000,6000
1226,68,371,374,601,3.09588621406e-08,3000,6000
1227,109,600,599,601,3.09588017444e-08,3000,6000
1228,372,371,599,601,3.0958844377e-08,3000,6000
1229,372,374,371,601,3.09588621406e-08,3000,6000
1230,372,599,600,601,3.09588301661e-08,3000,6000
1231,372,600,374,601,3.09588479297e-08,3000,6000
1232,14,366,365,602,3.0958894115e-08,3000,6000
1233,67,368,366,603,3.09588727987e-08,3000,6000
1234,70,365,368,604,3.09589012204e-08,3000,6000
1235,110,603,602,604,3.09587981917e-08,3000,6000
1236,366,365,602,604,3.0958894115e-08,3000,6000
1237,366,368,365,604,3.09589012204e-08,3000,6000
1238,366,602,603,604,3.09587981917e-08,3000,6000
1239,366,603,368,604,3.09588052971e-08,3000,6000
1240,24,605,606,607,3.09588870095e-08,3000,6000
1241,109,608,605,609,3.0958869246e-08,3000,6000
1242,108,606,608,610,3.09588088498e-08,3000,6000
1243,110,609,607,610,3.09588727987e-08,3000,6000
1244,605,606,607,610,3.0958869246e-08,3000,6000
1245,605,608,606,610,3.09588727987e-08,3000,6000
1246,605,607,609,610,3.09588656933e-08,3000,6000
1247,605,609,608,610,3.0958869246e-08,3000,6000
1248,68,362,597,611,3.09588656933e-08,3000,6000
1249,67,598,362,603,3.09588727987e-08,3000,6000
1250,108,597,598,610,3.09588017444e-08,3000,6000
1251,110,603,611,610,3.09588976677e-08,3000,6000
1252,362,597,611,610,3.0958918984e-08,3000,6000
1253,362,598,597,610,3.09588052971e-08,3000,6000
1254,362,611,603,610,3.09589722747e-08,3000,6000
1255,362,603,598,610,3.09588550351e-08,3000,6000
1256,68,374,362,611,3.0958869246e-08,3000,6000
1257,70,368,374,604,3.09589012204e-08,3000,6000
1258,67,362,368,603,3.09588727987e-08,3000,6000
1259,110,604,611,603,3.09588017444e-08,3000,6000
1260,374,362,611,603,3.09588763514e-08,3000,6000
1261,374,368,362,603,3.09588727987e-08,3000,6000
1262,374,611,604,603,3.09588052971e-08,3000,6000
1263,374,604,368,603,3.09588052971e-08,3000,6000
1264,68,597,601,611,3.0958869246e-08,3000,6000
1265,108,608,597,610,3.09588017444e-08,3000,6000
1266,109,601,608,609,3.09589012204e-08,3000,6000
1267,110,610,611,609,3.09588976677e-08,3000,6000
1268,597,601,611,609,3.09589012204e-08,3000,6000
1269,597,608,601,609,3.09589012204e-08,3000,6000
1270,597,611,610,609,3.09589012204e-08,3000,6000
1271,597,610,608,609,3.09589012204e-08,3000,6000
1272,68,601,374,611,3.09588727987e-08,3000,6000
1273,109,600,601,609,3.09588017444e-08,3000,6000
1274,70,374,600,604,3.09589012204e-08,3000,6000
1275,110,609,611,604,3.09587981917e-08,3000,6000
1276,601,374,611,604,3.09588052971e-08,3000,6000
1277,601,600,374,604,3.09588052971e-08,3000,6000
1278,601,611,609,604,3.09588017444e-08,3000,6000
1279,601,609,600,604,3.09588017444e-08,3000,6000
1280,13,542,315,612,3.09589154313e-08,3000,6000
1281,97,544,542,613,3.09588976677e-08,3000,6000
1282,58,315,544,614,3.09588479297e-08,3000,6000
1283,111,613,612,614,3.09588479297e-08,3000,6000
1284,542,315,612,614,3.09588621406e-08,3000,6000
1285,542,544,315,614,3.09588656933e-08,3000,6000
1286,542,612,613,614,3.0958894115e-08,3000,6000
1287,542,613,544,614,3.09588976677e-08,3000,6000
1288,22,547,546,579,3.09588337188e-08,3000,6000
1289,98,550,547,615,3.09589012204e-08,3000,6000
1290,97,546,550,616,3.09588372716e-08,3000,6000
1291,106,615,579,616,3.09589047731e-08,3000,6000
1292,547,546,579,616,3.09588372716e-08,3000,6000
1293,547,550,546,616,3.09588372716e-08,3000,6000
1294,547,579,615,616,3.09589047731e-08,3000,6000
1295,547,615,550,616,3.09589047731e-08,3000,6000
1296,14,322,551,602,3.0958894115e-08,3000,6000
1297,58,552,322,617,3.09588408243e-08,3000,6000
1298,98,551,552,618,3.0958844377e-08,3000,6000
1299,110,617,602,618,3.09589118785e-08,3000,6000
1300,322,551,602,618,3.09589118785e-08,3000,6000
1301,322,552,551,618,3.09588408243e-08,3000,6000
1302,322,602,617,618,3.09589118785e-08,3000,6000
1303,322,617,552,618,3.09588408243e-08,3000,6000
1304,24,589,619,607,3.0958819508e-08,3000,6000
1305,106,620,589,621,3.09588479297e-08,3000,6000
1306,111,619,620,622,3.0958819508e-08,3000,6000
1307,110,621,607,622,3.09588479297e-08,3000,6000
1308,589,619,607,622,3.0958819508e-08,3000,6000
1309,589,620,619,622,3.09588159553e-08,3000,6000
1310,589,607,621,622,3.0958819508e-08,3000,6000
1311,589,621,620,622,3.09588159553e-08,3000,6000
1312,97,544,613,623,3.09589012204e-08,3000,6000
1313,58,614,544,617,3.09588585878e-08,3000,6000
1314,111,613,614,622,3.09588585878e-08,3000,6000
1315,110,617,623,622,3.0958869246e-08,3000,6000
1316,544,613,623,622,3.09588727987e-08,3000,6000
1317,544,614,613,622,3.09588585878e-08,3000,6000
1318,544,623,617,622,3.09588727987e-08,3000,6000
1319,544,617,614,622,3.09588585878e-08,3000,6000
1320,97,550,544,623,3.0958894115e-08,3000,6000
1321,98,552,550,618,3.0958844377e-08,3000,6000
1322,58,544,552,617,3.09588408243e-08,3000,6000
1323,110,618,623,617,3.09588799041e-08,3000,6000
1324,550,544,623,617,3.09588763514e-08,3000,6000
1325,550,552,544,617,3.09588408243e-08,3000,6000
1326,550,623,618,617,3.09588763514e-08,3000,6000
1327,550,618,552,617,3.09588408243e-08,3000,6000
1328,97,613,616,623,3.09588656933e-08,3000,6000
1329,111,620,613,622,3.09588763514e-08,3000,6000
1330,106,616,620,621,3.09589012204e-08,3000,6000
1331,110,622,623,621,3.09588479297e-08,3000,6000
1332,613,616,623,621,3.09588727987e-08,3000,6000
1333,613,620,616,621,3.09588905623e-08,3000,6000
1334,613,623,622,621,3.09588479297e-08,3000,6000
1335,613,622,620,621,3.09588656933e-08,3000,6000
1336,97,616,550,623,3.09588585878e-08,3000,6000
1337,106,615,616,621,3.09588763514e-08,3000,6000
1338,98,550,615,618,3.09588727987e-08,3000,6000
1339,110,621,623,618,3.09588585878e-08,3000,6000
1340,616,550,623,618,3.09588159553e-08,3000,6000
1341,616,615,550,618,3.09588514824e-08,3000,6000
1342,616,623,621,618,3.09588763514e-08,3000,6000
1343,616,621,615,618,3.09589118785e-08,3000,6000
1344,13,564,542,612,3.09589331948e-08,3000,6000
1345,100,624,564,625,3.0958894115e-08,3000,6000
1346,97,542,624,613,3.09589047731e-08,3000,6000
1347,111,625,612,613,3.0958869246e-08,3000,6000
1348,564,542,612,613,3.09589367475e-08,3000,6000
1349,564,624,542,613,3.0958894115e-08,3000,6000
1350,564,612,625,613,3.09589367475e-08,3000,6000
1351,564,625,624,613,3.0958894115e-08,3000,6000
1352,23,584,558,585,3.09588124026e-08,3000,6000
1353,105,626,584,588,3.09588337188e-08,3000,6000
1354,100,558,626,627,3.09588266134e-08,3000,6000
1355,107,588,585,627,3.09588976677e-08,3000,6000
1356,584,558,585,627,3.09588266134e-08,3000,6000
1357,584,626,558,627,3.09588266134e-08,3000,6000
1358,584,585,588,627,3.09588230607e-08,3000,6000
1359,584,588,626,627,3.09588230607e-08,3000,6000
1360,22,546,577,579,3.09588301661e-08,3000,6000
1361,97,628,546,616,3.09588337188e-08,3000,6000
1362,105,577,628,581,3.09588230607e-08,3000,6000
1363,106,616,579,581,3.09589012204e-08,3000,6000
1364,546,577,579,581,3.09588301661e-08,3000,6000
1365,546,628,577,581,3.09588337188e-08,3000,6000
1366,546,579,616,581,3.09588301661e-08,3000,6000
1367,546,616,628,581,3.09588337188e-08,3000,6000
1368,24,591,619,589,3.09588301661e-08,3000,6000
1369,107,629,591,593,3.09588621406e-08,3000,6000
1370,111,619,629,620,3.09588337188e-08,3000,6000
1371,106,593,589,620,3.09588763514e-08,3000,6000
1372,591,619,589,620,3.09588301661e-08,3000,6000
1373,591,629,619,620,3.09588337188e-08,3000,6000
1374,591,589,593,620,3.09588727987e-08,3000,6000
1375,591,593,629,620,3.09588763514e-08,3000,6000
1376,100,624,625,630,3.09588656933e-08,3000,6000
1377,97,613,624,616,3.09588656933e-08,3000,6000
1378,111,625,613,620,3.09588905623e-08,3000,6000
1379,106,616,630,620,3.09589580638e-08,3000,6000
1380,624,625,630,620,3.0958894115e-08,3000,6000
1381,624,613,625,620,3.09588799041e-08,3000,6000
1382,624,630,616,620,3.09589331948e-08,3000,6000
1383,624,616,613,620,3.0958918984e-08,3000,6000
1384,100,626,624,630,3.09588088498e-08,3000,6000
1385,105,628,626,581,3.09588301661e-08,3000,6000
1386,97,624,628,616,3.09588408243e-08,3000,6000
1387,106,581,630,616,3.09588976677e-08,3000,6000
1388,626,624,630,616,3.09588124026e-08,3000,6000
1389,626,628,624,616,3.09588337188e-08,3000,6000
1390,626,630,581,616,3.0958819508e-08,3000,6000
1391,626,581,628,616,3.0958844377e-08,3000,6000
1392,100,625,627,630,3.09588585878e-08,3000,6000
1393,111,629,625,620,3.09589012204e-08,3000,6000
1394,107,627,629,593,3.09589296421e-08,3000,6000
1395,106,620,630,593,3.09589509584e-08,3000,6000
1396,625,627,630,593,3.09589296421e-08,3000,6000
1397,625,629,627,593,3.09589296421e-08,3000,6000
1398,625,630,620,593,3.0958943853e-08,3000,6000
1399,625,620,629,593,3.0958943853e-08,3000,6000
1400,100,627,626,630,3.09588017444e-08,3000,6000
1401,107,588,627,593,3.09588976677e-08,3000,6000
1402,105,626,588,581,3.09588337188e-08,3000,6000
1403,106,593,630,581,3.0958894115e-08,3000,6000
1404,627,626,630,581,3.09588052971e-08,3000,6000
1405,627,588,626,581,3.09588230607e-08,3000,6000
1406,627,630,593,581,3.09588763514e-08,3000,6000
1407,627,593,588,581,3.09588976677e-08,3000,6000
1408,13,315,347,612,3.09589012204e-08,3000,6000
1409,58,421,315,614,3.09588337188e-08,3000,6000
1410,64,347,421,631,3.09588230607e-08,3000,6000
1411,111,614,612,631,3.09588337188e-08,3000,6000
1412,315,347,612,631,3.09588337188e-08,3000,6000
1413,315,421,347,631,3.09588337188e-08,3000,6000
1414,315,612,614,631,3.09588337188e-08,3000,6000
1415,315,614,421,631,3.09588337188e-08,3000,6000
1416,14,365,322,602,3.0958894115e-08,3000,6000
1417,70,425,365,604,3.09589012204e-08,3000,6000
1418,58,322,425,617,3.09588727987e-08,3000,6000
1419,110,604,602,617,3.09589403003e-08,3000,6000
1420,365,322,602,617,3.09589154313e-08,3000,6000
1421,365,425,322,617,3.09588727987e-08,3000,6000
1422,365,602,604,617,3.0958968722e-08,3000,6000
1423,365,604,425,617,3.09589296421e-08,3000,6000
1424,16,340,372,599,3.09588905623e-08,3000,6000
1425,64,423,340,632,3.09588727987e-08,3000,6000
1426,70,372,423,600,3.09589047731e-08,3000,6000
1427,109,632,599,600,3.0958943853e-08,3000,6000
1428,340,372,599,600,3.09589047731e-08,3000,6000
1429,340,423,372,600,3.09589083258e-08,3000,6000
1430,340,599,632,600,3.09589403003e-08,3000,6000
1431,340,632,423,600,3.0958943853e-08,3000,6000
1432,24,607,619,605,3.0958819508e-08,3000,6000
1433,110,622,607,609,3.09588727987e-08,3000,6000
1434,111,619,622,633,3.09588266134e-08,3000,6000
1435,109,609,605,633,3.0958869246e-08,3000,6000
1436,607,619,605,633,3.09588124026e-08,3000,6000
1437,607,622,619,633,3.09588230607e-08,3000,6000
1438,607,605,609,633,3.09588656933e-08,3000,6000
1439,607,609,622,633,3.09588763514e-08,3000,6000
1440,58,421,614,634,3.09588301661e-08,3000,6000
1441,64,631,421,632,3.0958819508e-08,3000,6000
1442,111,614,631,633,3.09588301661e-08,3000,6000
1443,109,632,634,633,3.09588905623e-08,3000,6000
1444,421,614,634,633,3.09588301661e-08,3000,6000
1445,421,631,614,633,3.09588301661e-08,3000,6000
1446,421,634,632,633,3.09588159553e-08,3000,6000
1447,421,632,631,633,3.09588159553e-08,3000,6000
1448,58,425,421,634,3.09588763514e-08,3000,6000
1449,70,423,425,600,3.0958894115e-08,3000,6000
1450,64,421,423,632,3.09588621406e-08,3000,6000
1451,109,600,634,632,3.09589331948e-08,3000,6000
1452,425,421,634,632,3.09588621406e-08,3000,6000
1453,425,423,421,632,3.09588621406e-08,3000,6000
1454,425,634,600,632,3.09589367475e-08,3000,6000
1455,425,600,423,632,3.09589331948e-08,3000,6000
1456,58,614,617,634,3.09588337188e-08,3000,6000
1457,111,622,614,633,3.09588301661e-08,3000,6000
1458,110,617,622,609,3.09588976677e-08,3000,6000
1459,109,633,634,609,3.09589012204e-08,3000,6000
1460,614,617,634,609,3.09588585878e-08,3000,6000
1461,614,622,617,609,3.09588585878e-08,3000,6000
1462,614,634,633,609,3.09588727987e-08,3000,6000
1463,614,633,622,609,3.09588727987e-08,3000,6000
1464,58,617,425,634,3.09588763514e-08,3000,6000
1465,110,604,617,609,3.09589403003e-08,3000,6000
1466,70,425,604,600,3.09589012204e-08,3000,6000
1467,109,609,634,600,3.0958943853e-08,3000,6000
1468,617,425,634,600,3.09589474057e-08,3000,6000
1469,617,604,425,600,3.09589474057e-08,3000,6000
1470,617,634,609,600,3.0958943853e-08,3000,6000
1471,617,609,604,600,3.0958943853e-08,3000,6000
1472,13,347,564,612,3.09589154313e-08,3000,6000
1473,64,566,347,631,3.09588372716e-08,3000,6000
1474,100,564,566,625,3.09589047731e-08,3000,6000
1475,111,631,612,625,3.09588550351e-08,3000,6000
1476,347,564,612,625,3.0958918984e-08,3000,6000
1477,347,566,564,625,3.09589154313e-08,3000,6000
1478,347,612,631,625,3.09588550351e-08,3000,6000
1479,347,631,566,625,3.09588514824e-08,3000,6000
1480,16,567,340,599,3.09588905623e-08,3000,6000
1481,101,569,567,635,3.09588621406e-08,3000,6000
1482,64,340,569,632,3.09588585878e-08,3000,6000
1483,109,635,599,632,3.09589367475e-08,3000,6000
1484,567,340,599,632,3.09589296421e-08,3000,6000
1485,567,569,340,632,3.09588585878e-08,3000,6000
1486,567,599,635,632,3.09589367475e-08,3000,6000
1487,567,635,569,632,3.09588621406e-08,3000,6000
1488,23,558,560,585,3.09588514824e-08,3000,6000
1489,100,562,558,627,3.09588656933e-08,3000,6000
1490,101,560,562,636,3.09589012204e-08,3000,6000
1491,107,627,585,636,3.09589367475e-08,3000,6000
1492,558,560,585,636,3.09588763514e-08,3000,6000
1493,558,562,560,636,3.09589012204e-08,3000,6000
1494,558,585,627,636,3.09589047731e-08,3000,6000
1495,558,627,562,636,3.09589260894e-08,3000,6000
1496,24,605,619,591,3.09588301661e-08,3000,6000
1497,109,633,605,637,3.09588656933e-08,3000,6000
1498,111,619,633,629,3.09588372716e-08,3000,6000
1499,107,637,591,629,3.09588408243e-08,3000,6000
1500,605,619,591,629,3.09588372716e-08,3000,6000
1501,605,633,619,629,3.09588372716e-08,3000,6000
1502,605,591,637,629,3.09588372716e-08,3000,6000
1503,605,637,633,629,3.09588372716e-08,3000,6000
1504,64,566,631,638,3.0958894115e-08,3000,6000
1505,100,625,566,627,3.0958844377e-08,3000,6000
1506,111,631,625,629,3.09589083258e-08,3000,6000
1507,107,627,638,629,3.09589118785e-08,3000,6000
1508,566,631,638,629,3.09589083258e-08,3000,6000
1509,566,625,631,629,3.09589083258e-08,3000,6000
1510,566,638,627,629,3.09589118785e-08,3000,6000
1511,566,627,625,629,3.09589118785e-08,3000,6000
1512,64,569,566,638,3.09588905623e-08,3000,6000
1513,101,562,569,636,3.09589012204e-08,3000,6000
1514,100,566,562,627,3.09588656933e-08,3000,6000
1515,107,636,638,627,3.09589225367e-08,3000,6000
1516,569,566,638,627,3.09588976677e-08,3000,6000
1517,569,562,566,627,3.09588656933e-08,3000,6000
1518,569,638,636,627,3.09589580638e-08,3000,6000
1519,569,636,562,627,3.09589260894e-08,3000,6000
1520,64,631,632,638,3.09588230607e-08,3000,6000
1521,111,633,631,629,3.09588337188e-08,3000,6000
1522,109,632,633,637,3.09588976677e-08,3000,6000
1523,107,629,638,637,3.09588408243e-08,3000,6000
1524,631,632,638,637,3.09588230607e-08,3000,6000
1525,631,633,632,637,3.09588230607e-08,3000,6000
1526,631,638,629,637,3.09588337188e-08,3000,6000
1527,631,629,633,637,3.09588337188e-08,3000,6000
1528,64,632,569,638,3.0958819508e-08,3000,6000
1529,109,635,632,637,3.09588976677e-08,3000,6000
1530,101,569,635,636,3.0958819508e-08,3000,6000
1531,107,637,638,636,3.09588479297e-08,3000,6000
1532,632,569,638,636,3.09588159553e-08,3000,6000
1533,632,635,569,636,3.0958819508e-08,3000,6000
1534,632,638,637,636,3.09588124026e-08,3000,6000
1535,632,637,635,636,3.09588159553e-08,3000,6000
1536,0,309,439,639,3.0958869246e-08,3000,6000
1537,55,440,309,640,3.0958869246e-08,3000,6000
1538,80,439,440,641,3.09587981917e-08,3000,6000
1539,112,640,639,641,3.0958894115e-08,3000,6000
1540,309,439,639,641,3.0958869246e-08,3000,6000
1541,309,440,439,641,3.0958869246e-08,3000,6000
1542,309,639,640,641,3.0958869246e-08,3000,6000
1543,309,640,440,641,3.09588727987e-08,3000,6000
1544,13,442,316,642,3.09588621406e-08,3000,6000
1545,81,444,442,643,3.0958794639e-08,3000,6000
1546,55,316,444,644,3.09588763514e-08,3000,6000
1547,113,643,642,644,3.09588976677e-08,3000,6000
1548,442,316,642,644,3.0958869246e-08,3000,6000
1549,442,444,316,644,3.0958869246e-08,3000,6000
1550,442,642,643,644,3.09588656933e-08,3000,6000
1551,442,643,444,644,3.09588656933e-08,3000,6000
1552,19,449,448,645,3.0958894115e-08,3000,6000
1553,80,451,449,646,3.09588976677e-08,3000,6000
1554,81,448,451,647,3.0958894115e-08,3000,6000
1555,114,646,645,647,3.09588976677e-08,3000,6000
1556,449,448,645,647,3.0958894115e-08,3000,6000
1557,449,451,448,647,3.0958894115e-08,3000,6000
1558,449,645,646,647,3.09588976677e-08,3000,6000
1559,449,646,451,647,3.09588976677e-08,3000,6000
1560,25,648,649,650,3.09588870095e-08,3000,6000
1561,113,651,648,652,3.09588905623e-08,3000,6000
1562,112,649,651,653,3.09589012204e-08,3000,6000
1563,114,652,650,653,3.09589012204e-08,3000,6000
1564,648,649,650,653,3.09588976677e-08,3000,6000
1565,648,651,649,653,3.0958894115e-08,3000,6000
1566,648,650,652,653,3.09588976677e-08,3000,6000
1567,648,652,651,653,3.0958894115e-08,3000,6000
1568,55,440,640,654,3.09589225367e-08,3000,6000
1569,80,641,440,646,3.09588514824e-08,3000,6000
1570,112,640,641,653,3.0958894115e-08,3000,6000
1571,114,646,654,653,3.09588550351e-08,3000,6000
1572,440,640,654,653,3.09589260894e-08,3000,6000
1573,440,641,640,653,3.09589225367e-08,3000,6000
1574,440,654,646,653,3.09588550351e-08,3000,6000
1575,440,646,641,653,3.09588514824e-08,3000,6000
1576,55,444,440,654,3.09588976677e-08,3000,6000
1577,81,451,444,647,3.09588266134e-08,3000,6000
1578,80,440,451,646,3.09588266134e-08,3000,6000
1579,114,647,654,646,3.09588266134e-08,3000,6000
1580,444,440,654,646,3.09588266134e-08,3000,6000
1581,444,451,440,646,3.09588266134e-08,3000,6000
1582,444,654,647,646,3.09588301661e-08,3000,6000
1583,444,647,451,646,3.09588301661e-08,3000,6000
1584,55,640,644,654,3.09589403003e-08,3000,6000
1585,112,651,640,653,3.0958894115e-08,3000,6000
1586,113,644,651,652,3.09588976677e-08,3000,6000
1587,114,653,654,652,3.0958869246e-08,3000,6000
1588,640,644,654,652,3.09589403003e-08,3000,6000
1589,640,651,644,652,3.09588976677e-08,3000,6000
1590,640,654,653,652,3.09589403003e-08,3000,6000
1591,640,653,651,652,3.09588976677e-08,3000,6000
1592,55,644,444,654,3.09589154313e-08,3000,6000
1593,113,643,644,652,3.09588976677e-08,3000,6000
1594,81,444,643,647,3.0958844377e-08,3000,6000
1595,114,652,654,647,3.0958844377e-08,3000,6000
1596,644,444,654,647,3.09588621406e-08,3000,6000
1597,644,643,444,647,3.09588727987e-08,3000,6000
1598,644,654,652,647,3.09588870095e-08,3000,6000
1599,644,652,643,647,3.09588976677e-08,3000,6000
1600,1,455,335,655,3.09588585878e-08,3000,6000
1601,83,457,455,656,3.0958794639e-08,3000,6000
1602,62,335,457,657,3.09588656933e-08,3000,6000
1603,115,656,655,657,3.09588799041e-08,3000,6000
1604,455,335,655,657,3.09588550351e-08,3000,6000
1605,455,457,335,657,3.09588656933e-08,3000,6000
1606,455,655,656,657,3.09588550351e-08,3000,6000
1607,455,656,457,657,3.09588656933e-08,3000,6000
1608,20,466,465,658,3.09588976677e-08,3000,6000
1609,85,469,466,659,3.09588905623e-08,3000,6000
1610,83,465,469,660,3.09589012204e-08,3000,6000
1611,116,659,658,660,3.09588976677e-08,3000,6000
1612,466,465,658,660,3.09589047731e-08,3000,6000
1613,466,469,465,660,3.09589083258e-08,3000,6000
1614,466,658,659,660,3.09588905623e-08,3000,6000
1615,466,659,469,660,3.0958894115e-08,3000,6000
1616,13,346,461,661,3.09588727987e-08,3000,6000
1617,62,462,346,662,3.09588763514e-08,3000,6000
1618,85,461,462,663,3.09588017444e-08,3000,6000
1619,117,662,661,663,3.09589047731e-08,3000,6000
1620,346,461,661,663,3.09588727987e-08,3000,6000
1621,346,462,461,663,3.09588727987e-08,3000,6000
1622,346,661,662,663,3.09588763514e-08,3000,6000
1623,346,662,462,663,3.09588763514e-08,3000,6000
1624,26,664,665,666,3.0958894115e-08,3000,6000
1625,116,667,664,668,3.09589047731e-08,3000,6000
1626,115,665,667,669,3.0958894115e-08,3000,6000
1627,117,668,666,669,3.09589047731e-08,3000,6000
1628,664,665,666,669,3.0958894115e-08,3000,6000
1629,664,667,665,669,3.0958894115e-08,3000,6000
1630,664,666,668,669,3.09589047731e-08,3000,6000
1631,664,668,667,669,3.09589047731e-08,3000,6000
1632,83,457,656,670,3.09588052971e-08,3000,6000
1633,62,657,457,662,3.09588763514e-08,3000,6000
1634,115,656,657,669,3.09588905623e-08,3000,6000
1635,117,662,670,669,3.09589012204e-08,3000,6000
1636,457,656,670,669,3.09588052971e-08,3000,6000
1637,457,657,656,669,3.0958918984e-08,3000,6000
1638,457,670,662,669,3.09588585878e-08,3000,6000
1639,457,662,657,669,3.09589722747e-08,3000,6000
1640,83,469,457,670,3.09588017444e-08,3000,6000
1641,85,462,469,663,3.0958794639e-08,3000,6000
1642,62,457,462,662,3.09588727987e-08,3000,6000
1643,117,663,670,662,3.09588976677e-08,3000,6000
1644,469,457,670,662,3.09588550351e-08,3000,6000
1645,469,462,457,662,3.09587733227e-08,3000,6000
1646,469,670,663,662,3.09588976677e-08,3000,6000
1647,469,663,462,662,3.0958819508e-08,3000,6000
1648,83,656,660,670,3.09589012204e-08,3000,6000
1649,115,667,656,669,3.09588870095e-08,3000,6000
1650,116,660,667,668,3.09589012204e-08,3000,6000
1651,117,669,670,668,3.09589012204e-08,3000,6000
1652,656,660,670,668,3.09589012204e-08,3000,6000
1653,656,667,660,668,3.09589012204e-08,3000,6000
1654,656,670,669,668,3.09589012204e-08,3000,6000
1655,656,669,667,668,3.09589012204e-08,3000,6000
1656,83,660,469,670,3.09588976677e-08,3000,6000
1657,116,659,660,668,3.09588976677e-08,3000,6000
1658,85,469,659,663,3.09588905623e-08,3000,6000
1659,117,668,670,663,3.09588976677e-08,3000,6000
1660,660,469,670,663,3.09588976677e-08,3000,6000
1661,660,659,469,663,3.09588976677e-08,3000,6000
1662,660,670,668,663,3.09588976677e-08,3000,6000
1663,660,668,659,663,3.09588976677e-08,3000,6000
1664,8,488,487,671,3.09588905623e-08,3000,6000
1665,90,490,488,672,3.09589012204e-08,3000,6000
1666,89,487,490,673,3.09588905623e-08,3000,6000
1667,118,672,671,673,3.09589012204e-08,3000,6000
1668,488,487,671,673,3.09588870095e-08,3000,6000
1669,488,490,487,673,3.09588905623e-08,3000,6000
1670,488,671,672,673,3.09589012204e-08,3000,6000
1671,488,672,490,673,3.09589012204e-08,3000,6000
1672,19,500,499,674,3.0958894115e-08,3000,6000
1673,92,502,500,675,3.09589012204e-08,3000,6000
1674,90,499,502,676,3.09589012204e-08,3000,6000
1675,119,675,674,676,3.0958894115e-08,3000,6000
1676,500,499,674,676,3.0958894115e-08,3000,6000
1677,500,502,499,676,3.09589012204e-08,3000,6000
1678,500,674,675,676,3.0958894115e-08,3000,6000
1679,500,675,502,676,3.09589012204e-08,3000,6000
1680,20,494,493,677,3.09588870095e-08,3000,6000
1681,89,496,494,678,3.09588905623e-08,3000,6000
1682,92,493,496,679,3.09589012204e-08,3000,6000
1683,120,678,677,679,3.09588976677e-08,3000,6000
1684,494,493,677,679,3.0958894115e-08,3000,6000
1685,494,496,493,679,3.0958894115e-08,3000,6000
1686,494,677,678,679,3.0958894115e-08,3000,6000
1687,494,678,496,679,3.0958894115e-08,3000,6000
1688,27,680,681,682,3.09587910863e-08,3000,6000
1689,119,683,680,684,3.09588976677e-08,3000,6000
1690,118,681,683,685,3.09588763514e-08,3000,6000
1691,120,684,682,685,3.09588976677e-08,3000,6000
1692,680,681,682,685,3.09587910863e-08,3000,6000
1693,680,683,681,685,3.09588052971e-08,3000,6000
1694,680,682,684,685,3.09588870095e-08,3000,6000
1695,680,684,683,685,3.09589012204e-08,3000,6000
1696,90,490,672,686,3.09589012204e-08,3000,6000
1697,89,673,490,678,3.09588905623e-08,3000,6000
1698,118,672,673,685,3.09589012204e-08,3000,6000
1699,120,678,686,685,3.09589012204e-08,3000,6000
1700,490,672,686,685,3.09589012204e-08,3000,6000
1701,490,673,672,685,3.09589012204e-08,3000,6000
1702,490,686,678,685,3.09589012204e-08,3000,6000
1703,490,678,673,685,3.09589012204e-08,3000,6000
1704,90,502,490,686,3.09589012204e-08,3000,6000
1705,92,496,502,679,3.09589012204e-08,3000,6000
1706,89,490,496,678,3.09588905623e-08,3000,6000
1707,120,679,686,678,3.09589012204e-08,3000,6000
1708,502,490,686,678,3.09589012204e-08,3000,6000
1709,502,496,490,678,3.09589012204e-08,3000,6000
1710,502,686,679,678,3.09589012204e-08,3000,6000
1711,502,679,496,678,3.09589012204e-08,3000,6000
1712,90,672,676,686,3.09589012204e-08,3000,6000
1713,118,683,672,685,3.09589012204e-08,3000,6000
1714,119,676,683,684,3.0958894115e-08,3000,6000
1715,120,685,686,684,3.09589012204e-08,3000,6000
1716,672,676,686,684,3.09589012204e-08,3000,6000
1717,672,683,676,684,3.09589012204e-08,3000,6000
1718,672,686,685,684,3.09589012204e-08,3000,6000
1719,672,685,683,684,3.09589012204e-08,3000,6000
1720,90,676,502,686,3.09589012204e-08,3000,6000
1721,119,675,676,684,3.0958894115e-08,3000,6000
1722,92,502,675,679,3.09589012204e-08,3000,6000
1723,120,684,686,679,3.09589012204e-08,3000,6000
1724,676,502,686,679,3.09589012204e-08,3000,6000
1725,676,675,502,679,3.09589012204e-08,3000,6000
1726,676,686,684,679,3.09589012204e-08,3000,6000
1727,676,684,675,679,3.09589012204e-08,3000,6000
1728,11,687,688,689,3.09588870095e-08,3000,6000
1729,121,690,687,691,3.09588621406e-08,3000,6000
1730,122,688,690,692,3.09588621406e-08,3000,6000
1731,123,691,689,692,3.09587910863e-08,3000,6000
1732,687,688,689,692,3.09588621406e-08,3000,6000
1733,687,690,688,692,3.09588621406e-08,3000,6000
1734,687,689,691,692,3.09588621406e-08,3000,6000
1735,687,691,690,692,3.09588621406e-08,3000,6000
1736,26,693,694,695,3.0958894115e-08,3000,6000
1737,124,696,693,697,3.09588976677e-08,3000,6000
1738,121,694,696,698,3.09588017444e-08,3000,6000
1739,125,697,695,698,3.09588621406e-08,3000,6000
1740,693,694,695,698,3.09588514824e-08,3000,6000
1741,693,696,694,698,3.09588372716e-08,3000,6000
1742,693,695,697,698,3.09588585878e-08,3000,6000
1743,693,697,696,698,3.09588408243e-08,3000,6000
1744,25,699,700,701,3.09589012204e-08,3000,6000
1745,122,702,699,703,3.09588017444e-08,3000,6000
1746,124,700,702,704,3.09589012204e-08,3000,6000
1747,126,703,701,704,3.09588727987e-08,3000,6000
1748,699,700,701,704,3.09589012204e-08,3000,6000
1749,699,702,700,704,3.09589012204e-08,3000,6000
1750,699,701,703,704,3.09588052971e-08,3000,6000
1751,699,703,702,704,3.09588052971e-08,3000,6000
1752,27,705,706,707,3.09589012204e-08,3000,6000
1753,125,708,705,709,3.09588017444e-08,3000,6000
1754,123,706,708,710,3.09588763514e-08,3000,6000
1755,126,709,707,710,3.09588052971e-08,3000,6000
1756,705,706,707,710,3.09589012204e-08,3000,6000
1757,705,708,706,710,3.09589012204e-08,3000,6000
1758,705,707,709,710,3.09588017444e-08,3000,6000
1759,705,709,708,710,3.09588052971e-08,3000,6000
1760,121,690,691,711,3.09588976677e-08,3000,6000
1761,122,692,690,703,3.09588976677e-08,3000,6000
1762,123,691,692,710,3.09588017444e-08,3000,6000
1763,126,703,711,710,3.09588727987e-08,3000,6000
1764,690,691,711,710,3.09588976677e-08,3000,6000
1765,690,692,691,710,3.09588976677e-08,3000,6000
1766,690,711,703,710,3.09588976677e-08,3000,6000
1767,690,703,692,710,3.09588976677e-08,3000,6000
1768,121,696,690,711,3.09587981917e-08,3000,6000
1769,124,702,696,704,3.0958894115e-08,3000,6000
1770,122,690,702,703,3.0958794639e-08,3000,6000
1771,126,704,711,703,3.0958869246e-08,3000,6000
1772,696,690,711,703,3.09587981917e-08,3000,6000
1773,696,702,690,703,3.0958794639e-08,3000,6000
1774,696,711,704,703,3.09587981917e-08,3000,6000
1775,696,704,702,703,3.09587981917e-08,3000,6000
1776,121,691,698,711,3.0958894115e-08,3000,6000
1777,123,708,691,710,3.09588017444e-08,3000,6000
1778,125,698,708,709,3.0958869246e-08,3000,6000
1779,126,710,711,709,3.0958869246e-08,3000,6000
1780,691,698,711,709,3.09589651692e-08,3000,6000
1781,691,708,698,709,3.09588408243e-08,3000,6000
1782,691,711,710,709,3.09589225367e-08,3000,6000
1783,691,710,708,709,3.09588017444e-08,3000,6000
1784,121,698,696,711,3.0958794639e-08,3000,6000
1785,125,697,698,709,3.09588656933e-08,3000,6000
1786,124,696,697,704,3.09588905623e-08,3000,6000
1787,126,709,711,704,3.09588656933e-08,3000,6000
1788,698,696,711,704,3.0958794639e-08,3000,6000
1789,698,697,696,704,3.0958794639e-08,3000,6000
1790,698,711,709,704,3.09588656933e-08,3000,6000
1791,698,709,697,704,3.09588656933e-08,3000,6000
1792,13,442,642,712,3.09589154313e-08,3000,6000
1793,81,643,442,713,3.09588479297e-08,3000,6000
1794,113,642,643,714,3.09588976677e-08,3000,6000
1795,127,713,712,714,3.09588479297e-08,3000,6000
1796,442,642,712,714,3.09589118785e-08,3000,6000
1797,442,643,642,714,3.09589118785e-08,3000,6000
1798,442,712,713,714,3.09588479297e-08,3000,6000
1799,442,713,643,714,3.09588479297e-08,3000,6000
1800,19,645,448,674,3.0958894115e-08,3000,6000
1801,114,647,645,715,3.09588976677e-08,3000,6000
1802,81,448,647,716,3.0958894115e-08,3000,6000
1803,119,715,674,716,3.09588976677e-08,3000,6000
1804,645,448,674,716,3.09588976677e-08,3000,6000
1805,645,647,448,716,3.0958894115e-08,3000,6000
1806,645,674,715,716,3.09588976677e-08,3000,6000
1807,645,715,647,716,3.0958894115e-08,3000,6000
1808,25,648,650,701,3.09588870095e-08,3000,6000
1809,113,652,648,717,3.09588905623e-08,3000,6000
1810,114,650,652,718,3.09589012204e-08,3000,6000
1811,126,717,701,718,3.09588905623e-08,3000,6000
1812,648,650,701,718,3.09588870095e-08,3000,6000
1813,648,652,650,718,3.09588870095e-08,3000,6000
1814,648,701,717,718,3.09588905623e-08,3000,6000
1815,648,717,652,718,3.09588905623e-08,3000,6000
1816,27,680,719,707,3.09589047731e-08,3000,6000
1817,119,720,680,721,3.09589012204e-08,3000,6000
1818,127,719,720,722,3.09588372716e-08,3000,6000
1819,126,721,707,722,3.09588372716e-08,3000,6000
1820,680,719,707,722,3.09588479297e-08,3000,6000
1821,680,720,719,722,3.09588727987e-08,3000,6000
1822,680,707,721,722,3.09588656933e-08,3000,6000
1823,680,721,720,722,3.09588905623e-08,3000,6000
1824,81,643,713,723,3.09588976677e-08,3000,6000
1825,113,714,643,717,3.09588976677e-08,3000,6000
1826,127,713,714,722,3.09588976677e-08,3000,6000
1827,126,717,723,722,3.09588905623e-08,3000,6000
1828,643,713,723,722,3.09588905623e-08,3000,6000
1829,643,714,713,722,3.09588976677e-08,3000,6000
1830,643,723,717,722,3.09588905623e-08,3000,6000
1831,643,717,714,722,3.09588976677e-08,3000,6000
1832,81,647,643,723,3.09588976677e-08,3000,6000
1833,114,652,647,718,3.09589012204e-08,3000,6000
1834,113,643,652,717,3.0958894115e-08,3000,6000
1835,126,718,723,717,3.09588905623e-08,3000,6000
1836,647,643,723,717,3.0958894115e-08,3000,6000
1837,647,652,643,717,3.0958894115e-08,3000,6000
1838,647,723,718,717,3.0958894115e-08,3000,6000
1839,647,718,652,717,3.09588905623e-08,3000,6000
1840,81,713,716,723,3.09588976677e-08,3000,6000
1841,127,720,713,722,3.0958894115e-08,3000,6000
1842,119,716,720,721,3.09588976677e-08,3000,6000
1843,126,722,723,721,3.09588905623e-08,3000,6000
1844,713,716,723,721,3.09588976677e-08,3000,6000
1845,713,720,716,721,3.0958894115e-08,3000,6000
1846,713,723,722,721,3.09588870095e-08,3000,6000
1847,713,722,720,721,3.09588834568e-08,3000,6000
1848,81,716,647,723,3.0958894115e-08,3000,6000
1849,119,715,716,721,3.09589012204e-08,3000,6000
1850,114,647,715,718,3.09589047731e-08,3000,6000
1851,126,721,723,718,3.09588905623e-08,3000,6000
1852,716,647,723,718,3.0958894115e-08,3000,6000
1853,716,715,647,718,3.09589012204e-08,3000,6000
1854,716,723,721,718,3.09588976677e-08,3000,6000
1855,716,721,715,718,3.09589012204e-08,3000,6000
1856,13,461,442,712,3.09589012204e-08,3000,6000
1857,85,528,461,724,3.09588230607e-08,3000,6000
1858,81,442,528,713,3.09588337188e-08,3000,6000
1859,127,724,712,713,3.09588337188e-08,3000,6000
1860,461,442,712,713,3.09588301661e-08,3000,6000
1861,461,528,442,713,3.09588372716e-08,3000,6000
1862,461,712,724,713,3.09588266134e-08,3000,6000
1863,461,724,528,713,3.09588337188e-08,3000,6000
1864,20,493,466,677,3.09588905623e-08,3000,6000
1865,92,531,493,679,3.09589047731e-08,3000,6000
1866,85,466,531,725,3.09589012204e-08,3000,6000
1867,120,679,677,725,3.09589012204e-08,3000,6000
1868,493,466,677,725,3.09589047731e-08,3000,6000
1869,493,531,466,725,3.09589047731e-08,3000,6000
1870,493,677,679,725,3.09589012204e-08,3000,6000
1871,493,679,531,725,3.09589012204e-08,3000,6000
1872,19,448,500,674,3.0958894115e-08,3000,6000
1873,81,530,448,716,3.09589012204e-08,3000,6000
1874,92,500,530,675,3.09589012204e-08,3000,6000
1875,119,716,674,675,3.09588976677e-08,3000,6000
1876,448,500,674,675,3.09588976677e-08,3000,6000
1877,448,530,500,675,3.09589012204e-08,3000,6000
1878,448,674,716,675,3.09588976677e-08,3000,6000
1879,448,716,530,675,3.09589012204e-08,3000,6000
1880,27,682,719,680,3.09589331948e-08,3000,6000
1881,120,726,682,684,3.09588976677e-08,3000,6000
1882,127,719,726,720,3.0958869246e-08,3000,6000
1883,119,684,680,720,3.09589012204e-08,3000,6000
1884,682,719,680,720,3.09589331948e-08,3000,6000
1885,682,726,719,720,3.09589403003e-08,3000,6000
1886,682,680,684,720,3.09588870095e-08,3000,6000
1887,682,684,726,720,3.09588976677e-08,3000,6000
1888,85,528,724,727,3.09588870095e-08,3000,6000
1889,81,713,528,716,3.09589047731e-08,3000,6000
1890,127,724,713,720,3.09589012204e-08,3000,6000
1891,119,716,727,720,3.09589047731e-08,3000,6000
1892,528,724,727,720,3.09589012204e-08,3000,6000
1893,528,713,724,720,3.09589012204e-08,3000,6000
1894,528,727,716,720,3.09589012204e-08,3000,6000
1895,528,716,713,720,3.09589012204e-08,3000,6000
1896,85,531,528,727,3.09588870095e-08,3000,6000
1897,92,530,531,675,3.09588976677e-08,3000,6000
1898,81,528,530,716,3.09589012204e-08,3000,6000
1899,119,675,727,716,3.09588905623e-08,3000,6000
1900,531,528,727,716,3.09588870095e-08,3000,6000
1901,531,530,528,716,3.0958894115e-08,3000,6000
1902,531,727,675,716,3.09588905623e-08,3000,6000
1903,531,675,530,716,3.09588976677e-08,3000,6000
1904,85,724,725,727,3.09588870095e-08,3000,6000
1905,127,726,724,720,3.09589047731e-08,3000,6000
1906,120,725,726,684,3.09589012204e-08,3000,6000
1907,119,720,727,684,3.09589047731e-08,3000,6000
1908,724,725,727,684,3.0958894115e-08,3000,6000
1909,724,726,725,684,3.0958894115e-08,3000,6000
1910,724,727,720,684,3.09589047731e-08,3000,6000
1911,724,720,726,684,3.09589047731e-08,3000,6000
1912,85,725,531,727,3.09588870095e-08,3000,6000
1913,120,679,725,684,3.09589012204e-08,3000,6000
1914,92,531,679,675,3.09589047731e-08,3000,6000
1915,119,684,727,675,3.09588905623e-08,3000,6000
1916,725,531,727,675,3.09588870095e-08,3000,6000
1917,725,679,531,675,3.09589012204e-08,3000,6000
1918,725,727,684,675,3.09588870095e-08,3000,6000
1919,725,684,679,675,3.09589012204e-08,3000,6000
1920,13,642,661,712,3.09589331948e-08,3000,6000
1921,113,728,642,714,3.09589047731e-08,3000,6000
1922,117,661,728,729,3.0958894115e-08,3000,6000
1923,127,714,712,729,3.0958869246e-08,3000,6000
1924,642,661,712,729,3.09589367475e-08,3000,6000
1925,642,728,661,729,3.0958894115e-08,3000,6000
1926,642,712,714,729,3.09589367475e-08,3000,6000
1927,642,714,728,729,3.0958894115e-08,3000,6000
1928,25,700,648,701,3.09589012204e-08,3000,6000
1929,124,730,700,704,3.09588905623e-08,3000,6000
1930,113,648,730,717,3.09589047731e-08,3000,6000
1931,126,704,701,717,3.09589012204e-08,3000,6000
1932,700,648,701,717,3.09589012204e-08,3000,6000
1933,700,730,648,717,3.09589047731e-08,3000,6000
1934,700,701,704,717,3.09589012204e-08,3000,6000
1935,700,704,730,717,3.09589047731e-08,3000,6000
1936,26,666,693,695,3.09588834568e-08,3000,6000
1937,117,731,666,732,3.09588976677e-08,3000,6000
1938,124,693,731,697,3.09589047731e-08,3000,6000
1939,125,732,695,697,3.09588976677e-08,3000,6000
1940,666,693,695,697,3.09588834568e-08,3000,6000
1941,666,731,693,697,3.09588905623e-08,3000,6000
1942,666,695,732,697,3.09588976677e-08,3000,6000
1943,666,732,731,697,3.09589047731e-08,3000,6000
1944,27,707,719,705,3.09589012204e-08,3000,6000
1945,126,722,707,709,3.09588301661e-08,3000,6000
1946,127,719,722,733,3.09588337188e-08,3000,6000
1947,125,709,705,733,3.0958819508e-08,3000,6000
1948,707,719,705,733,3.09588337188e-08,3000,6000
1949,707,722,719,733,3.09588408243e-08,3000,6000
1950,707,705,709,733,3.0958819508e-08,3000,6000
1951,707,709,722,733,3.09588266134e-08,3000,6000
1952,113,728,714,734,3.09589047731e-08,3000,6000
1953,117,729,728,732,3.09588834568e-08,3000,6000
1954,127,714,729,733,3.09588976677e-08,3000,6000
1955,125,732,734,733,3.09588834568e-08,3000,6000
1956,728,714,734,733,3.09589047731e-08,3000,6000
1957,728,729,714,733,3.09588870095e-08,3000,6000
1958,728,734,732,733,3.09588905623e-08,3000,6000
1959,728,732,729,733,3.09588727987e-08,3000,6000
1960,113,730,728,734,3.09589047731e-08,3000,6000
1961,124,731,730,697,3.0958894115e-08,3000,6000
1962,117,728,731,732,3.09588834568e-08,3000,6000
1963,125,697,734,732,3.09588834568e-08,3000,6000
1964,730,728,734,732,3.09588905623e-08,3000,6000
1965,730,731,728,732,3.09588905623e-08,3000,6000
1966,730,734,697,732,3.09588834568e-08,3000,6000
1967,730,697,731,732,3.09588834568e-08,3000,6000
1968,113,714,717,734,3.09589047731e-08,3000,6000
1969,127,722,714,733,3.09589047731e-08,3000,6000
1970,126,717,722,709,3.09589012204e-08,3000,6000
1971,125,733,734,709,3.09588905623e-08,3000,6000
1972,714,717,734,709,3.09589047731e-08,3000,6000
1973,714,722,717,709,3.09589047731e-08,3000,6000
1974,714,734,733,709,3.09589047731e-08,3000,6000
1975,714,733,722,709,3.09589047731e-08,3000,6000
1976,113,717,730,734,3.09589047731e-08,3000,6000
1977,126,704,717,709,3.09589012204e-08,3000,6000
1978,124,730,704,697,3.09588905623e-08,3000,6000
1979,125,709,734,697,3.09588905623e-08,3000,6000
1980,717,730,734,697,3.0958894115e-08,3000,6000
1981,717,704,730,697,3.09589047731e-08,3000,6000
1982,717,734,709,697,3.09588905623e-08,3000,6000
1983,717,709,704,697,3.09589012204e-08,3000,6000
1984,13,661,461,712,3.09589154313e-08,3000,6000
1985,117,663,661,729,3.09589047731e-08,3000,6000
1986,85,461,663,724,3.09588372716e-08,3000,6000
1987,127,729,712,724,3.09588550351e-08,3000,6000
1988,661,461,712,724,3.0958869246e-08,3000,6000
1989,661,663,461,724,3.09588656933e-08,3000,6000
1990,661,712,729,724,3.09589083258e-08,3000,6000
1991,661,729,663,724,3.09589012204e-08,3000,6000
1992,26,664,666,695,3.09588976677e-08,3000,6000
1993,116,668,664,735,3.09589012204e-08,3000,6000
1994,117,666,668,732,3.09589083258e-08,3000,6000
1995,125,735,695,732,3.09589083258e-08,3000,6000
1996,664,666,695,732,3.09589083258e-08,3000,6000
1997,664,668,666,732,3.09589083258e-08,3000,6000
1998,664,695,735,732,3.09589118785e-08,3000,6000
1999,664,735,668,732,3.09589118785e-08,3000,6000
2000,20,466,658,677,3.09588905623e-08,3000,6000
2001,85,659,466,725,3.09589012204e-08,3000,6000
2002,116,658,659,736,3.09589047731e-08,3000,6000
2003,120,725,677,736,3.09589083258e-08,3000,6000
2004,466,658,677,736,3.09589047731e-08,3000,6000
2005,466,659,658,736,3.09588976677e-08,3000,6000
2006,466,677,725,736,3.09589083258e-08,3000,6000
2007,466,725,659,736,3.09589047731e-08,3000,6000
2008,27,705,719,682,3.09589260894e-08,3000,6000
2009,125,733,705,737,3.09588514824e-08,3000,6000
2010,127,719,733,726,3.09588656933e-08,3000,6000
2011,120,737,682,726,3.09589083258e-08,3000,6000
2012,705,719,682,726,3.09589367475e-08,3000,6000
2013,705,733,719,726,3.09588656933e-08,3000,6000
2014,705,682,737,726,3.09589367475e-08,3000,6000
2015,705,737,733,726,3.09588656933e-08,3000,6000
2016,117,663,729,738,3.09589118785e-08,3000,6000
2017,85,724,663,725,3.09588834568e-08,3000,6000
2018,127,729,724,726,3.09589012204e-08,3000,6000
2019,120,725,738,726,3.09589012204e-08,3000,6000
2020,663,729,738,726,3.09589118785e-08,3000,6000
2021,663,724,729,726,3.09589012204e-08,3000,6000
2022,663,738,725,726,3.09589012204e-08,3000,6000
2023,663,725,724,726,3.09588905623e-08,3000,6000
2024,117,668,663,738,3.09588976677e-08,3000,6000
2025,116,659,668,736,3.09589047731e-08,3000,6000
2026,85,663,659,725,3.09589012204e-08,3000,6000
2027,120,736,738,725,3.09588834568e-08,3000,6000
2028,668,663,738,725,3.09588834568e-08,3000,6000
2029,668,659,663,725,3.09589047731e-08,3000,6000
2030,668,738,736,725,3.09588834568e-08,3000,6000
2031,668,736,659,725,3.09589047731e-08,3000,6000
2032,117,729,732,738,3.09589083258e-08,3000,6000
2033,127,733,729,726,3.09588976677e-08,3000,6000
2034,125,732,733,737,3.09588834568e-08,3000,6000
2035,120,726,738,737,3.09589047731e-08,3000,6000
2036,729,732,738,737,3.09589047731e-08,3000,6000
2037,729,733,732,737,3.09588834568e-08,3000,6000
2038,729,738,726,737,3.09589154313e-08,3000,6000
2039,729,726,733,737,3.09588976677e-08,3000,6000
2040,117,732,668,738,3.0958894115e-08,3000,6000
2041,125,735,732,737,3.09589012204e-08,3000,6000
2042,116,668,735,736,3.09588905623e-08,3000,6000
2043,120,737,738,736,3.09588905623e-08,3000,6000
2044,732,668,738,736,3.09588870095e-08,3000,6000
2045,732,735,668,736,3.09589047731e-08,3000,6000
2046,732,738,737,736,3.09588727987e-08,3000,6000
2047,732,737,735,736,3.0958894115e-08,3000,6000
2048,0,309,639,539,3.09587875336e-08,3000,6000
2049,55,640,309,540,3.09587875336e-08,3000,6000
2050,112,639,640,739,3.09588550351e-08,3000,6000
2051,96,540,539,739,3.09588550351e-08,3000,6000
2052,309,639,539,739,3.09587875336e-08,3000,6000
2053,309,640,639,739,3.09587875336e-08,3000,6000
2054,309,539,540,739,3.09587875336e-08,3000,6000
2055,309,540,640,739,3.09587875336e-08,3000,6000
2056,13,642,316,542,3.09587804281e-08,3000,6000
2057,113,644,642,740,3.09588621406e-08,3000,6000
2058,55,316,644,543,3.0958794639e-08,3000,6000
2059,97,740,542,543,3.09588621406e-08,3000,6000
2060,642,316,542,543,3.09587910863e-08,3000,6000
2061,642,644,316,543,3.09587910863e-08,3000,6000
2062,642,542,740,543,3.09587910863e-08,3000,6000
2063,642,740,644,543,3.09587910863e-08,3000,6000
2064,25,649,648,741,3.09589225367e-08,3000,6000
2065,112,651,649,742,3.09589331948e-08,3000,6000
2066,113,648,651,743,3.09589225367e-08,3000,6000
2067,128,742,741,743,3.09588514824e-08,3000,6000
2068,649,648,741,743,3.09589225367e-08,3000,6000
2069,649,651,648,743,3.09589225367e-08,3000,6000
2070,649,741,742,743,3.09589225367e-08,3000,6000
2071,649,742,651,743,3.09589225367e-08,3000,6000
2072,22,546,545,744,3.09589225367e-08,3000,6000
2073,97,548,546,745,3.09589225367e-08,3000,6000
2074,96,545,548,746,3.09589331948e-08,3000,6000
2075,128,745,744,746,3.09588514824e-08,3000,6000
2076,546,545,744,746,3.09589225367e-08,3000,6000
2077,546,548,545,746,3.09589225367e-08,3000,6000
2078,546,744,745,746,3.09589225367e-08,3000,6000
2079,546,745,548,746,3.09589225367e-08,3000,6000
2080,55,640,540,747,3.09587875336e-08,3000,6000
2081,112,739,640,742,3.09588621406e-08,3000,6000
2082,96,540,739,746,3.09588621406e-08,3000,6000
2083,128,742,747,746,3.09587804281e-08,3000,6000
2084,640,540,747,746,3.09587875336e-08,3000,6000
2085,640,739,540,746,3.09587910863e-08,3000,6000
2086,640,747,742,746,3.09587875336e-08,3000,6000
2087,640,742,739,746,3.09587910863e-08,3000,6000
2088,55,644,640,747,3.09587875336e-08,3000,6000
2089,113,651,644,743,3.09589225367e-08,3000,6000
2090,112,640,651,742,3.09589296421e-08,3000,6000
2091,128,743,747,742,3.09587804281e-08,3000,6000
2092,644,640,747,742,3.09587875336e-08,3000,6000
2093,644,651,640,742,3.09589296421e-08,3000,6000
2094,644,747,743,742,3.09587768754e-08,3000,6000
2095,644,743,651,742,3.0958918984e-08,3000,6000
2096,55,540,543,747,3.09587875336e-08,3000,6000
2097,96,548,540,746,3.09589296421e-08,3000,6000
2098,97,543,548,745,3.09589225367e-08,3000,6000
2099,128,746,747,745,3.09587804281e-08,3000,6000
2100,540,543,747,745,3.09587839809e-08,3000,6000
2101,540,548,543,745,3.09589225367e-08,3000,6000
2102,540,747,746,745,3.09587839809e-08,3000,6000
2103,540,746,548,745,3.09589225367e-08,3000,6000
2104,55,543,644,747,3.09587875336e-08,3000,6000
2105,97,740,543,745,3.09588550351e-08,3000,6000
2106,113,644,740,743,3.09588550351e-08,3000,6000
2107,128,745,747,743,3.09587804281e-08,3000,6000
2108,543,644,747,743,3.09587804281e-08,3000,6000
2109,543,740,644,743,3.09587875336e-08,3000,6000
2110,543,747,745,743,3.09587804281e-08,3000,6000
2111,543,745,740,743,3.09587875336e-08,3000,6000
2112,1,655,335,555,3.09587733227e-08,3000,6000
2113,115,657,655,748,3.0958844377e-08,3000,6000
2114,62,335,657,556,3.09587875336e-08,3000,6000
2115,99,748,555,556,3.0958844377e-08,3000,6000
2116,655,335,555,556,3.09587733227e-08,3000,6000
2117,655,657,335,556,3.09587733227e-08,3000,6000
2118,655,555,748,556,3.09587733227e-08,3000,6000
2119,655,748,657,556,3.09587733227e-08,3000,6000
2120,26,666,665,749,3.09589260894e-08,3000,6000
2121,117,669,666,750,3.09589367475e-08,3000,6000
2122,115,665,669,751,3.09589260894e-08,3000,6000
2123,129,750,749,751,3.09588550351e-08,3000,6000
2124,666,665,749,751,3.09589260894e-08,3000,6000
2125,666,669,665,751,3.09589260894e-08,3000,6000
2126,666,749,750,751,3.09589260894e-08,3000,6000
2127,666,750,669,751,3.09589260894e-08,3000,6000
2128,13,346,661,564,3.09587910863e-08,3000,6000
2129,62,662,346,565,3.09587981917e-08,3000,6000
2130,117,661,662,752,3.09588656933e-08,3000,6000
2131,100,565,564,752,3.09588656933e-08,3000,6000
2132,346,661,564,752,3.09587981917e-08,3000,6000
2133,346,662,661,752,3.09587981917e-08,3000,6000
2134,346,564,565,752,3.09587981917e-08,3000,6000
2135,346,565,662,752,3.09587981917e-08,3000,6000
2136,23,753,559,558,3.09589260894e-08,3000,6000
2137,129,754,753,755,3.09588550351e-08,3000,6000
2138,99,559,754,561,3.09589260894e-08,3000,6000
2139,100,755,558,561,3.09589367475e-08,3000,6000
2140,753,559,558,561,3.09589260894e-08,3000,6000
2141,753,754,559,561,3.09589260894e-08,3000,6000
2142,753,558,755,561,3.09589260894e-08,3000,6000
2143,753,755,754,561,3.09589260894e-08,3000,6000
2144,115,657,748,756,3.09588550351e-08,3000,6000
2145,62,556,657,565,3.09587981917e-08,3000,6000
2146,99,748,556,561,3.09588550351e-08,3000,6000
2147,100,565,756,561,3.09588656933e-08,3000,6000
2148,657,748,756,561,3.09588550351e-08,3000,6000
2149,657,556,748,561,3.09587875336e-08,3000,6000
2150,657,756,565,561,3.09588656933e-08,3000,6000
2151,657,565,556,561,3.09587981917e-08,3000,6000
2152,115,669,657,756,3.09588550351e-08,3000,6000
2153,117,662,669,752,3.09588656933e-08,3000,6000
2154,62,657,662,565,3.09587981917e-08,3000,6000
2155,100,752,756,565,3.09588656933e-08,3000,6000
2156,669,657,756,565,3.09588656933e-08,3000,6000
2157,669,662,657,565,3.09587981917e-08,3000,6000
2158,669,756,752,565,3.09588656933e-08,3000,6000
2159,669,752,662,565,3.09587981917e-08,3000,6000
2160,115,748,751,756,3.09588550351e-08,3000,6000
2161,99,754,748,561,3.09588550351e-08,3000,6000
2162,129,751,754,755,3.09587875336e-08,3000,6000
2163,100,561,756,755,3.09588656933e-08,3000,6000
2164,748,751,756,755,3.09587875336e-08,3000,6000
2165,748,754,751,755,3.09587875336e-08,3000,6000
2166,748,756,561,755,3.09588550351e-08,3000,6000
2167,748,561,754,755,3.09588550351e-08,3000,6000
2168,115,751,669,756,3.09588550351e-08,3000,6000
2169,129,750,751,755,3.09587875336e-08,3000,6000
2170,117,669,750,752,3.09588656933e-08,3000,6000
2171,100,755,756,752,3.09588656933e-08,3000,6000
2172,751,669,756,752,3.09588550351e-08,3000,6000
2173,751,750,669,752,3.09588621406e-08,3000,6000
2174,751,756,755,752,3.09587910863e-08,3000,6000
2175,751,755,750,752,3.09587981917e-08,3000,6000
2176,11,688,687,757,3.09588514824e-08,3000,6000
2177,122,690,688,758,3.09587804281e-08,3000,6000
2178,121,687,690,759,3.09587804281e-08,3000,6000
2179,130,758,757,759,3.09588514824e-08,3000,6000
2180,688,687,757,759,3.09587804281e-08,3000,6000
2181,688,690,687,759,3.09587804281e-08,3000,6000
2182,688,757,758,759,3.09587804281e-08,3000,6000
2183,688,758,690,759,3.09587804281e-08,3000,6000
2184,25,700,699,760,3.09589331948e-08,3000,6000
2185,124,702,700,761,3.09589331948e-08,3000,6000
2186,122,699,702,762,3.09588621406e-08,3000,6000
2187,131,761,760,762,3.09589331948e-08,3000,6000
2188,700,699,760,762,3.09589331948e-08,3000,6000
2189,700,702,699,762,3.09589331948e-08,3000,6000
2190,700,760,761,762,3.09589331948e-08,3000,6000
2191,700,761,702,762,3.09589331948e-08,3000,6000
2192,26,694,693,763,3.09589260894e-08,3000,6000
2193,121,696,694,764,3.09588550351e-08,3000,6000
2194,124,693,696,765,3.09589260894e-08,3000,6000
2195,132,764,763,765,3.09589260894e-08,3000,6000
2196,694,693,763,765,3.09589367475e-08,3000,6000
2197,694,696,693,765,3.09589367475e-08,3000,6000
2198,694,763,764,765,3.09589260894e-08,3000,6000
2199,694,764,696,765,3.09589260894e-08,3000,6000
2200,28,766,767,768,3.09588514824e-08,3000,6000
2201,131,769,766,770,3.09589225367e-08,3000,6000
2202,130,767,769,771,3.09589225367e-08,3000,6000
2203,132,770,768,771,3.09589225367e-08,3000,6000
2204,766,767,768,771,3.09589225367e-08,3000,6000
2205,766,769,767,771,3.09589225367e-08,3000,6000
2206,766,768,770,771,3.09589225367e-08,3000,6000
2207,766,770,769,771,3.09589225367e-08,3000,6000
2208,122,690,758,772,3.09588514824e-08,3000,6000
2209,121,759,690,764,3.09588514824e-08,3000,6000
2210,130,758,759,771,3.09589225367e-08,3000,6000
2211,132,764,772,771,3.09589225367e-08,3000,6000
2212,690,758,772,771,3.09588514824e-08,3000,6000
2213,690,759,758,771,3.09589225367e-08,3000,6000
2214,690,772,764,771,3.09588514824e-08,3000,6000
2215,690,764,759,771,3.09589225367e-08,3000,6000
2216,122,702,690,772,3.09588514824e-08,3000,6000
2217,124,696,702,765,3.09589225367e-08,3000,6000
2218,121,690,696,764,3.09588514824e-08,3000,6000
2219,132,765,772,764,3.09589225367e-08,3000,6000
2220,702,690,772,764,3.09588514824e-08,3000,6000
2221,702,696,690,764,3.09588514824e-08,3000,6000
2222,702,772,765,764,3.09589225367e-08,3000,6000
2223,702,765,696,764,3.09589225367e-08,3000,6000
2224,122,758,762,772,3.09588514824e-08,3000,6000
2225,130,769,758,771,3.09589225367e-08,3000,6000
2226,131,762,769,770,3.09589225367e-08,3000,6000
2227,132,771,772,770,3.09589225367e-08,3000,6000
2228,758,762,772,770,3.09589225367e-08,3000,6000
2229,758,769,762,770,3.09589225367e-08,3000,6000
2230,758,772,771,770,3.09589225367e-08,3000,6000
2231,758,771,769,770,3.09589225367e-08,3000,6000
2232,122,762,702,772,3.09588514824e-08,3000,6000
2233,131,761,762,770,3.09589225367e-08,3000,6000
2234,124,702,761,765,3.09589225367e-08,3000,6000
2235,132,770,772,765,3.09589225367e-08,3000,6000
2236,762,702,772,765,3.09589225367e-08,3000,6000
2237,762,761,702,765,3.09589225367e-08,3000,6000
2238,762,772,770,765,3.09589225367e-08,3000,6000
2239,762,770,761,765,3.09589225367e-08,3000,6000
2240,12,572,571,773,3.09588514824e-08,3000,6000
2241,103,574,572,774,3.09587804281e-08,3000,6000
2242,102,571,574,775,3.09587804281e-08,3000,6000
2243,133,774,773,775,3.09588514824e-08,3000,6000
2244,572,571,773,775,3.09587804281e-08,3000,6000
2245,572,574,571,775,3.09587804281e-08,3000,6000
2246,572,773,774,775,3.09587804281e-08,3000,6000
2247,572,774,574,775,3.09587804281e-08,3000,6000
2248,23,584,583,776,3.09589260894e-08,3000,6000
2249,105,586,584,777,3.09589260894e-08,3000,6000
2250,103,583,586,778,3.09588550351e-08,3000,6000
2251,134,777,776,778,3.09589260894e-08,3000,6000
2252,584,583,776,778,3.09589367475e-08,3000,6000
2253,584,586,583,778,3.09589331948e-08,3000,6000
2254,584,776,777,778,3.09589331948e-08,3000,6000
2255,584,777,586,778,3.09589260894e-08,3000,6000
2256,22,578,577,779,3.09589331948e-08,3000,6000
2257,102,580,578,780,3.09588621406e-08,3000,6000
2258,105,577,580,781,3.09589331948e-08,3000,6000
2259,135,780,779,781,3.09589331948e-08,3000,6000
2260,578,577,779,781,3.09589331948e-08,3000,6000
2261,578,580,577,781,3.09589331948e-08,3000,6000
2262,578,779,780,781,3.09589331948e-08,3000,6000
2263,578,780,580,781,3.09589331948e-08,3000,6000
2264,28,782,783,784,3.09588514824e-08,3000,6000
2265,134,785,782,786,3.09589225367e-08,3000,6000
2266,133,783,785,787,3.09589225367e-08,3000,6000
2267,135,786,784,787,3.09589225367e-08,3000,6000
2268,782,783,784,787,3.09589225367e-08,3000,6000
2269,782,785,783,787,3.09589225367e-08,3000,6000
2270,782,784,786,787,3.09589225367e-08,3000,6000
2271,782,786,785,787,3.09589225367e-08,3000,6000
2272,103,574,774,788,3.09588514824e-08,3000,6000
2273,102,775,574,780,3.09588514824e-08,3000,6000
2274,133,774,775,787,3.09589225367e-08,3000,6000
2275,135,780,788,787,3.09589225367e-08,3000,6000
2276,574,774,788,787,3.09588514824e-08,3000,6000
2277,574,775,774,787,3.09589225367e-08,3000,6000
2278,574,788,780,787,3.09588514824e-08,3000,6000
2279,574,780,775,787,3.09589225367e-08,3000,6000
2280,103,586,574,788,3.09588514824e-08,3000,6000
2281,105,580,586,781,3.09589225367e-08,3000,6000
2282,102,574,580,780,3.09588514824e-08,3000,6000
2283,135,781,788,780,3.09589225367e-08,3000,6000
2284,586,574,788,780,3.09588514824e-08,3000,6000
2285,586,580,574,780,3.09588514824e-08,3000,6000
2286,586,788,781,780,3.09589225367e-08,3000,6000
2287,586,781,580,780,3.09589225367e-08,3000,6000
2288,103,774,778,788,3.09588514824e-08,3000,6000
2289,133,785,774,787,3.09589225367e-08,3000,6000
2290,134,778,785,786,3.09589225367e-08,3000,6000
2291,135,787,788,786,3.09589225367e-08,3000,6000
2292,774,778,788,786,3.09589225367e-08,3000,6000
2293,774,785,778,786,3.09589225367e-08,3000,6000
2294,774,788,787,786,3.09589225367e-08,3000,6000
2295,774,787,785,786,3.09589225367e-08,3000,6000
2296,103,778,586,788,3.09588514824e-08,3000,6000
2297,134,777,778,786,3.09589225367e-08,3000,6000
2298,105,586,777,781,3.09589225367e-08,3000,6000
2299,135,786,788,781,3.09589225367e-08,3000,6000
2300,778,586,788,781,3.09589225367e-08,3000,6000
2301,778,777,586,781,3.09589225367e-08,3000,6000
2302,778,788,786,781,3.09589225367e-08,3000,6000
2303,778,786,777,781,3.09589225367e-08,3000,6000
2304,13,642,542,789,3.09587875336e-08,3000,6000
2305,113,740,642,790,3.09588656933e-08,3000,6000
2306,97,542,740,791,3.09588656933e-08,3000,6000
2307,136,790,789,791,3.09587875336e-08,3000,6000
2308,642,542,789,791,3.09587981917e-08,3000,6000
2309,642,740,542,791,3.09587981917e-08,3000,6000
2310,642,789,790,791,3.09587981917e-08,3000,6000
2311,642,790,740,791,3.09587981917e-08,3000,6000
2312,25,741,648,760,3.09589331948e-08,3000,6000
2313,128,743,741,792,3.09588621406e-08,3000,6000
2314,113,648,743,793,3.0958943853e-08,3000,6000
2315,131,792,760,793,3.09589331948e-08,3000,6000
2316,741,648,760,793,3.09589367475e-08,3000,6000
2317,741,743,648,793,3.0958943853e-08,3000,6000
2318,741,760,792,793,3.09589331948e-08,3000,6000
2319,741,792,743,793,3.09589367475e-08,3000,6000
2320,22,546,744,779,3.09589331948e-08,3000,6000
2321,97,745,546,794,3.0958943853e-08,3000,6000
2322,128,744,745,795,3.09588621406e-08,3000,6000
2323,135,794,779,795,3.09589331948e-08,3000,6000
2324,546,744,779,795,3.09589331948e-08,3000,6000
2325,546,745,744,795,3.09589331948e-08,3000,6000
2326,546,779,794,795,3.0958943853e-08,3000,6000
2327,546,794,745,795,3.0958943853e-08,3000,6000
2328,28,766,796,784,3.09587804281e-08,3000,6000
2329,131,797,766,798,3.09588514824e-08,3000,6000
2330,136,796,797,799,3.09587804281e-08,3000,6000
2331,135,798,784,799,3.09588514824e-08,3000,6000
2332,766,796,784,799,3.09587804281e-08,3000,6000
2333,766,797,796,799,3.09587804281e-08,3000,6000
2334,766,784,798,799,3.09587804281e-08,3000,6000
2335,766,798,797,799,3.09587804281e-08,3000,6000
2336,113,740,790,800,3.09588621406e-08,3000,6000
2337,97,791,740,794,3.09588621406e-08,3000,6000
2338,136,790,791,799,3.09587804281e-08,3000,6000
2339,135,794,800,799,3.09588514824e-08,3000,6000
2340,740,790,800,799,3.09587875336e-08,3000,6000
2341,740,791,790,799,3.09587910863e-08,3000,6000
2342,740,800,794,799,3.09588514824e-08,3000,6000
2343,740,794,791,799,3.09588550351e-08,3000,6000
2344,113,743,740,800,3.09588727987e-08,3000,6000
2345,128,745,743,795,3.09587910863e-08,3000,6000
2346,97,740,745,794,3.09588727987e-08,3000,6000
2347,135,795,800,794,3.09588621406e-08,3000,6000
2348,743,740,800,794,3.09588727987e-08,3000,6000
2349,743,745,740,794,3.09588017444e-08,3000,6000
2350,743,800,795,794,3.09588727987e-08,3000,6000
2351,743,795,745,794,3.09588017444e-08,3000,6000
2352,113,790,793,800,3.09588621406e-08,3000,6000
2353,136,797,790,799,3.09587804281e-08,3000,6000
2354,131,793,797,798,3.09588514824e-08,3000,6000
2355,135,799,800,798,3.09588514824e-08,3000,6000
2356,790,793,800,798,3.09588514824e-08,3000,6000
2357,790,797,793,798,3.09588514824e-08,3000,6000
2358,790,800,799,798,3.09587804281e-08,3000,6000
2359,790,799,797,798,3.09587804281e-08,3000,6000
2360,113,793,743,800,3.09588727987e-08,3000,6000
2361,131,792,793,798,3.09588621406e-08,3000,6000
2362,128,743,792,795,3.09587910863e-08,3000,6000
2363,135,798,800,795,3.09588621406e-08,3000,6000
2364,793,743,800,795,3.09588727987e-08,3000,6000
2365,793,792,743,795,3.09588017444e-08,3000,6000
2366,793,800,798,795,3.09588621406e-08,3000,6000
2367,793,798,792,795,3.09587910863e-08,3000,6000
2368,13,661,642,789,3.09587839809e-08,3000,6000
2369,117,728,661,801,3.09589225367e-08,3000,6000
2370,113,642,728,790,3.09589367475e-08,3000,6000
2371,136,801,789,790,3.09587875336e-08,3000,6000
2372,661,642,789,790,3.09587875336e-08,3000,6000
2373,661,728,642,790,3.09589296421e-08,3000,6000
2374,661,789,801,790,3.09587839809e-08,3000,6000
2375,661,801,728,790,3.09589225367e-08,3000,6000
2376,26,693,666,763,3.09589225367e-08,3000,6000
2377,124,731,693,765,3.09589331948e-08,3000,6000
2378,117,666,731,802,3.09589225367e-08,3000,6000
2379,132,765,763,802,3.09589367475e-08,3000,6000
2380,693,666,763,802,3.09589331948e-08,3000,6000
2381,693,731,666,802,3.09589225367e-08,3000,6000
2382,693,763,765,802,3.0958943853e-08,3000,6000
2383,693,765,731,802,3.09589331948e-08,3000,6000
2384,25,648,700,760,3.09589331948e-08,3000,6000
2385,113,730,648,793,3.09589367475e-08,3000,6000
2386,124,700,730,761,3.09589260894e-08,3000,6000
2387,131,793,760,761,3.09589260894e-08,3000,6000
2388,648,700,760,761,3.09589331948e-08,3000,6000
2389,648,730,700,761,3.09589331948e-08,3000,6000
2390,648,760,793,761,3.09589331948e-08,3000,6000
2391,648,793,730,761,3.09589331948e-08,3000,6000
2392,28,768,796,766,3.09587804281e-08,3000,6000
2393,132,803,768,770,3.09589225367e-08,3000,6000
2394,136,796,803,797,3.09587804281e-08,3000,6000
2395,131,770,766,797,3.09589225367e-08,3000,6000
2396,768,796,766,797,3.09587804281e-08,3000,6000
2397,768,803,796,797,3.09587804281e-08,3000,6000
2398,768,766,770,797,3.09589225367e-08,3000,6000
2399,768,770,803,797,3.09589225367e-08,3000,6000
2400,117,728,801,804,3.09589225367e-08,3000,6000
2401,113,790,728,793,3.09589367475e-08,3000,6000
2402,136,801,790,797,3.09587839809e-08,3000,6000
2403,131,793,804,797,3.09589225367e-08,3000,6000
2404,728,801,804,797,3.09589225367e-08,3000,6000
2405,728,790,801,797,3.09589260894e-08,3000,6000
2406,728,804,793,797,3.09589225367e-08,3000,6000
2407,728,793,790,797,3.09589260894e-08,3000,6000
2408,117,731,728,804,3.09589225367e-08,3000,6000
2409,124,730,731,761,3.09589260894e-08,3000,6000
2410,113,728,730,793,3.09589367475e-08,3000,6000
2411,131,761,804,793,3.09589225367e-08,3000,6000
2412,731,728,804,793,3.09589225367e-08,3000,6000
2413,731,730,728,793,3.09589260894e-08,3000,6000
2414,731,804,761,793,3.09589225367e-08,3000,6000
2415,731,761,730,793,3.09589260894e-08,3000,6000
2416,117,801,802,804,3.0958918984e-08,3000,6000
2417,136,803,801,797,3.09587804281e-08,3000,6000
2418,132,802,803,770,3.09589225367e-08,3000,6000
2419,131,797,804,770,3.09589225367e-08,3000,6000
2420,801,802,804,770,3.09589260894e-08,3000,6000
2421,801,803,802,770,3.09589225367e-08,3000,6000
2422,801,804,797,770,3.09589260894e-08,3000,6000
2423,801,797,803,770,3.09589225367e-08,3000,6000
2424,117,802,731,804,3.0958918984e-08,3000,6000
2425,132,765,802,770,3.09589225367e-08,3000,6000
2426,124,731,765,761,3.09589225367e-08,3000,6000
2427,131,770,804,761,3.09589225367e-08,3000,6000
2428,802,731,804,761,3.09589260894e-08,3000,6000
2429,802,765,731,761,3.09589225367e-08,3000,6000
2430,802,804,770,761,3.09589260894e-08,3000,6000
2431,802,770,765,761,3.09589225367e-08,3000,6000
2432,13,542,564,789,3.09587839809e-08,3000,6000
2433,97,624,542,791,3.09589367475e-08,3000,6000
2434,100,564,624,805,3.09589225367e-08,3000,6000
2435,136,791,789,805,3.09587875336e-08,3000,6000
2436,542,564,789,805,3.09587804281e-08,3000,6000
2437,542,624,564,805,3.09589225367e-08,3000,6000
2438,542,789,791,805,3.09587910863e-08,3000,6000
2439,542,791,624,805,3.09589331948e-08,3000,6000
2440,22,577,546,779,3.09589331948e-08,3000,6000
2441,105,628,577,781,3.09589260894e-08,3000,6000
2442,97,546,628,794,3.09589367475e-08,3000,6000
2443,135,781,779,794,3.09589260894e-08,3000,6000
2444,577,546,779,794,3.09589367475e-08,3000,6000
2445,577,628,546,794,3.09589367475e-08,3000,6000
2446,577,779,781,794,3.09589260894e-08,3000,6000
2447,577,781,628,794,3.09589260894e-08,3000,6000
2448,23,558,584,776,3.09589225367e-08,3000,6000
2449,100,626,558,806,3.09589225367e-08,3000,6000
2450,105,584,626,777,3.09589331948e-08,3000,6000
2451,134,806,776,777,3.09589367475e-08,3000,6000
2452,558,584,776,777,3.09589331948e-08,3000,6000
2453,558,626,584,777,3.09589296421e-08,3000,6000
2454,558,776,806,777,3.09589331948e-08,3000,6000
2455,558,806,626,777,3.09589296421e-08,3000,6000
2456,28,784,796,782,3.09587804281e-08,3000,6000
2457,135,799,784,786,3.09589225367e-08,3000,6000
2458,136,796,799,807,3.09587804281e-08,3000,6000
2459,134,786,782,807,3.09589225367e-08,3000,6000
2460,784,796,782,807,3.09587804281e-08,3000,6000
2461,784,799,796,807,3.09587804281e-08,3000,6000
2462,784,782,786,807,3.09589225367e-08,3000,6000
2463,784,786,799,807,3.09589225367e-08,3000,6000
2464,97,624,791,808,3.09589331948e-08,3000,6000
2465,100,805,624,806,3.09589154313e-08,3000,6000
2466,136,791,805,807,3.09587875336e-08,3000,6000
2467,134,806,808,807,3.09589260894e-08,3000,6000
2468,624,791,808,807,3.09589260894e-08,3000,6000
2469,624,805,791,807,3.09589260894e-08,3000,6000
2470,624,808,806,807,3.09589260894e-08,3000,6000
2471,624,806,805,807,3.09589260894e-08,3000,6000
2472,97,628,624,808,3.09589331948e-08,3000,6000
2473,105,626,628,777,3.09589260894e-08,3000,6000
2474,100,624,626,806,3.09589154313e-08,3000,6000
2475,134,777,808,806,3.09589260894e-08,3000,6000
2476,628,624,808,806,3.09589260894e-08,3000,6000
2477,628,626,624,806,3.09589260894e-08,3000,6000
2478,628,808,777,806,3.09589260894e-08,3000,6000
2479,628,777,626,806,3.09589260894e-08,3000,6000
2480,97,791,794,808,3.09589260894e-08,3000,6000
2481,136,799,791,807,3.09587804281e-08,3000,6000
2482,135,794,799,786,3.09589225367e-08,3000,6000
2483,134,807,808,786,3.09589225367e-08,3000,6000
2484,791,794,808,786,3.09589225367e-08,3000,6000
2485,791,799,794,786,3.09589225367e-08,3000,6000
2486,791,808,807,786,3.09589225367e-08,3000,6000
2487,791,807,799,786,3.09589225367e-08,3000,6000
2488,97,794,628,808,3.09589260894e-08,3000,6000
2489,135,781,794,786,3.09589225367e-08,3000,6000
2490,105,628,781,777,3.09589225367e-08,3000,6000
2491,134,786,808,777,3.09589225367e-08,3000,6000
2492,794,628,808,777,3.09589225367e-08,3000,6000
2493,794,781,628,777,3.09589225367e-08,3000,6000
2494,794,808,786,777,3.09589225367e-08,3000,6000
2495,794,786,781,777,3.09589225367e-08,3000,6000
2496,13,564,661,789,3.09587804281e-08,3000,6000
2497,100,752,564,805,3.09588550351e-08,3000,6000
2498,117,661,752,801,3.09588550351e-08,3000,6000
2499,136,805,789,801,3.09587875336e-08,3000,6000
2500,564,661,789,801,3.09587733227e-08,3000,6000
2501,564,752,661,801,3.09587875336e-08,3000,6000
2502,564,789,805,801,3.09587733227e-08,3000,6000
2503,564,805,752,801,3.09587875336e-08,3000,6000
2504,23,753,558,776,3.09589154313e-08,3000,6000
2505,129,755,753,809,3.0958844377e-08,3000,6000
2506,100,558,755,806,3.09589260894e-08,3000,6000
2507,134,809,776,806,3.09589474057e-08,3000,6000
2508,753,558,776,806,3.09589260894e-08,3000,6000
2509,753,755,558,806,3.09589154313e-08,3000,6000
2510,753,776,809,806,3.09589367475e-08,3000,6000
2511,753,809,755,806,3.09589260894e-08,3000,6000
2512,26,666,749,763,3.09589154313e-08,3000,6000
2513,117,750,666,802,3.09589260894e-08,3000,6000
2514,129,749,750,810,3.0958844377e-08,3000,6000
2515,132,802,763,810,3.09589474057e-08,3000,6000
2516,666,749,763,810,3.09589154313e-08,3000,6000
2517,666,750,749,810,3.09589154313e-08,3000,6000
2518,666,763,802,810,3.09589367475e-08,3000,6000
2519,666,802,750,810,3.09589367475e-08,3000,6000
2520,28,782,796,768,3.09587804281e-08,3000,6000
2521,134,807,782,811,3.09588514824e-08,3000,6000
2522,136,796,807,803,3.09587804281e-08,3000,6000
2523,132,811,768,803,3.09588514824e-08,3000,6000
2524,782,796,768,803,3.09587804281e-08,3000,6000
2525,782,807,796,803,3.09587804281e-08,3000,6000
2526,782,768,811,803,3.09587804281e-08,3000,6000
2527,782,811,807,803,3.09587804281e-08,3000,6000
2528,100,752,805,812,3.0958844377e-08,3000,6000
2529,117,801,752,802,3.0958844377e-08,3000,6000
2530,136,805,801,803,3.09587875336e-08,3000,6000
2531,132,802,812,803,3.09588550351e-08,3000,6000
2532,752,805,812,803,3.09587768754e-08,3000,6000
2533,752,801,805,803,3.09587804281e-08,3000,6000
2534,752,812,802,803,3.09588479297e-08,3000,6000
2535,752,802,801,803,3.09588550351e-08,3000,6000
2536,100,755,752,812,3.09588550351e-08,3000,6000
2537,129,750,755,810,3.09587733227e-08,3000,6000
2538,117,752,750,802,3.09588550351e-08,3000,6000
2539,132,810,812,802,3.09588763514e-08,3000,6000
2540,755,752,812,802,3.09588550351e-08,3000,6000
2541,755,750,752,802,3.09587875336e-08,3000,6000
2542,755,812,810,802,3.09588656933e-08,3000,6000
2543,755,810,750,802,3.09587981917e-08,3000,6000
2544,100,805,806,812,3.0958844377e-08,3000,6000
2545,136,807,805,803,3.09587875336e-08,3000,6000
2546,134,806,807,811,3.09588550351e-08,3000,6000
2547,132,803,812,811,3.09588550351e-08,3000,6000
2548,805,806,812,811,3.09588550351e-08,3000,6000
2549,805,807,806,811,3.09588550351e-08,3000,6000
2550,805,812,803,811,3.09587875336e-08,3000,6000
2551,805,803,807,811,3.09587875336e-08,3000,6000
2552,100,806,755,812,3.09588550351e-08,3000,6000
2553,134,809,806,811,3.09588763514e-08,3000,6000
2554,129,755,809,810,3.09587733227e-08,3000,6000
2555,132,811,812,810,3.09588763514e-08,3000,6000
2556,806,755,812,810,3.09588656933e-08,3000,6000
2557,806,809,755,810,3.09587981917e-08,3000,6000
2558,806,812,811,810,3.09588763514e-08,3000,6000
2559,806,811,809,810,3.09588088498e-08,3000,6000
2560,0,311,310,813,3.0958869246e-08,3000,6000
2561,57,314,311,814,3.0958869246e-08,3000,6000
2562,56,310,314,815,3.09587981917e-08,3000,6000
2563,137,814,813,815,3.0958894115e-08,3000,6000
2564,311,310,813,815,3.0958869246e-08,3000,6000
2565,311,314,310,815,3.0958869246e-08,3000,6000
2566,311,813,814,815,3.0958869246e-08,3000,6000
2567,311,814,314,815,3.09588727987e-08,3000,6000
2568,15,329,328,816,3.09588621406e-08,3000,6000
2569,60,332,329,817,3.0958794639e-08,3000,6000
2570,57,328,332,818,3.09588763514e-08,3000,6000
2571,138,817,816,818,3.09588976677e-08,3000,6000
2572,329,328,816,818,3.0958869246e-08,3000,6000
2573,329,332,328,818,3.0958869246e-08,3000,6000
2574,329,816,817,818,3.09588656933e-08,3000,6000
2575,329,817,332,818,3.09588656933e-08,3000,6000
2576,14,321,323,819,3.0958894115e-08,3000,6000
2577,56,325,321,820,3.09588976677e-08,3000,6000
2578,60,323,325,821,3.0958894115e-08,3000,6000
2579,139,820,819,821,3.09588976677e-08,3000,6000
2580,321,323,819,821,3.0958894115e-08,3000,6000
2581,321,325,323,821,3.0958894115e-08,3000,6000
2582,321,819,820,821,3.09588976677e-08,3000,6000
2583,321,820,325,821,3.09588976677e-08,3000,6000
2584,29,822,823,824,3.09588870095e-08,3000,6000
2585,138,825,822,826,3.09588905623e-08,3000,6000
2586,137,823,825,827,3.09589012204e-08,3000,6000
2587,139,826,824,827,3.09589012204e-08,3000,6000
2588,822,823,824,827,3.09588976677e-08,3000,6000
2589,822,825,823,827,3.0958894115e-08,3000,6000
2590,822,824,826,827,3.09588976677e-08,3000,6000
2591,822,826,825,827,3.0958894115e-08,3000,6000
2592,57,314,814,828,3.09589225367e-08,3000,6000
2593,56,815,314,820,3.09588514824e-08,3000,6000
2594,137,814,815,827,3.0958894115e-08,3000,6000
2595,139,820,828,827,3.09588550351e-08,3000,6000
2596,314,814,828,827,3.09589260894e-08,3000,6000
2597,314,815,814,827,3.09589225367e-08,3000,6000
2598,314,828,820,827,3.09588550351e-08,3000,6000
2599,314,820,815,827,3.09588514824e-08,3000,6000
2600,57,332,314,828,3.09588976677e-08,3000,6000
2601,60,325,332,821,3.09588266134e-08,3000,6000
2602,56,314,325,820,3.09588266134e-08,3000,6000
2603,139,821,828,820,3.09588266134e-08,3000,6000
2604,332,314,828,820,3.09588266134e-08,3000,6000
2605,332,325,314,820,3.09588266134e-08,3000,6000
2606,332,828,821,820,3.09588301661e-08,3000,6000
2607,332,821,325,820,3.09588301661e-08,3000,6000
2608,57,814,818,828,3.09589403003e-08,3000,6000
2609,137,825,814,827,3.0958894115e-08,3000,6000
2610,138,818,825,826,3.09588976677e-08,3000,6000
2611,139,827,828,826,3.0958869246e-08,3000,6000
2612,814,818,828,826,3.09589403003e-08,3000,6000
2613,814,825,818,826,3.09588976677e-08,3000,6000
2614,814,828,827,826,3.09589403003e-08,3000,6000
2615,814,827,825,826,3.09588976677e-08,3000,6000
2616,57,818,332,828,3.09589154313e-08,3000,6000
2617,138,817,818,826,3.09588976677e-08,3000,6000
2618,60,332,817,821,3.0958844377e-08,3000,6000
2619,139,826,828,821,3.0958844377e-08,3000,6000
2620,818,332,828,821,3.09588621406e-08,3000,6000
2621,818,817,332,821,3.09588727987e-08,3000,6000
2622,818,828,826,821,3.09588870095e-08,3000,6000
2623,818,826,817,821,3.09588976677e-08,3000,6000
2624,2,386,385,829,3.09588585878e-08,3000,6000
2625,75,389,386,830,3.0958794639e-08,3000,6000
2626,74,385,389,831,3.09588656933e-08,3000,6000
2627,140,830,829,831,3.09588799041e-08,3000,6000
2628,386,385,829,831,3.09588550351e-08,3000,6000
2629,386,389,385,831,3.09588656933e-08,3000,6000
2630,386,829,830,831,3.09588550351e-08,3000,6000
2631,386,830,389,831,3.09588656933e-08,3000,6000
2632,18,404,403,832,3.09588976677e-08,3000,6000
2633,78,407,404,833,3.09588905623e-08,3000,6000
2634,75,403,407,834,3.09589012204e-08,3000,6000
2635,141,833,832,834,3.09588976677e-08,3000,6000
2636,404,403,832,834,3.09589047731e-08,3000,6000
2637,404,407,403,834,3.09589083258e-08,3000,6000
2638,404,832,833,834,3.09588905623e-08,3000,6000
2639,404,833,407,834,3.0958894115e-08,3000,6000
2640,15,396,398,835,3.09588727987e-08,3000,6000
2641,74,400,396,836,3.09588763514e-08,3000,6000
2642,78,398,400,837,3.09588017444e-08,3000,6000
2643,142,836,835,837,3.09589047731e-08,3000,6000
2644,396,398,835,837,3.09588727987e-08,3000,6000
2645,396,400,398,837,3.09588727987e-08,3000,6000
2646,396,835,836,837,3.09588763514e-08,3000,6000
2647,396,836,400,837,3.09588763514e-08,3000,6000
2648,30,838,839,840,3.0958894115e-08,3000,6000
2649,141,841,838,842,3.09589047731e-08,3000,6000
2650,140,839,841,843,3.0958894115e-08,3000,6000
2651,142,842,840,843,3.09589047731e-08,3000,6000
2652,838,839,840,843,3.0958894115e-08,3000,6000
2653,838,841,839,843,3.0958894115e-08,3000,6000
2654,838,840,842,843,3.09589047731e-08,3000,6000
2655,838,842,841,843,3.09589047731e-08,3000,6000
2656,75,389,830,844,3.09588052971e-08,3000,6000
2657,74,831,389,836,3.09588763514e-08,3000,6000
2658,140,830,831,843,3.09588905623e-08,3000,6000
2659,142,836,844,843,3.09589012204e-08,3000,6000
2660,389,830,844,843,3.09588052971e-08,3000,6000
2661,389,831,830,843,3.0958918984e-08,3000,6000
2662,389,844,836,843,3.09588585878e-08,3000,6000
2663,389,836,831,843,3.09589722747e-08,3000,6000
2664,75,407,389,844,3.09588017444e-08,3000,6000
2665,78,400,407,837,3.0958794639e-08,3000,6000
2666,74,389,400,836,3.09588727987e-08,3000,6000
2667,142,837,844,836,3.09588976677e-08,3000,6000
2668,407,389,844,836,3.09588550351e-08,3000,6000
2669,407,400,389,836,3.09587733227e-08,3000,6000
2670,407,844,837,836,3.09588976677e-08,3000,6000
2671,407,837,400,836,3.0958819508e-08,3000,6000
2672,75,830,834,844,3.09589012204e-08,3000,6000
2673,140,841,830,843,3.09588870095e-08,3000,6000
2674,141,834,841,842,3.09589012204e-08,3000,6000
2675,142,843,844,842,3.09589012204e-08,3000,6000
2676,830,834,844,842,3.09589012204e-08,3000,6000
2677,830,841,834,842,3.09589012204e-08,3000,6000
2678,830,844,843,842,3.09589012204e-08,3000,6000
2679,830,843,841,842,3.09589012204e-08,3000,6000
2680,75,834,407,844,3.09588976677e-08,3000,6000
2681,141,833,834,842,3.09588976677e-08,3000,6000
2682,78,407,833,837,3.09588905623e-08,3000,6000
2683,142,842,844,837,3.09588976677e-08,3000,6000
2684,834,407,844,837,3.09588976677e-08,3000,6000
2685,834,833,407,837,3.09588976677e-08,3000,6000
2686,834,844,842,837,3.09588976677e-08,3000,6000
2687,834,842,833,837,3.09588976677e-08,3000,6000
2688,6,359,361,845,3.09588905623e-08,3000,6000
2689,67,363,359,846,3.09588017444e-08,3000,6000
2690,69,361,363,847,3.09587910863e-08,3000,6000
2691,143,846,845,847,3.09588727987e-08,3000,6000
2692,359,361,845,847,3.09588870095e-08,3000,6000
2693,359,363,361,847,3.09587910863e-08,3000,6000
2694,359,845,846,847,3.09589012204e-08,3000,6000
2695,359,846,363,847,3.09588052971e-08,3000,6000
2696,14,367,366,848,3.0958894115e-08,3000,6000
2697,71,370,367,849,3.09589012204e-08,3000,6000
2698,67,366,370,850,3.09588727987e-08,3000,6000
2699,144,849,848,850,3.09587981917e-08,3000,6000
2700,367,366,848,850,3.09588408243e-08,3000,6000
2701,367,370,366,850,3.09588727987e-08,3000,6000
2702,367,848,849,850,3.09588266134e-08,3000,6000
2703,367,849,370,850,3.09588585878e-08,3000,6000
2704,18,378,377,851,3.09588870095e-08,3000,6000
2705,69,380,378,852,3.09588621406e-08,3000,6000
2706,71,377,380,853,3.09589012204e-08,3000,6000
2707,145,852,851,853,3.09588017444e-08,3000,6000
2708,378,377,851,853,3.0958894115e-08,3000,6000
2709,378,380,377,853,3.0958894115e-08,3000,6000
2710,378,851,852,853,3.0958794639e-08,3000,6000
2711,378,852,380,853,3.0958794639e-08,3000,6000
2712,31,854,855,856,3.09588870095e-08,3000,6000
2713,144,857,854,858,3.09588727987e-08,3000,6000
2714,143,855,857,859,3.09588088498e-08,3000,6000
2715,145,858,856,859,3.0958869246e-08,3000,6000
2716,854,855,856,859,3.09588621406e-08,3000,6000
2717,854,857,855,859,3.09588763514e-08,3000,6000
2718,854,856,858,859,3.09588621406e-08,3000,6000
2719,854,858,857,859,3.09588763514e-08,3000,6000
2720,67,363,846,860,3.09588727987e-08,3000,6000
2721,69,847,363,852,3.09588621406e-08,3000,6000
2722,143,846,847,859,3.09588017444e-08,3000,6000
2723,145,852,860,859,3.09589012204e-08,3000,6000
2724,363,846,860,859,3.09589260894e-08,3000,6000
2725,363,847,846,859,3.09588052971e-08,3000,6000
2726,363,860,852,859,3.09589722747e-08,3000,6000
2727,363,852,847,859,3.09588479297e-08,3000,6000
2728,67,370,363,860,3.09588727987e-08,3000,6000
2729,71,380,370,853,3.09589012204e-08,3000,6000
2730,69,363,380,852,3.09588621406e-08,3000,6000
2731,145,853,860,852,3.09588017444e-08,3000,6000
2732,370,363,860,852,3.09588763514e-08,3000,6000
2733,370,380,363,852,3.09588763514e-08,3000,6000
2734,370,860,853,852,3.09588052971e-08,3000,6000
2735,370,853,380,852,3.09588052971e-08,3000,6000
2736,67,846,850,860,3.09588727987e-08,3000,6000
2737,143,857,846,859,3.09588017444e-08,3000,6000
2738,144,850,857,858,3.0958894115e-08,3000,6000
2739,145,859,860,858,3.09589012204e-08,3000,6000
2740,846,850,860,858,3.09589012204e-08,3000,6000
2741,846,857,850,858,3.09589012204e-08,3000,6000
2742,846,860,859,858,3.09589012204e-08,3000,6000
2743,846,859,857,858,3.09589012204e-08,3000,6000
2744,67,850,370,860,3.09588727987e-08,3000,6000
2745,144,849,850,858,3.09587981917e-08,3000,6000
2746,71,370,849,853,3.09589012204e-08,3000,6000
2747,145,858,860,853,3.09588017444e-08,3000,6000
2748,850,370,860,853,3.09588052971e-08,3000,6000
2749,850,849,370,853,3.09588052971e-08,3000,6000
2750,850,860,858,853,3.09588017444e-08,3000,6000
2751,850,858,849,853,3.09588017444e-08,3000,6000
2752,10,861,862,863,3.09588870095e-08,3000,6000
2753,146,864,861,865,3.09588621406e-08,3000,6000
2754,147,862,864,866,3.09588621406e-08,3000,6000
2755,148,865,863,866,3.09587910863e-08,3000,6000
2756,861,862,863,866,3.09588621406e-08,3000,6000
2757,861,864,862,866,3.09588621406e-08,3000,6000
2758,861,863,865,866,3.09588621406e-08,3000,6000
2759,861,865,864,866,3.09588621406e-08,3000,6000
2760,30,867,868,869,3.09588230607e-08,3000,6000
2761,149,870,867,871,3.09588266134e-08,3000,6000
2762,146,868,870,872,3.09588017444e-08,3000,6000
2763,150,871,869,872,3.09588870095e-08,3000,6000
2764,867,868,869,872,3.09588266134e-08,3000,6000
2765,867,870,868,872,3.09588372716e-08,3000,6000
2766,867,869,871,872,3.09588124026e-08,3000,6000
2767,867,871,870,872,3.09588266134e-08,3000,6000
2768,29,873,874,875,3.09588301661e-08,3000,6000
2769,147,876,873,877,3.09588017444e-08,3000,6000
2770,149,874,876,878,3.09588301661e-08,3000,6000
2771,151,877,875,878,3.09589012204e-08,3000,6000
2772,873,874,875,878,3.09588301661e-08,3000,6000
2773,873,876,874,878,3.09588301661e-08,3000,6000
2774,873,875,877,878,3.09588301661e-08,3000,6000
2775,873,877,876,878,3.09588301661e-08,3000,6000
2776,31,879,880,881,3.09588017444e-08,3000,6000
2777,150,882,879,883,3.09588727987e-08,3000,6000
2778,148,880,882,884,3.09589012204e-08,3000,6000
2779,151,883,881,884,3.09588763514e-08,3000,6000
2780,879,880,881,884,3.09588727987e-08,3000,6000
2781,879,882,880,884,3.09588727987e-08,3000,6000
2782,879,881,883,884,3.09588727987e-08,3000,6000
2783,879,883,882,884,3.09588727987e-08,3000,6000
2784,146,864,865,885,3.09588976677e-08,3000,6000
2785,147,866,864,877,3.09588976677e-08,3000,6000
2786,148,865,866,884,3.09588266134e-08,3000,6000
2787,151,877,885,884,3.09588017444e-08,3000,6000
2788,864,865,885,884,3.09588550351e-08,3000,6000
2789,864,866,865,884,3.09589260894e-08,3000,6000
2790,864,885,877,884,3.09588017444e-08,3000,6000
2791,864,877,866,884,3.0958869246e-08,3000,6000
2792,146,870,864,885,3.09587981917e-08,3000,6000
2793,149,876,870,878,3.09588230607e-08,3000,6000
2794,147,864,876,877,3.0958794639e-08,3000,6000
2795,151,878,885,877,3.0958894115e-08,3000,6000
2796,870,864,885,877,3.09587981917e-08,3000,6000
2797,870,876,864,877,3.0958794639e-08,3000,6000
2798,870,885,878,877,3.09588266134e-08,3000,6000
2799,870,878,876,877,3.09588230607e-08,3000,6000
2800,146,865,872,885,3.0958894115e-08,3000,6000
2801,148,882,865,884,3.09588266134e-08,3000,6000
2802,150,872,882,883,3.09587981917e-08,3000,6000
2803,151,884,885,883,3.09588017444e-08,3000,6000
2804,865,872,885,883,3.0958894115e-08,3000,6000
2805,865,882,872,883,3.095876977e-08,3000,6000
2806,865,885,884,883,3.09588550351e-08,3000,6000
2807,865,884,882,883,3.09587306901e-08,3000,6000
2808,146,872,870,885,3.0958794639e-08,3000,6000
2809,150,871,872,883,3.09588905623e-08,3000,6000
2810,149,870,871,878,3.09588230607e-08,3000,6000
2811,151,883,885,878,3.0958894115e-08,3000,6000
2812,872,870,885,878,3.09588230607e-08,3000,6000
2813,872,871,870,878,3.09588230607e-08,3000,6000
2814,872,885,883,878,3.09588905623e-08,3000,6000
2815,872,883,871,878,3.09588905623e-08,3000,6000
2816,15,329,816,886,3.09589154313e-08,3000,6000
2817,60,817,329,887,3.09588479297e-08,3000,6000
2818,138,816,817,888,3.09588976677e-08,3000,6000
2819,152,887,886,888,3.09588479297e-08,3000,6000
2820,329,816,886,888,3.09589118785e-08,3000,6000
2821,329,817,816,888,3.09589118785e-08,3000,6000
2822,329,886,887,888,3.09588479297e-08,3000,6000
2823,329,887,817,888,3.09588479297e-08,3000,6000
2824,14,819,323,848,3.0958894115e-08,3000,6000
2825,139,821,819,889,3.0958844377e-08,3000,6000
2826,60,323,821,890,3.09588408243e-08,3000,6000
2827,144,889,848,890,3.09589118785e-08,3000,6000
2828,819,323,848,890,3.09589154313e-08,3000,6000
2829,819,821,323,890,3.09588408243e-08,3000,6000
2830,819,848,889,890,3.09589118785e-08,3000,6000
2831,819,889,821,890,3.09588408243e-08,3000,6000
2832,29,822,824,875,3.09588337188e-08,3000,6000
2833,138,826,822,891,3.09588372716e-08,3000,6000
2834,139,824,826,892,3.09589012204e-08,3000,6000
2835,151,891,875,892,3.09589047731e-08,3000,6000
2836,822,824,875,892,3.09588621406e-08,3000,6000
2837,822,826,824,892,3.09588870095e-08,3000,6000
2838,822,875,891,892,3.09588514824e-08,3000,6000
2839,822,891,826,892,3.09588799041e-08,3000,6000
2840,31,854,893,881,3.0958819508e-08,3000,6000
2841,144,894,854,895,3.09588479297e-08,3000,6000
2842,152,893,894,896,3.0958819508e-08,3000,6000
2843,151,895,881,896,3.09588479297e-08,3000,6000
2844,854,893,881,896,3.09588159553e-08,3000,6000
2845,854,894,893,896,3.09588124026e-08,3000,6000
2846,854,881,895,896,3.09588230607e-08,3000,6000
2847,854,895,894,896,3.0958819508e-08,3000,6000
2848,60,817,887,897,3.09588976677e-08,3000,6000
2849,138,888,817,891,3.09588550351e-08,3000,6000
2850,152,887,888,896,3.09588976677e-08,3000,6000
2851,151,891,897,896,3.0958918984e-08,3000,6000
2852,817,887,897,896,3.09588905623e-08,3000,6000
2853,817,888,887,896,3.09588976677e-08,3000,6000
2854,817,897,891,896,3.09589154313e-08,3000,6000
2855,817,891,888,896,3.09589260894e-08,3000,6000
2856,60,821,817,897,3.09588976677e-08,3000,6000
2857,139,826,821,892,3.09589012204e-08,3000,6000
2858,138,817,826,891,3.09588408243e-08,3000,6000
2859,151,892,897,891,3.09589083258e-08,3000,6000
2860,821,817,897,891,3.09589225367e-08,3000,6000
2861,821,826,817,891,3.09588408243e-08,3000,6000
2862,821,897,892,891,3.09589651692e-08,3000,6000
2863,821,892,826,891,3.09588799041e-08,3000,6000
2864,60,887,890,897,3.09588266134e-08,3000,6000
2865,152,894,887,896,3.09588230607e-08,3000,6000
2866,144,890,894,895,3.09588976677e-08,3000,6000
2867,151,896,897,895,3.09588479297e-08,3000,6000
2868,887,890,897,895,3.09588266134e-08,3000,6000
2869,887,894,890,895,3.09588266134e-08,3000,6000
2870,887,897,896,895,3.09588159553e-08,3000,6000
2871,887,896,894,895,3.09588124026e-08,3000,6000
2872,60,890,821,897,3.09588230607e-08,3000,6000
2873,144,889,890,895,3.09589012204e-08,3000,6000
2874,139,821,889,892,3.09588337188e-08,3000,6000
2875,151,895,897,892,3.09588372716e-08,3000,6000
2876,890,821,897,892,3.09588230607e-08,3000,6000
2877,890,889,821,892,3.09588301661e-08,3000,6000
2878,890,897,895,892,3.09588266134e-08,3000,6000
2879,890,895,889,892,3.09588301661e-08,3000,6000
2880,15,398,329,886,3.09589012204e-08,3000,6000
2881,78,415,398,898,3.09588230607e-08,3000,6000
2882,60,329,415,887,3.09588337188e-08,3000,6000
2883,152,898,886,887,3.09588337188e-08,3000,6000
2884,398,329,886,887,3.09588301661e-08,3000,6000
2885,398,415,329,887,3.09588372716e-08,3000,6000
2886,398,886,898,887,3.09588266134e-08,3000,6000
2887,398,898,415,887,3.09588337188e-08,3000,6000
2888,18,377,404,851,3.09588905623e-08,3000,6000
2889,71,418,377,853,3.09589047731e-08,3000,6000
2890,78,404,418,899,3.09588727987e-08,3000,6000
2891,145,853,851,899,3.0958943853e-08,3000,6000
2892,377,404,851,899,3.09589296421e-08,3000,6000
2893,377,418,404,899,3.09588763514e-08,3000,6000
2894,377,851,853,899,3.09589722747e-08,3000,6000
2895,377,853,418,899,3.0958918984e-08,3000,6000
2896,14,323,367,848,3.0958894115e-08,3000,6000
2897,60,412,323,890,3.09588727987e-08,3000,6000
2898,71,367,412,849,3.09589012204e-08,3000,6000
2899,144,890,848,849,3.09589403003e-08,3000,6000
2900,323,367,848,849,3.09588976677e-08,3000,6000
2901,323,412,367,849,3.09589012204e-08,3000,6000
2902,323,848,890,849,3.09589403003e-08,3000,6000
2903,323,890,412,849,3.0958943853e-08,3000,6000
2904,31,856,893,854,3.0958819508e-08,3000,6000
2905,145,900,856,858,3.0958869246e-08,3000,6000
2906,152,893,900,894,3.09588266134e-08,3000,6000
2907,144,858,854,894,3.09588727987e-08,3000,6000
2908,856,893,854,894,3.0958819508e-08,3000,6000
2909,856,900,893,894,3.09588266134e-08,3000,6000
2910,856,854,858,894,3.09588621406e-08,3000,6000
2911,856,858,900,894,3.0958869246e-08,3000,6000
2912,78,415,898,901,3.0958819508e-08,3000,6000
2913,60,887,415,890,3.09588337188e-08,3000,6000
2914,152,898,887,894,3.09588301661e-08,3000,6000
2915,144,890,901,894,3.09589047731e-08,3000,6000
2916,415,898,901,894,3.09588301661e-08,3000,6000
2917,415,887,898,894,3.09588301661e-08,3000,6000
2918,415,901,890,894,3.09588301661e-08,3000,6000
2919,415,890,887,894,3.09588301661e-08,3000,6000
2920,78,418,415,901,3.09588621406e-08,3000,6000
2921,71,412,418,849,3.09588976677e-08,3000,6000
2922,60,415,412,890,3.09588727987e-08,3000,6000
2923,144,849,901,890,3.09589367475e-08,3000,6000
2924,418,415,901,890,3.09588585878e-08,3000,6000
2925,418,412,415,890,3.09588656933e-08,3000,6000
2926,418,901,849,890,3.09589331948e-08,3000,6000
2927,418,849,412,890,3.09589403003e-08,3000,6000
2928,78,898,899,901,3.0958819508e-08,3000,6000
2929,152,900,898,894,3.09588337188e-08,3000,6000
2930,145,899,900,858,3.09589012204e-08,3000,6000
2931,144,894,901,858,3.09589047731e-08,3000,6000
2932,898,899,901,858,3.09588479297e-08,3000,6000
2933,898,900,899,858,3.09588408243e-08,3000,6000
2934,898,901,894,858,3.09588870095e-08,3000,6000
2935,898,894,900,858,3.09588763514e-08,3000,6000
2936,78,899,418,901,3.09588621406e-08,3000,6000
2937,145,853,899,858,3.0958943853e-08,3000,6000
2938,71,418,853,849,3.09589047731e-08,3000,6000
2939,144,858,901,849,3.09589367475e-08,3000,6000
2940,899,418,901,849,3.09589296421e-08,3000,6000
2941,899,853,418,849,3.0958943853e-08,3000,6000
2942,899,901,858,849,3.09589296421e-08,3000,6000
2943,899,858,853,849,3.0958943853e-08,3000,6000
2944,15,816,835,886,3.09589331948e-08,3000,6000
2945,138,902,816,888,3.09589047731e-08,3000,6000
2946,142,835,902,903,3.0958894115e-08,3000,6000
2947,152,888,886,903,3.0958869246e-08,3000,6000
2948,816,835,886,903,3.09589367475e-08,3000,6000
2949,816,902,835,903,3.0958894115e-08,3000,6000
2950,816,886,888,903,3.09589367475e-08,3000,6000
2951,816,888,902,903,3.0958894115e-08,3000,6000
2952,29,874,822,875,3.09588301661e-08,3000,6000
2953,149,904,874,878,3.09588230607e-08,3000,6000
2954,138,822,904,891,3.09588337188e-08,3000,6000
2955,151,878,875,891,3.09589012204e-08,3000,6000
2956,874,822,875,891,3.09588301661e-08,3000,6000
2957,874,904,822,891,3.09588337188e-08,3000,6000
2958,874,875,878,891,3.09588301661e-08,3000,6000
2959,874,878,904,891,3.09588337188e-08,3000,6000
2960,30,840,867,869,3.09588124026e-08,3000,6000
2961,142,905,840,906,3.09588266134e-08,3000,6000
2962,149,867,905,871,3.09588337188e-08,3000,6000
2963,150,906,869,871,3.09588976677e-08,3000,6000
2964,840,867,869,871,3.09588124026e-08,3000,6000
2965,840,905,867,871,3.0958819508e-08,3000,6000
2966,840,869,906,871,3.09588266134e-08,3000,6000
2967,840,906,905,871,3.09588337188e-08,3000,6000
2968,31,881,893,879,3.09588301661e-08,3000,6000
2969,151,896,881,883,3.09588763514e-08,3000,6000
2970,152,893,896,907,3.09588337188e-08,3000,6000
2971,150,883,879,907,3.09588621406e-08,3000,6000
2972,881,893,879,907,3.09588337188e-08,3000,6000
2973,881,896,893,907,3.09588408243e-08,3000,6000
2974,881,879,883,907,3.09588621406e-08,3000,6000
2975,881,883,896,907,3.0958869246e-08,3000,6000
2976,138,902,888,908,3.09588763514e-08,3000,6000
2977,142,903,902,906,3.09588585878e-08,3000,6000
2978,152,888,903,907,3.09588976677e-08,3000,6000
2979,150,906,908,907,3.09589260894e-08,3000,6000
2980,902,888,908,907,3.09589047731e-08,3000,6000
2981,902,903,888,907,3.09588870095e-08,3000,6000
2982,902,908,906,907,3.09589047731e-08,3000,6000
2983,902,906,903,907,3.09588870095e-08,3000,6000
2984,138,904,902,908,3.09588337188e-08,3000,6000
2985,149,905,904,871,3.09588230607e-08,3000,6000
2986,142,902,905,906,3.09588124026e-08,3000,6000
2987,150,871,908,906,3.09588834568e-08,3000,6000
2988,904,902,908,906,3.0958819508e-08,3000,6000
2989,904,905,902,906,3.0958819508e-08,3000,6000
2990,904,908,871,906,3.09588124026e-08,3000,6000
2991,904,871,905,906,3.09588124026e-08,3000,6000
2992,138,888,891,908,3.09588763514e-08,3000,6000
2993,152,896,888,907,3.09589047731e-08,3000,6000
2994,151,891,896,883,3.09589474057e-08,3000,6000
2995,150,907,908,883,3.09589367475e-08,3000,6000
2996,888,891,908,883,3.09589474057e-08,3000,6000
2997,888,896,891,883,3.09589474057e-08,3000,6000
2998,888,908,907,883,3.09589474057e-08,3000,6000
2999,888,907,896,883,3.09589474057e-08,3000,6000
3000,138,891,904,908,3.09588337188e-08,3000,6000
3001,151,878,891,883,3.09589012204e-08,3000,6000
3002,149,904,878,871,3.09588230607e-08,3000,6000
3003,150,883,908,871,3.09588905623e-08,3000,6000
3004,891,904,908,871,3.09588266134e-08,3000,6000
3005,891,878,904,871,3.09588372716e-08,3000,6000
3006,891,908,883,871,3.09588905623e-08,3000,6000
3007,891,883,878,871,3.09589012204e-08,3000,6000
3008,15,835,398,886,3.09589154313e-08,3000,6000
3009,142,837,835,903,3.09589047731e-08,3000,6000
3010,78,398,837,898,3.09588372716e-08,3000,6000
3011,152,903,886,898,3.09588550351e-08,3000,6000
3012,835,398,886,898,3.0958869246e-08,3000,6000
3013,835,837,398,898,3.09588656933e-08,3000,6000
3014,835,886,903,898,3.09589083258e-08,3000,6000
3015,835,903,837,898,3.09589012204e-08,3000,6000
3016,30,838,840,869,3.09588514824e-08,3000,6000
3017,141,842,838,909,3.09589012204e-08,3000,6000
3018,142,840,842,906,3.09588656933e-08,3000,6000
3019,150,909,869,906,3.09589367475e-08,3000,6000
3020,838,840,869,906,3.09588656933e-08,3000,6000
3021,838,842,840,906,3.09588656933e-08,3000,6000
3022,838,869,909,906,3.09589367475e-08,3000,6000
3023,838,909,842,906,3.09589367475e-08,3000,6000
3024,18,404,832,851,3.09588905623e-08,3000,6000
3025,78,833,404,899,3.09588585878e-08,3000,6000
3026,141,832,833,910,3.09588621406e-08,3000,6000
3027,145,899,851,910,3.09589367475e-08,3000,6000
3028,404,832,851,910,3.09589331948e-08,3000,6000
3029,404,833,832,910,3.09588550351e-08,3000,6000
3030,404,851,899,910,3.09589367475e-08,3000,6000
3031,404,899,833,910,3.09588621406e-08,3000,6000
3032,31,879,893,856,3.09588301661e-08,3000,6000
3033,150,907,879,911,3.09588408243e-08,3000,6000
3034,152,893,907,900,3.09588372716e-08,3000,6000
3035,145,911,856,900,3.09588656933e-08,3000,6000
3036,879,893,856,900,3.09588372716e-08,3000,6000
3037,879,907,893,900,3.09588372716e-08,3000,6000
3038,879,856,911,900,3.09588372716e-08,3000,6000
3039,879,911,907,900,3.09588372716e-08,3000,6000
3040,142,837,903,912,3.09589118785e-08,3000,6000
3041,78,898,837,899,3.09588301661e-08,3000,6000
3042,152,903,898,900,3.09588479297e-08,3000,6000
3043,145,899,912,900,3.09588834568e-08,3000,6000
3044,837,903,912,900,3.0958894115e-08,3000,6000
3045,837,898,903,900,3.09588479297e-08,3000,6000
3046,837,912,899,900,3.09588834568e-08,3000,6000
3047,837,899,898,900,3.09588372716e-08,3000,6000
3048,142,842,837,912,3.09588976677e-08,3000,6000
3049,141,833,842,910,3.09588621406e-08,3000,6000
3050,78,837,833,899,3.09588585878e-08,3000,6000
3051,145,910,912,899,3.09588585878e-08,3000,6000
3052,842,837,912,899,3.09588585878e-08,3000,6000
3053,842,833,837,899,3.09588621406e-08,3000,6000
3054,842,912,910,899,3.09588585878e-08,3000,6000
3055,842,910,833,899,3.09588621406e-08,3000,6000
3056,142,903,906,912,3.09588799041e-08,3000,6000
3057,152,907,903,900,3.0958869246e-08,3000,6000
3058,150,906,907,911,3.09588727987e-08,3000,6000
3059,145,900,912,911,3.09588621406e-08,3000,6000
3060,903,906,912,911,3.09588763514e-08,3000,6000
3061,903,907,906,911,3.09588727987e-08,3000,6000
3062,903,912,900,911,3.09588727987e-08,3000,6000
3063,903,900,907,911,3.0958869246e-08,3000,6000
3064,142,906,842,912,3.09588656933e-08,3000,6000
3065,150,909,906,911,3.09589083258e-08,3000,6000
3066,141,842,909,910,3.09588727987e-08,3000,6000
3067,145,911,912,910,3.09588372716e-08,3000,6000
3068,906,842,912,910,3.09588052971e-08,3000,6000
3069,906,909,842,910,3.09589012204e-08,3000,6000
3070,906,912,911,910,3.09588372716e-08,3000,6000
3071,906,911,909,910,3.09589296421e-08,3000,6000
3072,0,311,913,439,3.0958869246e-08,3000,6000
3073,57,914,311,441,3.0958869246e-08,3000,6000
3074,153,913,914,915,3.0958894115e-08,3000,6000
3075,80,441,439,915,3.09587981917e-08,3000,6000
3076,311,913,439,915,3.0958869246e-08,3000,6000
3077,311,914,913,915,3.0958869246e-08,3000,6000
3078,311,439,441,915,3.0958869246e-08,3000,6000
3079,311,441,914,915,3.09588727987e-08,3000,6000
3080,15,916,328,445,3.09588621406e-08,3000,6000
3081,154,917,916,918,3.09588976677e-08,3000,6000
3082,57,328,917,446,3.09588763514e-08,3000,6000
3083,82,918,445,446,3.0958794639e-08,3000,6000
3084,916,328,445,446,3.09588621406e-08,3000,6000
3085,916,917,328,446,3.09588727987e-08,3000,6000
3086,916,445,918,446,3.09588621406e-08,3000,6000
3087,916,918,917,446,3.09588727987e-08,3000,6000
3088,32,919,920,921,3.09588870095e-08,3000,6000
3089,153,922,919,923,3.09589012204e-08,3000,6000
3090,154,920,922,924,3.09588905623e-08,3000,6000
3091,155,923,921,924,3.09589012204e-08,3000,6000
3092,919,920,921,924,3.09588870095e-08,3000,6000
3093,919,922,920,924,3.09588870095e-08,3000,6000
3094,919,921,923,924,3.09589012204e-08,3000,6000
3095,919,923,922,924,3.09589012204e-08,3000,6000
3096,19,450,449,925,3.0958894115e-08,3000,6000
3097,82,453,450,926,3.0958894115e-08,3000,6000
3098,80,449,453,927,3.09588976677e-08,3000,6000
3099,155,926,925,927,3.09588976677e-08,3000,6000
3100,450,449,925,927,3.0958894115e-08,3000,6000
3101,450,453,449,927,3.0958894115e-08,3000,6000
3102,450,925,926,927,3.09588976677e-08,3000,6000
3103,450,926,453,927,3.09588976677e-08,3000,6000
3104,57,914,441,928,3.09589225367e-08,3000,6000
3105,153,915,914,923,3.0958894115e-08,3000,6000
3106,80,441,915,927,3.09588514824e-08,3000,6000
3107,155,923,928,927,3.09588550351e-08,3000,6000
3108,914,441,928,927,3.09588834568e-08,3000,6000
3109,914,915,441,927,3.0958869246e-08,3000,6000
3110,914,928,923,927,3.09589083258e-08,3000,6000
3111,914,923,915,927,3.0958894115e-08,3000,6000
3112,57,917,914,928,3.09589403003e-08,3000,6000
3113,154,922,917,924,3.09588976677e-08,3000,6000
3114,153,914,922,923,3.0958894115e-08,3000,6000
3115,155,924,928,923,3.0958869246e-08,3000,6000
3116,917,914,928,923,3.09589403003e-08,3000,6000
3117,917,922,914,923,3.0958894115e-08,3000,6000
3118,917,928,924,923,3.09589403003e-08,3000,6000
3119,917,924,922,923,3.09588976677e-08,3000,6000
3120,57,441,446,928,3.09588976677e-08,3000,6000
3121,80,453,441,927,3.09588266134e-08,3000,6000
3122,82,446,453,926,3.09588266134e-08,3000,6000
3123,155,927,928,926,3.09588266134e-08,3000,6000
3124,441,446,928,926,3.09588266134e-08,3000,6000
3125,441,453,446,926,3.09588266134e-08,3000,6000
3126,441,928,927,926,3.09588301661e-08,3000,6000
3127,441,927,453,926,3.09588301661e-08,3000,6000
3128,57,446,917,928,3.09589154313e-08,3000,6000
3129,82,918,446,926,3.0958844377e-08,3000,6000
3130,154,917,918,924,3.09588976677e-08,3000,6000
3131,155,926,928,924,3.0958844377e-08,3000,6000
3132,446,917,928,924,3.09589118785e-08,3000,6000
3133,446,918,917,924,3.09589154313e-08,3000,6000
3134,446,928,926,924,3.09588408243e-08,3000,6000
3135,446,926,918,924,3.0958844377e-08,3000,6000
3136,2,929,385,471,3.09588585878e-08,3000,6000
3137,156,930,929,931,3.09588799041e-08,3000,6000
3138,74,385,930,472,3.09588656933e-08,3000,6000
3139,86,931,471,472,3.0958794639e-08,3000,6000
3140,929,385,471,472,3.09588585878e-08,3000,6000
3141,929,930,385,472,3.09588585878e-08,3000,6000
3142,929,471,931,472,3.09588621406e-08,3000,6000
3143,929,931,930,472,3.09588621406e-08,3000,6000
3144,33,932,933,934,3.0958894115e-08,3000,6000
3145,157,935,932,936,3.09589047731e-08,3000,6000
3146,156,933,935,937,3.0958894115e-08,3000,6000
3147,158,936,934,937,3.09589047731e-08,3000,6000
3148,932,933,934,937,3.0958894115e-08,3000,6000
3149,932,935,933,937,3.0958894115e-08,3000,6000
3150,932,934,936,937,3.09589047731e-08,3000,6000
3151,932,936,935,937,3.09589047731e-08,3000,6000
3152,15,396,938,474,3.09588727987e-08,3000,6000
3153,74,939,396,476,3.09588763514e-08,3000,6000
3154,157,938,939,940,3.09589047731e-08,3000,6000
3155,87,476,474,940,3.09588017444e-08,3000,6000
3156,396,938,474,940,3.09588727987e-08,3000,6000
3157,396,939,938,940,3.09588763514e-08,3000,6000
3158,396,474,476,940,3.09588727987e-08,3000,6000
3159,396,476,939,940,3.09588763514e-08,3000,6000
3160,21,941,481,480,3.09588976677e-08,3000,6000
3161,158,942,941,943,3.09588976677e-08,3000,6000
3162,86,481,942,483,3.09589012204e-08,3000,6000
3163,87,943,480,483,3.09588905623e-08,3000,6000
3164,941,481,480,483,3.09589012204e-08,3000,6000
3165,941,942,481,483,3.09589083258e-08,3000,6000
3166,941,480,943,483,3.09588905623e-08,3000,6000
3167,941,943,942,483,3.09588976677e-08,3000,6000
3168,156,930,931,944,3.09588834568e-08,3000,6000
3169,74,472,930,476,3.09588656933e-08,3000,6000
3170,86,931,472,483,3.0958794639e-08,3000,6000
3171,87,476,944,483,3.0958794639e-08,3000,6000
3172,930,931,944,483,3.0958894115e-08,3000,6000
3173,930,472,931,483,3.09588230607e-08,3000,6000
3174,930,944,476,483,3.09588408243e-08,3000,6000
3175,930,476,472,483,3.095876977e-08,3000,6000
3176,156,935,930,944,3.09588976677e-08,3000,6000
3177,157,939,935,940,3.09589047731e-08,3000,6000
3178,74,930,939,476,3.09588763514e-08,3000,6000
3179,87,940,944,476,3.09588052971e-08,3000,6000
3180,935,930,944,476,3.09588514824e-08,3000,6000
3181,935,939,930,476,3.09589758274e-08,3000,6000
3182,935,944,940,476,3.09588088498e-08,3000,6000
3183,935,940,939,476,3.09589331948e-08,3000,6000
3184,156,931,937,944,3.09588870095e-08,3000,6000
3185,86,942,931,483,3.0958894115e-08,3000,6000
3186,158,937,942,943,3.0958894115e-08,3000,6000
3187,87,483,944,943,3.09588905623e-08,3000,6000
3188,931,937,944,943,3.0958894115e-08,3000,6000
3189,931,942,937,943,3.0958894115e-08,3000,6000
3190,931,944,483,943,3.0958894115e-08,3000,6000
3191,931,483,942,943,3.0958894115e-08,3000,6000
3192,156,937,935,944,3.09589012204e-08,3000,6000
3193,158,936,937,943,3.09589047731e-08,3000,6000
3194,157,935,936,940,3.09589047731e-08,3000,6000
3195,87,943,944,940,3.09589012204e-08,3000,6000
3196,937,935,944,940,3.09589047731e-08,3000,6000
3197,937,936,935,940,3.09589047731e-08,3000,6000
3198,937,944,943,940,3.09589047731e-08,3000,6000
3199,937,943,936,940,3.09589047731e-08,3000,6000
3200,9,945,946,947,3.09588870095e-08,3000,6000
3201,159,948,945,949,3.09588621406e-08,3000,6000
3202,160,946,948,950,3.09588621406e-08,3000,6000
3203,161,949,947,950,3.09587910863e-08,3000,6000
3204,945,946,947,950,3.09588621406e-08,3000,6000
3205,945,948,946,950,3.09588621406e-08,3000,6000
3206,945,947,949,950,3.09588621406e-08,3000,6000
3207,945,949,948,950,3.09588621406e-08,3000,6000
3208,32,951,952,953,3.09589012204e-08,3000,6000
3209,162,954,951,955,3.09589012204e-08,3000,6000
3210,159,952,954,956,3.09588017444e-08,3000,6000
3211,163,955,953,956,3.09588727987e-08,3000,6000
3212,951,952,953,956,3.09588479297e-08,3000,6000
3213,951,954,952,956,3.09588301661e-08,3000,6000
3214,951,953,955,956,3.09588763514e-08,3000,6000
3215,951,955,954,956,3.09588585878e-08,3000,6000
3216,33,957,958,959,3.0958894115e-08,3000,6000
3217,160,960,957,961,3.09588017444e-08,3000,6000
3218,162,958,960,962,3.09588976677e-08,3000,6000
3219,164,961,959,962,3.09588621406e-08,3000,6000
3220,957,958,959,962,3.0958894115e-08,3000,6000
3221,957,960,958,962,3.09589012204e-08,3000,6000
3222,957,959,961,962,3.09587910863e-08,3000,6000
3223,957,961,960,962,3.09588017444e-08,3000,6000
3224,34,963,964,965,3.09589012204e-08,3000,6000
3225,163,966,963,967,3.09588052971e-08,3000,6000
3226,161,964,966,968,3.09588763514e-08,3000,6000
3227,164,967,965,968,3.09588017444e-08,3000,6000
3228,963,964,965,968,3.09588976677e-08,3000,6000
3229,963,966,964,968,3.09589012204e-08,3000,6000
3230,963,965,967,968,3.09588017444e-08,3000,6000
3231,963,967,966,968,3.09588052971e-08,3000,6000
3232,159,948,949,969,3.09588870095e-08,3000,6000
3233,160,950,948,961,3.09588870095e-08,3000,6000
3234,161,949,950,968,3.09587910863e-08,3000,6000
3235,164,961,969,968,3.09588621406e-08,3000,6000
3236,948,949,969,968,3.09588905623e-08,3000,6000
3237,948,950,949,968,3.09588905623e-08,3000,6000
3238,948,969,961,968,3.09588870095e-08,3000,6000
3239,948,961,950,968,3.09588870095e-08,3000,6000
3240,159,954,948,969,3.09587910863e-08,3000,6000
3241,162,960,954,962,3.09588870095e-08,3000,6000
3242,160,948,960,961,3.09587910863e-08,3000,6000
3243,164,962,969,961,3.09588621406e-08,3000,6000
3244,954,948,969,961,3.09587910863e-08,3000,6000
3245,954,960,948,961,3.09587910863e-08,3000,6000
3246,954,969,962,961,3.09587910863e-08,3000,6000
3247,954,962,960,961,3.09587910863e-08,3000,6000
3248,159,949,956,969,3.09589012204e-08,3000,6000
3249,161,966,949,968,3.09588052971e-08,3000,6000
3250,163,956,966,967,3.09588763514e-08,3000,6000
3251,164,968,969,967,3.09588727987e-08,3000,6000
3252,949,956,969,967,3.09589722747e-08,3000,6000
3253,949,966,956,967,3.09588585878e-08,3000,6000
3254,949,969,968,967,3.0958918984e-08,3000,6000
3255,949,968,966,967,3.09588052971e-08,3000,6000
3256,159,956,954,969,3.09588052971e-08,3000,6000
3257,163,955,956,967,3.09588763514e-08,3000,6000
3258,162,954,955,962,3.09589012204e-08,3000,6000
3259,164,967,969,962,3.09588727987e-08,3000,6000
3260,956,954,969,962,3.09588052971e-08,3000,6000
3261,956,955,954,962,3.09588052971e-08,3000,6000
3262,956,969,967,962,3.09588727987e-08,3000,6000
3263,956,967,955,962,3.09588727987e-08,3000,6000
3264,8,489,488,970,3.09588905623e-08,3000,6000
3265,91,492,489,971,3.09588905623e-08,3000,6000
3266,90,488,492,972,3.09589012204e-08,3000,6000
3267,165,971,970,972,3.09589012204e-08,3000,6000
3268,489,488,970,972,3.09588905623e-08,3000,6000
3269,489,492,488,972,3.0958894115e-08,3000,6000
3270,489,970,971,972,3.09588976677e-08,3000,6000
3271,489,971,492,972,3.09588976677e-08,3000,6000
3272,21,507,506,973,3.09588870095e-08,3000,6000
3273,94,510,507,974,3.09589012204e-08,3000,6000
3274,91,506,510,975,3.09588905623e-08,3000,6000
3275,166,974,973,975,3.09588976677e-08,3000,6000
3276,507,506,973,975,3.09588870095e-08,3000,6000
3277,507,510,506,975,3.09588905623e-08,3000,6000
3278,507,973,974,975,3.09588976677e-08,3000,6000
3279,507,974,510,975,3.09589012204e-08,3000,6000
3280,19,499,501,976,3.0958894115e-08,3000,6000
3281,90,503,499,977,3.09589012204e-08,3000,6000
3282,94,501,503,978,3.09589012204e-08,3000,6000
3283,167,977,976,978,3.0958894115e-08,3000,6000
3284,499,501,976,978,3.0958894115e-08,3000,6000
3285,499,503,501,978,3.09589012204e-08,3000,6000
3286,499,976,977,978,3.0958894115e-08,3000,6000
3287,499,977,503,978,3.09589012204e-08,3000,6000
3288,34,979,980,981,3.09587910863e-08,3000,6000
3289,166,982,979,983,3.09588976677e-08,3000,6000
3290,165,980,982,984,3.09588763514e-08,3000,6000
3291,167,983,981,984,3.09588976677e-08,3000,6000
3292,979,980,981,984,3.09587981917e-08,3000,6000
3293,979,982,980,984,3.09588017444e-08,3000,6000
3294,979,981,983,984,3.09588905623e-08,3000,6000
3295,979,983,982,984,3.09588976677e-08,3000,6000
3296,91,492,971,985,3.0958894115e-08,3000,6000
3297,90,972,492,977,3.09589012204e-08,3000,6000
3298,165,971,972,984,3.09589012204e-08,3000,6000
3299,167,977,985,984,3.09588976677e-08,3000,6000
3300,492,971,985,984,3.09589012204e-08,3000,6000
3301,492,972,971,984,3.09589012204e-08,3000,6000
3302,492,985,977,984,3.09589012204e-08,3000,6000
3303,492,977,972,984,3.09589012204e-08,3000,6000
3304,91,510,492,985,3.0958894115e-08,3000,6000
3305,94,503,510,978,3.09589012204e-08,3000,6000
3306,90,492,503,977,3.09589012204e-08,3000,6000
3307,167,978,985,977,3.09588976677e-08,3000,6000
3308,510,492,985,977,3.09589012204e-08,3000,6000
3309,510,503,492,977,3.09589012204e-08,3000,6000
3310,510,985,978,977,3.09589012204e-08,3000,6000
3311,510,978,503,977,3.09589012204e-08,3000,6000
3312,91,971,975,985,3.09588976677e-08,3000,6000
3313,165,982,971,984,3.09589012204e-08,3000,6000
3314,166,975,982,983,3.09589012204e-08,3000,6000
3315,167,984,985,983,3.09588976677e-08,3000,6000
3316,971,975,985,983,3.09589012204e-08,3000,6000
3317,971,982,975,983,3.09589012204e-08,3000,6000
3318,971,985,984,983,3.09589012204e-08,3000,6000
3319,971,984,982,983,3.09589012204e-08,3000,6000
3320,91,975,510,985,3.09588976677e-08,3000,6000
3321,166,974,975,983,3.09589012204e-08,3000,6000
3322,94,510,974,978,3.09589012204e-08,3000,6000
3323,167,983,985,978,3.09588976677e-08,3000,6000
3324,975,510,985,978,3.09589012204e-08,3000,6000
3325,975,974,510,978,3.09589012204e-08,3000,6000
3326,975,985,983,978,3.09589012204e-08,3000,6000
3327,975,983,974,978,3.09589012204e-08,3000,6000
3328,15,916,445,986,3.09589154313e-08,3000,6000
3329,154,918,916,987,3.09588976677e-08,3000,6000
3330,82,445,918,988,3.09588479297e-08,3000,6000
3331,168,987,986,988,3.09588479297e-08,3000,6000
3332,916,445,986,988,3.09588621406e-08,3000,6000
3333,916,918,445,988,3.09588656933e-08,3000,6000
3334,916,986,987,988,3.0958894115e-08,3000,6000
3335,916,987,918,988,3.09588976677e-08,3000,6000
3336,32,921,920,953,3.09588870095e-08,3000,6000
3337,155,924,921,989,3.09589012204e-08,3000,6000
3338,154,920,924,990,3.09588905623e-08,3000,6000
3339,163,989,953,990,3.09588905623e-08,3000,6000
3340,921,920,953,990,3.09588905623e-08,3000,6000
3341,921,924,920,990,3.09588905623e-08,3000,6000
3342,921,953,989,990,3.09588905623e-08,3000,6000
3343,921,989,924,990,3.09588905623e-08,3000,6000
3344,19,450,925,976,3.0958894115e-08,3000,6000
3345,82,926,450,991,3.0958894115e-08,3000,6000
3346,155,925,926,992,3.09588976677e-08,3000,6000
3347,167,991,976,992,3.09588976677e-08,3000,6000
3348,450,925,976,992,3.0958894115e-08,3000,6000
3349,450,926,925,992,3.0958894115e-08,3000,6000
3350,450,976,991,992,3.09588976677e-08,3000,6000
3351,450,991,926,992,3.09588976677e-08,3000,6000
3352,34,963,993,981,3.09589047731e-08,3000,6000
3353,163,994,963,995,3.09588372716e-08,3000,6000
3354,168,993,994,996,3.09588372716e-08,3000,6000
3355,167,995,981,996,3.09589012204e-08,3000,6000
3356,963,993,981,996,3.09589047731e-08,3000,6000
3357,963,994,993,996,3.09588337188e-08,3000,6000
3358,963,981,995,996,3.09589047731e-08,3000,6000
3359,963,995,994,996,3.09588337188e-08,3000,6000
3360,154,918,987,997,3.09589012204e-08,3000,6000
3361,82,988,918,991,3.09589012204e-08,3000,6000
3362,168,987,988,996,3.09589012204e-08,3000,6000
3363,167,991,997,996,3.09588976677e-08,3000,6000
3364,918,987,997,996,3.09589012204e-08,3000,6000
3365,918,988,987,996,3.09589012204e-08,3000,6000
3366,918,997,991,996,3.09589012204e-08,3000,6000
3367,918,991,988,996,3.09589012204e-08,3000,6000
3368,154,924,918,997,3.0958894115e-08,3000,6000
3369,155,926,924,992,3.09588976677e-08,3000,6000
3370,82,918,926,991,3.0958894115e-08,3000,6000
3371,167,992,997,991,3.09588976677e-08,3000,6000
3372,924,918,997,991,3.0958894115e-08,3000,6000
3373,924,926,918,991,3.0958894115e-08,3000,6000
3374,924,997,992,991,3.0958894115e-08,3000,6000
3375,924,992,926,991,3.0958894115e-08,3000,6000
3376,154,987,990,997,3.0958894115e-08,3000,6000
3377,168,994,987,996,3.0958894115e-08,3000,6000
3378,163,990,994,995,3.09588905623e-08,3000,6000
3379,167,996,997,995,3.09589012204e-08,3000,6000
3380,987,990,997,995,3.09589012204e-08,3000,6000
3381,987,994,990,995,3.09588799041e-08,3000,6000
3382,987,997,996,995,3.09589012204e-08,3000,6000
3383,987,996,994,995,3.09588834568e-08,3000,6000
3384,154,990,924,997,3.09588870095e-08,3000,6000
3385,163,989,990,995,3.09588870095e-08,3000,6000
3386,155,924,989,992,3.09589012204e-08,3000,6000
3387,167,995,997,992,3.09589012204e-08,3000,6000
3388,990,924,997,992,3.09588870095e-08,3000,6000
3389,990,989,924,992,3.09588905623e-08,3000,6000
3390,990,997,995,992,3.0958894115e-08,3000,6000
3391,990,995,989,992,3.09588976677e-08,3000,6000
3392,15,938,916,986,3.09589331948e-08,3000,6000
3393,157,998,938,999,3.0958894115e-08,3000,6000
3394,154,916,998,987,3.09589047731e-08,3000,6000
3395,168,999,986,987,3.0958869246e-08,3000,6000
3396,938,916,986,987,3.09589367475e-08,3000,6000
3397,938,998,916,987,3.0958894115e-08,3000,6000
3398,938,986,999,987,3.09589367475e-08,3000,6000
3399,938,999,998,987,3.0958894115e-08,3000,6000
3400,33,958,932,959,3.09588834568e-08,3000,6000
3401,162,1000,958,962,3.09589047731e-08,3000,6000
3402,157,932,1000,1001,3.09588976677e-08,3000,6000
3403,164,962,959,1001,3.09588976677e-08,3000,6000
3404,958,932,959,1001,3.09588976677e-08,3000,6000
3405,958,1000,932,1001,3.09588976677e-08,3000,6000
3406,958,959,962,1001,3.0958894115e-08,3000,6000
3407,958,962,1000,1001,3.0958894115e-08,3000,6000
3408,32,920,951,953,3.09589012204e-08,3000,6000
3409,154,1002,920,990,3.09589047731e-08,3000,6000
3410,162,951,1002,955,3.09588905623e-08,3000,6000
3411,163,990,953,955,3.09589012204e-08,3000,6000
3412,920,951,953,955,3.09589012204e-08,3000,6000
3413,920,1002,951,955,3.09589047731e-08,3000,6000
3414,920,953,990,955,3.09589012204e-08,3000,6000
3415,920,990,1002,955,3.09589047731e-08,3000,6000
3416,34,965,993,963,3.09589012204e-08,3000,6000
3417,164,1003,965,967,3.0958819508e-08,3000,6000
3418,168,993,1003,994,3.09588337188e-08,3000,6000
3419,163,967,963,994,3.09588301661e-08,3000,6000
3420,965,993,963,994,3.09588301661e-08,3000,6000
3421,965,1003,993,994,3.09588337188e-08,3000,6000
3422,965,963,967,994,3.09588301661e-08,3000,6000
3423,965,967,1003,994,3.09588337188e-08,3000,6000
3424,157,998,999,1004,3.0958894115e-08,3000,6000
3425,154,987,998,990,3.0958894115e-08,3000,6000
3426,168,999,987,994,3.09588905623e-08,3000,6000
3427,163,990,1004,994,3.09589154313e-08,3000,6000
3428,998,999,1004,994,3.09589047731e-08,3000,6000
3429,998,987,999,994,3.09588799041e-08,3000,6000
3430,998,1004,990,994,3.09589154313e-08,3000,6000
3431,998,990,987,994,3.0958894115e-08,3000,6000
3432,157,1000,998,1004,3.09588799041e-08,3000,6000
3433,162,1002,1000,955,3.09589012204e-08,3000,6000
3434,154,998,1002,990,3.09589118785e-08,3000,6000
3435,163,955,1004,990,3.09588976677e-08,3000,6000
3436,1000,998,1004,990,3.09588834568e-08,3000,6000
3437,1000,1002,998,990,3.09589047731e-08,3000,6000
3438,1000,1004,955,990,3.09588905623e-08,3000,6000
3439,1000,955,1002,990,3.09589154313e-08,3000,6000
3440,157,999,1001,1004,3.09588870095e-08,3000,6000
3441,168,1003,999,994,3.09589012204e-08,3000,6000
3442,164,1001,1003,967,3.09588870095e-08,3000,6000
3443,163,994,1004,967,3.09589083258e-08,3000,6000
3444,999,1001,1004,967,3.09588870095e-08,3000,6000
3445,999,1003,1001,967,3.09588870095e-08,3000,6000
3446,999,1004,994,967,3.09589012204e-08,3000,6000
3447,999,994,1003,967,3.09589012204e-08,3000,6000
3448,157,1001,1000,1004,3.09588727987e-08,3000,6000
3449,164,962,1001,967,3.09588976677e-08,3000,6000
3450,162,1000,962,955,3.09589047731e-08,3000,6000
3451,163,967,1004,955,3.0958894115e-08,3000,6000
3452,1001,1000,1004,955,3.09588763514e-08,3000,6000
3453,1001,962,1000,955,3.0958894115e-08,3000,6000
3454,1001,1004,967,955,3.09588763514e-08,3000,6000
3455,1001,967,962,955,3.09588976677e-08,3000,6000
3456,15,445,474,986,3.09589012204e-08,3000,6000
3457,82,515,445,988,3.09588337188e-08,3000,6000
3458,87,474,515,1005,3.09588230607e-08,3000,6000
3459,168,988,986,1005,3.09588337188e-08,3000,6000
3460,445,474,986,1005,3.09588337188e-08,3000,6000
3461,445,515,474,1005,3.09588337188e-08,3000,6000
3462,445,986,988,1005,3.09588337188e-08,3000,6000
3463,445,988,515,1005,3.09588337188e-08,3000,6000
3464,19,501,450,976,3.0958894115e-08,3000,6000
3465,94,518,501,978,3.09589012204e-08,3000,6000
3466,82,450,518,991,3.09589012204e-08,3000,6000
3467,167,978,976,991,3.09588976677e-08,3000,6000
3468,501,450,976,991,3.09588976677e-08,3000,6000
3469,501,518,450,991,3.09589012204e-08,3000,6000
3470,501,976,978,991,3.09588976677e-08,3000,6000
3471,501,978,518,991,3.09589012204e-08,3000,6000
3472,21,480,507,973,3.09588905623e-08,3000,6000
3473,87,521,480,1006,3.09589012204e-08,3000,6000
3474,94,507,521,974,3.09589047731e-08,3000,6000
3475,166,1006,973,974,3.09589012204e-08,3000,6000
3476,480,507,973,974,3.09589047731e-08,3000,6000
3477,480,521,507,974,3.09589083258e-08,3000,6000
3478,480,973,1006,974,3.09588976677e-08,3000,6000
3479,480,1006,521,974,3.09589012204e-08,3000,6000
3480,34,981,993,979,3.09589331948e-08,3000,6000
3481,167,996,981,983,3.09589012204e-08,3000,6000
3482,168,993,996,1007,3.0958869246e-08,3000,6000
3483,166,983,979,1007,3.09588976677e-08,3000,6000
3484,981,993,979,1007,3.09589260894e-08,3000,6000
3485,981,996,993,1007,3.09589367475e-08,3000,6000
3486,981,979,983,1007,3.09588905623e-08,3000,6000
3487,981,983,996,1007,3.09589012204e-08,3000,6000
3488,82,515,988,1008,3.09589012204e-08,3000,6000
3489,87,1005,515,1006,3.09588870095e-08,3000,6000
3490,168,988,1005,1007,3.09588976677e-08,3000,6000
3491,166,1006,1008,1007,3.09588905623e-08,3000,6000
3492,515,988,1008,1007,3.09588976677e-08,3000,6000
3493,515,1005,988,1007,3.09588976677e-08,3000,6000
3494,515,1008,1006,1007,3.09588870095e-08,3000,6000
3495,515,1006,1005,1007,3.09588870095e-08,3000,6000
3496,82,518,515,1008,3.09589012204e-08,3000,6000
3497,94,521,518,974,3.0958894115e-08,3000,6000
3498,87,515,521,1006,3.09588870095e-08,3000,6000
3499,166,974,1008,1006,3.09588905623e-08,3000,6000
3500,518,515,1008,1006,3.09588905623e-08,3000,6000
3501,518,521,515,1006,3.09588870095e-08,3000,6000
3502,518,1008,974,1006,3.09588905623e-08,3000,6000
3503,518,974,521,1006,3.09588905623e-08,3000,6000
3504,82,988,991,1008,3.09589012204e-08,3000,6000
3505,168,996,988,1007,3.09589012204e-08,3000,6000
3506,167,991,996,983,3.09588976677e-08,3000,6000
3507,166,1007,1008,983,3.09589012204e-08,3000,6000
3508,988,991,1008,983,3.09589012204e-08,3000,6000
3509,988,996,991,983,3.09589012204e-08,3000,6000
3510,988,1008,1007,983,3.09589012204e-08,3000,6000
3511,988,1007,996,983,3.09589012204e-08,3000,6000
3512,82,991,518,1008,3.09589012204e-08,3000,6000
3513,167,978,991,983,3.09588976677e-08,3000,6000
3514,94,518,978,974,3.09589012204e-08,3000,6000
3515,166,983,1008,974,3.09589012204e-08,3000,6000
3516,991,518,1008,974,3.09589012204e-08,3000,6000
3517,991,978,518,974,3.09589012204e-08,3000,6000
3518,991,1008,983,974,3.09589012204e-08,3000,6000
3519,991,983,978,974,3.09589012204e-08,3000,6000
3520,15,474,938,986,3.09589154313e-08,3000,6000
3521,87,940,474,1005,3.09588372716e-08,3000,6000
3522,157,938,940,999,3.09589047731e-08,3000,6000
3523,168,1005,986,999,3.09588550351e-08,3000,6000
3524,474,938,986,999,3.0958918984e-08,3000,6000
3525,474,940,938,999,3.09589154313e-08,3000,6000
3526,474,986,1005,999,3.09588550351e-08,3000,6000
3527,474,1005,940,999,3.09588514824e-08,3000,6000
3528,21,941,480,973,3.09588905623e-08,3000,6000
3529,158,943,941,1009,3.09589047731e-08,3000,6000
3530,87,480,943,1006,3.09589012204e-08,3000,6000
3531,166,1009,973,1006,3.09589083258e-08,3000,6000
3532,941,480,973,1006,3.09589047731e-08,3000,6000
3533,941,943,480,1006,3.09589012204e-08,3000,6000
3534,941,973,1009,1006,3.09589083258e-08,3000,6000
3535,941,1009,943,1006,3.09589047731e-08,3000,6000
3536,33,932,934,959,3.09588976677e-08,3000,6000
3537,157,936,932,1001,3.09589083258e-08,3000,6000
3538,158,934,936,1010,3.09589012204e-08,3000,6000
3539,164,1001,959,1010,3.09589083258e-08,3000,6000
3540,932,934,959,1010,3.09589047731e-08,3000,6000
3541,932,936,934,1010,3.09589012204e-08,3000,6000
3542,932,959,1001,1010,3.0958918984e-08,3000,6000
3543,932,1001,936,1010,3.09589154313e-08,3000,6000
3544,34,979,993,965,3.09589260894e-08,3000,6000
3545,166,1007,979,1011,3.09589083258e-08,3000,6000
3546,168,993,1007,1003,3.09588656933e-08,3000,6000
3547,164,1011,965,1003,3.09588514824e-08,3000,6000
3548,979,993,965,1003,3.09588905623e-08,3000,6000
3549,979,1007,993,1003,3.0958918984e-08,3000,6000
3550,979,965,1011,1003,3.09588799041e-08,3000,6000
3551,979,1011,1007,1003,3.09589083258e-08,3000,6000
3552,87,940,1005,1012,3.0958894115e-08,3000,6000
3553,157,999,940,1001,3.09588976677e-08,3000,6000
3554,168,1005,999,1003,3.09589083258e-08,3000,6000
3555,164,1001,1012,1003,3.09588976677e-08,3000,6000
3556,940,1005,1012,1003,3.09589083258e-08,3000,6000
3557,940,999,1005,1003,3.09589083258e-08,3000,6000
3558,940,1012,1001,1003,3.09588976677e-08,3000,6000
3559,940,1001,999,1003,3.09588976677e-08,3000,6000
3560,87,943,940,1012,3.09588905623e-08,3000,6000
3561,158,936,943,1010,3.09589012204e-08,3000,6000
3562,157,940,936,1001,3.09589083258e-08,3000,6000
3563,164,1010,1012,1001,3.09588976677e-08,3000,6000
3564,943,940,1012,1001,3.09588799041e-08,3000,6000
3565,943,936,940,1001,3.09589083258e-08,3000,6000
3566,943,1012,1010,1001,3.09588870095e-08,3000,6000
3567,943,1010,936,1001,3.09589154313e-08,3000,6000
3568,87,1005,1006,1012,3.0958894115e-08,3000,6000
3569,168,1007,1005,1003,3.09589047731e-08,3000,6000
3570,166,1006,1007,1011,3.09588976677e-08,3000,6000
3571,164,1003,1012,1011,3.0958894115e-08,3000,6000
3572,1005,1006,1012,1011,3.0958894115e-08,3000,6000
3573,1005,1007,1006,1011,3.0958894115e-08,3000,6000
3574,1005,1012,1003,1011,3.09589047731e-08,3000,6000
3575,1005,1003,1007,1011,3.09589047731e-08,3000,6000
3576,87,1006,943,1012,3.09588905623e-08,3000,6000
3577,166,1009,1006,1011,3.09588976677e-08,3000,6000
3578,158,943,1009,1010,3.09588905623e-08,3000,6000
3579,164,1011,1012,1010,3.0958894115e-08,3000,6000
3580,1006,943,1012,1010,3.09588870095e-08,3000,6000
3581,1006,1009,943,1010,3.09588905623e-08,3000,6000
3582,1006,1012,1011,1010,3.09588834568e-08,3000,6000
3583,1006,1011,1009,1010,3.09588870095e-08,3000,6000
3584,0,311,813,913,3.09587875336e-08,3000,6000
3585,57,814,311,914,3.09587875336e-08,3000,6000
3586,137,813,814,1013,3.09588550351e-08,3000,6000
3587,153,914,913,1013,3.09588550351e-08,3000,6000
3588,311,813,913,1013,3.09587875336e-08,3000,6000
3589,311,814,813,1013,3.09587875336e-08,3000,6000
3590,311,913,914,1013,3.09587875336e-08,3000,6000
3591,311,914,814,1013,3.09587875336e-08,3000,6000
3592,15,816,328,916,3.09587804281e-08,3000,6000
3593,138,818,816,1014,3.09588621406e-08,3000,6000
3594,57,328,818,917,3.0958794639e-08,3000,6000
3595,154,1014,916,917,3.09588621406e-08,3000,6000
3596,816,328,916,917,3.09587910863e-08,3000,6000
3597,816,818,328,917,3.09587910863e-08,3000,6000
3598,816,916,1014,917,3.09587910863e-08,3000,6000
3599,816,1014,818,917,3.09587910863e-08,3000,6000
3600,29,823,822,1015,3.09589225367e-08,3000,6000
3601,137,825,823,1016,3.09589331948e-08,3000,6000
3602,138,822,825,1017,3.09589225367e-08,3000,6000
3603,169,1016,1015,1017,3.09588514824e-08,3000,6000
3604,823,822,1015,1017,3.09589225367e-08,3000,6000
3605,823,825,822,1017,3.09589225367e-08,3000,6000
3606,823,1015,1016,1017,3.09589225367e-08,3000,6000
3607,823,1016,825,1017,3.09589225367e-08,3000,6000
3608,32,920,919,1018,3.09589225367e-08,3000,6000
3609,154,922,920,1019,3.09589225367e-08,3000,6000
3610,153,919,922,1020,3.09589331948e-08,3000,6000
3611,169,1019,1018,1020,3.09588514824e-08,3000,6000
3612,920,919,1018,1020,3.09589225367e-08,3000,6000
3613,920,922,919,1020,3.09589225367e-08,3000,6000
3614,920,1018,1019,1020,3.09589225367e-08,3000,6000
3615,920,1019,922,1020,3.09589225367e-08,3000,6000
3616,57,814,914,1021,3.09587875336e-08,3000,6000
3617,137,1013,814,1016,3.09588621406e-08,3000,6000
3618,153,914,1013,1020,3.09588621406e-08,3000,6000
3619,169,1016,1021,1020,3.09587804281e-08,3000,6000
3620,814,914,1021,1020,3.09587875336e-08,3000,6000
3621,814,1013,914,1020,3.09587910863e-08,3000,6000
3622,814,1021,1016,1020,3.09587875336e-08,3000,6000
3623,814,1016,1013,1020,3.09587910863e-08,3000,6000
3624,57,818,814,1021,3.09587875336e-08,3000,6000
3625,138,825,818,1017,3.09589225367e-08,3000,6000
3626,137,814,825,1016,3.09589296421e-08,3000,6000
3627,169,1017,1021,1016,3.09587804281e-08,3000,6000
3628,818,814,1021,1016,3.09587875336e-08,3000,6000
3629,818,825,814,1016,3.09589296421e-08,3000,6000
3630,818,1021,1017,1016,3.09587768754e-08,3000,6000
3631,818,1017,825,1016,3.0958918984e-08,3000,6000
3632,57,914,917,1021,3.09587875336e-08,3000,6000
3633,153,922,914,1020,3.09589296421e-08,3000,6000
3634,154,917,922,1019,3.09589225367e-08,3000,6000
3635,169,1020,1021,1019,3.09587804281e-08,3000,6000
3636,914,917,1021,1019,3.09587839809e-08,3000,6000
3637,914,922,917,1019,3.09589225367e-08,3000,6000
3638,914,1021,1020,1019,3.09587839809e-08,3000,6000
3639,914,1020,922,1019,3.09589225367e-08,3000,6000
3640,57,917,818,1021,3.09587875336e-08,3000,6000
3641,154,1014,917,1019,3.09588550351e-08,3000,6000
3642,138,818,1014,1017,3.09588550351e-08,3000,6000
3643,169,1019,1021,1017,3.09587804281e-08,3000,6000
3644,917,818,1021,1017,3.09587804281e-08,3000,6000
3645,917,1014,818,1017,3.09587875336e-08,3000,6000
3646,917,1021,1019,1017,3.09587804281e-08,3000,6000
3647,917,1019,1014,1017,3.09587875336e-08,3000,6000
3648,2,829,385,929,3.09587733227e-08,3000,6000
3649,140,831,829,1022,3.0958844377e-08,3000,6000
3650,74,385,831,930,3.09587875336e-08,3000,6000
3651,156,1022,929,930,3.0958844377e-08,3000,6000
3652,829,385,929,930,3.09587733227e-08,3000,6000
3653,829,831,385,930,3.09587733227e-08,3000,6000
3654,829,929,1022,930,3.09587733227e-08,3000,6000
3655,829,1022,831,930,3.09587733227e-08,3000,6000
3656,30,840,839,1023,3.09589260894e-08,3000,6000
3657,142,843,840,1024,3.09589367475e-08,3000,6000
3658,140,839,843,1025,3.09589260894e-08,3000,6000
3659,170,1024,1023,1025,3.09588550351e-08,3000,6000
3660,840,839,1023,1025,3.09589260894e-08,3000,6000
3661,840,843,839,1025,3.09589260894e-08,3000,6000
3662,840,1023,1024,1025,3.09589260894e-08,3000,6000
3663,840,1024,843,1025,3.09589260894e-08,3000,6000
3664,15,396,835,938,3.09587910863e-08,3000,6000
3665,74,836,396,939,3.09587981917e-08,3000,6000
3666,142,835,836,1026,3.09588656933e-08,3000,6000
3667,157,939,938,1026,3.09588656933e-08,3000,6000
3668,396,835,938,1026,3.09587981917e-08,3000,6000
3669,396,836,835,1026,3.09587981917e-08,3000,6000
3670,396,938,939,1026,3.09587981917e-08,3000,6000
3671,396,939,836,1026,3.09587981917e-08,3000,6000
3672,33,1027,933,932,3.09589260894e-08,3000,6000
3673,170,1028,1027,1029,3.09588550351e-08,3000,6000
3674,156,933,1028,935,3.09589260894e-08,3000,6000
3675,157,1029,932,935,3.09589367475e-08,3000,6000
3676,1027,933,932,935,3.09589260894e-08,3000,6000
3677,1027,1028,933,935,3.09589260894e-08,3000,6000
3678,1027,932,1029,935,3.09589260894e-08,3000,6000
3679,1027,1029,1028,935,3.09589260894e-08,3000,6000
3680,140,831,1022,1030,3.09588550351e-08,3000,6000
3681,74,930,831,939,3.09587981917e-08,3000,6000
3682,156,1022,930,935,3.09588550351e-08,3000,6000
3683,157,939,1030,935,3.09588656933e-08,3000,6000
3684,831,1022,1030,935,3.09588550351e-08,3000,6000
3685,831,930,1022,935,3.09587875336e-08,3000,6000
3686,831,1030,939,935,3.09588656933e-08,3000,6000
3687,831,939,930,935,3.09587981917e-08,3000,6000
3688,140,843,831,1030,3.09588550351e-08,3000,6000
3689,142,836,843,1026,3.09588656933e-08,3000,6000
3690,74,831,836,939,3.09587981917e-08,3000,6000
3691,157,1026,1030,939,3.09588656933e-08,3000,6000
3692,843,831,1030,939,3.09588656933e-08,3000,6000
3693,843,836,831,939,3.09587981917e-08,3000,6000
3694,843,1030,1026,939,3.09588656933e-08,3000,6000
3695,843,1026,836,939,3.09587981917e-08,3000,6000
3696,140,1022,1025,1030,3.09588550351e-08,3000,6000
3697,156,1028,1022,935,3.09588550351e-08,3000,6000
3698,170,1025,1028,1029,3.09587875336e-08,3000,6000
3699,157,935,1030,1029,3.09588656933e-08,3000,6000
3700,1022,1025,1030,1029,3.09587875336e-08,3000,6000
3701,1022,1028,1025,1029,3.09587875336e-08,3000,6000
3702,1022,1030,935,1029,3.09588550351e-08,3000,6000
3703,1022,935,1028,1029,3.09588550351e-08,3000,6000
3704,140,1025,843,1030,3.09588550351e-08,3000,6000
3705,170,1024,1025,1029,3.09587875336e-08,3000,6000
3706,142,843,1024,1026,3.09588656933e-08,3000,6000
3707,157,1029,1030,1026,3.09588656933e-08,3000,6000
3708,1025,843,1030,1026,3.09588550351e-08,3000,6000
3709,1025,1024,843,1026,3.09588621406e-08,3000,6000
3710,1025,1030,1029,1026,3.09587910863e-08,3000,6000
3711,1025,1029,1024,1026,3.09587981917e-08,3000,6000
3712,10,862,861,1031,3.09588514824e-08,3000,6000
3713,147,864,862,1032,3.09587804281e-08,3000,6000
3714,146,861,864,1033,3.09587804281e-08,3000,6000
3715,171,1032,1031,1033,3.09588514824e-08,3000,6000
3716,862,861,1031,1033,3.09587804281e-08,3000,6000
3717,862,864,861,1033,3.09587804281e-08,3000,6000
3718,862,1031,1032,1033,3.09587804281e-08,3000,6000
3719,862,1032,864,1033,3.09587804281e-08,3000,6000
3720,29,874,873,1034,3.09589331948e-08,3000,6000
3721,149,876,874,1035,3.09589331948e-08,3000,6000
3722,147,873,876,1036,3.09588621406e-08,3000,6000
3723,172,1035,1034,1036,3.09589331948e-08,3000,6000
3724,874,873,1034,1036,3.09589331948e-08,3000,6000
3725,874,876,873,1036,3.09589331948e-08,3000,6000
3726,874,1034,1035,1036,3.09589331948e-08,3000,6000
3727,874,1035,876,1036,3.09589331948e-08,3000,6000
3728,30,868,867,1037,3.09589260894e-08,3000,6000
3729,146,870,868,1038,3.09588550351e-08,3000,6000
3730,149,867,870,1039,3.09589260894e-08,3000,6000
3731,173,1038,1037,1039,3.09589260894e-08,3000,6000
3732,868,867,1037,1039,3.09589367475e-08,3000,6000
3733,868,870,867,1039,3.09589367475e-08,3000,6000
3734,868,1037,1038,1039,3.09589260894e-08,3000,6000
3735,868,1038,870,1039,3.09589260894e-08,3000,6000
3736,35,1040,1041,1042,3.09588514824e-08,3000,6000
3737,172,1043,1040,1044,3.09589225367e-08,3000,6000
3738,171,1041,1043,1045,3.09589225367e-08,3000,6000
3739,173,1044,1042,1045,3.09589225367e-08,3000,6000
3740,1040,1041,1042,1045,3.09589225367e-08,3000,6000
3741,1040,1043,1041,1045,3.09589225367e-08,3000,6000
3742,1040,1042,1044,1045,3.09589225367e-08,3000,6000
3743,1040,1044,1043,1045,3.09589225367e-08,3000,6000
3744,147,864,1032,1046,3.09588514824e-08,3000,6000
3745,146,1033,864,1038,3.09588514824e-08,3000,6000
3746,171,1032,1033,1045,3.09589225367e-08,3000,6000
3747,173,1038,1046,1045,3.09589225367e-08,3000,6000
3748,864,1032,1046,1045,3.09588514824e-08,3000,6000
3749,864,1033,1032,1045,3.09589225367e-08,3000,6000
3750,864,1046,1038,1045,3.09588514824e-08,3000,6000
3751,864,1038,1033,1045,3.09589225367e-08,3000,6000
3752,147,876,864,1046,3.09588514824e-08,3000,6000
3753,149,870,876,1039,3.09589225367e-08,3000,6000
3754,146,864,870,1038,3.09588514824e-08,3000,6000
3755,173,1039,1046,1038,3.09589225367e-08,3000,6000
3756,876,864,1046,1038,3.09588514824e-08,3000,6000
3757,876,870,864,1038,3.09588514824e-08,3000,6000
3758,876,1046,1039,1038,3.09589225367e-08,3000,6000
3759,876,1039,870,1038,3.09589225367e-08,3000,6000
3760,147,1032,1036,1046,3.09588514824e-08,3000,6000
3761,171,1043,1032,1045,3.09589225367e-08,3000,6000
3762,172,1036,1043,1044,3.09589225367e-08,3000,6000
3763,173,1045,1046,1044,3.09589225367e-08,3000,6000
3764,1032,1036,1046,1044,3.09589225367e-08,3000,6000
3765,1032,1043,1036,1044,3.09589225367e-08,3000,6000
3766,1032,1046,1045,1044,3.09589225367e-08,3000,6000
3767,1032,1045,1043,1044,3.09589225367e-08,3000,6000
3768,147,1036,876,1046,3.09588514824e-08,3000,6000
3769,172,1035,1036,1044,3.09589225367e-08,3000,6000
3770,149,876,1035,1039,3.09589225367e-08,3000,6000
3771,173,1044,1046,1039,3.09589225367e-08,3000,6000
3772,1036,876,1046,1039,3.09589225367e-08,3000,6000
3773,1036,1035,876,1039,3.09589225367e-08,3000,6000
3774,1036,1046,1044,1039,3.09589225367e-08,3000,6000
3775,1036,1044,1035,1039,3.09589225367e-08,3000,6000
3776,9,946,945,1047,3.09588514824e-08,3000,6000
3777,160,948,946,1048,3.09587804281e-08,3000,6000
3778,159,945,948,1049,3.09587804281e-08,3000,6000
3779,174,1048,1047,1049,3.09588514824e-08,3000,6000
3780,946,945,1047,1049,3.09587804281e-08,3000,6000
3781,946,948,945,1049,3.09587804281e-08,3000,6000
3782,946,1047,1048,1049,3.09587804281e-08,3000,6000
3783,946,1048,948,1049,3.09587804281e-08,3000,6000
3784,33,958,957,1050,3.09589260894e-08,3000,6000
3785,162,960,958,1051,3.09589260894e-08,3000,6000
3786,160,957,960,1052,3.09588550351e-08,3000,6000
3787,175,1051,1050,1052,3.09589260894e-08,3000,6000
3788,958,957,1050,1052,3.09589367475e-08,3000,6000
3789,958,960,957,1052,3.09589331948e-08,3000,6000
3790,958,1050,1051,1052,3.09589331948e-08,3000,6000
3791,958,1051,960,1052,3.09589260894e-08,3000,6000
3792,32,952,951,1053,3.09589331948e-08,3000,6000
3793,159,954,952,1054,3.09588621406e-08,3000,6000
3794,162,951,954,1055,3.09589331948e-08,3000,6000
3795,176,1054,1053,1055,3.09589331948e-08,3000,6000
3796,952,951,1053,1055,3.09589331948e-08,3000,6000
3797,952,954,951,1055,3.09589331948e-08,3000,6000
3798,952,1053,1054,1055,3.09589331948e-08,3000,6000
3799,952,1054,954,1055,3.09589331948e-08,3000,6000
3800,35,1056,1057,1058,3.09588514824e-08,3000,6000
3801,175,1059,1056,1060,3.09589225367e-08,3000,6000
3802,174,1057,1059,1061,3.09589225367e-08,3000,6000
3803,176,1060,1058,1061,3.09589225367e-08,3000,6000
3804,1056,1057,1058,1061,3.09589225367e-08,3000,6000
3805,1056,1059,1057,1061,3.09589225367e-08,3000,6000
3806,1056,1058,1060,1061,3.09589225367e-08,3000,6000
3807,1056,1060,1059,1061,3.09589225367e-08,3000,6000
3808,160,948,1048,1062,3.09588514824e-08,3000,6000
3809,159,1049,948,1054,3.09588514824e-08,3000,6000
3810,174,1048,1049,1061,3.09589225367e-08,3000,6000
3811,176,1054,1062,1061,3.09589225367e-08,3000,6000
3812,948,1048,1062,1061,3.09588514824e-08,3000,6000
3813,948,1049,1048,1061,3.09589225367e-08,3000,6000
3814,948,1062,1054,1061,3.09588514824e-08,3000,6000
3815,948,1054,1049,1061,3.09589225367e-08,3000,6000
3816,160,960,948,1062,3.09588514824e-08,3000,6000
3817,162,954,960,1055,3.09589225367e-08,3000,6000
3818,159,948,954,1054,3.09588514824e-08,3000,6000
3819,176,1055,1062,1054,3.09589225367e-08,3000,6000
3820,960,948,1062,1054,3.09588514824e-08,3000,6000
3821,960,954,948,1054,3.09588514824e-08,3000,6000
3822,960,1062,1055,1054,3.09589225367e-08,3000,6000
3823,960,1055,954,1054,3.09589225367e-08,3000,6000
3824,160,1048,1052,1062,3.09588514824e-08,3000,6000
3825,174,1059,1048,1061,3.09589225367e-08,3000,6000
3826,175,1052,1059,1060,3.09589225367e-08,3000,6000
3827,176,1061,1062,1060,3.09589225367e-08,3000,6000
3828,1048,1052,1062,1060,3.09589225367e-08,3000,6000
3829,1048,1059,1052,1060,3.09589225367e-08,3000,6000
3830,1048,1062,1061,1060,3.09589225367e-08,3000,6000
3831,1048,1061,1059,1060,3.09589225367e-08,3000,6000
3832,160,1052,960,1062,3.09588514824e-08,3000,6000
3833,175,1051,1052,1060,3.09589225367e-08,3000,6000
3834,162,960,1051,1055,3.09589225367e-08,3000,6000
3835,176,1060,1062,1055,3.09589225367e-08,3000,6000
3836,1052,960,1062,1055,3.09589225367e-08,3000,6000
3837,1052,1051,960,1055,3.09589225367e-08,3000,6000
3838,1052,1062,1060,1055,3.09589225367e-08,3000,6000
3839,1052,1060,1051,1055,3.09589225367e-08,3000,6000
3840,15,816,916,1063,3.09587875336e-08,3000,6000
3841,138,1014,816,1064,3.09588656933e-08,3000,6000
3842,154,916,1014,1065,3.09588656933e-08,3000,6000
3843,177,1064,1063,1065,3.09587875336e-08,3000,6000
3844,816,916,1063,1065,3.09587981917e-08,3000,6000
3845,816,1014,916,1065,3.09587981917e-08,3000,6000
3846,816,1063,1064,1065,3.09587981917e-08,3000,6000
3847,816,1064,1014,1065,3.09587981917e-08,3000,6000
3848,29,1015,822,1034,3.09589331948e-08,3000,6000
3849,169,1017,1015,1066,3.09588621406e-08,3000,6000
3850,138,822,1017,1067,3.0958943853e-08,3000,6000
3851,172,1066,1034,1067,3.09589331948e-08,3000,6000
3852,1015,822,1034,1067,3.09589367475e-08,3000,6000
3853,1015,1017,822,1067,3.0958943853e-08,3000,6000
3854,1015,1034,1066,1067,3.09589331948e-08,3000,6000
3855,1015,1066,1017,1067,3.09589367475e-08,3000,6000
3856,32,920,1018,1053,3.09589331948e-08,3000,6000
3857,154,1019,920,1068,3.0958943853e-08,3000,6000
3858,169,1018,1019,1069,3.09588621406e-08,3000,6000
3859,176,1068,1053,1069,3.09589331948e-08,3000,6000
3860,920,1018,1053,1069,3.09589331948e-08,3000,6000
3861,920,1019,1018,1069,3.09589331948e-08,3000,6000
3862,920,1053,1068,1069,3.0958943853e-08,3000,6000
3863,920,1068,1019,1069,3.0958943853e-08,3000,6000
3864,35,1040,1070,1058,3.09587804281e-08,3000,6000
3865,172,1071,1040,1072,3.09588514824e-08,3000,6000
3866,177,1070,1071,1073,3.09587804281e-08,3000,6000
3867,176,1072,1058,1073,3.09588514824e-08,3000,6000
3868,1040,1070,1058,1073,3.09587804281e-08,3000,6000
3869,1040,1071,1070,1073,3.09587804281e-08,3000,6000
3870,1040,1058,1072,1073,3.09587804281e-08,3000,6000
3871,1040,1072,1071,1073,3.09587804281e-08,3000,6000
3872,138,1014,1064,1074,3.09588621406e-08,3000,6000
3873,154,1065,1014,1068,3.09588621406e-08,3000,6000
3874,177,1064,1065,1073,3.09587804281e-08,3000,6000
3875,176,1068,1074,1073,3.09588514824e-08,3000,6000
3876,1014,1064,1074,1073,3.09587875336e-08,3000,6000
3877,1014,1065,1064,1073,3.09587910863e-08,3000,6000
3878,1014,1074,1068,1073,3.09588514824e-08,3000,6000
3879,1014,1068,1065,1073,3.09588550351e-08,3000,6000
3880,138,1017,1014,1074,3.09588727987e-08,3000,6000
3881,169,1019,1017,1069,3.09587910863e-08,3000,6000
3882,154,1014,1019,1068,3.09588727987e-08,3000,6000
3883,176,1069,1074,1068,3.09588621406e-08,3000,6000
3884,1017,1014,1074,1068,3.09588727987e-08,3000,6000
3885,1017,1019,1014,1068,3.09588017444e-08,3000,6000
3886,1017,1074,1069,1068,3.09588727987e-08,3000,6000
3887,1017,1069,1019,1068,3.09588017444e-08,3000,6000
3888,138,1064,1067,1074,3.09588621406e-08,3000,6000
3889,177,1071,1064,1073,3.09587804281e-08,3000,6000
3890,172,1067,1071,1072,3.09588514824e-08,3000,6000
3891,176,1073,1074,1072,3.09588514824e-08,3000,6000
3892,1064,1067,1074,1072,3.09588514824e-08,3000,6000
3893,1064,1071,1067,1072,3.09588514824e-08,3000,6000
3894,1064,1074,1073,1072,3.09587804281e-08,3000,6000
3895,1064,1073,1071,1072,3.09587804281e-08,3000,6000
3896,138,1067,1017,1074,3.09588727987e-08,3000,6000
3897,172,1066,1067,1072,3.09588621406e-08,3000,6000
3898,169,1017,1066,1069,3.09587910863e-08,3000,6000
3899,176,1072,1074,1069,3.09588621406e-08,3000,6000
3900,1067,1017,1074,1069,3.09588727987e-08,3000,6000
3901,1067,1066,1017,1069,3.09588017444e-08,3000,6000
3902,1067,1074,1072,1069,3.09588621406e-08,3000,6000
3903,1067,1072,1066,1069,3.09587910863e-08,3000,6000
3904,15,835,816,1063,3.09587839809e-08,3000,6000
3905,142,902,835,1075,3.09589225367e-08,3000,6000
3906,138,816,902,1064,3.09589367475e-08,3000,6000
3907,177,1075,1063,1064,3.09587875336e-08,3000,6000
3908,835,816,1063,1064,3.09587875336e-08,3000,6000
3909,835,902,816,1064,3.09589296421e-08,3000,6000
3910,835,1063,1075,1064,3.09587839809e-08,3000,6000
3911,835,1075,902,1064,3.09589225367e-08,3000,6000
3912,30,867,840,1037,3.09589225367e-08,3000,6000
3913,149,905,867,1039,3.09589331948e-08,3000,6000
3914,142,840,905,1076,3.09589225367e-08,3000,6000
3915,173,1039,1037,1076,3.09589367475e-08,3000,6000
3916,867,840,1037,1076,3.09589331948e-08,3000,6000
3917,867,905,840,1076,3.09589225367e-08,3000,6000
3918,867,1037,1039,1076,3.0958943853e-08,3000,6000
3919,867,1039,905,1076,3.09589331948e-08,3000,6000
3920,29,822,874,1034,3.09589331948e-08,3000,6000
3921,138,904,822,1067,3.09589367475e-08,3000,6000
3922,149,874,904,1035,3.09589260894e-08,3000,6000
3923,172,1067,1034,1035,3.09589260894e-08,3000,6000
3924,822,874,1034,1035,3.09589331948e-08,3000,6000
3925,822,904,874,1035,3.09589331948e-08,3000,6000
3926,822,1034,1067,1035,3.09589331948e-08,3000,6000
3927,822,1067,904,1035,3.09589331948e-08,3000,6000
3928,35,1042,1070,1040,3.09587804281e-08,3000,6000
3929,173,1077,1042,1044,3.09589225367e-08,3000,6000
3930,177,1070,1077,1071,3.09587804281e-08,3000,6000
3931,172,1044,1040,1071,3.09589225367e-08,3000,6000
3932,1042,1070,1040,1071,3.09587804281e-08,3000,6000
3933,1042,1077,1070,1071,3.09587804281e-08,3000,6000
3934,1042,1040,1044,1071,3.09589225367e-08,3000,6000
3935,1042,1044,1077,1071,3.09589225367e-08,3000,6000
3936,142,902,1075,1078,3.09589225367e-08,3000,6000
3937,138,1064,902,1067,3.09589367475e-08,3000,6000
3938,177,1075,1064,1071,3.09587839809e-08,3000,6000
3939,172,1067,1078,1071,3.09589225367e-08,3000,6000
3940,902,1075,1078,1071,3.09589225367e-08,3000,6000
3941,902,1064,1075,1071,3.09589260894e-08,3000,6000
3942,902,1078,1067,1071,3.09589225367e-08,3000,6000
3943,902,1067,1064,1071,3.09589260894e-08,3000,6000
3944,142,905,902,1078,3.09589225367e-08,3000,6000
3945,149,904,905,1035,3.09589260894e-08,3000,6000
3946,138,902,904,1067,3.09589367475e-08,3000,6000
3947,172,1035,1078,1067,3.09589225367e-08,3000,6000
3948,905,902,1078,1067,3.09589225367e-08,3000,6000
3949,905,904,902,1067,3.09589260894e-08,3000,6000
3950,905,1078,1035,1067,3.09589225367e-08,3000,6000
3951,905,1035,904,1067,3.09589260894e-08,3000,6000
3952,142,1075,1076,1078,3.0958918984e-08,3000,6000
3953,177,1077,1075,1071,3.09587804281e-08,3000,6000
3954,173,1076,1077,1044,3.09589225367e-08,3000,6000
3955,172,1071,1078,1044,3.09589225367e-08,3000,6000
3956,1075,1076,1078,1044,3.09589260894e-08,3000,6000
3957,1075,1077,1076,1044,3.09589225367e-08,3000,6000
3958,1075,1078,1071,1044,3.09589260894e-08,3000,6000
3959,1075,1071,1077,1044,3.09589225367e-08,3000,6000
3960,142,1076,905,1078,3.0958918984e-08,3000,6000
3961,173,1039,1076,1044,3.09589225367e-08,3000,6000
3962,149,905,1039,1035,3.09589225367e-08,3000,6000
3963,172,1044,1078,1035,3.09589225367e-08,3000,6000
3964,1076,905,1078,1035,3.09589260894e-08,3000,6000
3965,1076,1039,905,1035,3.09589225367e-08,3000,6000
3966,1076,1078,1044,1035,3.09589260894e-08,3000,6000
3967,1076,1044,1039,1035,3.09589225367e-08,3000,6000
3968,15,916,938,1063,3.09587839809e-08,3000,6000
3969,154,998,916,1065,3.09589367475e-08,3000,6000
3970,157,938,998,1079,3.09589225367e-08,3000,6000
3971,177,1065,1063,1079,3.09587875336e-08,3000,6000
3972,916,938,1063,1079,3.09587804281e-08,3000,6000
3973,916,998,938,1079,3.09589225367e-08,3000,6000
3974,916,1063,1065,1079,3.09587910863e-08,3000,6000
3975,916,1065,998,1079,3.09589331948e-08,3000,6000
3976,32,951,920,1053,3.09589331948e-08,3000,6000
3977,162,1002,951,1055,3.09589260894e-08,3000,6000
3978,154,920,1002,1068,3.09589367475e-08,3000,6000
3979,176,1055,1053,1068,3.09589260894e-08,3000,6000
3980,951,920,1053,1068,3.09589367475e-08,3000,6000
3981,951,1002,920,1068,3.09589367475e-08,3000,6000
3982,951,1053,1055,1068,3.09589260894e-08,3000,6000
3983,951,1055,1002,1068,3.09589260894e-08,3000,6000
3984,33,932,958,1050,3.09589225367e-08,3000,6000
3985,157,1000,932,1080,3.09589225367e-08,3000,6000
3986,162,958,1000,1051,3.09589331948e-08,3000,6000
3987,175,1080,1050,1051,3.09589367475e-08,3000,6000
3988,932,958,1050,1051,3.09589331948e-08,3000,6000
3989,932,1000,958,1051,3.09589296421e-08,3000,6000
3990,932,1050,1080,1051,3.09589331948e-08,3000,6000
3991,932,1080,1000,1051,3.09589296421e-08,3000,6000
3992,35,1058,1070,1056,3.09587804281e-08,3000,6000
3993,176,1073,1058,1060,3.09589225367e-08,3000,6000
3994,177,1070,1073,1081,3.09587804281e-08,3000,6000
3995,175,1060,1056,1081,3.09589225367e-08,3000,6000
3996,1058,1070,1056,1081,3.09587804281e-08,3000,6000
3997,1058,1073,1070,1081,3.09587804281e-08,3000,6000
3998,1058,1056,1060,1081,3.09589225367e-08,3000,6000
3999,1058,1060,1073,1081,3.09589225367e-08,3000,6000
4000,154,998,1065,1082,3.09589331948e-08,3000,6000
4001,157,1079,998,1080,3.09589154313e-08,3000,6000
4002,177,1065,1079,1081,3.09587875336e-08,3000,6000
4003,175,1080,1082,1081,3.09589260894e-08,3000,6000
4004,998,1065,1082,1081,3.09589260894e-08,3000,6000
4005,998,1079,1065,1081,3.09589260894e-08,3000,6000
4006,998,1082,1080,1081,3.09589260894e-08,3000,6000
4007,998,1080,1079,1081,3.09589260894e-08,3000,6000
4008,154,1002,998,1082,3.09589331948e-08,3000,6000
4009,162,1000,1002,1051,3.09589260894e-08,3000,6000
4010,157,998,1000,1080,3.09589154313e-08,3000,6000
4011,175,1051,1082,1080,3.09589260894e-08,3000,6000
4012,1002,998,1082,1080,3.09589260894e-08,3000,6000
4013,1002,1000,998,1080,3.09589260894e-08,3000,6000
4014,1002,1082,1051,1080,3.09589260894e-08,3000,6000
4015,1002,1051,1000,1080,3.09589260894e-08,3000,6000
4016,154,1065,1068,1082,3.09589260894e-08,3000,6000
4017,177,1073,1065,1081,3.09587804281e-08,3000,6000
4018,176,1068,1073,1060,3.09589225367e-08,3000,6000
4019,175,1081,1082,1060,3.09589225367e-08,3000,6000
4020,1065,1068,1082,1060,3.09589225367e-08,3000,6000
4021,1065,1073,1068,1060,3.09589225367e-08,3000,6000
4022,1065,1082,1081,1060,3.09589225367e-08,3000,6000
4023,1065,1081,1073,1060,3.09589225367e-08,3000,6000
4024,154,1068,1002,1082,3.09589260894e-08,3000,6000
4025,176,1055,1068,1060,3.09589225367e-08,3000,6000
4026,162,1002,1055,1051,3.09589225367e-08,3000,6000
4027,175,1060,1082,1051,3.09589225367e-08,3000,6000
4028,1068,1002,1082,1051,3.09589225367e-08,3000,6000
4029,1068,1055,1002,1051,3.09589225367e-08,3000,6000
4030,1068,1082,1060,1051,3.09589225367e-08,3000,6000
4031,1068,1060,1055,1051,3.09589225367e-08,3000,6000
4032,15,938,835,1063,3.09587804281e-08,3000,6000
4033,157,1026,938,1079,3.09588550351e-08,3000,6000
4034,142,835,1026,1075,3.09588550351e-08,3000,6000
4035,177,1079,1063,1075,3.09587875336e-08,3000,6000
4036,938,835,1063,1075,3.09587733227e-08,3000,6000
4037,938,1026,835,1075,3.09587875336e-08,3000,6000
4038,938,1063,1079,1075,3.09587733227e-08,3000,6000
4039,938,1079,1026,1075,3.09587875336e-08,3000,6000
4040,33,1027,932,1050,3.09589154313e-08,3000,6000
4041,170,1029,1027,1083,3.0958844377e-08,3000,6000
4042,157,932,1029,1080,3.09589260894e-08,3000,6000
4043,175,1083,1050,1080,3.09589474057e-08,3000,6000
4044,1027,932,1050,1080,3.09589260894e-08,3000,6000
4045,1027,1029,932,1080,3.09589154313e-08,3000,6000
4046,1027,1050,1083,1080,3.09589367475e-08,3000,6000
4047,1027,1083,1029,1080,3.09589260894e-08,3000,6000
4048,30,840,1023,1037,3.09589154313e-08,3000,6000
4049,142,1024,840,1076,3.09589260894e-08,3000,6000
4050,170,1023,1024,1084,3.0958844377e-08,3000,6000
4051,173,1076,1037,1084,3.09589474057e-08,3000,6000
4052,840,1023,1037,1084,3.09589154313e-08,3000,6000
4053,840,1024,1023,1084,3.09589154313e-08,3000,6000
4054,840,1037,1076,1084,3.09589367475e-08,3000,6000
4055,840,1076,1024,1084,3.09589367475e-08,3000,6000
4056,35,1056,1070,1042,3.09587804281e-08,3000,6000
4057,175,1081,1056,1085,3.09588514824e-08,3000,6000
4058,177,1070,1081,1077,3.09587804281e-08,3000,6000
4059,173,1085,1042,1077,3.09588514824e-08,3000,6000
4060,1056,1070,1042,1077,3.09587804281e-08,3000,6000
4061,1056,1081,1070,1077,3.09587804281e-08,3000,6000
4062,1056,1042,1085,1077,3.09587804281e-08,3000,6000
4063,1056,1085,1081,1077,3.09587804281e-08,3000,6000
4064,157,1026,1079,1086,3.0958844377e-08,3000,6000
4065,142,1075,1026,1076,3.0958844377e-08,3000,6000
4066,177,1079,1075,1077,3.09587875336e-08,3000,6000
4067,173,1076,1086,1077,3.09588550351e-08,3000,6000
4068,1026,1079,1086,1077,3.09587768754e-08,3000,6000
4069,1026,1075,1079,1077,3.09587804281e-08,3000,6000
4070,1026,1086,1076,1077,3.09588479297e-08,3000,6000
4071,1026,1076,1075,1077,3.09588550351e-08,3000,6000
4072,157,1029,1026,1086,3.09588550351e-08,3000,6000
4073,170,1024,1029,1084,3.09587733227e-08,3000,6000
4074,142,1026,1024,1076,3.09588550351e-08,3000,6000
4075,173,1084,1086,1076,3.09588763514e-08,3000,6000
4076,1029,1026,1086,1076,3.09588550351e-08,3000,6000
4077,1029,1024,1026,1076,3.09587875336e-08,3000,6000
4078,1029,1086,1084,1076,3.09588656933e-08,3000,6000
4079,1029,1084,1024,1076,3.09587981917e-08,3000,6000
4080,157,1079,1080,1086,3.0958844377e-08,3000,6000
4081,177,1081,1079,1077,3.09587875336e-08,3000,6000
4082,175,1080,1081,1085,3.09588550351e-08,3000,6000
4083,173,1077,1086,1085,3.09588550351e-08,3000,6000
4084,1079,1080,1086,1085,3.09588550351e-08,3000,6000
4085,1079,1081,1080,1085,3.09588550351e-08,3000,6000
4086,1079,1086,1077,1085,3.09587875336e-08,3000,6000
4087,1079,1077,1081,1085,3.09587875336e-08,3000,6000
4088,157,1080,1029,1086,3.09588550351e-08,3000,6000
4089,175,1083,1080,1085,3.09588763514e-08,3000,6000
4090,170,1029,1083,1084,3.09587733227e-08,3000,6000
4091,173,1085,1086,1084,3.09588763514e-08,3000,6000
4092,1080,1029,1086,1084,3.09588656933e-08,3000,6000
4093,1080,1083,1029,1084,3.09587981917e-08,3000,6000
4094,1080,1086,1085,1084,3.09588763514e-08,3000,6000
4095,1080,1085,1083,1084,3.09588088498e-08,3000,6000
4096,0,1087,1088,1089,3.09588870095e-08,3000,6000
4097,178,1090,1087,1091,3.09588870095e-08,3000,6000
4098,179,1088,1090,1092,3.09588870095e-08,3000,6000
4099,180,1091,1089,1092,3.09588017444e-08,3000,6000
4100,1087,1088,1089,1092,3.09588905623e-08,3000,6000
4101,1087,1090,1088,1092,3.09588870095e-08,3000,6000
4102,1087,1089,1091,1092,3.09588905623e-08,3000,6000
4103,1087,1091,1090,1092,3.09588870095e-08,3000,6000
4104,36,1093,1094,1095,3.09588834568e-08,3000,6000
4105,181,1096,1093,1097,3.09588834568e-08,3000,6000
4106,178,1094,1096,1098,3.09588905623e-08,3000,6000
4107,182,1097,1095,1098,3.0958794639e-08,3000,6000
4108,1093,1094,1095,1098,3.09588799041e-08,3000,6000
4109,1093,1096,1094,1098,3.09588799041e-08,3000,6000
4110,1093,1095,1097,1098,3.09588799041e-08,3000,6000
4111,1093,1097,1096,1098,3.09588834568e-08,3000,6000
4112,37,1099,1100,1101,3.09588834568e-08,3000,6000
4113,179,1102,1099,1103,3.09588905623e-08,3000,6000
4114,181,1100,1102,1104,3.09588834568e-08,3000,6000
4115,183,1103,1101,1104,3.0958794639e-08,3000,6000
4116,1099,1100,1101,1104,3.09588799041e-08,3000,6000
4117,1099,1102,1100,1104,3.09588799041e-08,3000,6000
4118,1099,1101,1103,1104,3.09588799041e-08,3000,6000
4119,1099,1103,1102,1104,3.09588799041e-08,3000,6000
4120,38,1105,1106,1107,3.09588870095e-08,3000,6000
4121,182,1108,1105,1109,3.09588870095e-08,3000,6000
4122,180,1106,1108,1110,3.09588905623e-08,3000,6000
4123,183,1109,1107,1110,3.09588870095e-08,3000,6000
4124,1105,1106,1107,1110,3.09588870095e-08,3000,6000
4125,1105,1108,1106,1110,3.09588870095e-08,3000,6000
4126,1105,1107,1109,1110,3.09588870095e-08,3000,6000
4127,1105,1109,1108,1110,3.09588870095e-08,3000,6000
4128,178,1090,1091,1111,3.09588870095e-08,3000,6000
4129,179,1092,1090,1103,3.09588870095e-08,3000,6000
4130,180,1091,1092,1110,3.09588052971e-08,3000,6000
4131,183,1103,1111,1110,3.09588017444e-08,3000,6000
4132,1090,1091,1111,1110,3.09588621406e-08,3000,6000
4133,1090,1092,1091,1110,3.09588550351e-08,3000,6000
4134,1090,1111,1103,1110,3.09588337188e-08,3000,6000
4135,1090,1103,1092,1110,3.09588266134e-08,3000,6000
4136,178,1096,1090,1111,3.0958894115e-08,3000,6000
4137,181,1102,1096,1104,3.09588834568e-08,3000,6000
4138,179,1090,1102,1103,3.0958894115e-08,3000,6000
4139,183,1104,1111,1103,3.0958794639e-08,3000,6000
4140,1096,1090,1111,1103,3.0958894115e-08,3000,6000
4141,1096,1102,1090,1103,3.0958894115e-08,3000,6000
4142,1096,1111,1104,1103,3.09588834568e-08,3000,6000
4143,1096,1104,1102,1103,3.09588834568e-08,3000,6000
4144,178,1091,1098,1111,3.09588870095e-08,3000,6000
4145,180,1108,1091,1110,3.09588052971e-08,3000,6000
4146,182,1098,1108,1109,3.09588017444e-08,3000,6000
4147,183,1110,1111,1109,3.09588017444e-08,3000,6000
4148,1091,1098,1111,1109,3.09588017444e-08,3000,6000
4149,1091,1108,1098,1109,3.09588017444e-08,3000,6000
4150,1091,1111,1110,1109,3.09588017444e-08,3000,6000
4151,1091,1110,1108,1109,3.09588017444e-08,3000,6000
4152,178,1098,1096,1111,3.0958894115e-08,3000,6000
4153,182,1097,1098,1109,3.0958794639e-08,3000,6000
4154,181,1096,1097,1104,3.09588834568e-08,3000,6000
4155,183,1109,1111,1104,3.0958794639e-08,3000,6000
4156,1098,1096,1111,1104,3.09588834568e-08,3000,6000
4157,1098,1097,1096,1104,3.09588834568e-08,3000,6000
4158,1098,1111,1109,1104,3.0958794639e-08,3000,6000
4159,1098,1109,1097,1104,3.0958794639e-08,3000,6000
4160,3,1112,1113,1114,3.09588834568e-08,3000,6000
4161,184,1115,1112,1116,3.09588799041e-08,3000,6000
4162,185,1113,1115,1117,3.09588834568e-08,3000,6000
4163,186,1116,1114,1117,3.09587981917e-08,3000,6000
4164,1112,1113,1114,1117,3.09588834568e-08,3000,6000
4165,1112,1115,1113,1117,3.09588834568e-08,3000,6000
4166,1112,1114,1116,1117,3.09588834568e-08,3000,6000
4167,1112,1116,1115,1117,3.09588834568e-08,3000,6000
4168,39,1118,1119,1120,3.09588834568e-08,3000,6000
4169,187,1121,1118,1122,3.09588799041e-08,3000,6000
4170,184,1119,1121,1123,3.09588834568e-08,3000,6000
4171,188,1122,1120,1123,3.0958794639e-08,3000,6000
4172,1118,1119,1120,1123,3.09588799041e-08,3000,6000
4173,1118,1121,1119,1123,3.09588799041e-08,3000,6000
4174,1118,1120,1122,1123,3.09588799041e-08,3000,6000
4175,1118,1122,1121,1123,3.09588799041e-08,3000,6000
4176,36,1124,1125,1126,3.09588905623e-08,3000,6000
4177,185,1127,1124,1128,3.09588905623e-08,3000,6000
4178,187,1125,1127,1129,3.0958894115e-08,3000,6000
4179,189,1128,1126,1129,3.09588052971e-08,3000,6000
4180,1124,1125,1126,1129,3.09588905623e-08,3000,6000
4181,1124,1127,1125,1129,3.09588905623e-08,3000,6000
4182,1124,1126,1128,1129,3.09588905623e-08,3000,6000
4183,1124,1128,1127,1129,3.09588905623e-08,3000,6000
4184,40,1130,1131,1132,3.09588905623e-08,3000,6000
4185,188,1133,1130,1134,3.09588834568e-08,3000,6000
4186,186,1131,1133,1135,3.09588799041e-08,3000,6000
4187,189,1134,1132,1135,3.09588799041e-08,3000,6000
4188,1130,1131,1132,1135,3.09588905623e-08,3000,6000
4189,1130,1133,1131,1135,3.09588799041e-08,3000,6000
4190,1130,1132,1134,1135,3.09588905623e-08,3000,6000
4191,1130,1134,1133,1135,3.09588799041e-08,3000,6000
4192,184,1115,1116,1136,3.09588763514e-08,3000,6000
4193,185,1117,1115,1128,3.09588834568e-08,3000,6000
4194,186,1116,1117,1135,3.09587981917e-08,3000,6000
4195,189,1128,1136,1135,3.09587875336e-08,3000,6000
4196,1115,1116,1136,1135,3.09588479297e-08,3000,6000
4197,1115,1117,1116,1135,3.09588585878e-08,3000,6000
4198,1115,1136,1128,1135,3.09588159553e-08,3000,6000
4199,1115,1128,1117,1135,3.09588230607e-08,3000,6000
4200,184,1121,1115,1136,3.09588799041e-08,3000,6000
4201,187,1127,1121,1129,3.09588834568e-08,3000,6000
4202,185,1115,1127,1128,3.09588799041e-08,3000,6000
4203,189,1129,1136,1128,3.0958794639e-08,3000,6000
4204,1121,1115,1136,1128,3.09588799041e-08,3000,6000
4205,1121,1127,1115,1128,3.09588799041e-08,3000,6000
4206,1121,1136,1129,1128,3.09588799041e-08,3000,6000
4207,1121,1129,1127,1128,3.09588799041e-08,3000,6000
4208,184,1116,1123,1136,3.09588799041e-08,3000,6000
4209,186,1133,1116,1135,3.0958794639e-08,3000,6000
4210,188,1123,1133,1134,3.0958794639e-08,3000,6000
4211,189,1135,1136,1134,3.0958794639e-08,3000,6000
4212,1116,1123,1136,1134,3.0958794639e-08,3000,6000
4213,1116,1133,1123,1134,3.0958794639e-08,3000,6000
4214,1116,1136,1135,1134,3.0958794639e-08,3000,6000
4215,1116,1135,1133,1134,3.0958794639e-08,3000,6000
4216,184,1123,1121,1136,3.09588834568e-08,3000,6000
4217,188,1122,1123,1134,3.0958794639e-08,3000,6000
4218,187,1121,1122,1129,3.09588799041e-08,3000,6000
4219,189,1134,1136,1129,3.09587981917e-08,3000,6000
4220,1123,1121,1136,1129,3.09588834568e-08,3000,6000
4221,1123,1122,1121,1129,3.09588799041e-08,3000,6000
4222,1123,1136,1134,1129,3.09587981917e-08,3000,6000
4223,1123,1134,1122,1129,3.0958794639e-08,3000,6000
4224,4,1137,1138,1139,3.09588834568e-08,3000,6000
4225,190,1140,1137,1141,3.09588834568e-08,3000,6000
4226,191,1138,1140,1142,3.09588799041e-08,3000,6000
4227,192,1141,1139,1142,3.09587981917e-08,3000,6000
4228,1137,1138,1139,1142,3.09588834568e-08,3000,6000
4229,1137,1140,1138,1142,3.09588834568e-08,3000,6000
4230,1137,1139,1141,1142,3.09588834568e-08,3000,6000
4231,1137,1141,1140,1142,3.09588834568e-08,3000,6000
4232,37,1143,1144,1145,3.09588905623e-08,3000,6000
4233,193,1146,1143,1147,3.0958894115e-08,3000,6000
4234,190,1144,1146,1148,3.09588905623e-08,3000,6000
4235,194,1147,1145,1148,3.09588052971e-08,3000,6000
4236,1143,1144,1145,1148,3.09588905623e-08,3000,6000
4237,1143,1146,1144,1148,3.09588905623e-08,3000,6000
4238,1143,1145,1147,1148,3.09588905623e-08,3000,6000
4239,1143,1147,1146,1148,3.09588905623e-08,3000,6000
4240,39,1149,1150,1151,3.09588834568e-08,3000,6000
4241,191,1152,1149,1153,3.09588834568e-08,3000,6000
4242,193,1150,1152,1154,3.09588799041e-08,3000,6000
4243,195,1153,1151,1154,3.0958794639e-08,3000,6000
4244,1149,1150,1151,1154,3.09588834568e-08,3000,6000
4245,1149,1152,1150,1154,3.09588799041e-08,3000,6000
4246,1149,1151,1153,1154,3.09588799041e-08,3000,6000
4247,1149,1153,1152,1154,3.09588799041e-08,3000,6000
4248,41,1155,1156,1157,3.09588905623e-08,3000,6000
4249,194,1158,1155,1159,3.09588799041e-08,3000,6000
4250,192,1156,1158,1160,3.09588799041e-08,3000,6000
4251,195,1159,1157,1160,3.09588834568e-08,3000,6000
4252,1155,1156,1157,1160,3.09588905623e-08,3000,6000
4253,1155,1158,1156,1160,3.09588799041e-08,3000,6000
4254,1155,1157,1159,1160,3.09588905623e-08,3000,6000
4255,1155,1159,1158,1160,3.09588799041e-08,3000,6000
4256,190,1140,1141,1161,3.09588799041e-08,3000,6000
4257,191,1142,1140,1153,3.09588799041e-08,3000,6000
4258,192,1141,1142,1160,3.0958794639e-08,3000,6000
4259,195,1153,1161,1160,3.0958794639e-08,3000,6000
4260,1140,1141,1161,1160,3.09588479297e-08,3000,6000
4261,1140,1142,1141,1160,3.09588550351e-08,3000,6000
4262,1140,1161,1153,1160,3.0958819508e-08,3000,6000
4263,1140,1153,1142,1160,3.09588266134e-08,3000,6000
4264,190,1146,1140,1161,3.09588799041e-08,3000,6000
4265,193,1152,1146,1154,3.09588834568e-08,3000,6000
4266,191,1140,1152,1153,3.09588799041e-08,3000,6000
4267,195,1154,1161,1153,3.0958794639e-08,3000,6000
4268,1146,1140,1161,1153,3.09588799041e-08,3000,6000
4269,1146,1152,1140,1153,3.09588799041e-08,3000,6000
4270,1146,1161,1154,1153,3.09588834568e-08,3000,6000
4271,1146,1154,1152,1153,3.09588834568e-08,3000,6000
4272,190,1141,1148,1161,3.09588799041e-08,3000,6000
4273,192,1158,1141,1160,3.0958794639e-08,3000,6000
4274,194,1148,1158,1159,3.0958794639e-08,3000,6000
4275,195,1160,1161,1159,3.0958794639e-08,3000,6000
4276,1141,1148,1161,1159,3.0958794639e-08,3000,6000
4277,1141,1158,1148,1159,3.0958794639e-08,3000,6000
4278,1141,1161,1160,1159,3.0958794639e-08,3000,6000
4279,1141,1160,1158,1159,3.0958794639e-08,3000,6000
4280,190,1148,1146,1161,3.09588799041e-08,3000,6000
4281,194,1147,1148,1159,3.0958794639e-08,3000,6000
4282,193,1146,1147,1154,3.09588834568e-08,3000,6000
4283,195,1159,1161,1154,3.0958794639e-08,3000,6000
4284,1148,1146,1161,1154,3.09588834568e-08,3000,6000
4285,1148,1147,1146,1154,3.09588799041e-08,3000,6000
4286,1148,1161,1159,1154,3.0958794639e-08,3000,6000
4287,1148,1159,1147,1154,3.0958794639e-08,3000,6000
4288,5,1162,1163,1164,3.09588834568e-08,3000,6000
4289,196,1165,1162,1166,3.0958794639e-08,3000,6000
4290,197,1163,1165,1167,3.09588052971e-08,3000,6000
4291,198,1166,1164,1167,3.0958794639e-08,3000,6000
4292,1162,1163,1164,1167,3.0958794639e-08,3000,6000
4293,1162,1165,1163,1167,3.0958794639e-08,3000,6000
4294,1162,1164,1166,1167,3.0958794639e-08,3000,6000
4295,1162,1166,1165,1167,3.0958794639e-08,3000,6000
4296,40,1168,1169,1170,3.09588834568e-08,3000,6000
4297,199,1171,1168,1172,3.09588905623e-08,3000,6000
4298,196,1169,1171,1173,3.09588799041e-08,3000,6000
4299,200,1172,1170,1173,3.09588834568e-08,3000,6000
4300,1168,1169,1170,1173,3.09588799041e-08,3000,6000
4301,1168,1171,1169,1173,3.09588799041e-08,3000,6000
4302,1168,1170,1172,1173,3.09588799041e-08,3000,6000
4303,1168,1172,1171,1173,3.09588799041e-08,3000,6000
4304,38,1174,1175,1176,3.09588870095e-08,3000,6000
4305,197,1177,1174,1178,3.0958894115e-08,3000,6000
4306,199,1175,1177,1179,3.0958894115e-08,3000,6000
4307,201,1178,1176,1179,3.0958894115e-08,3000,6000
4308,1174,1175,1176,1179,3.0958894115e-08,3000,6000
4309,1174,1177,1175,1179,3.0958894115e-08,3000,6000
4310,1174,1176,1178,1179,3.0958894115e-08,3000,6000
4311,1174,1178,1177,1179,3.0958894115e-08,3000,6000
4312,41,1180,1181,1182,3.09588834568e-08,3000,6000
4313,200,1183,1180,1184,3.09588834568e-08,3000,6000
4314,198,1181,1183,1185,3.09588799041e-08,3000,6000
4315,201,1184,1182,1185,3.09588905623e-08,3000,6000
4316,1180,1181,1182,1185,3.09588799041e-08,3000,6000
4317,1180,1183,1181,1185,3.09588799041e-08,3000,6000
4318,1180,1182,1184,1185,3.09588799041e-08,3000,6000
4319,1180,1184,1183,1185,3.09588834568e-08,3000,6000
4320,196,1165,1166,1186,3.09588834568e-08,3000,6000
4321,197,1167,1165,1178,3.0958894115e-08,3000,6000
4322,198,1166,1167,1185,3.09588834568e-08,3000,6000
4323,201,1178,1186,1185,3.0958894115e-08,3000,6000
4324,1165,1166,1186,1185,3.09588834568e-08,3000,6000
4325,1165,1167,1166,1185,3.09588834568e-08,3000,6000
4326,1165,1186,1178,1185,3.0958894115e-08,3000,6000
4327,1165,1178,1167,1185,3.0958894115e-08,3000,6000
4328,196,1171,1165,1186,3.09588834568e-08,3000,6000
4329,199,1177,1171,1179,3.0958894115e-08,3000,6000
4330,197,1165,1177,1178,3.0958894115e-08,3000,6000
4331,201,1179,1186,1178,3.0958894115e-08,3000,6000
4332,1171,1165,1186,1178,3.0958894115e-08,3000,6000
4333,1171,1177,1165,1178,3.0958894115e-08,3000,6000
4334,1171,1186,1179,1178,3.0958894115e-08,3000,6000
4335,1171,1179,1177,1178,3.0958894115e-08,3000,6000
4336,196,1166,1173,1186,3.09588834568e-08,3000,6000
4337,198,1183,1166,1185,3.09588834568e-08,3000,6000
4338,200,1173,1183,1184,3.09588834568e-08,3000,6000
4339,201,1185,1186,1184,3.0958894115e-08,3000,6000
4340,1166,1173,1186,1184,3.09588834568e-08,3000,6000
4341,1166,1183,1173,1184,3.09588834568e-08,3000,6000
4342,1166,1186,1185,1184,3.09588834568e-08,3000,6000
4343,1166,1185,1183,1184,3.09588834568e-08,3000,6000
4344,196,1173,1171,1186,3.09588834568e-08,3000,6000
4345,200,1172,1173,1184,3.09588834568e-08,3000,6000
4346,199,1171,1172,1179,3.0958894115e-08,3000,6000
4347,201,1184,1186,1179,3.0958894115e-08,3000,6000
4348,1173,1171,1186,1179,3.09588834568e-08,3000,6000
4349,1173,1172,1171,1179,3.09588870095e-08,3000,6000
4350,1173,1186,1184,1179,3.09588870095e-08,3000,6000
4351,1173,1184,1172,1179,3.0958894115e-08,3000,6000
4352,36,1093,1095,1187,3.0958894115e-08,3000,6000
4353,181,1097,1093,1188,3.0958894115e-08,3000,6000
4354,182,1095,1097,1189,3.09588052971e-08,3000,6000
4355,202,1188,1187,1189,3.0958794639e-08,3000,6000
4356,1093,1095,1187,1189,3.09588585878e-08,3000,6000
4357,1093,1097,1095,1189,3.0958869246e-08,3000,6000
4358,1093,1187,1188,1189,3.09588301661e-08,3000,6000
4359,1093,1188,1097,1189,3.09588372716e-08,3000,6000
4360,37,1101,1100,1145,3.0958894115e-08,3000,6000
4361,183,1104,1101,1190,3.09588052971e-08,3000,6000
4362,181,1100,1104,1191,3.0958894115e-08,3000,6000
4363,194,1190,1145,1191,3.0958794639e-08,3000,6000
4364,1101,1100,1145,1191,3.0958894115e-08,3000,6000
4365,1101,1104,1100,1191,3.09588905623e-08,3000,6000
4366,1101,1145,1190,1191,3.09588052971e-08,3000,6000
4367,1101,1190,1104,1191,3.09588052971e-08,3000,6000
4368,38,1105,1107,1176,3.09588870095e-08,3000,6000
4369,182,1109,1105,1192,3.0958894115e-08,3000,6000
4370,183,1107,1109,1193,3.0958894115e-08,3000,6000
4371,201,1192,1176,1193,3.0958894115e-08,3000,6000
4372,1105,1107,1176,1193,3.0958894115e-08,3000,6000
4373,1105,1109,1107,1193,3.0958894115e-08,3000,6000
4374,1105,1176,1192,1193,3.0958894115e-08,3000,6000
4375,1105,1192,1109,1193,3.0958894115e-08,3000,6000
4376,41,1155,1194,1182,3.09588834568e-08,3000,6000
4377,194,1195,1155,1196,3.0958894115e-08,3000,6000
4378,202,1194,1195,1197,3.0958894115e-08,3000,6000
4379,201,1196,1182,1197,3.09588905623e-08,3000,6000
4380,1155,1194,1182,1197,3.0958894115e-08,3000,6000
4381,1155,1195,1194,1197,3.0958894115e-08,3000,6000
4382,1155,1182,1196,1197,3.09588905623e-08,3000,6000
4383,1155,1196,1195,1197,3.09588905623e-08,3000,6000
4384,181,1097,1188,1198,3.09588621406e-08,3000,6000
4385,182,1189,1097,1192,3.09588372716e-08,3000,6000
4386,202,1188,1189,1197,3.09588266134e-08,3000,6000
4387,201,1192,1198,1197,3.09588763514e-08,3000,6000
4388,1097,1188,1198,1197,3.09588550351e-08,3000,6000
4389,1097,1189,1188,1197,3.0958844377e-08,3000,6000
4390,1097,1198,1192,1197,3.0958844377e-08,3000,6000
4391,1097,1192,1189,1197,3.09588337188e-08,3000,6000
4392,181,1104,1097,1198,3.0958869246e-08,3000,6000
4393,183,1109,1104,1193,3.09588301661e-08,3000,6000
4394,182,1097,1109,1192,3.09588301661e-08,3000,6000
4395,201,1193,1198,1192,3.0958894115e-08,3000,6000
4396,1104,1097,1198,1192,3.0958869246e-08,3000,6000
4397,1104,1109,1097,1192,3.09588301661e-08,3000,6000
4398,1104,1198,1193,1192,3.0958869246e-08,3000,6000
4399,1104,1193,1109,1192,3.09588301661e-08,3000,6000
4400,181,1188,1191,1198,3.09588301661e-08,3000,6000
4401,202,1195,1188,1197,3.09588585878e-08,3000,6000
4402,194,1191,1195,1196,3.09588585878e-08,3000,6000
4403,201,1197,1198,1196,3.0958869246e-08,3000,6000
4404,1188,1191,1198,1196,3.0958819508e-08,3000,6000
4405,1188,1195,1191,1196,3.09588585878e-08,3000,6000
4406,1188,1198,1197,1196,3.09588159553e-08,3000,6000
4407,1188,1197,1195,1196,3.09588585878e-08,3000,6000
4408,181,1191,1104,1198,3.09588372716e-08,3000,6000
4409,194,1190,1191,1196,3.09588514824e-08,3000,6000
4410,183,1104,1190,1193,3.09588585878e-08,3000,6000
4411,201,1196,1198,1193,3.09588870095e-08,3000,6000
4412,1191,1104,1198,1193,3.09588372716e-08,3000,6000
4413,1191,1190,1104,1193,3.09588585878e-08,3000,6000
4414,1191,1198,1196,1193,3.09588266134e-08,3000,6000
4415,1191,1196,1190,1193,3.09588479297e-08,3000,6000
4416,36,1125,1093,1187,3.0958894115e-08,3000,6000
4417,187,1199,1125,1200,3.09588905623e-08,3000,6000
4418,181,1093,1199,1188,3.0958894115e-08,3000,6000
4419,202,1200,1187,1188,3.09588052971e-08,3000,6000
4420,1125,1093,1187,1188,3.0958894115e-08,3000,6000
4421,1125,1199,1093,1188,3.09588905623e-08,3000,6000
4422,1125,1187,1200,1188,3.0958894115e-08,3000,6000
4423,1125,1200,1199,1188,3.09588905623e-08,3000,6000
4424,39,1150,1118,1151,3.09588834568e-08,3000,6000
4425,193,1201,1150,1154,3.09588834568e-08,3000,6000
4426,187,1118,1201,1202,3.09588834568e-08,3000,6000
4427,195,1154,1151,1202,3.0958794639e-08,3000,6000
4428,1150,1118,1151,1202,3.09588834568e-08,3000,6000
4429,1150,1201,1118,1202,3.09588834568e-08,3000,6000
4430,1150,1151,1154,1202,3.09588834568e-08,3000,6000
4431,1150,1154,1201,1202,3.09588834568e-08,3000,6000
4432,37,1100,1143,1145,3.0958894115e-08,3000,6000
4433,181,1203,1100,1191,3.0958894115e-08,3000,6000
4434,193,1143,1203,1147,3.09588905623e-08,3000,6000
4435,194,1191,1145,1147,3.09588052971e-08,3000,6000
4436,1100,1143,1145,1147,3.0958894115e-08,3000,6000
4437,1100,1203,1143,1147,3.09588905623e-08,3000,6000
4438,1100,1145,1191,1147,3.0958894115e-08,3000,6000
4439,1100,1191,1203,1147,3.09588905623e-08,3000,6000
4440,41,1157,1194,1155,3.0958894115e-08,3000,6000
4441,195,1204,1157,1159,3.09588799041e-08,3000,6000
4442,202,1194,1204,1195,3.09588834568e-08,3000,6000
4443,194,1159,1155,1195,3.09588834568e-08,3000,6000
4444,1157,1194,1155,1195,3.0958894115e-08,3000,6000
4445,1157,1204,1194,1195,3.09588870095e-08,3000,6000
4446,1157,1155,1159,1195,3.09588870095e-08,3000,6000
4447,1157,1159,1204,1195,3.09588799041e-08,3000,6000
4448,187,1199,1200,1205,3.0958894115e-08,3000,6000
4449,181,1188,1199,1191,3.0958894115e-08,3000,6000
4450,202,1200,1188,1195,3.09588052971e-08,3000,6000
4451,194,1191,1205,1195,3.09588052971e-08,3000,6000
4452,1199,1200,1205,1195,3.09588408243e-08,3000,6000
4453,1199,1188,1200,1195,3.0958918984e-08,3000,6000
4454,1199,1205,1191,1195,3.09587804281e-08,3000,6000
4455,1199,1191,1188,1195,3.09588585878e-08,3000,6000
4456,187,1201,1199,1205,3.0958894115e-08,3000,6000
4457,193,1203,1201,1147,3.0958894115e-08,3000,6000
4458,181,1199,1203,1191,3.0958894115e-08,3000,6000
4459,194,1147,1205,1191,3.09588052971e-08,3000,6000
4460,1201,1199,1205,1191,3.0958894115e-08,3000,6000
4461,1201,1203,1199,1191,3.0958894115e-08,3000,6000
4462,1201,1205,1147,1191,3.09588905623e-08,3000,6000
4463,1201,1147,1203,1191,3.09588905623e-08,3000,6000
4464,187,1200,1202,1205,3.09588834568e-08,3000,6000
4465,202,1204,1200,1195,3.0958794639e-08,3000,6000
4466,195,1202,1204,1159,3.0958794639e-08,3000,6000
4467,194,1195,1205,1159,3.0958794639e-08,3000,6000
4468,1200,1202,1205,1159,3.0958794639e-08,3000,6000
4469,1200,1204,1202,1159,3.0958794639e-08,3000,6000
4470,1200,1205,1195,1159,3.0958794639e-08,3000,6000
4471,1200,1195,1204,1159,3.0958794639e-08,3000,6000
4472,187,1202,1201,1205,3.09588834568e-08,3000,6000
4473,195,1154,1202,1159,3.0958794639e-08,3000,6000
4474,193,1201,1154,1147,3.09588834568e-08,3000,6000
4475,194,1159,1205,1147,3.0958794639e-08,3000,6000
4476,1202,1201,1205,1147,3.09588799041e-08,3000,6000
4477,1202,1154,1201,1147,3.09588834568e-08,3000,6000
4478,1202,1205,1159,1147,3.0958794639e-08,3000,6000
4479,1202,1159,1154,1147,3.0958794639e-08,3000,6000
4480,36,1095,1126,1187,3.0958894115e-08,3000,6000
4481,182,1206,1095,1189,3.09588052971e-08,3000,6000
4482,189,1126,1206,1207,3.0958794639e-08,3000,6000
4483,202,1189,1187,1207,3.0958794639e-08,3000,6000
4484,1095,1126,1187,1207,3.09588052971e-08,3000,6000
4485,1095,1206,1126,1207,3.09588017444e-08,3000,6000
4486,1095,1187,1189,1207,3.09587981917e-08,3000,6000
4487,1095,1189,1206,1207,3.0958794639e-08,3000,6000
4488,38,1175,1105,1176,3.09588870095e-08,3000,6000
4489,199,1208,1175,1179,3.0958894115e-08,3000,6000
4490,182,1105,1208,1192,3.0958894115e-08,3000,6000
4491,201,1179,1176,1192,3.0958894115e-08,3000,6000
4492,1175,1105,1176,1192,3.0958894115e-08,3000,6000
4493,1175,1208,1105,1192,3.0958894115e-08,3000,6000
4494,1175,1176,1179,1192,3.0958894115e-08,3000,6000
4495,1175,1179,1208,1192,3.0958894115e-08,3000,6000
4496,40,1132,1168,1170,3.09588834568e-08,3000,6000
4497,189,1209,1132,1210,3.0958894115e-08,3000,6000
4498,199,1168,1209,1172,3.09588905623e-08,3000,6000
4499,200,1210,1170,1172,3.09588834568e-08,3000,6000
4500,1132,1168,1170,1172,3.09588799041e-08,3000,6000
4501,1132,1209,1168,1172,3.09588905623e-08,3000,6000
4502,1132,1170,1210,1172,3.09588834568e-08,3000,6000
4503,1132,1210,1209,1172,3.0958894115e-08,3000,6000
4504,41,1182,1194,1180,3.09588834568e-08,3000,6000
4505,201,1197,1182,1184,3.09588905623e-08,3000,6000
4506,202,1194,1197,1211,3.0958894115e-08,3000,6000
4507,200,1184,1180,1211,3.09588834568e-08,3000,6000
4508,1182,1194,1180,1211,3.09588834568e-08,3000,6000
4509,1182,1197,1194,1211,3.0958894115e-08,3000,6000
4510,1182,1180,1184,1211,3.09588799041e-08,3000,6000
4511,1182,1184,1197,1211,3.09588905623e-08,3000,6000
4512,182,1206,1189,1212,3.09588905623e-08,3000,6000
4513,189,1207,1206,1210,3.09588834568e-08,3000,6000
4514,202,1189,1207,1211,3.09588834568e-08,3000,6000
4515,200,1210,1212,1211,3.0958894115e-08,3000,6000
4516,1206,1189,1212,1211,3.09588905623e-08,3000,6000
4517,1206,1207,1189,1211,3.09588799041e-08,3000,6000
4518,1206,1212,1210,1211,3.0958894115e-08,3000,6000
4519,1206,1210,1207,1211,3.09588834568e-08,3000,6000
4520,182,1208,1206,1212,3.09588870095e-08,3000,6000
4521,199,1209,1208,1172,3.09588870095e-08,3000,6000
4522,189,1206,1209,1210,3.09588870095e-08,3000,6000
4523,200,1172,1212,1210,3.09588870095e-08,3000,6000
4524,1208,1206,1212,1210,3.09588870095e-08,3000,6000
4525,1208,1209,1206,1210,3.09588870095e-08,3000,6000
4526,1208,1212,1172,1210,3.09588870095e-08,3000,6000
4527,1208,1172,1209,1210,3.09588870095e-08,3000,6000
4528,182,1189,1192,1212,3.09588870095e-08,3000,6000
4529,202,1197,1189,1211,3.09588870095e-08,3000,6000
4530,201,1192,1197,1184,3.09588870095e-08,3000,6000
4531,200,1211,1212,1184,3.09588870095e-08,3000,6000
4532,1189,1192,1212,1184,3.0958894115e-08,3000,6000
4533,1189,1197,1192,1184,3.0958894115e-08,3000,6000
4534,1189,1212,1211,1184,3.09588834568e-08,3000,6000
4535,1189,1211,1197,1184,3.09588834568e-08,3000,6000
4536,182,1192,1208,1212,3.09588834568e-08,3000,6000
4537,201,1179,1192,1184,3.0958894115e-08,3000,6000
4538,199,1208,1179,1172,3.0958894115e-08,3000,6000
4539,200,1184,1212,1172,3.09588834568e-08,3000,6000
4540,1192,1208,1212,1172,3.09588834568e-08,3000,6000
4541,1192,1179,1208,1172,3.0958894115e-08,3000,6000
4542,1192,1212,1184,1172,3.09588834568e-08,3000,6000
4543,1192,1184,1179,1172,3.0958894115e-08,3000,6000
4544,36,1126,1125,1187,3.0958894115e-08,3000,6000
4545,189,1129,1126,1207,3.09588052971e-08,3000,6000
4546,187,1125,1129,1200,3.09588905623e-08,3000,6000
4547,202,1207,1187,1200,3.09588052971e-08,3000,6000
4548,1126,1125,1187,1200,3.0958894115e-08,3000,6000
4549,1126,1129,1125,1200,3.09588905623e-08,3000,6000
4550,1126,1187,1207,1200,3.09588052971e-08,3000,6000
4551,1126,1207,1129,1200,3.09588052971e-08,3000,6000
4552,40,1130,1132,1170,3.0958894115e-08,3000,6000
4553,188,1134,1130,1213,3.09588799041e-08,3000,6000
4554,189,1132,1134,1210,3.09588834568e-08,3000,6000
4555,200,1213,1170,1210,3.0958894115e-08,3000,6000
4556,1130,1132,1170,1210,3.0958894115e-08,3000,6000
4557,1130,1134,1132,1210,3.0958894115e-08,3000,6000
4558,1130,1170,1213,1210,3.09588905623e-08,3000,6000
4559,1130,1213,1134,1210,3.09588905623e-08,3000,6000
4560,39,1118,1120,1151,3.09588834568e-08,3000,6000
4561,187,1122,1118,1202,3.09588834568e-08,3000,6000
4562,188,1120,1122,1214,3.0958794639e-08,3000,6000
4563,195,1202,1151,1214,3.0958794639e-08,3000,6000
4564,1118,1120,1151,1214,3.09588301661e-08,3000,6000
4565,1118,1122,1120,1214,3.09588550351e-08,3000,6000
4566,1118,1151,1202,1214,3.09588230607e-08,3000,6000
4567,1118,1202,1122,1214,3.09588479297e-08,3000,6000
4568,41,1180,1194,1157,3.0958894115e-08,3000,6000
4569,200,1211,1180,1215,3.0958894115e-08,3000,6000
4570,202,1194,1211,1204,3.09588834568e-08,3000,6000
4571,195,1215,1157,1204,3.09588799041e-08,3000,6000
4572,1180,1194,1157,1204,3.09588870095e-08,3000,6000
4573,1180,1211,1194,1204,3.09588834568e-08,3000,6000
4574,1180,1157,1215,1204,3.09589012204e-08,3000,6000
4575,1180,1215,1211,1204,3.09588976677e-08,3000,6000
4576,189,1129,1207,1216,3.0958794639e-08,3000,6000
4577,187,1200,1129,1202,3.09588799041e-08,3000,6000
4578,202,1207,1200,1204,3.0958794639e-08,3000,6000
4579,195,1202,1216,1204,3.0958794639e-08,3000,6000
4580,1129,1207,1216,1204,3.0958794639e-08,3000,6000
4581,1129,1200,1207,1204,3.0958794639e-08,3000,6000
4582,1129,1216,1202,1204,3.0958794639e-08,3000,6000
4583,1129,1202,1200,1204,3.0958794639e-08,3000,6000
4584,189,1134,1129,1216,3.0958794639e-08,3000,6000
4585,188,1122,1134,1214,3.0958794639e-08,3000,6000
4586,187,1129,1122,1202,3.09588834568e-08,3000,6000
4587,195,1214,1216,1202,3.0958794639e-08,3000,6000
4588,1134,1129,1216,1202,3.0958794639e-08,3000,6000
4589,1134,1122,1129,1202,3.0958794639e-08,3000,6000
4590,1134,1216,1214,1202,3.0958794639e-08,3000,6000
4591,1134,1214,1122,1202,3.0958794639e-08,3000,6000
4592,189,1207,1210,1216,3.09588834568e-08,3000,6000
4593,202,1211,1207,1204,3.09588834568e-08,3000,6000
4594,200,1210,1211,1215,3.0958894115e-08,3000,6000
4595,195,1204,1216,1215,3.09588834568e-08,3000,6000
4596,1207,1210,1216,1215,3.09588763514e-08,3000,6000
4597,1207,1211,1210,1215,3.0958894115e-08,3000,6000
4598,1207,1216,1204,1215,3.09588834568e-08,3000,6000
4599,1207,1204,1211,1215,3.09588976677e-08,3000,6000
4600,189,1210,1134,1216,3.09588799041e-08,3000,6000
4601,200,1213,1210,1215,3.0958894115e-08,3000,6000
4602,188,1134,1213,1214,3.09588834568e-08,3000,6000
4603,195,1215,1216,1214,3.09588834568e-08,3000,6000
4604,1210,1134,1216,1214,3.09588799041e-08,3000,6000
4605,1210,1213,1134,1214,3.09588976677e-08,3000,6000
4606,1210,1216,1215,1214,3.09588763514e-08,3000,6000
4607,1210,1215,1213,1214,3.0958894115e-08,3000,6000
4608,0,1087,1217,1088,3.09588870095e-08,3000,6000
4609,178,1218,1087,1090,3.09588870095e-08,3000,6000
4610,203,1217,1218,1219,3.09588017444e-08,3000,6000
4611,179,1090,1088,1219,3.09588870095e-08,3000,6000
4612,1087,1217,1088,1219,3.09588905623e-08,3000,6000
4613,1087,1218,1217,1219,3.09588905623e-08,3000,6000
4614,1087,1088,1090,1219,3.09588870095e-08,3000,6000
4615,1087,1090,1218,1219,3.09588870095e-08,3000,6000
4616,36,1220,1094,1093,3.09588834568e-08,3000,6000
4617,204,1221,1220,1222,3.0958794639e-08,3000,6000
4618,178,1094,1221,1096,3.09588905623e-08,3000,6000
4619,181,1222,1093,1096,3.09588834568e-08,3000,6000
4620,1220,1094,1093,1096,3.09588799041e-08,3000,6000
4621,1220,1221,1094,1096,3.09588799041e-08,3000,6000
4622,1220,1093,1222,1096,3.09588799041e-08,3000,6000
4623,1220,1222,1221,1096,3.09588799041e-08,3000,6000
4624,42,1223,1224,1225,3.09588870095e-08,3000,6000
4625,203,1226,1223,1227,3.09588905623e-08,3000,6000
4626,204,1224,1226,1228,3.09588870095e-08,3000,6000
4627,205,1227,1225,1228,3.09588870095e-08,3000,6000
4628,1223,1224,1225,1228,3.09588870095e-08,3000,6000
4629,1223,1226,1224,1228,3.09588870095e-08,3000,6000
4630,1223,1225,1227,1228,3.09588870095e-08,3000,6000
4631,1223,1227,1226,1228,3.09588870095e-08,3000,6000
4632,37,1100,1099,1229,3.09588834568e-08,3000,6000
4633,181,1102,1100,1230,3.09588834568e-08,3000,6000
4634,179,1099,1102,1231,3.09588905623e-08,3000,6000
4635,205,1230,1229,1231,3.0958794639e-08,3000,6000
4636,1100,1099,1229,1231,3.09588799041e-08,3000,6000
4637,1100,1102,1099,1231,3.09588799041e-08,3000,6000
4638,1100,1229,1230,1231,3.09588799041e-08,3000,6000
4639,1100,1230,1102,1231,3.09588834568e-08,3000,6000
4640,178,1218,1090,1232,3.09588870095e-08,3000,6000
4641,203,1219,1218,1227,3.09588052971e-08,3000,6000
4642,179,1090,1219,1231,3.09588870095e-08,3000,6000
4643,205,1227,1232,1231,3.09588017444e-08,3000,6000
4644,1218,1090,1232,1231,3.09588870095e-08,3000,6000
4645,1218,1219,1090,1231,3.09588870095e-08,3000,6000
4646,1218,1232,1227,1231,3.09588017444e-08,3000,6000
4647,1218,1227,1219,1231,3.09588017444e-08,3000,6000
4648,178,1221,1218,1232,3.09588870095e-08,3000,6000
4649,204,1226,1221,1228,3.09588017444e-08,3000,6000
4650,203,1218,1226,1227,3.09588052971e-08,3000,6000
4651,205,1228,1232,1227,3.09588017444e-08,3000,6000
4652,1221,1218,1232,1227,3.09588017444e-08,3000,6000
4653,1221,1226,1218,1227,3.09588017444e-08,3000,6000
4654,1221,1232,1228,1227,3.09588017444e-08,3000,6000
4655,1221,1228,1226,1227,3.09588017444e-08,3000,6000
4656,178,1090,1096,1232,3.0958894115e-08,3000,6000
4657,179,1102,1090,1231,3.0958894115e-08,3000,6000
4658,181,1096,1102,1230,3.09588834568e-08,3000,6000
4659,205,1231,1232,1230,3.0958794639e-08,3000,6000
4660,1090,1096,1232,1230,3.09588870095e-08,3000,6000
4661,1090,1102,1096,1230,3.0958894115e-08,3000,6000
4662,1090,1232,1231,1230,3.09588834568e-08,3000,6000
4663,1090,1231,1102,1230,3.09588870095e-08,3000,6000
4664,178,1096,1221,1232,3.0958894115e-08,3000,6000
4665,181,1222,1096,1230,3.09588834568e-08,3000,6000
4666,204,1221,1222,1228,3.0958794639e-08,3000,6000
4667,205,1230,1232,1228,3.0958794639e-08,3000,6000
4668,1096,1221,1232,1228,3.09588585878e-08,3000,6000
4669,1096,1222,1221,1228,3.09588514824e-08,3000,6000
4670,1096,1232,1230,1228,3.09588266134e-08,3000,6000
4671,1096,1230,1222,1228,3.0958819508e-08,3000,6000
4672,3,1233,1113,1112,3.09588834568e-08,3000,6000
4673,206,1234,1233,1235,3.09587981917e-08,3000,6000
4674,185,1113,1234,1115,3.09588834568e-08,3000,6000
4675,184,1235,1112,1115,3.09588799041e-08,3000,6000
4676,1233,1113,1112,1115,3.09588834568e-08,3000,6000
4677,1233,1234,1113,1115,3.09588834568e-08,3000,6000
4678,1233,1112,1235,1115,3.09588834568e-08,3000,6000
4679,1233,1235,1234,1115,3.09588834568e-08,3000,6000
4680,43,1236,1237,1238,3.09588905623e-08,3000,6000
4681,207,1239,1236,1240,3.09588799041e-08,3000,6000
4682,206,1237,1239,1241,3.09588799041e-08,3000,6000
4683,208,1240,1238,1241,3.09588834568e-08,3000,6000
4684,1236,1237,1238,1241,3.09588905623e-08,3000,6000
4685,1236,1239,1237,1241,3.09588799041e-08,3000,6000
4686,1236,1238,1240,1241,3.09588905623e-08,3000,6000
4687,1236,1240,1239,1241,3.09588799041e-08,3000,6000
4688,36,1124,1242,1125,3.09588905623e-08,3000,6000
4689,185,1243,1124,1127,3.09588905623e-08,3000,6000
4690,207,1242,1243,1244,3.09588052971e-08,3000,6000
4691,187,1127,1125,1244,3.0958894115e-08,3000,6000
4692,1124,1242,1125,1244,3.09588905623e-08,3000,6000
4693,1124,1243,1242,1244,3.09588905623e-08,3000,6000
4694,1124,1125,1127,1244,3.09588905623e-08,3000,6000
4695,1124,1127,1243,1244,3.09588905623e-08,3000,6000
4696,39,1245,1119,1118,3.09588834568e-08,3000,6000
4697,208,1246,1245,1247,3.0958794639e-08,3000,6000
4698,184,1119,1246,1121,3.09588834568e-08,3000,6000
4699,187,1247,1118,1121,3.09588799041e-08,3000,6000
4700,1245,1119,1118,1121,3.09588799041e-08,3000,6000
4701,1245,1246,1119,1121,3.09588799041e-08,3000,6000
4702,1245,1118,1247,1121,3.09588799041e-08,3000,6000
4703,1245,1247,1246,1121,3.09588799041e-08,3000,6000
4704,206,1234,1235,1248,3.0958794639e-08,3000,6000
4705,185,1115,1234,1127,3.09588799041e-08,3000,6000
4706,184,1235,1115,1121,3.09588799041e-08,3000,6000
4707,187,1127,1248,1121,3.09588834568e-08,3000,6000
4708,1234,1235,1248,1121,3.09588799041e-08,3000,6000
4709,1234,1115,1235,1121,3.09588799041e-08,3000,6000
4710,1234,1248,1127,1121,3.09588799041e-08,3000,6000
4711,1234,1127,1115,1121,3.09588799041e-08,3000,6000
4712,206,1239,1234,1248,3.0958794639e-08,3000,6000
4713,207,1243,1239,1244,3.0958794639e-08,3000,6000
4714,185,1234,1243,1127,3.09588799041e-08,3000,6000
4715,187,1244,1248,1127,3.09588834568e-08,3000,6000
4716,1239,1234,1248,1127,3.09588266134e-08,3000,6000
4717,1239,1243,1234,1127,3.0958819508e-08,3000,6000
4718,1239,1248,1244,1127,3.09588550351e-08,3000,6000
4719,1239,1244,1243,1127,3.09588479297e-08,3000,6000
4720,206,1235,1241,1248,3.0958794639e-08,3000,6000
4721,184,1246,1235,1121,3.09588799041e-08,3000,6000
4722,208,1241,1246,1247,3.0958794639e-08,3000,6000
4723,187,1121,1248,1247,3.09588834568e-08,3000,6000
4724,1235,1241,1248,1247,3.0958794639e-08,3000,6000
4725,1235,1246,1241,1247,3.0958794639e-08,3000,6000
4726,1235,1248,1121,1247,3.09588834568e-08,3000,6000
4727,1235,1121,1246,1247,3.09588799041e-08,3000,6000
4728,206,1241,1239,1248,3.0958794639e-08,3000,6000
4729,208,1240,1241,1247,3.0958794639e-08,3000,6000
4730,207,1239,1240,1244,3.0958794639e-08,3000,6000
4731,187,1247,1248,1244,3.09588834568e-08,3000,6000
4732,1241,1239,1248,1244,3.0958794639e-08,3000,6000
4733,1241,1240,1239,1244,3.0958794639e-08,3000,6000
4734,1241,1248,1247,1244,3.0958794639e-08,3000,6000
4735,1241,1247,1240,1244,3.0958794639e-08,3000,6000
4736,7,1249,1250,1251,3.09588834568e-08,3000,6000
4737,209,1252,1249,1253,3.0958894115e-08,3000,6000
4738,210,1250,1252,1254,3.09588834568e-08,3000,6000
4739,211,1253,1251,1254,3.09588834568e-08,3000,6000
4740,1249,1250,1251,1254,3.09588834568e-08,3000,6000
4741,1249,1252,1250,1254,3.09588834568e-08,3000,6000
4742,1249,1251,1253,1254,3.09588834568e-08,3000,6000
4743,1249,1253,1252,1254,3.09588834568e-08,3000,6000
4744,42,1255,1256,1257,3.09588870095e-08,3000,6000
4745,212,1258,1255,1259,3.0958894115e-08,3000,6000
4746,209,1256,1258,1260,3.0958894115e-08,3000,6000
4747,213,1259,1257,1260,3.0958894115e-08,3000,6000
4748,1255,1256,1257,1260,3.0958894115e-08,3000,6000
4749,1255,1258,1256,1260,3.0958894115e-08,3000,6000
4750,1255,1257,1259,1260,3.0958894115e-08,3000,6000
4751,1255,1259,1258,1260,3.0958894115e-08,3000,6000
4752,43,1261,1262,1263,3.09588834568e-08,3000,6000
4753,210,1264,1261,1265,3.09588799041e-08,3000,6000
4754,212,1262,1264,1266,3.09588905623e-08,3000,6000
4755,214,1265,1263,1266,3.09588834568e-08,3000,6000
4756,1261,1262,1263,1266,3.09588799041e-08,3000,6000
4757,1261,1264,1262,1266,3.09588799041e-08,3000,6000
4758,1261,1263,1265,1266,3.09588799041e-08,3000,6000
4759,1261,1265,1264,1266,3.09588799041e-08,3000,6000
4760,44,1267,1268,1269,3.09588834568e-08,3000,6000
4761,213,1270,1267,1271,3.09588905623e-08,3000,6000
4762,211,1268,1270,1272,3.09588799041e-08,3000,6000
4763,214,1271,1269,1272,3.09588834568e-08,3000,6000
4764,1267,1268,1269,1272,3.09588799041e-08,3000,6000
4765,1267,1270,1268,1272,3.09588799041e-08,3000,6000
4766,1267,1269,1271,1272,3.09588799041e-08,3000,6000
4767,1267,1271,1270,1272,3.09588799041e-08,3000,6000
4768,209,1252,1253,1273,3.0958894115e-08,3000,6000
4769,210,1254,1252,1265,3.09588834568e-08,3000,6000
4770,211,1253,1254,1272,3.09588834568e-08,3000,6000
4771,214,1265,1273,1272,3.09588834568e-08,3000,6000
4772,1252,1253,1273,1272,3.09588834568e-08,3000,6000
4773,1252,1254,1253,1272,3.09588834568e-08,3000,6000
4774,1252,1273,1265,1272,3.09588834568e-08,3000,6000
4775,1252,1265,1254,1272,3.09588834568e-08,3000,6000
4776,209,1258,1252,1273,3.0958894115e-08,3000,6000
4777,212,1264,1258,1266,3.0958894115e-08,3000,6000
4778,210,1252,1264,1265,3.09588834568e-08,3000,6000
4779,214,1266,1273,1265,3.09588834568e-08,3000,6000
4780,1258,1252,1273,1265,3.09588870095e-08,3000,6000
4781,1258,1264,1252,1265,3.09588870095e-08,3000,6000
4782,1258,1273,1266,1265,3.09588870095e-08,3000,6000
4783,1258,1266,1264,1265,3.09588870095e-08,3000,6000
4784,209,1253,1260,1273,3.0958894115e-08,3000,6000
4785,211,1270,1253,1272,3.09588834568e-08,3000,6000
4786,213,1260,1270,1271,3.0958894115e-08,3000,6000
4787,214,1272,1273,1271,3.09588834568e-08,3000,6000
4788,1253,1260,1273,1271,3.0958894115e-08,3000,6000
4789,1253,1270,1260,1271,3.0958894115e-08,3000,6000
4790,1253,1273,1272,1271,3.09588834568e-08,3000,6000
4791,1253,1272,1270,1271,3.09588834568e-08,3000,6000
4792,209,1260,1258,1273,3.0958894115e-08,3000,6000
4793,213,1259,1260,1271,3.0958894115e-08,3000,6000
4794,212,1258,1259,1266,3.0958894115e-08,3000,6000
4795,214,1271,1273,1266,3.09588834568e-08,3000,6000
4796,1260,1258,1273,1266,3.0958894115e-08,3000,6000
4797,1260,1259,1258,1266,3.0958894115e-08,3000,6000
4798,1260,1273,1271,1266,3.0958894115e-08,3000,6000
4799,1260,1271,1259,1266,3.0958894115e-08,3000,6000
4800,4,1138,1137,1274,3.09588834568e-08,3000,6000
4801,191,1140,1138,1275,3.09588799041e-08,3000,6000
4802,190,1137,1140,1276,3.09588834568e-08,3000,6000
4803,215,1275,1274,1276,3.09587981917e-08,3000,6000
4804,1138,1137,1274,1276,3.09588834568e-08,3000,6000
4805,1138,1140,1137,1276,3.09588834568e-08,3000,6000
4806,1138,1274,1275,1276,3.09588834568e-08,3000,6000
4807,1138,1275,1140,1276,3.09588834568e-08,3000,6000
4808,39,1150,1149,1277,3.09588834568e-08,3000,6000
4809,193,1152,1150,1278,3.09588799041e-08,3000,6000
4810,191,1149,1152,1279,3.09588834568e-08,3000,6000
4811,216,1278,1277,1279,3.0958794639e-08,3000,6000
4812,1150,1149,1277,1279,3.09588799041e-08,3000,6000
4813,1150,1152,1149,1279,3.09588799041e-08,3000,6000
4814,1150,1277,1278,1279,3.09588799041e-08,3000,6000
4815,1150,1278,1152,1279,3.09588799041e-08,3000,6000
4816,37,1144,1143,1280,3.09588905623e-08,3000,6000
4817,190,1146,1144,1281,3.09588905623e-08,3000,6000
4818,193,1143,1146,1282,3.0958894115e-08,3000,6000
4819,217,1281,1280,1282,3.09588052971e-08,3000,6000
4820,1144,1143,1280,1282,3.09588905623e-08,3000,6000
4821,1144,1146,1143,1282,3.09588905623e-08,3000,6000
4822,1144,1280,1281,1282,3.09588905623e-08,3000,6000
4823,1144,1281,1146,1282,3.09588905623e-08,3000,6000
4824,44,1283,1284,1285,3.09588905623e-08,3000,6000
4825,216,1286,1283,1287,3.09588834568e-08,3000,6000
4826,215,1284,1286,1288,3.09588799041e-08,3000,6000
4827,217,1287,1285,1288,3.09588799041e-08,3000,6000
4828,1283,1284,1285,1288,3.09588905623e-08,3000,6000
4829,1283,1286,1284,1288,3.09588799041e-08,3000,6000
4830,1283,1285,1287,1288,3.09588905623e-08,3000,6000
4831,1283,1287,1286,1288,3.09588799041e-08,3000,6000
4832,191,1140,1275,1289,3.09588763514e-08,3000,6000
4833,190,1276,1140,1281,3.09588834568e-08,3000,6000
4834,215,1275,1276,1288,3.09587981917e-08,3000,6000
4835,217,1281,1289,1288,3.09587875336e-08,3000,6000
4836,1140,1275,1289,1288,3.09588479297e-08,3000,6000
4837,1140,1276,1275,1288,3.09588585878e-08,3000,6000
4838,1140,1289,1281,1288,3.09588159553e-08,3000,6000
4839,1140,1281,1276,1288,3.09588230607e-08,3000,6000
4840,191,1152,1140,1289,3.09588799041e-08,3000,6000
4841,193,1146,1152,1282,3.09588834568e-08,3000,6000
4842,190,1140,1146,1281,3.09588799041e-08,3000,6000
4843,217,1282,1289,1281,3.0958794639e-08,3000,6000
4844,1152,1140,1289,1281,3.09588799041e-08,3000,6000
4845,1152,1146,1140,1281,3.09588799041e-08,3000,6000
4846,1152,1289,1282,1281,3.09588799041e-08,3000,6000
4847,1152,1282,1146,1281,3.09588799041e-08,3000,6000
4848,191,1275,1279,1289,3.09588799041e-08,3000,6000
4849,215,1286,1275,1288,3.0958794639e-08,3000,6000
4850,216,1279,1286,1287,3.0958794639e-08,3000,6000
4851,217,1288,1289,1287,3.0958794639e-08,3000,6000
4852,1275,1279,1289,1287,3.0958794639e-08,3000,6000
4853,1275,1286,1279,1287,3.0958794639e-08,3000,6000
4854,1275,1289,1288,1287,3.0958794639e-08,3000,6000
4855,1275,1288,1286,1287,3.0958794639e-08,3000,6000
4856,191,1279,1152,1289,3.09588834568e-08,3000,6000
4857,216,1278,1279,1287,3.0958794639e-08,3000,6000
4858,193,1152,1278,1282,3.09588799041e-08,3000,6000
4859,217,1287,1289,1282,3.09587981917e-08,3000,6000
4860,1279,1152,1289,1282,3.09588834568e-08,3000,6000
4861,1279,1278,1152,1282,3.09588799041e-08,3000,6000
4862,1279,1289,1287,1282,3.09587981917e-08,3000,6000
4863,1279,1287,1278,1282,3.0958794639e-08,3000,6000
4864,36,1220,1093,1290,3.0958894115e-08,3000,6000
4865,204,1222,1220,1291,3.09588052971e-08,3000,6000
4866,181,1093,1222,1292,3.0958894115e-08,3000,6000
4867,218,1291,1290,1292,3.0958794639e-08,3000,6000
4868,1220,1093,1290,1292,3.0958894115e-08,3000,6000
4869,1220,1222,1093,1292,3.09588905623e-08,3000,6000
4870,1220,1290,1291,1292,3.09588052971e-08,3000,6000
4871,1220,1291,1222,1292,3.09588052971e-08,3000,6000
4872,42,1225,1224,1257,3.09588870095e-08,3000,6000
4873,205,1228,1225,1293,3.0958894115e-08,3000,6000
4874,204,1224,1228,1294,3.0958894115e-08,3000,6000
4875,213,1293,1257,1294,3.0958894115e-08,3000,6000
4876,1225,1224,1257,1294,3.0958894115e-08,3000,6000
4877,1225,1228,1224,1294,3.0958894115e-08,3000,6000
4878,1225,1257,1293,1294,3.0958894115e-08,3000,6000
4879,1225,1293,1228,1294,3.0958894115e-08,3000,6000
4880,37,1100,1229,1280,3.0958894115e-08,3000,6000
4881,181,1230,1100,1295,3.0958894115e-08,3000,6000
4882,205,1229,1230,1296,3.09588052971e-08,3000,6000
4883,217,1295,1280,1296,3.0958794639e-08,3000,6000
4884,1100,1229,1280,1296,3.09588372716e-08,3000,6000
4885,1100,1230,1229,1296,3.0958869246e-08,3000,6000
4886,1100,1280,1295,1296,3.09588301661e-08,3000,6000
4887,1100,1295,1230,1296,3.09588585878e-08,3000,6000
4888,44,1267,1297,1285,3.09588834568e-08,3000,6000
4889,213,1298,1267,1299,3.09588905623e-08,3000,6000
4890,218,1297,1298,1300,3.0958894115e-08,3000,6000
4891,217,1299,1285,1300,3.0958894115e-08,3000,6000
4892,1267,1297,1285,1300,3.09588834568e-08,3000,6000
4893,1267,1298,1297,1300,3.09588870095e-08,3000,6000
4894,1267,1285,1299,1300,3.09588976677e-08,3000,6000
4895,1267,1299,1298,1300,3.09589012204e-08,3000,6000
4896,204,1222,1291,1301,3.09588052971e-08,3000,6000
4897,181,1292,1222,1295,3.0958894115e-08,3000,6000
4898,218,1291,1292,1300,3.0958794639e-08,3000,6000
4899,217,1295,1301,1300,3.0958794639e-08,3000,6000
4900,1222,1291,1301,1300,3.0958794639e-08,3000,6000
4901,1222,1292,1291,1300,3.09588124026e-08,3000,6000
4902,1222,1301,1295,1300,3.09587910863e-08,3000,6000
4903,1222,1295,1292,1300,3.09588052971e-08,3000,6000
4904,204,1228,1222,1301,3.09588052971e-08,3000,6000
4905,205,1230,1228,1296,3.09588052971e-08,3000,6000
4906,181,1222,1230,1295,3.0958894115e-08,3000,6000
4907,217,1296,1301,1295,3.0958794639e-08,3000,6000
4908,1228,1222,1301,1295,3.09588052971e-08,3000,6000
4909,1228,1230,1222,1295,3.09588052971e-08,3000,6000
4910,1228,1301,1296,1295,3.09588052971e-08,3000,6000
4911,1228,1296,1230,1295,3.09588052971e-08,3000,6000
4912,204,1291,1294,1301,3.0958894115e-08,3000,6000
4913,218,1298,1291,1300,3.09588834568e-08,3000,6000
4914,213,1294,1298,1299,3.09588799041e-08,3000,6000
4915,217,1300,1301,1299,3.09588834568e-08,3000,6000
4916,1291,1294,1301,1299,3.09588834568e-08,3000,6000
4917,1291,1298,1294,1299,3.09588799041e-08,3000,6000
4918,1291,1301,1300,1299,3.09588834568e-08,3000,6000
4919,1291,1300,1298,1299,3.09588799041e-08,3000,6000
4920,204,1294,1228,1301,3.0958894115e-08,3000,6000
4921,213,1293,1294,1299,3.09588834568e-08,3000,6000
4922,205,1228,1293,1296,3.0958894115e-08,3000,6000
4923,217,1299,1301,1296,3.09588799041e-08,3000,6000
4924,1294,1228,1301,1296,3.09588905623e-08,3000,6000
4925,1294,1293,1228,1296,3.0958894115e-08,3000,6000
4926,1294,1301,1299,1296,3.09588799041e-08,3000,6000
4927,1294,1299,1293,1296,3.09588834568e-08,3000,6000
4928,36,1242,1220,1290,3.0958894115e-08,3000,6000
4929,207,1302,1242,1303,3.0958794639e-08,3000,6000
4930,204,1220,1302,1291,3.09588052971e-08,3000,6000
4931,218,1303,1290,1291,3.0958794639e-08,3000,6000
4932,1242,1220,1290,1291,3.09588052971e-08,3000,6000
4933,1242,1302,1220,1291,3.09588052971e-08,3000,6000
4934,1242,1290,1303,1291,3.0958794639e-08,3000,6000
4935,1242,1303,1302,1291,3.0958794639e-08,3000,6000
4936,43,1262,1236,1263,3.09588834568e-08,3000,6000
4937,212,1304,1262,1266,3.09588905623e-08,3000,6000
4938,207,1236,1304,1305,3.0958894115e-08,3000,6000
4939,214,1266,1263,1305,3.09588834568e-08,3000,6000
4940,1262,1236,1263,1305,3.09588834568e-08,3000,6000
4941,1262,1304,1236,1305,3.0958894115e-08,3000,6000
4942,1262,1263,1266,1305,3.09588799041e-08,3000,6000
4943,1262,1266,1304,1305,3.09588905623e-08,3000,6000
4944,42,1224,1255,1257,3.09588870095e-08,3000,6000
4945,204,1306,1224,1294,3.0958894115e-08,3000,6000
4946,212,1255,1306,1259,3.0958894115e-08,3000,6000
4947,213,1294,1257,1259,3.0958894115e-08,3000,6000
4948,1224,1255,1257,1259,3.0958894115e-08,3000,6000
4949,1224,1306,1255,1259,3.0958894115e-08,3000,6000
4950,1224,1257,1294,1259,3.0958894115e-08,3000,6000
4951,1224,1294,1306,1259,3.0958894115e-08,3000,6000
4952,44,1269,1297,1267,3.09588834568e-08,3000,6000
4953,214,1307,1269,1271,3.09588834568e-08,3000,6000
4954,218,1297,1307,1298,3.0958894115e-08,3000,6000
4955,213,1271,1267,1298,3.09588905623e-08,3000,6000
4956,1269,1297,1267,1298,3.09588870095e-08,3000,6000
4957,1269,1307,1297,1298,3.0958894115e-08,3000,6000
4958,1269,1267,1271,1298,3.09588799041e-08,3000,6000
4959,1269,1271,1307,1298,3.09588870095e-08,3000,6000
4960,207,1302,1303,1308,3.09588834568e-08,3000,6000
4961,204,1291,1302,1294,3.09588905623e-08,3000,6000
4962,218,1303,1291,1298,3.09588834568e-08,3000,6000
4963,213,1294,1308,1298,3.09588834568e-08,3000,6000
4964,1302,1303,1308,1298,3.09588834568e-08,3000,6000
4965,1302,1291,1303,1298,3.09588799041e-08,3000,6000
4966,1302,1308,1294,1298,3.09588834568e-08,3000,6000
4967,1302,1294,1291,1298,3.09588799041e-08,3000,6000
4968,207,1304,1302,1308,3.09588799041e-08,3000,6000
4969,212,1306,1304,1259,3.09588834568e-08,3000,6000
4970,204,1302,1306,1294,3.0958894115e-08,3000,6000
4971,213,1259,1308,1294,3.09588834568e-08,3000,6000
4972,1304,1302,1308,1294,3.09588799041e-08,3000,6000
4973,1304,1306,1302,1294,3.09588834568e-08,3000,6000
4974,1304,1308,1259,1294,3.09588799041e-08,3000,6000
4975,1304,1259,1306,1294,3.09588834568e-08,3000,6000
4976,207,1303,1305,1308,3.0958894115e-08,3000,6000
4977,218,1307,1303,1298,3.0958894115e-08,3000,6000
4978,214,1305,1307,1271,3.09588834568e-08,3000,6000
4979,213,1298,1308,1271,3.0958894115e-08,3000,6000
4980,1303,1305,1308,1271,3.09588976677e-08,3000,6000
4981,1303,1307,1305,1271,3.09588834568e-08,3000,6000
4982,1303,1308,1298,1271,3.09589047731e-08,3000,6000
4983,1303,1298,1307,1271,3.09588870095e-08,3000,6000
4984,207,1305,1304,1308,3.09588905623e-08,3000,6000
4985,214,1266,1305,1271,3.09588834568e-08,3000,6000
4986,212,1304,1266,1259,3.0958894115e-08,3000,6000
4987,213,1271,1308,1259,3.0958894115e-08,3000,6000
4988,1305,1304,1308,1259,3.09588905623e-08,3000,6000
4989,1305,1266,1304,1259,3.09588905623e-08,3000,6000
4990,1305,1308,1271,1259,3.0958894115e-08,3000,6000
4991,1305,1271,1266,1259,3.0958894115e-08,3000,6000
4992,36,1093,1125,1290,3.0958894115e-08,3000,6000
4993,181,1199,1093,1292,3.0958894115e-08,3000,6000
4994,187,1125,1199,1309,3.09588905623e-08,3000,6000
4995,218,1292,1290,1309,3.09588052971e-08,3000,6000
4996,1093,1125,1290,1309,3.09588905623e-08,3000,6000
4997,1093,1199,1125,1309,3.09588905623e-08,3000,6000
4998,1093,1290,1292,1309,3.0958894115e-08,3000,6000
4999,1093,1292,1199,1309,3.0958894115e-08,3000,6000
5000,37,1143,1100,1280,3.0958894115e-08,3000,6000
5001,193,1203,1143,1282,3.09588905623e-08,3000,6000
5002,181,1100,1203,1295,3.0958894115e-08,3000,6000
5003,217,1282,1280,1295,3.09588052971e-08,3000,6000
5004,1143,1100,1280,1295,3.0958894115e-08,3000,6000
5005,1143,1203,1100,1295,3.09588905623e-08,3000,6000
5006,1143,1280,1282,1295,3.0958894115e-08,3000,6000
5007,1143,1282,1203,1295,3.09588905623e-08,3000,6000
5008,39,1118,1150,1277,3.09588834568e-08,3000,6000
5009,187,1201,1118,1310,3.09588834568e-08,3000,6000
5010,193,1150,1201,1278,3.09588834568e-08,3000,6000
5011,216,1310,1277,1278,3.0958794639e-08,3000,6000
5012,1118,1150,1277,1278,3.09588834568e-08,3000,6000
5013,1118,1201,1150,1278,3.09588834568e-08,3000,6000
5014,1118,1277,1310,1278,3.09588834568e-08,3000,6000
5015,1118,1310,1201,1278,3.09588834568e-08,3000,6000
5016,44,1285,1297,1283,3.0958894115e-08,3000,6000
5017,217,1300,1285,1287,3.09588834568e-08,3000,6000
5018,218,1297,1300,1311,3.09588834568e-08,3000,6000
5019,216,1287,1283,1311,3.09588799041e-08,3000,6000
5020,1285,1297,1283,1311,3.0958894115e-08,3000,6000
5021,1285,1300,1297,1311,3.09588834568e-08,3000,6000
5022,1285,1283,1287,1311,3.09588905623e-08,3000,6000
5023,1285,1287,1300,1311,3.09588799041e-08,3000,6000
5024,181,1199,1292,1312,3.09588870095e-08,3000,6000
5025,187,1309,1199,1310,3.09588870095e-08,3000,6000
5026,218,1292,1309,1311,3.09588017444e-08,3000,6000
5027,216,1310,1312,1311,3.09588017444e-08,3000,6000
5028,1199,1292,1312,1311,3.09588266134e-08,3000,6000
5029,1199,1309,1292,1311,3.09589154313e-08,3000,6000
5030,1199,1312,1310,1311,3.09587733227e-08,3000,6000
5031,1199,1310,1309,1311,3.09588621406e-08,3000,6000
5032,181,1203,1199,1312,3.0958894115e-08,3000,6000
5033,193,1201,1203,1278,3.0958894115e-08,3000,6000
5034,187,1199,1201,1310,3.0958894115e-08,3000,6000
5035,216,1278,1312,1310,3.09588052971e-08,3000,6000
5036,1203,1199,1312,1310,3.0958894115e-08,3000,6000
5037,1203,1201,1199,1310,3.0958894115e-08,3000,6000
5038,1203,1312,1278,1310,3.0958894115e-08,3000,6000
5039,1203,1278,1201,1310,3.0958894115e-08,3000,6000
5040,181,1292,1295,1312,3.09588834568e-08,3000,6000
5041,218,1300,1292,1311,3.0958794639e-08,3000,6000
5042,217,1295,1300,1287,3.0958794639e-08,3000,6000
5043,216,1311,1312,1287,3.0958794639e-08,3000,6000
5044,1292,1295,1312,1287,3.0958794639e-08,3000,6000
5045,1292,1300,1295,1287,3.0958794639e-08,3000,6000
5046,1292,1312,1311,1287,3.0958794639e-08,3000,6000
5047,1292,1311,1300,1287,3.0958794639e-08,3000,6000
5048,181,1295,1203,1312,3.09588870095e-08,3000,6000
5049,217,1282,1295,1287,3.09588017444e-08,3000,6000
5050,193,1203,1282,1278,3.09588870095e-08,3000,6000
5051,216,1287,1312,1278,3.09587981917e-08,3000,6000
5052,1295,1203,1312,1278,3.09588870095e-08,3000,6000
5053,1295,1282,1203,1278,3.09588870095e-08,3000,6000
5054,1295,1312,1287,1278,3.09588017444e-08,3000,6000
5055,1295,1287,1282,1278,3.09587981917e-08,3000,6000
5056,36,1125,1242,1290,3.0958894115e-08,3000,6000
5057,187,1244,1125,1309,3.09588905623e-08,3000,6000
5058,207,1242,1244,1303,3.09588052971e-08,3000,6000
5059,218,1309,1290,1303,3.09588052971e-08,3000,6000
5060,1125,1242,1290,1303,3.09588585878e-08,3000,6000
5061,1125,1244,1242,1303,3.09588656933e-08,3000,6000
5062,1125,1290,1309,1303,3.09588337188e-08,3000,6000
5063,1125,1309,1244,1303,3.09588372716e-08,3000,6000
5064,39,1245,1118,1277,3.09588834568e-08,3000,6000
5065,208,1247,1245,1313,3.0958794639e-08,3000,6000
5066,187,1118,1247,1310,3.09588834568e-08,3000,6000
5067,216,1313,1277,1310,3.0958794639e-08,3000,6000
5068,1245,1118,1277,1310,3.09588834568e-08,3000,6000
5069,1245,1247,1118,1310,3.09588834568e-08,3000,6000
5070,1245,1277,1313,1310,3.0958794639e-08,3000,6000
5071,1245,1313,1247,1310,3.0958794639e-08,3000,6000
5072,43,1236,1238,1263,3.0958894115e-08,3000,6000
5073,207,1240,1236,1305,3.09588834568e-08,3000,6000
5074,208,1238,1240,1314,3.09588799041e-08,3000,6000
5075,214,1305,1263,1314,3.0958894115e-08,3000,6000
5076,1236,1238,1263,1314,3.09588905623e-08,3000,6000
5077,1236,1240,1238,1314,3.09588905623e-08,3000,6000
5078,1236,1263,1305,1314,3.0958894115e-08,3000,6000
5079,1236,1305,1240,1314,3.0958894115e-08,3000,6000
5080,44,1283,1297,1269,3.0958894115e-08,3000,6000
5081,216,1311,1283,1315,3.09588799041e-08,3000,6000
5082,218,1297,1311,1307,3.09588834568e-08,3000,6000
5083,214,1315,1269,1307,3.0958894115e-08,3000,6000
5084,1283,1297,1269,1307,3.0958894115e-08,3000,6000
5085,1283,1311,1297,1307,3.0958894115e-08,3000,6000
5086,1283,1269,1315,1307,3.09588905623e-08,3000,6000
5087,1283,1315,1311,1307,3.09588905623e-08,3000,6000
5088,187,1244,1309,1316,3.0958869246e-08,3000,6000
5089,207,1303,1244,1305,3.09588408243e-08,3000,6000
5090,218,1309,1303,1307,3.09588408243e-08,3000,6000
5091,214,1305,1316,1307,3.09589047731e-08,3000,6000
5092,1244,1309,1316,1307,3.09588799041e-08,3000,6000
5093,1244,1303,1309,1307,3.09588372716e-08,3000,6000
5094,1244,1316,1305,1307,3.09588799041e-08,3000,6000
5095,1244,1305,1303,1307,3.09588408243e-08,3000,6000
5096,187,1247,1244,1316,3.0958844377e-08,3000,6000
5097,208,1240,1247,1314,3.09588088498e-08,3000,6000
5098,207,1244,1240,1305,3.09588159553e-08,3000,6000
5099,214,1314,1316,1305,3.09588870095e-08,3000,6000
5100,1247,1244,1316,1305,3.09588408243e-08,3000,6000
5101,1247,1240,1244,1305,3.09588159553e-08,3000,6000
5102,1247,1316,1314,1305,3.09588514824e-08,3000,6000
5103,1247,1314,1240,1305,3.09588266134e-08,3000,6000
5104,187,1309,1310,1316,3.09588337188e-08,3000,6000
5105,218,1311,1309,1307,3.09588621406e-08,3000,6000
5106,216,1310,1311,1315,3.09588656933e-08,3000,6000
5107,214,1307,1316,1315,3.09588976677e-08,3000,6000
5108,1309,1310,1316,1315,3.09588337188e-08,3000,6000
5109,1309,1311,1310,1315,3.09588656933e-08,3000,6000
5110,1309,1316,1307,1315,3.0958844377e-08,3000,6000
5111,1309,1307,1311,1315,3.09588763514e-08,3000,6000
5112,187,1310,1247,1316,3.09588052971e-08,3000,6000
5113,216,1313,1310,1315,3.09588266134e-08,3000,6000
5114,208,1247,1313,1314,3.09588266134e-08,3000,6000
5115,214,1315,1316,1314,3.09588834568e-08,3000,6000
5116,1310,1247,1316,1314,3.09588052971e-08,3000,6000
5117,1310,1313,1247,1314,3.09588266134e-08,3000,6000
5118,1310,1316,1315,1314,3.09588052971e-08,3000,6000
5119,1310,1315,1313,1314,3.09588266134e-08,3000,6000
5120,0,1087,1089,539,3.0958869246e-08,3000,6000
5121,178,1091,1087,1317,3.0958869246e-08,3000,6000
5122,180,1089,1091,1318,3.09587981917e-08,3000,6000
5123,96,1317,539,1318,3.0958894115e-08,3000,6000
5124,1087,1089,539,1318,3.0958869246e-08,3000,6000
5125,1087,1091,1089,1318,3.0958869246e-08,3000,6000
5126,1087,539,1317,1318,3.0958869246e-08,3000,6000
5127,1087,1317,1091,1318,3.09588727987e-08,3000,6000
5128,36,1095,1094,1319,3.09588621406e-08,3000,6000
5129,182,1098,1095,1320,3.0958794639e-08,3000,6000
5130,178,1094,1098,1321,3.09588763514e-08,3000,6000
5131,219,1320,1319,1321,3.09588976677e-08,3000,6000
5132,1095,1094,1319,1321,3.0958869246e-08,3000,6000
5133,1095,1098,1094,1321,3.0958869246e-08,3000,6000
5134,1095,1319,1320,1321,3.09588656933e-08,3000,6000
5135,1095,1320,1098,1321,3.09588656933e-08,3000,6000
5136,38,1106,1105,1322,3.0958894115e-08,3000,6000
5137,180,1108,1106,1323,3.09588976677e-08,3000,6000
5138,182,1105,1108,1324,3.0958894115e-08,3000,6000
5139,220,1323,1322,1324,3.09588976677e-08,3000,6000
5140,1106,1105,1322,1324,3.0958894115e-08,3000,6000
5141,1106,1108,1105,1324,3.0958894115e-08,3000,6000
5142,1106,1322,1323,1324,3.09588976677e-08,3000,6000
5143,1106,1323,1108,1324,3.09588976677e-08,3000,6000
5144,22,1325,545,1326,3.09588870095e-08,3000,6000
5145,219,1327,1325,1328,3.09588905623e-08,3000,6000
5146,96,545,1327,1329,3.09589012204e-08,3000,6000
5147,220,1328,1326,1329,3.09589012204e-08,3000,6000
5148,1325,545,1326,1329,3.09588976677e-08,3000,6000
5149,1325,1327,545,1329,3.0958894115e-08,3000,6000
5150,1325,1326,1328,1329,3.09588976677e-08,3000,6000
5151,1325,1328,1327,1329,3.0958894115e-08,3000,6000
5152,178,1091,1317,1330,3.09589225367e-08,3000,6000
5153,180,1318,1091,1323,3.09588514824e-08,3000,6000
5154,96,1317,1318,1329,3.0958894115e-08,3000,6000
5155,220,1323,1330,1329,3.09588550351e-08,3000,6000
5156,1091,1317,1330,1329,3.09589260894e-08,3000,6000
5157,1091,1318,1317,1329,3.09589225367e-08,3000,6000
5158,1091,1330,1323,1329,3.09588550351e-08,3000,6000
5159,1091,1323,1318,1329,3.09588514824e-08,3000,6000
5160,178,1098,1091,1330,3.09588976677e-08,3000,6000
5161,182,1108,1098,1324,3.09588266134e-08,3000,6000
5162,180,1091,1108,1323,3.09588266134e-08,3000,6000
5163,220,1324,1330,1323,3.09588266134e-08,3000,6000
5164,1098,1091,1330,1323,3.09588266134e-08,3000,6000
5165,1098,1108,1091,1323,3.09588266134e-08,3000,6000
5166,1098,1330,1324,1323,3.09588301661e-08,3000,6000
5167,1098,1324,1108,1323,3.09588301661e-08,3000,6000
5168,178,1317,1321,1330,3.09589403003e-08,3000,6000
5169,96,1327,1317,1329,3.0958894115e-08,3000,6000
5170,219,1321,1327,1328,3.09588976677e-08,3000,6000
5171,220,1329,1330,1328,3.0958869246e-08,3000,6000
5172,1317,1321,1330,1328,3.09589403003e-08,3000,6000
5173,1317,1327,1321,1328,3.09588976677e-08,3000,6000
5174,1317,1330,1329,1328,3.09589403003e-08,3000,6000
5175,1317,1329,1327,1328,3.09588976677e-08,3000,6000
5176,178,1321,1098,1330,3.09589154313e-08,3000,6000
5177,219,1320,1321,1328,3.09588976677e-08,3000,6000
5178,182,1098,1320,1324,3.0958844377e-08,3000,6000
5179,220,1328,1330,1324,3.0958844377e-08,3000,6000
5180,1321,1098,1330,1324,3.09588621406e-08,3000,6000
5181,1321,1320,1098,1324,3.09588727987e-08,3000,6000
5182,1321,1330,1328,1324,3.09588870095e-08,3000,6000
5183,1321,1328,1320,1324,3.09588976677e-08,3000,6000
5184,3,1114,1113,1331,3.09588585878e-08,3000,6000
5185,186,1117,1114,1332,3.0958794639e-08,3000,6000
5186,185,1113,1117,1333,3.09588656933e-08,3000,6000
5187,221,1332,1331,1333,3.09588799041e-08,3000,6000
5188,1114,1113,1331,1333,3.09588550351e-08,3000,6000
5189,1114,1117,1113,1333,3.09588656933e-08,3000,6000
5190,1114,1331,1332,1333,3.09588550351e-08,3000,6000
5191,1114,1332,1117,1333,3.09588656933e-08,3000,6000
5192,40,1132,1131,1334,3.09588976677e-08,3000,6000
5193,189,1135,1132,1335,3.09588905623e-08,3000,6000
5194,186,1131,1135,1336,3.09589012204e-08,3000,6000
5195,222,1335,1334,1336,3.09588976677e-08,3000,6000
5196,1132,1131,1334,1336,3.09589047731e-08,3000,6000
5197,1132,1135,1131,1336,3.09589083258e-08,3000,6000
5198,1132,1334,1335,1336,3.09588905623e-08,3000,6000
5199,1132,1335,1135,1336,3.0958894115e-08,3000,6000
5200,36,1124,1126,1337,3.09588727987e-08,3000,6000
5201,185,1128,1124,1338,3.09588763514e-08,3000,6000
5202,189,1126,1128,1339,3.09588017444e-08,3000,6000
5203,223,1338,1337,1339,3.09589047731e-08,3000,6000
5204,1124,1126,1337,1339,3.09588727987e-08,3000,6000
5205,1124,1128,1126,1339,3.09588727987e-08,3000,6000
5206,1124,1337,1338,1339,3.09588763514e-08,3000,6000
5207,1124,1338,1128,1339,3.09588763514e-08,3000,6000
5208,45,1340,1341,1342,3.0958894115e-08,3000,6000
5209,222,1343,1340,1344,3.09589047731e-08,3000,6000
5210,221,1341,1343,1345,3.0958894115e-08,3000,6000
5211,223,1344,1342,1345,3.09589047731e-08,3000,6000
5212,1340,1341,1342,1345,3.0958894115e-08,3000,6000
5213,1340,1343,1341,1345,3.0958894115e-08,3000,6000
5214,1340,1342,1344,1345,3.09589047731e-08,3000,6000
5215,1340,1344,1343,1345,3.09589047731e-08,3000,6000
5216,186,1117,1332,1346,3.09588052971e-08,3000,6000
5217,185,1333,1117,1338,3.09588763514e-08,3000,6000
5218,221,1332,1333,1345,3.09588905623e-08,3000,6000
5219,223,1338,1346,1345,3.09589012204e-08,3000,6000
5220,1117,1332,1346,1345,3.09588052971e-08,3000,6000
5221,1117,1333,1332,1345,3.0958918984e-08,3000,6000
5222,1117,1346,1338,1345,3.09588585878e-08,3000,6000
5223,1117,1338,1333,1345,3.09589722747e-08,3000,6000
5224,186,1135,1117,1346,3.09588017444e-08,3000,6000
5225,189,1128,1135,1339,3.0958794639e-08,3000,6000
5226,185,1117,1128,1338,3.09588727987e-08,3000,6000
5227,223,1339,1346,1338,3.09588976677e-08,3000,6000
5228,1135,1117,1346,1338,3.09588550351e-08,3000,6000
5229,1135,1128,1117,1338,3.09587733227e-08,3000,6000
5230,1135,1346,1339,1338,3.09588976677e-08,3000,6000
5231,1135,1339,1128,1338,3.0958819508e-08,3000,6000
5232,186,1332,1336,1346,3.09589012204e-08,3000,6000
5233,221,1343,1332,1345,3.09588870095e-08,3000,6000
5234,222,1336,1343,1344,3.09589012204e-08,3000,6000
5235,223,1345,1346,1344,3.09589012204e-08,3000,6000
5236,1332,1336,1346,1344,3.09589012204e-08,3000,6000
5237,1332,1343,1336,1344,3.09589012204e-08,3000,6000
5238,1332,1346,1345,1344,3.09589012204e-08,3000,6000
5239,1332,1345,1343,1344,3.09589012204e-08,3000,6000
5240,186,1336,1135,1346,3.09588976677e-08,3000,6000
5241,222,1335,1336,1344,3.09588976677e-08,3000,6000
5242,189,1135,1335,1339,3.09588905623e-08,3000,6000
5243,223,1344,1346,1339,3.09588976677e-08,3000,6000
5244,1336,1135,1346,1339,3.09588976677e-08,3000,6000
5245,1336,1335,1135,1339,3.09588976677e-08,3000,6000
5246,1336,1346,1344,1339,3.09588976677e-08,3000,6000
5247,1336,1344,1335,1339,3.09588976677e-08,3000,6000
5248,5,1163,1162,1347,3.09588905623e-08,3000,6000
5249,197,1165,1163,1348,3.09588017444e-08,3000,6000
5250,196,1162,1165,1349,3.09587910863e-08,3000,6000
5251,224,1348,1347,1349,3.09588727987e-08,3000,6000
5252,1163,1162,1347,1349,3.09588870095e-08,3000,6000
5253,1163,1165,1162,1349,3.09587910863e-08,3000,6000
5254,1163,1347,1348,1349,3.09589012204e-08,3000,6000
5255,1163,1348,1165,1349,3.09588052971e-08,3000,6000
5256,38,1175,1174,1350,3.0958894115e-08,3000,6000
5257,199,1177,1175,1351,3.09589012204e-08,3000,6000
5258,197,1174,1177,1352,3.09588727987e-08,3000,6000
5259,225,1351,1350,1352,3.09587981917e-08,3000,6000
5260,1175,1174,1350,1352,3.09588408243e-08,3000,6000
5261,1175,1177,1174,1352,3.09588727987e-08,3000,6000
5262,1175,1350,1351,1352,3.09588266134e-08,3000,6000
5263,1175,1351,1177,1352,3.09588585878e-08,3000,6000
5264,40,1169,1168,1353,3.09588870095e-08,3000,6000
5265,196,1171,1169,1354,3.09588621406e-08,3000,6000
5266,199,1168,1171,1355,3.09589012204e-08,3000,6000
5267,226,1354,1353,1355,3.09588017444e-08,3000,6000
5268,1169,1168,1353,1355,3.0958894115e-08,3000,6000
5269,1169,1171,1168,1355,3.0958894115e-08,3000,6000
5270,1169,1353,1354,1355,3.0958794639e-08,3000,6000
5271,1169,1354,1171,1355,3.0958794639e-08,3000,6000
5272,46,1356,1357,1358,3.09588870095e-08,3000,6000
5273,225,1359,1356,1360,3.09588727987e-08,3000,6000
5274,224,1357,1359,1361,3.09588088498e-08,3000,6000
5275,226,1360,1358,1361,3.0958869246e-08,3000,6000
5276,1356,1357,1358,1361,3.09588621406e-08,3000,6000
5277,1356,1359,1357,1361,3.09588763514e-08,3000,6000
5278,1356,1358,1360,1361,3.09588621406e-08,3000,6000
5279,1356,1360,1359,1361,3.09588763514e-08,3000,6000
5280,197,1165,1348,1362,3.09588727987e-08,3000,6000
5281,196,1349,1165,1354,3.09588621406e-08,3000,6000
5282,224,1348,1349,1361,3.09588017444e-08,3000,6000
5283,226,1354,1362,1361,3.09589012204e-08,3000,6000
5284,1165,1348,1362,1361,3.09589260894e-08,3000,6000
5285,1165,1349,1348,1361,3.09588052971e-08,3000,6000
5286,1165,1362,1354,1361,3.09589722747e-08,3000,6000
5287,1165,1354,1349,1361,3.09588479297e-08,3000,6000
5288,197,1177,1165,1362,3.09588727987e-08,3000,6000
5289,199,1171,1177,1355,3.09589012204e-08,3000,6000
5290,196,1165,1171,1354,3.09588621406e-08,3000,6000
5291,226,1355,1362,1354,3.09588017444e-08,3000,6000
5292,1177,1165,1362,1354,3.09588763514e-08,3000,6000
5293,1177,1171,1165,1354,3.09588763514e-08,3000,6000
5294,1177,1362,1355,1354,3.09588052971e-08,3000,6000
5295,1177,1355,1171,1354,3.09588052971e-08,3000,6000
5296,197,1348,1352,1362,3.09588727987e-08,3000,6000
5297,224,1359,1348,1361,3.09588017444e-08,3000,6000
5298,225,1352,1359,1360,3.0958894115e-08,3000,6000
5299,226,1361,1362,1360,3.09589012204e-08,3000,6000
5300,1348,1352,1362,1360,3.09589012204e-08,3000,6000
5301,1348,1359,1352,1360,3.09589012204e-08,3000,6000
5302,1348,1362,1361,1360,3.09589012204e-08,3000,6000
5303,1348,1361,1359,1360,3.09589012204e-08,3000,6000
5304,197,1352,1177,1362,3.09588727987e-08,3000,6000
5305,225,1351,1352,1360,3.09587981917e-08,3000,6000
5306,199,1177,1351,1355,3.09589012204e-08,3000,6000
5307,226,1360,1362,1355,3.09588017444e-08,3000,6000
5308,1352,1177,1362,1355,3.09588052971e-08,3000,6000
5309,1352,1351,1177,1355,3.09588052971e-08,3000,6000
5310,1352,1362,1360,1355,3.09588017444e-08,3000,6000
5311,1352,1360,1351,1355,3.09588017444e-08,3000,6000
5312,12,1363,571,1364,3.09588870095e-08,3000,6000
5313,227,1365,1363,1366,3.09588621406e-08,3000,6000
5314,102,571,1365,1367,3.09588621406e-08,3000,6000
5315,228,1366,1364,1367,3.09587910863e-08,3000,6000
5316,1363,571,1364,1367,3.09588621406e-08,3000,6000
5317,1363,1365,571,1367,3.09588621406e-08,3000,6000
5318,1363,1364,1366,1367,3.09588621406e-08,3000,6000
5319,1363,1366,1365,1367,3.09588621406e-08,3000,6000
5320,45,1368,1369,1370,3.09588230607e-08,3000,6000
5321,229,1371,1368,1372,3.09588266134e-08,3000,6000
5322,227,1369,1371,1373,3.09588017444e-08,3000,6000
5323,230,1372,1370,1373,3.09588870095e-08,3000,6000
5324,1368,1369,1370,1373,3.09588266134e-08,3000,6000
5325,1368,1371,1369,1373,3.09588372716e-08,3000,6000
5326,1368,1370,1372,1373,3.09588124026e-08,3000,6000
5327,1368,1372,1371,1373,3.09588266134e-08,3000,6000
5328,22,578,1374,1375,3.09588301661e-08,3000,6000
5329,102,1376,578,1377,3.09588017444e-08,3000,6000
5330,229,1374,1376,1378,3.09588301661e-08,3000,6000
5331,231,1377,1375,1378,3.09589012204e-08,3000,6000
5332,578,1374,1375,1378,3.09588301661e-08,3000,6000
5333,578,1376,1374,1378,3.09588301661e-08,3000,6000
5334,578,1375,1377,1378,3.09588301661e-08,3000,6000
5335,578,1377,1376,1378,3.09588301661e-08,3000,6000
5336,46,1379,1380,1381,3.09588017444e-08,3000,6000
5337,230,1382,1379,1383,3.09588727987e-08,3000,6000
5338,228,1380,1382,1384,3.09589012204e-08,3000,6000
5339,231,1383,1381,1384,3.09588763514e-08,3000,6000
5340,1379,1380,1381,1384,3.09588727987e-08,3000,6000
5341,1379,1382,1380,1384,3.09588727987e-08,3000,6000
5342,1379,1381,1383,1384,3.09588727987e-08,3000,6000
5343,1379,1383,1382,1384,3.09588727987e-08,3000,6000
5344,227,1365,1366,1385,3.09588976677e-08,3000,6000
5345,102,1367,1365,1377,3.09588976677e-08,3000,6000
5346,228,1366,1367,1384,3.09588266134e-08,3000,6000
5347,231,1377,1385,1384,3.09588017444e-08,3000,6000
5348,1365,1366,1385,1384,3.09588550351e-08,3000,6000
5349,1365,1367,1366,1384,3.09589260894e-08,3000,6000
5350,1365,1385,1377,1384,3.09588017444e-08,3000,6000
5351,1365,1377,1367,1384,3.0958869246e-08,3000,6000
5352,227,1371,1365,1385,3.09587981917e-08,3000,6000
5353,229,1376,1371,1378,3.09588230607e-08,3000,6000
5354,102,1365,1376,1377,3.0958794639e-08,3000,6000
5355,231,1378,1385,1377,3.0958894115e-08,3000,6000
5356,1371,1365,1385,1377,3.09587981917e-08,3000,6000
5357,1371,1376,1365,1377,3.0958794639e-08,3000,6000
5358,1371,1385,1378,1377,3.09588266134e-08,3000,6000
5359,1371,1378,1376,1377,3.09588230607e-08,3000,6000
5360,227,1366,1373,1385,3.0958894115e-08,3000,6000
5361,228,1382,1366,1384,3.09588266134e-08,3000,6000
5362,230,1373,1382,1383,3.09587981917e-08,3000,6000
5363,231,1384,1385,1383,3.09588017444e-08,3000,6000
5364,1366,1373,1385,1383,3.0958894115e-08,3000,6000
5365,1366,1382,1373,1383,3.095876977e-08,3000,6000
5366,1366,1385,1384,1383,3.09588550351e-08,3000,6000
5367,1366,1384,1382,1383,3.09587306901e-08,3000,6000
5368,227,1373,1371,1385,3.0958794639e-08,3000,6000
5369,230,1372,1373,1383,3.09588905623e-08,3000,6000
5370,229,1371,1372,1378,3.09588230607e-08,3000,6000
5371,231,1383,1385,1378,3.0958894115e-08,3000,6000
5372,1373,1371,1385,1378,3.09588230607e-08,3000,6000
5373,1373,1372,1371,1378,3.09588230607e-08,3000,6000
5374,1373,1385,1383,1378,3.09588905623e-08,3000,6000
5375,1373,1383,1372,1378,3.09588905623e-08,3000,6000
5376,36,1095,1319,1386,3.09589154313e-08,3000,6000
5377,182,1320,1095,1387,3.09588479297e-08,3000,6000
5378,219,1319,1320,1388,3.09588976677e-08,3000,6000
5379,232,1387,1386,1388,3.09588479297e-08,3000,6000
5380,1095,1319,1386,1388,3.09589118785e-08,3000,6000
5381,1095,1320,1319,1388,3.09589118785e-08,3000,6000
5382,1095,1386,1387,1388,3.09588479297e-08,3000,6000
5383,1095,1387,1320,1388,3.09588479297e-08,3000,6000
5384,38,1322,1105,1350,3.0958894115e-08,3000,6000
5385,220,1324,1322,1389,3.0958844377e-08,3000,6000
5386,182,1105,1324,1390,3.09588408243e-08,3000,6000
5387,225,1389,1350,1390,3.09589118785e-08,3000,6000
5388,1322,1105,1350,1390,3.09589154313e-08,3000,6000
5389,1322,1324,1105,1390,3.09588408243e-08,3000,6000
5390,1322,1350,1389,1390,3.09589118785e-08,3000,6000
5391,1322,1389,1324,1390,3.09588408243e-08,3000,6000
5392,22,1325,1326,1375,3.09588337188e-08,3000,6000
5393,219,1328,1325,1391,3.09588372716e-08,3000,6000
5394,220,1326,1328,1392,3.09589012204e-08,3000,6000
5395,231,1391,1375,1392,3.09589047731e-08,3000,6000
5396,1325,1326,1375,1392,3.09588621406e-08,3000,6000
5397,1325,1328,1326,1392,3.09588870095e-08,3000,6000
5398,1325,1375,1391,1392,3.09588514824e-08,3000,6000
5399,1325,1391,1328,1392,3.09588799041e-08,3000,6000
5400,46,1356,1393,1381,3.0958819508e-08,3000,6000
5401,225,1394,1356,1395,3.09588479297e-08,3000,6000
5402,232,1393,1394,1396,3.0958819508e-08,3000,6000
5403,231,1395,1381,1396,3.09588479297e-08,3000,6000
5404,1356,1393,1381,1396,3.09588159553e-08,3000,6000
5405,1356,1394,1393,1396,3.09588124026e-08,3000,6000
5406,1356,1381,1395,1396,3.09588230607e-08,3000,6000
5407,1356,1395,1394,1396,3.0958819508e-08,3000,6000
5408,182,1320,1387,1397,3.09588976677e-08,3000,6000
5409,219,1388,1320,1391,3.09588550351e-08,3000,6000
5410,232,1387,1388,1396,3.09588976677e-08,3000,6000
5411,231,1391,1397,1396,3.0958918984e-08,3000,6000
5412,1320,1387,1397,1396,3.09588905623e-08,3000,6000
5413,1320,1388,1387,1396,3.09588976677e-08,3000,6000
5414,1320,1397,1391,1396,3.09589154313e-08,3000,6000
5415,1320,1391,1388,1396,3.09589260894e-08,3000,6000
5416,182,1324,1320,1397,3.09588976677e-08,3000,6000
5417,220,1328,1324,1392,3.09589012204e-08,3000,6000
5418,219,1320,1328,1391,3.09588408243e-08,3000,6000
5419,231,1392,1397,1391,3.09589083258e-08,3000,6000
5420,1324,1320,1397,1391,3.09589225367e-08,3000,6000
5421,1324,1328,1320,1391,3.09588408243e-08,3000,6000
5422,1324,1397,1392,1391,3.09589651692e-08,3000,6000
5423,1324,1392,1328,1391,3.09588799041e-08,3000,6000
5424,182,1387,1390,1397,3.09588266134e-08,3000,6000
5425,232,1394,1387,1396,3.09588230607e-08,3000,6000
5426,225,1390,1394,1395,3.09588976677e-08,3000,6000
5427,231,1396,1397,1395,3.09588479297e-08,3000,6000
5428,1387,1390,1397,1395,3.09588266134e-08,3000,6000
5429,1387,1394,1390,1395,3.09588266134e-08,3000,6000
5430,1387,1397,1396,1395,3.09588159553e-08,3000,6000
5431,1387,1396,1394,1395,3.09588124026e-08,3000,6000
5432,182,1390,1324,1397,3.09588230607e-08,3000,6000
5433,225,1389,1390,1395,3.09589012204e-08,3000,6000
5434,220,1324,1389,1392,3.09588337188e-08,3000,6000
5435,231,1395,1397,1392,3.09588372716e-08,3000,6000
5436,1390,1324,1397,1392,3.09588230607e-08,3000,6000
5437,1390,1389,1324,1392,3.09588301661e-08,3000,6000
5438,1390,1397,1395,1392,3.09588266134e-08,3000,6000
5439,1390,1395,1389,1392,3.09588301661e-08,3000,6000
5440,36,1126,1095,1386,3.09589012204e-08,3000,6000
5441,189,1206,1126,1398,3.09588230607e-08,3000,6000
5442,182,1095,1206,1387,3.09588337188e-08,3000,6000
5443,232,1398,1386,1387,3.09588337188e-08,3000,6000
5444,1126,1095,1386,1387,3.09588301661e-08,3000,6000
5445,1126,1206,1095,1387,3.09588372716e-08,3000,6000
5446,1126,1386,1398,1387,3.09588266134e-08,3000,6000
5447,1126,1398,1206,1387,3.09588337188e-08,3000,6000
5448,40,1168,1132,1353,3.09588905623e-08,3000,6000
5449,199,1209,1168,1355,3.09589047731e-08,3000,6000
5450,189,1132,1209,1399,3.09588727987e-08,3000,6000
5451,226,1355,1353,1399,3.0958943853e-08,3000,6000
5452,1168,1132,1353,1399,3.09589296421e-08,3000,6000
5453,1168,1209,1132,1399,3.09588763514e-08,3000,6000
5454,1168,1353,1355,1399,3.09589722747e-08,3000,6000
5455,1168,1355,1209,1399,3.0958918984e-08,3000,6000
5456,38,1105,1175,1350,3.0958894115e-08,3000,6000
5457,182,1208,1105,1390,3.09588727987e-08,3000,6000
5458,199,1175,1208,1351,3.09589012204e-08,3000,6000
5459,225,1390,1350,1351,3.09589403003e-08,3000,6000
5460,1105,1175,1350,1351,3.09588976677e-08,3000,6000
5461,1105,1208,1175,1351,3.09589012204e-08,3000,6000
5462,1105,1350,1390,1351,3.09589403003e-08,3000,6000
5463,1105,1390,1208,1351,3.0958943853e-08,3000,6000
5464,46,1358,1393,1356,3.0958819508e-08,3000,6000
5465,226,1400,1358,1360,3.0958869246e-08,3000,6000
5466,232,1393,1400,1394,3.09588266134e-08,3000,6000
5467,225,1360,1356,1394,3.09588727987e-08,3000,6000
5468,1358,1393,1356,1394,3.0958819508e-08,3000,6000
5469,1358,1400,1393,1394,3.09588266134e-08,3000,6000
5470,1358,1356,1360,1394,3.09588621406e-08,3000,6000
5471,1358,1360,1400,1394,3.0958869246e-08,3000,6000
5472,189,1206,1398,1401,3.0958819508e-08,3000,6000
5473,182,1387,1206,1390,3.09588337188e-08,3000,6000
5474,232,1398,1387,1394,3.09588301661e-08,3000,6000
5475,225,1390,1401,1394,3.09589047731e-08,3000,6000
5476,1206,1398,1401,1394,3.09588301661e-08,3000,6000
5477,1206,1387,1398,1394,3.09588301661e-08,3000,6000
5478,1206,1401,1390,1394,3.09588301661e-08,3000,6000
5479,1206,1390,1387,1394,3.09588301661e-08,3000,6000
5480,189,1209,1206,1401,3.09588621406e-08,3000,6000
5481,199,1208,1209,1351,3.09588976677e-08,3000,6000
5482,182,1206,1208,1390,3.09588727987e-08,3000,6000
5483,225,1351,1401,1390,3.09589367475e-08,3000,6000
5484,1209,1206,1401,1390,3.09588585878e-08,3000,6000
5485,1209,1208,1206,1390,3.09588656933e-08,3000,6000
5486,1209,1401,1351,1390,3.09589331948e-08,3000,6000
5487,1209,1351,1208,1390,3.09589403003e-08,3000,6000
5488,189,1398,1399,1401,3.0958819508e-08,3000,6000
5489,232,1400,1398,1394,3.09588337188e-08,3000,6000
5490,226,1399,1400,1360,3.09589012204e-08,3000,6000
5491,225,1394,1401,1360,3.09589047731e-08,3000,6000
5492,1398,1399,1401,1360,3.09588479297e-08,3000,6000
5493,1398,1400,1399,1360,3.09588408243e-08,3000,6000
5494,1398,1401,1394,1360,3.09588870095e-08,3000,6000
5495,1398,1394,1400,1360,3.09588763514e-08,3000,6000
5496,189,1399,1209,1401,3.09588621406e-08,3000,6000
5497,226,1355,1399,1360,3.0958943853e-08,3000,6000
5498,199,1209,1355,1351,3.09589047731e-08,3000,6000
5499,225,1360,1401,1351,3.09589367475e-08,3000,6000
5500,1399,1209,1401,1351,3.09589296421e-08,3000,6000
5501,1399,1355,1209,1351,3.0958943853e-08,3000,6000
5502,1399,1401,1360,1351,3.09589296421e-08,3000,6000
5503,1399,1360,1355,1351,3.0958943853e-08,3000,6000
5504,36,1319,1337,1386,3.09589331948e-08,3000,6000
5505,219,1402,1319,1388,3.09589047731e-08,3000,6000
5506,223,1337,1402,1403,3.0958894115e-08,3000,6000
5507,232,1388,1386,1403,3.0958869246e-08,3000,6000
5508,1319,1337,1386,1403,3.09589367475e-08,3000,6000
5509,1319,1402,1337,1403,3.0958894115e-08,3000,6000
5510,1319,1386,1388,1403,3.09589367475e-08,3000,6000
5511,1319,1388,1402,1403,3.0958894115e-08,3000,6000
5512,22,1374,1325,1375,3.09588301661e-08,3000,6000
5513,229,1404,1374,1378,3.09588230607e-08,3000,6000
5514,219,1325,1404,1391,3.09588337188e-08,3000,6000
5515,231,1378,1375,1391,3.09589012204e-08,3000,6000
5516,1374,1325,1375,1391,3.09588301661e-08,3000,6000
5517,1374,1404,1325,1391,3.09588337188e-08,3000,6000
5518,1374,1375,1378,1391,3.09588301661e-08,3000,6000
5519,1374,1378,1404,1391,3.09588337188e-08,3000,6000
5520,45,1342,1368,1370,3.09588124026e-08,3000,6000
5521,223,1405,1342,1406,3.09588266134e-08,3000,6000
5522,229,1368,1405,1372,3.09588337188e-08,3000,6000
5523,230,1406,1370,1372,3.09588976677e-08,3000,6000
5524,1342,1368,1370,1372,3.09588124026e-08,3000,6000
5525,1342,1405,1368,1372,3.0958819508e-08,3000,6000
5526,1342,1370,1406,1372,3.09588266134e-08,3000,6000
5527,1342,1406,1405,1372,3.09588337188e-08,3000,6000
5528,46,1381,1393,1379,3.09588301661e-08,3000,6000
5529,231,1396,1381,1383,3.09588763514e-08,3000,6000
5530,232,1393,1396,1407,3.09588337188e-08,3000,6000
5531,230,1383,1379,1407,3.09588621406e-08,3000,6000
5532,1381,1393,1379,1407,3.09588337188e-08,3000,6000
5533,1381,1396,1393,1407,3.09588408243e-08,3000,6000
5534,1381,1379,1383,1407,3.09588621406e-08,3000,6000
5535,1381,1383,1396,1407,3.0958869246e-08,3000,6000
5536,219,1402,1388,1408,3.09588763514e-08,3000,6000
5537,223,1403,1402,1406,3.09588585878e-08,3000,6000
5538,232,1388,1403,1407,3.09588976677e-08,3000,6000
5539,230,1406,1408,1407,3.09589260894e-08,3000,6000
5540,1402,1388,1408,1407,3.09589047731e-08,3000,6000
5541,1402,1403,1388,1407,3.09588870095e-08,3000,6000
5542,1402,1408,1406,1407,3.09589047731e-08,3000,6000
5543,1402,1406,1403,1407,3.09588870095e-08,3000,6000
5544,219,1404,1402,1408,3.09588337188e-08,3000,6000
5545,229,1405,1404,1372,3.09588230607e-08,3000,6000
5546,223,1402,1405,1406,3.09588124026e-08,3000,6000
5547,230,1372,1408,1406,3.09588834568e-08,3000,6000
5548,1404,1402,1408,1406,3.0958819508e-08,3000,6000
5549,1404,1405,1402,1406,3.0958819508e-08,3000,6000
5550,1404,1408,1372,1406,3.09588124026e-08,3000,6000
5551,1404,1372,1405,1406,3.09588124026e-08,3000,6000
5552,219,1388,1391,1408,3.09588763514e-08,3000,6000
5553,232,1396,1388,1407,3.09589047731e-08,3000,6000
5554,231,1391,1396,1383,3.09589474057e-08,3000,6000
5555,230,1407,1408,1383,3.09589367475e-08,3000,6000
5556,1388,1391,1408,1383,3.09589474057e-08,3000,6000
5557,1388,1396,1391,1383,3.09589474057e-08,3000,6000
5558,1388,1408,1407,1383,3.09589474057e-08,3000,6000
5559,1388,1407,1396,1383,3.09589474057e-08,3000,6000
5560,219,1391,1404,1408,3.09588337188e-08,3000,6000
5561,231,1378,1391,1383,3.09589012204e-08,3000,6000
5562,229,1404,1378,1372,3.09588230607e-08,3000,6000
5563,230,1383,1408,1372,3.09588905623e-08,3000,6000
5564,1391,1404,1408,1372,3.09588266134e-08,3000,6000
5565,1391,1378,1404,1372,3.09588372716e-08,3000,6000
5566,1391,1408,1383,1372,3.09588905623e-08,3000,6000
5567,1391,1383,1378,1372,3.09589012204e-08,3000,6000
5568,36,1337,1126,1386,3.09589154313e-08,3000,6000
5569,223,1339,1337,1403,3.09589047731e-08,3000,6000
5570,189,1126,1339,1398,3.09588372716e-08,3000,6000
5571,232,1403,1386,1398,3.09588550351e-08,3000,6000
5572,1337,1126,1386,1398,3.0958869246e-08,3000,6000
5573,1337,1339,1126,1398,3.09588656933e-08,3000,6000
5574,1337,1386,1403,1398,3.09589083258e-08,3000,6000
5575,1337,1403,1339,1398,3.09589012204e-08,3000,6000
5576,45,1340,1342,1370,3.09588514824e-08,3000,6000
5577,222,1344,1340,1409,3.09589012204e-08,3000,6000
5578,223,1342,1344,1406,3.09588656933e-08,3000,6000
5579,230,1409,1370,1406,3.09589367475e-08,3000,6000
5580,1340,1342,1370,1406,3.09588656933e-08,3000,6000
5581,1340,1344,1342,1406,3.09588656933e-08,3000,6000
5582,1340,1370,1409,1406,3.09589367475e-08,3000,6000
5583,1340,1409,1344,1406,3.09589367475e-08,3000,6000
5584,40,1132,1334,1353,3.09588905623e-08,3000,6000
5585,189,1335,1132,1399,3.09588585878e-08,3000,6000
5586,222,1334,1335,1410,3.09588621406e-08,3000,6000
5587,226,1399,1353,1410,3.09589367475e-08,3000,6000
5588,1132,1334,1353,1410,3.09589331948e-08,3000,6000
5589,1132,1335,1334,1410,3.09588550351e-08,3000,6000
5590,1132,1353,1399,1410,3.09589367475e-08,3000,6000
5591,1132,1399,1335,1410,3.09588621406e-08,3000,6000
5592,46,1379,1393,1358,3.09588301661e-08,3000,6000
5593,230,1407,1379,1411,3.09588408243e-08,3000,6000
5594,232,1393,1407,1400,3.09588372716e-08,3000,6000
5595,226,1411,1358,1400,3.09588656933e-08,3000,6000
5596,1379,1393,1358,1400,3.09588372716e-08,3000,6000
5597,1379,1407,1393,1400,3.09588372716e-08,3000,6000
5598,1379,1358,1411,1400,3.09588372716e-08,3000,6000
5599,1379,1411,1407,1400,3.09588372716e-08,3000,6000
5600,223,1339,1403,1412,3.09589118785e-08,3000,6000
5601,189,1398,1339,1399,3.09588301661e-08,3000,6000
5602,232,1403,1398,1400,3.09588479297e-08,3000,6000
5603,226,1399,1412,1400,3.09588834568e-08,3000,6000
5604,1339,1403,1412,1400,3.0958894115e-08,3000,6000
5605,1339,1398,1403,1400,3.09588479297e-08,3000,6000
5606,1339,1412,1399,1400,3.09588834568e-08,3000,6000
5607,1339,1399,1398,1400,3.09588372716e-08,3000,6000
5608,223,1344,1339,1412,3.09588976677e-08,3000,6000
5609,222,1335,1344,1410,3.09588621406e-08,3000,6000
5610,189,1339,1335,1399,3.09588585878e-08,3000,6000
5611,226,1410,1412,1399,3.09588585878e-08,3000,6000
5612,1344,1339,1412,1399,3.09588585878e-08,3000,6000
5613,1344,1335,1339,1399,3.09588621406e-08,3000,6000
5614,1344,1412,1410,1399,3.09588585878e-08,3000,6000
5615,1344,1410,1335,1399,3.09588621406e-08,3000,6000
5616,223,1403,1406,1412,3.09588799041e-08,3000,6000
5617,232,1407,1403,1400,3.0958869246e-08,3000,6000
5618,230,1406,1407,1411,3.09588727987e-08,3000,6000
5619,226,1400,1412,1411,3.09588621406e-08,3000,6000
5620,1403,1406,1412,1411,3.09588763514e-08,3000,6000
5621,1403,1407,1406,1411,3.09588727987e-08,3000,6000
5622,1403,1412,1400,1411,3.09588727987e-08,3000,6000
5623,1403,1400,1407,1411,3.0958869246e-08,3000,6000
5624,223,1406,1344,1412,3.09588656933e-08,3000,6000
5625,230,1409,1406,1411,3.09589083258e-08,3000,6000
5626,222,1344,1409,1410,3.09588727987e-08,3000,6000
5627,226,1411,1412,1410,3.09588372716e-08,3000,6000
5628,1406,1344,1412,1410,3.09588052971e-08,3000,6000
5629,1406,1409,1344,1410,3.09589012204e-08,3000,6000
5630,1406,1412,1411,1410,3.09588372716e-08,3000,6000
5631,1406,1411,1409,1410,3.09589296421e-08,3000,6000
5632,0,1087,639,1217,3.0958869246e-08,3000,6000
5633,178,1413,1087,1218,3.0958869246e-08,3000,6000
5634,112,639,1413,1414,3.0958894115e-08,3000,6000
5635,203,1218,1217,1414,3.09587981917e-08,3000,6000
5636,1087,639,1217,1414,3.0958869246e-08,3000,6000
5637,1087,1413,639,1414,3.0958869246e-08,3000,6000
5638,1087,1217,1218,1414,3.0958869246e-08,3000,6000
5639,1087,1218,1413,1414,3.09588727987e-08,3000,6000
5640,36,1415,1094,1220,3.09588621406e-08,3000,6000
5641,233,1416,1415,1417,3.09588976677e-08,3000,6000
5642,178,1094,1416,1221,3.09588763514e-08,3000,6000
5643,204,1417,1220,1221,3.0958794639e-08,3000,6000
5644,1415,1094,1220,1221,3.09588621406e-08,3000,6000
5645,1415,1416,1094,1221,3.09588727987e-08,3000,6000
5646,1415,1220,1417,1221,3.09588621406e-08,3000,6000
5647,1415,1417,1416,1221,3.09588727987e-08,3000,6000
5648,25,649,1418,1419,3.09588870095e-08,3000,6000
5649,112,1420,649,1421,3.09589012204e-08,3000,6000
5650,233,1418,1420,1422,3.09588905623e-08,3000,6000
5651,234,1421,1419,1422,3.09589012204e-08,3000,6000
5652,649,1418,1419,1422,3.09588870095e-08,3000,6000
5653,649,1420,1418,1422,3.09588870095e-08,3000,6000
5654,649,1419,1421,1422,3.09589012204e-08,3000,6000
5655,649,1421,1420,1422,3.09589012204e-08,3000,6000
5656,42,1224,1223,1423,3.0958894115e-08,3000,6000
5657,204,1226,1224,1424,3.0958894115e-08,3000,6000
5658,203,1223,1226,1425,3.09588976677e-08,3000,6000
5659,234,1424,1423,1425,3.09588976677e-08,3000,6000
5660,1224,1223,1423,1425,3.0958894115e-08,3000,6000
5661,1224,1226,1223,1425,3.0958894115e-08,3000,6000
5662,1224,1423,1424,1425,3.09588976677e-08,3000,6000
5663,1224,1424,1226,1425,3.09588976677e-08,3000,6000
5664,178,1413,1218,1426,3.09589225367e-08,3000,6000
5665,112,1414,1413,1421,3.0958894115e-08,3000,6000
5666,203,1218,1414,1425,3.09588514824e-08,3000,6000
5667,234,1421,1426,1425,3.09588550351e-08,3000,6000
5668,1413,1218,1426,1425,3.09588834568e-08,3000,6000
5669,1413,1414,1218,1425,3.0958869246e-08,3000,6000
5670,1413,1426,1421,1425,3.09589083258e-08,3000,6000
5671,1413,1421,1414,1425,3.0958894115e-08,3000,6000
5672,178,1416,1413,1426,3.09589403003e-08,3000,6000
5673,233,1420,1416,1422,3.09588976677e-08,3000,6000
5674,112,1413,1420,1421,3.0958894115e-08,3000,6000
5675,234,1422,1426,1421,3.0958869246e-08,3000,6000
5676,1416,1413,1426,1421,3.09589403003e-08,3000,6000
5677,1416,1420,1413,1421,3.0958894115e-08,3000,6000
5678,1416,1426,1422,1421,3.09589403003e-08,3000,6000
5679,1416,1422,1420,1421,3.09588976677e-08,3000,6000
5680,178,1218,1221,1426,3.09588976677e-08,3000,6000
5681,203,1226,1218,1425,3.09588266134e-08,3000,6000
5682,204,1221,1226,1424,3.09588266134e-08,3000,6000
5683,234,1425,1426,1424,3.09588266134e-08,3000,6000
5684,1218,1221,1426,1424,3.09588266134e-08,3000,6000
5685,1218,1226,1221,1424,3.09588266134e-08,3000,6000
5686,1218,1426,1425,1424,3.09588301661e-08,3000,6000
5687,1218,1425,1226,1424,3.09588301661e-08,3000,6000
5688,178,1221,1416,1426,3.09589154313e-08,3000,6000
5689,204,1417,1221,1424,3.0958844377e-08,3000,6000
5690,233,1416,1417,1422,3.09588976677e-08,3000,6000
5691,234,1424,1426,1422,3.0958844377e-08,3000,6000
5692,1221,1416,1426,1422,3.09589118785e-08,3000,6000
5693,1221,1417,1416,1422,3.09589154313e-08,3000,6000
5694,1221,1426,1424,1422,3.09588408243e-08,3000,6000
5695,1221,1424,1417,1422,3.0958844377e-08,3000,6000
5696,3,1427,1113,1233,3.09588585878e-08,3000,6000
5697,235,1428,1427,1429,3.09588799041e-08,3000,6000
5698,185,1113,1428,1234,3.09588656933e-08,3000,6000
5699,206,1429,1233,1234,3.0958794639e-08,3000,6000
5700,1427,1113,1233,1234,3.09588585878e-08,3000,6000
5701,1427,1428,1113,1234,3.09588585878e-08,3000,6000
5702,1427,1233,1429,1234,3.09588621406e-08,3000,6000
5703,1427,1429,1428,1234,3.09588621406e-08,3000,6000
5704,47,1430,1431,1432,3.0958894115e-08,3000,6000
5705,236,1433,1430,1434,3.09589047731e-08,3000,6000
5706,235,1431,1433,1435,3.0958894115e-08,3000,6000
5707,237,1434,1432,1435,3.09589047731e-08,3000,6000
5708,1430,1431,1432,1435,3.0958894115e-08,3000,6000
5709,1430,1433,1431,1435,3.0958894115e-08,3000,6000
5710,1430,1432,1434,1435,3.09589047731e-08,3000,6000
5711,1430,1434,1433,1435,3.09589047731e-08,3000,6000
5712,36,1124,1436,1242,3.09588727987e-08,3000,6000
5713,185,1437,1124,1243,3.09588763514e-08,3000,6000
5714,236,1436,1437,1438,3.09589047731e-08,3000,6000
5715,207,1243,1242,1438,3.09588017444e-08,3000,6000
5716,1124,1436,1242,1438,3.09588727987e-08,3000,6000
5717,1124,1437,1436,1438,3.09588763514e-08,3000,6000
5718,1124,1242,1243,1438,3.09588727987e-08,3000,6000
5719,1124,1243,1437,1438,3.09588763514e-08,3000,6000
5720,43,1439,1237,1236,3.09588976677e-08,3000,6000
5721,237,1440,1439,1441,3.09588976677e-08,3000,6000
5722,206,1237,1440,1239,3.09589012204e-08,3000,6000
5723,207,1441,1236,1239,3.09588905623e-08,3000,6000
5724,1439,1237,1236,1239,3.09589012204e-08,3000,6000
5725,1439,1440,1237,1239,3.09589083258e-08,3000,6000
5726,1439,1236,1441,1239,3.09588905623e-08,3000,6000
5727,1439,1441,1440,1239,3.09588976677e-08,3000,6000
5728,235,1428,1429,1442,3.09588834568e-08,3000,6000
5729,185,1234,1428,1243,3.09588656933e-08,3000,6000
5730,206,1429,1234,1239,3.0958794639e-08,3000,6000
5731,207,1243,1442,1239,3.0958794639e-08,3000,6000
5732,1428,1429,1442,1239,3.0958894115e-08,3000,6000
5733,1428,1234,1429,1239,3.09588230607e-08,3000,6000
5734,1428,1442,1243,1239,3.09588408243e-08,3000,6000
5735,1428,1243,1234,1239,3.095876977e-08,3000,6000
5736,235,1433,1428,1442,3.09588976677e-08,3000,6000
5737,236,1437,1433,1438,3.09589047731e-08,3000,6000
5738,185,1428,1437,1243,3.09588763514e-08,3000,6000
5739,207,1438,1442,1243,3.09588052971e-08,3000,6000
5740,1433,1428,1442,1243,3.09588514824e-08,3000,6000
5741,1433,1437,1428,1243,3.09589758274e-08,3000,6000
5742,1433,1442,1438,1243,3.09588088498e-08,3000,6000
5743,1433,1438,1437,1243,3.09589331948e-08,3000,6000
5744,235,1429,1435,1442,3.09588870095e-08,3000,6000
5745,206,1440,1429,1239,3.0958894115e-08,3000,6000
5746,237,1435,1440,1441,3.0958894115e-08,3000,6000
5747,207,1239,1442,1441,3.09588905623e-08,3000,6000
5748,1429,1435,1442,1441,3.0958894115e-08,3000,6000
5749,1429,1440,1435,1441,3.0958894115e-08,3000,6000
5750,1429,1442,1239,1441,3.0958894115e-08,3000,6000
5751,1429,1239,1440,1441,3.0958894115e-08,3000,6000
5752,235,1435,1433,1442,3.09589012204e-08,3000,6000
5753,237,1434,1435,1441,3.09589047731e-08,3000,6000
5754,236,1433,1434,1438,3.09589047731e-08,3000,6000
5755,207,1441,1442,1438,3.09589012204e-08,3000,6000
5756,1435,1433,1442,1438,3.09589047731e-08,3000,6000
5757,1435,1434,1433,1438,3.09589047731e-08,3000,6000
5758,1435,1442,1441,1438,3.09589047731e-08,3000,6000
5759,1435,1441,1434,1438,3.09589047731e-08,3000,6000
5760,11,688,1443,1444,3.09588870095e-08,3000,6000
5761,122,1445,688,1446,3.09588621406e-08,3000,6000
5762,238,1443,1445,1447,3.09588621406e-08,3000,6000
5763,239,1446,1444,1447,3.09587910863e-08,3000,6000
5764,688,1443,1444,1447,3.09588621406e-08,3000,6000
5765,688,1445,1443,1447,3.09588621406e-08,3000,6000
5766,688,1444,1446,1447,3.09588621406e-08,3000,6000
5767,688,1446,1445,1447,3.09588621406e-08,3000,6000
5768,25,1448,699,1449,3.09589012204e-08,3000,6000
5769,240,1450,1448,1451,3.09589012204e-08,3000,6000
5770,122,699,1450,1452,3.09588017444e-08,3000,6000
5771,241,1451,1449,1452,3.09588727987e-08,3000,6000
5772,1448,699,1449,1452,3.09588479297e-08,3000,6000
5773,1448,1450,699,1452,3.09588301661e-08,3000,6000
5774,1448,1449,1451,1452,3.09588763514e-08,3000,6000
5775,1448,1451,1450,1452,3.09588585878e-08,3000,6000
5776,47,1453,1454,1455,3.0958894115e-08,3000,6000
5777,238,1456,1453,1457,3.09588017444e-08,3000,6000
5778,240,1454,1456,1458,3.09588976677e-08,3000,6000
5779,242,1457,1455,1458,3.09588621406e-08,3000,6000
5780,1453,1454,1455,1458,3.0958894115e-08,3000,6000
5781,1453,1456,1454,1458,3.09589012204e-08,3000,6000
5782,1453,1455,1457,1458,3.09587910863e-08,3000,6000
5783,1453,1457,1456,1458,3.09588017444e-08,3000,6000
5784,48,1459,1460,1461,3.09589012204e-08,3000,6000
5785,241,1462,1459,1463,3.09588052971e-08,3000,6000
5786,239,1460,1462,1464,3.09588763514e-08,3000,6000
5787,242,1463,1461,1464,3.09588017444e-08,3000,6000
5788,1459,1460,1461,1464,3.09588976677e-08,3000,6000
5789,1459,1462,1460,1464,3.09589012204e-08,3000,6000
5790,1459,1461,1463,1464,3.09588017444e-08,3000,6000
5791,1459,1463,1462,1464,3.09588052971e-08,3000,6000
5792,122,1445,1446,1465,3.09588870095e-08,3000,6000
5793,238,1447,1445,1457,3.09588870095e-08,3000,6000
5794,239,1446,1447,1464,3.09587910863e-08,3000,6000
5795,242,1457,1465,1464,3.09588621406e-08,3000,6000
5796,1445,1446,1465,1464,3.09588905623e-08,3000,6000
5797,1445,1447,1446,1464,3.09588905623e-08,3000,6000
5798,1445,1465,1457,1464,3.09588870095e-08,3000,6000
5799,1445,1457,1447,1464,3.09588870095e-08,3000,6000
5800,122,1450,1445,1465,3.09587910863e-08,3000,6000
5801,240,1456,1450,1458,3.09588870095e-08,3000,6000
5802,238,1445,1456,1457,3.09587910863e-08,3000,6000
5803,242,1458,1465,1457,3.09588621406e-08,3000,6000
5804,1450,1445,1465,1457,3.09587910863e-08,3000,6000
5805,1450,1456,1445,1457,3.09587910863e-08,3000,6000
5806,1450,1465,1458,1457,3.09587910863e-08,3000,6000
5807,1450,1458,1456,1457,3.09587910863e-08,3000,6000
5808,122,1446,1452,1465,3.09589012204e-08,3000,6000
5809,239,1462,1446,1464,3.09588052971e-08,3000,6000
5810,241,1452,1462,1463,3.09588763514e-08,3000,6000
5811,242,1464,1465,1463,3.09588727987e-08,3000,6000
5812,1446,1452,1465,1463,3.09589722747e-08,3000,6000
5813,1446,1462,1452,1463,3.09588585878e-08,3000,6000
5814,1446,1465,1464,1463,3.0958918984e-08,3000,6000
5815,1446,1464,1462,1463,3.09588052971e-08,3000,6000
5816,122,1452,1450,1465,3.09588052971e-08,3000,6000
5817,241,1451,1452,1463,3.09588763514e-08,3000,6000
5818,240,1450,1451,1458,3.09589012204e-08,3000,6000
5819,242,1463,1465,1458,3.09588727987e-08,3000,6000
5820,1452,1450,1465,1458,3.09588052971e-08,3000,6000
5821,1452,1451,1450,1458,3.09588052971e-08,3000,6000
5822,1452,1465,1463,1458,3.09588727987e-08,3000,6000
5823,1452,1463,1451,1458,3.09588727987e-08,3000,6000
5824,7,1250,1249,1466,3.09588905623e-08,3000,6000
5825,210,1252,1250,1467,3.09588905623e-08,3000,6000
5826,209,1249,1252,1468,3.09589012204e-08,3000,6000
5827,243,1467,1466,1468,3.09589012204e-08,3000,6000
5828,1250,1249,1466,1468,3.09588905623e-08,3000,6000
5829,1250,1252,1249,1468,3.0958894115e-08,3000,6000
5830,1250,1466,1467,1468,3.09588976677e-08,3000,6000
5831,1250,1467,1252,1468,3.09588976677e-08,3000,6000
5832,43,1262,1261,1469,3.09588870095e-08,3000,6000
5833,212,1264,1262,1470,3.09589012204e-08,3000,6000
5834,210,1261,1264,1471,3.09588905623e-08,3000,6000
5835,244,1470,1469,1471,3.09588976677e-08,3000,6000
5836,1262,1261,1469,1471,3.09588870095e-08,3000,6000
5837,1262,1264,1261,1471,3.09588905623e-08,3000,6000
5838,1262,1469,1470,1471,3.09588976677e-08,3000,6000
5839,1262,1470,1264,1471,3.09589012204e-08,3000,6000
5840,42,1256,1255,1472,3.0958894115e-08,3000,6000
5841,209,1258,1256,1473,3.09589012204e-08,3000,6000
5842,212,1255,1258,1474,3.09589012204e-08,3000,6000
5843,245,1473,1472,1474,3.0958894115e-08,3000,6000
5844,1256,1255,1472,1474,3.0958894115e-08,3000,6000
5845,1256,1258,1255,1474,3.09589012204e-08,3000,6000
5846,1256,1472,1473,1474,3.0958894115e-08,3000,6000
5847,1256,1473,1258,1474,3.09589012204e-08,3000,6000
5848,48,1475,1476,1477,3.09587910863e-08,3000,6000
5849,244,1478,1475,1479,3.09588976677e-08,3000,6000
5850,243,1476,1478,1480,3.09588763514e-08,3000,6000
5851,245,1479,1477,1480,3.09588976677e-08,3000,6000
5852,1475,1476,1477,1480,3.09587981917e-08,3000,6000
5853,1475,1478,1476,1480,3.09588017444e-08,3000,6000
5854,1475,1477,1479,1480,3.09588905623e-08,3000,6000
5855,1475,1479,1478,1480,3.09588976677e-08,3000,6000
5856,210,1252,1467,1481,3.0958894115e-08,3000,6000
5857,209,1468,1252,1473,3.09589012204e-08,3000,6000
5858,243,1467,1468,1480,3.09589012204e-08,3000,6000
5859,245,1473,1481,1480,3.09588976677e-08,3000,6000
5860,1252,1467,1481,1480,3.09589012204e-08,3000,6000
5861,1252,1468,1467,1480,3.09589012204e-08,3000,6000
5862,1252,1481,1473,1480,3.09589012204e-08,3000,6000
5863,1252,1473,1468,1480,3.09589012204e-08,3000,6000
5864,210,1264,1252,1481,3.0958894115e-08,3000,6000
5865,212,1258,1264,1474,3.09589012204e-08,3000,6000
5866,209,1252,1258,1473,3.09589012204e-08,3000,6000
5867,245,1474,1481,1473,3.09588976677e-08,3000,6000
5868,1264,1252,1481,1473,3.09589012204e-08,3000,6000
5869,1264,1258,1252,1473,3.09589012204e-08,3000,6000
5870,1264,1481,1474,1473,3.09589012204e-08,3000,6000
5871,1264,1474,1258,1473,3.09589012204e-08,3000,6000
5872,210,1467,1471,1481,3.09588976677e-08,3000,6000
5873,243,1478,1467,1480,3.09589012204e-08,3000,6000
5874,244,1471,1478,1479,3.09589012204e-08,3000,6000
5875,245,1480,1481,1479,3.09588976677e-08,3000,6000
5876,1467,1471,1481,1479,3.09589012204e-08,3000,6000
5877,1467,1478,1471,1479,3.09589012204e-08,3000,6000
5878,1467,1481,1480,1479,3.09589012204e-08,3000,6000
5879,1467,1480,1478,1479,3.09589012204e-08,3000,6000
5880,210,1471,1264,1481,3.09588976677e-08,3000,6000
5881,244,1470,1471,1479,3.09589012204e-08,3000,6000
5882,212,1264,1470,1474,3.09589012204e-08,3000,6000
5883,245,1479,1481,1474,3.09588976677e-08,3000,6000
5884,1471,1264,1481,1474,3.09589012204e-08,3000,6000
5885,1471,1470,1264,1474,3.09589012204e-08,3000,6000
5886,1471,1481,1479,1474,3.09589012204e-08,3000,6000
5887,1471,1479,1470,1474,3.09589012204e-08,3000,6000
5888,36,1415,1220,1482,3.09589154313e-08,3000,6000
5889,233,1417,1415,1483,3.09588976677e-08,3000,6000
5890,204,1220,1417,1484,3.09588479297e-08,3000,6000
5891,246,1483,1482,1484,3.09588479297e-08,3000,6000
5892,1415,1220,1482,1484,3.09588621406e-08,3000,6000
5893,1415,1417,1220,1484,3.09588656933e-08,3000,6000
5894,1415,1482,1483,1484,3.0958894115e-08,3000,6000
5895,1415,1483,1417,1484,3.09588976677e-08,3000,6000
5896,25,1419,1418,1449,3.09588870095e-08,3000,6000
5897,234,1422,1419,1485,3.09589012204e-08,3000,6000
5898,233,1418,1422,1486,3.09588905623e-08,3000,6000
5899,241,1485,1449,1486,3.09588905623e-08,3000,6000
5900,1419,1418,1449,1486,3.09588905623e-08,3000,6000
5901,1419,1422,1418,1486,3.09588905623e-08,3000,6000
5902,1419,1449,1485,1486,3.09588905623e-08,3000,6000
5903,1419,1485,1422,1486,3.09588905623e-08,3000,6000
5904,42,1224,1423,1472,3.0958894115e-08,3000,6000
5905,204,1424,1224,1487,3.0958894115e-08,3000,6000
5906,234,1423,1424,1488,3.09588976677e-08,3000,6000
5907,245,1487,1472,1488,3.09588976677e-08,3000,6000
5908,1224,1423,1472,1488,3.0958894115e-08,3000,6000
5909,1224,1424,1423,1488,3.0958894115e-08,3000,6000
5910,1224,1472,1487,1488,3.09588976677e-08,3000,6000
5911,1224,1487,1424,1488,3.09588976677e-08,3000,6000
5912,48,1459,1489,1477,3.09589047731e-08,3000,6000
5913,241,1490,1459,1491,3.09588372716e-08,3000,6000
5914,246,1489,1490,1492,3.09588372716e-08,3000,6000
5915,245,1491,1477,1492,3.09589012204e-08,3000,6000
5916,1459,1489,1477,1492,3.09589047731e-08,3000,6000
5917,1459,1490,1489,1492,3.09588337188e-08,3000,6000
5918,1459,1477,1491,1492,3.09589047731e-08,3000,6000
5919,1459,1491,1490,1492,3.09588337188e-08,3000,6000
5920,233,1417,1483,1493,3.09589012204e-08,3000,6000
5921,204,1484,1417,1487,3.09589012204e-08,3000,6000
5922,246,1483,1484,1492,3.09589012204e-08,3000,6000
5923,245,1487,1493,1492,3.09588976677e-08,3000,6000
5924,1417,1483,1493,1492,3.09589012204e-08,3000,6000
5925,1417,1484,1483,1492,3.09589012204e-08,3000,6000
5926,1417,1493,1487,1492,3.09589012204e-08,3000,6000
5927,1417,1487,1484,1492,3.09589012204e-08,3000,6000
5928,233,1422,1417,1493,3.0958894115e-08,3000,6000
5929,234,1424,1422,1488,3.09588976677e-08,3000,6000
5930,204,1417,1424,1487,3.0958894115e-08,3000,6000
5931,245,1488,1493,1487,3.09588976677e-08,3000,6000
5932,1422,1417,1493,1487,3.0958894115e-08,3000,6000
5933,1422,1424,1417,1487,3.0958894115e-08,3000,6000
5934,1422,1493,1488,1487,3.0958894115e-08,3000,6000
5935,1422,1488,1424,1487,3.0958894115e-08,3000,6000
5936,233,1483,1486,1493,3.0958894115e-08,3000,6000
5937,246,1490,1483,1492,3.0958894115e-08,3000,6000
5938,241,1486,1490,1491,3.09588905623e-08,3000,6000
5939,245,1492,1493,1491,3.09589012204e-08,3000,6000
5940,1483,1486,1493,1491,3.09589012204e-08,3000,6000
5941,1483,1490,1486,1491,3.09588799041e-08,3000,6000
5942,1483,1493,1492,1491,3.09589012204e-08,3000,6000
5943,1483,1492,1490,1491,3.09588834568e-08,3000,6000
5944,233,1486,1422,1493,3.09588870095e-08,3000,6000
5945,241,1485,1486,1491,3.09588870095e-08,3000,6000
5946,234,1422,1485,1488,3.09589012204e-08,3000,6000
5947,245,1491,1493,1488,3.09589012204e-08,3000,6000
5948,1486,1422,1493,1488,3.09588870095e-08,3000,6000
5949,1486,1485,1422,1488,3.09588905623e-08,3000,6000
5950,1486,1493,1491,1488,3.0958894115e-08,3000,6000
5951,1486,1491,1485,1488,3.09588976677e-08,3000,6000
5952,36,1436,1415,1482,3.09589331948e-08,3000,6000
5953,236,1494,1436,1495,3.0958894115e-08,3000,6000
5954,233,1415,1494,1483,3.09589047731e-08,3000,6000
5955,246,1495,1482,1483,3.0958869246e-08,3000,6000
5956,1436,1415,1482,1483,3.09589367475e-08,3000,6000
5957,1436,1494,1415,1483,3.0958894115e-08,3000,6000
5958,1436,1482,1495,1483,3.09589367475e-08,3000,6000
5959,1436,1495,1494,1483,3.0958894115e-08,3000,6000
5960,47,1454,1430,1455,3.09588834568e-08,3000,6000
5961,240,1496,1454,1458,3.09589047731e-08,3000,6000
5962,236,1430,1496,1497,3.09588976677e-08,3000,6000
5963,242,1458,1455,1497,3.09588976677e-08,3000,6000
5964,1454,1430,1455,1497,3.09588976677e-08,3000,6000
5965,1454,1496,1430,1497,3.09588976677e-08,3000,6000
5966,1454,1455,1458,1497,3.0958894115e-08,3000,6000
5967,1454,1458,1496,1497,3.0958894115e-08,3000,6000
5968,25,1418,1448,1449,3.09589012204e-08,3000,6000
5969,233,1498,1418,1486,3.09589047731e-08,3000,6000
5970,240,1448,1498,1451,3.09588905623e-08,3000,6000
5971,241,1486,1449,1451,3.09589012204e-08,3000,6000
5972,1418,1448,1449,1451,3.09589012204e-08,3000,6000
5973,1418,1498,1448,1451,3.09589047731e-08,3000,6000
5974,1418,1449,1486,1451,3.09589012204e-08,3000,6000
5975,1418,1486,1498,1451,3.09589047731e-08,3000,6000
5976,48,1461,1489,1459,3.09589012204e-08,3000,6000
5977,242,1499,1461,1463,3.0958819508e-08,3000,6000
5978,246,1489,1499,1490,3.09588337188e-08,3000,6000
5979,241,1463,1459,1490,3.09588301661e-08,3000,6000
5980,1461,1489,1459,1490,3.09588301661e-08,3000,6000
5981,1461,1499,1489,1490,3.09588337188e-08,3000,6000
5982,1461,1459,1463,1490,3.09588301661e-08,3000,6000
5983,1461,1463,1499,1490,3.09588337188e-08,3000,6000
5984,236,1494,1495,1500,3.0958894115e-08,3000,6000
5985,233,1483,1494,1486,3.0958894115e-08,3000,6000
5986,246,1495,1483,1490,3.09588905623e-08,3000,6000
5987,241,1486,1500,1490,3.09589154313e-08,3000,6000
5988,1494,1495,1500,1490,3.09589047731e-08,3000,6000
5989,1494,1483,1495,1490,3.09588799041e-08,3000,6000
5990,1494,1500,1486,1490,3.09589154313e-08,3000,6000
5991,1494,1486,1483,1490,3.0958894115e-08,3000,6000
5992,236,1496,1494,1500,3.09588799041e-08,3000,6000
5993,240,1498,1496,1451,3.09589012204e-08,3000,6000
5994,233,1494,1498,1486,3.09589118785e-08,3000,6000
5995,241,1451,1500,1486,3.09588976677e-08,3000,6000
5996,1496,1494,1500,1486,3.09588834568e-08,3000,6000
5997,1496,1498,1494,1486,3.09589047731e-08,3000,6000
5998,1496,1500,1451,1486,3.09588905623e-08,3000,6000
5999,1496,1451,1498,1486,3.09589154313e-08,3000,6000
6000,236,1495,1497,1500,3.09588870095e-08,3000,6000
6001,246,1499,1495,1490,3.09589012204e-08,3000,6000
6002,242,1497,1499,1463,3.09588870095e-08,3000,6000
6003,241,1490,1500,1463,3.09589083258e-08,3000,6000
6004,1495,1497,1500,1463,3.09588870095e-08,3000,6000
6005,1495,1499,1497,1463,3.09588870095e-08,3000,6000
6006,1495,1500,1490,1463,3.09589012204e-08,3000,6000
6007,1495,1490,1499,1463,3.09589012204e-08,3000,6000
6008,236,1497,1496,1500,3.09588727987e-08,3000,6000
6009,242,1458,1497,1463,3.09588976677e-08,3000,6000
6010,240,1496,1458,1451,3.09589047731e-08,3000,6000
6011,241,1463,1500,1451,3.0958894115e-08,3000,6000
6012,1497,1496,1500,1451,3.09588763514e-08,3000,6000
6013,1497,1458,1496,1451,3.0958894115e-08,3000,6000
6014,1497,1500,1463,1451,3.09588763514e-08,3000,6000
6015,1497,1463,1458,1451,3.09588976677e-08,3000,6000
6016,36,1220,1242,1482,3.09589012204e-08,3000,6000
6017,204,1302,1220,1484,3.09588337188e-08,3000,6000
6018,207,1242,1302,1501,3.09588230607e-08,3000,6000
6019,246,1484,1482,1501,3.09588337188e-08,3000,6000
6020,1220,1242,1482,1501,3.09588337188e-08,3000,6000
6021,1220,1302,1242,1501,3.09588337188e-08,3000,6000
6022,1220,1482,1484,1501,3.09588337188e-08,3000,6000
6023,1220,1484,1302,1501,3.09588337188e-08,3000,6000
6024,42,1255,1224,1472,3.0958894115e-08,3000,6000
6025,212,1306,1255,1474,3.09589012204e-08,3000,6000
6026,204,1224,1306,1487,3.09589012204e-08,3000,6000
6027,245,1474,1472,1487,3.09588976677e-08,3000,6000
6028,1255,1224,1472,1487,3.09588976677e-08,3000,6000
6029,1255,1306,1224,1487,3.09589012204e-08,3000,6000
6030,1255,1472,1474,1487,3.09588976677e-08,3000,6000
6031,1255,1474,1306,1487,3.09589012204e-08,3000,6000
6032,43,1236,1262,1469,3.09588905623e-08,3000,6000
6033,207,1304,1236,1502,3.09589012204e-08,3000,6000
6034,212,1262,1304,1470,3.09589047731e-08,3000,6000
6035,244,1502,1469,1470,3.09589012204e-08,3000,6000
6036,1236,1262,1469,1470,3.09589047731e-08,3000,6000
6037,1236,1304,1262,1470,3.09589083258e-08,3000,6000
6038,1236,1469,1502,1470,3.09588976677e-08,3000,6000
6039,1236,1502,1304,1470,3.09589012204e-08,3000,6000
6040,48,1477,1489,1475,3.09589331948e-08,3000,6000
6041,245,1492,1477,1479,3.09589012204e-08,3000,6000
6042,246,1489,1492,1503,3.0958869246e-08,3000,6000
6043,244,1479,1475,1503,3.09588976677e-08,3000,6000
6044,1477,1489,1475,1503,3.09589260894e-08,3000,6000
6045,1477,1492,1489,1503,3.09589367475e-08,3000,6000
6046,1477,1475,1479,1503,3.09588905623e-08,3000,6000
6047,1477,1479,1492,1503,3.09589012204e-08,3000,6000
6048,204,1302,1484,1504,3.09589012204e-08,3000,6000
6049,207,1501,1302,1502,3.09588870095e-08,3000,6000
6050,246,1484,1501,1503,3.09588976677e-08,3000,6000
6051,244,1502,1504,1503,3.09588905623e-08,3000,6000
6052,1302,1484,1504,1503,3.09588976677e-08,3000,6000
6053,1302,1501,1484,1503,3.09588976677e-08,3000,6000
6054,1302,1504,1502,1503,3.09588870095e-08,3000,6000
6055,1302,1502,1501,1503,3.09588870095e-08,3000,6000
6056,204,1306,1302,1504,3.09589012204e-08,3000,6000
6057,212,1304,1306,1470,3.0958894115e-08,3000,6000
6058,207,1302,1304,1502,3.09588870095e-08,3000,6000
6059,244,1470,1504,1502,3.09588905623e-08,3000,6000
6060,1306,1302,1504,1502,3.09588905623e-08,3000,6000
6061,1306,1304,1302,1502,3.09588870095e-08,3000,6000
6062,1306,1504,1470,1502,3.09588905623e-08,3000,6000
6063,1306,1470,1304,1502,3.09588905623e-08,3000,6000
6064,204,1484,1487,1504,3.09589012204e-08,3000,6000
6065,246,1492,1484,1503,3.09589012204e-08,3000,6000
6066,245,1487,1492,1479,3.09588976677e-08,3000,6000
6067,244,1503,1504,1479,3.09589012204e-08,3000,6000
6068,1484,1487,1504,1479,3.09589012204e-08,3000,6000
6069,1484,1492,1487,1479,3.09589012204e-08,3000,6000
6070,1484,1504,1503,1479,3.09589012204e-08,3000,6000
6071,1484,1503,1492,1479,3.09589012204e-08,3000,6000
6072,204,1487,1306,1504,3.09589012204e-08,3000,6000
6073,245,1474,1487,1479,3.09588976677e-08,3000,6000
6074,212,1306,1474,1470,3.09589012204e-08,3000,6000
6075,244,1479,1504,1470,3.09589012204e-08,3000,6000
6076,1487,1306,1504,1470,3.09589012204e-08,3000,6000
6077,1487,1474,1306,1470,3.09589012204e-08,3000,6000
6078,1487,1504,1479,1470,3.09589012204e-08,3000,6000
6079,1487,1479,1474,1470,3.09589012204e-08,3000,6000
6080,36,1242,1436,1482,3.09589154313e-08,3000,6000
6081,207,1438,1242,1501,3.09588372716e-08,3000,6000
6082,236,1436,1438,1495,3.09589047731e-08,3000,6000
6083,246,1501,1482,1495,3.09588550351e-08,3000,6000
6084,1242,1436,1482,1495,3.0958918984e-08,3000,6000
6085,1242,1438,1436,1495,3.09589154313e-08,3000,6000
6086,1242,1482,1501,1495,3.09588550351e-08,3000,6000
6087,1242,1501,1438,1495,3.09588514824e-08,3000,6000
6088,43,1439,1236,1469,3.09588905623e-08,3000,6000
6089,237,1441,1439,1505,3.09589047731e-08,3000,6000
6090,207,1236,1441,1502,3.09589012204e-08,3000,6000
6091,244,1505,1469,1502,3.09589083258e-08,3000,6000
6092,1439,1236,1469,1502,3.09589047731e-08,3000,6000
6093,1439,1441,1236,1502,3.09589012204e-08,3000,6000
6094,1439,1469,1505,1502,3.09589083258e-08,3000,6000
6095,1439,1505,1441,1502,3.09589047731e-08,3000,6000
6096,47,1430,1432,1455,3.09588976677e-08,3000,6000
6097,236,1434,1430,1497,3.09589083258e-08,3000,6000
6098,237,1432,1434,1506,3.09589012204e-08,3000,6000
6099,242,1497,1455,1506,3.09589083258e-08,3000,6000
6100,1430,1432,1455,1506,3.09589047731e-08,3000,6000
6101,1430,1434,1432,1506,3.09589012204e-08,3000,6000
6102,1430,1455,1497,1506,3.0958918984e-08,3000,6000
6103,1430,1497,1434,1506,3.09589154313e-08,3000,6000
6104,48,1475,1489,1461,3.09589260894e-08,3000,6000
6105,244,1503,1475,1507,3.09589083258e-08,3000,6000
6106,246,1489,1503,1499,3.09588656933e-08,3000,6000
6107,242,1507,1461,1499,3.09588514824e-08,3000,6000
6108,1475,1489,1461,1499,3.09588905623e-08,3000,6000
6109,1475,1503,1489,1499,3.0958918984e-08,3000,6000
6110,1475,1461,1507,1499,3.09588799041e-08,3000,6000
6111,1475,1507,1503,1499,3.09589083258e-08,3000,6000
6112,207,1438,1501,1508,3.0958894115e-08,3000,6000
6113,236,1495,1438,1497,3.09588976677e-08,3000,6000
6114,246,1501,1495,1499,3.09589083258e-08,3000,6000
6115,242,1497,1508,1499,3.09588976677e-08,3000,6000
6116,1438,1501,1508,1499,3.09589083258e-08,3000,6000
6117,1438,1495,1501,1499,3.09589083258e-08,3000,6000
6118,1438,1508,1497,1499,3.09588976677e-08,3000,6000
6119,1438,1497,1495,1499,3.09588976677e-08,3000,6000
6120,207,1441,1438,1508,3.09588905623e-08,3000,6000
6121,237,1434,1441,1506,3.09589012204e-08,3000,6000
6122,236,1438,1434,1497,3.09589083258e-08,3000,6000
6123,242,1506,1508,1497,3.09588976677e-08,3000,6000
6124,1441,1438,1508,1497,3.09588799041e-08,3000,6000
6125,1441,1434,1438,1497,3.09589083258e-08,3000,6000
6126,1441,1508,1506,1497,3.09588870095e-08,3000,6000
6127,1441,1506,1434,1497,3.09589154313e-08,3000,6000
6128,207,1501,1502,1508,3.0958894115e-08,3000,6000
6129,246,1503,1501,1499,3.09589047731e-08,3000,6000
6130,244,1502,1503,1507,3.09588976677e-08,3000,6000
6131,242,1499,1508,1507,3.0958894115e-08,3000,6000
6132,1501,1502,1508,1507,3.0958894115e-08,3000,6000
6133,1501,1503,1502,1507,3.0958894115e-08,3000,6000
6134,1501,1508,1499,1507,3.09589047731e-08,3000,6000
6135,1501,1499,1503,1507,3.09589047731e-08,3000,6000
6136,207,1502,1441,1508,3.09588905623e-08,3000,6000
6137,244,1505,1502,1507,3.09588976677e-08,3000,6000
6138,237,1441,1505,1506,3.09588905623e-08,3000,6000
6139,242,1507,1508,1506,3.0958894115e-08,3000,6000
6140,1502,1441,1508,1506,3.09588870095e-08,3000,6000
6141,1502,1505,1441,1506,3.09588905623e-08,3000,6000
6142,1502,1508,1507,1506,3.09588834568e-08,3000,6000
6143,1502,1507,1505,1506,3.09588870095e-08,3000,6000
6144,0,1087,539,639,3.09587875336e-08,3000,6000
6145,178,1317,1087,1413,3.09587875336e-08,3000,6000
6146,96,539,1317,739,3.09588550351e-08,3000,6000
6147,112,1413,639,739,3.09588550351e-08,3000,6000
6148,1087,539,639,739,3.09587875336e-08,3000,6000
6149,1087,1317,539,739,3.09587875336e-08,3000,6000
6150,1087,639,1413,739,3.09587875336e-08,3000,6000
6151,1087,1413,1317,739,3.09587875336e-08,3000,6000
6152,36,1319,1094,1415,3.09587804281e-08,3000,6000
6153,219,1321,1319,1509,3.09588621406e-08,3000,6000
6154,178,1094,1321,1416,3.0958794639e-08,3000,6000
6155,233,1509,1415,1416,3.09588621406e-08,3000,6000
6156,1319,1094,1415,1416,3.09587910863e-08,3000,6000
6157,1319,1321,1094,1416,3.09587910863e-08,3000,6000
6158,1319,1415,1509,1416,3.09587910863e-08,3000,6000
6159,1319,1509,1321,1416,3.09587910863e-08,3000,6000
6160,22,545,1325,744,3.09589225367e-08,3000,6000
6161,96,1327,545,746,3.09589331948e-08,3000,6000
6162,219,1325,1327,1510,3.09589225367e-08,3000,6000
6163,128,746,744,1510,3.09588514824e-08,3000,6000
6164,545,1325,744,1510,3.09589225367e-08,3000,6000
6165,545,1327,1325,1510,3.09589225367e-08,3000,6000
6166,545,744,746,1510,3.09589225367e-08,3000,6000
6167,545,746,1327,1510,3.09589225367e-08,3000,6000
6168,25,1418,649,741,3.09589225367e-08,3000,6000
6169,233,1420,1418,1511,3.09589225367e-08,3000,6000
6170,112,649,1420,742,3.09589331948e-08,3000,6000
6171,128,1511,741,742,3.09588514824e-08,3000,6000
6172,1418,649,741,742,3.09589225367e-08,3000,6000
6173,1418,1420,649,742,3.09589225367e-08,3000,6000
6174,1418,741,1511,742,3.09589225367e-08,3000,6000
6175,1418,1511,1420,742,3.09589225367e-08,3000,6000
6176,178,1317,1413,1512,3.09587875336e-08,3000,6000
6177,96,739,1317,746,3.09588621406e-08,3000,6000
6178,112,1413,739,742,3.09588621406e-08,3000,6000
6179,128,746,1512,742,3.09587804281e-08,3000,6000
6180,1317,1413,1512,742,3.09587875336e-08,3000,6000
6181,1317,739,1413,742,3.09587910863e-08,3000,6000
6182,1317,1512,746,742,3.09587875336e-08,3000,6000
6183,1317,746,739,742,3.09587910863e-08,3000,6000
6184,178,1321,1317,1512,3.09587875336e-08,3000,6000
6185,219,1327,1321,1510,3.09589225367e-08,3000,6000
6186,96,1317,1327,746,3.09589296421e-08,3000,6000
6187,128,1510,1512,746,3.09587804281e-08,3000,6000
6188,1321,1317,1512,746,3.09587875336e-08,3000,6000
6189,1321,1327,1317,746,3.09589296421e-08,3000,6000
6190,1321,1512,1510,746,3.09587768754e-08,3000,6000
6191,1321,1510,1327,746,3.0958918984e-08,3000,6000
6192,178,1413,1416,1512,3.09587875336e-08,3000,6000
6193,112,1420,1413,742,3.09589296421e-08,3000,6000
6194,233,1416,1420,1511,3.09589225367e-08,3000,6000
6195,128,742,1512,1511,3.09587804281e-08,3000,6000
6196,1413,1416,1512,1511,3.09587839809e-08,3000,6000
6197,1413,1420,1416,1511,3.09589225367e-08,3000,6000
6198,1413,1512,742,1511,3.09587839809e-08,3000,6000
6199,1413,742,1420,1511,3.09589225367e-08,3000,6000
6200,178,1416,1321,1512,3.09587875336e-08,3000,6000
6201,233,1509,1416,1511,3.09588550351e-08,3000,6000
6202,219,1321,1509,1510,3.09588550351e-08,3000,6000
6203,128,1511,1512,1510,3.09587804281e-08,3000,6000
6204,1416,1321,1512,1510,3.09587804281e-08,3000,6000
6205,1416,1509,1321,1510,3.09587875336e-08,3000,6000
6206,1416,1512,1511,1510,3.09587804281e-08,3000,6000
6207,1416,1511,1509,1510,3.09587875336e-08,3000,6000
6208,3,1331,1113,1427,3.09587733227e-08,3000,6000
6209,221,1333,1331,1513,3.0958844377e-08,3000,6000
6210,185,1113,1333,1428,3.09587875336e-08,3000,6000
6211,235,1513,1427,1428,3.0958844377e-08,3000,6000
6212,1331,1113,1427,1428,3.09587733227e-08,3000,6000
6213,1331,1333,1113,1428,3.09587733227e-08,3000,6000
6214,1331,1427,1513,1428,3.09587733227e-08,3000,6000
6215,1331,1513,1333,1428,3.09587733227e-08,3000,6000
6216,45,1342,1341,1514,3.09589260894e-08,3000,6000
6217,223,1345,1342,1515,3.09589367475e-08,3000,6000
6218,221,1341,1345,1516,3.09589260894e-08,3000,6000
6219,247,1515,1514,1516,3.09588550351e-08,3000,6000
6220,1342,1341,1514,1516,3.09589260894e-08,3000,6000
6221,1342,1345,1341,1516,3.09589260894e-08,3000,6000
6222,1342,1514,1515,1516,3.09589260894e-08,3000,6000
6223,1342,1515,1345,1516,3.09589260894e-08,3000,6000
6224,36,1124,1337,1436,3.09587910863e-08,3000,6000
6225,185,1338,1124,1437,3.09587981917e-08,3000,6000
6226,223,1337,1338,1517,3.09588656933e-08,3000,6000
6227,236,1437,1436,1517,3.09588656933e-08,3000,6000
6228,1124,1337,1436,1517,3.09587981917e-08,3000,6000
6229,1124,1338,1337,1517,3.09587981917e-08,3000,6000
6230,1124,1436,1437,1517,3.09587981917e-08,3000,6000
6231,1124,1437,1338,1517,3.09587981917e-08,3000,6000
6232,47,1518,1431,1430,3.09589260894e-08,3000,6000
6233,247,1519,1518,1520,3.09588550351e-08,3000,6000
6234,235,1431,1519,1433,3.09589260894e-08,3000,6000
6235,236,1520,1430,1433,3.09589367475e-08,3000,6000
6236,1518,1431,1430,1433,3.09589260894e-08,3000,6000
6237,1518,1519,1431,1433,3.09589260894e-08,3000,6000
6238,1518,1430,1520,1433,3.09589260894e-08,3000,6000
6239,1518,1520,1519,1433,3.09589260894e-08,3000,6000
6240,221,1333,1513,1521,3.09588550351e-08,3000,6000
6241,185,1428,1333,1437,3.09587981917e-08,3000,6000
6242,235,1513,1428,1433,3.09588550351e-08,3000,6000
6243,236,1437,1521,1433,3.09588656933e-08,3000,6000
6244,1333,1513,1521,1433,3.09588550351e-08,3000,6000
6245,1333,1428,1513,1433,3.09587875336e-08,3000,6000
6246,1333,1521,1437,1433,3.09588656933e-08,3000,6000
6247,1333,1437,1428,1433,3.09587981917e-08,3000,6000
6248,221,1345,1333,1521,3.09588550351e-08,3000,6000
6249,223,1338,1345,1517,3.09588656933e-08,3000,6000
6250,185,1333,1338,1437,3.09587981917e-08,3000,6000
6251,236,1517,1521,1437,3.09588656933e-08,3000,6000
6252,1345,1333,1521,1437,3.09588656933e-08,3000,6000
6253,1345,1338,1333,1437,3.09587981917e-08,3000,6000
6254,1345,1521,1517,1437,3.09588656933e-08,3000,6000
6255,1345,1517,1338,1437,3.09587981917e-08,3000,6000
6256,221,1513,1516,1521,3.09588550351e-08,3000,6000
6257,235,1519,1513,1433,3.09588550351e-08,3000,6000
6258,247,1516,1519,1520,3.09587875336e-08,3000,6000
6259,236,1433,1521,1520,3.09588656933e-08,3000,6000
6260,1513,1516,1521,1520,3.09587875336e-08,3000,6000
6261,1513,1519,1516,1520,3.09587875336e-08,3000,6000
6262,1513,1521,1433,1520,3.09588550351e-08,3000,6000
6263,1513,1433,1519,1520,3.09588550351e-08,3000,6000
6264,221,1516,1345,1521,3.09588550351e-08,3000,6000
6265,247,1515,1516,1520,3.09587875336e-08,3000,6000
6266,223,1345,1515,1517,3.09588656933e-08,3000,6000
6267,236,1520,1521,1517,3.09588656933e-08,3000,6000
6268,1516,1345,1521,1517,3.09588550351e-08,3000,6000
6269,1516,1515,1345,1517,3.09588621406e-08,3000,6000
6270,1516,1521,1520,1517,3.09587910863e-08,3000,6000
6271,1516,1520,1515,1517,3.09587981917e-08,3000,6000
6272,12,571,1363,773,3.09588514824e-08,3000,6000
6273,102,1365,571,775,3.09587804281e-08,3000,6000
6274,227,1363,1365,1522,3.09587804281e-08,3000,6000
6275,133,775,773,1522,3.09588514824e-08,3000,6000
6276,571,1363,773,1522,3.09587804281e-08,3000,6000
6277,571,1365,1363,1522,3.09587804281e-08,3000,6000
6278,571,773,775,1522,3.09587804281e-08,3000,6000
6279,571,775,1365,1522,3.09587804281e-08,3000,6000
6280,22,1374,578,779,3.09589331948e-08,3000,6000
6281,229,1376,1374,1523,3.09589331948e-08,3000,6000
6282,102,578,1376,780,3.09588621406e-08,3000,6000
6283,135,1523,779,780,3.09589331948e-08,3000,6000
6284,1374,578,779,780,3.09589331948e-08,3000,6000
6285,1374,1376,578,780,3.09589331948e-08,3000,6000
6286,1374,779,1523,780,3.09589331948e-08,3000,6000
6287,1374,1523,1376,780,3.09589331948e-08,3000,6000
6288,45,1369,1368,1524,3.09589260894e-08,3000,6000
6289,227,1371,1369,1525,3.09588550351e-08,3000,6000
6290,229,1368,1371,1526,3.09589260894e-08,3000,6000
6291,248,1525,1524,1526,3.09589260894e-08,3000,6000
6292,1369,1368,1524,1526,3.09589367475e-08,3000,6000
6293,1369,1371,1368,1526,3.09589367475e-08,3000,6000
6294,1369,1524,1525,1526,3.09589260894e-08,3000,6000
6295,1369,1525,1371,1526,3.09589260894e-08,3000,6000
6296,28,784,783,1527,3.09588514824e-08,3000,6000
6297,135,787,784,1528,3.09589225367e-08,3000,6000
6298,133,783,787,1529,3.09589225367e-08,3000,6000
6299,248,1528,1527,1529,3.09589225367e-08,3000,6000
6300,784,783,1527,1529,3.09589225367e-08,3000,6000
6301,784,787,783,1529,3.09589225367e-08,3000,6000
6302,784,1527,1528,1529,3.09589225367e-08,3000,6000
6303,784,1528,787,1529,3.09589225367e-08,3000,6000
6304,102,1365,775,1530,3.09588514824e-08,3000,6000
6305,227,1522,1365,1525,3.09588514824e-08,3000,6000
6306,133,775,1522,1529,3.09589225367e-08,3000,6000
6307,248,1525,1530,1529,3.09589225367e-08,3000,6000
6308,1365,775,1530,1529,3.09588514824e-08,3000,6000
6309,1365,1522,775,1529,3.09589225367e-08,3000,6000
6310,1365,1530,1525,1529,3.09588514824e-08,3000,6000
6311,1365,1525,1522,1529,3.09589225367e-08,3000,6000
6312,102,1376,1365,1530,3.09588514824e-08,3000,6000
6313,229,1371,1376,1526,3.09589225367e-08,3000,6000
6314,227,1365,1371,1525,3.09588514824e-08,3000,6000
6315,248,1526,1530,1525,3.09589225367e-08,3000,6000
6316,1376,1365,1530,1525,3.09588514824e-08,3000,6000
6317,1376,1371,1365,1525,3.09588514824e-08,3000,6000
6318,1376,1530,1526,1525,3.09589225367e-08,3000,6000
6319,1376,1526,1371,1525,3.09589225367e-08,3000,6000
6320,102,775,780,1530,3.09588514824e-08,3000,6000
6321,133,787,775,1529,3.09589225367e-08,3000,6000
6322,135,780,787,1528,3.09589225367e-08,3000,6000
6323,248,1529,1530,1528,3.09589225367e-08,3000,6000
6324,775,780,1530,1528,3.09589225367e-08,3000,6000
6325,775,787,780,1528,3.09589225367e-08,3000,6000
6326,775,1530,1529,1528,3.09589225367e-08,3000,6000
6327,775,1529,787,1528,3.09589225367e-08,3000,6000
6328,102,780,1376,1530,3.09588514824e-08,3000,6000
6329,135,1523,780,1528,3.09589225367e-08,3000,6000
6330,229,1376,1523,1526,3.09589225367e-08,3000,6000
6331,248,1528,1530,1526,3.09589225367e-08,3000,6000
6332,780,1376,1530,1526,3.09589225367e-08,3000,6000
6333,780,1523,1376,1526,3.09589225367e-08,3000,6000
6334,780,1530,1528,1526,3.09589225367e-08,3000,6000
6335,780,1528,1523,1526,3.09589225367e-08,3000,6000
6336,11,1443,688,757,3.09588514824e-08,3000,6000
6337,238,1445,1443,1531,3.09587804281e-08,3000,6000
6338,122,688,1445,758,3.09587804281e-08,3000,6000
6339,130,1531,757,758,3.09588514824e-08,3000,6000
6340,1443,688,757,758,3.09587804281e-08,3000,6000
6341,1443,1445,688,758,3.09587804281e-08,3000,6000
6342,1443,757,1531,758,3.09587804281e-08,3000,6000
6343,1443,1531,1445,758,3.09587804281e-08,3000,6000
6344,47,1454,1453,1532,3.09589260894e-08,3000,6000
6345,240,1456,1454,1533,3.09589260894e-08,3000,6000
6346,238,1453,1456,1534,3.09588550351e-08,3000,6000
6347,249,1533,1532,1534,3.09589260894e-08,3000,6000
6348,1454,1453,1532,1534,3.09589367475e-08,3000,6000
6349,1454,1456,1453,1534,3.09589331948e-08,3000,6000
6350,1454,1532,1533,1534,3.09589331948e-08,3000,6000
6351,1454,1533,1456,1534,3.09589260894e-08,3000,6000
6352,25,699,1448,760,3.09589331948e-08,3000,6000
6353,122,1450,699,762,3.09588621406e-08,3000,6000
6354,240,1448,1450,1535,3.09589331948e-08,3000,6000
6355,131,762,760,1535,3.09589331948e-08,3000,6000
6356,699,1448,760,1535,3.09589331948e-08,3000,6000
6357,699,1450,1448,1535,3.09589331948e-08,3000,6000
6358,699,760,762,1535,3.09589331948e-08,3000,6000
6359,699,762,1450,1535,3.09589331948e-08,3000,6000
6360,28,1536,767,766,3.09588514824e-08,3000,6000
6361,249,1537,1536,1538,3.09589225367e-08,3000,6000
6362,130,767,1537,769,3.09589225367e-08,3000,6000
6363,131,1538,766,769,3.09589225367e-08,3000,6000
6364,1536,767,766,769,3.09589225367e-08,3000,6000
6365,1536,1537,767,769,3.09589225367e-08,3000,6000
6366,1536,766,1538,769,3.09589225367e-08,3000,6000
6367,1536,1538,1537,769,3.09589225367e-08,3000,6000
6368,238,1445,1531,1539,3.09588514824e-08,3000,6000
6369,122,758,1445,762,3.09588514824e-08,3000,6000
6370,130,1531,758,769,3.09589225367e-08,3000,6000
6371,131,762,1539,769,3.09589225367e-08,3000,6000
6372,1445,1531,1539,769,3.09588514824e-08,3000,6000
6373,1445,758,1531,769,3.09589225367e-08,3000,6000
6374,1445,1539,762,769,3.09588514824e-08,3000,6000
6375,1445,762,758,769,3.09589225367e-08,3000,6000
6376,238,1456,1445,1539,3.09588514824e-08,3000,6000
6377,240,1450,1456,1535,3.09589225367e-08,3000,6000
6378,122,1445,1450,762,3.09588514824e-08,3000,6000
6379,131,1535,1539,762,3.09589225367e-08,3000,6000
6380,1456,1445,1539,762,3.09588514824e-08,3000,6000
6381,1456,1450,1445,762,3.09588514824e-08,3000,6000
6382,1456,1539,1535,762,3.09589225367e-08,3000,6000
6383,1456,1535,1450,762,3.09589225367e-08,3000,6000
6384,238,1531,1534,1539,3.09588514824e-08,3000,6000
6385,130,1537,1531,769,3.09589225367e-08,3000,6000
6386,249,1534,1537,1538,3.09589225367e-08,3000,6000
6387,131,769,1539,1538,3.09589225367e-08,3000,6000
6388,1531,1534,1539,1538,3.09589225367e-08,3000,6000
6389,1531,1537,1534,1538,3.09589225367e-08,3000,6000
6390,1531,1539,769,1538,3.09589225367e-08,3000,6000
6391,1531,769,1537,1538,3.09589225367e-08,3000,6000
6392,238,1534,1456,1539,3.09588514824e-08,3000,6000
6393,249,1533,1534,1538,3.09589225367e-08,3000,6000
6394,240,1456,1533,1535,3.09589225367e-08,3000,6000
6395,131,1538,1539,1535,3.09589225367e-08,3000,6000
6396,1534,1456,1539,1535,3.09589225367e-08,3000,6000
6397,1534,1533,1456,1535,3.09589225367e-08,3000,6000
6398,1534,1539,1538,1535,3.09589225367e-08,3000,6000
6399,1534,1538,1533,1535,3.09589225367e-08,3000,6000
6400,36,1319,1415,1540,3.09587875336e-08,3000,6000
6401,219,1509,1319,1541,3.09588656933e-08,3000,6000
6402,233,1415,1509,1542,3.09588656933e-08,3000,6000
6403,250,1541,1540,1542,3.09587875336e-08,3000,6000
6404,1319,1415,1540,1542,3.09587981917e-08,3000,6000
6405,1319,1509,1415,1542,3.09587981917e-08,3000,6000
6406,1319,1540,1541,1542,3.09587981917e-08,3000,6000
6407,1319,1541,1509,1542,3.09587981917e-08,3000,6000
6408,22,744,1325,779,3.09589331948e-08,3000,6000
6409,128,1510,744,795,3.09588621406e-08,3000,6000
6410,219,1325,1510,1543,3.0958943853e-08,3000,6000
6411,135,795,779,1543,3.09589331948e-08,3000,6000
6412,744,1325,779,1543,3.09589367475e-08,3000,6000
6413,744,1510,1325,1543,3.0958943853e-08,3000,6000
6414,744,779,795,1543,3.09589331948e-08,3000,6000
6415,744,795,1510,1543,3.09589367475e-08,3000,6000
6416,25,1418,741,760,3.09589331948e-08,3000,6000
6417,233,1511,1418,1544,3.0958943853e-08,3000,6000
6418,128,741,1511,792,3.09588621406e-08,3000,6000
6419,131,1544,760,792,3.09589331948e-08,3000,6000
6420,1418,741,760,792,3.09589331948e-08,3000,6000
6421,1418,1511,741,792,3.09589331948e-08,3000,6000
6422,1418,760,1544,792,3.0958943853e-08,3000,6000
6423,1418,1544,1511,792,3.0958943853e-08,3000,6000
6424,28,784,1545,766,3.09587804281e-08,3000,6000
6425,135,1546,784,798,3.09588514824e-08,3000,6000
6426,250,1545,1546,1547,3.09587804281e-08,3000,6000
6427,131,798,766,1547,3.09588514824e-08,3000,6000
6428,784,1545,766,1547,3.09587804281e-08,3000,6000
6429,784,1546,1545,1547,3.09587804281e-08,3000,6000
6430,784,766,798,1547,3.09587804281e-08,3000,6000
6431,784,798,1546,1547,3.09587804281e-08,3000,6000
6432,219,1509,1541,1548,3.09588621406e-08,3000,6000
6433,233,1542,1509,1544,3.09588621406e-08,3000,6000
6434,250,1541,1542,1547,3.09587804281e-08,3000,6000
6435,131,1544,1548,1547,3.09588514824e-08,3000,6000
6436,1509,1541,1548,1547,3.09587875336e-08,3000,6000
6437,1509,1542,1541,1547,3.09587910863e-08,3000,6000
6438,1509,1548,1544,1547,3.09588514824e-08,3000,6000
6439,1509,1544,1542,1547,3.09588550351e-08,3000,6000
6440,219,1510,1509,1548,3.09588727987e-08,3000,6000
6441,128,1511,1510,792,3.09587910863e-08,3000,6000
6442,233,1509,1511,1544,3.09588727987e-08,3000,6000
6443,131,792,1548,1544,3.09588621406e-08,3000,6000
6444,1510,1509,1548,1544,3.09588727987e-08,3000,6000
6445,1510,1511,1509,1544,3.09588017444e-08,3000,6000
6446,1510,1548,792,1544,3.09588727987e-08,3000,6000
6447,1510,792,1511,1544,3.09588017444e-08,3000,6000
6448,219,1541,1543,1548,3.09588621406e-08,3000,6000
6449,250,1546,1541,1547,3.09587804281e-08,3000,6000
6450,135,1543,1546,798,3.09588514824e-08,3000,6000
6451,131,1547,1548,798,3.09588514824e-08,3000,6000
6452,1541,1543,1548,798,3.09588514824e-08,3000,6000
6453,1541,1546,1543,798,3.09588514824e-08,3000,6000
6454,1541,1548,1547,798,3.09587804281e-08,3000,6000
6455,1541,1547,1546,798,3.09587804281e-08,3000,6000
6456,219,1543,1510,1548,3.09588727987e-08,3000,6000
6457,135,795,1543,798,3.09588621406e-08,3000,6000
6458,128,1510,795,792,3.09587910863e-08,3000,6000
6459,131,798,1548,792,3.09588621406e-08,3000,6000
6460,1543,1510,1548,792,3.09588727987e-08,3000,6000
6461,1543,795,1510,792,3.09588017444e-08,3000,6000
6462,1543,1548,798,792,3.09588621406e-08,3000,6000
6463,1543,798,795,792,3.09587910863e-08,3000,6000
6464,36,1337,1319,1540,3.09587839809e-08,3000,6000
6465,223,1402,1337,1549,3.09589225367e-08,3000,6000
6466,219,1319,1402,1541,3.09589367475e-08,3000,6000
6467,250,1549,1540,1541,3.09587875336e-08,3000,6000
6468,1337,1319,1540,1541,3.09587875336e-08,3000,6000
6469,1337,1402,1319,1541,3.09589296421e-08,3000,6000
6470,1337,1540,1549,1541,3.09587839809e-08,3000,6000
6471,1337,1549,1402,1541,3.09589225367e-08,3000,6000
6472,45,1368,1342,1524,3.09589225367e-08,3000,6000
6473,229,1405,1368,1526,3.09589331948e-08,3000,6000
6474,223,1342,1405,1550,3.09589225367e-08,3000,6000
6475,248,1526,1524,1550,3.09589367475e-08,3000,6000
6476,1368,1342,1524,1550,3.09589331948e-08,3000,6000
6477,1368,1405,1342,1550,3.09589225367e-08,3000,6000
6478,1368,1524,1526,1550,3.0958943853e-08,3000,6000
6479,1368,1526,1405,1550,3.09589331948e-08,3000,6000
6480,22,1325,1374,779,3.09589331948e-08,3000,6000
6481,219,1404,1325,1543,3.09589367475e-08,3000,6000
6482,229,1374,1404,1523,3.09589260894e-08,3000,6000
6483,135,1543,779,1523,3.09589260894e-08,3000,6000
6484,1325,1374,779,1523,3.09589331948e-08,3000,6000
6485,1325,1404,1374,1523,3.09589331948e-08,3000,6000
6486,1325,779,1543,1523,3.09589331948e-08,3000,6000
6487,1325,1543,1404,1523,3.09589331948e-08,3000,6000
6488,28,1527,1545,784,3.09587804281e-08,3000,6000
6489,248,1551,1527,1528,3.09589225367e-08,3000,6000
6490,250,1545,1551,1546,3.09587804281e-08,3000,6000
6491,135,1528,784,1546,3.09589225367e-08,3000,6000
6492,1527,1545,784,1546,3.09587804281e-08,3000,6000
6493,1527,1551,1545,1546,3.09587804281e-08,3000,6000
6494,1527,784,1528,1546,3.09589225367e-08,3000,6000
6495,1527,1528,1551,1546,3.09589225367e-08,3000,6000
6496,223,1402,1549,1552,3.09589225367e-08,3000,6000
6497,219,1541,1402,1543,3.09589367475e-08,3000,6000
6498,250,1549,1541,1546,3.09587839809e-08,3000,6000
6499,135,1543,1552,1546,3.09589225367e-08,3000,6000
6500,1402,1549,1552,1546,3.09589225367e-08,3000,6000
6501,1402,1541,1549,1546,3.09589260894e-08,3000,6000
6502,1402,1552,1543,1546,3.09589225367e-08,3000,6000
6503,1402,1543,1541,1546,3.09589260894e-08,3000,6000
6504,223,1405,1402,1552,3.09589225367e-08,3000,6000
6505,229,1404,1405,1523,3.09589260894e-08,3000,6000
6506,219,1402,1404,1543,3.09589367475e-08,3000,6000
6507,135,1523,1552,1543,3.09589225367e-08,3000,6000
6508,1405,1402,1552,1543,3.09589225367e-08,3000,6000
6509,1405,1404,1402,1543,3.09589260894e-08,3000,6000
6510,1405,1552,1523,1543,3.09589225367e-08,3000,6000
6511,1405,1523,1404,1543,3.09589260894e-08,3000,6000
6512,223,1549,1550,1552,3.0958918984e-08,3000,6000
6513,250,1551,1549,1546,3.09587804281e-08,3000,6000
6514,248,1550,1551,1528,3.09589225367e-08,3000,6000
6515,135,1546,1552,1528,3.09589225367e-08,3000,6000
6516,1549,1550,1552,1528,3.09589260894e-08,3000,6000
6517,1549,1551,1550,1528,3.09589225367e-08,3000,6000
6518,1549,1552,1546,1528,3.09589260894e-08,3000,6000
6519,1549,1546,1551,1528,3.09589225367e-08,3000,6000
6520,223,1550,1405,1552,3.0958918984e-08,3000,6000
6521,248,1526,1550,1528,3.09589225367e-08,3000,6000
6522,229,1405,1526,1523,3.09589225367e-08,3000,6000
6523,135,1528,1552,1523,3.09589225367e-08,3000,6000
6524,1550,1405,1552,1523,3.09589260894e-08,3000,6000
6525,1550,1526,1405,1523,3.09589225367e-08,3000,6000
6526,1550,1552,1528,1523,3.09589260894e-08,3000,6000
6527,1550,1528,1526,1523,3.09589225367e-08,3000,6000
6528,36,1415,1436,1540,3.09587839809e-08,3000,6000
6529,233,1494,1415,1542,3.09589367475e-08,3000,6000
6530,236,1436,1494,1553,3.09589225367e-08,3000,6000
6531,250,1542,1540,1553,3.09587875336e-08,3000,6000
6532,1415,1436,1540,1553,3.09587804281e-08,3000,6000
6533,1415,1494,1436,1553,3.09589225367e-08,3000,6000
6534,1415,1540,1542,1553,3.09587910863e-08,3000,6000
6535,1415,1542,1494,1553,3.09589331948e-08,3000,6000
6536,25,1448,1418,760,3.09589331948e-08,3000,6000
6537,240,1498,1448,1535,3.09589260894e-08,3000,6000
6538,233,1418,1498,1544,3.09589367475e-08,3000,6000
6539,131,1535,760,1544,3.09589260894e-08,3000,6000
6540,1448,1418,760,1544,3.09589367475e-08,3000,6000
6541,1448,1498,1418,1544,3.09589367475e-08,3000,6000
6542,1448,760,1535,1544,3.09589260894e-08,3000,6000
6543,1448,1535,1498,1544,3.09589260894e-08,3000,6000
6544,47,1430,1454,1532,3.09589225367e-08,3000,6000
6545,236,1496,1430,1554,3.09589225367e-08,3000,6000
6546,240,1454,1496,1533,3.09589331948e-08,3000,6000
6547,249,1554,1532,1533,3.09589367475e-08,3000,6000
6548,1430,1454,1532,1533,3.09589331948e-08,3000,6000
6549,1430,1496,1454,1533,3.09589296421e-08,3000,6000
6550,1430,1532,1554,1533,3.09589331948e-08,3000,6000
6551,1430,1554,1496,1533,3.09589296421e-08,3000,6000
6552,28,766,1545,1536,3.09587804281e-08,3000,6000
6553,131,1547,766,1538,3.09589225367e-08,3000,6000
6554,250,1545,1547,1555,3.09587804281e-08,3000,6000
6555,249,1538,1536,1555,3.09589225367e-08,3000,6000
6556,766,1545,1536,1555,3.09587804281e-08,3000,6000
6557,766,1547,1545,1555,3.09587804281e-08,3000,6000
6558,766,1536,1538,1555,3.09589225367e-08,3000,6000
6559,766,1538,1547,1555,3.09589225367e-08,3000,6000
6560,233,1494,1542,1556,3.09589331948e-08,3000,6000
6561,236,1553,1494,1554,3.09589154313e-08,3000,6000
6562,250,1542,1553,1555,3.09587875336e-08,3000,6000
6563,249,1554,1556,1555,3.09589260894e-08,3000,6000
6564,1494,1542,1556,1555,3.09589260894e-08,3000,6000
6565,1494,1553,1542,1555,3.09589260894e-08,3000,6000
6566,1494,1556,1554,1555,3.09589260894e-08,3000,6000
6567,1494,1554,1553,1555,3.09589260894e-08,3000,6000
6568,233,1498,1494,1556,3.09589331948e-08,3000,6000
6569,240,1496,1498,1533,3.09589260894e-08,3000,6000
6570,236,1494,1496,1554,3.09589154313e-08,3000,6000
6571,249,1533,1556,1554,3.09589260894e-08,3000,6000
6572,1498,1494,1556,1554,3.09589260894e-08,3000,6000
6573,1498,1496,1494,1554,3.09589260894e-08,3000,6000
6574,1498,1556,1533,1554,3.09589260894e-08,3000,6000
6575,1498,1533,1496,1554,3.09589260894e-08,3000,6000
6576,233,1542,1544,1556,3.09589260894e-08,3000,6000
6577,250,1547,1542,1555,3.09587804281e-08,3000,6000
6578,131,1544,1547,1538,3.09589225367e-08,3000,6000
6579,249,1555,1556,1538,3.09589225367e-08,3000,6000
6580,1542,1544,1556,1538,3.09589225367e-08,3000,6000
6581,1542,1547,1544,1538,3.09589225367e-08,3000,6000
6582,1542,1556,1555,1538,3.09589225367e-08,3000,6000
6583,1542,1555,1547,1538,3.09589225367e-08,3000,6000
6584,233,1544,1498,1556,3.09589260894e-08,3000,6000
6585,131,1535,1544,1538,3.09589225367e-08,3000,6000
6586,240,1498,1535,1533,3.09589225367e-08,3000,6000
6587,249,1538,1556,1533,3.09589225367e-08,3000,6000
6588,1544,1498,1556,1533,3.09589225367e-08,3000,6000
6589,1544,1535,1498,1533,3.09589225367e-08,3000,6000
6590,1544,1556,1538,1533,3.09589225367e-08,3000,6000
6591,1544,1538,1535,1533,3.09589225367e-08,3000,6000
6592,36,1436,1337,1540,3.09587804281e-08,3000,6000
6593,236,1517,1436,1553,3.09588550351e-08,3000,6000
6594,223,1337,1517,1549,3.09588550351e-08,3000,6000
6595,250,1553,1540,1549,3.09587875336e-08,3000,6000
6596,1436,1337,1540,1549,3.09587733227e-08,3000,6000
6597,1436,1517,1337,1549,3.09587875336e-08,3000,6000
6598,1436,1540,1553,1549,3.09587733227e-08,3000,6000
6599,1436,1553,1517,1549,3.09587875336e-08,3000,6000
6600,47,1518,1430,1532,3.09589154313e-08,3000,6000
6601,247,1520,1518,1557,3.0958844377e-08,3000,6000
6602,236,1430,1520,1554,3.09589260894e-08,3000,6000
6603,249,1557,1532,1554,3.09589474057e-08,3000,6000
6604,1518,1430,1532,1554,3.09589260894e-08,3000,6000
6605,1518,1520,1430,1554,3.09589154313e-08,3000,6000
6606,1518,1532,1557,1554,3.09589367475e-08,3000,6000
6607,1518,1557,1520,1554,3.09589260894e-08,3000,6000
6608,45,1342,1514,1524,3.09589154313e-08,3000,6000
6609,223,1515,1342,1550,3.09589260894e-08,3000,6000
6610,247,1514,1515,1558,3.0958844377e-08,3000,6000
6611,248,1550,1524,1558,3.09589474057e-08,3000,6000
6612,1342,1514,1524,1558,3.09589154313e-08,3000,6000
6613,1342,1515,1514,1558,3.09589154313e-08,3000,6000
6614,1342,1524,1550,1558,3.09589367475e-08,3000,6000
6615,1342,1550,1515,1558,3.09589367475e-08,3000,6000
6616,28,1536,1545,1527,3.09587804281e-08,3000,6000
6617,249,1555,1536,1559,3.09588514824e-08,3000,6000
6618,250,1545,1555,1551,3.09587804281e-08,3000,6000
6619,248,1559,1527,1551,3.09588514824e-08,3000,6000
6620,1536,1545,1527,1551,3.09587804281e-08,3000,6000
6621,1536,1555,1545,1551,3.09587804281e-08,3000,6000
6622,1536,1527,1559,1551,3.09587804281e-08,3000,6000
6623,1536,1559,1555,1551,3.09587804281e-08,3000,6000
6624,236,1517,1553,1560,3.0958844377e-08,3000,6000
6625,223,1549,1517,1550,3.0958844377e-08,3000,6000
6626,250,1553,1549,1551,3.09587875336e-08,3000,6000
6627,248,1550,1560,1551,3.09588550351e-08,3000,6000
6628,1517,1553,1560,1551,3.09587768754e-08,3000,6000
6629,1517,1549,1553,1551,3.09587804281e-08,3000,6000
6630,1517,1560,1550,1551,3.09588479297e-08,3000,6000
6631,1517,1550,1549,1551,3.09588550351e-08,3000,6000
6632,236,1520,1517,1560,3.09588550351e-08,3000,6000
6633,247,1515,1520,1558,3.09587733227e-08,3000,6000
6634,223,1517,1515,1550,3.09588550351e-08,3000,6000
6635,248,1558,1560,1550,3.09588763514e-08,3000,6000
6636,1520,1517,1560,1550,3.09588550351e-08,3000,6000
6637,1520,1515,1517,1550,3.09587875336e-08,3000,6000
6638,1520,1560,1558,1550,3.09588656933e-08,3000,6000
6639,1520,1558,1515,1550,3.09587981917e-08,3000,6000
6640,236,1553,1554,1560,3.0958844377e-08,3000,6000
6641,250,1555,1553,1551,3.09587875336e-08,3000,6000
6642,249,1554,1555,1559,3.09588550351e-08,3000,6000
6643,248,1551,1560,1559,3.09588550351e-08,3000,6000
6644,1553,1554,1560,1559,3.09588550351e-08,3000,6000
6645,1553,1555,1554,1559,3.09588550351e-08,3000,6000
6646,1553,1560,1551,1559,3.09587875336e-08,3000,6000
6647,1553,1551,1555,1559,3.09587875336e-08,3000,6000
6648,236,1554,1520,1560,3.09588550351e-08,3000,6000
6649,249,1557,1554,1559,3.09588763514e-08,3000,6000
6650,247,1520,1557,1558,3.09587733227e-08,3000,6000
6651,248,1559,1560,1558,3.09588763514e-08,3000,6000
6652,1554,1520,1560,1558,3.09588656933e-08,3000,6000
6653,1554,1557,1520,1558,3.09587981917e-08,3000,6000
6654,1554,1560,1559,1558,3.09588763514e-08,3000,6000
6655,1554,1559,1557,1558,3.09588088498e-08,3000,6000
6656,0,1088,813,1089,3.0958869246e-08,3000,6000
6657,179,1561,1088,1092,3.0958869246e-08,3000,6000
6658,137,813,1561,1562,3.0958894115e-08,3000,6000
6659,180,1092,1089,1562,3.09587981917e-08,3000,6000
6660,1088,813,1089,1562,3.0958869246e-08,3000,6000
6661,1088,1561,813,1562,3.0958869246e-08,3000,6000
6662,1088,1089,1092,1562,3.0958869246e-08,3000,6000
6663,1088,1092,1561,1562,3.09588727987e-08,3000,6000
6664,37,1563,1099,1101,3.09588621406e-08,3000,6000
6665,251,1564,1563,1565,3.09588976677e-08,3000,6000
6666,179,1099,1564,1103,3.09588763514e-08,3000,6000
6667,183,1565,1101,1103,3.0958794639e-08,3000,6000
6668,1563,1099,1101,1103,3.09588621406e-08,3000,6000
6669,1563,1564,1099,1103,3.09588727987e-08,3000,6000
6670,1563,1101,1565,1103,3.09588621406e-08,3000,6000
6671,1563,1565,1564,1103,3.09588727987e-08,3000,6000
6672,29,823,1566,1567,3.09588870095e-08,3000,6000
6673,137,1568,823,1569,3.09589012204e-08,3000,6000
6674,251,1566,1568,1570,3.09588905623e-08,3000,6000
6675,252,1569,1567,1570,3.09589012204e-08,3000,6000
6676,823,1566,1567,1570,3.09588870095e-08,3000,6000
6677,823,1568,1566,1570,3.09588870095e-08,3000,6000
6678,823,1567,1569,1570,3.09589012204e-08,3000,6000
6679,823,1569,1568,1570,3.09589012204e-08,3000,6000
6680,38,1107,1106,1571,3.0958894115e-08,3000,6000
6681,183,1110,1107,1572,3.0958894115e-08,3000,6000
6682,180,1106,1110,1573,3.09588976677e-08,3000,6000
6683,252,1572,1571,1573,3.09588976677e-08,3000,6000
6684,1107,1106,1571,1573,3.0958894115e-08,3000,6000
6685,1107,1110,1106,1573,3.0958894115e-08,3000,6000
6686,1107,1571,1572,1573,3.09588976677e-08,3000,6000
6687,1107,1572,1110,1573,3.09588976677e-08,3000,6000
6688,179,1561,1092,1574,3.09589225367e-08,3000,6000
6689,137,1562,1561,1569,3.0958894115e-08,3000,6000
6690,180,1092,1562,1573,3.09588514824e-08,3000,6000
6691,252,1569,1574,1573,3.09588550351e-08,3000,6000
6692,1561,1092,1574,1573,3.09588834568e-08,3000,6000
6693,1561,1562,1092,1573,3.0958869246e-08,3000,6000
6694,1561,1574,1569,1573,3.09589083258e-08,3000,6000
6695,1561,1569,1562,1573,3.0958894115e-08,3000,6000
6696,179,1564,1561,1574,3.09589403003e-08,3000,6000
6697,251,1568,1564,1570,3.09588976677e-08,3000,6000
6698,137,1561,1568,1569,3.0958894115e-08,3000,6000
6699,252,1570,1574,1569,3.0958869246e-08,3000,6000
6700,1564,1561,1574,1569,3.09589403003e-08,3000,6000
6701,1564,1568,1561,1569,3.0958894115e-08,3000,6000
6702,1564,1574,1570,1569,3.09589403003e-08,3000,6000
6703,1564,1570,1568,1569,3.09588976677e-08,3000,6000
6704,179,1092,1103,1574,3.09588976677e-08,3000,6000
6705,180,1110,1092,1573,3.09588266134e-08,3000,6000
6706,183,1103,1110,1572,3.09588266134e-08,3000,6000
6707,252,1573,1574,1572,3.09588266134e-08,3000,6000
6708,1092,1103,1574,1572,3.09588266134e-08,3000,6000
6709,1092,1110,1103,1572,3.09588266134e-08,3000,6000
6710,1092,1574,1573,1572,3.09588301661e-08,3000,6000
6711,1092,1573,1110,1572,3.09588301661e-08,3000,6000
6712,179,1103,1564,1574,3.09589154313e-08,3000,6000
6713,183,1565,1103,1572,3.0958844377e-08,3000,6000
6714,251,1564,1565,1570,3.09588976677e-08,3000,6000
6715,252,1572,1574,1570,3.0958844377e-08,3000,6000
6716,1103,1564,1574,1570,3.09589118785e-08,3000,6000
6717,1103,1565,1564,1570,3.09589154313e-08,3000,6000
6718,1103,1574,1572,1570,3.09588408243e-08,3000,6000
6719,1103,1572,1565,1570,3.0958844377e-08,3000,6000
6720,4,1575,1137,1139,3.09588585878e-08,3000,6000
6721,253,1576,1575,1577,3.09588799041e-08,3000,6000
6722,190,1137,1576,1141,3.09588656933e-08,3000,6000
6723,192,1577,1139,1141,3.0958794639e-08,3000,6000
6724,1575,1137,1139,1141,3.09588585878e-08,3000,6000
6725,1575,1576,1137,1141,3.09588585878e-08,3000,6000
6726,1575,1139,1577,1141,3.09588621406e-08,3000,6000
6727,1575,1577,1576,1141,3.09588621406e-08,3000,6000
6728,49,1578,1579,1580,3.0958894115e-08,3000,6000
6729,254,1581,1578,1582,3.09589047731e-08,3000,6000
6730,253,1579,1581,1583,3.0958894115e-08,3000,6000
6731,255,1582,1580,1583,3.09589047731e-08,3000,6000
6732,1578,1579,1580,1583,3.0958894115e-08,3000,6000
6733,1578,1581,1579,1583,3.0958894115e-08,3000,6000
6734,1578,1580,1582,1583,3.09589047731e-08,3000,6000
6735,1578,1582,1581,1583,3.09589047731e-08,3000,6000
6736,37,1144,1584,1145,3.09588727987e-08,3000,6000
6737,190,1585,1144,1148,3.09588763514e-08,3000,6000
6738,254,1584,1585,1586,3.09589047731e-08,3000,6000
6739,194,1148,1145,1586,3.09588017444e-08,3000,6000
6740,1144,1584,1145,1586,3.09588727987e-08,3000,6000
6741,1144,1585,1584,1586,3.09588763514e-08,3000,6000
6742,1144,1145,1148,1586,3.09588727987e-08,3000,6000
6743,1144,1148,1585,1586,3.09588763514e-08,3000,6000
6744,41,1587,1156,1155,3.09588976677e-08,3000,6000
6745,255,1588,1587,1589,3.09588976677e-08,3000,6000
6746,192,1156,1588,1158,3.09589012204e-08,3000,6000
6747,194,1589,1155,1158,3.09588905623e-08,3000,6000
6748,1587,1156,1155,1158,3.09589012204e-08,3000,6000
6749,1587,1588,1156,1158,3.09589083258e-08,3000,6000
6750,1587,1155,1589,1158,3.09588905623e-08,3000,6000
6751,1587,1589,1588,1158,3.09588976677e-08,3000,6000
6752,253,1576,1577,1590,3.09588834568e-08,3000,6000
6753,190,1141,1576,1148,3.09588656933e-08,3000,6000
6754,192,1577,1141,1158,3.0958794639e-08,3000,6000
6755,194,1148,1590,1158,3.0958794639e-08,3000,6000
6756,1576,1577,1590,1158,3.0958894115e-08,3000,6000
6757,1576,1141,1577,1158,3.09588230607e-08,3000,6000
6758,1576,1590,1148,1158,3.09588408243e-08,3000,6000
6759,1576,1148,1141,1158,3.095876977e-08,3000,6000
6760,253,1581,1576,1590,3.09588976677e-08,3000,6000
6761,254,1585,1581,1586,3.09589047731e-08,3000,6000
6762,190,1576,1585,1148,3.09588763514e-08,3000,6000
6763,194,1586,1590,1148,3.09588052971e-08,3000,6000
6764,1581,1576,1590,1148,3.09588514824e-08,3000,6000
6765,1581,1585,1576,1148,3.09589758274e-08,3000,6000
6766,1581,1590,1586,1148,3.09588088498e-08,3000,6000
6767,1581,1586,1585,1148,3.09589331948e-08,3000,6000
6768,253,1577,1583,1590,3.09588870095e-08,3000,6000
6769,192,1588,1577,1158,3.0958894115e-08,3000,6000
6770,255,1583,1588,1589,3.0958894115e-08,3000,6000
6771,194,1158,1590,1589,3.09588905623e-08,3000,6000
6772,1577,1583,1590,1589,3.0958894115e-08,3000,6000
6773,1577,1588,1583,1589,3.0958894115e-08,3000,6000
6774,1577,1590,1158,1589,3.0958894115e-08,3000,6000
6775,1577,1158,1588,1589,3.0958894115e-08,3000,6000
6776,253,1583,1581,1590,3.09589012204e-08,3000,6000
6777,255,1582,1583,1589,3.09589047731e-08,3000,6000
6778,254,1581,1582,1586,3.09589047731e-08,3000,6000
6779,194,1589,1590,1586,3.09589012204e-08,3000,6000
6780,1583,1581,1590,1586,3.09589047731e-08,3000,6000
6781,1583,1582,1581,1586,3.09589047731e-08,3000,6000
6782,1583,1590,1589,1586,3.09589047731e-08,3000,6000
6783,1583,1589,1582,1586,3.09589047731e-08,3000,6000
6784,10,862,1591,1592,3.09588870095e-08,3000,6000
6785,147,1593,862,1594,3.09588621406e-08,3000,6000
6786,256,1591,1593,1595,3.09588621406e-08,3000,6000
6787,257,1594,1592,1595,3.09587910863e-08,3000,6000
6788,862,1591,1592,1595,3.09588621406e-08,3000,6000
6789,862,1593,1591,1595,3.09588621406e-08,3000,6000
6790,862,1592,1594,1595,3.09588621406e-08,3000,6000
6791,862,1594,1593,1595,3.09588621406e-08,3000,6000
6792,29,1596,873,1597,3.09588301661e-08,3000,6000
6793,258,1598,1596,1599,3.09588301661e-08,3000,6000
6794,147,873,1598,1600,3.09588017444e-08,3000,6000
6795,259,1599,1597,1600,3.09589012204e-08,3000,6000
6796,1596,873,1597,1600,3.09588301661e-08,3000,6000
6797,1596,1598,873,1600,3.09588301661e-08,3000,6000
6798,1596,1597,1599,1600,3.09588301661e-08,3000,6000
6799,1596,1599,1598,1600,3.09588301661e-08,3000,6000
6800,49,1601,1602,1603,3.09588230607e-08,3000,6000
6801,256,1604,1601,1605,3.09588017444e-08,3000,6000
6802,258,1602,1604,1606,3.09588266134e-08,3000,6000
6803,260,1605,1603,1606,3.09588870095e-08,3000,6000
6804,1601,1602,1603,1606,3.09588230607e-08,3000,6000
6805,1601,1604,1602,1606,3.09588337188e-08,3000,6000
6806,1601,1603,1605,1606,3.0958819508e-08,3000,6000
6807,1601,1605,1604,1606,3.09588301661e-08,3000,6000
6808,50,1607,1608,1609,3.09588017444e-08,3000,6000
6809,259,1610,1607,1611,3.09588763514e-08,3000,6000
6810,257,1608,1610,1612,3.09589012204e-08,3000,6000
6811,260,1611,1609,1612,3.09588727987e-08,3000,6000
6812,1607,1608,1609,1612,3.09588727987e-08,3000,6000
6813,1607,1610,1608,1612,3.09588763514e-08,3000,6000
6814,1607,1609,1611,1612,3.09588727987e-08,3000,6000
6815,1607,1611,1610,1612,3.09588763514e-08,3000,6000
6816,147,1593,1594,1613,3.09588870095e-08,3000,6000
6817,256,1595,1593,1605,3.09588870095e-08,3000,6000
6818,257,1594,1595,1612,3.0958819508e-08,3000,6000
6819,260,1605,1613,1612,3.09587910863e-08,3000,6000
6820,1593,1594,1613,1612,3.09588372716e-08,3000,6000
6821,1593,1595,1594,1612,3.09589154313e-08,3000,6000
6822,1593,1613,1605,1612,3.09587910863e-08,3000,6000
6823,1593,1605,1595,1612,3.09588727987e-08,3000,6000
6824,147,1598,1593,1613,3.09587910863e-08,3000,6000
6825,258,1604,1598,1606,3.0958819508e-08,3000,6000
6826,256,1593,1604,1605,3.09587910863e-08,3000,6000
6827,260,1606,1613,1605,3.09588870095e-08,3000,6000
6828,1598,1593,1613,1605,3.09587910863e-08,3000,6000
6829,1598,1604,1593,1605,3.09587910863e-08,3000,6000
6830,1598,1613,1606,1605,3.0958819508e-08,3000,6000
6831,1598,1606,1604,1605,3.0958819508e-08,3000,6000
6832,147,1594,1600,1613,3.09589012204e-08,3000,6000
6833,257,1610,1594,1612,3.09588337188e-08,3000,6000
6834,259,1600,1610,1611,3.09588052971e-08,3000,6000
6835,260,1612,1613,1611,3.09588017444e-08,3000,6000
6836,1594,1600,1613,1611,3.09589012204e-08,3000,6000
6837,1594,1610,1600,1611,3.09587875336e-08,3000,6000
6838,1594,1613,1612,1611,3.09588479297e-08,3000,6000
6839,1594,1612,1610,1611,3.09587342429e-08,3000,6000
6840,147,1600,1598,1613,3.09588052971e-08,3000,6000
6841,259,1599,1600,1611,3.09589012204e-08,3000,6000
6842,258,1598,1599,1606,3.09588301661e-08,3000,6000
6843,260,1611,1613,1606,3.09589012204e-08,3000,6000
6844,1600,1598,1613,1606,3.09588301661e-08,3000,6000
6845,1600,1599,1598,1606,3.09588301661e-08,3000,6000
6846,1600,1613,1611,1606,3.09589012204e-08,3000,6000
6847,1600,1611,1599,1606,3.09589012204e-08,3000,6000
6848,5,1164,1163,1614,3.09588905623e-08,3000,6000
6849,198,1167,1164,1615,3.09587910863e-08,3000,6000
6850,197,1163,1167,1616,3.09588017444e-08,3000,6000
6851,261,1615,1614,1616,3.09588727987e-08,3000,6000
6852,1164,1163,1614,1616,3.09588905623e-08,3000,6000
6853,1164,1167,1163,1616,3.0958794639e-08,3000,6000
6854,1164,1614,1615,1616,3.09588976677e-08,3000,6000
6855,1164,1615,1167,1616,3.09588017444e-08,3000,6000
6856,41,1182,1181,1617,3.09588870095e-08,3000,6000
6857,201,1185,1182,1618,3.09589012204e-08,3000,6000
6858,198,1181,1185,1619,3.09588621406e-08,3000,6000
6859,262,1618,1617,1619,3.09588017444e-08,3000,6000
6860,1182,1181,1617,1619,3.0958844377e-08,3000,6000
6861,1182,1185,1181,1619,3.09588621406e-08,3000,6000
6862,1182,1617,1618,1619,3.09588301661e-08,3000,6000
6863,1182,1618,1185,1619,3.09588479297e-08,3000,6000
6864,38,1174,1176,1620,3.0958894115e-08,3000,6000
6865,197,1178,1174,1621,3.09588727987e-08,3000,6000
6866,201,1176,1178,1622,3.09589012204e-08,3000,6000
6867,263,1621,1620,1622,3.09587981917e-08,3000,6000
6868,1174,1176,1620,1622,3.0958894115e-08,3000,6000
6869,1174,1178,1176,1622,3.09589012204e-08,3000,6000
6870,1174,1620,1621,1622,3.09587981917e-08,3000,6000
6871,1174,1621,1178,1622,3.09588052971e-08,3000,6000
6872,50,1623,1624,1625,3.09588870095e-08,3000,6000
6873,262,1626,1623,1627,3.0958869246e-08,3000,6000
6874,261,1624,1626,1628,3.09588088498e-08,3000,6000
6875,263,1627,1625,1628,3.09588727987e-08,3000,6000
6876,1623,1624,1625,1628,3.0958869246e-08,3000,6000
6877,1623,1626,1624,1628,3.09588727987e-08,3000,6000
6878,1623,1625,1627,1628,3.09588656933e-08,3000,6000
6879,1623,1627,1626,1628,3.0958869246e-08,3000,6000
6880,198,1167,1615,1629,3.09588656933e-08,3000,6000
6881,197,1616,1167,1621,3.09588727987e-08,3000,6000
6882,261,1615,1616,1628,3.09588017444e-08,3000,6000
6883,263,1621,1629,1628,3.09588976677e-08,3000,6000
6884,1167,1615,1629,1628,3.0958918984e-08,3000,6000
6885,1167,1616,1615,1628,3.09588052971e-08,3000,6000
6886,1167,1629,1621,1628,3.09589722747e-08,3000,6000
6887,1167,1621,1616,1628,3.09588550351e-08,3000,6000
6888,198,1185,1167,1629,3.0958869246e-08,3000,6000
6889,201,1178,1185,1622,3.09589012204e-08,3000,6000
6890,197,1167,1178,1621,3.09588727987e-08,3000,6000
6891,263,1622,1629,1621,3.09588017444e-08,3000,6000
6892,1185,1167,1629,1621,3.09588763514e-08,3000,6000
6893,1185,1178,1167,1621,3.09588727987e-08,3000,6000
6894,1185,1629,1622,1621,3.09588052971e-08,3000,6000
6895,1185,1622,1178,1621,3.09588052971e-08,3000,6000
6896,198,1615,1619,1629,3.0958869246e-08,3000,6000
6897,261,1626,1615,1628,3.09588017444e-08,3000,6000
6898,262,1619,1626,1627,3.09589012204e-08,3000,6000
6899,263,1628,1629,1627,3.09588976677e-08,3000,6000
6900,1615,1619,1629,1627,3.09589012204e-08,3000,6000
6901,1615,1626,1619,1627,3.09589012204e-08,3000,6000
6902,1615,1629,1628,1627,3.09589012204e-08,3000,6000
6903,1615,1628,1626,1627,3.09589012204e-08,3000,6000
6904,198,1619,1185,1629,3.09588727987e-08,3000,6000
6905,262,1618,1619,1627,3.09588017444e-08,3000,6000
6906,201,1185,1618,1622,3.09589012204e-08,3000,6000
6907,263,1627,1629,1622,3.09587981917e-08,3000,6000
6908,1619,1185,1629,1622,3.09588052971e-08,3000,6000
6909,1619,1618,1185,1622,3.09588052971e-08,3000,6000
6910,1619,1629,1627,1622,3.09588017444e-08,3000,6000
6911,1619,1627,1618,1622,3.09588017444e-08,3000,6000
6912,37,1563,1101,1630,3.09589154313e-08,3000,6000
6913,251,1565,1563,1631,3.09588976677e-08,3000,6000
6914,183,1101,1565,1632,3.09588479297e-08,3000,6000
6915,264,1631,1630,1632,3.09588479297e-08,3000,6000
6916,1563,1101,1630,1632,3.09588621406e-08,3000,6000
6917,1563,1565,1101,1632,3.09588656933e-08,3000,6000
6918,1563,1630,1631,1632,3.0958894115e-08,3000,6000
6919,1563,1631,1565,1632,3.09588976677e-08,3000,6000
6920,29,1567,1566,1597,3.09588337188e-08,3000,6000
6921,252,1570,1567,1633,3.09589012204e-08,3000,6000
6922,251,1566,1570,1634,3.09588372716e-08,3000,6000
6923,259,1633,1597,1634,3.09589047731e-08,3000,6000
6924,1567,1566,1597,1634,3.09588372716e-08,3000,6000
6925,1567,1570,1566,1634,3.09588372716e-08,3000,6000
6926,1567,1597,1633,1634,3.09589047731e-08,3000,6000
6927,1567,1633,1570,1634,3.09589047731e-08,3000,6000
6928,38,1107,1571,1620,3.0958894115e-08,3000,6000
6929,183,1572,1107,1635,3.09588408243e-08,3000,6000
6930,252,1571,1572,1636,3.0958844377e-08,3000,6000
6931,263,1635,1620,1636,3.09589118785e-08,3000,6000
6932,1107,1571,1620,1636,3.09589118785e-08,3000,6000
6933,1107,1572,1571,1636,3.09588408243e-08,3000,6000
6934,1107,1620,1635,1636,3.09589118785e-08,3000,6000
6935,1107,1635,1572,1636,3.09588408243e-08,3000,6000
6936,50,1607,1637,1625,3.0958819508e-08,3000,6000
6937,259,1638,1607,1639,3.09588479297e-08,3000,6000
6938,264,1637,1638,1640,3.0958819508e-08,3000,6000
6939,263,1639,1625,1640,3.09588479297e-08,3000,6000
6940,1607,1637,1625,1640,3.0958819508e-08,3000,6000
6941,1607,1638,1637,1640,3.09588159553e-08,3000,6000
6942,1607,1625,1639,1640,3.0958819508e-08,3000,6000
6943,1607,1639,1638,1640,3.09588159553e-08,3000,6000
6944,251,1565,1631,1641,3.09589012204e-08,3000,6000
6945,183,1632,1565,1635,3.09588585878e-08,3000,6000
6946,264,1631,1632,1640,3.09588585878e-08,3000,6000
6947,263,1635,1641,1640,3.0958869246e-08,3000,6000
6948,1565,1631,1641,1640,3.09588727987e-08,3000,6000
6949,1565,1632,1631,1640,3.09588585878e-08,3000,6000
6950,1565,1641,1635,1640,3.09588727987e-08,3000,6000
6951,1565,1635,1632,1640,3.09588585878e-08,3000,6000
6952,251,1570,1565,1641,3.0958894115e-08,3000,6000
6953,252,1572,1570,1636,3.0958844377e-08,3000,6000
6954,183,1565,1572,1635,3.09588408243e-08,3000,6000
6955,263,1636,1641,1635,3.09588799041e-08,3000,6000
6956,1570,1565,1641,1635,3.09588763514e-08,3000,6000
6957,1570,1572,1565,1635,3.09588408243e-08,3000,6000
6958,1570,1641,1636,1635,3.09588763514e-08,3000,6000
6959,1570,1636,1572,1635,3.09588408243e-08,3000,6000
6960,251,1631,1634,1641,3.09588656933e-08,3000,6000
6961,264,1638,1631,1640,3.09588763514e-08,3000,6000
6962,259,1634,1638,1639,3.09589012204e-08,3000,6000
6963,263,1640,1641,1639,3.09588479297e-08,3000,6000
6964,1631,1634,1641,1639,3.09588727987e-08,3000,6000
6965,1631,1638,1634,1639,3.09588905623e-08,3000,6000
6966,1631,1641,1640,1639,3.09588479297e-08,3000,6000
6967,1631,1640,1638,1639,3.09588656933e-08,3000,6000
6968,251,1634,1570,1641,3.09588585878e-08,3000,6000
6969,259,1633,1634,1639,3.09588763514e-08,3000,6000
6970,252,1570,1633,1636,3.09588727987e-08,3000,6000
6971,263,1639,1641,1636,3.09588585878e-08,3000,6000
6972,1634,1570,1641,1636,3.09588159553e-08,3000,6000
6973,1634,1633,1570,1636,3.09588514824e-08,3000,6000
6974,1634,1641,1639,1636,3.09588763514e-08,3000,6000
6975,1634,1639,1633,1636,3.09589118785e-08,3000,6000
6976,37,1584,1563,1630,3.09589331948e-08,3000,6000
6977,254,1642,1584,1643,3.0958894115e-08,3000,6000
6978,251,1563,1642,1631,3.09589047731e-08,3000,6000
6979,264,1643,1630,1631,3.0958869246e-08,3000,6000
6980,1584,1563,1630,1631,3.09589367475e-08,3000,6000
6981,1584,1642,1563,1631,3.0958894115e-08,3000,6000
6982,1584,1630,1643,1631,3.09589367475e-08,3000,6000
6983,1584,1643,1642,1631,3.0958894115e-08,3000,6000
6984,49,1602,1578,1603,3.09588124026e-08,3000,6000
6985,258,1644,1602,1606,3.09588337188e-08,3000,6000
6986,254,1578,1644,1645,3.09588266134e-08,3000,6000
6987,260,1606,1603,1645,3.09588976677e-08,3000,6000
6988,1602,1578,1603,1645,3.09588266134e-08,3000,6000
6989,1602,1644,1578,1645,3.09588266134e-08,3000,6000
6990,1602,1603,1606,1645,3.09588230607e-08,3000,6000
6991,1602,1606,1644,1645,3.09588230607e-08,3000,6000
6992,29,1566,1596,1597,3.09588301661e-08,3000,6000
6993,251,1646,1566,1634,3.09588337188e-08,3000,6000
6994,258,1596,1646,1599,3.09588230607e-08,3000,6000
6995,259,1634,1597,1599,3.09589012204e-08,3000,6000
6996,1566,1596,1597,1599,3.09588301661e-08,3000,6000
6997,1566,1646,1596,1599,3.09588337188e-08,3000,6000
6998,1566,1597,1634,1599,3.09588301661e-08,3000,6000
6999,1566,1634,1646,1599,3.09588337188e-08,3000,6000
7000,50,1609,1637,1607,3.09588301661e-08,3000,6000
7001,260,1647,1609,1611,3.09588621406e-08,3000,6000
7002,264,1637,1647,1638,3.09588337188e-08,3000,6000
7003,259,1611,1607,1638,3.09588763514e-08,3000,6000
7004,1609,1637,1607,1638,3.09588301661e-08,3000,6000
7005,1609,1647,1637,1638,3.09588337188e-08,3000,6000
7006,1609,1607,1611,1638,3.09588727987e-08,3000,6000
7007,1609,1611,1647,1638,3.09588763514e-08,3000,6000
7008,254,1642,1643,1648,3.09588656933e-08,3000,6000
7009,251,1631,1642,1634,3.09588656933e-08,3000,6000
7010,264,1643,1631,1638,3.09588905623e-08,3000,6000
7011,259,1634,1648,1638,3.09589580638e-08,3000,6000
7012,1642,1643,1648,1638,3.0958894115e-08,3000,6000
7013,1642,1631,1643,1638,3.09588799041e-08,3000,6000
7014,1642,1648,1634,1638,3.09589331948e-08,3000,6000
7015,1642,1634,1631,1638,3.0958918984e-08,3000,6000
7016,254,1644,1642,1648,3.09588088498e-08,3000,6000
7017,258,1646,1644,1599,3.09588301661e-08,3000,6000
7018,251,1642,1646,1634,3.09588408243e-08,3000,6000
7019,259,1599,1648,1634,3.09588976677e-08,3000,6000
7020,1644,1642,1648,1634,3.09588124026e-08,3000,6000
7021,1644,1646,1642,1634,3.09588337188e-08,3000,6000
7022,1644,1648,1599,1634,3.0958819508e-08,3000,6000
7023,1644,1599,1646,1634,3.0958844377e-08,3000,6000
7024,254,1643,1645,1648,3.09588585878e-08,3000,6000
7025,264,1647,1643,1638,3.09589012204e-08,3000,6000
7026,260,1645,1647,1611,3.09589296421e-08,3000,6000
7027,259,1638,1648,1611,3.09589509584e-08,3000,6000
7028,1643,1645,1648,1611,3.09589296421e-08,3000,6000
7029,1643,1647,1645,1611,3.09589296421e-08,3000,6000
7030,1643,1648,1638,1611,3.0958943853e-08,3000,6000
7031,1643,1638,1647,1611,3.0958943853e-08,3000,6000
7032,254,1645,1644,1648,3.09588017444e-08,3000,6000
7033,260,1606,1645,1611,3.09588976677e-08,3000,6000
7034,258,1644,1606,1599,3.09588337188e-08,3000,6000
7035,259,1611,1648,1599,3.0958894115e-08,3000,6000
7036,1645,1644,1648,1599,3.09588052971e-08,3000,6000
7037,1645,1606,1644,1599,3.09588230607e-08,3000,6000
7038,1645,1648,1611,1599,3.09588763514e-08,3000,6000
7039,1645,1611,1606,1599,3.09588976677e-08,3000,6000
7040,37,1101,1145,1630,3.09589012204e-08,3000,6000
7041,183,1190,1101,1632,3.09588337188e-08,3000,6000
7042,194,1145,1190,1649,3.09588230607e-08,3000,6000
7043,264,1632,1630,1649,3.09588337188e-08,3000,6000
7044,1101,1145,1630,1649,3.09588337188e-08,3000,6000
7045,1101,1190,1145,1649,3.09588337188e-08,3000,6000
7046,1101,1630,1632,1649,3.09588337188e-08,3000,6000
7047,1101,1632,1190,1649,3.09588337188e-08,3000,6000
7048,38,1176,1107,1620,3.0958894115e-08,3000,6000
7049,201,1193,1176,1622,3.09589012204e-08,3000,6000
7050,183,1107,1193,1635,3.09588727987e-08,3000,6000
7051,263,1622,1620,1635,3.09589403003e-08,3000,6000
7052,1176,1107,1620,1635,3.09589154313e-08,3000,6000
7053,1176,1193,1107,1635,3.09588727987e-08,3000,6000
7054,1176,1620,1622,1635,3.0958968722e-08,3000,6000
7055,1176,1622,1193,1635,3.09589296421e-08,3000,6000
7056,41,1155,1182,1617,3.09588905623e-08,3000,6000
7057,194,1196,1155,1650,3.09588727987e-08,3000,6000
7058,201,1182,1196,1618,3.09589047731e-08,3000,6000
7059,262,1650,1617,1618,3.0958943853e-08,3000,6000
7060,1155,1182,1617,1618,3.09589047731e-08,3000,6000
7061,1155,1196,1182,1618,3.09589083258e-08,3000,6000
7062,1155,1617,1650,1618,3.09589403003e-08,3000,6000
7063,1155,1650,1196,1618,3.0958943853e-08,3000,6000
7064,50,1625,1637,1623,3.0958819508e-08,3000,6000
7065,263,1640,1625,1627,3.09588727987e-08,3000,6000
7066,264,1637,1640,1651,3.09588266134e-08,3000,6000
7067,262,1627,1623,1651,3.0958869246e-08,3000,6000
7068,1625,1637,1623,1651,3.09588124026e-08,3000,6000
7069,1625,1640,1637,1651,3.09588230607e-08,3000,6000
7070,1625,1623,1627,1651,3.09588656933e-08,3000,6000
7071,1625,1627,1640,1651,3.09588763514e-08,3000,6000
7072,183,1190,1632,1652,3.09588301661e-08,3000,6000
7073,194,1649,1190,1650,3.0958819508e-08,3000,6000
7074,264,1632,1649,1651,3.09588301661e-08,3000,6000
7075,262,1650,1652,1651,3.09588905623e-08,3000,6000
7076,1190,1632,1652,1651,3.09588301661e-08,3000,6000
7077,1190,1649,1632,1651,3.09588301661e-08,3000,6000
7078,1190,1652,1650,1651,3.09588159553e-08,3000,6000
7079,1190,1650,1649,1651,3.09588159553e-08,3000,6000
7080,183,1193,1190,1652,3.09588763514e-08,3000,6000
7081,201,1196,1193,1618,3.0958894115e-08,3000,6000
7082,194,1190,1196,1650,3.09588621406e-08,3000,6000
7083,262,1618,1652,1650,3.09589331948e-08,3000,6000
7084,1193,1190,1652,1650,3.09588621406e-08,3000,6000
7085,1193,1196,1190,1650,3.09588621406e-08,3000,6000
7086,1193,1652,1618,1650,3.09589367475e-08,3000,6000
7087,1193,1618,1196,1650,3.09589331948e-08,3000,6000
7088,183,1632,1635,1652,3.09588337188e-08,3000,6000
7089,264,1640,1632,1651,3.09588301661e-08,3000,6000
7090,263,1635,1640,1627,3.09588976677e-08,3000,6000
7091,262,1651,1652,1627,3.09589012204e-08,3000,6000
7092,1632,1635,1652,1627,3.09588585878e-08,3000,6000
7093,1632,1640,1635,1627,3.09588585878e-08,3000,6000
7094,1632,1652,1651,1627,3.09588727987e-08,3000,6000
7095,1632,1651,1640,1627,3.09588727987e-08,3000,6000
7096,183,1635,1193,1652,3.09588763514e-08,3000,6000
7097,263,1622,1635,1627,3.09589403003e-08,3000,6000
7098,201,1193,1622,1618,3.09589012204e-08,3000,6000
7099,262,1627,1652,1618,3.0958943853e-08,3000,6000
7100,1635,1193,1652,1618,3.09589474057e-08,3000,6000
7101,1635,1622,1193,1618,3.09589474057e-08,3000,6000
7102,1635,1652,1627,1618,3.0958943853e-08,3000,6000
7103,1635,1627,1622,1618,3.0958943853e-08,3000,6000
7104,37,1145,1584,1630,3.09589154313e-08,3000,6000
7105,194,1586,1145,1649,3.09588372716e-08,3000,6000
7106,254,1584,1586,1643,3.09589047731e-08,3000,6000
7107,264,1649,1630,1643,3.09588550351e-08,3000,6000
7108,1145,1584,1630,1643,3.0958918984e-08,3000,6000
7109,1145,1586,1584,1643,3.09589154313e-08,3000,6000
7110,1145,1630,1649,1643,3.09588550351e-08,3000,6000
7111,1145,1649,1586,1643,3.09588514824e-08,3000,6000
7112,41,1587,1155,1617,3.09588905623e-08,3000,6000
7113,255,1589,1587,1653,3.09588621406e-08,3000,6000
7114,194,1155,1589,1650,3.09588585878e-08,3000,6000
7115,262,1653,1617,1650,3.09589367475e-08,3000,6000
7116,1587,1155,1617,1650,3.09589296421e-08,3000,6000
7117,1587,1589,1155,1650,3.09588585878e-08,3000,6000
7118,1587,1617,1653,1650,3.09589367475e-08,3000,6000
7119,1587,1653,1589,1650,3.09588621406e-08,3000,6000
7120,49,1578,1580,1603,3.09588514824e-08,3000,6000
7121,254,1582,1578,1645,3.09588656933e-08,3000,6000
7122,255,1580,1582,1654,3.09589012204e-08,3000,6000
7123,260,1645,1603,1654,3.09589367475e-08,3000,6000
7124,1578,1580,1603,1654,3.09588763514e-08,3000,6000
7125,1578,1582,1580,1654,3.09589012204e-08,3000,6000
7126,1578,1603,1645,1654,3.09589047731e-08,3000,6000
7127,1578,1645,1582,1654,3.09589260894e-08,3000,6000
7128,50,1623,1637,1609,3.09588301661e-08,3000,6000
7129,262,1651,1623,1655,3.09588656933e-08,3000,6000
7130,264,1637,1651,1647,3.09588372716e-08,3000,6000
7131,260,1655,1609,1647,3.09588408243e-08,3000,6000
7132,1623,1637,1609,1647,3.09588372716e-08,3000,6000
7133,1623,1651,1637,1647,3.09588372716e-08,3000,6000
7134,1623,1609,1655,1647,3.09588372716e-08,3000,6000
7135,1623,1655,1651,1647,3.09588372716e-08,3000,6000
7136,194,1586,1649,1656,3.0958894115e-08,3000,6000
7137,254,1643,1586,1645,3.0958844377e-08,3000,6000
7138,264,1649,1643,1647,3.09589083258e-08,3000,6000
7139,260,1645,1656,1647,3.09589118785e-08,3000,6000
7140,1586,1649,1656,1647,3.09589083258e-08,3000,6000
7141,1586,1643,1649,1647,3.09589083258e-08,3000,6000
7142,1586,1656,1645,1647,3.09589118785e-08,3000,6000
7143,1586,1645,1643,1647,3.09589118785e-08,3000,6000
7144,194,1589,1586,1656,3.09588905623e-08,3000,6000
7145,255,1582,1589,1654,3.09589012204e-08,3000,6000
7146,254,1586,1582,1645,3.09588656933e-08,3000,6000
7147,260,1654,1656,1645,3.09589225367e-08,3000,6000
7148,1589,1586,1656,1645,3.09588976677e-08,3000,6000
7149,1589,1582,1586,1645,3.09588656933e-08,3000,6000
7150,1589,1656,1654,1645,3.09589580638e-08,3000,6000
7151,1589,1654,1582,1645,3.09589260894e-08,3000,6000
7152,194,1649,1650,1656,3.09588230607e-08,3000,6000
7153,264,1651,1649,1647,3.09588337188e-08,3000,6000
7154,262,1650,1651,1655,3.09588976677e-08,3000,6000
7155,260,1647,1656,1655,3.09588408243e-08,3000,6000
7156,1649,1650,1656,1655,3.09588230607e-08,3000,6000
7157,1649,1651,1650,1655,3.09588230607e-08,3000,6000
7158,1649,1656,1647,1655,3.09588337188e-08,3000,6000
7159,1649,1647,1651,1655,3.09588337188e-08,3000,6000
7160,194,1650,1589,1656,3.0958819508e-08,3000,6000
7161,262,1653,1650,1655,3.09588976677e-08,3000,6000
7162,255,1589,1653,1654,3.0958819508e-08,3000,6000
7163,260,1655,1656,1654,3.09588479297e-08,3000,6000
7164,1650,1589,1656,1654,3.09588159553e-08,3000,6000
7165,1650,1653,1589,1654,3.0958819508e-08,3000,6000
7166,1650,1656,1655,1654,3.09588124026e-08,3000,6000
7167,1650,1655,1653,1654,3.09588159553e-08,3000,6000
7168,0,1088,1217,913,3.0958869246e-08,3000,6000
7169,179,1219,1088,1657,3.0958869246e-08,3000,6000
7170,203,1217,1219,1658,3.09587981917e-08,3000,6000
7171,153,1657,913,1658,3.0958894115e-08,3000,6000
7172,1088,1217,913,1658,3.0958869246e-08,3000,6000
7173,1088,1219,1217,1658,3.0958869246e-08,3000,6000
7174,1088,913,1657,1658,3.0958869246e-08,3000,6000
7175,1088,1657,1219,1658,3.09588727987e-08,3000,6000
7176,37,1229,1099,1659,3.09588621406e-08,3000,6000
7177,205,1231,1229,1660,3.0958794639e-08,3000,6000
7178,179,1099,1231,1661,3.09588763514e-08,3000,6000
7179,265,1660,1659,1661,3.09588976677e-08,3000,6000
7180,1229,1099,1659,1661,3.0958869246e-08,3000,6000
7181,1229,1231,1099,1661,3.0958869246e-08,3000,6000
7182,1229,1659,1660,1661,3.09588656933e-08,3000,6000
7183,1229,1660,1231,1661,3.09588656933e-08,3000,6000
7184,42,1223,1225,1662,3.0958894115e-08,3000,6000
7185,203,1227,1223,1663,3.09588976677e-08,3000,6000
7186,205,1225,1227,1664,3.0958894115e-08,3000,6000
7187,266,1663,1662,1664,3.09588976677e-08,3000,6000
7188,1223,1225,1662,1664,3.0958894115e-08,3000,6000
7189,1223,1227,1225,1664,3.0958894115e-08,3000,6000
7190,1223,1662,1663,1664,3.09588976677e-08,3000,6000
7191,1223,1663,1227,1664,3.09588976677e-08,3000,6000
7192,32,1665,919,1666,3.09588870095e-08,3000,6000
7193,265,1667,1665,1668,3.09588905623e-08,3000,6000
7194,153,919,1667,1669,3.09589012204e-08,3000,6000
7195,266,1668,1666,1669,3.09589012204e-08,3000,6000
7196,1665,919,1666,1669,3.09588976677e-08,3000,6000
7197,1665,1667,919,1669,3.0958894115e-08,3000,6000
7198,1665,1666,1668,1669,3.09588976677e-08,3000,6000
7199,1665,1668,1667,1669,3.0958894115e-08,3000,6000
7200,179,1219,1657,1670,3.09589225367e-08,3000,6000
7201,203,1658,1219,1663,3.09588514824e-08,3000,6000
7202,153,1657,1658,1669,3.0958894115e-08,3000,6000
7203,266,1663,1670,1669,3.09588550351e-08,3000,6000
7204,1219,1657,1670,1669,3.09589260894e-08,3000,6000
7205,1219,1658,1657,1669,3.09589225367e-08,3000,6000
7206,1219,1670,1663,1669,3.09588550351e-08,3000,6000
7207,1219,1663,1658,1669,3.09588514824e-08,3000,6000
7208,179,1231,1219,1670,3.09588976677e-08,3000,6000
7209,205,1227,1231,1664,3.09588266134e-08,3000,6000
7210,203,1219,1227,1663,3.09588266134e-08,3000,6000
7211,266,1664,1670,1663,3.09588266134e-08,3000,6000
7212,1231,1219,1670,1663,3.09588266134e-08,3000,6000
7213,1231,1227,1219,1663,3.09588266134e-08,3000,6000
7214,1231,1670,1664,1663,3.09588301661e-08,3000,6000
7215,1231,1664,1227,1663,3.09588301661e-08,3000,6000
7216,179,1657,1661,1670,3.09589403003e-08,3000,6000
7217,153,1667,1657,1669,3.0958894115e-08,3000,6000
7218,265,1661,1667,1668,3.09588976677e-08,3000,6000
7219,266,1669,1670,1668,3.0958869246e-08,3000,6000
7220,1657,1661,1670,1668,3.09589403003e-08,3000,6000
7221,1657,1667,1661,1668,3.09588976677e-08,3000,6000
7222,1657,1670,1669,1668,3.09589403003e-08,3000,6000
7223,1657,1669,1667,1668,3.09588976677e-08,3000,6000
7224,179,1661,1231,1670,3.09589154313e-08,3000,6000
7225,265,1660,1661,1668,3.09588976677e-08,3000,6000
7226,205,1231,1660,1664,3.0958844377e-08,3000,6000
7227,266,1668,1670,1664,3.0958844377e-08,3000,6000
7228,1661,1231,1670,1664,3.09588621406e-08,3000,6000
7229,1661,1660,1231,1664,3.09588727987e-08,3000,6000
7230,1661,1670,1668,1664,3.09588870095e-08,3000,6000
7231,1661,1668,1660,1664,3.09588976677e-08,3000,6000
7232,4,1274,1137,1671,3.09588585878e-08,3000,6000
7233,215,1276,1274,1672,3.0958794639e-08,3000,6000
7234,190,1137,1276,1673,3.09588656933e-08,3000,6000
7235,267,1672,1671,1673,3.09588799041e-08,3000,6000
7236,1274,1137,1671,1673,3.09588550351e-08,3000,6000
7237,1274,1276,1137,1673,3.09588656933e-08,3000,6000
7238,1274,1671,1672,1673,3.09588550351e-08,3000,6000
7239,1274,1672,1276,1673,3.09588656933e-08,3000,6000
7240,44,1285,1284,1674,3.09588976677e-08,3000,6000
7241,217,1288,1285,1675,3.09588905623e-08,3000,6000
7242,215,1284,1288,1676,3.09589012204e-08,3000,6000
7243,268,1675,1674,1676,3.09588976677e-08,3000,6000
7244,1285,1284,1674,1676,3.09589047731e-08,3000,6000
7245,1285,1288,1284,1676,3.09589083258e-08,3000,6000
7246,1285,1674,1675,1676,3.09588905623e-08,3000,6000
7247,1285,1675,1288,1676,3.0958894115e-08,3000,6000
7248,37,1144,1280,1677,3.09588727987e-08,3000,6000
7249,190,1281,1144,1678,3.09588763514e-08,3000,6000
7250,217,1280,1281,1679,3.09588017444e-08,3000,6000
7251,269,1678,1677,1679,3.09589047731e-08,3000,6000
7252,1144,1280,1677,1679,3.09588727987e-08,3000,6000
7253,1144,1281,1280,1679,3.09588727987e-08,3000,6000
7254,1144,1677,1678,1679,3.09588763514e-08,3000,6000
7255,1144,1678,1281,1679,3.09588763514e-08,3000,6000
7256,51,1680,1681,1682,3.0958894115e-08,3000,6000
7257,268,1683,1680,1684,3.09589047731e-08,3000,6000
7258,267,1681,1683,1685,3.0958894115e-08,3000,6000
7259,269,1684,1682,1685,3.09589047731e-08,3000,6000
7260,1680,1681,1682,1685,3.0958894115e-08,3000,6000
7261,1680,1683,1681,1685,3.0958894115e-08,3000,6000
7262,1680,1682,1684,1685,3.09589047731e-08,3000,6000
7263,1680,1684,1683,1685,3.09589047731e-08,3000,6000
7264,215,1276,1672,1686,3.09588052971e-08,3000,6000
7265,190,1673,1276,1678,3.09588763514e-08,3000,6000
7266,267,1672,1673,1685,3.09588905623e-08,3000,6000
7267,269,1678,1686,1685,3.09589012204e-08,3000,6000
7268,1276,1672,1686,1685,3.09588052971e-08,3000,6000
7269,1276,1673,1672,1685,3.0958918984e-08,3000,6000
7270,1276,1686,1678,1685,3.09588585878e-08,3000,6000
7271,1276,1678,1673,1685,3.09589722747e-08,3000,6000
7272,215,1288,1276,1686,3.09588017444e-08,3000,6000
7273,217,1281,1288,1679,3.0958794639e-08,3000,6000
7274,190,1276,1281,1678,3.09588727987e-08,3000,6000
7275,269,1679,1686,1678,3.09588976677e-08,3000,6000
7276,1288,1276,1686,1678,3.09588550351e-08,3000,6000
7277,1288,1281,1276,1678,3.09587733227e-08,3000,6000
7278,1288,1686,1679,1678,3.09588976677e-08,3000,6000
7279,1288,1679,1281,1678,3.0958819508e-08,3000,6000
7280,215,1672,1676,1686,3.09589012204e-08,3000,6000
7281,267,1683,1672,1685,3.09588870095e-08,3000,6000
7282,268,1676,1683,1684,3.09589012204e-08,3000,6000
7283,269,1685,1686,1684,3.09589012204e-08,3000,6000
7284,1672,1676,1686,1684,3.09589012204e-08,3000,6000
7285,1672,1683,1676,1684,3.09589012204e-08,3000,6000
7286,1672,1686,1685,1684,3.09589012204e-08,3000,6000
7287,1672,1685,1683,1684,3.09589012204e-08,3000,6000
7288,215,1676,1288,1686,3.09588976677e-08,3000,6000
7289,268,1675,1676,1684,3.09588976677e-08,3000,6000
7290,217,1288,1675,1679,3.09588905623e-08,3000,6000
7291,269,1684,1686,1679,3.09588976677e-08,3000,6000
7292,1676,1288,1686,1679,3.09588976677e-08,3000,6000
7293,1676,1675,1288,1679,3.09588976677e-08,3000,6000
7294,1676,1686,1684,1679,3.09588976677e-08,3000,6000
7295,1676,1684,1675,1679,3.09588976677e-08,3000,6000
7296,7,1249,1251,1687,3.09588905623e-08,3000,6000
7297,209,1253,1249,1688,3.09589012204e-08,3000,6000
7298,211,1251,1253,1689,3.09588905623e-08,3000,6000
7299,270,1688,1687,1689,3.09589012204e-08,3000,6000
7300,1249,1251,1687,1689,3.09588870095e-08,3000,6000
7301,1249,1253,1251,1689,3.09588905623e-08,3000,6000
7302,1249,1687,1688,1689,3.09589012204e-08,3000,6000
7303,1249,1688,1253,1689,3.09589012204e-08,3000,6000
7304,42,1257,1256,1690,3.0958894115e-08,3000,6000
7305,213,1260,1257,1691,3.09589012204e-08,3000,6000
7306,209,1256,1260,1692,3.09589012204e-08,3000,6000
7307,271,1691,1690,1692,3.0958894115e-08,3000,6000
7308,1257,1256,1690,1692,3.0958894115e-08,3000,6000
7309,1257,1260,1256,1692,3.09589012204e-08,3000,6000
7310,1257,1690,1691,1692,3.0958894115e-08,3000,6000
7311,1257,1691,1260,1692,3.09589012204e-08,3000,6000
7312,44,1268,1267,1693,3.09588870095e-08,3000,6000
7313,211,1270,1268,1694,3.09588905623e-08,3000,6000
7314,213,1267,1270,1695,3.09589012204e-08,3000,6000
7315,272,1694,1693,1695,3.09588976677e-08,3000,6000
7316,1268,1267,1693,1695,3.0958894115e-08,3000,6000
7317,1268,1270,1267,1695,3.0958894115e-08,3000,6000
7318,1268,1693,1694,1695,3.0958894115e-08,3000,6000
7319,1268,1694,1270,1695,3.0958894115e-08,3000,6000
7320,52,1696,1697,1698,3.09587910863e-08,3000,6000
7321,271,1699,1696,1700,3.09588976677e-08,3000,6000
7322,270,1697,1699,1701,3.09588763514e-08,3000,6000
7323,272,1700,1698,1701,3.09588976677e-08,3000,6000
7324,1696,1697,1698,1701,3.09587910863e-08,3000,6000
7325,1696,1699,1697,1701,3.09588052971e-08,3000,6000
7326,1696,1698,1700,1701,3.09588870095e-08,3000,6000
7327,1696,1700,1699,1701,3.09589012204e-08,3000,6000
7328,209,1253,1688,1702,3.09589012204e-08,3000,6000
7329,211,1689,1253,1694,3.09588905623e-08,3000,6000
7330,270,1688,1689,1701,3.09589012204e-08,3000,6000
7331,272,1694,1702,1701,3.09589012204e-08,3000,6000
7332,1253,1688,1702,1701,3.09589012204e-08,3000,6000
7333,1253,1689,1688,1701,3.09589012204e-08,3000,6000
7334,1253,1702,1694,1701,3.09589012204e-08,3000,6000
7335,1253,1694,1689,1701,3.09589012204e-08,3000,6000
7336,209,1260,1253,1702,3.09589012204e-08,3000,6000
7337,213,1270,1260,1695,3.09589012204e-08,3000,6000
7338,211,1253,1270,1694,3.09588905623e-08,3000,6000
7339,272,1695,1702,1694,3.09589012204e-08,3000,6000
7340,1260,1253,1702,1694,3.09589012204e-08,3000,6000
7341,1260,1270,1253,1694,3.09589012204e-08,3000,6000
7342,1260,1702,1695,1694,3.09589012204e-08,3000,6000
7343,1260,1695,1270,1694,3.09589012204e-08,3000,6000
7344,209,1688,1692,1702,3.09589012204e-08,3000,6000
7345,270,1699,1688,1701,3.09589012204e-08,3000,6000
7346,271,1692,1699,1700,3.0958894115e-08,3000,6000
7347,272,1701,1702,1700,3.09589012204e-08,3000,6000
7348,1688,1692,1702,1700,3.09589012204e-08,3000,6000
7349,1688,1699,1692,1700,3.09589012204e-08,3000,6000
7350,1688,1702,1701,1700,3.09589012204e-08,3000,6000
7351,1688,1701,1699,1700,3.09589012204e-08,3000,6000
7352,209,1692,1260,1702,3.09589012204e-08,3000,6000
7353,271,1691,1692,1700,3.0958894115e-08,3000,6000
7354,213,1260,1691,1695,3.09589012204e-08,3000,6000
7355,272,1700,1702,1695,3.09589012204e-08,3000,6000
7356,1692,1260,1702,1695,3.09589012204e-08,3000,6000
7357,1692,1691,1260,1695,3.09589012204e-08,3000,6000
7358,1692,1702,1700,1695,3.09589012204e-08,3000,6000
7359,1692,1700,1691,1695,3.09589012204e-08,3000,6000
7360,9,1703,945,1704,3.09588870095e-08,3000,6000
7361,273,1705,1703,1706,3.09588621406e-08,3000,6000
7362,159,945,1705,1707,3.09588621406e-08,3000,6000
7363,274,1706,1704,1707,3.09587910863e-08,3000,6000
7364,1703,945,1704,1707,3.09588621406e-08,3000,6000
7365,1703,1705,945,1707,3.09588621406e-08,3000,6000
7366,1703,1704,1706,1707,3.09588621406e-08,3000,6000
7367,1703,1706,1705,1707,3.09588621406e-08,3000,6000
7368,51,1708,1709,1710,3.0958894115e-08,3000,6000
7369,275,1711,1708,1712,3.09588976677e-08,3000,6000
7370,273,1709,1711,1713,3.09588017444e-08,3000,6000
7371,276,1712,1710,1713,3.09588621406e-08,3000,6000
7372,1708,1709,1710,1713,3.09588514824e-08,3000,6000
7373,1708,1711,1709,1713,3.09588372716e-08,3000,6000
7374,1708,1710,1712,1713,3.09588585878e-08,3000,6000
7375,1708,1712,1711,1713,3.09588408243e-08,3000,6000
7376,32,952,1714,1715,3.09589012204e-08,3000,6000
7377,159,1716,952,1717,3.09588017444e-08,3000,6000
7378,275,1714,1716,1718,3.09589012204e-08,3000,6000
7379,277,1717,1715,1718,3.09588727987e-08,3000,6000
7380,952,1714,1715,1718,3.09589012204e-08,3000,6000
7381,952,1716,1714,1718,3.09589012204e-08,3000,6000
7382,952,1715,1717,1718,3.09588052971e-08,3000,6000
7383,952,1717,1716,1718,3.09588052971e-08,3000,6000
7384,52,1719,1720,1721,3.09589012204e-08,3000,6000
7385,276,1722,1719,1723,3.09588017444e-08,3000,6000
7386,274,1720,1722,1724,3.09588763514e-08,3000,6000
7387,277,1723,1721,1724,3.09588052971e-08,3000,6000
7388,1719,1720,1721,1724,3.09589012204e-08,3000,6000
7389,1719,1722,1720,1724,3.09589012204e-08,3000,6000
7390,1719,1721,1723,1724,3.09588017444e-08,3000,6000
7391,1719,1723,1722,1724,3.09588052971e-08,3000,6000
7392,273,1705,1706,1725,3.09588976677e-08,3000,6000
7393,159,1707,1705,1717,3.09588976677e-08,3000,6000
7394,274,1706,1707,1724,3.09588017444e-08,3000,6000
7395,277,1717,1725,1724,3.09588727987e-08,3000,6000
7396,1705,1706,1725,1724,3.09588976677e-08,3000,6000
7397,1705,1707,1706,1724,3.09588976677e-08,3000,6000
7398,1705,1725,1717,1724,3.09588976677e-08,3000,6000
7399,1705,1717,1707,1724,3.09588976677e-08,3000,6000
7400,273,1711,1705,1725,3.09587981917e-08,3000,6000
7401,275,1716,1711,1718,3.0958894115e-08,3000,6000
7402,159,1705,1716,1717,3.0958794639e-08,3000,6000
7403,277,1718,1725,1717,3.0958869246e-08,3000,6000
7404,1711,1705,1725,1717,3.09587981917e-08,3000,6000
7405,1711,1716,1705,1717,3.0958794639e-08,3000,6000
7406,1711,1725,1718,1717,3.09587981917e-08,3000,6000
7407,1711,1718,1716,1717,3.09587981917e-08,3000,6000
7408,273,1706,1713,1725,3.0958894115e-08,3000,6000
7409,274,1722,1706,1724,3.09588017444e-08,3000,6000
7410,276,1713,1722,1723,3.0958869246e-08,3000,6000
7411,277,1724,1725,1723,3.0958869246e-08,3000,6000
7412,1706,1713,1725,1723,3.09589651692e-08,3000,6000
7413,1706,1722,1713,1723,3.09588408243e-08,3000,6000
7414,1706,1725,1724,1723,3.09589225367e-08,3000,6000
7415,1706,1724,1722,1723,3.09588017444e-08,3000,6000
7416,273,1713,1711,1725,3.0958794639e-08,3000,6000
7417,276,1712,1713,1723,3.09588656933e-08,3000,6000
7418,275,1711,1712,1718,3.09588905623e-08,3000,6000
7419,277,1723,1725,1718,3.09588656933e-08,3000,6000
7420,1713,1711,1725,1718,3.0958794639e-08,3000,6000
7421,1713,1712,1711,1718,3.0958794639e-08,3000,6000
7422,1713,1725,1723,1718,3.09588656933e-08,3000,6000
7423,1713,1723,1712,1718,3.09588656933e-08,3000,6000
7424,37,1229,1659,1726,3.09589154313e-08,3000,6000
7425,205,1660,1229,1727,3.09588479297e-08,3000,6000
7426,265,1659,1660,1728,3.09588976677e-08,3000,6000
7427,278,1727,1726,1728,3.09588479297e-08,3000,6000
7428,1229,1659,1726,1728,3.09589118785e-08,3000,6000
7429,1229,1660,1659,1728,3.09589118785e-08,3000,6000
7430,1229,1726,1727,1728,3.09588479297e-08,3000,6000
7431,1229,1727,1660,1728,3.09588479297e-08,3000,6000
7432,42,1662,1225,1690,3.0958894115e-08,3000,6000
7433,266,1664,1662,1729,3.09588976677e-08,3000,6000
7434,205,1225,1664,1730,3.0958894115e-08,3000,6000
7435,271,1729,1690,1730,3.09588976677e-08,3000,6000
7436,1662,1225,1690,1730,3.09588976677e-08,3000,6000
7437,1662,1664,1225,1730,3.0958894115e-08,3000,6000
7438,1662,1690,1729,1730,3.09588976677e-08,3000,6000
7439,1662,1729,1664,1730,3.0958894115e-08,3000,6000
7440,32,1665,1666,1715,3.09588870095e-08,3000,6000
7441,265,1668,1665,1731,3.09588905623e-08,3000,6000
7442,266,1666,1668,1732,3.09589012204e-08,3000,6000
7443,277,1731,1715,1732,3.09588905623e-08,3000,6000
7444,1665,1666,1715,1732,3.09588870095e-08,3000,6000
7445,1665,1668,1666,1732,3.09588870095e-08,3000,6000
7446,1665,1715,1731,1732,3.09588905623e-08,3000,6000
7447,1665,1731,1668,1732,3.09588905623e-08,3000,6000
7448,52,1696,1733,1721,3.09589047731e-08,3000,6000
7449,271,1734,1696,1735,3.09589012204e-08,3000,6000
7450,278,1733,1734,1736,3.09588372716e-08,3000,6000
7451,277,1735,1721,1736,3.09588372716e-08,3000,6000
7452,1696,1733,1721,1736,3.09588479297e-08,3000,6000
7453,1696,1734,1733,1736,3.09588727987e-08,3000,6000
7454,1696,1721,1735,1736,3.09588656933e-08,3000,6000
7455,1696,1735,1734,1736,3.09588905623e-08,3000,6000
7456,205,1660,1727,1737,3.09588976677e-08,3000,6000
7457,265,1728,1660,1731,3.09588976677e-08,3000,6000
7458,278,1727,1728,1736,3.09588976677e-08,3000,6000
7459,277,1731,1737,1736,3.09588905623e-08,3000,6000
7460,1660,1727,1737,1736,3.09588905623e-08,3000,6000
7461,1660,1728,1727,1736,3.09588976677e-08,3000,6000
7462,1660,1737,1731,1736,3.09588905623e-08,3000,6000
7463,1660,1731,1728,1736,3.09588976677e-08,3000,6000
7464,205,1664,1660,1737,3.09588976677e-08,3000,6000
7465,266,1668,1664,1732,3.09589012204e-08,3000,6000
7466,265,1660,1668,1731,3.0958894115e-08,3000,6000
7467,277,1732,1737,1731,3.09588905623e-08,3000,6000
7468,1664,1660,1737,1731,3.0958894115e-08,3000,6000
7469,1664,1668,1660,1731,3.0958894115e-08,3000,6000
7470,1664,1737,1732,1731,3.0958894115e-08,3000,6000
7471,1664,1732,1668,1731,3.09588905623e-08,3000,6000
7472,205,1727,1730,1737,3.09588976677e-08,3000,6000
7473,278,1734,1727,1736,3.0958894115e-08,3000,6000
7474,271,1730,1734,1735,3.09588976677e-08,3000,6000
7475,277,1736,1737,1735,3.09588905623e-08,3000,6000
7476,1727,1730,1737,1735,3.09588976677e-08,3000,6000
7477,1727,1734,1730,1735,3.0958894115e-08,3000,6000
7478,1727,1737,1736,1735,3.09588870095e-08,3000,6000
7479,1727,1736,1734,1735,3.09588834568e-08,3000,6000
7480,205,1730,1664,1737,3.0958894115e-08,3000,6000
7481,271,1729,1730,1735,3.09589012204e-08,3000,6000
7482,266,1664,1729,1732,3.09589047731e-08,3000,6000
7483,277,1735,1737,1732,3.09588905623e-08,3000,6000
7484,1730,1664,1737,1732,3.0958894115e-08,3000,6000
7485,1730,1729,1664,1732,3.09589012204e-08,3000,6000
7486,1730,1737,1735,1732,3.09588976677e-08,3000,6000
7487,1730,1735,1729,1732,3.09589012204e-08,3000,6000
7488,37,1280,1229,1726,3.09589012204e-08,3000,6000
7489,217,1296,1280,1738,3.09588230607e-08,3000,6000
7490,205,1229,1296,1727,3.09588337188e-08,3000,6000
7491,278,1738,1726,1727,3.09588337188e-08,3000,6000
7492,1280,1229,1726,1727,3.09588301661e-08,3000,6000
7493,1280,1296,1229,1727,3.09588372716e-08,3000,6000
7494,1280,1726,1738,1727,3.09588266134e-08,3000,6000
7495,1280,1738,1296,1727,3.09588337188e-08,3000,6000
7496,44,1267,1285,1693,3.09588905623e-08,3000,6000
7497,213,1299,1267,1695,3.09589047731e-08,3000,6000
7498,217,1285,1299,1739,3.09589012204e-08,3000,6000
7499,272,1695,1693,1739,3.09589012204e-08,3000,6000
7500,1267,1285,1693,1739,3.09589047731e-08,3000,6000
7501,1267,1299,1285,1739,3.09589047731e-08,3000,6000
7502,1267,1693,1695,1739,3.09589012204e-08,3000,6000
7503,1267,1695,1299,1739,3.09589012204e-08,3000,6000
7504,42,1225,1257,1690,3.0958894115e-08,3000,6000
7505,205,1293,1225,1730,3.09589012204e-08,3000,6000
7506,213,1257,1293,1691,3.09589012204e-08,3000,6000
7507,271,1730,1690,1691,3.09588976677e-08,3000,6000
7508,1225,1257,1690,1691,3.09588976677e-08,3000,6000
7509,1225,1293,1257,1691,3.09589012204e-08,3000,6000
7510,1225,1690,1730,1691,3.09588976677e-08,3000,6000
7511,1225,1730,1293,1691,3.09589012204e-08,3000,6000
7512,52,1698,1733,1696,3.09589331948e-08,3000,6000
7513,272,1740,1698,1700,3.09588976677e-08,3000,6000
7514,278,1733,1740,1734,3.0958869246e-08,3000,6000
7515,271,1700,1696,1734,3.09589012204e-08,3000,6000
7516,1698,1733,1696,1734,3.09589331948e-08,3000,6000
7517,1698,1740,1733,1734,3.09589403003e-08,3000,6000
7518,1698,1696,1700,1734,3.09588870095e-08,3000,6000
7519,1698,1700,1740,1734,3.09588976677e-08,3000,6000
7520,217,1296,1738,1741,3.09588870095e-08,3000,6000
7521,205,1727,1296,1730,3.09589047731e-08,3000,6000
7522,278,1738,1727,1734,3.09589012204e-08,3000,6000
7523,271,1730,1741,1734,3.09589047731e-08,3000,6000
7524,1296,1738,1741,1734,3.09589012204e-08,3000,6000
7525,1296,1727,1738,1734,3.09589012204e-08,3000,6000
7526,1296,1741,1730,1734,3.09589012204e-08,3000,6000
7527,1296,1730,1727,1734,3.09589012204e-08,3000,6000
7528,217,1299,1296,1741,3.09588870095e-08,3000,6000
7529,213,1293,1299,1691,3.09588976677e-08,3000,6000
7530,205,1296,1293,1730,3.09589012204e-08,3000,6000
7531,271,1691,1741,1730,3.09588905623e-08,3000,6000
7532,1299,1296,1741,1730,3.09588870095e-08,3000,6000
7533,1299,1293,1296,1730,3.0958894115e-08,3000,6000
7534,1299,1741,1691,1730,3.09588905623e-08,3000,6000
7535,1299,1691,1293,1730,3.09588976677e-08,3000,6000
7536,217,1738,1739,1741,3.09588870095e-08,3000,6000
7537,278,1740,1738,1734,3.09589047731e-08,3000,6000
7538,272,1739,1740,1700,3.09589012204e-08,3000,6000
7539,271,1734,1741,1700,3.09589047731e-08,3000,6000
7540,1738,1739,1741,1700,3.0958894115e-08,3000,6000
7541,1738,1740,1739,1700,3.0958894115e-08,3000,6000
7542,1738,1741,1734,1700,3.09589047731e-08,3000,6000
7543,1738,1734,1740,1700,3.09589047731e-08,3000,6000
7544,217,1739,1299,1741,3.09588870095e-08,3000,6000
7545,272,1695,1739,1700,3.09589012204e-08,3000,6000
7546,213,1299,1695,1691,3.09589047731e-08,3000,6000
7547,271,1700,1741,1691,3.09588905623e-08,3000,6000
7548,1739,1299,1741,1691,3.09588870095e-08,3000,6000
7549,1739,1695,1299,1691,3.09589012204e-08,3000,6000
7550,1739,1741,1700,1691,3.09588870095e-08,3000,6000
7551,1739,1700,1695,1691,3.09589012204e-08,3000,6000
7552,37,1659,1677,1726,3.09589331948e-08,3000,6000
7553,265,1742,1659,1728,3.09589047731e-08,3000,6000
7554,269,1677,1742,1743,3.0958894115e-08,3000,6000
7555,278,1728,1726,1743,3.0958869246e-08,3000,6000
7556,1659,1677,1726,1743,3.09589367475e-08,3000,6000
7557,1659,1742,1677,1743,3.0958894115e-08,3000,6000
7558,1659,1726,1728,1743,3.09589367475e-08,3000,6000
7559,1659,1728,1742,1743,3.0958894115e-08,3000,6000
7560,32,1714,1665,1715,3.09589012204e-08,3000,6000
7561,275,1744,1714,1718,3.09588905623e-08,3000,6000
7562,265,1665,1744,1731,3.09589047731e-08,3000,6000
7563,277,1718,1715,1731,3.09589012204e-08,3000,6000
7564,1714,1665,1715,1731,3.09589012204e-08,3000,6000
7565,1714,1744,1665,1731,3.09589047731e-08,3000,6000
7566,1714,1715,1718,1731,3.09589012204e-08,3000,6000
7567,1714,1718,1744,1731,3.09589047731e-08,3000,6000
7568,51,1682,1708,1710,3.09588834568e-08,3000,6000
7569,269,1745,1682,1746,3.09588976677e-08,3000,6000
7570,275,1708,1745,1712,3.09589047731e-08,3000,6000
7571,276,1746,1710,1712,3.09588976677e-08,3000,6000
7572,1682,1708,1710,1712,3.09588834568e-08,3000,6000
7573,1682,1745,1708,1712,3.09588905623e-08,3000,6000
7574,1682,1710,1746,1712,3.09588976677e-08,3000,6000
7575,1682,1746,1745,1712,3.09589047731e-08,3000,6000
7576,52,1721,1733,1719,3.09589012204e-08,3000,6000
7577,277,1736,1721,1723,3.09588301661e-08,3000,6000
7578,278,1733,1736,1747,3.09588337188e-08,3000,6000
7579,276,1723,1719,1747,3.0958819508e-08,3000,6000
7580,1721,1733,1719,1747,3.09588337188e-08,3000,6000
7581,1721,1736,1733,1747,3.09588408243e-08,3000,6000
7582,1721,1719,1723,1747,3.0958819508e-08,3000,6000
7583,1721,1723,1736,1747,3.09588266134e-08,3000,6000
7584,265,1742,1728,1748,3.09589047731e-08,3000,6000
7585,269,1743,1742,1746,3.09588834568e-08,3000,6000
7586,278,1728,1743,1747,3.09588976677e-08,3000,6000
7587,276,1746,1748,1747,3.09588834568e-08,3000,6000
7588,1742,1728,1748,1747,3.09589047731e-08,3000,6000
7589,1742,1743,1728,1747,3.09588870095e-08,3000,6000
7590,1742,1748,1746,1747,3.09588905623e-08,3000,6000
7591,1742,1746,1743,1747,3.09588727987e-08,3000,6000
7592,265,1744,1742,1748,3.09589047731e-08,3000,6000
7593,275,1745,1744,1712,3.0958894115e-08,3000,6000
7594,269,1742,1745,1746,3.09588834568e-08,3000,6000
7595,276,1712,1748,1746,3.09588834568e-08,3000,6000
7596,1744,1742,1748,1746,3.09588905623e-08,3000,6000
7597,1744,1745,1742,1746,3.09588905623e-08,3000,6000
7598,1744,1748,1712,1746,3.09588834568e-08,3000,6000
7599,1744,1712,1745,1746,3.09588834568e-08,3000,6000
7600,265,1728,1731,1748,3.09589047731e-08,3000,6000
7601,278,1736,1728,1747,3.09589047731e-08,3000,6000
7602,277,1731,1736,1723,3.09589012204e-08,3000,6000
7603,276,1747,1748,1723,3.09588905623e-08,3000,6000
7604,1728,1731,1748,1723,3.09589047731e-08,3000,6000
7605,1728,1736,1731,1723,3.09589047731e-08,3000,6000
7606,1728,1748,1747,1723,3.09589047731e-08,3000,6000
7607,1728,1747,1736,1723,3.09589047731e-08,3000,6000
7608,265,1731,1744,1748,3.09589047731e-08,3000,6000
7609,277,1718,1731,1723,3.09589012204e-08,3000,6000
7610,275,1744,1718,1712,3.09588905623e-08,3000,6000
7611,276,1723,1748,1712,3.09588905623e-08,3000,6000
7612,1731,1744,1748,1712,3.0958894115e-08,3000,6000
7613,1731,1718,1744,1712,3.09589047731e-08,3000,6000
7614,1731,1748,1723,1712,3.09588905623e-08,3000,6000
7615,1731,1723,1718,1712,3.09589012204e-08,3000,6000
7616,37,1677,1280,1726,3.09589154313e-08,3000,6000
7617,269,1679,1677,1743,3.09589047731e-08,3000,6000
7618,217,1280,1679,1738,3.09588372716e-08,3000,6000
7619,278,1743,1726,1738,3.09588550351e-08,3000,6000
7620,1677,1280,1726,1738,3.0958869246e-08,3000,6000
7621,1677,1679,1280,1738,3.09588656933e-08,3000,6000
7622,1677,1726,1743,1738,3.09589083258e-08,3000,6000
7623,1677,1743,1679,1738,3.09589012204e-08,3000,6000
7624,51,1680,1682,1710,3.09588976677e-08,3000,6000
7625,268,1684,1680,1749,3.09589012204e-08,3000,6000
7626,269,1682,1684,1746,3.09589083258e-08,3000,6000
7627,276,1749,1710,1746,3.09589083258e-08,3000,6000
7628,1680,1682,1710,1746,3.09589083258e-08,3000,6000
7629,1680,1684,1682,1746,3.09589083258e-08,3000,6000
7630,1680,1710,1749,1746,3.09589118785e-08,3000,6000
7631,1680,1749,1684,1746,3.09589118785e-08,3000,6000
7632,44,1285,1674,1693,3.09588905623e-08,3000,6000
7633,217,1675,1285,1739,3.09589012204e-08,3000,6000
7634,268,1674,1675,1750,3.09589047731e-08,3000,6000
7635,272,1739,1693,1750,3.09589083258e-08,3000,6000
7636,1285,1674,1693,1750,3.09589047731e-08,3000,6000
7637,1285,1675,1674,1750,3.09588976677e-08,3000,6000
7638,1285,1693,1739,1750,3.09589083258e-08,3000,6000
7639,1285,1739,1675,1750,3.09589047731e-08,3000,6000
7640,52,1719,1733,1698,3.09589260894e-08,3000,6000
7641,276,1747,1719,1751,3.09588514824e-08,3000,6000
7642,278,1733,1747,1740,3.09588656933e-08,3000,6000
7643,272,1751,1698,1740,3.09589083258e-08,3000,6000
7644,1719,1733,1698,1740,3.09589367475e-08,3000,6000
7645,1719,1747,1733,1740,3.09588656933e-08,3000,6000
7646,1719,1698,1751,1740,3.09589367475e-08,3000,6000
7647,1719,1751,1747,1740,3.09588656933e-08,3000,6000
7648,269,1679,1743,1752,3.09589118785e-08,3000,6000
7649,217,1738,1679,1739,3.09588834568e-08,3000,6000
7650,278,1743,1738,1740,3.09589012204e-08,3000,6000
7651,272,1739,1752,1740,3.09589012204e-08,3000,6000
7652,1679,1743,1752,1740,3.09589118785e-08,3000,6000
7653,1679,1738,1743,1740,3.09589012204e-08,3000,6000
7654,1679,1752,1739,1740,3.09589012204e-08,3000,6000
7655,1679,1739,1738,1740,3.09588905623e-08,3000,6000
7656,269,1684,1679,1752,3.09588976677e-08,3000,6000
7657,268,1675,1684,1750,3.09589047731e-08,3000,6000
7658,217,1679,1675,1739,3.09589012204e-08,3000,6000
7659,272,1750,1752,1739,3.09588834568e-08,3000,6000
7660,1684,1679,1752,1739,3.09588834568e-08,3000,6000
7661,1684,1675,1679,1739,3.09589047731e-08,3000,6000
7662,1684,1752,1750,1739,3.09588834568e-08,3000,6000
7663,1684,1750,1675,1739,3.09589047731e-08,3000,6000
7664,269,1743,1746,1752,3.09589083258e-08,3000,6000
7665,278,1747,1743,1740,3.09588976677e-08,3000,6000
7666,276,1746,1747,1751,3.09588834568e-08,3000,6000
7667,272,1740,1752,1751,3.09589047731e-08,3000,6000
7668,1743,1746,1752,1751,3.09589047731e-08,3000,6000
7669,1743,1747,1746,1751,3.09588834568e-08,3000,6000
7670,1743,1752,1740,1751,3.09589154313e-08,3000,6000
7671,1743,1740,1747,1751,3.09588976677e-08,3000,6000
7672,269,1746,1684,1752,3.0958894115e-08,3000,6000
7673,276,1749,1746,1751,3.09589012204e-08,3000,6000
7674,268,1684,1749,1750,3.09588905623e-08,3000,6000
7675,272,1751,1752,1750,3.09588905623e-08,3000,6000
7676,1746,1684,1752,1750,3.09588870095e-08,3000,6000
7677,1746,1749,1684,1750,3.09589047731e-08,3000,6000
7678,1746,1752,1751,1750,3.09588727987e-08,3000,6000
7679,1746,1751,1749,1750,3.0958894115e-08,3000,6000
7680,0,1088,913,813,3.09587875336e-08,3000,6000
7681,179,1657,1088,1561,3.09587875336e-08,3000,6000
7682,153,913,1657,1013,3.09588550351e-08,3000,6000
7683,137,1561,813,1013,3.09588550351e-08,3000,6000
7684,1088,913,813,1013,3.09587875336e-08,3000,6000
7685,1088,1657,913,1013,3.09587875336e-08,3000,6000
7686,1088,813,1561,1013,3.09587875336e-08,3000,6000
7687,1088,1561,1657,1013,3.09587875336e-08,3000,6000
7688,37,1659,1099,1563,3.09587804281e-08,3000,6000
7689,265,1661,1659,1753,3.09588621406e-08,3000,6000
7690,179,1099,1661,1564,3.0958794639e-08,3000,6000
7691,251,1753,1563,1564,3.09588621406e-08,3000,6000
7692,1659,1099,1563,1564,3.09587910863e-08,3000,6000
7693,1659,1661,1099,1564,3.09587910863e-08,3000,6000
7694,1659,1563,1753,1564,3.09587910863e-08,3000,6000
7695,1659,1753,1661,1564,3.09587910863e-08,3000,6000
7696,32,919,1665,1018,3.09589225367e-08,3000,6000
7697,153,1667,919,1020,3.09589331948e-08,3000,6000
7698,265,1665,1667,1754,3.09589225367e-08,3000,6000
7699,169,1020,1018,1754,3.09588514824e-08,3000,6000
7700,919,1665,1018,1754,3.09589225367e-08,3000,6000
7701,919,1667,1665,1754,3.09589225367e-08,3000,6000
7702,919,1018,1020,1754,3.09589225367e-08,3000,6000
7703,919,1020,1667,1754,3.09589225367e-08,3000,6000
7704,29,1566,823,1015,3.09589225367e-08,3000,6000
7705,251,1568,1566,1755,3.09589225367e-08,3000,6000
7706,137,823,1568,1016,3.09589331948e-08,3000,6000
7707,169,1755,1015,1016,3.09588514824e-08,3000,6000
7708,1566,823,1015,1016,3.09589225367e-08,3000,6000
7709,1566,1568,823,1016,3.09589225367e-08,3000,6000
7710,1566,1015,1755,1016,3.09589225367e-08,3000,6000
7711,1566,1755,1568,1016,3.09589225367e-08,3000,6000
7712,179,1657,1561,1756,3.09587875336e-08,3000,6000
7713,153,1013,1657,1020,3.09588621406e-08,3000,6000
7714,137,1561,1013,1016,3.09588621406e-08,3000,6000
7715,169,1020,1756,1016,3.09587804281e-08,3000,6000
7716,1657,1561,1756,1016,3.09587875336e-08,3000,6000
7717,1657,1013,1561,1016,3.09587910863e-08,3000,6000
7718,1657,1756,1020,1016,3.09587875336e-08,3000,6000
7719,1657,1020,1013,1016,3.09587910863e-08,3000,6000
7720,179,1661,1657,1756,3.09587875336e-08,3000,6000
7721,265,1667,1661,1754,3.09589225367e-08,3000,6000
7722,153,1657,1667,1020,3.09589296421e-08,3000,6000
7723,169,1754,1756,1020,3.09587804281e-08,3000,6000
7724,1661,1657,1756,1020,3.09587875336e-08,3000,6000
7725,1661,1667,1657,1020,3.09589296421e-08,3000,6000
7726,1661,1756,1754,1020,3.09587768754e-08,3000,6000
7727,1661,1754,1667,1020,3.0958918984e-08,3000,6000
7728,179,1561,1564,1756,3.09587875336e-08,3000,6000
7729,137,1568,1561,1016,3.09589296421e-08,3000,6000
7730,251,1564,1568,1755,3.09589225367e-08,3000,6000
7731,169,1016,1756,1755,3.09587804281e-08,3000,6000
7732,1561,1564,1756,1755,3.09587839809e-08,3000,6000
7733,1561,1568,1564,1755,3.09589225367e-08,3000,6000
7734,1561,1756,1016,1755,3.09587839809e-08,3000,6000
7735,1561,1016,1568,1755,3.09589225367e-08,3000,6000
7736,179,1564,1661,1756,3.09587875336e-08,3000,6000
7737,251,1753,1564,1755,3.09588550351e-08,3000,6000
7738,265,1661,1753,1754,3.09588550351e-08,3000,6000
7739,169,1755,1756,1754,3.09587804281e-08,3000,6000
7740,1564,1661,1756,1754,3.09587804281e-08,3000,6000
7741,1564,1753,1661,1754,3.09587875336e-08,3000,6000
7742,1564,1756,1755,1754,3.09587804281e-08,3000,6000
7743,1564,1755,1753,1754,3.09587875336e-08,3000,6000
7744,4,1671,1137,1575,3.09587733227e-08,3000,6000
7745,267,1673,1671,1757,3.0958844377e-08,3000,6000
7746,190,1137,1673,1576,3.09587875336e-08,3000,6000
7747,253,1757,1575,1576,3.0958844377e-08,3000,6000
7748,1671,1137,1575,1576,3.09587733227e-08,3000,6000
7749,1671,1673,1137,1576,3.09587733227e-08,3000,6000
7750,1671,1575,1757,1576,3.09587733227e-08,3000,6000
7751,1671,1757,1673,1576,3.09587733227e-08,3000,6000
7752,51,1682,1681,1758,3.09589260894e-08,3000,6000
7753,269,1685,1682,1759,3.09589367475e-08,3000,6000
7754,267,1681,1685,1760,3.09589260894e-08,3000,6000
7755,279,1759,1758,1760,3.09588550351e-08,3000,6000
7756,1682,1681,1758,1760,3.09589260894e-08,3000,6000
7757,1682,1685,1681,1760,3.09589260894e-08,3000,6000
7758,1682,1758,1759,1760,3.09589260894e-08,3000,6000
7759,1682,1759,1685,1760,3.09589260894e-08,3000,6000
7760,37,1144,1677,1584,3.09587910863e-08,3000,6000
7761,190,1678,1144,1585,3.09587981917e-08,3000,6000
7762,269,1677,1678,1761,3.09588656933e-08,3000,6000
7763,254,1585,1584,1761,3.09588656933e-08,3000,6000
7764,1144,1677,1584,1761,3.09587981917e-08,3000,6000
7765,1144,1678,1677,1761,3.09587981917e-08,3000,6000
7766,1144,1584,1585,1761,3.09587981917e-08,3000,6000
7767,1144,1585,1678,1761,3.09587981917e-08,3000,6000
7768,49,1762,1579,1578,3.09589260894e-08,3000,6000
7769,279,1763,1762,1764,3.09588550351e-08,3000,6000
7770,253,1579,1763,1581,3.09589260894e-08,3000,6000
7771,254,1764,1578,1581,3.09589367475e-08,3000,6000
7772,1762,1579,1578,1581,3.09589260894e-08,3000,6000
7773,1762,1763,1579,1581,3.09589260894e-08,3000,6000
7774,1762,1578,1764,1581,3.09589260894e-08,3000,6000
7775,1762,1764,1763,1581,3.09589260894e-08,3000,6000
7776,267,1673,1757,1765,3.09588550351e-08,3000,6000
7777,190,1576,1673,1585,3.09587981917e-08,3000,6000
7778,253,1757,1576,1581,3.09588550351e-08,3000,6000
7779,254,1585,1765,1581,3.09588656933e-08,3000,6000
7780,1673,1757,1765,1581,3.09588550351e-08,3000,6000
7781,1673,1576,1757,1581,3.09587875336e-08,3000,6000
7782,1673,1765,1585,1581,3.09588656933e-08,3000,6000
7783,1673,1585,1576,1581,3.09587981917e-08,3000,6000
7784,267,1685,1673,1765,3.09588550351e-08,3000,6000
7785,269,1678,1685,1761,3.09588656933e-08,3000,6000
7786,190,1673,1678,1585,3.09587981917e-08,3000,6000
7787,254,1761,1765,1585,3.09588656933e-08,3000,6000
7788,1685,1673,1765,1585,3.09588656933e-08,3000,6000
7789,1685,1678,1673,1585,3.09587981917e-08,3000,6000
7790,1685,1765,1761,1585,3.09588656933e-08,3000,6000
7791,1685,1761,1678,1585,3.09587981917e-08,3000,6000
7792,267,1757,1760,1765,3.09588550351e-08,3000,6000
7793,253,1763,1757,1581,3.09588550351e-08,3000,6000
7794,279,1760,1763,1764,3.09587875336e-08,3000,6000
7795,254,1581,1765,1764,3.09588656933e-08,3000,6000
7796,1757,1760,1765,1764,3.09587875336e-08,3000,6000
7797,1757,1763,1760,1764,3.09587875336e-08,3000,6000
7798,1757,1765,1581,1764,3.09588550351e-08,3000,6000
7799,1757,1581,1763,1764,3.09588550351e-08,3000,6000
7800,267,1760,1685,1765,3.09588550351e-08,3000,6000
7801,279,1759,1760,1764,3.09587875336e-08,3000,6000
7802,269,1685,1759,1761,3.09588656933e-08,3000,6000
7803,254,1764,1765,1761,3.09588656933e-08,3000,6000
7804,1760,1685,1765,1761,3.09588550351e-08,3000,6000
7805,1760,1759,1685,1761,3.09588621406e-08,3000,6000
7806,1760,1765,1764,1761,3.09587910863e-08,3000,6000
7807,1760,1764,1759,1761,3.09587981917e-08,3000,6000
7808,9,945,1703,1047,3.09588514824e-08,3000,6000
7809,159,1705,945,1049,3.09587804281e-08,3000,6000
7810,273,1703,1705,1766,3.09587804281e-08,3000,6000
7811,174,1049,1047,1766,3.09588514824e-08,3000,6000
7812,945,1703,1047,1766,3.09587804281e-08,3000,6000
7813,945,1705,1703,1766,3.09587804281e-08,3000,6000
7814,945,1047,1049,1766,3.09587804281e-08,3000,6000
7815,945,1049,1705,1766,3.09587804281e-08,3000,6000
7816,32,1714,952,1053,3.09589331948e-08,3000,6000
7817,275,1716,1714,1767,3.09589331948e-08,3000,6000
7818,159,952,1716,1054,3.09588621406e-08,3000,6000
7819,176,1767,1053,1054,3.09589331948e-08,3000,6000
7820,1714,952,1053,1054,3.09589331948e-08,3000,6000
7821,1714,1716,952,1054,3.09589331948e-08,3000,6000
7822,1714,1053,1767,1054,3.09589331948e-08,3000,6000
7823,1714,1767,1716,1054,3.09589331948e-08,3000,6000
7824,51,1709,1708,1768,3.09589260894e-08,3000,6000
7825,273,1711,1709,1769,3.09588550351e-08,3000,6000
7826,275,1708,1711,1770,3.09589260894e-08,3000,6000
7827,280,1769,1768,1770,3.09589260894e-08,3000,6000
7828,1709,1708,1768,1770,3.09589367475e-08,3000,6000
7829,1709,1711,1708,1770,3.09589367475e-08,3000,6000
7830,1709,1768,1769,1770,3.09589260894e-08,3000,6000
7831,1709,1769,1711,1770,3.09589260894e-08,3000,6000
7832,35,1058,1057,1771,3.09588514824e-08,3000,6000
7833,176,1061,1058,1772,3.09589225367e-08,3000,6000
7834,174,1057,1061,1773,3.09589225367e-08,3000,6000
7835,280,1772,1771,1773,3.09589225367e-08,3000,6000
7836,1058,1057,1771,1773,3.09589225367e-08,3000,6000
7837,1058,1061,1057,1773,3.09589225367e-08,3000,6000
7838,1058,1771,1772,1773,3.09589225367e-08,3000,6000
7839,1058,1772,1061,1773,3.09589225367e-08,3000,6000
7840,159,1705,1049,1774,3.09588514824e-08,3000,6000
7841,273,1766,1705,1769,3.09588514824e-08,3000,6000
7842,174,1049,1766,1773,3.09589225367e-08,3000,6000
7843,280,1769,1774,1773,3.09589225367e-08,3000,6000
7844,1705,1049,1774,1773,3.09588514824e-08,3000,6000
7845,1705,1766,1049,1773,3.09589225367e-08,3000,6000
7846,1705,1774,1769,1773,3.09588514824e-08,3000,6000
7847,1705,1769,1766,1773,3.09589225367e-08,3000,6000
7848,159,1716,1705,1774,3.09588514824e-08,3000,6000
7849,275,1711,1716,1770,3.09589225367e-08,3000,6000
7850,273,1705,1711,1769,3.09588514824e-08,3000,6000
7851,280,1770,1774,1769,3.09589225367e-08,3000,6000
7852,1716,1705,1774,1769,3.09588514824e-08,3000,6000
7853,1716,1711,1705,1769,3.09588514824e-08,3000,6000
7854,1716,1774,1770,1769,3.09589225367e-08,3000,6000
7855,1716,1770,1711,1769,3.09589225367e-08,3000,6000
7856,159,1049,1054,1774,3.09588514824e-08,3000,6000
7857,174,1061,1049,1773,3.09589225367e-08,3000,6000
7858,176,1054,1061,1772,3.09589225367e-08,3000,6000
7859,280,1773,1774,1772,3.09589225367e-08,3000,6000
7860,1049,1054,1774,1772,3.09589225367e-08,3000,6000
7861,1049,1061,1054,1772,3.09589225367e-08,3000,6000
7862,1049,1774,1773,1772,3.09589225367e-08,3000,6000
7863,1049,1773,1061,1772,3.09589225367e-08,3000,6000
7864,159,1054,1716,1774,3.09588514824e-08,3000,6000
7865,176,1767,1054,1772,3.09589225367e-08,3000,6000
7866,275,1716,1767,1770,3.09589225367e-08,3000,6000
7867,280,1772,1774,1770,3.09589225367e-08,3000,6000
7868,1054,1716,1774,1770,3.09589225367e-08,3000,6000
7869,1054,1767,1716,1770,3.09589225367e-08,3000,6000
7870,1054,1774,1772,1770,3.09589225367e-08,3000,6000
7871,1054,1772,1767,1770,3.09589225367e-08,3000,6000
7872,10,1591,862,1031,3.09588514824e-08,3000,6000
7873,256,1593,1591,1775,3.09587804281e-08,3000,6000
7874,147,862,1593,1032,3.09587804281e-08,3000,6000
7875,171,1775,1031,1032,3.09588514824e-08,3000,6000
7876,1591,862,1031,1032,3.09587804281e-08,3000,6000
7877,1591,1593,862,1032,3.09587804281e-08,3000,6000
7878,1591,1031,1775,1032,3.09587804281e-08,3000,6000
7879,1591,1775,1593,1032,3.09587804281e-08,3000,6000
7880,49,1602,1601,1776,3.09589260894e-08,3000,6000
7881,258,1604,1602,1777,3.09589260894e-08,3000,6000
7882,256,1601,1604,1778,3.09588550351e-08,3000,6000
7883,281,1777,1776,1778,3.09589260894e-08,3000,6000
7884,1602,1601,1776,1778,3.09589367475e-08,3000,6000
7885,1602,1604,1601,1778,3.09589331948e-08,3000,6000
7886,1602,1776,1777,1778,3.09589331948e-08,3000,6000
7887,1602,1777,1604,1778,3.09589260894e-08,3000,6000
7888,29,873,1596,1034,3.09589331948e-08,3000,6000
7889,147,1598,873,1036,3.09588621406e-08,3000,6000
7890,258,1596,1598,1779,3.09589331948e-08,3000,6000
7891,172,1036,1034,1779,3.09589331948e-08,3000,6000
7892,873,1596,1034,1779,3.09589331948e-08,3000,6000
7893,873,1598,1596,1779,3.09589331948e-08,3000,6000
7894,873,1034,1036,1779,3.09589331948e-08,3000,6000
7895,873,1036,1598,1779,3.09589331948e-08,3000,6000
7896,35,1780,1041,1040,3.09588514824e-08,3000,6000
7897,281,1781,1780,1782,3.09589225367e-08,3000,6000
7898,171,1041,1781,1043,3.09589225367e-08,3000,6000
7899,172,1782,1040,1043,3.09589225367e-08,3000,6000
7900,1780,1041,1040,1043,3.09589225367e-08,3000,6000
7901,1780,1781,1041,1043,3.09589225367e-08,3000,6000
7902,1780,1040,1782,1043,3.09589225367e-08,3000,6000
7903,1780,1782,1781,1043,3.09589225367e-08,3000,6000
7904,256,1593,1775,1783,3.09588514824e-08,3000,6000
7905,147,1032,1593,1036,3.09588514824e-08,3000,6000
7906,171,1775,1032,1043,3.09589225367e-08,3000,6000
7907,172,1036,1783,1043,3.09589225367e-08,3000,6000
7908,1593,1775,1783,1043,3.09588514824e-08,3000,6000
7909,1593,1032,1775,1043,3.09589225367e-08,3000,6000
7910,1593,1783,1036,1043,3.09588514824e-08,3000,6000
7911,1593,1036,1032,1043,3.09589225367e-08,3000,6000
7912,256,1604,1593,1783,3.09588514824e-08,3000,6000
7913,258,1598,1604,1779,3.09589225367e-08,3000,6000
7914,147,1593,1598,1036,3.09588514824e-08,3000,6000
7915,172,1779,1783,1036,3.09589225367e-08,3000,6000
7916,1604,1593,1783,1036,3.09588514824e-08,3000,6000
7917,1604,1598,1593,1036,3.09588514824e-08,3000,6000
7918,1604,1783,1779,1036,3.09589225367e-08,3000,6000
7919,1604,1779,1598,1036,3.09589225367e-08,3000,6000
7920,256,1775,1778,1783,3.09588514824e-08,3000,6000
7921,171,1781,1775,1043,3.09589225367e-08,3000,6000
7922,281,1778,1781,1782,3.09589225367e-08,3000,6000
7923,172,1043,1783,1782,3.09589225367e-08,3000,6000
7924,1775,1778,1783,1782,3.09589225367e-08,3000,6000
7925,1775,1781,1778,1782,3.09589225367e-08,3000,6000
7926,1775,1783,1043,1782,3.09589225367e-08,3000,6000
7927,1775,1043,1781,1782,3.09589225367e-08,3000,6000
7928,256,1778,1604,1783,3.09588514824e-08,3000,6000
7929,281,1777,1778,1782,3.09589225367e-08,3000,6000
7930,258,1604,1777,1779,3.09589225367e-08,3000,6000
7931,172,1782,1783,1779,3.09589225367e-08,3000,6000
7932,1778,1604,1783,1779,3.09589225367e-08,3000,6000
7933,1778,1777,1604,1779,3.09589225367e-08,3000,6000
7934,1778,1783,1782,1779,3.09589225367e-08,3000,6000
7935,1778,1782,1777,1779,3.09589225367e-08,3000,6000
7936,37,1659,1563,1784,3.09587875336e-08,3000,6000
7937,265,1753,1659,1785,3.09588656933e-08,3000,6000
7938,251,1563,1753,1786,3.09588656933e-08,3000,6000
7939,282,1785,1784,1786,3.09587875336e-08,3000,6000
7940,1659,1563,1784,1786,3.09587981917e-08,3000,6000
7941,1659,1753,1563,1786,3.09587981917e-08,3000,6000
7942,1659,1784,1785,1786,3.09587981917e-08,3000,6000
7943,1659,1785,1753,1786,3.09587981917e-08,3000,6000
7944,32,1018,1665,1053,3.09589331948e-08,3000,6000
7945,169,1754,1018,1069,3.09588621406e-08,3000,6000
7946,265,1665,1754,1787,3.0958943853e-08,3000,6000
7947,176,1069,1053,1787,3.09589331948e-08,3000,6000
7948,1018,1665,1053,1787,3.09589367475e-08,3000,6000
7949,1018,1754,1665,1787,3.0958943853e-08,3000,6000
7950,1018,1053,1069,1787,3.09589331948e-08,3000,6000
7951,1018,1069,1754,1787,3.09589367475e-08,3000,6000
7952,29,1566,1015,1034,3.09589331948e-08,3000,6000
7953,251,1755,1566,1788,3.0958943853e-08,3000,6000
7954,169,1015,1755,1066,3.09588621406e-08,3000,6000
7955,172,1788,1034,1066,3.09589331948e-08,3000,6000
7956,1566,1015,1034,1066,3.09589331948e-08,3000,6000
7957,1566,1755,1015,1066,3.09589331948e-08,3000,6000
7958,1566,1034,1788,1066,3.0958943853e-08,3000,6000
7959,1566,1788,1755,1066,3.0958943853e-08,3000,6000
7960,35,1058,1789,1040,3.09587804281e-08,3000,6000
7961,176,1790,1058,1072,3.09588514824e-08,3000,6000
7962,282,1789,1790,1791,3.09587804281e-08,3000,6000
7963,172,1072,1040,1791,3.09588514824e-08,3000,6000
7964,1058,1789,1040,1791,3.09587804281e-08,3000,6000
7965,1058,1790,1789,1791,3.09587804281e-08,3000,6000
7966,1058,1040,1072,1791,3.09587804281e-08,3000,6000
7967,1058,1072,1790,1791,3.09587804281e-08,3000,6000
7968,265,1753,1785,1792,3.09588621406e-08,3000,6000
7969,251,1786,1753,1788,3.09588621406e-08,3000,6000
7970,282,1785,1786,1791,3.09587804281e-08,3000,6000
7971,172,1788,1792,1791,3.09588514824e-08,3000,6000
7972,1753,1785,1792,1791,3.09587875336e-08,3000,6000
7973,1753,1786,1785,1791,3.09587910863e-08,3000,6000
7974,1753,1792,1788,1791,3.09588514824e-08,3000,6000
7975,1753,1788,1786,1791,3.09588550351e-08,3000,6000
7976,265,1754,1753,1792,3.09588727987e-08,3000,6000
7977,169,1755,1754,1066,3.09587910863e-08,3000,6000
7978,251,1753,1755,1788,3.09588727987e-08,3000,6000
7979,172,1066,1792,1788,3.09588621406e-08,3000,6000
7980,1754,1753,1792,1788,3.09588727987e-08,3000,6000
7981,1754,1755,1753,1788,3.09588017444e-08,3000,6000
7982,1754,1792,1066,1788,3.09588727987e-08,3000,6000
7983,1754,1066,1755,1788,3.09588017444e-08,3000,6000
7984,265,1785,1787,1792,3.09588621406e-08,3000,6000
7985,282,1790,1785,1791,3.09587804281e-08,3000,6000
7986,176,1787,1790,1072,3.09588514824e-08,3000,6000
7987,172,1791,1792,1072,3.09588514824e-08,3000,6000
7988,1785,1787,1792,1072,3.09588514824e-08,3000,6000
7989,1785,1790,1787,1072,3.09588514824e-08,3000,6000
7990,1785,1792,1791,1072,3.09587804281e-08,3000,6000
7991,1785,1791,1790,1072,3.09587804281e-08,3000,6000
7992,265,1787,1754,1792,3.09588727987e-08,3000,6000
7993,176,1069,1787,1072,3.09588621406e-08,3000,6000
7994,169,1754,1069,1066,3.09587910863e-08,3000,6000
7995,172,1072,1792,1066,3.09588621406e-08,3000,6000
7996,1787,1754,1792,1066,3.09588727987e-08,3000,6000
7997,1787,1069,1754,1066,3.09588017444e-08,3000,6000
7998,1787,1792,1072,1066,3.09588621406e-08,3000,6000
7999,1787,1072,1069,1066,3.09587910863e-08,3000,6000
8000,37,1677,1659,1784,3.09587839809e-08,3000,6000
8001,269,1742,1677,1793,3.09589225367e-08,3000,6000
8002,265,1659,1742,1785,3.09589367475e-08,3000,6000
8003,282,1793,1784,1785,3.09587875336e-08,3000,6000
8004,1677,1659,1784,1785,3.09587875336e-08,3000,6000
8005,1677,1742,1659,1785,3.09589296421e-08,3000,6000
8006,1677,1784,1793,1785,3.09587839809e-08,3000,6000
8007,1677,1793,1742,1785,3.09589225367e-08,3000,6000
8008,51,1708,1682,1768,3.09589225367e-08,3000,6000
8009,275,1745,1708,1770,3.09589331948e-08,3000,6000
8010,269,1682,1745,1794,3.09589225367e-08,3000,6000
8011,280,1770,1768,1794,3.09589367475e-08,3000,6000
8012,1708,1682,1768,1794,3.09589331948e-08,3000,6000
8013,1708,1745,1682,1794,3.09589225367e-08,3000,6000
8014,1708,1768,1770,1794,3.0958943853e-08,3000,6000
8015,1708,1770,1745,1794,3.09589331948e-08,3000,6000
8016,32,1665,1714,1053,3.09589331948e-08,3000,6000
8017,265,1744,1665,1787,3.09589367475e-08,3000,6000
8018,275,1714,1744,1767,3.09589260894e-08,3000,6000
8019,176,1787,1053,1767,3.09589260894e-08,3000,6000
8020,1665,1714,1053,1767,3.09589331948e-08,3000,6000
8021,1665,1744,1714,1767,3.09589331948e-08,3000,6000
8022,1665,1053,1787,1767,3.09589331948e-08,3000,6000
8023,1665,1787,1744,1767,3.09589331948e-08,3000,6000
8024,35,1771,1789,1058,3.09587804281e-08,3000,6000
8025,280,1795,1771,1772,3.09589225367e-08,3000,6000
8026,282,1789,1795,1790,3.09587804281e-08,3000,6000
8027,176,1772,1058,1790,3.09589225367e-08,3000,6000
8028,1771,1789,1058,1790,3.09587804281e-08,3000,6000
8029,1771,1795,1789,1790,3.09587804281e-08,3000,6000
8030,1771,1058,1772,1790,3.09589225367e-08,3000,6000
8031,1771,1772,1795,1790,3.09589225367e-08,3000,6000
8032,269,1742,1793,1796,3.09589225367e-08,3000,6000
8033,265,1785,1742,1787,3.09589367475e-08,3000,6000
8034,282,1793,1785,1790,3.09587839809e-08,3000,6000
8035,176,1787,1796,1790,3.09589225367e-08,3000,6000
8036,1742,1793,1796,1790,3.09589225367e-08,3000,6000
8037,1742,1785,1793,1790,3.09589260894e-08,3000,6000
8038,1742,1796,1787,1790,3.09589225367e-08,3000,6000
8039,1742,1787,1785,1790,3.09589260894e-08,3000,6000
8040,269,1745,1742,1796,3.09589225367e-08,3000,6000
8041,275,1744,1745,1767,3.09589260894e-08,3000,6000
8042,265,1742,1744,1787,3.09589367475e-08,3000,6000
8043,176,1767,1796,1787,3.09589225367e-08,3000,6000
8044,1745,1742,1796,1787,3.09589225367e-08,3000,6000
8045,1745,1744,1742,1787,3.09589260894e-08,3000,6000
8046,1745,1796,1767,1787,3.09589225367e-08,3000,6000
8047,1745,1767,1744,1787,3.09589260894e-08,3000,6000
8048,269,1793,1794,1796,3.0958918984e-08,3000,6000
8049,282,1795,1793,1790,3.09587804281e-08,3000,6000
8050,280,1794,1795,1772,3.09589225367e-08,3000,6000
8051,176,1790,1796,1772,3.09589225367e-08,3000,6000
8052,1793,1794,1796,1772,3.09589260894e-08,3000,6000
8053,1793,1795,1794,1772,3.09589225367e-08,3000,6000
8054,1793,1796,1790,1772,3.09589260894e-08,3000,6000
8055,1793,1790,1795,1772,3.09589225367e-08,3000,6000
8056,269,1794,1745,1796,3.0958918984e-08,3000,6000
8057,280,1770,1794,1772,3.09589225367e-08,3000,6000
8058,275,1745,1770,1767,3.09589225367e-08,3000,6000
8059,176,1772,1796,1767,3.09589225367e-08,3000,6000
8060,1794,1745,1796,1767,3.09589260894e-08,3000,6000
8061,1794,1770,1745,1767,3.09589225367e-08,3000,6000
8062,1794,1796,1772,1767,3.09589260894e-08,3000,6000
8063,1794,1772,1770,1767,3.09589225367e-08,3000,6000
8064,37,1563,1584,1784,3.09587839809e-08,3000,6000
8065,251,1642,1563,1786,3.09589367475e-08,3000,6000
8066,254,1584,1642,1797,3.09589225367e-08,3000,6000
8067,282,1786,1784,1797,3.09587875336e-08,3000,6000
8068,1563,1584,1784,1797,3.09587804281e-08,3000,6000
8069,1563,1642,1584,1797,3.09589225367e-08,3000,6000
8070,1563,1784,1786,1797,3.09587910863e-08,3000,6000
8071,1563,1786,1642,1797,3.09589331948e-08,3000,6000
8072,29,1596,1566,1034,3.09589331948e-08,3000,6000
8073,258,1646,1596,1779,3.09589260894e-08,3000,6000
8074,251,1566,1646,1788,3.09589367475e-08,3000,6000
8075,172,1779,1034,1788,3.09589260894e-08,3000,6000
8076,1596,1566,1034,1788,3.09589367475e-08,3000,6000
8077,1596,1646,1566,1788,3.09589367475e-08,3000,6000
8078,1596,1034,1779,1788,3.09589260894e-08,3000,6000
8079,1596,1779,1646,1788,3.09589260894e-08,3000,6000
8080,49,1578,1602,1776,3.09589225367e-08,3000,6000
8081,254,1644,1578,1798,3.09589225367e-08,3000,6000
8082,258,1602,1644,1777,3.09589331948e-08,3000,6000
8083,281,1798,1776,1777,3.09589367475e-08,3000,6000
8084,1578,1602,1776,1777,3.09589331948e-08,3000,6000
8085,1578,1644,1602,1777,3.09589296421e-08,3000,6000
8086,1578,1776,1798,1777,3.09589331948e-08,3000,6000
8087,1578,1798,1644,1777,3.09589296421e-08,3000,6000
8088,35,1040,1789,1780,3.09587804281e-08,3000,6000
8089,172,1791,1040,1782,3.09589225367e-08,3000,6000
8090,282,1789,1791,1799,3.09587804281e-08,3000,6000
8091,281,1782,1780,1799,3.09589225367e-08,3000,6000
8092,1040,1789,1780,1799,3.09587804281e-08,3000,6000
8093,1040,1791,1789,1799,3.09587804281e-08,3000,6000
8094,1040,1780,1782,1799,3.09589225367e-08,3000,6000
8095,1040,1782,1791,1799,3.09589225367e-08,3000,6000
8096,251,1642,1786,1800,3.09589331948e-08,3000,6000
8097,254,1797,1642,1798,3.09589154313e-08,3000,6000
8098,282,1786,1797,1799,3.09587875336e-08,3000,6000
8099,281,1798,1800,1799,3.09589260894e-08,3000,6000
8100,1642,1786,1800,1799,3.09589260894e-08,3000,6000
8101,1642,1797,1786,1799,3.09589260894e-08,3000,6000
8102,1642,1800,1798,1799,3.09589260894e-08,3000,6000
8103,1642,1798,1797,1799,3.09589260894e-08,3000,6000
8104,251,1646,1642,1800,3.09589331948e-08,3000,6000
8105,258,1644,1646,1777,3.09589260894e-08,3000,6000
8106,254,1642,1644,1798,3.09589154313e-08,3000,6000
8107,281,1777,1800,1798,3.09589260894e-08,3000,6000
8108,1646,1642,1800,1798,3.09589260894e-08,3000,6000
8109,1646,1644,1642,1798,3.09589260894e-08,3000,6000
8110,1646,1800,1777,1798,3.09589260894e-08,3000,6000
8111,1646,1777,1644,1798,3.09589260894e-08,3000,6000
8112,251,1786,1788,1800,3.09589260894e-08,3000,6000
8113,282,1791,1786,1799,3.09587804281e-08,3000,6000
8114,172,1788,1791,1782,3.09589225367e-08,3000,6000
8115,281,1799,1800,1782,3.09589225367e-08,3000,6000
8116,1786,1788,1800,1782,3.09589225367e-08,3000,6000
8117,1786,1791,1788,1782,3.09589225367e-08,3000,6000
8118,1786,1800,1799,1782,3.09589225367e-08,3000,6000
8119,1786,1799,1791,1782,3.09589225367e-08,3000,6000
8120,251,1788,1646,1800,3.09589260894e-08,3000,6000
8121,172,1779,1788,1782,3.09589225367e-08,3000,6000
8122,258,1646,1779,1777,3.09589225367e-08,3000,6000
8123,281,1782,1800,1777,3.09589225367e-08,3000,6000
8124,1788,1646,1800,1777,3.09589225367e-08,3000,6000
8125,1788,1779,1646,1777,3.09589225367e-08,3000,6000
8126,1788,1800,1782,1777,3.09589225367e-08,3000,6000
8127,1788,1782,1779,1777,3.09589225367e-08,3000,6000
8128,37,1584,1677,1784,3.09587804281e-08,3000,6000
8129,254,1761,1584,1797,3.09588550351e-08,3000,6000
8130,269,1677,1761,1793,3.09588550351e-08,3000,6000
8131,282,1797,1784,1793,3.09587875336e-08,3000,6000
8132,1584,1677,1784,1793,3.09587733227e-08,3000,6000
8133,1584,1761,1677,1793,3.09587875336e-08,3000,6000
8134,1584,1784,1797,1793,3.09587733227e-08,3000,6000
8135,1584,1797,1761,1793,3.09587875336e-08,3000,6000
8136,49,1762,1578,1776,3.09589154313e-08,3000,6000
8137,279,1764,1762,1801,3.0958844377e-08,3000,6000
8138,254,1578,1764,1798,3.09589260894e-08,3000,6000
8139,281,1801,1776,1798,3.09589474057e-08,3000,6000
8140,1762,1578,1776,1798,3.09589260894e-08,3000,6000
8141,1762,1764,1578,1798,3.09589154313e-08,3000,6000
8142,1762,1776,1801,1798,3.09589367475e-08,3000,6000
8143,1762,1801,1764,1798,3.09589260894e-08,3000,6000
8144,51,1682,1758,1768,3.09589154313e-08,3000,6000
8145,269,1759,1682,1794,3.09589260894e-08,3000,6000
8146,279,1758,1759,1802,3.0958844377e-08,3000,6000
8147,280,1794,1768,1802,3.09589474057e-08,3000,6000
8148,1682,1758,1768,1802,3.09589154313e-08,3000,6000
8149,1682,1759,1758,1802,3.09589154313e-08,3000,6000
8150,1682,1768,1794,1802,3.09589367475e-08,3000,6000
8151,1682,1794,1759,1802,3.09589367475e-08,3000,6000
8152,35,1780,1789,1771,3.09587804281e-08,3000,6000
8153,281,1799,1780,1803,3.09588514824e-08,3000,6000
8154,282,1789,1799,1795,3.09587804281e-08,3000,6000
8155,280,1803,1771,1795,3.09588514824e-08,3000,6000
8156,1780,1789,1771,1795,3.09587804281e-08,3000,6000
8157,1780,1799,1789,1795,3.09587804281e-08,3000,6000
8158,1780,1771,1803,1795,3.09587804281e-08,3000,6000
8159,1780,1803,1799,1795,3.09587804281e-08,3000,6000
8160,254,1761,1797,1804,3.0958844377e-08,3000,6000
8161,269,1793,1761,1794,3.0958844377e-08,3000,6000
8162,282,1797,1793,1795,3.09587875336e-08,3000,6000
8163,280,1794,1804,1795,3.09588550351e-08,3000,6000
8164,1761,1797,1804,1795,3.09587768754e-08,3000,6000
8165,1761,1793,1797,1795,3.09587804281e-08,3000,6000
8166,1761,1804,1794,1795,3.09588479297e-08,3000,6000
8167,1761,1794,1793,1795,3.09588550351e-08,3000,6000
8168,254,1764,1761,1804,3.09588550351e-08,3000,6000
8169,279,1759,1764,1802,3.09587733227e-08,3000,6000
8170,269,1761,1759,1794,3.09588550351e-08,3000,6000
8171,280,1802,1804,1794,3.09588763514e-08,3000,6000
8172,1764,1761,1804,1794,3.09588550351e-08,3000,6000
8173,1764,1759,1761,1794,3.09587875336e-08,3000,6000
8174,1764,1804,1802,1794,3.09588656933e-08,3000,6000
8175,1764,1802,1759,1794,3.09587981917e-08,3000,6000
8176,254,1797,1798,1804,3.0958844377e-08,3000,6000
8177,282,1799,1797,1795,3.09587875336e-08,3000,6000
8178,281,1798,1799,1803,3.09588550351e-08,3000,6000
8179,280,1795,1804,1803,3.09588550351e-08,3000,6000
8180,1797,1798,1804,1803,3.09588550351e-08,3000,6000
8181,1797,1799,1798,1803,3.09588550351e-08,3000,6000
8182,1797,1804,1795,1803,3.09587875336e-08,3000,6000
8183,1797,1795,1799,1803,3.09587875336e-08,3000,6000
8184,254,1798,1764,1804,3.09588550351e-08,3000,6000
8185,281,1801,1798,1803,3.09588763514e-08,3000,6000
8186,279,1764,1801,1802,3.09587733227e-08,3000,6000
8187,280,1803,1804,1802,3.09588763514e-08,3000,6000
8188,1798,1764,1804,1802,3.09588656933e-08,3000,6000
8189,1798,1801,1764,1802,3.09587981917e-08,3000,6000
8190,1798,1804,1803,1802,3.09588763514e-08,3000,6000
8191,1798,1803,1801,1802,3.09588088498e-08,3000,6000
8192,0,1089,813,310,3.09588870095e-08,3000,6000
8193,180,1562,1089,1805,3.09588017444e-08,3000,6000
8194,137,813,1562,815,3.09588870095e-08,3000,6000
8195,56,1805,310,815,3.09588017444e-08,3000,6000
8196,1089,813,310,815,3.09588870095e-08,3000,6000
8197,1089,1562,813,815,3.09588870095e-08,3000,6000
8198,1089,310,1805,815,3.09588017444e-08,3000,6000
8199,1089,1805,1562,815,3.09588017444e-08,3000,6000
8200,38,1571,1106,1806,3.09588870095e-08,3000,6000
8201,252,1573,1571,1807,3.09588870095e-08,3000,6000
8202,180,1106,1573,1808,3.09588870095e-08,3000,6000
8203,283,1807,1806,1808,3.09588870095e-08,3000,6000
8204,1571,1106,1806,1808,3.09588870095e-08,3000,6000
8205,1571,1573,1106,1808,3.09588870095e-08,3000,6000
8206,1571,1806,1807,1808,3.09588870095e-08,3000,6000
8207,1571,1807,1573,1808,3.09588870095e-08,3000,6000
8208,29,823,1567,824,3.09588834568e-08,3000,6000
8209,137,1569,823,827,3.0958894115e-08,3000,6000
8210,252,1567,1569,1809,3.0958894115e-08,3000,6000
8211,139,827,824,1809,3.0958894115e-08,3000,6000
8212,823,1567,824,1809,3.0958894115e-08,3000,6000
8213,823,1569,1567,1809,3.0958894115e-08,3000,6000
8214,823,824,827,1809,3.0958894115e-08,3000,6000
8215,823,827,1569,1809,3.0958894115e-08,3000,6000
8216,14,1810,321,819,3.09588870095e-08,3000,6000
8217,283,1811,1810,1812,3.09588870095e-08,3000,6000
8218,56,321,1811,820,3.09588870095e-08,3000,6000
8219,139,1812,819,820,3.09588870095e-08,3000,6000
8220,1810,321,819,820,3.09588870095e-08,3000,6000
8221,1810,1811,321,820,3.09588870095e-08,3000,6000
8222,1810,819,1812,820,3.09588870095e-08,3000,6000
8223,1810,1812,1811,820,3.09588870095e-08,3000,6000
8224,180,1562,1805,1813,3.09588870095e-08,3000,6000
8225,137,815,1562,827,3.09588870095e-08,3000,6000
8226,56,1805,815,820,3.09588870095e-08,3000,6000
8227,139,827,1813,820,3.09588870095e-08,3000,6000
8228,1562,1805,1813,820,3.09588870095e-08,3000,6000
8229,1562,815,1805,820,3.09588870095e-08,3000,6000
8230,1562,1813,827,820,3.09588870095e-08,3000,6000
8231,1562,827,815,820,3.09588870095e-08,3000,6000
8232,180,1573,1562,1813,3.09588870095e-08,3000,6000
8233,252,1569,1573,1809,3.09588870095e-08,3000,6000
8234,137,1562,1569,827,3.09588870095e-08,3000,6000
8235,139,1809,1813,827,3.09588870095e-08,3000,6000
8236,1573,1562,1813,827,3.09588870095e-08,3000,6000
8237,1573,1569,1562,827,3.09588870095e-08,3000,6000
8238,1573,1813,1809,827,3.09588870095e-08,3000,6000
8239,1573,1809,1569,827,3.09588870095e-08,3000,6000
8240,180,1805,1808,1813,3.09588870095e-08,3000,6000
8241,56,1811,1805,820,3.09588870095e-08,3000,6000
8242,283,1808,1811,1812,3.09588870095e-08,3000,6000
8243,139,820,1813,1812,3.09588870095e-08,3000,6000
8244,1805,1808,1813,1812,3.09588870095e-08,3000,6000
8245,1805,1811,1808,1812,3.09588870095e-08,3000,6000
8246,1805,1813,820,1812,3.09588870095e-08,3000,6000
8247,1805,820,1811,1812,3.09588870095e-08,3000,6000
8248,180,1808,1573,1813,3.09588870095e-08,3000,6000
8249,283,1807,1808,1812,3.09588870095e-08,3000,6000
8250,252,1573,1807,1809,3.09588870095e-08,3000,6000
8251,139,1812,1813,1809,3.09588870095e-08,3000,6000
8252,1808,1573,1813,1809,3.09588870095e-08,3000,6000
8253,1808,1807,1573,1809,3.09588870095e-08,3000,6000
8254,1808,1813,1812,1809,3.09588870095e-08,3000,6000
8255,1808,1812,1807,1809,3.09588870095e-08,3000,6000
8256,5,1614,1163,1814,3.09588905623e-08,3000,6000
8257,261,1616,1614,1815,3.09588905623e-08,3000,6000
8258,197,1163,1616,1816,3.09588017444e-08,3000,6000
8259,284,1815,1814,1816,3.09588870095e-08,3000,6000
8260,1614,1163,1814,1816,3.09588905623e-08,3000,6000
8261,1614,1616,1163,1816,3.09588905623e-08,3000,6000
8262,1614,1814,1815,1816,3.09588905623e-08,3000,6000
8263,1614,1815,1616,1816,3.09588905623e-08,3000,6000
8264,50,1625,1624,1817,3.09588799041e-08,3000,6000
8265,263,1628,1625,1818,3.09588905623e-08,3000,6000
8266,261,1624,1628,1819,3.09588052971e-08,3000,6000
8267,285,1818,1817,1819,3.09588052971e-08,3000,6000
8268,1625,1624,1817,1819,3.09588905623e-08,3000,6000
8269,1625,1628,1624,1819,3.0958844377e-08,3000,6000
8270,1625,1817,1818,1819,3.09588514824e-08,3000,6000
8271,1625,1818,1628,1819,3.09588052971e-08,3000,6000
8272,38,1174,1620,1820,3.09588870095e-08,3000,6000
8273,197,1621,1174,1821,3.09588870095e-08,3000,6000
8274,263,1620,1621,1822,3.09587981917e-08,3000,6000
8275,286,1821,1820,1822,3.09588870095e-08,3000,6000
8276,1174,1620,1820,1822,3.09587981917e-08,3000,6000
8277,1174,1621,1620,1822,3.09587981917e-08,3000,6000
8278,1174,1820,1821,1822,3.09588870095e-08,3000,6000
8279,1174,1821,1621,1822,3.09588870095e-08,3000,6000
8280,53,1823,1824,1825,3.09588870095e-08,3000,6000
8281,285,1826,1823,1827,3.09588870095e-08,3000,6000
8282,284,1824,1826,1828,3.09588870095e-08,3000,6000
8283,286,1827,1825,1828,3.09587981917e-08,3000,6000
8284,1823,1824,1825,1828,3.09588870095e-08,3000,6000
8285,1823,1826,1824,1828,3.09588870095e-08,3000,6000
8286,1823,1825,1827,1828,3.09588870095e-08,3000,6000
8287,1823,1827,1826,1828,3.09588870095e-08,3000,6000
8288,261,1616,1815,1829,3.09588870095e-08,3000,6000
8289,197,1816,1616,1821,3.09587981917e-08,3000,6000
8290,284,1815,1816,1828,3.09588870095e-08,3000,6000
8291,286,1821,1829,1828,3.09588017444e-08,3000,6000
8292,1616,1815,1829,1828,3.09588870095e-08,3000,6000
8293,1616,1816,1815,1828,3.09588870095e-08,3000,6000
8294,1616,1829,1821,1828,3.09587981917e-08,3000,6000
8295,1616,1821,1816,1828,3.09587981917e-08,3000,6000
8296,261,1628,1616,1829,3.09587981917e-08,3000,6000
8297,263,1621,1628,1822,3.09588870095e-08,3000,6000
8298,197,1616,1621,1821,3.09588870095e-08,3000,6000
8299,286,1822,1829,1821,3.09588870095e-08,3000,6000
8300,1628,1616,1829,1821,3.09587981917e-08,3000,6000
8301,1628,1621,1616,1821,3.09589296421e-08,3000,6000
8302,1628,1829,1822,1821,3.09588408243e-08,3000,6000
8303,1628,1822,1621,1821,3.09589722747e-08,3000,6000
8304,261,1815,1819,1829,3.09588870095e-08,3000,6000
8305,284,1826,1815,1828,3.09588870095e-08,3000,6000
8306,285,1819,1826,1827,3.09588870095e-08,3000,6000
8307,286,1828,1829,1827,3.09588017444e-08,3000,6000
8308,1815,1819,1829,1827,3.09588870095e-08,3000,6000
8309,1815,1826,1819,1827,3.09588870095e-08,3000,6000
8310,1815,1829,1828,1827,3.09588870095e-08,3000,6000
8311,1815,1828,1826,1827,3.09588870095e-08,3000,6000
8312,261,1819,1628,1829,3.09587981917e-08,3000,6000
8313,285,1818,1819,1827,3.09588017444e-08,3000,6000
8314,263,1628,1818,1822,3.09588870095e-08,3000,6000
8315,286,1827,1829,1822,3.09588870095e-08,3000,6000
8316,1819,1628,1829,1822,3.09588408243e-08,3000,6000
8317,1819,1818,1628,1822,3.09587981917e-08,3000,6000
8318,1819,1829,1827,1822,3.09588870095e-08,3000,6000
8319,1819,1827,1818,1822,3.0958844377e-08,3000,6000
8320,10,862,1592,863,3.09588834568e-08,3000,6000
8321,147,1594,862,866,3.09588834568e-08,3000,6000
8322,257,1592,1594,1830,3.0958794639e-08,3000,6000
8323,148,866,863,1830,3.0958794639e-08,3000,6000
8324,862,1592,863,1830,3.09588834568e-08,3000,6000
8325,862,1594,1592,1830,3.09588372716e-08,3000,6000
8326,862,863,866,1830,3.09588372716e-08,3000,6000
8327,862,866,1594,1830,3.0958794639e-08,3000,6000
8328,29,1597,873,875,3.09588052971e-08,3000,6000
8329,259,1600,1597,1831,3.0958894115e-08,3000,6000
8330,147,873,1600,877,3.09588052971e-08,3000,6000
8331,151,1831,875,877,3.0958894115e-08,3000,6000
8332,1597,873,875,877,3.09588052971e-08,3000,6000
8333,1597,1600,873,877,3.09588052971e-08,3000,6000
8334,1597,875,1831,877,3.0958894115e-08,3000,6000
8335,1597,1831,1600,877,3.0958894115e-08,3000,6000
8336,50,1608,1607,1832,3.09588052971e-08,3000,6000
8337,257,1610,1608,1833,3.09588905623e-08,3000,6000
8338,259,1607,1610,1834,3.09588905623e-08,3000,6000
8339,287,1833,1832,1834,3.09588052971e-08,3000,6000
8340,1608,1607,1832,1834,3.09588052971e-08,3000,6000
8341,1608,1610,1607,1834,3.09588905623e-08,3000,6000
8342,1608,1832,1833,1834,3.09588052971e-08,3000,6000
8343,1608,1833,1610,1834,3.09588905623e-08,3000,6000
8344,31,881,880,1835,3.09588052971e-08,3000,6000
8345,151,884,881,1836,3.09588905623e-08,3000,6000
8346,148,880,884,1837,3.09588905623e-08,3000,6000
8347,287,1836,1835,1837,3.09588052971e-08,3000,6000
8348,881,880,1835,1837,3.09588052971e-08,3000,6000
8349,881,884,880,1837,3.09588905623e-08,3000,6000
8350,881,1835,1836,1837,3.09588052971e-08,3000,6000
8351,881,1836,884,1837,3.09588905623e-08,3000,6000
8352,147,1594,866,1838,3.0958894115e-08,3000,6000
8353,257,1830,1594,1833,3.09588052971e-08,3000,6000
8354,148,866,1830,1837,3.09588052971e-08,3000,6000
8355,287,1833,1838,1837,3.0958894115e-08,3000,6000
8356,1594,866,1838,1837,3.0958894115e-08,3000,6000
8357,1594,1830,866,1837,3.09588052971e-08,3000,6000
8358,1594,1838,1833,1837,3.0958894115e-08,3000,6000
8359,1594,1833,1830,1837,3.09588052971e-08,3000,6000
8360,147,1600,1594,1838,3.09588514824e-08,3000,6000
8361,259,1610,1600,1834,3.09588514824e-08,3000,6000
8362,257,1594,1610,1833,3.09588514824e-08,3000,6000
8363,287,1834,1838,1833,3.09588514824e-08,3000,6000
8364,1600,1594,1838,1833,3.09588514824e-08,3000,6000
8365,1600,1610,1594,1833,3.09588514824e-08,3000,6000
8366,1600,1838,1834,1833,3.09588514824e-08,3000,6000
8367,1600,1834,1610,1833,3.09588514824e-08,3000,6000
8368,147,866,877,1838,3.09588514824e-08,3000,6000
8369,148,884,866,1837,3.09588514824e-08,3000,6000
8370,151,877,884,1836,3.09588514824e-08,3000,6000
8371,287,1837,1838,1836,3.09588514824e-08,3000,6000
8372,866,877,1838,1836,3.0958894115e-08,3000,6000
8373,866,884,877,1836,3.0958894115e-08,3000,6000
8374,866,1838,1837,1836,3.09588052971e-08,3000,6000
8375,866,1837,884,1836,3.09588052971e-08,3000,6000
8376,147,877,1600,1838,3.09588052971e-08,3000,6000
8377,151,1831,877,1836,3.0958894115e-08,3000,6000
8378,259,1600,1831,1834,3.0958894115e-08,3000,6000
8379,287,1836,1838,1834,3.09588052971e-08,3000,6000
8380,877,1600,1838,1834,3.09588052971e-08,3000,6000
8381,877,1831,1600,1834,3.0958894115e-08,3000,6000
8382,877,1838,1836,1834,3.09588052971e-08,3000,6000
8383,877,1836,1831,1834,3.0958894115e-08,3000,6000
8384,6,1839,359,845,3.09588905623e-08,3000,6000
8385,288,1840,1839,1841,3.09588870095e-08,3000,6000
8386,67,359,1840,846,3.09588017444e-08,3000,6000
8387,143,1841,845,846,3.09588905623e-08,3000,6000
8388,1839,359,845,846,3.09588905623e-08,3000,6000
8389,1839,1840,359,846,3.09588905623e-08,3000,6000
8390,1839,845,1841,846,3.09588905623e-08,3000,6000
8391,1839,1841,1840,846,3.09588905623e-08,3000,6000
8392,53,1842,1843,1844,3.09588870095e-08,3000,6000
8393,289,1845,1842,1846,3.09587981917e-08,3000,6000
8394,288,1843,1845,1847,3.09588870095e-08,3000,6000
8395,290,1846,1844,1847,3.09588870095e-08,3000,6000
8396,1842,1843,1844,1847,3.09588870095e-08,3000,6000
8397,1842,1845,1843,1847,3.09588870095e-08,3000,6000
8398,1842,1844,1846,1847,3.09588870095e-08,3000,6000
8399,1842,1846,1845,1847,3.09588870095e-08,3000,6000
8400,14,366,1848,848,3.09588870095e-08,3000,6000
8401,67,1849,366,850,3.09588870095e-08,3000,6000
8402,289,1848,1849,1850,3.09588870095e-08,3000,6000
8403,144,850,848,1850,3.09587981917e-08,3000,6000
8404,366,1848,848,1850,3.09587981917e-08,3000,6000
8405,366,1849,1848,1850,3.09588870095e-08,3000,6000
8406,366,848,850,1850,3.09587981917e-08,3000,6000
8407,366,850,1849,1850,3.09588870095e-08,3000,6000
8408,31,1851,855,854,3.09588799041e-08,3000,6000
8409,290,1852,1851,1853,3.09588052971e-08,3000,6000
8410,143,855,1852,857,3.09588052971e-08,3000,6000
8411,144,1853,854,857,3.09588905623e-08,3000,6000
8412,1851,855,854,857,3.09588905623e-08,3000,6000
8413,1851,1852,855,857,3.09588052971e-08,3000,6000
8414,1851,854,1853,857,3.09588905623e-08,3000,6000
8415,1851,1853,1852,857,3.09588052971e-08,3000,6000
8416,288,1840,1841,1854,3.09588799041e-08,3000,6000
8417,67,846,1840,850,3.09588479297e-08,3000,6000
8418,143,1841,846,857,3.09588479297e-08,3000,6000
8419,144,850,1854,857,3.09588799041e-08,3000,6000
8420,1840,1841,1854,857,3.09588799041e-08,3000,6000
8421,1840,846,1841,857,3.09588905623e-08,3000,6000
8422,1840,1854,850,857,3.09588799041e-08,3000,6000
8423,1840,850,846,857,3.09588905623e-08,3000,6000
8424,288,1845,1840,1854,3.09588870095e-08,3000,6000
8425,289,1849,1845,1850,3.09588017444e-08,3000,6000
8426,67,1840,1849,850,3.09587981917e-08,3000,6000
8427,144,1850,1854,850,3.09588870095e-08,3000,6000
8428,1845,1840,1854,850,3.09588870095e-08,3000,6000
8429,1845,1849,1840,850,3.09587981917e-08,3000,6000
8430,1845,1854,1850,850,3.09588870095e-08,3000,6000
8431,1845,1850,1849,850,3.09587981917e-08,3000,6000
8432,288,1841,1847,1854,3.09588870095e-08,3000,6000
8433,143,1852,1841,857,3.09587981917e-08,3000,6000
8434,290,1847,1852,1853,3.09588017444e-08,3000,6000
8435,144,857,1854,1853,3.09588870095e-08,3000,6000
8436,1841,1847,1854,1853,3.09588870095e-08,3000,6000
8437,1841,1852,1847,1853,3.09587981917e-08,3000,6000
8438,1841,1854,857,1853,3.09588870095e-08,3000,6000
8439,1841,857,1852,1853,3.09587981917e-08,3000,6000
8440,288,1847,1845,1854,3.09588905623e-08,3000,6000
8441,290,1846,1847,1853,3.09588408243e-08,3000,6000
8442,289,1845,1846,1850,3.09588408243e-08,3000,6000
8443,144,1853,1854,1850,3.09588905623e-08,3000,6000
8444,1847,1845,1854,1850,3.09588905623e-08,3000,6000
8445,1847,1846,1845,1850,3.09588870095e-08,3000,6000
8446,1847,1854,1853,1850,3.09588905623e-08,3000,6000
8447,1847,1853,1846,1850,3.09588870095e-08,3000,6000
8448,38,1571,1806,1855,3.09588870095e-08,3000,6000
8449,252,1807,1571,1856,3.09587981917e-08,3000,6000
8450,283,1806,1807,1857,3.09588870095e-08,3000,6000
8451,291,1856,1855,1857,3.09588870095e-08,3000,6000
8452,1571,1806,1855,1857,3.09588870095e-08,3000,6000
8453,1571,1807,1806,1857,3.09588870095e-08,3000,6000
8454,1571,1855,1856,1857,3.09588870095e-08,3000,6000
8455,1571,1856,1807,1857,3.09588870095e-08,3000,6000
8456,29,824,1567,875,3.0958794639e-08,3000,6000
8457,139,1809,824,892,3.0958894115e-08,3000,6000
8458,252,1567,1809,1858,3.0958894115e-08,3000,6000
8459,151,892,875,1858,3.09588834568e-08,3000,6000
8460,824,1567,875,1858,3.09588834568e-08,3000,6000
8461,824,1809,1567,1858,3.0958894115e-08,3000,6000
8462,824,875,892,1858,3.09588834568e-08,3000,6000
8463,824,892,1809,1858,3.0958894115e-08,3000,6000
8464,14,1810,819,848,3.09588870095e-08,3000,6000
8465,283,1812,1810,1859,3.09588870095e-08,3000,6000
8466,139,819,1812,889,3.09587981917e-08,3000,6000
8467,144,1859,848,889,3.09588870095e-08,3000,6000
8468,1810,819,848,889,3.0958844377e-08,3000,6000
8469,1810,1812,819,889,3.09587981917e-08,3000,6000
8470,1810,848,1859,889,3.09589758274e-08,3000,6000
8471,1810,1859,1812,889,3.09589296421e-08,3000,6000
8472,31,881,1860,854,3.0958794639e-08,3000,6000
8473,151,1861,881,895,3.09588799041e-08,3000,6000
8474,291,1860,1861,1862,3.09588052971e-08,3000,6000
8475,144,895,854,1862,3.09588052971e-08,3000,6000
8476,881,1860,854,1862,3.09587129266e-08,3000,6000
8477,881,1861,1860,1862,3.09587591119e-08,3000,6000
8478,881,854,895,1862,3.09588408243e-08,3000,6000
8479,881,895,1861,1862,3.09588870095e-08,3000,6000
8480,252,1807,1856,1863,3.09588017444e-08,3000,6000
8481,283,1857,1807,1859,3.09588870095e-08,3000,6000
8482,291,1856,1857,1862,3.09588870095e-08,3000,6000
8483,144,1859,1863,1862,3.09588870095e-08,3000,6000
8484,1807,1856,1863,1862,3.09588870095e-08,3000,6000
8485,1807,1857,1856,1862,3.09588870095e-08,3000,6000
8486,1807,1863,1859,1862,3.09588870095e-08,3000,6000
8487,1807,1859,1857,1862,3.09588870095e-08,3000,6000
8488,252,1809,1807,1863,3.09588017444e-08,3000,6000
8489,139,1812,1809,889,3.09588017444e-08,3000,6000
8490,283,1807,1812,1859,3.09588870095e-08,3000,6000
8491,144,889,1863,1859,3.09588870095e-08,3000,6000
8492,1809,1807,1863,1859,3.09587591119e-08,3000,6000
8493,1809,1812,1807,1859,3.09588870095e-08,3000,6000
8494,1809,1863,889,1859,3.09587981917e-08,3000,6000
8495,1809,889,1812,1859,3.09589296421e-08,3000,6000
8496,252,1856,1858,1863,3.09588052971e-08,3000,6000
8497,291,1861,1856,1862,3.0958894115e-08,3000,6000
8498,151,1858,1861,895,3.0958794639e-08,3000,6000
8499,144,1862,1863,895,3.0958894115e-08,3000,6000
8500,1856,1858,1863,895,3.09588052971e-08,3000,6000
8501,1856,1861,1858,895,3.09588052971e-08,3000,6000
8502,1856,1863,1862,895,3.0958894115e-08,3000,6000
8503,1856,1862,1861,895,3.09588905623e-08,3000,6000
8504,252,1858,1809,1863,3.09588052971e-08,3000,6000
8505,151,892,1858,895,3.0958794639e-08,3000,6000
8506,139,1809,892,889,3.09588052971e-08,3000,6000
8507,144,895,1863,889,3.09588905623e-08,3000,6000
8508,1858,1809,1863,889,3.09588052971e-08,3000,6000
8509,1858,892,1809,889,3.09588052971e-08,3000,6000
8510,1858,1863,895,889,3.09588052971e-08,3000,6000
8511,1858,895,892,889,3.09588052971e-08,3000,6000
8512,38,1620,1571,1855,3.09588870095e-08,3000,6000
8513,263,1636,1620,1864,3.09588870095e-08,3000,6000
8514,252,1571,1636,1856,3.09587981917e-08,3000,6000
8515,291,1864,1855,1856,3.09588870095e-08,3000,6000
8516,1620,1571,1855,1856,3.09588870095e-08,3000,6000
8517,1620,1636,1571,1856,3.09588870095e-08,3000,6000
8518,1620,1855,1864,1856,3.09588870095e-08,3000,6000
8519,1620,1864,1636,1856,3.09588870095e-08,3000,6000
8520,50,1607,1625,1832,3.0958794639e-08,3000,6000
8521,259,1639,1607,1834,3.09588799041e-08,3000,6000
8522,263,1625,1639,1865,3.09588052971e-08,3000,6000
8523,287,1834,1832,1865,3.0958794639e-08,3000,6000
8524,1607,1625,1832,1865,3.0958794639e-08,3000,6000
8525,1607,1639,1625,1865,3.0958794639e-08,3000,6000
8526,1607,1832,1834,1865,3.0958794639e-08,3000,6000
8527,1607,1834,1639,1865,3.0958794639e-08,3000,6000
8528,29,1567,1597,875,3.0958794639e-08,3000,6000
8529,252,1633,1567,1858,3.0958894115e-08,3000,6000
8530,259,1597,1633,1831,3.09588834568e-08,3000,6000
8531,151,1858,875,1831,3.09588834568e-08,3000,6000
8532,1567,1597,875,1831,3.09588834568e-08,3000,6000
8533,1567,1633,1597,1831,3.09588834568e-08,3000,6000
8534,1567,875,1858,1831,3.09588834568e-08,3000,6000
8535,1567,1858,1633,1831,3.09588834568e-08,3000,6000
8536,31,1835,1860,881,3.0958794639e-08,3000,6000
8537,287,1866,1835,1836,3.0958794639e-08,3000,6000
8538,291,1860,1866,1861,3.09588052971e-08,3000,6000
8539,151,1836,881,1861,3.09588799041e-08,3000,6000
8540,1835,1860,881,1861,3.0958794639e-08,3000,6000
8541,1835,1866,1860,1861,3.0958794639e-08,3000,6000
8542,1835,881,1836,1861,3.0958794639e-08,3000,6000
8543,1835,1836,1866,1861,3.0958794639e-08,3000,6000
8544,263,1636,1864,1867,3.0958894115e-08,3000,6000
8545,252,1856,1636,1858,3.09588052971e-08,3000,6000
8546,291,1864,1856,1861,3.0958894115e-08,3000,6000
8547,151,1858,1867,1861,3.0958794639e-08,3000,6000
8548,1636,1864,1867,1861,3.0958894115e-08,3000,6000
8549,1636,1856,1864,1861,3.09588905623e-08,3000,6000
8550,1636,1867,1858,1861,3.09588052971e-08,3000,6000
8551,1636,1858,1856,1861,3.09588052971e-08,3000,6000
8552,263,1639,1636,1867,3.09588905623e-08,3000,6000
8553,259,1633,1639,1831,3.0958794639e-08,3000,6000
8554,252,1636,1633,1858,3.09588052971e-08,3000,6000
8555,151,1831,1867,1858,3.0958794639e-08,3000,6000
8556,1639,1636,1867,1858,3.09588052971e-08,3000,6000
8557,1639,1633,1636,1858,3.09588052971e-08,3000,6000
8558,1639,1867,1831,1858,3.0958794639e-08,3000,6000
8559,1639,1831,1633,1858,3.0958794639e-08,3000,6000
8560,263,1864,1865,1867,3.09588052971e-08,3000,6000
8561,291,1866,1864,1861,3.09588052971e-08,3000,6000
8562,287,1865,1866,1836,3.0958794639e-08,3000,6000
8563,151,1861,1867,1836,3.09588834568e-08,3000,6000
8564,1864,1865,1867,1836,3.09588514824e-08,3000,6000
8565,1864,1866,1865,1836,3.09587129266e-08,3000,6000
8566,1864,1867,1861,1836,3.09588905623e-08,3000,6000
8567,1864,1861,1866,1836,3.09587484537e-08,3000,6000
8568,263,1865,1639,1867,3.09588052971e-08,3000,6000
8569,287,1834,1865,1836,3.0958794639e-08,3000,6000
8570,259,1639,1834,1831,3.09588834568e-08,3000,6000
8571,151,1836,1867,1831,3.09588834568e-08,3000,6000
8572,1865,1639,1867,1831,3.0958794639e-08,3000,6000
8573,1865,1834,1639,1831,3.09588372716e-08,3000,6000
8574,1865,1867,1836,1831,3.09588372716e-08,3000,6000
8575,1865,1836,1834,1831,3.09588834568e-08,3000,6000
8576,38,1806,1820,1855,3.09588870095e-08,3000,6000
8577,283,1868,1806,1857,3.09588870095e-08,3000,6000
8578,286,1820,1868,1869,3.09588870095e-08,3000,6000
8579,291,1857,1855,1869,3.09588017444e-08,3000,6000
8580,1806,1820,1855,1869,3.0958844377e-08,3000,6000
8581,1806,1868,1820,1869,3.09588870095e-08,3000,6000
8582,1806,1855,1857,1869,3.09588017444e-08,3000,6000
8583,1806,1857,1868,1869,3.0958844377e-08,3000,6000
8584,14,1848,1810,848,3.09588870095e-08,3000,6000
8585,289,1870,1848,1850,3.09588870095e-08,3000,6000
8586,283,1810,1870,1859,3.09588870095e-08,3000,6000
8587,144,1850,848,1859,3.09588017444e-08,3000,6000
8588,1848,1810,848,1859,3.09588870095e-08,3000,6000
8589,1848,1870,1810,1859,3.09588870095e-08,3000,6000
8590,1848,848,1850,1859,3.09588017444e-08,3000,6000
8591,1848,1850,1870,1859,3.09587981917e-08,3000,6000
8592,53,1825,1842,1844,3.09588870095e-08,3000,6000
8593,286,1871,1825,1872,3.09588017444e-08,3000,6000
8594,289,1842,1871,1846,3.09588017444e-08,3000,6000
8595,290,1872,1844,1846,3.09588870095e-08,3000,6000
8596,1825,1842,1844,1846,3.09588870095e-08,3000,6000
8597,1825,1871,1842,1846,3.09588017444e-08,3000,6000
8598,1825,1844,1872,1846,3.09588870095e-08,3000,6000
8599,1825,1872,1871,1846,3.09588017444e-08,3000,6000
8600,31,854,1860,1851,3.09588834568e-08,3000,6000
8601,144,1862,854,1853,3.0958894115e-08,3000,6000
8602,291,1860,1862,1873,3.0958894115e-08,3000,6000
8603,290,1853,1851,1873,3.09588052971e-08,3000,6000
8604,854,1860,1851,1873,3.0958894115e-08,3000,6000
8605,854,1862,1860,1873,3.0958894115e-08,3000,6000
8606,854,1851,1853,1873,3.09588905623e-08,3000,6000
8607,854,1853,1862,1873,3.09588905623e-08,3000,6000
8608,283,1868,1857,1874,3.0958844377e-08,3000,6000
8609,286,1869,1868,1872,3.09588870095e-08,3000,6000
8610,291,1857,1869,1873,3.0958844377e-08,3000,6000
8611,290,1872,1874,1873,3.0958844377e-08,3000,6000
8612,1868,1857,1874,1873,3.0958844377e-08,3000,6000
8613,1868,1869,1857,1873,3.0958844377e-08,3000,6000
8614,1868,1874,1872,1873,3.0958844377e-08,3000,6000
8615,1868,1872,1869,1873,3.0958844377e-08,3000,6000
8616,283,1870,1868,1874,3.09588870095e-08,3000,6000
8617,289,1871,1870,1846,3.09588870095e-08,3000,6000
8618,286,1868,1871,1872,3.09588870095e-08,3000,6000
8619,290,1846,1874,1872,3.09588870095e-08,3000,6000
8620,1870,1868,1874,1872,3.09588870095e-08,3000,6000
8621,1870,1871,1868,1872,3.09588870095e-08,3000,6000
8622,1870,1874,1846,1872,3.09588870095e-08,3000,6000
8623,1870,1846,1871,1872,3.09588870095e-08,3000,6000
8624,283,1857,1859,1874,3.09588017444e-08,3000,6000
8625,291,1862,1857,1873,3.09588870095e-08,3000,6000
8626,144,1859,1862,1853,3.09588870095e-08,3000,6000
8627,290,1873,1874,1853,3.09587981917e-08,3000,6000
8628,1857,1859,1874,1853,3.09588017444e-08,3000,6000
8629,1857,1862,1859,1853,3.09588870095e-08,3000,6000
8630,1857,1874,1873,1853,3.09587981917e-08,3000,6000
8631,1857,1873,1862,1853,3.09588870095e-08,3000,6000
8632,283,1859,1870,1874,3.0958844377e-08,3000,6000
8633,144,1850,1859,1853,3.0958844377e-08,3000,6000
8634,289,1870,1850,1846,3.09588870095e-08,3000,6000
8635,290,1853,1874,1846,3.0958844377e-08,3000,6000
8636,1859,1870,1874,1846,3.0958844377e-08,3000,6000
8637,1859,1850,1870,1846,3.09588408243e-08,3000,6000
8638,1859,1874,1853,1846,3.0958844377e-08,3000,6000
8639,1859,1853,1850,1846,3.09588408243e-08,3000,6000
8640,38,1820,1620,1855,3.09588870095e-08,3000,6000
8641,286,1822,1820,1869,3.09588870095e-08,3000,6000
8642,263,1620,1822,1864,3.09588017444e-08,3000,6000
8643,291,1869,1855,1864,3.09588017444e-08,3000,6000
8644,1820,1620,1855,1864,3.09588017444e-08,3000,6000
8645,1820,1822,1620,1864,3.09588017444e-08,3000,6000
8646,1820,1855,1869,1864,3.09587981917e-08,3000,6000
8647,1820,1869,1822,1864,3.09587981917e-08,3000,6000
8648,53,1823,1825,1844,3.09588870095e-08,3000,6000
8649,285,1827,1823,1875,3.09588870095e-08,3000,6000
8650,286,1825,1827,1872,3.09588017444e-08,3000,6000
8651,290,1875,1844,1872,3.09588870095e-08,3000,6000
8652,1823,1825,1844,1872,3.09588870095e-08,3000,6000
8653,1823,1827,1825,1872,3.09588870095e-08,3000,6000
8654,1823,1844,1875,1872,3.09588870095e-08,3000,6000
8655,1823,1875,1827,1872,3.09588870095e-08,3000,6000
8656,50,1625,1817,1832,3.09588834568e-08,3000,6000
8657,263,1818,1625,1865,3.0958894115e-08,3000,6000
8658,285,1817,1818,1876,3.09588052971e-08,3000,6000
8659,287,1865,1832,1876,3.09588834568e-08,3000,6000
8660,1625,1817,1832,1876,3.09588799041e-08,3000,6000
8661,1625,1818,1817,1876,3.09588905623e-08,3000,6000
8662,1625,1832,1865,1876,3.09588834568e-08,3000,6000
8663,1625,1865,1818,1876,3.0958894115e-08,3000,6000
8664,31,1851,1860,1835,3.09588834568e-08,3000,6000
8665,290,1873,1851,1877,3.09588052971e-08,3000,6000
8666,291,1860,1873,1866,3.0958894115e-08,3000,6000
8667,287,1877,1835,1866,3.09588834568e-08,3000,6000
8668,1851,1860,1835,1866,3.09588834568e-08,3000,6000
8669,1851,1873,1860,1866,3.0958894115e-08,3000,6000
8670,1851,1835,1877,1866,3.09588799041e-08,3000,6000
8671,1851,1877,1873,1866,3.09588905623e-08,3000,6000
8672,286,1822,1869,1878,3.09589722747e-08,3000,6000
8673,263,1864,1822,1865,3.09588017444e-08,3000,6000
8674,291,1869,1864,1866,3.09588017444e-08,3000,6000
8675,287,1865,1878,1866,3.09589758274e-08,3000,6000
8676,1822,1869,1878,1866,3.09589758274e-08,3000,6000
8677,1822,1864,1869,1866,3.09588017444e-08,3000,6000
8678,1822,1878,1865,1866,3.09589793801e-08,3000,6000
8679,1822,1865,1864,1866,3.09588017444e-08,3000,6000
8680,286,1827,1822,1878,3.0958844377e-08,3000,6000
8681,285,1818,1827,1876,3.09588017444e-08,3000,6000
8682,263,1822,1818,1865,3.09589331948e-08,3000,6000
8683,287,1876,1878,1865,3.09588479297e-08,3000,6000
8684,1827,1822,1878,1865,3.09588479297e-08,3000,6000
8685,1827,1818,1822,1865,3.09589296421e-08,3000,6000
8686,1827,1878,1876,1865,3.09588479297e-08,3000,6000
8687,1827,1876,1818,1865,3.09589296421e-08,3000,6000
8688,286,1869,1872,1878,3.09589296421e-08,3000,6000
8689,291,1873,1869,1866,3.09588479297e-08,3000,6000
8690,290,1872,1873,1877,3.09588052971e-08,3000,6000
8691,287,1866,1878,1877,3.09589296421e-08,3000,6000
8692,1869,1872,1878,1877,3.09589331948e-08,3000,6000
8693,1869,1873,1872,1877,3.09588479297e-08,3000,6000
8694,1869,1878,1866,1877,3.09589331948e-08,3000,6000
8695,1869,1866,1873,1877,3.09588479297e-08,3000,6000
8696,286,1872,1827,1878,3.09588017444e-08,3000,6000
8697,290,1875,1872,1877,3.09588052971e-08,3000,6000
8698,285,1827,1875,1876,3.09588052971e-08,3000,6000
8699,287,1877,1878,1876,3.09587981917e-08,3000,6000
8700,1872,1827,1878,1876,3.09588017444e-08,3000,6000
8701,1872,1875,1827,1876,3.09588052971e-08,3000,6000
8702,1872,1878,1877,1876,3.09588017444e-08,3000,6000
8703,1872,1877,1875,1876,3.09588052971e-08,3000,6000
8704,0,1089,310,539,3.09588870095e-08,3000,6000
8705,180,1805,1089,1318,3.09588017444e-08,3000,6000
8706,56,310,1805,541,3.09588017444e-08,3000,6000
8707,96,1318,539,541,3.09588870095e-08,3000,6000
8708,1089,310,539,541,3.09588870095e-08,3000,6000
8709,1089,1805,310,541,3.09588017444e-08,3000,6000
8710,1089,539,1318,541,3.09588870095e-08,3000,6000
8711,1089,1318,1805,541,3.09588017444e-08,3000,6000
8712,38,1806,1106,1322,3.09588870095e-08,3000,6000
8713,283,1808,1806,1879,3.09588870095e-08,3000,6000
8714,180,1106,1808,1323,3.09588870095e-08,3000,6000
8715,220,1879,1322,1323,3.09588870095e-08,3000,6000
8716,1806,1106,1322,1323,3.09588870095e-08,3000,6000
8717,1806,1808,1106,1323,3.09588870095e-08,3000,6000
8718,1806,1322,1879,1323,3.09588870095e-08,3000,6000
8719,1806,1879,1808,1323,3.09588870095e-08,3000,6000
8720,14,321,1810,551,3.09588870095e-08,3000,6000
8721,56,1811,321,553,3.09588870095e-08,3000,6000
8722,283,1810,1811,1880,3.09588870095e-08,3000,6000
8723,98,553,551,1880,3.09588870095e-08,3000,6000
8724,321,1810,551,1880,3.09588870095e-08,3000,6000
8725,321,1811,1810,1880,3.09588870095e-08,3000,6000
8726,321,551,553,1880,3.09588870095e-08,3000,6000
8727,321,553,1811,1880,3.09588870095e-08,3000,6000
8728,22,1326,545,547,3.09588834568e-08,3000,6000
8729,220,1329,1326,1881,3.0958894115e-08,3000,6000
8730,96,545,1329,549,3.0958894115e-08,3000,6000
8731,98,1881,547,549,3.0958894115e-08,3000,6000
8732,1326,545,547,549,3.0958894115e-08,3000,6000
8733,1326,1329,545,549,3.0958894115e-08,3000,6000
8734,1326,547,1881,549,3.0958894115e-08,3000,6000
8735,1326,1881,1329,549,3.0958894115e-08,3000,6000
8736,180,1805,1318,1882,3.09588870095e-08,3000,6000
8737,56,541,1805,553,3.09588870095e-08,3000,6000
8738,96,1318,541,549,3.09588870095e-08,3000,6000
8739,98,553,1882,549,3.09588870095e-08,3000,6000
8740,1805,1318,1882,549,3.09588870095e-08,3000,6000
8741,1805,541,1318,549,3.09588870095e-08,3000,6000
8742,1805,1882,553,549,3.09588870095e-08,3000,6000
8743,1805,553,541,549,3.09588870095e-08,3000,6000
8744,180,1808,1805,1882,3.09588870095e-08,3000,6000
8745,283,1811,1808,1880,3.09588870095e-08,3000,6000
8746,56,1805,1811,553,3.09588870095e-08,3000,6000
8747,98,1880,1882,553,3.09588870095e-08,3000,6000
8748,1808,1805,1882,553,3.09588870095e-08,3000,6000
8749,1808,1811,1805,553,3.09588870095e-08,3000,6000
8750,1808,1882,1880,553,3.09588870095e-08,3000,6000
8751,1808,1880,1811,553,3.09588870095e-08,3000,6000
8752,180,1318,1323,1882,3.09588870095e-08,3000,6000
8753,96,1329,1318,549,3.09588870095e-08,3000,6000
8754,220,1323,1329,1881,3.09588870095e-08,3000,6000
8755,98,549,1882,1881,3.09588870095e-08,3000,6000
8756,1318,1323,1882,1881,3.09588870095e-08,3000,6000
8757,1318,1329,1323,1881,3.09588870095e-08,3000,6000
8758,1318,1882,549,1881,3.09588870095e-08,3000,6000
8759,1318,549,1329,1881,3.09588870095e-08,3000,6000
8760,180,1323,1808,1882,3.09588870095e-08,3000,6000
8761,220,1879,1323,1881,3.09588870095e-08,3000,6000
8762,283,1808,1879,1880,3.09588870095e-08,3000,6000
8763,98,1881,1882,1880,3.09588870095e-08,3000,6000
8764,1323,1808,1882,1880,3.09588870095e-08,3000,6000
8765,1323,1879,1808,1880,3.09588870095e-08,3000,6000
8766,1323,1882,1881,1880,3.09588870095e-08,3000,6000
8767,1323,1881,1879,1880,3.09588870095e-08,3000,6000
8768,5,1814,1163,1347,3.09588905623e-08,3000,6000
8769,284,1816,1814,1883,3.09588870095e-08,3000,6000
8770,197,1163,1816,1348,3.09588017444e-08,3000,6000
8771,224,1883,1347,1348,3.09588905623e-08,3000,6000
8772,1814,1163,1347,1348,3.09588905623e-08,3000,6000
8773,1814,1816,1163,1348,3.09588905623e-08,3000,6000
8774,1814,1347,1883,1348,3.09588905623e-08,3000,6000
8775,1814,1883,1816,1348,3.09588905623e-08,3000,6000
8776,53,1825,1824,1884,3.09588870095e-08,3000,6000
8777,286,1828,1825,1885,3.09587981917e-08,3000,6000
8778,284,1824,1828,1886,3.09588870095e-08,3000,6000
8779,292,1885,1884,1886,3.09588870095e-08,3000,6000
8780,1825,1824,1884,1886,3.09588870095e-08,3000,6000
8781,1825,1828,1824,1886,3.09588870095e-08,3000,6000
8782,1825,1884,1885,1886,3.09588870095e-08,3000,6000
8783,1825,1885,1828,1886,3.09588870095e-08,3000,6000
8784,38,1174,1820,1350,3.09588870095e-08,3000,6000
8785,197,1821,1174,1352,3.09588870095e-08,3000,6000
8786,286,1820,1821,1887,3.09588870095e-08,3000,6000
8787,225,1352,1350,1887,3.09587981917e-08,3000,6000
8788,1174,1820,1350,1887,3.09587981917e-08,3000,6000
8789,1174,1821,1820,1887,3.09588870095e-08,3000,6000
8790,1174,1350,1352,1887,3.09587981917e-08,3000,6000
8791,1174,1352,1821,1887,3.09588870095e-08,3000,6000
8792,46,1888,1357,1356,3.09588799041e-08,3000,6000
8793,292,1889,1888,1890,3.09588052971e-08,3000,6000
8794,224,1357,1889,1359,3.09588052971e-08,3000,6000
8795,225,1890,1356,1359,3.09588905623e-08,3000,6000
8796,1888,1357,1356,1359,3.09588905623e-08,3000,6000
8797,1888,1889,1357,1359,3.09588052971e-08,3000,6000
8798,1888,1356,1890,1359,3.09588905623e-08,3000,6000
8799,1888,1890,1889,1359,3.09588052971e-08,3000,6000
8800,284,1816,1883,1891,3.09588799041e-08,3000,6000
8801,197,1348,1816,1352,3.09588479297e-08,3000,6000
8802,224,1883,1348,1359,3.09588479297e-08,3000,6000
8803,225,1352,1891,1359,3.09588799041e-08,3000,6000
8804,1816,1883,1891,1359,3.09588799041e-08,3000,6000
8805,1816,1348,1883,1359,3.09588905623e-08,3000,6000
8806,1816,1891,1352,1359,3.09588799041e-08,3000,6000
8807,1816,1352,1348,1359,3.09588905623e-08,3000,6000
8808,284,1828,1816,1891,3.09588870095e-08,3000,6000
8809,286,1821,1828,1887,3.09588017444e-08,3000,6000
8810,197,1816,1821,1352,3.09587981917e-08,3000,6000
8811,225,1887,1891,1352,3.09588870095e-08,3000,6000
8812,1828,1816,1891,1352,3.09588870095e-08,3000,6000
8813,1828,1821,1816,1352,3.09587981917e-08,3000,6000
8814,1828,1891,1887,1352,3.09588870095e-08,3000,6000
8815,1828,1887,1821,1352,3.09587981917e-08,3000,6000
8816,284,1883,1886,1891,3.09588870095e-08,3000,6000
8817,224,1889,1883,1359,3.09587981917e-08,3000,6000
8818,292,1886,1889,1890,3.09588017444e-08,3000,6000
8819,225,1359,1891,1890,3.09588870095e-08,3000,6000
8820,1883,1886,1891,1890,3.09588870095e-08,3000,6000
8821,1883,1889,1886,1890,3.09587981917e-08,3000,6000
8822,1883,1891,1359,1890,3.09588870095e-08,3000,6000
8823,1883,1359,1889,1890,3.09587981917e-08,3000,6000
8824,284,1886,1828,1891,3.09588905623e-08,3000,6000
8825,292,1885,1886,1890,3.09588408243e-08,3000,6000
8826,286,1828,1885,1887,3.09588408243e-08,3000,6000
8827,225,1890,1891,1887,3.09588905623e-08,3000,6000
8828,1886,1828,1891,1887,3.09588905623e-08,3000,6000
8829,1886,1885,1828,1887,3.09588870095e-08,3000,6000
8830,1886,1891,1890,1887,3.09588905623e-08,3000,6000
8831,1886,1890,1885,1887,3.09588870095e-08,3000,6000
8832,6,359,1839,596,3.09588905623e-08,3000,6000
8833,67,1840,359,598,3.09588017444e-08,3000,6000
8834,288,1839,1840,1892,3.09588870095e-08,3000,6000
8835,108,598,596,1892,3.09588905623e-08,3000,6000
8836,359,1839,596,1892,3.09588905623e-08,3000,6000
8837,359,1840,1839,1892,3.09588905623e-08,3000,6000
8838,359,596,598,1892,3.09588905623e-08,3000,6000
8839,359,598,1840,1892,3.09588905623e-08,3000,6000
8840,14,1848,366,602,3.09588870095e-08,3000,6000
8841,289,1849,1848,1893,3.09588870095e-08,3000,6000
8842,67,366,1849,603,3.09588870095e-08,3000,6000
8843,110,1893,602,603,3.09587981917e-08,3000,6000
8844,1848,366,602,603,3.09587981917e-08,3000,6000
8845,1848,1849,366,603,3.09588870095e-08,3000,6000
8846,1848,602,1893,603,3.09587981917e-08,3000,6000
8847,1848,1893,1849,603,3.09588870095e-08,3000,6000
8848,53,1843,1842,1894,3.09588870095e-08,3000,6000
8849,288,1845,1843,1895,3.09588870095e-08,3000,6000
8850,289,1842,1845,1896,3.09587981917e-08,3000,6000
8851,293,1895,1894,1896,3.09588870095e-08,3000,6000
8852,1843,1842,1894,1896,3.09588870095e-08,3000,6000
8853,1843,1845,1842,1896,3.09588870095e-08,3000,6000
8854,1843,1894,1895,1896,3.09588870095e-08,3000,6000
8855,1843,1895,1845,1896,3.09588870095e-08,3000,6000
8856,24,607,606,1897,3.09588799041e-08,3000,6000
8857,110,610,607,1898,3.09588905623e-08,3000,6000
8858,108,606,610,1899,3.09588052971e-08,3000,6000
8859,293,1898,1897,1899,3.09588052971e-08,3000,6000
8860,607,606,1897,1899,3.09588905623e-08,3000,6000
8861,607,610,606,1899,3.0958844377e-08,3000,6000
8862,607,1897,1898,1899,3.09588514824e-08,3000,6000
8863,607,1898,610,1899,3.09588052971e-08,3000,6000
8864,67,1840,598,1900,3.09587981917e-08,3000,6000
8865,288,1892,1840,1895,3.09588870095e-08,3000,6000
8866,108,598,1892,1899,3.09588870095e-08,3000,6000
8867,293,1895,1900,1899,3.09588870095e-08,3000,6000
8868,1840,598,1900,1899,3.09587981917e-08,3000,6000
8869,1840,1892,598,1899,3.09589296421e-08,3000,6000
8870,1840,1900,1895,1899,3.09588408243e-08,3000,6000
8871,1840,1895,1892,1899,3.09589722747e-08,3000,6000
8872,67,1849,1840,1900,3.09587981917e-08,3000,6000
8873,289,1845,1849,1896,3.09588017444e-08,3000,6000
8874,288,1840,1845,1895,3.09588870095e-08,3000,6000
8875,293,1896,1900,1895,3.09588870095e-08,3000,6000
8876,1849,1840,1900,1895,3.09588408243e-08,3000,6000
8877,1849,1845,1840,1895,3.09587981917e-08,3000,6000
8878,1849,1900,1896,1895,3.09588870095e-08,3000,6000
8879,1849,1896,1845,1895,3.0958844377e-08,3000,6000
8880,67,598,603,1900,3.09588870095e-08,3000,6000
8881,108,610,598,1899,3.09587981917e-08,3000,6000
8882,110,603,610,1898,3.09588870095e-08,3000,6000
8883,293,1899,1900,1898,3.09588017444e-08,3000,6000
8884,598,603,1900,1898,3.09588870095e-08,3000,6000
8885,598,610,603,1898,3.09588870095e-08,3000,6000
8886,598,1900,1899,1898,3.09587981917e-08,3000,6000
8887,598,1899,610,1898,3.09587981917e-08,3000,6000
8888,67,603,1849,1900,3.09588870095e-08,3000,6000
8889,110,1893,603,1898,3.09588870095e-08,3000,6000
8890,289,1849,1893,1896,3.09588870095e-08,3000,6000
8891,293,1898,1900,1896,3.09588017444e-08,3000,6000
8892,603,1849,1900,1896,3.09588870095e-08,3000,6000
8893,603,1893,1849,1896,3.09588870095e-08,3000,6000
8894,603,1900,1898,1896,3.09588870095e-08,3000,6000
8895,603,1898,1893,1896,3.09588870095e-08,3000,6000
8896,12,1364,571,573,3.09588834568e-08,3000,6000
8897,228,1367,1364,1901,3.0958794639e-08,3000,6000
8898,102,571,1367,575,3.09588834568e-08,3000,6000
8899,104,1901,573,575,3.0958794639e-08,3000,6000
8900,1364,571,573,575,3.09588834568e-08,3000,6000
8901,1364,1367,571,575,3.09588834568e-08,3000,6000
8902,1364,573,1901,575,3.0958794639e-08,3000,6000
8903,1364,1901,1367,575,3.0958794639e-08,3000,6000
8904,46,1381,1380,1902,3.09588052971e-08,3000,6000
8905,231,1384,1381,1903,3.09588905623e-08,3000,6000
8906,228,1380,1384,1904,3.09588905623e-08,3000,6000
8907,294,1903,1902,1904,3.09588052971e-08,3000,6000
8908,1381,1380,1902,1904,3.09588052971e-08,3000,6000
8909,1381,1384,1380,1904,3.09588905623e-08,3000,6000
8910,1381,1902,1903,1904,3.09588052971e-08,3000,6000
8911,1381,1903,1384,1904,3.09588905623e-08,3000,6000
8912,22,578,1375,579,3.09588052971e-08,3000,6000
8913,102,1377,578,582,3.09588052971e-08,3000,6000
8914,231,1375,1377,1905,3.0958894115e-08,3000,6000
8915,106,582,579,1905,3.0958894115e-08,3000,6000
8916,578,1375,579,1905,3.0958894115e-08,3000,6000
8917,578,1377,1375,1905,3.09588514824e-08,3000,6000
8918,578,579,582,1905,3.09588514824e-08,3000,6000
8919,578,582,1377,1905,3.09588052971e-08,3000,6000
8920,24,1906,590,589,3.09588052971e-08,3000,6000
8921,294,1907,1906,1908,3.09588052971e-08,3000,6000
8922,104,590,1907,592,3.09588905623e-08,3000,6000
8923,106,1908,589,592,3.09588905623e-08,3000,6000
8924,1906,590,589,592,3.09588479297e-08,3000,6000
8925,1906,1907,590,592,3.09588905623e-08,3000,6000
8926,1906,589,1908,592,3.09588052971e-08,3000,6000
8927,1906,1908,1907,592,3.09588514824e-08,3000,6000
8928,228,1367,1901,1909,3.09588052971e-08,3000,6000
8929,102,575,1367,582,3.0958894115e-08,3000,6000
8930,104,1901,575,592,3.09588052971e-08,3000,6000
8931,106,582,1909,592,3.09588052971e-08,3000,6000
8932,1367,1901,1909,592,3.09588052971e-08,3000,6000
8933,1367,575,1901,592,3.09588052971e-08,3000,6000
8934,1367,1909,582,592,3.09588052971e-08,3000,6000
8935,1367,582,575,592,3.09588052971e-08,3000,6000
8936,228,1384,1367,1909,3.09588052971e-08,3000,6000
8937,231,1377,1384,1905,3.09588052971e-08,3000,6000
8938,102,1367,1377,582,3.0958894115e-08,3000,6000
8939,106,1905,1909,582,3.09588052971e-08,3000,6000
8940,1384,1367,1909,582,3.09588052971e-08,3000,6000
8941,1384,1377,1367,582,3.09588052971e-08,3000,6000
8942,1384,1909,1905,582,3.09588052971e-08,3000,6000
8943,1384,1905,1377,582,3.09588052971e-08,3000,6000
8944,228,1901,1904,1909,3.0958894115e-08,3000,6000
8945,104,1907,1901,592,3.0958894115e-08,3000,6000
8946,294,1904,1907,1908,3.09588052971e-08,3000,6000
8947,106,592,1909,1908,3.0958894115e-08,3000,6000
8948,1901,1904,1909,1908,3.09589367475e-08,3000,6000
8949,1901,1907,1904,1908,3.09588052971e-08,3000,6000
8950,1901,1909,592,1908,3.09589793801e-08,3000,6000
8951,1901,592,1907,1908,3.09588514824e-08,3000,6000
8952,228,1904,1384,1909,3.0958894115e-08,3000,6000
8953,294,1903,1904,1908,3.09588052971e-08,3000,6000
8954,231,1384,1903,1905,3.0958894115e-08,3000,6000
8955,106,1908,1909,1905,3.0958894115e-08,3000,6000
8956,1904,1384,1909,1905,3.0958894115e-08,3000,6000
8957,1904,1903,1384,1905,3.0958894115e-08,3000,6000
8958,1904,1909,1908,1905,3.0958894115e-08,3000,6000
8959,1904,1908,1903,1905,3.0958894115e-08,3000,6000
8960,38,1806,1322,1910,3.09588870095e-08,3000,6000
8961,283,1879,1806,1911,3.09588870095e-08,3000,6000
8962,220,1322,1879,1912,3.09587981917e-08,3000,6000
8963,295,1911,1910,1912,3.09588870095e-08,3000,6000
8964,1806,1322,1910,1912,3.09589296421e-08,3000,6000
8965,1806,1879,1322,1912,3.09587981917e-08,3000,6000
8966,1806,1910,1911,1912,3.09589758274e-08,3000,6000
8967,1806,1911,1879,1912,3.0958844377e-08,3000,6000
8968,14,551,1810,602,3.09588870095e-08,3000,6000
8969,98,1880,551,618,3.09587981917e-08,3000,6000
8970,283,1810,1880,1913,3.09588870095e-08,3000,6000
8971,110,618,602,1913,3.09588870095e-08,3000,6000
8972,551,1810,602,1913,3.09588870095e-08,3000,6000
8973,551,1880,1810,1913,3.09588870095e-08,3000,6000
8974,551,602,618,1913,3.09588870095e-08,3000,6000
8975,551,618,1880,1913,3.09588870095e-08,3000,6000
8976,22,1326,547,579,3.0958794639e-08,3000,6000
8977,220,1881,1326,1914,3.0958894115e-08,3000,6000
8978,98,547,1881,615,3.0958894115e-08,3000,6000
8979,106,1914,579,615,3.09588834568e-08,3000,6000
8980,1326,547,579,615,3.09588834568e-08,3000,6000
8981,1326,1881,547,615,3.0958894115e-08,3000,6000
8982,1326,579,1914,615,3.09588834568e-08,3000,6000
8983,1326,1914,1881,615,3.0958894115e-08,3000,6000
8984,24,607,1915,589,3.0958794639e-08,3000,6000
8985,110,1916,607,621,3.09588052971e-08,3000,6000
8986,295,1915,1916,1917,3.09588052971e-08,3000,6000
8987,106,621,589,1917,3.09588799041e-08,3000,6000
8988,607,1915,589,1917,3.0958794639e-08,3000,6000
8989,607,1916,1915,1917,3.09588052971e-08,3000,6000
8990,607,589,621,1917,3.0958794639e-08,3000,6000
8991,607,621,1916,1917,3.09588052971e-08,3000,6000
8992,283,1879,1911,1918,3.09589296421e-08,3000,6000
8993,220,1912,1879,1914,3.09587591119e-08,3000,6000
8994,295,1911,1912,1917,3.0958844377e-08,3000,6000
8995,106,1914,1918,1917,3.09588479297e-08,3000,6000
8996,1879,1911,1918,1917,3.09589331948e-08,3000,6000
8997,1879,1912,1911,1917,3.0958844377e-08,3000,6000
8998,1879,1918,1914,1917,3.09588479297e-08,3000,6000
8999,1879,1914,1912,1917,3.09587591119e-08,3000,6000
9000,283,1880,1879,1918,3.09588017444e-08,3000,6000
9001,98,1881,1880,615,3.09588905623e-08,3000,6000
9002,220,1879,1881,1914,3.09588905623e-08,3000,6000
9003,106,615,1918,1914,3.09587164793e-08,3000,6000
9004,1880,1879,1918,1914,3.09587164793e-08,3000,6000
9005,1880,1881,1879,1914,3.09588905623e-08,3000,6000
9006,1880,1918,615,1914,3.09587164793e-08,3000,6000
9007,1880,615,1881,1914,3.09588905623e-08,3000,6000
9008,283,1911,1913,1918,3.09589758274e-08,3000,6000
9009,295,1916,1911,1917,3.09588052971e-08,3000,6000
9010,110,1913,1916,621,3.09588052971e-08,3000,6000
9011,106,1917,1918,621,3.09588870095e-08,3000,6000
9012,1911,1913,1918,621,3.09589758274e-08,3000,6000
9013,1911,1916,1913,621,3.09588052971e-08,3000,6000
9014,1911,1918,1917,621,3.09589758274e-08,3000,6000
9015,1911,1917,1916,621,3.09588017444e-08,3000,6000
9016,283,1913,1880,1918,3.0958844377e-08,3000,6000
9017,110,618,1913,621,3.09589331948e-08,3000,6000
9018,98,1880,618,615,3.09588479297e-08,3000,6000
9019,106,621,1918,615,3.09587555591e-08,3000,6000
9020,1913,1880,1918,615,3.09588017444e-08,3000,6000
9021,1913,618,1880,615,3.09589758274e-08,3000,6000
9022,1913,1918,621,615,3.09587164793e-08,3000,6000
9023,1913,621,618,615,3.09588905623e-08,3000,6000
9024,38,1820,1806,1910,3.09588870095e-08,3000,6000
9025,286,1868,1820,1919,3.09588870095e-08,3000,6000
9026,283,1806,1868,1911,3.09588870095e-08,3000,6000
9027,295,1919,1910,1911,3.09588017444e-08,3000,6000
9028,1820,1806,1910,1911,3.09588870095e-08,3000,6000
9029,1820,1868,1806,1911,3.09588870095e-08,3000,6000
9030,1820,1910,1919,1911,3.09588017444e-08,3000,6000
9031,1820,1919,1868,1911,3.09587981917e-08,3000,6000
9032,53,1842,1825,1894,3.09588870095e-08,3000,6000
9033,289,1871,1842,1896,3.09588017444e-08,3000,6000
9034,286,1825,1871,1920,3.09588017444e-08,3000,6000
9035,293,1896,1894,1920,3.09588870095e-08,3000,6000
9036,1842,1825,1894,1920,3.09588870095e-08,3000,6000
9037,1842,1871,1825,1920,3.09588017444e-08,3000,6000
9038,1842,1894,1896,1920,3.09588870095e-08,3000,6000
9039,1842,1896,1871,1920,3.09588017444e-08,3000,6000
9040,14,1810,1848,602,3.09588870095e-08,3000,6000
9041,283,1870,1810,1913,3.09588870095e-08,3000,6000
9042,289,1848,1870,1893,3.09588870095e-08,3000,6000
9043,110,1913,602,1893,3.09588017444e-08,3000,6000
9044,1810,1848,602,1893,3.0958844377e-08,3000,6000
9045,1810,1870,1848,1893,3.09588870095e-08,3000,6000
9046,1810,602,1913,1893,3.09588017444e-08,3000,6000
9047,1810,1913,1870,1893,3.0958844377e-08,3000,6000
9048,24,1897,1915,607,3.09588834568e-08,3000,6000
9049,293,1921,1897,1898,3.09588052971e-08,3000,6000
9050,295,1915,1921,1916,3.0958894115e-08,3000,6000
9051,110,1898,607,1916,3.0958894115e-08,3000,6000
9052,1897,1915,607,1916,3.0958894115e-08,3000,6000
9053,1897,1921,1915,1916,3.09588905623e-08,3000,6000
9054,1897,607,1898,1916,3.0958894115e-08,3000,6000
9055,1897,1898,1921,1916,3.09588905623e-08,3000,6000
9056,286,1868,1919,1922,3.09588870095e-08,3000,6000
9057,283,1911,1868,1913,3.09588870095e-08,3000,6000
9058,295,1919,1911,1916,3.09588017444e-08,3000,6000
9059,110,1913,1922,1916,3.09588017444e-08,3000,6000
9060,1868,1919,1922,1916,3.09588017444e-08,3000,6000
9061,1868,1911,1919,1916,3.09588017444e-08,3000,6000
9062,1868,1922,1913,1916,3.09588017444e-08,3000,6000
9063,1868,1913,1911,1916,3.09588017444e-08,3000,6000
9064,286,1871,1868,1922,3.09588870095e-08,3000,6000
9065,289,1870,1871,1893,3.09588870095e-08,3000,6000
9066,283,1868,1870,1913,3.09588870095e-08,3000,6000
9067,110,1893,1922,1913,3.09587981917e-08,3000,6000
9068,1871,1868,1922,1913,3.0958844377e-08,3000,6000
9069,1871,1870,1868,1913,3.09588870095e-08,3000,6000
9070,1871,1922,1893,1913,3.09587981917e-08,3000,6000
9071,1871,1893,1870,1913,3.0958844377e-08,3000,6000
9072,286,1919,1920,1922,3.09588870095e-08,3000,6000
9073,295,1921,1919,1916,3.09588870095e-08,3000,6000
9074,293,1920,1921,1898,3.09587981917e-08,3000,6000
9075,110,1916,1922,1898,3.09588870095e-08,3000,6000
9076,1919,1920,1922,1898,3.09588870095e-08,3000,6000
9077,1919,1921,1920,1898,3.09588870095e-08,3000,6000
9078,1919,1922,1916,1898,3.09588870095e-08,3000,6000
9079,1919,1916,1921,1898,3.09588870095e-08,3000,6000
9080,286,1920,1871,1922,3.09588870095e-08,3000,6000
9081,293,1896,1920,1898,3.09588017444e-08,3000,6000
9082,289,1871,1896,1893,3.09588870095e-08,3000,6000
9083,110,1898,1922,1893,3.09588870095e-08,3000,6000
9084,1920,1871,1922,1893,3.09588870095e-08,3000,6000
9085,1920,1896,1871,1893,3.09588870095e-08,3000,6000
9086,1920,1922,1898,1893,3.09588870095e-08,3000,6000
9087,1920,1898,1896,1893,3.09588870095e-08,3000,6000
9088,38,1322,1350,1910,3.09588870095e-08,3000,6000
9089,220,1389,1322,1912,3.09587981917e-08,3000,6000
9090,225,1350,1389,1923,3.09588870095e-08,3000,6000
9091,295,1912,1910,1923,3.09588870095e-08,3000,6000
9092,1322,1350,1910,1923,3.09588870095e-08,3000,6000
9093,1322,1389,1350,1923,3.09588870095e-08,3000,6000
9094,1322,1910,1912,1923,3.09588870095e-08,3000,6000
9095,1322,1912,1389,1923,3.09588870095e-08,3000,6000
9096,22,1375,1326,579,3.0958794639e-08,3000,6000
9097,231,1392,1375,1905,3.09588834568e-08,3000,6000
9098,220,1326,1392,1914,3.0958894115e-08,3000,6000
9099,106,1905,579,1914,3.09588834568e-08,3000,6000
9100,1375,1326,579,1914,3.09588834568e-08,3000,6000
9101,1375,1392,1326,1914,3.09588834568e-08,3000,6000
9102,1375,579,1905,1914,3.09588834568e-08,3000,6000
9103,1375,1905,1392,1914,3.09588834568e-08,3000,6000
9104,46,1356,1381,1902,3.0958794639e-08,3000,6000
9105,225,1395,1356,1924,3.09588052971e-08,3000,6000
9106,231,1381,1395,1903,3.09588799041e-08,3000,6000
9107,294,1924,1902,1903,3.0958794639e-08,3000,6000
9108,1356,1381,1902,1903,3.0958794639e-08,3000,6000
9109,1356,1395,1381,1903,3.0958794639e-08,3000,6000
9110,1356,1902,1924,1903,3.0958794639e-08,3000,6000
9111,1356,1924,1395,1903,3.0958794639e-08,3000,6000
9112,24,589,1915,1906,3.0958794639e-08,3000,6000
9113,106,1917,589,1908,3.09588799041e-08,3000,6000
9114,295,1915,1917,1925,3.09588052971e-08,3000,6000
9115,294,1908,1906,1925,3.0958794639e-08,3000,6000
9116,589,1915,1906,1925,3.0958794639e-08,3000,6000
9117,589,1917,1915,1925,3.0958794639e-08,3000,6000
9118,589,1906,1908,1925,3.0958794639e-08,3000,6000
9119,589,1908,1917,1925,3.0958794639e-08,3000,6000
9120,220,1389,1912,1926,3.09588052971e-08,3000,6000
9121,225,1923,1389,1924,3.0958894115e-08,3000,6000
9122,295,1912,1923,1925,3.0958894115e-08,3000,6000
9123,294,1924,1926,1925,3.0958794639e-08,3000,6000
9124,1389,1912,1926,1925,3.09588052971e-08,3000,6000
9125,1389,1923,1912,1925,3.09588905623e-08,3000,6000
9126,1389,1926,1924,1925,3.09588052971e-08,3000,6000
9127,1389,1924,1923,1925,3.0958894115e-08,3000,6000
9128,220,1392,1389,1926,3.09588052971e-08,3000,6000
9129,231,1395,1392,1903,3.09588372716e-08,3000,6000
9130,225,1389,1395,1924,3.09588514824e-08,3000,6000
9131,294,1903,1926,1924,3.0958794639e-08,3000,6000
9132,1392,1389,1926,1924,3.09588052971e-08,3000,6000
9133,1392,1395,1389,1924,3.09588052971e-08,3000,6000
9134,1392,1926,1903,1924,3.0958794639e-08,3000,6000
9135,1392,1903,1395,1924,3.0958794639e-08,3000,6000
9136,220,1912,1914,1926,3.09588052971e-08,3000,6000
9137,295,1917,1912,1925,3.09588514824e-08,3000,6000
9138,106,1914,1917,1908,3.09588372716e-08,3000,6000
9139,294,1925,1926,1908,3.0958794639e-08,3000,6000
9140,1912,1914,1926,1908,3.09588088498e-08,3000,6000
9141,1912,1917,1914,1908,3.09587981917e-08,3000,6000
9142,1912,1926,1925,1908,3.09588017444e-08,3000,6000
9143,1912,1925,1917,1908,3.09587910863e-08,3000,6000
9144,220,1914,1392,1926,3.09588052971e-08,3000,6000
9145,106,1905,1914,1908,3.09588834568e-08,3000,6000
9146,231,1392,1905,1903,3.09588834568e-08,3000,6000
9147,294,1908,1926,1903,3.0958794639e-08,3000,6000
9148,1914,1392,1926,1903,3.0958794639e-08,3000,6000
9149,1914,1905,1392,1903,3.09588834568e-08,3000,6000
9150,1914,1926,1908,1903,3.0958794639e-08,3000,6000
9151,1914,1908,1905,1903,3.09588834568e-08,3000,6000
9152,38,1350,1820,1910,3.09588870095e-08,3000,6000
9153,225,1887,1350,1923,3.09588017444e-08,3000,6000
9154,286,1820,1887,1919,3.09588870095e-08,3000,6000
9155,295,1923,1910,1919,3.09588017444e-08,3000,6000
9156,1350,1820,1910,1919,3.09588017444e-08,3000,6000
9157,1350,1887,1820,1919,3.09587981917e-08,3000,6000
9158,1350,1910,1923,1919,3.09588017444e-08,3000,6000
9159,1350,1923,1887,1919,3.09587981917e-08,3000,6000
9160,46,1888,1356,1902,3.09588834568e-08,3000,6000
9161,292,1890,1888,1927,3.09588052971e-08,3000,6000
9162,225,1356,1890,1924,3.0958894115e-08,3000,6000
9163,294,1927,1902,1924,3.09588834568e-08,3000,6000
9164,1888,1356,1902,1924,3.09588834568e-08,3000,6000
9165,1888,1890,1356,1924,3.0958894115e-08,3000,6000
9166,1888,1902,1927,1924,3.09588799041e-08,3000,6000
9167,1888,1927,1890,1924,3.09588905623e-08,3000,6000
9168,53,1825,1884,1894,3.09588870095e-08,3000,6000
9169,286,1885,1825,1920,3.09588017444e-08,3000,6000
9170,292,1884,1885,1928,3.09588870095e-08,3000,6000
9171,293,1920,1894,1928,3.09588870095e-08,3000,6000
9172,1825,1884,1894,1928,3.09589758274e-08,3000,6000
9173,1825,1885,1884,1928,3.09589296421e-08,3000,6000
9174,1825,1894,1920,1928,3.0958844377e-08,3000,6000
9175,1825,1920,1885,1928,3.09588017444e-08,3000,6000
9176,24,1906,1915,1897,3.09588834568e-08,3000,6000
9177,294,1925,1906,1929,3.09588834568e-08,3000,6000
9178,295,1915,1925,1921,3.0958894115e-08,3000,6000
9179,293,1929,1897,1921,3.09588052971e-08,3000,6000
9180,1906,1915,1897,1921,3.09589296421e-08,3000,6000
9181,1906,1925,1915,1921,3.09589758274e-08,3000,6000
9182,1906,1897,1929,1921,3.09587981917e-08,3000,6000
9183,1906,1929,1925,1921,3.09588479297e-08,3000,6000
9184,225,1887,1923,1930,3.09588870095e-08,3000,6000
9185,286,1919,1887,1920,3.09588870095e-08,3000,6000
9186,295,1923,1919,1921,3.09588870095e-08,3000,6000
9187,293,1920,1930,1921,3.09588017444e-08,3000,6000
9188,1887,1923,1930,1921,3.09588870095e-08,3000,6000
9189,1887,1919,1923,1921,3.09588870095e-08,3000,6000
9190,1887,1930,1920,1921,3.09588870095e-08,3000,6000
9191,1887,1920,1919,1921,3.09588870095e-08,3000,6000
9192,225,1890,1887,1930,3.09588870095e-08,3000,6000
9193,292,1885,1890,1928,3.09588017444e-08,3000,6000
9194,286,1887,1885,1920,3.09588870095e-08,3000,6000
9195,293,1928,1930,1920,3.09588017444e-08,3000,6000
9196,1890,1887,1930,1920,3.09588870095e-08,3000,6000
9197,1890,1885,1887,1920,3.09588870095e-08,3000,6000
9198,1890,1930,1928,1920,3.09587981917e-08,3000,6000
9199,1890,1928,1885,1920,3.09588017444e-08,3000,6000
9200,225,1923,1924,1930,3.0958894115e-08,3000,6000
9201,295,1925,1923,1921,3.0958894115e-08,3000,6000
9202,294,1924,1925,1929,3.09588834568e-08,3000,6000
9203,293,1921,1930,1929,3.09588052971e-08,3000,6000
9204,1923,1924,1930,1929,3.0958894115e-08,3000,6000
9205,1923,1925,1924,1929,3.0958894115e-08,3000,6000
9206,1923,1930,1921,1929,3.0958894115e-08,3000,6000
9207,1923,1921,1925,1929,3.0958894115e-08,3000,6000
9208,225,1924,1890,1930,3.09588905623e-08,3000,6000
9209,294,1927,1924,1929,3.09588834568e-08,3000,6000
9210,292,1890,1927,1928,3.09588052971e-08,3000,6000
9211,293,1929,1930,1928,3.09588052971e-08,3000,6000
9212,1924,1890,1930,1928,3.09588052971e-08,3000,6000
9213,1924,1927,1890,1928,3.09589367475e-08,3000,6000
9214,1924,1930,1929,1928,3.09587626646e-08,3000,6000
9215,1924,1929,1927,1928,3.0958894115e-08,3000,6000
9216,0,1217,439,913,3.09588870095e-08,3000,6000
9217,203,1931,1217,1658,3.09588017444e-08,3000,6000
9218,80,439,1931,915,3.09588017444e-08,3000,6000
9219,153,1658,913,915,3.09588870095e-08,3000,6000
9220,1217,439,913,915,3.09588870095e-08,3000,6000
9221,1217,1931,439,915,3.09588017444e-08,3000,6000
9222,1217,913,1658,915,3.09588870095e-08,3000,6000
9223,1217,1658,1931,915,3.09588017444e-08,3000,6000
9224,42,1932,1223,1662,3.09588870095e-08,3000,6000
9225,296,1933,1932,1934,3.09588870095e-08,3000,6000
9226,203,1223,1933,1663,3.09588870095e-08,3000,6000
9227,266,1934,1662,1663,3.09588870095e-08,3000,6000
9228,1932,1223,1662,1663,3.09588870095e-08,3000,6000
9229,1932,1933,1223,1663,3.09588870095e-08,3000,6000
9230,1932,1662,1934,1663,3.09588870095e-08,3000,6000
9231,1932,1934,1933,1663,3.09588870095e-08,3000,6000
9232,19,449,1935,925,3.09588870095e-08,3000,6000
9233,80,1936,449,927,3.09588870095e-08,3000,6000
9234,296,1935,1936,1937,3.09588870095e-08,3000,6000
9235,155,927,925,1937,3.09588870095e-08,3000,6000
9236,449,1935,925,1937,3.09588870095e-08,3000,6000
9237,449,1936,1935,1937,3.09588870095e-08,3000,6000
9238,449,925,927,1937,3.09588870095e-08,3000,6000
9239,449,927,1936,1937,3.09588870095e-08,3000,6000
9240,32,1666,919,921,3.09588834568e-08,3000,6000
9241,266,1669,1666,1938,3.0958894115e-08,3000,6000
9242,153,919,1669,923,3.0958894115e-08,3000,6000
9243,155,1938,921,923,3.0958894115e-08,3000,6000
9244,1666,919,921,923,3.0958894115e-08,3000,6000
9245,1666,1669,919,923,3.0958894115e-08,3000,6000
9246,1666,921,1938,923,3.0958894115e-08,3000,6000
9247,1666,1938,1669,923,3.0958894115e-08,3000,6000
9248,203,1931,1658,1939,3.09588870095e-08,3000,6000
9249,80,915,1931,927,3.09588870095e-08,3000,6000
9250,153,1658,915,923,3.09588870095e-08,3000,6000
9251,155,927,1939,923,3.09588870095e-08,3000,6000
9252,1931,1658,1939,923,3.09588870095e-08,3000,6000
9253,1931,915,1658,923,3.09588870095e-08,3000,6000
9254,1931,1939,927,923,3.09588870095e-08,3000,6000
9255,1931,927,915,923,3.09588870095e-08,3000,6000
9256,203,1933,1931,1939,3.09588870095e-08,3000,6000
9257,296,1936,1933,1937,3.09588870095e-08,3000,6000
9258,80,1931,1936,927,3.09588870095e-08,3000,6000
9259,155,1937,1939,927,3.09588870095e-08,3000,6000
9260,1933,1931,1939,927,3.09588870095e-08,3000,6000
9261,1933,1936,1931,927,3.09588870095e-08,3000,6000
9262,1933,1939,1937,927,3.09588870095e-08,3000,6000
9263,1933,1937,1936,927,3.09588870095e-08,3000,6000
9264,203,1658,1663,1939,3.09588870095e-08,3000,6000
9265,153,1669,1658,923,3.09588870095e-08,3000,6000
9266,266,1663,1669,1938,3.09588870095e-08,3000,6000
9267,155,923,1939,1938,3.09588870095e-08,3000,6000
9268,1658,1663,1939,1938,3.09588870095e-08,3000,6000
9269,1658,1669,1663,1938,3.09588870095e-08,3000,6000
9270,1658,1939,923,1938,3.09588870095e-08,3000,6000
9271,1658,923,1669,1938,3.09588870095e-08,3000,6000
9272,203,1663,1933,1939,3.09588870095e-08,3000,6000
9273,266,1934,1663,1938,3.09588870095e-08,3000,6000
9274,296,1933,1934,1937,3.09588870095e-08,3000,6000
9275,155,1938,1939,1937,3.09588870095e-08,3000,6000
9276,1663,1933,1939,1937,3.09588870095e-08,3000,6000
9277,1663,1934,1933,1937,3.09588870095e-08,3000,6000
9278,1663,1939,1938,1937,3.09588870095e-08,3000,6000
9279,1663,1938,1934,1937,3.09588870095e-08,3000,6000
9280,7,1940,1249,1687,3.09588905623e-08,3000,6000
9281,297,1941,1940,1942,3.09588870095e-08,3000,6000
9282,209,1249,1941,1688,3.09588905623e-08,3000,6000
9283,270,1942,1687,1688,3.09588905623e-08,3000,6000
9284,1940,1249,1687,1688,3.09588905623e-08,3000,6000
9285,1940,1941,1249,1688,3.09588905623e-08,3000,6000
9286,1940,1687,1942,1688,3.09588905623e-08,3000,6000
9287,1940,1942,1941,1688,3.09588905623e-08,3000,6000
9288,54,1943,1944,1945,3.09588870095e-08,3000,6000
9289,298,1946,1943,1947,3.09588870095e-08,3000,6000
9290,297,1944,1946,1948,3.09588870095e-08,3000,6000
9291,299,1947,1945,1948,3.09588870095e-08,3000,6000
9292,1943,1944,1945,1948,3.09588870095e-08,3000,6000
9293,1943,1946,1944,1948,3.09588870095e-08,3000,6000
9294,1943,1945,1947,1948,3.09588870095e-08,3000,6000
9295,1943,1947,1946,1948,3.09588870095e-08,3000,6000
9296,42,1256,1949,1690,3.09588870095e-08,3000,6000
9297,209,1950,1256,1692,3.09588870095e-08,3000,6000
9298,298,1949,1950,1951,3.09588870095e-08,3000,6000
9299,271,1692,1690,1951,3.09588870095e-08,3000,6000
9300,1256,1949,1690,1951,3.09588870095e-08,3000,6000
9301,1256,1950,1949,1951,3.09588870095e-08,3000,6000
9302,1256,1690,1692,1951,3.09588870095e-08,3000,6000
9303,1256,1692,1950,1951,3.09588870095e-08,3000,6000
9304,52,1952,1697,1696,3.0958794639e-08,3000,6000
9305,299,1953,1952,1954,3.0958894115e-08,3000,6000
9306,270,1697,1953,1699,3.09588905623e-08,3000,6000
9307,271,1954,1696,1699,3.09588905623e-08,3000,6000
9308,1952,1697,1696,1699,3.09588052971e-08,3000,6000
9309,1952,1953,1697,1699,3.09588905623e-08,3000,6000
9310,1952,1696,1954,1699,3.09588052971e-08,3000,6000
9311,1952,1954,1953,1699,3.09588905623e-08,3000,6000
9312,297,1941,1942,1955,3.09588799041e-08,3000,6000
9313,209,1688,1941,1692,3.09588905623e-08,3000,6000
9314,270,1942,1688,1699,3.09588905623e-08,3000,6000
9315,271,1692,1955,1699,3.09588799041e-08,3000,6000
9316,1941,1942,1955,1699,3.09588799041e-08,3000,6000
9317,1941,1688,1942,1699,3.09588905623e-08,3000,6000
9318,1941,1955,1692,1699,3.09588799041e-08,3000,6000
9319,1941,1692,1688,1699,3.09588905623e-08,3000,6000
9320,297,1946,1941,1955,3.09588870095e-08,3000,6000
9321,298,1950,1946,1951,3.09588870095e-08,3000,6000
9322,209,1941,1950,1692,3.09588870095e-08,3000,6000
9323,271,1951,1955,1692,3.09588870095e-08,3000,6000
9324,1946,1941,1955,1692,3.09588870095e-08,3000,6000
9325,1946,1950,1941,1692,3.09588870095e-08,3000,6000
9326,1946,1955,1951,1692,3.09588870095e-08,3000,6000
9327,1946,1951,1950,1692,3.09588870095e-08,3000,6000
9328,297,1942,1948,1955,3.09588870095e-08,3000,6000
9329,270,1953,1942,1699,3.09588870095e-08,3000,6000
9330,299,1948,1953,1954,3.09588870095e-08,3000,6000
9331,271,1699,1955,1954,3.09588870095e-08,3000,6000
9332,1942,1948,1955,1954,3.09588870095e-08,3000,6000
9333,1942,1953,1948,1954,3.09588870095e-08,3000,6000
9334,1942,1955,1699,1954,3.09588870095e-08,3000,6000
9335,1942,1699,1953,1954,3.09588870095e-08,3000,6000
9336,297,1948,1946,1955,3.09588905623e-08,3000,6000
9337,299,1947,1948,1954,3.09588870095e-08,3000,6000
9338,298,1946,1947,1951,3.09588870095e-08,3000,6000
9339,271,1954,1955,1951,3.09588905623e-08,3000,6000
9340,1948,1946,1955,1951,3.09588905623e-08,3000,6000
9341,1948,1947,1946,1951,3.09588870095e-08,3000,6000
9342,1948,1955,1954,1951,3.09588905623e-08,3000,6000
9343,1948,1954,1947,1951,3.09588870095e-08,3000,6000
9344,8,488,1956,970,3.09588905623e-08,3000,6000
9345,90,1957,488,972,3.09588905623e-08,3000,6000
9346,300,1956,1957,1958,3.09588870095e-08,3000,6000
9347,165,972,970,1958,3.09588905623e-08,3000,6000
9348,488,1956,970,1958,3.09588905623e-08,3000,6000
9349,488,1957,1956,1958,3.09588905623e-08,3000,6000
9350,488,970,972,1958,3.09588905623e-08,3000,6000
9351,488,972,1957,1958,3.09588905623e-08,3000,6000
9352,19,1959,499,976,3.09588870095e-08,3000,6000
9353,301,1960,1959,1961,3.09588870095e-08,3000,6000
9354,90,499,1960,977,3.09588870095e-08,3000,6000
9355,167,1961,976,977,3.09588870095e-08,3000,6000
9356,1959,499,976,977,3.09588870095e-08,3000,6000
9357,1959,1960,499,977,3.09588870095e-08,3000,6000
9358,1959,976,1961,977,3.09588870095e-08,3000,6000
9359,1959,1961,1960,977,3.09588870095e-08,3000,6000
9360,54,1962,1963,1964,3.09588870095e-08,3000,6000
9361,300,1965,1962,1966,3.09588870095e-08,3000,6000
9362,301,1963,1965,1967,3.09588870095e-08,3000,6000
9363,302,1966,1964,1967,3.09588870095e-08,3000,6000
9364,1962,1963,1964,1967,3.09588870095e-08,3000,6000
9365,1962,1965,1963,1967,3.09588870095e-08,3000,6000
9366,1962,1964,1966,1967,3.09588870095e-08,3000,6000
9367,1962,1966,1965,1967,3.09588870095e-08,3000,6000
9368,34,981,980,1968,3.0958794639e-08,3000,6000
9369,167,984,981,1969,3.09588905623e-08,3000,6000
9370,165,980,984,1970,3.09588905623e-08,3000,6000
9371,302,1969,1968,1970,3.0958894115e-08,3000,6000
9372,981,980,1968,1970,3.09588052971e-08,3000,6000
9373,981,984,980,1970,3.0958844377e-08,3000,6000
9374,981,1968,1969,1970,3.09588514824e-08,3000,6000
9375,981,1969,984,1970,3.09588905623e-08,3000,6000
9376,90,1957,972,1971,3.09588870095e-08,3000,6000
9377,300,1958,1957,1966,3.09588870095e-08,3000,6000
9378,165,972,1958,1970,3.09588870095e-08,3000,6000
9379,302,1966,1971,1970,3.09588870095e-08,3000,6000
9380,1957,972,1971,1970,3.09588870095e-08,3000,6000
9381,1957,1958,972,1970,3.09588870095e-08,3000,6000
9382,1957,1971,1966,1970,3.09588870095e-08,3000,6000
9383,1957,1966,1958,1970,3.09588870095e-08,3000,6000
9384,90,1960,1957,1971,3.09588870095e-08,3000,6000
9385,301,1965,1960,1967,3.09588870095e-08,3000,6000
9386,300,1957,1965,1966,3.09588870095e-08,3000,6000
9387,302,1967,1971,1966,3.09588870095e-08,3000,6000
9388,1960,1957,1971,1966,3.09588870095e-08,3000,6000
9389,1960,1965,1957,1966,3.09588870095e-08,3000,6000
9390,1960,1971,1967,1966,3.09588870095e-08,3000,6000
9391,1960,1967,1965,1966,3.09588870095e-08,3000,6000
9392,90,972,977,1971,3.09588870095e-08,3000,6000
9393,165,984,972,1970,3.09588870095e-08,3000,6000
9394,167,977,984,1969,3.09588870095e-08,3000,6000
9395,302,1970,1971,1969,3.09588870095e-08,3000,6000
9396,972,977,1971,1969,3.09588870095e-08,3000,6000
9397,972,984,977,1969,3.09588870095e-08,3000,6000
9398,972,1971,1970,1969,3.09588870095e-08,3000,6000
9399,972,1970,984,1969,3.09588870095e-08,3000,6000
9400,90,977,1960,1971,3.09588870095e-08,3000,6000
9401,167,1961,977,1969,3.09588870095e-08,3000,6000
9402,301,1960,1961,1967,3.09588870095e-08,3000,6000
9403,302,1969,1971,1967,3.09588870095e-08,3000,6000
9404,977,1960,1971,1967,3.09588870095e-08,3000,6000
9405,977,1961,1960,1967,3.09588870095e-08,3000,6000
9406,977,1971,1969,1967,3.09588870095e-08,3000,6000
9407,977,1969,1961,1967,3.09588870095e-08,3000,6000
9408,9,1704,945,947,3.09588834568e-08,3000,6000
9409,274,1707,1704,1972,3.0958794639e-08,3000,6000
9410,159,945,1707,949,3.09588834568e-08,3000,6000
9411,161,1972,947,949,3.0958794639e-08,3000,6000
9412,1704,945,947,949,3.09588834568e-08,3000,6000
9413,1704,1707,945,949,3.09588834568e-08,3000,6000
9414,1704,947,1972,949,3.0958794639e-08,3000,6000
9415,1704,1972,1707,949,3.0958794639e-08,3000,6000
9416,52,1721,1720,1973,3.0958894115e-08,3000,6000
9417,277,1724,1721,1974,3.09588052971e-08,3000,6000
9418,274,1720,1724,1975,3.09588905623e-08,3000,6000
9419,303,1974,1973,1975,3.0958894115e-08,3000,6000
9420,1721,1720,1973,1975,3.09588905623e-08,3000,6000
9421,1721,1724,1720,1975,3.09588905623e-08,3000,6000
9422,1721,1973,1974,1975,3.09588905623e-08,3000,6000
9423,1721,1974,1724,1975,3.09588905623e-08,3000,6000
9424,32,952,1715,953,3.0958894115e-08,3000,6000
9425,159,1717,952,956,3.09588052971e-08,3000,6000
9426,277,1715,1717,1976,3.0958894115e-08,3000,6000
9427,163,956,953,1976,3.0958894115e-08,3000,6000
9428,952,1715,953,1976,3.0958894115e-08,3000,6000
9429,952,1717,1715,1976,3.09588514824e-08,3000,6000
9430,952,953,956,1976,3.09588514824e-08,3000,6000
9431,952,956,1717,1976,3.09588052971e-08,3000,6000
9432,34,1977,964,963,3.0958894115e-08,3000,6000
9433,303,1978,1977,1979,3.0958894115e-08,3000,6000
9434,161,964,1978,966,3.09588905623e-08,3000,6000
9435,163,1979,963,966,3.09588052971e-08,3000,6000
9436,1977,964,963,966,3.09588905623e-08,3000,6000
9437,1977,1978,964,966,3.09588905623e-08,3000,6000
9438,1977,963,1979,966,3.09588905623e-08,3000,6000
9439,1977,1979,1978,966,3.0958894115e-08,3000,6000
9440,274,1707,1972,1980,3.09588052971e-08,3000,6000
9441,159,949,1707,956,3.0958894115e-08,3000,6000
9442,161,1972,949,966,3.09588052971e-08,3000,6000
9443,163,956,1980,966,3.0958894115e-08,3000,6000
9444,1707,1972,1980,966,3.09588052971e-08,3000,6000
9445,1707,949,1972,966,3.09588052971e-08,3000,6000
9446,1707,1980,956,966,3.0958894115e-08,3000,6000
9447,1707,956,949,966,3.0958894115e-08,3000,6000
9448,274,1724,1707,1980,3.09588052971e-08,3000,6000
9449,277,1717,1724,1976,3.0958894115e-08,3000,6000
9450,159,1707,1717,956,3.0958894115e-08,3000,6000
9451,163,1976,1980,956,3.0958894115e-08,3000,6000
9452,1724,1707,1980,956,3.0958894115e-08,3000,6000
9453,1724,1717,1707,956,3.0958894115e-08,3000,6000
9454,1724,1980,1976,956,3.0958894115e-08,3000,6000
9455,1724,1976,1717,956,3.0958894115e-08,3000,6000
9456,274,1972,1975,1980,3.0958894115e-08,3000,6000
9457,161,1978,1972,966,3.0958894115e-08,3000,6000
9458,303,1975,1978,1979,3.0958894115e-08,3000,6000
9459,163,966,1980,1979,3.09588052971e-08,3000,6000
9460,1972,1975,1980,1979,3.09588514824e-08,3000,6000
9461,1972,1978,1975,1979,3.09589793801e-08,3000,6000
9462,1972,1980,966,1979,3.09588052971e-08,3000,6000
9463,1972,966,1978,1979,3.09589367475e-08,3000,6000
9464,274,1975,1724,1980,3.0958894115e-08,3000,6000
9465,303,1974,1975,1979,3.0958894115e-08,3000,6000
9466,277,1724,1974,1976,3.09588052971e-08,3000,6000
9467,163,1979,1980,1976,3.09588052971e-08,3000,6000
9468,1975,1724,1980,1976,3.0958894115e-08,3000,6000
9469,1975,1974,1724,1976,3.09588514824e-08,3000,6000
9470,1975,1980,1979,1976,3.09588514824e-08,3000,6000
9471,1975,1979,1974,1976,3.09588052971e-08,3000,6000
9472,42,1932,1662,1981,3.09588870095e-08,3000,6000
9473,296,1934,1932,1982,3.09588870095e-08,3000,6000
9474,266,1662,1934,1983,3.09588870095e-08,3000,6000
9475,304,1982,1981,1983,3.09588870095e-08,3000,6000
9476,1932,1662,1981,1983,3.09588870095e-08,3000,6000
9477,1932,1934,1662,1983,3.09588870095e-08,3000,6000
9478,1932,1981,1982,1983,3.09588870095e-08,3000,6000
9479,1932,1982,1934,1983,3.09588870095e-08,3000,6000
9480,19,925,1935,976,3.09588870095e-08,3000,6000
9481,155,1937,925,992,3.09588870095e-08,3000,6000
9482,296,1935,1937,1984,3.09588870095e-08,3000,6000
9483,167,992,976,1984,3.09588870095e-08,3000,6000
9484,925,1935,976,1984,3.09588870095e-08,3000,6000
9485,925,1937,1935,1984,3.09588870095e-08,3000,6000
9486,925,976,992,1984,3.09588870095e-08,3000,6000
9487,925,992,1937,1984,3.09588870095e-08,3000,6000
9488,32,1666,921,953,3.09588834568e-08,3000,6000
9489,266,1938,1666,1985,3.0958894115e-08,3000,6000
9490,155,921,1938,989,3.0958894115e-08,3000,6000
9491,163,1985,953,989,3.09588834568e-08,3000,6000
9492,1666,921,953,989,3.09588834568e-08,3000,6000
9493,1666,1938,921,989,3.0958894115e-08,3000,6000
9494,1666,953,1985,989,3.09588834568e-08,3000,6000
9495,1666,1985,1938,989,3.0958894115e-08,3000,6000
9496,34,981,1986,963,3.09588834568e-08,3000,6000
9497,167,1987,981,995,3.0958894115e-08,3000,6000
9498,304,1986,1987,1988,3.0958894115e-08,3000,6000
9499,163,995,963,1988,3.0958794639e-08,3000,6000
9500,981,1986,963,1988,3.09588834568e-08,3000,6000
9501,981,1987,1986,1988,3.0958894115e-08,3000,6000
9502,981,963,995,1988,3.09588799041e-08,3000,6000
9503,981,995,1987,1988,3.09588905623e-08,3000,6000
9504,296,1934,1982,1989,3.09588870095e-08,3000,6000
9505,266,1983,1934,1985,3.09588905623e-08,3000,6000
9506,304,1982,1983,1988,3.09588905623e-08,3000,6000
9507,163,1985,1989,1988,3.09588905623e-08,3000,6000
9508,1934,1982,1989,1988,3.09588905623e-08,3000,6000
9509,1934,1983,1982,1988,3.09588905623e-08,3000,6000
9510,1934,1989,1985,1988,3.09588905623e-08,3000,6000
9511,1934,1985,1983,1988,3.09588905623e-08,3000,6000
9512,296,1937,1934,1989,3.09588870095e-08,3000,6000
9513,155,1938,1937,989,3.09588905623e-08,3000,6000
9514,266,1934,1938,1985,3.09588905623e-08,3000,6000
9515,163,989,1989,1985,3.09588905623e-08,3000,6000
9516,1937,1934,1989,1985,3.09588905623e-08,3000,6000
9517,1937,1938,1934,1985,3.09588905623e-08,3000,6000
9518,1937,1989,989,1985,3.09588905623e-08,3000,6000
9519,1937,989,1938,1985,3.09588905623e-08,3000,6000
9520,296,1982,1984,1989,3.09588870095e-08,3000,6000
9521,304,1987,1982,1988,3.09588905623e-08,3000,6000
9522,167,1984,1987,995,3.09588905623e-08,3000,6000
9523,163,1988,1989,995,3.09588870095e-08,3000,6000
9524,1982,1984,1989,995,3.09588905623e-08,3000,6000
9525,1982,1987,1984,995,3.09588905623e-08,3000,6000
9526,1982,1989,1988,995,3.09588870095e-08,3000,6000
9527,1982,1988,1987,995,3.09588905623e-08,3000,6000
9528,296,1984,1937,1989,3.09588870095e-08,3000,6000
9529,167,992,1984,995,3.09588905623e-08,3000,6000
9530,155,1937,992,989,3.09588905623e-08,3000,6000
9531,163,995,1989,989,3.09588834568e-08,3000,6000
9532,1984,1937,1989,989,3.09588905623e-08,3000,6000
9533,1984,992,1937,989,3.09588905623e-08,3000,6000
9534,1984,1989,995,989,3.09588905623e-08,3000,6000
9535,1984,995,992,989,3.09588905623e-08,3000,6000
9536,42,1949,1932,1981,3.09588870095e-08,3000,6000
9537,298,1990,1949,1991,3.09588870095e-08,3000,6000
9538,296,1932,1990,1982,3.09588870095e-08,3000,6000
9539,304,1991,1981,1982,3.09588870095e-08,3000,6000
9540,1949,1932,1981,1982,3.09588870095e-08,3000,6000
9541,1949,1990,1932,1982,3.09588870095e-08,3000,6000
9542,1949,1981,1991,1982,3.09588870095e-08,3000,6000
9543,1949,1991,1990,1982,3.09588870095e-08,3000,6000
9544,54,1963,1943,1964,3.09588870095e-08,3000,6000
9545,301,1992,1963,1967,3.09588870095e-08,3000,6000
9546,298,1943,1992,1993,3.09588870095e-08,3000,6000
9547,302,1967,1964,1993,3.09588870095e-08,3000,6000
9548,1963,1943,1964,1993,3.09588870095e-08,3000,6000
9549,1963,1992,1943,1993,3.09588870095e-08,3000,6000
9550,1963,1964,1967,1993,3.09588870095e-08,3000,6000
9551,1963,1967,1992,1993,3.09588870095e-08,3000,6000
9552,19,1935,1959,976,3.09588870095e-08,3000,6000
9553,296,1994,1935,1984,3.09588870095e-08,3000,6000
9554,301,1959,1994,1961,3.09588870095e-08,3000,6000
9555,167,1984,976,1961,3.09588870095e-08,3000,6000
9556,1935,1959,976,1961,3.09588870095e-08,3000,6000
9557,1935,1994,1959,1961,3.09588870095e-08,3000,6000
9558,1935,976,1984,1961,3.09588870095e-08,3000,6000
9559,1935,1984,1994,1961,3.09588870095e-08,3000,6000
9560,34,1968,1986,981,3.0958794639e-08,3000,6000
9561,302,1995,1968,1969,3.09588905623e-08,3000,6000
9562,304,1986,1995,1987,3.0958894115e-08,3000,6000
9563,167,1969,981,1987,3.0958894115e-08,3000,6000
9564,1968,1986,981,1987,3.09588052971e-08,3000,6000
9565,1968,1995,1986,1987,3.09588479297e-08,3000,6000
9566,1968,981,1969,1987,3.09588514824e-08,3000,6000
9567,1968,1969,1995,1987,3.09588905623e-08,3000,6000
9568,298,1990,1991,1996,3.09588870095e-08,3000,6000
9569,296,1982,1990,1984,3.09588870095e-08,3000,6000
9570,304,1991,1982,1987,3.09588870095e-08,3000,6000
9571,167,1984,1996,1987,3.09588870095e-08,3000,6000
9572,1990,1991,1996,1987,3.09588870095e-08,3000,6000
9573,1990,1982,1991,1987,3.09588870095e-08,3000,6000
9574,1990,1996,1984,1987,3.09588870095e-08,3000,6000
9575,1990,1984,1982,1987,3.09588870095e-08,3000,6000
9576,298,1992,1990,1996,3.09588870095e-08,3000,6000
9577,301,1994,1992,1961,3.09588870095e-08,3000,6000
9578,296,1990,1994,1984,3.09588870095e-08,3000,6000
9579,167,1961,1996,1984,3.09588870095e-08,3000,6000
9580,1992,1990,1996,1984,3.09588870095e-08,3000,6000
9581,1992,1994,1990,1984,3.09588870095e-08,3000,6000
9582,1992,1996,1961,1984,3.09588870095e-08,3000,6000
9583,1992,1961,1994,1984,3.09588870095e-08,3000,6000
9584,298,1991,1993,1996,3.09588870095e-08,3000,6000
9585,304,1995,1991,1987,3.09588870095e-08,3000,6000
9586,302,1993,1995,1969,3.09588870095e-08,3000,6000
9587,167,1987,1996,1969,3.09588870095e-08,3000,6000
9588,1991,1993,1996,1969,3.09588870095e-08,3000,6000
9589,1991,1995,1993,1969,3.09588870095e-08,3000,6000
9590,1991,1996,1987,1969,3.09588870095e-08,3000,6000
9591,1991,1987,1995,1969,3.09588870095e-08,3000,6000
9592,298,1993,1992,1996,3.09588870095e-08,3000,6000
9593,302,1967,1993,1969,3.09588870095e-08,3000,6000
9594,301,1992,1967,1961,3.09588870095e-08,3000,6000
9595,167,1969,1996,1961,3.09588870095e-08,3000,6000
9596,1993,1992,1996,1961,3.09588870095e-08,3000,6000
9597,1993,1967,1992,1961,3.09588870095e-08,3000,6000
9598,1993,1996,1969,1961,3.09588870095e-08,3000,6000
9599,1993,1969,1967,1961,3.09588870095e-08,3000,6000
9600,42,1662,1690,1981,3.09588870095e-08,3000,6000
9601,266,1729,1662,1983,3.09588870095e-08,3000,6000
9602,271,1690,1729,1997,3.09588870095e-08,3000,6000
9603,304,1983,1981,1997,3.09588870095e-08,3000,6000
9604,1662,1690,1981,1997,3.09588870095e-08,3000,6000
9605,1662,1729,1690,1997,3.09588870095e-08,3000,6000
9606,1662,1981,1983,1997,3.09588870095e-08,3000,6000
9607,1662,1983,1729,1997,3.09588870095e-08,3000,6000
9608,32,1715,1666,953,3.09588834568e-08,3000,6000
9609,277,1732,1715,1976,3.09588834568e-08,3000,6000
9610,266,1666,1732,1985,3.0958894115e-08,3000,6000
9611,163,1976,953,1985,3.09588834568e-08,3000,6000
9612,1715,1666,953,1985,3.09588834568e-08,3000,6000
9613,1715,1732,1666,1985,3.09588834568e-08,3000,6000
9614,1715,953,1976,1985,3.09588834568e-08,3000,6000
9615,1715,1976,1732,1985,3.09588834568e-08,3000,6000
9616,52,1696,1721,1973,3.09588834568e-08,3000,6000
9617,271,1735,1696,1998,3.0958894115e-08,3000,6000
9618,277,1721,1735,1974,3.0958794639e-08,3000,6000
9619,303,1998,1973,1974,3.09588834568e-08,3000,6000
9620,1696,1721,1973,1974,3.09588799041e-08,3000,6000
9621,1696,1735,1721,1974,3.09588799041e-08,3000,6000
9622,1696,1973,1998,1974,3.09588834568e-08,3000,6000
9623,1696,1998,1735,1974,3.09588834568e-08,3000,6000
9624,34,963,1986,1977,3.09588834568e-08,3000,6000
9625,163,1988,963,1979,3.0958794639e-08,3000,6000
9626,304,1986,1988,1999,3.0958894115e-08,3000,6000
9627,303,1979,1977,1999,3.09588834568e-08,3000,6000
9628,963,1986,1977,1999,3.09588834568e-08,3000,6000
9629,963,1988,1986,1999,3.09588834568e-08,3000,6000
9630,963,1977,1979,1999,3.09588799041e-08,3000,6000
9631,963,1979,1988,1999,3.09588799041e-08,3000,6000
9632,266,1729,1983,2000,3.09588905623e-08,3000,6000
9633,271,1997,1729,1998,3.0958894115e-08,3000,6000
9634,304,1983,1997,1999,3.0958894115e-08,3000,6000
9635,303,1998,2000,1999,3.0958968722e-08,3000,6000
9636,1729,1983,2000,1999,3.09589793801e-08,3000,6000
9637,1729,1997,1983,1999,3.09588905623e-08,3000,6000
9638,1729,2000,1998,1999,3.09589793801e-08,3000,6000
9639,1729,1998,1997,1999,3.0958894115e-08,3000,6000
9640,266,1732,1729,2000,3.09588479297e-08,3000,6000
9641,277,1735,1732,1974,3.09588372716e-08,3000,6000
9642,271,1729,1735,1998,3.0958894115e-08,3000,6000
9643,303,1974,2000,1998,3.09589260894e-08,3000,6000
9644,1732,1729,2000,1998,3.0958894115e-08,3000,6000
9645,1732,1735,1729,1998,3.09588905623e-08,3000,6000
9646,1732,2000,1974,1998,3.09588834568e-08,3000,6000
9647,1732,1974,1735,1998,3.09588799041e-08,3000,6000
9648,266,1983,1985,2000,3.09588514824e-08,3000,6000
9649,304,1988,1983,1999,3.0958894115e-08,3000,6000
9650,163,1985,1988,1979,3.09588372716e-08,3000,6000
9651,303,1999,2000,1979,3.09589260894e-08,3000,6000
9652,1983,1985,2000,1979,3.09588514824e-08,3000,6000
9653,1983,1988,1985,1979,3.09588408243e-08,3000,6000
9654,1983,2000,1999,1979,3.09589331948e-08,3000,6000
9655,1983,1999,1988,1979,3.09589225367e-08,3000,6000
9656,266,1985,1732,2000,3.09588052971e-08,3000,6000
9657,163,1976,1985,1979,3.0958794639e-08,3000,6000
9658,277,1732,1976,1974,3.0958794639e-08,3000,6000
9659,303,1979,2000,1974,3.09588834568e-08,3000,6000
9660,1985,1732,2000,1974,3.0958794639e-08,3000,6000
9661,1985,1976,1732,1974,3.0958794639e-08,3000,6000
9662,1985,2000,1979,1974,3.0958794639e-08,3000,6000
9663,1985,1979,1976,1974,3.0958794639e-08,3000,6000
9664,42,1690,1949,1981,3.09588870095e-08,3000,6000
9665,271,1951,1690,1997,3.09588870095e-08,3000,6000
9666,298,1949,1951,1991,3.09588870095e-08,3000,6000
9667,304,1997,1981,1991,3.09588870095e-08,3000,6000
9668,1690,1949,1981,1991,3.09588870095e-08,3000,6000
9669,1690,1951,1949,1991,3.09588870095e-08,3000,6000
9670,1690,1981,1997,1991,3.09588870095e-08,3000,6000
9671,1690,1997,1951,1991,3.09588870095e-08,3000,6000
9672,52,1952,1696,1973,3.0958794639e-08,3000,6000
9673,299,1954,1952,2001,3.09588905623e-08,3000,6000
9674,271,1696,1954,1998,3.0958894115e-08,3000,6000
9675,303,2001,1973,1998,3.0958794639e-08,3000,6000
9676,1952,1696,1973,1998,3.0958794639e-08,3000,6000
9677,1952,1954,1696,1998,3.09588052971e-08,3000,6000
9678,1952,1973,2001,1998,3.0958794639e-08,3000,6000
9679,1952,2001,1954,1998,3.09588052971e-08,3000,6000
9680,54,1943,1945,1964,3.09588870095e-08,3000,6000
9681,298,1947,1943,1993,3.09588870095e-08,3000,6000
9682,299,1945,1947,2002,3.09588870095e-08,3000,6000
9683,302,1993,1964,2002,3.09588870095e-08,3000,6000
9684,1943,1945,1964,2002,3.09588870095e-08,3000,6000
9685,1943,1947,1945,2002,3.09588870095e-08,3000,6000
9686,1943,1964,1993,2002,3.09588870095e-08,3000,6000
9687,1943,1993,1947,2002,3.09588870095e-08,3000,6000
9688,34,1977,1986,1968,3.0958794639e-08,3000,6000
9689,303,1999,1977,2003,3.0958794639e-08,3000,6000
9690,304,1986,1999,1995,3.0958894115e-08,3000,6000
9691,302,2003,1968,1995,3.09588905623e-08,3000,6000
9692,1977,1986,1968,1995,3.09587981917e-08,3000,6000
9693,1977,1999,1986,1995,3.09588017444e-08,3000,6000
9694,1977,1968,2003,1995,3.09587981917e-08,3000,6000
9695,1977,2003,1999,1995,3.09588017444e-08,3000,6000
9696,271,1951,1997,2004,3.09588870095e-08,3000,6000
9697,298,1991,1951,1993,3.09588870095e-08,3000,6000
9698,304,1997,1991,1995,3.09588870095e-08,3000,6000
9699,302,1993,2004,1995,3.09588870095e-08,3000,6000
9700,1951,1997,2004,1995,3.09588870095e-08,3000,6000
9701,1951,1991,1997,1995,3.09588870095e-08,3000,6000
9702,1951,2004,1993,1995,3.09588870095e-08,3000,6000
9703,1951,1993,1991,1995,3.09588870095e-08,3000,6000
9704,271,1954,1951,2004,3.09588870095e-08,3000,6000
9705,299,1947,1954,2002,3.09588870095e-08,3000,6000
9706,298,1951,1947,1993,3.09588870095e-08,3000,6000
9707,302,2002,2004,1993,3.09588870095e-08,3000,6000
9708,1954,1951,2004,1993,3.09588870095e-08,3000,6000
9709,1954,1947,1951,1993,3.09588870095e-08,3000,6000
9710,1954,2004,2002,1993,3.09588870095e-08,3000,6000
9711,1954,2002,1947,1993,3.09588870095e-08,3000,6000
9712,271,1997,1998,2004,3.0958894115e-08,3000,6000
9713,304,1999,1997,1995,3.0958894115e-08,3000,6000
9714,303,1998,1999,2003,3.0958794639e-08,3000,6000
9715,302,1995,2004,2003,3.0958894115e-08,3000,6000
9716,1997,1998,2004,2003,3.09589367475e-08,3000,6000
9717,1997,1999,1998,2003,3.09588052971e-08,3000,6000
9718,1997,2004,1995,2003,3.0958894115e-08,3000,6000
9719,1997,1995,1999,2003,3.09587626646e-08,3000,6000
9720,271,1998,1954,2004,3.09588905623e-08,3000,6000
9721,303,2001,1998,2003,3.0958794639e-08,3000,6000
9722,299,1954,2001,2002,3.0958894115e-08,3000,6000
9723,302,2003,2004,2002,3.0958894115e-08,3000,6000
9724,1998,1954,2004,2002,3.09588905623e-08,3000,6000
9725,1998,2001,1954,2002,3.09587626646e-08,3000,6000
9726,1998,2004,2003,2002,3.09589367475e-08,3000,6000
9727,1998,2003,2001,2002,3.09588052971e-08,3000,6000
9728,0,1217,639,439,3.09588870095e-08,3000,6000
9729,203,1414,1217,1931,3.09588017444e-08,3000,6000
9730,112,639,1414,641,3.09588870095e-08,3000,6000
9731,80,1931,439,641,3.09588017444e-08,3000,6000
9732,1217,639,439,641,3.09588870095e-08,3000,6000
9733,1217,1414,639,641,3.09588870095e-08,3000,6000
9734,1217,439,1931,641,3.09588017444e-08,3000,6000
9735,1217,1931,1414,641,3.09588017444e-08,3000,6000
9736,42,1423,1223,1932,3.09588870095e-08,3000,6000
9737,234,1425,1423,2005,3.09588870095e-08,3000,6000
9738,203,1223,1425,1933,3.09588870095e-08,3000,6000
9739,296,2005,1932,1933,3.09588870095e-08,3000,6000
9740,1423,1223,1932,1933,3.09588870095e-08,3000,6000
9741,1423,1425,1223,1933,3.09588870095e-08,3000,6000
9742,1423,1932,2005,1933,3.09588870095e-08,3000,6000
9743,1423,2005,1425,1933,3.09588870095e-08,3000,6000
9744,25,649,1419,650,3.09588834568e-08,3000,6000
9745,112,1421,649,653,3.0958894115e-08,3000,6000
9746,234,1419,1421,2006,3.0958894115e-08,3000,6000
9747,114,653,650,2006,3.0958894115e-08,3000,6000
9748,649,1419,650,2006,3.0958894115e-08,3000,6000
9749,649,1421,1419,2006,3.0958894115e-08,3000,6000
9750,649,650,653,2006,3.0958894115e-08,3000,6000
9751,649,653,1421,2006,3.0958894115e-08,3000,6000
9752,19,1935,449,645,3.09588870095e-08,3000,6000
9753,296,1936,1935,2007,3.09588870095e-08,3000,6000
9754,80,449,1936,646,3.09588870095e-08,3000,6000
9755,114,2007,645,646,3.09588870095e-08,3000,6000
9756,1935,449,645,646,3.09588870095e-08,3000,6000
9757,1935,1936,449,646,3.09588870095e-08,3000,6000
9758,1935,645,2007,646,3.09588870095e-08,3000,6000
9759,1935,2007,1936,646,3.09588870095e-08,3000,6000
9760,203,1414,1931,2008,3.09588870095e-08,3000,6000
9761,112,641,1414,653,3.09588870095e-08,3000,6000
9762,80,1931,641,646,3.09588870095e-08,3000,6000
9763,114,653,2008,646,3.09588870095e-08,3000,6000
9764,1414,1931,2008,646,3.09588870095e-08,3000,6000
9765,1414,641,1931,646,3.09588870095e-08,3000,6000
9766,1414,2008,653,646,3.09588870095e-08,3000,6000
9767,1414,653,641,646,3.09588870095e-08,3000,6000
9768,203,1425,1414,2008,3.09588870095e-08,3000,6000
9769,234,1421,1425,2006,3.09588870095e-08,3000,6000
9770,112,1414,1421,653,3.09588870095e-08,3000,6000
9771,114,2006,2008,653,3.09588870095e-08,3000,6000
9772,1425,1414,2008,653,3.09588870095e-08,3000,6000
9773,1425,1421,1414,653,3.09588870095e-08,3000,6000
9774,1425,2008,2006,653,3.09588870095e-08,3000,6000
9775,1425,2006,1421,653,3.09588870095e-08,3000,6000
9776,203,1931,1933,2008,3.09588870095e-08,3000,6000
9777,80,1936,1931,646,3.09588870095e-08,3000,6000
9778,296,1933,1936,2007,3.09588870095e-08,3000,6000
9779,114,646,2008,2007,3.09588870095e-08,3000,6000
9780,1931,1933,2008,2007,3.09588870095e-08,3000,6000
9781,1931,1936,1933,2007,3.09588870095e-08,3000,6000
9782,1931,2008,646,2007,3.09588870095e-08,3000,6000
9783,1931,646,1936,2007,3.09588870095e-08,3000,6000
9784,203,1933,1425,2008,3.09588870095e-08,3000,6000
9785,296,2005,1933,2007,3.09588870095e-08,3000,6000
9786,234,1425,2005,2006,3.09588870095e-08,3000,6000
9787,114,2007,2008,2006,3.09588870095e-08,3000,6000
9788,1933,1425,2008,2006,3.09588870095e-08,3000,6000
9789,1933,2005,1425,2006,3.09588870095e-08,3000,6000
9790,1933,2008,2007,2006,3.09588870095e-08,3000,6000
9791,1933,2007,2005,2006,3.09588870095e-08,3000,6000
9792,7,1466,1249,1940,3.09588905623e-08,3000,6000
9793,243,1468,1466,2009,3.09588905623e-08,3000,6000
9794,209,1249,1468,1941,3.09588905623e-08,3000,6000
9795,297,2009,1940,1941,3.09588870095e-08,3000,6000
9796,1466,1249,1940,1941,3.09588905623e-08,3000,6000
9797,1466,1468,1249,1941,3.09588905623e-08,3000,6000
9798,1466,1940,2009,1941,3.09588905623e-08,3000,6000
9799,1466,2009,1468,1941,3.09588905623e-08,3000,6000
9800,48,1477,1476,2010,3.0958794639e-08,3000,6000
9801,245,1480,1477,2011,3.09588905623e-08,3000,6000
9802,243,1476,1480,2012,3.09588905623e-08,3000,6000
9803,305,2011,2010,2012,3.0958894115e-08,3000,6000
9804,1477,1476,2010,2012,3.09588052971e-08,3000,6000
9805,1477,1480,1476,2012,3.0958844377e-08,3000,6000
9806,1477,2010,2011,2012,3.09588514824e-08,3000,6000
9807,1477,2011,1480,2012,3.09588905623e-08,3000,6000
9808,42,1256,1472,1949,3.09588870095e-08,3000,6000
9809,209,1473,1256,1950,3.09588870095e-08,3000,6000
9810,245,1472,1473,2013,3.09588870095e-08,3000,6000
9811,298,1950,1949,2013,3.09588870095e-08,3000,6000
9812,1256,1472,1949,2013,3.09588870095e-08,3000,6000
9813,1256,1473,1472,2013,3.09588870095e-08,3000,6000
9814,1256,1949,1950,2013,3.09588870095e-08,3000,6000
9815,1256,1950,1473,2013,3.09588870095e-08,3000,6000
9816,54,2014,1944,1943,3.09588870095e-08,3000,6000
9817,305,2015,2014,2016,3.09588870095e-08,3000,6000
9818,297,1944,2015,1946,3.09588870095e-08,3000,6000
9819,298,2016,1943,1946,3.09588870095e-08,3000,6000
9820,2014,1944,1943,1946,3.09588870095e-08,3000,6000
9821,2014,2015,1944,1946,3.09588870095e-08,3000,6000
9822,2014,1943,2016,1946,3.09588870095e-08,3000,6000
9823,2014,2016,2015,1946,3.09588870095e-08,3000,6000
9824,243,1468,2009,2017,3.09588870095e-08,3000,6000
9825,209,1941,1468,1950,3.09588870095e-08,3000,6000
9826,297,2009,1941,1946,3.09588870095e-08,3000,6000
9827,298,1950,2017,1946,3.09588870095e-08,3000,6000
9828,1468,2009,2017,1946,3.09588870095e-08,3000,6000
9829,1468,1941,2009,1946,3.09588870095e-08,3000,6000
9830,1468,2017,1950,1946,3.09588870095e-08,3000,6000
9831,1468,1950,1941,1946,3.09588870095e-08,3000,6000
9832,243,1480,1468,2017,3.09588870095e-08,3000,6000
9833,245,1473,1480,2013,3.09588870095e-08,3000,6000
9834,209,1468,1473,1950,3.09588870095e-08,3000,6000
9835,298,2013,2017,1950,3.09588870095e-08,3000,6000
9836,1480,1468,2017,1950,3.09588870095e-08,3000,6000
9837,1480,1473,1468,1950,3.09588870095e-08,3000,6000
9838,1480,2017,2013,1950,3.09588870095e-08,3000,6000
9839,1480,2013,1473,1950,3.09588870095e-08,3000,6000
9840,243,2009,2012,2017,3.09588870095e-08,3000,6000
9841,297,2015,2009,1946,3.09588870095e-08,3000,6000
9842,305,2012,2015,2016,3.09588870095e-08,3000,6000
9843,298,1946,2017,2016,3.09588870095e-08,3000,6000
9844,2009,2012,2017,2016,3.09588870095e-08,3000,6000
9845,2009,2015,2012,2016,3.09588870095e-08,3000,6000
9846,2009,2017,1946,2016,3.09588870095e-08,3000,6000
9847,2009,1946,2015,2016,3.09588870095e-08,3000,6000
9848,243,2012,1480,2017,3.09588870095e-08,3000,6000
9849,305,2011,2012,2016,3.09588870095e-08,3000,6000
9850,245,1480,2011,2013,3.09588870095e-08,3000,6000
9851,298,2016,2017,2013,3.09588870095e-08,3000,6000
9852,2012,1480,2017,2013,3.09588870095e-08,3000,6000
9853,2012,2011,1480,2013,3.09588870095e-08,3000,6000
9854,2012,2017,2016,2013,3.09588870095e-08,3000,6000
9855,2012,2016,2011,2013,3.09588870095e-08,3000,6000
9856,11,688,1444,689,3.09588834568e-08,3000,6000
9857,122,1446,688,692,3.09588834568e-08,3000,6000
9858,239,1444,1446,2018,3.0958794639e-08,3000,6000
9859,123,692,689,2018,3.0958794639e-08,3000,6000
9860,688,1444,689,2018,3.09588834568e-08,3000,6000
9861,688,1446,1444,2018,3.09588372716e-08,3000,6000
9862,688,689,692,2018,3.09588372716e-08,3000,6000
9863,688,692,1446,2018,3.0958794639e-08,3000,6000
9864,25,1449,699,701,3.0958894115e-08,3000,6000
9865,241,1452,1449,2019,3.0958894115e-08,3000,6000
9866,122,699,1452,703,3.09588052971e-08,3000,6000
9867,126,2019,701,703,3.0958894115e-08,3000,6000
9868,1449,699,701,703,3.09588052971e-08,3000,6000
9869,1449,1452,699,703,3.09588052971e-08,3000,6000
9870,1449,701,2019,703,3.0958894115e-08,3000,6000
9871,1449,2019,1452,703,3.0958894115e-08,3000,6000
9872,48,1460,1459,2020,3.0958894115e-08,3000,6000
9873,239,1462,1460,2021,3.09588905623e-08,3000,6000
9874,241,1459,1462,2022,3.09588052971e-08,3000,6000
9875,306,2021,2020,2022,3.0958894115e-08,3000,6000
9876,1460,1459,2020,2022,3.09588905623e-08,3000,6000
9877,1460,1462,1459,2022,3.09588905623e-08,3000,6000
9878,1460,2020,2021,2022,3.09588905623e-08,3000,6000
9879,1460,2021,1462,2022,3.09588905623e-08,3000,6000
9880,27,707,706,2023,3.0958894115e-08,3000,6000
9881,126,710,707,2024,3.09588052971e-08,3000,6000
9882,123,706,710,2025,3.09588905623e-08,3000,6000
9883,306,2024,2023,2025,3.0958894115e-08,3000,6000
9884,707,706,2023,2025,3.09588905623e-08,3000,6000
9885,707,710,706,2025,3.09588905623e-08,3000,6000
9886,707,2023,2024,2025,3.09588905623e-08,3000,6000
9887,707,2024,710,2025,3.09588905623e-08,3000,6000
9888,122,1446,692,2026,3.0958894115e-08,3000,6000
9889,239,2018,1446,2021,3.09588052971e-08,3000,6000
9890,123,692,2018,2025,3.09588052971e-08,3000,6000
9891,306,2021,2026,2025,3.0958894115e-08,3000,6000
9892,1446,692,2026,2025,3.0958894115e-08,3000,6000
9893,1446,2018,692,2025,3.09588052971e-08,3000,6000
9894,1446,2026,2021,2025,3.0958894115e-08,3000,6000
9895,1446,2021,2018,2025,3.09588052971e-08,3000,6000
9896,122,1452,1446,2026,3.0958894115e-08,3000,6000
9897,241,1462,1452,2022,3.09588514824e-08,3000,6000
9898,239,1446,1462,2021,3.09588514824e-08,3000,6000
9899,306,2022,2026,2021,3.0958894115e-08,3000,6000
9900,1452,1446,2026,2021,3.0958894115e-08,3000,6000
9901,1452,1462,1446,2021,3.0958894115e-08,3000,6000
9902,1452,2026,2022,2021,3.0958894115e-08,3000,6000
9903,1452,2022,1462,2021,3.0958894115e-08,3000,6000
9904,122,692,703,2026,3.0958894115e-08,3000,6000
9905,123,710,692,2025,3.09588514824e-08,3000,6000
9906,126,703,710,2024,3.09588514824e-08,3000,6000
9907,306,2025,2026,2024,3.0958894115e-08,3000,6000
9908,692,703,2026,2024,3.0958894115e-08,3000,6000
9909,692,710,703,2024,3.0958894115e-08,3000,6000
9910,692,2026,2025,2024,3.0958894115e-08,3000,6000
9911,692,2025,710,2024,3.0958894115e-08,3000,6000
9912,122,703,1452,2026,3.0958894115e-08,3000,6000
9913,126,2019,703,2024,3.09588052971e-08,3000,6000
9914,241,1452,2019,2022,3.09588052971e-08,3000,6000
9915,306,2024,2026,2022,3.0958894115e-08,3000,6000
9916,703,1452,2026,2022,3.0958894115e-08,3000,6000
9917,703,2019,1452,2022,3.09588052971e-08,3000,6000
9918,703,2026,2024,2022,3.0958894115e-08,3000,6000
9919,703,2024,2019,2022,3.09588052971e-08,3000,6000
9920,8,1956,488,671,3.09588905623e-08,3000,6000
9921,300,1957,1956,2027,3.09588870095e-08,3000,6000
9922,90,488,1957,672,3.09588905623e-08,3000,6000
9923,118,2027,671,672,3.09588905623e-08,3000,6000
9924,1956,488,671,672,3.09588905623e-08,3000,6000
9925,1956,1957,488,672,3.09588905623e-08,3000,6000
9926,1956,671,2027,672,3.09588905623e-08,3000,6000
9927,1956,2027,1957,672,3.09588905623e-08,3000,6000
9928,54,1963,1962,2028,3.09588870095e-08,3000,6000
9929,301,1965,1963,2029,3.09588870095e-08,3000,6000
9930,300,1962,1965,2030,3.09588870095e-08,3000,6000
9931,307,2029,2028,2030,3.09588870095e-08,3000,6000
9932,1963,1962,2028,2030,3.09588870095e-08,3000,6000
9933,1963,1965,1962,2030,3.09588870095e-08,3000,6000
9934,1963,2028,2029,2030,3.09588870095e-08,3000,6000
9935,1963,2029,1965,2030,3.09588870095e-08,3000,6000
9936,19,499,1959,674,3.09588870095e-08,3000,6000
9937,90,1960,499,676,3.09588870095e-08,3000,6000
9938,301,1959,1960,2031,3.09588870095e-08,3000,6000
9939,119,676,674,2031,3.09588870095e-08,3000,6000
9940,499,1959,674,2031,3.09588870095e-08,3000,6000
9941,499,1960,1959,2031,3.09588870095e-08,3000,6000
9942,499,674,676,2031,3.09588870095e-08,3000,6000
9943,499,676,1960,2031,3.09588870095e-08,3000,6000
9944,27,2032,681,680,3.0958794639e-08,3000,6000
9945,307,2033,2032,2034,3.0958894115e-08,3000,6000
9946,118,681,2033,683,3.09588905623e-08,3000,6000
9947,119,2034,680,683,3.09588905623e-08,3000,6000
9948,2032,681,680,683,3.09588052971e-08,3000,6000
9949,2032,2033,681,683,3.09588905623e-08,3000,6000
9950,2032,680,2034,683,3.09588052971e-08,3000,6000
9951,2032,2034,2033,683,3.09588905623e-08,3000,6000
9952,300,1957,2027,2035,3.09588799041e-08,3000,6000
9953,90,672,1957,676,3.09588905623e-08,3000,6000
9954,118,2027,672,683,3.09588905623e-08,3000,6000
9955,119,676,2035,683,3.09588799041e-08,3000,6000
9956,1957,2027,2035,683,3.09588799041e-08,3000,6000
9957,1957,672,2027,683,3.09588905623e-08,3000,6000
9958,1957,2035,676,683,3.09588799041e-08,3000,6000
9959,1957,676,672,683,3.09588905623e-08,3000,6000
9960,300,1965,1957,2035,3.09588870095e-08,3000,6000
9961,301,1960,1965,2031,3.09588870095e-08,3000,6000
9962,90,1957,1960,676,3.09588870095e-08,3000,6000
9963,119,2031,2035,676,3.09588870095e-08,3000,6000
9964,1965,1957,2035,676,3.09588870095e-08,3000,6000
9965,1965,1960,1957,676,3.09588870095e-08,3000,6000
9966,1965,2035,2031,676,3.09588870095e-08,3000,6000
9967,1965,2031,1960,676,3.09588870095e-08,3000,6000
9968,300,2027,2030,2035,3.09588870095e-08,3000,6000
9969,118,2033,2027,683,3.09588870095e-08,3000,6000
9970,307,2030,2033,2034,3.09588870095e-08,3000,6000
9971,119,683,2035,2034,3.09588870095e-08,3000,6000
9972,2027,2030,2035,2034,3.09588870095e-08,3000,6000
9973,2027,2033,2030,2034,3.09588870095e-08,3000,6000
9974,2027,2035,683,2034,3.09588870095e-08,3000,6000
9975,2027,683,2033,2034,3.09588870095e-08,3000,6000
9976,300,2030,1965,2035,3.09588905623e-08,3000,6000
9977,307,2029,2030,2034,3.09588870095e-08,3000,6000
9978,301,1965,2029,2031,3.09588870095e-08,3000,6000
9979,119,2034,2035,2031,3.09588905623e-08,3000,6000
9980,2030,1965,2035,2031,3.09588905623e-08,3000,6000
9981,2030,2029,1965,2031,3.09588870095e-08,3000,6000
9982,2030,2035,2034,2031,3.09588905623e-08,3000,6000
9983,2030,2034,2029,2031,3.09588870095e-08,3000,6000
9984,42,1423,1932,2036,3.09588870095e-08,3000,6000
9985,234,2005,1423,2037,3.09588870095e-08,3000,6000
9986,296,1932,2005,2038,3.09588870095e-08,3000,6000
9987,308,2037,2036,2038,3.09588870095e-08,3000,6000
9988,1423,1932,2036,2038,3.09588870095e-08,3000,6000
9989,1423,2005,1932,2038,3.09588870095e-08,3000,6000
9990,1423,2036,2037,2038,3.09588870095e-08,3000,6000
9991,1423,2037,2005,2038,3.09588870095e-08,3000,6000
9992,25,650,1419,701,3.09588834568e-08,3000,6000
9993,114,2006,650,718,3.0958894115e-08,3000,6000
9994,234,1419,2006,2039,3.0958894115e-08,3000,6000
9995,126,718,701,2039,3.09588834568e-08,3000,6000
9996,650,1419,701,2039,3.09588834568e-08,3000,6000
9997,650,2006,1419,2039,3.0958894115e-08,3000,6000
9998,650,701,718,2039,3.09588834568e-08,3000,6000
9999,650,718,2006,2039,3.0958894115e-08,3000,6000
10000,19,1935,645,674,3.09588870095e-08,3000,6000
10001,296,2007,1935,2040,3.09588870095e-08,3000,6000
10002,114,645,2007,715,3.09588870095e-08,3000,6000
10003,119,2040,674,715,3.09588870095e-08,3000,6000
10004,1935,645,674,715,3.09588870095e-08,3000,6000
10005,1935,2007,645,715,3.09588870095e-08,3000,6000
10006,1935,674,2040,715,3.09588870095e-08,3000,6000
10007,1935,2040,2007,715,3.09588870095e-08,3000,6000
10008,27,707,2041,680,3.09588834568e-08,3000,6000
10009,126,2042,707,721,3.0958794639e-08,3000,6000
10010,308,2041,2042,2043,3.0958894115e-08,3000,6000
10011,119,721,680,2043,3.0958894115e-08,3000,6000
10012,707,2041,680,2043,3.09589722747e-08,3000,6000
10013,707,2042,2041,2043,3.09589331948e-08,3000,6000
10014,707,680,721,2043,3.09588408243e-08,3000,6000
10015,707,721,2042,2043,3.09588017444e-08,3000,6000
10016,234,2005,2037,2044,3.09588870095e-08,3000,6000
10017,296,2038,2005,2040,3.09588870095e-08,3000,6000
10018,308,2037,2038,2043,3.09588870095e-08,3000,6000
10019,119,2040,2044,2043,3.09588870095e-08,3000,6000
10020,2005,2037,2044,2043,3.09588870095e-08,3000,6000
10021,2005,2038,2037,2043,3.09588870095e-08,3000,6000
10022,2005,2044,2040,2043,3.09588870095e-08,3000,6000
10023,2005,2040,2038,2043,3.09588870095e-08,3000,6000
10024,234,2006,2005,2044,3.09588870095e-08,3000,6000
10025,114,2007,2006,715,3.09588870095e-08,3000,6000
10026,296,2005,2007,2040,3.09588870095e-08,3000,6000
10027,119,715,2044,2040,3.09588870095e-08,3000,6000
10028,2006,2005,2044,2040,3.09588870095e-08,3000,6000
10029,2006,2007,2005,2040,3.09588870095e-08,3000,6000
10030,2006,2044,715,2040,3.09588870095e-08,3000,6000
10031,2006,715,2007,2040,3.09588870095e-08,3000,6000
10032,234,2037,2039,2044,3.0958894115e-08,3000,6000
10033,308,2042,2037,2043,3.0958894115e-08,3000,6000
10034,126,2039,2042,721,3.09588799041e-08,3000,6000
10035,119,2043,2044,721,3.0958894115e-08,3000,6000
10036,2037,2039,2044,721,3.0958894115e-08,3000,6000
10037,2037,2042,2039,721,3.09588905623e-08,3000,6000
10038,2037,2044,2043,721,3.0958894115e-08,3000,6000
10039,2037,2043,2042,721,3.09588905623e-08,3000,6000
10040,234,2039,2006,2044,3.0958894115e-08,3000,6000
10041,126,718,2039,721,3.09588834568e-08,3000,6000
10042,114,2006,718,715,3.0958894115e-08,3000,6000
10043,119,721,2044,715,3.09588905623e-08,3000,6000
10044,2039,2006,2044,715,3.09588905623e-08,3000,6000
10045,2039,718,2006,715,3.0958894115e-08,3000,6000
10046,2039,2044,721,715,3.09588905623e-08,3000,6000
10047,2039,721,718,715,3.0958894115e-08,3000,6000
10048,42,1472,1423,2036,3.09588870095e-08,3000,6000
10049,245,1488,1472,2045,3.09588870095e-08,3000,6000
10050,234,1423,1488,2037,3.09588870095e-08,3000,6000
10051,308,2045,2036,2037,3.09588870095e-08,3000,6000
10052,1472,1423,2036,2037,3.09588870095e-08,3000,6000
10053,1472,1488,1423,2037,3.09588870095e-08,3000,6000
10054,1472,2036,2045,2037,3.09588870095e-08,3000,6000
10055,1472,2045,1488,2037,3.09588870095e-08,3000,6000
10056,48,1459,1477,2020,3.09588834568e-08,3000,6000
10057,241,1491,1459,2022,3.0958794639e-08,3000,6000
10058,245,1477,1491,2046,3.0958894115e-08,3000,6000
10059,306,2022,2020,2046,3.09588834568e-08,3000,6000
10060,1459,1477,2020,2046,3.09588834568e-08,3000,6000
10061,1459,1491,1477,2046,3.09588834568e-08,3000,6000
10062,1459,2020,2022,2046,3.09588799041e-08,3000,6000
10063,1459,2022,1491,2046,3.09588799041e-08,3000,6000
10064,25,1419,1449,701,3.09588834568e-08,3000,6000
10065,234,1485,1419,2039,3.0958894115e-08,3000,6000
10066,241,1449,1485,2019,3.09588834568e-08,3000,6000
10067,126,2039,701,2019,3.09588834568e-08,3000,6000
10068,1419,1449,701,2019,3.09588834568e-08,3000,6000
10069,1419,1485,1449,2019,3.09588834568e-08,3000,6000
10070,1419,701,2039,2019,3.09588834568e-08,3000,6000
10071,1419,2039,1485,2019,3.09588834568e-08,3000,6000
10072,27,2023,2041,707,3.09588834568e-08,3000,6000
10073,306,2047,2023,2024,3.09588834568e-08,3000,6000
10074,308,2041,2047,2042,3.0958894115e-08,3000,6000
10075,126,2024,707,2042,3.0958794639e-08,3000,6000
10076,2023,2041,707,2042,3.09588799041e-08,3000,6000
10077,2023,2047,2041,2042,3.09588834568e-08,3000,6000
10078,2023,707,2024,2042,3.09588799041e-08,3000,6000
10079,2023,2024,2047,2042,3.09588834568e-08,3000,6000
10080,245,1488,2045,2048,3.0958894115e-08,3000,6000
10081,234,2037,1488,2039,3.09588905623e-08,3000,6000
10082,308,2045,2037,2042,3.0958894115e-08,3000,6000
10083,126,2039,2048,2042,3.09588834568e-08,3000,6000
10084,1488,2045,2048,2042,3.0958894115e-08,3000,6000
10085,1488,2037,2045,2042,3.09588905623e-08,3000,6000
10086,1488,2048,2039,2042,3.0958894115e-08,3000,6000
10087,1488,2039,2037,2042,3.09588905623e-08,3000,6000
10088,245,1491,1488,2048,3.09588905623e-08,3000,6000
10089,241,1485,1491,2019,3.09588834568e-08,3000,6000
10090,234,1488,1485,2039,3.0958894115e-08,3000,6000
10091,126,2019,2048,2039,3.09588834568e-08,3000,6000
10092,1491,1488,2048,2039,3.09588905623e-08,3000,6000
10093,1491,1485,1488,2039,3.0958894115e-08,3000,6000
10094,1491,2048,2019,2039,3.09588799041e-08,3000,6000
10095,1491,2019,1485,2039,3.09588834568e-08,3000,6000
10096,245,2045,2046,2048,3.0958894115e-08,3000,6000
10097,308,2047,2045,2042,3.0958894115e-08,3000,6000
10098,306,2046,2047,2024,3.09588834568e-08,3000,6000
10099,126,2042,2048,2024,3.0958794639e-08,3000,6000
10100,2045,2046,2048,2024,3.09588514824e-08,3000,6000
10101,2045,2047,2046,2024,3.09589722747e-08,3000,6000
10102,2045,2048,2042,2024,3.09588017444e-08,3000,6000
10103,2045,2042,2047,2024,3.09589225367e-08,3000,6000
10104,245,2046,1491,2048,3.09588905623e-08,3000,6000
10105,306,2022,2046,2024,3.09588834568e-08,3000,6000
10106,241,1491,2022,2019,3.0958794639e-08,3000,6000
10107,126,2024,2048,2019,3.0958794639e-08,3000,6000
10108,2046,1491,2048,2019,3.09588799041e-08,3000,6000
10109,2046,2022,1491,2019,3.09588372716e-08,3000,6000
10110,2046,2048,2024,2019,3.09588372716e-08,3000,6000
10111,2046,2024,2022,2019,3.0958794639e-08,3000,6000
10112,42,1932,1949,2036,3.09588870095e-08,3000,6000
10113,296,1990,1932,2038,3.09588870095e-08,3000,6000
10114,298,1949,1990,2049,3.09588870095e-08,3000,6000
10115,308,2038,2036,2049,3.09588870095e-08,3000,6000
10116,1932,1949,2036,2049,3.09588870095e-08,3000,6000
10117,1932,1990,1949,2049,3.09588870095e-08,3000,6000
10118,1932,2036,2038,2049,3.09588870095e-08,3000,6000
10119,1932,2038,1990,2049,3.09588870095e-08,3000,6000
10120,19,1959,1935,674,3.09588870095e-08,3000,6000
10121,301,1994,1959,2031,3.09588870095e-08,3000,6000
10122,296,1935,1994,2040,3.09588870095e-08,3000,6000
10123,119,2031,674,2040,3.09588870095e-08,3000,6000
10124,1959,1935,674,2040,3.09588870095e-08,3000,6000
10125,1959,1994,1935,2040,3.09588870095e-08,3000,6000
10126,1959,674,2031,2040,3.09588870095e-08,3000,6000
10127,1959,2031,1994,2040,3.09588870095e-08,3000,6000
10128,54,1943,1963,2028,3.09588870095e-08,3000,6000
10129,298,1992,1943,2050,3.09588870095e-08,3000,6000
10130,301,1963,1992,2029,3.09588870095e-08,3000,6000
10131,307,2050,2028,2029,3.09588870095e-08,3000,6000
10132,1943,1963,2028,2029,3.09588870095e-08,3000,6000
10133,1943,1992,1963,2029,3.09588870095e-08,3000,6000
10134,1943,2028,2050,2029,3.09588870095e-08,3000,6000
10135,1943,2050,1992,2029,3.09588870095e-08,3000,6000
10136,27,680,2041,2032,3.0958794639e-08,3000,6000
10137,119,2043,680,2034,3.0958894115e-08,3000,6000
10138,308,2041,2043,2051,3.0958894115e-08,3000,6000
10139,307,2034,2032,2051,3.09588905623e-08,3000,6000
10140,680,2041,2032,2051,3.09588052971e-08,3000,6000
10141,680,2043,2041,2051,3.0958894115e-08,3000,6000
10142,680,2032,2034,2051,3.09588052971e-08,3000,6000
10143,680,2034,2043,2051,3.09588905623e-08,3000,6000
10144,296,1990,2038,2052,3.09588870095e-08,3000,6000
10145,298,2049,1990,2050,3.09588870095e-08,3000,6000
10146,308,2038,2049,2051,3.09588870095e-08,3000,6000
10147,307,2050,2052,2051,3.09588870095e-08,3000,6000
10148,1990,2038,2052,2051,3.09588870095e-08,3000,6000
10149,1990,2049,2038,2051,3.09588870095e-08,3000,6000
10150,1990,2052,2050,2051,3.09588870095e-08,3000,6000
10151,1990,2050,2049,2051,3.09588870095e-08,3000,6000
10152,296,1994,1990,2052,3.09588870095e-08,3000,6000
10153,301,1992,1994,2029,3.09588870095e-08,3000,6000
10154,298,1990,1992,2050,3.09588870095e-08,3000,6000
10155,307,2029,2052,2050,3.09588870095e-08,3000,6000
10156,1994,1990,2052,2050,3.09588870095e-08,3000,6000
10157,1994,1992,1990,2050,3.09588870095e-08,3000,6000
10158,1994,2052,2029,2050,3.09588870095e-08,3000,6000
10159,1994,2029,1992,2050,3.09588870095e-08,3000,6000
10160,296,2038,2040,2052,3.09588870095e-08,3000,6000
10161,308,2043,2038,2051,3.09588870095e-08,3000,6000
10162,119,2040,2043,2034,3.09588870095e-08,3000,6000
10163,307,2051,2052,2034,3.09588870095e-08,3000,6000
10164,2038,2040,2052,2034,3.09588870095e-08,3000,6000
10165,2038,2043,2040,2034,3.09588870095e-08,3000,6000
10166,2038,2052,2051,2034,3.09588870095e-08,3000,6000
10167,2038,2051,2043,2034,3.09588870095e-08,3000,6000
10168,296,2040,1994,2052,3.09588870095e-08,3000,6000
10169,119,2031,2040,2034,3.09588870095e-08,3000,6000
10170,301,1994,2031,2029,3.09588870095e-08,3000,6000
10171,307,2034,2052,2029,3.09588870095e-08,3000,6000
10172,2040,1994,2052,2029,3.09588870095e-08,3000,6000
10173,2040,2031,1994,2029,3.09588870095e-08,3000,6000
10174,2040,2052,2034,2029,3.09588870095e-08,3000,6000
10175,2040,2034,2031,2029,3.09588870095e-08,3000,6000
10176,42,1949,1472,2036,3.09588870095e-08,3000,6000
10177,298,2013,1949,2049,3.09588870095e-08,3000,6000
10178,245,1472,2013,2045,3.09588870095e-08,3000,6000
10179,308,2049,2036,2045,3.09588870095e-08,3000,6000
10180,1949,1472,2036,2045,3.09588870095e-08,3000,6000
10181,1949,2013,1472,2045,3.09588870095e-08,3000,6000
10182,1949,2036,2049,2045,3.09588870095e-08,3000,6000
10183,1949,2049,2013,2045,3.09588870095e-08,3000,6000
10184,54,2014,1943,2028,3.09588870095e-08,3000,6000
10185,305,2016,2014,2053,3.09588870095e-08,3000,6000
10186,298,1943,2016,2050,3.09588870095e-08,3000,6000
10187,307,2053,2028,2050,3.09588870095e-08,3000,6000
10188,2014,1943,2028,2050,3.09588870095e-08,3000,6000
10189,2014,2016,1943,2050,3.09588870095e-08,3000,6000
10190,2014,2028,2053,2050,3.09588870095e-08,3000,6000
10191,2014,2053,2016,2050,3.09588870095e-08,3000,6000
10192,48,1477,2010,2020,3.0958794639e-08,3000,6000
10193,245,2011,1477,2046,3.0958894115e-08,3000,6000
10194,305,2010,2011,2054,3.09588905623e-08,3000,6000
10195,306,2046,2020,2054,3.0958794639e-08,3000,6000
10196,1477,2010,2020,2054,3.0958794639e-08,3000,6000
10197,1477,2011,2010,2054,3.09588052971e-08,3000,6000
10198,1477,2020,2046,2054,3.0958794639e-08,3000,6000
10199,1477,2046,2011,2054,3.09588052971e-08,3000,6000
10200,27,2032,2041,2023,3.0958794639e-08,3000,6000
10201,307,2051,2032,2055,3.09588905623e-08,3000,6000
10202,308,2041,2051,2047,3.0958894115e-08,3000,6000
10203,306,2055,2023,2047,3.0958794639e-08,3000,6000
10204,2032,2041,2023,2047,3.0958794639e-08,3000,6000
10205,2032,2051,2041,2047,3.09588052971e-08,3000,6000
10206,2032,2023,2055,2047,3.0958794639e-08,3000,6000
10207,2032,2055,2051,2047,3.09588052971e-08,3000,6000
10208,298,2013,2049,2056,3.09587981917e-08,3000,6000
10209,245,2045,2013,2046,3.09588905623e-08,3000,6000
10210,308,2049,2045,2047,3.09588905623e-08,3000,6000
10211,306,2046,2056,2047,3.09587164793e-08,3000,6000
10212,2013,2049,2056,2047,3.09587164793e-08,3000,6000
10213,2013,2045,2049,2047,3.09588870095e-08,3000,6000
10214,2013,2056,2046,2047,3.09587164793e-08,3000,6000
10215,2013,2046,2045,2047,3.09588905623e-08,3000,6000
10216,298,2016,2013,2056,3.09589296421e-08,3000,6000
10217,305,2011,2016,2054,3.09589331948e-08,3000,6000
10218,245,2013,2011,2046,3.09588905623e-08,3000,6000
10219,306,2054,2056,2046,3.09588479297e-08,3000,6000
10220,2016,2013,2056,2046,3.09589793801e-08,3000,6000
10221,2016,2011,2013,2046,3.09588870095e-08,3000,6000
10222,2016,2056,2054,2046,3.09588905623e-08,3000,6000
10223,2016,2054,2011,2046,3.09588017444e-08,3000,6000
10224,298,2049,2050,2056,3.0958844377e-08,3000,6000
10225,308,2051,2049,2047,3.09588905623e-08,3000,6000
10226,307,2050,2051,2055,3.09588479297e-08,3000,6000
10227,306,2047,2056,2055,3.09587555591e-08,3000,6000
10228,2049,2050,2056,2055,3.0958844377e-08,3000,6000
10229,2049,2051,2050,2055,3.09588479297e-08,3000,6000
10230,2049,2056,2047,2055,3.09587591119e-08,3000,6000
10231,2049,2047,2051,2055,3.09587626646e-08,3000,6000
10232,298,2050,2016,2056,3.09589758274e-08,3000,6000
10233,307,2053,2050,2055,3.09589793801e-08,3000,6000
10234,305,2016,2053,2054,3.09589793801e-08,3000,6000
10235,306,2055,2056,2054,3.09588870095e-08,3000,6000
10236,2050,2016,2056,2054,3.09589758274e-08,3000,6000
10237,2050,2053,2016,2054,3.09589793801e-08,3000,6000
10238,2050,2056,2055,2054,3.09589758274e-08,3000,6000
10239,2050,2055,2053,2054,3.09589793801e-08,3000,6000
