frame,time_s,node,x_m,y_m,z_m,vx_m_s,vy_m_s,vz_m_s,mass_kg
0,0,0,0,0,0.170000001788,0,0,0,0.00990683957934
0,0,1,-0.0262865554541,0.0425325408578,0.170000001788,0,0,0,0.00247670989484
0,0,2,0.0262865554541,0.0425325408578,0.170000001788,0,0,0,0.00247670989484
0,0,3,-0.0262865554541,-0.0425325408578,0.170000001788,0,0,0,0.00247670989484
0,0,4,0.0262865554541,-0.0425325408578,0.170000001788,0,0,0,0.00247670989484
0,0,5,0,-0.0262865554541,0.212532535195,0,0,0,0.00247670919634
0,0,6,0,0.0262865554541,0.212532535195,0,0,0,0.00247670919634
0,0,7,0,-0.0262865554541,0.12746745348,0,0,0,0.00247671105899
0,0,8,0,0.0262865554541,0.12746745348,0,0,0,0.00247671105899
0,0,9,0.0425325408578,0,0.143713444471,0,0,0,0.00247670942917
0,0,10,0.0425325408578,0,0.196286559105,0,0,0,0.00247670849785
0,0,11,-0.0425325408578,0,0.143713444471,0,0,0,0.00247670942917
0,0,12,-0.0425325408578,0,0.196286559105,0,0,0,0.00247670849785
0,0,13,-0.0131432777271,0.0212662704289,0.170000001788,0,0,0,0.0148602584377
0,0,14,0,0.0131432777271,0.191266268492,0,0,0,0.00990683585405
0,0,15,0.0131432777271,0.0212662704289,0.170000001788,0,0,0,0.0128788910806
0,0,16,-0.0131432777271,0.0344095490873,0.191266268492,0,0,0,0.00396273471415
0,0,17,0,0.0425325408578,0.170000001788,0,0,0,0.00396273471415
0,0,18,0.0131432777271,0.0344095490873,0.191266268492,0,0,0,0.00495341839269
0,0,19,0,0.0131432777271,0.148733735085,0,0,0,0.00990684051067
0,0,20,-0.0131432777271,0.0344095490873,0.148733735085,0,0,0,0.00396273564547
0,0,21,0.0131432777271,0.0344095490873,0.148733735085,0,0,0,0.00495341978967
0,0,22,-0.0212662704289,0,0.183143287897,0,0,0,0.0099068377167
0,0,23,-0.0344095490873,0.0212662704289,0.183143287897,0,0,0,0.00396273564547
0,0,24,-0.0212662704289,0.0131432777271,0.2044095397,0,0,0,0.00594410020858
0,0,25,-0.0212662704289,0,0.156856715679,0,0,0,0.00990684051067
0,0,26,-0.0344095490873,0.0212662704289,0.156856715679,0,0,0,0.0039627365768
0,0,27,-0.0212662704289,0.0131432777271,0.135590448976,0,0,0,0.00594410393387
0,0,28,-0.0425325408578,0,0.170000001788,0,0,0,0.00594410579652
0,0,29,0.0212662704289,0,0.183143287897,0,0,0,0.0099068377167
0,0,30,0.0344095490873,0.0212662704289,0.183143287897,0,0,0,0.00396273564547
0,0,31,0.0212662704289,0.0131432777271,0.2044095397,0,0,0,0.00594410020858
0,0,32,0.0212662704289,0,0.156856715679,0,0,0,0.00990684051067
0,0,33,0.0344095490873,0.0212662704289,0.156856715679,0,0,0,0.0039627365768
0,0,34,0.0212662704289,0.0131432777271,0.135590448976,0,0,0,0.00594410393387
0,0,35,0.0425325408578,0,0.170000001788,0,0,0,0.00594410579652
0,0,36,-0.0131432777271,-0.0212662704289,0.170000001788,0,0,0,0.0148602584377
0,0,37,0.0131432777271,-0.0212662704289,0.170000001788,0,0,0,0.0128788910806
0,0,38,0,-0.0131432777271,0.191266268492,0,0,0,0.0118882022798
0,0,39,0,-0.0425325408578,0.170000001788,0,0,0,0.00396273471415
0,0,40,-0.0131432777271,-0.0344095490873,0.191266268492,0,0,0,0.00396273471415
0,0,41,0.0131432777271,-0.0344095490873,0.191266268492,0,0,0,0.00495341839269
0,0,42,0,-0.0131432777271,0.148733735085,0,0,0,0.0118882078677
0,0,43,-0.0131432777271,-0.0344095490873,0.148733735085,0,0,0,0.00396273564547
0,0,44,0.0131432777271,-0.0344095490873,0.148733735085,0,0,0,0.00495341978967
0,0,45,-0.0344095490873,-0.0212662704289,0.183143287897,0,0,0,0.00396273564547
0,0,46,-0.0212662704289,-0.0131432777271,0.2044095397,0,0,0,0.0049534169957
0,0,47,-0.0344095490873,-0.0212662704289,0.156856715679,0,0,0,0.0039627365768
0,0,48,-0.0212662704289,-0.0131432777271,0.135590448976,0,0,0,0.00495341978967
0,0,49,0.0344095490873,-0.0212662704289,0.183143287897,0,0,0,0.00396273564547
0,0,50,0.0212662704289,-0.0131432777271,0.2044095397,0,0,0,0.0049534169957
0,0,51,0.0344095490873,-0.0212662704289,0.156856715679,0,0,0,0.0039627365768
0,0,52,0.0212662704289,-0.0131432777271,0.135590448976,0,0,0,0.00495341978967
0,0,53,0,0,0.212532535195,0,0,0,0.00396273471415
0,0,54,0,0,0.12746745348,0,0,0,0.00396273750812
1,0.005,0,2.08389538264e-11,1.43841952238e-11,0.169874891639,8.04480837502e-09,5.54860601909e-09,-0.0490499772131,0.00990683957934
1,0.005,1,-0.0262865554541,0.0425325408578,0.169874891639,-2.73765039083e-07,1.87816397101e-07,-0.0490499697626,0.00247670989484
1,0.005,2,0.0262865554541,0.0425325408578,0.169874891639,2.73190408961e-07,1.86617157283e-07,-0.049050014466,0.00247670989484
1,0.005,3,-0.0262865554541,-0.0425325408578,0.169874891639,-2.73765039083e-07,-1.87816397101e-07,-0.0490500107408,0.00247670989484
1,0.005,4,0.0262865554541,-0.0425325408578,0.169874891639,2.73190408961e-07,-1.86617157283e-07,-0.0490499697626,0.00247670989484
1,0.005,5,-3.45620233821e-11,-0.0262865554541,0.212407425046,-1.32426354327e-08,-2.24355289902e-07,-0.0490496531129,0.00247670919634
1,0.005,6,1.08598990911e-10,0.0262865554541,0.212407425046,3.95371557715e-08,2.44431788587e-07,-0.0490497648716,0.00247670919634
1,0.005,7,-5.12902359473e-11,-0.0262865554541,0.12734234333,-1.97122904666e-08,-3.49881645434e-07,-0.0490502007306,0.00247671105899
1,0.005,8,-9.97289750782e-11,0.0262865554541,0.12734234333,-5.12879800851e-08,3.24865425227e-07,-0.049050219357,0.00247671105899
1,0.005,9,0.0425325408578,3.59843543851e-11,0.143588334322,4.27310915541e-08,1.41590419389e-08,-0.049050014466,0.00247670942917
1,0.005,10,0.0425325408578,6.14312420377e-11,0.196161448956,1.1094413388e-08,2.35080559463e-08,-0.0490500219166,0.00247670849785
1,0.005,11,-0.0425325408578,5.2696170344e-11,0.143588334322,-4.27310915541e-08,2.00825507335e-08,-0.0490500964224,0.00247670942917
1,0.005,12,-0.0425325408578,1.08550661515e-10,0.196161448956,4.24453716619e-08,6.73385756045e-08,-0.0490501075983,0.00247670849785
1,0.005,13,-0.0131432777271,0.0212662704289,0.169874891639,-2.88961778949e-08,-5.68564111347e-08,-0.0490500107408,0.0148602584377
1,0.005,14,-9.76628847238e-12,0.0131432777271,0.191141158342,-1.5351578897e-09,1.1304985037e-07,-0.049050014466,0.00990683585405
1,0.005,15,0.0131432777271,0.0212662704289,0.169874891639,4.25577830754e-08,-2.94275821489e-08,-0.0490499809384,0.0128788910806
1,0.005,16,-0.0131432777271,0.0344095490873,0.191141158342,-1.92249771658e-07,2.88589632191e-07,-0.0490498282015,0.00396273471415
1,0.005,17,-5.27254941096e-11,0.0425325408578,0.169874891639,-2.06766728184e-08,2.62105771753e-07,-0.0490499697626,0.00396273471415
1,0.005,18,0.0131432777271,0.0344095490873,0.191141158342,1.13017485148e-07,1.98657588157e-07,-0.0490499548614,0.00495341839269
1,0.005,19,9.91020182584e-11,0.0131432777271,0.148608624935,3.27861648941e-08,6.88163197538e-08,-0.0490500107408,0.00990684051067
1,0.005,20,-0.0131432777271,0.0344095490873,0.148608624935,-1.44936123547e-07,2.81134362012e-07,-0.0490501075983,0.00396273564547
1,0.005,21,0.0131432777271,0.0344095490873,0.148608624935,1.78464375722e-07,3.71952424416e-08,-0.0490500107408,0.00495341978967
1,0.005,22,-0.0212662704289,-1.82281689742e-11,0.183018177748,-1.04544790602e-08,2.32869101779e-09,-0.0490500032902,0.0099068377167
1,0.005,23,-0.0344095490873,0.0212662704289,0.183018177748,-3.72223610157e-07,-3.41880586063e-08,-0.0490499772131,0.00396273564547
1,0.005,24,-0.0212662704289,0.0131432777271,0.20428442955,1.82915886882e-08,5.73522278557e-08,-0.0490499287844,0.00594410020858
1,0.005,25,-0.0212662704289,-4.09518183253e-11,0.15673160553,2.17144471293e-08,-1.56351482872e-08,-0.0490499548614,0.00990684051067
1,0.005,26,-0.0344095490873,0.0212662704289,0.15673160553,-2.61012075953e-07,2.93796933448e-08,-0.0490499697626,0.0039627365768
1,0.005,27,-0.0212662704289,0.0131432777271,0.135465338826,-1.3486587136e-07,1.20787305491e-07,-0.0490501374006,0.00594410393387
1,0.005,28,-0.0425325408578,5.13089496292e-14,0.169874891639,-1.43079802228e-07,1.08971755231e-10,-0.0490499772131,0.00594410579652
1,0.005,29,0.0212662704289,-2.56511669544e-11,0.183018177748,-1.77341590302e-08,-9.84557768646e-09,-0.049050014466,0.0099068377167
1,0.005,30,0.0344095490873,0.0212662704289,0.183018177748,3.69494699726e-07,3.82225771034e-08,-0.0490499809384,0.00396273564547
1,0.005,31,0.0212662704289,0.0131432777271,0.20428442955,-2.62727120059e-08,9.76771517003e-08,-0.0490498393774,0.00594410020858
1,0.005,32,0.0212662704289,7.55207910097e-11,0.15673160553,-4.53827446734e-08,2.90499748701e-08,-0.049049962312,0.00990684051067
1,0.005,33,0.0344095490873,0.0212662704289,0.15673160553,2.81617218434e-07,1.26866614991e-08,-0.0490499772131,0.0039627365768
1,0.005,34,0.0212662704289,0.0131432777271,0.135465338826,9.57435233317e-08,1.00132616865e-07,-0.049050014466,0.00594410393387
1,0.005,35,0.0425325408578,6.05939994361e-13,0.169874891639,1.43079802228e-07,4.63184407495e-10,-0.0490499772131,0.00594410579652
1,0.005,36,-0.0131432777271,-0.0212662704289,0.169874891639,-1.83353439098e-08,6.39610533426e-08,-0.0490499809384,0.0148602584377
1,0.005,37,0.0131432777271,-0.0212662704289,0.169874891639,5.44827685189e-08,2.12176338721e-08,-0.049050014466,0.0128788910806
1,0.005,38,-4.75811647027e-11,-0.0131432777271,0.191141158342,-1.81361627938e-08,-7.4767534386e-08,-0.0490500964224,0.0118882022798
1,0.005,39,-5.27254941096e-11,-0.0425325408578,0.169874891639,-2.06766728184e-08,-2.62105771753e-07,-0.049050014466,0.00396273471415
1,0.005,40,-0.0131432777271,-0.0344095490873,0.191141158342,-1.60719011433e-07,-3.16804516842e-07,-0.0490497946739,0.00396273471415
1,0.005,41,0.0131432777271,-0.0344095490873,0.191141158342,1.81492524121e-07,-1.89708330822e-07,-0.0490499548614,0.00495341839269
1,0.005,42,-8.51248758982e-12,-0.0131432777271,0.148608624935,-2.94607871432e-09,-5.6160832429e-08,-0.0490499772131,0.0118882078677
1,0.005,43,-0.0131432777271,-0.0344095490873,0.148608624935,-1.77606324314e-07,-8.71242349376e-08,-0.0490501411259,0.00396273564547
1,0.005,44,0.0131432777271,-0.0344095490873,0.148608624935,1.2081223133e-07,-1.79275843948e-07,-0.0490499697626,0.00495341978967
1,0.005,45,-0.0344095490873,-0.0212662704289,0.183018177748,-3.70168180552e-07,-3.82225771034e-08,-0.0490499809384,0.00396273564547
1,0.005,46,-0.0212662704289,-0.0131432777271,0.20428442955,-8.27247035318e-08,-1.36693898867e-07,-0.0490497946739,0.0049534169957
1,0.005,47,-0.0344095490873,-0.0212662704289,0.15673160553,-2.81671844959e-07,-1.26866614991e-08,-0.0490499772131,0.0039627365768
1,0.005,48,-0.0212662704289,-0.0131432777271,0.135465338826,-2.08488117437e-07,-2.17974502448e-07,-0.0490501411259,0.00495341978967
1,0.005,49,0.0344095490873,-0.0212662704289,0.183018177748,3.88411393715e-07,-2.47042315493e-08,-0.0490499772131,0.00396273564547
1,0.005,50,0.0212662704289,-0.0131432777271,0.20428442955,6.6665130305e-08,-1.11741627506e-07,-0.0490498282015,0.0049534169957
1,0.005,51,0.0344095490873,-0.0212662704289,0.15673160553,2.61066674057e-07,-2.93796933448e-08,-0.0490499697626,0.0039627365768
1,0.005,52,0.0212662704289,-0.0131432777271,0.135465338826,1.84339597809e-07,-1.49657310544e-07,-0.0490501523018,0.00495341978967
1,0.005,53,7.13015965714e-11,7.89077483909e-11,0.212407425046,2.67361688344e-08,3.09442178548e-08,-0.0490497760475,0.00396273471415
1,0.005,54,1.24225924686e-11,1.74214948023e-10,0.12734234333,4.87899320945e-09,6.83196077489e-08,-0.0490503236651,0.00396273750812
2,0.01,0,7.84514120333e-11,5.53638107581e-11,0.169504538178,1.4446453811e-08,1.06126556432e-08,-0.0981000810862,0.00990683957934
2,0.01,1,-0.0262865554541,0.0425325408578,0.169504538178,-5.47530419226e-07,3.75632737359e-07,-0.0981000736356,0.00247670989484
2,0.01,2,0.0262865554541,0.0425325408578,0.169504538178,5.4638093161e-07,3.73234115614e-07,-0.0981001183391,0.00247670989484
2,0.01,3,-0.0262865554541,-0.0425325408578,0.169504538178,2.54604159977e-08,1.62563921435e-07,-0.0980993509293,0.00247670989484
2,0.01,4,0.0262865554541,-0.0425325408578,0.169504538178,3.78265383461e-07,-2.15387331082e-07,-0.0980998501182,0.00247670989484
2,0.01,5,5.78517567185e-10,-0.0262865554541,0.212037086487,2.80875894987e-07,1.19463425108e-06,-0.0981032699347,0.00247670919634
2,0.01,6,3.77395392714e-10,0.0262865554541,0.212037071586,6.59080825471e-08,4.99289285472e-07,-0.0980995446444,0.00247670919634
2,0.01,7,-1.90813309597e-10,-0.0262865554541,0.12697198987,-3.46225235148e-08,-6.99763745615e-07,-0.0981003567576,0.00247671105899
2,0.01,8,-5.16021447794e-10,0.0262865554541,0.12697198987,-1.0151809704e-07,6.44569752239e-07,-0.0981003716588,0.00247671105899
2,0.01,9,0.0425325408578,1.4381527913e-10,0.143217980862,8.54621333701e-08,2.87677313082e-08,-0.0981001183391,0.00247670942917
2,0.01,10,0.0425325408578,2.0561437275e-10,0.195791095495,2.21888285523e-08,3.24073603508e-08,-0.0981001257896,0.00247670849785
2,0.01,11,-0.0425325408578,1.90894619556e-10,0.143217980862,-8.54621333701e-08,3.24939648522e-08,-0.0981002449989,0.00247670942917
2,0.01,12,-0.0425325408578,6.70871691533e-10,0.195791095495,1.02640669297e-07,1.18134032334e-07,-0.0981002599001,0.00247670849785
2,0.01,13,-0.0131432777271,0.0212662704289,0.169504538178,-5.82264050308e-08,-1.13688138015e-07,-0.0981001108885,0.0148602584377
2,0.01,14,-5.68772849999e-12,0.0131432777271,0.190770804882,3.47766948572e-09,2.29269403462e-07,-0.0981001183391,0.00990683585405
2,0.01,15,0.0131432777271,0.0212662704289,0.169504538178,8.55211297335e-08,-5.88722031125e-08,-0.0981000810862,0.0128788910806
2,0.01,16,-0.0131432777271,0.0344095490873,0.190770804882,-3.86075896586e-07,5.79730226491e-07,-0.0980996116996,0.00396273471415
2,0.01,17,-2.08834366466e-10,0.0425325408578,0.169504538178,-4.13533278731e-08,5.24211941411e-07,-0.0981000736356,0.00396273471415
2,0.01,18,0.0131432777271,0.0344095490873,0.190770804882,2.16338904124e-07,3.92052953657e-07,-0.0980997830629,0.00495341839269
2,0.01,19,2.6584764945e-10,0.0131432777271,0.148238271475,2.66919890635e-08,1.42216492804e-07,-0.0981001108885,0.00990684051067
2,0.01,20,-0.0131432777271,0.0344095490873,0.148238271475,-2.68171646667e-07,5.39168581781e-07,-0.0981002599001,0.00396273564547
2,0.01,21,0.0131432777271,0.0344095490873,0.148238271475,3.59025648322e-07,7.93117322928e-08,-0.0981001108885,0.00495341978967
2,0.01,22,-0.0212662704289,4.78338098298e-11,0.182647824287,-2.65692818857e-08,1.71678884442e-08,-0.0981001034379,0.0099068377167
2,0.01,23,-0.0344095490873,0.0212662704289,0.182647824287,-7.28454494947e-07,-9.55378141043e-08,-0.0980999171734,0.00396273564547
2,0.01,24,-0.0212662704289,0.0131432777271,0.20391407609,3.55655664919e-08,1.15595128136e-07,-0.0980997607112,0.00594410020858
2,0.01,25,-0.0212662704289,-1.49010137562e-10,0.156361252069,4.37401546094e-08,-2.57644661161e-08,-0.0980997830629,0.00990684051067
2,0.01,26,-0.0344095490873,0.0212662704289,0.156361252069,-5.19938453181e-07,5.87593902424e-08,-0.0981000736356,0.0039627365768
2,0.01,27,-0.0212662704289,0.0131432777271,0.135094985366,-2.41550651481e-07,2.55538850524e-07,-0.0981002897024,0.00594410393387
2,0.01,28,-0.0425325408578,6.46216066769e-12,0.169504538178,-2.86159433927e-07,3.34962746429e-09,-0.0981000810862,0.00594410579652
2,0.01,29,0.0212662704289,-9.02284219562e-11,0.182647824287,-3.55885987346e-08,-1.42988589857e-08,-0.0981001183391,0.0099068377167
2,0.01,30,0.0344095490873,0.0212662704289,0.182647824287,7.37283812668e-07,7.64451542068e-08,-0.0981000810862,0.00396273564547
2,0.01,31,0.0212662704289,0.0131432777271,0.20391407609,-4.66344438621e-08,1.8588454509e-07,-0.0980996191502,0.00594410020858
2,0.01,32,0.0212662704289,2.82724593736e-10,0.156361252069,-9.11436046636e-08,5.19973006874e-08,-0.0980997905135,0.00990684051067
2,0.01,33,0.0344095490873,0.0212662704289,0.156361252069,5.64982997275e-07,2.53733141165e-08,-0.0981000810862,0.0039627365768
2,0.01,34,0.0212662704289,0.0131432777271,0.135094985366,1.93159451101e-07,2.05677110898e-07,-0.0981001183391,0.00594410393387
2,0.01,35,0.0425325408578,9.0835429456e-12,0.169504538178,2.86159433927e-07,3.44994122159e-09,-0.0981000810862,0.00594410579652
2,0.01,36,-0.0131432777271,-0.0212662704289,0.169504538178,-7.72283499373e-08,-2.03268854193e-07,-0.0980995744467,0.0148602584377
2,0.01,37,0.0131432777271,-0.0212662704289,0.169504538178,9.01489656258e-08,-6.58237695461e-08,-0.0980999693274,0.0128788910806
2,0.01,38,-1.62347579824e-10,-0.0131432777271,0.190770804882,-2.23680256539e-08,-6.18615331405e-07,-0.0980995595455,0.0118882022798
2,0.01,39,-7.17758297242e-10,-0.0425325408578,0.169504538178,-2.55692810924e-07,-7.30639229118e-08,-0.0980993881822,0.00396273471415
2,0.01,40,-0.0131432777271,-0.0344095490873,0.190770819783,1.76372125793e-07,3.46115399452e-07,-0.0981021076441,0.00396273471415
2,0.01,41,0.0131432777271,-0.0344095490873,0.190770819783,-1.59670833e-07,4.93842584603e-08,-0.0980999693274,0.00495341839269
2,0.01,42,-1.93586847941e-11,-0.0131432777271,0.148238271475,2.06549577442e-09,-1.04818745683e-07,-0.0981000810862,0.0118882078677
2,0.01,43,-0.0131432777271,-0.0344095490873,0.148238271475,-3.546279288e-07,-1.71187167552e-07,-0.0981002897024,0.00396273564547
2,0.01,44,0.0131432777271,-0.0344095490873,0.148238271475,2.39643242139e-07,-3.61000445537e-07,-0.0981000736356,0.00495341978967
2,0.01,45,-0.0344095490873,-0.0212662704289,0.182647824287,-4.53102359188e-07,-1.93114843228e-07,-0.0981000810862,0.00396273564547
2,0.01,46,-0.0212662704289,-0.0131432777271,0.20391407609,1.32822918886e-07,-2.85734813588e-07,-0.0980994179845,0.0049534169957
2,0.01,47,-0.0344095490873,-0.0212662704289,0.156361252069,-5.654293318e-07,-2.53733141165e-08,-0.0981000810862,0.0039627365768
2,0.01,48,-0.0212662704289,-0.0131432777271,0.135094985366,-4.15071298221e-07,-4.35388017195e-07,-0.0981002897024,0.00495341978967
2,0.01,49,0.0344095490873,-0.0212662704289,0.182647824287,6.92101025379e-07,-8.2597765072e-08,-0.0981000810862,0.00396273564547
2,0.01,50,0.0212662704289,-0.0131432777271,0.20391407609,-2.34152139456e-07,-3.39792649129e-07,-0.0980996415019,0.0049534169957
2,0.01,51,0.0344095490873,-0.0212662704289,0.156361252069,5.20384844549e-07,-5.87593902424e-08,-0.0981000736356,0.0039627365768
2,0.01,52,0.0212662704289,-0.0131432777271,0.135094985366,3.66366293747e-07,-3.0148655128e-07,-0.0981003046036,0.00495341978967
2,0.01,53,2.30998012385e-10,4.19661493056e-11,0.212037071586,3.09063494797e-08,-5.3247909193e-08,-0.0980995893478,0.00396273471415
2,0.01,54,4.54712691111e-11,6.54078735618e-10,0.12697198987,7.39507921566e-09,9.66954090131e-08,-0.098100528121,0.00396273750812
3,0.015,0,1.59400909139e-10,1.18585363751e-10,0.168888926506,1.64192801577e-08,1.43786644813e-08,-0.147150233388,0.00990683957934
3,0.015,1,-0.0262865554541,0.0425325408578,0.168888926506,-8.21296850972e-07,5.63449077617e-07,-0.147150218487,0.00247670989484
3,0.015,2,0.0262865554541,0.0425325408578,0.168888926506,8.19570402655e-07,5.59851059734e-07,-0.14715026319,0.00247670989484
3,0.015,3,-0.0262865554541,-0.0425325408578,0.168888941407,4.98856650211e-07,7.07584035808e-07,-0.14715026319,0.00247670989484
3,0.015,4,0.0262865554541,-0.0425325408578,0.168888941407,-4.18035739358e-07,3.91887510887e-07,-0.147149428725,0.00247670989484
3,0.015,5,1.61980939772e-09,-0.0262865554541,0.211421474814,1.47286201013e-07,2.89540776066e-06,-0.147155866027,0.00247670919634
3,0.015,6,6.89248214059e-10,0.0262865554541,0.211421459913,4.91600822272e-08,7.54146753934e-07,-0.147149160504,0.00247670919634
3,0.015,7,-4.33764857366e-10,-0.0262865554541,0.126356378198,-7.73501867002e-08,-1.00211991594e-06,-0.14715051651,0.00247671105899
3,0.015,8,-1.0450141863e-09,0.0262865554541,0.126356378198,-7.00860951497e-08,1.01747821191e-06,-0.147150531411,0.00247671105899
3,0.015,9,0.0425325408578,3.25666937862e-10,0.142602369189,1.28193178739e-07,4.36555325223e-08,-0.14715026319,0.00247670942917
3,0.015,10,0.0425325408578,3.70557945439e-10,0.195175483823,3.37877459344e-08,3.13208374791e-08,-0.147150278091,0.00247670849785
3,0.015,11,-0.0425325408578,3.38532812894e-10,0.142602369189,-1.31556447514e-07,2.18121503082e-08,-0.147150397301,0.00247670942917
3,0.015,12,-0.0425325408578,7.77066244684e-10,0.195175483823,4.95146366575e-07,-1.56026885634e-07,-0.147150412202,0.00247670849785
3,0.015,13,-0.0131432777271,0.0212662704289,0.168888926506,-8.84982966909e-08,-1.70468084093e-07,-0.14715026319,0.0148602584377
3,0.015,14,1.96372761802e-11,0.0131432777271,0.19015519321,2.99191421638e-10,3.47933792e-07,-0.14715026319,0.00990683585405
3,0.015,15,0.0131432777271,0.0212662704289,0.168888926506,1.28068890604e-07,-8.85633681946e-08,-0.147150233388,0.0128788910806
3,0.015,16,-0.0131432777271,0.0344095490873,0.19015519321,-5.54150915377e-07,8.615249385e-07,-0.147149562836,0.00396273471415
3,0.015,17,-4.68326377678e-10,0.0425325408578,0.168888926506,-6.20299616116e-08,7.86316945778e-07,-0.147150218487,0.00396273471415
3,0.015,18,0.0131432777271,0.0344095490873,0.19015519321,3.37822712027e-07,5.9292460719e-07,-0.147149726748,0.00495341839269
3,0.015,19,3.22222665217e-10,0.0131432777271,0.147622659802,2.47156006772e-09,2.13557910911e-07,-0.14715026319,0.00990684051067
3,0.015,20,-0.0131432777271,0.0344095490873,0.147622659802,-4.12460991583e-07,8.09162202131e-07,-0.147150412202,0.00396273564547
3,0.015,21,0.0131432777271,0.0344095490873,0.147622659802,5.2749032875e-07,1.13160105286e-07,-0.14715026319,0.00495341978967
3,0.015,22,-0.0212662704289,-2.78036038637e-10,0.182032212615,-5.8778862666e-08,-2.96841875524e-07,-0.147149890661,0.0099068377167
3,0.015,23,-0.0344095490873,0.0212662704289,0.182032212615,-1.09623476874e-06,-5.16599349965e-08,-0.147150069475,0.00396273564547
3,0.015,24,-0.0212662704289,0.0131432777271,0.203298464417,4.70600021174e-08,1.10409203558e-07,-0.147149369121,0.00594410020858
3,0.015,25,-0.0212662704289,-2.77513817482e-10,0.155745640397,6.51941789442e-08,-2.32091963426e-08,-0.147149726748,0.00990684051067
3,0.015,26,-0.0344095490873,0.0212662704289,0.155745640397,-7.72012811012e-07,8.68397620479e-08,-0.147150218487,0.0039627365768
3,0.015,27,-0.0212662704289,0.0131432777271,0.134479373693,-3.76580061356e-07,4.12407217709e-07,-0.147150442004,0.00594410393387
3,0.015,28,-0.0425325408578,2.7213137993e-11,0.168888926506,-4.29238582456e-07,2.20383467031e-09,-0.147150233388,0.00594410579652
3,0.015,29,0.0212662704289,-1.56252566441e-10,0.182032212615,-5.33652624313e-08,-1.14349978375e-08,-0.14715026319,0.0099068377167
3,0.015,30,0.0344095490873,0.0212662704289,0.182032212615,1.10196015157e-06,1.14472861412e-07,-0.147150233388,0.00396273564547
3,0.015,31,0.0212662704289,0.0131432777271,0.203298464417,-4.48674590814e-08,2.83263403844e-07,-0.147149562836,0.00594410020858
3,0.015,32,0.0212662704289,5.77070724539e-10,0.155745640397,-1.36894456659e-07,6.02827086027e-08,-0.14714974165,0.00990684051067
3,0.015,33,0.0344095490873,0.0212662704289,0.155745640397,8.51237189181e-07,3.8060022689e-08,-0.147150233388,0.0039627365768
3,0.015,34,0.0212662704289,0.0131432777271,0.134479373693,3.24626199699e-07,3.28078300527e-07,-0.14715026319,0.00594410393387
3,0.015,35,0.0425325408578,4.23777436753e-11,0.168888926506,4.29238582456e-07,1.04519726207e-08,-0.147150233388,0.00594410579652
3,0.015,36,-0.0131432777271,-0.0212662704289,0.168888941407,-1.1418060808e-07,-6.46586727271e-07,-0.147148966789,0.0148602584377
3,0.015,37,0.0131432777271,-0.0212662704289,0.168888926506,6.71205100389e-08,-5.87804095176e-07,-0.147149384022,0.0128788910806
3,0.015,38,-5.55325452289e-10,-0.0131432777271,0.190155208111,-2.38134148844e-07,-1.15043542337e-06,-0.147148951888,0.0118882022798
3,0.015,39,-1.31100219569e-09,-0.0425325408578,0.168888941407,4.72359751313e-08,9.27224050429e-07,-0.147150188684,0.00396273471415
3,0.015,40,-0.0131432777271,-0.0344095490873,0.190155208111,2.38762623894e-07,1.74953902388e-06,-0.14715436101,0.00396273471415
3,0.015,41,0.0131432777271,-0.0344095490873,0.190155208111,-2.2269361466e-08,7.47861747641e-07,-0.147152379155,0.00495341839269
3,0.015,42,1.68603846162e-11,-0.0131432777271,0.147622659802,8.51985237915e-09,-1.39050172265e-07,-0.147150233388,0.0118882078677
3,0.015,43,-0.0131432777271,-0.0344095490873,0.147622659802,-4.79653408547e-07,-4.97933228871e-07,-0.147149473429,0.00396273564547
3,0.015,44,0.0131432777271,-0.0344095490873,0.147622659802,1.82056766107e-07,-9.39000926792e-07,-0.147149369121,0.00495341978967
3,0.015,45,-0.0344095490873,-0.0212662704289,0.182032212615,-9.01580960999e-08,1.6578802331e-07,-0.147149443626,0.00396273564547
3,0.015,46,-0.0212662704289,-0.0131432777271,0.203298479319,3.90329802258e-07,-8.33036040149e-08,-0.147150620818,0.0049534169957
3,0.015,47,-0.0344095490873,-0.0212662704289,0.155745640397,-7.50568290186e-07,-2.99693141415e-07,-0.147149801254,0.0039627365768
3,0.015,48,-0.0212662704289,-0.0131432777271,0.134479373693,-5.82786128689e-07,-6.58885710436e-07,-0.147150442004,0.00495341978967
3,0.015,49,0.0344095490873,-0.0212662704289,0.182032212615,6.99736858678e-07,-1.73817625182e-07,-0.147150054574,0.00396273564547
3,0.015,50,0.0212662704289,-0.0131432777271,0.203298464417,-2.59080053411e-07,-3.84290075317e-07,-0.147149249911,0.0049534169957
3,0.015,51,0.0344095490873,-0.0212662704289,0.155745640397,7.47188892092e-07,-1.72997019376e-07,-0.147150218487,0.0039627365768
3,0.015,52,0.0212662704289,-0.0131432777271,0.134479373693,5.41301290014e-07,-4.52552399111e-07,-0.147150456905,0.00495341978967
3,0.015,53,3.96047389328e-10,-1.84741194564e-10,0.211421459913,3.78857976102e-08,2.45619631301e-08,-0.147149547935,0.00396273471415
3,0.015,54,3.68727097466e-11,9.37932509437e-10,0.126356378198,-8.0647826195e-09,-3.13416421704e-08,-0.147150680423,0.00396273750812
4,0.02,0,1.90511578735e-10,-1.26294241731e-09,0.168028071523,-3.57913734206e-08,-4.96673067119e-07,-0.196199610829,0.00990683957934
4,0.02,1,-0.0262865554541,0.0425325408578,0.168028071523,-1.09506186163e-06,7.51265417875e-07,-0.196200370789,0.00247670989484
4,0.02,2,0.0262865554541,0.0425325408578,0.168028071523,1.09275993054e-06,7.46468003854e-07,-0.196200415492,0.00247670989484
4,0.02,3,-0.0262865554541,-0.0425325408578,0.168028086424,3.37054245847e-07,1.12488214654e-06,-0.19620077312,0.00247670989484
4,0.02,4,0.0262865554541,-0.0425325408578,0.168028086424,-7.92954040207e-07,6.78364870055e-07,-0.196200802922,0.00247670989484
4,0.02,5,2.0451629279e-09,-0.0262865554541,0.210560619831,-5.36578426136e-08,2.64003438133e-06,-0.196205273271,0.00247670919634
4,0.02,6,8.27347690358e-10,0.0262865554541,0.21056060493,-6.75461964139e-10,8.48667923492e-07,-0.196199133992,0.00247670919634
4,0.02,7,-1.26891841479e-09,-0.0262865554541,0.125495523214,-1.55634879206e-07,-1.79892913366e-06,-0.196199819446,0.00247671105899
4,0.02,8,-8.72691252596e-10,0.0262865554541,0.125495523214,1.13160645299e-07,1.37516315135e-06,-0.196200683713,0.00247671105899
4,0.02,9,0.0425325408578,5.68480762464e-10,0.141741514206,1.70924508325e-07,4.6208597837e-08,-0.196200415492,0.00247670942917
4,0.02,10,0.0425325408578,2.58846083456e-10,0.194314628839,-4.09544185231e-07,-1.28833335111e-07,-0.196200400591,0.00247670849785
4,0.02,11,-0.0425325408578,3.82743753358e-10,0.141741514206,-9.16859619338e-08,-9.70626032881e-08,-0.196200340986,0.00247670942917
4,0.02,12,-0.0425325408578,1.67614061519e-10,0.194314628839,1.10175551526e-06,3.94723578268e-08,-0.196199968457,0.00247670849785
4,0.02,13,-0.0131432777271,0.0212662704289,0.168028071523,-1.38596064403e-07,-3.03332939211e-07,-0.19620038569,0.0148602584377
4,0.02,14,-1.76541593844e-11,0.0131432777271,0.189294338226,7.13633863114e-09,-1.43729607771e-07,-0.196199849248,0.00990683585405
4,0.02,15,0.0131432777271,0.0212662704289,0.168028071523,1.585887901e-07,-1.15961746872e-07,-0.19620038569,0.0128788910806
4,0.02,16,-0.0131432777271,0.0344095490873,0.189294338226,-7.08628590473e-07,1.12291468213e-06,-0.196199715137,0.00396273471415
4,0.02,17,-5.97879801223e-10,0.0425325408578,0.168028071523,8.79215633631e-09,1.04842195014e-06,-0.196200370789,0.00396273471415
4,0.02,18,0.0131432777271,0.0344095490873,0.189294338226,4.54813573469e-07,8.10120468486e-07,-0.19619987905,0.00495341839269
4,0.02,19,3.32976396455e-10,0.0131432777271,0.146761804819,-2.97919076075e-08,2.94134508749e-07,-0.196200415492,0.00990684051067
4,0.02,20,-0.0131432777271,0.0344095490873,0.146761804819,-5.59971056191e-07,1.07231187485e-06,-0.196200564504,0.00396273564547
4,0.02,21,0.0131432777271,0.0344095490873,0.146761804819,6.8010973564e-07,1.52483551119e-07,-0.196200415492,0.00495341978967
4,0.02,22,-0.0212662704289,-1.92841098645e-09,0.181171372533,2.34392018683e-07,-2.58667085973e-07,-0.196198731661,0.0099068377167
4,0.02,23,-0.0344095490873,0.0212662704289,0.181171357632,-1.40702866247e-06,-9.42374853707e-08,-0.196200221777,0.00396273564547
4,0.02,24,-0.0212662704289,0.0131432777271,0.202437609434,1.51562474571e-07,4.97151653178e-08,-0.196199432015,0.00594410020858
4,0.02,25,-0.0212662704289,-1.32896083027e-09,0.154884785414,1.71631256762e-07,-2.64290207497e-07,-0.19619910419,0.00990684051067
4,0.02,26,-0.0344095490873,0.0212662704289,0.154884785414,-9.77666786639e-07,5.84662807057e-08,-0.196200370789,0.0039627365768
4,0.02,27,-0.0212662704289,0.0131432777271,0.13361851871,-5.84723238717e-07,5.05760624492e-07,-0.196200594306,0.00594410393387
4,0.02,28,-0.0425325408578,-6.5083466394e-10,0.168028071523,-5.55751739739e-07,-2.94433334602e-07,-0.196200326085,0.00594410579652
4,0.02,29,0.0212662704289,-7.18751336226e-10,0.181171357632,-4.97061023452e-07,-2.13752826994e-07,-0.196199551225,0.0099068377167
4,0.02,30,0.0344095490873,0.0212662704289,0.181171357632,1.45368301219e-06,1.4944724569e-07,-0.19620038569,0.00396273564547
4,0.02,31,0.0212662704289,0.0131432777271,0.202437609434,-1.52983076873e-07,3.56130300361e-07,-0.196199893951,0.00594410020858
4,0.02,32,0.0212662704289,5.33387611856e-10,0.154884785414,-2.0435832937e-07,-1.91049011278e-07,-0.196199506521,0.00990684051067
4,0.02,33,0.0344095490873,0.0212662704289,0.154884785414,1.13675605462e-06,4.72931702689e-08,-0.19620038569,0.0039627365768
4,0.02,34,0.0212662704289,0.0131432777271,0.13361851871,4.18772344801e-07,4.70091976013e-07,-0.196200415492,0.00594410393387
4,0.02,35,0.0425325408578,1.10429311528e-10,0.168028071523,5.86373232636e-07,-7.93206655914e-09,-0.196200743318,0.00594410579652
4,0.02,36,-0.0131432777271,-0.0212662704289,0.168028086424,-2.36619293048e-08,-5.12282895215e-07,-0.196200400591,0.0148602584377
4,0.02,37,0.0131432777271,-0.0212662704289,0.168028086424,-2.27446321333e-07,-6.83453436068e-07,-0.196199715137,0.0128788910806
4,0.02,38,-1.25834220821e-09,-0.0131432777271,0.189294353127,1.88818845004e-08,-7.53690699185e-07,-0.196200534701,0.0118882022798
4,0.02,39,1.41719053159e-10,-0.0425325408578,0.168028086424,4.21611815682e-07,1.32969114475e-06,-0.196200817823,0.00396273471415
4,0.02,40,-0.0131432777271,-0.0344095490873,0.189294353127,4.63491609537e-08,1.40354654832e-06,-0.196203768253,0.00396273471415
4,0.02,41,0.0131432777271,-0.0344095490873,0.189294353127,3.58599493211e-07,1.14737599688e-06,-0.196203604341,0.00495341839269
4,0.02,42,-6.01218741458e-10,-0.0131432777271,0.146761804819,-9.0901565386e-08,-6.51131188079e-07,-0.196199253201,0.0118882078677
4,0.02,43,-0.0131432777271,-0.0344095490873,0.14676181972,-3.29595764015e-07,2.30293167647e-07,-0.196199208498,0.00396273564547
4,0.02,44,0.0131432777271,-0.0344095490873,0.146761834621,-1.19869824289e-07,-7.0543143238e-07,-0.196198642254,0.00495341978967
4,0.02,45,-0.0344095490873,-0.0212662704289,0.181171372533,-3.97505345973e-07,3.70943638472e-07,-0.196199804544,0.00396273564547
4,0.02,46,-0.0212662704289,-0.0131432777271,0.202437624335,-2.68130104786e-08,8.52958805808e-07,-0.196202173829,0.0049534169957
4,0.02,47,-0.0344095490873,-0.0212662704289,0.154884800315,-1.37792909527e-07,-3.66875468671e-07,-0.196198940277,0.0039627365768
4,0.02,48,-0.0212662704289,-0.0131432777271,0.13361851871,-5.43769658634e-07,-1.35702407533e-06,-0.196200028062,0.00495341978967
4,0.02,49,0.0344095490873,-0.0212662704289,0.181171372533,1.08700282908e-06,8.72775274274e-08,-0.196198478341,0.00396273564547
4,0.02,50,0.0212662704289,-0.0131432777271,0.202437624335,3.89522426758e-07,1.8684056613e-07,-0.196199819446,0.0049534169957
4,0.02,51,0.0344095490873,-0.0212662704289,0.154884785414,3.78365285769e-07,-3.31318489089e-07,-0.196199566126,0.0039627365768
4,0.02,52,0.0212662704289,-0.0131432777271,0.13361851871,4.59629688976e-07,-7.89573050497e-07,-0.196200400591,0.00495341978967
4,0.02,53,3.22418397536e-10,2.98753577432e-09,0.210560619831,-4.9722260087e-08,1.1404849829e-06,-0.196200892329,0.00396273471415
4,0.02,54,-7.36278052416e-12,5.57753176977e-10,0.125495523214,-2.7153161497e-08,-9.47181533206e-08,-0.196200832725,0.00396273750812
5,0.025,0,-1.28745580863e-09,-3.39589001364e-09,0.16692198813,-2.98783277231e-07,-1.21231693129e-07,-0.245248392224,0.00990683957934
5,0.025,1,-0.0262865554541,0.0425325408578,0.166921973228,-1.36882545121e-06,9.39081758133e-07,-0.24525052309,0.00247670989484
5,0.025,2,0.0262865554541,0.0425325408578,0.166921973228,1.36594940159e-06,9.33084947974e-07,-0.245250567794,0.00247670989484
5,0.025,3,-0.0262865554541,-0.0425325408578,0.16692198813,6.32892351859e-08,9.37065806283e-07,-0.245250925422,0.00247670989484
5,0.025,4,0.0262865554541,-0.0425325408578,0.16692198813,4.76773863056e-07,2.10713238857e-07,-0.245249971747,0.00247670989484
5,0.025,5,8.09059652607e-10,-0.0262865554541,0.209454521537,-4.01344607326e-07,2.98755048789e-06,-0.245254740119,0.00247670919634
5,0.025,6,8.07272027004e-10,0.0262865554541,0.209454506636,7.89299718917e-08,1.45324509049e-06,-0.245249286294,0.00247670919634
5,0.025,7,2.82623202619e-10,-0.0262865554541,0.124389454722,6.91183004164e-07,-3.08377639158e-06,-0.245247662067,0.00247671105899
5,0.025,8,-3.53253953866e-10,0.0262865554541,0.12438942492,9.25657275275e-08,1.63623656135e-06,-0.245250657201,0.00247671105899
5,0.025,9,0.0425325408578,4.849142754e-10,0.140635415912,9.36951778385e-08,-2.09694206887e-07,-0.245250329375,0.00247670942917
5,0.025,10,0.0425325408578,4.35458197279e-10,0.193208530545,-1.14761553505e-06,1.9281759478e-07,-0.245249807835,0.00247670849785
5,0.025,11,-0.0425325408578,-1.34986677391e-09,0.140635415912,9.19621413686e-07,-5.62718753372e-07,-0.245249509811,0.00247670942917
5,0.025,12,-0.0425325408578,1.29687027783e-09,0.193208530545,-4.11042265114e-07,4.11250823618e-07,-0.245248630643,0.00247670849785
5,0.025,13,-0.0131432777271,0.0212662704289,0.166921973228,-2.40668128981e-07,-9.05120543848e-07,-0.245249792933,0.0148602584377
5,0.025,14,5.31465482734e-10,0.0131432777271,0.188188239932,7.70682646589e-08,-7.09582423042e-07,-0.245249196887,0.00990683585405
5,0.025,15,0.0131432777271,0.0212662704289,0.166921973228,1.67020345998e-07,-3.66258490203e-07,-0.245250537992,0.0128788910806
5,0.025,16,-0.0131432777271,0.0344095490873,0.188188239932,-8.96228414149e-07,1.24489417885e-06,-0.245249629021,0.00396273471415
5,0.025,17,-3.87596454932e-10,0.0425325408578,0.166921973228,5.76545566844e-08,1.31052695451e-06,-0.24525052309,0.00396273471415
5,0.025,18,0.0131432777271,0.0344095490873,0.188188239932,5.74266948661e-07,1.0293476862e-06,-0.245250031352,0.00495341839269
5,0.025,19,-2.6956220589e-10,0.0131432777271,0.145655706525,-2.081243764e-07,3.05345452034e-07,-0.245250463486,0.00990684051067
5,0.025,20,-0.0131432777271,0.0344095490873,0.145655706525,-6.82933944063e-07,1.32189904889e-06,-0.245250672102,0.00396273564547
5,0.025,21,0.0131432777271,0.0344095490873,0.145655706525,8.28154895771e-07,1.91463684018e-07,-0.24525052309,0.00495341978967
5,0.025,22,-0.0212662704289,-2.13115236569e-09,0.180065274239,4.22069945216e-07,2.92690657488e-07,-0.245251372457,0.0099068377167
5,0.025,23,-0.0344095490873,0.0212662704289,0.180065259337,-1.4497900338e-06,-3.98924129286e-07,-0.245250374079,0.00396273564547
5,0.025,24,-0.0212662704289,0.0131432777271,0.201331526041,5.3656935961e-07,8.82898746113e-07,-0.245248645544,0.00594410020858
5,0.025,25,-0.0212662704289,-1.78716574872e-09,0.153778702021,2.28430920401e-07,9.96947449039e-08,-0.245249196887,0.00990684051067
5,0.025,26,-0.0344095490873,0.0212662704289,0.153778687119,-1.03253785255e-06,-2.2719389392e-07,-0.24525052309,0.0039627365768
5,0.025,27,-0.0212662704289,0.0131432777271,0.132512420416,-6.63207458729e-07,5.83667443266e-08,-0.245250254869,0.00594410393387
5,0.025,28,-0.0425325408578,-1.87918458572e-09,0.166921973228,-4.57339837112e-08,-1.28912745367e-07,-0.245248511434,0.00594410579652
5,0.025,29,0.0212662704289,-1.52398960118e-09,0.180065259337,-9.0677440312e-07,-3.61078740241e-08,-0.24524821341,0.0099068377167
5,0.025,30,0.0344095490873,0.0212662704289,0.180065259337,1.72151533206e-06,5.88028932214e-08,-0.245250537992,0.00396273564547
5,0.025,31,0.0212662704289,0.0131432777271,0.20133151114,-2.9117552458e-07,1.03141957197e-07,-0.245250046253,0.00594410020858
5,0.025,32,0.0212662704289,-1.43261025265e-09,0.153778687119,-2.69345946435e-07,-4.31591644201e-07,-0.245248913765,0.00990684051067
5,0.025,33,0.0344095490873,0.0212662704289,0.153778687119,1.36267851758e-06,-1.64942282055e-08,-0.245250537992,0.0039627365768
5,0.025,34,0.0212662704289,0.0131432777271,0.132512420416,4.86167380132e-07,4.30427292031e-07,-0.24525077641,0.00594410393387
5,0.025,35,0.0425325408578,-1.35605704443e-09,0.166921973228,7.35724654533e-07,-4.05076320931e-07,-0.245250657201,0.00594410579652
5,0.025,36,-0.0131432777271,-0.0212662704289,0.16692198813,-2.22728175459e-07,-1.99578863658e-07,-0.245251059532,0.0148602584377
5,0.025,37,0.0131432777271,-0.0212662704289,0.16692198813,1.48747901108e-07,-1.02571185323e-07,-0.245249941945,0.0128788910806
5,0.025,38,3.9195510726e-10,-0.0131432777271,0.188188254833,5.30300269475e-07,-1.79479073381e-07,-0.245250761509,0.0118882022798
5,0.025,39,6.77768396962e-10,-0.0425325408578,0.16692198813,-2.06497304589e-07,7.2808859386e-08,-0.245249480009,0.00396273471415
5,0.025,40,-0.0131432777271,-0.0344095490873,0.188188254833,-9.22360428035e-08,1.03949105323e-06,-0.245253428817,0.00396273471415
5,0.025,41,0.0131432777271,-0.0344095490873,0.188188254833,5.43171381651e-07,9.63275624599e-07,-0.245253756642,0.00495341839269
5,0.025,42,-3.41003780768e-10,-0.0131432777271,0.145655721426,6.90433523687e-08,-1.26062980144e-06,-0.245249122381,0.0118882078677
5,0.025,43,-0.0131432777271,-0.0344095490873,0.145655721426,6.05805128284e-10,8.28581562473e-07,-0.2452493608,0.00396273564547
5,0.025,44,0.0131432777271,-0.0344095490873,0.145655736327,-8.04056071502e-07,-4.37369322981e-07,-0.245253711939,0.00495341978967
5,0.025,45,-0.0344095490873,-0.0212662704289,0.180065274239,-8.35537605326e-07,3.39358962265e-07,-0.245250701904,0.00396273564547
5,0.025,46,-0.0212662704289,-0.0131432777271,0.201331526041,-1.50739069227e-07,6.36436652712e-07,-0.245251581073,0.0049534169957
5,0.025,47,-0.0344095490873,-0.0212662704289,0.153778702021,-1.01744568326e-07,-7.11860479896e-07,-0.245250821114,0.0039627365768
5,0.025,48,-0.0212662704289,-0.0131432777271,0.132512420416,-7.63079015087e-07,-1.88626768249e-06,-0.245248496532,0.00495341978967
5,0.025,49,0.0344095490873,-0.0212662704289,0.180065274239,1.27524754134e-06,4.0082093733e-07,-0.24524974823,0.00396273564547
5,0.025,50,0.0212662704289,-0.0131432777271,0.201331526041,4.06481632353e-07,1.51680887939e-06,-0.245251461864,0.0049534169957
5,0.025,51,0.0344095490873,-0.0212662704289,0.153778702021,1.44323124118e-07,-5.15008018453e-08,-0.245248675346,0.0039627365768
5,0.025,52,0.0212662704289,-0.0131432777271,0.132512420416,-1.29872319121e-07,-1.50244818542e-06,-0.245249330997,0.00495341978967
5,0.025,53,-4.74950599683e-11,8.83628814563e-09,0.209454521537,5.94737414872e-08,8.93972639915e-07,-0.245253637433,0.00396273471415
5,0.025,54,-3.13876508118e-10,1.87983005898e-12,0.12438942492,-7.30483620259e-08,-3.19941818816e-07,-0.245249763131,0.00396273750812
6,0.03,0,-2.92867369245e-10,-1.29116806136e-09,0.165570646524,5.82339112043e-07,8.04273383892e-07,-0.294300109148,0.00990683957934
6,0.03,1,-0.0262865554541,0.0425325408578,0.165570631623,-1.64258904078e-06,1.12689815523e-06,-0.294300675392,0.00247670989484
6,0.03,2,0.0262865554541,0.0425325408578,0.165570631623,1.63913887263e-06,1.11970189209e-06,-0.294300705194,0.00247670989484
6,0.03,3,-0.0262865554541,-0.0425325408578,0.165570646524,-2.35512018776e-07,7.38536073186e-07,-0.294301062822,0.00247670989484
6,0.03,4,0.0262865554541,-0.0425325408578,0.165570646524,1.6451084548e-06,-8.44218220664e-07,-0.294298648834,0.00247670989484
6,0.03,5,-1.17303522451e-09,-0.0262865554541,0.208103179932,-3.48558131691e-07,4.03776175517e-06,-0.29430487752,0.00247670919634
6,0.03,6,1.64256563906e-09,0.0262865554541,0.20810316503,2.23606278382e-07,2.59887656284e-06,-0.294299423695,0.00247670919634
6,0.03,7,3.59753427048e-09,-0.0262865554541,0.123038113117,4.18240801991e-07,-5.59281306778e-06,-0.294302970171,0.00247671105899
6,0.03,8,1.77531600531e-10,0.0262865554541,0.123038075864,1.25107391113e-07,1.74168258127e-06,-0.294300347567,0.00247671105899
6,0.03,9,0.0425325408578,-1.82977333285e-09,0.139284074306,-3.29660394982e-07,-6.25631173534e-07,-0.294300228357,0.00247670942917
6,0.03,10,0.0425325408578,1.72348679772e-09,0.19185718894,1.82167610774e-07,2.5457444508e-07,-0.294298648834,0.00247670849785
6,0.03,11,-0.0425325408578,-3.63908525536e-09,0.139284104109,1.93759956346e-06,-1.98113696115e-07,-0.294298529625,0.00247670942917
6,0.03,12,-0.0425325408578,3.92885191047e-09,0.191857218742,-6.68808155524e-08,5.53047868834e-07,-0.294299423695,0.00247670849785
6,0.03,13,-0.0131432777271,0.0212662704289,0.165570631623,-3.97286015641e-07,-1.20553318084e-06,-0.294299781322,0.0148602584377
6,0.03,14,-5.10871289716e-10,0.0131432777271,0.186836898327,-4.57464011561e-07,-5.93245943037e-07,-0.294297844172,0.00990683585405
6,0.03,15,0.0131432777271,0.0212662704289,0.165570631623,1.97058440676e-07,-1.12899374471e-06,-0.294300496578,0.0128788910806
6,0.03,16,-0.0131432777271,0.0344095490873,0.186836898327,-1.15221473607e-06,1.06767436137e-06,-0.294299721718,0.00396273471415
6,0.03,17,-1.5204901227e-10,0.0425325408578,0.165570631623,3.69779407094e-08,1.57263195888e-06,-0.294300675392,0.00396273471415
6,0.03,18,0.0131432777271,0.0344095490873,0.186836898327,7.07031972524e-07,1.27030455133e-06,-0.294300168753,0.00495341839269
6,0.03,19,-1.16143905604e-09,0.0131432777271,0.14430436492,-5.28861221483e-08,1.36883642199e-08,-0.294299304485,0.00990684051067
6,0.03,20,-0.0131432777271,0.0344095490873,0.14430436492,-7.9067808656e-07,1.64155778748e-06,-0.294300824404,0.00396273564547
6,0.03,21,0.0131432777271,0.0344095490873,0.14430436492,9.17152874536e-07,9.44674027892e-08,-0.294300675392,0.00495341978967
6,0.03,22,-0.0212662704289,1.07079944911e-09,0.178713932633,1.97029265792e-07,7.85511872436e-07,-0.294301688671,0.0099068377167
6,0.03,23,-0.0344095490873,0.0212662704289,0.178713917732,-1.07527455384e-06,-6.8504994033e-07,-0.294299215078,0.00396273564547
6,0.03,24,-0.0212662704289,0.0131432777271,0.199980184436,9.61415935308e-07,1.66791971878e-06,-0.294300287962,0.00594410020858
6,0.03,25,-0.0212662704289,9.23090659466e-10,0.152427360415,2.27603436542e-07,1.00282386484e-06,-0.294300198555,0.00990684051067
6,0.03,26,-0.0344095490873,0.0212662704289,0.152427345514,-1.06948300527e-06,-1.18038099117e-06,-0.29430013895,0.0039627365768
6,0.03,27,-0.0212662704289,0.0131432777271,0.131161078811,-1.07381322323e-06,-7.90869648881e-07,-0.294298917055,0.00594410393387
6,0.03,28,-0.0425325408578,-1.63201618886e-09,0.165570646524,-1.91576020825e-07,2.61808679625e-07,-0.294298738241,0.00594410579652
6,0.03,29,0.0212662704289,-6.74025668612e-10,0.178713932633,-6.11233474501e-07,3.04205514112e-07,-0.294300466776,0.0099068377167
6,0.03,30,0.0344095490873,0.0212662704289,0.178713917732,1.98706356969e-06,-1.27389554905e-07,-0.294300705194,0.00396273564547
6,0.03,31,0.0212662704289,0.0131432777271,0.199980169535,-4.71972640526e-07,9.13240626232e-07,-0.294298946857,0.00594410020858
6,0.03,32,0.0212662704289,-2.26890595201e-09,0.152427360415,-7.77939362706e-07,1.4453746644e-07,-0.294297993183,0.00990684051067
6,0.03,33,0.0344095490873,0.0212662704289,0.152427345514,1.45681769936e-06,-3.45708542682e-07,-0.294300675392,0.0039627365768
6,0.03,34,0.0212662704289,0.0131432777271,0.131161078811,3.81982943054e-07,5.61784219144e-09,-0.294300794601,0.00594410393387
6,0.03,35,0.0425325408578,-2.66392929937e-09,0.165570631623,1.83029698064e-07,-9.92947306599e-08,-0.294299304485,0.00594410579652
6,0.03,36,-0.0131432777271,-0.0212662704289,0.165570646524,-4.34966210605e-07,-2.64445731091e-07,-0.294301211834,0.0148602584377
6,0.03,37,0.0131432777271,-0.0212662704289,0.165570646524,4.65128351834e-07,5.30006218469e-07,-0.294298768044,0.0128788910806
6,0.03,38,2.22370477587e-09,-0.0131432777271,0.186836913228,7.06058003175e-08,-1.45504230886e-08,-0.294300854206,0.0118882022798
6,0.03,39,-1.77192871487e-09,-0.0425325408578,0.165570646524,-6.73177112276e-07,-1.19504329632e-06,-0.294298142195,0.00396273471415
6,0.03,40,-0.0131432777271,-0.0344095490873,0.186836913228,-2.39062387664e-07,7.88815668784e-07,-0.294303566217,0.00396273471415
6,0.03,41,0.0131432777271,-0.0344095490873,0.186836913228,7.38128733246e-07,6.62983325128e-07,-0.294303894043,0.00495341839269
6,0.03,42,4.29449753536e-10,-0.0131432777271,0.144304379821,3.50425438e-07,-6.14701605173e-07,-0.294298917055,0.0118882078677
6,0.03,43,-0.0131432777271,-0.0344095490873,0.144304379821,-5.52220853933e-07,-6.61749552933e-08,-0.294298201799,0.00396273564547
6,0.03,44,0.0131432777271,-0.0344095490873,0.144304394722,-5.1175192084e-07,-1.13497401344e-06,-0.294307351112,0.00495341978967
6,0.03,45,-0.0344095490873,-0.0212662704289,0.178713932633,-1.32226523419e-06,2.83861481876e-07,-0.29430103302,0.00396273564547
6,0.03,46,-0.0212662704289,-0.0131432777271,0.199980184436,1.445858544e-07,5.92665003296e-07,-0.294301658869,0.0049534169957
6,0.03,47,-0.0344095490873,-0.0212662704289,0.152427360415,-9.21322964587e-07,-1.20503580092e-06,-0.294300734997,0.0039627365768
6,0.03,48,-0.0212662704289,-0.0131432777271,0.131161108613,-1.25080782709e-06,-2.40683880293e-06,-0.294300794601,0.00495341978967
6,0.03,49,0.0344095490873,-0.0212662704289,0.178713932633,1.71284591488e-06,5.00554961036e-07,-0.294300287962,0.00396273564547
6,0.03,50,0.0212662704289,-0.0131432777271,0.199980184436,5.49966500785e-07,1.61128684795e-06,-0.294301837683,0.0049534169957
6,0.03,51,0.0344095490873,-0.0212662704289,0.152427360415,6.55241535696e-07,-3.08454701781e-07,-0.294300317764,0.0039627365768
6,0.03,52,0.0212662704289,-0.0131432777271,0.131161093712,-9.24146625891e-09,-2.11593305721e-06,-0.294297933578,0.00495341978967
6,0.03,53,1.68780101006e-09,9.18729803345e-09,0.208103179932,5.69484484458e-07,-7.38417952562e-07,-0.294305354357,0.00396273471415
6,0.03,54,-1.02448227679e-09,-3.65771390953e-09,0.123038090765,-1.9289308284e-07,-1.03506283722e-06,-0.294299036264,0.00396273750812
7,0.035,0,2.11877693168e-09,3.95824795163e-09,0.163974046707,2.56474692151e-07,1.21855691759e-06,-0.343350440264,0.00990683957934
7,0.035,1,-0.0262865554541,0.0425325408578,0.163974031806,-1.91635285773e-06,1.31471449549e-06,-0.343350827694,0.00247670989484
7,0.035,2,0.0262865554541,0.0425325408578,0.163974031806,1.91232834368e-06,1.30631883621e-06,-0.343350857496,0.00247670989484
7,0.035,3,-0.0262865554541,-0.0425325408578,0.163974046707,-1.36428525366e-06,-2.75214215861e-08,-0.34335026145,0.00247670989484
7,0.035,4,0.0262865554541,-0.0425325408578,0.163974061608,2.39598080043e-06,-1.8293139874e-06,-0.343347787857,0.00247670989484
7,0.035,5,-2.11514072923e-09,-0.0262865554541,0.206506580114,-3.01006011227e-08,4.45015848527e-06,-0.343355029821,0.00247670919634
7,0.035,6,2.5182638197e-09,0.0262865554541,0.206506580114,4.69109622259e-08,5.19036484548e-06,-0.343347668648,0.00247670919634
7,0.035,7,3.79683440244e-09,-0.0262865554541,0.121441520751,-4.73911427434e-07,-8.16847114038e-06,-0.343357056379,0.00247671105899
7,0.035,8,8.3795981265e-10,0.0262865554541,0.121441483498,1.36397630968e-07,1.45438525578e-06,-0.343350231647,0.00247671105899
7,0.035,9,0.0425325408578,-4.33274571776e-09,0.137687474489,-2.31617923419e-06,-3.23541769376e-07,-0.343348294497,0.00247670942917
7,0.035,10,0.0425325408578,2.75922418247e-09,0.190260604024,1.38914060699e-06,2.02125548299e-07,-0.343347191811,0.00247670849785
7,0.035,11,-0.0425325408578,-3.19648174596e-09,0.137687504292,2.43736451466e-07,3.427323918e-07,-0.343352913857,0.00247670942917
7,0.035,12,-0.0425325408578,5.94670312992e-09,0.190260618925,1.86922943612e-06,2.07044237754e-07,-0.343353807926,0.00247670849785
7,0.035,13,-0.0131432777271,0.0212662704289,0.163974031806,-3.23582582951e-07,-1.20042818708e-06,-0.343348860741,0.0148602584377
7,0.035,14,-2.624825024e-09,0.0131432777271,0.185240313411,-1.54063215518e-07,-7.07337051153e-08,-0.343349844217,0.00990683585405
7,0.035,15,0.0131432777271,0.0212662704289,0.163974031806,4.75768224817e-08,-1.37823292334e-06,-0.343349158764,0.0128788910806
7,0.035,16,-0.0131432777271,0.0344095490873,0.18524029851,-1.26745840134e-06,9.87598809843e-07,-0.343349635601,0.00396273471415
7,0.035,17,-1.98847795868e-11,0.0425325408578,0.163974031806,1.63012661147e-08,1.83473696325e-06,-0.343350827694,0.00396273471415
7,0.035,18,0.0131432777271,0.0344095490873,0.18524029851,7.17292437002e-07,9.34103070449e-07,-0.343350082636,0.00495341839269
7,0.035,19,-1.04786193611e-10,0.0131432777271,0.142707765102,4.28843662803e-07,-8.04256430342e-08,-0.343348413706,0.00990684051067
7,0.035,20,-0.0131432777271,0.0344095490873,0.142707765102,-8.93289495707e-07,1.96636506189e-06,-0.343350976706,0.00396273564547
7,0.035,21,0.0131432777271,0.0344095490873,0.142707765102,1.005049171e-06,-1.32906583517e-08,-0.343350827694,0.00495341978967
7,0.035,22,-0.0212662704289,3.62068797166e-09,0.177117332816,-1.31561691319e-07,9.32379791152e-08,-0.343351602554,0.0099068377167
7,0.035,23,-0.0344095490873,0.0212662704289,0.177117317915,-1.12362909022e-06,-7.73343515448e-07,-0.343347638845,0.00396273564547
7,0.035,24,-0.0212662704289,0.0131432777271,0.198383584619,6.93197023338e-07,2.53882217294e-06,-0.343350619078,0.00594410020858
7,0.035,25,-0.0212662704289,5.70216052154e-09,0.150830760598,1.0339150549e-06,6.81644166889e-07,-0.343350112438,0.00990684051067
7,0.035,26,-0.0344095490873,0.0212662704289,0.150830745697,-1.39099722674e-06,-9.70793848865e-07,-0.343348801136,0.0039627365768
7,0.035,27,-0.0212662704289,0.0131432777271,0.129564478993,-1.84925079338e-06,-1.37688812174e-06,-0.343347758055,0.00594410393387
7,0.035,28,-0.0425325408578,8.5275386752e-10,0.163974061608,-4.20996542516e-07,6.64427602715e-07,-0.343348115683,0.00594410579652
7,0.035,29,0.0212662704289,9.72441127622e-10,0.177117332816,-5.78355070502e-07,5.30691693257e-07,-0.343352228403,0.0099068377167
7,0.035,30,0.0344095490873,0.0212662704289,0.177117317915,2.08929645851e-06,-7.14471255492e-08,-0.34335026145,0.00396273564547
7,0.035,31,0.0212662704289,0.0131432777271,0.198383584619,-1.29954230488e-07,1.80312190423e-06,-0.34334808588,0.00594410020858
7,0.035,32,0.0212662704289,7.46987027789e-10,0.150830760598,-7.31465377157e-07,8.56260783166e-07,-0.343349635601,0.00990684051067
7,0.035,33,0.0344095490873,0.0212662704289,0.150830745697,1.57958243108e-06,-1.15698651371e-06,-0.343350827694,0.0039627365768
7,0.035,34,0.0212662704289,0.0131432777271,0.129564478993,4.58095172462e-07,-1.10991186375e-06,-0.343349397182,0.00594410393387
7,0.035,35,0.0425325408578,-1.93008076188e-09,0.163974046707,3.8580080286e-07,3.90392131067e-07,-0.343348264694,0.00594410579652
7,0.035,36,-0.0131432777271,-0.0212662704289,0.163974046707,-6.08366178767e-07,5.31747787136e-07,-0.343350410461,0.0148602584377
7,0.035,37,0.0131432777271,-0.0212662704289,0.163974061608,7.91819957158e-07,9.10277492494e-07,-0.343348145485,0.0128788910806
7,0.035,38,9.13798425817e-10,-0.0131432777271,0.185240313411,-5.79606080464e-07,2.50579397232e-08,-0.343351006508,0.0118882022798
7,0.035,39,-4.07260891677e-09,-0.0425325408578,0.163974061608,-1.38967788388e-08,-2.8300332815e-06,-0.343348950148,0.00396273471415
7,0.035,40,-0.0131432777271,-0.0344095490873,0.185240313411,-7.04684509856e-07,6.76905244745e-07,-0.343352764845,0.00396273471415
7,0.035,41,0.0131432777271,-0.0344095490873,0.185240313411,9.67188384493e-07,4.411292025e-07,-0.343352615833,0.00495341839269
7,0.035,42,2.27073759795e-09,-0.0131432777271,0.142707794905,3.56126690804e-07,2.28274696923e-08,-0.343348443508,0.0118882078677
7,0.035,43,-0.0131432777271,-0.0344095490873,0.142707794905,-7.2616342095e-07,-1.58803788963e-06,-0.343349695206,0.00396273564547
7,0.035,44,0.0131432777271,-0.0344095490873,0.142707794905,-2.13791452097e-07,-2.46704348683e-06,-0.34335911274,0.00495341978967
7,0.035,45,-0.0344095490873,-0.0212662704289,0.177117332816,-1.64547600434e-06,1.1081666571e-06,-0.343350946903,0.00396273564547
7,0.035,46,-0.0212662704289,-0.0131432777271,0.198383584619,4.94115795391e-07,9.58932332651e-07,-0.343351811171,0.0049534169957
7,0.035,47,-0.0344095490873,-0.0212662704289,0.150830760598,-2.03548438549e-06,-1.96677979147e-06,-0.343349397182,0.0039627365768
7,0.035,48,-0.0212662704289,-0.0131432777271,0.129564508796,-1.7517517108e-06,-2.97214342027e-06,-0.343353688717,0.00495341978967
7,0.035,49,0.0344095490873,-0.0212662704289,0.177117332816,2.33078412748e-06,4.70694828891e-07,-0.343350201845,0.00396273564547
7,0.035,50,0.0212662704289,-0.0131432777271,0.198383584619,1.02760350273e-06,1.55307361638e-06,-0.343351989985,0.0049534169957
7,0.035,51,0.0344095490873,-0.0212662704289,0.150830760598,1.34589151912e-06,-5.94671973886e-07,-0.343351125717,0.0039627365768
7,0.035,52,0.0212662704289,-0.0131432777271,0.129564493895,3.43518763657e-07,-2.30013074543e-06,-0.343347489834,0.00495341978967
7,0.035,53,4.63296467856e-09,8.92221463378e-10,0.206506580114,3.31856313096e-07,-2.27950522458e-06,-0.343355685472,0.00396273471415
7,0.035,54,-1.3093330864e-09,-9.05615760161e-09,0.121441498399,1.10179897206e-07,-1.10879796011e-06,-0.34335026145,0.00396273750812
8,0.04,0,1.79998882466e-09,8.44346281781e-09,0.162132203579,-3.61914345604e-07,3.66466082369e-07,-0.392400592566,0.00990683957934
8,0.04,1,-0.0262865554541,0.0425325408578,0.162132188678,-2.25970211432e-06,1.12584427825e-06,-0.392400324345,0.00247670989484
8,0.04,2,0.0262865554541,0.0425325408578,0.162132188678,2.18551781472e-06,1.49293578033e-06,-0.392401009798,0.00247670989484
8,0.04,3,-0.0262865554541,-0.0425325408578,0.162132203579,-2.83143572233e-06,-1.29673185256e-06,-0.392398923635,0.00247670989484
8,0.04,4,0.0262865554541,-0.0425325408578,0.16213221848,3.21773836731e-06,-2.88223009193e-06,-0.392399430275,0.00247670989484
8,0.04,5,-1.29907795632e-09,-0.0262865554541,0.204664736986,3.30214618316e-07,3.75634908778e-06,-0.392405122519,0.00247670919634
8,0.04,6,1.92830706958e-09,0.0262865554541,0.204664736986,-2.91609381975e-07,5.67878032598e-06,-0.39239937067,0.00247670919634
8,0.04,7,-1.51537629667e-10,-0.0262865684927,0.119599670172,-9.33194371555e-07,-8.99748738448e-06,-0.392408967018,0.00247671105899
8,0.04,8,8.0049999962e-10,0.0262865554541,0.119599632919,-2.65503530272e-07,3.54721464646e-07,-0.392399966717,0.00247671105899
8,0.04,9,0.0425325408578,-4.02935818045e-09,0.135845661163,-1.95644565792e-06,4.26043072821e-07,-0.39239937067,0.00247670942917
8,0.04,10,0.0425325408578,3.70427644114e-09,0.188418775797,-3.00612555293e-07,1.12186796741e-07,-0.392401456833,0.00247670849785
8,0.04,11,-0.0425325408578,-5.38081246226e-10,0.135845661163,-1.36271478368e-06,6.18024046162e-07,-0.392405122519,0.00247670942917
8,0.04,12,-0.0425325408578,4.47512160662e-09,0.188418775797,3.22512210005e-06,-8.22765912289e-07,-0.392405569553,0.00247670849785
8,0.04,13,-0.0131432777271,0.0212662704289,0.162132188678,-3.27249779275e-07,-8.8693775524e-07,-0.392397642136,0.0148602584377
8,0.04,14,-1.26972088399e-09,0.0131432777271,0.183398470283,5.44172053196e-07,9.82914912129e-07,-0.392400681973,0.00990683585405
8,0.04,15,0.0131432777271,0.0212662704289,0.162132188678,3.67508228294e-08,-1.03925992789e-06,-0.39239782095,0.0128788910806
8,0.04,16,-0.0131432777271,0.0344095490873,0.183398455381,-7.29333351046e-07,6.80514517626e-07,-0.392398297787,0.00396273471415
8,0.04,17,8.89605143023e-12,0.0425325408578,0.162132188678,-4.37539782183e-09,2.0968420813e-06,-0.392400979996,0.00396273471415
8,0.04,18,0.0131432777271,0.0344095490873,0.183398455381,3.7112249629e-07,-1.19231401641e-07,-0.392398744822,0.00495341839269
8,0.04,19,2.35958075301e-09,0.0131432777271,0.140865921974,5.3947582046e-07,6.43739141992e-08,-0.392397552729,0.00990684051067
8,0.04,20,-0.0131432777271,0.0344095490873,0.140865921974,-1.0008773188e-06,2.30659316003e-06,-0.392401129007,0.00396273564547
8,0.04,21,0.0131432777271,0.0344095490873,0.140865921974,1.15271438972e-06,4.54962503227e-08,-0.392400979996,0.00495341978967
8,0.04,22,-0.0212662704289,1.7852610501e-09,0.175275489688,9.51945509087e-08,-6.54741256767e-07,-0.392401635647,0.0099068377167
8,0.04,23,-0.0344095490873,0.0212662704289,0.175275489688,-7.9271632103e-07,1.86701129223e-07,-0.392398267984,0.00396273564547
8,0.04,24,-0.0212662704289,0.0131432777271,0.19654174149,1.2425496152e-06,3.24688244291e-06,-0.392400771379,0.00594410020858
8,0.04,25,-0.0212662704289,5.93400972804e-09,0.14898891747,1.09333893761e-06,-7.01703243067e-07,-0.392398774624,0.00990684051067
8,0.04,26,-0.0344095490873,0.0212662704289,0.14898891747,-2.39753831011e-06,-6.96838014846e-07,-0.392397403717,0.0039627365768
8,0.04,27,-0.0212662704289,0.0131432777271,0.127722650766,-2.04877756005e-06,-1.85933913599e-06,-0.392398566008,0.00594410393387
8,0.04,28,-0.0425325408578,4.76061590149e-09,0.16213221848,-6.3005506945e-07,7.56721703965e-07,-0.392400592566,0.00594410579652
8,0.04,29,0.0212662704289,4.26555635258e-09,0.175275489688,-1.02636036559e-07,5.75535068492e-07,-0.392401129007,0.0099068377167
8,0.04,30,0.0344095490873,0.0212662704289,0.175275474787,2.07254106499e-06,-3.07204146566e-07,-0.392398923635,0.00396273564547
8,0.04,31,0.0212662704289,0.0131432777271,0.19654174149,-3.92612264477e-07,2.71541762231e-06,-0.392399132252,0.00594410020858
8,0.04,32,0.0212662704289,4.48599024594e-09,0.14898891747,-6.46937962756e-07,4.74343579526e-07,-0.392399907112,0.00990684051067
8,0.04,33,0.0344095490873,0.0212662704289,0.148988902569,1.92916263586e-06,-1.43675606523e-06,-0.392400324345,0.0039627365768
8,0.04,34,0.0212662704289,0.0131432777271,0.127722635865,6.29509770533e-07,-1.99546184376e-06,-0.392398238182,0.00594410393387
8,0.04,35,0.0425325408578,1.15830900427e-09,0.162132203579,5.52855908609e-07,7.26226119241e-07,-0.392398893833,0.00594410579652
8,0.04,36,-0.0131432777271,-0.0212662704289,0.162132203579,-8.04161686574e-07,1.75414322712e-06,-0.392399072647,0.0148602584377
8,0.04,37,0.0131432777271,-0.0212662704289,0.16213221848,1.13920737022e-06,1.6617672145e-06,-0.392401278019,0.0128788910806
8,0.04,38,-2.95474067435e-09,-0.0131432777271,0.183398470283,-7.56636040933e-07,2.84982832e-07,-0.39240115881,0.0118882022798
8,0.04,39,-1.6760769439e-09,-0.0425325408578,0.16213221848,8.39741119307e-07,-4.67345307698e-06,-0.392402082682,0.00396273471415
8,0.04,40,-0.0131432777271,-0.0344095490873,0.183398470283,-1.37490008001e-06,4.08690908671e-07,-0.392401427031,0.00396273471415
8,0.04,41,0.0131432777271,-0.0344095490873,0.183398470283,7.01846488482e-07,-5.00376074797e-07,-0.392398297787,0.00495341839269
8,0.04,42,3.14294612558e-09,-0.0131432777271,0.140865951777,-9.93083926204e-09,3.39348332545e-07,-0.392400205135,0.0118882078677
8,0.04,43,-0.0131432777271,-0.0344095490873,0.140865951777,-8.90590399649e-07,-3.2452837786e-06,-0.39240282774,0.00396273564547
8,0.04,44,0.0131432777271,-0.0344095490873,0.140865951777,5.98907263338e-07,-3.47839431925e-06,-0.39240783453,0.00495341978967
8,0.04,45,-0.0344095490873,-0.0212662704289,0.175275489688,-2.0675477117e-06,1.44996761264e-06,-0.392399311066,0.00396273564547
8,0.04,46,-0.0212662704289,-0.0131432777271,0.19654174149,2.01050880833e-07,1.2712255284e-06,-0.392401963472,0.0049534169957
8,0.04,47,-0.0344095490873,-0.0212662704289,0.148988932371,-3.14584531225e-06,-1.2583662965e-06,-0.392397522926,0.0039627365768
8,0.04,48,-0.0212662704289,-0.0131432777271,0.127722665668,-1.35813172619e-06,-3.19576588481e-06,-0.392405331135,0.00495341978967
8,0.04,49,0.0344095490873,-0.0212662704289,0.175275489688,4.22440234615e-06,1.3342313423e-06,-0.392397582531,0.00396273564547
8,0.04,50,0.0212662704289,-0.0131432777271,0.19654174149,1.48691935919e-06,1.78801667516e-06,-0.392402142286,0.0049534169957
8,0.04,51,0.0344095490873,-0.0212662704289,0.14898891747,1.15236764486e-06,-9.56826283982e-07,-0.392398685217,0.0039627365768
8,0.04,52,0.0212662704289,-0.0131432777271,0.127722665668,3.23323945395e-07,-3.0931917081e-06,-0.392399400473,0.00495341978967
8,0.04,53,3.78191122863e-09,-8.73333405593e-09,0.204664736986,-6.71000350394e-07,-1.1488450582e-06,-0.392405837774,0.00396273471415
8,0.04,54,-1.9894132175e-10,-1.36067761503e-08,0.11959964782,7.4655140736e-08,-6.67523295306e-07,-0.392399102449,0.00396273750812
9,0.045,0,-8.47252823455e-10,6.30163166093e-09,0.160045102239,-5.53871586817e-07,-1.15470743367e-06,-0.441450387239,0.00990683957934
9,0.045,1,-0.0262865554541,0.0425325408578,0.160045087337,-2.42927785621e-06,1.23734514546e-06,-0.44144898653,0.00247670989484
9,0.045,2,0.0262865554541,0.0425325408578,0.160045087337,2.49777644967e-06,1.71942679117e-06,-0.4414511621,0.00247670989484
9,0.045,3,-0.0262865554541,-0.0425325408578,0.160045102239,-3.90130662709e-06,-3.32169838657e-06,-0.441447585821,0.00247670989484
9,0.045,4,0.0262865554541,-0.0425325408578,0.16004511714,3.83383894587e-06,-3.1805927847e-06,-0.441449999809,0.00247670989484
9,0.045,5,-1.12671594277e-10,-0.0262865554541,0.202577635646,-1.3776699781e-08,2.68426788352e-06,-0.441453784704,0.00247670919634
9,0.045,6,-1.5311986401e-10,0.0262865554541,0.202577635646,-3.35400017093e-07,5.26450548932e-06,-0.441451579332,0.00247670919634
9,0.045,7,-4.09036848836e-09,-0.0262865684927,0.117512568831,-5.21856975411e-07,-7.57520228944e-06,-0.441458821297,0.00247671105899
9,0.045,8,-1.52706003398e-09,0.0262865554541,0.117512539029,-6.21700053216e-07,-1.62212938903e-06,-0.441448569298,0.00247671105899
9,0.045,9,0.0425325408578,-7.49095507846e-10,0.133758559823,-2.66623629841e-07,6.70589429319e-07,-0.441453635693,0.00247670942917
9,0.045,10,0.0425325408578,4.14571310614e-09,0.186331674457,-1.9951808099e-06,2.11723971688e-07,-0.441455364227,0.00247670849785
9,0.045,11,-0.0425325408578,1.41440503754e-09,0.133758559823,-3.04650507132e-06,1.18994336162e-07,-0.441456764936,0.00247670942917
9,0.045,12,-0.0425325408578,-9.91972948228e-10,0.186331674457,4.57774149254e-06,-1.16298213015e-06,-0.441457211971,0.00247670849785
9,0.045,13,-0.0131432777271,0.0212662704289,0.160045102239,-1.13941915458e-07,-6.77178888964e-07,-0.441447734833,0.0148602584377
9,0.045,14,1.36140088092e-09,0.0131432777271,0.181311368942,4.08202510016e-07,1.77769845777e-06,-0.441450685263,0.00990683585405
9,0.045,15,0.0131432777271,0.0212662704289,0.160045102239,1.29760863388e-07,-3.23551915926e-07,-0.441447198391,0.0128788910806
9,0.045,16,-0.0131432777271,0.0344095490873,0.181311368942,-3.54897963462e-07,8.57157033352e-07,-0.4414473176,0.00396273471415
9,0.045,17,-1.18768606061e-10,0.0425325408578,0.160045087337,-1.31793584046e-07,2.32099114328e-06,-0.441450417042,0.00396273471415
9,0.045,18,0.0131432777271,0.0344095490873,0.181311354041,2.43255072974e-07,-4.58280084104e-07,-0.441447049379,0.00495341839269
9,0.045,19,3.6711778062e-09,0.0131432777271,0.138778835535,-1.1044091508e-07,5.31054809016e-07,-0.4414473176,0.00990684051067
9,0.045,20,-0.0131432777271,0.0344095490873,0.138778820634,-9.59005774348e-07,1.76903188276e-06,-0.441449970007,0.00396273564547
9,0.045,21,0.0131432777271,0.0344095490873,0.138778820634,1.1348828366e-06,-1.8055561668e-07,-0.44145077467,0.00495341978967
9,0.045,22,-0.0212662704289,-1.07757669454e-09,0.173188388348,1.21764713867e-07,-4.02909506647e-07,-0.441451072693,0.0099068377167
9,0.045,23,-0.0344095490873,0.0212662704289,0.173188388348,-8.93653123057e-07,1.24540736124e-06,-0.44144770503,0.00396273564547
9,0.045,24,-0.0212662704289,0.0131432777271,0.19445464015,2.02197475119e-06,3.63560207006e-06,-0.441450923681,0.00594410020858
9,0.045,25,-0.0212662704289,2.34042313307e-10,0.14690181613,1.06101094843e-06,-1.11161591576e-06,-0.44144743681,0.00990684051067
9,0.045,26,-0.0344095490873,0.0212662704289,0.14690181613,-3.36183461513e-06,-1.96894916371e-07,-0.441447556019,0.0039627365768
9,0.045,27,-0.0212662704289,0.0131432777271,0.125635549426,-1.62671119597e-06,-2.19232720156e-06,-0.441450208426,0.00594410393387
9,0.045,28,-0.0425325408578,7.11990466584e-09,0.16004511714,-9.12679126941e-07,3.14713552996e-08,-0.441452950239,0.00594410579652
9,0.045,29,0.0212662704289,5.00744734566e-09,0.173188388348,2.96241523756e-07,-3.99893451686e-07,-0.441450178623,0.0099068377167
9,0.045,30,0.0344095490873,0.0212662704289,0.173188373446,2.62060075329e-06,8.14062772747e-08,-0.441447228193,0.00396273564547
9,0.045,31,0.0212662704289,0.0131432777271,0.19445464015,-5.15040937898e-07,3.4961781239e-06,-0.441449284554,0.00594410020858
9,0.045,32,0.0212662704289,3.99519484162e-09,0.14690181613,-9.86224449662e-07,-5.42739599041e-07,-0.441449433565,0.00990684051067
9,0.045,33,0.0344095490873,0.0212662704289,0.146901801229,2.13073758459e-06,-7.01644239598e-07,-0.44144898653,0.0039627365768
9,0.045,34,0.0212662704289,0.0131432777271,0.125635534525,7.94742106791e-07,-2.63258698396e-06,-0.441447883844,0.00594410393387
9,0.045,35,0.0425325408578,3.92093513213e-09,0.160045102239,8.41150495035e-07,2.65926587417e-07,-0.441448658705,0.00594410579652
9,0.045,36,-0.0131432777271,-0.0212662704289,0.160045102239,-5.54834002742e-07,2.53919029092e-06,-0.441447734833,0.0148602584377
9,0.045,37,0.0131432777271,-0.0212662704289,0.16004511714,1.45559965858e-06,2.48287847171e-06,-0.441453337669,0.0128788910806
9,0.045,38,-4.58469306963e-09,-0.0131432777271,0.181311368942,2.01148623091e-07,4.97754228945e-07,-0.441451311111,0.0118882022798
9,0.045,39,3.30330940379e-09,-0.0425325408578,0.16004511714,1.03866125301e-06,-5.79933748668e-06,-0.441454142332,0.00396273471415
9,0.045,40,-0.0131432777271,-0.0344095490873,0.181311368942,-2.24376367441e-06,-2.44089733314e-07,-0.441450089216,0.00396273471415
9,0.045,41,0.0131432777271,-0.0344095490873,0.181311383843,7.87942781244e-07,-1.05952074136e-06,-0.441447198391,0.00495341839269
9,0.045,42,2.48286102789e-09,-0.0131432777271,0.138778850436,-1.83666656994e-07,2.93903980264e-07,-0.441452264786,0.0118882078677
9,0.045,43,-0.0131432777271,-0.0344095490873,0.138778850436,-1.18189120712e-06,-4.79592381453e-06,-0.441455900669,0.00396273564547
9,0.045,44,0.0131432777271,-0.0344095490873,0.138778850436,1.402999942e-06,-4.25909047408e-06,-0.441457182169,0.00495341978967
9,0.045,45,-0.0344095490873,-0.0212662704289,0.173188388348,-2.77026833828e-06,1.6296320382e-06,-0.441447645426,0.00396273564547
9,0.045,46,-0.0212662704289,-0.0131432777271,0.19445464015,-8.54231132053e-07,1.04180401195e-06,-0.441452115774,0.0049534169957
9,0.045,47,-0.0344095490873,-0.0212662704289,0.146901831031,-5.09426672579e-06,-4.69475793352e-07,-0.441449165344,0.0039627365768
9,0.045,48,-0.0212662704289,-0.0131432777271,0.125635564327,-1.20598156172e-06,-3.79707239517e-06,-0.441456884146,0.00495341978967
9,0.045,49,0.0344095490873,-0.0212662704289,0.173188403249,5.33666570846e-06,2.66401298177e-06,-0.441447675228,0.00396273564547
9,0.045,50,0.0212662704289,-0.0131432777271,0.19445464015,1.3233197933e-06,2.58762565863e-06,-0.441452026367,0.0049534169957
9,0.045,51,0.0344095490873,-0.0212662704289,0.146901845932,8.53980168358e-07,-1.29993759401e-06,-0.441446214914,0.0039627365768
9,0.045,52,0.0212662704289,-0.0131432777271,0.125635564327,1.91476090095e-07,-4.08588766732e-06,-0.441451102495,0.00495341978967
9,0.045,53,-1.27350563428e-09,-7.35854399636e-09,0.202577635646,-1.17415436307e-06,1.55475527208e-06,-0.441455990076,0.00396273471415
9,0.045,54,-1.24009336133e-09,-1.52392285457e-08,0.11751255393,-3.9959357423e-07,2.22055774657e-07,-0.441447079182,0.00396273750812
10,0.05,0,-2.21684737234e-09,-1.07983411102e-09,0.157712757587,2.14412185784e-08,-1.42264423175e-06,-0.490499049425,0.00990683957934
10,0.05,1,-0.0262865554541,0.0425325408578,0.157712742686,-2.02160276785e-06,7.06894979885e-07,-0.490497589111,0.00247670989484
10,0.05,2,0.0262865554541,0.0425325408578,0.157712742686,2.29865122492e-06,3.46888384684e-07,-0.490500122309,0.00247670989484
10,0.05,3,-0.0262865554541,-0.0425325408578,0.157712772489,-4.46397280029e-06,-5.23680182596e-06,-0.490497082472,0.00247670989484
10,0.05,4,0.0262865554541,-0.0425325408578,0.157712772489,4.51030746262e-06,-4.45393652626e-06,-0.490500152111,0.00247670989484
10,0.05,5,-1.63581648227e-09,-0.0262865554541,0.200245290995,-5.17529542776e-07,2.51963933806e-06,-0.49050244689,0.00247670919634
10,0.05,6,-9.96919879981e-10,0.0262865554541,0.200245290995,-8.75353407537e-08,5.33445063411e-06,-0.490502089262,0.00247670919634
10,0.05,7,-4.74563277564e-09,-0.0262865684927,0.115180231631,2.13707579633e-07,-6.03839271207e-06,-0.490507036448,0.00247671105899
10,0.05,8,-4.10106570925e-09,0.0262865554541,0.11518022418,-1.95479898935e-07,-4.41663951278e-06,-0.490496724844,0.00247671105899
10,0.05,9,0.0425325408578,-1.11379239165e-09,0.131426215172,2.68749147381e-07,-9.06396905975e-07,-0.490506768227,0.00247670942917
10,0.05,10,0.0425325408578,4.71113370537e-09,0.183999329805,-3.2733973967e-06,-2.85134404976e-07,-0.490508496761,0.00247670849785
10,0.05,11,-0.0425325408578,4.86870377348e-10,0.131426215172,-3.88495800507e-06,-4.52495129366e-07,-0.490508407354,0.00247670942917
10,0.05,12,-0.0425325408578,-5.1547299762e-09,0.183999329805,5.90050876781e-06,-3.99209142188e-07,-0.490508854389,0.00247670849785
10,0.05,13,-0.0131432777271,0.0212662704289,0.157712757587,-8.04760915685e-08,-4.05777711876e-07,-0.490499317646,0.0148602584377
10,0.05,14,1.49706957941e-09,0.0131432777271,0.178979024291,-3.06512646375e-07,1.91258527593e-06,-0.490500837564,0.00990683585405
10,0.05,15,0.0131432777271,0.0212662704289,0.157712757587,7.7702031831e-07,4.44185076276e-07,-0.490498065948,0.0128788910806
10,0.05,16,-0.0131432777271,0.0344095490873,0.178979024291,-4.18628388843e-07,1.41659108976e-06,-0.490498960018,0.00396273471415
10,0.05,17,-1.26246324506e-09,0.0425325408578,0.157712742686,-1.5948843668e-07,1.63704703482e-06,-0.490499079227,0.00396273471415
10,0.05,18,0.0131432777271,0.0344095490873,0.178979024291,1.71283488726e-07,6.16643035301e-07,-0.490497618914,0.00495341839269
10,0.05,19,1.62464053322e-09,0.0131432777271,0.136446490884,-7.85406371051e-07,1.33555079174e-06,-0.490498572588,0.00990684051067
10,0.05,20,-0.0131432777271,0.0344095490873,0.136446475983,-9.94499941953e-07,3.2919149362e-07,-0.490497708321,0.00396273564547
10,0.05,21,0.0131432777271,0.0344095490873,0.136446475983,1.11071108222e-06,-1.29996851683e-06,-0.490499138832,0.00495341978967
10,0.05,22,-0.0212662704289,-9.51275613836e-10,0.170856043696,7.9876151915e-08,4.42719624516e-07,-0.490499734879,0.0099068377167
10,0.05,23,-0.0344095490873,0.0212662704289,0.170856058598,-1.25235112591e-06,2.18161699195e-06,-0.49049654603,0.00396273564547
10,0.05,24,-0.0212662704289,0.0131432777271,0.192122295499,2.22688481699e-06,3.75628815164e-06,-0.490501075983,0.00594410020858
10,0.05,25,-0.0212662704289,-1.84784221258e-09,0.144569471478,6.46386467906e-07,3.17038512776e-07,-0.49049654603,0.00990684051067
10,0.05,26,-0.0344095490873,0.0212662704289,0.144569471478,-2.77241611002e-06,-5.83186249514e-07,-0.490497499704,0.0039627365768
10,0.05,27,-0.0212662704289,0.0131432777271,0.123303204775,-1.41480609273e-06,-2.86576710096e-06,-0.490499079227,0.00594410393387
10,0.05,28,-0.0425325408578,4.40140990321e-09,0.157712772489,-1.18462708087e-06,-9.93196408672e-07,-0.490506023169,0.00594410579652
10,0.05,29,0.0212662704289,7.23026083449e-10,0.170856043696,7.16145848401e-07,-1.0438393474e-06,-0.490499794483,0.0099068377167
10,0.05,30,0.0344095490873,0.0212662704289,0.170856058598,2.96208941108e-06,7.42582869862e-07,-0.490498960018,0.00396273564547
10,0.05,31,0.0212662704289,0.0131432777271,0.192122295499,-7.34195168661e-07,3.7126060306e-06,-0.490498304367,0.00594410020858
10,0.05,32,0.0212662704289,3.31305899381e-10,0.144569471478,-1.39974770264e-06,-9.8120290204e-07,-0.490499526262,0.00990684051067
10,0.05,33,0.0344095490873,0.0212662704289,0.144569471478,1.00649640444e-06,-2.85401114297e-07,-0.490496069193,0.0039627365768
10,0.05,34,0.0212662704289,0.0131432777271,0.123303219676,5.131009857e-07,-3.5040570765e-06,-0.490496307611,0.00594410393387
10,0.05,35,0.0425325408578,6.07409544884e-09,0.157712757587,1.06954769308e-06,6.74986495142e-07,-0.49049654603,0.00594410579652
10,0.05,36,-0.0131432777271,-0.0212662704289,0.157712772489,-3.65102835076e-07,2.53937992056e-06,-0.490496516228,0.0148602584377
10,0.05,37,0.0131432777271,-0.0212662704289,0.157712772489,1.36014136842e-06,3.1024655982e-06,-0.490503489971,0.0128788910806
10,0.05,38,-1.43438727562e-09,-0.0131432777271,0.178979024291,8.6753505002e-07,8.15529404008e-07,-0.490501403809,0.0118882022798
10,0.05,39,6.57615473187e-09,-0.0425325408578,0.157712772489,1.48898735119e-07,-6.63879745844e-06,-0.490505725145,0.00396273471415
10,0.05,40,-0.0131432777271,-0.0344095490873,0.178979024291,-3.08042899633e-06,-9.2991854217e-07,-0.490498632193,0.00396273471415
10,0.05,41,0.0131432777271,-0.0344095490873,0.178979039192,1.07958612716e-06,-1.60849276654e-06,-0.490497350693,0.00495341839269
10,0.05,42,2.11779216386e-09,-0.0131432777271,0.136446505785,1.32482658177e-09,-2.80622032278e-07,-0.490504056215,0.0118882078677
10,0.05,43,-0.0131432777271,-0.0344095490873,0.136446505785,-1.45685567077e-06,-6.24729955234e-06,-0.490508675575,0.00396273564547
10,0.05,44,0.0131432777271,-0.0344095490873,0.136446505785,2.31772014558e-06,-4.78811944049e-06,-0.490507304668,0.00495341978967
10,0.05,45,-0.0344095490873,-0.0212662704289,0.170856058598,-3.69215035789e-06,1.42611281717e-06,-0.490496009588,0.00396273564547
10,0.05,46,-0.0212662704289,-0.0131432777271,0.192122295499,-1.55812824687e-06,4.98763711221e-07,-0.490501582623,0.0049534169957
10,0.05,47,-0.0344095490873,-0.0212662704289,0.14456948638,-6.92743333275e-06,9.6901224822e-08,-0.490501314402,0.0039627365768
10,0.05,48,-0.0212662704289,-0.0131432842463,0.123303219676,-1.50293885781e-06,-4.58575823359e-06,-0.490507185459,0.00495341978967
10,0.05,49,0.0344095490873,-0.0212662704289,0.170856058598,6.52258540867e-06,3.85600014852e-06,-0.49049782753,0.00396273564547
10,0.05,50,0.0212662704289,-0.0131432777271,0.192122295499,7.76596323249e-07,3.52684151039e-06,-0.490500688553,0.0049534169957
10,0.05,51,0.0344095490873,-0.0212662704289,0.144569501281,1.54775773353e-06,-1.64140408287e-06,-0.490500837564,0.0039627365768
10,0.05,52,0.0212662704289,-0.0131432870403,0.123303219676,6.00526732342e-07,-4.07764218835e-06,-0.490500032902,0.00495341978967
10,0.05,53,-5.91859095067e-09,3.29801097543e-09,0.200245290995,-4.71607819463e-07,2.21110190068e-06,-0.490506142378,0.00396273471415
10,0.05,54,-2.94127144862e-09,-9.94844473468e-09,0.115180231631,5.09319875164e-08,1.67259270256e-06,-0.490498274565,0.00396273750812
11,0.055,0,3.31196237102e-10,-4.67747973687e-09,0.155135169625,9.62293938755e-07,1.1841743941e-07,-0.539547741413,0.00990683957934
11,0.055,1,-0.0262865554541,0.0425325408578,0.155135184526,-2.14112310459e-06,-3.39530544125e-07,-0.539545476437,0.00247670989484
11,0.055,2,0.0262865554541,0.0425325408578,0.155135154724,1.53672203851e-06,1.18629706947e-07,-0.539546847343,0.00247670989484
11,0.055,3,-0.0262865554541,-0.0425325408578,0.155135184526,-4.72558576803e-06,-5.16727595823e-06,-0.539547741413,0.00247670989484
11,0.055,4,0.0262865554541,-0.0425325408578,0.155135184526,5.27833481101e-06,-5.74139448872e-06,-0.53954911232,0.00247670989484
11,0.055,5,-4.51383952438e-09,-0.0262865554541,0.197667703032,-4.02365287755e-07,3.60164699487e-06,-0.539550900459,0.00247670919634
11,0.055,6,-7.47081785324e-10,0.0262865554541,0.197667703032,1.33321762519e-07,6.42237819193e-06,-0.539551019669,0.00247670919634
11,0.055,7,-1.9061061618e-09,-0.0262865684927,0.112602636218,8.16109491097e-07,-4.105296739e-06,-0.539555132389,0.00247671105899
11,0.055,8,-2.38881758818e-09,0.0262865554541,0.112602628767,6.41934605028e-07,-4.51196819995e-06,-0.539550721645,0.00247671105899
11,0.055,9,0.0425325408578,-6.77603528842e-09,0.12884862721,8.19913225314e-07,-9.15937789614e-07,-0.539557039738,0.00247670942917
11,0.055,10,0.0425325408578,1.57858048855e-09,0.181421726942,-2.72261831924e-06,-8.91273543857e-07,-0.53955668211,0.00247670849785
11,0.055,11,-0.0425325408578,-2.77508149793e-09,0.128848612309,-1.66434381299e-06,-7.85877602993e-07,-0.539557278156,0.00247670942917
11,0.055,12,-0.0425325408578,-3.58486906826e-09,0.181421726942,5.30097486262e-06,1.03177308119e-06,-0.539556324482,0.00247670849785
11,0.055,13,-0.0131432777271,0.0212662704289,0.155135169625,-3.63193493058e-07,6.57981900076e-08,-0.539548993111,0.0148602584377
11,0.055,14,-3.77775422056e-10,0.0131432777271,0.176401436329,-3.17997375987e-07,1.97844588001e-06,-0.539552211761,0.00990683585405
11,0.055,15,0.0131432777271,0.0212662704289,0.155135169625,2.42285011609e-07,4.22650799692e-07,-0.53954744339,0.0128788910806
11,0.055,16,-0.0131432777271,0.0344095490873,0.176401436329,-2.33184110243e-07,2.09804966289e-06,-0.539550364017,0.00396273471415
11,0.055,17,-7.53570983392e-10,0.0425325408578,0.155135154724,4.45391975745e-07,9.72505176833e-07,-0.539547741413,0.00396273471415
11,0.055,18,0.0131432777271,0.0344095490873,0.176401436329,8.01610440249e-08,1.61514446972e-06,-0.539549231529,0.00495341839269
11,0.055,19,-4.31563673686e-09,0.0131432777271,0.133868902922,-1.22159360672e-06,1.52488166805e-06,-0.539547264576,0.00990684051067
11,0.055,20,-0.0131432777271,0.0344095490873,0.133868902922,-1.9502735995e-06,2.56356685213e-07,-0.539547026157,0.00396273564547
11,0.055,21,0.0131432777271,0.0344095490873,0.133868888021,1.87113744232e-06,-1.78097911885e-06,-0.539546430111,0.00495341978967
11,0.055,22,-0.0212662704289,2.59979238137e-09,0.168278455734,4.7657556479e-07,7.28835004793e-07,-0.539548397064,0.0099068377167
11,0.055,23,-0.0344095490873,0.0212662704289,0.168278470635,-1.24249197597e-06,3.13966165777e-06,-0.539548695087,0.00396273564547
11,0.055,24,-0.0212662704289,0.0131432777271,0.189544707537,2.08342726182e-06,3.90302739106e-06,-0.53955000639,0.00594410020858
11,0.055,25,-0.0212662704289,9.20282294814e-10,0.141991898417,9.84092309864e-08,5.03193007262e-07,-0.539549767971,0.00990684051067
11,0.055,26,-0.0344095490873,0.0212662704289,0.141991883516,-2.13569978769e-06,-1.59363162311e-06,-0.539546191692,0.0039627365768
11,0.055,27,-0.0212662704289,0.0131432721391,0.120725624263,-2.66182155428e-06,-4.75911838294e-06,-0.539545834064,0.00594410393387
11,0.055,28,-0.0425325408578,-1.72505154605e-09,0.155135184526,-2.26949305215e-06,-1.28067722471e-06,-0.539557695389,0.00594410579652
11,0.055,29,0.0212662704289,-2.08010431102e-09,0.168278455734,-1.32026784172e-07,9.85865895586e-08,-0.539548754692,0.0099068377167
11,0.055,30,0.0344095490873,0.0212662704289,0.168278470635,2.87998659587e-06,2.93641778626e-06,-0.539549469948,0.00396273564547
11,0.055,31,0.0212662704289,0.0131432777271,0.189544707537,-1.29228908463e-06,3.66430344911e-06,-0.539546966553,0.00594410020858
11,0.055,32,0.0212662704289,-5.1912567578e-09,0.141991883516,-7.7504410001e-07,-8.6654961251e-07,-0.539546906948,0.00990684051067
11,0.055,33,0.0344095490873,0.0212662704289,0.141991913319,2.27611008086e-06,-4.06512640438e-07,-0.539548814297,0.0039627365768
11,0.055,34,0.0212662704289,0.0131432777271,0.120725631714,1.38305460951e-06,-4.38574306827e-06,-0.539549171925,0.00594410393387
11,0.055,35,0.0425325408578,6.75356393032e-09,0.155135199428,1.49846960085e-06,-7.41885514799e-07,-0.539548993111,0.00594410579652
11,0.055,36,-0.0131432777271,-0.0212662704289,0.155135184526,-8.59312820012e-07,2.04575485441e-06,-0.539547920227,0.0148602584377
11,0.055,37,0.0131432777271,-0.0212662704289,0.155135184526,1.51653910052e-06,2.93806101581e-06,-0.539554834366,0.0128788910806
11,0.055,38,2.66684430095e-09,-0.0131432777271,0.176401436329,5.40004066352e-07,1.52958693889e-06,-0.539550065994,0.0118882022798
11,0.055,39,4.06236733141e-09,-0.0425325408578,0.155135184526,-1.12673103558e-06,-7.24946494302e-06,-0.539556145668,0.00396273471415
11,0.055,40,-0.0131432777271,-0.0344095490873,0.176401466131,-3.55604629476e-06,-2.75463503385e-06,-0.539546489716,0.00396273471415
11,0.055,41,0.0131432777271,-0.0344095490873,0.17640145123,1.87693785847e-06,-2.8038552955e-06,-0.539548695087,0.00495341839269
11,0.055,42,-2.60247444255e-12,-0.0131432777271,0.133868917823,-8.44635223984e-07,-1.70309340319e-06,-0.53955578804,0.0118882078677
11,0.055,43,-0.0131432777271,-0.0344095490873,0.133868917823,-1.57272631895e-06,-6.72351461617e-06,-0.539558231831,0.00396273564547
11,0.055,44,0.0131432777271,-0.0344095490873,0.133868917823,2.53063876698e-06,-5.28379723619e-06,-0.539558231831,0.00495341978967
11,0.055,45,-0.0344095490873,-0.0212662704289,0.168278485537,-4.50930838269e-06,6.81273718328e-07,-0.539549767971,0.00396273564547
11,0.055,46,-0.0212662704289,-0.0131432777271,0.189544707537,-9.9346789284e-07,1.00322381513e-06,-0.539550244808,0.0049534169957
11,0.055,47,-0.0344095490873,-0.0212662704289,0.141991898417,-6.82660811435e-06,5.55409371827e-07,-0.539550364017,0.0039627365768
11,0.055,48,-0.0212662704289,-0.0131432842463,0.120725624263,-1.07603159449e-06,-2.88575665763e-06,-0.539555251598,0.00495341978967
11,0.055,49,0.0344095490873,-0.0212662704289,0.168278470635,8.1666830738e-06,3.01504769595e-06,-0.539546787739,0.00396273564547
11,0.055,50,0.0212662704289,-0.0131432777271,0.189544707537,5.73486261146e-07,4.08126015827e-06,-0.539549350739,0.0049534169957
11,0.055,51,0.0344095490873,-0.0212662704289,0.141991913319,2.37488757193e-06,-1.12480938697e-06,-0.539553761482,0.0039627365768
11,0.055,52,0.0212662704289,-0.0131432870403,0.120725624263,5.32271712927e-07,-2.88404953608e-06,-0.539548158646,0.00495341978967
11,0.055,53,-4.5529460202e-09,9.93093696167e-09,0.197667703032,9.60555325946e-07,1.24776050825e-07,-0.539555072784,0.00396273471415
11,0.055,54,1.38599720589e-09,-1.76260761542e-09,0.112602636218,1.45453736877e-06,1.16467231237e-06,-0.539549291134,0.00396273750812
12,0.06,0,5.02741981379e-09,-9.23960005728e-11,0.152312338352,5.13603652053e-07,1.43809529618e-06,-0.588596403599,0.00990683957934
12,0.06,1,-0.0262865554541,0.0425325408578,0.152312368155,-2.4983462481e-06,-1.08628597673e-07,-0.58859962225,0.00247670989484
12,0.06,2,0.0262865554541,0.0425325408578,0.152312353253,1.71583792508e-06,1.20772153878e-06,-0.588596820831,0.00247670989484
12,0.06,3,-0.0262865554541,-0.0425325408578,0.152312353253,-4.07353218179e-06,-3.64691413779e-06,-0.588596403599,0.00247670989484
12,0.06,4,0.0262865554541,-0.0425325408578,0.152312353253,5.48238176634e-06,-6.61506692268e-06,-0.588597774506,0.00247670989484
12,0.06,5,-3.02799851859e-09,-0.0262865554541,0.194844871759,9.01263945252e-07,5.31121986569e-06,-0.588596582413,0.00247670919634
12,0.06,6,-2.05573457562e-11,0.0262865554541,0.194844871759,1.14000393125e-07,7.59727345212e-06,-0.588599681854,0.00247670919634
12,0.06,7,2.28633934007e-09,-0.0262865684927,0.109779797494,7.16807278422e-07,-1.43089755511e-06,-0.588603019714,0.00247671105899
12,0.06,8,1.81803447297e-10,0.0262865554541,0.109779790044,3.70124467963e-07,-4.44098805019e-06,-0.588602006435,0.00247671105899
12,0.06,9,0.0425325408578,-8.55519388665e-09,0.126025795937,1.0918578397e-07,2.50802088431e-07,-0.588604748249,0.00247670942917
12,0.06,10,0.0425325408578,-2.73350364566e-09,0.178598895669,-1.51983385877e-06,-5.25189079781e-07,-0.588602364063,0.00247670849785
12,0.06,11,-0.0425325408578,-7.00728186587e-09,0.126025781035,-2.7359806154e-07,-7.64807168707e-07,-0.588604450226,0.00247670942917
12,0.06,12,-0.0425325408578,3.78046394189e-09,0.178598895669,4.31875196227e-06,1.64607979514e-06,-0.58860373497,0.00247670849785
12,0.06,13,-0.0131432777271,0.0212662704289,0.152312338352,-4.03345694622e-07,9.71208351075e-07,-0.588597655296,0.0148602584377
12,0.06,14,-9.10770681095e-10,0.0131432777271,0.173578605056,1.62672620263e-07,2.03548302125e-06,-0.588603496552,0.00990683585405
12,0.06,15,0.0131432777271,0.0212662704289,0.152312338352,-4.38276146042e-07,9.8721734787e-08,-0.588596582413,0.0128788910806
12,0.06,16,-0.0131432777271,0.0344095490873,0.173578605056,6.88250622716e-07,2.28097178478e-06,-0.588599026203,0.00396273471415
12,0.06,17,1.68510494447e-09,0.0425325408578,0.152312353253,3.81561051199e-07,1.30727914893e-06,-0.588595688343,0.00396273471415
12,0.06,18,0.0131432777271,0.0344095490873,0.173578605056,-2.87528791887e-07,2.0176776161e-06,-0.588599801064,0.00495341839269
12,0.06,19,-5.5825846168e-09,0.0131432777271,0.13104608655,8.62693866566e-07,1.57518138622e-06,-0.58859616518,0.00990684051067
12,0.06,20,-0.0131432777271,0.0344095490873,0.131046071649,-3.68110181626e-06,7.45955389903e-07,-0.588595926762,0.00396273564547
12,0.06,21,0.0131432777271,0.0344095490873,0.131046071649,2.7654839414e-06,-2.46035028795e-06,-0.588596105576,0.00495341978967
12,0.06,22,-0.0212662704289,3.74446340601e-09,0.165455624461,9.81911512099e-07,-3.26012582264e-07,-0.58859705925,0.0099068377167
12,0.06,23,-0.0344095490873,0.0212662704289,0.165455639362,-1.99492092179e-06,2.97200244859e-06,-0.588600337505,0.00396273564547
12,0.06,24,-0.0212662704289,0.0131432777271,0.186721876264,2.06024014915e-06,4.21316326538e-06,-0.588598668575,0.00594410020858
12,0.06,25,-0.0212662704289,-2.04790873148e-09,0.139169067144,-6.99593613263e-07,-1.55936800184e-06,-0.588601469994,0.00990684051067
12,0.06,26,-0.0344095490873,0.0212662704289,0.139169067144,-3.34111405209e-06,-1.48467984218e-06,-0.588597357273,0.0039627365768
12,0.06,27,-0.0212662704289,0.0131432656199,0.117902800441,-3.9962410483e-06,-2.87883085548e-06,-0.588598966599,0.00594410393387
12,0.06,28,-0.0425325408578,-6.7580550045e-09,0.152312338352,-3.58884904017e-06,-6.71650013828e-07,-0.588606357574,0.00594410579652
12,0.06,29,0.0212662704289,1.76328041057e-09,0.165455624461,-1.26246493437e-06,1.23978850297e-06,-0.58859705925,0.0099068377167
12,0.06,30,0.0344095490873,0.0212662704289,0.165455639362,3.21226980304e-06,4.93292327519e-06,-0.588598310947,0.00396273564547
12,0.06,31,0.0212662704289,0.0131432777271,0.186721891165,-1.63798063113e-06,3.71835881197e-06,-0.588596343994,0.00594410020858
12,0.06,32,0.0212662704289,-6.57248611091e-09,0.139169082046,2.09026183029e-07,2.70632966703e-07,-0.588596642017,0.00990684051067
12,0.06,33,0.0344095490873,0.0212662704289,0.139169082046,3.60675903721e-06,-1.69241752701e-06,-0.588603436947,0.0039627365768
12,0.06,34,0.0212662704289,0.0131432702765,0.11790279299,2.31422495744e-06,-4.6704012675e-06,-0.58859962225,0.00594410393387
12,0.06,35,0.0425325408578,-7.46637640603e-10,0.152312368155,2.55556619777e-06,-2.04441676033e-06,-0.588603258133,0.00594410579652
12,0.06,36,-0.0131432777271,-0.0212662704289,0.152312353253,-1.59621629336e-06,1.28162594137e-06,-0.588596582413,0.0148602584377
12,0.06,37,0.0131432777271,-0.0212662704289,0.152312353253,1.68082897289e-06,2.15015734284e-06,-0.588606178761,0.0128788910806
12,0.06,38,2.52225063058e-09,-0.0131432777271,0.173578605056,-5.33940294645e-07,2.23271604227e-06,-0.58859872818,0.0118882022798
12,0.06,39,-4.06357214544e-09,-0.0425325408578,0.152312353253,-1.7356214812e-06,-7.13765348337e-06,-0.588604807854,0.00396273471415
12,0.06,40,-0.0131432777271,-0.0344095490873,0.173578634858,-3.86141209674e-06,-3.10671975967e-06,-0.588601112366,0.00396273471415
12,0.06,41,0.0131432777271,-0.0344095490873,0.173578619957,2.00863223654e-06,-4.36513255408e-06,-0.588600337505,0.00495341839269
12,0.06,42,-3.74072861575e-09,-0.0131432777271,0.13104608655,-3.26609267631e-07,-3.1131482956e-06,-0.588607907295,0.0118882078677
12,0.06,43,-0.0131432777271,-0.0344095490873,0.13104608655,-1.70433327185e-06,-7.37710706744e-06,-0.5886079669,0.00396273564547
12,0.06,44,0.0131432777271,-0.0344095490873,0.13104608655,2.59747002929e-06,-5.64330048292e-06,-0.588607907295,0.00495341978967
12,0.06,45,-0.0344095490873,-0.0212662704289,0.165455654263,-4.2225751713e-06,-1.16822844731e-08,-0.588604390621,0.00396273564547
12,0.06,46,-0.0212662704289,-0.0131432777271,0.186721876264,-1.37322288651e-07,2.36913433582e-06,-0.588598906994,0.0049534169957
12,0.06,47,-0.0344095490873,-0.0212662704289,0.139169067144,-6.58610451865e-06,4.08713106026e-07,-0.588600993156,0.0039627365768
12,0.06,48,-0.0212662704289,-0.0131432842463,0.11790278554,-6.9431052907e-07,-2.08894039133e-06,-0.588603019714,0.00495341978967
12,0.06,49,0.0344095490873,-0.0212662704289,0.165455654263,9.54699225986e-06,1.09663494641e-06,-0.588596522808,0.00396273564547
12,0.06,50,0.0212662704289,-0.0131432777271,0.186721876264,6.9992444196e-07,4.47138654636e-06,-0.588598012924,0.0049534169957
12,0.06,51,0.0344095490873,-0.0212662704289,0.139169082046,3.35529534823e-06,-8.67492474299e-07,-0.588605463505,0.0039627365768
12,0.06,52,0.0212662704289,-0.0131432870403,0.11790278554,-8.72002203778e-09,-1.82536530247e-06,-0.588595986366,0.00495341978967
12,0.06,53,1.93736626741e-09,3.90160659336e-09,0.194844871759,1.31206275e-06,-2.15162936001e-06,-0.58860373497,0.00396273471415
12,0.06,54,7.32930116598e-09,-1.13530485013e-09,0.109779797494,5.54192808977e-07,-8.58852104102e-07,-0.588599801064,0.00396273750812
13,0.065,0,2.94634139308e-09,5.16098896952e-09,0.149244263768,-1.06053835225e-06,2.6867098768e-07,-0.637645959854,0.00990683957934
13,0.065,1,-0.0262865554541,0.0425325408578,0.149244278669,-3.38722907145e-06,8.58838518525e-07,-0.6376542449,0.00247670989484
13,0.065,2,0.0262865554541,0.0425325408578,0.149244263768,2.66817346528e-06,2.97955898532e-06,-0.637648463249,0.00247670989484
13,0.065,3,-0.0262865554541,-0.0425325408578,0.149244278669,-3.69798817701e-06,-1.70316809545e-06,-0.637646257877,0.00247670989484
13,0.065,4,0.0262865554541,-0.0425325408578,0.149244263768,4.8065962801e-06,-6.72830674375e-06,-0.637646436691,0.00247670989484
13,0.065,5,3.69247454834e-09,-0.0262865554541,0.191776812077,1.59280386924e-06,7.53051563152e-06,-0.637648463249,0.00247670919634
13,0.065,6,-2.98151475731e-10,0.0262865554541,0.191776782274,-2.38531072227e-07,7.71757004259e-06,-0.63764834404,0.00247670919634
13,0.065,7,6.21889606478e-09,-0.0262865684927,0.10671171546,9.54450229074e-07,-1.56488191294e-08,-0.637654364109,0.00247671105899
13,0.065,8,1.11979359119e-09,0.0262865554541,0.106711708009,-2.01968219926e-09,-6.57679947835e-06,-0.637648582458,0.00247671105899
13,0.065,9,0.0425325408578,-4.32701385833e-09,0.122957713902,-1.92808920474e-06,1.34242225158e-06,-0.637651741505,0.00247670942917
13,0.065,10,0.0425325408578,-1.4382187663e-09,0.175530806184,6.43689929802e-07,9.44333066855e-07,-0.637646257877,0.00247670849785
13,0.065,11,-0.0425325408578,-8.80364137146e-09,0.122957699001,5.20961521033e-07,1.27155345808e-07,-0.637653291225,0.00247670942917
13,0.065,12,-0.0425325408578,1.06348432283e-08,0.175530806184,3.50716777575e-06,8.59234660311e-07,-0.637652397156,0.00247670849785
13,0.065,13,-0.0131432777271,0.0212662704289,0.149244248867,-8.33208446238e-07,1.33725848173e-06,-0.637646317482,0.0148602584377
13,0.065,14,1.12735765168e-09,0.0131432777271,0.170510515571,3.36849268479e-07,2.38776397055e-06,-0.637652158737,0.00990683585405
13,0.065,15,0.0131432777271,0.0212662704289,0.149244263768,-1.59921142995e-07,8.34660511373e-07,-0.637645721436,0.0128788910806
13,0.065,16,-0.0131432777271,0.0344095490873,0.170510515571,1.00307454431e-06,2.20344668378e-06,-0.637647688389,0.00396273471415
13,0.065,17,2.65745980776e-09,0.0425325408578,0.149244263768,-6.1954018804e-08,2.85284136226e-06,-0.637647688389,0.00396273471415
13,0.065,18,0.0131432777271,0.0344095490873,0.170510515571,-1.67423621633e-07,1.52093730321e-06,-0.637647986412,0.00495341839269
13,0.065,19,2.6682558385e-09,0.0131432777271,0.127977997065,1.95072561837e-06,9.44454257024e-07,-0.637648880482,0.00990684051067
13,0.065,20,-0.0131432777271,0.0344095490873,0.127977997065,-4.56844099972e-06,1.5276555132e-06,-0.637647211552,0.00396273564547
13,0.065,21,0.0131432777271,0.0344095490873,0.127977997065,3.53887253368e-06,-2.74609556072e-06,-0.637646317482,0.00495341978967
13,0.065,22,-0.0212662704289,3.52782025814e-10,0.162387534976,9.1955064363e-07,-7.50244680603e-07,-0.637645721436,0.0099068377167
13,0.065,23,-0.0344095490873,0.0212662704289,0.162387549877,-2.46743547905e-06,2.15568434214e-06,-0.637651979923,0.00396273564547
13,0.065,24,-0.0212662704289,0.0131432777271,0.183653786778,2.79751748167e-06,4.27263921665e-06,-0.637647330761,0.00594410020858
13,0.065,25,-0.0212662704289,-1.10567084377e-08,0.136100977659,-5.83050621117e-07,-1.54217241288e-06,-0.637653112411,0.00990684051067
13,0.065,26,-0.0344095490873,0.0212662704289,0.136100977659,-4.490673291e-06,-1.91918752535e-06,-0.637648999691,0.0039627365768
13,0.065,27,-0.0212662704289,0.0131432656199,0.114834718406,-3.93909249397e-06,-9.52838604462e-07,-0.637650609016,0.00594410393387
13,0.065,28,-0.0425325408578,-7.46766382065e-09,0.149244248867,-4.94963114761e-06,3.23559220305e-07,-0.637652158737,0.00594410579652
13,0.065,29,0.0212662704289,8.10154876518e-09,0.162387549877,-2.06431377592e-06,8.08390097973e-07,-0.637646079063,0.0099068377167
13,0.065,30,0.0344095490873,0.0212662704289,0.162387549877,3.54946791958e-06,5.9116941884e-06,-0.637646973133,0.00396273564547
13,0.065,31,0.0212662704289,0.0131432777271,0.18365380168,-1.87152477338e-06,4.54422252005e-06,-0.637648522854,0.00594410020858
13,0.065,32,0.0212662704289,-3.33914407236e-09,0.13610099256,6.6387718789e-07,9.5145691148e-07,-0.637651860714,0.00990684051067
13,0.065,33,0.0344095490873,0.0212662704289,0.13610099256,4.5967076403e-06,-3.67332222595e-06,-0.637657999992,0.0039627365768
13,0.065,34,0.0212662704289,0.0131432637572,0.114834710956,3.26600934386e-06,-3.28634860125e-06,-0.637645602226,0.00594410393387
13,0.065,35,0.0425325408578,-1.00563779526e-08,0.149244278669,4.61565787191e-06,-1.27015948692e-06,-0.637654900551,0.00594410579652
13,0.065,36,-0.0131432777271,-0.0212662704289,0.149244263768,-2.12374516195e-06,3.2491701063e-07,-0.637646853924,0.0148602584377
13,0.065,37,0.0131432777271,-0.0212662704289,0.149244263768,1.33473599817e-06,1.34511731176e-06,-0.637654900551,0.0128788910806
13,0.065,38,-1.14110076943e-09,-0.0131432777271,0.170510515571,-7.41936219129e-07,2.29288320952e-06,-0.637646973133,0.0118882022798
13,0.065,39,-1.01894848115e-08,-0.0425325408578,0.149244263768,-4.58126947933e-07,-6.75928868077e-06,-0.637653470039,0.00396273471415
13,0.065,40,-0.0131432777271,-0.0344095490873,0.170510545373,-3.44084355675e-06,-2.89636773232e-06,-0.637654542923,0.00396273471415
13,0.065,41,0.0131432777271,-0.0344095490873,0.170510530472,1.47221578572e-06,-5.01209296999e-06,-0.637650668621,0.00495341839269
13,0.065,42,-2.71899414095e-09,-0.0131432777271,0.127977982163,6.01433725933e-07,-3.64367951988e-06,-0.637656092644,0.0118882078677
13,0.065,43,-0.0131432777271,-0.0344095490873,0.127977982163,-1.88724209238e-06,-7.63890238886e-06,-0.637654781342,0.00396273564547
13,0.065,44,0.0131432777271,-0.0344095490873,0.127977997065,2.14578244595e-06,-6.54941823086e-06,-0.637656748295,0.00495341978967
13,0.065,45,-0.0344095490873,-0.0212662704289,0.162387549877,-4.24009431299e-06,-1.61523246334e-07,-0.637658834457,0.00396273564547
13,0.065,46,-0.0212662704289,-0.0131432777271,0.183653786778,6.19054958406e-07,3.5157261209e-06,-0.63764756918,0.0049534169957
13,0.065,47,-0.0344095490873,-0.0212662704289,0.136100977659,-6.6103939389e-06,-1.83146880772e-06,-0.63765245676,0.0039627365768
13,0.065,48,-0.0212662704289,-0.0131432842463,0.114834703505,-1.01641660422e-06,-1.90769128494e-06,-0.637652635574,0.00495341978967
13,0.065,49,0.0344095490873,-0.0212662704289,0.162387564778,9.85237147688e-06,-9.50808328071e-07,-0.637648165226,0.00396273564547
13,0.065,50,0.0212662704289,-0.0131432721391,0.18365380168,3.03460495843e-07,3.42006114806e-06,-0.637645721436,0.0049534169957
13,0.065,51,0.0344095490873,-0.0212662704289,0.13610099256,5.42169073015e-06,-2.09042605093e-06,-0.637657165527,0.0039627365768
13,0.065,52,0.0212662704289,-0.0131432870403,0.114834733307,6.5569133767e-07,-9.99957819658e-07,-0.63764756918,0.00495341978967
13,0.065,53,4.92045026945e-09,-7.56647189348e-09,0.191776782274,-3.46518731931e-07,-1.96303130906e-06,-0.637652397156,0.00396273471415
13,0.065,54,5.20555643035e-09,-6.28632079724e-09,0.10671171546,-1.28485726236e-06,-7.86067630543e-07,-0.637651383877,0.00396273750812
14,0.07,0,-3.56702978266e-09,1.12241826944e-09,0.145930930972,-1.16916646675e-06,-1.87502666904e-06,-0.686697423458,0.00990683957934
14,0.07,1,-0.0262865554541,0.0425325408578,0.145930930972,-4.47008824267e-06,1.95710026674e-06,-0.686708569527,0.00247670989484
14,0.07,2,0.0262865554541,0.0425325408578,0.145930930972,3.8770563151e-06,3.58771285391e-06,-0.686699926853,0.00247670989484
14,0.07,3,-0.0262865554541,-0.0425325408578,0.145930945873,-3.26309918819e-06,-1.85623571269e-06,-0.686700344086,0.00247670989484
14,0.07,4,0.0262865554541,-0.0425325408578,0.145930930972,3.90542027162e-06,-6.22154675511e-06,-0.686695098877,0.00247670989484
14,0.07,5,1.01989341417e-08,-0.0262865554541,0.18846347928,8.20272077817e-07,8.66231221153e-06,-0.686703562737,0.00247670919634
14,0.07,6,-2.70161804039e-09,0.0262865554541,0.188463449478,-7.38921528409e-07,7.00677810528e-06,-0.686697006226,0.00247670919634
14,0.07,7,1.03262234319e-08,-0.0262865684927,0.103398367763,5.66263679502e-07,7.14117831535e-08,-0.68670797348,0.00247671105899
14,0.07,8,7.32729821262e-10,0.0262865554541,0.103398390114,-5.42078311128e-08,-8.83343636815e-06,-0.68669462204,0.00247671105899
14,0.07,9,0.0425325408578,1.07480979672e-09,0.119644373655,-1.70347027506e-06,5.1504446219e-07,-0.686700224876,0.00247670942917
14,0.07,10,0.0425325408578,5.10304820622e-09,0.172217518091,1.62290859862e-06,1.50228333951e-06,-0.686695277691,0.00247670849785
14,0.07,11,-0.0425325408578,-5.57406476531e-09,0.119644358754,1.19972685297e-06,1.02811611669e-06,-0.68670219183,0.00247670942917
14,0.07,12,-0.0425325408578,8.10073341739e-09,0.172217473388,1.86573197425e-06,-1.90586524695e-06,-0.686701059341,0.00247670849785
14,0.07,13,-0.0131432777271,0.0212662704289,0.145930930972,-1.29534896587e-06,8.58530597725e-07,-0.686695575714,0.0148602584377
14,0.07,14,5.68811109325e-10,0.0131432777271,0.167197182775,-4.2235248543e-07,2.95985410048e-06,-0.686700224876,0.00990683585405
14,0.07,15,0.0131432777271,0.0212662704289,0.145930930972,8.56295571339e-07,1.8900775558e-06,-0.68669718504,0.0128788910806
14,0.07,16,-0.0131432777271,0.0344095490873,0.167197182775,1.19149626698e-06,2.59540411207e-06,-0.686695754528,0.00396273471415
14,0.07,17,9.99285321157e-10,0.0425325408578,0.145930930972,-4.76590429344e-07,4.49120261692e-06,-0.686699151993,0.00396273471415
14,0.07,18,0.0131432777271,0.0344095490873,0.167197197676,-2.1761957214e-07,2.93026710096e-06,-0.686694860458,0.00495341839269
14,0.07,19,7.96753951704e-09,0.0131432777271,0.124664664268,-2.44897819357e-07,3.91955666146e-07,-0.686700105667,0.00990684051067
14,0.07,20,-0.0131432823837,0.0344095490873,0.124664664268,-4.20396736445e-06,1.15229556741e-06,-0.686698555946,0.00396273564547
14,0.07,21,0.0131432777271,0.0344095490873,0.124664664268,3.92806214222e-06,-2.97033352581e-06,-0.686695694923,0.00495341978967
14,0.07,22,-0.0212662704289,-1.49347412215e-09,0.159074217081,4.12335197097e-07,6.8125196151e-08,-0.686697125435,0.0099068377167
14,0.07,23,-0.0344095490873,0.0212662704289,0.159074217081,-2.96314146908e-06,1.55592101692e-06,-0.686705052853,0.00396273564547
14,0.07,24,-0.0212662704289,0.0131432879716,0.180340453982,3.76946536562e-06,4.63640208181e-06,-0.686695992947,0.00594410020858
14,0.07,25,-0.0212662704289,-1.31030315487e-08,0.132787644863,1.43114164075e-07,8.9552679583e-07,-0.68670463562,0.00990684051067
14,0.07,26,-0.0344095490873,0.0212662704289,0.132787644863,-4.90698903377e-06,-3.07165942104e-06,-0.686700582504,0.0039627365768
14,0.07,27,-0.0212662704289,0.0131432656199,0.11152137816,-3.04301943288e-06,6.69755820581e-07,-0.686701059341,0.00594410393387
14,0.07,28,-0.0425325408578,-1.96160132582e-09,0.145930916071,-5.63869207326e-06,1.81078587502e-06,-0.686699450016,0.00594410579652
14,0.07,29,0.0212662704289,5.72243807895e-09,0.159074231982,-2.18454624701e-06,-1.59503053965e-06,-0.686696052551,0.0099068377167
14,0.07,30,0.0344095490873,0.0212662704289,0.159074217081,5.16510544912e-06,6.60251362206e-06,-0.686697363853,0.00396273564547
14,0.07,31,0.0212662704289,0.013143286109,0.180340468884,-2.00176009457e-06,4.43895078206e-06,-0.68669885397,0.00594410020858
14,0.07,32,0.0212662704289,-8.17429401945e-10,0.132787659764,7.57776547289e-07,-2.28661548363e-07,-0.686702787876,0.00990684051067
14,0.07,33,0.0344095490873,0.0212662704289,0.132787629962,5.00757005284e-06,-5.31769728696e-06,-0.686704516411,0.0039627365768
14,0.07,34,0.0212662704289,0.0131432637572,0.111521393061,4.06976641898e-06,-8.12987309473e-07,-0.686698079109,0.00594410393387
14,0.07,35,0.0425325408578,-9.55188728113e-09,0.145930945873,5.45223156223e-06,1.47310709053e-06,-0.686706900597,0.00594410579652
14,0.07,36,-0.0131432777271,-0.0212662704289,0.145930930972,-1.47596483657e-06,-4.90850823098e-07,-0.686698317528,0.0148602584377
14,0.07,37,0.0131432777271,-0.0212662704289,0.145930930972,7.9043667256e-07,1.70050168435e-06,-0.686703562737,0.0128788910806
14,0.07,38,-1.82924886349e-09,-0.0131432777271,0.167197212577,4.49186757123e-07,1.24950270219e-06,-0.686696052551,0.0118882022798
14,0.07,39,-7.51941975352e-09,-0.0425325408578,0.145930930972,1.3748742731e-06,-6.33632771496e-06,-0.686702132225,0.00396273471415
14,0.07,40,-0.0131432777271,-0.0344095490873,0.167197212577,-2.60488786807e-06,-1.98710017685e-06,-0.686706542969,0.00396273471415
14,0.07,41,0.0131432777271,-0.0344095490873,0.167197197676,5.83592793646e-07,-4.39291943621e-06,-0.686699330807,0.00495341839269
14,0.07,42,8.30878754687e-10,-0.0131432777271,0.124664649367,6.40659436613e-07,-4.05193213737e-06,-0.686701893806,0.0118882078677
14,0.07,43,-0.0131432777271,-0.0344095490873,0.124664649367,-2.1667335659e-06,-7.63622665545e-06,-0.686700642109,0.00396273564547
14,0.07,44,0.0131432777271,-0.0344095490873,0.124664664268,1.5991362261e-06,-7.89489877207e-06,-0.686705589294,0.00495341978967
14,0.07,45,-0.0344095490873,-0.0212662704289,0.159074187279,-6.32241562926e-06,-3.6285450733e-07,-0.68670386076,0.00396273564547
14,0.07,46,-0.0212662704289,-0.0131432777271,0.180340453982,-6.40526820916e-07,2.70757709586e-06,-0.686694920063,0.0049534169957
14,0.07,47,-0.0344095490873,-0.0212662704289,0.132787644863,-7.41343228583e-06,-4.97615201311e-06,-0.686705708504,0.0039627365768
14,0.07,48,-0.0212662704289,-0.0131432842463,0.111521363258,-1.49883919676e-06,-2.47462617153e-06,-0.686703145504,0.00495341978967
14,0.07,49,0.0344095490873,-0.0212662704289,0.159074231982,9.23851803236e-06,-1.72539466803e-06,-0.686699807644,0.00396273564547
14,0.07,50,0.0212662704289,-0.0131432721391,0.180340468884,-3.22989649248e-07,2.36402570408e-06,-0.686696052551,0.0049534169957
14,0.07,51,0.0344095490873,-0.0212662704289,0.132787644863,7.25190147932e-06,-3.37911933457e-06,-0.686706960201,0.0039627365768
14,0.07,52,0.0212662704289,-0.0131432870403,0.111521393061,2.30358182307e-06,4.7645286827e-08,-0.686701416969,0.00495341978967
14,0.07,53,-1.16715925813e-09,-9.87759474214e-09,0.188463449478,-1.8184499595e-06,1.62979381457e-06,-0.686699151993,0.00396273471415
14,0.07,54,-1.97410732206e-09,-5.68803182333e-09,0.103398375213,-1.15975626613e-06,9.16693750241e-07,-0.686703085899,0.00396273750812
15,0.075,0,-5.91633364522e-09,-1.06433857283e-08,0.142372339964,3.16449870752e-07,-2.25079907068e-06,-0.735747098923,0.00990683957934
15,0.075,1,-0.0262865554541,0.0425325408578,0.142372310162,-5.06706828673e-06,2.41848874794e-06,-0.735753834248,0.00247670989484
15,0.075,2,0.0262865554541,0.0425325408578,0.142372339964,3.79429502573e-06,2.36327832681e-06,-0.735748708248,0.00247670989484
15,0.075,3,-0.0262865554541,-0.0425325408578,0.142372354865,-2.76796254184e-06,-2.78974675894e-06,-0.73575502634,0.00247670989484
15,0.075,4,0.0262865554541,-0.0425325408578,0.142372354865,4.2045758164e-06,-5.8452696976e-06,-0.735746622086,0.00247670989484
15,0.075,5,1.08609619076e-08,-0.0262865554541,0.184904888272,-7.63046955399e-07,7.31308318791e-06,-0.735753953457,0.00247670919634
15,0.075,6,-6.75081857082e-09,0.0262865554541,0.184904873371,-5.2690739949e-07,6.134405794e-06,-0.735744953156,0.00247670919634
15,0.075,7,1.11326725616e-08,-0.0262865684927,0.0998397767544,-2.30533231615e-07,2.49969934885e-06,-0.735754132271,0.00247671105899
15,0.075,8,9.45030720345e-10,0.0262865554541,0.0998398140073,1.52158037281e-07,-8.42647659738e-06,-0.735748946667,0.00247671105899
15,0.075,9,0.0425325408578,-1.23161356114e-10,0.116085790098,-9.35628918342e-07,-8.93282162906e-07,-0.735749721527,0.00247670942917
15,0.075,10,0.0425325408578,1.12722142731e-08,0.168658927083,4.34115008829e-07,7.32852640795e-07,-0.735751032829,0.00247670849785
15,0.075,11,-0.0425325408578,-3.63986167595e-11,0.116085775197,1.73613602783e-06,1.13591988793e-06,-0.735751450062,0.00247670942917
15,0.075,12,-0.0425325408578,-6.50966436311e-09,0.16865888238,1.66636698395e-06,-3.51803987542e-06,-0.735749721527,0.00247670849785
15,0.075,13,-0.0131432777271,0.0212662704289,0.142372339964,-1.43397573993e-06,6.52492133213e-07,-0.735745728016,0.0148602584377
15,0.075,14,-7.1337608043e-10,0.0131432777271,0.163638591766,5.14091276216e-08,3.01328145724e-06,-0.735747337341,0.00990683585405
15,0.075,15,0.0131432777271,0.0212662704289,0.142372339964,1.61937191479e-06,2.54864085036e-06,-0.735745966434,0.0128788910806
15,0.075,16,-0.0131432777271,0.0344095490873,0.163638621569,3.83143046179e-08,5.2474470067e-06,-0.735747873783,0.00396273471415
15,0.075,17,-9.05082259139e-11,0.0425325408578,0.142372339964,-1.40163308515e-07,4.29737792729e-06,-0.735747754574,0.00396273471415
15,0.075,18,0.0131432777271,0.0344095490873,0.163638621569,4.01878509138e-07,4.01767056246e-06,-0.735749363899,0.00495341839269
15,0.075,19,3.54517026846e-10,0.0131432777271,0.121106080711,-2.25360781769e-06,-1.1644483493e-06,-0.73575001955,0.00990684051067
15,0.075,20,-0.0131432823837,0.0344095490873,0.121106080711,-3.4505194435e-06,1.66706257687e-07,-0.735750317574,0.00396273564547
15,0.075,21,0.0131432777271,0.0344095490873,0.121106080711,4.34411549577e-06,-2.47051002589e-06,-0.735746264458,0.00495341978967
15,0.075,22,-0.0212662704289,-1.17443588188e-09,0.155515626073,1.18421560558e-07,-1.08809508959e-07,-0.735746622086,0.0099068377167
15,0.075,23,-0.0344095490873,0.0212662704289,0.155515626073,-3.9779074541e-06,2.74403669209e-06,-0.735756695271,0.00396273564547
15,0.075,24,-0.0212662704289,0.0131432879716,0.176781877875,2.82179939859e-06,2.69775409834e-06,-0.735744655132,0.00594410020858
15,0.075,25,-0.0212662704289,-3.22842574896e-09,0.129229053855,5.7473846482e-07,2.42657165472e-06,-0.735756039619,0.00990684051067
15,0.075,26,-0.0344095490873,0.0212662704289,0.129229053855,-5.09702431373e-06,-4.05850914831e-06,-0.735752224922,0.0039627365768
15,0.075,27,-0.0212662704289,0.0131432656199,0.107962794602,-2.67249561148e-06,2.64916207016e-06,-0.735751390457,0.00594410393387
15,0.075,28,-0.0425325408578,7.85140130688e-09,0.142372325063,-6.00355633651e-06,1.66092434029e-06,-0.735748112202,0.00594410579652
15,0.075,29,0.0212662704289,-4.66646676855e-09,0.155515640974,-1.73779005763e-06,-2.03695822165e-06,-0.735747694969,0.0099068377167
15,0.075,30,0.0344095490873,0.0212662704289,0.155515626073,5.30817806066e-06,6.40145344732e-06,-0.735749006271,0.00396273564547
15,0.075,31,0.0212662704289,0.013143286109,0.176781877875,-2.83748568108e-06,4.21179038312e-06,-0.735747516155,0.00594410020858
15,0.075,32,0.0212662704289,-4.30583035893e-09,0.129229068756,6.36620086425e-07,-8.29750888443e-07,-0.735753118992,0.00990684051067
15,0.075,33,0.0344095490873,0.0212662704289,0.129229038954,5.32173453394e-06,-6.04332535659e-06,-0.735749185085,0.0039627365768
15,0.075,34,0.0212662704289,0.0131432637572,0.107962809503,4.19695606979e-06,1.46315380789e-06,-0.735751628876,0.00594410393387
15,0.075,35,0.0425325408578,1.75639502942e-09,0.142372339964,5.33051115781e-06,2.4961661893e-06,-0.735756099224,0.00594410579652
15,0.075,36,-0.0131432777271,-0.0212662704289,0.142372339964,-8.77321042481e-07,-7.99159295184e-07,-0.735748648643,0.0148602584377
15,0.075,37,0.0131432777271,-0.0212662704289,0.142372339964,5.5207914329e-07,1.98664929485e-06,-0.735752165318,0.0128788910806
15,0.075,38,5.11837627837e-10,-0.0131432777271,0.163638621569,2.99320163322e-07,9.23489409388e-08,-0.735749959946,0.0118882022798
15,0.075,39,3.62353314021e-10,-0.0425325408578,0.142372339964,1.58121224558e-06,-6.6164884629e-06,-0.735751450062,0.00396273471415
15,0.075,40,-0.0131432777271,-0.0344095490873,0.163638591766,-1.92929155673e-06,-6.21474214313e-07,-0.735756337643,0.00396273471415
15,0.075,41,0.0131432777271,-0.0344095490873,0.163638606668,-1.45257132544e-07,-2.94606752504e-06,-0.735747992992,0.00495341839269
15,0.075,42,1.92422167089e-09,-0.0131432851776,0.12110606581,-2.99494530509e-07,-4.4333128244e-06,-0.735750436783,0.0118882078677
15,0.075,43,-0.0131432777271,-0.0344095490873,0.12110606581,-1.87603086488e-06,-7.4447480074e-06,-0.735748231411,0.00396273564547
15,0.075,44,0.0131432777271,-0.0344095490873,0.121106080711,1.15179852855e-06,-9.62518788583e-06,-0.735756158829,0.00495341978967
15,0.075,45,-0.0344095490873,-0.0212662704289,0.155515596271,-7.3404730756e-06,4.97943744904e-07,-0.735746562481,0.00396273564547
15,0.075,46,-0.0212662704289,-0.0131432777271,0.176781892776,-2.42460419031e-06,2.88517776426e-06,-0.735747754574,0.0049534169957
15,0.075,47,-0.0344095490873,-0.0212662704289,0.129229038954,-7.87462067819e-06,-6.70432154948e-06,-0.735756993294,0.0039627365768
15,0.075,48,-0.0212662704289,-0.0131432842463,0.107962779701,-8.06202649528e-07,-2.83311146632e-06,-0.735752046108,0.00495341978967
15,0.075,49,0.0344095490873,-0.0212662704289,0.155515640974,8.80440165929e-06,-2.00103769998e-07,-0.735751450062,0.00396273564547
15,0.075,50,0.0212662704289,-0.0131432721391,0.176781892776,2.00985894594e-08,8.34896184188e-07,-0.735746204853,0.0049534169957
15,0.075,51,0.0344095490873,-0.0212662704289,0.129229053855,8.96919937077e-06,-4.65051107312e-06,-0.735755443573,0.0039627365768
15,0.075,52,0.0212662704289,-0.0131432870403,0.107962809503,3.30622219735e-06,1.02968056126e-06,-0.735755383968,0.00495341978967
15,0.075,53,-9.74539648979e-09,9.54346557336e-09,0.184904888272,-1.21751827464e-06,5.24418601344e-06,-0.735743284225,0.00396273471415
15,0.075,54,-3.64829966237e-09,-2.77491946088e-10,0.0998397916555,6.01583906246e-07,8.63648324412e-07,-0.735753893852,0.00396273750812
16,0.08,0,-8.1159950982e-10,-1.61311159985e-08,0.138568505645,1.41053897096e-06,4.74707974263e-07,-0.784796476364,0.00990683957934
16,0.08,1,-0.0262865554541,0.0425325408578,0.138568475842,-4.93653578815e-06,2.89876788884e-06,-0.784796535969,0.00247670989484
16,0.08,2,0.0262865554541,0.0425325408578,0.138568505645,3.69263671018e-06,1.11839085548e-06,-0.784797370434,0.00247670989484
16,0.08,3,-0.0262865554541,-0.0425325408578,0.138568490744,-2.98047621072e-06,-3.51777998731e-06,-0.784808337688,0.00247670989484
16,0.08,4,0.0262865554541,-0.0425325408578,0.138568520546,5.12631959282e-06,-5.45497277926e-06,-0.784798383713,0.00247670989484
16,0.08,5,1.80354775559e-09,-0.0262865554541,0.181101039052,-2.50963080362e-06,8.75894329511e-06,-0.784807503223,0.00247670919634
16,0.08,6,-5.74971181777e-09,0.0262865554541,0.181101039052,8.40666643853e-07,6.61781587041e-06,-0.784795761108,0.00247670919634
16,0.08,7,7.6471140531e-09,-0.0262865684927,0.0960359498858,-1.29099555579e-06,4.97403880217e-06,-0.784800887108,0.00247671105899
16,0.08,8,1.92523419429e-09,0.0262865554541,0.0960359871387,3.34140338509e-07,-7.50328263166e-06,-0.784803569317,0.00247671105899
16,0.08,9,0.0425325408578,-6.82814693675e-09,0.112281963229,-5.8262486391e-07,-1.7086955495e-06,-0.784800410271,0.00247670942917
16,0.08,10,0.0425325408578,1.15391154409e-08,0.164855092764,-1.16193496069e-06,-6.23854759851e-07,-0.784807324409,0.00247670849785
16,0.08,11,-0.0425325408578,4.438694301e-09,0.112281948328,1.74620799953e-06,5.69809458284e-07,-0.78480142355,0.00247670942917
16,0.08,12,-0.0425325408578,-2.01521288545e-08,0.16485504806,2.56889643424e-06,-1.09991697173e-06,-0.784798383713,0.00247670849785
16,0.08,13,-0.0131432777271,0.0212662704289,0.138568520546,-1.18178422781e-06,6.26642474799e-07,-0.784794509411,0.0148602584377
16,0.08,14,5.08366126972e-10,0.0131432777271,0.159834772348,3.8320308704e-07,2.11562928598e-06,-0.784794569016,0.00990683585405
16,0.08,15,0.0131432777271,0.0212662704289,0.138568505645,1.62544267823e-06,1.69990050836e-06,-0.78479462862,0.0128788910806
16,0.08,16,-0.0131432777271,0.0344095490873,0.15983478725,-1.05818503471e-06,6.40212283542e-06,-0.784802377224,0.00396273471415
16,0.08,17,-7.47623296604e-10,0.0425325408578,0.138568505645,-9.71675930828e-08,3.71075452676e-06,-0.784796059132,0.00396273471415
16,0.08,18,0.0131432777271,0.0344095490873,0.15983478725,3.99121802275e-07,4.80156541016e-06,-0.784803986549,0.00495341839269
16,0.08,19,-8.42718250738e-09,0.0131432777271,0.117302253842,-7.14317138772e-07,-3.40601491189e-06,-0.784798920155,0.00990684051067
16,0.08,20,-0.0131432823837,0.0344095490873,0.117302253842,-2.59114472101e-06,9.91688793306e-08,-0.784802079201,0.00396273564547
16,0.08,21,0.0131432777271,0.0344095490873,0.117302253842,4.47134561909e-06,-2.61933132606e-06,-0.784796953201,0.00495341978967
16,0.08,22,-0.0212662704289,-1.24650312294e-09,0.151711791754,1.07189059406e-07,1.1510811504e-07,-0.784795284271,0.0099068377167
16,0.08,23,-0.0344095490873,0.0212662704289,0.151711776853,-4.42533428213e-06,3.82419329981e-06,-0.784804403782,0.00396273564547
16,0.08,24,-0.0212662704289,0.0131432879716,0.172978043556,1.86217016562e-06,1.03094208725e-07,-0.78479629755,0.00594410020858
16,0.08,25,-0.0212662704289,5.00631891498e-09,0.125425204635,8.42710107918e-07,5.17600369676e-07,-0.784806489944,0.00990684051067
16,0.08,26,-0.0344095490873,0.0212662704289,0.125425219536,-6.42152645014e-06,-3.23895733345e-06,-0.784804344177,0.0039627365768
16,0.08,27,-0.0212662704289,0.013143280521,0.104158967733,-3.18575803249e-06,5.27019028596e-06,-0.78480309248,0.00594410393387
16,0.08,28,-0.0425325408578,1.04179873617e-08,0.138568490744,-6.12045869275e-06,-1.06286859136e-06,-0.784796774387,0.00594410579652
16,0.08,29,0.0212662704289,-8.931987594e-09,0.151711806655,-8.83087182046e-07,6.16426291344e-07,-0.784799337387,0.0099068377167
16,0.08,30,0.0344095490873,0.0212662704289,0.151711791754,4.69738961328e-06,5.98449742029e-06,-0.784800648689,0.00396273564547
16,0.08,31,0.0212662704289,0.013143286109,0.172978043556,-5.17843136549e-06,2.94044252769e-06,-0.784796178341,0.00594410020858
16,0.08,32,0.0212662704289,-6.77473321886e-09,0.125425234437,-3.83956944461e-07,-2.59560522409e-07,-0.784804999828,0.00990684051067
16,0.08,33,0.0344095490873,0.0212662704289,0.125425204635,5.61898514206e-06,-5.66473681829e-06,-0.784794867039,0.0039627365768
16,0.08,34,0.0212662704289,0.0131432637572,0.104158982635,3.10954260385e-06,3.31314436153e-06,-0.78480386734,0.00594410393387
16,0.08,35,0.0425325408578,1.01617967374e-08,0.138568505645,5.27736483491e-06,4.93981247018e-07,-0.784801781178,0.00594410579652
16,0.08,36,-0.0131432777271,-0.0212662704289,0.138568505645,-1.0760280702e-06,-6.39668257918e-07,-0.784800231457,0.0148602584377
16,0.08,37,0.0131432777271,-0.0212662704289,0.138568505645,9.46562124682e-07,1.06149684598e-06,-0.784800708294,0.0128788910806
16,0.08,38,-3.20614645943e-10,-0.0131432777271,0.15983478725,-5.77723085371e-07,5.11287566951e-07,-0.784799337387,0.0118882022798
16,0.08,39,6.32473806661e-09,-0.0425325408578,0.138568505645,6.3734574951e-07,-7.37703476261e-06,-0.784802854061,0.00396273471415
16,0.08,40,-0.0131432777271,-0.0344095490873,0.159834757447,-1.69159034158e-06,-6.21513720489e-07,-0.784800291061,0.00396273471415
16,0.08,41,0.0131432777271,-0.0344095490873,0.159834772348,-6.60170087485e-08,-1.37191159411e-06,-0.784796655178,0.00495341839269
16,0.08,42,-1.9175208088e-09,-0.0131432851776,0.117302238941,-8.2551326841e-07,-3.43788974533e-06,-0.784799516201,0.0118882078677
16,0.08,43,-0.0131432777271,-0.0344095490873,0.117302238941,-1.77152071501e-06,-8.05398394732e-06,-0.784795939922,0.00396273564547
16,0.08,44,0.0131432777271,-0.0344095490873,0.117302238941,1.36568257858e-06,-1.14889144243e-05,-0.784806728363,0.00495341978967
16,0.08,45,-0.0344095490873,-0.0212662704289,0.151711806655,-7.70352835389e-06,1.66465588336e-06,-0.784793436527,0.00396273564547
16,0.08,46,-0.0212662704289,-0.0131432777271,0.172978058457,-1.9372882889e-06,3.78374079446e-06,-0.784801542759,0.0049534169957
16,0.08,47,-0.0344095490873,-0.0212662704289,0.125425204635,-7.08136667527e-06,-6.23402820565e-06,-0.784804999828,0.0039627365768
16,0.08,48,-0.0212662704289,-0.0131432842463,0.104158952832,-1.66444223737e-07,-2.34687604461e-06,-0.784801244736,0.00495341978967
16,0.08,49,0.0344095490873,-0.0212662704289,0.151711806655,8.75335626915e-06,2.29671741181e-06,-0.78480309248,0.00396273564547
16,0.08,50,0.0212662704289,-0.0131432721391,0.172978058457,-1.41438920309e-06,-1.67800280337e-07,-0.784796178341,0.0049534169957
16,0.08,51,0.0344095490873,-0.0212662704289,0.125425219536,1.00866873254e-05,-5.77953142056e-06,-0.784804046154,0.0039627365768
16,0.08,52,0.0212662704289,-0.0131432870403,0.104158945382,3.8365446926e-06,2.24932705351e-06,-0.784806549549,0.00495341978967
16,0.08,53,-8.92117935081e-09,3.04188567668e-08,0.181101068854,1.43402075992e-06,1.9340916424e-06,-0.784802317619,0.00396273471415
16,0.08,54,3.15140202822e-09,7.73986208458e-10,0.096035964787,1.73883643129e-06,-3.07045752379e-07,-0.784802556038,0.00396273750812
17,0.085,0,3.95032140332e-09,-5.34005994979e-09,0.134519428015,3.68550786334e-07,3.31903652295e-06,-0.833845198154,0.00990683957934
17,0.085,1,-0.0262865554541,0.0425325408578,0.134519442916,-4.80416611026e-06,3.56430973625e-06,-0.833842098713,0.00247670989484
17,0.085,2,0.0262865554541,0.0425325408578,0.134519428015,3.42673797604e-06,1.2699230183e-06,-0.833846032619,0.00247670989484
17,0.085,3,-0.0262865554541,-0.0425325408578,0.134519383311,-3.06617357637e-06,-2.08679716707e-06,-0.833852112293,0.00247670989484
17,0.085,4,0.0262865554541,-0.0425325408578,0.134519442916,5.66597236684e-06,-4.28050179835e-06,-0.833850979805,0.00247670989484
17,0.085,5,-1.07072635203e-08,-0.0262865554541,0.177051946521,-2.21977643378e-06,8.59727879288e-06,-0.833850562572,0.00247670919634
17,0.085,6,2.79832601535e-10,0.0262865778059,0.177051991224,1.29242164348e-06,8.75760633789e-06,-0.833845436573,0.00247670919634
17,0.085,7,-1.73949477045e-09,-0.0262865684927,0.0919868648052,-2.13702355722e-06,7.56921235734e-06,-0.833849549294,0.00247671105899
17,0.085,8,6.34676355915e-09,0.0262865554541,0.0919868797064,1.34095535032e-06,-6.16850866209e-06,-0.833856880665,0.00247671105899
17,0.085,9,0.0425325408578,-1.36619648927e-08,0.108232878149,-1.2207430018e-06,-5.06066385242e-07,-0.833850800991,0.00247670942917
17,0.085,10,0.0425325408578,5.88931969858e-09,0.16080597043,2.4681955324e-07,-1.42215719734e-06,-0.833855688572,0.00247670849785
17,0.085,11,-0.0425325408578,6.15791106995e-09,0.108232863247,1.23812833408e-06,2.11756272961e-07,-0.833853006363,0.00247670942917
17,0.085,12,-0.0425325408578,-1.27049508691e-08,0.16080597043,2.66088068201e-06,3.83433371098e-06,-0.833847045898,0.00247670849785
17,0.085,13,-0.0131432777271,0.0212662704289,0.134519442916,-4.27713160889e-07,-5.47377624116e-07,-0.833846390247,0.0148602584377
17,0.085,14,2.10044737159e-09,0.0131432777271,0.15578570962,1.1639500741e-07,1.59149647061e-06,-0.833846330643,0.00990683585405
17,0.085,15,0.0131432777271,0.0212662704289,0.134519442916,6.08867935625e-07,4.4758490958e-07,-0.833845496178,0.0128788910806
17,0.085,16,-0.0131432777271,0.0344095490873,0.15578570962,-1.76026514964e-06,8.71396605362e-06,-0.833854734898,0.00396273471415
17,0.085,17,-9.23272791553e-10,0.0425325408578,0.134519428015,5.53025287786e-08,3.17965373142e-06,-0.833844125271,0.00396273471415
17,0.085,18,0.0131432777271,0.0344095490873,0.15578570962,5.32595151981e-07,6.46617172606e-06,-0.833856225014,0.00495341839269
17,0.085,19,-4.63433691422e-09,0.0131432777271,0.113253168762,1.91211665879e-06,-4.07076595366e-06,-0.833847522736,0.00990684051067
17,0.085,20,-0.0131432823837,0.0344095490873,0.113253168762,-8.66645450515e-07,1.73997068487e-06,-0.833850800991,0.00396273564547
17,0.085,21,0.0131432777271,0.0344095490873,0.113253168762,4.21438471676e-06,-4.62988828076e-06,-0.833846211433,0.00495341978967
17,0.085,22,-0.0212662704289,-7.16110504229e-10,0.147662714124,6.85537145273e-07,1.61803271226e-07,-0.833845555782,0.0099068377167
17,0.085,23,-0.0344095490873,0.0212662704289,0.147662699223,-6.64973504172e-06,4.36503432866e-06,-0.833850085735,0.00396273564547
17,0.085,24,-0.0212662704289,0.0131432879716,0.168928965926,6.75036986308e-08,-2.2450672077e-06,-0.833845555782,0.00594410020858
17,0.085,25,-0.0212662704289,3.60521434928e-09,0.121376127005,1.23088352666e-06,-7.95214987193e-07,-0.833852469921,0.00990684051067
17,0.085,26,-0.0344095490873,0.0212662704289,0.121376141906,-7.18957699064e-06,-1.86099305211e-06,-0.833854138851,0.0039627365768
17,0.085,27,-0.0212662704289,0.0131432991475,0.100109867752,-3.62627565664e-06,2.37108974943e-06,-0.833856999874,0.00594410393387
17,0.085,28,-0.0425325408578,-3.28530935789e-09,0.134519413114,-5.09562914885e-06,-3.79440461984e-06,-0.833846271038,0.00594410579652
17,0.085,29,0.0212662704289,4.20924232969e-12,0.147662729025,-1.32642196604e-06,2.46107333624e-06,-0.83385103941,0.0099068377167
17,0.085,30,0.0344095490873,0.0212662704289,0.147662714124,5.36756579095e-06,7.31720683689e-06,-0.83384925127,0.00396273564547
17,0.085,31,0.0212662704289,0.013143286109,0.168928980827,-4.84887232233e-06,1.51834683493e-06,-0.833844363689,0.00594410020858
17,0.085,32,0.0212662704289,-6.84068046652e-09,0.121376134455,-1.22478070352e-06,2.50241413369e-07,-0.833856582642,0.00990684051067
17,0.085,33,0.0344095490873,0.0212662704289,0.121376164258,5.77188393436e-06,-5.80696632824e-06,-0.833845436573,0.0039627365768
17,0.085,34,0.0212662704289,0.0131432740018,0.100109897554,2.53408711615e-06,5.04556055603e-06,-0.833855688572,0.00594410393387
17,0.085,35,0.0425325408578,4.11603151562e-09,0.134519428015,5.14390603712e-06,-2.85706300929e-06,-0.833849430084,0.00594410579652
17,0.085,36,-0.0131432777271,-0.0212662704289,0.134519428015,-1.94157087208e-06,-2.69652502993e-07,-0.833851575851,0.0148602584377
17,0.085,37,0.0131432777271,-0.0212662704289,0.134519428015,1.47008040585e-06,9.36438553367e-08,-0.83384937048,0.0128788910806
17,0.085,38,-3.6067033804e-09,-0.0131432777271,0.15578570962,-4.01760587465e-07,1.77616834662e-06,-0.833848953247,0.0118882022798
17,0.085,39,5.91098903158e-09,-0.0425325408578,0.134519428015,-7.1883715691e-07,-7.39078586776e-06,-0.833854496479,0.00396273471415
17,0.085,40,-0.0131432777271,-0.0344095490873,0.155785679817,-3.59924433724e-06,-2.31896910918e-06,-0.833848774433,0.00396273471415
17,0.085,41,0.0131432777271,-0.0344095490873,0.155785694718,6.71059922297e-07,-2.15867956399e-07,-0.833845317364,0.00495341839269
17,0.085,42,-3.77006603713e-09,-0.0131432851776,0.113253153861,7.35061576052e-08,-2.91297146759e-06,-0.833850204945,0.0118882078677
17,0.085,43,-0.0131432777271,-0.0344095490873,0.113253153861,-8.24636913421e-07,-8.41368000692e-06,-0.833845317364,0.00396273564547
17,0.085,44,0.0131432777271,-0.0344095490873,0.113253153861,1.92780089492e-06,-1.21920329548e-05,-0.833854436874,0.00495341978967
17,0.085,45,-0.0344095490873,-0.0212662704289,0.147662729025,-5.96112431595e-06,1.41522048125e-06,-0.833850562572,0.00396273564547
17,0.085,46,-0.0212662704289,-0.0131432637572,0.168928980827,-1.48519006871e-06,4.19955631514e-06,-0.833853185177,0.0049534169957
17,0.085,47,-0.0344095490873,-0.0212662704289,0.121376127005,-6.20011587671e-06,-4.50525521956e-06,-0.833850860596,0.0039627365768
17,0.085,48,-0.0212662704289,-0.0131432842463,0.100109867752,4.95915685406e-07,1.75968438043e-07,-0.833852112293,0.00495341978967
17,0.085,49,0.0344095490873,-0.0212662704289,0.147662729025,8.2767510321e-06,3.93184927816e-06,-0.83385682106,0.00396273564547
17,0.085,50,0.0212662704289,-0.0131432721391,0.168928980827,-2.68060875896e-06,-9.91691081254e-07,-0.833846747875,0.0049534169957
17,0.085,51,0.0344095490873,-0.0212662704289,0.121376141906,9.34534000407e-06,-6.52122662359e-06,-0.83385270834,0.0039627365768
17,0.085,52,0.0212662704289,-0.0131432870403,0.100109860301,3.16469186146e-06,4.20796322942e-06,-0.833852231503,0.00495341978967
17,0.085,53,1.42296541217e-09,2.19966249659e-08,0.177051976323,2.18971717914e-06,-4.57105261376e-06,-0.833858788013,0.00396273471415
17,0.085,54,8.47961079131e-09,-9.43862210612e-10,0.0919868797064,1.42984333706e-07,-2.7352407983e-07,-0.833851218224,0.00396273750812
18,0.09,0,3.65291286109e-09,9.40020239426e-09,0.130225107074,-4.79239531614e-07,1.81791733667e-06,-0.88289386034,0.00990683957934
18,0.09,1,-0.0262865554541,0.0425325408578,0.130225151777,-4.67608288091e-06,4.22393713961e-06,-0.882898032665,0.00247670989484
18,0.09,2,0.0262865554541,0.0425325408578,0.130225107074,3.7304300804e-06,2.90395041702e-06,-0.882894635201,0.00247670989484
18,0.09,3,-0.0262865554541,-0.0425325408578,0.13022506237,-3.74854494112e-06,-7.74023419581e-07,-0.882895350456,0.00247670989484
18,0.09,4,0.0262865554541,-0.0425325408578,0.130225121975,5.65063010072e-06,-4.55525514553e-06,-0.882905304432,0.00247670989484
18,0.09,5,-1.77873591412e-08,-0.0262865554541,0.17275762558,-5.23788060036e-07,5.3346061577e-06,-0.882893264294,0.00247670919634
18,0.09,6,5.74231284745e-09,0.0262865778059,0.172757670283,8.34170634789e-07,4.22759285357e-06,-0.882903039455,0.00247670919634
18,0.09,7,-9.90686377378e-09,-0.0262865442783,0.0876925364137,-7.30177646346e-07,9.21513765206e-06,-0.882898330688,0.00247671105899
18,0.09,8,1.1959843782e-08,0.0262865554541,0.0876925438643,4.87013380734e-07,-6.41782889943e-06,-0.882902801037,0.00247671105899
18,0.09,9,0.0425325408578,-8.27599766495e-09,0.103938549757,-1.0326747315e-06,2.74954618362e-06,-0.882902443409,0.00247670942917
18,0.09,10,0.0425325408578,-2.82281731323e-09,0.156511649489,1.99372743737e-06,-1.93323535314e-06,-0.882901370525,0.00247670849785
18,0.09,11,-0.0425325408578,7.27852222937e-09,0.103938534856,2.57785814028e-06,2.1026603747e-07,-0.882904648781,0.00247670942917
18,0.09,12,-0.0425325408578,1.31059234576e-08,0.156511649489,2.22153903451e-06,5.63182584301e-06,-0.882895708084,0.00247670849785
18,0.09,13,-0.0131432777271,0.0212662704289,0.130225121975,-3.51921102038e-07,-1.64750076692e-06,-0.882898509502,0.0148602584377
18,0.09,14,1.13038856053e-09,0.0131432777271,0.151491388679,-5.18299543728e-07,3.41819941241e-06,-0.882897973061,0.00990683585405
18,0.09,15,0.0131432777271,0.0212662704289,0.130225121975,1.52990693891e-07,-8.86714190074e-07,-0.882897615433,0.0128788910806
18,0.09,16,-0.0131432777271,0.0344095490873,0.151491388679,-5.91908928982e-07,9.41509733821e-06,-0.88290387392,0.00396273471415
18,0.09,17,-1.16539711215e-09,0.0425325408578,0.130225121975,-1.67571116094e-07,3.3307828744e-06,-0.882895767689,0.00396273471415
18,0.09,18,0.0131432777271,0.0344095490873,0.151491373777,2.02571811769e-07,7.51616971684e-06,-0.882903456688,0.00495341839269
18,0.09,19,4.08965439291e-09,0.0131432777271,0.10895884037,1.21954872156e-06,-2.97370593216e-06,-0.88289898634,0.00990684051067
18,0.09,20,-0.0131432823837,0.0344095490873,0.10895884037,1.02172043626e-06,2.21497566599e-06,-0.882898628712,0.00396273564547
18,0.09,21,0.0131432777271,0.0344095490873,0.10895884037,3.06006427309e-06,-5.05078696733e-06,-0.882895231247,0.00495341978967
18,0.09,22,-0.0212662704289,-2.80196893465e-10,0.143368393183,1.28218982809e-06,-9.83613475114e-08,-0.8828971982,0.0099068377167
18,0.09,23,-0.0344095490873,0.0212662704289,0.143368378282,-9.18367459235e-06,2.96832945423e-06,-0.882895767689,0.00396273564547
18,0.09,24,-0.0212662704289,0.0131432879716,0.164634644985,-9.42724568631e-07,-3.03449201056e-06,-0.882896363735,0.00594410020858
18,0.09,25,-0.0212662704289,8.84616269126e-10,0.117081798613,2.18871082325e-06,-1.47934272832e-07,-0.882901132107,0.00990684051067
18,0.09,26,-0.0344095490873,0.0212662704289,0.117081813514,-5.42854013474e-06,-1.67561859143e-06,-0.882903039455,0.0039627365768
18,0.09,27,-0.0212662704289,0.0131432991475,0.0958155244589,-2.26631232181e-06,-1.98769475901e-06,-0.882903277874,0.00594410393387
18,0.09,28,-0.0425325408578,-2.06657819746e-08,0.130225092173,-3.99530745199e-06,-2.49134564001e-06,-0.882895946503,0.00594410579652
18,0.09,29,0.0212662704289,9.61423207713e-09,0.143368408084,-2.51071082857e-06,8.15877172045e-07,-0.882902681828,0.0099068377167
18,0.09,30,0.0344095490873,0.0212662704289,0.143368393183,7.15607393431e-06,8.4946914285e-06,-0.882897615433,0.00396273564547
18,0.09,31,0.0212662704289,0.013143286109,0.164634659886,-2.97853284792e-06,1.32831701194e-06,-0.882896006107,0.00594410020858
18,0.09,32,0.0212662704289,-2.19161711001e-09,0.117081806064,-1.78295670139e-06,1.77561275905e-06,-0.882904231548,0.00990684051067
18,0.09,33,0.0344095490873,0.0212662704289,0.117081835866,5.9498288465e-06,-6.84050201016e-06,-0.882899224758,0.0039627365768
18,0.09,34,0.0212662704289,0.0131432907656,0.09581553936,3.34498645316e-06,3.05992193717e-06,-0.882904589176,0.00594410393387
18,0.09,35,0.0425325408578,-1.12150067011e-08,0.130225107074,3.8366561057e-06,-2.44956640927e-06,-0.882900357246,0.00594410579652
18,0.09,36,-0.0131432777271,-0.0212662704289,0.130225107074,-2.25970256906e-06,7.23227685739e-07,-0.882902383804,0.0148602584377
18,0.09,37,0.0131432777271,-0.0212662704289,0.130225107074,7.12507528533e-07,1.03443130683e-06,-0.882899045944,0.0128788910806
18,0.09,38,-2.25137086751e-09,-0.0131432777271,0.151491388679,8.93606681984e-07,2.04303592e-06,-0.882903516293,0.0118882022798
18,0.09,39,7.56994023021e-10,-0.0425325408578,0.130225107074,-1.13524777134e-06,-7.21582455299e-06,-0.882906079292,0.00396273471415
18,0.09,40,-0.0131432954222,-0.0344095490873,0.151491358876,-4.24961899625e-06,-3.01823047266e-06,-0.882897436619,0.00396273471415
18,0.09,41,0.0131432777271,-0.0344095490873,0.151491373777,7.61025944485e-07,1.24133634927e-06,-0.882893979549,0.00495341839269
18,0.09,42,-1.32723820823e-09,-0.0131432851776,0.108958825469,8.20071477392e-07,-1.71761996626e-06,-0.882899343967,0.0118882078677
18,0.09,43,-0.0131432777271,-0.0344095490873,0.108958825469,1.02954338388e-07,-8.71154043125e-06,-0.882894635201,0.00396273564547
18,0.09,44,0.0131432777271,-0.0344095490873,0.108958825469,2.46046670327e-06,-1.19097630886e-05,-0.88290220499,0.00495341978967
18,0.09,45,-0.0344095490873,-0.0212662704289,0.143368408084,-4.44502575192e-06,8.55501866681e-07,-0.882905483246,0.00396273564547
18,0.09,46,-0.0212662704289,-0.0131432637572,0.164634659886,-3.56120358447e-06,2.07395669349e-06,-0.882904827595,0.0049534169957
18,0.09,47,-0.0344095490873,-0.0212662704289,0.117081798613,-5.71000964555e-06,-4.3138552428e-06,-0.882898509502,0.0039627365768
18,0.09,48,-0.0212662704289,-0.0131432842463,0.09581553936,6.1539520857e-07,3.0414273624e-06,-0.882903635502,0.00495341978967
18,0.09,49,0.0344095490873,-0.0212662704289,0.143368378282,7.95518099039e-06,4.40062876805e-06,-0.882903397083,0.00396273564547
18,0.09,50,0.0212662704289,-0.0131432721391,0.164634659886,-1.6999381387e-06,-2.69815132015e-06,-0.882898390293,0.0049534169957
18,0.09,51,0.0344095490873,-0.0212662704289,0.117081813514,8.69233190315e-06,-8.10448182165e-06,-0.882902979851,0.0039627365768
18,0.09,52,0.0212662704289,-0.0131432693452,0.0958155319095,2.08595292861e-06,3.7938314108e-06,-0.882900834084,0.00495341978967
18,0.09,53,8.05181787911e-09,-3.13269188368e-09,0.17275762558,2.29116224659e-07,-4.25390680903e-06,-0.882900178432,0.00396273471415
18,0.09,54,5.41398215148e-09,2.20695878239e-10,0.0876925513148,-1.49767197399e-06,7.86577061263e-07,-0.882901191711,0.00396273750812
19,0.095,0,-3.43873152175e-10,8.61971560795e-09,0.125685542822,-8.93251524303e-07,-1.82290148132e-06,-0.931947410107,0.00990683957934
19,0.095,1,-0.0262865554541,0.0425325408578,0.125685572624,-4.61862873635e-06,4.76581180919e-06,-0.931955575943,0.00247670989484
19,0.095,2,0.0262865554541,0.0425325408578,0.125685542822,4.04526826969e-06,4.7140292736e-06,-0.931943774223,0.00247670989484
19,0.095,3,-0.0262865554541,-0.0425325408578,0.125685527921,-5.07188678966e-06,-9.75430793915e-07,-0.931943953037,0.00247670989484
19,0.095,4,0.0262865554541,-0.0425325408578,0.12568551302,4.62547950519e-06,-4.59678994957e-06,-0.931954622269,0.00247670989484
19,0.095,5,-1.62489310895e-08,-0.0262865554541,0.16821809113,8.12947007489e-07,3.78426375391e-06,-0.931946754456,0.00247670919634
19,0.095,6,7.56987272865e-09,0.0262865778059,0.168218061328,-1.22361441868e-07,-7.60403963795e-07,-0.931955635548,0.00247670919634
19,0.095,7,-7.82646658593e-09,-0.0262865442783,0.0831529647112,1.29149566419e-06,6.73989597999e-06,-0.93194848299,0.00247671105899
19,0.095,8,9.71494529267e-09,0.0262865554541,0.0831529721618,-1.38001360028e-06,-6.2378653638e-06,-0.93194848299,0.00247671105899
19,0.095,9,0.0425325408578,1.02931858592e-08,0.0993989780545,-1.10054406832e-06,4.05213359045e-06,-0.931954085827,0.00247670942917
19,0.095,10,0.0425325408578,-1.06388116095e-08,0.151972070336,3.7067836729e-06,-9.90548642221e-07,-0.931947052479,0.00247670849785
19,0.095,11,-0.0425325408578,8.35009306144e-09,0.0993989482522,3.53159589395e-06,2.02615410672e-07,-0.931955993176,0.00247670942917
19,0.095,12,-0.0425325408578,3.38060175409e-08,0.151972070336,1.78653033345e-06,1.80507106506e-06,-0.93194437027,0.00247670849785
19,0.095,13,-0.0131432777271,0.0212662704289,0.125685542822,-8.73491444509e-07,-2.21758796215e-06,-0.931951165199,0.0148602584377
19,0.095,14,-1.94558058553e-09,0.0131432898343,0.146951809525,-5.08799701038e-07,4.08238747696e-06,-0.93194848299,0.00990683585405
19,0.095,15,0.0131432777271,0.0212662704289,0.125685542822,3.00307988255e-07,-1.24967255033e-06,-0.931949257851,0.0128788910806
19,0.095,16,-0.0131432777271,0.0344095490873,0.146951809525,5.43568958733e-08,1.09913316919e-05,-0.931952536106,0.00396273471415
19,0.095,17,-2.20682649932e-09,0.0425325408578,0.125685542822,-2.30238001109e-07,3.71199189431e-06,-0.931948423386,0.00396273471415
19,0.095,18,0.0131432777271,0.0344095490873,0.146951794624,3.82584602221e-07,9.33076353249e-06,-0.931949555874,0.00495341839269
19,0.095,19,4.32349178681e-09,0.0131432777271,0.104419268668,-1.08349490802e-06,-2.28909607358e-06,-0.931950628757,0.00990684051067
19,0.095,20,-0.0131432823837,0.0344095490873,0.104419268668,2.81061761598e-06,1.88147384961e-06,-0.931946456432,0.00396273564547
19,0.095,21,0.0131432777271,0.0344095490873,0.104419268668,2.0539957859e-06,-4.88175965074e-06,-0.931944131851,0.00495341978967
19,0.095,22,-0.0212662704289,-2.14489581651e-09,0.13882881403,1.45753551806e-06,-3.58753879937e-07,-0.931948244572,0.0099068377167
19,0.095,23,-0.0344095490873,0.0212662704289,0.13882881403,-1.11908957479e-05,1.44107059441e-06,-0.931943356991,0.00396273564547
19,0.095,24,-0.0212662704289,0.0131432879716,0.160095065832,-1.50162748014e-06,-4.00593717131e-06,-0.931945025921,0.00594410020858
19,0.095,25,-0.0212662704289,2.57030108308e-09,0.112542226911,3.88350781577e-06,6.56749989503e-07,-0.931949555874,0.00990684051067
19,0.095,26,-0.0344095490873,0.0212662704289,0.112542241812,-3.17024091601e-06,-2.56851899394e-06,-0.931951284409,0.0039627365768
19,0.095,27,-0.0212662704289,0.013143280521,0.0912759527564,-3.5353755834e-07,-4.98930012327e-06,-0.931948900223,0.00594410393387
19,0.095,28,-0.0425325408578,-2.19375468902e-08,0.12568551302,-2.99025327877e-06,2.29073657465e-06,-0.931946218014,0.00594410579652
19,0.095,29,0.0212662704289,5.70410119138e-09,0.138828828931,-3.10573750539e-06,-2.09879522117e-06,-0.931954324245,0.0099068377167
19,0.095,30,0.0344095490873,0.0212662704289,0.13882881403,9.400284398e-06,8.53402161738e-06,-0.931946218014,0.00396273564547
19,0.095,31,0.0212662704289,0.013143286109,0.160095080733,-1.46029162806e-06,1.06947959466e-06,-0.931947469711,0.00594410020858
19,0.095,32,0.0212662704289,6.63630084219e-09,0.112542234361,-2.72123907052e-06,1.28071462768e-06,-0.931951880455,0.00990684051067
19,0.095,33,0.0344095490873,0.0212662704289,0.112542264163,5.92450169279e-06,-7.73769534135e-06,-0.931952834129,0.0039627365768
19,0.095,34,0.0212662704289,0.0131432907656,0.0912759676576,4.42428654424e-06,1.48502124375e-06,-0.93195182085,0.00594410393387
19,0.095,35,0.0425325408578,-1.4917699076e-08,0.125685527921,2.54282031165e-06,1.07347818812e-06,-0.931951761246,0.00594410579652
19,0.095,36,-0.0131432777271,-0.0212662704289,0.125685527921,-1.70384259945e-06,2.01669831768e-06,-0.93195360899,0.0148602584377
19,0.095,37,0.0131432777271,-0.0212662704289,0.125685527921,-1.59198123129e-07,2.41794191425e-06,-0.931949019432,0.0128788910806
19,0.095,38,3.44857720158e-09,-0.0131432777271,0.146951779723,1.19870060189e-06,7.86064674685e-07,-0.931955993176,0.0118882022798
19,0.095,39,-2.77706790897e-09,-0.0425325408578,0.12568551302,-6.56258478671e-08,-6.30630029264e-06,-0.931953430176,0.00396273471415
19,0.095,40,-0.0131432954222,-0.0344095490873,0.146951779723,-5.31632394996e-07,-1.81520033493e-06,-0.931943714619,0.00396273471415
19,0.095,41,0.0131432777271,-0.0344095490873,0.146951809525,-5.61000661037e-07,2.65302583102e-06,-0.931946456432,0.00495341839269
19,0.095,42,2.99794633563e-09,-0.0131432851776,0.104419253767,7.73148542521e-07,9.25076903968e-07,-0.931947112083,0.0118882078677
19,0.095,43,-0.0131432777271,-0.0344095490873,0.104419253767,1.84520075663e-07,-8.2474998635e-06,-0.931944549084,0.00396273564547
19,0.095,44,0.0131432777271,-0.0344095490873,0.104419253767,2.93255402539e-06,-1.05768795038e-05,-0.931952416897,0.00495341978967
19,0.095,45,-0.0344095490873,-0.0212662704289,0.138828799129,-5.16637282999e-06,8.60023817495e-07,-0.931954085827,0.00396273564547
19,0.095,46,-0.0212662704289,-0.0131432637572,0.160095050931,-5.81334370509e-06,-1.47324186628e-07,-0.931957006454,0.0049534169957
19,0.095,47,-0.0344095490873,-0.0212662704289,0.112542226911,-5.34394848728e-06,-5.6133576436e-06,-0.931947350502,0.0039627365768
19,0.095,48,-0.0212662704289,-0.0131432656199,0.0912759676576,3.88405226204e-07,4.37738481196e-06,-0.931954920292,0.00495341978967
19,0.095,49,0.0344095490873,-0.0212662704289,0.138828799129,6.95909147908e-06,3.24409847963e-06,-0.931949079037,0.00396273564547
19,0.095,50,0.0212662704289,-0.0131432749331,0.160095080733,-6.51201844448e-07,-4.73780164612e-06,-0.931950211525,0.0049534169957
19,0.095,51,0.0344095490873,-0.0212662704289,0.112542241812,7.64610194892e-06,-8.69103041623e-06,-0.931954681873,0.0039627365768
19,0.095,52,0.0212662704289,-0.0131432693452,0.091275960207,2.35837433138e-06,2.22420635509e-06,-0.931949496269,0.00495341978967
19,0.095,53,3.35464411805e-09,-1.1850974424e-08,0.168218061328,-1.85146154763e-06,4.88926389153e-07,-0.931941926479,0.00396273471415
19,0.095,54,-4.27403223924e-09,8.46183834113e-09,0.0831529796124,-1.75624541043e-06,2.02242995329e-06,-0.931952834129,0.00396273750812
20,0.1,0,-3.13550230224e-09,-2.78448397673e-09,0.120900712907,-1.91165028696e-07,-2.12764643948e-06,-0.981002032757,0.00990683957934
20,0.1,1,-0.0262865554541,0.0425325408578,0.120900690556,-4.6845725592e-06,4.43647513748e-06,-0.98100823164,0.00247670989484
20,0.1,2,0.0262865554541,0.0425325408578,0.120900712907,4.31421267422e-06,6.53440247333e-06,-0.980995416641,0.00247670989484
20,0.1,3,-0.0262865554541,-0.0425325408578,0.120900698006,-4.8722140491e-06,-5.23088203863e-07,-0.980995833874,0.00247670989484
20,0.1,4,0.0262865554541,-0.0425325408578,0.120900683105,3.25218547914e-06,-3.97878966396e-06,-0.981001317501,0.00247670989484
20,0.1,5,-1.17043477132e-08,-0.0262865554541,0.163433238864,9.31245040192e-07,8.27115036373e-06,-0.981007814407,0.00247670919634
20,0.1,6,4.2489691765e-09,0.0262865778059,0.163433238864,-1.19932838061e-06,-3.97246458306e-06,-0.981001317501,0.00247670919634
20,0.1,7,2.13265474724e-10,-0.0262865442783,0.0783681347966,1.7433208086e-06,5.62072727917e-06,-0.980997145176,0.00247671105899
20,0.1,8,-1.44363854204e-09,0.0262865554541,0.0783681422472,-2.64491336566e-06,-5.47554873265e-06,-0.980994164944,0.00247671105899
20,0.1,9,0.0425325408578,2.618613415e-08,0.0946141406894,-1.03659488104e-06,1.96740779757e-06,-0.981005728245,0.00247670942917
20,0.1,10,0.0425325408578,-1.1501700925e-08,0.147187247872,3.84091936212e-06,6.71351074288e-07,-0.98099309206,0.00247670849785
20,0.1,11,-0.0425325408578,8.08854494494e-09,0.0946141183376,4.26946189691e-06,-3.506126518e-07,-0.981004238129,0.00247670942917
20,0.1,12,-0.0425325408578,2.78158420741e-08,0.147187247872,-1.04802836631e-06,-3.95879715143e-06,-0.980993032455,0.00247670849785
20,0.1,13,-0.0131432777271,0.0212662704289,0.120900712907,-1.79786684384e-06,-2.16473540604e-06,-0.981002986431,0.0148602584377
20,0.1,14,-1.7744143932e-09,0.0131432898343,0.142166987062,7.07628487362e-07,7.78440835347e-07,-0.980999529362,0.00990683585405
20,0.1,15,0.0131432777271,0.0212662704289,0.120900712907,1.00134357695e-07,-2.39403948399e-06,-0.981000900269,0.0128788910806
20,0.1,16,-0.0131432777271,0.0344095490873,0.142166987062,-1.0238879895e-06,1.38213199534e-05,-0.981003284454,0.00396273471415
20,0.1,17,-3.10102121759e-09,0.0425325408578,0.120900712907,-6.14863324699e-08,4.21426830144e-06,-0.981000244617,0.00396273471415
20,0.1,18,0.0131432777271,0.0344095490873,0.14216697216,1.18860793918e-06,1.23008167066e-05,-0.980996072292,0.00495341839269
20,0.1,19,-4.03381594793e-09,0.0131432777271,0.0996344387531,-1.74161482391e-06,-2.14324836634e-06,-0.981002271175,0.00990684051067
20,0.1,20,-0.0131432823837,0.0344095490873,0.0996344387531,4.44694478574e-06,-5.98967631049e-07,-0.980995178223,0.00396273564547
20,0.1,21,0.0131432777271,0.0344095490873,0.0996344462037,1.03383717942e-06,-4.75008118883e-06,-0.980993628502,0.00495341978967
20,0.1,22,-0.0212662704289,2.53460530342e-10,0.134043991566,1.07889377432e-06,1.21884374948e-06,-0.981000721455,0.0099068377167
20,0.1,23,-0.0344095490873,0.0212662704289,0.134043991566,-1.20074291772e-05,1.42909721035e-06,-0.980994820595,0.00396273564547
20,0.1,24,-0.0212662704289,0.0131432767957,0.155310243368,-8.27328619835e-07,-4.18824811277e-06,-0.980993688107,0.00594410020858
20,0.1,25,-0.0212662704289,4.57891236039e-09,0.107757396996,4.70551685794e-06,-2.7054213092e-08,-0.98099809885,0.00990684051067
20,0.1,26,-0.0344095490873,0.0212662704289,0.107757411897,-9.64691821537e-07,-3.65311643691e-06,-0.981000304222,0.0039627365768
20,0.1,27,-0.0212662704289,0.0131432758644,0.0864911228418,6.93018193942e-07,-1.74602723746e-06,-0.980994582176,0.00594410393387
20,0.1,28,-0.0425325408578,-4.82012374459e-10,0.120900683105,-1.81478537797e-06,5.39543134437e-06,-0.980996966362,0.00594410579652
20,0.1,29,0.0212662704289,-6.25053697689e-09,0.134043991566,-3.27257566823e-06,-1.93267214854e-06,-0.981005370617,0.0099068377167
20,0.1,30,0.0344095490873,0.0212662704289,0.134043991566,1.08828335215e-05,7.44926683183e-06,-0.980993628502,0.00396273564547
20,0.1,31,0.0212662704289,0.013143286109,0.155310258269,-1.78235711701e-06,-2.05357196137e-06,-0.980997145176,0.00594410020858
20,0.1,32,0.0212662704289,8.0414714887e-09,0.107757404447,-3.86844476452e-06,-6.29892610959e-07,-0.981000423431,0.00990684051067
20,0.1,33,0.0344095490873,0.0212662704289,0.107757419348,6.1424229898e-06,-6.50749598208e-06,-0.981006026268,0.0039627365768
20,0.1,34,0.0212662704289,0.0131432907656,0.086491137743,3.93407299271e-06,8.9619351229e-07,-0.981000483036,0.00594410393387
20,0.1,35,0.0425325408578,-2.40217956637e-09,0.120900698006,1.54070062308e-06,3.19378432323e-06,-0.981003046036,0.00594410579652
20,0.1,36,-0.0131432777271,-0.0212662704289,0.120900698006,-1.469476274e-06,1.22905669286e-06,-0.981005370617,0.0148602584377
20,0.1,37,0.0131432777271,-0.0212662704289,0.120900698006,1.29930953108e-07,2.79994219454e-06,-0.981000125408,0.0128788910806
20,0.1,38,8.92869778113e-09,-0.0131432777271,0.142166957259,8.53427764014e-07,1.55121028911e-07,-0.980999231339,0.0118882022798
20,0.1,39,-1.23882559766e-09,-0.0425325408578,0.120900683105,4.92520825901e-07,-4.25249527325e-06,-0.980998516083,0.00396273471415
20,0.1,40,-0.0131432935596,-0.0344095490873,0.142166987062,4.74822218166e-06,1.1166200693e-06,-0.980996370316,0.00396273471415
20,0.1,41,0.0131432777271,-0.0344095490873,0.142166987062,-2.56901330431e-06,2.33385821957e-06,-0.981001019478,0.00495341839269
20,0.1,42,5.08091169138e-09,-0.0131432851776,0.099634423852,-1.81001567512e-07,4.03915009883e-06,-0.98099565506,0.0118882078677
20,0.1,43,-0.0131432777271,-0.0344095490873,0.099634423852,-7.01023395777e-07,-6.02053205512e-06,-0.980993270874,0.00396273564547
20,0.1,44,0.0131432777271,-0.0344095490873,0.099634423852,3.36837797477e-06,-9.52516347752e-06,-0.981003940105,0.00495341978967
20,0.1,45,-0.0344095490873,-0.0212662704289,0.134043976665,-8.06031039247e-06,1.29264446969e-06,-0.981002449989,0.00396273564547
20,0.1,46,-0.0212662704289,-0.0131432637572,0.155310213566,-5.60700982533e-06,-3.78354889108e-06,-0.981001913548,0.0049534169957
20,0.1,47,-0.0344095490873,-0.0212662704289,0.107757396996,-4.10049187849e-06,-5.33832826477e-06,-0.980996489525,0.0039627365768
20,0.1,48,-0.0212662704289,-0.0131432656199,0.0864911228418,5.80647224524e-07,3.07242601139e-07,-0.981005370617,0.00495341978967
20,0.1,49,0.0344095490873,-0.0212662704289,0.134043976665,6.34013531453e-06,1.07332505195e-06,-0.980995595455,0.00396273564547
20,0.1,50,0.0212662704289,-0.013143283315,0.155310258269,-1.86609781849e-06,-3.07332106786e-06,-0.98100477457,0.0049534169957
20,0.1,51,0.0344095490873,-0.0212662704289,0.107757389545,6.32103274256e-06,-7.19506442692e-06,-0.981005251408,0.0039627365768
20,0.1,52,0.0212662704289,-0.0131432693452,0.0864911302924,3.40578321811e-06,1.62570461271e-06,-0.980998158455,0.00495341978967
20,0.1,53,-6.20680129515e-09,-3.84813603205e-09,0.163433253765,-1.44738010022e-06,2.26312363338e-06,-0.980999350548,0.00396273471415
20,0.1,54,-6.16704642908e-09,1.49510395175e-08,0.0783681496978,1.10956091248e-06,3.54045823769e-07,-0.981004476547,0.00396273750812
21,0.105,0,-2.25784368979e-09,-7.25253190836e-09,0.115870624781,4.65583894993e-07,6.56747090488e-07,-1.03005588055,0.00990683957934
21,0.105,1,-0.0262865554541,0.0425325408578,0.115870587528,-4.62881735075e-06,4.02399564337e-06,-1.03005182743,0.00247670989484
21,0.105,2,0.0262865554541,0.0425325408578,0.115870639682,4.97701921631e-06,6.47647038932e-06,-1.0300475359,0.00247670989484
21,0.105,3,-0.0262865554541,-0.0425325408578,0.115870624781,-3.86855390389e-06,5.25127802575e-07,-1.0300450325,0.00247670989484
21,0.105,4,0.0262865554541,-0.0425325408578,0.115870609879,2.39784822043e-06,-2.53424718721e-06,-1.03004956245,0.00247670989484
21,0.105,5,-6.09665962159e-09,-0.0262865554541,0.158403128386,1.86243437383e-06,9.18134628591e-06,-1.03005194664,0.00247670919634
21,0.105,6,-2.79126610714e-09,0.0262865778059,0.158403158188,-1.29888246647e-06,-6.15556973571e-06,-1.0300488472,0.00247670919634
21,0.105,7,7.05876157525e-09,-0.0262865442783,0.0733380615711,7.54862753638e-07,5.70535439692e-06,-1.03004336357,0.00247671105899
21,0.105,8,-1.16860547905e-08,0.0262865554541,0.0733380913734,-1.16821809115e-06,-3.60968306268e-06,-1.03004431725,0.00247671105899
21,0.105,9,0.0425325408578,2.56818726285e-08,0.0895840451121,-2.64096070168e-06,-2.11945916817e-06,-1.03005445004,0.00247670942917
21,0.105,10,0.0425325408578,-4.52440307441e-09,0.142157182097,2.07526591112e-06,1.80540484962e-06,-1.03004395962,0.00247670849785
21,0.105,11,-0.0425325408578,4.80123540925e-09,0.0895840451121,4.85339478473e-06,-9.88908482213e-07,-1.0300526619,0.00247670942917
21,0.105,12,-0.0425325408578,-1.06001329936e-09,0.142157182097,-1.71143074112e-06,-6.75840601616e-06,-1.03004622459,0.00247670849785
21,0.105,13,-0.0131432777271,0.0212662704289,0.115870639682,-2.03412469091e-06,-2.46415766014e-06,-1.03005385399,0.0148602584377
21,0.105,14,4.30997371126e-09,0.0131432898343,0.137136906385,1.28878889427e-06,-3.16084060614e-06,-1.0300501585,0.00990683585405
21,0.105,15,0.0131432777271,0.0212662704289,0.115870639682,3.29169409952e-07,-4.4570360842e-06,-1.03005337715,0.0128788910806
21,0.105,16,-0.0131432777271,0.0344095490873,0.137136891484,-3.74919795831e-06,1.61199041031e-05,-1.03005611897,0.00396273471415
21,0.105,17,-2.71319855472e-09,0.0425325408578,0.115870639682,2.61532733248e-07,5.45216380488e-06,-1.03005063534,0.00396273471415
21,0.105,18,0.0131432777271,0.0344095490873,0.137136891484,2.06320623874e-06,1.51562044266e-05,-1.0300437212,0.00495341839269
21,0.105,19,-7.83737963417e-09,0.0131432777271,0.0946043655276,6.61686442527e-07,-1.87755495062e-06,-1.03005206585,0.00990684051067
21,0.105,20,-0.0131432628259,0.0344095490873,0.0946043655276,3.19024616147e-06,-1.70957559931e-06,-1.0300450325,0.00396273564547
21,0.105,21,0.0131432777271,0.0344095490873,0.0946043729782,7.96020742655e-07,-4.8317888286e-06,-1.03004348278,0.00495341978967
21,0.105,22,-0.0212662704289,6.55276455319e-09,0.12901391089,5.06847413817e-07,8.63544983076e-07,-1.0300526619,0.0099068377167
21,0.105,23,-0.0344095490873,0.0212662704289,0.12901391089,-1.2529986634e-05,3.52206893695e-06,-1.03004443645,0.00396273564547
21,0.105,24,-0.0212662704289,0.0131432767957,0.150280177593,-6.7857644126e-07,-3.49646438735e-06,-1.03004491329,0.00594410020858
21,0.105,25,-0.0212662704289,2.37968245109e-09,0.102727323771,4.58321574115e-06,-8.00793145572e-07,-1.03004670143,0.00990684051067
21,0.105,26,-0.0344095490873,0.0212662704289,0.102727338672,2.34755304973e-07,-3.24751408698e-06,-1.03005111217,0.0039627365768
21,0.105,27,-0.0212662704289,0.0131432758644,0.0814610794187,2.09361445513e-07,1.07936705263e-06,-1.03004360199,0.00594410393387
21,0.105,28,-0.0425325408578,2.22722622567e-08,0.115870609879,-4.73632496778e-07,2.8423328331e-06,-1.03004574776,0.00594410579652
21,0.105,29,0.0212662704289,-7.04275127106e-09,0.12901391089,-2.69431643574e-06,1.86970476079e-06,-1.03005468845,0.0099068377167
21,0.105,30,0.0344095490873,0.0212662704289,0.129013925791,1.08385465865e-05,5.76624779569e-06,-1.03004443645,0.00396273564547
21,0.105,31,0.0212662704289,0.0131432674825,0.150280177593,-2.3553959636e-06,-5.08731636728e-06,-1.03004777431,0.00594410020858
21,0.105,32,0.0212662704289,3.01438407568e-09,0.102727331221,-4.07491143051e-06,-1.01450564216e-06,-1.03004908562,0.00990684051067
21,0.105,33,0.0344095490873,0.0212662704289,0.102727331221,5.23609514858e-06,-4.83643498228e-06,-1.03005301952,0.0039627365768
21,0.105,34,0.0212662704289,0.0131432907656,0.0814610645175,1.53431767558e-06,3.3286685408e-08,-1.03004908562,0.00594410393387
21,0.105,35,0.0425325408578,1.17548317746e-08,0.115870602429,7.4856137644e-07,2.09437462217e-06,-1.03005504608,0.00594410579652
21,0.105,36,-0.0131432777271,-0.0212662704289,0.115870609879,-1.52383654495e-06,6.8942767939e-07,-1.03005456924,0.0148602584377
21,0.105,37,0.0131432777271,-0.0212662704289,0.115870624781,1.07729488263e-06,1.51711356011e-06,-1.03005278111,0.0128788910806
21,0.105,38,8.38818436932e-09,-0.0131432777271,0.137136876583,-1.56850546773e-06,1.68105145804e-06,-1.03004658222,0.0118882022798
21,0.105,39,1.64213720399e-09,-0.0425325408578,0.115870609879,5.26002850165e-07,-2.84103430204e-06,-1.0300450325,0.00396273471415
21,0.105,40,-0.0131432637572,-0.0344095490873,0.137136906385,3.24358097714e-06,1.89536831385e-06,-1.03005516529,0.00396273471415
21,0.105,41,0.0131432777271,-0.0344095490873,0.137136891484,-1.70791179244e-06,1.5357259997e-07,-1.03005647659,0.00495341839269
21,0.105,42,1.67385039163e-09,-0.0131432618946,0.0946043506265,-8.23416712592e-07,3.61683851224e-06,-1.03004550934,0.0118882078677
21,0.105,43,-0.0131432777271,-0.0344095490873,0.094604358077,-8.27800249681e-07,-4.01203305955e-06,-1.03004658222,0.00396273564547
21,0.105,44,0.0131432777271,-0.0344095490873,0.0946043506265,3.53633799932e-06,-7.10137601345e-06,-1.03005337715,0.00495341978967
21,0.105,45,-0.0344095490873,-0.0212662704289,0.129013895988,-8.5068440967e-06,3.27311363435e-06,-1.03005421162,0.00396273564547
21,0.105,46,-0.0212662704289,-0.0131432972848,0.15028013289,-4.81153392684e-06,-4.28241764894e-06,-1.03004813194,0.0049534169957
21,0.105,47,-0.0344095490873,-0.0212662704289,0.102727323771,-3.23890617437e-06,-2.88770002044e-06,-1.03004539013,0.0039627365768
21,0.105,48,-0.0212662704289,-0.0131432656199,0.0814610496163,1.80795984761e-06,-2.44462967203e-06,-1.0300539732,0.00495341978967
21,0.105,49,0.0344095490873,-0.0212662704289,0.129013895988,7.17419334251e-06,-5.08944992816e-08,-1.03004407883,0.00396273564547
21,0.105,50,0.0212662704289,-0.013143283315,0.15028013289,-1.33332366659e-06,-1.64327400398e-06,-1.03005492687,0.0049534169957
21,0.105,51,0.0344095490873,-0.0212662704289,0.10272731632,4.70618670079e-06,-3.3912372146e-06,-1.03005290031,0.0039627365768
21,0.105,52,0.0212662704289,-0.0131432693452,0.0814610570669,3.33601929015e-06,1.89492527625e-06,-1.03004682064,0.00495341978967
21,0.105,53,-7.6120976189e-09,5.90764726027e-09,0.158403173089,8.25330801035e-07,1.0014309737e-06,-1.03005588055,0.00396273471415
21,0.105,54,5.06882402718e-09,1.24211272379e-08,0.0733380541205,2.63321885541e-06,-8.728964076e-07,-1.03005409241,0.00396273750812
22,0.11,0,-4.61229776594e-10,2.29475327629e-09,0.110595293343,-1.57961366654e-07,2.50291327575e-06,-1.07910132408,0.00990683957934
22,0.11,1,-0.0262865554541,0.0425325408578,0.110595270991,-6.03239686825e-06,5.29652288606e-06,-1.07909452915,0.00247670989484
22,0.11,2,0.0262865554541,0.0425325408578,0.110595323145,5.85445013712e-06,5.81162339586e-06,-1.07909882069,0.00247670989484
22,0.11,3,-0.0262865554541,-0.0425325408578,0.110595308244,-4.37846438217e-06,-1.24619089092e-06,-1.07909631729,0.00247670989484
22,0.11,4,0.0262865554541,-0.0425325408578,0.110595293343,4.18776335209e-06,-3.53790505869e-06,-1.07909977436,0.00247670989484
22,0.11,5,8.06803157616e-09,-0.0262865554541,0.153127804399,3.29366116603e-06,7.14072803021e-06,-1.07909715176,0.00247670919634
22,0.11,6,-7.60759899521e-09,0.0262865778059,0.153127834201,-7.63976117923e-07,-8.23106529424e-06,-1.07909786701,0.00247670919634
22,0.11,7,6.58074572613e-09,-0.0262865442783,0.068062774837,-9.0499986527e-07,4.66175333713e-06,-1.07909440994,0.00247671105899
22,0.11,8,-1.17749587858e-08,0.0262865554541,0.068062774837,1.06254447019e-06,-1.61196510362e-06,-1.0790989399,0.00247671105899
22,0.11,9,0.0425325408578,7.95583954272e-09,0.0843087285757,-4.26049291491e-06,-4.35012861999e-06,-1.07910311222,0.00247670942917
22,0.11,10,0.0425325408578,2.94417179525e-09,0.13688185811,-2.87382846409e-08,8.89807381554e-07,-1.0790990591,0.00247670849785
22,0.11,11,-0.0425325408578,-6.55608789479e-10,0.0843087285757,4.36574237028e-06,-1.00858460428e-06,-1.07910132408,0.00247670942917
22,0.11,12,-0.0425325408578,-3.12258450208e-08,0.13688185811,1.17658636611e-07,-4.70821078125e-06,-1.07910060883,0.00247670849785
22,0.11,13,-0.0131432777271,0.0212662704289,0.110595308244,-1.32625632432e-06,-3.84495888284e-06,-1.07910430431,0.0148602584377
22,0.11,14,6.95845248089e-09,0.0131432665512,0.131861582398,-3.81114489301e-07,-3.89604610973e-06,-1.0791040659,0.00990683585405
22,0.11,15,0.0131432777271,0.0212662704289,0.110595308244,7.80088953434e-07,-4.91637956657e-06,-1.07910466194,0.0128788910806
22,0.11,16,-0.0131432935596,0.0344095490873,0.131861552596,-3.44882255376e-06,1.65996716532e-05,-1.07910346985,0.00396273471415
22,0.11,17,3.2722793919e-10,0.0425325408578,0.110595323145,9.76088472271e-07,7.28583381715e-06,-1.07910263538,0.00396273471415
22,0.11,18,0.0131432777271,0.0344095490873,0.131861582398,2.2137637643e-06,1.38273726407e-05,-1.07909333706,0.00495341839269
22,0.11,19,2.23262608401e-09,0.0131432777271,0.0893290489912,2.69562724498e-06,-7.37697689601e-07,-1.07910430431,0.00990684051067
22,0.11,20,-0.0131432628259,0.0344095490873,0.0893290489912,-5.5691394607e-08,-6.64865240196e-07,-1.07909727097,0.00396273564547
22,0.11,21,0.0131432777271,0.0344095490873,0.0893290564418,1.77844310656e-06,-3.81677182304e-06,-1.07909357548,0.00495341978967
22,0.11,22,-0.0212662704289,7.90080889601e-09,0.123738586903,8.86092891506e-07,-1.00657707947e-07,-1.07910311222,0.0099068377167
22,0.11,23,-0.0344095490873,0.0212662704289,0.123738586903,-1.36330281748e-05,4.69796304969e-06,-1.07909274101,0.00396273564547
22,0.11,24,-0.0212662704289,0.0131432767957,0.145004853606,-1.44109071698e-06,-4.15739577875e-06,-1.07909953594,0.00594410020858
22,0.11,25,-0.0212662704289,-2.1679524842e-09,0.0974520072341,2.92851632366e-06,-7.87618773757e-07,-1.07909536362,0.00990684051067
22,0.11,26,-0.0344095490873,0.0212662704289,0.0974520221353,-3.62817615951e-07,-1.45700801113e-06,-1.07910394669,0.0039627365768
22,0.11,27,-0.0212662704289,0.0131432758644,0.0761857628822,7.65081324516e-07,3.03614388031e-06,-1.07909822464,0.00594410393387
22,0.11,28,-0.0425325408578,2.31439312159e-08,0.110595293343,6.21041863269e-07,-2.20507081394e-06,-1.07909440994,0.00594410579652
22,0.11,29,0.0212662704289,7.26285476205e-09,0.1237385571,-2.22790868065e-06,2.80761696558e-06,-1.07910263538,0.0099068377167
22,0.11,30,0.0344095490873,0.0212662704289,0.123738601804,9.84366761259e-06,4.29807960245e-06,-1.07909691334,0.00396273564547
22,0.11,31,0.0212662704289,0.0131432600319,0.145004853606,-1.49501443047e-06,-2.42489090851e-06,-1.07910084724,0.00594410020858
22,0.11,32,0.0212662704289,5.20474385812e-10,0.0974520146847,-3.49777019437e-06,1.75753086751e-07,-1.07910037041,0.00990684051067
22,0.11,33,0.0344095490873,0.0212662704289,0.0974520146847,4.4705629989e-06,-2.25070607485e-06,-1.07910168171,0.0039627365768
22,0.11,34,0.0212662704289,0.0131432907656,0.0761857479811,2.59361371491e-07,-1.7744661136e-06,-1.0790977478,0.00594410393387
22,0.11,35,0.0425325408578,1.52559778144e-08,0.110595285892,1.35139760005e-06,-7.06077742052e-07,-1.07910323143,0.00594410579652
22,0.11,36,-0.0131432777271,-0.0212662704289,0.110595293343,-1.55506597821e-06,2.22963194574e-06,-1.07910382748,0.0148602584377
22,0.11,37,0.0131432777271,-0.0212662704289,0.110595270991,1.74667968622e-06,1.51935716985e-06,-1.07910525799,0.0128788910806
22,0.11,38,-4.95034635506e-09,-0.0131432777271,0.131861552596,-2.64129539573e-06,3.18699471791e-06,-1.0790990591,0.0118882022798
22,0.11,39,2.40198172463e-09,-0.0425325408578,0.110595293343,-1.42141885817e-07,-5.52550091015e-06,-1.07909584045,0.00396273471415
22,0.11,40,-0.0131432637572,-0.0344095490873,0.131861522794,-2.68017544158e-07,-1.81622510809e-06,-1.07910561562,0.00396273471415
22,0.11,41,0.0131432777271,-0.0344095490873,0.131861522794,-4.36148866356e-07,-2.08221808862e-06,-1.07910239697,0.00495341839269
22,0.11,42,-7.85555065441e-10,-0.0131432618946,0.08932903409,-1.49996139953e-07,1.82312405173e-07,-1.07910013199,0.0118882078677
22,0.11,43,-0.0131432777271,-0.0344095490873,0.0893290415406,-9.03699003629e-07,-2.58669183495e-06,-1.07910120487,0.00396273564547
22,0.11,44,0.0131432777271,-0.0344095490873,0.08932903409,3.62888408745e-06,-4.47020147476e-06,-1.07910346985,0.00495341978967
22,0.11,45,-0.0344095490873,-0.0212662704289,0.123738542199,-9.7339398053e-06,4.90875027026e-06,-1.07910263538,0.00396273564547
22,0.11,46,-0.0212662704289,-0.0131432972848,0.145004808903,-4.90407546749e-06,-8.28566442124e-07,-1.07909679413,0.0049534169957
22,0.11,47,-0.0344095490873,-0.0212662704289,0.0974520072341,-3.21896095556e-06,-6.55929781601e-08,-1.07909548283,0.0039627365768
22,0.11,48,-0.0212662704289,-0.0131432656199,0.0761857330799,3.24481425196e-06,-4.36342452304e-06,-1.07910263538,0.00495341978967
22,0.11,49,0.0344095490873,-0.0212662704289,0.123738572001,9.46355157794e-06,1.66082111264e-06,-1.07909464836,0.00396273564547
22,0.11,50,0.0212662704289,-0.013143283315,0.145004808903,-2.02032225616e-07,-2.26922975344e-06,-1.07910013199,0.0049534169957
22,0.11,51,0.0344095490873,-0.0212662704289,0.0974519997835,4.19156731368e-06,-8.55849293657e-07,-1.0791015625,0.0039627365768
22,0.11,52,0.0212662704289,-0.0131432693452,0.0761857405305,2.89504009743e-06,2.66665779236e-06,-1.07909548283,0.00495341978967
22,0.11,53,-1.7744143932e-09,1.70365654917e-09,0.1531278193,1.09252368929e-06,-2.52139034274e-06,-1.07910120487,0.00396273471415
22,0.11,54,1.31062725117e-08,9.52007894739e-09,0.0680627375841,1.47272757545e-07,-5.15116127531e-08,-1.07909679413,0.00396273750812
23,0.115,0,-3.98470989538e-09,1.12887734716e-08,0.105074718595,-1.02908802546e-06,4.05194640507e-07,-1.12814974785,0.00990683957934
23,0.115,1,-0.0262865554541,0.0425325408578,0.105074740946,-7.40746236261e-06,5.19471677762e-06,-1.12814164162,0.00247670989484
23,0.115,2,0.0262865554541,0.0425325408578,0.105074748397,6.4773998929e-06,5.00531496073e-06,-1.12814748287,0.00247670989484
23,0.115,3,-0.0262865554541,-0.0425325408578,0.105074733496,-7.26323105482e-06,-6.59725537844e-06,-1.12815093994,0.00247670989484
23,0.115,4,0.0262865554541,-0.0425325408578,0.105074718595,5.93122558712e-06,-4.98362396684e-06,-1.12815225124,0.00247670989484
23,0.115,5,1.99024174918e-08,-0.0262865554541,0.147607237101,1.09525706193e-06,2.51275787377e-06,-1.12814581394,0.00247670919634
23,0.115,6,-1.04904209763e-08,0.0262865107507,0.147607266903,-3.75901208827e-07,-9.7708807516e-06,-1.12815070152,0.00247670919634
23,0.115,7,-7.1415817704e-10,-0.0262865442783,0.0625422000885,-1.94357721739e-06,2.41951738644e-06,-1.12815058231,0.00247671105899
23,0.115,8,-2.76337353e-09,0.0262865554541,0.0625422000885,2.22104586101e-06,1.54912459038e-06,-1.12815356255,0.00247671105899
23,0.115,9,0.0425325408578,-1.14384590688e-08,0.0787881538272,-5.8266277847e-06,-2.833400913e-06,-1.12815177441,0.00247670942917
23,0.115,10,0.0425325408578,2.60090771143e-09,0.131361290812,-5.46645333088e-06,-1.04924095012e-06,-1.1281555891,0.00247670849785
23,0.115,11,-0.0425325408578,-5.15046272298e-09,0.0787881538272,4.16773536926e-06,-9.45345561831e-07,-1.12814998627,0.00247670942917
23,0.115,12,-0.0425325408578,-4.32293987274e-08,0.131361290812,2.79670257441e-06,-5.12678148823e-08,-1.12815523148,0.00247670849785
23,0.115,13,-0.0131432777271,0.0212662704289,0.105074733496,-1.37080292006e-06,-4.33381592302e-06,-1.12815308571,0.0148602584377
23,0.115,14,9.84051951036e-10,0.0131432665512,0.126340985298,-1.82069879884e-06,-8.11088455066e-07,-1.12815332413,0.00990683585405
23,0.115,15,0.0131432777271,0.0212662704289,0.105074733496,1.43377678796e-06,-3.00400870401e-06,-1.12815332413,0.0128788910806
23,0.115,16,-0.0131432935596,0.0344095490873,0.126340985298,2.24015991535e-07,1.40837109939e-05,-1.12814950943,0.00396273471415
23,0.115,17,5.71241054459e-09,0.0425325408578,0.105074748397,9.10991161618e-07,8.26164250611e-06,-1.12815129757,0.00396273471415
23,0.115,18,0.0131432777271,0.0344095490873,0.1263410151,1.14191823286e-06,9.38561515795e-06,-1.12814545631,0.00495341839269
23,0.115,19,1.15100942111e-08,0.0131432777271,0.0838084667921,5.26820429059e-07,5.29325120624e-07,-1.12815368176,0.00990684051067
23,0.115,20,-0.0131432628259,0.0344095490873,0.0838084742427,-3.37699498232e-06,3.70888386669e-07,-1.12814867496,0.00396273564547
23,0.115,21,0.0131432777271,0.0344095490873,0.0838084816933,3.23838412442e-06,-9.78349135039e-07,-1.12814819813,0.00495341978967
23,0.115,22,-0.0212662704289,4.60458338125e-09,0.118218012154,1.55403270696e-07,-1.47786090565e-06,-1.12815177441,0.0099068377167
23,0.115,23,-0.0344095490873,0.0212662704289,0.118218034506,-1.4126343558e-05,3.02146645481e-06,-1.12814486027,0.00396273564547
23,0.115,24,-0.0212662704289,0.0131432618946,0.139484286308,-1.6022293039e-06,-4.17101273342e-06,-1.12815415859,0.00594410020858
23,0.115,25,-0.0212662704289,-3.27540372602e-09,0.0919314324856,1.56162491294e-06,4.03210037803e-07,-1.1281440258,0.00990684051067
23,0.115,26,-0.0344095490873,0.0212662704289,0.091931425035,-2.11692977814e-07,-6.73526471928e-07,-1.12815093994,0.0039627365768
23,0.115,27,-0.0212662704289,0.0131432758644,0.0706651881337,2.77397975879e-06,3.79736252398e-06,-1.12815284729,0.00594410393387
23,0.115,28,-0.0425325408578,6.45351683204e-09,0.105074718595,1.12635495952e-06,-3.45918374478e-06,-1.12814307213,0.00594410579652
23,0.115,29,0.0212662704289,1.1002245337e-08,0.118217982352,-2.13494695345e-06,-1.72459112946e-06,-1.1281453371,0.0099068377167
23,0.115,30,0.0344095490873,0.0212662704289,0.118218027055,8.80688276084e-06,3.87319641959e-06,-1.12814629078,0.00396273564547
23,0.115,31,0.0212662704289,0.0131432600319,0.139484271407,-6.03541195687e-07,-5.83047039981e-07,-1.12815773487,0.00594410020858
23,0.115,32,0.0212662704289,5.21136378495e-09,0.0919314324856,-2.55357235801e-06,1.36449261845e-06,-1.12815475464,0.00990684051067
23,0.115,33,0.0344095490873,0.0212662704289,0.0919314399362,5.07308368469e-06,-4.11237294884e-07,-1.12815034389,0.0039627365768
23,0.115,34,0.0212662704289,0.0131432907656,0.0706651732326,2.06997901842e-06,-4.11623113905e-06,-1.12814640999,0.00594410393387
23,0.115,35,0.0425325408578,6.48421760729e-09,0.105074711144,3.598190915e-06,-2.37829067373e-06,-1.12815189362,0.00594410579652
23,0.115,36,-0.0131432777271,-0.0212662704289,0.105074703693,-5.92545575273e-07,5.46017963643e-06,-1.12815392017,0.0148602584377
23,0.115,37,0.0131432777271,-0.0212662704289,0.105074688792,1.61256400588e-06,2.59810576608e-06,-1.12814927101,0.0128788910806
23,0.115,38,-9.22378706747e-09,-0.0131432777271,0.126340985298,1.06349421003e-06,3.22890491589e-06,-1.12815368176,0.0118882022798
23,0.115,39,3.02845015732e-09,-0.0425325408578,0.105074718595,5.91722312038e-07,-9.61061778071e-06,-1.12815022469,0.00396273471415
23,0.115,40,-0.0131432637572,-0.0344095490873,0.126340940595,-3.62127548215e-06,-6.89337775839e-06,-1.12814378738,0.00396273471415
23,0.115,41,0.0131432777271,-0.0344095490873,0.126340955496,1.60972342655e-06,-8.13203460126e-09,-1.12815058231,0.00495341839269
23,0.115,42,-4.68525940267e-10,-0.0131432618946,0.0838084518909,3.13890637926e-07,-2.28133740166e-06,-1.12815451622,0.0118882078677
23,0.115,43,-0.0131432777271,-0.0344095490873,0.0838084518909,-1.78754930857e-06,-3.94850712837e-06,-1.1281555891,0.00396273564547
23,0.115,44,0.0131432777271,-0.0344095490873,0.0838084220886,4.09239555665e-06,-5.2614445849e-06,-1.12815403938,0.00495341978967
23,0.115,45,-0.0344095490873,-0.0212662704289,0.118217967451,-1.20259846881e-05,5.2801478887e-06,-1.1281453371,0.00396273564547
23,0.115,46,-0.0212662704289,-0.0131432972848,0.139484241605,-6.62985803501e-06,4.4286633738e-07,-1.12814545631,0.0049534169957
23,0.115,47,-0.0344095490873,-0.0212662704289,0.0919314324856,-4.91327318741e-06,7.61167655128e-07,-1.12815010548,0.0039627365768
23,0.115,48,-0.0212662704289,-0.0131432786584,0.0706651583314,3.94150356442e-06,-3.6203568925e-06,-1.12815129757,0.00495341978967
23,0.115,49,0.0344095490873,-0.0212662704289,0.118217997253,8.0604249888e-06,5.55726273888e-06,-1.12814700603,0.00396273564547
23,0.115,50,0.0212662704289,-0.013143283315,0.139484241605,-5.19115758379e-07,-8.37459140257e-07,-1.12815225124,0.0049534169957
23,0.115,51,0.0344095490873,-0.0212662704289,0.091931425035,6.26414430371e-06,-5.31594537279e-07,-1.12815022469,0.0039627365768
23,0.115,52,0.0212662704289,-0.0131432693452,0.070665165782,3.0337030239e-06,3.99958435082e-06,-1.12814414501,0.00495341978967
23,0.115,53,6.39522934609e-10,-1.46644447696e-08,0.147607252002,-1.68801701506e-08,-3.65851428796e-06,-1.12814390659,0.00396273471415
23,0.115,54,4.74546268947e-09,1.10414566379e-08,0.0625421851873,-3.21909010381e-06,4.79943139453e-07,-1.12814128399,0.00396273750812
24,0.12,0,-6.97176050224e-09,4.86109952291e-09,0.0993089005351,6.18320754597e-08,-2.30371574617e-06,-1.17719960213,0.00990683957934
24,0.12,1,-0.0262865554541,0.0425325408578,0.0993089228868,-8.79666458786e-06,4.3857116907e-06,-1.17719626427,0.00247670989484
24,0.12,2,0.0262865554541,0.0425325408578,0.0993089303374,7.57734142098e-06,4.31301214121e-06,-1.17719614506,0.00247670989484
24,0.12,3,-0.0262865554541,-0.0425325408578,0.0993088930845,-7.24859683032e-06,-9.01801922737e-06,-1.1772056818,0.00247670989484
24,0.12,4,0.0262865554541,-0.0425325408578,0.0993088707328,6.69186556479e-06,-5.31650994162e-06,-1.17720496655,0.00247670989484
24,0.12,5,1.76154504317e-08,-0.0262865554541,0.141841426492,-1.6694397118e-06,-1.10366795525e-06,-1.1771979332,0.00247670919634
24,0.12,6,-9.48191836159e-09,0.0262865051627,0.141841456294,7.31933198495e-07,-3.98832071369e-06,-1.17720425129,0.00247670919634
24,0.12,7,-8.86317241822e-09,-0.0262865442783,0.0567763522267,-9.26815914681e-07,1.25388828565e-06,-1.17720830441,0.00247671105899
24,0.12,8,7.13851111556e-09,0.0262865554541,0.0567763522267,1.55578004524e-06,4.34988533016e-06,-1.17720246315,0.00247671105899
24,0.12,9,0.0425325408578,-1.59918460696e-08,0.0730223357677,-4.27204258813e-06,1.07052937892e-06,-1.17720043659,0.00247670942917
24,0.12,10,0.0425325408578,-7.52022533135e-09,0.125595420599,-4.01871420763e-06,-2.72530019174e-06,-1.1772030592,0.00247670849785
24,0.12,11,-0.0425325408578,-8.72309691147e-09,0.0730223357677,4.88928526465e-06,-1.89951990137e-07,-1.17719864845,0.00247670942917
24,0.12,12,-0.0425325408578,-3.16210311269e-08,0.1255954355,6.21948927915e-08,4.27188888352e-06,-1.17720127106,0.00247670849785
24,0.12,13,-0.0131432777271,0.0212662704289,0.0993089154363,-2.63753099716e-06,-4.07357720178e-06,-1.17720198631,0.0148602584377
24,0.12,14,-8.35098479257e-09,0.0131432665512,0.120575167239,-1.31778574541e-06,1.68396138633e-06,-1.17720210552,0.00990683585405
24,0.12,15,0.0131432777271,0.0212662704289,0.0993089154363,2.15122395275e-06,-1.27941893879e-06,-1.17720198631,0.0128788910806
24,0.12,16,-0.0131432907656,0.0344095490873,0.120575167239,4.82862833451e-06,1.19541982713e-05,-1.17719221115,0.00396273471415
24,0.12,17,7.6446733388e-09,0.0425325408578,0.0993089303374,-2.17226286736e-07,9.17478155316e-06,-1.17719995975,0.00396273471415
24,0.12,18,0.0131432777271,0.0344095490873,0.120575197041,-5.49986168608e-07,5.96728341407e-06,-1.17719852924,0.00495341839269
24,0.12,19,4.88270046617e-09,0.0131432777271,0.0780426487327,-3.01302748085e-06,3.6596541122e-06,-1.17720246315,0.00990684051067
24,0.12,20,-0.0131432851776,0.0344095490873,0.0780426561832,-4.05478931498e-06,7.70010444739e-07,-1.17719876766,0.00396273564547
24,0.12,21,0.0131432777271,0.0344095490873,0.0780426636338,3.63919184565e-06,1.63647564477e-06,-1.17720282078,0.00495341978967
24,0.12,22,-0.0212662704289,-6.06278227622e-09,0.112452194095,-5.33648403689e-07,-2.66118672698e-06,-1.1772043705,0.0099068377167
24,0.12,23,-0.0344095490873,0.0212662704289,0.112452216446,-1.49689130922e-05,2.88720087838e-07,-1.17720043659,0.00396273564547
24,0.12,24,-0.0212662704289,0.0131432618946,0.133718430996,-2.67585392066e-06,-4.19341859015e-06,-1.17720282078,0.00594410020858
24,0.12,25,-0.0212662704289,1.11783049483e-09,0.0861656144261,4.37099998862e-07,1.41275120313e-06,-1.17719304562,0.00990684051067
24,0.12,26,-0.0344095490873,0.0212662704289,0.0861656069756,8.46886109684e-07,-1.20196466469e-06,-1.17719364166,0.0039627365768
24,0.12,27,-0.0212662704289,0.0131432879716,0.0648993402719,3.33555180987e-06,4.44026136392e-06,-1.17720293999,0.00594410393387
24,0.12,28,-0.0425325408578,-4.92014473608e-09,0.0993089005351,1.38773634717e-06,-9.43961538269e-07,-1.17719256878,0.00594410579652
24,0.12,29,0.0212662704289,-9.14978937061e-09,0.112452164292,-2.55210693467e-06,-5.23705602973e-06,-1.17719388008,0.0099068377167
24,0.12,30,0.0344095490873,0.0212662704289,0.112452208996,9.93214325717e-06,4.48556647825e-06,-1.17720091343,0.00396273564547
24,0.12,31,0.0212662704289,0.0131432600319,0.133718401194,-1.39590508752e-06,5.6322068076e-07,-1.17720293999,0.00594410020858
24,0.12,32,0.0212662704289,1.06567972225e-08,0.086165599525,-1.79415678758e-06,5.55435576644e-07,-1.17720341682,0.00990684051067
24,0.12,33,0.0344095490873,0.0212662704289,0.0861656218767,6.38773599348e-06,4.85178873078e-07,-1.17719900608,0.0039627365768
24,0.12,34,0.0212662704289,0.0131432907656,0.0648993551731,4.60463388663e-06,-4.3310374167e-06,-1.17719995975,0.00594410393387
24,0.12,35,0.0425325408578,-4.18652668088e-09,0.0993088930845,4.60287537862e-06,-1.58052239385e-06,-1.17720174789,0.00594410579652
24,0.12,36,-0.0131432777271,-0.0212662704289,0.0993088856339,2.95800248296e-07,6.67845461066e-06,-1.17720258236,0.0148602584377
24,0.12,37,0.0131432777271,-0.0212662704289,0.0993088707328,1.40863630804e-06,3.3631572478e-06,-1.17719769478,0.0128788910806
24,0.12,38,2.65138933031e-09,-0.0131432777271,0.120575129986,2.81571078631e-06,1.41253133279e-06,-1.17720282078,0.0118882022798
24,0.12,39,4.97620078477e-09,-0.0425325408578,0.0993088930845,-2.94547106705e-07,-1.06020324893e-05,-1.17720496655,0.00396273471415
24,0.12,40,-0.013143283315,-0.0344095490873,0.120575167239,-4.00252065447e-06,-9.80925051408e-06,-1.17718720436,0.00396273471415
24,0.12,41,0.0131432777271,-0.0344095490873,0.120575137436,2.50473794949e-06,1.22367202948e-06,-1.17719912529,0.00495341839269
24,0.12,42,2.6038346479e-10,-0.0131432749331,0.0780426338315,-2.13836784724e-07,-5.21644005858e-06,-1.17720317841,0.0118882078677
24,0.12,43,-0.0131432777271,-0.0344095490873,0.0780426114798,-2.54764518104e-06,-4.37372546003e-06,-1.17720139027,0.00396273564547
24,0.12,44,0.0131432777271,-0.0344095490873,0.0780426040292,4.21575759901e-06,-5.62346895094e-06,-1.17720091343,0.00495341978967
24,0.12,45,-0.0344095490873,-0.0212662704289,0.112452179193,-1.39533030961e-05,2.39653604694e-06,-1.1771903038,0.00396273564547
24,0.12,46,-0.0212662704289,-0.0131432972848,0.133718430996,-6.64572689857e-06,1.4633696992e-06,-1.1771941185,0.0049534169957
24,0.12,47,-0.0344095490873,-0.0212662704289,0.0861656069756,-5.98330416324e-06,-2.04567584206e-07,-1.17720425129,0.0039627365768
24,0.12,48,-0.0212662704289,-0.0131432786584,0.0648993402719,2.92702452498e-06,-2.25053668146e-06,-1.17719995975,0.00495341978967
24,0.12,49,0.0344095490873,-0.0212662704289,0.112452179193,7.40894529372e-06,5.69474332224e-06,-1.1772005558,0.00396273564547
24,0.12,50,0.0212662704289,-0.013143283315,0.133718401194,-7.28023280772e-07,1.53611452447e-07,-1.17720460892,0.0049534169957
24,0.12,51,0.0344095490873,-0.0212662704289,0.0861656069756,7.4174722613e-06,-1.3502691445e-06,-1.17719888687,0.0039627365768
24,0.12,52,0.0212662704289,-0.0131432693452,0.0648993477225,3.51828225575e-06,3.43407987202e-06,-1.17719829082,0.00495341978967
24,0.12,53,1.61869251336e-09,-3.22432818223e-08,0.141841441393,4.99533769016e-07,-2.97631004287e-06,-1.17719709873,0.00396273471415
24,0.12,54,-1.2353451595e-08,1.45717722333e-08,0.0567763820291,-2.61352261077e-06,6.13118913861e-07,-1.17720067501,0.00396273750812
25,0.125,0,-1.40888700706e-09,-5.46925305045e-09,0.0932978317142,2.10919074561e-06,-1.19545302368e-06,-1.22625422478,0.00990683957934
25,0.125,1,-0.0262865554541,0.0425325408578,0.0932978615165,-8.61762327986e-06,3.5708753785e-06,-1.22624599934,0.00247670989484
25,0.125,2,0.0262865554541,0.0425325408578,0.0932978689671,8.0681829786e-06,3.41402437698e-06,-1.22624766827,0.00247670989484
25,0.125,3,-0.0262865554541,-0.0425325408578,0.0932978019118,-4.67070412924e-06,-5.42569432582e-06,-1.22625005245,0.00247670989484
25,0.125,4,0.0262865554541,-0.0425325408578,0.0932977870107,7.25121662981e-06,-5.84869621889e-06,-1.2262493372,0.00247670989484
25,0.125,5,9.82171943775e-09,-0.0262865554541,0.135830357671,-1.03480829239e-06,-1.94087851924e-06,-1.22625219822,0.00247670919634
25,0.125,6,-2.10558859237e-09,0.0262865051627,0.135830372572,2.18485979531e-06,1.97516214939e-07,-1.22624945641,0.00247670919634
25,0.125,7,-8.35756708284e-09,-0.0262865442783,0.0507652536035,1.07777191261e-06,2.04554999073e-06,-1.22625899315,0.00247671105899
25,0.125,8,1.07748219236e-08,0.0262865554541,0.0507652834058,-2.98508524565e-07,6.42136365059e-06,-1.22624564171,0.00247671105899
25,0.125,9,0.0425325408578,-2.27239183026e-09,0.0670112743974,-2.70808232017e-06,3.92368656321e-06,-1.22624909878,0.00247670942917
25,0.125,10,0.0425325408578,-1.96658067608e-08,0.119584359229,1.91809226635e-06,-1.71840918028e-06,-1.22624576092,0.00247670849785
25,0.125,11,-0.0425325408578,-3.55160234555e-09,0.0670112743974,7.56793770051e-06,2.30754335462e-06,-1.22624731064,0.00247670942917
25,0.125,12,-0.0425325408578,-4.14145295835e-09,0.11958437413,-1.77049309968e-06,5.89923365624e-06,-1.2262468338,0.00247670849785
25,0.125,13,-0.0131432777271,0.0212662704289,0.0932978540659,-3.54334883923e-06,-3.04936543216e-06,-1.22625076771,0.0148602584377
25,0.125,14,-8.56966941853e-09,0.0131432665512,0.114564098418,1.1112787206e-06,2.98508689411e-06,-1.22625386715,0.00990683585405
25,0.125,15,0.0131432777271,0.0212662704289,0.0932978540659,2.00978001885e-06,-1.10806809062e-06,-1.2262506485,0.0128788910806
25,0.125,16,-0.0131432628259,0.0344095490873,0.114564143121,2.82677046926e-06,9.71037479758e-06,-1.22624254227,0.00396273471415
25,0.125,17,3.22504223327e-09,0.0425325408578,0.0932978689671,-1.49595041421e-06,9.13680469239e-06,-1.22625303268,0.00396273471415
25,0.125,18,0.0131432777271,0.0344095490873,0.114564135671,-4.43869026867e-07,3.22935329677e-06,-1.22625315189,0.00495341839269
25,0.125,19,-1.18160716767e-08,0.0131432870403,0.0720315724611,-2.67190534942e-06,3.95480356019e-06,-1.22625339031,0.00990684051067
25,0.125,20,-0.0131432851776,0.0344095490873,0.0720315948129,-8.95201765161e-07,1.62486537647e-06,-1.22625339031,0.00396273564547
25,0.125,21,0.0131432777271,0.0344095490873,0.0720315873623,2.32604884332e-06,3.00371038975e-06,-1.22625339031,0.00495341978967
25,0.125,22,-0.0212662704289,-1.81390902299e-08,0.106441095471,-1.24857149331e-06,-1.84383168289e-06,-1.22625100613,0.0099068377167
25,0.125,23,-0.0344095490873,0.0212662704289,0.106441125274,-1.42787130244e-05,-1.53599785335e-06,-1.22625434399,0.00396273564547
25,0.125,24,-0.0212662704289,0.0131432330236,0.127707362175,-4.16828424932e-06,-4.14605665355e-06,-1.22624862194,0.00594410020858
25,0.125,25,-0.0212662704289,8.41658387429e-09,0.0801545530558,4.4031850166e-08,1.12350335257e-06,-1.22624742985,0.00990684051067
25,0.125,26,-0.0344095490873,0.0212662704289,0.0801545754075,1.06064044303e-06,-2.35354082179e-06,-1.22624254227,0.0039627365768
25,0.125,27,-0.0212662704289,0.0131432879716,0.0588882677257,2.07362563742e-06,3.59134332939e-06,-1.22624707222,0.00594410393387
25,0.125,28,-0.0425325408578,-6.13994322052e-09,0.0932978391647,-3.30624828848e-07,-7.2259588535e-08,-1.22624647617,0.00594410579652
25,0.125,29,0.0212662704289,-2.60690278253e-08,0.106441102922,-2.44208945333e-06,-5.85972316003e-07,-1.22624826431,0.0099068377167
25,0.125,30,0.0344095490873,0.0212662704289,0.106441125274,1.06863708424e-05,3.10994528263e-06,-1.22625553608,0.00396273564547
25,0.125,31,0.0212662704289,0.0131432600319,0.127707332373,-2.99690714201e-06,3.75183077495e-07,-1.22624289989,0.00594410020858
25,0.125,32,0.0212662704289,9.74947589327e-09,0.0801545381546,-2.36993105318e-06,-6.86404746375e-07,-1.22625207901,0.00990684051067
25,0.125,33,0.0344095490873,0.0212662704289,0.0801545605063,7.45205579733e-06,1.25458200273e-06,-1.22624766827,0.0039627365768
25,0.125,34,0.0212662704289,0.0131432907656,0.0588882751763,3.27287102664e-06,-4.19190382672e-06,-1.22625291348,0.00594410393387
25,0.125,35,0.0425325408578,-7.59498242076e-09,0.0932978317142,5.48959314983e-06,2.04382672564e-07,-1.22625219822,0.00594410579652
25,0.125,36,-0.0131432777271,-0.0212662704289,0.0932978242636,-1.20032234463e-06,3.76887351194e-06,-1.22625124454,0.0148602584377
25,0.125,37,0.0131432777271,-0.0212662704289,0.0932978093624,1.97359167942e-06,1.99465785045e-06,-1.22624635696,0.0128788910806
25,0.125,38,9.29018639795e-09,-0.0131432777271,0.114564068615,-4.84399208744e-07,-2.01678130907e-06,-1.22624576092,0.0118882022798
25,0.125,39,-2.67598343484e-09,-0.0425325408578,0.0932978019118,-2.56186467595e-06,-9.48743763729e-06,-1.22625029087,0.00396273471415
25,0.125,40,-0.013143283315,-0.0344095490873,0.114564135671,-8.09496782495e-07,-9.65616709436e-06,-1.22625029087,0.00396273471415
25,0.125,41,0.0131432777271,-0.0344095490873,0.114564076066,1.34650088057e-06,-1.16014302876e-06,-1.22624778748,0.00495341839269
25,0.125,42,-3.51125994946e-09,-0.0131432889029,0.07203155756,-1.16931380489e-06,-1.86397483048e-06,-1.2262544632,0.0118882078677
25,0.125,43,-0.0131432777271,-0.0344095490873,0.0720315501094,-3.80677602152e-06,-5.11859161634e-06,-1.22625005245,0.00396273564547
25,0.125,44,0.0131432777271,-0.0344095490873,0.0720315426588,4.55593180959e-06,-6.7424525696e-06,-1.22624981403,0.00495341978967
25,0.125,45,-0.0344095490873,-0.0212662704289,0.106441132724,-1.35243235491e-05,-2.29175066124e-06,-1.22624492645,0.00396273564547
25,0.125,46,-0.0212662704289,-0.0131432916969,0.127707362175,-3.49472384187e-06,4.83928442918e-06,-1.2262442112,0.0049534169957
25,0.125,47,-0.0344095490873,-0.0212662704289,0.0801545381546,-5.55046653972e-06,4.40966942961e-07,-1.22625291348,0.0039627365768
25,0.125,48,-0.0212662704289,-0.0131432786584,0.0588882602751,2.12270947486e-06,-4.72968622489e-07,-1.22624862194,0.00495341978967
25,0.125,49,0.0344095490873,-0.0212662704289,0.106441095471,9.80942968454e-06,-9.13572293371e-08,-1.2262544632,0.00396273564547
25,0.125,50,0.0212662704289,-0.013143283315,0.127707332373,1.05805234796e-07,-2.44407124228e-06,-1.22624802589,0.0049534169957
25,0.125,51,0.0344095490873,-0.0212662704289,0.0801545456052,8.71597694641e-06,-1.0338166021e-06,-1.2262532711,0.0039627365768
25,0.125,52,0.0212662704289,-0.0131432693452,0.0588882677257,2.93834455078e-06,2.40990925704e-06,-1.22625124454,0.00495341978967
25,0.125,53,6.91779078466e-09,-4.05203302023e-08,0.13583034277,1.62145761351e-06,-1.8343880015e-07,-1.22625505924,0.00396273471415
25,0.125,54,-1.47093555114e-08,1.20197478637e-08,0.0507652834058,1.78775064796e-06,-1.84024577266e-06,-1.22625350952,0.00396273750812
26,0.13,0,9.80811343254e-09,-7.48792494676e-09,0.0870414599776,1.83213637683e-06,1.31079843868e-07,-1.27530264854,0.00990683957934
26,0.13,1,-0.0262865554541,0.0425325408578,0.087041541934,-6.92983167028e-06,4.07308880312e-06,-1.27529466152,0.00247670989484
26,0.13,2,0.0262865554541,0.0425325408578,0.0870415493846,8.36871549836e-06,5.72207318328e-06,-1.27530229092,0.00247670989484
26,0.13,3,-0.0262865554541,-0.0425325408578,0.0870414823294,-4.29225565313e-06,-2.6960433388e-06,-1.27529370785,0.00247670989484
26,0.13,4,0.0262865554541,-0.0425325408578,0.0870414674282,6.29554642728e-06,-6.64175058773e-06,-1.27529656887,0.00247670989484
26,0.13,5,6.54002851874e-09,-0.0262865554541,0.129574030638,-7.60473255923e-07,-4.61393619844e-06,-1.27530324459,0.00247670919634
26,0.13,6,9.75576508466e-09,0.0262865051627,0.12957406044,2.34973094848e-06,1.81845757652e-06,-1.27529752254,0.00247670919634
26,0.13,7,9.40396892302e-12,-0.0262865442783,0.044508907944,1.75846707862e-06,1.35198590101e-08,-1.27530705929,0.00247671105899
26,0.13,8,4.14928935655e-09,0.0262865815312,0.0445089861751,-2.18765467253e-06,9.81539142231e-06,-1.27529883385,0.00247671105899
26,0.13,9,0.0425325408578,1.94007458987e-08,0.0607549510896,-3.07672848976e-06,4.44723627879e-06,-1.2753008604,0.00247670942917
26,0.13,10,0.0425325408578,-2.10293471525e-08,0.113328039646,4.30907721238e-06,1.24244104427e-06,-1.27529227734,0.00247670849785
26,0.13,11,-0.0425325408578,1.09271063309e-08,0.0607549697161,1.01152345451e-05,2.96916891784e-06,-1.27529597282,0.00247670942917
26,0.13,12,-0.0425325408578,2.15825473049e-08,0.113328054547,-2.83040276372e-06,3.6858882595e-06,-1.27529549599,0.00247670849785
26,0.13,13,-0.0131432777271,0.0212662704289,0.0870415344834,-3.86863348467e-06,-1.41206965054e-06,-1.2753007412,0.0148602584377
26,0.13,14,6.76120825993e-11,0.0131432665512,0.108307756484,2.05459059544e-06,3.01656041302e-06,-1.27530252934,0.00990683585405
26,0.13,15,0.0131432777271,0.0212662704289,0.0870415121317,1.34384106332e-06,-2.23358279072e-06,-1.27530407906,0.0128788910806
26,0.13,16,-0.0131432628259,0.0344095490873,0.108307823539,-1.0697046946e-06,4.00425960834e-06,-1.27529716492,0.00396273471415
26,0.13,17,-6.47287690114e-09,0.0425325408578,0.0870415195823,-2.2731323952e-06,9.13614167075e-06,-1.27530312538,0.00396273471415
26,0.13,18,0.0131432777271,0.0344095490873,0.108307778835,-2.41903336473e-07,1.16541536954e-06,-1.27530252934,0.00495341839269
26,0.13,19,-1.24161454451e-08,0.0131432870403,0.0657752379775,2.60400861407e-06,1.15380953503e-06,-1.27530395985,0.00990684051067
26,0.13,20,-0.0131432851776,0.0344095490873,0.0657752603292,1.65359466564e-07,4.27203121944e-06,-1.27530276775,0.00396273564547
26,0.13,21,0.0131432777271,0.0344095490873,0.0657752603292,1.92900438378e-06,3.63652202395e-06,-1.27530372143,0.00495341978967
26,0.13,22,-0.0212662704289,-2.0173322568e-08,0.100184775889,-2.64771387037e-07,1.13329895157e-06,-1.27529394627,0.0099068377167
26,0.13,23,-0.0344095490873,0.0212662704289,0.100184798241,-1.26451077449e-05,-2.68632879852e-06,-1.27529776096,0.00396273564547
26,0.13,24,-0.0212662704289,0.0131432330236,0.121451050043,-4.45872456112e-06,1.40373424529e-06,-1.27530097961,0.00594410020858
26,0.13,25,-0.0212662704289,6.81577239092e-09,0.0738982334733,-2.25311751478e-07,-1.70198848082e-06,-1.2753020525,0.00990684051067
26,0.13,26,-0.0344095490873,0.0212662704289,0.073898255825,-2.97150648976e-07,-1.81610357686e-06,-1.27529716492,0.0039627365768
26,0.13,27,-0.0212662704289,0.0131432879716,0.0526319853961,-7.48054389987e-07,3.32196441377e-06,-1.27529668808,0.00594410393387
26,0.13,28,-0.0425325408578,-8.54462101074e-09,0.0870415195823,-3.08245262204e-06,-7.95959579136e-07,-1.27530109882,0.00594410579652
26,0.13,29,0.0212662704289,-1.26640511411e-08,0.10018478334,-2.39421319748e-06,5.18945716976e-06,-1.2752982378,0.0099068377167
26,0.13,30,0.0344095490873,0.0212662704289,0.100184775889,1.20572167361e-05,-4.26859116942e-07,-1.27530014515,0.00396273564547
26,0.13,31,0.0212662704289,0.0131432600319,0.121451050043,-1.5158188944e-06,3.24030196452e-07,-1.27529263496,0.00594410020858
26,0.13,32,0.0212662704289,5.15235631937e-09,0.073898203671,-3.88102989746e-06,-1.16887133572e-06,-1.27530479431,0.00990684051067
26,0.13,33,0.0344095490873,0.0212662704289,0.0738982409239,7.18934734323e-06,2.94760434372e-06,-1.27530050278,0.0039627365768
26,0.13,34,0.0212662704289,0.0131432814524,0.0526319332421,8.05719366781e-07,-4.48341734227e-06,-1.27529704571,0.00594410393387
26,0.13,35,0.0425325408578,-4.39883329761e-09,0.0870414674282,6.57116788716e-06,5.08092171003e-07,-1.27530372143,0.00594410579652
26,0.13,36,-0.0131432777271,-0.0212662704289,0.0870415046811,-2.35180937125e-06,1.4010436189e-06,-1.27530157566,0.0148602584377
26,0.13,37,0.0131432777271,-0.0212662704289,0.0870414897799,1.67052166944e-06,4.36861256503e-07,-1.27529883385,0.0128788910806
26,0.13,38,7.67507446486e-11,-0.0131432777271,0.108307749033,-2.41790871769e-06,-4.26919177698e-06,-1.27529430389,0.0118882022798
26,0.13,39,-1.41665159603e-08,-0.0425325408578,0.0870414823294,-1.07243420189e-06,-8.75708064996e-06,-1.27529537678,0.00396273471415
26,0.13,40,-0.013143283315,-0.0344095490873,0.108307763934,1.45065405377e-06,-8.74145098351e-06,-1.27530908585,0.00396273471415
26,0.13,41,0.0131432777271,-0.0344095490873,0.108307756484,6.38578796952e-07,-4.18884246756e-06,-1.27529799938,0.00495341839269
26,0.13,42,-7.81065079281e-09,-0.0131432889029,0.0657752081752,2.63636279474e-10,1.41644500218e-06,-1.27530193329,0.0118882078677
26,0.13,43,-0.0131432777271,-0.0344095490873,0.0657752305269,-4.2295869207e-06,-5.15911096954e-06,-1.2752995491,0.00396273564547
26,0.13,44,0.0131432777271,-0.0344095490873,0.0657752081752,3.83133692594e-06,-5.77802256885e-06,-1.27530348301,0.00495341978967
26,0.13,45,-0.0344095490873,-0.0212662704289,0.100184813142,-1.38057648655e-05,-6.09688413533e-06,-1.2752995491,0.00396273564547
26,0.13,46,-0.0212662704289,-0.0131432814524,0.121451050043,-2.83737972495e-06,2.50744960795e-06,-1.27529299259,0.0049534169957
26,0.13,47,-0.0344095490873,-0.0212662704289,0.0738982185721,-4.42062992079e-06,2.22667381422e-06,-1.27530157566,0.0039627365768
26,0.13,48,-0.0212662704289,-0.0131432786584,0.0526319630444,-3.61688591966e-07,1.92331890503e-06,-1.27529704571,0.00495341978967
26,0.13,49,0.0344095490873,-0.0212662704289,0.100184753537,1.34335459734e-05,-5.94323637415e-06,-1.27530145645,0.00396273564547
26,0.13,50,0.0212662704289,-0.0131433075294,0.121451020241,2.92452841677e-06,-4.86255612486e-06,-1.2752944231,0.0049534169957
26,0.13,51,0.0344095490873,-0.0212662704289,0.0738981664181,8.37374409457e-06,-1.52947919219e-07,-1.27530443668,0.0039627365768
26,0.13,52,0.0212662704289,-0.0131432693452,0.0526319220662,2.22902599489e-06,2.5491578981e-06,-1.27529990673,0.00495341978967
26,0.13,53,1.52142014542e-08,-3.08926004777e-08,0.129574015737,1.09831694317e-06,3.84112763641e-06,-1.27529835701,0.00396273471415
26,0.13,54,-1.83743922855e-10,3.98322663742e-09,0.0445089377463,2.81791358248e-06,-5.97737653152e-07,-1.2753020525,0.00396273750812
27,0.135,0,1.47586165511e-08,-2.56605892091e-09,0.0805398970842,-1.21964491839e-08,1.68167889569e-06,-1.3243470192,0.00990683957934
27,0.135,1,-0.0262865554541,0.0425325408578,0.0805399790406,-5.93454205955e-06,4.40107760369e-06,-1.32434332371,0.00247670989484
27,0.135,2,0.0262865554541,0.0425325408578,0.0805399417877,6.56196061755e-06,6.48247214485e-06,-1.32435691357,0.00247670989484
27,0.135,3,-0.0262865554541,-0.0425325408578,0.080539919436,-7.81166454544e-06,-3.36687116942e-06,-1.32434237003,0.00247670989484
27,0.135,4,0.0262865554541,-0.0425325408578,0.0805399045348,3.97859867007e-06,-4.23256278737e-06,-1.32434523106,0.00247670989484
27,0.135,5,-1.99784233601e-09,-0.0262865554541,0.123072445393,-2.75694173979e-06,-9.01053863345e-06,-1.32435250282,0.00247670919634
27,0.135,6,1.83097679241e-08,0.0262865051627,0.123072490096,9.33679586979e-07,4.98966846862e-06,-1.32434761524,0.00247670919634
27,0.135,7,4.28442437084e-09,-0.0262865442783,0.0380073189735,-2.02712200803e-07,-1.93715777641e-07,-1.32434642315,0.00247671105899
27,0.135,8,-1.04961079828e-08,0.0262865964323,0.0380073934793,-3.328898174e-06,6.97442055753e-06,-1.32435667515,0.00247671105899
27,0.135,9,0.0425325408578,3.61089469436e-08,0.0542533583939,8.392574955e-07,1.34913352667e-06,-1.32435548306,0.00247670942917
27,0.135,10,0.0425325408578,-1.04132018564e-08,0.106826476753,3.42794578501e-06,2.5837866815e-06,-1.32434093952,0.00247670849785
27,0.135,11,-0.0425325408578,2.16412914256e-08,0.0542533993721,8.80550578586e-06,1.06730294647e-06,-1.32435011864,0.00247670942917
27,0.135,12,-0.0425325408578,2.65919002373e-08,0.106826491654,-3.49823244505e-06,-1.787358201e-06,-1.32434415817,0.00247670849785
27,0.135,13,-0.0131432777271,0.0212662704289,0.0805399417877,-2.827351409e-06,-1.01635134797e-06,-1.3243534565,0.0148602584377
27,0.135,14,8.40685387971e-09,0.0131432665512,0.10180619359,9.11175106921e-07,3.21968127537e-06,-1.32435166836,0.00990683585405
27,0.135,15,0.0131432777271,0.0212662704289,0.080539919436,6.7922371727e-07,-2.28758563026e-06,-1.3243521452,0.0128788910806
27,0.135,16,-0.0131432628259,0.0344095490873,0.101806260645,-3.55242036676e-06,-2.93767971016e-06,-1.32435369492,0.00396273471415
27,0.135,17,-1.3187799297e-08,0.0425325408578,0.0805399566889,4.0149988223e-08,8.00471025286e-06,-1.32435297966,0.00396273471415
27,0.135,18,0.0131432777271,0.0344095490873,0.101806201041,3.0334439316e-07,-3.57655494554e-06,-1.32435333729,0.00495341839269
27,0.135,19,4.89914420143e-09,0.0131432870403,0.0592736303806,3.03762817566e-06,-8.73633268839e-07,-1.32434928417,0.00990684051067
27,0.135,20,-0.0131432851776,0.0344095490873,0.0592736825347,1.05785652238e-07,6.83033340465e-06,-1.32435142994,0.00396273564547
27,0.135,21,0.0131432777271,0.0344095490873,0.0592736527324,1.72243687757e-06,6.25217080596e-06,-1.3243521452,0.00495341978967
27,0.135,22,-0.0212662704289,-8.81594264257e-09,0.0936832129955,1.61215575645e-06,2.78487254946e-06,-1.3243407011,0.0099068377167
27,0.135,23,-0.0344095490873,0.0212662704289,0.0936832353473,-1.08850126708e-05,-3.20513777297e-06,-1.32434308529,0.00396273564547
27,0.135,24,-0.0212662704289,0.013143257238,0.114949464798,-2.09153154174e-06,7.31451291358e-06,-1.32435297966,0.00594410020858
27,0.135,25,-0.0212662704289,-4.16929335501e-09,0.0673966482282,1.09216955479e-06,-1.84441353213e-06,-1.32435357571,0.00990684051067
27,0.135,26,-0.0344095490873,0.0212662704289,0.0673966929317,-1.84339182852e-06,-8.8169194612e-08,-1.32435178757,0.0039627365768
27,0.135,27,-0.0212662704289,0.0131432879716,0.046130400151,-1.78934874384e-06,2.8934268812e-06,-1.32435131073,0.00594410393387
27,0.135,28,-0.0425325408578,-1.25988206534e-08,0.0805399343371,-5.20007142768e-06,-6.22145023499e-07,-1.32435190678,0.00594410579652
27,0.135,29,0.0212662704289,1.34339011026e-08,0.0936832204461,-1.83706310963e-06,3.86398642149e-06,-1.32435238361,0.0099068377167
27,0.135,30,0.0344095490873,0.0212662704289,0.0936832129955,1.09645288831e-05,-4.41762676928e-06,-1.32434689999,0.00396273564547
27,0.135,31,0.0212662704289,0.0131432600319,0.11494948715,1.71221154233e-06,1.12397390239e-06,-1.32434725761,0.00594410020858
27,0.135,32,0.0212662704289,-4.92474772074e-09,0.0673966035247,-4.44052147941e-06,-2.79210371446e-06,-1.32435023785,0.00990684051067
27,0.135,33,0.0344095490873,0.0212662704289,0.067396633327,8.55643884279e-06,7.04583180777e-06,-1.32435512543,0.0039627365768
27,0.135,34,0.0212662704289,0.0131432814524,0.046130374074,-4.39870397884e-08,-2.07452490031e-06,-1.32435035706,0.00594410393387
27,0.135,35,0.0425325408578,-4.62975036086e-09,0.0805399045348,4.29914780398e-06,-1.71952294181e-07,-1.32435047626,0.00594410579652
27,0.135,36,-0.0131432777271,-0.0212662704289,0.0805399045348,-2.60958495346e-06,1.34571871513e-06,-1.32435357571,0.0148602584377
27,0.135,37,0.0131432777271,-0.0212662704289,0.0805399268866,2.2707381504e-06,7.28545785478e-07,-1.3243534565,0.0128788910806
27,0.135,38,-7.7734494397e-09,-0.0131432823837,0.10180618614,-4.621533094e-07,-4.64227014163e-06,-1.32434618473,0.0118882022798
27,0.135,39,-6.54525589283e-09,-0.0425325408578,0.080539919436,4.04484489991e-06,-8.75208661455e-06,-1.32434594631,0.00396273471415
27,0.135,40,-0.013143283315,-0.0344095490873,0.101806148887,2.42413807428e-06,-1.09679895104e-05,-1.32435190678,0.00396273471415
27,0.135,41,0.0131432777271,-0.0344095490873,0.10180619359,8.31979207305e-07,-8.22546644486e-06,-1.32435262203,0.00495341839269
27,0.135,42,-2.34856067927e-09,-0.0131432889029,0.0592736303806,2.04362822842e-06,2.88482215183e-06,-1.32435286045,0.0118882078677
27,0.135,43,-0.0131432777271,-0.0344095490873,0.0592736527324,-4.04487354899e-06,-5.4525376072e-06,-1.32435417175,0.00396273564547
27,0.135,44,0.0131432777271,-0.0344095490873,0.0592736303806,3.02313969769e-06,-3.23660651702e-06,-1.32435142994,0.00495341978967
27,0.135,45,-0.0344095490873,-0.0212662704289,0.0936832353473,-1.45629237522e-05,-7.41277108318e-06,-1.32435417175,0.00396273564547
27,0.135,46,-0.0212662704289,-0.0131432814524,0.11494948715,-3.7355364384e-06,2.05538498221e-07,-1.32434475422,0.0049534169957
27,0.135,47,-0.0344095490873,-0.0212662704289,0.0673966556787,-5.39380334885e-06,1.98702582566e-06,-1.3243521452,0.0039627365768
27,0.135,48,-0.0212662704289,-0.0131432786584,0.0461303815246,-2.3597146992e-06,3.55668476004e-06,-1.32434761524,0.00495341978967
27,0.135,49,0.0344095490873,-0.0212662704289,0.0936831906438,1.49103570948e-05,-7.37392747396e-06,-1.32435011864,0.00396273564547
27,0.135,50,0.0212662704289,-0.013143309392,0.114949457347,4.20264404966e-06,6.53883773793e-07,-1.32434308529,0.0049534169957
27,0.135,51,0.0344095490873,-0.0212662704289,0.0673965960741,5.2834093367e-06,1.22110816392e-06,-1.3243471384,0.0039627365768
27,0.135,52,0.0212662704289,-0.0131432693452,0.0461303293705,4.56124666925e-07,6.92743526542e-07,-1.32434856892,0.00495341978967
27,0.135,53,1.42911709133e-08,-9.84028059037e-09,0.123072445393,-1.81698305823e-06,3.71388568965e-06,-1.32434082031,0.00396273471415
27,0.135,54,5.52472156912e-09,8.7503373436e-09,0.0380073599517,-6.00810153628e-07,1.92546599465e-06,-1.32434570789,0.00396273750812
28,0.14,0,5.37949862434e-09,4.41399405915e-09,0.0737930908799,-3.6396561427e-06,3.4663543147e-07,-1.37339568138,0.00990683957934
28,0.14,1,-0.0262865554541,0.0425325408578,0.0737931728363,-5.33607089892e-06,3.78730919692e-06,-1.37339770794,0.00247670989484
28,0.14,2,0.0262865554541,0.0425325408578,0.0737930685282,4.48762557426e-06,3.73111356566e-06,-1.37340676785,0.00247670989484
28,0.14,3,-0.0262865554541,-0.0425325408578,0.0737931132317,-8.77438014868e-06,-5.06177320858e-06,-1.37339627743,0.00247670989484
28,0.14,4,0.0262865554541,-0.0425325408578,0.0737930983305,3.85590283258e-06,-2.21798609346e-06,-1.37339746952,0.00247670989484
28,0.14,5,-1.65717892742e-08,-0.0262865889817,0.116325601935,-2.08283950087e-06,-7.52813821236e-06,-1.37340295315,0.00247670919634
28,0.14,6,1.96436484856e-08,0.0262865293771,0.116325668991,-4.69920536261e-07,9.95436130324e-06,-1.3734048605,0.00247670919634
28,0.14,7,-2.4864492687e-09,-0.0262865442783,0.0312605313957,-2.18749460146e-06,-3.26387134919e-06,-1.37339758873,0.00247671105899
28,0.14,8,-2.45111433372e-08,0.0262865964323,0.0312605127692,-1.87288469533e-06,2.45901583185e-06,-1.37340700626,0.00247671105899
28,0.14,9,0.0425325408578,2.70320725804e-08,0.0475065149367,1.65584970091e-06,-4.73128329759e-06,-1.3734061718,0.00247670942917
28,0.14,10,0.0425325408578,3.51732504233e-10,0.100079670548,-1.94562517208e-07,1.4903690726e-06,-1.37339389324,0.00247670849785
28,0.14,11,-0.0425325408578,2.04083061561e-08,0.0475065559149,6.42124905426e-06,-1.4584766177e-06,-1.3734036684,0.00247670942917
28,0.14,12,-0.0425325408578,3.75268438546e-09,0.10007968545,-2.45820524469e-06,-6.7341520662e-06,-1.37339282036,0.00247670849785
28,0.14,13,-0.0131432777271,0.0212662704289,0.0737931132317,-1.64654784385e-06,-2.46532681558e-06,-1.37340140343,0.0148602584377
28,0.14,14,6.26324681008e-09,0.0131432721391,0.0950593650341,-1.30921705477e-06,4.79113668916e-06,-1.37340056896,0.00990683585405
28,0.14,15,0.0131432777271,0.0212662704289,0.0737930983305,1.87444936728e-06,-9.6261840099e-07,-1.37340247631,0.0128788910806
28,0.14,16,-0.0131432628259,0.0344095490873,0.0950593873858,-2.59099374489e-06,-8.01818168839e-06,-1.37340927124,0.00396273471415
28,0.14,17,-5.75474601305e-09,0.0425325408578,0.0737930834293,2.82867790702e-06,6.41578162686e-06,-1.37340426445,0.00396273471415
28,0.14,18,0.0131432777271,0.0344095490873,0.0950593799353,-6.60148984366e-08,-8.03471994004e-06,-1.37340271473,0.00495341839269
28,0.14,19,1.34560593779e-08,0.0131432870403,0.0525268279016,1.27909004277e-07,-2.21745426643e-06,-1.37339508533,0.00990684051067
28,0.14,20,-0.0131432851776,0.0344095490873,0.0525268390775,-8.14614622868e-07,9.35958814807e-06,-1.37340009212,0.00396273564547
28,0.14,21,0.0131432777271,0.0344095490873,0.0525268092752,1.4867638356e-06,8.00232828624e-06,-1.37339770794,0.00495341978967
28,0.14,22,-0.0212662704289,3.76073172603e-09,0.0869364142418,2.95982840726e-06,1.92479228645e-06,-1.37339496613,0.0099068377167
28,0.14,23,-0.0344095490873,0.0212662704289,0.086936429143,-9.12325049285e-06,-4.01586885346e-06,-1.37339735031,0.00396273564547
28,0.14,24,-0.0212662704289,0.0131433038041,0.108202658594,1.95856409846e-06,5.89947921981e-06,-1.37340164185,0.00594410020858
28,0.14,25,-0.0212662704289,-7.21734005893e-09,0.0606497973204,3.46944307239e-06,5.37463336059e-07,-1.37339901924,0.00990684051067
28,0.14,26,-0.0344095490873,0.0212662704289,0.0606498420238,-3.35105005433e-06,1.04065088635e-06,-1.37340521812,0.0039627365768
28,0.14,27,-0.0212662704289,0.0131432879716,0.0393835566938,-2.53523216998e-06,2.87704915536e-06,-1.3734036684,0.00594410393387
28,0.14,28,-0.0425325408578,-1.03941850682e-08,0.0737931281328,-3.59728596777e-06,1.81153893664e-06,-1.37339985371,0.00594410579652
28,0.14,29,0.0212662704289,1.41964315858e-08,0.0869363844395,-1.62924209235e-06,-3.59635987479e-06,-1.37340199947,0.0099068377167
28,0.14,30,0.0344095490873,0.0212662704289,0.0869364067912,9.21560149436e-06,-5.61536762689e-06,-1.37340128422,0.00396273564547
28,0.14,31,0.0212662704289,0.0131432600319,0.108202666044,3.59351156476e-06,2.74606145467e-06,-1.37340402603,0.00594410020858
28,0.14,32,0.0212662704289,-1.55888510989e-08,0.0606497824192,-3.80504025088e-06,-7.08622451384e-07,-1.37339663506,0.00990684051067
28,0.14,33,0.0344095490873,0.0212662704289,0.0606497898698,6.49658295515e-06,7.01437511452e-06,-1.37339830399,0.0039627365768
28,0.14,34,0.0212662704289,0.0131432814524,0.0393835306168,3.83293297546e-07,-2.45949536293e-07,-1.37340307236,0.00594410393387
28,0.14,35,0.0425325408578,-2.04598626929e-09,0.0737930983305,2.01397187993e-06,1.20722836527e-06,-1.37339913845,0.00594410579652
28,0.14,36,-0.0131432777271,-0.0212662704289,0.0737930908799,-1.26812687995e-06,3.2399830161e-06,-1.37340176105,0.0148602584377
28,0.14,37,0.0131432777271,-0.0212662704289,0.073793053627,2.54578367276e-06,2.37915833168e-06,-1.37340307236,0.0128788910806
28,0.14,38,-3.26855720267e-09,-0.0131432823837,0.0950593799353,2.13032967622e-06,-4.33441528003e-06,-1.37339806557,0.0118882022798
28,0.14,39,1.71902279078e-08,-0.0425325408578,0.0737931132317,3.82781809094e-06,-8.55862253957e-06,-1.37340271473,0.00396273471415
28,0.14,40,-0.013143283315,-0.0344095490873,0.0950593426824,2.90640082312e-06,-1.10978971861e-05,-1.3733946085,0.00396273471415
28,0.14,41,0.0131432777271,-0.0344095490873,0.0950593277812,1.01479383829e-06,-8.5667543317e-06,-1.37340283394,0.00495341839269
28,0.14,42,9.89676784968e-09,-0.0131432740018,0.0525267869234,2.01767988983e-06,5.27177689946e-06,-1.37339866161,0.0118882078677
28,0.14,43,-0.0131432823837,-0.0344095490873,0.0525268092752,-4.46225931228e-06,-7.25106156096e-06,-1.37340414524,0.00396273564547
28,0.14,44,0.0131432777271,-0.0344095490873,0.0525268092752,3.73810098608e-06,-3.20967956213e-06,-1.37339627743,0.00495341978967
28,0.14,45,-0.0344095490873,-0.0212662704289,0.0869363769889,-1.32702080009e-05,-6.27930012342e-06,-1.37340164185,0.00396273564547
28,0.14,46,-0.0212662704289,-0.0131432814524,0.108202680945,-3.87628870158e-06,9.37503784826e-07,-1.37340176105,0.0049534169957
28,0.14,47,-0.0344095490873,-0.0212662704289,0.0606498047709,-8.29596592666e-06,6.88422858275e-07,-1.37340462208,0.0039627365768
28,0.14,48,-0.0212662704289,-0.0131432786584,0.0393835380673,-4.78089714306e-06,3.56131658918e-06,-1.37340223789,0.00495341978967
28,0.14,49,0.0344095490873,-0.0212662704289,0.0869363844395,1.26299146359e-05,-5.32879948878e-06,-1.37340199947,0.00396273564547
28,0.14,50,0.0212662704289,-0.0131432870403,0.108202651143,2.52609879681e-06,6.9799780249e-06,-1.37339675426,0.0049534169957
28,0.14,51,0.0344095490873,-0.0212662704289,0.0606497935951,3.95593269786e-06,2.76209584626e-06,-1.37339496613,0.0039627365768
28,0.14,52,0.0212662704289,-0.0131432693452,0.0393834859133,2.51156961895e-06,-1.45009789776e-06,-1.37339711189,0.00495341978967
28,0.14,53,-3.35426708631e-09,-2.51536902418e-09,0.11632566154,-4.67539530291e-06,-6.72859925999e-07,-1.3733932972,0.00396273471415
28,0.14,54,-5.26671817269e-09,2.10673309908e-08,0.0312605388463,-3.16258206112e-06,3.30769171342e-06,-1.37340033054,0.00396273750812
29,0.145,0,-1.49695615903e-08,-1.37710365333e-09,0.0668010264635,-3.48419735019e-06,-2.08895062315e-06,-1.42244434357,0.00990683957934
29,0.145,1,-0.0262865554541,0.0425325408578,0.066801071167,-5.29503267899e-06,2.36751998273e-06,-1.42245829105,0.00247670989484
29,0.145,2,0.0262865554541,0.0425325408578,0.0668009743094,3.88624766856e-06,1.33785329126e-06,-1.42244970798,0.00247670989484
29,0.145,3,-0.0262865554541,-0.0425325408578,0.0668010488153,-6.07071206105e-06,-3.6698038457e-06,-1.42245280743,0.00247670989484
29,0.145,4,0.0262865554541,-0.0425325408578,0.0668010339141,7.06517130311e-06,-3.47462901118e-06,-1.42245209217,0.00247670989484
29,0.145,5,-1.54550257037e-08,-0.0262865889817,0.109333537519,2.38827669818e-06,-6.27804820397e-06,-1.42244577408,0.00247670919634
29,0.145,6,1.5625285954e-08,0.02628656663,0.10933354497,-8.9952993676e-07,8.43509405968e-06,-1.4224588871,0.00247670919634
29,0.145,7,-1.21705925338e-08,-0.0262865442783,0.0242684520781,-1.24985194816e-06,-3.60286594514e-06,-1.42245066166,0.00247671105899
29,0.145,8,-2.63114134924e-08,0.0262865964323,0.0242684446275,1.19305843782e-06,-8.56056703924e-06,-1.42244076729,0.00247671105899
29,0.145,9,0.0425325408578,-5.48161338543e-09,0.0405144244432,-2.45014234679e-06,-6.75360433888e-06,-1.42244911194,0.00247670942917
29,0.145,10,0.0425325408578,2.84449708232e-09,0.093087606132,-2.22515245696e-06,-3.09783359853e-07,-1.42244851589,0.00247670849785
29,0.145,11,-0.0425325408578,9.00114915936e-09,0.0405144654214,6.0870274865e-06,-2.67944506049e-06,-1.42245221138,0.00247670942917
29,0.145,12,-0.0425325408578,-3.00379916496e-08,0.0930876210332,-6.68770098855e-07,-5.47390300198e-06,-1.4224435091,0.00247670849785
29,0.145,13,-0.0131432777271,0.0212662704289,0.0668010190129,-1.96665928343e-06,-3.92144193029e-06,-1.42245233059,0.0148602584377
29,0.145,14,-1.15123399702e-09,0.0131432795897,0.0880673006177,-1.36650305649e-06,3.32297031491e-06,-1.42244744301,0.00990683585405
29,0.145,15,0.0131432777271,0.0212662704289,0.0668010041118,3.36059474648e-06,-1.13983253414e-06,-1.42245268822,0.0128788910806
29,0.145,16,-0.0131432628259,0.0344095490873,0.0880672633648,-2.41387806454e-06,-4.21772028858e-06,-1.42245364189,0.00396273471415
29,0.145,17,1.06749720175e-08,0.0425325408578,0.0668010041118,2.94272172141e-06,5.75317699258e-06,-1.42245316505,0.00396273471415
29,0.145,18,0.0131432777271,0.0344095490873,0.0880672559142,2.22697008212e-06,-7.94277730165e-06,-1.42245352268,0.00495341839269
29,0.145,19,6.99051483366e-09,0.0131432870403,0.0455347560346,-2.23734400606e-06,-1.254438871e-06,-1.42244970798,0.00990684051067
29,0.145,20,-0.0131432851776,0.0344095490873,0.045534748584,-1.34834169785e-06,9.29447651288e-06,-1.4224486351,0.00396273564547
29,0.145,21,0.0131432777271,0.0344095490873,0.045534722507,3.90798447825e-07,7.14704810889e-06,-1.42244625092,0.00495341978967
29,0.145,22,-0.0212662704289,8.79639472373e-09,0.0799443498254,3.74811884285e-06,2.11901294733e-07,-1.42244958878,0.0099068377167
29,0.145,23,-0.0344095490873,0.0212662704289,0.0799443498254,-9.55851919571e-06,-5.21055744684e-06,-1.42245411873,0.00396273564547
29,0.145,24,-0.0212662704289,0.0131433112547,0.101210594177,4.38948336523e-06,-9.08927063392e-07,-1.42245066166,0.00594410020858
29,0.145,25,-0.0212662704289,-2.46976827878e-10,0.0536577478051,3.51125004272e-06,2.03476429306e-06,-1.4224448204,0.00990684051067
29,0.145,26,-0.0344095490873,0.0212662704289,0.0536577515304,-2.35764105128e-06,1.05964807062e-06,-1.4224537611,0.0039627365768
29,0.145,27,-0.0212662704289,0.0131432879716,0.0323914662004,-2.19190678763e-06,2.45676756094e-06,-1.42245233059,0.00594410393387
29,0.145,28,-0.0425325408578,3.97692367926e-09,0.0668010488153,3.09311531943e-09,3.36075822815e-06,-1.42245221138,0.00594410579652
29,0.145,29,0.0212662704289,-1.43197995683e-08,0.0799442976713,-2.21770619646e-06,-5.89132059758e-06,-1.42245256901,0.0099068377167
29,0.145,30,0.0344095490873,0.0212662704289,0.0799442976713,8.00909583631e-06,-5.25379755345e-06,-1.42245435715,0.00396273564547
29,0.145,31,0.0212662704289,0.0131432851776,0.101210542023,1.33550133796e-06,5.70372685615e-06,-1.42245411873,0.00594410020858
29,0.145,32,0.0212662704289,-6.20793905171e-09,0.0536577217281,-2.10838288695e-06,4.38932056568e-06,-1.42244648933,0.00990684051067
29,0.145,33,0.0344095490873,0.0212662704289,0.0536577478051,3.72682097804e-06,3.35849290423e-06,-1.42244613171,0.0039627365768
29,0.145,34,0.0212662704289,0.0131432814524,0.0323914401233,-1.29759962419e-06,5.43976170775e-07,-1.42245078087,0.00594410393387
29,0.145,35,0.0425325408578,6.31318819444e-09,0.0668010339141,4.70190514079e-07,1.37353038099e-06,-1.42245042324,0.00594410579652
29,0.145,36,-0.0131432777271,-0.0212662704289,0.0668009966612,-9.81513537113e-08,5.38710537512e-06,-1.42245221138,0.0148602584377
29,0.145,37,0.0131432777271,-0.0212662704289,0.0668009892106,1.79853623195e-06,3.6386040847e-06,-1.42244648933,0.0128788910806
29,0.145,38,7.13720371692e-09,-0.0131432823837,0.0880673080683,1.37443623771e-06,-3.19023706652e-06,-1.42245268822,0.0118882022798
29,0.145,39,1.92934468402e-08,-0.0425325408578,0.0668009892106,-2.95395830108e-06,-8.769089618e-06,-1.42245638371,0.00396273471415
29,0.145,40,-0.013143283315,-0.0344095490873,0.088067278266,4.13581028624e-06,-1.09265292849e-05,-1.42244565487,0.00396273471415
29,0.145,41,0.0131432777271,-0.0344095490873,0.0880672633648,1.71902036072e-06,-4.14821352024e-06,-1.42244935036,0.00495341839269
29,0.145,42,1.08567652646e-08,-0.013143257238,0.0455347411335,-1.80732456556e-06,2.91993092105e-06,-1.42244374752,0.0118882078677
29,0.145,43,-0.0131432823837,-0.0344095490873,0.0455347187817,-2.51130086326e-06,-4.65820721729e-06,-1.42244684696,0.00396273564547
29,0.145,44,0.0131432777271,-0.0344095490873,0.045534722507,2.85124633592e-06,-2.36934556597e-06,-1.42244827747,0.00495341978967
29,0.145,45,-0.0344095490873,-0.0212662704289,0.0799443125725,-1.14274462248e-05,-5.10476684212e-06,-1.42245054245,0.00396273564547
29,0.145,46,-0.0212662704289,-0.0131432814524,0.101210556924,-3.13523719342e-06,3.3024714412e-06,-1.42245543003,0.0049534169957
29,0.145,47,-0.0344095490873,-0.0212662704289,0.0536577142775,-8.22143192636e-06,1.55724023898e-06,-1.42245280743,0.0039627365768
29,0.145,48,-0.0212662704289,-0.0131432618946,0.0323914475739,-4.11965038438e-06,5.49233072888e-06,-1.42245328426,0.00495341978967
29,0.145,49,0.0344095490873,-0.0212662704289,0.0799442902207,9.31851172936e-06,-2.07174252864e-06,-1.42244982719,0.00396273564547
29,0.145,50,0.0212662704289,-0.013143257238,0.101210586727,1.44586556416e-06,2.23714710046e-06,-1.42245137691,0.0049534169957
29,0.145,51,0.0344095490873,-0.0212662704289,0.0536577217281,5.86290116189e-06,3.69499184671e-06,-1.42244875431,0.0039627365768
29,0.145,52,0.0212662704289,-0.0131432693452,0.0323914550245,4.89793592351e-06,-2.30454156736e-06,-1.42244565487,0.00495341978967
29,0.145,53,-2.30766179499e-08,-4.68991911973e-09,0.109333589673,-2.01865759664e-06,3.14134297241e-07,-1.42245364189,0.00396273471415
29,0.145,54,-1.90181506099e-08,4.30320348244e-08,0.0242684483528,-1.53295729888e-06,3.91472303818e-06,-1.42245101929,0.00396273750812
30,0.15,0,-2.04450145702e-08,-6.04397198956e-09,0.0595637336373,1.55790917233e-06,8.02693989499e-07,-1.4714962244,0.00990683957934
30,0.15,1,-0.0262865554541,0.0425325408578,0.0595636889338,-4.57496435047e-06,2.20837387133e-06,-1.47151374817,0.00247670989484
30,0.15,2,0.0262865554541,0.0425325408578,0.0595636554062,6.87001738697e-06,4.6453133109e-06,-1.47149801254,0.00247670989484
30,0.15,3,-0.0262865554541,-0.0425325408578,0.0595636926591,-4.21976528742e-06,-7.2256131034e-07,-1.47150552273,0.00247670989484
30,0.15,4,0.0262865554541,-0.0425325408578,0.059563677758,6.9359389272e-06,-1.89971183318e-06,-1.47150468826,0.00247670989484
30,0.15,5,3.5130363063e-09,-0.0262865889817,0.102096229792,4.80077869724e-06,4.74256893312e-07,-1.47149658203,0.00247670919634
30,0.15,6,1.26212409413e-08,0.0262866225094,0.102096185088,-1.74662304175e-07,8.35909850139e-06,-1.47150027752,0.00247670919634
30,0.15,7,-1.49260941384e-08,-0.0262865442783,0.0170311369002,-2.23117936571e-07,5.69704297959e-06,-1.47149372101,0.00247671105899
30,0.15,8,-1.25895525116e-08,0.0262865554541,0.0170311667025,3.80309347747e-06,-5.54350799575e-06,-1.47149324417,0.00247671105899
30,0.15,9,0.0425325408578,-2.7249685175e-08,0.0332771353424,-5.80091182201e-06,-1.44702994476e-06,-1.47149133682,0.00247670942917
30,0.15,10,0.0425325408578,2.46866993514e-09,0.0858502611518,-5.6875660448e-06,5.6816486449e-07,-1.47150540352,0.00247670849785
30,0.15,11,-0.0425325408578,-1.11530007452e-09,0.0332771353424,1.03128668343e-05,-9.46351690345e-07,-1.47149515152,0.00247670942917
30,0.15,12,-0.0425325408578,-3.82815308342e-08,0.0858503133059,5.14891212333e-07,2.31682383856e-06,-1.47149932384,0.00247670849785
30,0.15,13,-0.0131432777271,0.0212662704289,0.0595637001097,-1.87356283732e-06,-5.26462099515e-06,-1.47150194645,0.0148602584377
30,0.15,14,-3.26916071991e-09,0.0131432795897,0.0808299779892,6.92855905982e-07,3.79184734811e-06,-1.4715038538,0.00990683585405
30,0.15,15,0.0131432777271,0.0212662704289,0.0595636703074,1.78169761966e-06,-5.37963296665e-06,-1.4715013504,0.0128788910806
30,0.15,16,-0.0131432628259,0.0344095490873,0.0808299481869,-4.42792043032e-06,2.41027760239e-06,-1.47149908543,0.00396273471415
30,0.15,17,1.5169671741e-08,0.0425325408578,0.0595636479557,-1.35157483783e-06,8.09627090348e-06,-1.47150039673,0.00396273471415
30,0.15,18,0.0131432777271,0.0344095490873,0.0808299183846,4.64417007606e-06,-4.91885566589e-06,-1.47150087357,0.00495341839269
30,0.15,19,-5.97366334176e-09,0.0131432870403,0.038297418505,-2.40621920966e-06,-3.30600391862e-06,-1.47149944305,0.00990684051067
30,0.15,20,-0.0131432851776,0.0344095490873,0.0382974371314,-2.52110316978e-06,1.07651339931e-05,-1.47149538994,0.00396273564547
30,0.15,21,0.0131432777271,0.0344095490873,0.0382973998785,5.60460705401e-07,7.6807464211e-06,-1.47149753571,0.00495341978967
30,0.15,22,-0.0212662704289,9.06285446689e-09,0.0727070048451,2.3518391572e-06,-2.20315186539e-07,-1.47150444984,0.0099068377167
30,0.15,23,-0.0344095490873,0.0212662704289,0.0727069824934,-1.10326927825e-05,-5.79427160119e-06,-1.47150373459,0.00396273564547
30,0.15,24,-0.0212662704289,0.0131432954222,0.093973249197,3.11259395858e-06,-6.02394766247e-06,-1.47150266171,0.00594410020858
30,0.15,25,-0.0212662704289,1.13854685679e-08,0.0464204251766,1.22027552152e-06,2.2982644623e-06,-1.47149944305,0.00990684051067
30,0.15,26,-0.0344095490873,0.0212662704289,0.0464204140007,-2.15657837543e-06,8.00002794676e-07,-1.47150242329,0.0039627365768
30,0.15,27,-0.0212662704289,0.0131432879716,0.0251541379839,-4.94364849146e-06,1.45852879996e-06,-1.47149825096,0.00594410393387
30,0.15,28,-0.0425325408578,1.51860088948e-08,0.059563729912,2.13517228076e-06,6.2935225742e-07,-1.47150421143,0.00594410579652
30,0.15,29,0.0212662704289,-2.5487816302e-08,0.0727069675922,-2.57141755355e-06,2.32396018873e-06,-1.47150230408,0.0099068377167
30,0.15,30,0.0344095490873,0.0212662704289,0.0727069601417,8.66456412041e-06,-5.67195593248e-06,-1.47150099277,0.00396273564547
30,0.15,31,0.0212662704289,0.0131432972848,0.0939732044935,8.65552891582e-08,1.06049651549e-06,-1.47149920464,0.00594410020858
30,0.15,32,0.0212662704289,2.04367331946e-08,0.0464204102755,-1.99000305656e-06,4.73292493552e-06,-1.47149634361,0.00990684051067
30,0.15,33,0.0344095490873,0.0212662704289,0.0464204102755,5.69752000956e-06,1.12082602755e-06,-1.47150528431,0.0039627365768
30,0.15,34,0.0212662704289,0.0131432814524,0.0251541174948,-1.44212151554e-06,5.05277512275e-07,-1.47149729729,0.00594410393387
30,0.15,35,0.0425325408578,3.83021303563e-09,0.0595637001097,3.93921908426e-07,-2.26912675316e-06,-1.47150480747,0.00594410579652
30,0.15,36,-0.0131432777271,-0.0212662704289,0.059563677758,-9.13659164326e-07,4.587748208e-06,-1.47150087357,0.0148602584377
30,0.15,37,0.0131432777271,-0.0212662704289,0.0595636852086,2.11319616028e-06,1.38441816944e-06,-1.47149682045,0.0128788910806
30,0.15,38,7.91069076911e-09,-0.0131432823837,0.0808299556375,-1.34755077852e-06,-3.88519674743e-06,-1.47150087357,0.0118882022798
30,0.15,39,-4.88950302469e-09,-0.0425325408578,0.0595636330545,-5.15340980201e-06,-7.18086903362e-06,-1.47149956226,0.00396273471415
30,0.15,40,-0.0131432600319,-0.0344095490873,0.0808299705386,3.71781970898e-06,-1.07972664409e-05,-1.47150123119,0.00396273471415
30,0.15,41,0.0131432777271,-0.0344095490873,0.0808299556375,2.20631000047e-06,-2.7040605346e-06,-1.4715013504,0.00495341839269
30,0.15,42,-6.07692118848e-09,-0.013143257238,0.0382974334061,-3.82408188671e-06,1.17496495022e-06,-1.47149848938,0.0118882078677
30,0.15,43,-0.0131432823837,-0.0344095490873,0.0382974222302,-2.48891183219e-06,1.88600790807e-06,-1.47149729729,0.00396273564547
30,0.15,44,0.0131432777271,-0.0344095490873,0.0382973887026,2.78690436062e-06,1.5390533008e-06,-1.47149527073,0.00495341978967
30,0.15,45,-0.0344095490873,-0.0212662704289,0.0727069675922,-9.74904014583e-06,-5.1278934734e-06,-1.47150540352,0.00396273564547
30,0.15,46,-0.0212662704289,-0.0131432814524,0.0939732193947,3.55823345899e-07,2.35727384279e-06,-1.47149980068,0.0049534169957
30,0.15,47,-0.0344095490873,-0.0212662704289,0.0464203767478,-5.19844434166e-06,6.63710170556e-06,-1.47149586678,0.0039627365768
30,0.15,48,-0.0212662704289,-0.0131432358176,0.0251541230828,-1.29889394884e-06,2.21218760998e-06,-1.4714962244,0.00495341978967
30,0.15,49,0.0344095490873,-0.0212662704289,0.0727069824934,9.07537923922e-06,-1.95266738956e-06,-1.47149848938,0.00396273564547
30,0.15,50,0.0212662704289,-0.013143257238,0.0939732268453,-1.19475217275e-07,-2.96926350529e-06,-1.47150349617,0.0049534169957
30,0.15,51,0.0344095490873,-0.0212662704289,0.0464203953743,5.07018876306e-06,5.4319893934e-06,-1.47149467468,0.0039627365768
30,0.15,52,0.0212662704289,-0.0131432693452,0.0251541417092,1.15006514534e-06,-2.38162829191e-06,-1.47149956226,0.00495341978967
30,0.15,53,-1.42937475189e-08,-2.23265006483e-09,0.102096222341,5.1311203606e-06,7.43677162518e-07,-1.47150754929,0.00396273471415
30,0.15,54,-1.46523655431e-08,3.8679896619e-08,0.0170311331749,3.17524722959e-06,-6.400307484e-06,-1.47149467468,0.00396273750812
31,0.155,0,-1.43852252332e-09,2.77703104956e-09,0.0520811453462,5.37020378033e-06,1.6863205019e-06,-1.52055621147,0.00990683957934
31,0.155,1,-0.0262865554541,0.0425325408578,0.0520810522139,-4.93392053613e-06,3.29576482727e-06,-1.52055537701,0.00247670989484
31,0.155,2,0.0262865554541,0.0425325408578,0.0520810671151,8.46968305268e-06,5.34477521796e-06,-1.52054667473,0.00247670989484
31,0.155,3,-0.0262865554541,-0.0425325408578,0.052081104368,-5.50792719878e-06,-1.41969098877e-06,-1.52055418491,0.00247670989484
31,0.155,4,0.0262865554541,-0.0425325408578,0.0520810894668,5.58765532332e-06,-1.97357098841e-06,-1.52055335045,0.00247670989484
31,0.155,5,2.7175731887e-08,-0.0262865889817,0.0946136713028,3.74624119104e-06,8.27533767733e-06,-1.52055263519,0.00247670919634
31,0.155,6,9.66174695805e-09,0.0262866225094,0.0946136340499,-1.50945163568e-06,-2.77340313914e-06,-1.52054870129,0.00247670919634
31,0.155,7,-1.30596289338e-08,-0.0262865442783,0.00954859424382,1.17350475648e-06,7.62378795116e-06,-1.52054464817,0.00247671105899
31,0.155,8,4.30249125216e-09,0.0262865554541,0.00954858679324,2.48627588917e-06,4.85228383695e-07,-1.52055585384,0.00247671105899
31,0.155,9,0.0425325408578,-2.15486544164e-08,0.0257945973426,-3.57949397767e-06,2.90157299787e-06,-1.52054691315,0.00247670942917
31,0.155,10,0.0425325408578,8.67540084215e-09,0.0783676430583,-5.99267787038e-06,1.48827155044e-06,-1.52055382729,0.00247670849785
31,0.155,11,-0.0425325408578,-1.55914975375e-10,0.0257945880294,8.61254920892e-06,1.30740227178e-06,-1.52054524422,0.00247670942917
31,0.155,12,-0.0425325408578,-1.38739775224e-08,0.0783677101135,5.75392959945e-06,6.00374823989e-06,-1.52055990696,0.00247670849785
31,0.155,13,-0.0131432777271,0.0212662704289,0.0520811118186,-1.68967687841e-06,-4.01887473345e-06,-1.52055060863,0.0148602584377
31,0.155,14,5.2216511115e-09,0.0131432954222,0.0733473598957,1.9749547846e-06,3.87388672607e-06,-1.5205527544,0.00990683585405
31,0.155,15,0.0131432777271,0.0212662704289,0.0520810820162,1.23873724078e-06,-5.87240765526e-06,-1.52054965496,0.0128788910806
31,0.155,16,-0.0131432823837,0.0344095490873,0.0733473673463,-4.05581386076e-06,4.75976321468e-06,-1.52055382729,0.00396273471415
31,0.155,17,1.99773841913e-09,0.0425325408578,0.0520810820162,-3.05882031171e-06,8.53816527524e-06,-1.52054297924,0.00396273471415
31,0.155,18,0.0131432935596,0.0344095490873,0.0733473524451,2.9061384339e-06,-7.3036159165e-07,-1.52055263519,0.00495341839269
31,0.155,19,-1.22083596565e-08,0.0131432656199,0.0308148581535,6.25374738661e-08,-4.02890191253e-06,-1.52054405212,0.00990684051067
31,0.155,20,-0.0131432851776,0.0344095490873,0.0308148562908,-2.75182151199e-06,1.39145158755e-05,-1.52055001259,0.00396273564547
31,0.155,21,0.0131432777271,0.0344095490873,0.03081481345,1.52663039898e-06,7.71369286667e-06,-1.52054619789,0.00495341978967
31,0.155,22,-0.0212662704289,3.10737269249e-10,0.0652243942022,2.51250526162e-07,-3.39431835528e-06,-1.52055108547,0.0099068377167
31,0.155,23,-0.0344095490873,0.0212662704289,0.065224416554,-1.25056185425e-05,-4.64494678454e-06,-1.52054953575,0.00396273564547
31,0.155,24,-0.0212662704289,0.0131432618946,0.0864906460047,4.02562409363e-06,-3.10331802211e-06,-1.5205527544,0.00594410020858
31,0.155,25,-0.0212662704289,1.82574400043e-08,0.0389378368855,-3.76345532516e-08,3.81718137987e-07,-1.52054822445,0.00990684051067
31,0.155,26,-0.0344095490873,0.0212662704289,0.0389378257096,-5.22419168192e-06,1.43374268191e-06,-1.52055108547,0.0039627365768
31,0.155,27,-0.0212662704289,0.0131432879716,0.0176715701818,-8.71090742294e-06,2.63411902779e-06,-1.52055060863,0.00594410393387
31,0.155,28,-0.0425325408578,1.26670958167e-08,0.052081130445,1.51672008997e-06,-5.30632746631e-07,-1.52055811882,0.00594410579652
31,0.155,29,0.0212662704289,4.93380003519e-09,0.0652244016528,-3.11235180561e-06,7.56858162276e-06,-1.52055096626,0.0099068377167
31,0.155,30,0.0344095490873,0.0212662704289,0.0652243867517,7.76501565269e-06,-5.80294226893e-06,-1.52055346966,0.00396273564547
31,0.155,31,0.0212662704289,0.0131432972848,0.0864906534553,3.61871570931e-07,-2.49376716965e-06,-1.5205514431,0.00594410020858
31,0.155,32,0.0212662704289,2.61066581686e-08,0.0389378219843,-5.35361959919e-06,-2.99778071167e-06,-1.52054655552,0.00990684051067
31,0.155,33,0.0344095490873,0.0212662704289,0.0389377996325,9.95076879917e-06,2.82118844552e-06,-1.52055823803,0.0039627365768
31,0.155,34,0.0212662704289,0.0131432814524,0.0176715608686,2.74961223568e-07,4.0415420699e-07,-1.52054727077,0.00594410393387
31,0.155,35,0.0425325408578,-8.09431632831e-09,0.0520811118186,1.71616613898e-06,-1.36995538469e-06,-1.52055358887,0.00594410579652
31,0.155,36,-0.0131432777271,-0.0212662704289,0.0520810894668,-1.29157137962e-06,4.89324975206e-06,-1.52054953575,0.0148602584377
31,0.155,37,0.0131432777271,-0.0212662704289,0.0520810969174,1.50507935359e-06,1.79638027475e-06,-1.52054572105,0.0128788910806
31,0.155,38,-4.05215461186e-09,-0.0131432907656,0.0733473822474,-2.58125965047e-06,-4.08593177781e-06,-1.52055311203,0.0118882022798
31,0.155,39,-2.18381970285e-08,-0.0425325408578,0.0520810894668,-1.1519492773e-06,-7.9559349615e-06,-1.52054095268,0.00396273471415
31,0.155,40,-0.0131432600319,-0.0344095490873,0.0733473598957,6.89912553753e-07,-9.73830719886e-06,-1.52055561543,0.00396273471415
31,0.155,41,0.0131432777271,-0.0344095490873,0.0733473449945,2.28936119129e-06,-3.72560748474e-06,-1.5205527544,0.00495341839269
31,0.155,42,-1.59520379128e-08,-0.013143257238,0.0308148469776,3.96761862476e-07,-1.0267547168e-06,-1.52054822445,0.0118882078677
31,0.155,43,-0.0131432823837,-0.0344095490873,0.0308148339391,-3.78002619073e-06,6.20154514763e-06,-1.52055108547,0.00396273564547
31,0.155,44,0.0131432777271,-0.0344095490873,0.0308148469776,2.26834004025e-06,5.9694484662e-06,-1.52054715157,0.00495341978967
31,0.155,45,-0.0344095490873,-0.0212662704289,0.0652243718505,-8.46384227771e-06,-4.88618252348e-06,-1.52054798603,0.00396273564547
31,0.155,46,-0.0212662704289,-0.0131432814524,0.0864906683564,2.47044226853e-06,-3.52451621666e-07,-1.52055072784,0.0049534169957
31,0.155,47,-0.0344095490873,-0.0212662424892,0.0389378406107,-4.79979598822e-06,8.22896163299e-06,-1.52054643631,0.0039627365768
31,0.155,48,-0.0212662704289,-0.0131432358176,0.0176715664566,-4.31936905443e-06,-4.48288983534e-06,-1.52054572105,0.00495341978967
31,0.155,49,0.0344095490873,-0.0212662704289,0.0652244091034,9.79021660896e-06,-3.81776453651e-06,-1.52055311203,0.00396273564547
31,0.155,50,0.0212662704289,-0.0131432907656,0.0864906534553,-2.32429584912e-07,-5.61230899621e-06,-1.5205501318,0.0049534169957
31,0.155,51,0.0344095490873,-0.0212662704289,0.0389378517866,3.88595026379e-06,5.96109157414e-06,-1.52054703236,0.0039627365768
31,0.155,52,0.0212662704289,-0.0131432693452,0.0176715683192,-1.71768147084e-06,-1.39548865263e-06,-1.52054822445,0.00495341978967
31,0.155,53,1.73823497818e-08,6.98130975252e-09,0.0946136191487,6.12543954048e-06,2.90964612759e-06,-1.52054965496,0.00396273471415
31,0.155,54,6.36647756735e-09,-7.91898813191e-09,0.00954857561737,4.30454838352e-06,-9.48055549088e-06,-1.52054750919,0.00396273750812
32,0.16,0,2.20409965834e-08,5.74516123564e-09,0.0443532727659,2.67132190857e-06,-2.50875785923e-07,-1.56960642338,0.00990683957934
32,0.16,1,-0.0262865554541,0.0425325408578,0.0443532317877,-8.36844264995e-06,4.41982365373e-06,-1.5695939064,0.00247670989484
32,0.16,2,0.0262865684927,0.0425325408578,0.044353235513,8.90086994332e-06,5.64269521419e-06,-1.56959497929,0.00247670989484
32,0.16,3,-0.0262865554541,-0.0425325408578,0.0443532690406,-9.26376924326e-06,-2.08088908948e-06,-1.56960487366,0.00247670989484
32,0.16,4,0.0262865554541,-0.0425325408578,0.0443532541394,5.66562857784e-06,-5.30968191015e-06,-1.56960082054,0.00247670989484
32,0.16,5,3.20574322643e-08,-0.0262865144759,0.0868858024478,-2.06195613828e-06,8.60192358232e-06,-1.56960821152,0.00247670919634
32,0.16,6,-3.12937475933e-09,0.0262865703553,0.0868857800961,-3.16556202051e-06,-1.13671449071e-05,-1.56960344315,0.00247670919634
32,0.16,7,-1.85975068678e-09,-0.0262865442783,0.00182076811325,3.29713498104e-06,2.6166724183e-06,-1.56960391998,0.00247671105899
32,0.16,8,1.050158982e-08,0.0262865554541,0.00182073237374,1.18395597326e-07,-5.71714235775e-06,-1.56960237026,0.00247671105899
32,0.16,9,0.0425325408578,-4.6563854994e-09,0.0180667582899,2.94223195851e-06,3.43468423125e-06,-1.56960749626,0.00247670942917
32,0.16,10,0.0425325408578,1.22882353182e-08,0.0706398189068,-3.9782944441e-06,-2.06263976565e-07,-1.56959664822,0.00247670849785
32,0.16,11,-0.0425325408578,1.10022186917e-08,0.0180667601526,2.81582379102e-06,2.64314189735e-06,-1.56960535049,0.00247670942917
32,0.16,12,-0.0425325408578,1.19031620116e-08,0.0706398263574,6.23844289294e-06,4.00420594815e-06,-1.56961345673,0.00247670849785
32,0.16,13,-0.0131432777271,0.0212662704289,0.0443532764912,-3.22980258716e-06,-3.50813093064e-06,-1.56959927082,0.0148602584377
32,0.16,14,8.54974757658e-09,0.0131432954222,0.0656195431948,-1.04053322048e-06,2.62565237108e-07,-1.56959950924,0.00990683585405
32,0.16,15,0.0131432777271,0.0212662704289,0.0443532466888,3.02652961182e-06,-3.82773532692e-06,-1.56959784031,0.0128788910806
32,0.16,16,-0.0131432823837,0.0344095490873,0.0656195133924,-4.00337967221e-06,6.37668836134e-06,-1.56960010529,0.00396273471415
32,0.16,17,-8.60360849231e-09,0.0425325408578,0.0443532988429,-5.76000218189e-07,1.06475081338e-05,-1.56959652901,0.00396273471415
32,0.16,18,0.0131432935596,0.0344095490873,0.0656195133924,1.59733156124e-06,3.27343354911e-06,-1.5696003437,0.00495341839269
32,0.16,19,-6.65404220612e-09,0.0131432656199,0.0230870451778,1.86509282685e-06,9.57914267019e-07,-1.5696015358,0.00990684051067
32,0.16,20,-0.0131432851776,0.0344095490873,0.0230870191008,1.111842721e-06,1.49362867887e-05,-1.56960463524,0.00396273564547
32,0.16,21,0.0131432777271,0.0344095490873,0.0230870097876,-9.88510919342e-07,9.28133613343e-06,-1.56959557533,0.00495341978967
32,0.16,22,-0.0212662704289,-1.82360437861e-08,0.0574965663254,2.11440791986e-07,-2.71383714789e-06,-1.56960225105,0.0099068377167
32,0.16,23,-0.0344095490873,0.0212662704289,0.0574965886772,-1.19556698337e-05,-3.56504847332e-06,-1.5696041584,0.00396273564547
32,0.16,24,-0.0212662536651,0.0131432618946,0.078762806952,9.7921492852e-06,1.65736116742e-06,-1.56959950924,0.00594410020858
32,0.16,25,-0.0212662704289,1.53290997673e-08,0.0312100034207,7.15215890068e-07,-1.46491868236e-06,-1.56959688663,0.00990684051067
32,0.16,26,-0.0344095490873,0.0212662704289,0.0312099922448,-8.53311121318e-06,3.99439431931e-06,-1.56959974766,0.0039627365768
32,0.16,27,-0.0212662704289,0.0131432879716,0.00994372647256,-8.48089439387e-06,1.93127493731e-06,-1.56960427761,0.00594410393387
32,0.16,28,-0.0425325408578,1.28462112059e-08,0.044353287667,8.52965058584e-08,1.87830465848e-07,-1.56960332394,0.00594410579652
32,0.16,29,0.0212662704289,2.81474452635e-08,0.057496573776,-3.53067935066e-06,8.35721778003e-07,-1.56960356236,0.0099068377167
32,0.16,30,0.0344095490873,0.0212662704289,0.0574965402484,9.28141889744e-06,-2.8252300126e-06,-1.56960761547,0.00396273564547
32,0.16,31,0.0212662704289,0.0131432972848,0.078762806952,2.27225882554e-06,-3.91587809645e-06,-1.56960105896,0.00594410020858
32,0.16,32,0.0212662704289,-5.29405719263e-09,0.031210007146,-5.90926811128e-06,-7.81398557592e-06,-1.56959617138,0.00990684051067
32,0.16,33,0.0344095490873,0.0212662704289,0.0312099624425,1.39932762977e-05,4.67127983939e-06,-1.5696015358,0.0039627365768
32,0.16,34,0.0212662704289,0.0131432814524,0.00994373951107,-3.14779754262e-07,-6.93575373134e-07,-1.56960165501,0.00594410393387
32,0.16,35,0.0425325408578,-3.48141782069e-09,0.0443532764912,2.12240524888e-06,2.88087244371e-06,-1.56960225105,0.00594410579652
32,0.16,36,-0.0131432777271,-0.0212662704289,0.0443532541394,-2.05550691135e-06,6.26338760412e-06,-1.56959724426,0.0148602584377
32,0.16,37,0.0131432777271,-0.0212662704289,0.044353287667,1.24250016142e-06,5.20892353961e-06,-1.5695952177,0.0128788910806
32,0.16,38,-9.14945985642e-09,-0.0131432907656,0.0656195357442,8.47070225518e-07,-6.22583456789e-07,-1.56960070133,0.0118882022798
32,0.16,39,-1.39123796927e-08,-0.0425325408578,0.0443533025682,3.92801666749e-06,-1.17984291137e-05,-1.56959760189,0.00396273471415
32,0.16,40,-0.0131432600319,-0.0344095490873,0.065619520843,-4.1268908717e-06,-1.03347692857e-05,-1.56959855556,0.00396273471415
32,0.16,41,0.0131432777271,-0.0344095490873,0.0656195282936,3.4500142192e-06,-7.22377353668e-06,-1.56959557533,0.00495341839269
32,0.16,42,-2.92027912963e-09,-0.0131432656199,0.0230870414525,4.05422952099e-06,-5.43691066923e-06,-1.56959843636,0.0118882078677
32,0.16,43,-0.0131432823837,-0.0344095490873,0.0230869986117,-4.11842529502e-06,6.09016342423e-06,-1.56959974766,0.00396273564547
32,0.16,44,0.0131432777271,-0.0344095490873,0.023087028414,8.27979818041e-07,7.53908352635e-06,-1.56959807873,0.00495341978967
32,0.16,45,-0.0344095490873,-0.0212662704289,0.0574965775013,-8.2639626271e-06,-5.09036181029e-06,-1.56959569454,0.00396273564547
32,0.16,46,-0.0212662704289,-0.0131432814524,0.078762806952,4.38275583292e-06,-3.43372403222e-06,-1.56960237026,0.0049534169957
32,0.16,47,-0.0344095490873,-0.0212662424892,0.031210007146,-7.99077497504e-06,8.03062903287e-07,-1.56960105896,0.0039627365768
32,0.16,48,-0.0212662704289,-0.0131432814524,0.00994374975562,-8.41928886075e-06,-5.55362294108e-06,-1.5696003437,0.00495341978967
32,0.16,49,0.0344095490873,-0.0212662704289,0.0574965663254,1.01353789432e-05,-3.92601259591e-06,-1.56960248947,0.00396273564547
32,0.16,50,0.0212662704289,-0.0131432982162,0.0787627995014,-4.48364573913e-07,2.25302960644e-06,-1.56960403919,0.0049534169957
32,0.16,51,0.0344095490873,-0.0212662704289,0.0312100183219,5.45333068658e-06,4.14980468122e-06,-1.56960165501,0.0039627365768
32,0.16,52,0.0212662704289,-0.0131432693452,0.00994375348091,-1.43732358993e-06,-2.92599111162e-06,-1.56959736347,0.00495341978967
32,0.16,53,3.34734018281e-08,2.32941914646e-08,0.0868858098984,-1.74880398163e-07,2.62674939222e-06,-1.56960141659,0.00396273471415
32,0.16,54,2.03851531211e-08,-3.16982280424e-08,0.00182075053453,7.41797521187e-07,8.09518894584e-07,-1.56960022449,0.00396273750812
33,0.165,0,1.58938320283e-08,5.54319001367e-07,0.0363872982562,-6.71632369631e-06,0.000682452926412,-1.60982298851,0.00990683957934
33,0.165,1,-0.0262885447592,0.0425340533257,0.036382894963,-0.00242363568395,0.00186302128714,-1.61530029774,0.00247670989484
33,0.165,2,0.0262881610543,0.042533762753,0.0363823473454,0.00195236329455,0.00149685959332,-1.61596572399,0.00247670989484
33,0.165,3,-0.0262885503471,-0.0425340458751,0.0363828539848,-0.00242637842894,-0.00185989681631,-1.61533021927,0.00247670989484
33,0.165,4,0.026288151741,-0.042533762753,0.0363823324442,0.00196096207947,-0.00150291516911,-1.61597537994,0.00247670989484
33,0.165,5,8.84475515051e-09,-0.0262865144759,0.0789127126336,-6.34624120721e-06,-1.78706250153e-06,-1.61864638329,0.00247670919634
33,0.165,6,-1.30515820373e-08,0.0262865517288,0.0789127200842,-3.36586822414e-07,5.39505094821e-07,-1.61864244938,0.00247670919634
33,0.165,7,-4.6095837547e-07,-0.0266765896231,0,-0.000626221240964,-0.292706847191,0,0.00247671105899
33,0.165,8,-4.73343192198e-07,0.0266783814877,0,-0.00063594878884,0.295090973377,0,0.00247671105899
33,0.165,9,0.0425361916423,-7.23865070995e-07,0.010094774887,0.00443677091971,-0.000916200573556,-1.61726665497,0.00247670942917
33,0.165,10,0.0425325408578,9.1102378974e-09,0.0626667663455,-3.2013724649e-06,-5.9816426301e-07,-1.6186466217,0.00247670849785
33,0.165,11,-0.0425361730158,-7.10612766852e-07,0.0100947776809,-0.00443309405819,-0.000916325428989,-1.61726939678,0.00247670942917
33,0.165,12,-0.0425325408578,2.5492401079e-08,0.0626667141914,4.55636427432e-06,1.13397459245e-06,-1.61865448952,0.00247670849785
33,0.165,13,-0.0131439529359,0.0212669037282,0.0363818146288,-0.000841932778712,0.00079487124458,-1.61663174629,0.0148602584377
33,0.165,14,1.71275771343e-10,0.0131433056667,0.0576464980841,-3.86652664019e-06,2.33137143368e-05,-1.61859178543,0.00990683585405
33,0.165,15,0.013143918477,0.0212666969746,0.0363821573555,0.000811444653664,0.000537765445188,-1.61617779732,0.0128788910806
33,0.165,16,-0.0131432972848,0.034409571439,0.0576464757323,-1.37513643494e-05,3.45585212926e-05,-1.61860179901,0.00396273471415
33,0.165,17,4.95966332892e-07,0.0425338894129,0.0363822057843,0.00061599741457,0.00165243260562,-1.61616742611,0.00396273471415
33,0.165,18,0.0131433000788,0.0344095602632,0.0576464645565,1.13673231681e-05,2.62408884737e-05,-1.61861371994,0.00495341839269
33,0.165,19,1.38386013759e-08,0.0131229609251,0.0154698276892,2.1764788471e-05,-0.0134423151612,-1.34214055538,0.00990684051067
33,0.165,20,-0.0132671548054,0.0345152057707,0.015267864801,-0.0942101925611,0.0784281268716,-1.4980789423,0.00396273564547
33,0.165,21,0.013242719695,0.0344957597554,0.0152375474572,0.0758144706488,0.0648438483477,-1.5215908289,0.00495341978967
33,0.165,22,-0.0212662797421,-1.51150647554e-08,0.049523498863,-2.40894441959e-05,5.97988400841e-06,-1.61861920357,0.0099068377167
33,0.165,23,-0.034409571439,0.0212662704289,0.0495235174894,-3.59031946573e-05,-3.01142790704e-07,-1.61862063408,0.00396273564547
33,0.165,24,-0.0212662387639,0.0131432618946,0.0707897543907,4.13350517192e-06,-4.40885469288e-06,-1.61864554882,0.00594410020858
33,0.165,25,-0.0212697405368,-7.9691250221e-07,0.0232382174581,-0.00429469021037,-0.00099124899134,-1.6170797348,0.00990684051067
33,0.165,26,-0.0344134643674,0.0212668664753,0.0232391040772,-0.00479621021077,0.000708417850547,-1.61594676971,0.0039627365768
33,0.165,27,-0.0214716475457,0.0131761869416,0.00207248679362,-0.153665810823,0.0254629533738,-1.541416049,0.00594410393387
33,0.165,28,-0.0425325743854,1.19645635621e-08,0.0363802239299,-6.24162494205e-05,-4.0719152139e-07,-1.61861932278,0.00594410579652
33,0.165,29,0.0212662797421,2.00973850895e-08,0.0495235100389,2.61627828877e-05,1.62240297641e-07,-1.61861479282,0.0099068377167
33,0.165,30,0.0344095788896,0.0212662704289,0.0495234727859,4.18195559178e-05,3.21390803038e-06,-1.61861467361,0.00396273564547
33,0.165,31,0.0212662704289,0.0131432823837,0.0707897543907,6.16029456069e-06,-1.07822088466e-05,-1.61864578724,0.00594410020858
33,0.165,32,0.0212697330862,-8.34249362924e-07,0.0232382211834,0.00429647881538,-0.000989345018752,-1.6170784235,0.00990684051067
33,0.165,33,0.0344133749604,0.0212670322508,0.0232390798628,0.0046670245938,0.000921938859392,-1.61593866348,0.0039627365768
33,0.165,34,0.0214716810733,0.0131759410724,0.0020723734051,0.153737023473,0.0251892674714,-1.54158496857,0.00594410393387
33,0.165,35,0.0425325781107,1.37743363382e-08,0.0363802090287,6.56976917526e-05,3.37942401529e-06,-1.61862421036,0.00594410579652
33,0.165,36,-0.0131445908919,-0.0212670378387,0.0363821983337,-0.00163868058007,-0.000970087421592,-1.61612558365,0.0148602584377
33,0.165,37,0.0131446551532,-0.0212667100132,0.0363824814558,0.00172848743387,-0.000560449843761,-1.61583662033,0.0128788910806
33,0.165,38,-1.24017018877e-09,-0.0131432982162,0.0576464794576,-5.25764960457e-07,-1.77195834112e-05,-1.61860585213,0.0118882022798
33,0.165,39,5.02472687458e-07,-0.042533878237,0.0363822095096,0.000611818977632,-0.00163677916862,-1.61618149281,0.00396273471415
33,0.165,40,-0.0131433065981,-0.0344095826149,0.0576464906335,-2.07468965527e-05,-4.59611437691e-05,-1.61859202385,0.00396273471415
33,0.165,41,0.0131432991475,-0.0344095751643,0.0576465055346,2.0966233933e-05,-3.24309876305e-05,-1.61861014366,0.00495341839269
33,0.165,42,2.38297239719e-08,-0.0131267886609,0.0155681166798,1.91122289834e-05,0.0106442505494,-1.26767587662,0.0118882078677
33,0.165,43,-0.0132672376931,-0.0345145687461,0.0152667034417,-0.0942860469222,-0.077707849443,-1.49961304665,0.00396273564547
33,0.165,44,0.0132427765056,-0.0344956256449,0.0152371115983,0.0758728012443,-0.0647280141711,-1.52221786976,0.00495341978967
33,0.165,45,-0.0344095900655,-0.0212662853301,0.0495235212147,-6.20801147306e-05,-1.85697990673e-05,-1.61861085892,0.00396273564547
33,0.165,46,-0.0212662704289,-0.0131432795897,0.0707897469401,9.19028389035e-06,6.91777449902e-06,-1.61864089966,0.0049534169957
33,0.165,47,-0.0344115011394,-0.0212658811361,0.0232374239713,-0.00235359207727,0.000461639952846,-1.61804556847,0.0039627365768
33,0.165,48,-0.0214241724461,-0.0131822358817,0.00190494663548,-0.113571442664,-0.0299026574939,-1.66928470135,0.00495341978967
33,0.165,49,0.0344096012414,-0.0212662778795,0.0495235063136,6.85173799866e-05,-1.48767185237e-05,-1.61860966682,0.00396273564547
33,0.165,50,0.0212662704289,-0.0131432609633,0.0707897096872,-1.36595940603e-06,1.66593617905e-05,-1.61863923073,0.0049534169957
33,0.165,51,0.0344113968313,-0.0212660674006,0.0232374407351,0.00222103460692,0.000254822749412,-1.61804115772,0.0039627365768
33,0.165,52,0.0214242171496,-0.0131819676608,0.00190479797311,0.113656826317,-0.0295913554728,-1.66948843002,0.00495341978967
33,0.165,53,2.11718393928e-08,1.82507857716e-08,0.0789127424359,-4.09766244047e-06,-4.60778528577e-06,-1.61864984035,0.00396273471415
33,0.165,54,7.98182320239e-09,3.43472891018e-07,0,-7.40110499464e-06,0.000491008337121,0,0.00396273750812
34,0.17,0,-4.66388371478e-07,3.41361555911e-05,0.0286198891699,-0.000339953985531,0.0179873649031,-1.41589105129,0.00990683957934
34,0.17,1,-0.0264099258929,0.0426265448332,0.0283408425748,-0.0669271945953,0.0511876754463,-1.56716930866,0.00247670989484
34,0.17,2,0.0263880696148,0.0426093488932,0.0283061657101,0.0556808188558,0.0423663146794,-1.58636844158,0.00247670989484
34,0.17,3,-0.0264105852693,-0.0426271818578,0.0283374022692,-0.067386969924,-0.0518784336746,-1.56956350803,0.00247670989484
34,0.17,4,0.026389554143,-0.0426105596125,0.0283044222742,0.056765217334,-0.0434663742781,-1.58752703667,0.00247670989484
34,0.17,5,1.02939434754e-08,-0.0262868274003,0.0706950724125,2.4424663934e-05,-0.000278991356026,-1.6670473814,0.00247670919634
34,0.17,6,1.31852928575e-08,0.0262869615108,0.0706952810287,1.99131209229e-05,0.000388420681702,-1.66686117649,0.00247670919634
34,0.17,7,-4.356460704e-05,-0.0299173090607,0,-0.0258211847395,-0.846911013126,0,0.00247671105899
34,0.17,8,-4.59760703961e-05,0.0300923492759,0,-0.0278582591563,0.943801343441,0,0.00247671105899
34,0.17,9,0.0430592820048,-3.18780657835e-05,0.00192658347078,0.345749855042,-0.0162109751254,-1.64145374298,0.00247670942917
34,0.17,10,0.0425330623984,4.1214898161e-09,0.0544489510357,0.00054420233937,-1.49631512159e-06,-1.66717123985,0.00247670849785
34,0.17,11,-0.043058861047,-3.18952625094e-05,0.00192590081133,-0.345408499241,-0.0162290092558,-1.64198255539,0.00247670942917
34,0.17,12,-0.0425330214202,1.49837156016e-08,0.054448902607,-0.00051785033429,-4.42624377683e-06,-1.66715919971,0.00247670849785
34,0.17,13,-0.0131777301431,0.0213242657483,0.0283045414835,-0.0175149198622,0.0366916544735,-1.57816708088,0.0148602584377
34,0.17,14,-5.04966919834e-07,0.013148708269,0.0494409501553,-0.000371729198378,0.00398251833394,-1.65780103207,0.00990683585405
34,0.17,15,0.0131754996255,0.0213135890663,0.0283278115094,0.0163262151182,0.0317088104784,-1.56518399715,0.0128788910806
34,0.17,16,-0.013145480305,0.03441555053,0.04943805933,-0.00169277866371,0.00491808634251,-1.65967047215,0.00396273471415
34,0.17,17,2.8466069125e-05,0.042623128742,0.0282979812473,0.0146284522489,0.0520314313471,-1.59003174305,0.00396273471415
34,0.17,18,0.0131455259398,0.0344144068658,0.0494360327721,0.00170117197558,0.00407893629745,-1.66120803356,0.00495341839269
34,0.17,19,3.20644630847e-06,0.0131645295769,0.0112834079191,0.00215954193845,0.079679094255,-0.253930449486,0.00990684051067
34,0.17,20,-0.0144928060472,0.0355915650725,0.00900217890739,-0.391599714756,0.398509651423,-0.914070546627,0.00396273564547
34,0.17,21,0.014252062887,0.0354574583471,0.00863380264491,0.330539166927,0.372849613428,-1.0303144455,0.00495341978967
34,0.17,22,-0.0212716758251,2.72652926014e-07,0.0413149446249,-0.00402868445963,0.000116961047752,-1.65866816044,0.0099068377167
34,0.17,23,-0.0344153605402,0.0212669074535,0.0413141213357,-0.00432215910405,0.00041585197323,-1.66013979912,0.00396273564547
34,0.17,24,-0.0212663896382,0.0131418006495,0.0625725984573,-0.000220909481868,-0.00114372198004,-1.66669893265,0.00594410020858
34,0.17,25,-0.021512446925,-3.67546908819e-06,0.0155093949288,-0.145216047764,0.00395612372085,-1.30006754398,0.00990684051067
34,0.17,26,-0.0348036438227,0.0213730912656,0.0153137510642,-0.252104073763,0.0737033709884,-1.46488130093,0.0039627365768
34,0.17,27,-0.0232016667724,0.0136560210958,0,-0.459608316422,0.212484017015,0,0.00594410393387
34,0.17,28,-0.0425486415625,2.52994794891e-07,0.0281723961234,-0.0145467650145,0.000251992663834,-1.65730440617,0.00594410579652
34,0.17,29,0.0212718993425,4.13201775018e-07,0.0413157530129,0.00418228888884,0.000209608333535,-1.65805923939,0.0099068377167
34,0.17,30,0.0344159752131,0.0212669707835,0.0413146913052,0.00477772857994,0.00046114352881,-1.6596878767,0.00396273564547
34,0.17,31,0.0212666355073,0.0131419170648,0.0625728443265,0.000375371659175,-0.00107316952199,-1.6665211916,0.00594410020858
34,0.17,32,0.0215129815042,-3.39465941579e-06,0.0155099462718,0.145639672875,0.0041588912718,-1.29957151413,0.00990684051067
34,0.17,33,0.03479424119,0.0213831607252,0.0153138376772,0.246351778507,0.0789902508259,-1.46493947506,0.0039627365768
34,0.17,34,0.0232032034546,0.0136452978477,0,0.459902971983,0.207277581096,0,0.00594410393387
34,0.17,35,0.0425490103662,2.73321603572e-07,0.0281713493168,0.0148007571697,0.000257514388068,-1.65807819366,0.00594410579652
34,0.17,36,-0.0132085541263,-0.0213398784399,0.0283403862268,-0.0325687341392,-0.0455048754811,-1.55767810345,0.0148602584377
34,0.17,37,0.0132107911631,-0.0213234499097,0.0283581539989,0.0335011035204,-0.0378468744457,-1.54716920853,0.0128788910806
34,0.17,38,-4.41988532884e-07,-0.0131475413218,0.0494378618896,-0.000332098425133,-0.00309416861273,-1.66008472443,0.0118882022798
34,0.17,39,2.74251397059e-05,-0.0426211282611,0.0282963104546,0.0138643728569,-0.0509715564549,-1.59105920792,0.00396273471415
34,0.17,40,-0.013146395795,-0.0344176478684,0.0494407862425,-0.00236593582667,-0.00656667212024,-1.65748715401,0.00396273471415
34,0.17,41,0.0131466686726,-0.0344147756696,0.0494363233447,0.00252287974581,-0.00448853196576,-1.66086471081,0.00495341839269
34,0.17,42,2.57641704593e-06,-0.0131637062877,0.0121609074995,0.0017139025731,-0.0643119812012,-0.0977269485593,0.0118882078677
34,0.17,43,-0.0144851244986,-0.0356063842773,0.00893527083099,-0.386013567448,-0.413440227509,-0.949254453182,0.00396273564547
34,0.17,44,0.0142450677231,-0.0354901626706,0.00860736332834,0.325294643641,-0.394955217838,-1.04541146755,0.00495341978967
34,0.17,45,-0.034419786185,-0.0212684087455,0.0413150973618,-0.00747224967927,-0.00142308324575,-1.65922152996,0.00396273564547
34,0.17,46,-0.0212659034878,-0.0131409093738,0.0625733733177,5.34778955625e-05,0.00187517143786,-1.66610109806,0.0049534169957
34,0.17,47,-0.0347438529134,-0.0213533379138,0.0152650773525,-0.227525904775,-0.0684483274817,-1.48449659348,0.0039627365768
34,0.17,48,-0.0225271899253,-0.0137510374188,0,-0.265616685152,-0.253383994102,0,0.00495341978967
34,0.17,49,0.0344205200672,-0.0212683212012,0.0413155518472,0.00801921542734,-0.00138560612686,-1.65885829926,0.00396273564547
34,0.17,50,0.0212660301477,-0.0131411654875,0.0625736713409,2.88836108666e-05,0.00167823932134,-1.66586148739,0.0049534169957
34,0.17,51,0.0347351022065,-0.021363100037,0.0152647700161,0.22229808569,-0.0734864100814,-1.48482823372,0.0039627365768
34,0.17,52,0.0225288774818,-0.0137395588681,0,0.265877366066,-0.248071342707,0,0.00495341978967
34,0.17,53,4.05242772672e-09,-9.64737907339e-08,0.0706950873137,7.36811841762e-07,-8.91499221325e-05,-1.66703820229,0.00396273471415
34,0.17,54,2.05532259656e-07,-3.96026516682e-05,0,0.000226481774007,-0.029015192762,0,0.00396273750812
35,0.175,0,-8.62349952513e-06,0.000207925346331,0.0237192288041,-0.00384320109151,0.0398253537714,-0.425663977861,0.00990683957934
35,0.175,1,-0.0273426380008,0.0433782190084,0.0214989073575,-0.34494677186,0.291055321693,-1.05577933788,0.00247670989484
35,0.175,2,0.0271995831281,0.0432718619704,0.0211759377271,0.311066329479,0.268250882626,-1.16576433182,0.00247670989484
35,0.175,3,-0.0273477472365,-0.0433981753886,0.0214260201901,-0.345468133688,-0.299367874861,-1.09260213375,0.00247670989484
35,0.175,4,0.0272202696651,-0.0433004721999,0.0211403146386,0.318063020706,-0.279659688473,-1.18471932411,0.00247670989484
35,0.175,5,1.5568228946e-06,-0.026299437508,0.0622668452561,0.000995102338493,-0.00756481941789,-1.69436836243,0.00247670919634
35,0.175,6,9.56675535235e-07,0.026305699721,0.0622763335705,0.000611156923696,0.0113428505138,-1.68877196312,0.00247670919634
35,0.175,7,-0.000400230142986,-0.0322171039879,0,-0.116831101477,0.117656126618,0,0.00247671105899
35,0.175,8,-0.000464550103061,0.033200699836,0,-0.145450264215,0.0429435931146,0,0.00247671105899
35,0.175,9,0.0469282716513,-0.000244534283411,0,1.14252030849,-0.0662145018578,0,0.00247670942917
35,0.175,10,0.0425714701414,5.01051601987e-07,0.0460313186049,0.025747442618,0.000395549490349,-1.6831959486,0.00247670849785
35,0.175,11,-0.0469219386578,-0.000244743860094,0,-1.14096176624,-0.0663011148572,0,0.00247670942917
35,0.175,12,-0.0425701253116,5.26229200659e-07,0.0460315048695,-0.0249523725361,0.000406441482482,-1.68304502964,0.00247670849785
35,0.175,13,-0.0135910511017,0.0219221804291,0.0213964134455,-0.193332269788,0.238489970565,-1.08000993729,0.0148602584377
35,0.175,14,-9.83675909083e-06,0.0132511174306,0.0412638261914,-0.00453045917675,0.051162391901,-1.56968080997,0.00990683585405
35,0.175,15,0.0136029431596,0.0218549482524,0.0215895455331,0.204842850566,0.21989543736,-1.02159905434,0.0128788910806
35,0.175,16,-0.0131975226104,0.0345799326897,0.0412451773882,-0.0276311896741,0.086951225996,-1.57027006149,0.00396273471415
35,0.175,17,0.000195600383449,0.0435001067817,0.0211691129953,0.0524527356029,0.35772845149,-1.15273547173,0.00396273471415
35,0.175,18,0.0131964487955,0.0345567129552,0.0411909520626,0.0271109770983,0.0757925063372,-1.59960985184,0.00495341839269
35,0.175,19,4.43089629698e-05,0.0143283782527,0.0115909986198,0.0175159238279,0.352492660284,0.0147502003238,0.00990684051067
35,0.175,20,-0.0167946517467,0.0389920435846,0.00641507143155,-0.454424411058,0.946904659271,-0.287404119968,0.00396273564547
35,0.175,21,0.0163498185575,0.0388525463641,0.00548834633082,0.45357683301,0.985176026821,-0.330175071955,0.00495341978967
35,0.175,22,-0.021384973079,6.74828584124e-07,0.0332099869847,-0.0594640113413,0.000133268753416,-1.52136814594,0.0099068377167
35,0.175,23,-0.0345515571535,0.0212852824479,0.0331280976534,-0.0758370533586,0.0132319107652,-1.56351196766,0.00396273564547
35,0.175,24,-0.0212788227946,0.0131132183596,0.0541563220322,-0.0068775890395,-0.0128093650565,-1.68721008301,0.00594410020858
35,0.175,25,-0.0234189964831,2.57042374869e-05,0.0119895646349,-0.588547587395,0.000589529401623,-0.141305789351,0.00990684051067
35,0.175,26,-0.0379276350141,0.0223340187222,0.00970957707614,-0.973177671432,0.343498080969,-0.735779821873,0.0039627365768
35,0.175,27,-0.0245124641806,0.0154410004616,0,0.0210281163454,0.435924887657,0,0.00594410393387
35,0.175,28,-0.0431400313973,5.40462906429e-06,0.0203620363027,-0.322040230036,0.00128480128478,-1.31270289421,0.00594410579652
35,0.175,29,0.02138851583,2.59165199168e-06,0.0332260653377,0.0610509738326,0.000816105573904,-1.51399433613,0.0099068377167
35,0.175,30,0.0345671288669,0.0212884638458,0.0331414267421,0.0842238739133,0.0153036760166,-1.55686879158,0.00396273564547
35,0.175,31,0.021282279864,0.0131139056757,0.0541615635157,0.00815744046122,-0.0127750039101,-1.68465173244,0.00594410020858
35,0.175,32,0.0234304908663,2.88267783617e-05,0.0120055153966,0.593381106853,0.00151940144133,-0.133948281407,0.00990684051067
35,0.175,33,0.0378317199647,0.0224034301937,0.00970459543169,0.942214369774,0.360719293356,-0.738676667213,0.0039627365768
35,0.175,34,0.0244945250452,0.015375754796,0,-0.0335103496909,0.42102047801,0,0.00594410393387
35,0.175,35,0.0431458875537,5.66302060179e-06,0.0203400682658,0.324700325727,0.00142495136242,-1.3230483532,0.00594410579652
35,0.175,36,-0.0137668065727,-0.0220127403736,0.0216438882053,-0.228195682168,-0.252749919891,-1.02944493294,0.0148602584377
35,0.175,37,0.013800945133,-0.0219191536307,0.021810727194,0.243021175265,-0.230815500021,-0.975949287415,0.0128788910806
35,0.175,38,-9.00976556295e-06,-0.0132262315601,0.0412043519318,-0.00419514207169,-0.0395103655756,-1.59653890133,0.0118882022798
35,0.175,39,0.000176917455974,-0.0434826239944,0.0211413912475,0.0444622784853,-0.35103020072,-1.16696226597,0.00396273471415
35,0.175,40,-0.0132136102766,-0.0346215739846,0.041304204613,-0.034274790436,-0.104043371975,-1.54457139969,0.00396273471415
35,0.175,41,0.0132153872401,-0.0345725789666,0.0412069298327,0.0348030403256,-0.083365008235,-1.5916724205,0.00495341839269
35,0.175,42,3.55921001756e-05,-0.0141562148929,0.0121739730239,0.0141511652619,-0.318258702755,-0.232655778527,0.0118882078677
35,0.175,43,-0.0167059432715,-0.0391553491354,0.00597243383527,-0.424457967281,-0.978432238102,-0.37587761879,0.00396273564547
35,0.175,44,0.0162516627461,-0.0390789918602,0.00524926604703,0.417610704899,-1.02206337452,-0.389659941196,0.00495341978967
35,0.175,45,-0.0346230976284,-0.0213064644486,0.0331559255719,-0.10478553921,-0.0214903820306,-1.55142354965,0.00396273564547
35,0.175,46,-0.0212780088186,-0.0130943041295,0.0541745088995,-0.00804014317691,0.020815981552,-1.67829668522,0.0049534169957
35,0.175,47,-0.0375604070723,-0.022286798805,0.00939321145415,-0.87311732769,-0.342596381903,-0.824713885784,0.0039627365768
35,0.175,48,-0.0230024438351,-0.0157959349453,0,0.108964703977,-0.469627201557,0,0.00495341978967
35,0.175,49,0.0346415787935,-0.0213074740022,0.0331674963236,0.114608541131,-0.0225518234074,-1.54548966885,0.00396273564547
35,0.175,50,0.0212801042944,-0.0130965616554,0.0541808716953,0.00883689243346,0.0204658936709,-1.67525970936,0.0049534169957
35,0.175,51,0.0374768637121,-0.0223496761173,0.00938412640244,0.846970438957,-0.357104152441,-0.828893780708,0.0039627365768
35,0.175,52,0.0229807905853,-0.0157396253198,0,-0.123462684453,-0.460807591677,0,0.00495341978967
35,0.175,53,1.60814110473e-07,-4.33139484812e-06,0.0622687749565,8.20244604256e-05,-0.00257159513421,-1.69307887554,0.00396273471415
35,0.175,54,5.71596820009e-06,-0.000190999373444,0,0.00240569771267,0.00922880414873,0,0.00396273750812
36,0.18,0,-4.31313274021e-05,0.000226133604883,0.0230412054807,-0.00769725814462,-0.0319057926536,-0.299606442451,0.00990683957934
36,0.18,1,-0.0300253741443,0.0459693819284,0.0188700947911,-0.67388355732,0.7323153615,-0.0503115467727,0.00247670989484
36,0.18,2,0.0298759452999,0.0459015145898,0.0178415495902,0.73706138134,0.793588221073,-0.167098879814,0.00247670989484
36,0.18,3,-0.0300288461149,-0.0460489429533,0.0184042863548,-0.674232184887,-0.743481397629,-0.148530036211,0.00247670989484
36,0.18,4,0.0299300607294,-0.0459962002933,0.0175529886037,0.739281058311,-0.801080167294,-0.244513064623,0.00247670989484
36,0.18,5,2.47192947427e-05,-0.0264539401978,0.0540670342743,0.0112551879138,-0.0715830400586,-1.5180119276,0.00247670919634
36,0.18,6,1.69539962371e-05,0.0265309251845,0.0541847608984,0.00823898613453,0.101718612015,-1.46965432167,0.00247670919634
36,0.18,7,-0.000890134600922,-0.029488986358,0,-0.0278979316354,0.713451802731,0,0.00247671105899
36,0.18,8,-0.00116174540017,0.0305272489786,0,-0.0675594806671,-0.850545883179,0,0.00247671105899
36,0.18,9,0.0522903203964,-0.000510225188918,0,0.752844333649,-0.0190736278892,0,0.00247670942917
36,0.18,10,0.043159391731,1.04945193016e-05,0.0382862985134,0.274835944176,0.00466322293505,-1.27286493778,0.00247670849785
36,0.18,11,-0.0523058213294,-0.00051215372514,0,-0.769055783749,-0.019771553576,0,0.00247670942917
36,0.18,12,-0.0431415662169,1.02717831396e-05,0.0382915697992,-0.266898483038,0.00444280030206,-1.27010464668,0.00247670849785
36,0.18,13,-0.0153748178855,0.024050751701,0.018135773018,-0.478410750628,0.597920417786,-0.339000552893,0.0148602584377
36,0.18,14,-6.76685740473e-05,0.0139422258362,0.0346614979208,-0.0206765979528,0.249498426914,-0.966783285141,0.00990683585405
36,0.18,15,0.0154844494537,0.0238769669086,0.0186620093882,0.496881663799,0.579084217548,-0.291247695684,0.0128788910806
36,0.18,16,-0.0136157739908,0.0357980132103,0.0348436757922,-0.162397518754,0.448506832123,-0.840799808502,0.00396273471415
36,0.18,17,0.000437158625573,0.0466579385102,0.0179730076343,0.01962387003,0.861786901951,-0.153951078653,0.00396273471415
36,0.18,18,0.0136172650382,0.0356350056827,0.0343150869012,0.165884628892,0.403819710016,-1.02319943905,0.00495341839269
36,0.18,19,0.000206414290005,0.0158851258457,0.00983873568475,0.043546192348,0.237638428807,-0.377958297729,0.00990684051067
36,0.18,20,-0.0183147508651,0.0440759696066,0.00410583755001,-0.118748418987,0.928555965424,-0.615277349949,0.00396273564547
36,0.18,21,0.0180751532316,0.0443289019167,0.00364288222045,0.183997005224,1.02070689201,-0.464617490768,0.00495341978967
36,0.18,22,-0.0222877953202,2.76003129329e-06,0.0272622425109,-0.343942016363,-0.000780194473919,-0.76171708107,0.0099068377167
36,0.18,23,-0.0358259379864,0.021649999544,0.0268813651055,-0.513525545597,0.177898272872,-0.773377418518,0.00396273564547
36,0.18,24,-0.0213885121047,0.0130195049569,0.0460845082998,-0.0468971692026,-0.0134858563542,-1.46814310551,0.00594410020858
36,0.18,25,-0.0261656511575,-4.59903276351e-05,0.0115002244711,-0.401891797781,-0.0218319874257,-0.302780359983,0.00990684051067
36,0.18,26,-0.0430989451706,0.024783603847,0.00719129433855,-0.881285429001,0.565218985081,-0.400742292404,0.0039627365768
36,0.18,27,-0.0238093547523,0.0170610174537,0,0.0668299943209,0.148224771023,0,0.00594410393387
36,0.18,28,-0.0470629520714,-2.28069347941e-05,0.0170537233353,-1.24664723873,-0.0177960172296,-0.0111979581416,0.00594410579652
36,0.18,29,0.0223129615188,7.45449824535e-06,0.0273694451898,0.351886659861,-0.000980165204965,-0.730471491814,0.0099068377167
36,0.18,30,0.035981412977,0.0216935798526,0.0269921422005,0.569199621677,0.193951427937,-0.737545251846,0.00396273564547
36,0.18,31,0.0213989689946,0.0130156325176,0.0461277738214,0.0474454425275,-0.0159704368562,-1.45322740078,0.00594410020858
36,0.18,32,0.0262059289962,-4.01636061724e-05,0.0115856062621,0.405234307051,-0.0226518958807,-0.285075575113,0.00990684051067
36,0.18,33,0.0428017042577,0.0248889699578,0.00713555933908,0.838193297386,0.551655948162,-0.422476917505,0.0039627365768
36,0.18,34,0.0236262548715,0.0170058589429,0,-0.123750627041,0.183130010962,0,0.00594410393387
36,0.18,35,0.0471085235476,-2.09365080082e-05,0.0169114284217,1.26136445999,-0.0172804128379,-0.0473591461778,0.00594410579652
36,0.18,36,-0.0155909024179,-0.0240944847465,0.0183417815715,-0.45691639185,-0.568835020065,-0.407070845366,0.0148602584377
36,0.18,37,0.0157142654061,-0.023921020329,0.0188304167241,0.469495028257,-0.563510835171,-0.360895991325,0.0128788910806
36,0.18,38,-6.26714972896e-05,-0.013786575757,0.0342899411917,-0.0191556401551,-0.210601001978,-1.067522645,0.0118882022798
36,0.18,39,0.000349429872585,-0.046583455056,0.0177985206246,0.00295853032731,-0.848169267178,-0.182616457343,0.00396273471415
36,0.18,40,-0.0136817879975,-0.035940233618,0.0350960455835,-0.171756476164,-0.455325394869,-0.809561550617,0.00396273471415
36,0.18,41,0.0136938672513,-0.0357071347535,0.0343900583684,0.176935717463,-0.411547601223,-1.01664805412,0.00495341839269
36,0.18,42,0.000165149045642,-0.0158316008747,0.0100267566741,0.0349391549826,-0.317087352276,-0.217035964131,0.0118882078677
36,0.18,43,-0.018004020676,-0.0442887730896,0.00369989452884,-0.0670189335942,-0.916351377964,-0.52792686224,0.00396273564547
36,0.18,44,0.0177312530577,-0.0445247888565,0.00334623688832,0.133904248476,-0.975269794464,-0.422075420618,0.00495341978967
36,0.18,45,-0.0361175276339,-0.0217392481863,0.0269775763154,-0.55622369051,-0.194399550557,-0.772120475769,0.00396273564547
36,0.18,46,-0.0214371141046,-0.0129372524098,0.0462256409228,-0.0720620453358,0.0268560424447,-1.4220867157,0.0049534169957
36,0.18,47,-0.042205773294,-0.0248378887773,0.00652505038306,-0.799277484417,-0.610084831715,-0.416348129511,0.0039627365768
36,0.18,48,-0.0224027298391,-0.0171910729259,0,-0.0333619900048,-0.0236037094146,0,0.00495341978967
36,0.18,49,0.0362913943827,-0.0217651519924,0.0270776879042,0.616123437881,-0.204268693924,-0.739613354206,0.00396273564547
36,0.18,50,0.0214428193867,-0.0129304956645,0.0462746620178,0.0718432068825,0.0323456861079,-1.40591788292,0.0049534169957
36,0.18,51,0.0419477894902,-0.0249226670712,0.00646152952686,0.759263634682,-0.595993757248,-0.436066120863,0.0039627365768
36,0.18,52,0.0221937578171,-0.0172133836895,0,-0.0293922740966,-0.0770995616913,0,0.00495341978967
36,0.18,53,3.21350455579e-07,-5.4769392591e-05,0.0540856197476,-0.000287926086457,-0.0225482378155,-1.514518857,0.00396273471415
36,0.18,54,2.8698834285e-05,0.000427706923801,0,0.00621467130259,0.222085997462,0,0.00396273750812
37,0.185,0,-4.84198280901e-05,0.000114720329293,0.0192343499511,0.00695980759338,0.00606398750097,-0.668945372105,0.00990683957934
37,0.185,1,-0.0331277213991,0.0498643442988,0.0195171106607,-0.46305385232,0.688849270344,0.164773851633,0.00247670989484
37,0.185,2,0.0336926542222,0.0503459721804,0.018353657797,0.652477920055,0.809791386127,0.210790559649,0.00247670989484
37,0.185,3,-0.0331155471504,-0.0499475710094,0.0188111998141,-0.452952057123,-0.683000802994,0.175220236182,0.00247670989484
37,0.185,4,0.0336959287524,-0.0504132770002,0.017778698355,0.631809532642,-0.801688849926,0.19405028224,0.00247670989484
37,0.185,5,0.000170078390511,-0.0272778756917,0.0484938360751,0.0515686832368,-0.261623352766,-0.564890563488,0.00247670919634
37,0.185,6,0.000135408947244,0.0276084318757,0.0491351149976,0.0441090911627,0.318669229746,-0.40582048893,0.00247670919634
37,0.185,7,-0.000386015773984,-0.0264020822942,0,0.209980338812,0.529658675194,0,0.00247671105899
37,0.185,8,-0.000651787442621,0.0268288776278,0,0.254452377558,-0.549896836281,0,0.00247671105899
37,0.185,9,0.0533055737615,-0.00036727290717,0,-0.282235443592,0.0652535334229,0,0.00247670942917
37,0.185,10,0.0461008623242,4.96441825817e-05,0.0356393940747,0.878971278667,0.00810847431421,0.326169639826,0.00247670849785
37,0.185,11,-0.0535292029381,-0.000372221140424,0,0.212778955698,0.065376482904,0,0.00247670942917
37,0.185,12,-0.0459738373756,4.51499436167e-05,0.0356661863625,-0.840791642666,0.00640033138916,0.327087372541,0.00247670849785
37,0.185,13,-0.0178543366492,0.027616167441,0.0168461836874,-0.487579405308,0.804644882679,-0.137143969536,0.0148602584377
37,0.185,14,-0.000214205894736,0.0156553592533,0.0316086225212,-0.0319077633321,0.384576112032,-0.444865882397,0.00990683585405
37,0.185,15,0.0180140919983,0.0273557845503,0.0171185918152,0.498765081167,0.785781979561,-0.297076702118,0.0128788910806
37,0.185,16,-0.0149024538696,0.0390181355178,0.0339242070913,-0.318318039179,0.730813622475,0.36647477746,0.00396273471415
37,0.185,17,0.000183340176591,0.0509412363172,0.0181260984391,-0.12153775245,0.704566597939,0.0611059479415,0.00396273471415
37,0.185,18,0.0149806281552,0.0386932231486,0.0322358720005,0.351452887058,0.730615139008,0.155072450638,0.00495341839269
37,0.185,19,0.000351173948729,0.0171121601015,0.0110739460215,-0.00130645581521,0.289568305016,0.546571969986,0.00990684051067
37,0.185,20,-0.0178869776428,0.0468392185867,0.00163805519696,0.261396974325,0.0833279192448,-0.392097592354,0.00396273564547
37,0.185,21,0.0179883651435,0.0475562736392,0.00177779153455,-0.19177608192,0.2141033113,-0.202968001366,0.00495341978967
37,0.185,22,-0.02478964068,-5.44561480638e-05,0.0251588840038,-0.602632820606,-0.0258988924325,-0.282284766436,0.0099068377167
37,0.185,23,-0.0398790463805,0.0234977602959,0.0265293065459,-0.972191214561,0.526808381081,0.502689063549,0.00396273564547
37,0.185,24,-0.0219222325832,0.0132735827938,0.040702521801,-0.174473136663,0.142288282514,-0.591695427895,0.00594410020858
37,0.185,25,-0.0279261637479,-7.10862514097e-05,0.00996160879731,-0.437513440847,0.0147328125313,-0.0456276200712,0.00990684051067
37,0.185,26,-0.0451688207686,0.0270930491388,0.00595738552511,0.0711317956448,0.302665948868,0.0107722617686,0.0039627365768
37,0.185,27,-0.0247346796095,0.0168491322547,0,-0.329675137997,-0.179032549262,0,0.00594410393387
37,0.185,28,-0.0537833087146,-0.000177887472091,0.0176415927708,-1.18302774429,-0.0369071476161,0.0113070737571,0.00594410579652
37,0.185,29,0.0248683113605,-6.03346961725e-05,0.0254350695759,0.613580346107,-0.0297160055488,-0.260611891747,0.0099068377167
37,0.185,30,0.0404185391963,0.0236151479185,0.0267788860947,1.04496371746,0.529710650444,0.491576820612,0.00396273564547
37,0.185,31,0.0219078548253,0.013249900192,0.0408553890884,0.161030381918,0.138441205025,-0.572290360928,0.00594410020858
37,0.185,32,0.0279517509043,-8.40190041345e-05,0.0100629068911,0.429547965527,0.00917947012931,-0.0667465031147,0.00990684051067
37,0.185,33,0.0447070375085,0.0270050540566,0.00574903795496,-0.0856715962291,0.250541895628,-0.0173316765577,0.0039627365768
37,0.185,34,0.0242140423506,0.0171693023294,0,0.273196458817,-0.0865942835808,0,0.00594410393387
37,0.185,35,0.0539035312831,-0.000169934850419,0.0174217056483,1.19218027592,-0.0347947143018,0.0392837934196,0.00594410579652
37,0.185,36,-0.017948532477,-0.0276175625622,0.0168355740607,-0.4698151052,-0.827808856964,-0.130397841334,0.0148602584377
37,0.185,37,0.0181004479527,-0.0274043567479,0.0170319192111,0.47933280468,-0.808778882027,-0.298304915428,0.0128788910806
37,0.185,38,-0.000198367109988,-0.0153524577618,0.0308069325984,-0.0297007616609,-0.37409734726,-0.468191891909,0.0118882022798
37,0.185,39,3.09857714456e-05,-0.0508139766753,0.0180349182338,-0.130488947034,-0.70208543539,0.11772210151,0.00396273471415
37,0.185,40,-0.0149700883776,-0.0389432944357,0.0339969322085,-0.312695026398,-0.642981767654,0.267484128475,0.00396273471415
37,0.185,41,0.0150611875579,-0.0386710613966,0.0321593023837,0.344230353832,-0.68342846632,0.0882729068398,0.00495341839269
37,0.185,42,0.00030320402584,-0.0173308830708,0.0115335406736,0.00864903535694,-0.283900469542,0.370929598808,0.0118882078677
37,0.185,43,-0.0173936355859,-0.0468102917075,0.00120363605674,0.270165592432,0.00841789413244,-0.51195371151,0.00396273564547
37,0.185,44,0.017510227859,-0.0474950037897,0.00165691995062,-0.188764512539,-0.169704407454,-0.195091813803,0.00495341978967
37,0.185,45,-0.0401466675103,-0.0236440226436,0.0264392811805,-0.919023931026,-0.532781660557,0.445054680109,0.00396273564547
37,0.185,46,-0.0222466979176,-0.0131818456575,0.0412375442684,-0.257920473814,-0.151803568006,-0.483407586813,0.0049534169957
37,0.185,47,-0.0442183054984,-0.0274472068995,0.00551973283291,0.0081769824028,-0.364541441202,0.0873109772801,0.0039627365768
37,0.185,48,-0.0238320808858,-0.0161914546043,0,-0.410718619823,0.3371784091,0,0.00495341978967
37,0.185,49,0.0407129526138,-0.0237005837262,0.0266578216106,0.989284455776,-0.527307450771,0.430440366268,0.00396273564547
37,0.185,50,0.0222212057561,-0.013130328618,0.0413943119347,0.24238049984,-0.143232062459,-0.467534005642,0.0049534169957
37,0.185,51,0.0437899827957,-0.027362620458,0.0053357151337,-0.0246321260929,-0.321367681026,0.0657612532377,0.0039627365768
37,0.185,52,0.0232925843447,-0.0166257601231,0,0.365444034338,0.255000501871,0,0.00495341978967
37,0.185,53,-1.18014831969e-05,-0.000295686651953,0.0483541972935,-0.00598686281592,-0.0742367580533,-0.676151931286,0.00396273471415
37,0.185,54,3.20814760926e-05,0.00123022566549,0,-0.00928252842277,0.0193365477026,0,0.00396273750812
38,0.19,0,5.53643767489e-05,0.000222417220357,0.0211471188813,0.0357854887843,0.0240281317383,0.757006585598,0.00990683957934
38,0.19,1,-0.0339778549969,0.0519947521389,0.0199516043067,0.101702913642,0.196431398392,0.00979177746922,0.00247670989484
38,0.19,2,0.0352990739048,0.0527422875166,0.0193046703935,-0.0240937247872,0.161286026239,0.171738266945,0.00247670989484
38,0.19,3,-0.0339091606438,-0.0521416254342,0.0194918066263,0.100557625294,-0.24319909513,0.0923035144806,0.00247670989484
38,0.19,4,0.0352115444839,-0.052915211767,0.0188784580678,-0.0363736413419,-0.214848309755,0.233801305294,0.00247670989484
38,0.19,5,0.000528369913809,-0.0285257752985,0.0487550981343,0.0804979428649,-0.143223628402,0.483805567026,0.00247670919634
38,0.19,6,0.000452293927083,0.0288573615253,0.0500057786703,0.0726380869746,0.0655005797744,0.503752827644,0.00247670919634
38,0.19,7,0.000920010323171,-0.0241102296859,0,0.268452465534,0.36159786582,0,0.00247671105899
38,0.19,8,0.000925235508475,0.0251253917813,0,0.328005760908,-0.188295513391,0,0.00247671105899
38,0.19,9,0.0506061576307,1.74547142251e-06,0,-0.647545039654,0.0702540576458,0,0.00247670942917
38,0.19,10,0.050138913095,5.25694995304e-05,0.039907258004,0.497200191021,-0.00800087675452,1.01266264915,0.00247670849785
38,0.19,11,-0.0512509681284,4.80786093249e-06,0,0.571542084217,0.0726791322231,0,0.00247670942917
38,0.19,12,-0.0498191639781,3.46541819454e-05,0.0398671850562,-0.473193198442,-0.0113670323044,0.988489747047,0.00247670849785
38,0.19,13,-0.0199339892715,0.0316989719868,0.0178402010351,-0.274935513735,0.721664726734,0.480867743492,0.0148602584377
38,0.19,14,-0.00030405682628,0.0175512693822,0.0296757891774,0.000711797794793,0.382933735847,-0.114893630147,0.00990683585405
38,0.19,15,0.0202292464674,0.0314099118114,0.0172414667904,0.306764185429,0.745355129242,0.361850351095,0.0128788910806
38,0.19,16,-0.01623637788,0.0417788848281,0.0368076041341,-0.159977063537,0.287638455629,0.6561191082,0.00396273471415
38,0.19,17,-0.000694623682648,0.0527753904462,0.0183249861002,-0.21187081933,0.0574994198978,0.0669911801815,0.00396273471415
38,0.19,18,0.0166594777256,0.0416679978371,0.0345526076853,0.27048099041,0.359948426485,0.621644794941,0.00495341839269
38,0.19,19,4.93291227031e-05,0.0185542497784,0.010975567624,-0.12052616477,0.217188775539,-0.182879805565,0.00990684051067
38,0.19,20,-0.0162415448576,0.0446076579392,1.55121706484e-05,0.300331622362,-0.830920159817,0.0262076798826,0.00396273564547
38,0.19,21,0.0166321583092,0.0463277027011,0.00161565514281,-0.270600110292,-0.63805347681,0.0889381915331,0.00495341978967
38,0.19,22,-0.0282895155251,-0.000259085907601,0.024127529934,-0.813490152359,-0.0516022592783,0.0659115165472,0.0099068377167
38,0.19,23,-0.0436850711703,0.0258584823459,0.0299171898514,-0.417395591736,0.3100900352,0.70152002573,0.00396273564547
38,0.19,24,-0.0229401439428,0.0142940934747,0.0401788428426,-0.191656634212,0.202188432217,0.239211693406,0.00594410020858
38,0.19,25,-0.0307195391506,1.87579516933e-05,0.0118352826685,-0.520760118961,0.0108721917495,0.654927432537,0.00990684051067
38,0.19,26,-0.0430564917624,0.0277518071234,0.0075228405185,0.612209141254,0.0087580839172,0.484995961189,0.0039627365768
38,0.19,27,-0.0258324854076,0.01572310552,0,-0.0794441327453,-0.251987099648,0,0.00594410393387
38,0.19,28,-0.0571478679776,-0.000316974415909,0.0176383536309,-0.13768222928,-0.0155658172444,0.165465146303,0.00594410579652
38,0.19,29,0.0283868648112,-0.000281275337329,0.024337016046,0.805745005608,-0.0527663305402,0.0151143381372,0.0099068377167
38,0.19,30,0.0443130396307,0.0258904881775,0.0297491047531,0.374293059111,0.277863711119,0.561285912991,0.00396273564547
38,0.19,31,0.0228205863386,0.01427563373,0.0402318947017,0.169708013535,0.209225162864,0.169519767165,0.00594410020858
38,0.19,32,0.03069598414,-6.21746175966e-06,0.0117337992415,0.510325133801,0.0130805680528,0.616283416748,0.00990684051067
38,0.19,33,0.0427956283092,0.0274847969413,0.00723324203864,-0.49741640687,0.00101445929613,0.471047461033,0.0039627365768
38,0.19,34,0.025295348838,0.0162930712104,0,0.138429313898,-0.262169808149,0,0.00594410393387
38,0.19,35,0.0572580546141,-0.000297434307868,0.0178287532181,0.123869419098,-0.0137503724545,0.277440726757,0.00594410579652
38,0.19,36,-0.0199088677764,-0.0318336598575,0.0177963692695,-0.23949123919,-0.730675756931,0.440030068159,0.0148602584377
38,0.19,37,0.0201871003956,-0.0315732322633,0.017177298665,0.269321709871,-0.756256639957,0.332895338535,0.0128788910806
38,0.19,38,-0.000287305039819,-0.0172739028931,0.0291140209883,-0.00185999809764,-0.397619515657,-0.0575581975281,0.0118882022798
38,0.19,39,-0.000872314441949,-0.0527829267085,0.0184582751244,-0.206631228328,-0.122315704823,0.0829973369837,0.00396273471415
38,0.19,40,-0.0163263194263,-0.0413113795221,0.0364480651915,-0.178685128689,-0.246205970645,0.616214156151,0.00396273471415
38,0.19,41,0.016735335812,-0.0413859598339,0.034190248698,0.279687851667,-0.320009827614,0.598223626614,0.00495341839269
38,0.19,42,0.000109925975266,-0.0184429250658,0.0110021447763,-0.0868559256196,-0.107031598687,-0.0579293072224,0.0118882078677
38,0.19,43,-0.0159238707274,-0.0440096743405,1.73636763066e-05,0.22440764308,0.946381270885,-0.004114927724,0.00396273564547
38,0.19,44,0.0163365788758,-0.0460349880159,0.0013866078807,-0.202502265573,0.700280487537,0.050924886018,0.00495341978967
38,0.19,45,-0.0436468236148,-0.0260474085808,0.0297534633428,-0.369507670403,-0.325298815966,0.739252984524,0.00396273564547
38,0.19,46,-0.0236456859857,-0.0141767766327,0.0412324368954,-0.23101490736,-0.166067361832,0.316442131996,0.0049534169957
38,0.19,47,-0.0426653921604,-0.0282416567206,0.00732094142586,0.476168066263,0.0160109680146,0.489442080259,0.0039627365768
38,0.19,48,-0.0252707973123,-0.0144498106092,0,-0.132017016411,0.333699256182,0,0.00495341978967
38,0.19,49,0.0442624464631,-0.0260051190853,0.0295450594276,0.31495770812,-0.297606468201,0.6000649333,0.00396273564547
38,0.19,50,0.0235036034137,-0.0141385924071,0.0412554815412,0.207595780492,-0.181975856423,0.238484099507,0.0049534169957
38,0.19,51,0.042455740273,-0.0280255395919,0.00703840842471,-0.360440671444,0.0149331465364,0.464311778545,0.0039627365768
38,0.19,52,0.0247993282974,-0.0150019386783,0,0.210574254394,0.379090607166,0,0.00495341978967
38,0.19,53,-6.84600163368e-05,-0.000689392501954,0.0470527112484,-0.0152125861496,-0.0659888237715,-0.0398013144732,0.00396273471415
38,0.19,54,-7.64441283536e-05,0.000484376621898,0,-0.0314511992037,-0.267823338509,0,0.00396273750812
39,0.195,0,0.000237712622038,0.000365326355677,0.0216246731579,0.0266373157501,0.0413478054106,0.00638871267438,0.00990683957934
39,0.195,1,-0.0327848680317,0.0527251437306,0.0197877138853,0.308706492186,0.143319353461,-0.0523853376508,0.00247670989484
39,0.195,2,0.0338611230254,0.0528741329908,0.0201298836619,-0.471249163151,-0.00589292543009,0.154554545879,0.00247670989484
39,0.195,3,-0.0327557176352,-0.0531290657818,0.0197631679475,0.310907512903,-0.159733444452,0.0202029123902,0.00247670989484
39,0.195,4,0.0336854085326,-0.053288385272,0.0200203023851,-0.502556502819,-0.00615982152522,0.204122900963,0.00247670989484
39,0.195,5,0.000861571461428,-0.0281185414642,0.0519472397864,0.0480841509998,0.293414980173,0.782665073872,0.00247670919634
39,0.195,6,0.000768331752624,0.0276972148567,0.0526066347957,0.0512158721685,-0.49111789465,0.583820462227,0.00247670919634
39,0.195,7,0.00185172818601,-0.0229255445302,0,0.0762197375298,0.162381932139,0,0.00247671105899
39,0.195,8,0.00208863057196,0.0240731351078,0,0.0944870039821,-0.338023871183,0,0.00247671105899
39,0.195,9,0.0480261854827,0.000283148518065,0,-0.306703031063,0.0425188913941,0,0.00247670942917
39,0.195,10,0.0499205291271,-1.82313269761e-05,0.0439458563924,-0.490562975407,-0.0166740678251,0.683132350445,0.00247670849785
39,0.195,11,-0.0486700870097,0.000290111434879,0,0.408604472876,0.0408667623997,0,0.00247670942917
39,0.195,12,-0.0496817491949,-5.00656715303e-05,0.0438275672495,0.42680683732,-0.017983423546,0.687534868717,0.00247670849785
39,0.195,13,-0.0199149232358,0.03349513188,0.0210470501333,0.282756447792,-0.0700600594282,0.768234431744,0.0148602584377
39,0.195,14,-0.000198242021725,0.019205853343,0.0322955437005,0.0363684594631,0.181034222245,0.944705247879,0.00990683585405
39,0.195,15,0.0201916154474,0.0335303507745,0.0203229486942,-0.334153234959,0.0136871114373,0.81531304121,0.0128788910806
39,0.195,16,-0.0161841362715,0.04173226282,0.0401669815183,0.163958638906,-0.227274566889,0.704344272614,0.00396273471415
39,0.195,17,-0.00167880859226,0.0524452365935,0.0192379001528,-0.151623055339,-0.104213304818,0.292403131723,0.00396273471415
39,0.195,18,0.0173143018037,0.0419096238911,0.0379078537226,-0.0155969895422,-0.201870948076,0.7307908535,0.00495341839269
39,0.195,19,-0.000674194190651,0.0186792686582,0.0130173685029,-0.136877447367,-0.174400940537,0.765511393547,0.00990684051067
39,0.195,20,-0.0157144684345,0.0402904227376,0.000143573211972,-0.0833777487278,-0.784759044647,0.0188199989498,0.00396273564547
39,0.195,21,0.0160032082349,0.0420006811619,0.00240821228363,0.0223636515439,-0.99146926403,0.214643418789,0.00495341978967
39,0.195,22,-0.032143060118,-0.000517339620274,0.0275585707277,-0.524717569351,-0.04630349949,1.18586349487,0.0099068377167
39,0.195,23,-0.0435378700495,0.0262700691819,0.0329938344657,0.411116778851,-0.0774613544345,0.526959657669,0.00396273564547
39,0.195,24,-0.0236012786627,0.0147705506533,0.0421073511243,-0.0742659270763,-0.0181524734944,0.522485017776,0.00594410020858
39,0.195,25,-0.0314686186612,-1.15967782222e-06,0.0146570419893,0.254838585854,-0.0152257140726,0.395336180925,0.00990684051067
39,0.195,26,-0.0405900999904,0.0275930985808,0.00935961864889,0.304692834616,-0.0632099211216,0.214893981814,0.0039627365768
39,0.195,27,-0.0253588054329,0.0142234619707,0,0.300810992718,-0.354937374592,0,0.00594410393387
39,0.195,28,-0.0556237623096,-0.000334345648298,0.0202746503055,0.632182717323,0.00601530773565,0.806200861931,0.00594410579652
39,0.195,29,0.0321172513068,-0.000529910437763,0.0273928623646,0.485213220119,-0.0425268672407,1.10743713379,0.0099068377167
39,0.195,30,0.0437698364258,0.0261164437979,0.0321844518185,-0.496904283762,-0.115607015789,0.452297002077,0.00396273564547
39,0.195,31,0.0234439410269,0.0147965885699,0.0416017621756,0.0854864865541,-0.012458588928,0.388992011547,0.00594410020858
39,0.195,32,0.0314191430807,9.91848446574e-06,0.0145232928917,-0.253371566534,-0.00391959445551,0.399312198162,0.00990684051067
39,0.195,33,0.0412674285471,0.0274625029415,0.00895426236093,-0.0817566439509,-0.0131755480543,0.193585932255,0.0039627365768
39,0.195,34,0.0254325773567,0.0144238509238,0,-0.133828774095,-0.475464522839,0,0.00594410393387
39,0.195,35,0.055606033653,-0.000314470584271,0.0207752566785,-0.660858929157,0.00437722634524,0.781376183033,0.00594410579652
39,0.195,36,-0.0197542347014,-0.0335988588631,0.0207445304841,0.28457814455,0.0731964409351,0.733592569828,0.0148602584377
39,0.195,37,0.0200268346816,-0.033717636019,0.0199587754905,-0.327134877443,-0.024041576311,0.759131610394,0.0128788910806
39,0.195,38,-0.000208338708035,-0.0190798584372,0.031506177038,0.0292591266334,-0.238297373056,0.816051125526,0.0118882022798
39,0.195,39,-0.00174188031815,-0.0527982711792,0.0191802717745,-0.113747924566,0.0709402412176,0.200673878193,0.00396273471415
39,0.195,40,-0.0163858775049,-0.0413149744272,0.0398891940713,0.151961535215,0.186809748411,0.753167688847,0.00396273471415
39,0.195,41,0.0174435041845,-0.0415808074176,0.0376427322626,-0.0147684318945,0.184615597129,0.774949073792,0.00495341839269
39,0.195,42,-0.00043952598935,-0.0179486516863,0.0142120737582,-0.112355850637,0.291940361261,0.981532871723,0.0118882078677
39,0.195,43,-0.0157703571022,-0.0390871912241,3.45825661441e-08,-0.128714203835,0.918842315674,0.000345825654222,0.00396273564547
39,0.195,44,0.0160429086536,-0.0411737859249,0.00191060395446,0.0650207176805,1.14421057701,0.147021025419,0.00495341978967
39,0.195,45,-0.0433660559356,-0.02657915093,0.0331533662975,0.430470049381,0.048636239022,0.59467202425,0.00396273564547
39,0.195,46,-0.0240512844175,-0.0142801972106,0.0434393547475,0.0754083022475,0.115300104022,0.593057632446,0.0049534169957
39,0.195,47,-0.0406918972731,-0.0276192687452,0.00904824119061,0.266000986099,0.209264576435,0.186669304967,0.0039627365768
39,0.195,48,-0.0249112751335,-0.0127786947414,0,0.303365588188,0.345615923405,0,0.00495341978967
39,0.195,49,0.0435409732163,-0.0264184568077,0.0323241464794,-0.519260704517,0.0650065466762,0.523760080338,0.00396273564547
39,0.195,50,0.0238843150437,-0.0143478922546,0.0428614169359,-0.0554419271648,0.0980355590582,0.449727207422,0.0049534169957
39,0.195,51,0.0413523167372,-0.0275593493134,0.00861021783203,-0.0673757046461,0.161632761359,0.162185430527,0.0039627365768
39,0.195,52,0.0250980108976,-0.0128167821094,0,-0.143873259425,0.483689874411,0,0.00495341978967
39,0.195,53,-0.000124225436593,-0.000883013184648,0.0470998473465,-0.000416218332248,-0.0193238276988,0.167790338397,0.00396273471415
39,0.195,54,-0.000236572595895,-0.000868982984684,0,-0.0253930576146,-0.221208304167,0,0.00396273750812
40,0.2,0,0.000255110760918,0.000748421123717,0.0271704532206,-0.025667283684,0.0946913510561,1.78614389896,0.00990683957934
40,0.2,1,-0.030776001513,0.0525393411517,0.0198416225612,0.541265368462,-0.35656362772,0.126648426056,0.00247670989484
40,0.2,2,0.030769251287,0.0524559766054,0.0209131818265,-0.783629477024,-0.284692019224,0.185953751206,0.00247670989484
40,0.2,3,-0.0306214224547,-0.0526456795633,0.0199698191136,0.5786896348,0.474509656429,0.110017694533,0.00247670989484
40,0.2,4,0.0304059144109,-0.0526291504502,0.0208378359675,-0.809559583664,0.373165011406,0.142272815108,0.00247670989484
40,0.2,5,0.00101254717447,-0.0259129758924,0.0571829155087,0.0149509077892,0.529713630676,1.30459058285,0.00247670919634
40,0.2,6,0.000983577920124,0.0245453417301,0.0573466308415,0.035241458565,-0.689278542995,1.35247933865,0.00247670919634
40,0.2,7,0.00154612667393,-0.0219113305211,0,-0.178222775459,0.251739621162,0,0.00247671105899
40,0.2,8,0.00163608253933,0.0214457232505,0,-0.25054693222,-0.601097762585,0,0.00247671105899
40,0.2,9,0.0476457364857,0.000432289612945,0,0.0562847703695,0.0187559816986,0,0.00247670942917
40,0.2,10,0.0471124276519,-7.9791614553e-05,0.0488922707736,-0.458766251802,-0.00870102550834,1.38312160969,0.00247670849785
40,0.2,11,-0.0471757464111,0.000421498116339,0,0.264024525881,0.0146104525775,0,0.00247670942917
40,0.2,12,-0.0474348179996,-0.000101808735053,0.0489718839526,0.322322458029,-0.00322504038922,1.45286560059,0.00247670849785
40,0.2,13,-0.0175447259098,0.0309970937669,0.0248988121748,0.579985141754,-0.835832595825,0.670410811901,0.0148602584377
40,0.2,14,-2.82480305032e-05,0.0184627976269,0.0369159430265,0.0238288510591,-0.472148478031,0.930602312088,0.00990683585405
40,0.2,15,0.0173173248768,0.0311448369175,0.0245078876615,-0.714385032654,-0.903920471668,0.738220155239,0.0128788910806
40,0.2,16,-0.014894365333,0.0402924232185,0.0440594889224,0.320325911045,-0.311631500721,0.843696892262,0.00396273471415
40,0.2,17,-0.00189685355872,0.0512759536505,0.021057209,0.0812955349684,-0.484478235245,0.426978737116,0.00396273471415
40,0.2,18,0.0164991933852,0.0405575372279,0.0421473942697,-0.300380498171,-0.266704946756,0.95410746336,0.00495341839269
40,0.2,19,-0.0010035111336,0.0168853513896,0.0153192654252,0.0251164473593,-0.54865950346,0.223650351167,0.00990684051067
40,0.2,20,-0.0163173880428,0.0369640626013,0.00117942399811,-0.056141808629,-0.557860970497,0.502774953842,0.00396273564547
40,0.2,21,0.0162736549973,0.0372171252966,0.003975616768,0.000831773970276,-0.849015176296,0.43382230401,0.00495341978967
40,0.2,22,-0.0316133722663,-0.000682013225742,0.0335263162851,0.75888210535,-0.0183594617993,1.02893400192,0.0099068377167
40,0.2,23,-0.0404529348016,0.0259776674211,0.0352534204721,0.728484690189,0.00704478146508,0.396173983812,0.00396273564547
40,0.2,24,-0.0235942825675,0.0143685638905,0.0463376045227,0.0979206934571,-0.101162672043,1.25830149651,0.00594410020858
40,0.2,25,-0.0285266786814,-7.28880113456e-05,0.0163220707327,0.852972328663,-0.00761490222067,0.376011401415,0.00990684051067
40,0.2,26,-0.0393851809204,0.0266393870115,0.0105704823509,0.316439419985,-0.381221592426,0.382176011801,0.0039627365768
40,0.2,27,-0.0228251274675,0.0124554410577,0,0.619523346424,-0.298273235559,0,0.00594410393387
40,0.2,28,-0.0515883564949,-0.000267753028311,0.0240533091128,0.930303156376,0.0204061307013,0.571434497833,0.00594410579652
40,0.2,29,0.0313901416957,-0.000685490202159,0.0329941138625,-0.783598542213,-0.0201485306025,0.944938182831,0.0099068377167
40,0.2,30,0.0405104123056,0.0256603155285,0.0345571264625,-0.70534235239,-0.0196516364813,0.492341279984,0.00396273564547
40,0.2,31,0.023601077497,0.0143727911636,0.0453832931817,-0.046234946698,-0.112982623279,1.2431473732,0.00594410020858
40,0.2,32,0.028480079025,-3.68097175851e-06,0.0160175338387,-0.858323335648,0.00116843613796,0.315639764071,0.00990684051067
40,0.2,33,0.0408600196242,0.0267214775085,0.0102463560179,-0.258043557405,-0.355249732733,0.44588419795,0.0039627365768
40,0.2,34,0.0236995238811,0.0120353884995,0,-0.498211324215,-0.399191409349,0,0.00594410393387
40,0.2,35,0.0515322200954,-0.000259678810835,0.0238477606326,-0.913699865341,0.0179364681244,0.343580842018,0.00594410579652
40,0.2,36,-0.0175962653011,-0.0312046743929,0.0247476641089,0.50312680006,0.798998057842,0.744408011436,0.0148602584377
40,0.2,37,0.0174383055419,-0.0314471833408,0.0242231152952,-0.620429039001,0.88025021553,0.8104134202,0.0128788910806
40,0.2,38,-6.70289373375e-05,-0.018825866282,0.0355969630182,0.0208631101996,0.344640612602,0.886500418186,0.0118882022798
40,0.2,39,-0.00176222366281,-0.0513531900942,0.0203912630677,0.112101241946,0.617824912071,0.295007914305,0.00396273471415
40,0.2,40,-0.0149824684486,-0.0399955362082,0.0440105162561,0.374450951815,0.305892765522,0.892469644547,0.00396273471415
40,0.2,41,0.016491195187,-0.040367603302,0.0420447513461,-0.351564109325,0.228817775846,0.970789432526,0.00495341839269
40,0.2,42,-0.000813099497464,-0.0158478301018,0.0167296137661,-0.0218513123691,0.545159816742,0.14956137538,0.0118882078677
40,0.2,43,-0.016389425844,-0.0352540388703,0.000933697738219,-0.0369730331004,0.580546677113,0.509433507919,0.00396273564547
40,0.2,44,0.0163467377424,-0.0356117784977,0.00328148249537,-0.0122079998255,0.963297486305,0.452198952436,0.00495341978967
40,0.2,45,-0.0400549508631,-0.0263793729246,0.0356845259666,0.804928719997,-0.00761521980166,0.452552706003,0.00396273564547
40,0.2,46,-0.0228955764323,-0.0135138425976,0.0484000444412,0.366998642683,0.132711455226,1.45125675201,0.0049534169957
40,0.2,47,-0.0394056737423,-0.0259691234678,0.0101861944422,0.361187815666,0.478696316481,0.382746547461,0.0039627365768
40,0.2,48,-0.0224090535194,-0.0112264826894,0,0.581634223461,0.229820758104,0,0.00495341978967
40,0.2,49,0.0400909110904,-0.0261873397976,0.0349475368857,-0.765496969223,-0.00793191883713,0.537556350231,0.00396273564547
40,0.2,50,0.0229893140495,-0.0135877272114,0.0472940318286,-0.286468833685,0.143644690514,1.41484606266,0.0049534169957
40,0.2,51,0.0407594032586,-0.0260697733611,0.00981038436294,-0.314812302589,0.4705055058,0.438965082169,0.0039627365768
40,0.2,52,0.023266389966,-0.0106456475332,0,-0.495436608791,0.313612222672,0,0.00495341978967
40,0.2,53,1.28159763335e-05,-0.000977869145572,0.0506824292243,0.057511460036,-0.0174014903605,1.31323742867,0.00396273471415
40,0.2,54,-0.000242421781877,-0.00137788360007,0,0.0303038321435,0.0212032869458,0,0.00396273750812
41,0.205,0,-0.000109099790279,0.00102381710894,0.0328056737781,-0.119905285537,-0.0101794749498,0.356568753719,0.00990683957934
41,0.205,1,-0.0271869990975,0.0484296642244,0.0216185171157,0.838355243206,-1.20476794243,0.618360698223,0.00247670989484
41,0.205,2,0.0259593185037,0.0488936640322,0.0224584713578,-1.07288706303,-1.13118004799,0.479052007198,0.00247670989484
41,0.205,3,-0.0269650928676,-0.0480178557336,0.0214203316718,0.81113833189,1.25237119198,0.516141951084,0.00247670989484
41,0.205,4,0.0257109124213,-0.0487049333751,0.0218890737742,-0.993717849255,1.16428089142,0.337698578835,0.00247670989484
41,0.205,5,0.00102005538065,-0.0236622542143,0.064685665071,-0.00870146322995,0.260883778334,1.69539940357,0.00247670919634
41,0.205,6,0.00106017943472,0.0217256247997,0.065439298749,-0.00958016794175,-0.331281542778,1.80922317505,0.00247670919634
41,0.205,7,0.000376966432668,-0.0212480090559,0,-0.25357618928,-0.103171937168,0,0.00247671105899
41,0.205,8,0.00013802202011,0.0200578980148,0,-0.274204343557,0.205655738711,0,0.00247671105899
41,0.205,9,0.0470902845263,0.000487634155434,0.000328721740516,-0.411684006453,0.00579295447096,0.220293536782,0.00247670942917
41,0.205,10,0.045075468719,-0.000181657000212,0.055548530072,-0.528081476688,-0.0400625541806,0.942545294762,0.00247670849785
41,0.205,11,-0.0449919067323,0.000462793774204,0.000328158726916,0.673582911491,0.00412433594465,0.216610908508,0.00247670942917
41,0.205,12,-0.0457705482841,-0.000157474249136,0.0560734309256,0.549108028412,-0.02719941549,1.04862678051,0.00247670849785
41,0.205,13,-0.0148030854762,0.0259941127151,0.0273894350976,0.479051917791,-1.08544492722,0.409915864468,0.0148602584377
41,0.205,14,3.00596839224e-05,0.0153121910989,0.0437668673694,0.00428826641291,-0.659464597702,1.8516920805,0.00990683585405
41,0.205,15,0.0140116158873,0.0254065580666,0.027403363958,-0.53900796175,-1.25897920132,0.518126785755,0.0128788910806
41,0.205,16,-0.0131119349971,0.0383390113711,0.0480982363224,0.373876065016,-0.509059369564,0.708721041679,0.00396273471415
41,0.205,17,-0.000826154544484,0.0468644052744,0.0236856974661,0.316975563765,-1.20892179012,0.643949329853,0.00396273471415
41,0.205,18,0.0143246930093,0.0390547402203,0.0468168742955,-0.543090999126,-0.417379289865,0.84188657999,0.00495341839269
41,0.205,19,-0.00037528181565,0.0132005400956,0.0167445819825,0.199061900377,-0.838119029999,0.326931566,0.00990684051067
41,0.205,20,-0.0155024016276,0.0348314493895,0.00532894860953,0.401430308819,-0.286234140396,1.0366666317,0.00396273564547
41,0.205,21,0.0153667740524,0.0341242924333,0.00653872732073,-0.376222759485,-0.375679790974,0.526394605637,0.00495341978967
41,0.205,22,-0.0256735272706,-0.000667714281008,0.0381200499833,1.39127397537,0.0298344176263,0.935292601585,0.0099068377167
41,0.205,23,-0.0365403629839,0.0257690753788,0.0372481718659,0.838895559311,-0.206573456526,0.453471153975,0.00396273564547
41,0.205,24,-0.0225275438279,0.0139359794557,0.0547284111381,0.294820070267,-0.0757742449641,1.98158347607,0.00594410020858
41,0.205,25,-0.0235815495253,-2.75253551081e-05,0.0186909083277,1.01855564117,0.0284989140928,0.505003809929,0.00990684051067
41,0.205,26,-0.0366269089282,0.023397596553,0.0134922079742,0.745676577091,-0.876565277576,0.710809469223,0.0039627365768
41,0.205,27,-0.0204233918339,0.0115637937561,0,0.249506831169,-0.0723615512252,0,0.00594410393387
41,0.205,28,-0.0463665015996,-0.00012272472668,0.0260152351111,1.15204238892,0.0370159707963,0.3548822999,0.00594410579652
41,0.205,29,0.0255159772933,-0.000695736613125,0.0371378771961,-1.34327864647,0.0250935833901,0.865764319897,0.0099068377167
41,0.205,30,0.036742888391,0.0253010410815,0.0369533374906,-0.84735417366,-0.243470162153,0.484244227409,0.00396273564547
41,0.205,31,0.0228955764323,0.013911656104,0.054044354707,-0.20054961741,-0.0681155398488,2.06637215614,0.00594410020858
41,0.205,32,0.0234648771584,3.98537958972e-05,0.018106341362,-1.0384554863,0.0173704847693,0.45387929678,0.00990684051067
41,0.205,33,0.0376156456769,0.0235166754574,0.0137244975194,-1.00136327744,-0.879557907581,0.852814614773,0.0039627365768
41,0.205,34,0.0214084051549,0.0110624842346,0,-0.32939234376,0.0136486357078,0,0.00594410393387
41,0.205,35,0.0465207695961,-0.000127763341879,0.0247447099537,-1.08280313015,0.0333184115589,0.206897303462,0.00594410579652
41,0.205,36,-0.0152117032558,-0.0262943636626,0.0275145620108,0.43466809392,1.10086560249,0.434875607491,0.0148602584377
41,0.205,37,0.0145394550636,-0.0256569162011,0.0274598412216,-0.496668815613,1.31259524822,0.567743420601,0.0128788910806
41,0.205,38,-1.72362172179e-06,-0.0161937065423,0.0424018912017,0.0103006223217,0.615451753139,1.84975159168,0.0118882022798
41,0.205,39,-0.000671075016726,-0.0462010540068,0.0224885568023,0.292431682348,1.32428252697,0.580821692944,0.00396273471415
41,0.205,40,-0.012964467518,-0.0382171683013,0.0484776608646,0.389711022377,0.418120115995,0.828968286514,0.00396273471415
41,0.205,41,0.0141255771741,-0.0392232909799,0.0467456430197,-0.546926081181,0.306425035,0.834895014763,0.00495341839269
41,0.205,42,-0.000587687594816,-0.0124669903889,0.0178477205336,0.101640850306,0.738359868526,0.296553641558,0.0118882078677
41,0.205,43,-0.0155641911551,-0.0337297432125,0.00532982917503,0.381564795971,0.0402326844633,1.10231566429,0.00396273564547
41,0.205,44,0.015465144068,-0.0325565747917,0.00635025417432,-0.345542669296,0.245277449489,0.683305203915,0.00495341978967
41,0.205,45,-0.0357450060546,-0.0260521024466,0.0381696075201,0.893137156963,0.249106943607,0.592121779919,0.00396273564547
41,0.205,46,-0.0208494868129,-0.0131991123781,0.057315479964,0.369783371687,-0.00234473729506,1.95213067532,0.0049534169957
41,0.205,47,-0.0365789309144,-0.0226933695376,0.0131948925555,0.704588651657,0.792579829693,0.746118426323,0.0039627365768
41,0.205,48,-0.0204098504037,-0.010763081722,0,0.153950452805,-0.0327056162059,0,0.00495341978967
41,0.205,49,0.036027058959,-0.0258044488728,0.0377700701356,-0.88182002306,0.277277350426,0.60814011097,0.00396273564547
41,0.205,50,0.0214339755476,-0.0132746985182,0.056433942169,-0.263052046299,-0.0274291336536,2.04937410355,0.0049534169957
41,0.205,51,0.0374612547457,-0.0227313116193,0.0133169954643,-0.94083070755,0.812891960144,0.875873148441,0.0039627365768
41,0.205,52,0.0212927795947,-0.0102057959884,0,-0.225886002183,-0.130463480949,0,0.00495341978967
41,0.205,53,0.00038844125811,-0.000875174533576,0.0596909038723,0.0804189220071,0.074914842844,2.22286939621,0.00396273471415
41,0.205,54,0.000104169521364,-0.000840699183755,0,0.0984354689717,0.151503890753,0,0.00396273750812
42,0.21,0,-0.000782522372901,0.00051525561139,0.0341922603548,-0.115236617625,-0.173808127642,0.519627928734,0.00990683957934
42,0.21,1,-0.0234872475266,0.0421805605292,0.0263332314789,0.520793318748,-1.09819233418,1.24430704117,0.00247670989484
42,0.21,2,0.0215200334787,0.0423228666186,0.0261150971055,-0.510493636131,-1.28019082546,0.980035543442,0.00247670989484
42,0.21,3,-0.023673241958,-0.0420391149819,0.0257515423,0.404384195805,0.972255945206,1.2380900383,0.00247670989484
42,0.21,4,0.0218903813511,-0.0422385893762,0.0249503962696,-0.372475355864,1.22902464867,0.9312312603,0.00247670989484
42,0.21,5,0.000943591003306,-0.0243532378227,0.0743252635002,-0.0252416692674,-0.542906701565,2.07947444916,0.00247670919634
42,0.21,6,0.000867080001626,0.0224406570196,0.0753372311592,-0.0656779259443,0.651507079601,2.08257460594,0.00247670919634
42,0.21,7,-0.00076592003461,-0.0232807118446,0,-0.190913766623,-0.625995516777,0,0.00247671105899
42,0.21,8,-0.000739920360502,0.023606531322,0,-0.097426481545,1.03834080696,0,0.00247671105899
42,0.21,9,0.0430585183203,0.00047448114492,0.00250563374721,-1.0887285471,-0.018914507702,0.601578533649,0.00247670942917
42,0.21,10,0.0406543202698,-0.000479629612528,0.0567149221897,-1.17731416225,-0.0676198601723,-0.355001270771,0.00247670849785
42,0.21,11,-0.0407794751227,0.000430231855717,0.00242628483102,0.84532815218,-0.028449151665,0.569426953793,0.00247670942917
42,0.21,12,-0.0406483151019,-0.000378715485567,0.0578154437244,1.41538381577,-0.0510696396232,-0.240057721734,0.00247670849785
42,0.21,13,-0.0127149391919,0.0206737034023,0.0301961451769,0.393557667732,-0.994868397713,0.777238428593,0.0148602584377
42,0.21,14,6.21092549409e-05,0.0126951374114,0.0537035018206,0.013103091158,-0.350110888481,1.9569003582,0.00990683585405
42,0.21,15,0.0120607530698,0.019735943526,0.0308572407812,-0.298528641462,-0.928617060184,0.900418579578,0.0128788910806
42,0.21,16,-0.0115810157731,0.0351372174919,0.0510279275477,0.184917837381,-0.728432476521,0.531056582928,0.00396273471415
42,0.21,17,0.000693846552167,0.0408461280167,0.0277342274785,0.209430471063,-0.995508551598,0.980713486671,0.00396273471415
42,0.21,18,0.011625258252,0.0356018282473,0.050551187247,-0.458106160164,-0.96416258812,0.737672805786,0.00495341839269
42,0.21,19,0.000504842726514,0.0102529702708,0.0171666461974,0.0999341383576,-0.155910164118,-0.255723923445,0.00990684051067
42,0.21,20,-0.0128150573,0.0340716764331,0.0100346188992,0.52417755127,-0.0474370718002,0.759401917458,0.00396273564547
42,0.21,21,0.0129529610276,0.0332776010036,0.00885431841016,-0.473532825708,-0.0168349556625,0.431232213974,0.00495341978967
42,0.21,22,-0.0195388961583,-0.000302026193822,0.0437157228589,0.947386980057,0.116961471736,1.32524240017,0.0099068377167
42,0.21,23,-0.0324179045856,0.0231403354555,0.0405564643443,0.718589782715,-0.809521555901,0.930507957935,0.00396273564547
42,0.21,24,-0.0210566390306,0.0135321700945,0.0651214271784,0.270806580782,-0.0876179113984,2.09776234627,0.00594410020858
42,0.21,25,-0.0195987038314,0.000198961919523,0.0205284077674,0.485958904028,0.0495409108698,0.191382050514,0.00990684051067
42,0.21,26,-0.0331961028278,0.018984535709,0.0166131351143,0.472023248672,-0.711575984955,0.482988148928,0.0039627365768
42,0.21,27,-0.0204103849828,0.0116284033284,0,-0.157547727227,0.111530534923,0,0.00594410393387
42,0.21,28,-0.040585398674,6.23362648184e-05,0.0292485840619,1.05490326881,0.0283287893981,1.01500034332,0.00594410579652
42,0.21,29,0.0196469146758,-0.000311508134473,0.042757678777,-0.911702215672,0.130719661713,1.41110312939,0.0099068377167
42,0.21,30,0.0322328396142,0.0225688982755,0.0401629507542,-0.828792870045,-0.785248756409,0.889808118343,0.00396273564547
42,0.21,31,0.0219521764666,0.013631362468,0.0646908581257,-0.169445678592,-0.0553310252726,2.1033270359,0.00594410020858
42,0.21,32,0.0194868892431,0.000153547676746,0.0197672527283,-0.443963646889,0.018538415432,0.197793215513,0.00990684051067
42,0.21,33,0.0323356054723,0.0191682670265,0.017420148477,-0.872425734997,-0.673082470894,0.539426207542,0.0039627365768
42,0.21,34,0.0208173748106,0.0119570568204,0,0.0625823661685,0.305612295866,0,0.00594410393387
42,0.21,35,0.0412016995251,2.08427572943e-05,0.0278196055442,-0.958040058613,0.0172864347696,1.08138632774,0.00594410579652
42,0.21,36,-0.013114022091,-0.020685531199,0.0303412601352,0.429458767176,1.0778375864,0.76962429285,0.0148602584377
42,0.21,37,0.0124638807029,-0.0195516385138,0.0310634225607,-0.376292616129,1.02487289906,0.913686335087,0.0128788910806
42,0.21,38,9.00843369891e-05,-0.0132922204211,0.0526548437774,0.0298014692962,0.491224676371,2.12545919418,0.0118882022798
42,0.21,39,0.000636298209429,-0.0402043610811,0.0267404299229,0.162805065513,0.869485259056,1.1496001482,0.00396273471415
42,0.21,40,-0.0115921609104,-0.0357624590397,0.051837887615,0.127156764269,0.559982538223,0.531286895275,0.00396273471415
42,0.21,41,0.0116451559588,-0.036410305649,0.0502607934177,-0.386364549398,0.845330178738,0.648507654667,0.00495341839269
42,0.21,42,5.93609775024e-06,-0.00995995756239,0.018076935783,0.109752386808,0.104128807783,-0.342442810535,0.0118882078677
42,0.21,43,-0.0129799405113,-0.034272339195,0.0100158508867,0.522977232933,-0.162145808339,0.667970478535,0.00396273564547
42,0.21,44,0.0132404826581,-0.0326320528984,0.00923141743988,-0.453939646482,-0.165157496929,0.45539444685,0.00495341978967
42,0.21,45,-0.0316789448261,-0.0231983046979,0.0420885160565,0.646020054817,0.849879920483,0.989688932896,0.00396273564547
42,0.21,46,-0.0198008026928,-0.0134906452149,0.0667089149356,0.0597367063165,-0.107200108469,1.73932099342,0.0049534169957
42,0.21,47,-0.0336401760578,-0.0189364179969,0.0166436694562,0.35779517889,0.584420144558,0.582905054092,0.0039627365768
42,0.21,48,-0.0205581635237,-0.0115603683516,0,-0.107878401875,-0.304911345243,0,0.00495341978967
42,0.21,49,0.0316332392395,-0.0228262282908,0.0414930954576,-0.754962623119,0.843753993511,0.927653610706,0.00396273564547
42,0.21,50,0.020813183859,-0.0138535303995,0.0662496909499,-0.010185142979,-0.180575832725,1.78875505924,0.0049534169957
42,0.21,51,0.0328774042428,-0.0190057456493,0.0173445250839,-0.699401438236,0.542512357235,0.657938122749,0.0039627365768
42,0.21,52,0.0208859909326,-0.0117564527318,0,-0.0153457550332,-0.461744636297,0,0.00495341978967
42,0.21,53,0.000735797802918,-0.000299973617075,0.0729222744703,0.0569641254842,0.12508623302,2.98568558693,0.00396273471415
42,0.21,54,0.000511782127433,-0.000111906141683,0,0.0383401475847,0.141223326325,0,0.00396273750812
43,0.215,0,-0.000822468486149,-0.000352392235072,0.0380719378591,0.125720724463,-0.12684391439,0.840807855129,0.00990683957934
43,0.215,1,-0.0227355845273,0.0383547991514,0.0334438569844,-0.204815194011,-0.486896336079,1.49733781815,0.00247670989484
43,0.215,2,0.0222542118281,0.0377917960286,0.0320898480713,0.728066444397,-0.519351243973,1.37350046635,0.00247670989484
43,0.215,3,-0.023264432326,-0.0385244563222,0.0333146862686,-0.193141490221,0.533129811287,1.64197361469,0.00247670989484
43,0.215,4,0.0229187663645,-0.0376612022519,0.0312649533153,0.681333124638,0.61124008894,1.52651154995,0.00247670989484
43,0.215,5,0.000672604364809,-0.0281767547131,0.0838101506233,-0.0897114723921,-0.815987348557,1.56117033958,0.00247670919634
43,0.215,6,0.000403771351557,0.027432827279,0.0846903324127,-0.117267586291,1.13476336002,1.50401461124,0.00247670919634
43,0.215,7,-0.0013861641055,-0.0269576199353,0,-0.0493177138269,-0.867254912853,0,0.00247671105899
43,0.215,8,-0.0011487865122,0.0289914533496,0,-0.0805178433657,1.07222688198,0,0.00247671105899
43,0.215,9,0.0384692326188,0.000148300707224,0.0057345465757,-0.490138977766,-0.120952442288,0.634218871593,0.00247670942917
43,0.215,10,0.0360871888697,-0.000649256806355,0.0552727505565,-0.229069173336,0.0243393443525,0.281363785267,0.00247670849785
43,0.215,11,-0.0387253575027,-6.96990809956e-06,0.0054467623122,-0.144706726074,-0.150961607695,0.609960794449,0.00247670942917
43,0.215,12,-0.0349113456905,-0.000462289754068,0.0568579025567,0.373903334141,0.043227057904,0.357434540987,0.00247670849785
43,0.215,13,-0.0108262747526,0.0167962964624,0.0349512286484,0.303182810545,-0.479885607958,1.03564429283,0.0148602584377
43,0.215,14,0.000153104469064,0.0119712706655,0.062944598496,0.0131451105699,0.0297665651888,1.77568626404,0.00990683585405
43,0.215,15,0.0105431368575,0.0166027005762,0.0358287915587,-0.281108945608,-0.323608934879,0.974901199341,0.0128788910806
43,0.215,16,-0.0116213317961,0.0316183753312,0.0544844008982,-0.179487481713,-0.623267889023,0.946644484997,0.00396273471415
43,0.215,17,0.000751855783165,0.0381855778396,0.0333810672164,-0.144965082407,-0.0868662148714,1.23974823952,0.00396273471415
43,0.215,18,0.010391632095,0.0303879082203,0.0553223080933,-0.0241734981537,-0.918929338455,1.2368773222,0.00495341839269
43,0.215,19,0.000420765834861,0.0120057370514,0.0147843537852,-0.10333763063,0.662867248058,-0.512520372868,0.00990684051067
43,0.215,20,-0.0119211291894,0.0340765155852,0.0136336656287,-0.229703217745,0.00572448642924,0.854685366154,0.00396273564547
43,0.215,21,0.0118777006865,0.0337048657238,0.0118259582669,0.0909359455109,0.175689667463,0.858814716339,0.00495341978967
43,0.215,22,-0.0164846070111,0.000379141594749,0.0512314885855,0.367867052555,0.123823687434,1.61125147343,0.0099068377167
43,0.215,23,-0.0303592607379,0.0189608447254,0.0467786975205,0.080014385283,-0.666065812111,1.49838781357,0.00396273564547
43,0.215,24,-0.0198183655739,0.0131775289774,0.0752790123224,0.223798111081,-0.0369751229882,1.94074904919,0.00594410020858
43,0.215,25,-0.0187686048448,0.000225286057685,0.0207897089422,-0.05484360829,-0.0569624602795,-0.0214566364884,0.00990684051067
43,0.215,26,-0.0326230302453,0.0178049467504,0.01907482557,-0.156012788415,0.238704696298,0.655986607075,0.0039627365768
43,0.215,27,-0.0213302485645,0.0130860460922,0,-0.201879680157,0.484564244747,0,0.00594410393387
43,0.215,28,-0.0370329990983,7.63734497014e-05,0.0354343503714,0.311729729176,-0.0200202576816,1.23486924171,0.00594410579652
43,0.215,29,0.0165594704449,0.000452424195828,0.0509863272309,-0.397465258837,0.13506937027,1.78063869476,0.0099068377167
43,0.215,30,0.0301350932568,0.0190295074135,0.0463645532727,0.0524643138051,-0.450286448002,1.53894484043,0.00396273564547
43,0.215,31,0.0210716743022,0.0132772345096,0.0747473314404,-0.182994112372,-0.0901109427214,1.91856348515,0.00594410020858
43,0.215,32,0.019010655582,7.0038739068e-05,0.0205311179161,0.10816539824,-0.0564704686403,0.16889578104,0.00990684051067
43,0.215,33,0.0308264866471,0.0182861313224,0.019703367725,0.254465073347,0.305025100708,0.541955113411,0.0039627365768
43,0.215,34,0.0215335581452,0.0139716900885,0,0.177203372121,0.486690878868,0,0.00594410393387
43,0.215,35,0.0378400497139,-1.27077901197e-05,0.0345348082483,-0.359467804432,-0.022525107488,1.36092352867,0.00594410579652
43,0.215,36,-0.0110702449456,-0.0165277849883,0.0350758321583,0.319934338331,0.495291858912,1.04691064358,0.0148602584377
43,0.215,37,0.0106062507257,-0.0161816645414,0.0360357835889,-0.315698742867,0.309305042028,0.969928085804,0.0128788910806
43,0.215,38,0.000255414139247,-0.0118071371689,0.0633362978697,0.0227451529354,0.0886290073395,2.13662838936,0.0118882022798
43,0.215,39,0.000562060682569,-0.0382952056825,0.033613357693,-0.149389505386,-0.0208010133356,1.47005355358,0.00396273471415
43,0.215,40,-0.0116988494992,-0.0326206348836,0.0545093566179,-0.126158952713,0.673056960106,0.653042435646,0.00396273471415
43,0.215,41,0.010592808947,-0.0314100682735,0.0544382929802,-0.0472678653896,0.981987118721,1.12370276451,0.00495341839269
43,0.215,42,0.000350053363945,-0.0117801791057,0.0149668101221,0.0260612629354,-0.665843725204,-0.654656648636,0.0118882078677
43,0.215,43,-0.0118255205452,-0.0347217470407,0.013085803017,-0.13246384263,0.0153853334486,0.798383176327,0.00396273564547
43,0.215,44,0.0119083141908,-0.0336907804012,0.0118362447247,-0.0292203556746,-0.261959135532,0.734435915947,0.00495341978967
43,0.215,45,-0.0301028024405,-0.0188732724637,0.0478355176747,-0.015168431215,0.681771099567,1.23473370075,0.00396273564547
43,0.215,46,-0.0197120364755,-0.0142250284553,0.0744818374515,0.0296727716923,-0.169285327196,1.39502358437,0.0049534169957
43,0.215,47,-0.0330934971571,-0.0178855881095,0.0196644701064,-0.0231750197709,-0.164135172963,0.749718010426,0.0039627365768
43,0.215,48,-0.020923435688,-0.0140678230673,0,-0.0573442056775,-0.671674013138,0,0.00495341978967
43,0.215,49,0.0298892762512,-0.0189520139247,0.0471881516278,0.0889164507389,0.518064677715,1.29148602486,0.00396273564547
43,0.215,50,0.020791400224,-0.0147066209465,0.0740613266826,-0.030948722735,-0.109336085618,1.37655687332,0.0049534169957
43,0.215,51,0.0315749943256,-0.0182536281645,0.020282080397,0.109821997583,-0.219579026103,0.634483277798,0.0039627365768
43,0.215,52,0.0206658672541,-0.0146494116634,0,-0.0571045428514,-0.655665338039,0,0.00495341978967
43,0.215,53,0.000953483220655,0.00022289356275,0.0876199528575,0.0283156167716,0.0892576798797,2.64644837379,0.00396273471415
43,0.215,54,0.000409163330914,0.000706730876118,0,-0.06024447456,0.194330483675,0,0.00396273750812
44,0.22,0,0.000311583513394,-0.000432089174865,0.0412965267897,0.255562633276,0.0863807350397,0.437214165926,0.00990683957934
44,0.22,1,-0.0251180250198,0.0367180109024,0.0407157465816,-0.660328030586,-0.179813623428,1.41814100742,0.00247670989484
44,0.22,2,0.0267623309046,0.0364429466426,0.0396939367056,0.83241212368,-0.101823538542,1.64811074734,0.00247670989484
44,0.22,3,-0.0252478048205,-0.0363720804453,0.0410184673965,-0.553803503513,0.262195974588,1.40990233421,0.00247670989484
44,0.22,4,0.026805004105,-0.0358252152801,0.0396373793483,0.670917749405,0.13124217093,1.77284181118,0.00247670989484
44,0.22,5,6.12322837696e-05,-0.0313075296581,0.0893251597881,-0.141214966774,-0.408984303474,0.727594017982,0.00247670919634
44,0.22,6,-0.00024464353919,0.0319143421948,0.0896403864026,-0.129511594772,0.557212293148,0.54565423727,0.00247670919634
44,0.22,7,-0.00129256153014,-0.032656788826,0,0.0642838478088,-1.36229145527,0,0.00247671105899
44,0.22,8,-0.00142437685281,0.0345435142517,0,-0.0147623410448,1.10041284561,0,0.00247671105899
44,0.22,9,0.0391395390034,-0.000665097672027,0.00884796120226,0.56939715147,-0.176321133971,0.678418278694,0.00247670942917
44,0.22,10,0.0400553680956,-0.000174110435182,0.0627540796995,1.39721941948,0.137244045734,2.46270084381,0.00247670849785
44,0.22,11,-0.0414973124862,-0.000886482594069,0.00890525430441,-0.693274021149,-0.169109135866,0.844110965729,0.00247670942917
44,0.22,12,-0.0390092544258,6.76332711009e-05,0.0645353496075,-1.53265297413,0.128935098648,2.44681215286,0.00247670849785
44,0.22,13,-0.0105705931783,0.0163520723581,0.0398783907294,-0.228687986732,0.247209265828,0.915534317493,0.0148602584377
44,0.22,14,9.57338706939e-05,0.0124718397856,0.0715256333351,-0.0295486245304,0.107823058963,1.60527074337,0.00990683585405
44,0.22,15,0.0103237144649,0.0165231954306,0.0399782918394,0.267439991236,0.256854921579,0.71214312315,0.0128788910806
44,0.22,16,-0.0128480484709,0.0295079052448,0.0609206780791,-0.240496277809,-0.173251315951,1.56757986546,0.00396273471415
44,0.22,17,0.00010255149391,0.039074793458,0.0399948321283,-0.0439404994249,0.289276242256,1.40874660015,0.00396273471415
44,0.22,18,0.0112100271508,0.0284470096231,0.0627941191196,0.302036106586,0.194738864899,1.64257717133,0.00495341839269
44,0.22,19,-0.000143576267874,0.0149748986587,0.0136664723977,-0.0930030494928,0.431149721146,0.143211007118,0.00990684051067
44,0.22,20,-0.0143533805385,0.0335841439664,0.0195347443223,-0.543709158897,-0.219451367855,1.43697679043,0.00396273564547
44,0.22,21,0.0132884476334,0.0347447730601,0.0178192593157,0.328407347202,0.179630741477,1.45765566826,0.00495341978967
44,0.22,22,-0.0154497213662,0.000574375211727,0.0590360425413,-0.0211696419865,-0.0576591230929,1.44480144978,0.0099068377167
44,0.22,23,-0.0311886109412,0.0175808835775,0.0546985752881,-0.309890985489,0.0160852856934,1.57685172558,0.00396273564547
44,0.22,24,-0.0190921872854,0.0131490984932,0.0840768516064,0.0329974144697,-0.00429428322241,1.52598059177,0.00594410020858
44,0.22,25,-0.0194044262171,-0.000284477951936,0.0209897607565,-0.16394674778,-0.111055605114,0.164902508259,0.00990684051067
44,0.22,26,-0.0333478115499,0.020020654425,0.0241379030049,-0.0327441468835,0.427379757166,1.33684194088,0.0039627365768
44,0.22,27,-0.0227300990373,0.0160160399973,0.000215321095311,-0.354828566313,0.57119178772,0.182032868266,0.00594410393387
44,0.22,28,-0.0371026620269,4.03598751291e-05,0.039890345186,-0.209277421236,0.0247226171196,0.582310199738,0.00594410579652
44,0.22,29,0.015633944422,0.000632444745861,0.0594723932445,0.110737636685,-0.0732838436961,1.52402698994,0.0099068377167
44,0.22,30,0.0319386534393,0.018519744277,0.0545374006033,0.473612040281,0.089054018259,1.60905194283,0.00396273564547
44,0.22,31,0.02038391307,0.0126984035596,0.0836228057742,-0.06760661304,-0.131574198604,1.58547770977,0.00594410020858
44,0.22,32,0.0194308813661,-0.000246334908297,0.0218712426722,0.0324403196573,-0.04258492589,0.377100080252,0.00990684051067
44,0.22,33,0.0331310555339,0.0206805709749,0.0239943061024,0.431968867779,0.42009177804,1.16116714478,0.0039627365768
44,0.22,34,0.0224762205034,0.0164934303612,0.000143942947034,0.188794419169,0.453005224466,0.152287617326,0.00594410393387
44,0.22,35,0.0371936745942,2.08939436561e-05,0.0397721007466,0.00876755453646,0.0538574531674,0.780591011047,0.00594410579652
44,0.22,36,-0.010659259744,-0.0160766821355,0.0402094684541,-0.158593803644,-0.230329290032,0.977073669434,0.0148602584377
44,0.22,37,0.0102763120085,-0.0163528639823,0.0402004830539,0.227906912565,-0.31135314703,0.721235215664,0.0128788910806
44,0.22,38,0.00018736232596,-0.0121493050829,0.0733779892325,-0.0477891899645,-0.149677887559,1.76232969761,0.0118882022798
44,0.22,39,-2.56027542491e-05,-0.0393067114055,0.0405414924026,-0.0174663998187,-0.261638641357,1.29735732079,0.00396273471415
44,0.22,40,-0.0123907504603,-0.0298106763512,0.0594745613635,-0.114254340529,0.331886082888,1.36228585243,0.00396273471415
44,0.22,41,0.010968061164,-0.0286196116358,0.0617775209248,0.173130810261,0.0198072586209,1.71651232243,0.00495341839269
44,0.22,42,0.000260938482825,-0.0148905031383,0.0138024650514,-0.0562784262002,-0.48127746582,0.261995583773,0.0118882078677
44,0.22,43,-0.0138695258647,-0.0338821709156,0.0193500369787,-0.51687091589,0.297150164843,1.63019955158,0.00396273564547
44,0.22,44,0.0127013539895,-0.0352370627224,0.0174993611872,0.241186767817,-0.308372527361,1.48363149166,0.00495341978967
44,0.22,45,-0.0313848480582,-0.0174768585712,0.0538818128407,-0.427363723516,-0.0141212837771,1.17496871948,0.00396273564547
44,0.22,46,-0.0196036379784,-0.0147106619552,0.0808780640364,-0.0468238703907,0.0387901775539,1.18543875217,0.0049534169957
44,0.22,47,-0.0327536538243,-0.019757963717,0.0248157847673,0.189921826124,-0.426231205463,1.26437556744,0.0039627365768
44,0.22,48,-0.0215277895331,-0.0174093060195,2.20493711822e-05,-0.180745020509,-0.532040596008,0.0401806049049,0.00495341978967
44,0.22,49,0.0317917056382,-0.0183066800237,0.0536499172449,0.53251606226,-0.108946442604,1.23982226849,0.00396273564547
44,0.22,50,0.0207640919834,-0.0143569363281,0.080452606082,0.0702964961529,0.271292388439,1.22176373005,0.0049534169957
44,0.22,51,0.0325035266578,-0.0201924443245,0.0244721733034,0.115125544369,-0.392572015524,1.02887785435,0.0039627365768
44,0.22,52,0.0207666419446,-0.0176506377757,4.76630157209e-06,0.107118293643,-0.456835716963,0.0149695761502,0.00495341978967
44,0.22,53,0.000969852029812,0.000625986198429,0.0976132974029,-0.0252813193947,0.0641626343131,1.34772109985,0.00396273471415
44,0.22,54,8.49411371746e-05,0.00168402993586,0,-0.0661325529218,0.157456204295,0,0.00396273750812
45,0.225,0,0.0010512995068,0.000252331257798,0.043108150363,0.0185232814401,0.15466324985,0.401053637266,0.00990683957934
45,0.225,1,-0.0284444727004,0.0371326096356,0.0480859652162,-0.577818274498,0.367296785116,1.5586912632,0.00247670989484
45,0.225,2,0.0291866008192,0.0367742218077,0.0483668297529,0.142571225762,0.267522782087,1.77613174915,0.00247670989484
45,0.225,3,-0.0282145347446,-0.0370148420334,0.0479489974678,-0.543364644051,-0.521467685699,1.43897247314,0.00247670989484
45,0.225,4,0.0285355448723,-0.0367637164891,0.0486732199788,0.041267696768,-0.506727218628,1.80108571053,0.00247670989484
45,0.225,5,-0.00059007841628,-0.0323945432901,0.0924814864993,-0.109971918166,-0.036023363471,0.692662417889,0.00247670919634
45,0.225,6,-0.000751545245294,0.0327526666224,0.0915232151747,-0.0637890249491,-0.158859744668,0.407227486372,0.00247670919634
45,0.225,7,-0.000905273249373,-0.0381079316139,0.000119175907457,0.0835880562663,-0.511537730694,0.167824551463,0.00247671105899
45,0.225,8,-0.00125146529172,0.0380508005619,0.000147981190821,0.076379135251,0.0894638821483,0.18312869966,0.00247671105899
45,0.225,9,0.0415515564382,-0.00133220793214,0.0133147342131,0.209515109658,-0.0736400708556,1.13095867634,0.00247670942917
45,0.225,10,0.0452411063015,0.000499548274092,0.0760545656085,0.424395054579,0.120420843363,2.53307437897,0.00247670849785
45,0.225,11,-0.0432878546417,-0.00148255075328,0.0143112773076,0.0597914233804,-0.0600571706891,1.28164899349,0.00247670942917
45,0.225,12,-0.0447127819061,0.000560522486921,0.0772605016828,-0.451909065247,0.062475733459,2.3121535778,0.00247670849785
45,0.225,13,-0.0125464098528,0.0181999970227,0.0444074347615,-0.431941121817,0.358982652426,0.960162758827,0.0148602584377
45,0.225,14,8.63360401127e-05,0.01267291978,0.0777856186032,0.0453996732831,-0.0377869196236,0.781445324421,0.00990683585405
45,0.225,15,0.0129065085202,0.0186867266893,0.043739978224,0.620743155479,0.514050364494,0.880652427673,0.0128788910806
45,0.225,16,-0.0135811315849,0.0301388986409,0.0690267384052,-0.0525112263858,0.367351710796,1.52223074436,0.00396273471415
45,0.225,17,0.000439583294792,0.0399609841406,0.047506455332,0.130255758762,0.0293576586992,1.57158565521,0.00396273471415
45,0.225,18,0.0130316028371,0.0312370490283,0.0705236718059,0.393096119165,0.685492932796,1.3535618782,0.00495341839269
45,0.225,19,-0.000391030509491,0.0161924678832,0.0163678899407,-0.0109307328239,0.0831160545349,0.873814046383,0.00990684051067
45,0.225,20,-0.0156197296456,0.0326175354421,0.0265224892646,0.101483464241,-0.0289523564279,1.20695507526,0.00396273564547
45,0.225,21,0.014038272202,0.0350503288209,0.0251806583256,-0.0598420202732,-0.0458386018872,1.36370015144,0.00495341978967
45,0.225,22,-0.017368381843,1.12370098577e-05,0.064931049943,-0.702668249607,-0.118013679981,0.863996267319,0.0099068377167
45,0.225,23,-0.032753366977,0.017535654828,0.0619177334011,-0.279112160206,-0.127308726311,1.28136968613,0.00396273564547
45,0.225,24,-0.0197542347014,0.0128243155777,0.08997977525,-0.282496958971,-0.130860820413,0.827512323856,0.00594410020858
45,0.225,25,-0.0202647019178,-0.000533910351805,0.023095311597,-0.155692026019,0.0305473748595,0.718214094639,0.00990684051067
45,0.225,26,-0.0331964753568,0.0205831322819,0.0314768068492,-0.0272006038576,-0.205091372132,1.46164643764,0.0039627365768
45,0.225,27,-0.0241661332548,0.0175432749093,0.00273767579347,-0.114971004426,-0.031231213361,0.843471705914,0.00594410393387
45,0.225,28,-0.0380658619106,0.000286761263851,0.0426470898092,-0.121456354856,0.0459247492254,0.672117173672,0.00594410579652
45,0.225,29,0.0181998722255,-4.58023132524e-05,0.0653732791543,0.831065118313,-0.145928472281,0.798132956028,0.0099068377167
45,0.225,30,0.0334570407867,0.0182514078915,0.061705198139,0.0944304838777,-0.253826290369,1.2427675724,0.00396273564547
45,0.225,31,0.0204797461629,0.0122866593301,0.0899637416005,0.0908763632178,-0.00012464588508,0.92383491993,0.00594410020858
45,0.225,32,0.0195880420506,-0.000187659767107,0.0243790689856,0.0525534339249,0.063918441534,0.641599774361,0.00990684051067
45,0.225,33,0.0340493656695,0.0210084095597,0.0305246021599,-0.0150992656127,-0.278524309397,1.33212935925,0.0039627365768
45,0.225,34,0.0228809546679,0.0176512580365,0.00278717046604,-0.101482823491,-0.0431378260255,0.93407022953,0.00594410393387
45,0.225,35,0.0373335331678,0.000446771387942,0.0436132512987,0.0236616842449,0.0836139768362,0.861017584801,0.00594410579652
45,0.225,36,-0.0120385400951,-0.01768171601,0.0449703261256,-0.292635530233,-0.305392205715,0.97791826725,0.0148602584377
45,0.225,37,0.0124548766762,-0.0186481922865,0.0439780317247,0.516498506069,-0.522439479828,0.874474406242,0.0128788910806
45,0.225,38,-2.79533032881e-05,-0.0126091400161,0.0793902054429,-0.011014893651,0.0009446729091,0.551321566105,0.0118882022798
45,0.225,39,0.000481174851302,-0.0401621237397,0.0470776967704,0.164786830544,-0.0625325888395,1.37632024288,0.00396273471415
45,0.225,40,-0.0127988383174,-0.0301390159875,0.0675415992737,-0.0751199200749,-0.397108733654,1.70281708241,0.00396273471415
45,0.225,41,0.0123230079189,-0.030767833814,0.0702445954084,0.365453720093,-0.65771985054,1.53858006001,0.00495341839269
45,0.225,42,-9.50431494857e-05,-0.0164213068783,0.0170853771269,-0.0675456374884,-0.155889496207,0.911896944046,0.0118882078677
45,0.225,43,-0.0152888037264,-0.0327152945101,0.0274704974145,0.0412559993565,0.0312577933073,1.40067732334,0.00396273564547
45,0.225,44,0.0133692165837,-0.0361428931355,0.025383386761,-0.0165477115661,-0.0304118152708,1.5002566576,0.00495341978967
45,0.225,45,-0.0338112488389,-0.0173615328968,0.0596519373357,-0.47000169754,0.15017183125,1.12977600098,0.00396273564547
45,0.225,46,-0.0207829847932,-0.0134937157854,0.0865014120936,-0.420271903276,0.400731563568,1.07734799385,0.0049534169957
45,0.225,47,-0.031929962337,-0.020793935284,0.0312918536365,0.0177196376026,0.0564191676676,1.21367764473,0.0039627365768
45,0.225,48,-0.0221278648823,-0.0181673131883,0.00166961539071,0.0167966093868,0.266442388296,0.726522445679,0.00495341978967
45,0.225,49,0.0341579243541,-0.0182273890823,0.0594049580395,0.349528849125,0.219252511859,1.07236242294,0.00396273564547
45,0.225,50,0.0217311754823,-0.0124655058607,0.0865263193846,0.280799806118,0.371773958206,1.21467721462,0.0049534169957
45,0.225,51,0.0322722531855,-0.0209919642657,0.0299291163683,-0.138554558158,0.0851665213704,1.07169413567,0.0039627365768
45,0.225,52,0.0211356077343,-0.0183161552995,0.00152008282021,-0.0567367970943,0.225598230958,0.729740858078,0.00495341978967
45,0.225,53,0.000653783325106,0.000650359666906,0.101910896599,-0.103951305151,-0.0741998925805,0.517655909061,0.00396273471415
45,0.225,54,-0.000329812755808,0.00186582503375,0,-0.103017732501,-0.10223428905,0,0.00396273750812
46,0.23,0,0.000653534894809,0.000831717858091,0.0462549291551,-0.132584184408,0.0524383857846,0.893783152103,0.00990683957934
46,0.23,1,-0.0299538783729,0.0395653657615,0.055864546448,0.0373961701989,0.436075091362,1.44756448269,0.00247670989484
46,0.23,2,0.0289279427379,0.0393501855433,0.0566542744637,-0.147028744221,0.710450410843,1.43587589264,0.00247670989484
46,0.23,3,-0.0295727122575,-0.0401087217033,0.0553459897637,0.0834641307592,-0.486676931381,1.42935562134,0.00247670989484
46,0.23,4,0.0279230009764,-0.0403775833547,0.0569422468543,-0.202984929085,-0.817255914211,1.41825151443,0.00247670989484
46,0.23,5,-0.00096296769334,-0.0308103132993,0.0967055037618,-0.0295905340463,0.775657653809,0.890413165092,0.00247670919634
46,0.23,6,-0.000815396488179,0.0305697359145,0.095108307898,0.0374317467213,-0.733099460602,0.999031543732,0.00247670919634
46,0.23,7,-0.000511558493599,-0.0359161645174,0.00374017166905,0.0647510364652,1.30019676685,1.27834963799,0.00247671105899
46,0.23,8,-0.00076868099859,0.0342760831118,0.00360539741814,0.101387284696,-1.48602986336,1.19467747211,0.00247671105899
46,0.23,9,0.0410694815218,-0.00132254580967,0.0198115874082,-0.251388132572,0.0711526572704,1.36910784245,0.00247670942917
46,0.23,10,0.0441194288433,0.000936592288781,0.0861130580306,-0.661386668682,0.0493697039783,1.43324422836,0.00247670849785
46,0.23,11,-0.0417256839573,-0.00141016161069,0.0208762977272,0.349428802729,0.0882023572922,1.23587417603,0.00247670942917
46,0.23,12,-0.0433438159525,0.000691790890414,0.0857463255525,0.726565182209,-0.00259564700536,1.05853879452,0.00247670849785
46,0.23,13,-0.0138340741396,0.0192090366036,0.0499810837209,-0.051424972713,0.0617283470929,1.2612259388,0.0148602584377
46,0.23,14,0.000533363199793,0.0121803963557,0.0785958617926,0.108252577484,-0.12428124994,-0.388395696878,0.00990683585405
46,0.23,15,0.0149821136147,0.0206271279603,0.0493036955595,0.115352839231,0.195627257228,1.32202124596,0.0128788910806
46,0.23,16,-0.013566008769,0.0321961008012,0.0748803839087,0.0393374823034,0.344941288233,0.799144983292,0.00396273471415
46,0.23,17,0.000719454139471,0.0396358259022,0.0551199913025,-0.0709880888462,-0.0896776169538,1.384344697,0.00396273471415
46,0.23,18,0.0148498611525,0.0334988497198,0.0758958831429,0.30126708746,0.143317624927,0.834795832634,0.00495341839269
46,0.23,19,-0.000382185418857,0.0157522857189,0.0219469536096,-0.00545016629621,-0.271465182304,1.32272839546,0.00990684051067
46,0.23,20,-0.0137797240168,0.0339395478368,0.0310709401965,0.496810376644,0.456462413073,0.702861130238,0.00396273564547
46,0.23,21,0.0130296368152,0.0347714982927,0.0308045167476,-0.255602687597,-0.0209611617029,0.913613855839,0.00495341978967
46,0.23,22,-0.0213632918894,-0.000214199346374,0.0674850791693,-0.724845826626,0.0322793535888,0.217487156391,0.0099068377167
46,0.23,23,-0.0339012332261,0.0167571157217,0.0672575309873,-0.20184224844,-0.0357361249626,0.852489292622,0.00396273564547
46,0.23,24,-0.0213427245617,0.0120490854606,0.0923871845007,-0.258475393057,-0.140648514032,0.179105594754,0.00594410020858
46,0.23,25,-0.020460318774,4.35928923253e-05,0.0286223962903,0.123603716493,0.175484657288,1.50249123573,0.00990684051067
46,0.23,26,-0.0343946218491,0.0191845763475,0.0377672091126,-0.395923256874,-0.178539156914,1.03729093075,0.0039627365768
46,0.23,27,-0.0230566561222,0.0157004073262,0.00855045765638,0.553385674953,-0.594794392586,1.42519903183,0.00594410393387
46,0.23,28,-0.0385139510036,0.000186895267689,0.0475335270166,-0.143659591675,-0.0945482030511,1.263859272,0.00594410579652
46,0.23,29,0.0223812535405,-0.000439947936684,0.0674947351217,0.643605828285,-0.00691267335787,0.145383298397,0.0099068377167
46,0.23,30,0.0334591716528,0.0168512426317,0.0670549347997,0.0431137904525,-0.112845778465,0.931398153305,0.00396273564547
46,0.23,31,0.0209789220244,0.0126671260223,0.0927558913827,0.0601073578,0.0999770611525,0.23270586133,0.00594410020858
46,0.23,32,0.0197387114167,0.000259186461335,0.0288667585701,-0.041329279542,0.0904502496123,1.22250401974,0.00990684051067
46,0.23,33,0.0342111960053,0.0191914495081,0.0364527516067,0.180707603693,-0.25050252676,1.01943099499,0.0039627365768
46,0.23,34,0.0209046471864,0.0159278772771,0.00913824792951,-0.663157343864,-0.57715934515,1.49457931519,0.00594410393387
46,0.23,35,0.0377142876387,0.000478649482829,0.0486589930952,0.19742077589,-0.0907121449709,1.09696888924,0.00594410579652
46,0.23,36,-0.0129749942571,-0.0187679808587,0.0504255257547,-0.0785015523434,-0.159256950021,1.19753289223,0.0148602584377
46,0.23,37,0.0142647605389,-0.0207239873707,0.0494624264538,0.148080229759,-0.249365568161,1.2984290123,0.0128788910806
46,0.23,38,0.000248310010647,-0.0122102396563,0.0787849351764,0.11596955359,0.117743454874,-0.643187344074,0.0118882022798
46,0.23,39,0.000864430388901,-0.0400501973927,0.0544483438134,-0.0698288828135,0.0735342726111,1.51425433159,0.00396273471415
46,0.23,40,-0.0133299119771,-0.0322678796947,0.0749066695571,-0.128431513906,-0.293773829937,1.1611533165,0.00396273471415
46,0.23,41,0.0143834529445,-0.0331937558949,0.0764266401529,0.405488878489,-0.198530837893,0.953003108501,0.00495341839269
46,0.23,42,-0.00028604111867,-0.0163489803672,0.0220905542374,-0.0103458799422,0.209835991263,1.07327103615,0.0118882078677
46,0.23,43,-0.013621468097,-0.0340631194413,0.0323220267892,0.496188402176,-0.457260966301,0.620898842812,0.00396273564547
46,0.23,44,0.0126670235768,-0.0357490815222,0.0313869789243,-0.198091268539,0.140842810273,0.904300868511,0.00495341978967
46,0.23,45,-0.0353839509189,-0.0164651889354,0.0649871975183,-0.133499935269,0.0562635697424,0.991756677628,0.00396273564547
46,0.23,46,-0.0229321997613,-0.0116121135652,0.0913940519094,-0.293896079063,0.260227620602,0.820272862911,0.0049534169957
46,0.23,47,-0.0329601168633,-0.0198343507946,0.0364810377359,-0.328577578068,0.187678590417,0.902959525585,0.0039627365768
46,0.23,48,-0.0209833886474,-0.0151625946164,0.00776720512658,0.392232000828,0.781989514828,1.64469480515,0.00495341978967
46,0.23,49,0.0351803712547,-0.0168555695564,0.0645646899939,0.110865488648,0.142161101103,1.02126228809,0.00396273564547
46,0.23,50,0.0226881615818,-0.0114295147359,0.0921495184302,-0.00241158623248,0.0440390594304,0.938455998898,0.0049534169957
46,0.23,51,0.0321985930204,-0.0200913995504,0.0348295271397,0.170706257224,0.146728605032,0.918729960918,0.0039627365768
46,0.23,52,0.0195843502879,-0.0155164990574,0.00780876213685,-0.521491646767,0.791594028473,1.68999171257,0.00495341978967
46,0.23,53,-9.03654654394e-05,-0.00016163084365,0.102909564972,-0.18330873549,-0.225810453296,-0.200387254357,0.00396273471415
46,0.23,54,-0.000889944203664,0.000663238053676,0.000657730503008,-0.109592974186,-0.348179608583,0.444570302963,0.00396273750812
47,0.235,0,0.000124237252749,0.000539433385711,0.0519752465189,-0.0543336346745,-0.173897758126,1.31821393967,0.00990683957934
47,0.235,1,-0.027890348807,0.0403923206031,0.0613759234548,0.693538844585,-0.0715926289558,0.684335529804,0.00247670989484
47,0.235,2,0.0278363022953,0.0426188074052,0.0617169998586,-0.334279000759,0.443704485893,0.562443077564,0.00247670989484
47,0.235,3,-0.0271684098989,-0.0406136773527,0.061144310981,0.76510643959,0.217107862234,0.818035423756,0.00247670989484
47,0.235,4,0.0266733691096,-0.043507438153,0.0619539506733,-0.319943785667,-0.318694084883,0.565786957741,0.00247670989484
47,0.235,5,-0.000791643979028,-0.0243946257979,0.0998268947005,0.091820910573,1.6147134304,0.269510060549,0.00247670919634
47,0.235,6,-0.000447971047834,0.0250658858567,0.0998474210501,0.0919315814972,-1.40384864807,0.698049366474,0.00247670919634
47,0.235,7,-0.000339659716701,-0.0276763141155,0.0110800527036,0.0056155603379,1.59181272984,1.34857475758,0.00247671105899
47,0.235,8,-0.000366828433471,0.0256021674722,0.0105991978198,0.0510785579681,-1.63398122787,1.35087800026,0.00247671105899
47,0.235,9,0.0404125936329,-0.000661785539705,0.0260722432286,-0.00341294542886,0.189288392663,1.11129903793,0.00247670942917
47,0.235,10,0.040774371475,0.000916580902413,0.090175896883,-0.555601596832,-0.0652076229453,0.228483870625,0.00247670849785
47,0.235,11,-0.0410207025707,-0.000591509160586,0.0262126065791,0.000555045437068,0.234311193228,0.970217823982,0.00247670942917
47,0.235,12,-0.0406961888075,0.000578244158532,0.0882139205933,0.136893585324,-0.0463250093162,0.0371328629553,0.00247670849785
47,0.235,13,-0.0133852111176,0.019502799958,0.0564115718007,0.146229624748,0.138829231262,1.20996809006,0.0148602584377
47,0.235,14,0.000856013910379,0.011760388501,0.0753825381398,-0.00505755422637,-0.0336642824113,-0.658054113388,0.00990683585405
47,0.235,15,0.0142141915858,0.0207469500601,0.0561919771135,-0.283858895302,-0.0545226037502,1.31285202503,0.0128788910806
47,0.235,16,-0.0131162498146,0.0328369997442,0.0778667777777,0.153954029083,-0.09095518291,0.581997275352,0.00396273471415
47,0.235,17,-0.000236760344706,0.0396941900253,0.0604065358639,-0.234781444073,0.152925640345,0.69694006443,0.00396273471415
47,0.235,18,0.0156012494117,0.0327989123762,0.0794650316238,-0.0330594405532,-0.303153842688,0.656926214695,0.00495341839269
47,0.235,19,-0.000591512769461,0.0134522086009,0.0297438688576,-0.0730530619621,-0.593123078346,1.80924618244,0.00990684051067
47,0.235,20,-0.0118444655091,0.0355624184012,0.0348802506924,0.208196178079,0.0753644481301,0.91861063242,0.00396273564547
47,0.235,21,0.0122233219445,0.0346410758793,0.0350868329406,-0.0335210077465,-0.0954521745443,0.892270088196,0.00495341978967
47,0.235,22,-0.0230853091925,5.24750648765e-05,0.0680517405272,0.06528685987,0.0295215621591,0.139062121511,0.0099068377167
47,0.235,23,-0.0350212082267,0.0184503477067,0.0705198571086,-0.24743399024,0.694012522697,0.502878665924,0.00396273564547
47,0.235,24,-0.0215608589351,0.0117560541257,0.0920291990042,0.173104032874,0.0308288857341,-0.283360213041,0.00594410020858
47,0.235,25,-0.0191532410681,0.00081737304572,0.0381442159414,0.284225225449,0.0881735607982,2.22520875931,0.00990684051067
47,0.235,26,-0.0356034785509,0.0195046365261,0.0422399155796,0.0678428635001,0.244530975819,0.824544608593,0.0039627365768
47,0.235,27,-0.0194760430604,0.0130471196026,0.0165603924543,0.702890992165,-0.3438821733,1.73154640198,0.00594410393387
47,0.235,28,-0.0405119024217,-0.000385410501622,0.0542409196496,-0.684610426426,-0.0871071740985,1.26685523987,0.00594410579652
47,0.235,29,0.0232214014977,-0.000270865159109,0.0679766014218,-0.26488083601,0.0508691780269,0.160717621446,0.0099068377167
47,0.235,30,0.0347561538219,0.018531229347,0.0710621327162,0.424954146147,0.727010607719,0.656239151955,0.00396273564547
47,0.235,31,0.0207512471825,0.0126772448421,0.0925849080086,-0.131431519985,-0.129172757268,-0.249360889196,0.00594410020858
47,0.235,32,0.0190286152065,0.000497294007801,0.0372994169593,-0.175729140639,-0.00328782293946,2.11937212944,0.00990684051067
47,0.235,33,0.035213381052,0.0195376351476,0.0411465540528,0.0268759224564,0.331702262163,0.941901922226,0.0039627365768
47,0.235,34,0.0173069797456,0.0129958810285,0.016815058887,-0.597555994987,-0.474717348814,1.52627706528,0.00594410393387
47,0.235,35,0.0400594361126,-0.000303369743051,0.0536954961717,0.735050201416,-0.172095537186,0.866354107857,0.00594410579652
47,0.235,36,-0.0130574293435,-0.0197046231478,0.0563864856958,0.00848350953311,-0.243240609765,1.09911775589,0.0148602584377
47,0.235,37,0.0140853831545,-0.0211031287909,0.0562039949,-0.128559336066,0.0315637886524,1.27653205395,0.0128788910806
47,0.235,38,0.000881841871887,-0.0117563223466,0.0748139172792,0.0926935896277,0.0495265349746,-0.731364190578,0.0118882022798
47,0.235,39,-0.000235975297983,-0.0398496054113,0.0611938610673,-0.290838956833,-0.044555708766,1.08836066723,0.00396273471415
47,0.235,40,-0.0137626202777,-0.0322185531259,0.0793195217848,-0.00591764133424,0.283917069435,0.734754145145,0.00396273471415
47,0.235,41,0.0157530121505,-0.0325350388885,0.0802707970142,0.0929154753685,0.360855579376,0.662626624107,0.00495341839269
47,0.235,42,-0.000358507037163,-0.0140793947503,0.0285053029656,-0.0427103824914,0.658311367035,1.58377790451,0.0118882078677
47,0.235,43,-0.0116350390017,-0.0357540026307,0.0351630747318,0.211289450526,-0.112169668078,0.6588280797,0.00396273564547
47,0.235,44,0.012104909867,-0.0348114818335,0.0352036319673,0.0203945431858,0.25669157505,0.746281564236,0.00495341978967
47,0.235,45,-0.0352900773287,-0.0181692223996,0.0696763470769,0.121916912496,-0.731430709362,0.921362221241,0.00396273564547
47,0.235,46,-0.0225437693298,-0.0113007230684,0.0938363820314,0.450634121895,-0.0953652784228,0.100978434086,0.0049534169957
47,0.235,47,-0.0338177718222,-0.0197336133569,0.0409947484732,0.0704919695854,-0.129460170865,0.960114955902,0.0039627365768
47,0.235,48,-0.0194116458297,-0.0120840920135,0.017139300704,0.0917875990272,0.325981795788,1.98793625832,0.00495341978967
47,0.235,49,0.0356039665639,-0.0182824935764,0.0698255673051,0.0374393239617,-0.683908760548,1.07800364494,0.00396273564547
47,0.235,50,0.0212246514857,-0.0115793831646,0.0947373434901,-0.509284853935,-0.0359333269298,0.045969709754,0.0049534169957
47,0.235,51,0.033406175673,-0.0203016959131,0.0398218147457,0.175019085407,-0.213749781251,1.14519166946,0.0039627365768
47,0.235,52,0.0174464117736,-0.0118606574833,0.0170104224235,-0.123922884464,0.521053731441,1.83915305138,0.00495341978967
47,0.235,53,-0.000938529323321,-0.00115686049685,0.0991753265262,-0.121308609843,-0.103588074446,-1.21119570732,0.00396273471415
47,0.235,54,-0.00132227805443,-0.00119804777205,0.00486300000921,-0.0592734776437,-0.34215465188,1.13126552105,0.00396273750812
48,0.24,0,0.000138290051837,-0.000690568354912,0.0583015084267,0.0358133465052,-0.253184944391,1.08946824074,0.00990683957934
48,0.24,1,-0.0245365779847,0.0404117591679,0.062551625073,0.479201465845,0.293486118317,-0.0934853702784,0.00247670989484
48,0.24,2,0.0253917742521,0.0431105569005,0.0625077486038,-0.580168902874,-0.146219238639,-0.130377486348,0.00247670989484
48,0.24,3,-0.0238041505218,-0.0401128008962,0.0632693246007,0.384310245514,-0.287428349257,0.1165625453,0.00247670989484
48,0.24,4,0.0246914532036,-0.0432771258056,0.062856785953,-0.418443024158,0.279777556658,-0.0919868499041,0.00247670989484
48,0.24,5,-0.000142515767948,-0.0177163146436,0.0998922437429,0.162969022989,0.763161957264,-0.0245826151222,0.00247670919634
48,0.24,6,-8.13399037725e-06,0.0181739106774,0.101293429732,0.0882189795375,-1.10782873631,0.00503745768219,0.00247670919634
48,0.24,7,-0.00038445708924,-0.022810427472,0.0159822553396,-0.012195110321,0.349420934916,0.805021822453,0.00247671105899
48,0.24,8,-0.000297414604574,0.0206408221275,0.0159371178597,-0.0132202468812,-0.303405463696,0.903401911259,0.00247671105899
48,0.24,9,0.0400072038174,0.000560256361496,0.0316452980042,-0.244715332985,0.285009682178,1.22976124287,0.00247670942917
48,0.24,10,0.0388923250139,0.000213845691178,0.0884022787213,-0.151996731758,-0.207125961781,-0.851256132126,0.00247670849785
48,0.24,11,-0.0403875336051,0.000852193799801,0.031853530556,0.308996409178,0.318471223116,1.37811267376,0.00247670942917
48,0.24,12,-0.0415453948081,0.000135250025778,0.0866016969085,-0.307288527489,-0.129940390587,-0.613054513931,0.00247670849785
48,0.24,13,-0.0130620710552,0.0210570469499,0.0611489824951,-0.0379887260497,0.461732625961,0.669536054134,0.0148602584377
48,0.24,14,0.000365109764971,0.011853966862,0.0743828937411,-0.168359935284,0.0940241366625,0.374717891216,0.00990683585405
48,0.24,15,0.0134772835299,0.0210373010486,0.0613880865276,0.0433777533472,0.222117230296,0.744882881641,0.0128788910806
48,0.24,16,-0.0120572466403,0.0319867543876,0.0823806226254,0.237820357084,-0.115558259189,1.25965082645,0.00396273471415
48,0.24,17,-0.000700276228599,0.0414236932993,0.0623692348599,0.098333992064,0.527999341488,0.203747242689,0.00396273471415
48,0.24,18,0.0143960220739,0.0319197699428,0.08278863132,-0.406342923641,0.0516354218125,0.677329063416,0.00495341839269
48,0.24,19,-0.000786621589214,0.0110163725913,0.0396699942648,0.0359912998974,-0.231083869934,2.01808071136,0.00990684051067
48,0.24,20,-0.0117225684226,0.0345354378223,0.0401417613029,-0.0822133868933,-0.377528816462,1.049051404,0.00396273564547
48,0.24,21,0.012559405528,0.0334420874715,0.0400328785181,0.104708783329,-0.35054731369,1.02780663967,0.00495341978967
48,0.24,22,-0.0218348000199,-0.000159375398653,0.0699969083071,0.221173003316,-0.102710351348,0.671579539776,0.0099068377167
48,0.24,23,-0.0361003875732,0.0223346464336,0.0728324204683,-0.153327047825,0.690223753452,0.456684023142,0.00396273564547
48,0.24,24,-0.0204300079495,0.0121722668409,0.0900301039219,0.130621626973,0.104580968618,-0.417065888643,0.00594410020858
48,0.24,25,-0.0192008782178,0.000683406658936,0.0493936017156,-0.404415726662,-0.121290400624,2.06960320473,0.00990684051067
48,0.24,26,-0.0332891643047,0.0207847617567,0.0463634133339,0.709908306599,0.213309824467,0.814688801765,0.0039627365768
48,0.24,27,-0.0178931206465,0.0124921286479,0.025501690805,-0.152493178844,0.0232110694051,1.80284070969,0.00594410393387
48,0.24,28,-0.044582452625,-0.000452107196907,0.0594048276544,-0.791554629803,0.0507977716625,0.842341065407,0.00594410579652
48,0.24,29,0.0215730760247,-9.36110518523e-05,0.0698352083564,-0.16178701818,0.0120069980621,0.592412114143,0.0099068377167
48,0.24,30,0.036575961858,0.0223827641457,0.073389314115,0.215152531862,0.629648625851,0.286738693714,0.00396273564547
48,0.24,31,0.0202477294952,0.0115144494921,0.0908867120743,-0.000465903955046,-0.251491934061,-0.331571787596,0.00594410020858
48,0.24,32,0.0191765744239,0.000271061959211,0.0486244410276,0.329713046551,-0.0712410211563,2.1508743763,0.00990684051067
48,0.24,33,0.0333217680454,0.0213853493333,0.0462972782552,-0.693337380886,0.300845444202,1.08166778088,0.0039627365768
48,0.24,34,0.0165280736983,0.0116156823933,0.0244723260403,0.318952143192,-0.13757994771,1.56877243519,0.00594410393387
48,0.24,35,0.0441263131797,-0.000841472938191,0.0575970001519,0.762165546417,-0.0268685184419,0.789023697376,0.00594410579652
48,0.24,36,-0.0131306592375,-0.0212681517005,0.0606415122747,-0.043198633939,-0.372988075018,0.595959722996,0.0148602584377
48,0.24,37,0.0138436993584,-0.0212163962424,0.0611391104758,0.0681440159678,-0.141620978713,0.673164606094,0.0128788910806
48,0.24,38,0.000702033459675,-0.0118504939601,0.0733346641064,-0.175929263234,-0.113143384457,0.233252480626,0.0118882022798
48,0.24,39,-0.000958652119152,-0.0409448668361,0.064802788198,0.074258454144,-0.394118189812,0.391453295946,0.00396273471415
48,0.24,40,-0.0130181349814,-0.0306074284017,0.0836804956198,0.313619226217,0.173311367631,1.07632982731,0.00396273471415
48,0.24,41,0.0149011313915,-0.0311989169568,0.0836364030838,-0.425712585449,0.0170517321676,0.708831846714,0.00495341839269
48,0.24,42,-0.000755437591579,-0.0110211623833,0.0380307994783,-0.0877312943339,0.38366997242,2.07228565216,0.0118882078677
48,0.24,43,-0.0115713039413,-0.0349168404937,0.0392954349518,-0.102718010545,0.37155225873,0.908366560936,0.00396273564547
48,0.24,44,0.0127782477066,-0.0330137871206,0.0395295470953,0.17475797236,0.434109598398,0.959699749947,0.00495341978967
48,0.24,45,-0.0346240364015,-0.022411800921,0.0743650346994,0.0992535352707,-0.774376511574,0.918418228626,0.00396273564547
48,0.24,46,-0.0195754915476,-0.0117862625048,0.0923425927758,0.523041725159,-0.0238086134195,-0.570983052254,0.0049534169957
48,0.24,47,-0.0326273031533,-0.0206006765366,0.0462498441339,0.22374522686,-0.181649148464,1.11204409599,0.0039627365768
48,0.24,48,-0.0205438714474,-0.0120146228001,0.0269890017807,-0.428822189569,-0.178111225367,1.90999531746,0.00495341978967
48,0.24,49,0.0351983904839,-0.0221943370998,0.074897415936,-0.17841784656,-0.700153231621,0.883401215076,0.00396273564547
48,0.24,50,0.0190845914185,-0.0113189145923,0.0929117575288,-0.19084072113,0.12804120779,-0.603576004505,0.0049534169957
48,0.24,51,0.0333372764289,-0.0215907599777,0.0463998019695,-0.116105340421,-0.232155501842,1.40801203251,0.0039627365768
48,0.24,52,0.0191987119615,-0.0109063852578,0.0256816130131,0.675394892693,-0.0637881085277,1.66998624802,0.00495341978967
48,0.24,53,-0.000951940019149,-0.000335296645062,0.0929697006941,0.1219792068,0.445793360472,-0.93449473381,0.00396273471415
48,0.24,54,-0.00146592943929,-0.00221470603719,0.0115963276476,0.00135402637534,-0.0287374015898,1.62306892872,0.00396273750812
49,0.245,0,0.000179716371349,-0.00121333054267,0.0627710521221,-0.0373375564814,0.0846124589443,0.845524072647,0.00990683957934
49,0.245,1,-0.0240510310978,0.0444789156318,0.062067694962,-0.220563009381,1.20508730412,0.0295708123595,0.00247670989484
49,0.245,2,0.0234442576766,0.0433753319085,0.0617440380156,-0.0435038618743,0.469672113657,-0.0552501119673,0.00247670989484
49,0.245,3,-0.0240480713546,-0.0444591678679,0.0635431781411,-0.358278691769,-1.247189641,0.103982619941,0.00247670989484
49,0.245,4,0.0235901735723,-0.0429832935333,0.0623144246638,0.0891968533397,-0.365226835012,-0.00744809070602,0.00247670989484
49,0.245,5,0.000925250991713,-0.0173725057393,0.101999722421,0.261091947556,-0.43411141634,0.976718485355,0.00247670919634
49,0.245,6,0.000584110093769,0.0164866615087,0.10255702585,0.155795246363,0.510845780373,0.75550109148,0.00247670919634
49,0.245,7,-0.000338481826475,-0.0229578837752,0.0215355735272,0.0385608226061,-0.225352957845,1.50382435322,0.00247671105899
49,0.245,8,-0.000351719761966,0.0216233842075,0.0215541012585,0.00207552500069,0.498150229454,1.44202339649,0.00247671105899
49,0.245,9,0.0387379229069,0.0019142535748,0.0387438386679,0.00505646876991,0.220214813948,1.51296174526,0.00247670942917
49,0.245,10,0.0409120544791,-0.000902186962776,0.0837939307094,1.12094795704,-0.191521853209,-0.620206534863,0.00247670849785
49,0.245,11,-0.0391369462013,0.00219293520786,0.0397692881525,-0.0882092490792,0.169214621186,1.61135017872,0.00247670942917
49,0.245,12,-0.0434264875948,-0.000588486611377,0.0837115123868,-0.547941684723,-0.132357344031,-0.25480312109,0.00247670849785
49,0.245,13,-0.0134673370048,0.0236599817872,0.0639043226838,-0.0692451000214,0.54281026125,0.570467948914,0.0148602584377
49,0.245,14,-0.000367475236999,0.0133328670636,0.0783739089966,-0.0861216634512,0.502947390079,0.989394366741,0.00990683585405
49,0.245,15,0.0141274631023,0.0227931141853,0.0643807500601,0.0954260528088,0.402170747519,0.587025940418,0.0128788910806
49,0.245,16,-0.0113073093817,0.032772347331,0.0892006009817,-0.0108119342476,0.449927687645,1.23284494877,0.00396273471415
49,0.245,17,0.000385940104024,0.044569671154,0.0635260567069,0.213215202093,0.642378151417,0.32262969017,0.00396273471415
49,0.245,18,0.012309461832,0.0334999896586,0.086025647819,-0.32615044713,0.532200455666,0.581980645657,0.00495341839269
49,0.245,19,-0.000165537931025,0.0118429008871,0.0480104461312,0.172189995646,0.462298154831,1.17877757549,0.00990684051067
49,0.245,20,-0.0118966894224,0.0333506651223,0.0434685461223,0.0331245437264,0.0258144140244,0.174720287323,0.00396273564547
49,0.245,21,0.0126801272854,0.0321330577135,0.0441284626722,-0.0722180902958,-0.0482612922788,0.495615392923,0.00495341978967
49,0.245,22,-0.0223269481212,-0.000655386247672,0.0739291682839,-0.405929505825,-0.0569078624249,0.711096048355,0.0099068377167
49,0.245,23,-0.0363643951714,0.0246391389519,0.0749137625098,0.044465303421,0.277173221111,0.337703198195,0.00396273564547
49,0.245,24,-0.0214539412409,0.0128894522786,0.0894650891423,-0.531987428665,0.224342882633,0.357881963253,0.00594410020858
49,0.245,25,-0.0229950230569,-2.61415425484e-05,0.0570493713021,-0.935291528702,-0.127320751548,0.946336269379,0.00990684051067
49,0.245,26,-0.0312162525952,0.0219674613327,0.0500721372664,-0.14021487534,0.37014991045,0.668513655663,0.0039627365768
49,0.245,27,-0.0202614814043,0.0121125597507,0.0340714007616,-0.575173020363,-0.239295318723,1.56679213047,0.00594410393387
49,0.245,28,-0.047468945384,-8.11408826848e-05,0.0636679232121,-0.371225118637,0.0706480592489,0.949184417725,0.00594410579652
49,0.245,29,0.022588269785,-0.000145528814755,0.0733919590712,0.464475154877,-0.0255805067718,0.711570322514,0.0099068377167
49,0.245,30,0.0368233658373,0.0241023283452,0.0743380934,-0.0443989150226,0.128536731005,0.171426713467,0.00396273564547
49,0.245,31,0.0213478524238,0.0114389695227,0.0903872102499,0.448647141457,0.306608647108,0.218700960279,0.00594410020858
49,0.245,32,0.0223944317549,-0.000105864302895,0.0563139840961,0.830933570862,-0.0764724165201,0.84196549654,0.00990684051067
49,0.245,33,0.0309429708868,0.022288735956,0.0508797354996,0.065220579505,0.134376883507,0.650778889656,0.0039627365768
49,0.245,34,0.0196001585573,0.0108783608302,0.03254218027,0.709107518196,-0.192468628287,1.60923945904,0.00594410393387
49,0.245,35,0.0470901988447,-0.000578784151003,0.0625265613198,0.45075699687,0.106917180121,1.19989454746,0.00594410579652
49,0.245,36,-0.0134525671601,-0.0235117264092,0.063099630177,-0.0862592160702,-0.543512761593,0.526696443558,0.0148602584377
49,0.245,37,0.0144022796303,-0.0226528085768,0.0637226328254,0.0774310901761,-0.38236862421,0.521228015423,0.0128788910806
49,0.245,38,-0.000391506211599,-0.0131582133472,0.0770206078887,-0.1724871099,-0.37404191494,1.08967125416,0.0118882022798
49,0.245,39,0.000268332776614,-0.0434811636806,0.0656434223056,0.286226242781,-0.565223932266,0.0161614008248,0.00396273471415
49,0.245,40,-0.0111690396443,-0.0318801254034,0.0892909094691,0.282049268484,-0.674259066582,0.984448254108,0.00396273471415
49,0.245,41,0.0121903494,-0.0329322367907,0.0870095267892,-0.513777792454,-0.639279723167,0.563501894474,0.00495341839269
49,0.245,42,-0.000884839566424,-0.0112186120823,0.0471352413297,0.0552060604095,-0.383174955845,1.41643881798,0.0118882078677
49,0.245,43,-0.0119738262147,-0.033351238817,0.0428697913885,-0.0528498291969,0.110391668975,0.419446259737,0.00396273564547
49,0.245,44,0.0132176941261,-0.0313919335604,0.0437888465822,-0.00460855662823,0.0871937125921,0.620236575603,0.00495341978967
49,0.245,45,-0.0344290696084,-0.0249867513776,0.0779857486486,0.00870866328478,-0.291451334953,0.446472257376,0.00396273564547
49,0.245,46,-0.0190918687731,-0.011646210216,0.0906392335892,-0.376229047775,-0.0303862579167,0.19795191288,0.0049534169957
49,0.245,47,-0.0337406806648,-0.0219125039876,0.0515963472426,-0.748555421829,-0.41035848856,0.969733715057,0.0039627365768
49,0.245,48,-0.0221988689154,-0.0125478822738,0.0355692096055,-0.148908823729,0.0416784435511,1.45098912716,0.00495341978967
49,0.245,49,0.0344952009618,-0.0245313234627,0.0780415832996,-0.0355821624398,-0.287411153316,0.358264863491,0.00396273564547
49,0.245,50,0.0199097748846,-0.0113123347983,0.0911786779761,0.452246963978,-0.24268746376,0.151205226779,0.0049534169957
49,0.245,51,0.0341356620193,-0.0224888902158,0.0525093227625,0.596941769123,-0.168966799974,0.905894100666,0.0039627365768
49,0.245,52,0.0221501290798,-0.0115144914016,0.0339005030692,0.358245015144,-0.109516508877,1.57456433773,0.00495341978967
49,0.245,53,-0.000130436164909,0.00147850078065,0.0933701917529,0.138039797544,0.0231461580843,1.22503507137,0.00396273471415
49,0.245,54,-0.00130060641095,-0.00134617101867,0.0221747756004,0.0654930844903,0.334573894739,2.60190296173,0.00396273750812
50,0.25,0,-0.000211686725379,2.26913252845e-05,0.0676570758224,-0.103183090687,0.337746560574,1.05701315403,0.00990683957934
50,0.25,1,-0.0252689383924,0.0498574636877,0.0633707046509,-0.130330786109,0.708691954613,0.480715423822,0.00247670989484
50,0.25,2,0.0252293497324,0.0475749149919,0.0625370368361,0.584046959877,0.91247355938,0.371719956398,0.00247670989484
50,0.25,3,-0.0257627759129,-0.0497557707131,0.0647770389915,-0.214561074972,-0.669872403145,0.382888823748,0.00247670989484
50,0.25,4,0.0257555656135,-0.046797644347,0.0633613914251,0.637811243534,-0.899592459202,0.41415554285,0.00247670989484
50,0.25,5,0.00213846983388,-0.0209816489369,0.108871199191,0.169243663549,-0.965231537819,1.49219799042,0.00247670919634
50,0.25,6,0.00145727361087,0.0220716111362,0.108607977629,0.164097502828,1.43001389503,1.33521950245,0.00247670919634
50,0.25,7,3.4819724533e-05,-0.023824557662,0.0297678802162,0.104597561061,-0.0422541685402,1.47460663319,0.00247671105899
50,0.25,8,-0.000182184914593,0.0241566505283,0.0292816590518,0.0750099718571,0.404586076736,1.32120788097,0.00247671105899
50,0.25,9,0.0431321635842,0.00228425394744,0.0448001548648,1.76814174652,-0.111738316715,0.752912163734,0.00247670942917
50,0.25,10,0.049479521811,-0.00127215788234,0.0853534415364,1.86087548733,0.0438567996025,1.19844400883,0.00247670849785
50,0.25,11,-0.0437547005713,0.00207718648016,0.0456699021161,-1.68927669525,-0.220508217812,0.658313512802,0.00247670942917
50,0.25,12,-0.0475341305137,-0.000897474819794,0.0864640027285,-0.909040212631,0.0183672867715,1.29230344296,0.00247670849785
50,0.25,13,-0.0136032607406,0.0264477729797,0.0672622919083,-0.0130451340228,0.557043612003,0.69584518671,0.0148602584377
50,0.25,14,-0.000518368266057,0.0157844685018,0.0835844278336,-0.00282448716462,0.343002021313,1.17625546455,0.00990683585405
50,0.25,15,0.013897838071,0.0246250312775,0.0675472766161,-0.132893681526,0.336404204369,0.591931283474,0.0128788910806
50,0.25,16,-0.0126601997763,0.0361261591315,0.0927936211228,-0.492657035589,0.798344731331,0.15514101088,0.00396273471415
50,0.25,17,0.000448290491477,0.0468987077475,0.0656712651253,-0.186077564955,0.243705898523,0.497977524996,0.00396273471415
50,0.25,18,0.0118935965002,0.0368677414954,0.0883054360747,0.158264398575,0.749791026115,0.325748592615,0.00495341839269
50,0.25,19,0.000451374478871,0.0141439856961,0.0514519326389,0.0385561473668,0.349664628506,0.410893142223,0.00990684051067
50,0.25,20,-0.0120714204386,0.0348322018981,0.0428785160184,-0.205552175641,0.46330472827,-0.106705456972,0.00396273564547
50,0.25,21,0.0124157452956,0.0336360931396,0.0450726002455,0.0696751102805,0.602090954781,0.0609467662871,0.00495341978967
50,0.25,22,-0.0247461330146,-0.000505133415572,0.0764700323343,-0.420585244894,0.107748493552,0.480464160442,0.0099068377167
50,0.25,23,-0.0358060784638,0.0257701426744,0.0764288902283,0.14218083024,0.217820942402,0.390426635742,0.00396273564547
50,0.25,24,-0.0245651919395,0.0143909044564,0.0942006334662,-0.540743887424,0.289129585028,1.37415266037,0.00594410020858
50,0.25,25,-0.0266189016402,-0.000449170940556,0.0594151429832,-0.407336205244,-0.0497762262821,0.17108656466,0.00990684051067
50,0.25,26,-0.0348810181022,0.0250569637865,0.0536231845617,-1.03851103783,0.750762164593,0.822828948498,0.0039627365768
50,0.25,27,-0.0222741253674,0.0106790959835,0.0406813770533,-0.263383150101,-0.16454488039,1.07844090462,0.00594410393387
50,0.25,28,-0.0487766899168,6.82885220158e-05,0.0685926377773,-0.193925797939,-0.00991195254028,0.871631324291,0.00594410579652
50,0.25,29,0.0247336681932,-0.000300988525851,0.0765928924084,0.306888490915,-0.0293691363186,0.691865324974,0.0099068377167
50,0.25,30,0.0367461591959,0.0247126556933,0.076011672616,0.0194905307144,0.173345699906,0.572150170803,0.00396273564547
50,0.25,31,0.0240872520953,0.01419085823,0.0935895219445,0.521124482155,0.628333210945,0.995030403137,0.00594410020858
50,0.25,32,0.0259121358395,-0.000504541269038,0.058144133538,0.472571253777,-0.0807582139969,0.171136692166,0.00990684051067
50,0.25,33,0.0348727926612,0.0235625784844,0.0532162226737,1.22044122219,0.364336460829,0.472142606974,0.0039627365768
50,0.25,34,0.0222460683435,0.0102793527767,0.0396585278213,0.36574575305,0.0774982571602,1.15623724461,0.00594410393387
50,0.25,35,0.0489296354353,-9.7609241493e-05,0.0683355107903,0.287560611963,0.0610223785043,0.908665299416,0.00594410579652
50,0.25,36,-0.0140994312242,-0.0266882907599,0.0666360259056,-0.169659659266,-0.662355720997,0.84035795927,0.0148602584377
50,0.25,37,0.0143300062045,-0.0246313996613,0.0671186894178,-0.071276679635,-0.391907095909,0.780710399151,0.0128788910806
50,0.25,38,-0.000632279436104,-0.0148016605526,0.0834454968572,0.0423004180193,-0.223604306579,1.46878433228,0.0118882022798
50,0.25,39,0.000775620748755,-0.0461859442294,0.0654449239373,-0.102151207626,-0.488089889288,-0.0524748824537,0.00396273471415
50,0.25,40,-0.0114821782336,-0.0364589653909,0.0920780822635,-0.409094840288,-1.00274789333,0.11233407259,0.00396273471415
50,0.25,41,0.0110607305542,-0.0366365127265,0.0886738076806,0.0972920060158,-0.729232430458,0.112290404737,0.00495341839269
50,0.25,42,-0.000257777457591,-0.0134988445789,0.0522258765996,0.158205598593,-0.417733073235,0.827393054962,0.0118882078677
50,0.25,43,-0.0127022843808,-0.0344778187573,0.0438193641603,-0.302044332027,-0.498614519835,0.154305532575,0.00396273564547
50,0.25,44,0.0132860261947,-0.0329856723547,0.0454776957631,0.105783104897,-0.683977246284,0.1943808496,0.00495341978967
50,0.25,45,-0.0343634523451,-0.0259265508503,0.0787093415856,-0.0117727722973,-0.126453876495,-0.0163752995431,0.00396273564547
50,0.25,46,-0.0227023009211,-0.0127499420196,0.0955526456237,-0.866338312626,-0.336382836103,1.52608942986,0.0049534169957
50,0.25,47,-0.0387852527201,-0.024709969759,0.0557257905602,-0.970046401024,-0.602759718895,0.722079515457,0.0039627365768
50,0.25,48,-0.0224509891123,-0.0120450882241,0.04077462852,-0.081533998251,0.0166087355465,0.601016402245,0.00495341978967
50,0.25,49,0.0350799150765,-0.0256990417838,0.0787061005831,0.242407843471,-0.188890725374,0.0167295336723,0.00396273564547
50,0.25,50,0.0228098053485,-0.0135845420882,0.0950861275196,0.60705602169,-0.508706092834,1.20575547218,0.0049534169957
50,0.25,51,0.0389229692519,-0.0234995465726,0.0554341562092,1.03665876389,-0.198440209031,0.414586603642,0.0039627365768
50,0.25,52,0.0226847659796,-0.0122525878251,0.040270972997,-0.00705945538357,-0.274040281773,0.844353377819,0.00495341978967
50,0.25,53,0.000285136949969,7.34342247597e-05,0.103043064475,0.0490948967636,-0.360528349876,2.13164830208,0.00396273471415
50,0.25,54,-0.000739747018088,0.000384586339351,0.0353715643287,0.163219228387,0.260609209538,2.18705058098,0.00396273750812
51,0.255,0,-0.000717907154467,0.00141471694224,0.0727282240987,-0.0860384404659,0.165163487196,0.97319984436,0.00990683957934
51,0.255,1,-0.0251774284989,0.0507733747363,0.0666505247355,0.0610035397112,-0.220123589039,0.77612298727,0.00247670989484
51,0.255,2,0.027499621734,0.0497391410172,0.0654193982482,0.23032425344,-0.145977169275,0.752962350845,0.00247670989484
51,0.255,3,-0.0261362995952,-0.0507552810013,0.0672020688653,-0.0293574482203,0.140491098166,0.553494095802,0.00247670989484
51,0.255,4,0.0284015834332,-0.0494903884828,0.0661807432771,0.319638997316,-0.0655648484826,0.665847837925,0.00247670989484
51,0.255,5,0.00212665018626,-0.0264268927276,0.114072419703,-0.184416294098,-1.09702396393,0.428181141615,0.00247670919634
51,0.255,6,0.00181766820606,0.028544973582,0.112798586488,-0.0478402413428,1.02713513374,0.211165159941,0.00247670919634
51,0.255,7,0.000503342424054,-0.023052925244,0.0340279340744,0.0492298938334,0.286855816841,0.349266976118,0.00247671105899
51,0.255,8,0.000399127049604,0.0248391609639,0.0319331623614,0.131171524525,-0.130404680967,-0.120111741126,0.00247671105899
51,0.255,9,0.0530687086284,0.000736504211091,0.0467966645956,1.68780088425,-0.453709840775,0.275916188955,0.00247670942917
51,0.255,10,0.0546539723873,-0.000673840986565,0.0929739773273,-0.0557770952582,0.168586820364,1.5006057024,0.00247670849785
51,0.255,11,-0.0526001192629,0.000255489489064,0.0476338416338,-1.40008461475,-0.452674895525,0.367114394903,0.00247670942917
51,0.255,12,-0.0496387295425,-0.000457203830592,0.0942026749253,0.239592671394,0.141339629889,1.5037072897,0.00247670849785
51,0.255,13,-0.0138835171238,0.0285151004791,0.0700875520706,-0.110191822052,0.172068595886,0.434777289629,0.0148602584377
51,0.255,14,-0.000525808369275,0.0164084434509,0.0906128883362,0.00249808840454,-0.0317501723766,1.55254995823,0.00990683585405
51,0.255,15,0.0135554587469,0.0261357277632,0.069691836834,0.0408763624728,0.237311154604,0.306735277176,0.0128788910806
51,0.255,16,-0.015284312889,0.0397693030536,0.0913277342916,-0.427889108658,0.570252776146,-0.549180090427,0.00396273471415
51,0.255,17,-0.000678633223288,0.0473335906863,0.0680824518204,-0.14331048727,0.0431384071708,0.430861234665,0.00396273471415
51,0.255,18,0.0133819868788,0.0399364940822,0.0894350335002,0.345611393452,0.363862127066,0.172468408942,0.00495341839269
51,0.255,19,0.000126249331515,0.0152425253764,0.054273404181,-0.138202682137,0.129870280623,0.75563544035,0.00990684051067
51,0.255,20,-0.0142034655437,0.0370098277926,0.0448860600591,-0.540250957012,0.311002165079,0.940748333931,0.00396273564547
51,0.255,21,0.0137477591634,0.0371038019657,0.0464711338282,0.384420633316,0.628189980984,0.558978915215,0.00495341978967
51,0.255,22,-0.0257681850344,0.000199490605155,0.0806389451027,0.0125314658508,0.14319755137,1.20790493488,0.0099068377167
51,0.255,23,-0.0353693328798,0.0265630595386,0.0801464915276,0.00762684969231,0.0177818816155,1.09729373455,0.00396273564547
51,0.255,24,-0.0256078336388,0.0148975476623,0.101296558976,0.15898245573,-0.103383794427,1.31860458851,0.00594410020858
51,0.255,25,-0.0270566903055,-0.000696998729836,0.0602317936718,0.14799298346,-0.0646393969655,0.255023360252,0.00990684051067
51,0.255,26,-0.0388688109815,0.0275407508016,0.0584724880755,-0.416052997112,0.0963501781225,1.06171524525,0.0039627365768
51,0.255,27,-0.02378000319,0.0116091929376,0.0446372702718,-0.355020403862,0.484346717596,0.461158394814,0.00594410393387
51,0.255,28,-0.0490685217083,-1.9965541469e-06,0.0710189267993,0.157646894455,0.00784118566662,0.129157647491,0.00594410579652
51,0.255,29,0.0255273301154,-0.000317529338645,0.081478074193,0.0364228077233,0.0328639559448,1.23070633411,0.0099068377167
51,0.255,30,0.0365863628685,0.0253873858601,0.0801486447453,-0.128279626369,-0.00360236270353,0.985241949558,0.00396273564547
51,0.255,31,0.0254830103368,0.0162748154253,0.0992755070329,-0.00942062214017,0.140174135566,1.17829072475,0.00594410020858
51,0.255,32,0.0269696433097,-0.000848979863804,0.0598473921418,0.00236353441142,-0.0476167611778,0.525997877121,0.00990684051067
51,0.255,33,0.039874099195,0.0249031390995,0.0569893047214,0.566828608513,0.0604887865484,1.03560709953,0.0039627365768
51,0.255,34,0.0241553019732,0.0122476350516,0.0435745865107,0.427575290203,0.613242387772,0.433672636747,0.00594410393387
51,0.255,35,0.0494640469551,4.87423458253e-05,0.0706592127681,-0.135086581111,0.0193429347128,0.144383251667,0.00594410579652
51,0.255,36,-0.0149129796773,-0.0289765093476,0.0706548467278,-0.124596171081,-0.142670363188,0.716860473156,0.0148602584377
51,0.255,37,0.0140945920721,-0.0263083707541,0.070696644485,-0.000541907502338,-0.233997121453,0.614196658134,0.0128788910806
51,0.255,38,-0.000411998014897,-0.0153608266264,0.0914616063237,0.0163130797446,-0.0422053895891,1.6368407011,0.0118882022798
51,0.255,39,-0.000195802858798,-0.0481912493706,0.0655892342329,-0.1875346452,-0.316026389599,0.159605503082,0.00396273471415
51,0.255,40,-0.0143381850794,-0.0405111312866,0.0910817980766,-0.578233897686,-0.522326827049,-0.349114656448,0.00396273471415
51,0.255,41,0.0127402301878,-0.0392578803003,0.088720202446,0.462365299463,-0.268152475357,0.00858469493687,0.00495341839269
51,0.255,42,0.0002806011762,-0.0151869356632,0.0569447167218,0.0355319082737,-0.281204640865,0.978011012077,0.0118882078677
51,0.255,43,-0.0148978000507,-0.0371455140412,0.0461873784661,-0.470561504364,-0.41895493865,0.832108438015,0.00396273564547
51,0.255,44,0.0143931079656,-0.037096105516,0.0472811311483,0.265808790922,-0.784382998943,0.59441202879,0.00495341978967
51,0.255,45,-0.0352259203792,-0.0261804033071,0.0800553560257,-0.370645940304,0.0661276206374,0.711935162544,0.00396273564547
51,0.255,46,-0.0256947986782,-0.0139036849141,0.102964431047,-0.207134544849,-0.0681755393744,1.2383620739,0.0049534169957
51,0.255,47,-0.0409788191319,-0.0265536122024,0.0590126290917,0.174394860864,-0.0392659083009,0.571944117546,0.0039627365768
51,0.255,48,-0.0236145947129,-0.0131467534229,0.0418466888368,-0.324284464121,-0.380834698677,0.0145365940407,0.00495341978967
51,0.255,49,0.0365437269211,-0.0258522108197,0.0796307399869,0.296202629805,0.189064890146,0.449498921633,0.00396273564547
51,0.255,50,0.0250122249126,-0.0150186754763,0.100990362465,0.213918417692,-0.0108936596662,1.01356041431,0.0049534169957
51,0.255,51,0.0415829867125,-0.023838384077,0.057816773653,-0.12079333514,0.0973853096366,0.564420163631,0.0039627365768
51,0.255,52,0.0233010910451,-0.0144202644005,0.0419441796839,0.270395904779,-0.472668021917,0.0153642771766,0.00495341978967
51,0.255,53,0.000438579561887,-0.000754010980017,0.111047632992,0.0164782851934,0.051292784512,0.97672611475,0.00396273471415
51,0.255,54,0.000270274787908,0.000569823663682,0.039868503809,0.215238198638,-0.171562954783,-0.180927112699,0.00396273750812
52,0.26,0,-0.00090066838311,0.00140017399099,0.0776562020183,0.0285260006785,-0.16054700315,0.989277541637,0.00990683957934
52,0.26,1,-0.0260387752205,0.0491940043867,0.0705284401774,-0.475193738937,-0.320256173611,0.729499399662,0.00247670989484
52,0.26,2,0.0276352912188,0.0467298217118,0.0698242560029,-0.0577347464859,-0.82823908329,0.976401031017,0.00247670989484
52,0.26,3,-0.0270856712013,-0.0494286045432,0.070031054318,-0.386379927397,0.365948706865,0.570505440235,0.00247670989484
52,0.26,4,0.0287553612143,-0.0475157983601,0.0697143226862,-0.102279171348,0.718258619308,0.73836016655,0.00247670989484
52,0.26,5,0.000471136532724,-0.0310035943985,0.113199219108,-0.418450802565,-0.71725487709,-0.533948481083,0.00247670919634
52,0.26,6,0.000889424816705,0.0319768339396,0.111484020948,-0.299302399158,0.447556465864,-0.414221674204,0.00247670919634
52,0.26,7,0.000338743499015,-0.022038994357,0.0357404910028,-0.100014723837,0.0205294042826,0.493753254414,0.00247671105899
52,0.26,8,0.000848458206747,0.0232657678425,0.0320515185595,0.0367117375135,-0.436437159777,0.483141988516,0.00247671105899
52,0.26,9,0.0560760051012,-0.00158774852753,0.0490792728961,-0.603404402733,-0.403036803007,0.655975699425,0.00247670942917
52,0.26,10,0.0485341921449,0.000281199812889,0.0985429435968,-2.07450294495,0.207371369004,0.758714616299,0.00247670849785
52,0.26,11,-0.0544985160232,-0.00189894146752,0.0504951141775,0.709831953049,-0.349460661411,0.733617544174,0.00247670942917
52,0.26,12,-0.0451580323279,0.000402775971452,0.0998273417354,1.30645346642,0.191047236323,0.769680500031,0.00247670849785
52,0.26,13,-0.0146104237065,0.0273524820805,0.0723026022315,-0.146217346191,-0.627771914005,0.54726600647,0.0148602584377
52,0.26,14,-0.000414547714172,0.0160292163491,0.0973516926169,0.0481576956809,-0.0973885506392,0.93975508213,0.00990683585405
52,0.26,15,0.0142088662833,0.0263742078096,0.071527287364,0.147274538875,-0.204547360539,0.516349971294,0.0128788910806
52,0.26,16,-0.015802828595,0.0410704948008,0.0893461257219,0.261569589376,-0.085532836616,-0.0952340215445,0.00396273471415
52,0.26,17,-0.000203116505872,0.0480500087142,0.0698650926352,0.304615646601,0.197521999478,0.309228479862,0.00396273471415
52,0.26,18,0.0145595399663,0.0397899076343,0.0905577242374,0.0817856937647,-0.390827685595,0.317453205585,0.00495341839269
52,0.26,19,-0.000500213587657,0.0154145564884,0.0576934441924,-0.0714726895094,-0.0861603692174,0.471590697765,0.00990684051067
52,0.26,20,-0.0160647276789,0.0372563302517,0.0510449111462,-0.112231634557,-0.194570973516,1.30095458031,0.00396273564547
52,0.26,21,0.0151939960197,0.0386085771024,0.0502813309431,0.122995905578,-0.0594398751855,0.862228512764,0.00495341978967
52,0.26,22,-0.0247078295797,0.000639414764009,0.0873727872968,0.400905311108,0.0139466766268,1.28928232193,0.0099068377167
52,0.26,23,-0.0356211438775,0.0250884126872,0.0863703861833,-0.0582636334002,-0.60923075676,1.24666917324,0.00396273564547
52,0.26,24,-0.0231616161764,0.0138927865773,0.106817126274,0.721967101097,-0.181479230523,0.92327696085,0.00594410020858
52,0.26,25,-0.0256505198777,-0.000993566005491,0.062157150358,0.400594234467,-0.0178936924785,0.459061950445,0.00990684051067
52,0.26,26,-0.0388228222728,0.0255093742162,0.063299998641,0.333515942097,-0.815371751785,0.75967335701,0.0039627365768
52,0.26,27,-0.0251330025494,0.0141638573259,0.045207425952,-0.109603457153,0.380713135004,-0.138076990843,0.00594410393387
52,0.26,28,-0.0465425737202,0.000210069643799,0.0717620402575,0.821754515171,0.0529555901885,0.421624273062,0.00594410579652
52,0.26,29,0.0250242613256,7.36150905141e-05,0.0875988155603,-0.278030633926,0.115481190383,1.04881668091,0.0099068377167
52,0.26,30,0.0354604572058,0.0240262467414,0.0849906355143,-0.264859497547,-0.508402168751,0.916340470314,0.00396273564547
52,0.26,31,0.0239694770426,0.0156088527292,0.104986429214,-0.532453238964,-0.320279240608,1.117831707,0.00594410020858
52,0.26,32,0.0260887425393,-0.00077765120659,0.0626064166427,-0.36281105876,0.0966771543026,0.476396173239,0.00990684051067
52,0.26,33,0.0398273356259,0.0236963871866,0.0624196119606,-0.476475030184,-0.484513640404,0.944166660309,0.0039627365768
52,0.26,34,0.0258110873401,0.0148963732645,0.0446967035532,0.1437651366,0.312465637922,0.123338289559,0.00594410393387
52,0.26,35,0.0472177937627,0.00020979011606,0.0718837082386,-0.724885940552,0.0373781509697,0.548391282558,0.00594410579652
52,0.26,36,-0.015172987245,-0.0274613257498,0.0740280970931,0.0211773477495,0.708438158035,0.695406675339,0.0148602584377
52,0.26,37,0.0142538305372,-0.0263801440597,0.0735073015094,0.0204587653279,0.245519265532,0.568343937397,0.0128788910806
52,0.26,38,-0.000525789218955,-0.0155354719609,0.0981788039207,-0.0442264825106,-0.0300668515265,0.880459308624,0.0118882022798
52,0.26,39,-0.000440384668764,-0.0491691492498,0.0676235482097,0.0864004865289,-0.027510644868,0.688308119774,0.00396273471415
52,0.26,40,-0.0159178916365,-0.0409987419844,0.0901481062174,0.00975508335978,0.324841856956,0.0745139718056,0.00396273471415
52,0.26,41,0.0146612804383,-0.0391441509128,0.0897363200784,0.237766206264,0.271421402693,0.451946079731,0.00495341839269
52,0.26,42,0.000136823218782,-0.0161883179098,0.0600284226239,-0.065161369741,-0.0813396647573,0.16009876132,0.0118882078677
52,0.26,43,-0.0162042193115,-0.0376597866416,0.0514848344028,0.0178264435381,0.205441847444,1.14741563797,0.00396273564547
52,0.26,44,0.0151072628796,-0.0393547900021,0.0512395948172,-0.0268419571221,-0.0687637329102,0.902338385582,0.00495341978967
52,0.26,45,-0.0374816283584,-0.024578075856,0.0854866728187,-0.383825451136,0.596206486225,1.26225233078,0.00396273564547
52,0.26,46,-0.0244693756104,-0.0136607559398,0.107426486909,0.59873765707,0.0693672001362,0.650965690613,0.0049534169957
52,0.26,47,-0.037474218756,-0.0248973872513,0.0612292066216,1.02239656448,0.603695333004,0.343974888325,0.0039627365768
52,0.26,48,-0.0246878173202,-0.014535356313,0.0427762232721,-0.0168890282512,-0.0640170872211,0.423928529024,0.00495341978967
52,0.26,49,0.037603110075,-0.0235193837434,0.0833748355508,0.0980479717255,0.686897814274,0.979511380196,0.00396273564547
52,0.26,50,0.0247058179229,-0.0138925015926,0.105101197958,-0.30129930377,0.350286692381,0.744261443615,0.0049534169957
52,0.26,51,0.0377555005252,-0.0227296687663,0.0606529228389,-1.19603765011,0.261348813772,0.509640038013,0.0039627365768
52,0.26,52,0.0246848147362,-0.0155218904838,0.0426474735141,0.169105947018,0.112509921193,0.379639476538,0.00495341978967
52,0.26,53,0.000565191730857,0.00027473634691,0.11434365809,0.052463106811,0.279744327068,0.728367984295,0.00396273471415
52,0.26,54,0.00115802453365,-0.000604656641372,0.0385417975485,0.120009534061,-0.200601488352,0.0370177924633,0.00396273750812
53,0.265,0,-0.000321709550917,4.58148642792e-05,0.0817258581519,0.190605401993,-0.330833792686,0.499855339527,0.00990683957934
53,0.265,1,-0.0292890910059,0.0468414984643,0.0740171223879,-0.636229634285,-0.776493132114,0.708598613739,0.00247670989484
53,0.265,2,0.0281870104373,0.0434409044683,0.0748776271939,0.309453755617,-0.443181455135,1.00006175041,0.00247670989484
53,0.265,3,-0.029428485781,-0.0462806262076,0.0732232034206,-0.420006394386,0.980804085732,0.750658631325,0.00247670989484
53,0.265,4,0.028310649097,-0.0436570644379,0.0737548843026,-0.0206326562911,0.735150575638,0.9021692276,0.00247670989484
53,0.265,5,-0.00136821356136,-0.0338166095316,0.111780419946,-0.256074726582,-0.400412410498,0.162316486239,0.00247670919634
53,0.265,6,-0.000796363397967,0.0341333262622,0.111798197031,-0.31604924798,0.403847336769,0.605141937733,0.00247670919634
53,0.265,7,-0.000208462282899,-0.0235859733075,0.0384835079312,-0.087741650641,-0.652719318867,0.394600301981,0.00247671105899
53,0.265,8,0.000728005543351,0.0213342793286,0.0371089018881,-0.0785144716501,-0.195930317044,1.25540816784,0.00247671105899
53,0.265,9,0.0476491935551,-0.00270854635164,0.0528474524617,-2.40741658211,-0.0320517197251,0.765977263451,0.00247670942917
53,0.265,10,0.0390098616481,0.00144612754229,0.102441385388,-1.21975266933,0.258527696133,1.04990136623,0.00247670849785
53,0.265,11,-0.0464817173779,-0.0026699709706,0.0537988357246,2.14368748665,0.0573501996696,0.478181660175,0.00247670942917
53,0.265,12,-0.0399355702102,0.00132912537083,0.103493392467,0.536791145802,0.159618258476,0.912548840046,0.00247670849785
53,0.265,13,-0.0149256745353,0.0228732135147,0.0760616287589,0.0474702566862,-1.03455781937,0.907563447952,0.0148602584377
53,0.265,14,1.77910824277e-05,0.0151933496818,0.0989376157522,0.122664816678,-0.259765267372,-0.153350710869,0.00990683585405
53,0.265,15,0.0141364261508,0.0236509181559,0.0751876458526,-0.213754191995,-0.83444494009,0.890620589256,0.0128788910806
53,0.265,16,-0.0130407772958,0.0387169681489,0.0908869951963,0.696847558022,-0.793375968933,0.662100076675,0.00396273471415
53,0.265,17,0.00138002773747,0.0478264763951,0.0716892629862,0.213414177299,-0.443191260099,0.478406190872,0.00396273471415
53,0.265,18,0.0141590824351,0.0368234291673,0.0928445160389,-0.190798029304,-0.669034004211,0.593730807304,0.00495341839269
53,0.265,19,-0.000386266154237,0.014098007232,0.0586378909647,0.100209914148,-0.433165460825,0.00715508684516,0.00990684051067
53,0.265,20,-0.0151329627261,0.0355964675546,0.0563944876194,0.412270009518,-0.412189632654,0.823233783245,0.00396273564547
53,0.265,21,0.0148189477623,0.0368194170296,0.0544078797102,-0.227979704738,-0.564512789249,0.780652105808,0.00495341978967
53,0.265,22,-0.0216270890087,0.000274179736152,0.0919836461544,0.806012511253,-0.139198347926,0.541905522346,0.0099068377167
53,0.265,23,-0.0353286452591,0.0213298499584,0.0915830954909,0.214926183224,-0.732560098171,0.80406832695,0.00396273564547
53,0.265,24,-0.0192977990955,0.0140910726041,0.111178152263,0.761572539806,0.267403334379,0.884676039219,0.00594410020858
53,0.265,25,-0.0227411873639,-0.000440957664978,0.0644070953131,0.783212542534,0.253769725561,0.451760470867,0.00990684051067
53,0.265,26,-0.0366362445056,0.0208101589233,0.0654050707817,0.444164246321,-0.899214506149,0.142512947321,0.0039627365768
53,0.265,27,-0.0243999641389,0.0145006533712,0.0442222766578,0.393582582474,-0.217217221856,-0.178278476,0.00594410393387
53,0.265,28,-0.0417576879263,0.000164716679137,0.0767231658101,0.956375539303,-0.0918110087514,1.47406089306,0.00594410579652
53,0.265,29,0.0219824016094,0.000627893430647,0.0907460004091,-0.956933259964,0.0719954147935,0.235356032848,0.0099068377167
53,0.265,30,0.0345852971077,0.021336786449,0.0894112661481,-0.0677823349833,-0.431223005056,0.877429187298,0.00396273564547
53,0.265,31,0.0206704121083,0.0141166253015,0.110722497106,-0.75214189291,-0.193091973662,1.18281948566,0.00594410020858
53,0.265,32,0.0230929534882,0.000208969373489,0.0643812343478,-0.822072088718,0.270722419024,0.313241273165,0.00990684051067
53,0.265,33,0.036725461483,0.0210699755698,0.0651364699006,-0.604917883873,-0.459120601416,0.192171424627,0.0039627365768
53,0.265,34,0.0250276103616,0.0147531125695,0.0453607290983,-0.436749964952,-0.310646206141,0.139265075326,0.00594410393387
53,0.265,35,0.0428385846317,0.000239331362536,0.0768025964499,-0.932463169098,-0.0355865098536,1.27645385265,0.00594410579652
53,0.265,36,-0.014628556557,-0.0227044895291,0.0778666585684,0.195839375257,1.06186687946,0.796821415424,0.0148602584377
53,0.265,37,0.0136896623299,-0.0236193016171,0.0767148435116,-0.273470491171,0.808448314667,0.697990775108,0.0128788910806
53,0.265,38,-0.000513473874889,-0.0153088262305,0.0995152890682,0.0876434594393,0.156910285354,-0.172288775444,0.0118882022798
53,0.265,39,0.000180007235031,-0.0475812070072,0.072666220367,0.0958816632628,0.722713768482,1.28727376461,0.00396273471415
53,0.265,40,-0.0143716614693,-0.0376416668296,0.0921713262796,0.491291940212,0.893549919128,0.699228227139,0.00396273471415
53,0.265,41,0.0149021539837,-0.0370449796319,0.0933176800609,-0.0990798324347,0.501396775246,0.920026242733,0.00495341839269
53,0.265,42,-8.26051036711e-05,-0.0154997399077,0.0590727739036,-0.00340440310538,0.374426692724,-0.34046202898,0.0118882078677
53,0.265,43,-0.0146212168038,-0.0357512570918,0.056661427021,0.534534692764,0.46151098609,0.904323339462,0.00396273564547
53,0.265,44,0.014026325196,-0.0379433818161,0.0555359460413,-0.369295597076,0.549349427223,0.780882060528,0.00495341978967
53,0.265,45,-0.0377478674054,-0.0207533668727,0.0910616442561,0.315927088261,0.800592601299,0.90133035183,0.00396273564547
53,0.265,46,-0.0209484715015,-0.0140848020092,0.110758364201,0.695527434349,-0.245011389256,0.751965999603,0.0049534169957
53,0.265,47,-0.0332026183605,-0.0219042897224,0.06326200068,0.490918934345,0.467644333839,0.568520069122,0.0039627365768
53,0.265,48,-0.023185716942,-0.0134066753089,0.0453216098249,0.601909816265,0.427532821894,0.411945164204,0.00495341978967
53,0.265,49,0.0372677855194,-0.0201195310801,0.0887024626136,-0.25268509984,0.545607924461,1.09315800667,0.00396273564547
53,0.265,50,0.0222561005503,-0.0128071773797,0.109621316195,-0.65987932682,0.00653271470219,1.0808327198,0.0049534169957
53,0.265,51,0.0324990004301,-0.0220674481243,0.0629224479198,-0.649967849255,-0.0178792569786,0.477878808975,0.0039627365768
53,0.265,52,0.023944362998,-0.0133114028722,0.0452969931066,-0.498784303665,0.63959723711,0.499457597733,0.00495341978967
53,0.265,53,0.00098254927434,0.00122299103532,0.12054053694,0.0834380984306,0.0497969947755,1.51763319969,0.00396273471415
53,0.265,54,0.00127792800777,-0.000901543768123,0.0408705696464,-0.0761446431279,0.0566476471722,0.613561630249,0.00396273750812
54,0.27,0,0.00053485808894,-0.00126929592807,0.08133469522,0.0700069069862,-0.130867183208,-0.625766813755,0.00990683957934
54,0.27,1,-0.0306585617363,0.0404333211482,0.0778398811817,0.153359204531,-1.70348238945,0.813334524632,0.00247670989484
54,0.27,2,0.0297437962145,0.0412564724684,0.0793096125126,0.165279820561,-0.562328279018,0.740201473236,0.00247670989484
54,0.27,3,-0.0301059354097,-0.0395331121981,0.0778832510114,0.186082273722,1.56063568592,1.11642587185,0.00247670989484
54,0.27,4,0.0281798709184,-0.0403121709824,0.0788561701775,-0.118354104459,0.61776971817,1.11585021019,0.00247670989484
54,0.27,5,-0.00162051827647,-0.0340462848544,0.115400530398,0.164009809494,0.374289661646,1.23595929146,0.00247670919634
54,0.27,6,-0.00152721488848,0.0346189066768,0.116675421596,0.0867900699377,-0.310986042023,1.22184455395,0.00247670919634
54,0.27,7,-0.000366969994502,-0.0282076764852,0.0381294004619,0.0220316369087,-1.05448496342,-0.435389071703,0.00247671105899
54,0.27,8,0.00016397779109,0.0230352878571,0.0406929701567,-0.128088146448,0.918026924133,-0.00899069663137,0.00247671105899
54,0.27,9,0.0367950946093,-0.0021272324957,0.0558962225914,-1.47321677208,0.20291800797,0.396708756685,0.00247670942917
54,0.27,10,0.0368694700301,0.00247747614048,0.109345763922,-0.0344780683517,0.100719645619,1.49850130081,0.00247670849785
54,0.27,11,-0.0370832458138,-0.00164050864987,0.0548192039132,1.30896615982,0.261288106441,-0.0220556277782,0.00247670942917
54,0.27,12,-0.0392272733152,0.00177410512697,0.109719961882,0.0480726398528,0.0169364772737,1.47213101387,0.00247670849785
54,0.27,13,-0.0140915550292,0.0183427333832,0.0802871286869,0.253879576921,-0.663713157177,0.672436952591,0.0148602584377
54,0.27,14,0.000591073883697,0.0135737815872,0.0985795259476,0.0653943866491,-0.344813793898,0.264256685972,0.00990683585405
54,0.27,15,0.0125809647143,0.0193689484149,0.0794882923365,-0.283916503191,-0.689352631569,0.738371372223,0.0128788910806
54,0.27,16,-0.0106026390567,0.0344075970352,0.0956640392542,0.135758951306,-0.747410237789,1.20325648785,0.00396273471415
54,0.27,17,0.00129389646463,0.042809560895,0.0751727595925,-0.236766040325,-1.45910918713,0.934273779392,0.00396273471415
54,0.27,18,0.0133575089276,0.0341962762177,0.0963143184781,-0.0684882849455,-0.315414875746,0.761215090752,0.00495341839269
54,0.27,19,0.000119729236758,0.0115621685982,0.0590791217983,0.0598593056202,-0.470022082329,0.208706021309,0.00990684051067
54,0.27,20,-0.012928375043,0.0332193560898,0.0598191432655,0.364232838154,-0.550130605698,0.607146859169,0.00396273564547
54,0.27,21,0.0134731950238,0.0335724726319,0.0583853572607,-0.251427441835,-0.69938236475,0.825080633163,0.00495341978967
54,0.27,22,-0.0175588857383,-0.000346731743775,0.0941903740168,0.687439084053,-0.0601650029421,0.568614006042,0.0099068377167
54,0.27,23,-0.0334511101246,0.0190541893244,0.0947343409061,0.483777403831,-0.152661770582,0.568080306053,0.00396273564547
54,0.27,24,-0.0160344373435,0.0156957469881,0.115677721798,0.475305050611,0.234405979514,0.878578901291,0.00594410020858
54,0.27,25,-0.018173051998,0.00114955625031,0.0669879242778,0.900067985058,0.277322232723,0.572456657887,0.00990684051067
54,0.27,26,-0.0348389036953,0.0176439210773,0.0659297630191,0.268653780222,-0.349976330996,0.187967658043,0.0039627365768
54,0.27,27,-0.0215246453881,0.0130452821031,0.0438349843025,0.6969871521,-0.224838793278,0.0140226855874,0.00594410393387
54,0.27,28,-0.0382256247103,-0.000557423220016,0.0841896757483,0.382133245468,-0.142944991589,1.2396299839,0.00594410579652
54,0.27,29,0.0168766342103,0.000525114766788,0.091766603291,-0.799197494984,-0.107665233314,0.439349323511,0.0099068377167
54,0.27,30,0.0340856425464,0.0202023126185,0.0938971340656,-0.247251570225,-0.0954370200634,0.921886026859,0.00396273564547
54,0.27,31,0.0169886089861,0.013861771673,0.116291694343,-0.608298182487,0.0476747862995,0.971781671047,0.00594410020858
54,0.27,32,0.0184518247843,0.00132544490043,0.0666637346148,-0.893060684204,0.0995399579406,0.615082204342,0.00990684051067
54,0.27,33,0.034351695329,0.0196535233408,0.0658499151468,-0.36993098259,-0.124279916286,0.257846266031,0.0039627365768
54,0.27,34,0.0219931639731,0.0130968270823,0.0456524379551,-0.700368523598,-0.202648490667,-0.0802505463362,0.00594410393387
54,0.27,35,0.0388229601085,-6.66000196361e-05,0.0827404111624,-0.609547555447,-0.0646281912923,0.950332403183,0.00594410579652
54,0.27,36,-0.0134199261665,-0.0181569866836,0.0810953378677,0.240382045507,0.654230475426,0.421682029963,0.0148602584377
54,0.27,37,0.0120566030964,-0.0194349791855,0.0798935741186,-0.246971607208,0.700511097908,0.505904257298,0.0128788910806
54,0.27,38,0.000479009409901,-0.0139903994277,0.0992809012532,0.261941432953,0.324229776859,0.324837118387,0.0118882022798
54,0.27,39,0.000145403304487,-0.0419193170965,0.0797600969672,-0.106594502926,1.4035230875,1.43090641499,0.00396273471415
54,0.27,40,-0.0124861812219,-0.0336723700166,0.0969068780541,0.139290899038,0.545564353466,1.15406620502,0.00396273471415
54,0.27,41,0.0142869893461,-0.0347521267831,0.0982852503657,-0.0901866480708,0.36066070199,1.01410293579,0.00495341839269
54,0.27,42,8.49572170409e-05,-0.0127337900922,0.0584415569901,0.0417935959995,0.617085576057,0.104017041624,0.0118882078677
54,0.27,43,-0.0119986794889,-0.03340164572,0.0607514642179,0.396817445755,0.485905438662,0.734242558479,0.00396273564547
54,0.27,44,0.0119775589556,-0.0343780852854,0.059179995209,-0.3705034554,0.831979453564,0.707712054253,0.00495341978967
54,0.27,45,-0.0347135812044,-0.0179513227195,0.0949089750648,0.770090818405,0.230746880174,0.769638955593,0.00396273564547
54,0.27,46,-0.0180418863893,-0.0152528975159,0.114784523845,0.458451151848,-0.0964310616255,0.809150159359,0.0049534169957
54,0.27,47,-0.0328321009874,-0.0203258171678,0.0672191604972,-0.191628575325,0.278552174568,0.923552632332,0.0039627365768
54,0.27,48,-0.0195177793503,-0.0119697814807,0.0455449596047,0.720660567284,-0.00626794667915,-0.281362146139,0.00495341978967
54,0.27,49,0.0345933772624,-0.0185209996998,0.0942369326949,-0.828075706959,0.147169217467,1.13722074032,0.00396273564547
54,0.27,50,0.0185419432819,-0.0136388270184,0.115043699741,-0.702344715595,-0.242095977068,0.987091422081,0.0049534169957
54,0.27,51,0.0317672900856,-0.022211086005,0.06622441113,0.174999028444,0.0819310992956,0.846861839294,0.0039627365768
54,0.27,52,0.0202416684479,-0.0112156001851,0.0459449253976,-0.826963722706,0.0195063091815,-0.255621373653,0.00495341978967
54,0.27,53,0.000981007236987,0.000692259636708,0.125868663192,-0.112771809101,-0.224138021469,0.437288373709,0.00396273471415
54,0.27,54,0.000526006158907,-0.000685047300067,0.040203448385,-0.184774085879,-0.00275058904663,-1.10640633106,0.00396273750812
55,0.275,0,-4.6034969273e-05,-0.000900506216567,0.0779302120209,-0.223214715719,0.246314138174,-0.362829685211,0.00990683957934
55,0.275,1,-0.0283347908407,0.0326289609075,0.0819417536259,0.566455304623,-0.96186876297,0.789429366589,0.00247670989484
55,0.275,2,0.0290992278606,0.0378187596798,0.0821627303958,-0.380063414574,-0.64122480154,0.42636680603,0.00247670989484
55,0.275,3,-0.0280386693776,-0.0335898175836,0.0841019004583,0.490232288837,0.501222610474,1.26292562485,0.00247670989484
55,0.275,4,0.0267568286508,-0.0379628017545,0.0843945741653,-0.393192708492,0.214065849781,1.02261900902,0.00247670989484
55,0.275,5,1.6433721612e-05,-0.0302768219262,0.123571842909,0.408935964108,0.988319158554,1.91498601437,0.00247670919634
55,0.275,6,0.000351618480636,0.0309729725122,0.123307280242,0.590137839317,-1.03288912773,1.37154328823,0.00247670919634
55,0.275,7,-0.000110377332021,-0.0321645140648,0.0364667475224,0.0596724003553,-0.371635973454,-0.0480410568416,0.00247671105899
55,0.275,8,-0.000350674177753,0.028914116323,0.0385345257819,-0.0597811751068,1.15395927429,-0.557321071625,0.00247671105899
55,0.275,9,0.0345478728414,-0.00114393827971,0.0567432194948,0.34782448411,0.173502132297,-0.00614262372255,0.00247670942917
55,0.275,10,0.0359433591366,0.00219810917042,0.115564540029,-0.349525362253,-0.198859572411,0.930556774139,0.00247670849785
55,0.275,11,-0.0342720970511,-0.000852705910802,0.0544396266341,-0.0579858496785,0.039374422282,-0.0527213774621,0.00247670942917
55,0.275,12,-0.0373566523194,0.00159078498837,0.116646178067,0.693570911884,-0.0799764916301,1.15898799896,0.00247670849785
55,0.275,13,-0.012800488621,0.0167900752276,0.0824912041426,0.224751889706,-0.0304487459362,0.289693236351,0.0148602584377
55,0.275,14,0.00043317687232,0.0122967017815,0.102290779352,-0.0935153737664,-0.10224609077,1.07336485386,0.00990683585405
55,0.275,15,0.0123290102929,0.0179627723992,0.0823140218854,0.196259021759,0.0697247236967,0.451510995626,0.0128788910806
55,0.275,16,-0.0119271846488,0.0326879844069,0.102375581861,-0.515200972557,0.073740132153,1.41000890732,0.00396273471415
55,0.275,17,-0.000573389464989,0.0359810590744,0.0809374079108,-0.43565300107,-0.863770246506,1.277515769,0.00396273471415
55,0.275,18,0.0134539743885,0.0338221229613,0.100674904883,0.0377522185445,0.100510142744,1.05073308945,0.00495341839269
55,0.275,19,0.000119834039651,0.0109764086083,0.0594108216465,-0.022454412654,0.322028011084,-0.235822424293,0.00990684051067
55,0.275,20,-0.0121419206262,0.0304596163332,0.0621715411544,-0.0494964532554,-0.419660896063,0.259196907282,0.00396273564547
55,0.275,21,0.0126189636067,0.030303997919,0.0620703287423,-0.0961231589317,-0.491176605225,0.544523715973,0.00495341978967
55,0.275,22,-0.0159128084779,-7.58821915952e-05,0.0987149402499,-0.0808426961303,0.146592363715,1.13484811783,0.0099068377167
55,0.275,23,-0.0313055515289,0.0190940834582,0.0982444360852,0.275684505701,0.0183493196964,0.856894612312,0.00396273564547
55,0.275,24,-0.0156248332933,0.0154860457405,0.119836680591,-0.372588068247,-0.299106925726,0.808659732342,0.00594410020858
55,0.275,25,-0.016109675169,0.00123976368923,0.0694295763969,-0.253111511469,-0.265135914087,0.310854703188,0.00990684051067
55,0.275,26,-0.0339514240623,0.0167885124683,0.0677305981517,0.0963999852538,-0.0914989635348,0.489749997854,0.0039627365768
55,0.275,27,-0.0180373191833,0.0128570524976,0.0440298169851,0.600427210331,0.0918289870024,0.0440959259868,0.00594410393387
55,0.275,28,-0.0379936918616,-0.000726179219782,0.0878250822425,-0.193304464221,0.0945581868291,0.308558523655,0.00594410579652
55,0.275,29,0.0160165857524,-9.08559304662e-05,0.096457913518,0.413173496723,-0.0816103890538,1.32897055149,0.0099068377167
55,0.275,30,0.0316750332713,0.0195362046361,0.0985483080149,-0.616026937962,-0.203781664371,0.908426582813,0.00396273564547
55,0.275,31,0.0159403625876,0.0141968354583,0.120114669204,0.243702322245,0.0611708499491,0.599127650261,0.00594410020858
55,0.275,32,0.0163694340736,0.000711597385816,0.0695706754923,0.203092008829,-0.311367332935,0.398102641106,0.00990684051067
55,0.275,33,0.0328248515725,0.0192586816847,0.0683396756649,-0.227874472737,-0.106476403773,0.669410765171,0.0039627365768
55,0.275,34,0.018587609753,0.0130692357197,0.0443835891783,-0.594482183456,0.0781555697322,-0.353116929531,0.00594410393387
55,0.275,35,0.0371198095381,-0.000210506172152,0.0858462154865,-0.074476711452,0.017209218815,0.373797595501,0.00594410579652
55,0.275,36,-0.0126393632963,-0.0165441781282,0.0822154209018,0.0645305290818,0.0624936148524,0.145563423634,0.0148602584377
55,0.275,37,0.012283870019,-0.017801258713,0.0816465914249,0.311007529497,-0.0202900841832,0.271703839302,0.0128788910806
55,0.275,38,0.0012293230975,-0.0126917753369,0.103276565671,-0.0211326703429,0.127638354897,1.0953732729,0.0118882022798
55,0.275,39,-0.000693342299201,-0.0361137874424,0.0856002420187,-0.19529210031,0.611159622669,0.790595769882,0.00396273471415
55,0.275,40,-0.0131164016202,-0.0327071510255,0.103349111974,-0.260165303946,-0.0663387328386,1.37649357319,0.00396273471415
55,0.275,41,0.0140021471307,-0.0336562991142,0.103560335934,-0.0832795649767,0.117411158979,1.14580774307,0.00495341839269
55,0.275,42,2.76151258731e-05,-0.0109198046848,0.0584192611277,-0.0697938650846,-0.00174489186611,-0.295653313398,0.0118882078677
55,0.275,43,-0.0114243077114,-0.0312690325081,0.0633076131344,-0.167603731155,0.260478556156,0.228183433414,0.00396273564547
55,0.275,44,0.010978076607,-0.0304721686989,0.0624616630375,-0.0153510272503,0.570089161396,0.548638701439,0.00495341978967
55,0.275,45,-0.0313514322042,-0.0183806661516,0.0996411219239,0.468159049749,-0.248104304075,1.08535254002,0.00396273564547
55,0.275,46,-0.0166040845215,-0.0143960732967,0.118781588972,0.0848824083805,0.377780944109,0.834442794323,0.0049534169957
55,0.275,47,-0.0338792018592,-0.0180468820035,0.0711215138435,-0.167700663209,0.624975919724,0.533087611198,0.0039627365768
55,0.275,48,-0.0171151310205,-0.0135337468237,0.0440771393478,0.186953052878,-0.472754478455,-0.150118857622,0.00495341978967
55,0.275,49,0.0299166124314,-0.0181397125125,0.0999009013176,-0.79688423872,0.0188724230975,1.06542062759,0.00396273564547
55,0.275,50,0.016816643998,-0.0144862355664,0.119412191212,0.0840023607016,-0.066360168159,0.850268185139,0.0049534169957
55,0.275,51,0.032759655267,-0.0204694289714,0.0706872269511,0.185082003474,0.578912138939,0.81403952837,0.0039627365768
55,0.275,52,0.0171500425786,-0.0131467608735,0.0440430864692,-0.319439202547,-0.587794601917,-0.32301864028,0.00495341978967
55,0.275,53,-0.000142375007272,-0.000511637947056,0.125791311264,-0.271440505981,-0.192315995693,-0.120948605239,0.00396273471415
55,0.275,54,-0.000230703197303,-0.000558499770705,0.0322503894567,-0.101290032268,0.0951705574989,-1.56583142281,0.00396273750812
56,0.28,0,-0.000505728996359,0.000553102989215,0.0794928073883,0.0901770144701,0.256847202778,0.872227430344,0.00990683957934
56,0.28,1,-0.0269683878869,0.0339955687523,0.085308380425,-0.0300137158483,1.27378666401,0.55956608057,0.00247670989484
56,0.28,2,0.0267692133784,0.0371782705188,0.0839587375522,-0.477685421705,0.461422532797,0.353294759989,0.00247670989484
56,0.28,3,-0.0265697687864,-0.035689227283,0.089091040194,0.0945644974709,-1.06707143784,0.672506690025,0.00247670989484
56,0.28,4,0.0251604747027,-0.0390394628048,0.0884417816997,-0.206186532974,-0.56247895956,0.589246690273,0.00247670989484
56,0.28,5,0.00162863708101,-0.0255912896246,0.133391469717,0.181490257382,0.805194735527,1.87566554546,0.00247670919634
56,0.28,6,0.00294968159869,0.0255730934441,0.130072534084,0.302117109299,-0.998877644539,1.32613360882,0.00247670919634
56,0.28,7,7.98565743025e-05,-0.0315258279443,0.0380149334669,0.0108406227082,0.48989829421,0.544523000717,0.00247671105899
56,0.28,8,-0.00033359992085,0.0328847020864,0.0366629287601,0.0546966940165,0.409804522991,-0.168372288346,0.00247671105899
56,0.28,9,0.0381895788014,-0.000309582945192,0.0561698526144,0.966539621353,0.17742189765,-0.192555457354,0.00247670942917
56,0.28,10,0.0357559062541,0.000656289979815,0.119149982929,0.599602997303,-0.390474677086,0.614601254463,0.00247670849785
56,0.28,11,-0.037107385695,-0.000812919868622,0.0542678162456,-1.05831253529,0.0478720553219,-0.0673287659883,0.00247670942917
56,0.28,12,-0.0346244163811,0.000847963325214,0.120816744864,0.012867023237,-0.249848440289,0.578025341034,0.00247670849785
56,0.28,13,-0.0121005093679,0.0170851070434,0.0841001495719,0.0451660230756,0.132749736309,0.398621350527,0.0148602584377
56,0.28,14,0.000147019483848,0.0129191735759,0.107642434537,-0.0121838813648,0.298921644688,0.958378314972,0.00990683585405
56,0.28,15,0.0137692773715,0.0186550524086,0.0845730602741,0.237390264869,0.0984450131655,0.470499873161,0.0128788910806
56,0.28,16,-0.0140936383978,0.0339314602315,0.109107002616,-0.24702295661,0.19520483911,1.18828892708,0.00396273471415
56,0.28,17,-0.00227290927432,0.0369166508317,0.0864628478885,-0.176611348987,1.03450679779,0.841653823853,0.00396273471415
56,0.28,18,0.0130977742374,0.0344210900366,0.107152678072,-0.203967705369,0.0872557088733,1.44404065609,0.00495341839269
56,0.28,19,0.000277570623439,0.013795630075,0.0566039383411,0.0847712308168,0.560063242912,-0.716195940971,0.00990684051067
56,0.28,20,-0.0131836105138,0.0306395981461,0.0622787959874,-0.311027079821,0.485521733761,-0.0986543670297,0.00396273564547
56,0.28,21,0.0123653011397,0.0304474253207,0.0632082596421,-0.019047819078,0.600273132324,-0.0310333576053,0.00495341978967
56,0.28,22,-0.0182254444808,0.000668042979669,0.1035034284,-0.701595425606,0.0953663662076,0.600928485394,0.0099068377167
56,0.28,23,-0.0314693599939,0.0185774378479,0.102551154792,-0.338277190924,-0.122065149248,0.715560436249,0.00396273564547
56,0.28,24,-0.0192106645554,0.0139381783083,0.124103553593,-0.841169416904,-0.149834945798,0.918696403503,0.00594410020858
56,0.28,25,-0.0201401598752,-0.000777194916736,0.0696203261614,-1.02366685867,-0.40628439188,-0.186046913266,0.00990684051067
56,0.28,26,-0.0336454249918,0.0165326986462,0.0703334361315,0.0832563489676,0.0697678625584,0.528208315372,0.0039627365768
56,0.28,27,-0.0167716965079,0.0130615457892,0.0443955585361,-0.162174791098,-0.0571325533092,0.1278822124,0.00594410393387
56,0.28,28,-0.0394917987287,0.000292096199701,0.0887285619974,-0.395704358816,0.263610810041,0.178527936339,0.00594410579652
56,0.28,29,0.0192419979721,-3.27711786667e-05,0.1029156968,0.650533258915,0.067700445652,1.0328874588,0.0099068377167
56,0.28,30,0.0301644634455,0.0188377872109,0.102497719228,0.250906765461,0.0616148561239,0.615952968597,0.00396273564547
56,0.28,31,0.0188505668193,0.0143660688773,0.123064137995,0.736817777157,0.0057778977789,0.668551206589,0.00594410020858
56,0.28,32,0.0196386408061,-0.000993887893856,0.0697959139943,0.816584169865,-0.285328865051,-0.265007853508,0.00990684051067
56,0.28,33,0.0326761603355,0.0184086859226,0.0713908821344,0.195413485169,-0.173604264855,0.455630809069,0.0039627365768
56,0.28,34,0.01691538468,0.0126478644088,0.0431075543165,-0.0105927949771,-0.273321032524,-0.0813516750932,0.00594410393387
56,0.28,35,0.0382258966565,0.00010349938384,0.0875425338745,0.503991127014,0.0859342887998,0.38996091485,0.00594410579652
56,0.28,36,-0.0125731630251,-0.0169156827033,0.0836297050118,-0.0089349988848,-0.202249974012,0.450207233429,0.0148602584377
56,0.28,37,0.0138265229762,-0.018533134833,0.08359015733,0.164325028658,-0.163205295801,0.561500072479,0.0128788910806
56,0.28,38,0.000519740628079,-0.0130157852545,0.108288042247,-0.182126283646,-0.199527665973,0.811326861382,0.0118882022798
56,0.28,39,-0.00146220659371,-0.03713401407,0.0873583778739,-0.0851605087519,-0.778994977474,0.035962510854,0.00396273471415
56,0.28,40,-0.0135979410261,-0.0329898446798,0.109983421862,0.140627473593,0.0648942887783,1.16811573505,0.00396273471415
56,0.28,41,0.0128028765321,-0.033217869699,0.109625503421,-0.405953764915,0.0667293891311,1.16682195663,0.00495341839269
56,0.28,42,-0.000384616752854,-0.0124477334321,0.0554856397212,-0.0637046769261,-0.43909072876,-0.677505910397,0.0118882078677
56,0.28,43,-0.0132687492296,-0.0317570157349,0.0633026584983,-0.481257200241,-0.416373968124,-0.085598371923,0.00396273564547
56,0.28,44,0.011635767296,-0.030547529459,0.0640977323055,0.235312268138,-0.624353051186,0.116060368717,0.00495341978967
56,0.28,45,-0.0306979659945,-0.0190786216408,0.104464031756,-0.181784391403,-0.0165390633047,0.686867117882,0.00396273564547
56,0.28,46,-0.0174285471439,-0.0129301995039,0.123837575316,-0.36446082592,0.0706104189157,1.21481728554,0.0049534169957
56,0.28,47,-0.0344056896865,-0.0157349016517,0.0723754391074,-0.0629764944315,0.0602686144412,0.0588997118175,0.0039627365768
56,0.28,48,-0.0180493928492,-0.0153106097132,0.0445945188403,-0.5505464077,-0.175032421947,0.307228118181,0.00495341978967
56,0.28,49,0.0296243466437,-0.0189562570304,0.104000844061,0.763716816902,-0.411272823811,0.504437208176,0.00396273564547
56,0.28,50,0.01854897663,-0.0141936568543,0.124446131289,0.423041403294,0.172555401921,1.16223561764,0.0049534169957
56,0.28,51,0.0342195779085,-0.017919221893,0.0733065083623,0.44102615118,0.243783980608,0.217035666108,0.0039627365768
56,0.28,52,0.017506795004,-0.0150372469798,0.0437257513404,0.43807336688,-0.0784367993474,0.20041821897,0.00495341978967
56,0.28,53,-0.000724552839529,-0.000558371539228,0.128081053495,0.0897319018841,0.195383071899,1.10963392258,0.00396273471415
56,0.28,54,-0.000470165803563,0.000304957764456,0.0281046237797,-0.0149498237297,0.216690555215,0.0047163059935,0.00396273750812
57,0.285,0,0.000601506209932,0.00107179384213,0.0849556401372,0.273717075586,-0.0640063732862,1.13145053387,0.00990683957934
57,0.285,1,-0.0271003954113,0.0409527868032,0.0878665298223,0.141251757741,1.14323890209,0.493929356337,0.00247670989484
57,0.285,2,0.0242016445845,0.0408343970776,0.086243391037,-0.598131000996,0.697370707989,0.579464018345,0.00247670989484
57,0.285,3,-0.0260307118297,-0.0407490171492,0.090953156352,0.220354706049,-0.708745598793,0.138462379575,0.00247670989484
57,0.285,4,0.0241484660655,-0.041532151401,0.0903907492757,-0.268217474222,-0.232836708426,0.219689831138,0.00247670989484
57,0.285,5,0.00162227218971,-0.0223513450474,0.140740782022,-0.156741276383,0.516562342644,0.951438009739,0.00247670919634
57,0.285,6,0.00261058751494,0.0220910869539,0.136366486549,-0.401019871235,-0.326752156019,1.15002584457,0.00247670919634
57,0.285,7,-3.97061849071e-05,-0.029179720208,0.0400296896696,-0.0601657666266,0.301441818476,0.112441696227,0.00247671105899
57,0.285,8,-2.31023259403e-05,0.0330461747944,0.0367129333317,0.0469148606062,-0.318256139755,0.170893833041,0.00247671105899
57,0.285,9,0.0433672592044,0.000635585689452,0.0553791075945,0.993406891823,0.176494494081,-0.0279076974839,0.00247670942917
57,0.285,10,0.0422111302614,-0.00140395772178,0.121537573636,1.57573056221,-0.390780746937,0.201344013214,0.00247670849785
57,0.285,11,-0.0441855750978,-1.17393128676e-05,0.0540798902512,-1.51584208012,0.24426548183,0.14290125668,0.00247670942917
57,0.285,12,-0.0392300821841,-0.00103025860153,0.12271913141,-1.56268572807,-0.432042598724,0.118061818182,0.00247670849785
57,0.285,13,-0.0123141324148,0.0186722874641,0.086306296289,-0.0971213281155,0.501205384731,0.436004251242,0.0148602584377
57,0.285,14,0.000102617566881,0.0142307728529,0.111650362611,-0.023481303826,0.113521784544,0.681307375431,0.00990683585405
57,0.285,15,0.0139287142083,0.0191218014807,0.0868757292628,-0.139808028936,0.166332840919,0.427161753178,0.0128788910806
57,0.285,16,-0.0141410846263,0.0332515947521,0.113082043827,0.168911710382,-0.433139026165,0.358756840229,0.00396273471415
57,0.285,17,-0.00203120918013,0.0420429706573,0.0893031731248,0.238531410694,0.656390964985,0.334857553244,0.00396273471415
57,0.285,18,0.0116185173392,0.034458398819,0.113403297961,-0.312278091908,-0.0959573015571,0.905395746231,0.00495341839269
57,0.285,19,0.000591475982219,0.0149417212233,0.0544258914888,-0.00134720141068,-0.116598181427,0.0258429590613,0.00990684051067
57,0.285,20,-0.0144352111965,0.0336080417037,0.062677308917,-0.0988829508424,0.486859798431,0.34654930234,0.00396273564547
57,0.285,21,0.0122564462945,0.0347076207399,0.062888123095,-0.0525351725519,0.805191099644,0.0187328737229,0.00495341978967
57,0.285,22,-0.0213101580739,0.000600837229285,0.104306198657,-0.439891576767,-0.0951113849878,-0.144877851009,0.0099068377167
57,0.285,23,-0.0340013317764,0.0192495919764,0.104294657707,-0.525122880936,0.403796821833,-0.00397350359708,0.00396273564547
57,0.285,24,-0.0222019646317,0.0144121069461,0.128592550755,-0.316954672337,0.195865675807,0.756695747375,0.00594410020858
57,0.285,25,-0.023502310738,-0.00178481335752,0.0684406459332,-0.23685990274,0.0278162192553,-0.169537872076,0.00990684051067
57,0.285,26,-0.0325914509594,0.0182269755751,0.0729889124632,0.319631099701,0.56922519207,0.527879536152,0.0039627365768
57,0.285,27,-0.0196563154459,0.0124887898564,0.0456440262496,-0.88426232338,-0.12096786499,0.394068598747,0.00594410393387
57,0.285,28,-0.042009677738,0.00115725479554,0.0898149162531,-0.552409410477,0.0159739460796,0.179635286331,0.00594410579652
57,0.285,29,0.0215889532119,4.98073059134e-05,0.105716995895,0.339366286993,-0.0501605011523,0.146487370133,0.0099068377167
57,0.285,30,0.0343261286616,0.0206895582378,0.104096114635,1.08284211159,0.540275514126,0.0143746724352,0.00396273564547
57,0.285,31,0.0220312960446,0.0142072625458,0.126922160387,0.512791752815,-0.0777114629745,0.774329483509,0.00594410020858
57,0.285,32,0.0224437247962,-0.00166743504815,0.0680778622627,0.250635117292,0.0126698482782,-0.251878142357,0.00990684051067
57,0.285,33,0.0339520834386,0.0181739535183,0.0727408379316,0.149636939168,0.07703602314,0.158246099949,0.0039627365768
57,0.285,34,0.0189450718462,0.0112007381395,0.0440589562058,0.777706861496,-0.165715262294,0.462918072939,0.00594410393387
57,0.285,35,0.0415587462485,0.000233717742958,0.0898030772805,0.697274446487,-0.067793995142,0.441443860531,0.00594410579652
57,0.285,36,-0.0126369642094,-0.0187724959105,0.0863411352038,-0.0151425674558,-0.509131669998,0.551215410233,0.0148602584377
57,0.285,37,0.0136939687654,-0.019419297576,0.0871315672994,-0.141533985734,-0.240706965327,0.77245682478,0.0128788910806
57,0.285,38,-0.00014689406089,-0.0135952001438,0.11167550087,-0.0813541188836,0.0737261399627,0.634064435959,0.0118882022798
57,0.285,39,-0.00140737148467,-0.0408331416547,0.0872006490827,0.0988067686558,-0.499378144741,-0.00354705518112,0.00396273471415
57,0.285,40,-0.0121159413829,-0.0318749919534,0.11399653554,0.316409289837,0.292136162519,0.420753419399,0.00396273471415
57,0.285,41,0.0106442607939,-0.0328464694321,0.11388207972,-0.330717116594,0.109760940075,0.466773539782,0.00495341839269
57,0.285,42,-0.000477747933473,-0.0139141613618,0.0540920719504,0.0197220016271,-0.0946501865983,0.300555408001,0.0118882078677
57,0.285,43,-0.0152788003907,-0.0341098979115,0.0639561340213,-0.232261747122,-0.368721067905,0.415897041559,0.00396273564547
57,0.285,44,0.0129028335214,-0.0348377972841,0.0642958208919,0.21870778501,-0.779241800308,0.0540061146021,0.00495341978967
57,0.285,45,-0.0323338061571,-0.0191312097013,0.105448648334,-0.347342133522,-0.0567352510989,-0.264808624983,0.00396273564547
57,0.285,46,-0.0194892212749,-0.0135182971135,0.1300111413,-0.403413832188,-0.12500500679,1.05354070663,0.0049534169957
57,0.285,47,-0.0346065200865,-0.0185874979943,0.0728887990117,0.00301555078477,-1.0376085043,0.244293242693,0.0039627365768
57,0.285,48,-0.0222021080554,-0.0153337707743,0.0464932993054,-0.98783069849,0.121232002974,0.40329682827,0.00495341978967
57,0.285,49,0.0350264720619,-0.0216448232532,0.104562915862,0.974418580532,-0.477388858795,-0.229502439499,0.00396273564547
57,0.285,50,0.0203973911703,-0.0129605429247,0.129759147763,0.343861699104,0.293265104294,0.774431586266,0.0049534169957
57,0.285,51,0.0361873880029,-0.0187805760652,0.0735235065222,0.16398742795,-0.471134245396,0.00536046270281,0.0039627365768
57,0.285,52,0.0211566798389,-0.0144512336701,0.0457916893065,0.92129945755,0.164535999298,0.565375685692,0.00495341978967
57,0.285,53,0.000410770095186,0.0009383399738,0.134676218033,0.27380028367,0.296171039343,1.1887948513,0.00396273471415
57,0.285,54,-0.00065983744571,0.00115948158782,0.0317390337586,-0.0783538147807,0.0806776583195,1.22375607491,0.00396273750812
58,0.29,0,0.00149106560275,0.000109423075628,0.0894747450948,0.039597094059,-0.262943595648,0.616003990173,0.00990683957934
58,0.29,1,-0.0251082312316,0.0439754612744,0.0903040841222,0.569239616394,0.146109580994,0.47092461586,0.00247670989484
58,0.29,2,0.0211308710277,0.0423100478947,0.0896325409412,-0.485320836306,-0.0772392973304,0.727663934231,0.00247670989484
58,0.29,3,-0.0243824962527,-0.0422807000577,0.0911208614707,0.346506118774,-0.0553016252816,0.00930421985686,0.00247670989484
58,0.29,4,0.0226891543716,-0.0410111173987,0.0908569321036,-0.20062071085,0.261247813702,0.00266863498837,0.00247670989484
58,0.29,5,0.000483027484734,-0.0204985849559,0.142169430852,-0.246717810631,0.193507060409,-0.344580769539,0.00247670919634
58,0.29,6,-0.000243832037086,0.0226419661194,0.140734627843,-0.626468777657,0.479668438435,0.496681720018,0.00247670919634
58,0.29,7,-0.000533909827936,-0.0280314553529,0.039985999465,-0.130232319236,0.336642354727,0.160724505782,0.00247671105899
58,0.29,8,-2.20748424908e-05,0.0295930225402,0.0388641022146,-0.0526412799954,-1.04808330536,0.762168645859,0.00247671105899
58,0.29,9,0.0467863976955,0.00109404465184,0.0570323802531,0.283834129572,-0.020025331527,0.754495918751,0.00247670942917
58,0.29,10,0.0474942028522,-0.00271964655258,0.119879640639,0.350972652435,-0.0935527607799,-0.855572581291,0.00247670849785
58,0.29,11,-0.0490986816585,0.001102218288,0.057398263365,-0.246738508344,0.15314668417,1.23990750313,0.00247670942917
58,0.29,12,-0.0457757413387,-0.00252357288264,0.120768129826,-0.72275519371,-0.10499343276,-0.937327265739,0.00247670849785
58,0.29,13,-0.0125791551545,0.0212767887861,0.0881026610732,0.0371141843498,0.40367770195,0.274496972561,0.0148602584377
58,0.29,14,-1.87951955013e-05,0.0134404096752,0.114646300673,-0.000712247565389,-0.395019382238,0.511339902878,0.00990683585405
58,0.29,15,0.0128449527547,0.0205852352083,0.0886399000883,-0.26307964325,0.35217243433,0.272708445787,0.0128788910806
58,0.29,16,-0.0132317626849,0.0310698468238,0.113034032285,0.118684776127,-0.25021469593,-0.239106461406,0.00396273471415
58,0.29,17,-0.000479582027765,0.0423902496696,0.0900973156095,0.299765080214,-0.356951624155,0.0354505740106,0.00396273471415
58,0.29,18,0.0108673684299,0.0331091731787,0.115404784679,0.0666165873408,-0.455828219652,-0.0546403639019,0.00495341839269
58,0.29,19,0.000169573642779,0.0132616348565,0.0580016300082,-0.141024231911,-0.436447560787,1.36662483215,0.00990684051067
58,0.29,20,-0.013712991029,0.0344450846314,0.0656878501177,0.340200126171,-0.118578642607,0.742645680904,0.00396273564547
58,0.29,21,0.0117399338633,0.0362367965281,0.0640132278204,-0.120420925319,-0.262625992298,0.418683856726,0.00495341978967
58,0.29,22,-0.0225474070758,0.000166918645846,0.103496059775,-0.0978927835822,-0.0409209616482,-0.0852838009596,0.0099068377167
58,0.29,23,-0.0353934466839,0.0216005556285,0.103167556226,0.0147774508223,0.387187182903,-0.347380638123,0.00396273564547
58,0.29,24,-0.0227611623704,0.0140991350636,0.13029615581,0.0145551813766,-0.416396409273,-0.141929239035,0.00594410020858
58,0.29,25,-0.0230252761394,-0.00081836967729,0.0691374018788,0.29183486104,0.283966124058,0.524056732655,0.00990684051067
58,0.29,26,-0.0315316431224,0.0212652590126,0.0754472315311,-0.0393924042583,0.545455574989,0.43891748786,0.0039627365768
58,0.29,27,-0.0242288485169,0.0121457986534,0.0484255738556,-0.788863897324,-0.0126155754551,0.692998409271,0.00594410393387
58,0.29,28,-0.0438751988113,0.000290890136966,0.0895188376307,-0.0963484048843,-0.309422791004,-0.344024181366,0.00594410579652
58,0.29,29,0.0232232678682,-0.000275610334938,0.105323426425,0.3268455863,-0.0357493273914,-0.198773279786,0.0099068377167
58,0.29,30,0.0375686064363,0.0223581697792,0.102927692235,0.0439912229776,0.0129240890965,-0.395894378424,0.00396273564547
58,0.29,31,0.0239726938307,0.0134699027985,0.129385203123,0.264243423939,-0.218110173941,0.109143026173,0.00594410020858
58,0.29,32,0.0225068889558,-0.00107646698598,0.068848580122,-0.130922988057,0.183836862445,0.63303565979,0.00990684051067
58,0.29,33,0.0332642383873,0.0188016686589,0.0738517940044,-0.36065325141,0.150351777673,0.34931692481,0.0039627365768
58,0.29,34,0.0234608240426,0.0117822578177,0.0475888624787,0.833058357239,0.358055442572,0.889109492302,0.00594410393387
58,0.29,35,0.0439268946648,-0.000578247301746,0.090915068984,0.182252079248,-0.216033771634,-0.0786819085479,0.00594410579652
58,0.29,36,-0.0125875230879,-0.0211368817836,0.088474676013,0.0572335757315,-0.324465721846,0.288006156683,0.0148602584377
58,0.29,37,0.0129419127479,-0.0209624823183,0.090359993279,-0.151935175061,-0.302218228579,0.445497125387,0.0128788910806
58,0.29,38,-0.000370532099623,-0.0118573261425,0.114965490997,-0.0182982310653,0.557146072388,0.639721393585,0.0118882022798
58,0.29,39,-0.000626947323326,-0.0418344847858,0.087914429605,0.188100785017,-0.0185283552855,0.30628412962,0.00396273471415
58,0.29,40,-0.0116185462102,-0.0311932358891,0.11455334723,-0.1424947083,-0.0621272660792,-0.108753554523,0.00396273471415
58,0.29,41,0.0104818930849,-0.031845882535,0.114331744611,0.264194905758,0.294515222311,-0.171660870314,0.00495341839269
58,0.29,42,-0.000265836599283,-0.0137006528676,0.0591256693006,0.0590596087277,0.0939253866673,1.57695770264,0.0118882078677
58,0.29,43,-0.0149149261415,-0.0345387123525,0.0670195296407,0.37229847908,0.186256721616,0.655779659748,0.00396273564547
58,0.29,44,0.0134028736502,-0.0361068062484,0.0650980100036,-0.0258675534278,0.321605443954,0.262159377337,0.00495341978967
58,0.29,45,-0.0334286279976,-0.019765553996,0.10283947736,-0.0885680019855,-0.180833443999,-0.604999542236,0.00396273564547
58,0.29,46,-0.0212805774063,-0.0124698942527,0.132389351726,-0.313894897699,0.587063610554,-0.184590891004,0.0049534169957
58,0.29,47,-0.0342545732856,-0.0234408006072,0.0751237124205,0.0976537317038,-0.66776072979,0.595150649548,0.0039627365768
58,0.29,48,-0.0262790042907,-0.014337265864,0.0487785898149,-0.486011326313,0.258324980736,0.570352017879,0.00495341978967
58,0.29,49,0.0368626378477,-0.0223135575652,0.102621108294,-0.240077987313,0.210513859987,-0.409257262945,0.00396273564547
58,0.29,50,0.0221453849226,-0.0114068984985,0.130709499121,0.346940815449,0.3145442307,-0.406447887421,0.0049534169957
58,0.29,51,0.0349050164223,-0.0210711061954,0.0744244754314,-0.592806518078,-0.324793756008,0.388400673866,0.0039627365768
58,0.29,52,0.0251374840736,-0.0143592404202,0.0489875674248,0.486518621445,-0.118719413877,0.702631473541,0.00495341978967
58,0.29,53,0.00132817099802,0.00175589381251,0.13798828423,0.0669744610786,0.0479671657085,0.151323720813,0.00396273471415
58,0.29,54,-0.00115625164472,0.000704566482455,0.0387035608292,-0.0854076072574,-0.274042636156,1.50372850895,0.00396273750812
59,0.295,0,0.000920046237297,-0.000943714054301,0.0911817774177,-0.232565492392,-0.107303723693,0.170370310545,0.00990683957934
59,0.295,1,-0.0226405784488,0.0438969135284,0.0922963693738,0.310970932245,-0.0373218543828,0.282921940088,0.00247670989484
59,0.295,2,0.0212029013783,0.0417004190385,0.0928253754973,0.582766294479,0.0121355326846,0.47685906291,0.00247670989484
59,0.295,3,-0.0234517920762,-0.0430063903332,0.0915204286575,0.00940747093409,-0.299841672182,0.128645986319,0.00247670989484
59,0.295,4,0.0234235115349,-0.041240349412,0.0906959846616,0.500737011433,-0.432879596949,-0.0494019761682,0.00247670989484
59,0.295,5,-0.000515280116815,-0.0209202747792,0.137927874923,-0.145267859101,-0.374377667904,-1.20066356659,0.00247670919634
59,0.295,6,-0.00280928844586,0.0257540103048,0.140112221241,-0.353109389544,0.620444893837,-0.779573738575,0.00247670919634
59,0.295,7,-0.00123643712141,-0.0249119345099,0.0437166541815,-0.140469789505,0.840109586716,1.30333817005,0.00247671105899
59,0.295,8,-0.000575966667384,0.0229781530797,0.0448181480169,-0.162013143301,-1.48031878471,1.54927611351,0.00247671105899
59,0.295,9,0.045821107924,0.000284912763163,0.0629634335637,-0.598470985889,-0.287517905235,1.48109972477,0.00247670942917
59,0.295,10,0.0461140424013,-0.00207408191636,0.11405813694,-0.593874037266,0.333837628365,-1.25601744652,0.00247670849785
59,0.295,11,-0.0462679937482,0.00121620087884,0.0658505782485,1.15351879597,-0.111323170364,1.87590539455,0.00247670942917
59,0.295,12,-0.0455185174942,-0.00183291861322,0.113800525665,0.59997266531,0.354766070843,-1.66912949085,0.00247670849785
59,0.295,13,-0.0119129614905,0.0216357130557,0.0892625376582,0.163895383477,-0.242315664887,0.244936540723,0.0148602584377
59,0.295,14,0.000250094744842,0.0113171990961,0.116278782487,0.0973002016544,-0.309280008078,0.0816197693348,0.00990683585405
59,0.295,15,0.0113887563348,0.0213604774326,0.0896889343858,-0.298847943544,-0.153463050723,0.178829595447,0.0128788910806
59,0.295,16,-0.013053253293,0.0314401164651,0.112052768469,0.0155877396464,0.279997855425,-0.0730668380857,0.00396273471415
59,0.295,17,0.000373254792066,0.0409123934805,0.0902370512486,0.0524742826819,-0.0411012619734,0.0704819411039,0.00396273471415
59,0.295,18,0.012185649015,0.0302570872009,0.113973550498,0.365616559982,-0.554172456264,-0.350375801325,0.00495341839269
59,0.295,19,-0.000512370781507,0.0113927349448,0.066965892911,-0.105833470821,-0.288643270731,1.99528050423,0.00990684051067
59,0.295,20,-0.0120929703116,0.0332976058125,0.0686922892928,0.188845962286,-0.245966300368,0.359343796968,0.00396273564547
59,0.295,21,0.0117223197594,0.0327099226415,0.0666119977832,0.164863854647,-0.907534360886,0.553823471069,0.00495341978967
59,0.295,22,-0.0224996674806,0.000305951776681,0.103458195925,0.115056432784,0.0732574611902,-0.0193583536893,0.0099068377167
59,0.295,23,-0.034016314894,0.0220404434949,0.101486168802,0.448631972075,-0.221477001905,-0.294869482517,0.00396273564547
59,0.295,24,-0.0226272586733,0.0108114015311,0.127121001482,0.00670712953433,-0.656214773655,-1.00738203526,0.00594410020858
59,0.295,25,-0.0215624086559,0.00041497926577,0.0738809332252,0.253415554762,0.166123971343,1.27030849457,0.00990684051067
59,0.295,26,-0.0335738286376,0.0231728330255,0.0772564560175,-0.662412106991,0.233273565769,0.285813122988,0.0039627365768
59,0.295,27,-0.02631091699,0.012328051962,0.0524142608047,-0.00970839429647,0.0782274082303,0.904891908169,0.00594410393387
59,0.295,28,-0.0426669344306,-0.00118137232494,0.0867933258414,0.487537324429,-0.198503002524,-0.573217391968,0.00594410579652
59,0.295,29,0.0242569409311,5.29536846443e-05,0.104166194797,-0.0146977594122,0.171440124512,-0.27645277977,0.0099068377167
59,0.295,30,0.0349099747837,0.0208785440773,0.101028807461,-0.87839448452,-0.459192097187,-0.289879918098,0.00396273564547
59,0.295,31,0.0246454607695,0.0121658043936,0.127598971128,0.0227298997343,-0.26513504982,-0.74004894495,0.00594410020858
59,0.295,32,0.0217400975525,-0.000175403853063,0.074327737093,-0.1578515172,0.152631416917,1.40979933739,0.00990684051067
59,0.295,33,0.0320006459951,0.0201300811023,0.0763893574476,0.0262191072106,0.465180784464,0.61419481039,0.0039627365768
59,0.295,34,0.025513894856,0.0136321885511,0.0524694174528,-0.0821701735258,0.22681632638,1.04244577885,0.00594410393387
59,0.295,35,0.0433311611414,-0.00139296858106,0.0886694416404,-0.327608704567,-0.0645237192512,-0.734230101109,0.00594410579652
59,0.295,36,-0.0120020238683,-0.0213532075286,0.0896508693695,0.143664434552,0.191572695971,0.273531883955,0.0148602584377
59,0.295,37,0.0119103593752,-0.0213301740587,0.0912822410464,-0.271447062492,0.213237479329,-0.0188659280539,0.0128788910806
59,0.295,38,-0.000312875781674,-0.00921477377415,0.117038547993,0.0541867539287,0.364041060209,0.0834167227149,0.0118882022798
59,0.295,39,0.000309019727865,-0.0420762486756,0.0901667922735,0.184876799583,-0.100736193359,0.54658472538,0.00396273471415
59,0.295,40,-0.0129242837429,-0.031744517386,0.113405756652,-0.269426316023,-0.0185758154839,-0.326790928841,0.00396273471415
59,0.295,41,0.0125254653394,-0.0303076226264,0.113532945514,0.431881308556,0.241834208369,-0.0468513444066,0.00495341839269
59,0.295,42,7.01486496837e-05,-0.0134073188528,0.0680181607604,0.0645130574703,0.0471113100648,1.77015864849,0.0118882078677
59,0.295,43,-0.0122588640079,-0.032960716635,0.06902667135,0.542246699333,0.324488729239,0.091855943203,0.00396273564547
59,0.295,44,0.0128735657781,-0.0326265506446,0.0668182969093,-0.128277048469,0.781954586506,0.419775366783,0.00495341978967
59,0.295,45,-0.03344354406,-0.0207517948002,0.100843288004,0.0502585321665,-0.19959269464,-0.130784928799,0.00396273564547
59,0.295,46,-0.0227060467005,-0.00876771379262,0.128348961473,-0.277202427387,0.620816469193,-1.23806715012,0.0049534169957
59,0.295,47,-0.0340844206512,-0.0242606904358,0.0778705626726,-0.0256360471249,0.248324632645,0.390966773033,0.0039627365768
59,0.295,48,-0.0261280983686,-0.0129199484363,0.0528891794384,0.504686951637,0.283361405134,1.09770798683,0.00495341978967
59,0.295,49,0.0340397842228,-0.020708842203,0.101640477777,-0.643911480904,0.237783178687,0.0509781576693,0.00396273564547
59,0.295,50,0.0236495099962,-0.010124287568,0.126476317644,0.229868456721,0.147871553898,-1.08058536053,0.0049534169957
59,0.295,51,0.0321144275367,-0.0218513887376,0.0770523622632,-0.322107285261,-0.0857151374221,0.557932257652,0.0039627365768
59,0.295,52,0.0247230418026,-0.0146569302306,0.0530565977097,-0.618846058846,0.137363001704,0.948119103909,0.00495341978967
59,0.295,53,0.00117904343642,0.00197665533051,0.137658208609,-0.085205167532,0.0839414149523,-0.047510098666,0.00396273471415
59,0.295,54,-0.00112471776083,-0.0013501374051,0.0470862872899,0.120326675475,-0.465066462755,1.8469568491,0.00396273750812
60,0.3,0,-0.000432487344369,-0.000707607192453,0.0926621556282,-0.266617655754,0.173495396972,0.56200492382,0.00990683957934
60,0.3,1,-0.0224882680923,0.0437560379505,0.0926331058145,-0.21098357439,-0.0747136250138,-0.156069889665,0.00247670989484
60,0.3,2,0.0258107800037,0.0424511134624,0.0939168408513,0.982961952686,0.157871052623,-0.0285059995949,0.00247670989484
60,0.3,3,-0.0237943772227,-0.0444592125714,0.091724447906,-0.067834533751,-0.149641007185,-0.106447450817,0.00247670989484
60,0.3,4,0.026310974732,-0.0439082942903,0.090528845787,0.455260813236,-0.400428146124,0.0100014517084,0.00247670989484
60,0.3,5,-0.00102472887374,-0.0238960981369,0.131930440664,-0.0725490748882,-0.70383566618,-0.997238278389,0.00247670919634
60,0.3,6,-0.00343108456582,0.027858922258,0.133578315377,0.111033894122,0.200310051441,-1.57440674305,0.00247670919634
60,0.3,7,-0.00181185570545,-0.0213120169938,0.051083356142,-0.058153744787,0.398900032043,1.34493041039,0.00247671105899
60,0.3,8,-0.00149218912702,0.0164508335292,0.0527267828584,-0.16561819613,-0.925153672695,1.36828875542,0.00247671105899
60,0.3,9,0.0418806001544,-0.00140787777491,0.0691056102514,-0.846504330635,-0.320833772421,0.612782001495,0.00247670942917
60,0.3,10,0.0449445582926,0.000271392025752,0.109199211001,0.243438914418,0.536739468575,-0.623241126537,0.00247670849785
60,0.3,11,-0.0410003699362,4.68326215923e-05,0.0713699534535,0.654082000256,-0.309213757515,-0.112432532012,0.00247670942917
60,0.3,12,-0.0435932762921,0.000630679365713,0.10645480454,-0.15775474906,0.558556437492,-1.01446270943,0.00247670849785
60,0.3,13,-0.0117881922051,0.0202506445348,0.0911147817969,-0.155794084072,-0.109021052718,0.504447937012,0.0148602584377
60,0.3,14,0.000673230504617,0.0112343486398,0.115061655641,0.0391042977571,0.244462564588,-0.514213085175,0.00990683585405
60,0.3,15,0.0104899033904,0.0192654822022,0.0909143835306,0.0177231319249,-0.469660311937,0.362529307604,0.0128788910806
60,0.3,16,-0.0125367455184,0.0325437895954,0.112240195274,0.178538754582,0.135659486055,0.0727702602744,0.00396273471415
60,0.3,17,0.000732740736566,0.0418539345264,0.0909221842885,0.162421867251,0.231455743313,0.17859993875,0.00396273471415
60,0.3,18,0.0136681580916,0.0294213797897,0.112903185189,0.205433830619,0.3367151618,-0.0938868522644,0.00495341839269
60,0.3,19,-0.000791021215264,0.0103094475344,0.0754729434848,-0.0197427291423,-0.135120764375,1.19850194454,0.00990684051067
60,0.3,20,-0.0122510492802,0.0322672910988,0.0692784041166,-0.185932859778,-0.174035429955,-0.012802682817,0.00396273564547
60,0.3,21,0.0131353242323,0.0298936106265,0.0691710263491,0.290207803249,-0.057289544493,0.471149653196,0.00495341978967
60,0.3,22,-0.0211571995169,0.000413974776166,0.102313026786,0.408701241016,-0.0823085233569,-0.420688211918,0.0099068377167
60,0.3,23,-0.0321635939181,0.0203448571265,0.100326307118,0.133233204484,-0.255759328604,-0.15113016963,0.00396273564547
60,0.3,24,-0.0227217134088,0.0102539267391,0.122118718922,-0.0305365920067,0.489000231028,-0.773107230663,0.00594410020858
60,0.3,25,-0.0202305931598,0.000678973563481,0.0801128298044,0.303071886301,-0.039727345109,1.03087437153,0.00990684051067
60,0.3,26,-0.0363541059196,0.024054531008,0.0783288478851,-0.298320502043,0.15338537097,0.143529772758,0.0039627365768
60,0.3,27,-0.0245480127633,0.0128799322993,0.0576977208257,0.607554793358,0.127350479364,1.19697403908,0.00594410393387
60,0.3,28,-0.0407880954444,-0.00115991930943,0.0864490270615,0.0590381994843,0.184653103352,0.586636662483,0.00594410579652
60,0.3,29,0.022378705442,0.000949210661929,0.102311559021,-0.655171692371,0.086457118392,-0.424973011017,0.0099068377167
60,0.3,30,0.0315587259829,0.019508888945,0.100304789841,-0.23833823204,0.0183861777186,-0.022717308253,0.00396273564547
60,0.3,31,0.024350758642,0.0113301761448,0.123544409871,-0.126744493842,-0.027633972466,-0.681868731976,0.00594410020858
60,0.3,32,0.0207314901054,0.000366496649804,0.0807132348418,-0.267598539591,0.0674846619368,0.893219947815,0.00990684051067
60,0.3,33,0.033773612231,0.0236822478473,0.0790486931801,0.531136333942,0.831040859222,0.33890414238,0.0039627365768
60,0.3,34,0.0230612494051,0.013034068048,0.0582100488245,-0.719962835312,-0.425580978394,1.25919544697,0.00594410393387
60,0.3,35,0.0422285869718,-0.00102874811273,0.0857370272279,0.0738522559404,0.190403789282,-0.129455387592,0.00594410579652
60,0.3,36,-0.0117411753163,-0.0204701367766,0.0919056087732,-0.0849933624268,0.0158076081425,0.610647499561,0.0148602584377
60,0.3,37,0.0108772339299,-0.0194912739098,0.0913461744785,-0.0247312206775,0.328046649694,0.176504909992,0.0128788910806
60,0.3,38,0.000299174396787,-0.00909711606801,0.115392081439,0.171168208122,-0.302004486322,-0.629680216312,0.0118882022798
60,0.3,39,0.00130613276269,-0.0422014333308,0.0928303599358,0.216081798077,0.115470603108,0.466290354729,0.00396273471415
60,0.3,40,-0.0136057268828,-0.0308672487736,0.111566521227,0.00103644840419,0.254323035479,-0.326512634754,0.00396273471415
60,0.3,41,0.0140156093985,-0.0300961099565,0.113761253655,0.155868530273,-0.186748355627,0.0369092077017,0.00495341839269
60,0.3,42,0.000130293468828,-0.0126923527569,0.0752398148179,-0.0673599913716,0.240790903568,1.05454933643,0.0118882078677
60,0.3,43,-0.0109002785757,-0.0322636850178,0.0686193108559,-0.0516717247665,-0.0793036147952,-0.0738237649202,0.00396273564547
60,0.3,44,0.0126525238156,-0.0312984324992,0.0693380758166,0.0514251329005,-0.353702396154,0.578449249268,0.00495341978967
60,0.3,45,-0.0333851799369,-0.0218076519668,0.101393193007,-0.112349808216,-0.238890975714,0.260804623365,0.00396273564547
60,0.3,46,-0.0241903029382,-0.00896250363439,0.122385725379,-0.29035153985,-0.69857519865,-0.953895032406,0.0049534169957
60,0.3,47,-0.0339175835252,-0.0227533597499,0.0782841220498,0.160997495055,0.176309525967,-0.181364074349,0.0039627365768
60,0.3,48,-0.0223036836833,-0.0118452971801,0.0593702793121,0.851369082928,0.11650827527,1.3583470583,0.00495341978967
60,0.3,49,0.0321413576603,-0.0209708232433,0.102426581085,-0.057529527694,-0.278271824121,0.119787201285,0.00396273564547
60,0.3,50,0.0242187418044,-0.0104140788317,0.122076265514,0.00230508949608,-0.248459875584,-0.527534902096,0.0049534169957
60,0.3,51,0.0322733782232,-0.02296295017,0.0788549780846,0.256404846907,-0.370693266392,0.0905935019255,0.0039627365768
60,0.3,52,0.0205295905471,-0.0123141529039,0.0584520623088,-0.798024475574,0.68631196022,1.14429724216,0.00495341978967
60,0.3,53,0.000680156750605,0.00239356351085,0.138287886977,-0.121320471168,0.021407622844,0.108489044011,0.00396273471415
60,0.3,54,-4.99474981552e-06,-0.00275461468846,0.0559412203729,0.263342291117,0.0100150089711,1.45148599148,0.00396273750812
61,0.305,0,-0.00128969014622,0.000243832793785,0.0966904684901,-0.0334685593843,0.157436549664,0.789003789425,0.00990683957934
61,0.305,1,-0.0241868421435,0.0432180762291,0.0910077616572,-0.415967494249,-0.0376382097602,-0.431232511997,0.00247670989484
61,0.305,2,0.0288574788719,0.042632214725,0.0928330346942,0.185950890183,-0.0386844500899,-0.349872350693,0.00247670989484
61,0.305,3,-0.0238447487354,-0.0441339462996,0.0903478488326,0.0050329817459,0.176640078425,-0.378602057695,0.00247670989484
61,0.305,4,0.0269954912364,-0.0441131740808,0.0910945236683,-0.119528673589,0.245156303048,0.225150883198,0.00247670989484
61,0.305,5,-0.00132939580362,-0.0267500840127,0.129662454128,-0.0429625809193,-0.360264420509,0.129233539104,0.00247670919634
61,0.305,6,-0.00164076534566,0.0280333124101,0.128132075071,0.577234148979,-0.0615161955357,-0.292200237513,0.00247670919634
61,0.305,7,-0.00115648494102,-0.0221918039024,0.0551295690238,0.361439049244,-0.689180016518,0.293905287981,0.00247671105899
61,0.305,8,-0.00145457370672,0.0162025149912,0.0558840185404,0.244344040751,0.934959053993,-0.212185576558,0.00247671105899
61,0.305,9,0.0386295877397,-0.00217278185301,0.0677148997784,-0.30745869875,0.0495162606239,-0.864638090134,0.00247670942917
61,0.305,10,0.0468036271632,0.00245144334622,0.107938118279,0.224853724241,0.260905563831,0.131059363484,0.00247670849785
61,0.305,11,-0.040094088763,-0.00112509378232,0.0660287737846,-0.1278090626,-0.11947902292,-1.45607829094,0.00247670942917
61,0.305,12,-0.0469061210752,0.00286100897938,0.106143563986,-0.826031625271,0.261679798365,0.944456994534,0.00247670849785
61,0.305,13,-0.0132221523672,0.0216233003885,0.0935950055718,-0.343390405178,0.588493227959,0.37363666296,0.0148602584377
61,0.305,14,0.000462666997919,0.0130070131272,0.112325012684,-0.109313674271,0.402291208506,-0.422249346972,0.00990683585405
61,0.305,15,0.0119696538895,0.0191834066063,0.0932090058923,0.531968712807,0.536649048328,0.446189135313,0.0128788910806
61,0.305,16,-0.0120839476585,0.0340538993478,0.112152278423,-0.091735728085,0.64157551527,-0.0958151370287,0.00396273471415
61,0.305,17,0.00210508145392,0.0420129001141,0.0917321965098,0.323476940393,-0.107317499816,0.117634296417,0.00396273471415
61,0.305,18,0.0146471085027,0.0336125902832,0.112330809236,0.245266377926,1.17988443375,-0.172020316124,0.00495341839269
61,0.305,19,-0.000912732502911,0.0108252232894,0.0782751590014,-0.0338567532599,0.410401701927,0.0931728184223,0.00990684051067
61,0.305,20,-0.0129717523232,0.0319551378489,0.0697295591235,-0.026755431667,0.139389872551,0.252507865429,0.00396273564547
61,0.305,21,0.0137454867363,0.0319729410112,0.0715571641922,-0.0535154044628,0.701654672623,0.495870888233,0.00495341978967
61,0.305,22,-0.0196807775646,-0.000533322803676,0.101368092,-0.0263861455023,-0.222889482975,0.297171920538,0.0099068377167
61,0.305,23,-0.0340737402439,0.0212288238108,0.10081666708,-0.885646700859,0.617341220379,0.43986928463,0.00396273564547
61,0.305,24,-0.0229054763913,0.0137487277389,0.120595283806,-0.0502244830132,0.630984842777,0.123760320246,0.00594410020858
61,0.305,25,-0.0196734778583,0.000314882287057,0.0832117497921,-0.24124725163,-0.0751609802246,0.258161008358,0.00990684051067
61,0.305,26,-0.0360078215599,0.0241028871387,0.0786684751511,0.354443848133,-0.222635254264,0.0195663888007,0.0039627365768
61,0.305,27,-0.0214503016323,0.0132782831788,0.0635841563344,0.522355616093,-0.00449458882213,1.00139427185,0.00594410393387
61,0.305,28,-0.0426550023258,-9.26190405153e-05,0.0901052728295,-0.658781409264,0.163675501943,0.454728245735,0.00594410579652
61,0.305,29,0.0198010634631,0.000236170191783,0.101262688637,-0.151103183627,-0.331403553486,0.142542332411,0.0099068377167
61,0.305,30,0.0334608182311,0.0208880081773,0.100970856845,0.89847522974,0.410630822182,0.348358392715,0.00396273564547
61,0.305,31,0.0234189424664,0.0120538473129,0.122006736696,-0.238405779004,0.285118579865,0.0437130406499,0.00594410020858
61,0.305,32,0.0196764618158,0.000425476988312,0.0822941213846,-0.00485009839758,-0.0550990737975,-0.0468817725778,0.00990684051067
61,0.305,33,0.0357694141567,0.0262957178056,0.0792944058776,0.191369980574,0.0188127011061,-0.153442680836,0.0039627365768
61,0.305,34,0.0199606493115,0.0110970437527,0.0642115324736,-0.441202819347,-0.115829892457,0.946197986603,0.00594410393387
61,0.305,35,0.0445275269449,0.000186057470273,0.0881975442171,0.643987774849,0.254121720791,0.789020717144,0.00594410579652
61,0.305,36,-0.0128349689767,-0.0218188297004,0.0946100801229,-0.300034761429,-0.49352195859,0.330577641726,0.0148602584377
61,0.305,37,0.0123303784057,-0.0198326930404,0.0932634174824,0.546415269375,-0.501657605171,0.452606141567,0.0128788910806
61,0.305,38,0.000907919893507,-0.011664849706,0.112616680562,0.0278294030577,-0.646394491196,-0.289778888226,0.0118882022798
61,0.305,39,0.0022680722177,-0.0413610376418,0.0944230332971,0.121139772236,0.0476707518101,0.156688570976,0.00396273471415
61,0.305,40,-0.013388780877,-0.0317156389356,0.111611589789,0.00566763710231,-0.815988957882,0.445962578058,0.00396273471415
61,0.305,41,0.0145442737266,-0.0324257947505,0.113242261112,0.129320770502,-0.721498250961,-0.199349179864,0.00495341839269
61,0.305,42,-0.000600144907366,-0.0119382971898,0.0786298066378,-0.175197675824,-0.0525417402387,0.371134638786,0.0118882078677
61,0.305,43,-0.0123539520428,-0.0337469354272,0.0699114724994,-0.395060628653,-0.482169181108,0.626562058926,0.00396273564547
61,0.305,44,0.0130474995822,-0.0347928777337,0.0724039003253,0.0518722683191,-0.76001650095,0.61205303669,0.00495341978967
61,0.305,45,-0.0356095172465,-0.0232409760356,0.102731503546,-0.785397410393,-0.311761915684,0.245266348124,0.00396273564547
61,0.305,46,-0.0248996634036,-0.0131127741188,0.119687214494,0.0553359426558,-0.646895289421,-0.126341402531,0.0049534169957
61,0.305,47,-0.0325528346002,-0.0226680748165,0.0775647908449,0.273246914148,-0.0275845173746,0.0434836484492,0.0039627365768
61,0.305,48,-0.0190125163645,-0.0119604058564,0.0646140873432,0.401708185673,-0.157896310091,0.578570663929,0.00495341978967
61,0.305,49,0.0337234437466,-0.0222309287637,0.102178782225,0.669943749905,-0.119289830327,-0.142946913838,0.00396273564547
61,0.305,50,0.0239051394165,-0.0119907418266,0.12166351825,-0.0910127982497,-0.311037182808,0.283162981272,0.0049534169957
61,0.305,51,0.0333636887372,-0.024516755715,0.0782339274883,0.136011093855,-0.0934375822544,-0.195233300328,0.0039627365768
61,0.305,52,0.0185756348073,-0.0103853875771,0.0631644800305,-0.0037899420131,-0.161555022001,0.591070115566,0.00495341978967
61,0.305,53,-0.000122805926367,0.00172226782888,0.135983541608,-0.195259004831,-0.295013785362,-1.13706076145,0.00396273471415
61,0.305,54,0.000374605995603,-0.00129815691616,0.0589550733566,-0.178167641163,0.400314033031,-0.292863845825,0.00396273750812
62,0.31,0,-0.000755701446906,0.000644020503387,0.0977230146527,0.185113981366,0.00158807612024,-0.393542528152,0.00990683957934
62,0.31,1,-0.0264817941934,0.044428601861,0.0887903273106,-0.492319315672,0.500536501408,-0.40665435791,0.00247670989484
62,0.31,2,0.0287466496229,0.04314949736,0.0908026620746,-0.00584230292588,0.356033235788,-0.437410533428,0.00247670989484
62,0.31,3,-0.0247224066406,-0.0442592129111,0.0891617611051,-0.452815681696,-0.327794402838,0.042858786881,0.00247670989484
62,0.31,4,0.0267861187458,-0.0433552749455,0.0926299020648,0.233275771141,-0.155091241002,0.336414843798,0.00247670989484
62,0.31,5,-0.00115888391156,-0.0274201668799,0.132714122534,0.130265906453,0.0220789071172,0.931856691837,0.00247670919634
62,0.31,6,0.00176772708073,0.027740182355,0.130753800273,0.67419397831,-0.0436013974249,1.02127742767,0.00247670919634
62,0.31,7,0.00143222662155,-0.0268186163157,0.055494889617,0.545333504677,-0.988701999187,0.0249685142189,0.00247671105899
62,0.31,8,0.000722242344636,0.0245507322252,0.0520281307399,0.512175917625,2.02859139442,-0.947601854801,0.00247671105899
62,0.31,9,0.0394547507167,-0.000913115392905,0.0634117424488,0.487354546785,0.400339335203,-0.687388181686,0.00247670942917
62,0.31,10,0.0460219010711,0.00238594412804,0.111239202321,-0.443183779716,-0.277787446976,1.20372486115,0.00247670849785
62,0.31,11,-0.0409047082067,-0.0012086739298,0.0605076551437,-0.103347510099,0.0523574389517,-0.60249632597,0.00247670942917
62,0.31,12,-0.0488406382501,0.00288973678835,0.11394765228,0.152944177389,-0.227134391665,1.8188713789,0.00247670849785
62,0.31,13,-0.0148151488975,0.0246718283743,0.0946000814438,-0.287074536085,0.493125885725,0.117193773389,0.0148602584377
62,0.31,14,-0.000146079837577,0.0153368022293,0.11184874922,-0.108467392623,0.548792660236,0.173512563109,0.00990683585405
62,0.31,15,0.0152285480872,0.0236209891737,0.0945888161659,0.694284617901,0.981454908848,0.134546235204,0.0128788910806
62,0.31,16,-0.0135651053861,0.039192315191,0.112098172307,-0.399277031422,1.19789171219,0.113072298467,0.00396273471415
62,0.31,17,0.00288478843868,0.0429510362446,0.0919060856104,-0.11517508328,0.679844975471,-0.0277970749885,0.00396273471415
62,0.31,18,0.0161446873099,0.0392504744232,0.111754544079,0.290537416935,0.904313743114,0.0293438341469,0.00495341839269
62,0.31,19,-0.000894685857929,0.0141474362463,0.0779967159033,0.0695944130421,0.771665394306,-0.136981323361,0.00990684051067
62,0.31,20,-0.0125571489334,0.0345182567835,0.0715178921819,0.111728131771,0.860934317112,0.364860087633,0.00396273564547
62,0.31,21,0.0130878798664,0.0352733023465,0.0736805647612,-0.127268642187,0.530962467194,0.270336687565,0.00495341978967
62,0.31,22,-0.0226411353797,-0.000985509483144,0.105417303741,-1.0456379652,0.0824291408062,1.04132962227,0.0099068377167
62,0.31,23,-0.0392303429544,0.0249379761517,0.104305535555,-0.879910707474,0.632683217525,0.763199448586,0.00396273564547
62,0.31,24,-0.0232701655477,0.0155015215278,0.122520968318,-0.0926753878593,0.149365410209,0.523124873638,0.00594410020858
62,0.31,25,-0.0229565091431,2.13296752918e-05,0.0837096571922,-0.907629430294,-0.0605619810522,0.0344593524933,0.00990684051067
62,0.31,26,-0.0342052578926,0.0216846410185,0.0788421332836,0.22227114439,-0.630087733269,0.0559753328562,0.0039627365768
62,0.31,27,-0.019579058513,0.0127474702895,0.0659712105989,0.285333126783,-0.172362953424,-0.10260309279,0.00594410393387
62,0.31,28,-0.0457250960171,0.000247163407039,0.0904887095094,-0.462019473314,-0.00373357045464,-0.0446789041162,0.00594410579652
62,0.31,29,0.0217571873218,-0.00130166090094,0.104059927166,0.799234390259,-0.179309055209,0.842659294605,0.0099068377167
62,0.31,30,0.0386544913054,0.0227575078607,0.104012310505,0.937836229801,0.310688108206,0.767425477505,0.00396273564547
62,0.31,31,0.0221293456852,0.013837155886,0.123085781932,-0.239168554544,0.398690849543,0.265400916338,0.00594410020858
62,0.31,32,0.0215833969414,-0.000168202706845,0.0826197341084,0.681971907616,-0.151451170444,0.235849350691,0.00990684051067
62,0.31,33,0.0357178784907,0.0231686700135,0.0785321742296,-0.140167742968,-1.11603963375,-0.0992479249835,0.0039627365768
62,0.31,34,0.0184391271323,0.012627906166,0.0656338110566,-0.231737211347,0.556704521179,-0.374809652567,0.00594410393387
62,0.31,35,0.0465513654053,0.00119637139142,0.0907406210899,0.0686902031302,0.129063218832,0.170584082603,0.00594410579652
62,0.31,36,-0.0143558317795,-0.0244105551392,0.0950858965516,-0.289247334003,-0.448642939329,0.000440531555796,0.0148602584377
62,0.31,37,0.0152593180537,-0.0235483329743,0.0945578292012,0.514575839043,-0.786617279053,0.0606932044029,0.0128788910806
62,0.31,38,0.000468141341116,-0.0152202611789,0.113002605736,-0.16940613091,-0.753095388412,0.256225436926,0.0118882022798
62,0.31,39,0.00187283498235,-0.0435573682189,0.0945024713874,-0.303345799446,-0.935649752617,-0.0617601498961,0.00396273471415
62,0.31,40,-0.0138729475439,-0.0385445617139,0.115186430514,-0.151942312717,-1.5406961441,0.725922346115,0.00396273471415
62,0.31,41,0.0155276823789,-0.0366595908999,0.113038063049,0.214884027839,-0.861767649651,0.216540440917,0.00495341839269
62,0.31,42,-0.000965935294516,-0.0135043496266,0.0790074542165,0.063251376152,-0.488522201777,-0.21680533886,0.0118882078677
62,0.31,43,-0.0135321868584,-0.0367851406336,0.0737772658467,-0.00749498931691,-0.669645130634,0.696142613888,0.00396273564547
62,0.31,44,0.0128968302161,-0.0370872430503,0.0748708620667,-0.0931175500154,-0.160939633846,0.320723980665,0.00495341978967
62,0.31,45,-0.0398363023996,-0.0241693742573,0.103674702346,-0.660455405712,0.0179234668612,0.120266370475,0.00396273564547
62,0.31,46,-0.0238142665476,-0.0145684117451,0.121197402477,0.281601220369,-0.0897750481963,0.705378830433,0.0049534169957
62,0.31,47,-0.0325416661799,-0.0221549831331,0.0789388790727,-0.336106061935,0.233309954405,0.389008015394,0.0039627365768
62,0.31,48,-0.0183549523354,-0.0132264494896,0.0644489228725,-0.0807020962238,-0.303226530552,-0.529185473919,0.00495341978967
62,0.31,49,0.0384066402912,-0.0219176821411,0.102374337614,1.0710119009,0.183649554849,0.298726528883,0.00396273564547
62,0.31,50,0.0235299002379,-0.0133286891505,0.124133139849,-0.0551742650568,-0.25472843647,0.636916279793,0.0049534169957
62,0.31,51,0.0341098457575,-0.0230563096702,0.0779041573405,0.24682714045,0.611212670803,0.0708405300975,0.0039627365768
62,0.31,52,0.0189057756215,-0.014060985297,0.0637128651142,-0.0141299441457,-1.01970541477,-0.25615042448,0.00495341978967
62,0.31,53,-0.00117891968694,-0.000323670072248,0.12860108912,-0.208475038409,-0.451933294535,-1.32770991325,0.00396273471415
62,0.31,54,-0.00118167046458,6.34834213997e-05,0.0551465526223,-0.309094399214,0.15245872736,-0.828810989857,0.00396273750812
63,0.315,0,9.81597768259e-05,0.000365161686204,0.0945027843118,0.131177142262,-0.0880293473601,-0.666590750217,0.00990683957934
63,0.315,1,-0.0287993252277,0.0468244887888,0.0877257212996,-0.387146860361,0.291339993477,0.0459213070571,0.00247670989484
63,0.315,2,0.0301064047962,0.0462698228657,0.0886950865388,0.478024452925,0.713160574436,-0.352409183979,0.00247670989484
63,0.315,3,-0.0283984281123,-0.0468220300972,0.0914906561375,-0.868072450161,-0.487996071577,0.81204533577,0.00247670989484
63,0.315,4,0.0298709087074,-0.0459434427321,0.0939133241773,0.819042384624,-0.637914121151,0.166212767363,0.00247670989484
63,0.315,5,-8.82469466887e-05,-0.0270436462015,0.137061536312,0.267339944839,0.103848434985,0.578554153442,0.00247670919634
63,0.315,6,0.00389994704165,0.027316018939,0.135250091553,0.10608857125,-0.151169314981,0.543353915215,0.00247670919634
63,0.315,7,0.00283872452565,-0.0309486985207,0.0557845830917,-0.0740520581603,-0.621863663197,0.022755054757,0.00247671105899
63,0.315,8,0.0025639096275,0.0332868248224,0.0495699606836,0.15221324563,1.26005101204,0.106754809618,0.00247671105899
63,0.315,9,0.0414750576019,0.00100639974698,0.0615588873625,0.185144752264,0.272719174623,-0.0745448097587,0.00247670942917
63,0.315,10,0.0441341735423,0.000227469921811,0.119623251259,-0.176888927817,-0.470906168222,2.0032787323,0.00247670849785
63,0.315,11,-0.0408527106047,-0.000852010736708,0.0603883489966,0.0833322256804,0.0737787932158,0.470483899117,0.00247670942917
63,0.315,12,-0.0460633784533,0.000942903163377,0.122410774231,0.743468821049,-0.492950826883,1.5185123682,0.00247670849785
63,0.315,13,-0.0159987062216,0.0261417739093,0.0954620689154,-0.166338101029,0.13356590271,0.21788738668,0.0148602584377
63,0.315,14,-0.000550512399059,0.0180956814438,0.112761333585,-0.0599716342986,0.447844475508,0.107039764524,0.00990683585405
63,0.315,15,0.0179991051555,0.0269810315222,0.0952059552073,0.330734968185,0.289726346731,0.148416727781,0.0128788910806
63,0.315,16,-0.014939494431,0.0431963652372,0.112850308418,-0.0810232460499,0.215559631586,0.134579241276,0.00396273471415
63,0.315,17,0.000691040884703,0.0481369830668,0.0920426771045,-0.659056603909,1.05924975872,0.133758366108,0.00396273471415
63,0.315,18,0.0167966838926,0.0418114103377,0.112721979618,-0.0682775601745,0.139634117484,0.269442439079,0.00495341839269
63,0.315,19,-0.000171229112311,0.0170773994178,0.0766854062676,0.189149454236,0.3192281425,-0.412269890308,0.00990684051067
63,0.315,20,-0.0124832829461,0.0391033478081,0.0727669671178,-0.0831542015076,0.742267787457,0.153879851103,0.00396273564547
63,0.315,21,0.013106405735,0.0374632850289,0.0738882273436,0.163320466876,0.419676333666,-0.11279091239,0.00495341978967
63,0.315,22,-0.0279916767031,0.000212527709664,0.109168611467,-0.84685087204,0.329289197922,0.350832492113,0.0099068377167
63,0.315,23,-0.0406308509409,0.0261685233563,0.106917895377,0.350147694349,-0.134523957968,0.229134961963,0.00396273564547
63,0.315,24,-0.0236971024424,0.0163173526525,0.12485268712,-0.0336828902364,0.225010290742,0.377819627523,0.00594410020858
63,0.315,25,-0.0263479650021,-0.000541978573892,0.0836032107472,-0.241541594267,-0.172388598323,-0.102484308183,0.00990684051067
63,0.315,26,-0.0343687906861,0.0194752030075,0.0789925009012,-0.221246361732,-0.128601804376,-0.00333935534582,0.0039627365768
63,0.315,27,-0.0181906986982,0.0120696360245,0.0632558166981,0.259261161089,-0.044598441571,-0.782318890095,0.00594410393387
63,0.315,28,-0.0472103729844,0.0001892594737,0.0917471945286,-0.191612735391,0.0170628037304,0.593167185783,0.00594410579652
63,0.315,29,0.025679782033,-0.00112393614836,0.107880108058,0.571521162987,0.218480482697,0.539625525475,0.0099068377167
63,0.315,30,0.0411378555,0.0240258835256,0.107229590416,0.0209276936948,0.205161243677,0.413168370724,0.00396273564547
63,0.315,31,0.021410709247,0.0157777331769,0.123991563916,-0.0558211952448,0.333332777023,0.112555153668,0.00594410020858
63,0.315,32,0.0245756115764,-0.000756448367611,0.0836217403412,0.30068692565,-0.0691727623343,0.0370789207518,0.00990684051067
63,0.315,33,0.0352455116808,0.0179554950446,0.0781019032001,0.0258847530931,-0.630286693573,-0.119028702378,0.0039627365768
63,0.315,34,0.0174089949578,0.0145388580859,0.0620303116739,-0.175144821405,0.0771860554814,-0.834011912346,0.00594410393387
63,0.315,35,0.0454820729792,0.00117178284563,0.0912154167891,-0.351041048765,-0.157219409943,0.228864476085,0.00594410579652
63,0.315,36,-0.0155680812895,-0.0259002633393,0.0957237407565,-0.181996107101,-0.160510316491,0.249012321234,0.0148602584377
63,0.315,37,0.0168713461608,-0.0262335650623,0.0947681516409,0.139454528689,-0.24910633266,0.116880096495,0.0128788910806
63,0.315,38,-0.00040390304639,-0.0187011137605,0.112939156592,-0.156622633338,-0.547934472561,-0.297601640224,0.0118882022798
63,0.315,39,-0.000415395916207,-0.0487958230078,0.094581566751,-0.515210866928,-0.851161181927,0.142791554332,0.00396273471415
63,0.315,40,-0.0142075624317,-0.0434013791382,0.116942197084,0.0585052445531,-0.208426773548,-0.0560937635601,0.00396273471415
63,0.315,41,0.0159999933094,-0.0399759672582,0.115087538958,-0.0625415071845,-0.399009555578,0.444968014956,0.00495341839269
63,0.315,42,-0.000196607928956,-0.0157416518778,0.0767246335745,0.172928631306,-0.319053292274,-0.604325473309,0.0118882078677
63,0.315,43,-0.0127643570304,-0.0395058430731,0.075416021049,0.191938981414,-0.322648286819,0.00216237665154,0.00396273564547
63,0.315,44,0.012741339393,-0.0377093814313,0.0756152644753,0.109088197351,-0.239269852638,0.0584751404822,0.00495341978967
63,0.315,45,-0.040324434638,-0.0229534562677,0.104220531881,0.483895033598,0.380342721939,0.174968898296,0.00396273564547
63,0.315,46,-0.0228572562337,-0.0156013360247,0.126370891929,0.120970539749,-0.346521705389,1.19493842125,0.0049534169957
63,0.315,47,-0.0355453342199,-0.0211415477097,0.0801509395242,-0.712475538254,0.0633389726281,0.0504018291831,0.0039627365768
63,0.315,48,-0.0191908795387,-0.0146228643134,0.0611032173038,-0.191451668739,-0.237650185823,-0.618545949459,0.00495341978967
63,0.315,49,0.0423920527101,-0.0210929643363,0.104852095246,0.315401881933,0.0900644659996,0.588609755039,0.00396273564547
63,0.315,50,0.023073002696,-0.0148381693289,0.127483785152,-0.190021589398,-0.335114777088,0.591744184494,0.0049534169957
63,0.315,51,0.0362714454532,-0.0199911855161,0.0785387605429,0.56724613905,0.423146158457,0.140624523163,0.0039627365768
63,0.315,52,0.0183695089072,-0.0172964930534,0.0620945729315,-0.106533311307,-0.0708443075418,-0.27978271246,0.00495341978967
63,0.315,53,-0.00171841704287,-0.00184323708527,0.127554535866,0.0405958853662,-0.0986679792404,0.833084404469,0.00396273471415
63,0.315,54,-0.00175636715721,0.000536222360097,0.0533355288208,0.109976544976,0.0547072403133,0.12833032012,0.00396273750812
64,0.32,0,0.000374335650122,-1.19755914056e-05,0.092461630702,-0.0237193759531,-0.0471942350268,-0.106813579798,0.00990683957934
64,0.32,1,-0.0300531797111,0.0465577803552,0.089476980269,-0.130664974451,-0.347115129232,0.607593119144,0.00247670989484
64,0.32,2,0.0317444652319,0.0479811765254,0.0881097763777,0.02486362122,-0.153491705656,0.16891425848,0.00247670989484
64,0.32,3,-0.0317418053746,-0.047364924103,0.0960144549608,-0.374036699533,0.321169406176,0.858043015003,0.00247670989484
64,0.32,4,0.0325776748359,-0.046986926347,0.0945579111576,0.113550588489,0.337618678808,0.123619318008,0.00247670989484
64,0.32,5,0.00115074974019,-0.0265778917819,0.136961683631,0.192185327411,0.0539835058153,-0.563507676125,0.00247670919634
64,0.32,6,0.0025506564416,0.0263827629387,0.13523067534,-0.588996887207,-0.166021153331,-0.440402388573,0.00247670919634
64,0.32,7,0.000775406952016,-0.0327450968325,0.0550679638982,-0.610228359699,-0.0760423094034,-0.293508440256,0.00247671105899
64,0.32,8,0.00190641975496,0.0359727293253,0.0530491136014,-0.376756966114,-0.153857558966,1.08605337143,0.00247671105899
64,0.32,9,0.0409817621112,0.00117289030459,0.0624478496611,-0.315440952778,-0.187457889318,0.418382972479,0.00247670942917
64,0.32,10,0.0438570268452,-0.00138949532993,0.128918856382,-0.114955075085,-0.144508168101,1.42845785618,0.00247670849785
64,0.32,11,-0.0405604057014,-0.000491911894642,0.0644624382257,0.0198265649378,0.076682522893,1.07762491703,0.00247670942917
64,0.32,12,-0.043106533587,-0.00143733690493,0.128695368767,0.416052430868,-0.397052198648,0.906046330929,0.00247670849785
64,0.32,13,-0.0160694364458,0.0261219721287,0.0959890112281,0.179158374667,-0.163993552327,-0.100091032684,0.0148602584377
64,0.32,14,-0.000773401872721,0.0185053627938,0.11286200583,-0.0247586537153,-0.358896493912,-0.0469267070293,0.00990683585405
64,0.32,15,0.0179983843118,0.0265832617879,0.095699198544,-0.320016145706,-0.366206645966,-0.0290093719959,0.0128788910806
64,0.32,16,-0.0142875546589,0.0410861521959,0.113602146506,0.277303993702,-0.874034881592,0.234587654471,0.00396273471415
64,0.32,17,-0.00230266270228,0.0505190193653,0.0932897478342,-0.408061087132,-0.223557531834,0.320013016462,0.00396273471415
64,0.32,18,0.0154784601182,0.0410348549485,0.113481260836,-0.406093984842,-0.377912431955,-0.0173057038337,0.00495341839269
64,0.32,19,0.000607631460298,0.0171850323677,0.0741711035371,0.0930617079139,-0.220360547304,-0.49555337429,0.00990684051067
64,0.32,20,-0.0130237862468,0.0401150733232,0.0736088678241,-0.0885657295585,-0.3702018857,0.229006484151,0.00396273564547
64,0.32,21,0.0146239278838,0.0393285527825,0.0736727043986,0.372268468142,0.22272272408,0.108053542674,0.00495341978967
64,0.32,22,-0.0289782490581,0.00152389577124,0.10911038518,0.52745527029,0.132267713547,-0.249410718679,0.0099068377167
64,0.32,23,-0.0370150916278,0.0244769528508,0.106959946454,0.810385465622,-0.383642584085,-0.0765756070614,0.00396273564547
64,0.32,24,-0.0229337532073,0.0172851104289,0.126514673233,0.36345744133,0.0608022995293,0.311593681574,0.00594410020858
64,0.32,25,-0.024537300691,-0.00150239781942,0.0826783925295,0.858959078789,-0.166227281094,-0.23496042192,0.00990684051067
64,0.32,26,-0.0352244079113,0.0204993709922,0.0791999101639,-0.0121145257726,0.418043315411,0.132856279612,0.0039627365768
64,0.32,27,-0.0175543632358,0.0126559184864,0.0600229091942,-0.0605476312339,0.261791527271,-0.38693639636,0.00594410393387
64,0.32,28,-0.0476869791746,0.000596971483901,0.0953472107649,0.0646461546421,0.120947800577,0.648400306702,0.00594410579652
64,0.32,29,0.0263310465962,0.000319075508742,0.108982644975,-0.312137365341,0.287004202604,-0.0395677015185,0.0099068377167
64,0.32,30,0.0391060486436,0.0245749522001,0.10780467093,-0.729546844959,-0.022953780368,-0.121525831521,0.00396273564547
64,0.32,31,0.0211784057319,0.0165434982628,0.124730318785,-0.0740587711334,-0.0668282359838,0.222156658769,0.00594410020858
64,0.32,32,0.0234491657466,-0.000838935608044,0.0824787542224,-0.670406699181,0.0368022248149,-0.431633740664,0.00990684051067
64,0.32,33,0.0357211828232,0.0186547096819,0.0776574239135,0.035570319742,0.767409682274,0.0434779860079,0.0039627365768
64,0.32,34,0.0172627083957,0.0134281041101,0.0589933805168,0.200240328908,-0.376629918814,-0.29294911027,0.00594410393387
64,0.32,35,0.044141124934,-0.000140628108056,0.0939501225948,-0.190069541335,-0.286980211735,0.763628721237,0.00594410579652
64,0.32,36,-0.0159423854202,-0.0260105933994,0.0965178981423,0.0567931421101,0.137992992997,-0.063107162714,0.0148602584377
64,0.32,37,0.0168992429972,-0.0261845011264,0.0957871004939,-0.108380079269,0.217364639044,0.216182932258,0.0128788910806
64,0.32,38,-0.000997275579721,-0.0194325111806,0.111650794744,-0.0769033879042,0.332617223263,-0.0675662755966,0.0118882022798
64,0.32,39,-0.0023215378169,-0.0498073212802,0.0958932861686,-0.183560788631,0.470343142748,0.320084631443,0.00396273471415
64,0.32,40,-0.0134995011613,-0.0405572429299,0.115604661405,0.141088828444,1.10263979435,-0.265175640583,0.00396273471415
64,0.32,41,0.0150607805699,-0.0404412336648,0.116004750133,-0.244593068957,0.165222287178,-0.131790265441,0.00495341839269
64,0.32,42,0.000188371734112,-0.0163411255926,0.0742272511125,-0.0313133634627,0.0505555905402,-0.274294346571,0.0118882078677
64,0.32,43,-0.0125143742189,-0.0392428077757,0.0751428157091,-0.108740948141,0.421610593796,0.0225692521781,0.00396273564547
64,0.32,44,0.0142242992297,-0.0393664576113,0.0762335732579,0.418256849051,-0.254998505116,0.211001694202,0.00495341978967
64,0.32,45,-0.0361403040588,-0.0216029919684,0.106450639665,0.9416436553,0.065197698772,0.784548819065,0.00396273564547
64,0.32,46,-0.0217824783176,-0.016864830628,0.130774319172,0.371313244104,0.00532872742042,0.408772706985,0.0049534169957
64,0.32,47,-0.037977065891,-0.0219359118491,0.0800732150674,-0.140824466944,-0.320783078671,0.0390755310655,0.0039627365768
64,0.32,48,-0.0199689660221,-0.0155328484252,0.0593932718039,-0.120544835925,-0.119573816657,-0.054029814899,0.00495341978967
64,0.32,49,0.0402317009866,-0.0213219150901,0.107612855732,-1.11330592632,-0.172236278653,0.510663449764,0.00396273564547
64,0.32,50,0.021131305024,-0.0159917380661,0.128607422113,-0.563400864601,-0.0384953469038,-0.200192376971,0.0049534169957
64,0.32,51,0.0383897945285,-0.0198272615671,0.0794839337468,0.122915647924,-0.308254897594,0.291325300932,0.0039627365768
64,0.32,52,0.0188365131617,-0.0147939436138,0.0612138919532,0.329668343067,0.829380512238,-0.113092780113,0.00495341978967
64,0.32,53,-0.000883192580659,-0.00138892908581,0.132235214114,0.234624564648,0.227615252137,0.630616664886,0.00396273471415
64,0.32,54,-0.000306071626255,0.000475583277876,0.0547222234309,0.370952546597,-0.11064440757,0.115609534085,0.00396273750812
65,0.325,0,-2.86994850285e-06,-6.54076575302e-05,0.0933401808143,-0.0857050418854,0.0111380983144,0.368402451277,0.00990683957934
65,0.325,1,-0.0302378870547,0.044214155525,0.0933938249946,0.0783135071397,-0.511713445187,0.914046287537,0.00247670989484
65,0.325,2,0.0298813469708,0.0450074076653,0.0906376987696,-0.687375307083,-0.831642687321,0.825779080391,0.00247670989484
65,0.325,3,-0.0318111516535,-0.043967936188,0.0991635397077,0.315034151077,0.902837455273,0.381839066744,0.00247670989484
65,0.325,4,0.0308988187462,-0.0433514751494,0.0952955037355,-0.635702073574,0.837770998478,0.178892314434,0.00247670989484
65,0.325,5,0.0016093084123,-0.0269609186798,0.133325815201,-0.00185856618918,-0.235389411449,-0.61969345808,0.00247670919634
65,0.325,6,-0.000921024940908,0.0263259802014,0.132777377963,-0.626699984074,0.172095730901,-0.34022551775,0.00247670919634
65,0.325,7,-0.00174649758264,-0.0313003435731,0.0538055188954,-0.288681060076,0.646349608898,-0.0907588899136,0.00247671105899
65,0.325,8,-0.000411981949583,0.0326280221343,0.0575977228582,-0.433413237333,-1.00278520584,0.447975903749,0.00247671105899
65,0.325,9,0.0393704399467,-0.000135811351356,0.0660344585776,-0.198137298226,-0.237820908427,1.03212404251,0.00247670942917
65,0.325,10,0.0414719693363,-0.00121959589887,0.131536871195,-0.856752753258,0.17972637713,-0.430350840092,0.00247670849785
65,0.325,11,-0.0403437428176,-7.70693659433e-05,0.0705796852708,0.101777479053,0.0809942409396,1.27714252472,0.00247670942917
65,0.325,12,-0.0408111065626,-0.00244310172275,0.1298853755,0.625183165073,0.0245158132166,-0.50748872757,0.00247670849785
65,0.325,13,-0.0140227898955,0.0240141004324,0.0940731838346,0.575643479824,-0.686437368393,-0.586516022682,0.0148602584377
65,0.325,14,-0.00063956232043,0.0145108159631,0.112326487899,0.0955472439528,-1.08645832539,-0.152205973864,0.00990683585405
65,0.325,15,0.0149953179061,0.0239744763821,0.0943415313959,-0.816568672657,-0.619697988033,-0.497425615788,0.0128788910806
65,0.325,16,-0.0128702158108,0.036509566009,0.115425929427,0.23787266016,-0.823061347008,0.395211994648,0.00396273471415
65,0.325,17,-0.00262427702546,0.0463181510568,0.0947233736515,0.254738509655,-1.2176823616,0.209848806262,0.00396273471415
65,0.325,18,0.0132395615801,0.0383625589311,0.112730465829,-0.451631814241,-0.69124931097,-0.184340000153,0.00495341839269
65,0.325,19,0.000689409847837,0.0152962431312,0.0727195814252,-0.0369563698769,-0.503709614277,-0.0636007264256,0.00990684051067
65,0.325,20,-0.0132263330743,0.0362988300622,0.0750056952238,-0.00839606672525,-0.912654280663,0.263781964779,0.00396273564547
65,0.325,21,0.0159772932529,0.0386591926217,0.0749298408628,0.0967482626438,-0.496191382408,0.287277966738,0.00495341978967
65,0.325,22,-0.0232849810272,0.00121378677431,0.107674472034,1.49452936649,-0.227975323796,-0.276090145111,0.0099068377167
65,0.325,23,-0.0344933494925,0.0231210514903,0.107426382601,0.2376498878,-0.233863785863,0.286755353212,0.00396273564547
65,0.325,24,-0.0204532127827,0.0159682799131,0.127937346697,0.516698479652,-0.597258210182,0.235710889101,0.00594410020858
65,0.325,25,-0.0194899961352,-0.00168853322975,0.0816158205271,0.943039774895,0.126297309995,-0.16118966043,0.00990684051067
65,0.325,26,-0.0341814160347,0.0223366059363,0.0804572403431,0.360355257988,0.209837004542,0.346315741539,0.0039627365768
65,0.325,27,-0.0189958494157,0.0140258362517,0.0596502423286,-0.469919383526,0.182933777571,0.144294545054,0.00594410393387
65,0.325,28,-0.0454427488148,0.000843420391902,0.0970567837358,0.904545068741,-0.0662216320634,0.0698106586933,0.00594410579652
65,0.325,29,0.022993536666,0.001193146687,0.108088999987,-0.896841108799,0.0434755720198,-0.272082954645,0.0099068377167
65,0.325,30,0.0350087732077,0.0234889443964,0.10692242533,-0.792806684971,-0.408434480429,-0.131752952933,0.00396273564547
65,0.325,31,0.0204730462283,0.0151201160625,0.126302346587,-0.209426641464,-0.426373422146,0.3819257617,0.00594410020858
65,0.325,32,0.0195276960731,-0.000345908949384,0.0805483683944,-0.700504481792,0.145838946104,-0.203926190734,0.00990684051067
65,0.325,33,0.0347282774746,0.0229298938066,0.0791931003332,-0.393786013126,0.650640964508,0.540189683437,0.0039627365768
65,0.325,34,0.0196705404669,0.0124105308205,0.0591649152339,0.661141216755,0.0699213147163,0.235815286636,0.00594410393387
65,0.325,35,0.0426794961095,-0.000962033227552,0.0971413329244,-0.479691594839,-0.0137094892561,0.377387613058,0.00594410579652
65,0.325,36,-0.0149086983874,-0.0240385364741,0.0946502014995,0.315731287003,0.657649278641,-0.569961726665,0.0148602584377
65,0.325,37,0.0155413271859,-0.0242119003087,0.0960365831852,-0.466325074434,0.568236351013,-0.171568721533,0.0128788910806
65,0.325,38,-0.00111575843766,-0.0153167452663,0.112415291369,0.0293455347419,1.17185211182,0.260774374008,0.0118882022798
65,0.325,39,-0.00203377474099,-0.0453087985516,0.0969883352518,0.248619139194,1.0626373291,0.0464713424444,0.00396273471415
65,0.325,40,-0.0133823091164,-0.0352716594934,0.115827783942,-0.0608605071902,0.812680125237,0.320128232241,0.00396273471415
65,0.325,41,0.0140057029203,-0.0386926047504,0.114370107651,-0.197516053915,0.50895011425,-0.353065401316,0.00495341839269
65,0.325,42,-0.000190476945136,-0.015640784055,0.0742414295673,-0.0520715340972,0.18475112319,0.150407746434,0.0118882078677
65,0.325,43,-0.0135586680844,-0.0361492745578,0.075868293643,-0.243114233017,0.626739919186,0.169377163053,0.00396273564547
65,0.325,44,0.0159885380417,-0.0385801270604,0.0772548019886,0.198947966099,0.615103721619,0.0983095690608,0.00495341978967
65,0.325,45,-0.0327529720962,-0.0220281202346,0.111586682498,0.384566038847,-0.075884103775,1.05299413204,0.00396273564547
65,0.325,46,-0.0191768482327,-0.014324311167,0.130174800754,0.585870742798,0.97999972105,-0.504048228264,0.0049534169957
65,0.325,47,-0.0365493558347,-0.0233465190977,0.0814145803452,0.620656251907,-0.131241500378,0.503941595554,0.0039627365768
65,0.325,48,-0.0205316841602,-0.015493218787,0.0602739043534,-0.125727564096,0.172171860933,0.331661552191,0.00495341978967
65,0.325,49,0.0332476198673,-0.0224524363875,0.110353827477,-1.35745668411,-0.206251129508,0.619588971138,0.00396273564547
65,0.325,50,0.0181819684803,-0.0146346846595,0.126061201096,-0.517930924892,0.543729424477,-0.614266574383,0.0049534169957
65,0.325,51,0.0367860347033,-0.0219428204,0.0817282572389,-0.676927804947,-0.379047900438,0.571293413639,0.0039627365768
65,0.325,52,0.0211485624313,-0.0118115069345,0.0604716800153,0.461166650057,0.166593626142,-0.199625492096,0.00495341978967
65,0.325,53,0.000178786707693,0.000107823616418,0.132886886597,0.174068391323,0.348405539989,-0.144976302981,0.00396273471415
65,0.325,54,0.000876063946635,-0.000825809198432,0.0527273342013,0.0597403049469,-0.377340853214,-0.763390958309,0.00396273750812
66,0.33,0,7.89826372056e-05,-0.000242286012508,0.0946735218167,0.153904005885,-0.119782991707,-0.0142021337524,0.00990683957934
66,0.33,1,-0.0285563282669,0.0415495373309,0.0981395617127,0.644201934338,-0.586160421371,0.90266084671,0.00247670989484
66,0.33,2,0.0258446112275,0.0417117513716,0.0960943177342,-0.836882948875,-0.403486251831,1.24247205257,0.00247670989484
66,0.33,3,-0.0287657380104,-0.0398011654615,0.0999331995845,0.864262163639,0.64592218399,-0.0296007469296,0.00247670989484
66,0.33,4,0.0275766756386,-0.0411758311093,0.0964155197144,-0.652439594269,-0.0134408008307,0.257088035345,0.00247670989484
66,0.33,5,0.00126708939206,-0.0284840688109,0.132576853037,-0.128328055143,-0.234918951988,0.324407786131,0.00247670919634
66,0.33,6,-0.00214746501297,0.0277435835451,0.132773518562,0.158439069986,0.292884945869,0.298071503639,0.00247670919634
66,0.33,7,-0.00161988672335,-0.0269886963069,0.0544357448816,0.290864735842,0.891660869122,0.20885899663,0.00247671105899
66,0.33,8,-0.0015264475951,0.0272174552083,0.0561444424093,0.00242118118331,-1.10810923576,-0.914397895336,0.00247671105899
66,0.33,9,0.0397188887,-0.000719893199857,0.0725792124867,0.30520644784,-0.0121303228661,1.43041849136,0.00247670942917
66,0.33,10,0.0365339778364,4.12319386669e-05,0.12531991303,-0.848286271095,0.277814120054,-1.77861082554,0.00247670849785
66,0.33,11,-0.0398288629949,0.000183209078386,0.0757969543338,-0.00878373533487,0.0105615211651,0.652022182941,0.00247670942917
66,0.33,12,-0.0370210520923,-0.000953541952185,0.123922973871,0.691470205784,0.554275393486,-1.64406323433,0.00247670849785
66,0.33,13,-0.011452935636,0.0197801291943,0.0914653688669,0.330118864775,-0.855552852154,-0.341229349375,0.0148602584377
66,0.33,14,0.000234417719184,0.0102581400424,0.111961595714,0.220687299967,-0.32355812192,0.106426015496,0.00990683585405
66,0.33,15,0.0108913285658,0.0207391437143,0.0914639160037,-0.668068766594,-0.633781313896,-0.532764732838,0.0128788910806
66,0.33,16,-0.0122938547283,0.0328884273767,0.115946829319,-0.028206339106,-0.690865814686,-0.275922596455,0.00396273471415
66,0.33,17,-0.000575671496335,0.0410568863153,0.0950385779142,0.431969851255,-0.688887894154,-0.0888969600201,0.00396273471415
66,0.33,18,0.0111386133358,0.0338621288538,0.112842813134,-0.381280392408,-1.07897889614,0.297245144844,0.00495341839269
66,0.33,19,0.000523250375409,0.0123266717419,0.0726591572165,-0.012925808318,-0.644795656204,-0.133634075522,0.00990684051067
66,0.33,20,-0.0131847066805,0.0334623977542,0.0752743780613,0.0324168987572,-0.129091992974,-0.211264938116,0.00396273564547
66,0.33,21,0.0150571567938,0.0353369675577,0.0749749243259,-0.460690945387,-0.644546210766,-0.383018165827,0.00495341978967
66,0.33,22,-0.0171745624393,-8.92870957614e-05,0.106250785291,0.685242474079,-0.198060378432,-0.322604179382,0.0099068377167
66,0.33,23,-0.0330707393587,0.0209169965237,0.109054394066,0.449866741896,-0.675242841244,0.25223171711,0.00396273564547
66,0.33,24,-0.0188054461032,0.0123433563858,0.128746241331,0.12300221622,-0.627749681473,0.108936287463,0.00594410020858
66,0.33,25,-0.0168662909418,-0.000149534316733,0.08110743016,0.0485781021416,0.431681096554,-0.0852963551879,0.00990684051067
66,0.33,26,-0.0326407924294,0.0220621749759,0.0823894366622,0.165129169822,-0.282548964024,0.394873648882,0.0039627365768
66,0.33,27,-0.021638026461,0.0137433297932,0.0602897107601,-0.518214464188,-0.273266226053,0.0108092771843,0.00594410393387
66,0.33,28,-0.0387896075845,-9.11030365387e-05,0.0970696359873,1.55891096592,-0.262676537037,0.0499153546989,0.00594410579652
66,0.33,29,0.0189175028354,0.000880508567207,0.10631532222,-0.585943698883,-0.123449891806,-0.425582647324,0.0099068377167
66,0.33,30,0.0317202918231,0.0207173153758,0.106996804476,-0.532706677914,-0.617276549339,0.139384031296,0.00396273564547
66,0.33,31,0.019321558997,0.0133192287758,0.128237262368,-0.189866542816,-0.206222698092,0.370502859354,0.00594410020858
66,0.33,32,0.0178919937462,0.000286913418677,0.0809359550476,0.0844648703933,0.0730044916272,0.248571023345,0.00990684051067
66,0.33,33,0.0328959189355,0.0233956780285,0.082401663065,-0.240457728505,-0.428882658482,0.65714007616,0.0039627365768
66,0.33,34,0.022679399699,0.0139683615416,0.0599353462458,0.480796992779,0.408600568771,0.00844756979495,0.00594410393387
66,0.33,35,0.0393138080835,-0.000425536709372,0.0973437651992,-0.743380963802,0.171031445265,-0.21089579165,0.00594410579652
66,0.33,36,-0.0132639473304,-0.0201096460223,0.0925205275416,0.307920873165,0.746698856354,-0.160227373242,0.0148602584377
66,0.33,37,0.0123056517914,-0.0206672083586,0.094178929925,-0.728353083134,0.764703691006,-0.462943047285,0.0128788910806
66,0.33,38,-0.000590054900385,-0.00997874606401,0.113319076598,0.205035731196,0.703050076962,0.115618236363,0.0118882022798
66,0.33,39,-0.000533584912773,-0.0412931665778,0.0958151742816,0.280951678753,0.490643560886,-0.49901330471,0.00396273471415
66,0.33,40,-0.0133541198447,-0.0324073694646,0.117174573243,0.115361146629,0.462141126394,0.0475714877248,0.00396273471415
66,0.33,41,0.0122959837317,-0.0352644883096,0.113865502179,-0.54532033205,0.856711030006,0.165616378188,0.00495341839269
66,0.33,42,0.000231823927606,-0.0146265504882,0.0739744305611,0.215909317136,0.241204798222,-0.373212516308,0.0118882078677
66,0.33,43,-0.0143398605287,-0.0346722565591,0.0756708458066,-0.0408385507762,-0.046220138669,-0.28132557869,0.00396273564547
66,0.33,44,0.0155912134796,-0.0342001728714,0.0761485546827,-0.353792220354,0.88097256422,-0.577951729298,0.00495341978967
66,0.33,45,-0.0318339243531,-0.0210178904235,0.114653885365,0.0572150275111,0.48141476512,0.0544258914888,0.00396273564547
66,0.33,46,-0.0170593429357,-0.00912707764655,0.127994969487,0.181184560061,0.739536345005,-0.115797154605,0.0049534169957
66,0.33,47,-0.0333941914141,-0.0224180277437,0.0844903811812,0.449517697096,0.489852845669,0.601656913757,0.0039627365768
66,0.33,48,-0.0214791949838,-0.0137356240302,0.06186889112,-0.270349472761,0.460983663797,0.224962577224,0.00495341978967
66,0.33,49,0.0292724184692,-0.0225212592632,0.113132603467,-0.179810985923,0.212406441569,0.324346899986,0.00396273564547
66,0.33,50,0.0166020374745,-0.0117312055081,0.124929472804,-0.102979414165,0.455255717039,0.325975716114,0.0049534169957
66,0.33,51,0.0331715196371,-0.022241897881,0.0845801532269,-0.610026419163,0.289842873812,0.499602258205,0.0039627365768
66,0.33,52,0.0224899575114,-0.0132797090337,0.0595539323986,0.0966854915023,-0.556323766708,-0.105813652277,0.00495341978967
66,0.33,53,0.000946192187257,0.00187485676724,0.134348601103,0.133860185742,0.323670566082,0.956876814365,0.00396273471415
66,0.33,54,0.000483792187879,-0.00247724005021,0.0499243661761,-0.158909395337,-0.181986749172,-0.159844577312,0.00396273750812
67,0.335,0,0.00108555960469,-0.00108157237992,0.0923448055983,0.122953660786,-0.121512785554,-0.799619615078,0.00990683957934
67,0.335,1,-0.0241211783141,0.0384655408561,0.101014651358,0.936102032661,-0.516202807426,0.0919335484505,0.00247670989484
67,0.335,2,0.0221903398633,0.0404110439122,0.101256586611,-0.570999503136,-0.220904737711,0.643153429031,0.00247670989484
67,0.335,3,-0.0239189304411,-0.038215816021,0.0989753529429,0.913763046265,-0.0351728871465,-0.362660080194,0.00247670989484
67,0.335,4,0.0239215008914,-0.0418600700796,0.0974713712931,-0.834183394909,-0.0259162820876,0.111128956079,0.00247670989484
67,0.335,5,0.000141013850225,-0.0278066378087,0.135941743851,-0.334750503302,0.55940669775,0.922422289848,0.00247670919634
67,0.335,6,-0.000401902041631,0.0284049212933,0.135369151831,0.35461461544,-0.027396146208,0.741267383099,0.00247670919634
67,0.335,7,3.31434421241e-05,-0.0247495118529,0.0534225031734,0.228012248874,-0.115511119366,-0.818849265575,0.00247671105899
67,0.335,8,-0.000765067292377,0.0218687132001,0.0501626245677,0.223598390818,-0.948327302933,-1.31185472012,0.00247671105899
67,0.335,9,0.0425337851048,-0.000571621174458,0.0775506421924,0.885280311108,0.0354885049164,0.297947973013,0.00247670942917
67,0.335,10,0.0358485281467,0.00113406474702,0.117293074727,0.671997070312,0.12804287672,-1.07243168354,0.00247670849785
67,0.335,11,-0.0419488884509,1.52187185449e-05,0.0761171281338,-0.903312921524,-0.0527396351099,-0.463333159685,0.00247670942917
67,0.335,12,-0.0366985462606,0.00230653956532,0.117079101503,-0.705756366253,0.57335716486,-0.671984136105,0.00247670849785
67,0.335,13,-0.0113028995693,0.017400059849,0.090898245573,-0.200496047735,0.00422265380621,0.027844062075,0.0148602584377
67,0.335,14,0.000876267673448,0.0120729776099,0.114115253091,-0.0214580241591,0.734673142433,0.726719379425,0.00990683585405
67,0.335,15,0.00959610007703,0.0183540694416,0.0899260342121,0.135295733809,-0.252150088549,-0.0797241926193,0.0128788910806
67,0.335,16,-0.0130816996098,0.0296662915498,0.113285377622,-0.232995823026,-0.471414893866,-0.552258431911,0.00396273471415
67,0.335,17,0.000700859469362,0.0396982878447,0.094047755003,0.0588364489377,0.0111915925518,-0.265701770782,0.00396273471415
67,0.335,18,0.00977227464318,0.0292944703251,0.115244962275,-0.0905465707183,-0.441799491644,0.496183723211,0.00495341839269
67,0.335,19,0.000517432403285,0.00959399249405,0.0701896175742,-0.00498686078936,-0.330475538969,-0.804396808147,0.00990684051067
67,0.335,20,-0.0129418661818,0.0338250026107,0.0730719938874,0.0288611613214,0.0438970066607,-0.595988512039,0.00396273564547
67,0.335,21,0.0117923831567,0.0333643332124,0.0711409300566,-0.736306011677,-0.183388724923,-0.993052721024,0.00495341978967
67,0.335,22,-0.0164633691311,-0.000288762064883,0.104997992516,-0.066902525723,0.0545842163265,-0.0180243216455,0.0099068377167
67,0.335,23,-0.0303585715592,0.0177341643721,0.109228938818,0.443496435881,-0.333809226751,-0.193833187222,0.00396273564547
67,0.335,24,-0.0186116844416,0.0114662386477,0.129398182034,0.0420931912959,0.226647093892,0.190653428435,0.00594410020858
67,0.335,25,-0.0185800045729,0.0014444119297,0.0799776688218,-0.590718090534,0.0802138820291,-0.416547000408,0.00990684051067
67,0.335,26,-0.0330287739635,0.0204053577036,0.0841048583388,-0.31780809164,-0.26978084445,0.258207529783,0.0039627365768
67,0.335,27,-0.0237139090896,0.0123018259183,0.0593111254275,-0.308182746172,-0.173296526074,-0.37523701787,0.00594410393387
67,0.335,28,-0.0334585309029,-0.00114334106911,0.0975038334727,0.180005416274,-0.0874499753118,-0.046802431345,0.00594410579652
67,0.335,29,0.0175983197987,0.000291816017125,0.104623377323,-0.0391385555267,-0.0994940400124,-0.118887603283,0.0099068377167
67,0.335,30,0.0297138802707,0.0188678242266,0.107772044837,-0.23670591414,0.0362158901989,0.11556712538,0.00396273564547
67,0.335,31,0.0192466564476,0.0131732905284,0.130021095276,0.17831222713,0.0584067627788,0.35225212574,0.00594410020858
67,0.335,32,0.0200295504183,0.00027870509075,0.0809784382582,0.65424901247,-0.0585732534528,-0.402858376503,0.00990684051067
67,0.335,33,0.0325704142451,0.0205447096378,0.0848217830062,0.0903517231345,-0.427238970995,0.228600040078,0.0039627365768
67,0.335,34,0.024476217106,0.0149709740654,0.0594588816166,0.273136049509,-0.0851189941168,-0.151192590594,0.00594410393387
67,0.335,35,0.0373437851667,0.000162793963682,0.0963940322399,0.132262289524,0.0274885203689,-0.0410318374634,0.00594410579652
67,0.335,36,-0.0120285348967,-0.0182415544987,0.0929910168052,0.175006613135,-0.0359509103,0.208579137921,0.0148602584377
67,0.335,37,0.00974411703646,-0.0180372260511,0.0925895422697,-0.180353268981,0.150144949555,-0.128045469522,0.0128788910806
67,0.335,38,0.000819799781311,-0.00951795186847,0.114735268056,0.266581296921,-0.354726225138,0.54743295908,0.0118882022798
67,0.335,39,0.000426556478487,-0.0399295762181,0.0927154347301,0.112137459219,0.117122493684,-0.626934826374,0.00396273471415
67,0.335,40,-0.0124319242314,-0.0300700459629,0.115899369121,0.166832670569,0.408120334148,-0.421716362238,0.00396273471415
67,0.335,41,0.00911191664636,-0.0307209920138,0.115164987743,-0.544163644314,0.81102758646,0.231156036258,0.00495341839269
67,0.335,42,0.00126509869006,-0.0129997041076,0.0705773979425,0.10704972595,0.371246725321,-0.840638399124,0.0118882078677
67,0.335,43,-0.0140645066276,-0.0351769477129,0.0735692232847,0.102884560823,0.0426295846701,-0.469774991274,0.00396273564547
67,0.335,44,0.0129308775067,-0.0322352461517,0.0720002353191,-0.613509833813,-0.160933017731,-0.934093534946,0.00495341978967
67,0.335,45,-0.0318219698966,-0.0184191148728,0.112295269966,-0.0503431074321,0.369940400124,-0.80241304636,0.00396273564547
67,0.335,46,-0.0176060367376,-0.00935803260654,0.12997302413,-0.347020834684,-0.694884240627,0.734432399273,0.0049534169957
67,0.335,47,-0.0330633223057,-0.0195012222975,0.0862413570285,-0.267259091139,0.501874625683,0.0352812670171,0.0039627365768
67,0.335,48,-0.0232039168477,-0.0120638180524,0.0620022639632,-0.379218071699,0.0923649296165,-0.185919448733,0.00495341978967
67,0.335,49,0.0302457138896,-0.0207838825881,0.112137302756,0.344163358212,0.373564690351,-0.708800494671,0.00396273564547
67,0.335,50,0.0176263600588,-0.0109650446102,0.129317983985,0.561680138111,-0.103684842587,1.2201603651,0.0049534169957
67,0.335,51,0.0313943587244,-0.0201901998371,0.0860939100385,-0.11376222223,0.300421178341,0.0710817202926,0.0039627365768
67,0.335,52,0.0231787897646,-0.0151580041274,0.0596693195403,0.290686666965,-0.0647231191397,0.105722554028,0.00495341978967
67,0.335,53,0.00117559800856,0.00291880872101,0.141124755144,-0.0611931607127,0.0611953176558,1.33557450771,0.00396273471415
67,0.335,54,-0.000148060673382,-0.0019103535451,0.0507981181145,-0.0450345985591,0.37465929985,0.214185446501,0.00396273750812
68,0.34,0,0.00065267784521,-0.00075011071749,0.0884710997343,-0.238896027207,0.235470697284,-0.58945286274,0.00990683957934
68,0.34,1,-0.0220567900687,0.0388441346586,0.0977924838662,-0.256321102381,0.788505375385,-1.32765340805,0.00247670989484
68,0.34,2,0.0208510514349,0.0396829918027,0.100977674127,0.0902373641729,0.056619618088,-0.814764380455,0.00247670989484
68,0.34,3,-0.0215081926435,-0.040443867445,0.0961149409413,-0.0345914512873,-0.783260762691,-0.770568311214,0.00247670989484
68,0.34,4,0.0200925581157,-0.0407817512751,0.0970286130905,-0.506751537323,0.291854739189,-0.303086549044,0.00247670989484
68,0.34,5,-0.00177613890264,-0.0235762521625,0.141075327992,-0.336360365152,0.922697126865,1.04451858997,0.00247670919634
68,0.34,6,0.000360651407391,0.0282516758889,0.140184104443,-0.0174148790538,0.0328309684992,1.05957150459,0.00247670919634
68,0.34,7,0.000149822546518,-0.0270318686962,0.0466551110148,-0.125693246722,-0.516783833504,-1.55030214787,0.00247671105899
68,0.34,8,0.000142417426105,0.0192311089486,0.0437905602157,0.11937224865,-0.0109368879348,-1.199832201,0.00247671105899
68,0.34,9,0.0485336780548,-0.000547546893358,0.0748620033264,1.3163844347,-0.0191587004811,-1.16220128536,0.00247670942917
68,0.34,10,0.0416430197656,0.00127636210527,0.11652725935,1.2546441555,-0.048203330487,0.636968791485,0.00247670849785
68,0.34,11,-0.0479458719492,-3.49635665771e-05,0.071964211762,-1.22777104378,0.0410565845668,-1.09751260281,0.00247670942917
68,0.34,12,-0.0423224940896,0.00344367651269,0.118625625968,-1.06614506245,-0.107368722558,0.94483757019,0.00247670849785
68,0.34,13,-0.0122814718634,0.019116608426,0.090799793601,-0.100721389055,0.464001357555,-0.0921019613743,0.0148602584377
68,0.34,14,0.000209167279536,0.0142113966867,0.11831612885,-0.13606993854,0.0391782969236,0.79542195797,0.00990683585405
68,0.34,15,0.0111940018833,0.0183845646679,0.0902654677629,0.362308263779,0.20725402236,0.164658278227,0.0128788910806
68,0.34,16,-0.0138319209218,0.0301945358515,0.112963676453,-0.00812597107142,0.745231986046,0.481419116259,0.00396273471415
68,0.34,17,0.000331693474436,0.040191270411,0.0925521850586,-0.154711410403,0.146833121777,-0.33795902133,0.00396273471415
68,0.34,18,0.0107725104317,0.0313205309212,0.116540029645,0.404249280691,1.01326668262,0.0408437140286,0.00495341839269
68,0.34,19,0.000296016631182,0.0103142177686,0.066230006516,-0.093525223434,0.612091600895,-0.616189718246,0.00990684051067
68,0.34,20,-0.0135459527373,0.0327373445034,0.0696598216891,-0.319653183222,-0.43386426568,-0.757514059544,0.00396273564547
68,0.34,21,0.00911420956254,0.0325203314424,0.0667231306434,-0.213064789772,-0.232975021005,-0.654623329639,0.00495341978967
68,0.34,22,-0.0160818826407,-0.000315777957439,0.107047215104,0.0746136009693,-0.0652239993215,0.719472169876,0.0099068377167
68,0.34,23,-0.0306715313345,0.0187845639884,0.107470154762,-0.575314342976,0.558620274067,-0.403743445873,0.00396273564547
68,0.34,24,-0.0183896180242,0.0128257740289,0.130783766508,-0.044221766293,0.163165330887,0.324280321598,0.00594410020858
68,0.34,25,-0.0217417385429,0.000388177053537,0.0773041322827,-0.624015748501,-0.394479542971,-0.543845355511,0.00990684051067
68,0.34,26,-0.0355581752956,0.0199982244521,0.0842438787222,-0.605597317219,0.0979464873672,-0.2856092453,0.0039627365768
68,0.34,27,-0.0249259453267,0.012527640909,0.0570593550801,-0.197042137384,0.186915457249,-0.465774565935,0.00594410393387
68,0.34,28,-0.0378809645772,-0.000508948229253,0.0955136865377,-1.55512678623,0.30533567071,-0.607732117176,0.00594410579652
68,0.34,29,0.0178282409906,-0.000119884534797,0.105970039964,0.144038721919,-0.0701105520129,0.602338790894,0.0099068377167
68,0.34,30,0.0299599636346,0.0211297608912,0.108017876744,0.352534651756,0.62951785326,0.00595591962337,0.00396273564547
68,0.34,31,0.0207362752408,0.0129952514544,0.131586462259,0.328167676926,-0.134305164218,0.226792126894,0.00594410020858
68,0.34,32,0.0234718769789,-0.00012505830091,0.0771989896894,0.652293264866,-0.0884967669845,-0.851298213005,0.00990684051067
68,0.34,33,0.0337258204818,0.0207528900355,0.0842138007283,0.33579185605,0.434066385031,-0.442140370607,0.0039627365768
68,0.34,34,0.0256494544446,0.0132272196934,0.0583778321743,0.195541322231,-0.504996061325,-0.324817746878,0.00594410393387
68,0.34,35,0.0407049171627,6.60739806335e-06,0.0966978371143,0.99235522747,-0.0174419451505,0.00501660909504,0.00594410579652
68,0.34,36,-0.0115124806762,-0.0195000711828,0.0932728722692,0.0503556169569,-0.290103912354,-0.138523921371,0.0148602584377
68,0.34,37,0.0106257405132,-0.0192837435752,0.0924016013741,0.402037501335,-0.468457102776,-0.0508597828448,0.0128788910806
68,0.34,38,0.00131594378036,-0.0112281804904,0.118813686073,-0.0546311810613,-0.193816691637,0.964955568314,0.0118882022798
68,0.34,39,0.000653617433272,-0.0403602384031,0.0905474796891,-0.0515079163015,-0.323203712702,-0.187412440777,0.00396273471415
68,0.34,40,-0.0126512134448,-0.0300386976451,0.114813640714,-0.260549873114,-0.512361466885,0.0803072154522,0.00396273471415
68,0.34,41,0.00868171826005,-0.0291327051818,0.1158002913,0.394375801086,-0.264549314976,0.0962333679199,0.00495341839269
68,0.34,42,0.000933810428251,-0.0120568377897,0.066949993372,-0.206650808454,-0.0790536254644,-0.558331310749,0.0118882078677
68,0.34,43,-0.0138518987224,-0.0332669876516,0.0713391676545,-0.0594305321574,0.652480840683,-0.43611818552,0.00396273564547
68,0.34,44,0.0104208551347,-0.0344531275332,0.0679499059916,-0.309468179941,-0.460152745247,-0.639768540859,0.00495341978967
68,0.34,45,-0.0326018221676,-0.018346613273,0.108480937779,-0.255220979452,-0.273287475109,-0.641927301884,0.00396273564547
68,0.34,46,-0.0199169572443,-0.0129962228239,0.133024796844,-0.527816712856,-0.487377017736,0.315951108932,0.0049534169957
68,0.34,47,-0.0351516008377,-0.0187991000712,0.0845543295145,-0.458412915468,-0.250605136156,-0.663804292679,0.0039627365768
68,0.34,48,-0.0246476195753,-0.0132479574531,0.0598198994994,-0.14192815125,-0.469839692116,-0.669238686562,0.00495341978967
68,0.34,49,0.0316155515611,-0.0196953136474,0.107468642294,0.23221039772,0.022461887449,-0.908826053143,0.00396273564547
68,0.34,50,0.0219196472317,-0.0117091592401,0.134643599391,0.987387359142,-0.0764525085688,0.699257791042,0.0049534169957
68,0.34,51,0.0321281403303,-0.0208223480731,0.0849630236626,0.414424806833,-0.522517025471,-0.530588805676,0.0039627365768
68,0.34,52,0.0253370329738,-0.0141307124868,0.0597762204707,0.437939196825,0.321917414665,-0.151698619127,0.00495341978967
68,0.34,53,0.000588174618315,0.00229212641716,0.144436880946,-0.117242060602,-0.278105467558,-0.0811341479421,0.00396273471415
68,0.34,54,0.000293252523988,-0.000313072145218,0.0487070605159,0.19820562005,0.0684096962214,-1.10454571247,0.00396273750812
69,0.345,0,-0.000422722427174,0.000674066133797,0.0874250605702,-0.125826075673,0.261367946863,0.177378594875,0.00990683957934
69,0.345,1,-0.0254150424153,0.0441813580692,0.0893699079752,-0.789063870907,0.900948703289,-1.79445338249,0.00247670989484
69,0.345,2,0.0229952540249,0.0415532179177,0.0932198017836,0.619300305843,0.54745477438,-2.07148551941,0.00247670989484
69,0.345,3,-0.0237533319741,-0.0440742298961,0.091570481658,-0.683133780956,-0.422785252333,-0.969305038452,0.00247670989484
69,0.345,4,0.0206662993878,-0.0412231720984,0.0943637043238,0.694757461548,-0.505114555359,-0.744504451752,0.00247670989484
69,0.345,5,-0.0022612886969,-0.0206359252334,0.145335525274,0.161138981581,0.164418339729,0.5418446064,0.00247670919634
69,0.345,6,0.000135590235004,0.028247313574,0.143843963742,-0.0218593589962,-0.129299476743,0.218684136868,0.00247670919634
69,0.345,7,-0.000643959559966,-0.0279458723962,0.0411141477525,-0.145687282085,0.191747054458,-0.519903600216,0.00247671105899
69,0.345,8,0.000439457886387,0.0213880371302,0.039061088115,0.00684357155114,0.682198643684,-0.571266770363,0.00247671105899
69,0.345,9,0.0529794767499,-0.000620194594376,0.0681877434254,0.247579842806,-0.00217736489139,-1.30936932564,0.00247670942917
69,0.345,10,0.045296870172,0.000771189108491,0.121108174324,0.109381452203,-0.133086174726,0.897842943668,0.00247670849785
69,0.345,11,-0.0513961017132,0.000235604078625,0.0661164820194,0.0140890227631,0.0314952395856,-1.12339019775,0.00247670942917
69,0.345,12,-0.0437792539597,0.0016582965618,0.122790008783,0.519715607166,-0.524120390415,0.475420981646,0.00247670849785
69,0.345,13,-0.0124429091811,0.0207712575793,0.0905729830265,-0.05049495399,0.195739164948,0.0686764717102,0.0148602584377
69,0.345,14,0.000319330167258,0.0136433802545,0.120562635362,0.159413397312,-0.102594159544,0.0245269108564,0.00990683585405
69,0.345,15,0.0125333303586,0.0199093874544,0.0913752838969,0.18687453866,0.356489747763,0.264432102442,0.0128788910806
69,0.345,16,-0.0130704445764,0.0352491848171,0.116200529039,0.291615575552,0.913603067398,0.508614420891,0.00396273471415
69,0.345,17,-0.000703455356415,0.0409416519105,0.0904419049621,-0.245421901345,0.0996122658253,-0.512450516224,0.00396273471415
69,0.345,18,0.012575827539,0.0357879213989,0.116217888892,0.247430637479,0.528287708759,-0.155791863799,0.00495341839269
69,0.345,19,-0.000326010514982,0.013960281387,0.0644854903221,-0.127693802118,0.568109273911,-0.136138319969,0.00990684051067
69,0.345,20,-0.0159490313381,0.0306585282087,0.0658416002989,-0.533291935921,-0.265292257071,-0.683920741081,0.00396273564547
69,0.345,21,0.0102035021409,0.0311095416546,0.0652121752501,0.57737326622,-0.24447016418,0.0297396797687,0.00495341978967
69,0.345,22,-0.0175832770765,-0.000478108442621,0.110276259482,-0.720609545708,0.0471443161368,0.390535801649,0.0099068377167
69,0.345,23,-0.0340224839747,0.0212122239172,0.105693221092,-0.480980992317,0.305324554443,-0.340182095766,0.00396273564547
69,0.345,24,-0.0198819749057,0.0129721816629,0.131946086884,-0.528893351555,-0.00435911118984,0.0700808167458,0.00594410020858
69,0.345,25,-0.0246142782271,-0.00133064726833,0.0753929242492,-0.501510620117,-0.211781516671,-0.187806487083,0.00990684051067
69,0.345,26,-0.0377325117588,0.0208741445094,0.0808413252234,-0.132787883282,0.172790214419,-0.991286456585,0.0039627365768
69,0.345,27,-0.0254644118249,0.012874700129,0.054986204952,0.0203498862684,-0.153823882341,-0.349538594484,0.00594410393387
69,0.345,28,-0.0451369173825,0.00110423972365,0.0929982289672,-1.08792006969,0.248396575451,-0.343045353889,0.00594410579652
69,0.345,29,0.0195682886988,-0.000411981076468,0.109353706241,0.557153880596,-0.040127273649,0.578371882439,0.0099068377167
69,0.345,30,0.0327494814992,0.0227256659418,0.107769295573,0.621142089367,-0.0866802558303,-0.147607922554,0.00396273564547
69,0.345,31,0.0218995437026,0.0125101376325,0.131791040301,0.138373836875,0.0242759026587,-0.157782241702,0.00594410020858
69,0.345,32,0.0260338243097,-0.000514620740432,0.0749201029539,0.335719883442,-0.0640725344419,0.0235709007829,0.00990684051067
69,0.345,33,0.0352528691292,0.0229330454022,0.0808967575431,0.197186991572,0.231674581766,-0.80242395401,0.0039627365768
69,0.345,34,0.0259295701981,0.0110666481778,0.0558350719512,-0.142757147551,-0.288918197155,-0.654933929443,0.00594410393387
69,0.345,35,0.0448777079582,0.000509680190589,0.0953649133444,0.506441712379,0.196122825146,-0.530790328979,0.00594410579652
69,0.345,36,-0.0114727169275,-0.0202611275017,0.0921149775386,-0.0463268831372,-0.0317435003817,-0.227722451091,0.0148602584377
69,0.345,37,0.0123584205285,-0.0209514610469,0.0914827883244,0.219442456961,-0.138452991843,-0.29458668828,0.0128788910806
69,0.345,38,0.000813093269244,-0.0117744486779,0.122591391206,-0.0919957980514,-0.146966844797,0.361511707306,0.0118882022798
69,0.345,39,-0.00064190098783,-0.0425646901131,0.0908748582006,-0.435668468475,-0.376585036516,0.251670300961,0.00396273471415
69,0.345,40,-0.013990983367,-0.0340058915317,0.115920618176,-0.136653855443,-0.74376475811,0.178606376052,0.00396273471415
69,0.345,41,0.0118681350723,-0.0323196426034,0.116840831935,0.694655001163,-0.73531293869,0.289773076773,0.00495341839269
69,0.345,42,-0.000220250891289,-0.0134135941043,0.0648418217897,-0.184293270111,-0.316259413958,-0.31357550621,0.0118882078677
69,0.345,43,-0.0146875744686,-0.0304675996304,0.0690589845181,-0.211786165833,0.246871069074,-0.464718222618,0.00396273564547
69,0.345,44,0.0103175453842,-0.0350249931216,0.0659366101027,0.233499914408,0.255355685949,-0.141770109534,0.00495341978967
69,0.345,45,-0.033614590764,-0.0198249239475,0.105676487088,-0.0580677725375,-0.200450986624,-0.544539809227,0.00396273564547
69,0.345,46,-0.0225842166692,-0.0134340934455,0.132456153631,-0.487819880247,0.18713568151,-0.471392631531,0.0049534169957
69,0.345,47,-0.0366569831967,-0.0213170591742,0.0804012492299,-0.071484901011,-0.589112341404,-0.88506436348,0.0039627365768
69,0.345,48,-0.0244313348085,-0.0150830792263,0.0557796508074,0.178949564695,-0.101362764835,-0.866991400719,0.00495341978967
69,0.345,49,0.033303566277,-0.0203422494233,0.104861743748,0.448614805937,-0.178985103965,-0.141876667738,0.00396273564547
69,0.345,50,0.0256456341594,-0.0113893952221,0.135154873133,0.37993106246,0.124479584396,-0.448297053576,0.0049534169957
69,0.345,51,0.0351641736925,-0.0238697044551,0.0809199139476,0.657439231873,-0.4768024683,-0.996174514294,0.0039627365768
69,0.345,52,0.0261260010302,-0.0133797274902,0.0575790256262,-0.187077328563,-0.0793116167188,-0.690312325954,0.00495341978967
69,0.345,53,0.000349817681126,0.00096916325856,0.141607016325,0.0159292072058,-0.143533080816,-0.729500234127,0.00396273471415
69,0.345,54,0.0012917566346,-0.00158831325825,0.0427460968494,0.141281023622,-0.439793795347,-0.876959145069,0.00396273750812
70,0.35,0,-0.000399926007958,0.00134245632216,0.0899631306529,0.109455220401,-0.00991642754525,0.743277609348,0.00990683957934
70,0.35,1,-0.0278860852122,0.0448767207563,0.0820107087493,-0.135332435369,-0.625946998596,-1.00116121769,0.00247670989484
70,0.35,2,0.0255550276488,0.0433263778687,0.0830937549472,0.333954334259,0.0694496780634,-1.70038211346,0.00247670989484
70,0.35,3,-0.0268489681184,-0.0433107502759,0.0873965471983,-0.46856918931,0.658915102482,-0.615558803082,0.00247670989484
70,0.35,4,0.0249036159366,-0.0436481200159,0.0900626778603,0.757459104061,-0.18288333714,-0.876613438129,0.00247670989484
70,0.35,5,-0.000474179483717,-0.0217685867101,0.145058229566,0.484050095081,-0.506360530853,-0.724334895611,0.00247670919634
70,0.35,6,0.000251718389336,0.0266005694866,0.141315981746,0.0547960065305,-0.470306485891,-1.16271162033,0.00247670919634
70,0.35,7,-0.00101140432525,-0.0259008202702,0.0414767749608,0.00108990864828,0.442556917667,0.514331698418,0.00247671105899
70,0.35,8,0.000223183640628,0.0242860149592,0.0393400527537,-0.0864174813032,0.361921399832,0.711480796337,0.00247671105899
70,0.35,9,0.0497159324586,-0.000611538707744,0.0629959702492,-1.48209238052,-0.00472200382501,-0.737745523453,0.00247670942917
70,0.35,10,0.0435835570097,0.000266035902314,0.123610801995,-0.527574837208,-0.0446451567113,0.0675910711288,0.00247670849785
70,0.35,11,-0.0474897511303,-5.19600762345e-05,0.0616809241474,1.35371899605,-0.160975456238,-0.626225590706,0.00247670942917
70,0.35,12,-0.039591666311,-0.000869892770424,0.122500620782,0.629826724529,-0.40376123786,-0.48251157999,0.00247670849785
70,0.35,13,-0.0133647676557,0.0213555488735,0.0914775654674,-0.300706297159,0.0542138591409,0.212731212378,0.0148602584377
70,0.35,14,0.000993297202513,0.0137984398752,0.118254333735,0.0240382552147,0.108653634787,-0.876778662205,0.00990683585405
70,0.35,15,0.0134068224579,0.0214914549142,0.0926331803203,0.179706409574,0.219420447946,0.19267642498,0.0128788910806
70,0.35,16,-0.0113340625539,0.0367591194808,0.11604180187,0.311710894108,-0.329598814249,-0.594516992569,0.00396273471415
70,0.35,17,-0.00177756370977,0.0406117960811,0.0876945182681,-0.141218915582,-0.222819104791,-0.532176852226,0.00396273471415
70,0.35,18,0.013195740059,0.0358186140656,0.114593334496,0.0533512383699,-0.412599444389,-0.523604869843,0.00495341839269
70,0.35,19,-0.00070308271097,0.0141377411783,0.0645340383053,-0.00701283244416,-0.481610655785,0.151918977499,0.00990684051067
70,0.35,20,-0.0175185222179,0.030590115115,0.0638822838664,0.0294519532472,0.147327318788,-0.0449420250952,0.00396273564547
70,0.35,21,0.0136213283986,0.0307884477079,0.0664512068033,0.616848528385,0.0839530676603,0.350723356009,0.00495341978967
70,0.35,22,-0.022328786552,0.000438660994405,0.109632275999,-0.94821536541,0.303914576769,-0.666557729244,0.0099068377167
70,0.35,23,-0.0341204367578,0.0218101143837,0.103718981147,0.342908531427,0.0415926873684,-0.436041235924,0.00396273564547
70,0.35,24,-0.0225722938776,0.0138054601848,0.130923673511,-0.394758492708,0.3699657619,-0.480367928743,0.00594410020858
70,0.35,25,-0.0261662565172,-0.00138577178586,0.0755546689034,-0.0474954657257,0.163723662496,0.233171179891,0.00990684051067
70,0.35,26,-0.036283634603,0.021131310612,0.0756866782904,0.630506157875,-0.0866304934025,-0.926797866821,0.0039627365768
70,0.35,27,-0.0243248380721,0.0107971383259,0.0535938590765,0.447373211384,-0.576066255569,-0.2234929353,0.00594410393387
70,0.35,28,-0.0474125705659,0.00137676962186,0.0917917564511,0.145834594965,-0.144634217024,-0.226271539927,0.00594410579652
70,0.35,29,0.0227880142629,-0.000355775293428,0.110192038119,0.602498531342,0.0760057941079,-0.316257476807,0.0099068377167
70,0.35,30,0.034916870296,0.0207282230258,0.106107763946,0.2189219594,-0.527232050896,-0.51498323679,0.00396273564547
70,0.35,31,0.0223912596703,0.0137462690473,0.130093425512,0.0716714933515,0.438046425581,-0.479027956724,0.00594410020858
70,0.35,32,0.0262389555573,-0.000721848686226,0.07677090168,-0.306755661964,-0.0102591915056,0.531570017338,0.00990684051067
70,0.35,33,0.0352244898677,0.0220557507128,0.0768521651626,-0.191052287817,-0.531803369522,-0.764478385448,0.0039627365768
70,0.35,34,0.0238754861057,0.0103190224618,0.0528825446963,-0.650162279606,-0.0700703784823,-0.404847502708,0.00594410393387
70,0.35,35,0.0451262630522,0.00121022399981,0.0920387282968,-0.32374355197,-0.00365345645696,-0.697037518024,0.00594410579652
70,0.35,36,-0.0121560692787,-0.0202045142651,0.0914585143328,-0.217901363969,0.0295064430684,-0.0629406869411,0.0148602584377
70,0.35,37,0.0130423028022,-0.0210065525025,0.0901602804661,0.125594362617,0.0583064183593,-0.157755941153,0.0128788910806
70,0.35,38,0.00059305614559,-0.013264558278,0.121051415801,-0.0103186070919,-0.386194139719,-0.95336830616,0.0118882022798
70,0.35,39,-0.00245733768679,-0.0423562601209,0.0923249721527,-0.154323607683,0.505937337875,0.253154397011,0.00396273471415
70,0.35,40,-0.0132718347013,-0.0349813513458,0.115316562355,0.390209287405,0.383155018091,-0.429275393486,0.00396273471415
70,0.35,41,0.0144405178726,-0.0343454927206,0.11750806123,0.300937205553,-0.00470778020099,-0.146289274096,0.00495341839269
70,0.35,42,-0.000482333212858,-0.0138583863154,0.0640833303332,0.0638484060764,0.196751773357,0.0703538656235,0.0118882078677
70,0.35,43,-0.0150667438284,-0.0317191816866,0.0670878738165,0.128814637661,-0.595979988575,-0.277629226446,0.00396273564547
70,0.35,44,0.0120567688718,-0.032743178308,0.0667215809226,0.368665367365,0.482646971941,0.406306087971,0.00495341978967
70,0.35,45,-0.0330679863691,-0.020177686587,0.102722480893,0.175316721201,-0.0321975573897,-0.608547091484,0.00396273564547
70,0.35,46,-0.0238518994302,-0.0128383049741,0.129551514983,0.0839951261878,-0.0667524188757,-0.569267332554,0.0049534169957
70,0.35,47,-0.0355070158839,-0.0230713188648,0.0764894783497,0.487931877375,-0.0149052049965,-0.653825283051,0.0039627365768
70,0.35,48,-0.0234647355974,-0.0137183479965,0.0519114509225,0.176655367017,0.530191600323,-0.617612838745,0.00495341978967
70,0.35,49,0.0351860709488,-0.020595325157,0.104737535119,0.195249333978,0.0861092582345,-0.0763581544161,0.00396273564547
70,0.35,50,0.0250950492918,-0.0116759939119,0.13126295805,-0.564935266972,-0.31238630414,-0.949435591698,0.0049534169957
70,0.35,51,0.0370042584836,-0.0240097623318,0.0761508271098,-0.0184946749359,0.43181464076,-0.805705845356,0.0039627365768
70,0.35,52,0.0236665476114,-0.0144451148808,0.0538800321519,-0.678953766823,-0.216574043036,-0.666909992695,0.00495341978967
70,0.35,53,0.000460304552689,0.00127418676857,0.139549329877,-0.00439797714353,0.190158978105,-0.131874203682,0.00396273471415
70,0.35,54,0.00131226377562,-0.00313681084663,0.0419413968921,-0.137702777982,-0.0528086870909,0.474471330643,0.00396273750812
71,0.355,0,0.000288611481665,0.000629401882179,0.093652844429,0.120710246265,-0.239094659686,0.582943677902,0.00990683957934
71,0.355,1,-0.0273035485297,0.0400634855032,0.080346673727,0.206192538142,-0.900448381901,0.300268530846,0.00247670989484
71,0.355,2,0.02652207762,0.0423668138683,0.078357629478,0.135174289346,-0.361849367619,-0.134131297469,0.00247670989484
71,0.355,3,-0.0281927250326,-0.0394006744027,0.0860149338841,-0.0939228162169,0.641763329506,0.0459928438067,0.00247670989484
71,0.355,4,0.0271278750151,-0.0418974235654,0.0866276398301,0.175837859511,0.75745254755,-0.430014044046,0.00247670989484
71,0.355,5,0.00189017958473,-0.0248746555299,0.138197362423,0.387379646301,-0.681381464005,-1.83918821812,0.00247670919634
71,0.355,6,0.000511993246619,0.0247557647526,0.133729293942,0.0336605273187,-0.120885871351,-1.6387706995,0.00247670919634
71,0.355,7,-0.000865970971063,-0.0250689089298,0.0449467934668,0.0238795429468,-0.132205441594,0.790105521679,0.00247671105899
71,0.355,8,-0.000338861922501,0.0247423574328,0.0455495864153,-0.122171111405,-0.0832570195198,1.53407263756,0.00247671105899
71,0.355,9,0.0399936288595,-0.000760976807214,0.0604249872267,-2.0750439167,-0.0599675104022,-0.401483923197,0.00247670942917
71,0.355,10,0.0422406606376,0.000210172249353,0.122149653733,0.0221610963345,-0.0178526453674,-0.587601363659,0.00247670849785
71,0.355,11,-0.0408375412226,-0.00128185143694,0.0595764815807,0.993611216545,-0.278747498989,-0.284542530775,0.00247670942917
71,0.355,12,-0.0414085201919,-0.00203970330767,0.119447477162,-1.15186738968,-0.0717309266329,-0.693518877029,0.00247670849785
71,0.355,13,-0.0146435266361,0.0209927335382,0.0915840044618,-0.112581469119,-0.235661923885,-0.25767326355,0.0148602584377
71,0.355,14,0.000212588405702,0.0136299468577,0.112848654389,-0.294583648443,-0.26022669673,-1.13584184647,0.00990683585405
71,0.355,15,0.0141482185572,0.0215050633997,0.0926588252187,0.0895516425371,-0.229904100299,-0.237554758787,0.0128788910806
71,0.355,16,-0.0110774375498,0.0338212698698,0.111163496971,-0.260979741812,-0.483512103558,-1.14832437038,0.00396273471415
71,0.355,17,-0.00169760792051,0.0396343618631,0.0856437310576,0.1910700351,-0.0358442440629,-0.256666570902,0.00396273471415
71,0.355,18,0.0138539196923,0.0336225442588,0.110906355083,0.260139524937,-0.229787275195,-0.911045312881,0.00495341839269
71,0.355,19,-0.000393790047383,0.0104966647923,0.0664697512984,0.104897335172,-0.751509130001,0.669105112553,0.00990684051067
71,0.355,20,-0.0147122777998,0.0308604352176,0.0653146356344,1.05690562725,-0.110559120774,0.520980536938,0.00396273564547
71,0.355,21,0.0149282263592,0.0308947563171,0.06757440418,-0.133739843965,-0.135426387191,0.0337394028902,0.00495341978967
71,0.355,22,-0.0249039772898,0.00191889260896,0.104419969022,-0.0328039191663,0.189350187778,-1.17985224724,0.0099068377167
71,0.355,23,-0.0332419089973,0.0230350028723,0.101936064661,-0.263649016619,0.486855834723,-0.222001209855,0.00396273564547
71,0.355,24,-0.0228334646672,0.0159378964454,0.127261340618,0.25655528903,0.322759956121,-0.956409096718,0.00594410020858
71,0.355,25,-0.0242920871824,-0.00021118830773,0.0774009749293,0.807716548443,0.236146047711,0.423072069883,0.00990684051067
71,0.355,26,-0.0330349951982,0.0200661104172,0.0723925083876,0.481450110674,-0.317849576473,-0.402400374413,0.0039627365768
71,0.355,27,-0.0210881903768,0.00852456316352,0.0526269860566,0.772763609886,-0.212420552969,-0.160820960999,0.00594410393387
71,0.355,28,-0.0448486357927,-1.21179273265e-05,0.0898864120245,0.664349198341,-0.325083613396,-0.576563954353,0.00594410579652
71,0.355,29,0.0243097078055,0.000321183499182,0.106349647045,-0.0374105162919,0.169514343143,-1.05795538425,0.0099068377167
71,0.355,30,0.0356887578964,0.0195426158607,0.102916739881,0.205748274922,0.169614031911,-0.709316313267,0.00396273564547
71,0.355,31,0.0224030539393,0.0157928392291,0.127229988575,-0.0858625769615,0.228221982718,-0.67062997818,0.00594410020858
71,0.355,32,0.0224374905229,-0.000539100612514,0.0786746367812,-1.17247772217,0.0755111277103,0.15317940712,0.00990684051067
71,0.355,33,0.0338530056179,0.0188124626875,0.0736467987299,-0.286386966705,-0.612682878971,-0.490038454533,0.0039627365768
71,0.355,34,0.0200615599751,0.00992169510573,0.0525033287704,-0.769493460655,-0.0967492610216,0.21890643239,0.00594410393387
71,0.355,35,0.0430317893624,-1.65937635757e-05,0.0891046524048,-0.364938110113,-0.439893186092,-0.474216133356,0.00594410579652
71,0.355,36,-0.0132325477898,-0.0197274368256,0.090761013329,-0.158694252372,0.203791633248,-0.289868116379,0.0148602584377
71,0.355,37,0.0140243228525,-0.020424798131,0.0902678146958,0.254745572805,0.198547884822,0.158985376358,0.0128788910806
71,0.355,38,0.000447881116997,-0.0143628437072,0.11416117847,-0.0712278112769,0.0613972619176,-1.60163879395,0.0118882022798
71,0.355,39,-0.00146741105709,-0.038603682071,0.0927173197269,0.506110370159,0.720081627369,-0.140216007829,0.00396273471415
71,0.355,40,-0.0112577155232,-0.0318470820785,0.112439155579,0.247299984097,0.527855455875,-0.575101613998,0.00396273471415
71,0.355,41,0.0151973450556,-0.0329633057117,0.114671945572,0.0925771519542,0.355815678835,-0.950300514698,0.00495341839269
71,0.355,42,-6.34375173831e-05,-0.0118155824021,0.0662808343768,0.0476688966155,0.468366712332,0.806330323219,0.0118882078677
71,0.355,43,-0.0130670424551,-0.0341810360551,0.0666454732418,0.626474022865,-0.218681663275,0.100532092154,0.00396273564547
71,0.355,44,0.0132107315585,-0.0317079983652,0.0690628513694,0.0567842274904,-0.104512743652,0.408247739077,0.00495341978967
71,0.355,45,-0.0332096926868,-0.0210981220007,0.100519314408,-0.298147618771,-0.322268873453,-0.169438093901,0.00396273564547
71,0.355,46,-0.0212014559656,-0.0136138852686,0.126719459891,0.849527239799,-0.0567185133696,-0.666014134884,0.0049534169957
71,0.355,47,-0.0326685346663,-0.0212862193584,0.0737420991063,0.521115481853,0.62545055151,-0.482777357101,0.0039627365768
71,0.355,48,-0.0223156437278,-0.0115265734494,0.0501575246453,0.365715801716,0.192984357476,-0.0608510002494,0.00495341978967
71,0.355,49,0.0349527187645,-0.0200554002076,0.103266246617,-0.194439738989,0.0461268350482,-0.473029464483,0.00396273564547
71,0.355,50,0.0208241008222,-0.0139973042533,0.126459270716,-0.964631676674,-0.422997295856,-0.962643921375,0.0049534169957
71,0.355,51,0.0350637808442,-0.0204485096037,0.073470890522,-0.617951333523,0.808897316456,-0.286535590887,0.0039627365768
71,0.355,52,0.0204116906971,-0.0143909826875,0.0517039559782,-0.579720079899,0.266767263412,-0.185675948858,0.00495341978967
71,0.355,53,0.000176576722879,0.00183246005327,0.137673944235,-0.0979239791632,-0.0346930958331,-0.870559811592,0.00396273471415
71,0.355,54,6.16068427917e-05,-0.00154697336257,0.0452140383422,-0.315508961678,0.60440415144,0.523020446301,0.00396273750812
72,0.36,0,0.000460511801066,-0.000544100650586,0.0942107141018,-0.063756801188,-0.15924474597,-0.435067802668,0.00990683957934
72,0.36,1,-0.0268101915717,0.0386042743921,0.0837709903717,0.0056316559203,0.283648461103,0.841056227684,0.00247670989484
72,0.36,2,0.0273626372218,0.04023071751,0.0812929198146,0.200836211443,-0.453003972769,1.08046424389,0.00247670989484
72,0.36,3,-0.0276382789016,-0.0383729673922,0.0871812030673,0.337796539068,-0.168942779303,0.310432195663,0.00247670989484
72,0.36,4,0.027901308611,-0.038519512862,0.0859242230654,0.275595784187,0.348605781794,0.065486907959,0.00247670989484
72,0.36,5,0.00272550596856,-0.0282342657447,0.128660723567,-0.0674174427986,-0.614808320999,-1.81053626537,0.00247670919634
72,0.36,6,0.000570585601963,0.0262578614056,0.126385450363,0.00230543268844,0.664512634277,-1.27341806889,0.00247670919634
72,0.36,7,-0.000675085408147,-0.0263031870127,0.0490444004536,0.106484137475,-0.22898606956,0.781294882298,0.00247671105899
72,0.36,8,-0.000661328202114,0.0248029138893,0.0515873320401,0.0370067618787,0.175442695618,0.598780632019,0.00247671105899
72,0.36,9,0.0323962457478,-0.00111222441774,0.0582721158862,-0.736516296864,-0.050167478621,-0.443910092115,0.00247670942917
72,0.36,10,0.0425336137414,-7.43287964724e-05,0.117541052401,-0.0485031418502,-0.0769358724356,-1.26157319546,0.00247670849785
72,0.36,11,-0.0385504849255,-0.0020956909284,0.0586474835873,0.107537545264,0.00686230324209,-0.0791428983212,0.00247670942917
72,0.36,12,-0.0463181994855,-0.00142955593765,0.114584565163,-0.470751613379,0.316055059433,-1.30185496807,0.00247670849785
72,0.36,13,-0.0142162023112,0.0193519406021,0.0888022780418,0.214866250753,-0.289585858583,-0.728097140789,0.0148602584377
72,0.36,14,-0.00114949443378,0.0117281917483,0.108294166625,-0.156389534473,-0.280949831009,-0.618969082832,0.00990683585405
72,0.36,15,0.0142712332308,0.0197236053646,0.089919924736,-0.0154235940427,-0.34768986702,-0.808455049992,0.0128788910806
72,0.36,16,-0.0132653573528,0.0340962745249,0.10605006665,-0.441498786211,0.485444039106,-0.867012858391,0.00396273471415
72,0.36,17,6.88559375703e-05,0.0407545268536,0.0852769985795,0.4650208354,0.402659654617,0.0816616266966,0.00396273471415
72,0.36,18,0.015407207422,0.0344032272696,0.106082431972,0.245376035571,0.407846927643,-0.930225789547,0.00495341839269
72,0.36,19,-5.86564237892e-05,0.00856358744204,0.0711506903172,-0.0134167838842,0.0572259128094,1.03936862946,0.00990684051067
72,0.36,20,-0.00892430171371,0.0300800520927,0.0680153369904,0.873068332672,-0.00693665724248,0.424185246229,0.00396273564547
72,0.36,21,0.0131431929767,0.0296242050827,0.0670854598284,-0.34006306529,-0.22360470891,-0.107173025608,0.00495341978967
72,0.36,22,-0.0237513612956,0.00170910125598,0.100243143737,0.277736276388,-0.246658295393,-0.402364820242,0.0099068377167
72,0.36,23,-0.0367316827178,0.0249382313341,0.101270452142,-0.849164783955,0.0192270502448,-0.152585074306,0.00396273564547
72,0.36,24,-0.0212496686727,0.0159026570618,0.121570073068,0.209383130074,-0.310691684484,-1.25007796288,0.00594410020858
72,0.36,25,-0.0188891831785,0.000509731878992,0.0784408822656,1.12789487839,0.0413240753114,-0.141792744398,0.00990684051067
72,0.36,26,-0.0324010103941,0.0182066485286,0.0713048651814,-0.178345233202,-0.363447636366,-0.0850262567401,0.0039627365768
72,0.36,27,-0.0178829785436,0.00918766483665,0.052235443145,0.387600779533,0.424031615257,0.0212828442454,0.00594410393387
72,0.36,28,-0.0424628779292,-0.000996183487587,0.0862631350756,0.235154598951,-0.0225825086236,-0.769356787205,0.00594410579652
72,0.36,29,0.0230934098363,0.00115911755711,0.101558215916,-0.277750045061,0.161065533757,-0.712930798531,0.0099068377167
72,0.36,30,0.0370624177158,0.0218090098351,0.0993873625994,0.251346766949,0.5212200284,-0.672673881054,0.00396273564547
72,0.36,31,0.0216031279415,0.0151459947228,0.123062036932,-0.197910711169,-0.430627971888,-1.00575697422,0.00594410020858
72,0.36,32,0.0161577817053,-0.000183893920621,0.078241661191,-1.03297138214,0.0327234789729,-0.279234051704,0.00990684051067
72,0.36,33,0.0329252891243,0.0168051552027,0.0722560361028,-0.0450107604265,-0.199574425817,-0.0808688551188,0.0039627365768
72,0.36,34,0.0170795936137,0.00975645985454,0.0539595559239,-0.404783457518,0.0982473790646,0.198109179735,0.00594410393387
72,0.36,35,0.0420216731727,-0.001981157111,0.0867634266615,-0.0848570391536,-0.209566503763,-0.523724138737,0.00594410579652
72,0.36,36,-0.0136503065005,-0.0183961503208,0.0884435325861,-0.0590084195137,0.202758520842,-0.54576420784,0.0148602584377
72,0.36,37,0.0151122054085,-0.0189566928893,0.0907265767455,0.135552167892,0.327142775059,-0.0902362465858,0.0128788910806
72,0.36,38,-0.0002269759716,-0.0125727886334,0.107047811151,-0.182429566979,0.482536107302,-1.0704267025,0.0118882022798
72,0.36,39,0.0014161641011,-0.0377676226199,0.090712428093,0.488529890776,-0.44956111908,-0.631230115891,0.00396273471415
72,0.36,40,-0.0116990730166,-0.0320174284279,0.110098563135,-0.360644161701,-0.513725578785,-0.459065169096,0.00396273471415
72,0.36,41,0.0157987289131,-0.0328198932111,0.109028711915,0.10206349194,-0.356954693794,-1.13524830341,0.00495341839269
72,0.36,42,-0.000325813132804,-0.0109710870311,0.0710466131568,-0.145631805062,-0.234820812941,0.868449926376,0.0118882078677
72,0.36,43,-0.00998767558485,-0.0336907580495,0.0678731799126,0.415052622557,0.252289354801,0.321740448475,0.00396273564547
72,0.36,44,0.0129627315328,-0.0329964980483,0.0700272396207,-0.0371504351497,-0.274749934673,-0.00861768238246,0.00495341978967
72,0.36,45,-0.035362444818,-0.0220836307853,0.101199358702,-0.384639561176,0.0602701716125,0.309096127748,0.00396273564547
72,0.36,46,-0.0175929814577,-0.0122376596555,0.122177354991,0.372386753559,0.534568071365,-1.10956835747,0.0049534169957
72,0.36,47,-0.0313888713717,-0.0183691252023,0.0715867131948,-0.0532094649971,0.380461633205,-0.3622148633,0.0039627365768
72,0.36,48,-0.0191684104502,-0.0123558230698,0.0514669306576,0.843297600746,-0.441992402077,0.541880190372,0.00495341978967
72,0.36,49,0.0347949564457,-0.0205792374909,0.101128175855,0.252426922321,-0.224083811045,-0.265123516321,0.00396273564547
72,0.36,50,0.0175003614277,-0.0139651959762,0.121693864465,-0.224344566464,0.463996738195,-0.910761296749,0.0049534169957
72,0.36,51,0.0324091091752,-0.0175918396562,0.072671584785,-0.325332969427,0.245556592941,-0.123074956238,0.0039627365768
72,0.36,52,0.0174204856157,-0.0125973559916,0.0520208701491,-0.681021034718,0.276507854462,0.268761456013,0.00495341978967
72,0.36,53,-0.0002982369042,0.000875957426615,0.130199506879,-0.0650974586606,-0.288525730371,-1.9075371027,0.00396273471415
72,0.36,54,-0.00113987270743,0.00129679846577,0.0455890372396,-0.0978906303644,0.382591247559,-0.256422013044,0.00396273750812
73,0.365,0,-0.000286244787276,-0.000382929487387,0.0902436748147,-0.202338472009,0.197699576616,-0.872839450836,0.00990683957934
73,0.365,1,-0.0269168447703,0.0412967838347,0.0868448242545,-0.0294707678258,0.608296453953,0.268728345633,0.00247670989484
73,0.365,2,0.0287571661174,0.0390095636249,0.0863821282983,0.415453463793,0.133567467332,0.680907547474,0.00247670989484
73,0.365,3,-0.0251948107034,-0.0400607027113,0.0882707685232,0.485024988651,-0.464070171118,0.0606424622238,0.00247670989484
73,0.365,4,0.030306911096,-0.0391803570092,0.086192175746,0.608945548534,-0.492001861334,-0.0244725290686,0.00247670989484
73,0.365,5,0.00153393554501,-0.0303811524063,0.121294051409,-0.346098542213,-0.207084745169,-1.04126107693,0.00247670919634
73,0.365,6,0.000527030497324,0.0303961895406,0.121323570609,-0.0419465973973,0.867691040039,-0.675927639008,0.00247670919634
73,0.365,7,0.000668453343678,-0.0270851477981,0.0512488558888,0.396682828665,-0.199550583959,-0.0509143620729,0.00247671105899
73,0.365,8,0.000160013805726,0.0259835161269,0.0503635667264,0.242805942893,0.232993006706,-0.886352717876,0.00247671105899
73,0.365,9,0.0330339185894,-0.00115000223741,0.056524861604,0.776763141155,0.0139137413353,-0.256811320782,0.00247670942917
73,0.365,10,0.04204672575,-0.000229497236433,0.110331848264,0.0716118961573,0.0545025840402,-1.4135235548,0.00247670849785
73,0.365,11,-0.0377759709954,-0.00115945958532,0.0585405267775,0.278944820166,0.303272485733,-0.0511263608932,0.00247670942917
73,0.365,12,-0.0459192954004,0.000873680924997,0.107564754784,0.310395807028,0.529351055622,-1.21009457111,0.00247670849785
73,0.365,13,-0.0134214805439,0.0194563902915,0.0860970392823,0.0134989582002,0.385624617338,-0.244531854987,0.0148602584377
73,0.365,14,-0.00078709970694,0.0128737548366,0.10595946759,0.262830704451,0.74117654562,-0.480607688427,0.00990683585405
73,0.365,15,0.0143227437511,0.01922509633,0.0857515409589,0.0719590559602,0.175224810839,-0.705817461014,0.0128788910806
73,0.365,16,-0.0142875844613,0.0364706106484,0.102484837174,0.0384312905371,0.295135945082,-0.531934440136,0.00396273471415
73,0.365,17,0.00231906282715,0.042734157294,0.0858270823956,0.360233187675,0.336219280958,0.0294227264822,0.00396273471415
73,0.365,18,0.0154047831893,0.0359458215535,0.102675721049,-0.246359065175,0.0936404243112,-0.351337939501,0.00495341839269
73,0.365,19,-0.00065572472522,0.0106789916754,0.0736791267991,-0.169056415558,0.656874060631,-0.332933962345,0.00990684051067
73,0.365,20,-0.00935805775225,0.032647550106,0.0678122639656,-0.974850952625,1.0038741827,-0.538769304752,0.00396273564547
73,0.365,21,0.013766377233,0.0306538771838,0.0673185512424,0.564946472645,0.765569984913,0.129719883204,0.00495341978967
73,0.365,22,-0.0235569979995,0.000267854484264,0.099186308682,-0.175144329667,-0.22617636621,-0.295072257519,0.0099068377167
73,0.365,23,-0.0390840545297,0.0222312547266,0.0991928800941,0.0210369471461,-0.943906366825,-0.747701406479,0.00396273564547
73,0.365,24,-0.02185129188,0.0140852052718,0.116031989455,-0.426528126001,-0.234057426453,-0.818665027618,0.00594410020858
73,0.365,25,-0.0159319266677,0.000185366501682,0.0753799900413,-0.151875391603,-0.157902538776,-0.983983755112,0.00990684051067
73,0.365,26,-0.0339192450047,0.0173776261508,0.0711704269052,-0.323398530483,0.119628041983,0.00300943106413,0.0039627365768
73,0.365,27,-0.0174155421555,0.0121252899989,0.0525995530188,-0.102626644075,0.692102909088,0.0495906919241,0.00594410393387
73,0.365,28,-0.0421805232763,-0.000253824982792,0.0832353085279,-0.0470076054335,0.254205971956,-0.415143936872,0.00594410579652
73,0.365,29,0.0227249134332,0.0018202617066,0.0992075651884,0.11279194057,0.0664471611381,-0.391451239586,0.0099068377167
73,0.365,30,0.0375269651413,0.0229453798383,0.0965542569757,-0.0564891211689,-0.134415850043,-0.422498673201,0.00396273564547
73,0.365,31,0.0209351927042,0.0130301555619,0.117659598589,-0.0164556521922,-0.20227701962,-1.03090858459,0.00594410020858
73,0.365,32,0.0150845935568,-0.000502176641021,0.0759384632111,0.650245547295,-0.145273551345,-0.665093779564,0.00990684051067
73,0.365,33,0.0337402485311,0.0165700949728,0.0719818472862,0.35792350769,0.106481693685,-0.184979349375,0.0039627365768
73,0.365,34,0.0157001074404,0.0112752206624,0.0534105189145,-0.172329127789,0.461192280054,-0.387507349253,0.00594410393387
73,0.365,35,0.0417368561029,-0.0015429824125,0.0838472023606,-0.0309154000133,0.319894403219,-0.585918724537,0.00594410579652
73,0.365,36,-0.0144464299083,-0.019104283303,0.0866325423121,-0.279711842537,-0.521499812603,-0.0951217934489,0.0148602584377
73,0.365,37,0.0153932450339,-0.018404237926,0.0890209972858,0.0188987441361,-0.208643972874,-0.508483827114,0.0128788910806
73,0.365,38,-0.000865492736921,-0.0115379048511,0.104085981846,-0.0150621039793,-0.1365647614,-0.24680159986,0.0118882022798
73,0.365,39,0.00256233476102,-0.0419458821416,0.086851850152,0.00178836286068,-0.982705533504,-0.832930386066,0.00396273471415
73,0.365,40,-0.013786544092,-0.0348927490413,0.106654167175,-0.367775470018,-0.459947198629,-0.924110710621,0.00396273471415
73,0.365,41,0.0154832154512,-0.0354587063193,0.104605384171,-0.244841992855,-0.504211604595,-0.625297605991,0.00495341839269
73,0.365,42,-0.000977447489277,-0.0138148795813,0.0726211890578,-0.0232337545604,-0.727421760559,-0.324851483107,0.0118882078677
73,0.365,43,-0.0106778582558,-0.0340509228408,0.0687804222107,-0.688747167587,-0.564716219902,-0.0611166469753,0.00396273564547
73,0.365,44,0.0140852835029,-0.0340583175421,0.0696565210819,0.508740305901,-0.225958555937,-0.0713553875685,0.00495341978967
73,0.365,45,-0.0358402952552,-0.0204212684184,0.101850509644,0.15026588738,0.454317688942,-0.182482138276,0.00396273564547
73,0.365,46,-0.0189605690539,-0.0103200357407,0.117245212197,-0.885386824608,0.0147583000362,-0.625564217567,0.0049534169957
73,0.365,47,-0.0330627635121,-0.0184358041734,0.0703937336802,-0.532561123371,-0.390309810638,-0.0922075584531,0.0039627365768
73,0.365,48,-0.015623703599,-0.0148766068742,0.0545736812055,0.341287970543,-0.483916938305,0.526200771332,0.00495341978967
73,0.365,49,0.0371965616941,-0.0215383488685,0.100721947849,0.527651548386,-0.0892866328359,-0.019234770909,0.00396273564547
73,0.365,50,0.0189683642238,-0.011034226045,0.117918558419,0.71832627058,0.426914602518,-0.540931046009,0.0049534169957
73,0.365,51,0.0322379469872,-0.0181017871946,0.0716782137752,0.21778075397,-0.383584231138,-0.283608198166,0.0039627365768
73,0.365,52,0.0141514912248,-0.0129803456366,0.0537454970181,-0.432543933392,-0.422926098108,0.323243290186,0.00495341978967
73,0.365,53,-0.000414119713241,-0.00042795506306,0.122452631593,-0.0188046786934,-0.179301083088,-0.795948326588,0.00396273471415
73,0.365,54,-0.000923810468521,0.00169220031239,0.0449303276837,0.094659730792,-0.18896164,0.154965996742,0.00396273750812
74,0.37,0,-0.00119594554417,0.000693361565936,0.086519561708,-0.124751985073,0.166028946638,-0.742453038692,0.00990683957934
74,0.37,1,-0.0271233376116,0.0438549667597,0.0857842937112,-0.075963832438,0.445005863905,-0.63263887167,0.00247670989484
74,0.37,2,0.0316383801401,0.0419999845326,0.0870223715901,0.623625278473,0.853419065475,-0.305298656225,0.00247670989484
74,0.37,3,-0.0249923728406,-0.0437821522355,0.0871625542641,-0.530868887901,-1.08144438267,-0.502247154713,0.00247670989484
74,0.37,4,0.0329549089074,-0.042125236243,0.0857803002,0.366545647383,-0.587420165539,-0.096501134336,0.00247670989484
74,0.37,5,-0.000396189076127,-0.0300749372691,0.1190469414,-0.400264292955,0.324751138687,0.0947914421558,0.00247670919634
74,0.37,6,-0.000119234719023,0.0336347743869,0.120453581214,-0.223010972142,0.301574200392,0.297417849302,0.00247670919634
74,0.37,7,0.00211381306872,-0.0298474375159,0.0478724129498,0.0790867879987,-0.904374718666,-1.15029275417,0.00247671105899
74,0.37,8,0.00109984341543,0.0274897869676,0.0451958738267,0.0800179839134,0.427931785583,-1.02892613411,0.00247671105899
74,0.37,9,0.0383230410516,-0.00119997572619,0.0549245253205,1.22197580338,-0.0475699827075,-0.47724828124,0.00247670942917
74,0.37,10,0.0453019812703,0.000852363067679,0.105462022126,1.13783419132,0.353192061186,-0.501017987728,0.00247670849785
74,0.37,11,-0.0369251668453,0.000166623096447,0.0567333474755,-0.179876819253,0.17853488028,-0.793980360031,0.00247670942917
74,0.37,12,-0.0466885492206,0.00289630307816,0.105179190636,-0.637288808823,0.216139987111,0.209069922566,0.00247670849785
74,0.37,13,-0.0142737980932,0.0226936135441,0.0855729207397,-0.251967221498,0.752216517925,-0.189255326986,0.0148602584377
74,0.37,14,0.000475092499983,0.0172201935202,0.103171445429,0.132289424539,0.696100652218,-0.513893246651,0.00990683585405
74,0.37,15,0.0151234110817,0.0211280155927,0.0834171175957,0.216925144196,0.513490498066,-0.318700999022,0.0128788910806
74,0.37,16,-0.0137380231172,0.0370527468622,0.101680897176,0.0240419395268,0.0966956913471,0.27568936348,0.00396273471415
74,0.37,17,0.00311049586162,0.0440597571433,0.0847954824567,-0.0383411832154,0.214023306966,-0.402934640646,0.00396273471415
74,0.37,18,0.0138631882146,0.035507440567,0.102463960648,-0.199115619063,-0.0918767154217,0.108347512782,0.00495341839269
74,0.37,19,-0.00107428012416,0.0144852204248,0.0674382001162,0.0198592171073,0.837037801743,-1.80947232246,0.00990684051067
74,0.37,20,-0.0152960643172,0.0382265597582,0.0643039569259,-1.03610634804,1.00001978874,-0.653968036175,0.00396273564547
74,0.37,21,0.0166453421116,0.0367710888386,0.0668094903231,0.370940297842,1.40560102463,-0.413791686296,0.00495341978967
74,0.37,22,-0.0240634009242,-0.000140425443533,0.0959372594953,0.101137898862,0.0174738001078,-0.856402516365,0.0099068377167
74,0.37,23,-0.0370860435069,0.0185140073299,0.0940407961607,0.52370595932,-0.23559486866,-1.1132696867,0.00396273564547
74,0.37,24,-0.0242493804544,0.0143967401236,0.114086948335,-0.359922558069,0.25534683466,-0.0540183782578,0.00594410020858
74,0.37,25,-0.0201456062496,-0.00075626646867,0.0704215243459,-1.21419429779,-0.166440218687,-0.803064584732,0.00990684051067
74,0.37,26,-0.0349334403872,0.0201442521065,0.0710744783282,-0.074134901166,0.970566809177,-0.095049329102,0.0039627365768
74,0.37,27,-0.0184278264642,0.0156582444906,0.0520331040025,-0.32974037528,0.655899226665,-0.29706582427,0.00594410393387
74,0.37,28,-0.0426505319774,0.000535337661859,0.081343203783,-0.155399113894,-0.0366900153458,-0.47340413928,0.00594410579652
74,0.37,29,0.0231824479997,0.00122474262025,0.0962408334017,-0.0250742640346,-0.320938408375,-0.780657112598,0.0099068377167
74,0.37,30,0.0369394160807,0.0210247244686,0.0952664986253,-0.119448922575,-0.446342110634,-0.159450009465,0.00396273564547
74,0.37,31,0.0216440502554,0.0143482927233,0.114102296531,0.254313141108,0.614769697189,-0.353386312723,0.00594410020858
74,0.37,32,0.0207338538021,-0.00109833502211,0.0715679898858,1.26188492775,-0.0403460077941,-1.00490772724,0.00990684051067
74,0.37,33,0.0358233824372,0.0184575039893,0.0693574547768,0.355792135,0.68083524704,-0.808177828789,0.0039627365768
74,0.37,34,0.0160573646426,0.0136962821707,0.0510955676436,0.403191238642,0.457907795906,-0.437632650137,0.00594410393387
74,0.37,35,0.0422659367323,0.000134811809403,0.0814102068543,0.302894771099,0.246263071895,-0.388603895903,0.00594410579652
74,0.37,36,-0.0158213172108,-0.0228253416717,0.0868575423956,-0.161137253046,-0.805033564568,-0.0116311758757,0.0148602584377
74,0.37,37,0.0155469765887,-0.0211452618241,0.0865231603384,0.0338385924697,-0.777827560902,-0.453183472157,0.0128788910806
74,0.37,38,-0.000351715891156,-0.0132894301787,0.103472277522,0.159383326769,-0.418757855892,-0.0204133875668,0.0118882022798
74,0.37,39,0.00211693556048,-0.0458551570773,0.0832384154201,-0.116548143327,-0.518845438957,-0.54785400629,0.00396273471415
74,0.37,40,-0.0147417085245,-0.0363122262061,0.102509297431,-0.0333870835602,-0.215208917856,-0.466064333916,0.00396273471415
74,0.37,41,0.0138665139675,-0.0366397500038,0.102238170803,-0.301603913307,0.031735483557,-0.377143472433,0.00495341839269
74,0.37,42,-0.00035262410529,-0.0168897043914,0.0687732920051,0.184134557843,-0.456515610218,-0.973014295101,0.0118882078677
74,0.37,43,-0.0150455785915,-0.0388706065714,0.0671465247869,-0.782435059547,-1.08255958557,-0.495715796947,0.00396273564547
74,0.37,44,0.0169660169631,-0.0362095832825,0.0689436048269,0.454119503498,-0.656108677387,-0.331294298172,0.00495341978967
74,0.37,45,-0.0358506068587,-0.0193942859769,0.0989766716957,-0.37820237875,-0.137830227613,-0.872852385044,0.00396273564547
74,0.37,46,-0.0245517902076,-0.0123042324558,0.116938002408,-1.04676568508,-0.580728530884,0.301347583532,0.0049534169957
74,0.37,47,-0.035944364965,-0.0217628981918,0.0709361433983,-0.547863304615,-0.849662780762,0.290713191032,0.0039627365768
74,0.37,48,-0.0170715954155,-0.0169723778963,0.055003978312,-0.817735254765,-0.370521694422,-0.406638115644,0.00495341978967
74,0.37,49,0.0384699292481,-0.0212363284081,0.099504455924,-0.058712657541,0.189603760839,-0.54040902853,0.00396273564547
74,0.37,50,0.0233554970473,-0.0111840330064,0.116531051695,0.85173869133,-0.386861652136,-0.102771610022,0.0049534169957
74,0.37,51,0.0342230089009,-0.0208934638649,0.0700957477093,0.536504566669,-0.667851805687,-0.291719138622,0.0039627365768
74,0.37,52,0.0153081621975,-0.0158231277019,0.0540737807751,0.944120526314,-0.578435361385,-0.279357582331,0.00495341978967
74,0.37,53,-0.00086674769409,-0.000389879394788,0.122638553381,-0.154065400362,0.212766960263,0.435873925686,0.00396273471415
74,0.37,54,-0.00109879521187,-0.000249880336924,0.0467661097646,-0.181338503957,-0.556003928185,0.355310827494,0.00396273750812
75,0.375,0,-0.00120082707144,0.000962001446169,0.0816510021687,0.131523683667,-0.0542112886906,-1.20092964172,0.00990683957934
75,0.375,1,-0.0278807450086,0.0465096607804,0.0820440500975,-0.191542178392,0.641817986965,-0.66624724865,0.00247670989484
75,0.375,2,0.0334164090455,0.0451957061887,0.0843147709966,-0.0191372390836,0.29456409812,-0.719365954399,0.00247670989484
75,0.375,3,-0.0294906795025,-0.0497297905385,0.0839932262897,-0.967461705208,-1.02660679817,-0.643787622452,0.00247670989484
75,0.375,4,0.0334027484059,-0.0446661934257,0.0853404328227,-0.206630781293,-0.422653347254,-0.10574349016,0.00247670989484
75,0.375,5,-0.00205472181551,-0.0272184349597,0.121438272297,-0.215081617236,0.769448161125,0.736365914345,0.00247670919634
75,0.375,6,-0.00147310516331,0.0322926491499,0.123241245747,-0.260128945112,-0.83280146122,0.60897988081,0.00247670919634
75,0.375,7,0.00135032075923,-0.0343500375748,0.0424705445766,-0.322028279305,-0.668494880199,-0.74130398035,0.00247671105899
75,0.375,8,0.000821183028165,0.0301580764353,0.0401523336768,-0.163702666759,0.54524320364,-1.01454913616,0.00247671105899
75,0.375,9,0.0446506328881,-0.00157117191702,0.0516847632825,1.2142906189,-0.0705271735787,-0.692256808281,0.00247670942917
75,0.375,10,0.0500545203686,0.00249850237742,0.104371652007,0.409551054239,0.228861987591,-0.0940916091204,0.00247670849785
75,0.375,11,-0.0408482961357,0.000571388518438,0.0509028844535,-1.20704805851,-0.00189171836246,-1.26087713242,0.00247670942917
75,0.375,12,-0.0490013100207,0.00284303841181,0.10696183145,0.082914672792,-0.2222866714,0.181862026453,0.00247670849785
75,0.375,13,-0.0147089054808,0.0256657954305,0.08271060884,0.120774939656,0.377759307623,-0.911842167377,0.0148602584377
75,0.375,14,8.64865942276e-05,0.0178509186953,0.101743020117,-0.23849453032,-0.403790056705,-0.101046219468,0.00990683585405
75,0.375,15,0.015960579738,0.0237362161279,0.0814805030823,0.0628241598606,0.46734982729,-0.512126684189,0.0128788910806
75,0.375,16,-0.0149323502555,0.0384647510946,0.10455006361,-0.40598076582,0.362156331539,0.607600927353,0.00396273471415
75,0.375,17,0.00218869908713,0.0451234094799,0.0827215835452,-0.289974272251,0.232397869229,-0.352897554636,0.00396273471415
75,0.375,18,0.0144171258435,0.0367571413517,0.102455675602,0.339330494404,0.561702549458,-0.126557782292,0.00495341839269
75,0.375,19,-0.000480522692669,0.0185837876052,0.0593343004584,0.196742475033,0.715296924114,-1.19669401646,0.00990684051067
75,0.375,20,-0.0174988284707,0.0413185767829,0.0619923695922,0.200796112418,0.231809273362,-0.332957148552,0.00396273564547
75,0.375,21,0.0164548642933,0.0419251136482,0.0631848499179,-0.417577445507,0.499185323715,-0.960602223873,0.00495341978967
75,0.375,22,-0.0226124338806,-0.000118716641737,0.0927574113011,0.362377494574,-0.0357544608414,-0.325166404247,0.0099068377167
75,0.375,23,-0.0362179987133,0.0207871645689,0.0906746760011,-0.150359988213,0.904381752014,-0.155456617475,0.00396273564547
75,0.375,24,-0.0243872608989,0.0150808505714,0.113994278014,0.286425858736,-0.0690210685134,-0.13044577837,0.00594410020858
75,0.375,25,-0.0251085516065,-0.00112535594963,0.0680360496044,-0.609190583229,0.0191816166043,-0.262733072042,0.00990684051067
75,0.375,26,-0.0350324101746,0.0258410684764,0.069343239069,-0.0180325694382,1.06475687027,-0.639993369579,0.0039627365768
75,0.375,27,-0.0211141556501,0.0177950505167,0.0497708804905,-0.715346693993,0.128932058811,-0.547269225121,0.00594410393387
75,0.375,28,-0.0438634864986,-0.000773982785176,0.0780669599771,-0.305307656527,-0.37497228384,-0.715702712536,0.00594410579652
75,0.375,29,0.0223316513002,-0.000824624381494,0.0925682112575,-0.262953877449,-0.382950842381,-0.586497187614,0.0099068377167
75,0.375,30,0.0367236062884,0.0200671162456,0.0941756218672,0.0222330205142,0.0936662778258,-0.32833981514,0.00396273564547
75,0.375,31,0.0226639751345,0.016809457913,0.113441631198,0.0721667855978,0.168452829123,-0.0630575865507,0.00594410020858
75,0.375,32,0.0253136456013,-0.000779947673436,0.066888526082,0.499783217907,0.133815780282,-0.780886530876,0.00990684051067
75,0.375,33,0.0364161804318,0.0229396428913,0.0653113052249,-0.114798150957,0.969218969345,-0.662589490414,0.0039627365768
75,0.375,34,0.0199190527201,0.0155613562092,0.0491534657776,1.0267663002,0.268180727959,-0.406411498785,0.00594410393387
75,0.375,35,0.0447041615844,0.000516151834745,0.0794964805245,0.554108738899,-0.0592176839709,-0.446069717407,0.00594410579652
75,0.375,36,-0.0155783686787,-0.026011351496,0.0851160883904,0.211395680904,-0.43599909544,-0.662328362465,0.0148602584377
75,0.375,37,0.0153440991417,-0.0248256456107,0.0841114297509,-0.158096194267,-0.568431138992,-0.595652699471,0.0128788910806
75,0.375,38,0.000141121650813,-0.0145874852315,0.103736810386,0.00163492013235,-0.058585934341,0.0449214316905,0.0118882022798
75,0.375,39,0.00144217093475,-0.0472417585552,0.081828981638,-0.186071917415,-0.0948321372271,-0.0199636891484,0.00396273471415
75,0.375,40,-0.0149048361927,-0.0378255359828,0.103100523353,-0.0874910578132,-0.314599305391,0.49767640233,0.00396273471415
75,0.375,41,0.0132148880512,-0.0359269529581,0.101156614721,0.0459636561573,0.131282299757,0.021447757259,0.00495341839269
75,0.375,42,0.000172872372787,-0.0184081457555,0.0642891228199,0.0184062886983,-0.174931317568,-0.801925957203,0.0118882078677
75,0.375,43,-0.0166433993727,-0.0421354845166,0.0646522268653,0.175369262695,-0.0957470685244,-0.465202093124,0.00396273564547
75,0.375,44,0.0172094814479,-0.039880733937,0.0653813704848,-0.368244737387,-0.660588920116,-1.06535792351,0.00495341978967
75,0.375,45,-0.0393847562373,-0.0213022511452,0.0944041535258,-0.729985952377,-0.466689437628,-0.845068216324,0.00396273564547
75,0.375,46,-0.0273409821093,-0.0139542957768,0.117360822856,-0.0259943846613,0.0103976791725,-0.347735613585,0.0049534169957
75,0.375,47,-0.0377451181412,-0.0260330755264,0.0724221840501,-0.106005877256,-0.762951076031,0.147811934352,0.0039627365768
75,0.375,48,-0.0219498053193,-0.0184254422784,0.0513125956059,-0.940101444721,-0.151513680816,-0.865839838982,0.00495341978967
75,0.375,49,0.0372963510454,-0.0200377497822,0.0954740345478,-0.264640510082,0.215717345476,-0.963217556477,0.00396273564547
75,0.375,50,0.0257799103856,-0.0129611436278,0.1155590415,0.0264951754361,-0.141365706921,-0.381780385971,0.0049534169957
75,0.375,51,0.0371605679393,-0.0240968689322,0.0692865327001,0.555763721466,-0.540633022785,-0.0297836419195,0.0039627365768
75,0.375,52,0.0220903083682,-0.0178957022727,0.0508873015642,1.46423327923,-0.209984660149,-0.871116638184,0.00495341978967
75,0.375,53,-0.00158474582713,0.00156555336434,0.122922480106,-0.0867225751281,0.507114708424,-0.446466773748,0.00396273471415
75,0.375,54,-0.0020323980134,-0.00359487952664,0.0462492741644,-0.0893017053604,-0.701358139515,-0.604912102222,0.00396273750812
76,0.38,0,-2.9650864235e-05,0.000327440764522,0.0754447728395,0.288325816393,-0.166708245873,-1.1346732378,0.00990683957934
76,0.38,1,-0.0280645154417,0.0492464639246,0.0801004171371,0.20535390079,0.279178798199,-0.154373988509,0.00247670989484
76,0.38,2,0.0310161933303,0.0448686368763,0.0801093503833,-0.879949867725,-0.294810384512,-0.918644368649,0.00247670989484
76,0.38,3,-0.0321204662323,-0.0516662448645,0.0815827026963,0.0373925901949,0.329670697451,-0.295930355787,0.00247670989484
76,0.38,4,0.0305357091129,-0.0459867715836,0.0842845663428,-0.946501970291,-0.0514430142939,-0.35128891468,0.00247670989484
76,0.38,5,-0.00225956737995,-0.0227937027812,0.125026062131,0.114938408136,0.953901648521,0.532567560673,0.00247670919634
76,0.38,6,-0.00218283757567,0.026382079348,0.124545574188,0.00161044555716,-1.2916892767,-0.178483977914,0.00247670919634
76,0.38,7,-0.000510776648298,-0.0350999869406,0.0414273813367,-0.369272559881,0.36672693491,0.15936884284,0.00247671105899
76,0.38,8,-0.000300423183944,0.03168836236,0.0357698462903,-0.260141581297,-0.0393003076315,-0.625450730324,0.00247671105899
76,0.38,9,0.0489898622036,-0.0015600246843,0.0496981889009,0.400568842888,0.0934508964419,0.00555677851662,0.00247670942917
76,0.38,10,0.0474221296608,0.00279589300044,0.103283651173,-1.38857078552,-0.0991317927837,-0.407737582922,0.00247670849785
76,0.38,11,-0.0461164712906,0.000136933929753,0.0471616536379,-0.676887512207,-0.165195003152,-0.071661286056,0.00247670942917
76,0.38,12,-0.0443919114769,0.000994169269688,0.105049900711,1.56390285492,-0.434138536453,-0.938235223293,0.00247670849785
76,0.38,13,-0.013456851244,0.0262817982584,0.0779108703136,0.303063303232,-0.112178005278,-0.846288919449,0.0148602584377
76,0.38,14,-0.00104838621337,0.0148149793968,0.100868806243,-0.124415241182,-0.603185892105,-0.4036064744,0.00990683585405
76,0.38,15,0.015305752866,0.0252746120095,0.0783556103706,-0.334910422564,0.119737796485,-0.684219241142,0.0128788910806
76,0.38,16,-0.0159683674574,0.0385888107121,0.104987740517,0.134261608124,-0.436499118805,-0.57494956255,0.00396273471415
76,0.38,17,0.000539151136763,0.0462655983865,0.0812416300178,-0.332534193993,0.186831176281,-0.295178174973,0.00396273471415
76,0.38,18,0.0156048452482,0.0390080213547,0.101477354765,-0.0104634137824,0.103879585862,-0.248927205801,0.00495341839269
76,0.38,19,0.000593054050114,0.0203263256699,0.0558409839869,0.196466490626,-0.13123947382,-0.348841011524,0.00990684051067
76,0.38,20,-0.0139108886942,0.0409718602896,0.0599076747894,1.00720965862,-0.28009185195,-0.599001348019,0.00396273564547
76,0.38,21,0.0133230956271,0.041459068656,0.0580577217042,-0.680043816566,-0.556044280529,-0.998646438122,0.00495341978967
76,0.38,22,-0.0213552881032,-0.000467557722004,0.0920088291168,0.124256923795,-0.0816367268562,-0.170086443424,0.0099068377167
76,0.38,23,-0.0361854732037,0.0246000792831,0.0909846350551,0.376124531031,0.422467589378,0.0322587266564,0.00396273564547
76,0.38,24,-0.0223112367094,0.0139205949381,0.112029671669,0.405230730772,-0.289213210344,-0.623015165329,0.00594410020858
76,0.38,25,-0.0257600098848,-0.000738033268135,0.0663534626365,0.273961424828,0.104473173618,-0.484938830137,0.00990684051067
76,0.38,26,-0.0352065078914,0.0285428483039,0.0651547685266,-0.00983300805092,-0.0792266950011,-0.895644903183,0.0039627365768
76,0.38,27,-0.0245145484805,0.0166047010571,0.0471523106098,-0.493262559175,-0.554220736027,-0.469839096069,0.00594410393387
76,0.38,28,-0.0450610108674,-0.0018893473316,0.0759625956416,-0.0765259116888,0.00823172740638,-0.0586270056665,0.00594410579652
76,0.38,29,0.021086961031,-0.0015731821768,0.0904958769679,-0.202633216977,0.122165970504,-0.327823579311,0.0099068377167
76,0.38,30,0.0364697054029,0.0212174504995,0.0916684120893,-0.208442524076,0.242799654603,-0.677268981934,0.00396273564547
76,0.38,31,0.0220062900335,0.0154842156917,0.112109556794,-0.30235260725,-0.588364779949,-0.540256023407,0.00594410020858
76,0.38,32,0.0258934758604,-0.000177616588189,0.0641739219427,-0.18141271174,0.0749949887395,-0.343930691481,0.00990684051067
76,0.38,33,0.0353583097458,0.0265699736774,0.0635091140866,-0.203014820814,0.366358458996,-0.0893215015531,0.0039627365768
76,0.38,34,0.0246503353119,0.0160960685462,0.0463855788112,0.704551696777,-0.0682939291,-0.702228367329,0.00594410393387
76,0.38,35,0.0462902896106,8.54463723954e-05,0.0766093358397,-0.0226509887725,-0.0570277608931,-0.668956518173,0.00594410579652
76,0.38,36,-0.0142666660249,-0.0270425342023,0.0813048258424,0.273785352707,0.0288597121835,-0.735215961933,0.0148602584377
76,0.38,37,0.0137871932238,-0.0261319782585,0.0800575762987,-0.426063537598,0.024308539927,-0.980899572372,0.0128788910806
76,0.38,38,-0.000436093949247,-0.0141010321677,0.10271961242,-0.199713885784,0.175091668963,-0.544213354588,0.0118882022798
76,0.38,39,4.74337321066e-05,-0.0470472425222,0.0826829373837,-0.35190436244,0.159685581923,0.277675539255,0.00396273471415
76,0.38,40,-0.0153410518542,-0.0377958081663,0.104678787291,-0.01592076011,0.427969932556,-0.0590737834573,0.00396273471415
76,0.38,41,0.013858766295,-0.0356290005147,0.10266879946,0.12151350826,0.0896874442697,0.468722701073,0.00495341839269
76,0.38,42,4.74922526337e-05,-0.0185210891068,0.0603093318641,-0.0311698485166,0.162567511201,-0.841324687004,0.0118882078677
76,0.38,43,-0.013968587853,-0.0400639362633,0.0622710697353,0.696790099144,0.720019996166,-0.546661376953,0.00396273564547
76,0.38,44,0.0140484096482,-0.0414411537349,0.0594671070576,-0.726328492165,0.0877708122134,-1.12504887581,0.00495341978967
76,0.38,45,-0.0401843413711,-0.0229346100241,0.0909699946642,0.527496099472,-0.161658465862,-0.546592772007,0.00396273564547
76,0.38,46,-0.0250490289181,-0.0125196557492,0.112986296415,0.821488201618,0.408345162868,-1.22374784946,0.0049534169957
76,0.38,47,-0.0367174446583,-0.0284499321133,0.0707962065935,0.459034711123,-0.134712010622,-0.851293802261,0.0039627365768
76,0.38,48,-0.0252292435616,-0.0177465844899,0.0479425378144,-0.324907243252,0.443793356419,-0.434727221727,0.00495341978967
76,0.38,49,0.0365388654172,-0.0197106674314,0.0909967795014,-0.108861424029,-0.086051940918,-0.754195928574,0.00396273564547
76,0.38,50,0.0234651807696,-0.0118724405766,0.112573757768,-0.836546063423,0.477895498276,-0.729370057583,0.0049534169957
76,0.38,51,0.0386772416532,-0.0256527587771,0.0691734030843,-0.0322493501008,-0.059781730175,-0.128607168794,0.0039627365768
76,0.38,52,0.0274768508971,-0.0176121238619,0.0468182526529,0.562521100044,0.315249681473,-0.644099652767,0.00495341978967
76,0.38,53,-0.00132873211987,0.00364299933426,0.119550965726,0.196934118867,0.17512126267,-0.571614444256,0.00396273471415
76,0.38,54,-0.00141786772292,-0.00590807665139,0.0422130674124,0.323108553886,-0.0984687954187,-0.789328575134,0.00396273750812
77,0.385,0,0.00110789295286,-0.000418676354457,0.0716180205345,0.116736985743,-0.113226592541,-0.350004911423,0.00990683957934
77,0.385,1,-0.0255725998431,0.0480240955949,0.079399459064,0.712531805038,-0.744190633297,-0.262768477201,0.00247670989484
77,0.385,2,0.0254846550524,0.0438936948776,0.0756776928902,-1.20783805847,0.0237528420985,-0.802025198936,0.00247670989484
77,0.385,3,-0.0289141628891,-0.0468180477619,0.0807613059878,1.09986245632,1.38669657707,-0.115870147943,0.00247670989484
77,0.385,4,0.0241747573018,-0.0448092482984,0.0816445574164,-1.47319710255,0.469576567411,-0.682911932468,0.00247670989484
77,0.385,5,-0.00117809465155,-0.0184696391225,0.12539100647,0.281861007214,0.633253157139,-0.402101099491,0.00247670919634
77,0.385,6,-0.00130793044809,0.0218780860305,0.121411427855,0.333732277155,-0.376602470875,-0.982944369316,0.00247670919634
77,0.385,7,-0.00209706323221,-0.0314382202923,0.0406520850956,-0.258584260941,0.947562098503,-0.819482505322,0.00247671105899
77,0.385,8,-0.00152308517136,0.0289733558893,0.0341592244804,-0.197134703398,-1.02675116062,-0.140874654055,0.00247671105899
77,0.385,9,0.0480303838849,-0.000586978916544,0.051733057946,-0.696721971035,0.278581887484,0.646398484707,0.00247670942917
77,0.385,10,0.0387689955533,0.00163522362709,0.100483492017,-1.60686385632,-0.346851676702,-0.581271469593,0.00247670849785
77,0.385,11,-0.0468028187752,-0.000946857093368,0.0504889786243,0.30755096674,-0.244403883815,1.23010623455,0.00247670942917
77,0.385,12,-0.0377435199916,-0.000592207594309,0.0994506850839,0.579392254353,-0.162169069052,-0.9478495121,0.00247670849785
77,0.385,13,-0.0121233202517,0.0246825870126,0.0749951973557,0.22383262217,-0.494651257992,-0.38233268261,0.0148602584377
77,0.385,14,-0.00067172665149,0.0130065241829,0.0967269316316,0.239306166768,-0.147711440921,-1.19558370113,0.00990683585405
77,0.385,15,0.0127402525395,0.0247081406415,0.0751348957419,-0.626468300819,-0.329029679298,-0.583232939243,0.0128788910806
77,0.385,16,-0.0130700320005,0.0343553572893,0.0989154353738,0.93235707283,-1.03887629509,-1.60587716103,0.00396273471415
77,0.385,17,-0.000764060241636,0.046591758728,0.0792417749763,-0.159827068448,-0.0775933787227,-0.538030326366,0.00396273471415
77,0.385,18,0.0137158138677,0.0366177298129,0.0997559428215,-0.667595863342,-0.977743804455,-0.473167032003,0.00495341839269
77,0.385,19,0.00116984709166,0.0165785551071,0.0543322227895,0.0201928466558,-1.27862215042,-0.358711600304,0.00990684051067
77,0.385,20,-0.0102013535798,0.0389566458762,0.0555781275034,0.267482310534,-0.541263341904,-1.06629300117,0.00396273564547
77,0.385,21,0.0113550741225,0.0378087982535,0.0538629256189,-0.00660672225058,-0.781180620193,-0.667843997478,0.00495341978967
77,0.385,22,-0.020754063502,-0.000568253162783,0.0889349654317,0.225734144449,0.0778966620564,-1.14902424812,0.0099068377167
77,0.385,23,-0.0322781577706,0.0244319308549,0.0893721953034,0.968322038651,-0.385209143162,-0.689581692219,0.00396273564547
77,0.385,24,-0.0210322998464,0.0131400898099,0.108735635877,0.155740901828,-0.00827264878899,-0.576520323753,0.00594410020858
77,0.385,25,-0.0232725553215,-0.000298426137306,0.0636056736112,0.621162891388,0.0634143128991,-0.499484807253,0.00990684051067
77,0.385,26,-0.0346054024994,0.0250538475811,0.0617993548512,0.263894408941,-1.16334819794,-0.366320967674,0.0039627365768
77,0.385,27,-0.0247455406934,0.0131341647357,0.0448604933918,0.42758589983,-0.704625964165,-0.509266674519,0.00594410393387
77,0.385,28,-0.0437949262559,-0.000545772083569,0.0765808150172,0.566569328308,0.461698412895,0.105763614178,0.00594410579652
77,0.385,29,0.0202115233988,0.00015037265257,0.088022261858,-0.194902509451,0.45614606142,-0.768550097942,0.0099068377167
77,0.385,30,0.0342328473926,0.0219077859074,0.0875527113676,-0.640558004379,0.0683089122176,-0.90498316288,0.00396273564547
77,0.385,31,0.0200668405741,0.0125699006021,0.108232013881,-0.434104353189,-0.40116122365,-0.871309936047,0.00594410020858
77,0.385,32,0.024076377973,-9.06546993065e-05,0.0626657605171,-0.50005120039,-0.0129796732217,-0.348671257496,0.00990684051067
77,0.385,33,0.0349098592997,0.0259374007583,0.0634714141488,-0.00816193874925,-0.568759143353,-0.0586778260767,0.0039627365768
77,0.385,34,0.0260683596134,0.0148181207478,0.0426676683128,-0.110648408532,-0.411667793989,-0.704313337803,0.00594410393387
77,0.385,35,0.0442056879401,0.000271662865998,0.0737758427858,-0.723121106625,0.12612490356,-0.354336977005,0.00594410579652
77,0.385,36,-0.0129256546497,-0.0255144033581,0.0782195031643,0.272310644388,0.561977088451,-0.563569247723,0.0148602584377
77,0.385,37,0.0116942292079,-0.0249297507107,0.0753028318286,-0.349245905876,0.412253141403,-0.81079685688,0.0128788910806
77,0.385,38,-0.00124496093486,-0.0133346989751,0.0979941859841,-0.0521297231317,0.138596668839,-1.25480055809,0.0118882022798
77,0.385,39,-0.00161423464306,-0.0457479283214,0.0837130919099,-0.256072312593,0.343448609114,0.0529920421541,0.00396273471415
77,0.385,40,-0.0145022468641,-0.0337667278945,0.102194823325,0.357659518719,0.993839383125,-0.768193304539,0.00396273471415
77,0.385,41,0.0136613342911,-0.0338240452111,0.104157961905,-0.221488162875,0.653502881527,-0.0169078446925,0.00495341839269
77,0.385,42,0.000198416426429,-0.0162924341857,0.0559743717313,0.103691652417,0.723667919636,-0.822086930275,0.0118882078677
77,0.385,43,-0.011950276792,-0.037158973515,0.0588124096394,-0.0164399035275,0.325510978699,-0.802725732327,0.00396273564547
77,0.385,44,0.0116980830207,-0.0391651056707,0.0555156059563,-0.125698208809,0.71221858263,-0.432510256767,0.00495341978967
77,0.385,45,-0.0346628427505,-0.0233030617237,0.0886577516794,1.40959715843,-0.0484662391245,-0.394930094481,0.00396273564547
77,0.385,46,-0.0206406023353,-0.0115795657039,0.10782199353,0.759744942188,-0.0950701087713,-0.627105236053,0.0049534169957
77,0.385,47,-0.0340625494719,-0.0267779175192,0.0647191777825,0.491734206676,0.779096841812,-1.35842645168,0.0039627365768
77,0.385,48,-0.0250001214445,-0.0143838739023,0.0462602451444,0.382321000099,0.770218372345,-0.412370532751,0.00495341978967
77,0.385,49,0.0347803533077,-0.0205655246973,0.0880961939692,-0.693399786949,-0.208270937204,-0.441115856171,0.00396273564547
77,0.385,50,0.0189905948937,-0.0100643234327,0.109364718199,-0.775492310524,0.067638002336,-0.489149332047,0.0049534169957
77,0.385,51,0.0365113057196,-0.0248147957027,0.0669008940458,-0.758448898792,0.324178487062,-0.815408110619,0.0039627365768
77,0.385,52,0.0272391159087,-0.0150318471715,0.0447257496417,-0.5740852952,0.633938252926,-0.281937986612,0.00495341978967
77,0.385,53,-6.01911460762e-06,0.0020883732941,0.119065240026,0.242275819182,-0.715657711029,0.207605183125,0.00396273471415
77,0.385,54,0.000774041749537,-0.00388397905044,0.0387703962624,0.476450830698,0.844455420971,-0.755180478096,0.00396273750812
78,0.39,0,0.00092332001077,-0.000738667033147,0.0715319365263,-0.153372690082,-0.0226425155997,0.144384399056,0.00990683957934
78,0.39,1,-0.0224192030728,0.0430846810341,0.0764391496778,0.374841064215,-1.02093684673,-0.943534255028,0.00247670989484
78,0.39,2,0.0202203504741,0.0450032129884,0.0723909810185,-0.770706355572,0.290169268847,-0.519502460957,0.00247670989484
78,0.39,3,-0.0233750678599,-0.040818143636,0.079498142004,0.853003621101,0.738239765167,-0.458631843328,0.00247670989484
78,0.39,4,0.0179504659027,-0.0426749438047,0.0778990238905,-0.754422485828,0.196464136243,-0.746036708355,0.00247670989484
78,0.39,5,0.000220262329094,-0.0185287334025,0.121547967196,0.221869647503,-0.733285665512,-1.03701591492,0.00247670919634
78,0.39,6,0.000594817276578,0.0223539322615,0.11579464376,0.310255944729,0.393079251051,-1.12618887424,0.00247670919634
78,0.39,7,-0.00268513872288,-0.0263415239751,0.0329230837524,0.0664062947035,1.08992350101,-1.91841781139,0.00247671105899
78,0.39,8,-0.00179976585787,0.022576007992,0.0326222404838,0.129793480039,-1.2549880743,-0.596798956394,0.00247671105899
78,0.39,9,0.0438793562353,0.000885391433258,0.0537987425923,-0.708957314491,0.244205787778,-0.0366363860667,0.00247670942917
78,0.39,10,0.0352505408227,-0.000444229517598,0.0987675711513,0.198301583529,-0.42217078805,-0.117691673338,0.00247670849785
78,0.39,11,-0.0446258224547,-0.00197678199038,0.0565132796764,0.366989672184,-0.114660784602,0.760807156563,0.00247670942917
78,0.39,12,-0.03941417858,-0.000820162706077,0.0973614454269,-0.77835547924,0.0410069264472,-0.0326302200556,0.00247670849785
78,0.39,13,-0.0110873728991,0.0216561984271,0.0725136771798,0.197308555245,-0.643827915192,-0.769212543964,0.0148602584377
78,0.39,14,0.000381045276299,0.0120491711423,0.0906050652266,0.0620341412723,-0.368253529072,-1.01180696487,0.00990683585405
78,0.39,15,0.0100448774174,0.0224500242621,0.0721947178245,-0.333000332117,-0.487922281027,-0.6690300107,0.0128788910806
78,0.39,16,-0.00887617189437,0.0312476102263,0.0926443338394,0.418705552816,0.00371588114649,-0.584535598755,0.00396273471415
78,0.39,17,-0.000869640323799,0.0453807301819,0.0754308030009,0.0990935713053,-0.399459421635,-1.02083694935,0.00396273471415
78,0.39,18,0.0107683967799,0.0315122380853,0.0963564887643,-0.269441306591,-0.721677839756,-0.905537605286,0.00495341839269
78,0.39,19,0.000866936985403,0.00966069381684,0.0521391667426,-0.104047097266,-1.17769300938,-0.472596228123,0.00990684051067
78,0.39,20,-0.0114035177976,0.0349140800536,0.0505971200764,-0.555202484131,-1.08733522892,-0.807286083698,0.00396273564547
78,0.39,21,0.0127803618088,0.0340166501701,0.0509628355503,0.38000062108,-0.73888617754,-0.576175332069,0.00495341978967
78,0.39,22,-0.0188234746456,0.000337857403792,0.0821556448936,0.436180263758,0.238684430718,-1.16673314571,0.0099068377167
78,0.39,23,-0.0295257847756,0.0223575048149,0.0854914039373,-0.0479117594659,-0.29217877984,-0.609192967415,0.00396273564547
78,0.39,24,-0.0198916811496,0.0129552651197,0.106499627233,0.335047930479,-0.170873969793,-0.395289152861,0.00594410020858
78,0.39,25,-0.0200877971947,-0.000135005553602,0.0619169399142,0.62104088068,-0.00467168586329,-0.261884331703,0.00990684051067
78,0.39,26,-0.0329505577683,0.0191553663462,0.0612279437482,0.306477934122,-0.915487825871,-0.0385650917888,0.0039627365768
78,0.39,27,-0.0210110023618,0.0106086172163,0.0414363071322,0.849503159523,-0.282738476992,-0.891434490681,0.00594410393387
78,0.39,28,-0.0405092313886,0.00158007745631,0.075627207756,0.565379500389,0.245105654001,-0.46354368329,0.00594410579652
78,0.39,29,0.0188955627382,0.00166685786098,0.0829098522663,-0.27356249094,0.0692935883999,-1.07596945763,0.0099068377167
78,0.39,30,0.0310172215104,0.0227209962904,0.0837008655071,-0.538445591927,0.313214451075,-0.521243035793,0.00396273564547
78,0.39,31,0.0182327739894,0.0122335609049,0.104846097529,-0.193525329232,0.161926165223,-0.431509196758,0.00594410020858
78,0.39,32,0.0211776215583,0.000103041609691,0.0603811629117,-0.606328845024,0.116747766733,-0.522421002388,0.00990684051067
78,0.39,33,0.034499257803,0.0221029035747,0.0620645023882,-0.229952663183,-0.774576604366,-0.501158714294,0.0039627365768
78,0.39,34,0.0242429636419,0.0125233083963,0.0396937727928,-0.496226161718,-0.429880648851,-0.532739520073,0.00594410393387
78,0.39,35,0.0403236486018,0.000943797058426,0.0735786259174,-0.684590041637,0.0790241956711,0.193340629339,0.00594410579652
78,0.39,36,-0.0115324696526,-0.0220358464867,0.0744455233216,0.257481575012,0.709413409233,-1.02433025837,0.0148602584377
78,0.39,37,0.0107242101803,-0.0222282912582,0.0725345984101,-0.0319136753678,0.63370013237,-0.338460803032,0.0128788910806
78,0.39,38,-0.000593227741774,-0.0122551182285,0.0916478335857,0.26684820652,0.32442098856,-1.08977556229,0.0118882022798
78,0.39,39,-0.00210845470428,-0.0435684211552,0.082436606288,0.0493939332664,0.531969547272,-0.615783214569,0.00396273471415
78,0.39,40,-0.0118925413117,-0.0303786229342,0.0992219224572,0.633647859097,0.205164566636,-0.296942591667,0.00396273471415
78,0.39,41,0.01192857977,-0.030246546492,0.101779073477,-0.397133052349,0.529835045338,-0.884779512882,0.00495341839269
78,0.39,42,0.000821070454549,-0.012239526026,0.0524392947555,0.0877577140927,0.702162325382,-0.6646951437,0.0118882078677
78,0.39,43,-0.0133644333109,-0.0361358784139,0.0547065101564,-0.326082587242,0.250378668308,-0.831540763378,0.00396273564547
78,0.39,44,0.012079693377,-0.0354959107935,0.0541349165142,0.07571169734,0.652570724487,-0.309988826513,0.00495341978967
78,0.39,45,-0.0293969810009,-0.023128611967,0.0873133167624,0.459026008844,0.220437213778,-0.122764021158,0.00396273564547
78,0.39,46,-0.0188853219151,-0.0120491050184,0.106678068638,-0.0654591247439,0.120226740837,-0.0269098933786,0.0049534169957
78,0.39,47,-0.0325837805867,-0.0215300638229,0.0593106895685,0.104527801275,1.1291693449,-0.68139731884,0.0039627365768
78,0.39,48,-0.0217742528766,-0.0115189058706,0.0421762950718,0.820050835609,0.291711062193,-1.24874436855,0.00495341978967
78,0.39,49,0.0298567004502,-0.0214932654053,0.0862991511822,-1.06367397308,-0.157740920782,-0.292372465134,0.00396273564547
78,0.39,50,0.0171285215765,-0.0113310171291,0.107332952321,0.0814628526568,-0.364826858044,-0.42122477293,0.0049534169957
78,0.39,51,0.0323921144009,-0.0231273211539,0.0615700818598,-0.721333861351,0.30404266715,-1.15799343586,0.0039627365768
78,0.39,52,0.022903656587,-0.0124011794105,0.0424319431186,-0.995220303535,0.309438586235,-0.786851465702,0.00495341978967
78,0.39,53,0.000286351743853,-0.000932115479372,0.118503436446,-0.141626194119,-0.246405556798,-0.648986160755,0.00396273471415
78,0.39,54,0.0026116122026,0.000931714312173,0.0323969013989,0.221194148064,0.830728948116,-1.86591362953,0.00396273750812
79,0.395,0,0.00023687632347,-0.000728509272449,0.0710202232003,-0.0717150643468,0.0240887533873,-0.463929116726,0.00990683957934
79,0.395,1,-0.0228093061596,0.0392557866871,0.0702057853341,-0.486107498407,-0.471057772636,-1.43851912022,0.00247670989484
79,0.395,2,0.0190167576075,0.0456584915519,0.0701193660498,0.315766304731,-0.0640314146876,-0.478061795235,0.00247670989484
79,0.395,3,-0.0220692157745,-0.0398695990443,0.0759483799338,-0.296886831522,-0.138018473983,-0.914704859257,0.00247670989484
79,0.395,4,0.0183248352259,-0.043706137687,0.0744221881032,0.791606903076,-0.473852396011,-0.712514936924,0.00247670989484
79,0.395,5,0.000487430341309,-0.0239004418254,0.115534715354,-0.0769707113504,-1.05595719814,-1.28150475025,0.00247670919634
79,0.395,6,0.0010343285976,0.0245774518698,0.111064657569,-0.0744802802801,0.465367764235,-0.763668894768,0.00247670919634
79,0.395,7,-0.00130656303372,-0.0210656542331,0.0243583898991,0.446051418781,0.843616008759,-1.43423378468,0.00247671105899
79,0.395,8,7.89409677964e-05,0.0198203511536,0.0282272808254,0.581012248993,0.296478629112,-1.07046246529,0.00247671105899
79,0.395,9,0.0422244034708,0.000976347422693,0.0504550673068,-0.0446439757943,-0.246892943978,-1.19925451279,0.00247670942917
79,0.395,10,0.0383958853781,-0.00177736219484,0.0981778278947,0.793679475784,-0.0569189637899,-0.224516287446,0.00247670849785
79,0.395,11,-0.0440305694938,-0.00129988067783,0.0542535185814,-0.00308840279467,0.392124503851,-1.66668260098,0.00247670942917
79,0.395,12,-0.0416985563934,-0.000160303112352,0.0973902642727,-0.0379052981734,0.231557101011,-0.0548809021711,0.00247670849785
79,0.395,13,-0.0106665352359,0.0194508004934,0.067440494895,-0.102476075292,-0.158906340599,-1.05312407017,0.0148602584377
79,0.395,14,-0.000387173902709,0.0100269457325,0.0884168446064,-0.239895373583,-0.157067000866,0.0888990983367,0.00990683585405
79,0.395,15,0.0103030214086,0.0205561760813,0.0680439919233,0.40958070755,-0.235761329532,-0.923895120621,0.0128788910806
79,0.395,16,-0.0101030580699,0.033541277051,0.0924037024379,-0.690327584743,0.593472123146,0.054665658623,0.00396273471415
79,0.395,17,-0.000406055158237,0.0425337478518,0.0689258947968,0.00327106961049,-0.710093557835,-1.51445960999,0.00396273471415
79,0.395,18,0.0115523338318,0.0315675213933,0.0909499451518,0.343214601278,0.626407086849,-1.15011274815,0.00495341839269
79,0.395,19,0.000590970274061,0.00734994607046,0.0494953766465,0.0269189048558,0.269256204367,-0.682613551617,0.00990684051067
79,0.395,20,-0.0137644289061,0.029192911461,0.0473427549005,-0.255017518997,-0.946016132832,-0.669882416725,0.00396273564547
79,0.395,21,0.0135294152424,0.0308125130832,0.0472935289145,-0.121967621148,-0.453166365623,-0.938751041889,0.00495341978967
79,0.395,22,-0.0180972628295,0.00124204100575,0.0802516937256,-0.269600331783,0.0718568041921,0.363518595695,0.0099068377167
79,0.395,23,-0.0319113731384,0.0216534622014,0.0843790322542,-0.621214807034,-0.0806760042906,0.0194451473653,0.00396273564547
79,0.395,24,-0.018414657563,0.0116371298209,0.104135766625,0.095518194139,-0.208194956183,-0.541928350925,0.00594410020858
79,0.395,25,-0.0177399888635,-0.00041965636774,0.059159822762,0.208907708526,-0.094620808959,-0.959176123142,0.00990684051067
79,0.395,26,-0.0325024649501,0.0177957285196,0.0593132786453,-0.168211311102,0.295676797628,-0.808233141899,0.0039627365768
79,0.395,27,-0.0185906179249,0.00972316227853,0.0357929952443,0.0033999083098,-0.168736025691,-1.32769823074,0.00594410393387
79,0.395,28,-0.0394134707749,0.00103553617373,0.0734877511859,-0.117778673768,-0.396706908941,-0.266667991877,0.00594410579652
79,0.395,29,0.0185820441693,0.00108745717444,0.079863011837,0.217783391476,-0.17628711462,-0.0171338655055,0.0099068377167
79,0.395,30,0.0295077059418,0.024688122794,0.082768343389,-0.0361324958503,0.345839172602,0.0525423325598,0.00396273564547
79,0.395,31,0.0190483685583,0.012732276693,0.103568449616,0.475865453482,-0.0127292573452,-0.16196846962,0.00594410020858
79,0.395,32,0.0190069731325,0.000774157757405,0.057770319283,-0.158624991775,0.060512945056,-0.542884111404,0.00990684051067
79,0.395,33,0.032613132149,0.0197733677924,0.0589256174862,-0.404622077942,-0.0963068306446,-0.69491559267,0.0039627365768
79,0.395,34,0.0221550855786,0.0110512012616,0.036361861974,-0.28540417552,-0.164818331599,-0.880921840668,0.00594410393387
79,0.395,35,0.0386464521289,0.000646638683975,0.0740756466985,0.0731921941042,-0.190937578678,-0.146600440145,0.00594410579652
79,0.395,36,-0.0109445489943,-0.0196307040751,0.068556971848,-0.066211424768,0.208364203572,-1.14188289642,0.0148602584377
79,0.395,37,0.0113058900461,-0.0193350668997,0.0708819180727,0.235361501575,0.409130454063,-0.435922384262,0.0128788910806
79,0.395,38,0.000519169028848,-0.0106754731387,0.088879533112,0.0986973717809,0.150346398354,0.00726387416944,0.0118882022798
79,0.395,39,-0.00142144795973,-0.0406708493829,0.0769196897745,0.193992525339,0.541910707951,-1.58999347687,0.00396273471415
79,0.395,40,-0.00956379715353,-0.0310624483973,0.0981051549315,0.109476365149,-0.275294840336,-0.429021239281,0.00396273471415
79,0.395,41,0.0104377726093,-0.0306213665754,0.0960574895144,-0.140239953995,-0.630532622337,-1.30727553368,0.00495341839269
79,0.395,42,0.00072960491525,-0.0111147118732,0.0481180921197,-0.0994541719556,-0.265296310186,-1.12555789948,0.0118882078677
79,0.395,43,-0.0137700159103,-0.0338618345559,0.0501251630485,0.160686850548,0.585117697716,-1.05883562565,0.00396273564547
79,0.395,44,0.0110740633681,-0.0332314185798,0.0512411817908,-0.443144917488,0.243979141116,-0.82862508297,0.00495341978967
79,0.395,45,-0.0300850719213,-0.0206543896347,0.0867536142468,-0.510970890522,0.683050870895,-0.237189292908,0.00396273564547
79,0.395,46,-0.0202022176236,-0.0101649360731,0.105958841741,-0.30016207695,0.457538425922,-0.315557032824,0.0049534169957
79,0.395,47,-0.0324699655175,-0.0176975745708,0.0580312684178,-0.0169742982835,0.276332765818,0.00465827248991,0.0039627365768
79,0.395,48,-0.0181858800352,-0.0114187840372,0.0346992686391,0.436316311359,-0.169850304723,-1.57419109344,0.00495341978967
79,0.395,49,0.0273017585278,-0.0224778167903,0.0852282419801,0.26543751359,-0.273536503315,-0.162607893348,0.00396273564547
79,0.395,50,0.0194010641426,-0.0116677647457,0.104830034077,0.650083005428,0.230064123869,-0.525194227695,0.0049534169957
79,0.395,51,0.0304563585669,-0.0216980725527,0.0567188039422,-0.0634156912565,0.308185189962,-0.722736597061,0.0039627365768
79,0.395,52,0.0188550446182,-0.0124699259177,0.0363770164549,-0.487349689007,-0.28823941946,-1.51911067963,0.00495341978967
79,0.395,53,-0.000762412033509,-0.000133216046379,0.112456001341,-0.136079370975,0.400356799364,-1.50921833515,0.00396273471415
79,0.395,54,0.002961558057,0.00250975997187,0.0215131491423,-0.056201428175,-0.179997310042,-2.15009593964,0.00396273750812
80,0.4,0,8.22786532808e-05,-0.000399022974307,0.0673098117113,-0.0290204323828,0.114375382662,-0.878385663033,0.00990683957934
80,0.4,1,-0.0264113843441,0.0386017225683,0.0632737129927,-0.829373300076,0.1846165061,-1.25956046581,0.00247670989484
80,0.4,2,0.0228570159525,0.0445146039128,0.0665252879262,1.05609667301,-0.360401213169,-1.00632560253,0.00247670989484
80,0.4,3,-0.025047885254,-0.0403060652316,0.0706349089742,-0.717155814171,0.0403473041952,-1.20222890377,0.00247670989484
80,0.4,4,0.0238204393536,-0.0451106578112,0.0698568671942,1.18931877613,0.0968393832445,-1.14587044716,0.00247670989484
80,0.4,5,0.000421460630605,-0.0272043105215,0.110030263662,0.0982377678156,-0.304955124855,-0.826727211475,0.00247670919634
80,0.4,6,0.000752995721996,0.0273684319109,0.10815307498,-0.000522768707015,0.681418538094,-0.392450034618,0.00247670919634
80,0.4,7,0.00113302201498,-0.0206454209983,0.0176296811551,0.436733484268,-0.80409526825,-1.37758743763,0.00247671105899
80,0.4,8,0.002901193453,0.0240748543292,0.0221342090517,0.4149479568,1.06798124313,-1.37986028194,0.00247671105899
80,0.4,9,0.0419001914561,-0.00119884510059,0.0431300774217,-0.184386715293,-0.512745261192,-1.58656585217,0.00247670942917
80,0.4,10,0.0423095449805,-0.000820350600407,0.0960609465837,0.797798573971,0.398082584143,-0.597605466843,0.00247670849785
80,0.4,11,-0.0426811091602,0.000961249694228,0.042644366622,0.601748526096,0.374858140945,-2.58537602425,0.00247670942917
80,0.4,12,-0.0413478538394,0.00156224414241,0.097099147737,-0.126656100154,0.426079332829,0.0550027303398,0.00247670849785
80,0.4,13,-0.012397499755,0.0197881851345,0.0638493895531,-0.53525185585,0.175434857607,-0.350816369057,0.0148602584377
80,0.4,14,-0.000544685986824,0.0123933274299,0.0892158225179,0.205397203565,0.996598422527,-0.0413773171604,0.00990683585405
80,0.4,15,0.0130584603176,0.020252333954,0.0641806721687,0.545495212078,0.0941548645496,-0.541899800301,0.0128788910806
80,0.4,16,-0.0137862227857,0.0349276065826,0.0898937880993,-0.666340708733,-0.075641669333,-1.1483399868,0.00396273471415
80,0.4,17,-0.00106829288416,0.0392379686236,0.0611941553652,-0.225263997912,-0.463460803032,-1.46967256069,0.00396273471415
80,0.4,18,0.0121600721031,0.035285256803,0.0856465101242,-0.135849133134,0.623924136162,-0.961440861225,0.00495341839269
80,0.4,19,0.00101562275086,0.0105366175994,0.0442223511636,0.0796307548881,0.723297774792,-1.41835260391,0.00990684051067
80,0.4,20,-0.0139351859689,0.0279556941241,0.0419503860176,0.0513589344919,0.450625807047,-1.50413858891,0.00396273564547
80,0.4,21,0.0123036708683,0.0305172130466,0.0416606292129,-0.214067220688,0.339872509241,-1.21814310551,0.00495341978967
80,0.4,22,-0.0211357437074,0.000873188488185,0.0830798000097,-0.723909199238,-0.176283374429,0.4234983325,0.0099068377167
80,0.4,23,-0.0338630154729,0.0211181379855,0.0835426524282,-0.146145895123,-0.105835840106,-0.520552694798,0.00396273564547
80,0.4,24,-0.0201327912509,0.0126418909058,0.101842969656,-0.699015498161,0.682294845581,-0.293348103762,0.00594410020858
80,0.4,25,-0.0188510622829,-0.000796925392933,0.0526894852519,-0.60317325592,-0.0368444062769,-1.46283996105,0.00990684051067
80,0.4,26,-0.0343738012016,0.0198020134121,0.0538537949324,-0.470031052828,0.272192269564,-1.22742164135,0.0039627365768
80,0.4,27,-0.0202917996794,0.00875511299819,0.0287822429091,-0.466570556164,-0.134554520249,-1.40497016907,0.00594410393387
80,0.4,28,-0.0409655869007,-0.000817802152596,0.0722521468997,-0.406156927347,-0.190489709377,-0.4061229527,0.00594410579652
80,0.4,29,0.0210667364299,0.000745887984522,0.0819307491183,0.678927958012,0.024185327813,0.574881255627,0.0099068377167
80,0.4,30,0.0311967283487,0.0248907767236,0.0827618017793,0.70466285944,-0.310389608145,-0.190833881497,0.00396273564547
80,0.4,31,0.0217884704471,0.012988820672,0.102671697736,0.488652557135,0.251232355833,-0.227535143495,0.00594410020858
80,0.4,32,0.0199804250151,-3.72100366803e-05,0.0544243268669,0.464576750994,-0.362655758858,-0.823243021965,0.00990684051067
80,0.4,33,0.0321724787354,0.0208458770066,0.0550999306142,0.317038476467,0.38228777051,-0.872711122036,0.0039627365768
80,0.4,34,0.0214105732739,0.0104548279196,0.0307636614889,-0.0416893102229,-0.11774507165,-1.27611064911,0.00594410393387
80,0.4,35,0.0407920740545,-0.000607497291639,0.0716775581241,0.650964856148,-0.24831341207,-0.743643820286,0.00594410579652
80,0.4,36,-0.0121163846925,-0.0194933153689,0.0646691173315,-0.329673469067,-0.0430176779628,-0.389945298433,0.0148602584377
80,0.4,37,0.0127749359235,-0.01901082322,0.0678877383471,0.309067159891,-0.257284611464,-0.699820756912,0.0128788910806
80,0.4,38,0.000240106033743,-0.0118191232905,0.0901701003313,-0.150806635618,-0.527520537376,0.226500183344,0.0118882022798
80,0.4,39,-0.00047714120592,-0.0394256040454,0.0670823007822,0.131330221891,-0.12041977793,-2.17456960678,0.00396273471415
80,0.4,40,-0.0118799796328,-0.0319783575833,0.092609487474,-0.94024348259,-0.0702638626099,-1.79020738602,0.00396273471415
80,0.4,41,0.0109192598611,-0.034332357347,0.0893313661218,0.313787639141,-0.610006690025,-1.35647654533,0.00495341839269
80,0.4,42,0.000362388294889,-0.0132446521893,0.0415376424789,-0.0126159265637,-0.360651761293,-1.38963639736,0.0118882078677
80,0.4,43,-0.0129675688222,-0.031999707222,0.0436150282621,-0.00622336333618,0.0280798785388,-1.51311659813,0.00396273564547
80,0.4,44,0.00934467557818,-0.0331536345184,0.0463504977524,-0.0546090453863,-0.181254819036,-1.09640300274,0.00495341978967
80,0.4,45,-0.0328679345548,-0.018020644784,0.0841192007065,-0.535339713097,0.178552702069,-0.782953083515,0.00396273564547
80,0.4,46,-0.0211098548025,-0.00958936195821,0.104193940759,-0.0690341368318,-0.34663528204,-0.253906309605,0.0049534169957
80,0.4,47,-0.0331149064004,-0.018767632544,0.057091973722,-0.28534412384,-0.581259310246,-0.539985597134,0.0039627365768
80,0.4,48,-0.0189460646361,-0.0126963770017,0.027621768415,-0.7191619277,-0.328195422888,-1.20673847198,0.00495341978967
80,0.4,49,0.032244052738,-0.0238019619137,0.0838241353631,1.3996796608,-0.147329300642,-0.487693190575,0.00396273564547
80,0.4,50,0.0220865625888,-0.0108565157279,0.102858804166,0.37020277977,-0.123606063426,-0.218346968293,0.0049534169957
80,0.4,51,0.0312038399279,-0.0200886391103,0.0543188638985,0.313013911247,0.255270183086,-0.308638542891,0.0039627365768
80,0.4,52,0.0190218184143,-0.0143960351124,0.0287817660719,0.510665357113,-0.369381040335,-1.37811946869,0.00495341978967
80,0.4,53,3.64366824215e-05,0.00162711273879,0.107594043016,0.414473205805,0.232457220554,-0.1106281057,0.00396273471415
80,0.4,54,0.00210044416599,0.000720139185432,0.0142016755417,-0.283485263586,-0.357961714268,-0.62616276741,0.00396273750812
81,0.405,0,-0.000123602570966,0.000375638075639,0.0630891621113,-0.0336698554456,0.176027834415,-0.781807899475,0.00990683957934
81,0.405,1,-0.0300496742129,0.0403547771275,0.0577206909657,-0.550920248032,0.38335776329,-1.00682926178,0.00247670989484
81,0.405,2,0.0278486143798,0.0420145653188,0.0604121796787,0.798230171204,-0.631849765778,-1.33107960224,0.00247670989484
81,0.405,3,-0.0281938109547,-0.0397373437881,0.0636522322893,-0.5114839077,0.0977764576674,-1.62844991684,0.00247670989484
81,0.405,4,0.0288164466619,-0.0422527976334,0.063081510365,0.744880735874,0.908985853195,-1.50831663609,0.00247670989484
81,0.405,5,0.00109125266317,-0.0279766358435,0.10708796978,0.105215743184,-0.0959000438452,-0.493615746498,0.00247670919634
81,0.405,6,0.000794412510004,0.0311237182468,0.106687806547,-0.0314207486808,0.735420525074,-0.337269693613,0.00247670919634
81,0.405,7,0.00238562445156,-0.0274988301098,0.0114399679005,0.050879675895,-1.54701006413,-0.883312106133,0.00247671105899
81,0.405,8,0.00347452703863,0.0281294304878,0.0145520316437,-0.167801260948,0.451940327883,-1.56505060196,0.00247671105899
81,0.405,9,0.0406865105033,-0.00314838439226,0.0355426371098,-0.165099278092,-0.206349983811,-1.38980662823,0.00247670942917
81,0.405,10,0.0465006381273,0.00153117906302,0.0928069874644,0.812881827354,0.451644122601,-0.636318087578,0.00247670849785
81,0.405,11,-0.039566680789,0.00138561753556,0.0308904573321,0.342261344194,-0.23207937181,-2.00417280197,0.00247670942917
81,0.405,12,-0.0442020706832,0.00339969852939,0.0980865359306,-0.77799654007,0.240583851933,0.136360153556,0.00247670849785
81,0.405,13,-0.0151343597099,0.0201573427767,0.0628107860684,-0.455301254988,-0.0947610735893,-0.264750897884,0.0148602584377
81,0.405,14,0.000940403435379,0.0174694471061,0.0870949923992,0.269219011068,0.75953489542,-0.70273655653,0.00990683585405
81,0.405,15,0.0149328121915,0.0210827793926,0.0624732039869,0.194524079561,0.168991714716,-0.250893682241,0.0128788910806
81,0.405,16,-0.0163024626672,0.0341027341783,0.0817474648356,-0.350050568581,-0.00289502809756,-1.85754680634,0.00396273471415
81,0.405,17,-0.00223339558579,0.0389851666987,0.0553006380796,-0.208260163665,0.323480665684,-0.834427475929,0.00396273471415
81,0.405,18,0.011080943048,0.0368727706373,0.080985955894,-0.152428507805,0.079734005034,-0.952605187893,0.00495341839269
81,0.405,19,0.000776506727561,0.0130425170064,0.0364033803344,-0.187941327691,0.2745269835,-1.52309000492,0.00990684051067
81,0.405,20,-0.0142738511786,0.0316160842776,0.034197665751,-0.180097103119,0.720778524876,-1.31802999973,0.00396273564547
81,0.405,21,0.0124604403973,0.0329812951386,0.0362253412604,0.265960842371,0.422212362289,-0.890964508057,0.00495341978967
81,0.405,22,-0.0234066545963,0.000101037214336,0.0827405825257,-0.13258908689,-0.0819624885917,-0.512127697468,0.0099068377167
81,0.405,23,-0.0345304943621,0.0209896117449,0.0785454213619,-0.285129845142,0.0487959943712,-1.37213909626,0.00396273564547
81,0.405,24,-0.0231650732458,0.0173869151622,0.101267673075,-0.298792034388,0.951800704002,-0.0460154600441,0.00594410020858
81,0.405,25,-0.0225067120045,-0.000839772459585,0.0460972338915,-0.685869693756,-0.00222977995872,-1.0707679987,0.00990684051067
81,0.405,26,-0.0359413549304,0.0196897909045,0.0480584837496,-0.0807701423764,-0.249112576246,-1.03814506531,0.0039627365768
81,0.405,27,-0.0216379705817,0.00952874775976,0.0222885999829,-0.023524897173,0.488381505013,-1.14833843708,0.00594410393387
81,0.405,28,-0.0428522229195,-0.000447998841992,0.0680385529995,-0.302131742239,0.239879220724,-1.28656232357,0.00594410579652
81,0.405,29,0.0240685772151,0.00067102664616,0.0831918865442,0.406181156635,-0.110447533429,-0.19604241848,0.0099068377167
81,0.405,30,0.0356762558222,0.0219197571278,0.0798936635256,0.922631561756,-0.756473362446,-0.972668409348,0.00396273564547
81,0.405,31,0.0231948271394,0.0157306492329,0.101188793778,0.0741732120514,0.747132599354,-0.366367042065,0.00594410020858
81,0.405,32,0.0224064998329,-0.00192947336473,0.04967674613,0.377848088741,-0.285537928343,-1.0144957304,0.00990684051067
81,0.405,33,0.0350329987705,0.021821629256,0.0501027517021,0.615524172783,-0.135578855872,-1.07906246185,0.0039627365768
81,0.405,34,0.0216121729463,0.00993412546813,0.0247060656548,0.109117515385,-0.0466996617615,-1.04389715195,0.00594410393387
81,0.405,35,0.0438900515437,-0.00125790550373,0.0672487094998,0.489077568054,0.0125174857676,-0.985493719578,0.00594410579652
81,0.405,36,-0.0136257112026,-0.0193703137338,0.0636033937335,-0.249103412032,0.108816631138,-0.231616079807,0.0148602584377
81,0.405,37,0.0139528447762,-0.02104052715,0.0644443109632,0.135631486773,-0.419137120247,-0.664426624775,0.0128788910806
81,0.405,38,-0.000264817208517,-0.0142782237381,0.0895138978958,0.0018007166218,-0.303454220295,-0.470865517855,0.0118882022798
81,0.405,39,-0.00049200974172,-0.0414895266294,0.0572123862803,-0.117296792567,-0.523987770081,-1.62185537815,0.00396273471415
81,0.405,40,-0.0168118793517,-0.0322616547346,0.0818128883839,-0.761916577816,-0.15309253335,-2.19850587845,0.00396273471415
81,0.405,41,0.0129479942843,-0.0356228351593,0.0825267806649,0.396015256643,0.0464396961033,-1.34824323654,0.00495341839269
81,0.405,42,0.000451751169749,-0.013930093497,0.0353536047041,0.00145431759302,0.0183877144009,-0.98592466116,0.0118882078677
81,0.405,43,-0.0141684934497,-0.0329643078148,0.0363855846226,-0.341131776571,-0.193391546607,-1.18369412422,0.00396273564547
81,0.405,44,0.0112338168547,-0.0341736599803,0.0401643589139,0.699590444565,-0.110239870846,-1.37270545959,0.00495341978967
81,0.405,45,-0.0354643277824,-0.019367614761,0.0796599313617,-0.506458163261,-0.514926493168,-0.931424438953,0.00396273564547
81,0.405,46,-0.0212211664766,-0.0130526255816,0.103608235717,-0.010569838807,-0.802534759045,-0.141261205077,0.0049534169957
81,0.405,47,-0.0350213311613,-0.0218958333135,0.0523028299212,-0.38319543004,-0.479250818491,-1.27682256699,0.0039627365768
81,0.405,48,-0.0235797911882,-0.0148458387703,0.0228374954313,-0.85261785984,-0.521351277828,-0.730858683586,0.00495341978967
81,0.405,49,0.0382628440857,-0.0230420827866,0.0799737200141,0.80241382122,0.466385781765,-1.0050817728,0.00396273564547
81,0.405,50,0.0232070945203,-0.0134509634227,0.102138184011,0.103379510343,-0.746593117714,-0.223891824484,0.0049534169957
81,0.405,51,0.0337153598666,-0.0203024931252,0.0526818968356,0.690009832382,-0.377942353487,-0.449422806501,0.0039627365768
81,0.405,52,0.0224638395011,-0.0155011899769,0.0234199091792,0.656409144402,-0.0834150165319,-0.766592919827,0.00495341978967
81,0.405,53,0.00202519493178,0.00228891894221,0.110025763512,0.259824156761,0.0814350768924,0.536827862263,0.00396273471415
81,0.405,54,0.000254339771345,-0.000677561445627,0.0148012768477,-0.410374581814,-0.256185442209,0.55071914196,0.00396273750812
82,0.41,0,-4.06504987041e-05,0.00108099146746,0.0594928376377,0.0742541626096,0.0766744986176,-0.676291465759,0.00990683957934
82,0.41,1,-0.0312897339463,0.0412013120949,0.0527003891766,0.0755227208138,-0.117248736322,-1.02984213829,0.00247670989484
82,0.41,2,0.0300983563066,0.0386624000967,0.0541371032596,0.11921453476,-0.630509912968,-1.12508761883,0.00247670989484
82,0.41,3,-0.0299828834832,-0.0397224128246,0.0541423968971,-0.172153517604,-0.0414176024497,-2.0678858757,0.00247670989484
82,0.41,4,0.0309881027788,-0.0383425429463,0.0554747320712,0.137795597315,0.398394972086,-1.43194305897,0.00247670989484
82,0.41,5,0.00109816843178,-0.0282973535359,0.103536471725,-0.106970340014,-0.00291873188689,-1.02375686169,0.00247670919634
82,0.41,6,0.000104077938886,0.0337031297386,0.103174261749,-0.23717738688,0.223620817065,-1.16070628166,0.00247670919634
82,0.41,7,0.00164259888697,-0.0331372693181,0.0102500673383,-0.316516429186,-0.561902225018,0.361954033375,0.00247671105899
82,0.41,8,0.00171385915019,0.0281712841243,0.00772419897839,-0.454704850912,-0.409688323736,-1.05218720436,0.00247671105899
82,0.41,9,0.0414383523166,-0.00309578678571,0.0297782737762,0.461614757776,0.173192903399,-0.884700000286,0.00247670942917
82,0.41,10,0.0489484928548,0.00295430026017,0.0897527784109,0.0200414415449,0.0904300436378,-0.641403138638,0.00247670849785
82,0.41,11,-0.0410449653864,-0.000901215709746,0.0232794303447,-0.790424406528,-0.573581933975,-1.01040840149,0.00247670942917
82,0.41,12,-0.0455189421773,0.00357988127507,0.0957135930657,0.472684562206,-0.161819770932,-1.23634040356,0.00247670849785
82,0.41,13,-0.016203051433,0.0187979340553,0.0597473867238,0.0303444042802,-0.363268762827,-0.973594903946,0.0148602584377
82,0.41,14,0.00124748109374,0.0183911975473,0.0833548977971,-0.16808141768,-0.355445355177,-0.726168513298,0.00990683585405
82,0.41,15,0.0150152929127,0.0211597681046,0.0604713447392,-0.145204737782,-0.195324376225,-0.631979942322,0.0128788910806
82,0.41,16,-0.0172653514892,0.0360730886459,0.0737183094025,-0.0076865023002,0.619981586933,-1.21973478794,0.00396273471415
82,0.41,17,-0.00286001060158,0.0407959148288,0.0527186766267,-0.0180127508938,0.185097947717,-0.302079439163,0.00396273471415
82,0.41,18,0.0115226609632,0.0372233986855,0.0759178251028,0.312560409307,0.12292342633,-1.04101288319,0.00495341839269
82,0.41,19,-0.00047833143617,0.0137789733708,0.0307741761208,-0.233546450734,0.0752301290631,-0.641344845295,0.00990684051067
82,0.41,20,-0.0149804847315,0.0333220362663,0.0307661257684,-0.0167946740985,-0.0627112910151,-0.0322861596942,0.00396273564547
82,0.41,21,0.0141012975946,0.0331672877073,0.0330202803016,0.275216192007,-0.356448560953,-0.406533479691,0.00495341978967
82,0.41,22,-0.0228695049882,0.000338751327945,0.0788098573685,0.256679415703,0.172391891479,-0.982505261898,0.0099068377167
82,0.41,23,-0.0370628796518,0.0210854411125,0.0715117976069,-0.571632444859,-0.0770864933729,-1.28959310055,0.00396273564547
82,0.41,24,-0.0222678463906,0.0201087892056,0.0997356846929,0.584250569344,0.0775994956493,-0.711348176003,0.00594410020858
82,0.41,25,-0.0243505463004,-0.000959559401963,0.0422619841993,-0.00953072030097,-0.0441653616726,-0.541179478168,0.00990684051067
82,0.41,26,-0.0352019742131,0.0183027759194,0.0434484779835,0.285693526268,-0.218213543296,-0.867376327515,0.0039627365768
82,0.41,27,-0.0210932381451,0.0130949150771,0.0179245136678,0.108483500779,0.768693327904,-0.570031046867,0.00594410393387
82,0.41,28,-0.0436443611979,0.000316644611303,0.0601040273905,-0.0180333890021,-0.0152963604778,-1.73659133911,0.00594410579652
82,0.41,29,0.0245231892914,-0.000334948155796,0.0796367526054,-0.206397116184,-0.223407194018,-1.15268659592,0.0099068377167
82,0.41,30,0.0389051549137,0.0185985621065,0.0734776183963,0.272689014673,-0.466852962971,-1.45904064178,0.00396273564547
82,0.41,31,0.0227851439267,0.0188820213079,0.0984902605414,-0.19201233983,0.362857878208,-0.791005373001,0.00594410020858
82,0.41,32,0.0230083893985,-0.00235112104565,0.0449412949383,-0.129835650325,0.0980921089649,-0.833161711693,0.00990684051067
82,0.41,33,0.0366622619331,0.0189824290574,0.0448256805539,-0.0110892411321,-0.899989068508,-0.999913096428,0.0039627365768
82,0.41,34,0.0222662128508,0.0103754661977,0.0209702346474,0.103195004165,0.213125392795,-0.467805713415,0.00594410393387
82,0.41,35,0.0450129359961,-0.000712081033271,0.0617749132216,-0.0513974912465,0.129554390907,-1.22542226315,0.00594410579652
82,0.41,36,-0.0146106304601,-0.0185117386281,0.0608855001628,-0.154604777694,0.189999341965,-0.878855586052,0.0148602584377
82,0.41,37,0.0140945324674,-0.0219464022666,0.0608195886016,-0.0572637505829,0.129146486521,-0.852597057819,0.0128788910806
82,0.41,38,0.000380073004635,-0.0141975255683,0.0859644114971,0.212707936764,0.29697149992,-0.902467012405,0.0118882022798
82,0.41,39,-0.00116588838864,-0.0425992049277,0.051454924047,-0.0997897386551,0.21911136806,-0.734858930111,0.00396273471415
82,0.41,40,-0.0175046753138,-0.0342143662274,0.0735200047493,0.494948863983,-0.534149289131,-1.03401327133,0.00396273471415
82,0.41,41,0.0140189863741,-0.0350402109325,0.0763794332743,-0.000436556496425,0.0512320585549,-1.05498206615,0.00495341839269
82,0.41,42,-5.70931615584e-06,-0.0138550372794,0.0327354557812,-0.193597778678,-0.0253433175385,-0.044665440917,0.0118882078677
82,0.41,43,-0.0149624478072,-0.032569181174,0.0331996120512,0.0942995250225,0.315929561853,-0.0898300036788,0.00396273564547
82,0.41,44,0.0148243810982,-0.033642783761,0.0332161411643,0.60308599472,0.290282696486,-1.28722810745,0.00495341978967
82,0.41,45,-0.0373032540083,-0.020634893328,0.0749857872725,-0.123960591853,0.140250176191,-0.960609555244,0.00396273564547
82,0.41,46,-0.0212308745831,-0.0155108524486,0.100737832487,0.0390551649034,-0.088357232511,-1.12226438522,0.0049534169957
82,0.41,47,-0.0363701283932,-0.0222347285599,0.0454608164728,-0.159473285079,0.348139673471,-1.34902524948,0.0039627365768
82,0.41,48,-0.025316471234,-0.0172254871577,0.0200749542564,0.216401681304,-0.298051834106,-0.400008380413,0.00495341978967
82,0.41,49,0.039301648736,-0.0195016097277,0.0745482742786,-0.33441144228,0.831567704678,-1.07628786564,0.00396273564547
82,0.41,50,0.0231170784682,-0.0161135662347,0.099136441946,-0.12955892086,-0.151954054832,-1.0330067873,0.0049534169957
82,0.41,51,0.0373848676682,-0.0226979088038,0.0490026324987,0.642222702503,-0.335052698851,-1.04876542091,0.0039627365768
82,0.41,52,0.0242239125073,-0.0155933229253,0.0209305044264,0.0208589583635,0.0249739866704,-0.272734194994,0.00495341978967
82,0.41,53,0.0020848934073,0.00277252728119,0.10868050158,-0.214348256588,0.128240004182,-1.19611763954,0.00396273471415
82,0.41,54,-0.00122816418298,-0.00236357119866,0.015489872545,-0.103634931147,-0.432369887829,-0.568022966385,0.00396273750812
83,0.415,0,0.000483917363454,0.000911082548555,0.0561172291636,0.0918022617698,-0.143951669335,-0.694368720055,0.00990683957934
83,0.415,1,-0.0294659752399,0.0391978211701,0.0478127337992,0.547187387943,-0.56042855978,-0.827898442745,0.00247670989484
83,0.415,2,0.0293679852039,0.0363145880401,0.0493568070233,-0.348373621702,-0.283730298281,-0.802195847034,0.00247670989484
83,0.415,3,-0.0295982789248,-0.0396097637713,0.045221876353,0.277437806129,0.0800563544035,-1.26809835434,0.00247670989484
83,0.415,4,0.0299730245024,-0.0391076952219,0.0497934632003,-0.550436556339,-0.490438997746,-0.817178785801,0.00247670989484
83,0.415,5,0.000165721226949,-0.027869315818,0.096765473485,-0.223021820188,0.145281732082,-1.56029248238,0.00247670919634
83,0.415,6,-0.00109744013753,0.0333054065704,0.0950463563204,-0.159660026431,-0.264902859926,-1.93106734753,0.00247670919634
83,0.415,7,-0.00044073688332,-0.0324687249959,0.0135156847537,-0.470024466515,0.748274624348,0.684869647026,0.00247671105899
83,0.415,8,-0.000366191612557,0.0244334954768,0.00507831480354,-0.326247632504,-0.975913167,0.0079898936674,0.00247671105899
83,0.415,9,0.0443548858166,-0.00223163980991,0.0267218463123,0.56463432312,0.0954933986068,-0.417594105005,0.00247670942917
83,0.415,10,0.0458716489375,0.002550001489,0.0857018828392,-1.17241632938,-0.190277010202,-1.02088856697,0.00247670849785
83,0.415,11,-0.0447363220155,-0.00337572861463,0.0211121719331,-0.449063688517,-0.324262797832,0.0650506466627,0.00247670942917
83,0.415,12,-0.0397537313402,0.00208464148454,0.0857025533915,1.45820605755,-0.365843892097,-2.51692938805,0.00247670849785
83,0.415,13,-0.0151700321585,0.017501251772,0.0538931153715,0.313298135996,-0.102265991271,-1.21224987507,0.0148602584377
83,0.415,14,-0.000254923623288,0.0152244484052,0.0793726742268,-0.307779222727,-0.707063674927,-1.00207400322,0.00990683585405
83,0.415,15,0.0136357890442,0.0189986675978,0.0559358671308,-0.367330521345,-0.598633110523,-1.11645853519,0.0128788910806
83,0.415,16,-0.0159056540579,0.0376683585346,0.0696873739362,0.545062363148,-0.149548456073,-0.502317130566,0.00396273471415
83,0.415,17,-0.0020894666668,0.0398573093116,0.0512265488505,0.347664833069,-0.471174865961,-0.378820776939,0.00396273471415
83,0.415,18,0.0133989797905,0.0374407656491,0.0713219195604,0.335493445396,-0.163740545511,-0.735237956047,0.00495341839269
83,0.415,19,-0.000899944861885,0.0135590601712,0.0298062302172,0.070098079741,-0.235088571906,0.106067933142,0.00990684051067
83,0.415,20,-0.0139490682632,0.0319193601608,0.032770216465,0.414389908314,-0.298115491867,0.542193770409,0.00396273564547
83,0.415,21,0.0145548777655,0.0304285567254,0.0318866074085,-0.0757578313351,-0.533036768436,-0.116649225354,0.00495341978967
83,0.415,22,-0.0213575512171,0.00153514393605,0.0728899165988,0.337248414755,0.249636933208,-1.4394826889,0.0099068377167
83,0.415,23,-0.0381373129785,0.0199241824448,0.0660633742809,0.267769396305,-0.340855896473,-0.953706204891,0.00396273564547
83,0.415,24,-0.0188474133611,0.0183778367937,0.0934063345194,0.541741132736,-0.639562129974,-1.74256587029,0.00594410020858
83,0.415,25,-0.0227498859167,-0.00109765387606,0.0396427363157,0.557945609093,0.0244658831507,-0.595719516277,0.00990684051067
83,0.415,26,-0.0342892073095,0.0179187469184,0.038710474968,-0.0293197091669,0.0481719598174,-1.06533181667,0.0039627365768
83,0.415,27,-0.0212410707027,0.015268875286,0.0163389183581,-0.135474741459,-0.0231146849692,-0.154193758965,0.00594410393387
83,0.415,28,-0.0432868935168,-0.000547524541616,0.0521426349878,0.116787426174,-0.231993868947,-1.34354090691,0.00594410579652
83,0.415,29,0.0223589465022,-0.000617535843048,0.072332650423,-0.584358930588,0.183524623513,-1.68642675877,0.0099068377167
83,0.415,30,0.0377919860184,0.0179177261889,0.0665948316455,-0.68384718895,0.180290907621,-1.21785354614,0.00396273564547
83,0.415,31,0.0216792151332,0.0185200702399,0.092541448772,-0.205535978079,-0.464174538851,-1.58401715755,0.00594410020858
83,0.415,32,0.0214643906802,-0.00140047306195,0.041431888938,-0.423380702734,0.213518902659,-0.619364440441,0.00990684051067
83,0.415,33,0.0354543142021,0.0147603908554,0.0401538871229,-0.32360497117,-0.538410902023,-0.889238774776,0.0039627365768
83,0.415,34,0.0219721905887,0.01143129915,0.0193052496761,-0.255096018314,0.11564489454,-0.321123152971,0.00594410393387
83,0.415,35,0.0435663051903,-0.000693587295245,0.0550020597875,-0.447406291962,-0.144683614373,-1.41388702393,0.00594410579652
83,0.415,36,-0.0151004362851,-0.0179212931544,0.0555254928768,-0.0264425724745,0.0366047769785,-1.117208004,0.0148602584377
83,0.415,37,0.0136067867279,-0.0198740530759,0.055522121489,-0.108661718667,0.562915623188,-1.23095595837,0.0128788910806
83,0.415,38,0.00119953823742,-0.012086795643,0.0803006142378,0.0530986227095,0.429426252842,-1.40686130524,0.0118882022798
83,0.415,39,-0.00106570671778,-0.0392009541392,0.0493034794927,0.167351171374,0.938314914703,-0.195866391063,0.00396273471415
83,0.415,40,-0.0129844788462,-0.0357216149569,0.0707975625992,1.07704889774,0.0449947752059,-0.225403875113,0.00396273471415
83,0.415,41,0.0131714204326,-0.0352771058679,0.0721513479948,-0.242027834058,-0.0273080654442,-0.685100793839,0.00495341839269
83,0.415,42,-0.00119809515309,-0.0138144278899,0.0337517298758,-0.210848644376,0.117948174477,0.221335723996,0.0118882078677
83,0.415,43,-0.0133549654856,-0.0313809365034,0.0344744473696,0.439704239368,-0.0259282775223,0.341202735901,0.00396273564547
83,0.415,44,0.0167069751769,-0.0321565493941,0.0287994556129,0.188244238496,0.195192947984,-0.379069328308,0.00495341978967
83,0.415,45,-0.0359396412969,-0.0182982627302,0.0694970488548,0.611735343933,0.591608166695,-1.28455030918,0.00396273564547
83,0.415,46,-0.020395077765,-0.0139826387167,0.0923228487372,0.311926752329,0.571062922478,-2.07468986511,0.0049534169957
83,0.415,47,-0.0368742868304,-0.019316572696,0.0393845401704,-0.068558961153,0.6274959445,-1.09454381466,0.0039627365768
83,0.415,48,-0.0219024475664,-0.0163851324469,0.0187256410718,0.969676613808,0.655579984188,-0.182170704007,0.00495341978967
83,0.415,49,0.0359146632254,-0.0164231266826,0.0695347338915,-0.857348918915,0.230123817921,-0.9745028615,0.00396273564547
83,0.415,50,0.022095028311,-0.014460388571,0.0920479074121,-0.251898437738,0.696858286858,-1.66280984879,0.0049534169957
83,0.415,51,0.0388461239636,-0.0220181718469,0.0424144007266,-0.116795003414,0.55072581768,-1.47328293324,0.0039627365768
83,0.415,52,0.0228397846222,-0.014882799238,0.0203976389021,-0.50701624155,0.309766829014,-0.0101726800203,0.00495341978967
83,0.415,53,0.000563361216336,0.00349304336123,0.0994016453624,-0.268776029348,0.12053052336,-2.07282710075,0.00396273471415
83,0.415,54,-0.000644568586722,-0.00446549290791,0.010487312451,0.267133593559,-0.30759164691,-1.01890420914,0.00396273750812
84,0.42,0,0.00025025146897,-0.000218622837565,0.0523240566254,-0.219701111317,-0.275066614151,-0.851444065571,0.00990683957934
84,0.42,1,-0.0271941721439,0.037432577461,0.0454955026507,0.271500527859,0.00624784687534,-0.0854599699378,0.00247670989484
84,0.42,2,0.0272738020867,0.0362243913114,0.0460889562964,-0.404622882605,0.285058557987,-0.507576286793,0.00247670989484
84,0.42,3,-0.0281168501824,-0.0396314002573,0.0432437248528,0.254590749741,-0.147141978145,0.460301816463,0.00247670989484
84,0.42,4,0.0259823389351,-0.0410321876407,0.0472051873803,-0.870370268822,-0.210854142904,-0.250184744596,0.00247670989484
84,0.42,5,-0.000554806552827,-0.0270740631968,0.0897507965565,-0.00535270897672,0.197029992938,-1.09188199043,0.00247670919634
84,0.42,6,-0.000764236203395,0.0324044935405,0.0862767696381,0.283448159695,-0.0650820508599,-1.34022557735,0.00247670919634
84,0.42,7,-0.00227368017659,-0.0274408943951,0.0148395048454,-0.15175421536,0.966379404068,-0.281942754984,0.00247671105899
84,0.42,8,-0.00129037501756,0.0198405217379,0.00720277568325,-0.056483861059,-0.693049073219,0.655267775059,0.00247671105899
84,0.42,9,0.0459411740303,-0.00222544977441,0.0244014207274,0.0103067867458,-0.00521749816835,-0.626473248005,0.00247670942917
84,0.42,10,0.0390674397349,0.00161193101667,0.0792494937778,-1.24130606651,-0.167119264603,-1.55339396,0.00247670849785
84,0.42,11,-0.0446256324649,-0.00321575812995,0.0223886985332,0.402585983276,0.410853743553,0.214954793453,0.00247670942917
84,0.42,12,-0.0364937298,0.000559113745112,0.0743529573083,-0.481698960066,-0.240713521838,-1.73885810375,0.00247670849785
84,0.42,13,-0.0136520294473,0.017845986411,0.0488129295409,0.259926468134,0.22767175734,-0.812574803829,0.0148602584377
84,0.42,14,-0.000629686343018,0.012970758602,0.0721168071032,0.175892010331,-0.138471141458,-1.83101856709,0.00990683585405
84,0.42,15,0.0118869319558,0.0165185611695,0.0501263737679,-0.267163574696,-0.218492329121,-1.14747226238,0.0128788910806
84,0.42,16,-0.0125021198764,0.0346060320735,0.067525729537,0.670753002167,-0.861141145229,-0.465125143528,0.00396273471415
84,0.42,17,0.000704965030309,0.0380798056722,0.0487691015005,0.712218344212,-0.0267586130649,-0.538339078426,0.00396273471415
84,0.42,18,0.0143927726895,0.0347824767232,0.0686117261648,0.0892636626959,-0.838580310345,-0.430737763643,0.00495341839269
84,0.42,19,-0.000299132807413,0.0110853109509,0.0302077438682,0.0823841169477,-0.66118824482,-0.0918882638216,0.00990684051067
84,0.42,20,-0.0114038074389,0.0319575443864,0.0325324237347,0.491438448429,0.327338695526,-0.881377160549,0.00396273564547
84,0.42,21,0.0139315007254,0.0295508820564,0.0308092851192,-0.115116775036,0.202218547463,-0.445086717606,0.00495341978967
84,0.42,22,-0.0193573702127,0.00225929287262,0.0635436624289,0.414376527071,-0.002676529577,-2.27115774155,0.0099068377167
84,0.42,23,-0.0346631370485,0.0187890157104,0.0612438842654,0.88761895895,0.0118481423706,-1.01008915901,0.00396273564547
84,0.42,24,-0.018979780376,0.0152742201462,0.0839170962572,-0.575067400932,-0.47479942441,-1.84415912628,0.00594410020858
84,0.42,25,-0.0200743712485,-0.000320912309689,0.0362167544663,0.348585635424,0.284389317036,-0.697114706039,0.00990684051067
84,0.42,26,-0.0357796922326,0.01845173724,0.0329941362143,-0.464803606272,0.147594466805,-1.13148617744,0.0039627365768
84,0.42,27,-0.0217003878206,0.0128715885803,0.0153969163075,0.026257108897,-0.752754926682,-0.329905718565,0.00594410393387
84,0.42,28,-0.0427300818264,-0.000788975914475,0.0469792336226,0.0994260981679,0.20074300468,-0.794872879982,0.00594410579652
84,0.42,29,0.0196788776666,0.00140788767021,0.0633832737803,-0.366232305765,0.468978613615,-1.82230615616,0.0099068377167
84,0.42,30,0.0331513285637,0.0198559239507,0.0613710992038,-0.935770630836,0.506465613842,-0.932249069214,0.00396273564547
84,0.42,31,0.0209977459162,0.0154283456504,0.0834639444947,-0.0918263867497,-0.589802980423,-1.84711277485,0.00594410020858
84,0.42,32,0.0195044092834,-0.000692300673109,0.0379404500127,-0.264491200447,0.0752477645874,-0.849427700043,0.00990684051067
84,0.42,33,0.0345748029649,0.0152918668464,0.0357177890837,-0.0192785523832,0.682863116264,-0.899689078331,0.0039627365768
84,0.42,34,0.0201191622764,0.0110487546772,0.0166557747871,-0.356560140848,-0.213980570436,-0.790833055973,0.00594410393387
84,0.42,35,0.0415589660406,-0.00166993029416,0.0488167703152,-0.257017344236,-0.133736819029,-0.966402828693,0.00594410579652
84,0.42,36,-0.0147716719657,-0.0180126074702,0.0507773123682,0.1434776932,-0.0778898224235,-0.800922334194,0.0148602584377
84,0.42,37,0.0132846869528,-0.0179249513894,0.0493702627718,-0.000556823448278,0.106888249516,-1.12124180794,0.0128788910806
84,0.42,38,0.000730343104806,-0.0109602985904,0.07172460109,-0.18437692523,-0.0167799964547,-1.90536439419,0.0118882022798
84,0.42,39,0.000529451936018,-0.0364681556821,0.0492004863918,0.386832714081,-0.116360917687,0.109213888645,0.00396273471415
84,0.42,40,-0.00936073809862,-0.0342133007944,0.069963850081,0.169943377376,0.376608222723,-0.203788354993,0.00396273471415
84,0.42,41,0.0128804594278,-0.0339481793344,0.0690782889724,0.22258900106,0.609925091267,-0.564274072647,0.00495341839269
84,0.42,42,-0.00127915397752,-0.0123510053381,0.0331359766424,0.21826043725,0.399446874857,-0.530115008354,0.0118882078677
84,0.42,43,-0.0116932876408,-0.0333539135754,0.033401504159,0.167804703116,-0.635650455952,-0.906029701233,0.00396273564547
84,0.42,44,0.0170336496085,-0.0321594923735,0.0292323306203,-0.078090287745,-0.172496467829,0.330434203148,0.00495341978967
84,0.42,45,-0.0328026115894,-0.0174039155245,0.0621620751917,0.432948321104,-0.406915128231,-1.54285395145,0.00396273564547
84,0.42,46,-0.0183717943728,-0.0114554986358,0.0823068618774,0.400700718164,0.310761779547,-1.72545909882,0.0049534169957
84,0.42,47,-0.0368063896894,-0.0179455410689,0.034191198647,0.164870083332,-0.184477046132,-0.989555299282,0.0039627365768
84,0.42,48,-0.0179733093828,-0.0120328692719,0.0173868127167,0.356928855181,0.802680373192,-0.471839398146,0.00495341978967
84,0.42,49,0.0321946404874,-0.0181094352156,0.0640917271376,-0.518056869507,-0.816806554794,-1.23574411869,0.00396273564547
84,0.42,50,0.0206036791205,-0.0108587956056,0.0840810611844,-0.368010997772,0.57289814949,-1.41394078732,0.0049534169957
84,0.42,51,0.0363818854094,-0.0189585126936,0.0354435890913,-0.724713921547,0.446327000856,-1.2391834259,0.0039627365768
84,0.42,52,0.0199251621962,-0.0126024940982,0.0195894595236,-0.547054469585,0.478873163462,-0.4712010324,0.00495341978967
84,0.42,53,0.000421709992224,0.00344294845127,0.0922461003065,0.184407263994,-0.155190959573,-0.76286894083,0.00396273471415
84,0.42,54,0.000776370405219,-0.00461925566196,0.00757746351883,0.246316447854,0.257663756609,-0.199917465448,0.00396273750812
85,0.425,0,-0.00110944418702,-0.00141636782791,0.0470030419528,-0.172494903207,-0.154005050659,-1.32715892792,0.00990683957934
85,0.425,1,-0.0263440571725,0.0396495014429,0.0457965731621,0.192762732506,0.792807936668,0.00181740499102,0.00247670989484
85,0.425,2,0.0261112879962,0.0395784266293,0.0441514477134,-0.0209627617151,1.02975523472,-0.325316488743,0.00247670989484
85,0.425,3,-0.0265993736684,-0.041014008224,0.047919113189,0.421669274569,-0.410791069269,1.05807960033,0.00247670989484
85,0.425,4,0.0236626584083,-0.0421416833997,0.0471075735986,0.080152310431,-0.388649791479,0.128637522459,0.00247670989484
85,0.425,5,0.000460108043626,-0.0252283737063,0.0862476453185,0.356883436441,0.566103219986,-0.418933808804,0.00247670919634
85,0.425,6,0.000988576910459,0.0312322229147,0.0830703750253,0.308353275061,-0.593705177307,-0.00860015954822,0.00247670919634
85,0.425,7,-0.00125847419258,-0.025146342814,0.00999771244824,0.492805242538,-0.0752735286951,-1.57009625435,0.00247671105899
85,0.425,8,-0.00108166376594,0.0192922893912,0.0090568838641,0.138119071722,0.558743715286,-0.188984498382,0.00247671105899
85,0.425,9,0.0442516729236,-0.00127516081557,0.0199877992272,-0.625845015049,0.397639453411,-1.09494781494,0.00247670942917
85,0.425,10,0.0364516861737,0.000557163148187,0.0704877451062,0.275843292475,-0.287703186274,-1.84517812729,0.00247670849785
85,0.425,11,-0.042332470417,-0.00014315424778,0.0213201008737,0.32910528779,0.618547081947,-0.724183440208,0.00247670942917
85,0.425,12,-0.0422210842371,-0.000769563310314,0.067544952035,-1.27480590343,-0.303562790155,-1.23765182495,0.00247670849785
85,0.425,13,-0.0126067716628,0.0202496889979,0.0446540005505,0.166266545653,0.774548053741,-0.993514299393,0.0148602584377
85,0.425,14,0.000418623676524,0.013139564544,0.0635435432196,0.0794727504253,0.0431142710149,-1.34797096252,0.00990683585405
85,0.425,15,0.0115114636719,0.0180846564472,0.0442787483335,0.139725610614,0.799772381783,-1.24726307392,0.0128788910806
85,0.425,16,-0.0106797795743,0.0320334434509,0.0647751837969,0.0068050394766,0.0492796488106,-0.571293354034,0.00396273471415
85,0.425,17,0.00374557077885,0.040482994169,0.0463135354221,0.351351976395,0.893845319748,-0.469573765993,0.00396273471415
85,0.425,18,0.0148717146367,0.031118709594,0.06596044451,0.142199397087,-0.339602589607,-0.689108133316,0.00495341839269
85,0.425,19,-0.00054819061188,0.00879637151957,0.0281143896282,-0.148128539324,-0.0813340470195,-0.728003263474,0.00990684051067
85,0.425,20,-0.0102172875777,0.0340595170856,0.0246492829174,-0.0730418488383,0.360998481512,-1.90217125416,0.00396273564547
85,0.425,21,0.0135087789968,0.0317594632506,0.0263003055006,-0.0707786083221,0.580561041832,-1.35522341728,0.00495341978967
85,0.425,22,-0.0190211124718,0.00124688155483,0.0526550933719,-0.433862388134,-0.364222228527,-1.70700931549,0.0099068377167
85,0.425,23,-0.0321680046618,0.0206491667777,0.0562605187297,-0.0646700784564,0.671910583973,-0.918245255947,0.00396273564547
85,0.425,24,-0.0223492160439,0.0136137530208,0.0760046243668,-0.506317853928,-0.299827694893,-1.35543012619,0.00594410020858
85,0.425,25,-0.0204349979758,0.00111082103103,0.0331245474517,-0.45909512043,0.194676175714,-0.621988236904,0.00990684051067
85,0.425,26,-0.0373033471406,0.019866893068,0.0284465439618,0.0136035485193,0.491253048182,-0.645757257938,0.0039627365768
85,0.425,27,-0.020893374458,0.0100497156382,0.0121347736567,0.200156927109,-0.22281062603,-0.975542664528,0.00594410393387
85,0.425,28,-0.042557861656,0.0010758935241,0.0432612374425,-0.0923842415214,0.425970137119,-0.783328354359,0.00594410579652
85,0.425,29,0.0195588879287,0.00199026521295,0.0549514777958,0.286912590265,-0.310780197382,-1.46558570862,0.0099068377167
85,0.425,30,0.0312266275287,0.0224098619074,0.0566609837115,0.29598146677,0.46154949069,-0.973549842834,0.00396273564547
85,0.425,31,0.020261419937,0.0138254100457,0.0762417241931,-0.195483386517,-0.0920062512159,-0.969617903233,0.00594410020858
85,0.425,32,0.0198778249323,-0.000192530424101,0.0328345485032,0.448032975197,0.161904618144,-1.14162790775,0.00990684051067
85,0.425,33,0.0346255004406,0.0197326485068,0.031161211431,-0.0352635905147,0.893034636974,-0.912357032299,0.0039627365768
85,0.425,34,0.0197177063674,0.010453700088,0.0114316735417,0.238230526447,0.0790713876486,-1.222884655,0.00594410393387
85,0.425,35,0.0415998771787,-0.00110137450974,0.0452207736671,0.270008176565,0.363805711269,-0.619583249092,0.00594410579652
85,0.425,36,-0.0139138363302,-0.019661905244,0.0462846234441,0.173322841525,-0.690422415733,-1.11169445515,0.0148602584377
85,0.425,37,0.0136542916298,-0.019051944837,0.0448775924742,0.128123685718,-0.487636208534,-0.725163757801,0.0128788910806
85,0.425,38,4.32211490988e-05,-0.0118390694261,0.0632965862751,-0.0699453428388,-0.227430865169,-1.29370975494,0.0118882022798
85,0.425,39,0.00137453095522,-0.0404294617474,0.0496401563287,-0.128044366837,-1.17735397816,0.00917627569288,0.00396273471415
85,0.425,40,-0.0115212928504,-0.0331414490938,0.0682987719774,-0.809043645859,0.0677498355508,-0.45286411047,0.00396273471415
85,0.425,41,0.015118653886,-0.0301663167775,0.0666914135218,0.495664089918,0.645612061024,-0.362151831388,0.00495341839269
85,0.425,42,0.000418743555201,-0.0112345712259,0.0286159515381,0.30691370368,-0.0995799452066,-1.19398415089,0.0118882078677
85,0.425,43,-0.0116868745536,-0.0359577313066,0.027042940259,-0.117261007428,-0.260689258575,-1.35658812523,0.00396273564547
85,0.425,44,0.0150944758207,-0.0339757688344,0.0293704271317,-0.725192606449,-0.565373718739,-0.446462839842,0.00495341978967
85,0.425,45,-0.0329199656844,-0.0214671418071,0.0557872839272,-0.45149987936,-0.892090141773,-0.882135272026,0.00396273564547
85,0.425,46,-0.0179121103138,-0.010955195874,0.0756608769298,-0.324098497629,-0.0241693500429,-1.03542125225,0.0049534169957
85,0.425,47,-0.0345840863883,-0.0207220315933,0.0299165491015,0.688566625118,-0.7494815588,-0.686843216419,0.0039627365768
85,0.425,48,-0.0194448307157,-0.0108620272949,0.0132857756689,-0.777275443077,-0.383257597685,-1.10675990582,0.00495341978967
85,0.425,49,0.0317114256322,-0.0228774901479,0.0575417429209,0.367785394192,-0.865673661232,-1.2842413187,0.00396273564547
85,0.425,50,0.0185741558671,-0.00957865454257,0.0780851840973,-0.328030824661,-0.012435477227,-1.04655456543,0.0049534169957
85,0.425,51,0.0334392674267,-0.0190210193396,0.0303117949516,-0.310133069754,-0.445073485374,-0.84059548378,0.0039627365768
85,0.425,52,0.0187181215733,-0.0118641713634,0.0142260510474,0.145061716437,-0.286173462868,-1.66631817818,0.00495341978967
85,0.425,53,0.00126185186673,0.00232321536168,0.0884200558066,0.0274231657386,-0.226297110319,-1.11382472515,0.00396273471415
85,0.425,54,0.00123379414435,-0.00230757100508,0.0061030969955,-0.109088242054,0.564581513405,-0.677669644356,0.00396273750812
86,0.43,0,-0.000760682043619,-0.00138349155895,0.0394431129098,0.23689225316,0.157983422279,-1.54985010624,0.00990683957934
86,0.43,1,-0.0246110856533,0.0446501262486,0.044050052762,0.465932786465,1.15011560917,-0.734446108341,0.00247670989484
86,0.43,2,0.0269761439413,0.0456281974912,0.0421106256545,0.28408062458,1.22125017643,-0.553055763245,0.00247670989484
86,0.43,3,-0.0242663789541,-0.0446265861392,0.0509976036847,0.367459118366,-1.07317626476,0.0449661314487,0.00247670989484
86,0.43,4,0.0258774738759,-0.0453463643789,0.0471189841628,0.554208874702,-0.74950838089,-0.235277459025,0.00247670989484
86,0.43,5,0.00182954559568,-0.0219161920249,0.0843526124954,0.0762784332037,0.667795538902,-0.431298494339,0.00247670919634
86,0.43,6,0.00148109346628,0.02594284527,0.0839100107551,-0.136878371239,-1.36554825306,0.0320469886065,0.00247670919634
86,0.43,7,0.00140455248766,-0.0270490143448,0.000630137103144,0.44410404563,-0.499629378319,-1.98570013046,0.00247671105899
86,0.43,8,0.000321421102853,0.0247381795198,0.00346948252991,0.399872452021,1.34698867798,-1.95728504658,0.00247671105899
86,0.43,9,0.0409653782845,0.00105816894211,0.0138393091038,-0.471507757902,0.42953401804,-1.35131525993,0.00247670942917
86,0.43,10,0.0406312160194,-0.00109742500354,0.0622092708945,1.15442311764,-0.313192278147,-1.35730659962,0.00247670849785
86,0.43,11,-0.0424257442355,0.00168306170963,0.01511617098,-0.33102992177,0.119714960456,-1.61844134331,0.00247670942917
86,0.43,12,-0.0462830960751,-0.002040064428,0.0610657408834,-0.364451527596,-0.133045524359,-1.27883601189,0.00247670849785
86,0.43,13,-0.0121693909168,0.025170840323,0.038762498647,-0.0068335630931,1.03635847569,-1.23197138309,0.0148602584377
86,0.43,14,-0.000512983999215,0.0128272976726,0.0589351020753,-0.369764745235,-0.0744061246514,-0.696395993233,0.00990683585405
86,0.43,15,0.0132818883285,0.0231275185943,0.0377523973584,0.501007080078,1.04040527344,-1.27469921112,0.0128788910806
86,0.43,16,-0.0117198750377,0.0345921814442,0.0623455159366,-0.267401129007,0.677706956863,-0.449068874121,0.00396273471415
86,0.43,17,0.00340785738081,0.0455824546516,0.0433245263994,-0.423925727606,0.986852943897,-0.806213378906,0.00396273471415
86,0.43,18,0.0153874382377,0.032590854913,0.0619768947363,-0.0261191241443,0.738122940063,-0.854019463062,0.00495341839269
86,0.43,19,-0.00101247767452,0.0107308570296,0.0228826683015,0.0343301668763,0.735470890999,-1.38770389557,0.00990684051067
86,0.43,20,-0.0121233668178,0.0351522639394,0.01635739021,-0.596701800823,0.155882462859,-1.32314264774,0.00396273564547
86,0.43,21,0.0132185667753,0.0348794721067,0.0181389860809,-0.0331751070917,0.646672606468,-1.74366128445,0.00495341978967
86,0.43,22,-0.0232631359249,-0.000628732668702,0.048378303647,-1.01045501232,-0.312510669231,-0.205714121461,0.0099068377167
86,0.43,23,-0.0347071737051,0.0242073591799,0.0522475652397,-0.683178305626,0.599490404129,-0.755746483803,0.00396273564547
86,0.43,24,-0.0230730008334,0.0118091050535,0.0696271583438,0.12065205723,-0.359755009413,-1.24645853043,0.00594410020858
86,0.43,25,-0.0233818143606,0.00112215219997,0.0285867471248,-0.546129286289,-0.174987629056,-1.23060131073,0.00990684051067
86,0.43,26,-0.0348571203649,0.0236628931016,0.0261679142714,0.870666921139,0.951321423054,-0.382998347282,0.0039627365768
86,0.43,27,-0.0207879133523,0.0106497583911,0.00640921713784,-0.184020280838,0.339815557003,-1.18512475491,0.00594410393387
86,0.43,28,-0.0442674905062,0.00247364863753,0.0388032607734,-0.561519980431,0.0799508243799,-0.963375985622,0.00594410579652
86,0.43,29,0.0215671062469,-0.000526386196725,0.049438804388,0.399950802326,-0.478715360165,-0.757620632648,0.0099068377167
86,0.43,30,0.0349684879184,0.0237632710487,0.0518613383174,0.887424528599,0.0487087145448,-0.925795972347,0.00396273564547
86,0.43,31,0.0199093241245,0.013332943432,0.0725847929716,0.123233571649,-0.176147714257,-0.728443086147,0.00594410020858
86,0.43,32,0.0232878867537,0.000696285918821,0.0267689656466,0.729742884636,0.124451704323,-1.26970624924,0.00990684051067
86,0.43,33,0.03412457183,0.0234899800271,0.0265598390251,-0.0933631956577,0.656182348728,-0.954751670361,0.0039627365768
86,0.43,34,0.0218241494149,0.0119147840887,0.00523121003062,0.434192985296,0.414504349232,-1.19578385353,0.00594410393387
86,0.43,35,0.0440128594637,0.00127046590205,0.0409849993885,0.619552314281,0.462807416916,-1.16258907318,0.00594410579652
86,0.43,36,-0.013085895218,-0.024718740955,0.0398498550057,0.174514487386,-1.11897706985,-1.30089759827,0.0148602584377
86,0.43,37,0.0143434945494,-0.0222802180797,0.0411458574235,0.12897709012,-0.762177705765,-0.840787053108,0.0128788910806
86,0.43,38,-0.000362650986062,-0.0125861903653,0.0589553378522,-0.137571573257,-0.0889255553484,-0.616364598274,0.0118882022798
86,0.43,39,-0.000172456755536,-0.0455543100834,0.0488471500576,-0.327017009258,-0.732897639275,-0.37107744813,0.00396273471415
86,0.43,40,-0.0148943690583,-0.0326581262052,0.0655571743846,-0.350993484259,0.212744638324,-0.655215620995,0.00396273471415
86,0.43,41,0.0161429047585,-0.0296957436949,0.0655234754086,-0.152314692736,-0.458536654711,-0.175937414169,0.00495341839269
86,0.43,42,0.000835558166727,-0.0137819489464,0.0215482916683,-0.116214588284,-0.794540703297,-1.61078751087,0.0118882078677
86,0.43,43,-0.0125546017662,-0.0361669063568,0.0207346081734,-0.233889862895,-0.0597783252597,-1.2572479248,0.00396273564547
86,0.43,44,0.0107785053551,-0.0373801849782,0.0248593743891,-0.788099706173,-0.690815210342,-1.20607280731,0.00495341978967
86,0.43,45,-0.0361010357738,-0.0239096563309,0.0529742240906,-0.633097410202,-0.0657373592257,-0.45958468318,0.00396273564547
86,0.43,46,-0.0216401200742,-0.0112114362419,0.0709377452731,-1.04004251957,-0.0817950591445,-0.899549841881,0.0049534169957
86,0.43,47,-0.0315596908331,-0.0243595913053,0.0272979289293,0.271822482347,-0.6845074296,-0.415956258774,0.0039627365768
86,0.43,48,-0.0230868887156,-0.0144809540361,0.00726965488866,-0.451302349567,-0.793939352036,-1.21949911118,0.00495341978967
86,0.43,49,0.0355790778995,-0.024989856407,0.0521374978125,0.988040685654,0.0620156824589,-0.86752974987,0.00396273564547
86,0.43,50,0.0189972762018,-0.00997979100794,0.0730831474066,0.566643357277,-0.0787081047893,-0.986811935902,0.0049534169957
86,0.43,51,0.0334575437009,-0.0224112272263,0.0267160758376,0.205596804619,-0.775102138519,-0.634476542473,0.0039627365768
86,0.43,52,0.0209428090602,-0.0149129945785,0.00452349334955,0.565524935722,-0.736832201481,-1.93415248394,0.00495341978967
86,0.43,53,-9.91645647446e-05,0.00153471645899,0.0803580656648,-0.558709383011,-0.112802036107,-1.89292478561,0.00396273471415
86,0.43,54,-9.38898301683e-05,0.000173024833202,8.40047687234e-06,-0.312680631876,0.369902193546,-1.54505467415,0.00396273750812
87,0.435,0,0.000389427237678,-0.000157621107064,0.0324838496745,0.168402805924,0.284760594368,-1.21953189373,0.00990683957934
87,0.435,1,-0.0225740857422,0.0507332272828,0.0386804230511,0.25899374485,1.19525647163,-1.32263636589,0.00247670989484
87,0.435,2,0.0279005430639,0.0500691570342,0.0381429828703,0.00314356037416,0.443043023348,-1.04047882557,0.00247670989484
87,0.435,3,-0.0238099470735,-0.0503871664405,0.0478628724813,-0.118058435619,-0.92978733778,-1.25656139851,0.00247670989484
87,0.435,4,0.0274820458144,-0.047650065273,0.044214759022,0.0346281081438,-0.0590531378984,-0.910420119762,0.00247670989484
87,0.435,5,0.000775925349444,-0.0190876424313,0.0812597572803,-0.449808299541,0.435504764318,-0.852141201496,0.00247670919634
87,0.435,6,-0.000276526639936,0.019707551226,0.0813739448786,-0.500110208988,-0.943291783333,-1.08536064625,0.00247670919634
87,0.435,7,0.00229960074648,-0.0299308933318,0,-0.0937386527658,-0.80268150568,0,0.00247671105899
87,0.435,8,0.0020259662997,0.0305736027658,0,0.156463697553,0.935975253582,0,0.00247671105899
87,0.435,9,0.0414338633418,0.00227733701468,0.00649056164548,0.633216500282,0.0418314673007,-1.51773989201,0.00247670942917
87,0.435,10,0.0463538356125,-0.00181083742063,0.0571619942784,1.01666486263,0.0863138511777,-0.758423864841,0.00247670849785
87,0.435,11,-0.0442865490913,0.0014569258783,0.00713243149221,-0.233298197389,-0.172257944942,-1.36651575565,0.00247670942917
87,0.435,12,-0.0478796996176,-0.00127842661459,0.0563471615314,-0.495778113604,0.469072967768,-0.517503976822,0.00247670849785
87,0.435,13,-0.0124574406072,0.0288535822183,0.0335955433547,-0.0500276573002,0.32423838973,-0.797269999981,0.0148602584377
87,0.435,14,-0.00188423274085,0.0135151091963,0.0545359700918,-0.0588873177767,0.373411953449,-1.17508888245,0.00990683585405
87,0.435,15,0.0155329676345,0.0272216368467,0.0323788560927,0.307968735695,0.531201660633,-0.855750799179,0.0128788910806
87,0.435,16,-0.0123821273446,0.0365555658937,0.0591409392655,0.00953843537718,0.0461776554585,-0.912844657898,0.00396273471415
87,0.435,17,0.000761825940572,0.0491993799806,0.0376139059663,-0.481576740742,0.407066613436,-1.47380447388,0.00396273471415
87,0.435,18,0.0141388755292,0.0359696224332,0.0572331361473,-0.435052394867,0.429251998663,-1.08518600464,0.00495341839269
87,0.435,19,5.97982761974e-05,0.0149118714035,0.0146800866351,0.35033711791,0.798892319202,-1.63226628304,0.00990684051067
87,0.435,20,-0.0149843255058,0.0368192121387,0.0110280588269,-0.472698837519,0.615043520927,-0.844742894173,0.00396273564547
87,0.435,21,0.01335372217,0.0381196625531,0.0104839811102,0.134467989206,0.671330571175,-1.1337031126,0.00495341978967
87,0.435,22,-0.0267906188965,-0.00144529109821,0.0471682287753,-0.269873142242,-0.0105982925743,-0.584755420685,0.0099068377167
87,0.435,23,-0.0367105491459,0.0258288364857,0.0478092208505,-0.00893902871758,0.0589198358357,-1.07461726665,0.00396273564547
87,0.435,24,-0.0227877385914,0.0110755572096,0.0639250129461,-0.153039827943,0.130598723888,-0.962523043156,0.00594410020858
87,0.435,25,-0.0247223395854,-0.000338531855959,0.0214982349426,0.0290586277843,-0.36333796382,-1.4700422287,0.00990684051067
87,0.435,26,-0.0308118052781,0.0281123816967,0.0234009958804,0.469510227442,0.688239336014,-0.784850001335,0.0039627365768
87,0.435,27,-0.0225061830133,0.0125599149615,0.00140615226701,-0.460771411657,0.38304528594,-0.757589519024,0.00594410393387
87,0.435,28,-0.046898227185,0.00168907933403,0.0339319705963,-0.318321496248,-0.360685944557,-0.99081993103,0.00594410579652
87,0.435,29,0.0229962449521,-0.00143797358032,0.0464143790305,0.176506280899,0.123834945261,-0.612084805965,0.0099068377167
87,0.435,30,0.037684135139,0.0230160839856,0.0472397729754,0.113963678479,-0.290335893631,-0.968343257904,0.00396273564547
87,0.435,31,0.0213601943105,0.0122191887349,0.0673334151506,0.359962314367,-0.221512794495,-1.39318716526,0.00594410020858
87,0.435,32,0.0254174247384,0.000518833810929,0.0204636808485,0.0528691746294,-0.181770652533,-1.19508504868,0.00990684051067
87,0.435,33,0.0346415862441,0.0268186107278,0.0212153363973,0.325064539909,0.654567658901,-1.19517982006,0.0039627365768
87,0.435,34,0.0229430422187,0.0138540221378,0,0.05298679322,0.323859363794,0,0.00594410393387
87,0.435,35,0.0466232225299,0.00251650158316,0.033740606159,0.286302238703,7.54980574129e-05,-1.6251206398,0.00594410579652
87,0.435,36,-0.012157317251,-0.0285324659199,0.0346570983529,0.155677750707,-0.301640242338,-0.770741283894,0.0148602584377
87,0.435,37,0.0147420605645,-0.0261012185365,0.0365093648434,0.00653235195205,-0.666675209999,-0.954257965088,0.0128788910806
87,0.435,38,-0.00128484901506,-0.0132773313671,0.055337369442,-0.186679884791,-0.219349384308,-0.938111841679,0.0118882022798
87,0.435,39,-0.000650396046694,-0.0476010367274,0.0453463196754,0.150147333741,-0.161002576351,-1.05241262913,0.00396273471415
87,0.435,40,-0.0144751304761,-0.0312335416675,0.0613014809787,0.400758087635,0.2105512321,-1.04822027683,0.00396273471415
87,0.435,41,0.0137881729752,-0.0331205800176,0.0636266544461,-0.670984089375,-0.679153501987,-0.696274459362,0.00495341839269
87,0.435,42,-4.51369960501e-05,-0.0175423510373,0.0138447834179,-0.168614953756,-0.560341954231,-1.17652857304,0.0118882078677
87,0.435,43,-0.0146005731076,-0.0391862168908,0.0138366995379,-0.607917129993,-1.14329004288,-1.36467802525,0.00396273564547
87,0.435,44,0.00922325160354,-0.0402796156704,0.0185530465096,0.234068006277,-0.498356163502,-1.2038885355,0.00495341978967
87,0.435,45,-0.0378264971077,-0.0234034880996,0.0492207147181,-0.0141019113362,0.0814157426357,-1.12587285042,0.00396273564547
87,0.435,46,-0.026812998578,-0.0119267655537,0.0670711174607,-0.878689706326,-0.174069389701,-0.609680175781,0.0049534169957
87,0.435,47,-0.0330921262503,-0.0272812359035,0.0250769406557,-0.699921488762,-0.39502197504,-0.530404031277,0.0039627365768
87,0.435,48,-0.0234572403133,-0.0169565174729,0.00139543123078,0.161812081933,-0.185590445995,-1.14548540115,0.00495341978967
87,0.435,49,0.0392483733594,-0.0227549578995,0.0482039786875,0.313445478678,0.693378329277,-0.813202857971,0.00396273564547
87,0.435,50,0.0233822967857,-0.0107420729473,0.0681831687689,0.954672455788,-0.280054628849,-0.972082734108,0.0049534169957
87,0.435,51,0.0344895794988,-0.0257000718266,0.023615906015,0.177084490657,-0.477904200554,-0.640325784683,0.0039627365768
87,0.435,52,0.0230636615306,-0.0176332127303,0.000468511803774,0.257651090622,-0.284630894661,0.340160042048,0.00495341978967
87,0.435,53,-0.00341204833239,0.000441384589067,0.0725027024746,-0.605425536633,-0.377577394247,-1.07068371773,0.00396273471415
87,0.435,54,-0.000998225645162,0.000987764797173,0,-0.0232139211148,-0.0475155040622,0,0.00396273750812
88,0.44,0,0.000730263243895,0.00106395885814,0.0273008625954,-0.0180369969457,0.174288108945,-0.840551376343,0.00990683957934
88,0.44,1,-0.0224214550108,0.0549136884511,0.0317005552351,-0.171612679958,0.302440345287,-1.38224589825,0.00247670989484
88,0.44,2,0.0268398374319,0.0496614463627,0.0318903252482,-0.337896257639,-0.495377779007,-1.37854766846,0.00247670989484
88,0.44,3,-0.0243863873184,-0.0514288246632,0.0387615412474,-0.049515131861,0.53487432003,-2.26912379265,0.00247670989484
88,0.44,4,0.0266418140382,-0.0461256243289,0.0383658632636,-0.230467066169,0.512707352638,-1.34011173248,0.00247670989484
88,0.44,5,-0.00198050076142,-0.0182291194797,0.075510814786,-0.568791568279,-0.168842613697,-1.42318034172,0.00247670919634
88,0.44,6,-0.00266611063853,0.0175862070173,0.0732230469584,-0.365020990372,0.0929466113448,-2.0500831604,0.00247670919634
88,0.44,7,0.00128316087648,-0.0354865081608,0,-0.237763106823,-1.22714591026,0,0.00247671105899
88,0.44,8,0.000916729797609,0.0344785377383,0,-0.549549996853,0.672779679298,0,0.00247671105899
88,0.44,9,0.045503295958,0.00148644088767,7.22244294593e-05,0.756672561169,-0.331207543612,-0.924635589123,0.00247670942917
88,0.44,10,0.0497125014663,-2.38333177549e-05,0.0534513145685,0.256981164217,0.571901321411,-0.832668066025,0.00247670849785
88,0.44,11,-0.0439546480775,5.46209630556e-05,0.00275600678287,0.256549686193,-0.375296026468,-0.400815874338,0.00247670942917
88,0.44,12,-0.050525136292,0.00210334709845,0.054684843868,-0.257973253727,0.739944756031,-0.426355332136,0.00247670849785
88,0.44,13,-0.0123142907396,0.0280777923763,0.0301521811634,0.091319873929,-0.553390264511,-0.718399345875,0.0148602584377
88,0.44,14,-0.000814580649603,0.0156170995906,0.0473476350307,0.396790027618,0.28779643774,-1.56702816486,0.00990683585405
88,0.44,15,0.0158954933286,0.0280657336116,0.0288666337729,-0.139868795872,-0.175287544727,-0.625117719173,0.0128788910806
88,0.44,16,-0.0122053083032,0.0356986224651,0.0532541498542,-0.0360864251852,-0.220391392708,-1.33943140507,0.00396273471415
88,0.44,17,-0.000430485757533,0.0494112335145,0.0291609726846,0.00807892903686,-0.262740641832,-1.75983655453,0.00396273471415
88,0.44,18,0.0119196865708,0.0364244617522,0.0510222762823,-0.334533840418,-0.135673761368,-1.34001517296,0.00495341839269
88,0.44,19,0.00156060652807,0.0177009161562,0.010155543685,0.148815453053,0.300973236561,0.0348813831806,0.00990684051067
88,0.44,20,-0.0163173675537,0.0409939289093,0.0088231023401,-0.0333257988095,0.876335799694,0.0636695474386,0.00396273564547
88,0.44,21,0.0148832639679,0.0417282022536,0.00851983670145,0.429380267859,0.724393486977,0.300461858511,0.00495341978967
88,0.44,22,-0.0257578771561,-0.000828897871543,0.0416467562318,0.573497593403,0.224401563406,-1.46948587894,0.0099068377167
88,0.44,23,-0.0348195619881,0.0250605344772,0.0414190813899,0.624249517918,-0.309269577265,-1.42161130905,0.00396273564547
88,0.44,24,-0.0247458554804,0.0128025338054,0.0600231252611,-0.498233169317,0.423606783152,-0.697331786156,0.00594410020858
88,0.44,25,-0.0234040934592,-0.00196327944286,0.0153896966949,0.408847749233,-0.216356500983,-0.806569814682,0.00990684051067
88,0.44,26,-0.0316831581295,0.0292054228485,0.018721004948,-0.733354568481,-0.310580313206,-0.954692900181,0.0039627365768
88,0.44,27,-0.024620231241,0.0145487049595,7.98171458882e-05,-0.255724221468,0.447945922613,-0.0254128370434,0.00594410393387
88,0.44,28,-0.0461944118142,-0.000620536506176,0.0285872258246,0.603868246078,-0.482370167971,-1.17129921913,0.00594410579652
88,0.44,29,0.0234601330012,8.53938399814e-05,0.0419947691262,0.0179331805557,0.359289646149,-1.20913112164,0.0099068377167
88,0.44,30,0.0364855341613,0.0215225815773,0.0417260453105,-0.426534473896,-0.225649148226,-1.24588954449,0.00396273564547
88,0.44,31,0.0223965719342,0.0113819353282,0.059541836381,-0.0191790685058,-0.104332752526,-1.54989218712,0.00594410020858
88,0.44,32,0.0241791754961,-0.000633112445939,0.0157887879759,-0.418475955725,-0.221225395799,-0.591077387333,0.00990684051067
88,0.44,33,0.0368165411055,0.0288850255311,0.0151532301679,0.441812396049,0.0455386638641,-1.12864267826,0.0039627365768
88,0.44,34,0.0233466699719,0.0151972556487,0.000344983302057,0.169814735651,0.239929512143,-0.074111841619,0.00594410393387
88,0.44,35,0.0457828640938,0.00144361169077,0.0256975889206,-0.616045296192,-0.353224247694,-1.51833891869,0.00594410579652
88,0.44,36,-0.0120354555547,-0.0277773309499,0.0312709882855,-0.120865978301,0.498420983553,-0.692208111286,0.0148602584377
88,0.44,37,0.0141356261447,-0.027743767947,0.0320785194635,-0.250197082758,0.0847955495119,-0.807191669941,0.0128788910806
88,0.44,38,-0.00182456732728,-0.0144157642499,0.0495202355087,-0.0115029793233,-0.150066196918,-1.3019118309,0.0118882022798
88,0.44,39,0.00059710390633,-0.0477784052491,0.0382238104939,0.22831915319,0.0342561267316,-1.7502259016,0.00396273471415
88,0.44,40,-0.0127772679552,-0.0321942530572,0.0557390376925,0.0866106972098,-0.631549179554,-1.08669948578,0.00396273471415
88,0.44,41,0.0110000204295,-0.0350988358259,0.058050815016,-0.293408602476,-0.110975138843,-1.47239470482,0.00495341839269
88,0.44,42,-0.000644140585791,-0.0187673959881,0.012349226512,-0.0478008687496,0.0184812191874,0.533038020134,0.0118882078677
88,0.44,43,-0.0176171455532,-0.0447704531252,0.00963328313082,-0.43081215024,-0.768717110157,-0.16198977828,0.00396273564547
88,0.44,44,0.0123669821769,-0.0426946431398,0.0135869206861,0.835508525372,-0.457589000463,-0.763114631176,0.00495341978967
88,0.44,45,-0.0364729575813,-0.023886911571,0.0421313866973,0.470940113068,-0.207959160209,-1.52737236023,0.00396273564547
88,0.44,46,-0.0292523670942,-0.0121029941365,0.0640725269914,-0.057955827564,0.162466838956,-0.757411897182,0.0049534169957
88,0.44,47,-0.0358666814864,-0.0274684391916,0.0215335879475,-0.258373677731,0.290997892618,-0.908986389637,0.0039627365768
88,0.44,48,-0.0227305125445,-0.0173128265887,0,0.0671591088176,-0.111104317009,0,0.00495341978967
88,0.44,49,0.0382029749453,-0.0194399580359,0.0433135665953,-0.617973089218,0.500802099705,-1.14405608177,0.00396273564547
88,0.44,50,0.0262387897819,-0.0124452924356,0.0630208849907,0.0384489186108,-0.2835329175,-1.14387893677,0.0049534169957
88,0.44,51,0.0355616137385,-0.026830079034,0.0200252812356,0.26958706975,0.0315782278776,-0.822302103043,0.0039627365768
88,0.44,52,0.0235226545483,-0.0179154239595,0.00175324094016,-0.067209482193,0.09042789042,-0.0393354333937,0.00495341978967
88,0.44,53,-0.00482195056975,-0.00164835655596,0.0685835331678,0.0733252614737,-0.318221539259,-0.805368006229,0.00396273471415
88,0.44,54,-0.000406767707318,-0.000465634162538,0,0.204529583454,-0.526278793812,0,0.00396273750812
89,0.445,0,0.000461914081825,0.00134793948382,0.0248665995896,-0.0542779155076,-0.0726167485118,-0.0439653359354,0.00990683957934
89,0.445,1,-0.0240338146687,0.0525881052017,0.0257693249732,-0.455686122179,-1.17402517796,-0.884327292442,0.00247670989484
89,0.445,2,0.026146473363,0.0469520427287,0.0258976127952,0.217957928777,-0.401789098978,-0.823425471783,0.00247670989484
89,0.445,3,-0.0246965158731,-0.0466123148799,0.0270551573485,-0.226273193955,1.05299305916,-2.08332657814,0.00247670989484
89,0.445,4,0.0265475511551,-0.0439586415887,0.0317556038499,0.242661565542,0.28333324194,-1.23878395557,0.00247670989484
89,0.445,5,-0.00424588797614,-0.0212730281055,0.0673085227609,-0.299956977367,-0.977601230145,-1.8049904108,0.00247670919634
89,0.445,6,-0.00323094218038,0.0204834472388,0.0626030117273,0.147492706776,0.99087625742,-1.99130916595,0.00247670919634
89,0.445,7,-0.000154325010953,-0.0393652580678,0,-0.347909420729,-0.140860766172,0,0.00247671105899
89,0.445,8,-0.00209343153983,0.036323543638,0,-0.48689994216,-0.0861392840743,0,0.00247671105899
89,0.445,9,0.0474540144205,-0.000837339437567,0.00123230495956,-0.0184717644006,-0.572056174278,0.217845067382,0.00247670942917
89,0.445,10,0.0483203046024,0.00304950214922,0.0481463260949,-0.795853674412,0.555771589279,-1.2915712595,0.00247670849785
89,0.445,11,-0.0431762076914,-0.00206122756936,0.00194977491628,-0.00576286343858,-0.41791382432,-0.171429380774,0.00247670942917
89,0.445,12,-0.048083409667,0.00482140807435,0.0500025041401,1.22936487198,0.26624840498,-1.49898433685,0.00247670849785
89,0.445,13,-0.0120786027983,0.0243509169668,0.0255383476615,-0.0669382438064,-0.790386557579,-1.07609069347,0.0148602584377
89,0.445,14,0.000809760938864,0.0149408914149,0.0404079817235,0.133194282651,-0.549101114273,-1.06242012978,0.00990683585405
89,0.445,15,0.0148024046794,0.0257667023689,0.0256738495082,-0.186769142747,-0.647008359432,-0.63376390934,0.0128788910806
89,0.445,16,-0.0133763011545,0.0356728434563,0.0465264283121,-0.402781963348,0.206368744373,-1.35030806065,0.00396273471415
89,0.445,17,0.00033663661452,0.0478136911988,0.0225077029318,0.214516714215,-0.215087160468,-0.581568717957,0.00396273471415
89,0.445,18,0.0116006648168,0.036225553602,0.0447547100484,0.186751484871,0.166155815125,-1.09759926796,0.00495341839269
89,0.445,19,0.00122960656881,0.0181696359068,0.0130446646363,-0.225138664246,-0.068800970912,0.540348052979,0.00990684051067
89,0.445,20,-0.0153777226806,0.0437912978232,0.0108841396868,0.332128494978,0.153937965631,0.40221747756,0.00396273564547
89,0.445,21,0.0167579296976,0.0442475378513,0.0103556327522,0.252434760332,0.182663500309,-0.0224130731076,0.00495341978967
89,0.445,22,-0.0222217235714,0.000392336514778,0.0345983579755,0.708019733429,0.2193479985,-1.1351518631,0.0099068377167
89,0.445,23,-0.0323579609394,0.0233877599239,0.0344182029366,0.187181204557,-0.301844447851,-1.29188323021,0.00396273564547
89,0.445,24,-0.0261748507619,0.0141677008942,0.0559704862535,0.049422826618,0.102810740471,-0.968957781792,0.00594410020858
89,0.445,25,-0.0215631611645,-0.0019100185018,0.0142248049378,0.274636775255,0.235665589571,0.152055606246,0.00990684051067
89,0.445,26,-0.0363705083728,0.0250212978572,0.0146410539746,-0.930129230022,-1.22570860386,-0.725900053978,0.0039627365768
89,0.445,27,-0.0237906239927,0.0169310662895,0,0.590670049191,0.430173933506,0,0.00594410393387
89,0.445,28,-0.0418442264199,-0.00229763495736,0.0224622189999,0.890577912331,-0.135208725929,-1.14883482456,0.00594410579652
89,0.445,29,0.0230893678963,0.00107215251774,0.0347236804664,-0.162934660912,-0.00175860687159,-1.51440894604,0.0099068377167
89,0.445,30,0.0350899547338,0.0214647110552,0.0351511500776,-0.0464574657381,0.207080975175,-1.29420733452,0.00396273564547
89,0.445,31,0.0211326796561,0.0113270254806,0.0532345287502,-0.38849145174,0.0991747528315,-0.942568659782,0.00594410020858
89,0.445,32,0.0222187153995,-0.00125448603649,0.0144264837727,-0.327951639891,-0.0222243797034,-0.134107410908,0.00990684051067
89,0.445,33,0.0382092036307,0.0265741497278,0.0106582315639,0.0877266898751,-0.894999861717,-0.651893436909,0.0039627365768
89,0.445,34,0.0239682383835,0.0162973608822,0,-0.0671270266175,0.18194450438,0,0.00594410393387
89,0.445,35,0.0417827479541,-0.000257016741671,0.0195765830576,-0.694178760052,-0.266098320484,-0.795610070229,0.00594410579652
89,0.445,36,-0.0133151542395,-0.0246757157147,0.0275112129748,-0.353329896927,0.621572375298,-0.731182456017,0.0148602584377
89,0.445,37,0.0126473065466,-0.0251584462821,0.0283832792193,-0.247442036867,0.817190349102,-0.674561142921,0.0128788910806
89,0.445,38,-0.00145366601646,-0.0141183715314,0.0432630293071,0.12416818738,0.261399269104,-1.12082087994,0.0118882022798
89,0.445,39,0.00101665547118,-0.0473070926964,0.0287000499666,-0.0361806824803,0.176300063729,-1.8700543642,0.00396273471415
89,0.445,40,-0.0141728613526,-0.0362279713154,0.0504066124558,-0.519697964191,-0.742160856724,-1.13636529446,0.00396273471415
89,0.445,41,0.0114095276222,-0.0351242758334,0.0498708859086,0.353250145912,-0.0238973200321,-1.68346703053,0.00495341839269
89,0.445,42,-0.000180488175829,-0.0181717220694,0.0155549542978,0.22173678875,0.136007636786,0.235106065869,0.0118882078677
89,0.445,43,-0.0174877885729,-0.0451430007815,0.0115246595815,0.526443064213,0.573404014111,0.543597042561,0.00396273564547
89,0.445,44,0.0160877499729,-0.0442393906415,0.0107037154958,0.570733428001,-0.0809112340212,-0.463894486427,0.00495341978967
89,0.445,45,-0.0340941548347,-0.0241550710052,0.0360659770668,0.345025897026,0.199609905481,-0.765882015228,0.00396273564547
89,0.445,46,-0.0273054167628,-0.0105796344578,0.0582358501852,0.775705993176,0.34309092164,-1.56343388557,0.0049534169957
89,0.445,47,-0.0358147025108,-0.0251699984074,0.0155383925885,0.118106149137,0.513023495674,-1.49618387222,0.0039627365768
89,0.445,48,-0.0223085321486,-0.0187518503517,0,0.213687285781,-0.397691845894,0,0.00495341978967
89,0.445,49,0.0347075909376,-0.018641654402,0.037246696651,-0.615833163261,-0.159370943904,-1.18143379688,0.00396273564547
89,0.445,50,0.0232190750539,-0.0125016886741,0.0565069951117,-1.10874700546,0.263312458992,-1.41867387295,0.0049534169957
89,0.445,51,0.0366829745471,-0.0255669075996,0.0151544762775,0.0760963112116,0.38948020339,-1.12933659554,0.0039627365768
89,0.445,52,0.0222797673196,-0.017373720184,0,-0.402892678976,0.093310110271,0,0.00495341978967
89,0.445,53,-0.00296805799007,-0.00173325953074,0.0625342279673,0.569150626659,0.284915030003,-1.56018745899,0.00396273471415
89,0.445,54,0.00032389946864,-0.00351397856139,0,0.0574265234172,-0.541988611221,0,0.00396273750812
90,0.45,0,0.000385182822356,0.000166892656125,0.0257509052753,0.0025512361899,-0.365018188953,-0.042421348393,0.00990683957934
90,0.45,1,-0.027180891484,0.0445716790855,0.0235599949956,-0.812421023846,-1.77373039722,-0.18717841804,0.00247670989484
90,0.45,2,0.0292497947812,0.0459235459566,0.024002591148,0.854620635509,-0.118784964085,-0.18857100606,0.00247670989484
90,0.45,3,-0.028509279713,-0.0437497906387,0.0214578937739,-1.22711670399,0.105190724134,-0.264370441437,0.00247670989484
90,0.45,4,0.0286978073418,-0.0433656051755,0.026003703475,0.524886608124,-0.016291519627,-1.10374462605,0.00247670989484
90,0.45,5,-0.0047014481388,-0.0268286075443,0.058458480984,0.119534343481,-1.11272513866,-1.56141138077,0.00247670919634
90,0.45,6,-0.00155628158245,0.0268274396658,0.0550666153431,0.435159504414,1.46774172783,-0.922316133976,0.00247670919634
90,0.45,7,-0.00162780098617,-0.0367998145521,0,-0.118254505098,0.922114014626,0,0.00247671105899
90,0.45,8,-0.00257985573262,0.0332014076412,0,0.35636049509,-0.983316838741,0,0.00247671105899
90,0.45,9,0.0454224720597,-0.00372141622938,0,-0.700229167938,-0.49045547843,0,0.00247670942917
90,0.45,10,0.0426000356674,0.00463824719191,0.0413720235229,-1.25744795799,0.0273492448032,-1.19777929783,0.00247670849785
90,0.45,11,-0.0433665663004,-0.0033421991393,0,0.044936299324,-0.0316448733211,0,0.00247670942917
90,0.45,12,-0.04055320099,0.00428620213643,0.0405277386308,1.28319108486,-0.446385532618,-1.95474743843,0.00247670849785
90,0.45,13,-0.0134175987914,0.0218158494681,0.0212594158947,-0.428110420704,-0.12752816081,-0.493799328804,0.0148602584377
90,0.45,14,-4.11629616792e-06,0.0119829336181,0.0379187241197,-0.382983714342,-0.327815055847,0.0444293618202,0.00990683585405
90,0.45,15,0.0147676253691,0.0230283215642,0.022841129452,0.143987357616,-0.31441706419,-0.53319633007,0.0128788910806
90,0.45,16,-0.015336769633,0.0367226749659,0.0395818948746,-0.283936500549,0.108066260815,-1.34052574635,0.00396273471415
90,0.45,17,0.00132090959232,0.0471380576491,0.0244571324438,0.171173810959,-0.229077339172,0.934369027615,0.00396273471415
90,0.45,18,0.0130782779306,0.0376966707408,0.0403331071138,0.328947931528,0.26157823205,-0.656997144222,0.00495341839269
90,0.45,19,0.00028763958835,0.016743639484,0.0112419035286,-0.0564449988306,-0.525285840034,-1.09521722794,0.00990684051067
90,0.45,20,-0.0140134207904,0.0427664034069,0.00939336698502,0.1352404356,-0.426530212164,-0.913534283638,0.00396273564547
90,0.45,21,0.0173355899751,0.043484415859,0.00718339625746,0.015614470467,-0.389202773571,-0.860684037209,0.00495341978967
90,0.45,22,-0.0200060866773,0.00116890855134,0.0316542312503,0.106762468815,0.106078632176,-0.126590877771,0.0099068377167
90,0.45,23,-0.0339596271515,0.0222583673894,0.029370887205,-0.807287991047,-0.150522589684,-0.663790047169,0.00396273564547
90,0.45,24,-0.0236547980458,0.0146039854735,0.0506393201649,0.873623907566,0.196496680379,-1.03142476082,0.00594410020858
90,0.45,25,-0.0202276650816,-0.000313232943881,0.0134846782312,0.309345722198,0.275125026703,-0.610821306705,0.00990684051067
90,0.45,26,-0.0396764427423,0.0189749374986,0.0100252470002,-0.35713249445,-0.975523114204,-1.20507395267,0.0039627365768
90,0.45,27,-0.020069360733,0.0178924836218,0,0.633465945721,-0.102346681058,0,0.00594410393387
90,0.45,28,-0.0402597002685,-0.00206822226755,0.0192372612655,-0.382910341024,0.138432979584,-0.102302730083,0.00594410579652
90,0.45,29,0.0222121700644,0.000495500979014,0.0295112412423,-0.122031606734,-0.121049031615,-0.388469696045,0.0099068377167
90,0.45,30,0.035996042192,0.0231192968786,0.0300747379661,0.351957321167,0.377522200346,-0.610670626163,0.00396273564547
90,0.45,31,0.0198346655816,0.0127684045583,0.0496856532991,-0.0252180900425,0.516125917435,-0.558826267719,0.00594410020858
90,0.45,32,0.0208382159472,-0.000811841513496,0.0126565359533,-0.211894392967,0.191142901778,-0.567090749741,0.00990684051067
90,0.45,33,0.037821624428,0.0213352832943,0.0086118420586,-0.177784129977,-1.02465164661,-0.201779574156,0.0039627365768
90,0.45,34,0.0217576287687,0.0168245527893,0,-0.738764703274,0.022717371583,0,0.00594410393387
90,0.45,35,0.041741926223,-0.00110779004171,0.0183798056096,0.726197123528,-0.126363605261,0.106087386608,0.00594410579652
90,0.45,36,-0.0151019236073,-0.0224521681666,0.0249026175588,-0.334413409233,0.226536273956,-0.342371582985,0.0148602584377
90,0.45,37,0.0126258665696,-0.0216277912259,0.02522736229,0.257396697998,0.397200375795,-0.660350203514,0.0128788910806
90,0.45,38,-0.000963728060015,-0.0126059018075,0.038966961205,0.0518989637494,0.203001722693,-0.564531207085,0.0118882022798
90,0.45,39,0.000708142819349,-0.0461781434715,0.0224920157343,-0.0724460482597,0.222151100636,-0.412529826164,0.00396273471415
90,0.45,40,-0.0164694096893,-0.0379666797817,0.0435760430992,-0.293159365654,0.0576797351241,-1.57592356205,0.00396273471415
90,0.45,41,0.0131224440411,-0.0359282717109,0.0421100109816,0.226178660989,-0.284551501274,-1.35585284233,0.00495341839269
90,0.45,42,0.000762323848903,-0.0174940992147,0.0123495906591,0.0699045211077,0.174121290445,-1.20847475529,0.0118882078677
90,0.45,43,-0.0129139656201,-0.0404596440494,0.0104643404484,1.03524076939,1.03186094761,-0.999569833279,0.00396273564547
90,0.45,44,0.017948705703,-0.0428797751665,0.00842037796974,0.223643869162,0.612144291401,-0.462511062622,0.00495341978967
90,0.45,45,-0.0344967506826,-0.0217883419245,0.034317009151,-0.563691139221,0.644258856773,-0.098394267261,0.00396273564547
90,0.45,46,-0.0223817247897,-0.00992905162275,0.0500969849527,1.03476500511,-0.185110211372,-1.36361765862,0.0049534169957
90,0.45,47,-0.0360709056258,-0.0232822187245,0.00746499048546,-0.233282878995,0.178798153996,-1.46093571186,0.0039627365768
90,0.45,48,-0.019888330251,-0.0198420714587,0,0.684467434883,0.106259666383,0,0.00495341978967
90,0.45,49,0.0332734547555,-0.0203711129725,0.032962962985,0.106685861945,-0.454874068499,-0.402054458857,0.00396273564547
90,0.45,50,0.0176553856581,-0.0108225410804,0.0500824376941,-0.803815424442,0.229153811932,-0.945121467113,0.0049534169957
90,0.45,51,0.0358274765313,-0.0238738171756,0.00948990415782,-0.345786750317,0.240557670593,-0.960921645164,0.0039627365768
90,0.45,52,0.0201813559979,-0.01736811921,0,-0.332580387592,-0.119621627033,0,0.00495341978967
90,0.45,53,-0.000332050112775,0.000813128775917,0.0559160299599,0.359994590282,0.64523255825,-0.643932104111,0.00396273471415
90,0.45,54,0.000356120697688,-0.00456422939897,0,0.00987187959254,0.176347509027,0,0.00396273750812
91,0.455,0,0.000185895129107,-0.00122767256107,0.0223250761628,-0.0685467720032,-0.099922798574,-0.983371973038,0.00990683957934
91,0.455,1,-0.0321934334934,0.0383587107062,0.0204200446606,-1.16092920303,-0.432350873947,-1.22858858109,0.00247670989484
91,0.455,2,0.0329477414489,0.0451267696917,0.0217727683485,0.524726092815,-0.211606681347,-0.732088923454,0.00247670989484
91,0.455,3,-0.0343853905797,-0.0434574298561,0.0209180172533,-0.933788955212,0.152035847306,-0.178797617555,0.00247670989484
91,0.455,4,0.0312670841813,-0.0439738258719,0.0207677856088,0.493960231543,-0.231465816498,-0.902060031891,0.00247670989484
91,0.455,5,-0.00303894560784,-0.0314969494939,0.0535006076097,0.522034585476,-0.704220890999,-0.388781130314,0.00247670919634
91,0.455,6,0.000472086976515,0.0344269610941,0.0540503412485,0.352276027203,1.43968296051,0.439071595669,0.00247670919634
91,0.455,7,0.00032372327405,-0.0333301462233,0,0.901072263718,0.307324916124,0,0.00247671105899
91,0.455,8,0.000908315647393,0.02933935076,0,0.776215314865,-0.376462846994,0,0.00247671105899
91,0.455,9,0.0421100184321,-0.0048577892594,0,-0.433114647865,0.0600525960326,0,0.00247670942917
91,0.455,10,0.0391170047224,0.00301898084581,0.039521407336,0.0975568443537,-0.618860900402,0.653503060341,0.00247670849785
91,0.455,11,-0.0428011491895,-0.00255929678679,0,0.0869141146541,0.178012147546,0,0.00247670942917
91,0.455,12,-0.0408137217164,0.00167302251793,0.037110965699,-1.40742766857,-0.393194139004,1.04791975021,0.00247670849785
91,0.455,13,-0.0155872600153,0.0225549880415,0.0200935397297,-0.395573049784,0.270472198725,-0.072413764894,0.0148602584377
91,0.455,14,-0.00146015407518,0.0134951593354,0.0389795638621,-0.0361534766853,0.841206908226,0.125661417842,0.00990683585405
91,0.455,15,0.0155193693936,0.0230093020946,0.0203133933246,0.112670391798,0.234523922205,-0.36362990737,0.0128788910806
91,0.455,16,-0.015845797956,0.0366900041699,0.0357082113624,0.0320725925267,-0.01333006192,-0.00580822257325,0.00396273471415
91,0.455,17,0.00186899979599,0.0453830473125,0.026606714353,0.0262718610466,-0.32340875268,-0.36941280961,0.00396273471415
91,0.455,18,0.0147044193,0.0373232662678,0.0387129299343,0.331037819386,-0.434321165085,-0.00343713560142,0.00495341839269
91,0.455,19,0.000685244274791,0.0138960052282,0.00924600940198,0.106597959995,-0.436828732491,0.824399650097,0.00990684051067
91,0.455,20,-0.0143789919093,0.0405605211854,0.00573974289,-0.260866761208,-0.391685754061,-0.308534532785,0.00396273564547
91,0.455,21,0.0172441340983,0.0411082617939,0.00539612630382,-0.0282892882824,-0.458801388741,0.281741023064,0.00495341978967
91,0.455,22,-0.0206443481147,0.00151388905942,0.0307353045791,-0.271983653307,0.018214199692,-0.41033166647,0.0099068377167
91,0.455,23,-0.0395018048584,0.0218543931842,0.0282523296773,-1.19774460793,-0.0623444356024,0.193079411983,0.00396273564547
91,0.455,24,-0.0195913892239,0.0165475346148,0.0478015691042,0.481983363628,0.47276610136,0.0398332960904,0.00594410020858
91,0.455,25,-0.0194768030196,-2.28972930927e-05,0.0109357181937,-0.201377466321,-0.155756592751,0.0228983033448,0.00990684051067
91,0.455,26,-0.0400772877038,0.0168879907578,0.00435743387789,0.0999726206064,0.187371268868,-0.721266388893,0.0039627365768
91,0.455,27,-0.0197220947593,0.0159752629697,0,-0.432461112738,-0.557596504688,0,0.00594410393387
91,0.455,28,-0.0443803034723,-0.00159235449973,0.0190745759755,-1.00468575954,0.0500059239566,-0.214588627219,0.00594410579652
91,0.455,29,0.022057780996,0.000628526147921,0.030121544376,0.0233730021864,0.162263393402,0.336178600788,0.0099068377167
91,0.455,30,0.0380665026605,0.0246304515749,0.0294892322272,0.412094205618,0.172330439091,0.251448273659,0.00396273564547
91,0.455,31,0.0209789406508,0.0165126454085,0.0477647595108,0.36820858717,0.867918729782,-0.108713172376,0.00594410020858
91,0.455,32,0.0208148565143,0.000274776655715,0.0110911764205,0.290300548077,0.166421890259,0.180922940373,0.00990684051067
91,0.455,33,0.0374325662851,0.0179716236889,0.0082539813593,0.140611484647,-0.213309988379,-0.00817719940096,0.0039627365768
91,0.455,34,0.0192036274821,0.0163854788989,0,0.0140522671863,-0.222343578935,0,0.00594410393387
91,0.455,35,0.0473106838763,-0.00191072048619,0.0190401468426,1.18950486183,-0.184924319386,0.193977579474,0.00594410579652
91,0.455,36,-0.0167959909886,-0.022378763184,0.0228584371507,-0.364589244127,-0.128871321678,-0.533450365067,0.0148602584377
91,0.455,37,0.0148786017671,-0.0218671131879,0.0215355474502,0.572952210903,-0.381925344467,-0.674861431122,0.0128788910806
91,0.455,38,-0.000771568273194,-0.0130498725921,0.0377511531115,0.0650574862957,-0.343440175056,0.0356335528195,0.0118882022798
91,0.455,39,-4.08957421314e-05,-0.0452299751341,0.0232424661517,-0.243561089039,0.126269981265,0.318597108126,0.00396273471415
91,0.455,40,-0.0168821923435,-0.0367104411125,0.0363028198481,0.0577200502157,0.250135391951,-1.03484928608,0.00396273471415
91,0.455,41,0.0134964482859,-0.0373941361904,0.0369602665305,-0.00227309530601,-0.200695604086,-0.664453268051,0.00495341839269
91,0.455,42,0.000590275740251,-0.0163442194462,0.00950352381915,-0.0571153275669,0.248820498586,0.463625103235,0.0118882078677
91,0.455,43,-0.0105279060081,-0.0379559136927,0.00706804124638,-0.261150687933,-0.194787234068,0.0946318134665,0.00396273564547
91,0.455,44,0.0185990408063,-0.0393672399223,0.00676975306123,0.0376239530742,0.529446125031,-0.100238673389,0.00495341978967
91,0.455,45,-0.0389082431793,-0.0194217413664,0.0336920544505,-0.962487637997,0.167113110423,-0.226768583059,0.00396273564547
91,0.455,46,-0.0188868828118,-0.0124737471342,0.0479126237333,0.242018535733,-0.663408815861,0.499521195889,0.0049534169957
91,0.455,47,-0.0374516956508,-0.0238115638494,0.00449041370302,-0.237275347114,-0.328534811735,0.383471816778,0.0039627365768
91,0.455,48,-0.0177479814738,-0.0170989129692,0,-0.0274632498622,0.839625716209,0,0.00495341978967
91,0.455,49,0.0355818122625,-0.0226810816675,0.0333953499794,0.661487340927,-0.416251718998,0.396718412638,0.00396273564547
91,0.455,50,0.0171560216695,-0.0115862265229,0.0489386320114,0.517329692841,-0.49928471446,0.43993255496,0.0049534169957
91,0.455,51,0.0350575111806,-0.0233260560781,0.00764873391017,0.270618736744,-0.00914790388197,0.295698255301,0.0039627365768
91,0.455,52,0.0198714826256,-0.0182584635913,0,0.212540641427,-0.106908656657,0,0.00495341978967
91,0.455,53,0.000269108626526,0.00367968715727,0.0583855286241,-0.0176754072309,0.424618512392,1.2707798481,0.00396273471415
91,0.455,54,0.000677574425936,-0.00196516350843,0,0.0576434284449,0.741488456726,0,0.00396273750812
92,0.46,0,5.09943420184e-05,-0.000844102993142,0.0230110045522,0.0308281909674,0.182956367731,1.7178119421,0.00990683957934
92,0.46,1,-0.0376516096294,0.0402007885277,0.0137285031378,-0.857621133327,0.924173116684,-1.02825522423,0.00247670989484
92,0.46,2,0.0343815386295,0.0440260916948,0.0182673763484,0.119943462312,-0.145605847239,-0.42269846797,0.00247670989484
92,0.46,3,-0.0373072549701,-0.0429227799177,0.0197418387979,-0.273808509111,-0.108745351434,-0.0726545974612,0.00247670989484
92,0.46,4,0.0335452370346,-0.0461124628782,0.0185299757868,0.378957778215,-0.63096165657,0.11049118638,0.00247670989484
92,0.46,5,0.000165510631632,-0.0331495255232,0.0540310069919,0.68873000145,0.0879371389747,0.50238275528,0.00247670919634
92,0.46,6,0.00181534606963,0.0391787067056,0.0581403039396,0.169054955244,0.289233475924,0.992415308952,0.00247670919634
92,0.46,7,0.00435152510181,-0.0323192924261,0,0.378348201513,0.318884819746,0,0.00247671105899
92,0.46,8,0.00314877461642,0.0285371094942,0,0.126147404313,-0.117996357381,0,0.00247671105899
92,0.46,9,0.0421981662512,-0.00351767172106,0,0.464221805334,0.386946439743,0,0.00247670942917
92,0.46,10,0.0424088351429,-0.000472023675684,0.0461513139307,0.838267803192,-0.660264849663,1.54454982281,0.00247670849785
92,0.46,11,-0.0433198660612,-0.00316698802635,0,-0.301307201385,-0.380701094866,0,0.00247670942917
92,0.46,12,-0.0481879413128,0.000657255994156,0.0464470498264,-0.919377565384,-0.098008364439,1.91101765633,0.00247670849785
92,0.46,13,-0.0177148189396,0.0239928346127,0.0209264196455,-0.501893818378,0.338170439005,0.468171089888,0.0148602584377
92,0.46,14,-1.03757101897e-05,0.0181520525366,0.0388377308846,0.468970566988,0.760836005211,-0.00438880035654,0.00990683585405
92,0.46,15,0.0162345394492,0.024488132447,0.0211429540068,0.229435727,0.26113858819,0.757727146149,0.0128788910806
92,0.46,16,-0.0156224193051,0.0378298312426,0.038412835449,0.0161401312798,0.461548089981,0.764884412289,0.00396273471415
92,0.46,17,0.00110909028444,0.0447378121316,0.0221199337393,-0.382129132748,0.0940279811621,-0.964653134346,0.00396273471415
92,0.46,18,0.0162888392806,0.0354331433773,0.0391827076674,0.283027589321,0.0558610744774,0.0773477852345,0.00495341839269
92,0.46,19,0.000426560553024,0.0135729154572,0.0140489786863,-0.200991541147,0.26167139411,0.255836695433,0.00990684051067
92,0.46,20,-0.0158554203808,0.0388104505837,0.00441584642977,-0.224282279611,-0.371992349625,-0.484037280083,0.00396273564547
92,0.46,21,0.0167548079044,0.039819162339,0.00776920793578,-0.208500772715,-0.0860360339284,0.219862625003,0.00495341978967
92,0.46,22,-0.0231504105031,0.0012129280949,0.0297048464417,-0.753880500793,-0.136941552162,0.328169196844,0.0099068377167
92,0.46,23,-0.043451435864,0.0208723731339,0.0307585913688,-0.215236380696,-0.34223729372,0.702992200851,0.00396273564547
92,0.46,24,-0.0197835471481,0.0177417751402,0.0502352975309,-0.410896748304,-0.0893685445189,0.67892563343,0.00594410020858
92,0.46,25,-0.023654140532,-0.00120369542856,0.014145241119,-1.34764194489,-0.200915634632,0.842843592167,0.00990684051067
92,0.46,26,-0.0396905019879,0.0204514134675,0.00471447501332,0.0281089730561,1.02094566822,0.681966841221,0.0039627365768
92,0.46,27,-0.021490868181,0.0132274013013,0,-0.118045471609,-0.504671633244,0,0.00594410393387
92,0.46,28,-0.0490554086864,-0.00107020756695,0.0178361460567,-0.862675070763,0.195142433047,-0.026500178501,0.00594410579652
92,0.46,29,0.0226464290172,0.00143660674803,0.0318083837628,0.276525348425,0.0830476135015,0.446745812893,0.0099068377167
92,0.46,30,0.0397065468132,0.0241406355053,0.0314422622323,0.23609302938,-0.393124192953,0.478994101286,0.00396273564547
92,0.46,31,0.0224660262465,0.0194667950273,0.0494673214853,0.184240311384,0.126913994551,0.748605012894,0.00594410020858
92,0.46,32,0.0245578736067,0.000229456636589,0.0142890717834,1.13768482208,-0.176796481013,0.852880060673,0.00990684051067
92,0.46,33,0.0399252064526,0.0194619856775,0.00824847444892,0.769224822521,0.682147145271,0.051338635385,0.0039627365768
92,0.46,34,0.0219054911286,0.0142775950953,0,0.818241178989,-0.598185002804,0,0.00594410393387
92,0.46,35,0.0513429306448,-0.00240381015465,0.0215361174196,0.350546628237,0.051903180778,0.86012917757,0.00594410579652
92,0.46,36,-0.0185953956097,-0.0233167745173,0.0209552571177,-0.297859638929,-0.263824790716,0.023356359452,0.0148602584377
92,0.46,37,0.0177622176707,-0.0241664797068,0.0209246706218,0.520110666752,-0.449722260237,0.546157360077,0.0128788910806
92,0.46,38,-0.000153113462147,-0.014940415509,0.0390368886292,0.156837597489,-0.292967617512,0.452381074429,0.0118882022798
92,0.46,39,-0.0015434846282,-0.0457109846175,0.0231409464031,-0.318924695253,-0.311851620674,-0.327267676592,0.00396273471415
92,0.46,40,-0.0167129710317,-0.0365260913968,0.0357648581266,-0.0242282617837,-0.129506483674,0.751899838448,0.00396273471415
92,0.46,41,0.0139597943053,-0.0371210612357,0.0359751880169,0.217940837145,0.263775289059,0.250712364912,0.00495341839269
92,0.46,42,0.000558337836992,-0.0154650565237,0.0130737284198,0.0256771650165,0.127894356847,0.329254180193,0.0118882078677
92,0.46,43,-0.0147691909224,-0.0413332693279,0.00811406131834,-1.1564091444,-0.825175583363,-0.292358666658,0.00396273564547
92,0.46,44,0.0181879922748,-0.0398514643312,0.0073140989989,-0.183040201664,-0.681699037552,0.214996829629,0.00495341978967
92,0.46,45,-0.0420202948153,-0.0195337515324,0.0324743390083,-0.190239340067,-0.0476269386709,-0.139196440578,0.00396273564547
92,0.46,46,-0.0198290906847,-0.0145449116826,0.0520317740738,-0.48386785388,-0.0386297032237,0.775160551071,0.0049534169957
92,0.46,47,-0.0385370738804,-0.0254282150418,0.00907355453819,-0.290588468313,-0.219604879618,0.942037642002,0.0039627365768
92,0.46,48,-0.019354827702,-0.0138278864324,0,-0.394769400358,0.317128837109,0,0.00495341978967
92,0.46,49,0.0383850000799,-0.0238665491343,0.0352892540395,0.388260364532,-0.0234943386167,0.301983505487,0.00396273564547
92,0.46,50,0.0207506101578,-0.0142414793372,0.0523914247751,0.710305690765,-0.373712450266,0.692270040512,0.0049534169957
92,0.46,51,0.0397502705455,-0.0237223058939,0.0108899688348,1.4433028698,-0.12185767293,0.685022652149,0.0039627365768
92,0.46,52,0.0216652043164,-0.0169168785214,0,0.436306327581,0.654335796833,0,0.00495341978967
92,0.46,53,0.000417102157371,0.00473881745711,0.0629374161363,0.105107448995,0.00804879330099,0.139041438699,0.00396273471415
92,0.46,54,0.000375336618163,0.00169257307425,0,-0.11853081733,0.58749806881,0,0.00396273750812
93,0.465,0,0.00018125367933,0.000281220360193,0.0328803882003,-0.0401109717786,0.236143216491,1.31276977062,0.00990683957934
93,0.465,1,-0.0389978177845,0.0456680655479,0.0125427423045,0.411628216505,1.07329368591,0.558808743954,0.00247670989484
93,0.465,2,0.0342899039388,0.0444959849119,0.0188045185059,-0.227519437671,0.273888468742,0.552346587181,0.00247670989484
93,0.465,3,-0.0369579792023,-0.0451821349561,0.0219956357032,0.456315338612,-0.636072874069,0.88525480032,0.00247670989484
93,0.465,4,0.0343089066446,-0.0494034439325,0.0219438113272,-0.144166842103,-0.510898292065,1.11376857758,0.00247670989484
93,0.465,5,0.00303784175776,-0.0305462162942,0.0583984702826,0.38878172636,0.866256117821,1.26055836678,0.00247670919634
93,0.465,6,0.00203844229691,0.036355227232,0.0619723498821,-0.0717268139124,-1.31151676178,0.416003465652,0.00247670919634
93,0.465,7,0.00338607374579,-0.0292752292007,0,-0.586861431599,0.870917499065,0,0.00247671105899
93,0.465,8,0.00323844607919,0.0272503402084,0,0.0378168523312,-0.499220192432,0,0.00247671105899
93,0.465,9,0.0466327890754,-0.0015082313912,0,1.226115942,0.39374601841,0,0.00247670942917
93,0.465,10,0.0452165007591,-0.00277303252369,0.0523296333849,0.284080088139,-0.22519595921,0.920617341995,0.00247670849785
93,0.465,11,-0.0454731434584,-0.00484084757045,0,-0.516491532326,-0.133940413594,0,0.00247670942917
93,0.465,12,-0.0480043180287,0.000257466745097,0.0526237972081,0.759255230427,-0.0777501091361,0.609361827374,0.00247670849785
93,0.465,13,-0.0201064106077,0.025913991034,0.0241296906024,-0.333231240511,0.36226823926,0.696155309677,0.0148602584377
93,0.465,14,0.00156222574878,0.019885994494,0.0412086956203,0.074050039053,0.0160141643137,1.05245649815,0.00990683585405
93,0.465,15,0.0175565797836,0.0250191260129,0.0256217308342,0.221223726869,-0.0297917593271,0.740139842033,0.0128788910806
93,0.465,16,-0.0157790407538,0.0401018187404,0.0415991060436,-0.0605970062315,0.312813580036,0.476260185242,0.00396273471415
93,0.465,17,-0.00215891515836,0.046486068517,0.0197216216475,-0.841922938824,0.452859967947,-0.0427416041493,0.00396273471415
93,0.465,18,0.0173667855561,0.039739638567,0.0396447554231,0.120322138071,1.39610362053,0.175394594669,0.00495341839269
93,0.465,19,-0.000622262712568,0.0149214817211,0.0139571735635,-0.14862331748,0.153680488467,0.227352648973,0.00990684051067
93,0.465,20,-0.0165127050132,0.0365558043122,0.00160651979968,-0.115760289133,-0.488391608,-0.356895148754,0.00396273564547
93,0.465,21,0.0154655249789,0.0385583788157,0.0064961980097,-0.225654229522,-0.529121875763,-0.405270785093,0.00495341978967
93,0.465,22,-0.0279321912676,0.000288581300993,0.0353614538908,-1.02353012562,-0.197534844279,1.6954293251,0.0099068377167
93,0.465,23,-0.0416384004056,0.0193191431463,0.034781947732,0.704436898232,-0.0870879516006,0.907620847225,0.00396273564547
93,0.465,24,-0.0220383983105,0.0157460644841,0.0529650859535,-0.372632950544,-0.570989847183,0.390625476837,0.00594410020858
93,0.465,25,-0.0297605227679,-0.00118322228082,0.0166225172579,-0.827978074551,0.200191825628,0.20755828917,0.00990684051067
93,0.465,26,-0.0395707264543,0.0247443709522,0.00871680863202,0.00840310938656,0.546121895313,0.762224853039,0.0039627365768
93,0.465,27,-0.0219029262662,0.011145834811,0,-0.187380060554,-0.318766713142,0,0.00594410393387
93,0.465,28,-0.0531988181174,0.000191990344319,0.0207415241748,-0.732382893562,0.245997861028,1.12843155861,0.00594410579652
93,0.465,29,0.0252930726856,0.000966613704804,0.0361883044243,0.73001486063,-0.266304045916,1.33661735058,0.0099068377167
93,0.465,30,0.0404921509326,0.0211896412075,0.0348924770951,0.0858515128493,-0.630437195301,1.00091636181,0.00396273564547
93,0.465,31,0.0229030568153,0.017314106226,0.0542756356299,0.0485939383507,-0.800437271595,1.03103482723,0.00594410020858
93,0.465,32,0.0300189331174,-0.00105627218727,0.018103633076,0.819961249828,-0.277921229601,0.607599377632,0.00990684051067
93,0.465,33,0.0431242845953,0.0231259651482,0.00970754772425,0.301824688911,0.613494157791,0.601123452187,0.0039627365768
93,0.465,34,0.0259494297206,0.011314433068,1.59493151841e-06,0.732309103012,-0.460521906614,0.00685311527923,0.00594410393387
93,0.465,35,0.0511878095567,-0.00115336931776,0.0269998218864,-0.266708940268,0.39757886529,1.14213085175,0.00594410579652
93,0.465,36,-0.0190995503217,-0.0251100119203,0.0235225018114,0.119565874338,-0.388405323029,0.787757873535,0.0148602584377
93,0.465,37,0.019404605031,-0.0258481241763,0.0253052245826,0.104817137122,-0.194762885571,0.893316447735,0.0128788910806
93,0.465,38,0.000436253409134,-0.0153937144205,0.0424559228122,0.0579479746521,0.0891872569919,0.895879328251,0.0118882022798
93,0.465,39,-0.00293908268213,-0.0472702234983,0.0216546654701,-0.219054967165,-0.191110700369,-0.104226909578,0.00396273471415
93,0.465,40,-0.0168133955449,-0.0371303930879,0.0416827052832,0.038530793041,-0.0345597602427,1.37152683735,0.00396273471415
93,0.465,41,0.0153212677687,-0.0363714993,0.0393552482128,0.258262634277,-0.111328184605,1.07177197933,0.00495341839269
93,0.465,42,0.000718114315532,-0.0145028131083,0.0140735479072,0.0229975618422,0.242369607091,0.452706873417,0.0118882078677
93,0.465,43,-0.0196074265987,-0.0432489365339,0.00378616480157,-0.613388538361,0.222370713949,-0.964167833328,0.00396273564547
93,0.465,44,0.0168148707598,-0.0431962199509,0.00833116751164,-0.369846940041,-0.283132135868,0.184758871794,0.00495341978967
93,0.465,45,-0.0410111397505,-0.0194190517068,0.0335064567626,0.433353871107,-0.0133640356362,0.593313157558,0.00396273564547
93,0.465,46,-0.0225391685963,-0.0127079971135,0.0542362593114,-0.502364933491,0.621801674366,0.227562040091,0.0049534169957
93,0.465,47,-0.0407076962292,-0.02562296018,0.0105108786374,-0.469504117966,0.108183681965,-0.219437032938,0.0039627365768
93,0.465,48,-0.020879054442,-0.0143205411732,0,-0.224374786019,-0.431063920259,0,0.00495341978967
93,0.465,49,0.0397074297071,-0.0232016909868,0.0369433648884,0.226016685367,0.185361877084,0.45835724473,0.00396273564547
93,0.465,50,0.0232456084341,-0.0141393020749,0.0548644810915,0.289863437414,0.387646198273,0.372286915779,0.0049534169957
93,0.465,51,0.0461896508932,-0.0242247302085,0.0132599044591,0.785508394241,-0.0330926850438,0.352664530277,0.0039627365768
93,0.465,52,0.0240887384862,-0.0132143832743,0,0.517171621323,0.599328994751,0,0.00495341978967
93,0.465,53,0.00111529743299,0.00383061706088,0.0592084787786,0.116166502237,-0.348887294531,-1.20221626759,0.00396273471415
93,0.465,54,0.000539263477549,0.00253892596811,0,0.236757308245,-0.296071976423,0,0.00396273750812
94,0.47,0,-0.000600177445449,0.00129020481836,0.0338547080755,-0.233019515872,0.159255757928,-0.517337739468,0.00990683957934
94,0.47,1,-0.0336332879961,0.0494169294834,0.0188382286578,1.54514348507,0.353032171726,1.79482543468,0.00247670989484
94,0.47,2,0.0312259104103,0.045363932848,0.022916674614,-0.988816320896,-0.0144690657035,1.01036143303,0.00247670989484
94,0.47,3,-0.0324020236731,-0.0470856130123,0.0269886720926,1.29575788975,0.00022372121748,0.983238458633,0.00247670989484
94,0.47,4,0.0315164290369,-0.0494515523314,0.0282467678189,-0.948773503304,0.554264426231,1.27673792839,0.00247670989484
94,0.47,5,0.00347746117041,-0.0252819359303,0.0666674375534,-0.211906090379,1.17096841335,1.85907721519,0.00247670919634
94,0.47,6,0.0011004304979,0.0282334163785,0.0633767619729,-0.296294748783,-1.61125290394,0.508738875389,0.00247670919634
94,0.47,7,0.00064022699371,-0.0242187026888,0,-0.324705958366,1.02903604507,0,0.00247671105899
94,0.47,8,0.00360253523104,0.0222838670015,0,0.006726895459,-1.44296109676,0,0.00247671105899
94,0.47,9,0.0528934001923,0.000275990460068,0.000889045768417,1.05060219765,0.308246582747,0.52947562933,0.00247670942917
94,0.47,10,0.046916205436,-0.00266284565441,0.0569647401571,0.596324384212,0.216485708952,1.11871826649,0.00247670849785
94,0.47,11,-0.0480107963085,-0.00360506190918,1.66621168773e-06,-0.410698711872,0.602443635464,0.00750009622425,0.00247670942917
94,0.47,12,-0.0454625859857,-3.89540618926e-05,0.0557730607688,-0.214317262173,-0.0169226061553,1.04098808765,0.00247670849785
94,0.47,13,-0.0199643820524,0.0267258547246,0.027332931757,0.391729533672,-0.0886752977967,0.583776950836,0.0148602584377
94,0.47,14,0.000863040273543,0.0191808249801,0.0471776984632,-0.256630718708,-0.271294474602,0.895432472229,0.00990683585405
94,0.47,15,0.0177872143686,0.0246487203985,0.0279506146908,-0.158623233438,-0.0872140303254,0.32902982831,0.0128788910806
94,0.47,16,-0.0160413589329,0.0405630357563,0.0435032323003,-0.020273597911,-0.0716642290354,0.374202847481,0.00396273471415
94,0.47,17,-0.00586926657706,0.0472703427076,0.0208013430238,-0.477738380432,-0.214440062642,0.413729935884,0.00396273471415
94,0.47,18,0.0170593038201,0.0451541505754,0.0411136820912,-0.262582063675,0.437629312277,0.397841155529,0.00495341839269
94,0.47,19,-0.000689874053933,0.0144889382645,0.0173534341156,0.119849719107,-0.336551308632,0.881367325783,0.00990684051067
94,0.47,20,-0.0172265265137,0.0341996364295,0.00260592042468,-0.102281533182,-0.4908156991,0.72019302845,0.00396273564547
94,0.47,21,0.014943161048,0.0349466875196,0.00650498829782,-0.00681999092922,-0.809820175171,0.43064647913,0.00495341978967
94,0.47,22,-0.0310947932303,-0.000356134929461,0.0422183349729,-0.076995678246,-0.0362793728709,0.653105676174,0.0099068377167
94,0.47,23,-0.0393124073744,0.022169360891,0.0399879813194,0.0963481590152,1.21825873852,1.10462367535,0.00396273564547
94,0.47,24,-0.0231024995446,0.0139676220715,0.0551534332335,-0.0803180485964,-0.00711705721915,0.672019720078,0.00594410020858
94,0.47,25,-0.0310656707734,0.000102793594124,0.0178852472454,0.237799316645,0.224339023232,0.390161573887,0.00990684051067
94,0.47,26,-0.039987295866,0.0254759397358,0.0122162485495,-0.154652133584,-0.216604247689,0.717818915844,0.0039627365768
94,0.47,27,-0.0234008710831,0.00991029664874,0,-0.308768004179,-0.210078001022,0,0.00594410393387
94,0.47,28,-0.0549051873386,0.000854052370414,0.0272153113037,0.145530954003,0.013283001259,1.28976738453,0.00594410579652
94,0.47,29,0.028265722096,-0.000756493769586,0.0432793721557,0.277859807014,-0.338873147964,1.17256069183,0.0099068377167
94,0.47,30,0.0403092950583,0.0196985639632,0.0415778979659,-0.202790781856,0.128356277943,1.52158784866,0.00396273564547
94,0.47,31,0.0237847361714,0.0139882331714,0.0586283020675,0.316299974918,-0.326036661863,0.708594918251,0.00594410020858
94,0.47,32,0.0315553024411,-0.00199119001627,0.0201803445816,-0.188000798225,-0.0533086284995,0.252235859632,0.00990684051067
94,0.47,33,0.0419130548835,0.0244051385671,0.0144817270339,-0.705689430237,-0.122624717653,1.2441059351,0.0039627365768
94,0.47,34,0.0285687223077,0.0103513700888,0.000912236864679,0.259414047003,0.0245236773044,0.393898487091,0.00594410393387
94,0.47,35,0.0499290563166,0.000748078222387,0.0314796753228,-0.175193443894,0.279247969389,0.630144655704,0.00594410579652
94,0.47,36,-0.0175495129079,-0.0262597352266,0.0272437334061,0.432002812624,-0.00255607301369,0.659696936607,0.0148602584377
94,0.47,37,0.0187564194202,-0.0262018181384,0.0285622160882,-0.325442612171,0.0149447889999,0.48174893856,0.0128788910806
94,0.47,38,0.000447596772574,-0.0145557727665,0.0459120050073,-0.0402690730989,0.189215496182,0.279001802206,0.0118882022798
94,0.47,39,-0.00340659660287,-0.0469330698252,0.0232808496803,0.0670751929283,0.325241714716,0.777303099632,0.00396273471415
94,0.47,40,-0.0158215425909,-0.0363055206835,0.0481187067926,0.390986412764,0.381112188101,1.15968549252,0.00396273471415
94,0.47,41,0.0159921515733,-0.0378514789045,0.0460703223944,-0.0222012549639,-0.270401507616,1.47739088535,0.00495341839269
94,0.47,42,0.000673453789204,-0.0134675744921,0.0182175133377,-0.0338479876518,0.138501539826,0.985704362392,0.0118882078677
94,0.47,43,-0.0199204366654,-0.038906339556,0.00237722508609,0.491684019566,1.33403384686,0.529527544975,0.00396273564547
94,0.47,44,0.0145700909197,-0.0404456555843,0.00934983231127,-0.497497260571,1.35155105591,0.23506334424,0.00495341978967
94,0.47,45,-0.0393545106053,-0.0215025600046,0.0380873009562,0.175495833158,-0.870346844196,1.11823999882,0.00396273564547
94,0.47,46,-0.0239773094654,-0.0108678694814,0.0573337003589,-0.000570667383727,-0.0777108743787,1.22243797779,0.0049534169957
94,0.47,47,-0.0416181348264,-0.0245588310063,0.0102691985667,0.210977181792,0.332645654678,0.378919810057,0.0039627365768
94,0.47,48,-0.0218581706285,-0.0164413899183,0,-0.206650033593,-0.179736703634,0,0.00495341978967
94,0.47,49,0.040876571089,-0.0229819696397,0.040179733187,0.171127006412,-0.121965624392,0.767974197865,0.00396273564547
94,0.47,50,0.0239031780511,-0.0121641559526,0.0582172609866,-0.0124554028735,0.145446032286,1.15266704559,0.0049534169957
94,0.47,51,0.045454017818,-0.0235922932625,0.0155235826969,-1.04340624809,0.29222407937,0.608608961105,0.0039627365768
94,0.47,52,0.0263798069209,-0.0123264882714,7.00911914464e-05,0.335045605898,-0.20898526907,0.085644133389,0.00495341978967
94,0.47,53,0.000629815040156,0.00123466714285,0.0592904612422,-0.351777613163,-0.688591778278,1.79148828983,0.00396273471415
94,0.47,54,0.00234603928402,-0.000765088188928,0,0.379137784243,-0.853073239326,0,0.00396273750812
95,0.475,0,-0.00154780782759,0.00169557356276,0.0323017761111,-0.0793957337737,-0.0174984224141,0.223053306341,0.00990683957934
95,0.475,1,-0.0261475741863,0.0489742644131,0.0286030210555,1.16741669178,-0.45485123992,1.88791573048,0.00247670989484
95,0.475,2,0.025471450761,0.0446935407817,0.0280182957649,-1.10793840885,-0.123836450279,0.918781042099,0.00247670989484
95,0.475,3,-0.0254121329635,-0.0453892126679,0.0312650054693,1.29969716072,0.503314197063,0.727374136448,0.00247670989484
95,0.475,4,0.0258460454643,-0.044874753803,0.0336989015341,-1.10872662067,0.956901490688,0.821046590805,0.00247670989484
95,0.475,5,0.00125936313998,-0.0200296677649,0.074187643826,-0.588126838207,0.720525026321,1.02719116211,0.00247670919634
95,0.475,6,-0.000522574991919,0.0228507276624,0.0687140077353,-0.279776543379,-0.520566225052,1.35322022438,0.00247670919634
95,0.475,7,0.000919659563806,-0.0206683408469,0,0.332001179457,0.255754470825,0,0.00247671105899
95,0.475,8,0.00263007823378,0.0148362638429,0,-0.372063308954,-1.23318874836,0,0.00247671105899
95,0.475,9,0.0550428628922,0.00139370153192,0.00616900576279,-0.274295687675,0.1215865165,1.52592241764,0.00247670942917
95,0.475,10,0.0505077838898,-0.00118407246191,0.0628995671868,0.495261013508,0.323908597231,0.981392979622,0.00247670849785
95,0.475,11,-0.0485252328217,0.000345356413163,0.00143531349022,0.236295834184,0.845102667809,0.69129639864,0.00247670942917
95,0.475,12,-0.0486399158835,0.000186222925549,0.061578091234,-0.460224688053,0.0904222875834,0.796260595322,0.00247670849785
95,0.475,13,-0.0170658808202,0.0249891523272,0.0303014498204,0.627900362015,-0.55575799942,0.634307384491,0.0148602584377
95,0.475,14,-0.000207263365155,0.016792031005,0.0487666502595,-0.138400524855,-0.687780618668,-0.0313356593251,0.00990683585405
95,0.475,15,0.0158073529601,0.0239313412458,0.0304676163942,-0.609880983829,-0.260707855225,0.765054225922,0.0128788910806
95,0.475,16,-0.0153414495289,0.0397061295807,0.046535924077,0.381171584129,-0.294146209955,0.945778489113,0.00396273471415
95,0.475,17,-0.00534854782745,0.0447761043906,0.0235780160874,0.738354802132,-0.649986863136,0.659960448742,0.00396273471415
95,0.475,18,0.0145654706284,0.0426245070994,0.0440704040229,-0.730378568172,-1.34010481834,0.875975966454,0.00495341839269
95,0.475,19,0.000361360696843,0.0118003478274,0.0195398237556,0.24885892868,-0.651887834072,-0.20030413568,0.00990684051067
95,0.475,20,-0.0167460273951,0.0312256515026,0.00765151716769,0.309598505497,-0.669777393341,1.11544764042,0.00396273564547
95,0.475,21,0.0147859640419,0.031316973269,0.00951727479696,-0.109051413834,-0.564523518085,0.590174794197,0.00495341978967
95,0.475,22,-0.0287479050457,-0.000112216905109,0.0422006398439,0.870022594929,0.114934206009,-0.238504514098,0.0099068377167
95,0.475,23,-0.0392983220518,0.0284821875393,0.0445576831698,0.146909102798,0.903404533863,0.669164657593,0.00396273564547
95,0.475,24,-0.023202335462,0.0150006292388,0.060457393527,0.0013888356043,0.224954903126,1.27497839928,0.00594410020858
95,0.475,25,-0.0282625518739,0.000494226347655,0.0203222017735,0.764720439911,-0.068741209805,0.497544258833,0.00990684051067
95,0.475,26,-0.0400992780924,0.022753290832,0.016797631979,0.216181203723,-0.79705786705,1.15246987343,0.0039627365768
95,0.475,27,-0.0240449383855,0.00880581419915,0.000101902005554,0.0876335278153,-0.22735440731,0.074762314558,0.00594410393387
95,0.475,28,-0.0513530001044,0.000560319109354,0.0329692438245,1.1964468956,-0.0951619595289,0.99701744318,0.00594410579652
95,0.475,29,0.0275376997888,-0.00180536683183,0.0461992137134,-0.482973635197,-0.0599750801921,0.0983496159315,0.0099068377167
95,0.475,30,0.0381202995777,0.021988498047,0.0481938458979,-0.647718906403,0.607484221458,0.991973459721,0.00396273564547
95,0.475,31,0.0245597548783,0.0141246812418,0.0626295283437,-0.17005597055,0.200700119138,0.935418009758,0.00594410020858
95,0.475,32,0.0287189483643,-0.00137710536364,0.0211059600115,-0.828940570354,0.270554274321,0.209087833762,0.00990684051067
95,0.475,33,0.0378556549549,0.0224755629897,0.021199375391,-0.690831899643,-0.494968116283,1.32358944416,0.0039627365768
95,0.475,34,0.028083987534,0.0104912454262,0.00342075759545,-0.427126675844,-0.070020377636,0.488120406866,0.00594410393387
95,0.475,35,0.0491037517786,0.00116397708189,0.0341135524213,-0.250745981932,-0.106091812253,0.550056934357,0.00594410579652
95,0.475,36,-0.0155245475471,-0.0247811712325,0.0305707547814,0.33311894536,0.569852769375,0.750312566757,0.0148602584377
95,0.475,37,0.0164014622569,-0.0254791099578,0.0314833074808,-0.60877507925,0.364543735981,0.806194782257,0.0128788910806
95,0.475,38,-1.585557402e-05,-0.0136564765126,0.0469613038003,-0.135389894247,0.189191043377,0.41881352663,0.0118882022798
95,0.475,39,-0.00197200383991,-0.044416103512,0.0290309209377,0.488139688969,0.585659146309,1.39965093136,0.00396273471415
95,0.475,40,-0.0128026315942,-0.0335771851242,0.0534409098327,0.750311076641,0.607657492161,1.02869129181,0.00396273471415
95,0.475,41,0.0148864500225,-0.0372151881456,0.0531017333269,-0.395745664835,0.579524815083,1.29674422741,0.00495341839269
95,0.475,42,0.000515904393978,-0.0131408423185,0.0211032610387,-0.0237206127495,0.0450134128332,-0.00610930472612,0.0118882078677
95,0.475,43,-0.0151445595548,-0.0324134752154,0.00823100004345,1.22422540188,1.00080990791,1.48620319366,0.00396273564547
95,0.475,44,0.0124220643193,-0.0319807231426,0.0105686075985,-0.264828026295,1.54553747177,0.223468139768,0.00495341978967
95,0.475,45,-0.0381183698773,-0.0260144546628,0.0437348671257,0.465576529503,-0.615440130234,1.10894489288,0.00396273564547
95,0.475,46,-0.0225167572498,-0.0125617273152,0.0644056648016,0.456268250942,-0.334831893444,1.23048424721,0.0049534169957
95,0.475,47,-0.0384539738297,-0.0219882223755,0.015358784236,0.925283670425,0.661265432835,1.57420372963,0.0039627365768
95,0.475,48,-0.0230958517641,-0.0141898756847,0.00034735200461,-0.245588824153,1.07254230976,0.194475412369,0.00495341978967
95,0.475,49,0.0402778014541,-0.0236920788884,0.0442683361471,-0.475594192743,-0.0309845656157,0.888680100441,0.00396273564547
95,0.475,50,0.0229756440967,-0.0131369698793,0.0652741193771,-0.338074624538,-0.340886861086,1.36443471909,0.0049534169957
95,0.475,51,0.0378289557993,-0.021944206208,0.0192300062627,-1.58533453941,0.207799509168,0.806055366993,0.0039627365768
95,0.475,52,0.026759840548,-0.0137788634747,0.00154526985716,-0.206679314375,-0.131058707833,0.469368577003,0.00495341978967
95,0.475,53,-0.00131694215816,-0.00206485041417,0.0713352635503,-0.302498012781,-0.418878018856,2.18144369125,0.00396273471415
95,0.475,54,0.00349409203045,-0.00414829514921,0,0.0547182746232,-0.371238172054,0,0.00396273750812
96,0.48,0,-0.000841044646222,0.000864132714923,0.0354076363146,0.350236862898,-0.316505908966,0.673285722733,0.00990683957934
96,0.48,1,-0.0231874156743,0.0456787124276,0.0358768999577,0.15617609024,-0.792608857155,0.956945896149,0.00247670989484
96,0.48,2,0.0219069179147,0.0447372570634,0.0316580422223,-0.258873671293,0.0536602474749,0.622251391411,0.00247670989484
96,0.48,3,-0.0209600999951,-0.0436084568501,0.03442645818,0.460937768221,0.181821241975,0.58710116148,0.00247670989484
96,0.48,4,0.0223517436534,-0.0425565093756,0.0360693223774,-0.252259373665,0.0247936714441,0.244404986501,0.00247670989484
96,0.48,5,-0.00142889097333,-0.0200829878449,0.0776072070003,-0.405476033688,-0.672180593014,0.549831628799,0.00247670919634
96,0.48,6,-0.00130788865499,0.0220301877707,0.0740607082844,-0.0543403662741,0.0865189135075,0.74692940712,0.00247670919634
96,0.48,7,0.00187005626503,-0.0222469177097,0,-0.104168646038,-0.86208575964,0,0.00247671105899
96,0.48,8,0.000639355857857,0.0135177820921,0,-0.327643841505,0.935843229294,0,0.00247671105899
96,0.48,9,0.0501942932606,0.00124149676412,0.0149571737275,-1.50301802158,-0.192188382149,1.79509341717,0.00247670942917
96,0.48,10,0.0486471951008,0.000323513319017,0.0646868273616,-1.32467293739,0.277017652988,-0.263153016567,0.00247670849785
96,0.48,11,-0.0463806353509,0.00360297318548,0.00709104072303,0.450607806444,0.371883034706,1.46740174294,0.00247670942917
96,0.48,12,-0.0461924299598,0.000769969366957,0.0614414140582,1.44243705273,0.138881236315,-0.714109361172,0.00247670849785
96,0.48,13,-0.0145162623376,0.0217644795775,0.0335087142885,0.393290787935,-0.650138497353,0.604192018509,0.0148602584377
96,0.48,14,-0.000664411636535,0.0127174872905,0.0501157604158,-0.0995400547981,-0.872183561325,0.832068622112,0.00990683585405
96,0.48,15,0.0123614519835,0.021549731493,0.0351196415722,-0.636141836643,-0.6523899436,0.927396535873,0.0128788910806
96,0.48,16,-0.0121138989925,0.0369246229529,0.0533518157899,0.757590949535,-0.842737913132,1.66832733154,0.00396273471415
96,0.48,17,0.00045325566316,0.0417897962034,0.0273332651705,1.26171708107,-0.495302319527,0.875137686729,0.00396273471415
96,0.48,18,0.0100945811719,0.0341001115739,0.0508465133607,-0.939405858517,-1.70166313648,1.82095181942,0.00495341839269
96,0.48,19,0.00115601159632,0.00889458972961,0.0165194254369,0.0184032674879,-0.415617346764,-0.646275639534,0.00990684051067
96,0.48,20,-0.0146152479574,0.0287432186306,0.0123239411041,0.43881753087,-0.163470596075,0.706899344921,0.00396273564547
96,0.48,21,0.0139247328043,0.0297859441489,0.0115791428834,-0.167796388268,-0.0877083837986,0.290722280741,0.00495341978967
96,0.48,22,-0.0235919635743,0.000695045222528,0.0435937717557,1.06579315662,0.197139158845,0.961880862713,0.0099068377167
96,0.48,23,-0.0365163348615,0.0287166759372,0.0471268557012,0.935086667538,-0.798339486122,0.475998461246,0.00396273564547
96,0.48,24,-0.0230480320752,0.015045851469,0.0660882145166,0.0926653966308,-0.205498546362,0.903711616993,0.00594410020858
96,0.48,25,-0.0240573622286,-0.000153011031216,0.0223813131452,0.894494950771,-0.10919572413,0.350268781185,0.00990684051067
96,0.48,26,-0.037394233048,0.0188681297004,0.0233304835856,0.797383666039,-0.568012952805,1.31814968586,0.0039627365768
96,0.48,27,-0.0226308219135,0.00836623460054,0.000820696819574,0.411186665297,0.185529187322,0.18893571198,0.00594410393387
96,0.48,28,-0.0444455631077,0.00014604262833,0.0370344370604,1.35191762447,-0.0589688755572,0.651460945606,0.00594410579652
96,0.48,29,0.0242411922663,-0.00118018756621,0.0463531725109,-0.756772279739,0.309820652008,0.207891255617,0.0099068377167
96,0.48,30,0.0342026390135,0.0241773277521,0.0510347820818,-0.879365801811,0.181898638606,0.210162550211,0.00396273564547
96,0.48,31,0.0216040890664,0.0141687504947,0.0673744603992,-0.894206702709,-0.29042378068,0.885453879833,0.00594410020858
96,0.48,32,0.0241869874299,0.000147644866956,0.0233115758747,-0.905134797096,0.264144659042,0.709514737129,0.00990684051067
96,0.48,33,0.0359014719725,0.0208148136735,0.0268473513424,-0.208098977804,-0.120055772364,0.90907484293,0.0039627365768
96,0.48,34,0.0252148602158,0.0096394950524,0.00460185203701,-0.553389668465,-0.152603730559,-0.0602478310466,0.00594410393387
96,0.48,35,0.0467094965279,-0.000101455836557,0.0375431701541,-0.690820753574,-0.357673078775,0.773858964443,0.00594410579652
96,0.48,36,-0.0140463449061,-0.021185092628,0.0351389795542,0.318332493305,0.743130028248,1.03535366058,0.0148602584377
96,0.48,37,0.0127657372504,-0.0217653829604,0.0366317555308,-0.758199572563,1.02278101444,1.09071063995,0.0128788910806
96,0.48,38,-0.000642990635242,-0.0122831175104,0.0516955554485,-0.0870439484715,0.393171161413,1.48685908318,0.0118882022798
96,0.48,39,0.000913848343771,-0.041774712503,0.0361472591758,0.565650522709,0.471045285463,1.35462915897,0.00396273471415
96,0.48,40,-0.00976789556444,-0.0316322036088,0.0588394887745,0.279742896557,0.0567417480052,1.1132799387,0.00396273471415
96,0.48,41,0.0126998256892,-0.0328074768186,0.059008680284,-0.369493216276,0.959575653076,1.07064628601,0.00495341839269
96,0.48,42,0.000379921490094,-0.0121159777045,0.0187780279666,-0.0328188203275,0.360488325357,-0.67131882906,0.0118882078677
96,0.48,43,-0.0106308553368,-0.0305751990527,0.0141123868525,0.351483374834,-0.235853031278,0.776876986027,0.00396273564547
96,0.48,44,0.0131719848141,-0.029907092452,0.0121816182509,0.587405800819,-0.704307079315,0.594032466412,0.00495341978967
96,0.48,45,-0.0342199206352,-0.0259203948081,0.049362976104,1.00568223,0.599786758423,1.1622658968,0.00396273564547
96,0.48,46,-0.0208576340228,-0.0125069571659,0.0677947774529,0.115583620965,0.370856881142,0.200165167451,0.0049534169957
96,0.48,47,-0.0342553146183,-0.0191372130066,0.0242020785809,0.567691147327,0.328466922045,1.69548642635,0.0039627365768
96,0.48,48,-0.0237067490816,-0.00826708041131,0.00153135927394,-0.00350498920307,0.815754055977,0.15137989819,0.00495341978967
96,0.48,49,0.0360921360552,-0.0225449167192,0.0493495874107,-1.11748456955,0.448307871819,1.12544703484,0.00396273564547
96,0.48,50,0.0210079997778,-0.0135290659964,0.0697585791349,-0.389179736376,0.296920746565,0.425319075584,0.0049534169957
96,0.48,51,0.0330410972238,-0.0226928517222,0.0233607366681,-0.342745125294,-0.35939347744,0.903216719627,0.0039627365768
96,0.48,52,0.024784212932,-0.0120294084772,0.00393002154306,-0.436538219452,0.664682507515,0.400567024946,0.00495341978967
96,0.48,53,-0.00183111533988,-0.00105069659185,0.0771966949105,0.082920782268,0.788633525372,0.210933968425,0.00396273471415
96,0.48,54,0.00305110472254,-0.00451919669285,0,-0.189357072115,0.083042614162,0,0.00396273750812
97,0.485,0,0.000989197287709,-0.00101184204686,0.0374232940376,0.223993912339,-0.32485461235,0.210782319307,0.00990683957934
97,0.485,1,-0.0228012036532,0.0414268635213,0.0384357348084,0.118149764836,-0.846826970577,0.218103006482,0.00247670989484
97,0.485,2,0.022940877825,0.0437528304756,0.0354115478694,0.565282344818,-0.523338377476,0.940952301025,0.00247670989484
97,0.485,3,-0.0203013271093,-0.0427618175745,0.0378720574081,-0.113741770387,0.249002769589,0.849454760551,0.00247670989484
97,0.485,4,0.0230039022863,-0.0424852780998,0.0379583910108,0.435536235571,0.171953260899,0.675843060017,0.00247670989484
97,0.485,5,-0.00259206956252,-0.0243381634355,0.0818451792002,-0.104011282325,-0.796098768711,1.26881098747,0.00247670919634
97,0.485,6,-0.00154226168524,0.0238059982657,0.0784647911787,-0.088288962841,0.676241457462,1.36354553699,0.00247670919634
97,0.485,7,0.000269423268037,-0.0288184974343,0,-0.383417099714,-1.56289815903,0,0.00247671105899
97,0.485,8,-0.000186936624232,0.0237120091915,0,-0.0169229861349,2.71179270744,0,0.00247671105899
97,0.485,9,0.0422320477664,-0.00047583275591,0.0218630377203,-1.41209125519,-0.444743782282,0.765201508999,0.00247670942917
97,0.485,10,0.0388628654182,0.00181339366827,0.0621337667108,-2.05302929878,0.368411302567,-0.362754642963,0.00247670849785
97,0.485,11,-0.0447076074779,0.00363233336248,0.0150244915858,0.338927745819,-0.335542947054,1.58534872532,0.00247670942917
97,0.485,12,-0.0378841459751,0.00154331221711,0.0580550357699,1.10017240047,0.165057018399,-0.116814054549,0.00247670849785
97,0.485,13,-0.0124883521348,0.0192342791706,0.0362045913935,0.500099420547,-0.321652203798,0.501454174519,0.0148602584377
97,0.485,14,-0.00166463619098,0.0089675616473,0.0572471097112,-0.283098250628,-0.481063306332,1.71718037128,0.00990683585405
97,0.485,15,0.0104990378022,0.0186566747725,0.0385491475463,-0.113084517419,-0.348273187876,0.447838544846,0.0128788910806
97,0.485,16,-0.0102353384718,0.0321005918086,0.0613548569381,-0.194920182228,-0.877883732319,1.31959950924,0.00396273471415
97,0.485,17,0.00409158458933,0.0398999303579,0.0329609587789,0.0640040412545,-0.294478595257,1.40297651291,0.00396273471415
97,0.485,18,0.00728453323245,0.0286583881825,0.0608118958771,0.020059954375,-0.381262123585,1.89691030979,0.00495341839269
97,0.485,19,0.000539741420653,0.00886979792267,0.0153021607548,-0.189620599151,0.464425295591,0.129593044519,0.00990684051067
97,0.485,20,-0.013188963756,0.030565392226,0.0153083149344,0.133784592152,0.828913271427,0.606546163559,0.00396273564547
97,0.485,21,0.013828471303,0.0297790337354,0.0135791208595,0.148423746228,0.0483750365674,0.607154369354,0.00495341978967
97,0.485,22,-0.0189618729055,0.00166399066802,0.0506254732609,0.787024796009,0.141395628452,1.46008002758,0.0099068377167
97,0.485,23,-0.0315198861063,0.0223347879946,0.0500816814601,0.79742628336,-1.36299216747,0.685920536518,0.00396273564547
97,0.485,24,-0.0222225859761,0.0138621265069,0.0702349096537,0.165138140321,-0.113057054579,0.954290151596,0.00594410020858
97,0.485,25,-0.0196490641683,-0.00015925502521,0.024161523208,0.782290220261,0.0627968087792,0.34819483757,0.00990684051067
97,0.485,26,-0.0334454812109,0.0186180435121,0.0281258802861,0.633772313595,0.459932982922,0.479291319847,0.0039627365768
97,0.485,27,-0.0208870433271,0.0113994898275,0.00175356608815,0.173958539963,0.894458770752,0.178641170263,0.00594410393387
97,0.485,28,-0.03928572312,-0.000118042065878,0.0398072265089,0.699291408062,-0.0777312740684,0.447780430317,0.00594410579652
97,0.485,29,0.0204736627638,0.00112286768854,0.0498139671981,-0.733999371529,0.53243213892,1.11397850513,0.0099068377167
97,0.485,30,0.0297857969999,0.0238265097141,0.051318179816,-0.78599768877,-0.210898220539,0.0381912738085,0.00396273564547
97,0.485,31,0.0177082438022,0.0114977126941,0.0713323503733,-0.430498450994,-0.548785150051,0.754683315754,0.00594410020858
97,0.485,32,0.0203120112419,0.000762538285926,0.0274129156023,-0.595605134964,-0.0243191029876,0.747081637383,0.00990684051067
97,0.485,33,0.0342922210693,0.0210760831833,0.0300630070269,-0.485538303852,0.145485073328,0.359126955271,0.0039627365768
97,0.485,34,0.0238190591335,0.0103345187381,0.00339687266387,-0.00934086367488,0.468651115894,-0.261148333549,0.00594410393387
97,0.485,35,0.0429600179195,-0.00192421628162,0.0411128811538,-0.707127094269,-0.305109292269,0.627826392651,0.00594410579652
97,0.485,36,-0.0119950994849,-0.0186740383506,0.0401214435697,0.477781027555,0.187393248081,0.892767250538,0.0148602584377
97,0.485,37,0.0100252628326,-0.0174041558057,0.0407779961824,-0.255482643843,0.504727303982,0.532194197178,0.0128788910806
97,0.485,38,-0.000781924987677,-0.0101033020765,0.0608636215329,0.00935552828014,0.318675905466,1.93497228622,0.0118882022798
97,0.485,39,0.00266670947894,-0.0394546128809,0.0419371053576,0.094802223146,0.440247625113,0.948098540306,0.00396273471415
97,0.485,40,-0.010939267464,-0.033149253577,0.0634874328971,-0.624615132809,-0.508369326591,0.627102673054,0.00396273471415
97,0.485,41,0.011991080828,-0.0297594852746,0.0636187940836,0.0602678395808,0.190105170012,0.767281830311,0.00495341839269
97,0.485,42,0.000241957270191,-0.0113858366385,0.0164111256599,-0.0266522932798,-0.264416247606,-0.181105777621,0.0118882078677
97,0.485,43,-0.0114116994664,-0.0328129976988,0.0175940692425,-0.424090504646,-0.377182483673,0.810704886913,0.00396273564547
97,0.485,44,0.0167759954929,-0.0349382832646,0.017267037183,0.585894107819,-0.857020199299,1.31131827831,0.00495341978967
97,0.485,45,-0.0299278907478,-0.0217390116304,0.0548311807215,0.466262936592,0.808720648289,0.885388851166,0.00396273564547
97,0.485,46,-0.0213784836233,-0.0101018622518,0.0691714435816,-0.229620784521,0.343522965908,0.785273075104,0.0049534169957
97,0.485,47,-0.0334021113813,-0.019381634891,0.0303211677819,-0.0891310200095,-0.332814574242,0.715420842171,0.0039627365768
97,0.485,48,-0.0235717557371,-0.0093501387164,0.00140102370642,0.0565689504147,-1.11179292202,-0.0520281866193,0.00495341978967
97,0.485,49,0.0302763935179,-0.0203288272023,0.0548867806792,-1.03391003609,0.292189329863,0.987707853317,0.00396273564547
97,0.485,50,0.0196212381124,-0.0103881815448,0.0713218078017,-0.128930076957,0.732882320881,0.550167620182,0.0049534169957
97,0.485,51,0.032495226711,-0.0233594235033,0.0286623630673,-0.0626837462187,0.178343370557,1.16860532761,0.0039627365768
97,0.485,52,0.0235025864094,-0.0105578489602,0.00527154561132,-0.0699189901352,-0.30654156208,0.176589101553,0.00495341978967
97,0.485,53,-0.00118107430171,0.00368753192015,0.0773177221417,0.0474904477596,0.801571369171,0.63108676672,0.00396273471415
97,0.485,54,0.00176001549698,-0.00388381024823,0,-0.313614755869,0.218299970031,0,0.00396273750812
98,0.49,0,0.00051612756215,-0.00152103579603,0.0386827662587,-0.334409564734,0.102800093591,0.363362103701,0.00990683957934
98,0.49,1,-0.022048374638,0.0384241044521,0.0398950316012,0.0703185126185,-0.228850245476,0.522151887417,0.00247670989484
98,0.49,2,0.0257322732359,0.0403979979455,0.041000418365,0.378841817379,-0.569306194782,1.23510146141,0.00247670989484
98,0.49,3,-0.0219975076616,-0.0410815812647,0.0430344231427,-0.582594513893,0.332785516977,1.15487837791,0.00247670989484
98,0.49,4,0.0259355269372,-0.0406790673733,0.0438144020736,0.636448204517,0.429119110107,1.60860657692,0.00247670989484
98,0.49,5,-0.00266503077,-0.0268159154803,0.0894787609577,0.0703454837203,-0.152167141438,1.51595246792,0.00247670919634
98,0.49,6,-0.00216088467278,0.028616823256,0.088294275105,-0.132196977735,1.01819765568,2.19213938713,0.00247670919634
98,0.49,7,-0.000934643263463,-0.0353832617402,7.37999143894e-05,-0.0621295049787,-0.875253677368,0.0889722630382,0.00247671105899
98,0.49,8,0.000329066097038,0.0362309589982,0,0.197816580534,1.9468228817,0,0.00247671105899
98,0.49,9,0.038180295378,-0.00247226492502,0.0214210413396,-0.168857142329,-0.291027069092,-0.81961119175,0.00247670942917
98,0.49,10,0.0351413860917,0.00432646274567,0.0648395866156,0.743745446205,0.548989772797,1.40345776081,0.00247670849785
98,0.49,11,-0.0415302328765,0.00058912410168,0.0214395150542,0.921336114407,-0.794859528542,0.808770418167,0.00247670942917
98,0.49,12,-0.0400755293667,0.0021171043627,0.0631044507027,-1.4727281332,0.00631516380236,1.83953678608,0.00247670849785
98,0.49,13,-0.00957968458533,0.0187971051782,0.0388192087412,0.529514253139,0.132648944855,0.561824083328,0.0148602584377
98,0.49,14,-0.0025561528746,0.00960918795317,0.0647809803486,0.0187900215387,0.726399600506,1.32723152637,0.00990683585405
98,0.49,15,0.0106245065108,0.0188975986093,0.0402380935848,0.0995396152139,0.372221767902,0.32003095746,0.0128788910806
98,0.49,16,-0.0135697284713,0.0302115529776,0.0650634840131,-0.83694767952,0.17380553484,0.21670936048,0.00396273471415
98,0.49,17,0.00191631063353,0.0387290492654,0.0412045828998,-0.677039563656,-0.117454774678,1.8094637394,0.00396273471415
98,0.49,18,0.0101988278329,0.0297793783247,0.0679088309407,0.864102423191,0.66660118103,0.935938477516,0.00495341839269
98,0.49,19,0.00012088612857,0.0129265151918,0.016383048147,0.0636634677649,0.968438744545,0.150797083974,0.00990684051067
98,0.49,20,-0.0124721322209,0.0356075279415,0.0189169067889,0.261410415173,0.999189376831,0.804070949554,0.00396273564547
98,0.49,21,0.0148965250701,0.0310212410986,0.0177910197526,0.17292457819,0.594162464142,0.988372683525,0.00495341978967
98,0.49,22,-0.0159079711884,0.00127833441366,0.0556756481528,0.296600610018,-0.327063888311,0.647982299328,0.0099068377167
98,0.49,23,-0.0305701605976,0.0184116698802,0.0530438609421,-0.36140191555,-0.195756956935,0.42441534996,0.00396273564547
98,0.49,24,-0.0225076526403,0.0144746890292,0.0769807547331,-0.288889169693,0.216124355793,1.66930687428,0.00594410020858
98,0.49,25,-0.0172831937671,-0.000265492592007,0.0254557784647,0.135833591223,-0.143436312675,0.156950190663,0.00990684051067
98,0.49,26,-0.0314840823412,0.0220149308443,0.0281389225274,0.243796885014,0.664810299873,-0.325308293104,0.0039627365768
98,0.49,27,-0.0213199183345,0.0156265571713,0.00314631243236,-0.263120979071,0.686715662479,0.451545417309,0.00594410393387
98,0.49,28,-0.0368992947042,-0.000697942159604,0.0411326251924,0.338821440935,-0.102444328368,0.152584552765,0.00594410579652
98,0.49,29,0.0167660117149,0.00274405628443,0.0553931295872,-0.697537004948,-0.0108846733347,0.955993533134,0.0099068377167
98,0.49,30,0.0282294154167,0.0231611225754,0.0524637922645,0.321031361818,-0.0729027688503,0.462089926004,0.00396273564547
98,0.49,31,0.017906403169,0.0117626897991,0.0760283693671,0.290898323059,0.743581414223,1.25799393654,0.00594410020858
98,0.49,32,0.0186046846211,3.1595782275e-06,0.0292172320187,-0.111357890069,-0.24020409584,-0.0552561357617,0.00990684051067
98,0.49,33,0.0319745726883,0.0212957747281,0.0301497932523,-0.269084066153,-0.147053912282,-0.284409344196,0.0039627365768
98,0.49,34,0.0241054762155,0.0134814316407,0.00349672534503,-0.022749228403,0.624874353409,0.362328916788,0.00594410393387
98,0.49,35,0.0400950871408,-0.00235125608742,0.0440815202892,-0.481292963028,0.195283919573,0.599106609821,0.00594410579652
98,0.49,36,-0.0100551731884,-0.0193049274385,0.0438580848277,0.19766946137,-0.342429757118,0.618897378445,0.0148602584377
98,0.49,37,0.0104901753366,-0.0176812354475,0.0426656827331,0.363791495562,-0.50001847744,0.353325814009,0.0128788910806
98,0.49,38,-0.000942940707318,-0.010806444101,0.0691702440381,-0.0871325209737,-0.57994478941,1.40835809708,0.0118882022798
98,0.49,39,0.00228158035316,-0.0384727790952,0.045867908746,-0.135596051812,-0.195107892156,0.687486708164,0.00396273471415
98,0.49,40,-0.014111048542,-0.0347684919834,0.0651188418269,-0.492372721434,-0.0144401332363,0.175159871578,0.00396273471415
98,0.49,41,0.0122999576852,-0.0304051749408,0.066943667829,-0.0399931706488,-0.332142442465,0.632152915001,0.00495341839269
98,0.49,42,0.000125707127154,-0.015112969093,0.0170062333345,0.000206186683499,-1.06647288799,0.344814658165,0.0118882078677
98,0.49,43,-0.0129058342427,-0.0332444310188,0.0225879177451,-0.0747706368566,0.0721180662513,1.09879755974,0.00396273564547
98,0.49,44,0.0171359442174,-0.0363605618477,0.023417390883,-0.456604957581,0.225566759706,0.98786842823,0.00495341978967
98,0.49,45,-0.0308476854116,-0.0192086771131,0.0570618696511,-0.664401113987,0.290925860405,0.0946489572525,0.00396273564547
98,0.49,46,-0.022421842441,-0.010669731535,0.077878639102,-0.163075909019,-0.476009458303,2.35645866394,0.0049534169957
98,0.49,47,-0.0333500877023,-0.0212942510843,0.031655292958,0.220395132899,-0.364625096321,-0.0737022459507,0.0039627365768
98,0.49,48,-0.0227346811444,-0.0163292530924,0.00295215356164,0.295083463192,-1.35131549835,0.74699896574,0.00495341978967
98,0.49,49,0.0277807135135,-0.0202982723713,0.0585255362093,0.154913693666,-0.161101147532,0.52664244175,0.00396273564547
98,0.49,50,0.0196436550468,-0.00900520570576,0.078137382865,0.0539941191673,-0.237643331289,2.06324076653,0.0049534169957
98,0.49,51,0.0320042744279,-0.0213850867003,0.0339231081307,-0.0445902012289,0.464257925749,0.798215448856,0.0039627365768
98,0.49,52,0.0232426710427,-0.0150871137157,0.00630200281739,-0.156056106091,-1.28215575218,0.289864212275,0.00495341978967
98,0.49,53,-0.00193700438831,0.00504088401794,0.08904158324,-0.25675073266,-0.195222645998,3.47000527382,0.00396273471415
98,0.49,54,0.000280111795291,-0.00181919452734,0,-0.238232076168,0.587951600552,0,0.00396273750812
99,0.495,0,-0.000889976916369,-0.000670950801577,0.0413270741701,-0.124412938952,0.172576949,0.695682525635,0.00990683957934
99,0.495,1,-0.0233872272074,0.0395656712353,0.0438238419592,-0.619893550873,0.582859218121,0.893441021442,0.00247670989484
99,0.495,2,0.0264193881303,0.0397829599679,0.0470833517611,-0.0185696911067,0.258971840143,1.11260414124,0.00247670989484
99,0.495,3,-0.0261672623456,-0.0404725968838,0.0485625043511,-1.00118815899,-0.111474342644,0.992303609848,0.00247670989484
99,0.495,4,0.0286557413638,-0.0395939461887,0.0524151585996,0.415269523859,-0.0433752387762,1.61632227898,0.00247670989484
99,0.495,5,-0.00203944323584,-0.0260104071349,0.095370195806,0.144863650203,0.320179343224,0.886291861534,0.00247670919634
99,0.495,6,-0.00289479992352,0.0313509218395,0.0963971763849,-0.167699322104,-0.0317821465433,0.844695031643,0.00247670919634
99,0.495,7,-0.000392508343793,-0.0369704738259,0.00144532823469,0.220549210906,0.121674031019,0.40941464901,0.00247671105899
99,0.495,8,0.00150933850091,0.0409412868321,0.000233499216847,0.239397987723,-0.0657329186797,0.174964994192,0.00247671105899
99,0.495,9,0.0396748781204,-0.00324304192327,0.0158516131341,0.545561134815,-0.0528631545603,-1.14303004742,0.00247670942917
99,0.495,10,0.0408146306872,0.00580077804625,0.0730578899384,0.836293876171,-0.0305736362934,1.605276227,0.00247670849785
99,0.495,11,-0.0376291461289,-0.00325435888954,0.0212870128453,0.342579215765,-0.637482404709,-0.877271533012,0.00247670942917
99,0.495,12,-0.0456011481583,0.00141880079173,0.072699546814,-0.322807639837,-0.250611543655,1.72169566154,0.00247670849785
99,0.495,13,-0.00878747459501,0.0201637428254,0.0418795794249,-0.250287055969,0.33395075798,0.660794198513,0.0148602584377
99,0.495,14,-0.00148781598546,0.0147267580032,0.0716157704592,0.312178552151,1.09094440937,1.41436755657,0.00990683585405
99,0.495,15,0.0116763627157,0.0209414884448,0.0423265881836,0.361178934574,0.317264765501,0.521075606346,0.0128788910806
99,0.495,16,-0.0162048209459,0.0327578336,0.0651672333479,-0.141848102212,0.594517171383,0.0355555787683,0.00396273471415
99,0.495,17,-0.000525707844645,0.0400198400021,0.0498487390578,-0.189742639661,0.703801214695,1.4899674654,0.00396273471415
99,0.495,18,0.0135148437694,0.03408389166,0.0708148851991,0.356341004372,0.919218242168,0.337161868811,0.00495341839269
99,0.495,19,0.00100064626895,0.0169354528189,0.0165061801672,0.214917376637,0.55126541853,0.010149076581,0.00990684051067
99,0.495,20,-0.010007660836,0.0391764715314,0.0229875966907,0.672978758812,0.377206206322,0.82152813673,0.00396273564547
99,0.495,21,0.0147855319083,0.0366644486785,0.0227146130055,-0.203826352954,1.52404308319,0.977890968323,0.00495341978967
99,0.495,22,-0.0171437840909,-0.000872256117873,0.0590003654361,-0.711387634277,-0.397003948689,0.827795863152,0.0099068377167
99,0.495,23,-0.0328862369061,0.0184125322849,0.0545596182346,-0.318629562855,7.48573220335e-05,0.279349923134,0.00396273564547
99,0.495,24,-0.0239641740918,0.014442675747,0.0848685726523,-0.131079882383,-0.279307931662,1.28023910522,0.00594410020858
99,0.495,25,-0.0176520422101,-0.00138850626536,0.0261685475707,-0.133408382535,-0.232710644603,0.228830441833,0.00990684051067
99,0.495,26,-0.0301052015275,0.023725271225,0.0266442894936,0.317821294069,-0.00178210122976,-0.0857672542334,0.0039627365768
99,0.495,27,-0.0221258569509,0.0177515521646,0.00642605870962,0.0852220579982,0.166230410337,0.774424910545,0.00594410393387
99,0.495,28,-0.0356389991939,-0.000538343272638,0.0422898679972,0.14388859272,0.173481509089,0.323077559471,0.00594410579652
99,0.495,29,0.014885250479,0.00106739951298,0.0598211139441,0.00439083389938,-0.507443547249,0.933070778847,0.0099068377167
99,0.495,30,0.0325369462371,0.0217149015516,0.0560009069741,1.07224810123,-0.548489511013,0.924144685268,0.00396273564547
99,0.495,31,0.0187719985843,0.0168856438249,0.0835810527205,0.00712022604421,0.965468525887,1.56264722347,0.00594410020858
99,0.495,32,0.0187010802329,-0.00126524013467,0.0276170186698,0.0902820751071,-0.245006993413,-0.399525642395,0.00990684051067
99,0.495,33,0.0324867293239,0.0193832032382,0.0283188857138,0.384517580271,-0.526787996292,-0.282841295004,0.0039627365768
99,0.495,34,0.0225335471332,0.0154812783003,0.00671283761039,-0.61376541853,0.167949572206,0.792034089565,0.00594410393387
99,0.495,35,0.0374040566385,0.000230201156228,0.047067631036,-0.636333405972,0.737541556358,0.526308834553,0.00594410579652
99,0.495,36,-0.0105177639052,-0.0210196729749,0.0464798472822,-0.326071053743,-0.270766973495,0.455984115601,0.0148602584377
99,0.495,37,0.0125860264525,-0.0205787196755,0.045226931572,0.383664339781,-0.487764537334,0.696619391441,0.0128788910806
99,0.495,38,-0.00134125445038,-0.0141443414614,0.0754326060414,-0.0409348160028,-0.528403222561,1.09170091152,0.0118882022798
99,0.495,39,0.00192959350534,-0.0420996472239,0.0491443574429,-0.0293125305325,-1.09703683853,0.627702116966,0.00396273471415
99,0.495,40,-0.0152725139633,-0.033202867955,0.0668794438243,-0.0142755713314,0.507161319256,0.627241790295,0.00396273471415
99,0.495,41,0.0114242965356,-0.0324016772211,0.0704171285033,-0.235082492232,-0.426954656839,0.750716865063,0.00495341839269
99,0.495,42,0.000420136668254,-0.0198280327022,0.0192238520831,0.102248571813,-0.587043523788,0.492619901896,0.0118882078677
99,0.495,43,-0.0122716873884,-0.0350033417344,0.0277466457337,0.2100597471,-1.0086388588,0.930193960667,0.00396273564547
99,0.495,44,0.0133240185678,-0.0351552739739,0.0267370976508,-0.829717516899,-0.113479927182,0.462106525898,0.00495341978967
99,0.495,45,-0.0341745913029,-0.0177328623831,0.0574713274837,-0.496826380491,0.327033311129,0.208538874984,0.00396273564547
99,0.495,46,-0.0229281820357,-0.013005704619,0.0882800146937,-0.0527671277523,-0.294518023729,1.51867949963,0.0049534169957
99,0.495,47,-0.0313091911376,-0.0230844374746,0.0309792421758,0.473821938038,-0.381114780903,-0.0227786190808,0.0039627365768
99,0.495,48,-0.0206959117204,-0.0205567386001,0.0082458211109,0.503043413162,-0.276914000511,1.1737537384,0.00495341978967
99,0.495,49,0.0314156040549,-0.0198741257191,0.0614847280085,1.02961170673,0.460982561111,0.748934149742,0.00396273564547
99,0.495,50,0.0192283987999,-0.0110772969201,0.0884495899081,-0.248236939311,-0.362405925989,1.71368741989,0.0049534169957
99,0.495,51,0.0332730337977,-0.0199261531234,0.0356420688331,0.560038566589,0.0826495140791,-0.0684235394001,0.0039627365768
99,0.495,52,0.0214028060436,-0.0208464022726,0.00837018340826,-0.522679388523,-0.783235430717,0.502245128155,0.00495341978967
99,0.495,53,-0.00303383497521,0.00280018220656,0.103213466704,-0.15669426322,-0.5863301754,1.65728735924,0.00396273471415
99,0.495,54,-0.00047244594316,0.00121764908545,2.17637480091e-05,-0.0739119052887,0.512129187584,0.0414972379804,0.00396273750812
100,0.5,0,-0.000590322888456,1.96015862457e-05,0.0457724295557,0.194848224521,0.11392057687,1.07746267319,0.00990683957934
100,0.5,1,-0.0271051730961,0.0428846254945,0.0473395176232,-0.674195885658,0.580102443695,0.473969817162,0.00247670989484
100,0.5,2,0.0261496622115,0.0414174795151,0.0512363687158,-0.0385229773819,0.253065437078,0.517645359039,0.00247670989484
100,0.5,3,-0.0304338652641,-0.0413862839341,0.0528128035367,-0.533510327339,-0.128339394927,0.724790155888,0.00247670989484
100,0.5,4,0.0295209698379,-0.0401194393635,0.058383282274,-0.115978173912,0.00958225503564,0.708861291409,0.00247670989484
100,0.5,5,-0.00163662899286,-0.0257573015988,0.0995644405484,-0.0155095765367,-0.319100767374,0.848631203175,0.00247670919634
100,0.5,6,-0.00388388545252,0.0291066784412,0.0967801734805,-0.250507384539,-0.556735992432,-0.396957427263,0.00247670919634
100,0.5,7,0.000524629605934,-0.0352741070092,0.00348488800228,0.089077912271,0.505288898945,0.398125469685,0.00247671105899
100,0.5,8,0.00241598207504,0.0365888848901,0.00171668536495,0.103392668068,-1.40735530853,0.322357922792,0.00247671105899
100,0.5,9,0.0415979251266,-0.00331989210099,0.0119956824929,0.0890967622399,0.00087156961672,-0.291456192732,0.00247670942917
100,0.5,10,0.0403838977218,0.00391882099211,0.0796077474952,-0.901022911072,-0.651581823826,1.0113966465,0.00247670849785
100,0.5,11,-0.0386862382293,-0.00519105000421,0.0146193280816,-0.457124561071,-0.136037096381,-1.4048974514,0.00247670942917
100,0.5,12,-0.0427076071501,7.39844035706e-05,0.0788336992264,1.14023518562,-0.224356934428,0.730491518974,0.00247670849785
100,0.5,13,-0.0111190387979,0.0214345008135,0.0455053374171,-0.49452149868,0.137233585119,0.799228012562,0.0148602584377
100,0.5,14,-0.000286927999696,0.0184763595462,0.0777948945761,0.138236746192,0.262686252594,0.881428956985,0.00990683585405
100,0.5,15,0.0139730144292,0.0217782463878,0.0453988201916,0.459939867258,0.0573936253786,0.707198083401,0.0128788910806
100,0.5,16,-0.0152439810336,0.0343691855669,0.066792100668,0.406266629696,0.0386235788465,0.623724341393,0.00396273471415
100,0.5,17,2.40418467001e-06,0.0450717434287,0.0544330701232,0.279418289661,1.09174072742,0.298077881336,0.00396273471415
100,0.5,18,0.0137352747843,0.0376489274204,0.0719716399908,-0.178282693028,0.426763087511,0.164612814784,0.00495341839269
100,0.5,19,0.00151252548676,0.0180494245142,0.0183619521558,-0.0437339730561,-0.094708353281,0.894556045532,0.00990684051067
100,0.5,20,-0.00723650632426,0.0394686087966,0.0272832512856,0.229466229677,-0.162044167519,0.88917863369,0.00396273564547
100,0.5,21,0.0136978896335,0.0433236695826,0.0280112642795,-0.110967092216,0.837094724178,1.15754008293,0.00495341978967
100,0.5,22,-0.021140595898,-0.0017168483464,0.0642594024539,-0.641825377941,0.0756107568741,1.16927814484,0.0099068377167
100,0.5,23,-0.0327852368355,0.0180888082832,0.0567805692554,0.271990120411,-0.0309217441827,0.663866519928,0.00396273564547
100,0.5,24,-0.0229247976094,0.0121020264924,0.0886437445879,0.50085991621,-0.526476681232,0.25397670269,0.00594410020858
100,0.5,25,-0.0177466254681,-0.00182444113307,0.028791712597,0.0681675598025,0.0955542549491,0.85126978159,0.00990684051067
100,0.5,26,-0.0292143505067,0.0223631449044,0.0284935403615,-0.0593415573239,-0.456763923168,0.779132544994,0.0039627365768
100,0.5,27,-0.019499912858,0.0173231121153,0.00982131343335,0.915148079395,-0.311283022165,0.540667116642,0.00594410393387
100,0.5,28,-0.035975638777,0.000516149273608,0.0437032692134,-0.290459603071,0.154805064201,0.181712523103,0.00594410579652
100,0.5,29,0.0164382196963,-0.000784414354712,0.0652015134692,0.474143326283,-0.11678186059,1.17371678352,0.0099068377167
100,0.5,30,0.0357081703842,0.0188788250089,0.061433468014,0.0247356873006,-0.388780355453,1.19142580032,0.00396273564547
100,0.5,31,0.0182525385171,0.0192463528365,0.0900305435061,-0.134408146143,-0.061014931649,0.943983137608,0.00594410020858
100,0.5,32,0.0191876478493,-0.00230658054352,0.0272305682302,0.0803366079926,-0.149083346128,0.380204260349,0.00990684051067
100,0.5,33,0.0342175848782,0.0172730907798,0.028564075008,0.156348228455,-0.202526345849,0.403184592724,0.0039627365768
100,0.5,34,0.0189014803618,0.0155252851546,0.0100076133385,-0.655475616455,-0.0974141135812,0.43444159627,0.00594410393387
100,0.5,35,0.0342114679515,0.00314715341665,0.0484205000103,-0.512209713459,0.229090213776,-0.0145463394001,0.00594410579652
100,0.5,36,-0.0123799163848,-0.0220156461,0.0486324988306,-0.318689197302,-0.168750599027,0.43372246623,0.0148602584377
100,0.5,37,0.0140293585137,-0.0220420584083,0.0494449920952,0.205809503794,-0.170056551695,0.927593290806,0.0128788910806
100,0.5,38,-0.0013032767456,-0.0145012354478,0.0793705806136,0.0383159816265,0.392275482416,0.411776870489,0.0118882022798
100,0.5,39,0.00138738704845,-0.0466249100864,0.0522198267281,-0.234750971198,-0.456162601709,0.617687344551,0.00396273471415
100,0.5,40,-0.0150601584464,-0.0314874313772,0.0713342279196,0.02763951011,0.0601506084204,1.04555749893,0.00396273471415
100,0.5,41,0.0108126280829,-0.0342741161585,0.0739956274629,0.029168035835,-0.254103183746,0.63663059473,0.00495341839269
100,0.5,42,0.000767804682255,-0.0196774210781,0.0220040027052,0.0185105167329,0.561129271984,0.67767393589,0.0118882078677
100,0.5,43,-0.0118045993149,-0.0423062220216,0.0317841246724,-0.0385113321245,-1.49749207497,0.686087548733,0.00396273564547
100,0.5,44,0.0109147969633,-0.0391312763095,0.0295706540346,-0.0742841437459,-1.20603573322,0.751148819923,0.00495341978967
100,0.5,45,-0.035322368145,-0.0167069323361,0.0596699155867,-0.0214728470892,-0.0401597619057,0.631910681725,0.00396273564547
100,0.5,46,-0.0231800042093,-0.0128934085369,0.0919806137681,-0.0575124584138,0.273680120707,0.0616526380181,0.0049534169957
100,0.5,47,-0.0299059357494,-0.024786144495,0.0324364192784,0.0322995893657,-0.206736147404,0.56312328577,0.0039627365768
100,0.5,48,-0.0176992304623,-0.0198724344373,0.0129563752562,0.655546367168,0.370494455099,0.646951675415,0.00495341978967
100,0.5,49,0.0352560952306,-0.015901112929,0.0656784251332,0.325812637806,0.938555598259,0.807634949684,0.00396273564547
100,0.5,50,0.0176525115967,-0.011410526,0.0933414772153,-0.279170006514,0.212209552526,0.269608259201,0.0049534169957
100,0.5,51,0.03588264063,-0.0202314015478,0.0346348285675,0.219323217869,-0.117509037256,-0.147698640823,0.0039627365768
100,0.5,52,0.0190734472126,-0.021549647674,0.0108822416514,-0.312593072653,0.427052587271,0.485671848059,0.00495341978967
100,0.5,53,-0.00331985461526,0.000173162683495,0.103769630194,0.0501074232161,-0.393420308828,-1.18104171753,0.00396273471415
100,0.5,54,-0.00057212729007,0.00221847626381,0.00111325003672,0.0233942400664,-0.164292216301,0.362679988146,0.00396273750812
