# Numi Solver explicit-yarn cloth bag reference
# static_bench min -0.75 -0.5 -0.08 max 0.75 0.5 0 floor -0.75
# vertices 1465 render_triangles 2880
v 0.164277752 -0.0842341305 0.708860576
v 0.187807514 -0.0583156013 0.744500319
v 0.207040231 -0.0198281069 0.756476129
v 0.224663905 0.0146456437 0.732985771
v 0.223490175 0.0480557285 0.70337068
v 0.248978196 0.0766049664 0.686597018
v 0.249619882 0.117726727 0.675414652
v 0.272073544 0.124157438 0.639377946
v 0.304887717 0.152558122 0.643108657
v 0.312557079 0.156096548 0.599954493
v 0.30553675 0.156403366 0.559529148
v 0.327427851 0.169035906 0.528434171
v 0.339009961 0.186899484 0.493485553
v 0.363165991 0.195841097 0.463073327
v 0.381580669 0.195028178 0.428137896
v 0.383323164 0.18265204 0.390589239
v 0.371433838 0.165902975 0.357412106
v 0.382732111 0.148927821 0.324073853
v 0.391873909 0.128638729 0.291136014
v 0.42042782 0.124468287 0.259125624
v 0.453593484 0.11572799 0.227309869
v 0.465646068 0.0908214671 0.187945481
v 0.453391994 0.0585837777 0.155749401
v 0.426645396 0.0188984677 0.145642045
v 0.392304212 -0.0154492023 0.162194322
v 0.364125208 -0.0487952491 0.175889272
v 0.337393229 -0.0752702304 0.18104596
v 0.314996692 -0.106023881 0.171112513
v 0.315034638 -0.146357491 0.165467481
v 0.287313322 -0.173965205 0.175021325
v 0.254780541 -0.186712708 0.198275311
v 0.238082142 -0.213999892 0.22225445
v 0.202477439 -0.222608012 0.237321233
v 0.185043616 -0.256520519 0.257160558
v 0.161228612 -0.284914992 0.279418512
v 0.14275702 -0.271544905 0.315327033
v 0.128918448 -0.24110576 0.341649691
v 0.122045478 -0.245142089 0.383415491
v 0.0999082937 -0.270455017 0.410175794
v 0.0837824739 -0.266059349 0.449234424
v 0.0807786631 -0.266942361 0.491856533
v 0.0757107149 -0.243626099 0.528781062
v 0.0791432809 -0.225593228 0.567684454
v 0.0936881356 -0.193667948 0.59147702
v 0.105119359 -0.152028721 0.591728174
v 0.127350828 -0.121285104 0.607535778
v 0.143279682 -0.0948917017 0.625955778
v 0.158654387 -0.0845712252 0.660181929
v 0.158736857 -0.0783377253 0.710888991
v 0.181776504 -0.053558247 0.744908083
v 0.199960148 -0.0152828676 0.756384915
v 0.215065609 0.0184750695 0.73072642
v 0.220719629 0.0580927966 0.712062185
v 0.241621103 0.0660429295 0.678646781
v 0.247169957 0.106125018 0.669131327
v 0.266218032 0.131917952 0.641187114
v 0.299387843 0.158613032 0.639752552
v 0.315383679 0.165510704 0.600326783
v 0.314328205 0.152392428 0.561198024
v 0.330998571 0.161226228 0.526034304
v 0.346137475 0.184274218 0.496836318
v 0.358700725 0.188664194 0.460180954
v 0.371584372 0.195209498 0.424249592
v 0.375534403 0.190470247 0.386348742
v 0.38113728 0.168717473 0.355770092
v 0.375559106 0.149076044 0.322594298
v 0.393760057 0.135885019 0.288851944
v 0.426081545 0.1313108 0.26056268
v 0.446149876 0.119573709 0.222171
v 0.452471472 0.0895859979 0.188845363
v 0.437866318 0.0590223219 0.158547966
v 0.412932177 0.0200302409 0.150884728
v 0.383561418 -0.0133931347 0.169961641
v 0.355982713 -0.0469114255 0.170625348
v 0.331093374 -0.0735546263 0.175570207
v 0.311445164 -0.108086239 0.176803195
v 0.308946883 -0.147239205 0.162420996
v 0.285159433 -0.179263165 0.169660727
v 0.260928156 -0.190583884 0.202547315
v 0.233689446 -0.218101199 0.213993362
v 0.209197775 -0.233773289 0.238743321
v 0.177791844 -0.259334372 0.245245752
v 0.152788542 -0.276136775 0.27474186
v 0.146542732 -0.261228795 0.313029572
v 0.136964301 -0.239026147 0.346935617
v 0.114646929 -0.241561407 0.382109016
v 0.0940254047 -0.269186756 0.407245471
v 0.0792992464 -0.263140542 0.446542185
v 0.0783284648 -0.26136888 0.489019079
v 0.0851533915 -0.239991362 0.526196152
v 0.0740723598 -0.215113233 0.558671263
v 0.0857364823 -0.1841945 0.582820743
v 0.108219471 -0.156627615 0.601474696
v 0.119326958 -0.12145773 0.610848335
v 0.134858611 -0.0963196788 0.630974917
v 0.150123091 -0.0831272475 0.664708733
v 0.15033915 -0.0702649775 0.710418987
v 0.171944617 -0.0435917036 0.736861997
v 0.18609147 -0.00628500054 0.748334458
v 0.199703597 0.0274290901 0.726054213
v 0.20657195 0.0589916537 0.699966717
v 0.225870116 0.0729059375 0.670450421
v 0.248029266 0.100480215 0.652170297
v 0.265301516 0.138223245 0.654868137
v 0.289778359 0.161253079 0.63134738
v 0.30737191 0.17513912 0.596202311
v 0.315240969 0.16505299 0.557878594
v 0.321878023 0.165177164 0.519437761
v 0.339216524 0.180353464 0.488889961
v 0.349979766 0.195435961 0.456343336
v 0.360483236 0.190557071 0.420731395
v 0.363487017 0.187862323 0.384123796
v 0.373940347 0.174839425 0.351272566
v 0.369715443 0.152640153 0.319756838
v 0.389614839 0.141284876 0.286452793
v 0.418092757 0.138045516 0.256596978
v 0.428101171 0.122748403 0.219218159
v 0.42731784 0.0892501492 0.194822318
v 0.411662753 0.0616249844 0.167228134
v 0.393731265 0.0236849568 0.162272799
v 0.369371445 -0.00983537525 0.170915334
v 0.348797745 -0.042917523 0.166276235
v 0.326845789 -0.070961678 0.169960378
v 0.307205989 -0.104875199 0.173233435
v 0.30565302 -0.143383156 0.159063912
v 0.281239118 -0.174173352 0.166240555
v 0.256462699 -0.193220434 0.193127852
v 0.22621946 -0.21804275 0.201185047
v 0.199883443 -0.228254848 0.224602027
v 0.168553241 -0.243639739 0.240578643
v 0.151496539 -0.25826398 0.273846212
v 0.131098785 -0.260396591 0.308092134
v 0.129798756 -0.251651353 0.347011817
v 0.103659298 -0.24321037 0.376271618
v 0.0900661548 -0.259991898 0.411219785
v 0.0723378185 -0.255082128 0.447756654
v 0.0799168005 -0.248094021 0.487551638
v 0.0912518144 -0.224231852 0.519881964
v 0.0845160406 -0.199062124 0.550627684
v 0.0980177226 -0.17322207 0.575183264
v 0.0991134383 -0.149547918 0.603331459
v 0.113227333 -0.119886719 0.618229026
v 0.126077847 -0.0921057501 0.637140209
v 0.141568874 -0.0799026235 0.669933719
v 0.141917948 -0.0590226602 0.704235263
v 0.154234127 -0.0333083118 0.730791748
v 0.1704893 0.0015691473 0.733943408
v 0.183018518 0.0351735611 0.718495856
v 0.194560383 0.0546055326 0.687860871
v 0.210121103 0.0778218416 0.665496126
v 0.232115001 0.106630105 0.654375222
v 0.251615892 0.140752353 0.6459801
v 0.276275425 0.161164742 0.622940546
v 0.293427149 0.172133614 0.588994455
v 0.301740666 0.168437275 0.55094143
v 0.311708065 0.17365007 0.515272021
v 0.328177682 0.183527492 0.484494382
v 0.339683443 0.193836527 0.451918964
v 0.35058488 0.18781153 0.418073334
v 0.356941806 0.180333784 0.383857301
v 0.367043683 0.179817773 0.349371593
v 0.368829601 0.159589184 0.316904287
v 0.390376822 0.150364078 0.28530206
v 0.405670027 0.143460643 0.249935599
v 0.404705674 0.123802576 0.216092041
v 0.398121711 0.0884577714 0.202111734
v 0.384807488 0.0597273497 0.180842031
v 0.372640497 0.0254257205 0.170966238
v 0.357392026 -0.00840405201 0.166364944
v 0.342627391 -0.0415011974 0.161913504
v 0.322656737 -0.071252005 0.164568354
v 0.3042662 -0.104140514 0.167101044
v 0.296963446 -0.141304398 0.157676608
v 0.277866112 -0.169620315 0.175658648
v 0.247694154 -0.194010438 0.182966453
v 0.214887462 -0.206497289 0.199372334
v 0.187972482 -0.21560511 0.220662546
v 0.162951644 -0.226886719 0.244097498
v 0.146247154 -0.24177037 0.274956672
v 0.122416688 -0.247054779 0.304351813
v 0.117793826 -0.243146037 0.34199332
v 0.0910744473 -0.246870396 0.369109164
v 0.0839637292 -0.246861634 0.407144554
v 0.0742430372 -0.239597531 0.443957199
v 0.0816497175 -0.231501626 0.481348789
v 0.0924511794 -0.206969135 0.510048179
v 0.0956461046 -0.185609707 0.54061972
v 0.101537827 -0.160810392 0.565450023
v 0.0935698894 -0.144614066 0.596032687
v 0.103339675 -0.116943287 0.617401832
v 0.116937725 -0.0955887599 0.643660309
v 0.131291267 -0.0763553618 0.671900294
v 0.133073697 -0.0477560177 0.699959332
v 0.139701904 -0.0218266263 0.724273254
v 0.156457072 0.0103717854 0.724415842
v 0.171708636 0.0396289075 0.710138738
v 0.185096638 0.061595118 0.68560136
v 0.201818939 0.0859522077 0.667397808
v 0.221685544 0.109731054 0.648069425
v 0.2462782 0.135826935 0.634262004
v 0.267391828 0.158252587 0.611732072
v 0.281255809 0.176974576 0.581620306
v 0.297410924 0.181950709 0.547426134
v 0.309115917 0.186123803 0.513483882
v 0.321014497 0.190149019 0.480686171
v 0.332891102 0.193017814 0.44779919
v 0.344753972 0.186233618 0.415423883
v 0.352594341 0.184413252 0.381247511
v 0.362496446 0.183460206 0.346982042
v 0.367939661 0.165911856 0.314357782
v 0.387368163 0.159133491 0.282445478
v 0.391440948 0.146900416 0.247069561
v 0.383888806 0.122025082 0.219294256
v 0.374959415 0.0871074029 0.211304626
v 0.36676247 0.0568036467 0.195441761
v 0.358622727 0.0262951765 0.179305125
v 0.349714515 -0.00480991219 0.163880796
v 0.336757173 -0.0381012809 0.158654557
v 0.317980745 -0.0685039713 0.160196303
v 0.30247257 -0.101574276 0.160939286
v 0.288477569 -0.135926588 0.156613274
v 0.271653547 -0.167813723 0.16566825
v 0.240341921 -0.183712738 0.179711856
v 0.213130698 -0.192965167 0.203274342
v 0.187158389 -0.201821775 0.224194253
v 0.167522344 -0.215578275 0.249441757
v 0.143331651 -0.229768792 0.273418083
v 0.125567684 -0.235472641 0.305616935
v 0.110304782 -0.233779648 0.339306861
v 0.0955318142 -0.235308237 0.373214271
v 0.09289386 -0.235678103 0.40990147
v 0.0866043717 -0.230071704 0.445842461
v 0.0823575678 -0.215885303 0.479573774
v 0.0806125379 -0.197295853 0.511252293
v 0.0915295201 -0.173269123 0.534813034
v 0.0961046418 -0.151782915 0.561199801
v 0.0924956588 -0.135927841 0.593553071
v 0.0955919884 -0.113524886 0.623218488
v 0.11389768 -0.10075739 0.65270152
v 0.122291975 -0.0742287129 0.677109412
v 0.123563438 -0.0438723961 0.699177007
v 0.130742009 -0.015788366 0.719405347
v 0.148089097 0.0146822379 0.720258683
v 0.164660232 0.0438083088 0.708986389
v 0.182209946 0.0684978505 0.691215692
v 0.202711706 0.0920451535 0.674999075
v 0.220905732 0.115764523 0.654483732
v 0.239852965 0.141605243 0.634518665
v 0.259458548 0.157635456 0.60673524
v 0.273831098 0.173737784 0.575591706
v 0.288773129 0.184989224 0.542787631
v 0.301773741 0.191622784 0.510616228
v 0.313569845 0.188796055 0.478205098
v 0.326313524 0.193004076 0.445394112
v 0.342635532 0.194317252 0.413662209
v 0.344307776 0.187443302 0.378496992
v 0.35578512 0.180882835 0.344722084
v 0.366883417 0.171226466 0.311120201
v 0.381337599 0.161398034 0.278299375
v 0.382840422 0.148888893 0.243156237
v 0.372955991 0.119862557 0.221442605
v 0.363229768 0.0861668145 0.212845343
v 0.35626392 0.0575663593 0.195350793
v 0.351560054 0.028493424 0.175445931
v 0.342790814 -0.00292564699 0.158198876
v 0.328971454 -0.0361953775 0.151772064
v 0.310558835 -0.0675805013 0.154955407
v 0.295961531 -0.101245097 0.15717441
v 0.279871608 -0.134109828 0.158663876
v 0.262523126 -0.165966646 0.161983299
v 0.235322054 -0.176376337 0.184251004
v 0.214942728 -0.187904685 0.211895716
v 0.190491149 -0.198994387 0.233200136
v 0.170579884 -0.21392111 0.258155805
v 0.13882041 -0.222611152 0.275881069
v 0.117774759 -0.237682107 0.303143569
v 0.109126881 -0.241357557 0.339105034
v 0.102115456 -0.231580248 0.374362474
v 0.0884475856 -0.227578737 0.407749695
v 0.08272381 -0.221183874 0.442563588
v 0.0822990051 -0.207922891 0.475693606
v 0.0770986771 -0.191695918 0.506844616
v 0.0864040773 -0.167954245 0.530630312
v 0.0871945955 -0.15284332 0.561877602
v 0.0921220169 -0.127855854 0.588938011
v 0.0945071114 -0.122552646 0.626386756
v 0.105149674 -0.101006314 0.655298935
v 0.114476607 -0.0744306938 0.6806076
v 0.116778564 -0.0414003748 0.703611911
v 0.124565326 -0.00988083395 0.716920557
v 0.141441368 0.0206613394 0.721175317
v 0.156704184 0.0513774907 0.709609542
v 0.177535135 0.0787525548 0.69831603
v 0.196412462 0.1027107 0.678383648
v 0.214915925 0.124070382 0.655019743
v 0.233641238 0.146566768 0.631458005
v 0.253525393 0.162697747 0.604195009
v 0.267099913 0.175973987 0.571633763
v 0.281949993 0.185805985 0.538536021
v 0.295036053 0.191564657 0.506182576
v 0.310663871 0.196118033 0.47567541
v 0.320619541 0.199441874 0.440381502
v 0.342338646 0.206080302 0.410857484
v 0.341097065 0.198194222 0.374645351
v 0.358297678 0.189129662 0.343066584
v 0.370074356 0.177173501 0.310260877
v 0.375942653 0.165779892 0.275703473
v 0.37579269 0.150940778 0.241916607
v 0.365749642 0.121770144 0.221730671
v 0.35697962 0.0896730666 0.208859063
v 0.353187374 0.062288673 0.188072379
v 0.348712198 0.0330533012 0.166458811
v 0.336252493 0.0012058764 0.149146212
v 0.325935761 -0.0339588569 0.140589413
v 0.304483102 -0.0640030324 0.148261786
v 0.291046131 -0.098718117 0.150838735
v 0.273063208 -0.130035746 0.153667844
v 0.25630202 -0.16196176 0.156301694
v 0.231250198 -0.169219043 0.180892228
v 0.209236358 -0.184135473 0.204586776
v 0.183535679 -0.19483453 0.225627974
v 0.164421357 -0.205393171 0.254426863
v 0.138301285 -0.213372336 0.28125725
v 0.111050919 -0.230544625 0.302072385
v 0.101792926 -0.237661941 0.338245077
v 0.100325513 -0.224669051 0.374222259
v 0.0908072497 -0.220097015 0.409208031
v 0.0832728017 -0.213175698 0.442992108
v 0.0750774572 -0.20706782 0.476959951
v 0.0727407328 -0.183930896 0.503877829
v 0.0763515826 -0.162606545 0.532149183
v 0.0776598934 -0.147827488 0.564788893
v 0.0844535943 -0.123555442 0.592405622
v 0.0874339689 -0.12150306 0.630379368
v 0.0987180117 -0.0996343783 0.659238734
v 0.108020695 -0.0719572464 0.684064147
v 0.109114741 -0.0388601338 0.702836426
v 0.121765553 -0.0068950927 0.709305969
v 0.133139705 0.0257600786 0.719758239
v 0.14707102 0.0585770705 0.707587733
v 0.169010422 0.0886934505 0.70226965
v 0.189561228 0.11223496 0.681380846
v 0.207219374 0.12862463 0.652719946
v 0.227706208 0.144232135 0.625725383
v 0.245860894 0.164184455 0.600311602
v 0.260587511 0.173646047 0.567327428
v 0.276025261 0.181474402 0.534894969
v 0.289574013 0.185724106 0.502415058
v 0.302250458 0.199360901 0.472294023
v 0.314794838 0.208025164 0.437313925
v 0.339316124 0.217012951 0.408994437
v 0.343029646 0.207861285 0.37217427
v 0.353552164 0.192808048 0.338745129
v 0.367863729 0.182521556 0.306063049
v 0.368767447 0.167600786 0.272669027
v 0.368750011 0.151173672 0.24040006
v 0.35842829 0.123538646 0.219368583
v 0.35143175 0.0932183388 0.201378855
v 0.35041546 0.0664170696 0.178232274
v 0.342356429 0.0357502546 0.157711893
v 0.329589623 0.00329781476 0.140969927
v 0.319614331 -0.0328760531 0.133048527
v 0.297804789 -0.0634521176 0.142780093
v 0.284495205 -0.0990067621 0.14520291
v 0.265924456 -0.130029342 0.147392999
v 0.248087493 -0.160387099 0.153062036
v 0.223153046 -0.171295989 0.176515957
v 0.200273818 -0.176236854 0.204113918
v 0.179634665 -0.184641958 0.232378437
v 0.164048482 -0.197896039 0.263099175
v 0.130963119 -0.207491967 0.279855911
v 0.104975754 -0.225113473 0.301920538
v 0.0945448158 -0.237263649 0.336977217
v 0.0942123566 -0.221378301 0.372295106
v 0.0870388 -0.213931242 0.407247909
v 0.0800017452 -0.207061302 0.440953312
v 0.0673111884 -0.206735439 0.474807991
v 0.0647157864 -0.190744997 0.50773175
v 0.063613165 -0.16356624 0.532496512
v 0.0702037717 -0.140852236 0.560861811
v 0.0764241809 -0.121788934 0.592458201
v 0.0806271362 -0.118623995 0.629934687
v 0.0925245062 -0.0956264053 0.65754786
v 0.10049226 -0.0700472411 0.68477724
v 0.105130646 -0.0330259614 0.697959248
v 0.114637537 -0.00353399953 0.715126218
v 0.124464123 0.0323523019 0.71756892
v 0.138168624 0.0665069831 0.70440093
v 0.160838767 0.0978791903 0.704002237
v 0.182476939 0.119946137 0.680778722
v 0.201421484 0.134932557 0.650895528
v 0.221059449 0.150053054 0.623123262
v 0.238636719 0.166767146 0.595691403
v 0.253800363 0.175670159 0.563472791
v 0.26877861 0.186638175 0.532274364
v 0.286294946 0.196071134 0.502613945
v 0.296087419 0.207997042 0.469317935
v 0.318039347 0.217905665 0.438758522
v 0.337909339 0.226089706 0.406144181
v 0.348030186 0.214079593 0.370522267
v 0.348054242 0.195746435 0.335861795
v 0.363696875 0.187674257 0.302570588
v 0.363186076 0.172155306 0.270145277
v 0.362215342 0.153366431 0.239495332
v 0.352187672 0.128665202 0.214582558
v 0.349838751 0.100327236 0.191656301
v 0.346037956 0.072181568 0.168433552
v 0.336120553 0.0402115581 0.150490133
v 0.320847681 0.00599643393 0.140965353
v 0.313586945 -0.0295434547 0.127817215
v 0.291427101 -0.0602074823 0.138276525
v 0.278857641 -0.0963293669 0.139201838
v 0.263730465 -0.128965679 0.138937987
v 0.242017082 -0.155141365 0.149492941
v 0.216284034 -0.173837002 0.168671559
v 0.191008045 -0.171052656 0.195866843
v 0.172760151 -0.189986743 0.222264483
v 0.157479017 -0.193255248 0.256578094
v 0.13346593 -0.201473037 0.284803075
v 0.111391178 -0.223733886 0.306257047
v 0.0897124757 -0.231579658 0.33721733
v 0.0904153024 -0.226574458 0.375183323
v 0.0801024016 -0.212982454 0.407297204
v 0.0727384055 -0.20514419 0.441100016
v 0.0587163306 -0.202851045 0.475768758
v 0.0533743857 -0.190422034 0.511639084
v 0.0537355116 -0.164832026 0.539652581
v 0.062346521 -0.135553534 0.562416048
v 0.0703243622 -0.118140242 0.59482727
v 0.0754891732 -0.11274083 0.631547418
v 0.0862175815 -0.0937914064 0.66205043
v 0.0940967991 -0.0657088406 0.685395207
v 0.0951495239 -0.0302327286 0.698668958
v 0.104113 0.00133322404 0.71454848
v 0.114594116 0.0379279358 0.715074305
v 0.130538267 0.0735793772 0.708382433
v 0.153612175 0.105155681 0.705858822
v 0.175468025 0.12598762 0.680251107
v 0.19676974 0.142443783 0.651750493
v 0.215318337 0.157327186 0.623166726
v 0.23110011 0.167566552 0.592045455
v 0.246328147 0.17832681 0.560452273
v 0.259423352 0.191557061 0.528505854
v 0.280772632 0.207388649 0.502779312
v 0.295325929 0.219149684 0.470296754
v 0.310240804 0.21985321 0.434504455
v 0.331719005 0.230151772 0.403504186
v 0.341540701 0.216137436 0.3680889
v 0.343202952 0.199425947 0.332338069
v 0.358078864 0.190049826 0.298808372
v 0.361596603 0.17706654 0.265679486
v 0.355605892 0.155582327 0.236284385
v 0.34742772 0.134042628 0.20619525
v 0.34861696 0.106604209 0.180189838
v 0.337438717 0.0756548958 0.161098547
v 0.326908284 0.0404365303 0.1511512
v 0.315734754 0.0036940095 0.147456523
v 0.305061104 -0.027900625 0.128279559
v 0.285443565 -0.0611124712 0.132328343
v 0.271152224 -0.0961306188 0.135748468
v 0.256308359 -0.12867753 0.134510203
v 0.234097864 -0.156221567 0.143946845
v 0.206263164 -0.175276333 0.16270867
v 0.180058385 -0.176860682 0.190946186
v 0.161352908 -0.185579228 0.223729577
v 0.155893951 -0.185367775 0.261371047
v 0.138679615 -0.206776723 0.288023153
v 0.116198866 -0.223726772 0.313372427
v 0.086468202 -0.224806056 0.336709761
v 0.0837919311 -0.229038712 0.373911055
v 0.0724383074 -0.213954996 0.404908195
v 0.0651394615 -0.210124095 0.440058291
v 0.0485092392 -0.20280215 0.474246435
v 0.0423233087 -0.192170332 0.511866514
v 0.0474745139 -0.159907733 0.533077844
v 0.0573444467 -0.140931132 0.56579945
v 0.0626322575 -0.116809744 0.594974477
v 0.0720434208 -0.105181458 0.629126142
v 0.0785624181 -0.0925091099 0.663011136
v 0.0866255162 -0.062951163 0.683764076
v 0.0839057708 -0.0255138606 0.700612219
v 0.0938600678 0.00848012187 0.713400997
v 0.106977872 0.0446088581 0.711128271
v 0.124636805 0.0798614462 0.712622208
v 0.146995713 0.110620438 0.702477129
v 0.169844669 0.132864116 0.678674538
v 0.190327542 0.14737272 0.648188817
v 0.208881517 0.156295079 0.617557184
v 0.231210804 0.160046429 0.588981133
v 0.241808948 0.171993196 0.554712683
v 0.258317264 0.18121089 0.521547035
v 0.271057287 0.205293006 0.494719504
v 0.287624538 0.22312285 0.465112498
v 0.307329951 0.226907541 0.432162324
v 0.326809789 0.234836119 0.399417413
v 0.336526374 0.220570796 0.364494523
v 0.340652571 0.204992601 0.328950189
v 0.353753343 0.194364726 0.295756731
v 0.358756679 0.18270331 0.262078207
v 0.351103509 0.161556877 0.231156211
v 0.345024207 0.141672236 0.197747358
v 0.342946331 0.112964557 0.171183626
v 0.32795005 0.0789096675 0.158865833
v 0.320741645 0.0411822445 0.156970147
v 0.30737389 0.00734639411 0.145719668
v 0.297036697 -0.0238225104 0.126437297
v 0.279606766 -0.0576580324 0.12737203
v 0.265842162 -0.0922629891 0.129855491
v 0.249678461 -0.124646041 0.128346072
v 0.226108374 -0.152627023 0.137517951
v 0.197181155 -0.173447156 0.155694154
v 0.179812287 -0.188292197 0.188082222
v 0.156088706 -0.178666364 0.218191282
v 0.148809421 -0.184747194 0.256590918
v 0.137625153 -0.198079723 0.290737008
v 0.117666526 -0.215763228 0.316897505
v 0.0870752309 -0.217673178 0.338253149
v 0.0757816054 -0.226863107 0.37245425
v 0.0630305524 -0.218110866 0.405713101
v 0.0557151972 -0.205371582 0.439853489
v 0.0389445785 -0.20030145 0.47513127
v 0.0357642907 -0.18575465 0.512205951
v 0.0443150113 -0.152401374 0.531710797
v 0.0507031977 -0.13932274 0.569103087
v 0.055629826 -0.115078725 0.598910834
v 0.0647331799 -0.102816889 0.632358048
v 0.0720577607 -0.0905781201 0.666101007
v 0.0781360545 -0.0597807734 0.686582626
v 0.0715053834 -0.0219718154 0.70172292
v 0.0832870448 0.0138436945 0.711513407
v 0.0987836407 0.0494992895 0.710885122
v 0.119101567 0.0824218061 0.705731354
v 0.139476139 0.115039092 0.698651157
v 0.162350535 0.13541112 0.674152589
v 0.185374315 0.142267026 0.643393311
v 0.210542047 0.148108894 0.617353147
v 0.225355349 0.155776247 0.584273592
v 0.247448757 0.163222781 0.552601574
v 0.26998629 0.180650497 0.52505192
v 0.274870346 0.196132297 0.489203985
v 0.280303516 0.222572965 0.460562299
v 0.303633543 0.219832991 0.429993922
v 0.318728499 0.232097745 0.396817263
v 0.329479031 0.222022076 0.361453181
v 0.33816216 0.210935243 0.325834949
v 0.347588891 0.198041074 0.2921542
v 0.35191042 0.186522938 0.257661117
v 0.346105156 0.166695317 0.224288195
v 0.343334004 0.147212141 0.188862461
v 0.335172186 0.11590573 0.165191603
v 0.319332835 0.0795067296 0.15989171
v 0.312314977 0.0407013604 0.15940506
v 0.298910119 0.0102309445 0.141611184
v 0.290991652 -0.0252162566 0.133007842
v 0.271299744 -0.0563107549 0.126758787
v 0.256652039 -0.0907516134 0.125153058
v 0.240037784 -0.123836542 0.121864702
v 0.215496735 -0.15103084 0.133966249
v 0.188369144 -0.168539125 0.158432304
v 0.171001482 -0.191471904 0.185976643
v 0.148492697 -0.183304847 0.218073515
v 0.143752991 -0.191819982 0.257027851
v 0.131873025 -0.191177386 0.293307577
v 0.119373622 -0.210216998 0.322801024
v 0.0858914327 -0.210297073 0.339924176
v 0.0664605093 -0.22589266 0.368258569
v 0.0545263424 -0.211123795 0.400931563
v 0.0453145149 -0.20662821 0.437674978
v 0.0308418474 -0.198522366 0.473237862
v 0.0282687809 -0.185105144 0.510607477
v 0.0366003044 -0.152299924 0.531369199
v 0.0435480048 -0.136389627 0.567670974
v 0.0493110412 -0.118914131 0.601626798
v 0.0580544612 -0.105879834 0.634417019
v 0.0644317747 -0.0910337611 0.668282089
v 0.0687081859 -0.0558089243 0.683395243
v 0.0731252849 -0.0164971999 0.691249569
v 0.0758673705 0.0199849107 0.708007075
v 0.0925620069 0.0555052542 0.70945291
v 0.11240831 0.0877641077 0.700505333
v 0.132792703 0.119357649 0.692461128
v 0.157150185 0.134595906 0.667040602
v 0.184147554 0.134196608 0.640087703
v 0.208501917 0.139937326 0.612817837
v 0.231857784 0.14819484 0.583977348
v 0.256144476 0.157479315 0.553194041
v 0.275949399 0.173002412 0.521504408
v 0.283314984 0.192992113 0.487521728
v 0.27650464 0.217164832 0.456007799
v 0.2978901 0.216966338 0.423547317
v 0.310796839 0.234041791 0.392311119
v 0.326449651 0.228199872 0.358309297
v 0.333301877 0.216835382 0.322955487
v 0.339910797 0.203628014 0.288369139
v 0.345155936 0.192693218 0.252747021
v 0.341513422 0.1727828 0.218608409
v 0.338179184 0.152092517 0.183796485
v 0.3274313 0.118581346 0.163558797
v 0.312748978 0.0806640946 0.164783478
v 0.303246211 0.0423486272 0.1592533
v 0.289669423 0.0125345394 0.141872399
v 0.289368342 -0.0210249318 0.125858954
v 0.268346863 -0.0519777848 0.119071405
v 0.251123449 -0.0858465221 0.115655076
v 0.230433543 -0.118154072 0.116584899
v 0.207279213 -0.146772695 0.129315235
v 0.183123859 -0.16964905 0.151312276
v 0.164887476 -0.191306405 0.179557402
v 0.146730034 -0.19165198 0.215706428
v 0.139253312 -0.198971001 0.254381489
v 0.125086604 -0.190751653 0.288596925
v 0.118912757 -0.20251457 0.323181763
v 0.0869280031 -0.20316919 0.34472669
v 0.0576263058 -0.219293638 0.365298107
v 0.0430520566 -0.214594986 0.401223113
v 0.0386959444 -0.199956624 0.437093785
v 0.0247304813 -0.193961527 0.47323387
v 0.0261798227 -0.17725659 0.508793937
v 0.0302490313 -0.149194846 0.536011504
v 0.0383165914 -0.131013051 0.569918901
v 0.045059495 -0.122799624 0.60658045
v 0.0535436662 -0.109647443 0.639691328
v 0.0568621101 -0.0864040083 0.670157387
v 0.0790788339 -0.0541804872 0.679779003
v 0.0806925214 -0.012353343 0.686983704
v 0.0686560282 0.022617705 0.704022011
v 0.0871192274 0.0585504163 0.702777715
v 0.104695398 0.0916571694 0.69436266
v 0.126160961 0.121450283 0.685546899
v 0.151043062 0.13924322 0.66330682
v 0.178884188 0.142323181 0.637646876
v 0.200676043 0.145258659 0.606943071
v 0.225247562 0.143953452 0.577254168
v 0.251342002 0.152278868 0.547456075
v 0.272617657 0.167344074 0.516305672
v 0.281465463 0.187265615 0.482158354
v 0.270039431 0.213006919 0.452476462
v 0.295376931 0.225557755 0.425757091
v 0.312101163 0.225520987 0.39252863
v 0.319850515 0.230798603 0.35569835
v 0.329686408 0.224924773 0.318966394
v 0.333964364 0.212060262 0.283020213
v 0.33699578 0.19684123 0.247712455
v 0.335352153 0.176050529 0.214114314
v 0.330853075 0.152990505 0.181308009
v 0.319294523 0.117742764 0.165425593
v 0.305283047 0.0797302794 0.169057654
v 0.295062996 0.043755766 0.156370086
v 0.288757851 0.0149919259 0.134152123
v 0.284168273 -0.0198160699 0.119720707
v 0.263704821 -0.0521126882 0.109832453
v 0.244491979 -0.0859751208 0.105316842
v 0.219888978 -0.115875538 0.1127566
v 0.198564658 -0.144564289 0.129129303
v 0.177650601 -0.164314079 0.155879536
v 0.158141494 -0.185220482 0.182949602
v 0.138405432 -0.195308003 0.21552546
v 0.133115291 -0.193225377 0.254600945
v 0.11833743 -0.19525249 0.288954299
v 0.119196942 -0.194851749 0.326407719
v 0.0910358318 -0.20771468 0.352073123
v 0.0526921723 -0.209573753 0.364601691
v 0.0331924798 -0.21624834 0.398800221
v 0.0318084024 -0.197250887 0.434105089
v 0.0202053028 -0.18757544 0.470398458
v 0.0170169218 -0.174684129 0.506764163
v 0.0254448489 -0.155841979 0.53941006
v 0.0316604887 -0.134853403 0.571072745
v 0.0373983833 -0.119443525 0.605142877
v 0.0467355394 -0.10367696 0.637400783
v 0.0525989521 -0.0783075084 0.66685051
v 0.0816151231 -0.0498116417 0.671178315
v 0.0820982126 -0.00668754396 0.68122023
v 0.0649874862 0.0269400806 0.697637032
v 0.0830190534 0.063578205 0.695701042
v 0.0974829677 0.098434634 0.693349451
v 0.121330509 0.12295802 0.678350051
v 0.146187371 0.144866567 0.658551821
v 0.175256536 0.152286657 0.6342199
v 0.202798845 0.156602133 0.607093257
v 0.222856832 0.152363852 0.573710342
v 0.246491156 0.15462998 0.541443654
v 0.271232163 0.161367076 0.510571546
v 0.278146038 0.18155669 0.47651201
v 0.273357972 0.208038456 0.446119717
v 0.291005043 0.22921066 0.41954274
v 0.312736358 0.217703358 0.391696316
v 0.312272487 0.227783571 0.354154858
v 0.321603086 0.230745583 0.315369438
v 0.330271733 0.221543582 0.277988106
v 0.329563044 0.20090724 0.24422251
v 0.328638858 0.179169802 0.211376996
v 0.321955004 0.155002928 0.180228581
v 0.311604693 0.118088599 0.171080741
v 0.296917572 0.0812428592 0.167551232
v 0.28979031 0.0471703286 0.151026318
v 0.296388232 0.0143098968 0.135107679
v 0.279333146 -0.0194032184 0.127322152
v 0.255587181 -0.0459219782 0.108068457
v 0.238061205 -0.080889427 0.0981434562
v 0.212980654 -0.110001292 0.110095697
v 0.19201505 -0.13959692 0.127194973
v 0.170496356 -0.157418931 0.154412254
v 0.151121894 -0.177680696 0.181042796
v 0.132977851 -0.188768434 0.213101894
v 0.125854746 -0.191948305 0.250750456
v 0.118573491 -0.18629572 0.287276785
v 0.113271379 -0.187609757 0.325292274
v 0.0903273131 -0.199592195 0.356738214
v 0.0500474673 -0.200909293 0.363592307
v 0.028938678 -0.20930232 0.397350532
v 0.027113578 -0.19093892 0.433823862
v 0.0258870536 -0.18010653 0.471738875
v 0.0188833345 -0.164665833 0.505844007
v 0.0199391328 -0.149519211 0.540473004
v 0.024987593 -0.130311263 0.572922086
v 0.031086171 -0.111401274 0.60547337
v 0.038023621 -0.0988495359 0.640553811
v 0.0463829366 -0.0715942356 0.668291615
v 0.0769616196 -0.0446598212 0.666839899
v 0.078676008 -0.00267778113 0.673818275
v 0.0617889602 0.0307990551 0.689955564
v 0.0769079451 0.0677720922 0.690550641
v 0.0906037161 0.102510647 0.690269506
v 0.115059563 0.126331416 0.67449011
v 0.139727835 0.149564702 0.653882838
v 0.169523049 0.160639908 0.629993553
v 0.200008971 0.166400371 0.604990081
v 0.221698472 0.160360398 0.57226679
v 0.239120418 0.156937785 0.537157088
v 0.262650782 0.159183931 0.505629815
v 0.268980559 0.182504564 0.474351801
v 0.277723704 0.202474101 0.441759543
v 0.283581773 0.230277311 0.416897981
v 0.304989147 0.215542395 0.3900891
v 0.308174472 0.220542392 0.350672446
v 0.312399985 0.232344327 0.311753966
v 0.324460242 0.227896644 0.27359787
v 0.323268376 0.204510767 0.240474448
v 0.320045527 0.180805182 0.208651551
v 0.311338493 0.153393908 0.182078217
v 0.303356676 0.116073148 0.176329401
v 0.292958104 0.0822103679 0.160378403
v 0.29352302 0.0483014825 0.143460105
v 0.295940899 0.0152020048 0.125992177
v 0.273451318 -0.0162056144 0.120844725
v 0.248990057 -0.0483333333 0.113920935
v 0.22983294 -0.0794043348 0.0956448965
v 0.205241215 -0.109537965 0.107786863
v 0.183402866 -0.137014455 0.128414393
v 0.16141067 -0.152010893 0.15675516
v 0.144716469 -0.170905729 0.185023248
v 0.125605537 -0.185564207 0.214361255
v 0.116812269 -0.192401438 0.25084909
v 0.109622435 -0.181078994 0.286715078
v 0.105105825 -0.18244497 0.325460761
v 0.0908236049 -0.192926623 0.361791692
v 0.0503683145 -0.194201735 0.367916442
v 0.0226507258 -0.20439468 0.395685657
v 0.0201856105 -0.196118567 0.435783387
v 0.0191852244 -0.173756136 0.468388083
v 0.0194715687 -0.156423201 0.501268149
v 0.0134543253 -0.146056838 0.537270466
v 0.0157423352 -0.130038259 0.572404935
v 0.0202985988 -0.113930389 0.607329306
v 0.0292950618 -0.0936217017 0.639371745
v 0.0439908964 -0.0655401643 0.662994493
v 0.0750924455 -0.0402628627 0.659826242
v 0.0685656772 -0.00109781191 0.673389952
v 0.0588150481 0.035567505 0.683989047
v 0.0741728264 0.0714876472 0.685775847
v 0.0868582675 0.106260053 0.687000369
v 0.11135849 0.130936985 0.671156955
v 0.135901825 0.153721499 0.648131353
v 0.168937705 0.169658969 0.630046573
v 0.197271609 0.173374737 0.601520588
v 0.218628317 0.166420426 0.568081906
v 0.235838193 0.165715372 0.532968646
v 0.253951926 0.161573852 0.49921494
v 0.262830073 0.189082546 0.47409429
v 0.270345335 0.201871365 0.438938188
v 0.277773136 0.22636688 0.411271077
v 0.300071777 0.20775808 0.386873369
v 0.310266244 0.211051538 0.347907514
v 0.305507235 0.225029175 0.309550523
v 0.31535768 0.231266392 0.270576766
v 0.313703557 0.206936503 0.237644236
v 0.309898069 0.184248847 0.204980261
v 0.299977767 0.153703109 0.18434794
v 0.294243662 0.117271994 0.174963073
v 0.288295405 0.0852803863 0.155020912
v 0.296326059 0.0532446625 0.1361303
v 0.287651715 0.018974849 0.121412506
v 0.270980099 -0.0159584568 0.128755934
v 0.248277637 -0.0427418539 0.108944556
v 0.224969275 -0.0737226716 0.0967568879
v 0.20108484 -0.103576542 0.110799973
v 0.17677216 -0.131779857 0.127018586
v 0.154310236 -0.149858601 0.152057029
v 0.139330046 -0.167716199 0.181165227
v 0.120490815 -0.1848712 0.21020295
v 0.10880386 -0.189317379 0.246933634
v 0.0992372447 -0.182290628 0.284355345
v 0.096017065 -0.180732144 0.323463485
v 0.0908121572 -0.183917567 0.363099917
v 0.0539490149 -0.191071412 0.377022843
v 0.0192766567 -0.194365511 0.396843496
v 0.0123015206 -0.189474987 0.436521324
v 0.0107263561 -0.169123563 0.46948768
v 0.0123147163 -0.151213562 0.501585814
v 0.00664995394 -0.140396237 0.538450098
v 0.00618539951 -0.128512009 0.576572292
v 0.0101949819 -0.112798771 0.612764267
v 0.0208910333 -0.0904914394 0.643823773
v 0.0507029452 -0.0692210425 0.65828421
v 0.0695774949 -0.0350179074 0.653393197
v 0.0585509739 -0.000872354763 0.674273763
v 0.0580274471 0.0372487177 0.677763589
v 0.0722073855 0.0725399965 0.68055038
v 0.0827947132 0.108548393 0.682558461
v 0.107320594 0.134831982 0.668266637
v 0.132454172 0.158465749 0.64602283
v 0.165498524 0.174929181 0.628525597
v 0.192061555 0.175897176 0.597576458
v 0.212485437 0.160932982 0.565362333
v 0.229556011 0.157426262 0.530622139
v 0.244388113 0.164120878 0.496728843
v 0.256090744 0.193239917 0.475122991
v 0.265273829 0.208574946 0.441442974
v 0.26872396 0.22329011 0.40639332
v 0.291480448 0.201971433 0.383723557
v 0.30163504 0.205434421 0.345164894
v 0.302607396 0.214814808 0.305469063
v 0.303402077 0.231463793 0.268669661
v 0.302014434 0.209410785 0.234035073
v 0.297842528 0.18475553 0.202847555
v 0.291437664 0.150482555 0.190117473
v 0.287632543 0.118327641 0.170049727
v 0.285269221 0.0865575531 0.147449339
v 0.29287698 0.0542567324 0.126796253
v 0.279636859 0.0186489442 0.118150692
v 0.264655936 -0.0153717721 0.130625333
v 0.242382951 -0.0438535276 0.113337437
v 0.21777752 -0.0730402158 0.101110549
v 0.193209109 -0.103536739 0.109758511
v 0.171185404 -0.129678299 0.130651592
v 0.148535299 -0.150041748 0.152756902
v 0.134649331 -0.168972844 0.181871563
v 0.114206934 -0.186030491 0.211278903
v 0.102707331 -0.19612112 0.248215679
v 0.0900113123 -0.185463978 0.284601751
v 0.0908432569 -0.188093068 0.324190903
v 0.0852010778 -0.174882197 0.360898383
v 0.0552300996 -0.18135965 0.385370997
v 0.0175528148 -0.182041519 0.396548686
v 0.00492299871 -0.182109899 0.433479225
v 0.000820540794 -0.168482246 0.468558689
v 0.00392359775 -0.147219401 0.498954151
v -0.0026142697 -0.137025839 0.536419757
v -0.00457488726 -0.130126182 0.576712409
v 0.00504267588 -0.104988752 0.607081978
v 0.0264352761 -0.0867701105 0.63639131
v 0.0593263632 -0.0742059489 0.654927987
v 0.0657227532 -0.0368801176 0.663833354
v 0.0591011139 0.00144390281 0.665747933
v 0.0586078874 0.0393982905 0.672027069
v 0.0703593834 0.0755207117 0.673877938
v 0.0781346512 0.112830235 0.677594747
v 0.104785442 0.137933534 0.663784312
v 0.130449807 0.159977037 0.641856204
v 0.163326643 0.173975038 0.622917922
v 0.18862227 0.179039314 0.591427736
v 0.206383082 0.162143258 0.558769687
v 0.223032476 0.160448219 0.524331495
v 0.238598296 0.162334361 0.49043042
v 0.249682199 0.193201842 0.470417205
v 0.261738372 0.217864395 0.442565546
v 0.262023675 0.214536535 0.403602746
v 0.286106673 0.193535889 0.380892867
v 0.291843404 0.202359515 0.342631461
v 0.292339495 0.221324196 0.307510711
v 0.290822275 0.227562679 0.268126644
v 0.289355102 0.20996702 0.232054357
v 0.286404997 0.185098872 0.20208178
v 0.281813674 0.150474174 0.190394974
v 0.28211258 0.121844853 0.164822398
v 0.278378096 0.0889302437 0.142174534
v 0.289610715 0.0585705146 0.118785307
v 0.273697937 0.0221369518 0.114560444
v 0.259572455 -0.0110854048 0.130755978
v 0.23856522 -0.0429669101 0.121446813
v 0.212126708 -0.0672652069 0.106557106
v 0.188057673 -0.0979778687 0.111069472
v 0.168139691 -0.124856641 0.130593904
v 0.146119527 -0.145429907 0.152157373
v 0.130316786 -0.166161209 0.179540625
v 0.108206831 -0.184040239 0.208453837
v 0.0956541546 -0.19768271 0.244895832
v 0.0855467403 -0.19232127 0.283713723
v 0.0817759428 -0.187199622 0.32395177
v 0.0804611055 -0.164820074 0.356168435
v 0.0523801722 -0.168458698 0.382204142
v 0.0212030967 -0.173134352 0.403899985
v -0.00327602609 -0.17526792 0.432936482
v -0.00881947532 -0.163305591 0.46843031
v -0.00619860449 -0.144085133 0.50088379
v -0.012301937 -0.137143409 0.539601607
v -0.00174431754 -0.12061216 0.575777577
v -0.000251355157 -0.09673873 0.608342646
v 0.0326223514 -0.083362183 0.629056013
v 0.066646792 -0.071184002 0.647008669
v 0.0615387149 -0.0341498409 0.653745694
v 0.0588777936 0.00485450062 0.658616802
v 0.0510234742 0.0406455568 0.671881874
v 0.0620636052 0.0780382358 0.670170622
v 0.0724095962 0.11582749 0.671751966
v 0.100874354 0.140363501 0.660041065
v 0.131885589 0.154118932 0.639329438
v 0.157924101 0.173583247 0.616417156
v 0.182354203 0.181789481 0.585804699
v 0.202488144 0.168357219 0.554256555
v 0.219246481 0.15320629 0.523765456
v 0.235538452 0.168569564 0.494260438
v 0.24447418 0.191989248 0.463561511
v 0.25369142 0.224237417 0.441434786
v 0.262111141 0.224831951 0.402162976
v 0.280037856 0.199471392 0.377428381
v 0.285929066 0.194787192 0.338672478
v 0.285151262 0.211797247 0.303623922
v 0.278892676 0.224040009 0.267048841
v 0.278502182 0.21029826 0.23083302
v 0.27657915 0.183936822 0.203641706
v 0.272569292 0.15015578 0.188233804
v 0.273658385 0.121307292 0.161898853
v 0.285038522 0.0910038981 0.136630062
v 0.284015495 0.0584431596 0.112682313
v 0.267425005 0.0211045103 0.11151284
v 0.251545931 -0.0104530582 0.130537753
v 0.230559515 -0.0430074377 0.128012297
v 0.205668895 -0.0681826533 0.114070632
v 0.180734138 -0.0971672673 0.111426339
v 0.161654855 -0.122642158 0.131972972
v 0.147796637 -0.14383061 0.159733064
v 0.124120192 -0.163513033 0.183243572
v 0.101382471 -0.183771813 0.210019667
v 0.0888287437 -0.198956831 0.24604894
v 0.0801832755 -0.197478704 0.285524476
v 0.0880802975 -0.180416735 0.322079814
v 0.0697798782 -0.162677173 0.351990162
v 0.0476652774 -0.178436105 0.377783038
v 0.0147356 -0.173819411 0.395850128
v -0.000376993531 -0.16565695 0.430034424
v -0.0149826382 -0.154696541 0.463570302
v -0.0168752727 -0.142286189 0.50002132
v -0.0152247043 -0.128672393 0.537316105
v 0.00584483807 -0.120210326 0.570913245
v 0.00458873856 -0.0932073652 0.600871766
v 0.0315917753 -0.0740990362 0.624995958
v 0.0686119903 -0.0662457477 0.638057843
v 0.0671986304 -0.0300447472 0.646687272
v 0.0493898756 0.00566259655 0.648485698
v 0.0491745668 0.0433963618 0.65935946
v 0.0556089688 0.0821871199 0.659985289
v 0.0670082688 0.119693471 0.660344907
v 0.0934359655 0.144525544 0.647015082
v 0.122198911 0.151308097 0.622942834
v 0.148944512 0.164860333 0.600095151
v 0.170665569 0.177526572 0.57183043
v 0.191455493 0.166452983 0.542798581
v 0.208689054 0.151366827 0.514402365
v 0.227247586 0.162860911 0.485460179
v 0.232594072 0.196349395 0.46588103
v 0.242746312 0.220444482 0.436390386
v 0.253650814 0.215172519 0.39888749
v 0.269706111 0.188259801 0.375070513
v 0.267292976 0.195732623 0.337456023
v 0.265107278 0.211620438 0.303881972
v 0.262330533 0.216443592 0.267107076
v 0.264132317 0.206393255 0.230925395
v 0.264456475 0.185974279 0.200436321
v 0.270010734 0.157110983 0.178546922
v 0.276489307 0.129204681 0.152839514
v 0.279426171 0.098607213 0.127711468
v 0.271414707 0.0638327562 0.110596355
v 0.255812042 0.0282931707 0.118935761
v 0.237022066 -0.00201656297 0.136509408
v 0.215873481 -0.032219964 0.133733044
v 0.194150976 -0.0561847684 0.116927695
v 0.176978638 -0.0886714475 0.119741714
v 0.154829531 -0.115637935 0.133056219
v 0.147354033 -0.135240326 0.164088839
v 0.120611244 -0.153435894 0.183765855
v 0.105574275 -0.17213155 0.214358287
v 0.0851118957 -0.184082476 0.245681654
v 0.0755184744 -0.182021788 0.283725712
v 0.0840048947 -0.164788567 0.31849084
v 0.0557194372 -0.164501097 0.343246131
v 0.0477972381 -0.162748789 0.378517403
v 0.0151981236 -0.160330998 0.396006123
v 0.00274468302 -0.154187449 0.431697605
v -0.0176866571 -0.14345364 0.461976628
v -0.0168225483 -0.130247987 0.497787702
v -0.00365258587 -0.121121972 0.532479791
v -0.000386210595 -0.104343924 0.567021921
v 0.0134711545 -0.0793057738 0.592943982
v 0.044383179 -0.0815863344 0.616189501
v 0.0729834869 -0.0582320483 0.624861621
v 0.0559959015 -0.0290943131 0.637094589
v 0.0575238577 0.0107239023 0.631640505
v 0.0673034418 0.0413006502 0.6524232
v 0.073346109 0.0757953757 0.666459868
v 0.0815378278 0.108404803 0.649232482
v 0.0842162262 0.137496926 0.625285403
v 0.10419482 0.157106815 0.602583318
v 0.129223187 0.167216341 0.580321229
v 0.151915453 0.176633634 0.555468312
v 0.173701136 0.16334239 0.531806082
v 0.191705154 0.149824545 0.50536561
v 0.210200247 0.160485645 0.477393697
v 0.214572666 0.191265704 0.458284475
v 0.223128974 0.214344325 0.429753191
v 0.239204684 0.197714428 0.401312055
v 0.247429536 0.181392282 0.368374083
v 0.241988853 0.194608581 0.335377852
v 0.241743096 0.202453187 0.30141789
v 0.241807753 0.206442786 0.266715232
v 0.24638437 0.1987031 0.232446615
v 0.248695038 0.180020948 0.202322234
v 0.253227089 0.156892593 0.175460767
v 0.257572249 0.128522717 0.153075366
v 0.257825669 0.0989469423 0.130378032
v 0.248618571 0.0659181314 0.115474634
v 0.236630069 0.0326435469 0.128807692
v 0.216096784 0.00424689943 0.142114549
v 0.19474065 -0.0225359979 0.137209408
v 0.177789854 -0.0511437086 0.128833669
v 0.161732233 -0.0819430058 0.119615994
v 0.143857724 -0.108155074 0.137333576
v 0.138041329 -0.125606928 0.168758506
v 0.11843454 -0.140291424 0.195092419
v 0.110875702 -0.155068263 0.227471787
v 0.0842546746 -0.16016024 0.252224397
v 0.0664432573 -0.159641048 0.284092955
v 0.0733006853 -0.146032906 0.317275387
v 0.0511484194 -0.145333062 0.344392021
v 0.0534981793 -0.144838299 0.378456494
v 0.0208543808 -0.143509086 0.393792194
v 0.0111732345 -0.139052143 0.429142938
v -0.0102589861 -0.128081862 0.456848588
v -0.00754280566 -0.114062881 0.490562065
v 0.000335087455 -0.0998370651 0.522828154
v 0.0203170489 -0.0976345144 0.552308555
v 0.0320873271 -0.0740858129 0.576207636
v 0.0586494657 -0.0804753193 0.598746707
v 0.0654317197 -0.0477776429 0.609438855
v 0.0725160522 -0.0217877794 0.63035185
v 0.073093396 0.0134013056 0.620523748
v 0.0758276161 0.0469540074 0.634107622
v 0.0884281682 0.0758760576 0.650593565
v 0.10134651 0.106668826 0.63655698
v 0.0879102104 0.12109889 0.606203555
v 0.0951210552 0.143254247 0.581450115
v 0.118254891 0.153361622 0.56137323
v 0.137608533 0.168551823 0.539618609
v 0.161614618 0.16690673 0.51632497
v 0.17733008 0.147910091 0.493620213
v 0.196269745 0.152762236 0.466257417
v 0.197418211 0.181522907 0.447754991
v 0.206475047 0.199566013 0.419567985
v 0.223040344 0.17922778 0.397370932
v 0.22389015 0.178432384 0.362493458
v 0.218522264 0.192939028 0.332948506
v 0.21989863 0.195586257 0.300667558
v 0.224698784 0.195286534 0.267370389
v 0.230498703 0.189899056 0.234088057
v 0.241104561 0.166957408 0.210649829
v 0.237792336 0.149763635 0.181146938
v 0.243326209 0.119590278 0.165586823
v 0.235088875 0.10018596 0.138398311
v 0.22472009 0.0735996438 0.119176522
v 0.209469441 0.0437505062 0.127541516
v 0.193245165 0.0165639948 0.139927833
v 0.178459398 -0.0116309999 0.143029775
v 0.168081106 -0.042444027 0.141691701
v 0.153334784 -0.0693567995 0.124488664
v 0.146184871 -0.0964281032 0.145945184
v 0.127733917 -0.113402489 0.169966043
v 0.126139111 -0.124131307 0.203434725
v 0.105817469 -0.131650481 0.229554695
v 0.0931437358 -0.137478433 0.260237196
v 0.0666172013 -0.136558963 0.280902801
v 0.0602737527 -0.13193042 0.31343232
v 0.0552567446 -0.128773551 0.345772942
v 0.0531715145 -0.127897839 0.37860308
v 0.0221022639 -0.125809657 0.393251075
v 0.00544916063 -0.12194883 0.424016748
v -0.00371797437 -0.109149402 0.455073356
v 0.0109711748 -0.102367003 0.4863102
v 0.0221834961 -0.0900479143 0.516195333
v 0.0434263434 -0.0967461047 0.540508389
v 0.0536384756 -0.0812330022 0.567562562
v 0.0766193587 -0.0746659038 0.590385477
v 0.083453076 -0.0501045027 0.61027612
v 0.0858009002 -0.0184172848 0.618687339
v 0.0705184647 0.0105076875 0.63268046
v 0.0865773861 0.0384877523 0.642421565
v 0.100973099 0.0685555166 0.640489122
v 0.103539608 0.0960538937 0.622021425
v 0.101929305 0.117384889 0.595660044
v 0.0945764065 0.13133439 0.568216152
v 0.106438502 0.152538046 0.55037891
v 0.134273009 0.156922724 0.535262522
v 0.153110704 0.168572475 0.511728071
v 0.171177066 0.154428734 0.489507447
v 0.184074059 0.15020275 0.460108399
v 0.188733834 0.169821569 0.43544963
v 0.187584115 0.190510884 0.411516547
v 0.203395698 0.173046518 0.39031852
v 0.205785795 0.176529943 0.359094624
v 0.205461463 0.186108776 0.329512294
v 0.21051554 0.186857546 0.299600364
v 0.22121335 0.184421113 0.269331761
v 0.22319748 0.182513149 0.236055399
v 0.233696336 0.160077222 0.214132162
v 0.228013787 0.14250547 0.187011495
v 0.227621656 0.113580977 0.171627405
v 0.21618882 0.0968718674 0.146797295
v 0.20626566 0.0720115964 0.129800957
v 0.194118073 0.0424113414 0.133192659
v 0.180315453 0.0170891106 0.145618645
v 0.164862046 -0.00869033279 0.144980054
v 0.154604837 -0.0377426945 0.141563007
v 0.140178777 -0.0654523602 0.12901182
v 0.141064716 -0.0864780443 0.155256336
v 0.129599963 -0.10255337 0.181441079
v 0.12412608 -0.108562887 0.21406768
v 0.103351871 -0.112337905 0.238463542
v 0.0939343539 -0.117390586 0.26736815
v 0.0702990039 -0.120550628 0.287811958
v 0.0568219777 -0.120124227 0.316268088
v 0.063990477 -0.124520864 0.346439495
v 0.0565164611 -0.118361807 0.376781252
v 0.0284713236 -0.114295261 0.3920836
v 0.0122483015 -0.107637959 0.419995568
v 0.0104854614 -0.0982346147 0.451230256
v 0.0230860886 -0.0879528781 0.480054404
v 0.0405527005 -0.0928511287 0.506308275
v 0.0599092894 -0.0902216087 0.529583966
v 0.0687409584 -0.0850531575 0.558207018
v 0.0709949891 -0.0650817473 0.582000935
v 0.073564018 -0.0475573364 0.608157426
v 0.0772119423 -0.020029963 0.623753135
v 0.0835740819 0.00840161429 0.624897835
v 0.0901076902 0.0384767172 0.623967241
v 0.089868918 0.0693147544 0.624369902
v 0.0880210276 0.0977903106 0.61300599
v 0.0964485774 0.107196342 0.584327702
v 0.100917998 0.121402496 0.559726092
v 0.103495392 0.142937634 0.541071469
v 0.132194242 0.145762798 0.530574185
v 0.150687627 0.157903811 0.508725217
v 0.16251414 0.149840211 0.481370679
v 0.170354198 0.145790545 0.45151213
v 0.168280099 0.166332627 0.429791785
v 0.169901469 0.177571606 0.403034613
v 0.185379052 0.166874959 0.381436906
v 0.189898146 0.178481345 0.355505754
v 0.194841712 0.179824833 0.327351673
v 0.207157761 0.176457911 0.300668591
v 0.213018551 0.176522067 0.270552468
v 0.213767551 0.174379293 0.239003468
v 0.219815967 0.156364088 0.214249471
v 0.21174287 0.139740683 0.188401619
v 0.209298209 0.111037181 0.177638015
v 0.196330111 0.0988723568 0.153954666
v 0.188066487 0.0775570429 0.135774903
v 0.17915257 0.0499662232 0.134090299
v 0.168935706 0.0236974742 0.141001598
v 0.155653827 -0.00132350845 0.138375173
v 0.144188776 -0.027412009 0.145005887
v 0.129965842 -0.0533566829 0.135189956
v 0.13622807 -0.069588608 0.161162753
v 0.133767816 -0.0852058973 0.188030687
v 0.124392823 -0.0888811164 0.218094569
v 0.11074129 -0.0938206445 0.244362131
v 0.0957630982 -0.0982181136 0.268210954
v 0.0784905095 -0.107384279 0.290362262
v 0.0620072679 -0.109595773 0.316148359
v 0.0642571569 -0.114476666 0.346037394
v 0.0543443654 -0.107070701 0.3738485
v 0.0330492604 -0.0991017522 0.394221667
v 0.0236076904 -0.091668877 0.422071118
v 0.0307041232 -0.09216767 0.451575896
v 0.0432911659 -0.0918150325 0.479283985
v 0.0525350796 -0.0778046185 0.503107884
v 0.0572236861 -0.0722113613 0.530028406
v 0.0678961886 -0.0691087338 0.556548595
v 0.0844274088 -0.0647421573 0.581230774
v 0.08412609 -0.0450256274 0.604119516
v 0.0735373243 -0.0176275108 0.612371886
v 0.0780853807 0.0117254666 0.608671148
v 0.072139814 0.0377158612 0.616689897
v 0.0734205046 0.066583928 0.613709675
v 0.0773940532 0.0922677668 0.600887315
v 0.0843506976 0.109227721 0.579166133
v 0.0907010975 0.118857892 0.554511623
v 0.099190435 0.134097276 0.534067696
v 0.123699779 0.142024488 0.521558751
v 0.137966222 0.158652287 0.502520576
v 0.150780746 0.159302867 0.476741041
v 0.152951961 0.151847407 0.447749754
v 0.14872103 0.162397156 0.421772601
v 0.159700592 0.158402843 0.398247099
v 0.16765539 0.165271257 0.37419012
v 0.183469821 0.166413567 0.352299365
v 0.188963208 0.171263501 0.325851994
v 0.201967705 0.16759215 0.30097505
v 0.206626938 0.165696825 0.272540011
v 0.207037638 0.161204101 0.243388803
v 0.214217829 0.14213463 0.222450856
v 0.201888797 0.128496489 0.199302832
v 0.191535888 0.107159113 0.182801814
v 0.180657644 0.0926347833 0.162713907
v 0.17315576 0.0741027684 0.144354039
v 0.167465256 0.0478027332 0.14271285
v 0.156543023 0.0228550417 0.144158484
v 0.142290095 4.71683178e-05 0.139494508
v 0.129477743 -0.0216958004 0.150213327
v 0.116454204 -0.0471836152 0.147592954
v 0.124381892 -0.057248403 0.173072234
v 0.118593982 -0.0736893937 0.195619783
v 0.111583895 -0.0755114525 0.223825221
v 0.10514066 -0.0776912211 0.250576709
v 0.0968624239 -0.0835362272 0.275428722
v 0.0805280452 -0.0948174647 0.295959745
v 0.0630059695 -0.0985800601 0.319503896
v 0.0700756271 -0.105118193 0.347144514
v 0.0523307281 -0.0949234753 0.367910168
v 0.0443318174 -0.0847313026 0.393780142
v 0.042752513 -0.0813494289 0.421862501
v 0.0453904296 -0.0760766028 0.44889799
v 0.0554099185 -0.0773150093 0.474239617
v 0.0606504696 -0.0645294035 0.496835284
v 0.066886043 -0.0634967454 0.522105445
v 0.0782100119 -0.0684719347 0.546422316
v 0.0787159152 -0.0563761964 0.57213556
v 0.0811680091 -0.0375663391 0.593529202
v 0.0879253113 -0.0154231875 0.610635581
v 0.096097383 0.0143773595 0.60640104
v 0.0905698763 0.0392339988 0.611647718
v 0.090250516 0.0654430321 0.608327352
v 0.089365146 0.0877158914 0.594040475
v 0.0841909 0.100564903 0.571602799
v 0.0890230859 0.110626221 0.547935661
v 0.0985789478 0.123367954 0.52814858
v 0.11405091 0.136805146 0.511430914
v 0.130908904 0.146654663 0.492891575
v 0.138490918 0.14979681 0.467262698
v 0.13538314 0.150567446 0.439370589
v 0.136667803 0.148466945 0.412800477
v 0.144968318 0.147647027 0.390471452
v 0.156101223 0.154261565 0.369195868
v 0.1739236 0.158372037 0.350003796
v 0.186012052 0.161430179 0.326123817
v 0.19403814 0.159921376 0.300503086
v 0.194939221 0.157235345 0.273842203
v 0.197883423 0.14667291 0.249255249
v 0.199705669 0.130215074 0.227531707
v 0.189729331 0.116337016 0.206327648
v 0.174690652 0.111303762 0.185141411
v 0.165497376 0.0979539474 0.165693763
v 0.159994661 0.0789248476 0.150000744
v 0.155849074 0.055192974 0.141026855
v 0.146588858 0.0310613902 0.139920437
v 0.130939639 0.0100988488 0.139132973
v 0.116461773 -0.0106492879 0.143862876
v 0.105786004 -0.0307068633 0.155636545
v 0.103160591 -0.0507159921 0.172117743
v 0.101615162 -0.0626069286 0.19530646
v 0.0970068372 -0.0662688288 0.221042484
v 0.0963402327 -0.0655808936 0.246584195
v 0.0921020298 -0.0708722686 0.270756967
v 0.0834430758 -0.0820255085 0.294654722
v 0.0716500434 -0.0894690601 0.319598311
v 0.0706967127 -0.0919338602 0.347260705
v 0.0622047813 -0.0834981216 0.372755392
v 0.0604493803 -0.0748377726 0.399353533
v 0.0620955351 -0.0711990826 0.425212636
v 0.0658669447 -0.0714449048 0.449819914
v 0.0694600556 -0.0668672916 0.473440638
v 0.0750418238 -0.0630315466 0.496857592
v 0.0800077564 -0.0605957967 0.520780685
v 0.0898137735 -0.0605930172 0.544580567
v 0.0937656774 -0.0548671591 0.57043321
v 0.0971099882 -0.0365716789 0.59042846
v 0.0989470391 -0.0106620481 0.598597498
v 0.0788470933 0.0142465894 0.601117059
v 0.0745144109 0.0375680855 0.60585604
v 0.0766763176 0.0618991693 0.602011506
v 0.0812022791 0.0809380009 0.586945478
v 0.0881754965 0.0921486923 0.566211093
v 0.0962225241 0.102680255 0.545636704
v 0.105325219 0.111840913 0.525440786
v 0.113753797 0.121002282 0.504967183
v 0.125123849 0.129785033 0.48548802
v 0.131019384 0.132705516 0.461724855
v 0.142224838 0.133058835 0.438544143
v 0.14991878 0.136514297 0.415841058
v 0.157872592 0.13782788 0.39592102
v 0.164552868 0.142612372 0.373844577
v 0.173388695 0.145820811 0.349531959
v 0.180417323 0.151642245 0.325321048
v 0.186701832 0.149354147 0.301050224
v 0.186601508 0.14321203 0.276597278
v 0.18611194 0.131941791 0.254478989
v 0.18122218 0.123885253 0.231660933
v 0.173181525 0.112514334 0.211567411
v 0.1721856 0.0983222457 0.192474707
v 0.165629517 0.0865772616 0.173342305
v 0.156802148 0.0697615409 0.159559879
v 0.145540605 0.0509453975 0.149898376
v 0.132946144 0.0303851418 0.146825745
v 0.116013185 0.0125460645 0.147416218
v 0.100044758 -0.0045081496 0.153425877
v 0.0894798854 -0.0207984125 0.16629086
v 0.0890808976 -0.0377447475 0.182443294
v 0.09110358 -0.0489440046 0.203501852
v 0.0888228289 -0.0543188034 0.226858421
v 0.0864739263 -0.0573165487 0.250280619
v 0.0847395922 -0.0605028943 0.273667264
v 0.0827486967 -0.0687451276 0.298344693
v 0.0765697894 -0.0761800431 0.323255308
v 0.0783866183 -0.0784170386 0.348905216
v 0.0756590921 -0.072453796 0.375008796
v 0.0790324824 -0.0681564016 0.401423028
v 0.0814811204 -0.0635341736 0.424911737
v 0.0815064866 -0.0606980574 0.446913794
v 0.0814792045 -0.0577871279 0.469095056
v 0.0830065931 -0.0541202602 0.491709265
v 0.0833218337 -0.0497956694 0.514417342
v 0.0845860052 -0.0481878522 0.537785498
v 0.0833225925 -0.043934157 0.561718993
v 0.0807000348 -0.0313283739 0.582996663
v 0.080567559 -0.00925460101 0.595723876
v 0.290171255 -0.19366577 0.240377907
v 0.258137044 -0.20645306 0.259978659
v 0.244229921 -0.241239641 0.27533162
v 0.211343211 -0.25746185 0.29770219
v 0.195560128 -0.278385797 0.330810769
v 0.173400209 -0.262193328 0.363073227
v 0.163375389 -0.273994548 0.402770526
v 0.145862019 -0.266774026 0.440960829
v 0.132910758 -0.248385216 0.476672304
v 0.129915785 -0.23564508 0.51797581
v 0.130833064 -0.2081422 0.551059348
v 0.310296593 -0.162873831 0.221562393
v 0.291499271 -0.164508498 0.285225787
v 0.279726912 -0.197523415 0.303691661
v 0.259426992 -0.229804696 0.320741678
v 0.23863054 -0.25025542 0.351428433
v 0.219055205 -0.251089676 0.389079934
v 0.201855557 -0.245434609 0.427629351
v 0.183402755 -0.233134807 0.464071106
v 0.178498095 -0.217362552 0.503606218
v 0.174511048 -0.186537182 0.533552794
v 0.141989609 -0.176209547 0.576332562
v 0.325732807 -0.127427867 0.213441403
v 0.315227887 -0.13827258 0.264894975
v 0.326960436 -0.165432974 0.322079315
v 0.298328541 -0.184068074 0.341923127
v 0.268740597 -0.205413106 0.364441355
v 0.241425387 -0.202956161 0.396482225
v 0.223113127 -0.196200952 0.434229015
v 0.207791559 -0.17961927 0.470084592
v 0.215355143 -0.161816847 0.508678532
v 0.183776239 -0.148212487 0.548557821
v 0.157095825 -0.137115341 0.582250122
v 0.34598574 -0.094083856 0.222392968
v 0.348154913 -0.116425444 0.262862012
v 0.349926685 -0.135261647 0.307762941
v 0.329975251 -0.138255096 0.366911829
v 0.298452667 -0.157326079 0.38381247
v 0.27173592 -0.162777613 0.414979531
v 0.251734479 -0.151775181 0.451107658
v 0.257836633 -0.143029913 0.492072054
v 0.225673157 -0.125119988 0.527068213
v 0.199810529 -0.110788842 0.557115096
v 0.17144433 -0.102837444 0.591473442
v 0.376329516 -0.0717616645 0.21834338
v 0.37461295 -0.0886626229 0.264905741
v 0.362807945 -0.0977461642 0.312248702
v 0.352456246 -0.108574122 0.355977527
v 0.336344103 -0.114708583 0.408586892
v 0.310116566 -0.130182559 0.434123891
v 0.300232624 -0.118486224 0.472136812
v 0.284345952 -0.121996081 0.515631058
v 0.255477177 -0.119437736 0.550392224
v 0.220835182 -0.113324224 0.586371888
v 0.189736327 -0.100102145 0.623770411
v 0.388677322 -0.0298777044 0.211823973
v 0.390792752 -0.0495278324 0.259696321
v 0.392725883 -0.0696837946 0.307502831
v 0.376165797 -0.076628027 0.355997158
v 0.349068209 -0.0788901011 0.400177466
v 0.321050462 -0.0786617114 0.443860645
v 0.297579876 -0.0825943118 0.489868264
v 0.280312653 -0.0891466287 0.538393838
v 0.252590548 -0.089440323 0.5823629
v 0.226718633 -0.0937547518 0.626959876
v 0.19730838 -0.0909943545 0.669521339
v 0.426433747 0.000134309076 0.197483261
v 0.421993088 -0.0119534377 0.251177062
v 0.415073929 -0.0262824206 0.303949796
v 0.39253514 -0.0350562524 0.363001505
v 0.365116837 -0.0554699657 0.427198435
v 0.353392784 -0.045154655 0.462418311
v 0.328750553 -0.0567039366 0.491956395
v 0.296207659 -0.0507859864 0.54596988
v 0.264172357 -0.0490639953 0.600130236
v 0.249417186 -0.0618829285 0.652509799
v 0.222830626 -0.0655623605 0.701561339
v 0.453111865 0.0343630681 0.214740814
v 0.44105916 0.0218228492 0.276082128
v 0.425515504 -0.00214073263 0.342302585
v 0.390190093 -0.017617682 0.405151038
v 0.387180181 -0.0058929664 0.442336334
v 0.368434252 0.000529766377 0.475887671
v 0.359229189 -0.013641861 0.512426518
v 0.334588188 -0.0327744751 0.540357481
v 0.306910382 -0.0366755302 0.594759019
v 0.278588629 -0.0293230726 0.653590149
v 0.243368027 -0.0274542987 0.705691798
v 0.429092122 0.062215576 0.243194201
v 0.428418403 0.0460363722 0.314743398
v 0.415714883 0.0181648085 0.381115259
v 0.406088631 0.0371524998 0.414100488
v 0.391460738 0.0470807252 0.44909944
v 0.380102769 0.0479720112 0.486688066
v 0.362232807 0.0346252315 0.520534176
v 0.340425412 0.0277180144 0.555974702
v 0.328648915 -0.00266326541 0.582963189
v 0.28364186 0.00216456543 0.623830997
v 0.268879481 0.00353220434 0.685769995
v 0.421901101 0.0811352884 0.285471769
v 0.408731346 0.0573981181 0.352712904
v 0.39692568 0.0728072167 0.387067125
v 0.402507209 0.0917724573 0.420695129
v 0.393302198 0.0976846767 0.458619385
v 0.370506418 0.0968184951 0.490599901
v 0.367114108 0.083577759 0.528987789
v 0.356185218 0.074665514 0.566756981
v 0.334630267 0.059571656 0.601378124
v 0.29855886 0.0385816144 0.608406649
v 0.264282871 0.0359710059 0.658451746
v 0.394264707 0.0915552344 0.317574823
v 0.385497357 0.111027275 0.350901698
v 0.393035851 0.128687084 0.384873865
v 0.384424536 0.142137203 0.420635992
v 0.381057388 0.147695606 0.459555747
v 0.368091178 0.146392491 0.496855989
v 0.361360351 0.13294345 0.534862442
v 0.33782345 0.119924527 0.564537069
v 0.339432426 0.1135958 0.606162064
v 0.317317307 0.0957154138 0.638865978
v 0.298155877 0.0613625473 0.65505134
f 1 2 49
f 2 50 49
f 2 3 50
f 3 51 50
f 3 4 51
f 4 52 51
f 4 5 52
f 5 53 52
f 5 6 53
f 6 54 53
f 6 7 54
f 7 55 54
f 7 8 55
f 8 56 55
f 8 9 56
f 9 57 56
f 9 10 57
f 10 58 57
f 10 11 58
f 11 59 58
f 11 12 59
f 12 60 59
f 12 13 60
f 13 61 60
f 13 14 61
f 14 62 61
f 14 15 62
f 15 63 62
f 15 16 63
f 16 64 63
f 16 17 64
f 17 65 64
f 17 18 65
f 18 66 65
f 18 19 66
f 19 67 66
f 19 20 67
f 20 68 67
f 20 21 68
f 21 69 68
f 21 22 69
f 22 70 69
f 22 23 70
f 23 71 70
f 23 24 71
f 24 72 71
f 24 25 72
f 25 73 72
f 25 26 73
f 26 74 73
f 26 27 74
f 27 75 74
f 27 28 75
f 28 76 75
f 28 29 76
f 29 77 76
f 29 30 77
f 30 78 77
f 30 31 78
f 31 79 78
f 31 32 79
f 32 80 79
f 32 33 80
f 33 81 80
f 33 34 81
f 34 82 81
f 34 35 82
f 35 83 82
f 35 36 83
f 36 84 83
f 36 37 84
f 37 85 84
f 37 38 85
f 38 86 85
f 38 39 86
f 39 87 86
f 39 40 87
f 40 88 87
f 40 41 88
f 41 89 88
f 41 42 89
f 42 90 89
f 42 43 90
f 43 91 90
f 43 44 91
f 44 92 91
f 44 45 92
f 45 93 92
f 45 46 93
f 46 94 93
f 46 47 94
f 47 95 94
f 47 48 95
f 48 96 95
f 48 1 96
f 1 49 96
f 49 50 97
f 50 98 97
f 50 51 98
f 51 99 98
f 51 52 99
f 52 100 99
f 52 53 100
f 53 101 100
f 53 54 101
f 54 102 101
f 54 55 102
f 55 103 102
f 55 56 103
f 56 104 103
f 56 57 104
f 57 105 104
f 57 58 105
f 58 106 105
f 58 59 106
f 59 107 106
f 59 60 107
f 60 108 107
f 60 61 108
f 61 109 108
f 61 62 109
f 62 110 109
f 62 63 110
f 63 111 110
f 63 64 111
f 64 112 111
f 64 65 112
f 65 113 112
f 65 66 113
f 66 114 113
f 66 67 114
f 67 115 114
f 67 68 115
f 68 116 115
f 68 69 116
f 69 117 116
f 69 70 117
f 70 118 117
f 70 71 118
f 71 119 118
f 71 72 119
f 72 120 119
f 72 73 120
f 73 121 120
f 73 74 121
f 74 122 121
f 74 75 122
f 75 123 122
f 75 76 123
f 76 124 123
f 76 77 124
f 77 125 124
f 77 78 125
f 78 126 125
f 78 79 126
f 79 127 126
f 79 80 127
f 80 128 127
f 80 81 128
f 81 129 128
f 81 82 129
f 82 130 129
f 82 83 130
f 83 131 130
f 83 84 131
f 84 132 131
f 84 85 132
f 85 133 132
f 85 86 133
f 86 134 133
f 86 87 134
f 87 135 134
f 87 88 135
f 88 136 135
f 88 89 136
f 89 137 136
f 89 90 137
f 90 138 137
f 90 91 138
f 91 139 138
f 91 92 139
f 92 140 139
f 92 93 140
f 93 141 140
f 93 94 141
f 94 142 141
f 94 95 142
f 95 143 142
f 95 96 143
f 96 144 143
f 96 49 144
f 49 97 144
f 97 98 145
f 98 146 145
f 98 99 146
f 99 147 146
f 99 100 147
f 100 148 147
f 100 101 148
f 101 149 148
f 101 102 149
f 102 150 149
f 102 103 150
f 103 151 150
f 103 104 151
f 104 152 151
f 104 105 152
f 105 153 152
f 105 106 153
f 106 154 153
f 106 107 154
f 107 155 154
f 107 108 155
f 108 156 155
f 108 109 156
f 109 157 156
f 109 110 157
f 110 158 157
f 110 111 158
f 111 159 158
f 111 112 159
f 112 160 159
f 112 113 160
f 113 161 160
f 113 114 161
f 114 162 161
f 114 115 162
f 115 163 162
f 115 116 163
f 116 164 163
f 116 117 164
f 117 165 164
f 117 118 165
f 118 166 165
f 118 119 166
f 119 167 166
f 119 120 167
f 120 168 167
f 120 121 168
f 121 169 168
f 121 122 169
f 122 170 169
f 122 123 170
f 123 171 170
f 123 124 171
f 124 172 171
f 124 125 172
f 125 173 172
f 125 126 173
f 126 174 173
f 126 127 174
f 127 175 174
f 127 128 175
f 128 176 175
f 128 129 176
f 129 177 176
f 129 130 177
f 130 178 177
f 130 131 178
f 131 179 178
f 131 132 179
f 132 180 179
f 132 133 180
f 133 181 180
f 133 134 181
f 134 182 181
f 134 135 182
f 135 183 182
f 135 136 183
f 136 184 183
f 136 137 184
f 137 185 184
f 137 138 185
f 138 186 185
f 138 139 186
f 139 187 186
f 139 140 187
f 140 188 187
f 140 141 188
f 141 189 188
f 141 142 189
f 142 190 189
f 142 143 190
f 143 191 190
f 143 144 191
f 144 192 191
f 144 97 192
f 97 145 192
f 145 146 193
f 146 194 193
f 146 147 194
f 147 195 194
f 147 148 195
f 148 196 195
f 148 149 196
f 149 197 196
f 149 150 197
f 150 198 197
f 150 151 198
f 151 199 198
f 151 152 199
f 152 200 199
f 152 153 200
f 153 201 200
f 153 154 201
f 154 202 201
f 154 155 202
f 155 203 202
f 155 156 203
f 156 204 203
f 156 157 204
f 157 205 204
f 157 158 205
f 158 206 205
f 158 159 206
f 159 207 206
f 159 160 207
f 160 208 207
f 160 161 208
f 161 209 208
f 161 162 209
f 162 210 209
f 162 163 210
f 163 211 210
f 163 164 211
f 164 212 211
f 164 165 212
f 165 213 212
f 165 166 213
f 166 214 213
f 166 167 214
f 167 215 214
f 167 168 215
f 168 216 215
f 168 169 216
f 169 217 216
f 169 170 217
f 170 218 217
f 170 171 218
f 171 219 218
f 171 172 219
f 172 220 219
f 172 173 220
f 173 221 220
f 173 174 221
f 174 222 221
f 174 175 222
f 175 223 222
f 175 176 223
f 176 224 223
f 176 177 224
f 177 225 224
f 177 178 225
f 178 226 225
f 178 179 226
f 179 227 226
f 179 180 227
f 180 228 227
f 180 181 228
f 181 229 228
f 181 182 229
f 182 230 229
f 182 183 230
f 183 231 230
f 183 184 231
f 184 232 231
f 184 185 232
f 185 233 232
f 185 186 233
f 186 234 233
f 186 187 234
f 187 235 234
f 187 188 235
f 188 236 235
f 188 189 236
f 189 237 236
f 189 190 237
f 190 238 237
f 190 191 238
f 191 239 238
f 191 192 239
f 192 240 239
f 192 145 240
f 145 193 240
f 193 194 241
f 194 242 241
f 194 195 242
f 195 243 242
f 195 196 243
f 196 244 243
f 196 197 244
f 197 245 244
f 197 198 245
f 198 246 245
f 198 199 246
f 199 247 246
f 199 200 247
f 200 248 247
f 200 201 248
f 201 249 248
f 201 202 249
f 202 250 249
f 202 203 250
f 203 251 250
f 203 204 251
f 204 252 251
f 204 205 252
f 205 253 252
f 205 206 253
f 206 254 253
f 206 207 254
f 207 255 254
f 207 208 255
f 208 256 255
f 208 209 256
f 209 257 256
f 209 210 257
f 210 258 257
f 210 211 258
f 211 259 258
f 211 212 259
f 212 260 259
f 212 213 260
f 213 261 260
f 213 214 261
f 214 262 261
f 214 215 262
f 215 263 262
f 215 216 263
f 216 264 263
f 216 217 264
f 217 265 264
f 217 218 265
f 218 266 265
f 218 219 266
f 219 267 266
f 219 220 267
f 220 268 267
f 220 221 268
f 221 269 268
f 221 222 269
f 222 270 269
f 222 223 270
f 223 271 270
f 223 224 271
f 224 272 271
f 224 225 272
f 225 273 272
f 225 226 273
f 226 274 273
f 226 227 274
f 227 275 274
f 227 228 275
f 228 276 275
f 228 229 276
f 229 277 276
f 229 230 277
f 230 278 277
f 230 231 278
f 231 279 278
f 231 232 279
f 232 280 279
f 232 233 280
f 233 281 280
f 233 234 281
f 234 282 281
f 234 235 282
f 235 283 282
f 235 236 283
f 236 284 283
f 236 237 284
f 237 285 284
f 237 238 285
f 238 286 285
f 238 239 286
f 239 287 286
f 239 240 287
f 240 288 287
f 240 193 288
f 193 241 288
f 241 242 289
f 242 290 289
f 242 243 290
f 243 291 290
f 243 244 291
f 244 292 291
f 244 245 292
f 245 293 292
f 245 246 293
f 246 294 293
f 246 247 294
f 247 295 294
f 247 248 295
f 248 296 295
f 248 249 296
f 249 297 296
f 249 250 297
f 250 298 297
f 250 251 298
f 251 299 298
f 251 252 299
f 252 300 299
f 252 253 300
f 253 301 300
f 253 254 301
f 254 302 301
f 254 255 302
f 255 303 302
f 255 256 303
f 256 304 303
f 256 257 304
f 257 305 304
f 257 258 305
f 258 306 305
f 258 259 306
f 259 307 306
f 259 260 307
f 260 308 307
f 260 261 308
f 261 309 308
f 261 262 309
f 262 310 309
f 262 263 310
f 263 311 310
f 263 264 311
f 264 312 311
f 264 265 312
f 265 313 312
f 265 266 313
f 266 314 313
f 266 267 314
f 267 315 314
f 267 268 315
f 268 316 315
f 268 269 316
f 269 317 316
f 269 270 317
f 270 318 317
f 270 271 318
f 271 319 318
f 271 272 319
f 272 320 319
f 272 273 320
f 273 321 320
f 273 274 321
f 274 322 321
f 274 275 322
f 275 323 322
f 275 276 323
f 276 324 323
f 276 277 324
f 277 325 324
f 277 278 325
f 278 326 325
f 278 279 326
f 279 327 326
f 279 280 327
f 280 328 327
f 280 281 328
f 281 329 328
f 281 282 329
f 282 330 329
f 282 283 330
f 283 331 330
f 283 284 331
f 284 332 331
f 284 285 332
f 285 333 332
f 285 286 333
f 286 334 333
f 286 287 334
f 287 335 334
f 287 288 335
f 288 336 335
f 288 241 336
f 241 289 336
f 289 290 337
f 290 338 337
f 290 291 338
f 291 339 338
f 291 292 339
f 292 340 339
f 292 293 340
f 293 341 340
f 293 294 341
f 294 342 341
f 294 295 342
f 295 343 342
f 295 296 343
f 296 344 343
f 296 297 344
f 297 345 344
f 297 298 345
f 298 346 345
f 298 299 346
f 299 347 346
f 299 300 347
f 300 348 347
f 300 301 348
f 301 349 348
f 301 302 349
f 302 350 349
f 302 303 350
f 303 351 350
f 303 304 351
f 304 352 351
f 304 305 352
f 305 353 352
f 305 306 353
f 306 354 353
f 306 307 354
f 307 355 354
f 307 308 355
f 308 356 355
f 308 309 356
f 309 357 356
f 309 310 357
f 310 358 357
f 310 311 358
f 311 359 358
f 311 312 359
f 312 360 359
f 312 313 360
f 313 361 360
f 313 314 361
f 314 362 361
f 314 315 362
f 315 363 362
f 315 316 363
f 316 364 363
f 316 317 364
f 317 365 364
f 317 318 365
f 318 366 365
f 318 319 366
f 319 367 366
f 319 320 367
f 320 368 367
f 320 321 368
f 321 369 368
f 321 322 369
f 322 370 369
f 322 323 370
f 323 371 370
f 323 324 371
f 324 372 371
f 324 325 372
f 325 373 372
f 325 326 373
f 326 374 373
f 326 327 374
f 327 375 374
f 327 328 375
f 328 376 375
f 328 329 376
f 329 377 376
f 329 330 377
f 330 378 377
f 330 331 378
f 331 379 378
f 331 332 379
f 332 380 379
f 332 333 380
f 333 381 380
f 333 334 381
f 334 382 381
f 334 335 382
f 335 383 382
f 335 336 383
f 336 384 383
f 336 289 384
f 289 337 384
f 337 338 385
f 338 386 385
f 338 339 386
f 339 387 386
f 339 340 387
f 340 388 387
f 340 341 388
f 341 389 388
f 341 342 389
f 342 390 389
f 342 343 390
f 343 391 390
f 343 344 391
f 344 392 391
f 344 345 392
f 345 393 392
f 345 346 393
f 346 394 393
f 346 347 394
f 347 395 394
f 347 348 395
f 348 396 395
f 348 349 396
f 349 397 396
f 349 350 397
f 350 398 397
f 350 351 398
f 351 399 398
f 351 352 399
f 352 400 399
f 352 353 400
f 353 401 400
f 353 354 401
f 354 402 401
f 354 355 402
f 355 403 402
f 355 356 403
f 356 404 403
f 356 357 404
f 357 405 404
f 357 358 405
f 358 406 405
f 358 359 406
f 359 407 406
f 359 360 407
f 360 408 407
f 360 361 408
f 361 409 408
f 361 362 409
f 362 410 409
f 362 363 410
f 363 411 410
f 363 364 411
f 364 412 411
f 364 365 412
f 365 413 412
f 365 366 413
f 366 414 413
f 366 367 414
f 367 415 414
f 367 368 415
f 368 416 415
f 368 369 416
f 369 417 416
f 369 370 417
f 370 418 417
f 370 371 418
f 371 419 418
f 371 372 419
f 372 420 419
f 372 373 420
f 373 421 420
f 373 374 421
f 374 422 421
f 374 375 422
f 375 423 422
f 375 376 423
f 376 424 423
f 376 377 424
f 377 425 424
f 377 378 425
f 378 426 425
f 378 379 426
f 379 427 426
f 379 380 427
f 380 428 427
f 380 381 428
f 381 429 428
f 381 382 429
f 382 430 429
f 382 383 430
f 383 431 430
f 383 384 431
f 384 432 431
f 384 337 432
f 337 385 432
f 385 386 433
f 386 434 433
f 386 387 434
f 387 435 434
f 387 388 435
f 388 436 435
f 388 389 436
f 389 437 436
f 389 390 437
f 390 438 437
f 390 391 438
f 391 439 438
f 391 392 439
f 392 440 439
f 392 393 440
f 393 441 440
f 393 394 441
f 394 442 441
f 394 395 442
f 395 443 442
f 395 396 443
f 396 444 443
f 396 397 444
f 397 445 444
f 397 398 445
f 398 446 445
f 398 399 446
f 399 447 446
f 399 400 447
f 400 448 447
f 400 401 448
f 401 449 448
f 401 402 449
f 402 450 449
f 402 403 450
f 403 451 450
f 403 404 451
f 404 452 451
f 404 405 452
f 405 453 452
f 405 406 453
f 406 454 453
f 406 407 454
f 407 455 454
f 407 408 455
f 408 456 455
f 408 409 456
f 409 457 456
f 409 410 457
f 410 458 457
f 410 411 458
f 411 459 458
f 411 412 459
f 412 460 459
f 412 413 460
f 413 461 460
f 413 414 461
f 414 462 461
f 414 415 462
f 415 463 462
f 415 416 463
f 416 464 463
f 416 417 464
f 417 465 464
f 417 418 465
f 418 466 465
f 418 419 466
f 419 467 466
f 419 420 467
f 420 468 467
f 420 421 468
f 421 469 468
f 421 422 469
f 422 470 469
f 422 423 470
f 423 471 470
f 423 424 471
f 424 472 471
f 424 425 472
f 425 473 472
f 425 426 473
f 426 474 473
f 426 427 474
f 427 475 474
f 427 428 475
f 428 476 475
f 428 429 476
f 429 477 476
f 429 430 477
f 430 478 477
f 430 431 478
f 431 479 478
f 431 432 479
f 432 480 479
f 432 385 480
f 385 433 480
f 433 434 481
f 434 482 481
f 434 435 482
f 435 483 482
f 435 436 483
f 436 484 483
f 436 437 484
f 437 485 484
f 437 438 485
f 438 486 485
f 438 439 486
f 439 487 486
f 439 440 487
f 440 488 487
f 440 441 488
f 441 489 488
f 441 442 489
f 442 490 489
f 442 443 490
f 443 491 490
f 443 444 491
f 444 492 491
f 444 445 492
f 445 493 492
f 445 446 493
f 446 494 493
f 446 447 494
f 447 495 494
f 447 448 495
f 448 496 495
f 448 449 496
f 449 497 496
f 449 450 497
f 450 498 497
f 450 451 498
f 451 499 498
f 451 452 499
f 452 500 499
f 452 453 500
f 453 501 500
f 453 454 501
f 454 502 501
f 454 455 502
f 455 503 502
f 455 456 503
f 456 504 503
f 456 457 504
f 457 505 504
f 457 458 505
f 458 506 505
f 458 459 506
f 459 507 506
f 459 460 507
f 460 508 507
f 460 461 508
f 461 509 508
f 461 462 509
f 462 510 509
f 462 463 510
f 463 511 510
f 463 464 511
f 464 512 511
f 464 465 512
f 465 513 512
f 465 466 513
f 466 514 513
f 466 467 514
f 467 515 514
f 467 468 515
f 468 516 515
f 468 469 516
f 469 517 516
f 469 470 517
f 470 518 517
f 470 471 518
f 471 519 518
f 471 472 519
f 472 520 519
f 472 473 520
f 473 521 520
f 473 474 521
f 474 522 521
f 474 475 522
f 475 523 522
f 475 476 523
f 476 524 523
f 476 477 524
f 477 525 524
f 477 478 525
f 478 526 525
f 478 479 526
f 479 527 526
f 479 480 527
f 480 528 527
f 480 433 528
f 433 481 528
f 481 482 529
f 482 530 529
f 482 483 530
f 483 531 530
f 483 484 531
f 484 532 531
f 484 485 532
f 485 533 532
f 485 486 533
f 486 534 533
f 486 487 534
f 487 535 534
f 487 488 535
f 488 536 535
f 488 489 536
f 489 537 536
f 489 490 537
f 490 538 537
f 490 491 538
f 491 539 538
f 491 492 539
f 492 540 539
f 492 493 540
f 493 541 540
f 493 494 541
f 494 542 541
f 494 495 542
f 495 543 542
f 495 496 543
f 496 544 543
f 496 497 544
f 497 545 544
f 497 498 545
f 498 546 545
f 498 499 546
f 499 547 546
f 499 500 547
f 500 548 547
f 500 501 548
f 501 549 548
f 501 502 549
f 502 550 549
f 502 503 550
f 503 551 550
f 503 504 551
f 504 552 551
f 504 505 552
f 505 553 552
f 505 506 553
f 506 554 553
f 506 507 554
f 507 555 554
f 507 508 555
f 508 556 555
f 508 509 556
f 509 557 556
f 509 510 557
f 510 558 557
f 510 511 558
f 511 559 558
f 511 512 559
f 512 560 559
f 512 513 560
f 513 561 560
f 513 514 561
f 514 562 561
f 514 515 562
f 515 563 562
f 515 516 563
f 516 564 563
f 516 517 564
f 517 565 564
f 517 518 565
f 518 566 565
f 518 519 566
f 519 567 566
f 519 520 567
f 520 568 567
f 520 521 568
f 521 569 568
f 521 522 569
f 522 570 569
f 522 523 570
f 523 571 570
f 523 524 571
f 524 572 571
f 524 525 572
f 525 573 572
f 525 526 573
f 526 574 573
f 526 527 574
f 527 575 574
f 527 528 575
f 528 576 575
f 528 481 576
f 481 529 576
f 529 530 577
f 530 578 577
f 530 531 578
f 531 579 578
f 531 532 579
f 532 580 579
f 532 533 580
f 533 581 580
f 533 534 581
f 534 582 581
f 534 535 582
f 535 583 582
f 535 536 583
f 536 584 583
f 536 537 584
f 537 585 584
f 537 538 585
f 538 586 585
f 538 539 586
f 539 587 586
f 539 540 587
f 540 588 587
f 540 541 588
f 541 589 588
f 541 542 589
f 542 590 589
f 542 543 590
f 543 591 590
f 543 544 591
f 544 592 591
f 544 545 592
f 545 593 592
f 545 546 593
f 546 594 593
f 546 547 594
f 547 595 594
f 547 548 595
f 548 596 595
f 548 549 596
f 549 597 596
f 549 550 597
f 550 598 597
f 550 551 598
f 551 599 598
f 551 552 599
f 552 600 599
f 552 553 600
f 553 601 600
f 553 554 601
f 554 602 601
f 554 555 602
f 555 603 602
f 555 556 603
f 556 604 603
f 556 557 604
f 557 605 604
f 557 558 605
f 558 606 605
f 558 559 606
f 559 607 606
f 559 560 607
f 560 608 607
f 560 561 608
f 561 609 608
f 561 562 609
f 562 610 609
f 562 563 610
f 563 611 610
f 563 564 611
f 564 612 611
f 564 565 612
f 565 613 612
f 565 566 613
f 566 614 613
f 566 567 614
f 567 615 614
f 567 568 615
f 568 616 615
f 568 569 616
f 569 617 616
f 569 570 617
f 570 618 617
f 570 571 618
f 571 619 618
f 571 572 619
f 572 620 619
f 572 573 620
f 573 621 620
f 573 574 621
f 574 622 621
f 574 575 622
f 575 623 622
f 575 576 623
f 576 624 623
f 576 529 624
f 529 577 624
f 577 578 625
f 578 626 625
f 578 579 626
f 579 627 626
f 579 580 627
f 580 628 627
f 580 581 628
f 581 629 628
f 581 582 629
f 582 630 629
f 582 583 630
f 583 631 630
f 583 584 631
f 584 632 631
f 584 585 632
f 585 633 632
f 585 586 633
f 586 634 633
f 586 587 634
f 587 635 634
f 587 588 635
f 588 636 635
f 588 589 636
f 589 637 636
f 589 590 637
f 590 638 637
f 590 591 638
f 591 639 638
f 591 592 639
f 592 640 639
f 592 593 640
f 593 641 640
f 593 594 641
f 594 642 641
f 594 595 642
f 595 643 642
f 595 596 643
f 596 644 643
f 596 597 644
f 597 645 644
f 597 598 645
f 598 646 645
f 598 599 646
f 599 647 646
f 599 600 647
f 600 648 647
f 600 601 648
f 601 649 648
f 601 602 649
f 602 650 649
f 602 603 650
f 603 651 650
f 603 604 651
f 604 652 651
f 604 605 652
f 605 653 652
f 605 606 653
f 606 654 653
f 606 607 654
f 607 655 654
f 607 608 655
f 608 656 655
f 608 609 656
f 609 657 656
f 609 610 657
f 610 658 657
f 610 611 658
f 611 659 658
f 611 612 659
f 612 660 659
f 612 613 660
f 613 661 660
f 613 614 661
f 614 662 661
f 614 615 662
f 615 663 662
f 615 616 663
f 616 664 663
f 616 617 664
f 617 665 664
f 617 618 665
f 618 666 665
f 618 619 666
f 619 667 666
f 619 620 667
f 620 668 667
f 620 621 668
f 621 669 668
f 621 622 669
f 622 670 669
f 622 623 670
f 623 671 670
f 623 624 671
f 624 672 671
f 624 577 672
f 577 625 672
f 625 626 673
f 626 674 673
f 626 627 674
f 627 675 674
f 627 628 675
f 628 676 675
f 628 629 676
f 629 677 676
f 629 630 677
f 630 678 677
f 630 631 678
f 631 679 678
f 631 632 679
f 632 680 679
f 632 633 680
f 633 681 680
f 633 634 681
f 634 682 681
f 634 635 682
f 635 683 682
f 635 636 683
f 636 684 683
f 636 637 684
f 637 685 684
f 637 638 685
f 638 686 685
f 638 639 686
f 639 687 686
f 639 640 687
f 640 688 687
f 640 641 688
f 641 689 688
f 641 642 689
f 642 690 689
f 642 643 690
f 643 691 690
f 643 644 691
f 644 692 691
f 644 645 692
f 645 693 692
f 645 646 693
f 646 694 693
f 646 647 694
f 647 695 694
f 647 648 695
f 648 696 695
f 648 649 696
f 649 697 696
f 649 650 697
f 650 698 697
f 650 651 698
f 651 699 698
f 651 652 699
f 652 700 699
f 652 653 700
f 653 701 700
f 653 654 701
f 654 702 701
f 654 655 702
f 655 703 702
f 655 656 703
f 656 704 703
f 656 657 704
f 657 705 704
f 657 658 705
f 658 706 705
f 658 659 706
f 659 707 706
f 659 660 707
f 660 708 707
f 660 661 708
f 661 709 708
f 661 662 709
f 662 710 709
f 662 663 710
f 663 711 710
f 663 664 711
f 664 712 711
f 664 665 712
f 665 713 712
f 665 666 713
f 666 714 713
f 666 667 714
f 667 715 714
f 667 668 715
f 668 716 715
f 668 669 716
f 669 717 716
f 669 670 717
f 670 718 717
f 670 671 718
f 671 719 718
f 671 672 719
f 672 720 719
f 672 625 720
f 625 673 720
f 673 674 721
f 674 722 721
f 674 675 722
f 675 723 722
f 675 676 723
f 676 724 723
f 676 677 724
f 677 725 724
f 677 678 725
f 678 726 725
f 678 679 726
f 679 727 726
f 679 680 727
f 680 728 727
f 680 681 728
f 681 729 728
f 681 682 729
f 682 730 729
f 682 683 730
f 683 731 730
f 683 684 731
f 684 732 731
f 684 685 732
f 685 733 732
f 685 686 733
f 686 734 733
f 686 687 734
f 687 735 734
f 687 688 735
f 688 736 735
f 688 689 736
f 689 737 736
f 689 690 737
f 690 738 737
f 690 691 738
f 691 739 738
f 691 692 739
f 692 740 739
f 692 693 740
f 693 741 740
f 693 694 741
f 694 742 741
f 694 695 742
f 695 743 742
f 695 696 743
f 696 744 743
f 696 697 744
f 697 745 744
f 697 698 745
f 698 746 745
f 698 699 746
f 699 747 746
f 699 700 747
f 700 748 747
f 700 701 748
f 701 749 748
f 701 702 749
f 702 750 749
f 702 703 750
f 703 751 750
f 703 704 751
f 704 752 751
f 704 705 752
f 705 753 752
f 705 706 753
f 706 754 753
f 706 707 754
f 707 755 754
f 707 708 755
f 708 756 755
f 708 709 756
f 709 757 756
f 709 710 757
f 710 758 757
f 710 711 758
f 711 759 758
f 711 712 759
f 712 760 759
f 712 713 760
f 713 761 760
f 713 714 761
f 714 762 761
f 714 715 762
f 715 763 762
f 715 716 763
f 716 764 763
f 716 717 764
f 717 765 764
f 717 718 765
f 718 766 765
f 718 719 766
f 719 767 766
f 719 720 767
f 720 768 767
f 720 673 768
f 673 721 768
f 721 722 769
f 722 770 769
f 722 723 770
f 723 771 770
f 723 724 771
f 724 772 771
f 724 725 772
f 725 773 772
f 725 726 773
f 726 774 773
f 726 727 774
f 727 775 774
f 727 728 775
f 728 776 775
f 728 729 776
f 729 777 776
f 729 730 777
f 730 778 777
f 730 731 778
f 731 779 778
f 731 732 779
f 732 780 779
f 732 733 780
f 733 781 780
f 733 734 781
f 734 782 781
f 734 735 782
f 735 783 782
f 735 736 783
f 736 784 783
f 736 737 784
f 737 785 784
f 737 738 785
f 738 786 785
f 738 739 786
f 739 787 786
f 739 740 787
f 740 788 787
f 740 741 788
f 741 789 788
f 741 742 789
f 742 790 789
f 742 743 790
f 743 791 790
f 743 744 791
f 744 792 791
f 744 745 792
f 745 793 792
f 745 746 793
f 746 794 793
f 746 747 794
f 747 795 794
f 747 748 795
f 748 796 795
f 748 749 796
f 749 797 796
f 749 750 797
f 750 798 797
f 750 751 798
f 751 799 798
f 751 752 799
f 752 800 799
f 752 753 800
f 753 801 800
f 753 754 801
f 754 802 801
f 754 755 802
f 755 803 802
f 755 756 803
f 756 804 803
f 756 757 804
f 757 805 804
f 757 758 805
f 758 806 805
f 758 759 806
f 759 807 806
f 759 760 807
f 760 808 807
f 760 761 808
f 761 809 808
f 761 762 809
f 762 810 809
f 762 763 810
f 763 811 810
f 763 764 811
f 764 812 811
f 764 765 812
f 765 813 812
f 765 766 813
f 766 814 813
f 766 767 814
f 767 815 814
f 767 768 815
f 768 816 815
f 768 721 816
f 721 769 816
f 769 770 817
f 770 818 817
f 770 771 818
f 771 819 818
f 771 772 819
f 772 820 819
f 772 773 820
f 773 821 820
f 773 774 821
f 774 822 821
f 774 775 822
f 775 823 822
f 775 776 823
f 776 824 823
f 776 777 824
f 777 825 824
f 777 778 825
f 778 826 825
f 778 779 826
f 779 827 826
f 779 780 827
f 780 828 827
f 780 781 828
f 781 829 828
f 781 782 829
f 782 830 829
f 782 783 830
f 783 831 830
f 783 784 831
f 784 832 831
f 784 785 832
f 785 833 832
f 785 786 833
f 786 834 833
f 786 787 834
f 787 835 834
f 787 788 835
f 788 836 835
f 788 789 836
f 789 837 836
f 789 790 837
f 790 838 837
f 790 791 838
f 791 839 838
f 791 792 839
f 792 840 839
f 792 793 840
f 793 841 840
f 793 794 841
f 794 842 841
f 794 795 842
f 795 843 842
f 795 796 843
f 796 844 843
f 796 797 844
f 797 845 844
f 797 798 845
f 798 846 845
f 798 799 846
f 799 847 846
f 799 800 847
f 800 848 847
f 800 801 848
f 801 849 848
f 801 802 849
f 802 850 849
f 802 803 850
f 803 851 850
f 803 804 851
f 804 852 851
f 804 805 852
f 805 853 852
f 805 806 853
f 806 854 853
f 806 807 854
f 807 855 854
f 807 808 855
f 808 856 855
f 808 809 856
f 809 857 856
f 809 810 857
f 810 858 857
f 810 811 858
f 811 859 858
f 811 812 859
f 812 860 859
f 812 813 860
f 813 861 860
f 813 814 861
f 814 862 861
f 814 815 862
f 815 863 862
f 815 816 863
f 816 864 863
f 816 769 864
f 769 817 864
f 817 818 865
f 818 866 865
f 818 819 866
f 819 867 866
f 819 820 867
f 820 868 867
f 820 821 868
f 821 869 868
f 821 822 869
f 822 870 869
f 822 823 870
f 823 871 870
f 823 824 871
f 824 872 871
f 824 825 872
f 825 873 872
f 825 826 873
f 826 874 873
f 826 827 874
f 827 875 874
f 827 828 875
f 828 876 875
f 828 829 876
f 829 877 876
f 829 830 877
f 830 878 877
f 830 831 878
f 831 879 878
f 831 832 879
f 832 880 879
f 832 833 880
f 833 881 880
f 833 834 881
f 834 882 881
f 834 835 882
f 835 883 882
f 835 836 883
f 836 884 883
f 836 837 884
f 837 885 884
f 837 838 885
f 838 886 885
f 838 839 886
f 839 887 886
f 839 840 887
f 840 888 887
f 840 841 888
f 841 889 888
f 841 842 889
f 842 890 889
f 842 843 890
f 843 891 890
f 843 844 891
f 844 892 891
f 844 845 892
f 845 893 892
f 845 846 893
f 846 894 893
f 846 847 894
f 847 895 894
f 847 848 895
f 848 896 895
f 848 849 896
f 849 897 896
f 849 850 897
f 850 898 897
f 850 851 898
f 851 899 898
f 851 852 899
f 852 900 899
f 852 853 900
f 853 901 900
f 853 854 901
f 854 902 901
f 854 855 902
f 855 903 902
f 855 856 903
f 856 904 903
f 856 857 904
f 857 905 904
f 857 858 905
f 858 906 905
f 858 859 906
f 859 907 906
f 859 860 907
f 860 908 907
f 860 861 908
f 861 909 908
f 861 862 909
f 862 910 909
f 862 863 910
f 863 911 910
f 863 864 911
f 864 912 911
f 864 817 912
f 817 865 912
f 865 866 913
f 866 914 913
f 866 867 914
f 867 915 914
f 867 868 915
f 868 916 915
f 868 869 916
f 869 917 916
f 869 870 917
f 870 918 917
f 870 871 918
f 871 919 918
f 871 872 919
f 872 920 919
f 872 873 920
f 873 921 920
f 873 874 921
f 874 922 921
f 874 875 922
f 875 923 922
f 875 876 923
f 876 924 923
f 876 877 924
f 877 925 924
f 877 878 925
f 878 926 925
f 878 879 926
f 879 927 926
f 879 880 927
f 880 928 927
f 880 881 928
f 881 929 928
f 881 882 929
f 882 930 929
f 882 883 930
f 883 931 930
f 883 884 931
f 884 932 931
f 884 885 932
f 885 933 932
f 885 886 933
f 886 934 933
f 886 887 934
f 887 935 934
f 887 888 935
f 888 936 935
f 888 889 936
f 889 937 936
f 889 890 937
f 890 938 937
f 890 891 938
f 891 939 938
f 891 892 939
f 892 940 939
f 892 893 940
f 893 941 940
f 893 894 941
f 894 942 941
f 894 895 942
f 895 943 942
f 895 896 943
f 896 944 943
f 896 897 944
f 897 945 944
f 897 898 945
f 898 946 945
f 898 899 946
f 899 947 946
f 899 900 947
f 900 948 947
f 900 901 948
f 901 949 948
f 901 902 949
f 902 950 949
f 902 903 950
f 903 951 950
f 903 904 951
f 904 952 951
f 904 905 952
f 905 953 952
f 905 906 953
f 906 954 953
f 906 907 954
f 907 955 954
f 907 908 955
f 908 956 955
f 908 909 956
f 909 957 956
f 909 910 957
f 910 958 957
f 910 911 958
f 911 959 958
f 911 912 959
f 912 960 959
f 912 865 960
f 865 913 960
f 913 914 961
f 914 962 961
f 914 915 962
f 915 963 962
f 915 916 963
f 916 964 963
f 916 917 964
f 917 965 964
f 917 918 965
f 918 966 965
f 918 919 966
f 919 967 966
f 919 920 967
f 920 968 967
f 920 921 968
f 921 969 968
f 921 922 969
f 922 970 969
f 922 923 970
f 923 971 970
f 923 924 971
f 924 972 971
f 924 925 972
f 925 973 972
f 925 926 973
f 926 974 973
f 926 927 974
f 927 975 974
f 927 928 975
f 928 976 975
f 928 929 976
f 929 977 976
f 929 930 977
f 930 978 977
f 930 931 978
f 931 979 978
f 931 932 979
f 932 980 979
f 932 933 980
f 933 981 980
f 933 934 981
f 934 982 981
f 934 935 982
f 935 983 982
f 935 936 983
f 936 984 983
f 936 937 984
f 937 985 984
f 937 938 985
f 938 986 985
f 938 939 986
f 939 987 986
f 939 940 987
f 940 988 987
f 940 941 988
f 941 989 988
f 941 942 989
f 942 990 989
f 942 943 990
f 943 991 990
f 943 944 991
f 944 992 991
f 944 945 992
f 945 993 992
f 945 946 993
f 946 994 993
f 946 947 994
f 947 995 994
f 947 948 995
f 948 996 995
f 948 949 996
f 949 997 996
f 949 950 997
f 950 998 997
f 950 951 998
f 951 999 998
f 951 952 999
f 952 1000 999
f 952 953 1000
f 953 1001 1000
f 953 954 1001
f 954 1002 1001
f 954 955 1002
f 955 1003 1002
f 955 956 1003
f 956 1004 1003
f 956 957 1004
f 957 1005 1004
f 957 958 1005
f 958 1006 1005
f 958 959 1006
f 959 1007 1006
f 959 960 1007
f 960 1008 1007
f 960 913 1008
f 913 961 1008
f 961 962 1009
f 962 1010 1009
f 962 963 1010
f 963 1011 1010
f 963 964 1011
f 964 1012 1011
f 964 965 1012
f 965 1013 1012
f 965 966 1013
f 966 1014 1013
f 966 967 1014
f 967 1015 1014
f 967 968 1015
f 968 1016 1015
f 968 969 1016
f 969 1017 1016
f 969 970 1017
f 970 1018 1017
f 970 971 1018
f 971 1019 1018
f 971 972 1019
f 972 1020 1019
f 972 973 1020
f 973 1021 1020
f 973 974 1021
f 974 1022 1021
f 974 975 1022
f 975 1023 1022
f 975 976 1023
f 976 1024 1023
f 976 977 1024
f 977 1025 1024
f 977 978 1025
f 978 1026 1025
f 978 979 1026
f 979 1027 1026
f 979 980 1027
f 980 1028 1027
f 980 981 1028
f 981 1029 1028
f 981 982 1029
f 982 1030 1029
f 982 983 1030
f 983 1031 1030
f 983 984 1031
f 984 1032 1031
f 984 985 1032
f 985 1033 1032
f 985 986 1033
f 986 1034 1033
f 986 987 1034
f 987 1035 1034
f 987 988 1035
f 988 1036 1035
f 988 989 1036
f 989 1037 1036
f 989 990 1037
f 990 1038 1037
f 990 991 1038
f 991 1039 1038
f 991 992 1039
f 992 1040 1039
f 992 993 1040
f 993 1041 1040
f 993 994 1041
f 994 1042 1041
f 994 995 1042
f 995 1043 1042
f 995 996 1043
f 996 1044 1043
f 996 997 1044
f 997 1045 1044
f 997 998 1045
f 998 1046 1045
f 998 999 1046
f 999 1047 1046
f 999 1000 1047
f 1000 1048 1047
f 1000 1001 1048
f 1001 1049 1048
f 1001 1002 1049
f 1002 1050 1049
f 1002 1003 1050
f 1003 1051 1050
f 1003 1004 1051
f 1004 1052 1051
f 1004 1005 1052
f 1005 1053 1052
f 1005 1006 1053
f 1006 1054 1053
f 1006 1007 1054
f 1007 1055 1054
f 1007 1008 1055
f 1008 1056 1055
f 1008 961 1056
f 961 1009 1056
f 1009 1010 1057
f 1010 1058 1057
f 1010 1011 1058
f 1011 1059 1058
f 1011 1012 1059
f 1012 1060 1059
f 1012 1013 1060
f 1013 1061 1060
f 1013 1014 1061
f 1014 1062 1061
f 1014 1015 1062
f 1015 1063 1062
f 1015 1016 1063
f 1016 1064 1063
f 1016 1017 1064
f 1017 1065 1064
f 1017 1018 1065
f 1018 1066 1065
f 1018 1019 1066
f 1019 1067 1066
f 1019 1020 1067
f 1020 1068 1067
f 1020 1021 1068
f 1021 1069 1068
f 1021 1022 1069
f 1022 1070 1069
f 1022 1023 1070
f 1023 1071 1070
f 1023 1024 1071
f 1024 1072 1071
f 1024 1025 1072
f 1025 1073 1072
f 1025 1026 1073
f 1026 1074 1073
f 1026 1027 1074
f 1027 1075 1074
f 1027 1028 1075
f 1028 1076 1075
f 1028 1029 1076
f 1029 1077 1076
f 1029 1030 1077
f 1030 1078 1077
f 1030 1031 1078
f 1031 1079 1078
f 1031 1032 1079
f 1032 1080 1079
f 1032 1033 1080
f 1033 1081 1080
f 1033 1034 1081
f 1034 1082 1081
f 1034 1035 1082
f 1035 1083 1082
f 1035 1036 1083
f 1036 1084 1083
f 1036 1037 1084
f 1037 1085 1084
f 1037 1038 1085
f 1038 1086 1085
f 1038 1039 1086
f 1039 1087 1086
f 1039 1040 1087
f 1040 1088 1087
f 1040 1041 1088
f 1041 1089 1088
f 1041 1042 1089
f 1042 1090 1089
f 1042 1043 1090
f 1043 1091 1090
f 1043 1044 1091
f 1044 1092 1091
f 1044 1045 1092
f 1045 1093 1092
f 1045 1046 1093
f 1046 1094 1093
f 1046 1047 1094
f 1047 1095 1094
f 1047 1048 1095
f 1048 1096 1095
f 1048 1049 1096
f 1049 1097 1096
f 1049 1050 1097
f 1050 1098 1097
f 1050 1051 1098
f 1051 1099 1098
f 1051 1052 1099
f 1052 1100 1099
f 1052 1053 1100
f 1053 1101 1100
f 1053 1054 1101
f 1054 1102 1101
f 1054 1055 1102
f 1055 1103 1102
f 1055 1056 1103
f 1056 1104 1103
f 1056 1009 1104
f 1009 1057 1104
f 1057 1058 1105
f 1058 1106 1105
f 1058 1059 1106
f 1059 1107 1106
f 1059 1060 1107
f 1060 1108 1107
f 1060 1061 1108
f 1061 1109 1108
f 1061 1062 1109
f 1062 1110 1109
f 1062 1063 1110
f 1063 1111 1110
f 1063 1064 1111
f 1064 1112 1111
f 1064 1065 1112
f 1065 1113 1112
f 1065 1066 1113
f 1066 1114 1113
f 1066 1067 1114
f 1067 1115 1114
f 1067 1068 1115
f 1068 1116 1115
f 1068 1069 1116
f 1069 1117 1116
f 1069 1070 1117
f 1070 1118 1117
f 1070 1071 1118
f 1071 1119 1118
f 1071 1072 1119
f 1072 1120 1119
f 1072 1073 1120
f 1073 1121 1120
f 1073 1074 1121
f 1074 1122 1121
f 1074 1075 1122
f 1075 1123 1122
f 1075 1076 1123
f 1076 1124 1123
f 1076 1077 1124
f 1077 1125 1124
f 1077 1078 1125
f 1078 1126 1125
f 1078 1079 1126
f 1079 1127 1126
f 1079 1080 1127
f 1080 1128 1127
f 1080 1081 1128
f 1081 1129 1128
f 1081 1082 1129
f 1082 1130 1129
f 1082 1083 1130
f 1083 1131 1130
f 1083 1084 1131
f 1084 1132 1131
f 1084 1085 1132
f 1085 1133 1132
f 1085 1086 1133
f 1086 1134 1133
f 1086 1087 1134
f 1087 1135 1134
f 1087 1088 1135
f 1088 1136 1135
f 1088 1089 1136
f 1089 1137 1136
f 1089 1090 1137
f 1090 1138 1137
f 1090 1091 1138
f 1091 1139 1138
f 1091 1092 1139
f 1092 1140 1139
f 1092 1093 1140
f 1093 1141 1140
f 1093 1094 1141
f 1094 1142 1141
f 1094 1095 1142
f 1095 1143 1142
f 1095 1096 1143
f 1096 1144 1143
f 1096 1097 1144
f 1097 1145 1144
f 1097 1098 1145
f 1098 1146 1145
f 1098 1099 1146
f 1099 1147 1146
f 1099 1100 1147
f 1100 1148 1147
f 1100 1101 1148
f 1101 1149 1148
f 1101 1102 1149
f 1102 1150 1149
f 1102 1103 1150
f 1103 1151 1150
f 1103 1104 1151
f 1104 1152 1151
f 1104 1057 1152
f 1057 1105 1152
f 1105 1106 1153
f 1106 1154 1153
f 1106 1107 1154
f 1107 1155 1154
f 1107 1108 1155
f 1108 1156 1155
f 1108 1109 1156
f 1109 1157 1156
f 1109 1110 1157
f 1110 1158 1157
f 1110 1111 1158
f 1111 1159 1158
f 1111 1112 1159
f 1112 1160 1159
f 1112 1113 1160
f 1113 1161 1160
f 1113 1114 1161
f 1114 1162 1161
f 1114 1115 1162
f 1115 1163 1162
f 1115 1116 1163
f 1116 1164 1163
f 1116 1117 1164
f 1117 1165 1164
f 1117 1118 1165
f 1118 1166 1165
f 1118 1119 1166
f 1119 1167 1166
f 1119 1120 1167
f 1120 1168 1167
f 1120 1121 1168
f 1121 1169 1168
f 1121 1122 1169
f 1122 1170 1169
f 1122 1123 1170
f 1123 1171 1170
f 1123 1124 1171
f 1124 1172 1171
f 1124 1125 1172
f 1125 1173 1172
f 1125 1126 1173
f 1126 1174 1173
f 1126 1127 1174
f 1127 1175 1174
f 1127 1128 1175
f 1128 1176 1175
f 1128 1129 1176
f 1129 1177 1176
f 1129 1130 1177
f 1130 1178 1177
f 1130 1131 1178
f 1131 1179 1178
f 1131 1132 1179
f 1132 1180 1179
f 1132 1133 1180
f 1133 1181 1180
f 1133 1134 1181
f 1134 1182 1181
f 1134 1135 1182
f 1135 1183 1182
f 1135 1136 1183
f 1136 1184 1183
f 1136 1137 1184
f 1137 1185 1184
f 1137 1138 1185
f 1138 1186 1185
f 1138 1139 1186
f 1139 1187 1186
f 1139 1140 1187
f 1140 1188 1187
f 1140 1141 1188
f 1141 1189 1188
f 1141 1142 1189
f 1142 1190 1189
f 1142 1143 1190
f 1143 1191 1190
f 1143 1144 1191
f 1144 1192 1191
f 1144 1145 1192
f 1145 1193 1192
f 1145 1146 1193
f 1146 1194 1193
f 1146 1147 1194
f 1147 1195 1194
f 1147 1148 1195
f 1148 1196 1195
f 1148 1149 1196
f 1149 1197 1196
f 1149 1150 1197
f 1150 1198 1197
f 1150 1151 1198
f 1151 1199 1198
f 1151 1152 1199
f 1152 1200 1199
f 1152 1105 1200
f 1105 1153 1200
f 1153 1154 1201
f 1154 1202 1201
f 1154 1155 1202
f 1155 1203 1202
f 1155 1156 1203
f 1156 1204 1203
f 1156 1157 1204
f 1157 1205 1204
f 1157 1158 1205
f 1158 1206 1205
f 1158 1159 1206
f 1159 1207 1206
f 1159 1160 1207
f 1160 1208 1207
f 1160 1161 1208
f 1161 1209 1208
f 1161 1162 1209
f 1162 1210 1209
f 1162 1163 1210
f 1163 1211 1210
f 1163 1164 1211
f 1164 1212 1211
f 1164 1165 1212
f 1165 1213 1212
f 1165 1166 1213
f 1166 1214 1213
f 1166 1167 1214
f 1167 1215 1214
f 1167 1168 1215
f 1168 1216 1215
f 1168 1169 1216
f 1169 1217 1216
f 1169 1170 1217
f 1170 1218 1217
f 1170 1171 1218
f 1171 1219 1218
f 1171 1172 1219
f 1172 1220 1219
f 1172 1173 1220
f 1173 1221 1220
f 1173 1174 1221
f 1174 1222 1221
f 1174 1175 1222
f 1175 1223 1222
f 1175 1176 1223
f 1176 1224 1223
f 1176 1177 1224
f 1177 1225 1224
f 1177 1178 1225
f 1178 1226 1225
f 1178 1179 1226
f 1179 1227 1226
f 1179 1180 1227
f 1180 1228 1227
f 1180 1181 1228
f 1181 1229 1228
f 1181 1182 1229
f 1182 1230 1229
f 1182 1183 1230
f 1183 1231 1230
f 1183 1184 1231
f 1184 1232 1231
f 1184 1185 1232
f 1185 1233 1232
f 1185 1186 1233
f 1186 1234 1233
f 1186 1187 1234
f 1187 1235 1234
f 1187 1188 1235
f 1188 1236 1235
f 1188 1189 1236
f 1189 1237 1236
f 1189 1190 1237
f 1190 1238 1237
f 1190 1191 1238
f 1191 1239 1238
f 1191 1192 1239
f 1192 1240 1239
f 1192 1193 1240
f 1193 1241 1240
f 1193 1194 1241
f 1194 1242 1241
f 1194 1195 1242
f 1195 1243 1242
f 1195 1196 1243
f 1196 1244 1243
f 1196 1197 1244
f 1197 1245 1244
f 1197 1198 1245
f 1198 1246 1245
f 1198 1199 1246
f 1199 1247 1246
f 1199 1200 1247
f 1200 1248 1247
f 1200 1153 1248
f 1153 1201 1248
f 1201 1202 1249
f 1202 1250 1249
f 1202 1203 1250
f 1203 1251 1250
f 1203 1204 1251
f 1204 1252 1251
f 1204 1205 1252
f 1205 1253 1252
f 1205 1206 1253
f 1206 1254 1253
f 1206 1207 1254
f 1207 1255 1254
f 1207 1208 1255
f 1208 1256 1255
f 1208 1209 1256
f 1209 1257 1256
f 1209 1210 1257
f 1210 1258 1257
f 1210 1211 1258
f 1211 1259 1258
f 1211 1212 1259
f 1212 1260 1259
f 1212 1213 1260
f 1213 1261 1260
f 1213 1214 1261
f 1214 1262 1261
f 1214 1215 1262
f 1215 1263 1262
f 1215 1216 1263
f 1216 1264 1263
f 1216 1217 1264
f 1217 1265 1264
f 1217 1218 1265
f 1218 1266 1265
f 1218 1219 1266
f 1219 1267 1266
f 1219 1220 1267
f 1220 1268 1267
f 1220 1221 1268
f 1221 1269 1268
f 1221 1222 1269
f 1222 1270 1269
f 1222 1223 1270
f 1223 1271 1270
f 1223 1224 1271
f 1224 1272 1271
f 1224 1225 1272
f 1225 1273 1272
f 1225 1226 1273
f 1226 1274 1273
f 1226 1227 1274
f 1227 1275 1274
f 1227 1228 1275
f 1228 1276 1275
f 1228 1229 1276
f 1229 1277 1276
f 1229 1230 1277
f 1230 1278 1277
f 1230 1231 1278
f 1231 1279 1278
f 1231 1232 1279
f 1232 1280 1279
f 1232 1233 1280
f 1233 1281 1280
f 1233 1234 1281
f 1234 1282 1281
f 1234 1235 1282
f 1235 1283 1282
f 1235 1236 1283
f 1236 1284 1283
f 1236 1237 1284
f 1237 1285 1284
f 1237 1238 1285
f 1238 1286 1285
f 1238 1239 1286
f 1239 1287 1286
f 1239 1240 1287
f 1240 1288 1287
f 1240 1241 1288
f 1241 1289 1288
f 1241 1242 1289
f 1242 1290 1289
f 1242 1243 1290
f 1243 1291 1290
f 1243 1244 1291
f 1244 1292 1291
f 1244 1245 1292
f 1245 1293 1292
f 1245 1246 1293
f 1246 1294 1293
f 1246 1247 1294
f 1247 1295 1294
f 1247 1248 1295
f 1248 1296 1295
f 1248 1201 1296
f 1201 1249 1296
f 1249 1250 1297
f 1250 1298 1297
f 1250 1251 1298
f 1251 1299 1298
f 1251 1252 1299
f 1252 1300 1299
f 1252 1253 1300
f 1253 1301 1300
f 1253 1254 1301
f 1254 1302 1301
f 1254 1255 1302
f 1255 1303 1302
f 1255 1256 1303
f 1256 1304 1303
f 1256 1257 1304
f 1257 1305 1304
f 1257 1258 1305
f 1258 1306 1305
f 1258 1259 1306
f 1259 1307 1306
f 1259 1260 1307
f 1260 1308 1307
f 1260 1261 1308
f 1261 1309 1308
f 1261 1262 1309
f 1262 1310 1309
f 1262 1263 1310
f 1263 1311 1310
f 1263 1264 1311
f 1264 1312 1311
f 1264 1265 1312
f 1265 1313 1312
f 1265 1266 1313
f 1266 1314 1313
f 1266 1267 1314
f 1267 1315 1314
f 1267 1268 1315
f 1268 1316 1315
f 1268 1269 1316
f 1269 1317 1316
f 1269 1270 1317
f 1270 1318 1317
f 1270 1271 1318
f 1271 1319 1318
f 1271 1272 1319
f 1272 1320 1319
f 1272 1273 1320
f 1273 1321 1320
f 1273 1274 1321
f 1274 1322 1321
f 1274 1275 1322
f 1275 1323 1322
f 1275 1276 1323
f 1276 1324 1323
f 1276 1277 1324
f 1277 1325 1324
f 1277 1278 1325
f 1278 1326 1325
f 1278 1279 1326
f 1279 1327 1326
f 1279 1280 1327
f 1280 1328 1327
f 1280 1281 1328
f 1281 1329 1328
f 1281 1282 1329
f 1282 1330 1329
f 1282 1283 1330
f 1283 1331 1330
f 1283 1284 1331
f 1284 1332 1331
f 1284 1285 1332
f 1285 1333 1332
f 1285 1286 1333
f 1286 1334 1333
f 1286 1287 1334
f 1287 1335 1334
f 1287 1288 1335
f 1288 1336 1335
f 1288 1289 1336
f 1289 1337 1336
f 1289 1290 1337
f 1290 1338 1337
f 1290 1291 1338
f 1291 1339 1338
f 1291 1292 1339
f 1292 1340 1339
f 1292 1293 1340
f 1293 1341 1340
f 1293 1294 1341
f 1294 1342 1341
f 1294 1295 1342
f 1295 1343 1342
f 1295 1296 1343
f 1296 1344 1343
f 1296 1249 1344
f 1249 1297 1344
f 31 30 32
f 32 30 1345
f 32 1346 33
f 32 1345 1346
f 33 1346 34
f 34 1346 1347
f 34 1348 35
f 34 1347 1348
f 35 1348 36
f 36 1348 1349
f 36 1350 37
f 36 1349 1350
f 37 1350 38
f 38 1350 1351
f 38 1352 39
f 38 1351 1352
f 39 1352 40
f 40 1352 1353
f 40 1354 41
f 40 1353 1354
f 41 1354 42
f 42 1354 1355
f 42 44 43
f 42 1355 44
f 30 1356 1345
f 30 29 1356
f 1345 1356 1346
f 1346 1356 1357
f 1346 1358 1347
f 1346 1357 1358
f 1347 1358 1348
f 1348 1358 1359
f 1348 1360 1349
f 1348 1359 1360
f 1349 1360 1350
f 1350 1360 1361
f 1350 1362 1351
f 1350 1361 1362
f 1351 1362 1352
f 1352 1362 1363
f 1352 1364 1353
f 1352 1363 1364
f 1353 1364 1354
f 1354 1364 1365
f 1354 1366 1355
f 1354 1365 1366
f 1355 1366 44
f 44 1366 45
f 29 28 1356
f 1356 28 1367
f 1356 1368 1357
f 1356 1367 1368
f 1357 1368 1358
f 1358 1368 1369
f 1358 1370 1359
f 1358 1369 1370
f 1359 1370 1360
f 1360 1370 1371
f 1360 1372 1361
f 1360 1371 1372
f 1361 1372 1362
f 1362 1372 1373
f 1362 1374 1363
f 1362 1373 1374
f 1363 1374 1364
f 1364 1374 1375
f 1364 1376 1365
f 1364 1375 1376
f 1365 1376 1366
f 1366 1376 1377
f 1366 46 45
f 1366 1377 46
f 28 1378 1367
f 28 27 1378
f 1367 1378 1368
f 1368 1378 1379
f 1368 1380 1369
f 1368 1379 1380
f 1369 1380 1370
f 1370 1380 1381
f 1370 1382 1371
f 1370 1381 1382
f 1371 1382 1372
f 1372 1382 1383
f 1372 1384 1373
f 1372 1383 1384
f 1373 1384 1374
f 1374 1384 1385
f 1374 1386 1375
f 1374 1385 1386
f 1375 1386 1376
f 1376 1386 1387
f 1376 1388 1377
f 1376 1387 1388
f 1377 1388 46
f 46 1388 47
f 27 26 1378
f 1378 26 1389
f 1378 1390 1379
f 1378 1389 1390
f 1379 1390 1380
f 1380 1390 1391
f 1380 1392 1381
f 1380 1391 1392
f 1381 1392 1382
f 1382 1392 1393
f 1382 1394 1383
f 1382 1393 1394
f 1383 1394 1384
f 1384 1394 1395
f 1384 1396 1385
f 1384 1395 1396
f 1385 1396 1386
f 1386 1396 1397
f 1386 1398 1387
f 1386 1397 1398
f 1387 1398 1388
f 1388 1398 1399
f 1388 48 47
f 1388 1399 48
f 26 1400 1389
f 26 25 1400
f 1389 1400 1390
f 1390 1400 1401
f 1390 1402 1391
f 1390 1401 1402
f 1391 1402 1392
f 1392 1402 1403
f 1392 1404 1393
f 1392 1403 1404
f 1393 1404 1394
f 1394 1404 1405
f 1394 1406 1395
f 1394 1405 1406
f 1395 1406 1396
f 1396 1406 1407
f 1396 1408 1397
f 1396 1407 1408
f 1397 1408 1398
f 1398 1408 1409
f 1398 1410 1399
f 1398 1409 1410
f 1399 1410 48
f 48 1410 1
f 25 24 1400
f 1400 24 1411
f 1400 1412 1401
f 1400 1411 1412
f 1401 1412 1402
f 1402 1412 1413
f 1402 1414 1403
f 1402 1413 1414
f 1403 1414 1404
f 1404 1414 1415
f 1404 1416 1405
f 1404 1415 1416
f 1405 1416 1406
f 1406 1416 1417
f 1406 1418 1407
f 1406 1417 1418
f 1407 1418 1408
f 1408 1418 1419
f 1408 1420 1409
f 1408 1419 1420
f 1409 1420 1410
f 1410 1420 1421
f 1410 2 1
f 1410 1421 2
f 24 1422 1411
f 24 23 1422
f 1411 1422 1412
f 1412 1422 1423
f 1412 1424 1413
f 1412 1423 1424
f 1413 1424 1414
f 1414 1424 1425
f 1414 1426 1415
f 1414 1425 1426
f 1415 1426 1416
f 1416 1426 1427
f 1416 1428 1417
f 1416 1427 1428
f 1417 1428 1418
f 1418 1428 1429
f 1418 1430 1419
f 1418 1429 1430
f 1419 1430 1420
f 1420 1430 1431
f 1420 1432 1421
f 1420 1431 1432
f 1421 1432 2
f 2 1432 3
f 23 22 1422
f 1422 22 1433
f 1422 1434 1423
f 1422 1433 1434
f 1423 1434 1424
f 1424 1434 1435
f 1424 1436 1425
f 1424 1435 1436
f 1425 1436 1426
f 1426 1436 1437
f 1426 1438 1427
f 1426 1437 1438
f 1427 1438 1428
f 1428 1438 1439
f 1428 1440 1429
f 1428 1439 1440
f 1429 1440 1430
f 1430 1440 1441
f 1430 1442 1431
f 1430 1441 1442
f 1431 1442 1432
f 1432 1442 1443
f 1432 4 3
f 1432 1443 4
f 22 1444 1433
f 22 21 1444
f 1433 1444 1434
f 1434 1444 1445
f 1434 1446 1435
f 1434 1445 1446
f 1435 1446 1436
f 1436 1446 1447
f 1436 1448 1437
f 1436 1447 1448
f 1437 1448 1438
f 1438 1448 1449
f 1438 1450 1439
f 1438 1449 1450
f 1439 1450 1440
f 1440 1450 1451
f 1440 1452 1441
f 1440 1451 1452
f 1441 1452 1442
f 1442 1452 1453
f 1442 1454 1443
f 1442 1453 1454
f 1443 1454 4
f 4 1454 5
f 21 20 1444
f 1444 20 1455
f 1444 1456 1445
f 1444 1455 1456
f 1445 1456 1446
f 1446 1456 1457
f 1446 1458 1447
f 1446 1457 1458
f 1447 1458 1448
f 1448 1458 1459
f 1448 1460 1449
f 1448 1459 1460
f 1449 1460 1450
f 1450 1460 1461
f 1450 1462 1451
f 1450 1461 1462
f 1451 1462 1452
f 1452 1462 1463
f 1452 1464 1453
f 1452 1463 1464
f 1453 1464 1454
f 1454 1464 1465
f 1454 6 5
f 1454 1465 6
f 20 18 1455
f 20 19 18
f 1455 18 1456
f 1456 18 17
f 1456 16 1457
f 1456 17 16
f 1457 16 1458
f 1458 16 15
f 1458 14 1459
f 1458 15 14
f 1459 14 1460
f 1460 14 13
f 1460 12 1461
f 1460 13 12
f 1461 12 1462
f 1462 12 11
f 1462 10 1463
f 1462 11 10
f 1463 10 1464
f 1464 10 9
f 1464 8 1465
f 1464 9 8
f 1465 8 6
f 6 8 7
# grip center 0.0777835464 0.0142531033 0.601874018 active 1 orientation 1 0 0 0 patch_center 0
# ball 0 center 0.183897131 -0.0150793076 0.657059043 radius 0.07 appearance 0 orientation 0.125191258 0.191625157 0.11976268 -0.966055821 angular_velocity 3.8418002 13.9311137 -0.908425976 linear_velocity 1.36331414 0.437642251 -3.49652895
# ball 1 center 0.265321711 0.0212679896 0.343784084 radius 0.065 appearance 1 orientation 0.0199807103 0.210745716 -0.94510574 -0.248921986 angular_velocity 3.11550096 -6.58343881 -0.607962567 linear_velocity -1.01098356 -0.768615596 -3.3466466
# ball 2 center 0.285865205 0.138619932 0.269739505 radius 0.075 appearance 2 orientation 0.613259857 0.412908131 -0.541397548 -0.400384713 angular_velocity -12.8421465 19.0705128 -4.37011237 linear_velocity -0.253696176 0.446234816 -1.49216944
# ball 3 center 0.221889916 0.0491815991 0.191426372 radius 0.06 appearance 1 orientation 0.682292412 -0.245148774 -0.523215163 0.447911862 angular_velocity -18.3148589 36.2670856 -2.06856214 linear_velocity -2.6466717 -0.54336032 1.57469421
# ball 4 center 0.207970145 0.00125769639 0.068 radius 0.068 appearance 3 orientation 0.408183105 -0.0624115597 -0.869134436 -0.272207059 angular_velocity 29.9808712 -20.4043168 -1.28702604 linear_velocity -1.3914097 -2.0444534 -0.000275761073
# ball 5 center 0.208898579 -0.096605042 0.189226365 radius 0.072 appearance 0 orientation 0.89303512 -0.399267301 -0.206810029 0.0174214701 angular_velocity -6.95239197 13.8467785 -8.69190732 linear_velocity -1.78656057 0.443292835 -2.28560053
# ball 6 center 0.284118491 -0.103344864 0.321324468 radius 0.063 appearance 2 orientation -0.112906929 -0.859553966 -0.266266529 -0.421332576 angular_velocity -1.15466275 2.28989377 4.76326484 linear_velocity 0.0355903288 -0.64799006 -3.17148858
# ball 7 center 0.319123163 -0.0226383767 0.226973338 radius 0.066 appearance 3 orientation 0.958104008 -0.0711293168 -0.277163028 -0.0125692186 angular_velocity 3.09968256 13.0060912 -2.91929256 linear_velocity -0.783625601 -0.490487722 -3.33421471
# ball 8 center 0.150087317 -0.1193002 0.31886035 radius 0.072 appearance 0 orientation -0.428145712 0.196186437 -0.190499231 0.861343238 angular_velocity 14.8626711 21.3302998 -0.482128184 linear_velocity -0.0267997895 -0.358067679 -1.59645295
# ball 9 center 0.119247295 0.148022594 0.251669786 radius 0.064 appearance 1 orientation 0.0665944294 -0.11124097 0.154728996 -0.979412868 angular_velocity -10.0396457 -7.74985133 -8.69463046 linear_velocity -1.93136396 0.976940954 -2.61381139
# ball 10 center 0.134447446 0.141163393 0.07 radius 0.07 appearance 2 orientation -0.213013661 -0.729534121 -0.649365554 -0.0270097053 angular_velocity -10.2079533 -15.5290294 -1.21483615 linear_velocity -1.15581563 0.759771371 2.9671144e-14
# ball 11 center 0.0841406955 0.0259782933 0.219518342 radius 0.067 appearance 3 orientation 0.952675193 0.238823377 -0.0951529455 0.162232205 angular_velocity -16.807495 5.29063477 -0.629077711 linear_velocity -2.47149994 0.694673297 -0.961794046
