# Numi Solver explicit-yarn cloth bag reference
# static_bench min -0.75 -0.5 -0.08 max 0.75 0.5 0 floor -0.75
# vertices 1465 render_triangles 2880
v 0.270962311 -0.0146914947 0.708788123
v 0.275104438 0.0252950024 0.738429463
v 0.276886327 0.0691938364 0.746699372
v 0.267398406 0.103085693 0.718211352
v 0.258111433 0.133978739 0.687327478
v 0.257626261 0.139379704 0.645866102
v 0.234144194 0.174631088 0.64093465
v 0.244018364 0.215569077 0.632731523
v 0.248396024 0.247400854 0.603250459
v 0.258830837 0.257067293 0.561681761
v 0.257302203 0.255567549 0.520927547
v 0.25876429 0.24538149 0.48210813
v 0.254866306 0.267143511 0.447581947
v 0.262528937 0.27791512 0.41011302
v 0.275212296 0.280943708 0.372715294
v 0.289947231 0.272663269 0.33699687
v 0.31785774 0.269314445 0.309910633
v 0.32173309 0.248308928 0.277215808
v 0.333127063 0.253243379 0.239413828
v 0.358822387 0.229338503 0.214578178
v 0.388759082 0.236295011 0.179344078
v 0.411570135 0.216667166 0.141802811
v 0.415833819 0.177620128 0.115551387
v 0.414697873 0.128816911 0.11372985
v 0.391007379 0.0885929931 0.135022822
v 0.372919227 0.0573858598 0.163203367
v 0.368085673 0.0204451365 0.169078521
v 0.357939369 -0.0173695349 0.164570752
v 0.355559018 -0.0580362111 0.164161395
v 0.358216894 -0.096366436 0.17609622
v 0.36908867 -0.125046983 0.204761218
v 0.37468518 -0.154284932 0.231631829
v 0.371021346 -0.189423597 0.249377315
v 0.360917043 -0.221298908 0.276468229
v 0.35154242 -0.249931113 0.307553494
v 0.352758822 -0.262544138 0.348176634
v 0.334932626 -0.26214572 0.386842616
v 0.325071495 -0.260234931 0.4281145
v 0.300203121 -0.256049785 0.462952859
v 0.272172109 -0.24276457 0.491748922
v 0.284634106 -0.231450421 0.530658219
v 0.286208549 -0.202122142 0.563431728
v 0.285911797 -0.169937536 0.591924275
v 0.261443726 -0.13915604 0.607736005
v 0.247269496 -0.0987623934 0.613305586
v 0.238154586 -0.0598735334 0.603721113
v 0.2555948 -0.0380882406 0.626251457
v 0.261364008 -0.0217170126 0.661270377
v 0.263782642 -0.0109437024 0.710706835
v 0.26851708 0.0248075079 0.742371231
v 0.268519009 0.0684773922 0.746593543
v 0.257506985 0.0999054278 0.716263948
v 0.244804622 0.131549553 0.688188322
v 0.243193359 0.135455077 0.648169662
v 0.243280632 0.173384122 0.631154868
v 0.234149024 0.214957146 0.633077856
v 0.240716571 0.243257638 0.601955593
v 0.259294704 0.24737693 0.563103949
v 0.265313033 0.250132235 0.5224162
v 0.259912275 0.254175876 0.482969883
v 0.261983133 0.271364961 0.446784938
v 0.257541647 0.2707757 0.408085383
v 0.281559184 0.273938488 0.377763963
v 0.297142245 0.265991926 0.343622931
v 0.316562043 0.259297688 0.3115922
v 0.325205402 0.24189704 0.277890703
v 0.328067316 0.247497707 0.23785129
v 0.352507436 0.223958288 0.211127087
v 0.379345757 0.234923619 0.176813958
v 0.398953435 0.212608829 0.142674875
v 0.407138896 0.170806987 0.126830833
v 0.400264386 0.126000772 0.114792548
v 0.379952567 0.0895242921 0.139214585
v 0.363730144 0.0556345936 0.160638246
v 0.361249853 0.0191608745 0.164458519
v 0.362387913 -0.0204475358 0.169076561
v 0.349275295 -0.0593631261 0.161805
v 0.350751061 -0.096354615 0.178536559
v 0.361786333 -0.123715104 0.208852644
v 0.364876638 -0.154842721 0.23442066
v 0.365636869 -0.183357177 0.259669805
v 0.361352419 -0.212848712 0.287925787
v 0.34118296 -0.242448074 0.310078976
v 0.345638647 -0.25401276 0.349801853
v 0.338921265 -0.254075176 0.390843329
v 0.318104686 -0.264099135 0.425647212
v 0.298535996 -0.262523668 0.463504659
v 0.27722973 -0.240971537 0.493196909
v 0.280781116 -0.234664115 0.535119753
v 0.275853026 -0.202955309 0.564481965
v 0.273946876 -0.165721853 0.584463506
v 0.255006468 -0.131410348 0.596502434
v 0.251286952 -0.0923829538 0.604993319
v 0.23099743 -0.0603590506 0.608549804
v 0.251220785 -0.0438901856 0.632895883
v 0.25330927 -0.0236178365 0.666398598
v 0.253745768 -0.00574767002 0.707771844
v 0.253398898 0.026383854 0.736954804
v 0.252167765 0.0678447195 0.738251672
v 0.239215025 0.101786492 0.71592729
v 0.228622283 0.124153806 0.682602604
v 0.224294807 0.137485449 0.647360988
v 0.229182252 0.167571933 0.621830965
v 0.226753502 0.209198342 0.621267621
v 0.232918329 0.238187002 0.592829905
v 0.25396193 0.236933608 0.55707852
v 0.252806083 0.249385603 0.518450094
v 0.248924439 0.258328742 0.480809208
v 0.259629032 0.260694395 0.444131212
v 0.261427259 0.25985137 0.406621301
v 0.283764545 0.261668526 0.376720573
v 0.29937911 0.253676675 0.344291332
v 0.306587979 0.258663315 0.308566759
v 0.319198867 0.237625547 0.278526156
v 0.322619874 0.242818245 0.238559326
v 0.345770581 0.231415487 0.206205437
v 0.363202756 0.230939015 0.168451972
v 0.376454724 0.200010133 0.144131181
v 0.380603782 0.164579341 0.121998042
v 0.378036363 0.122538668 0.117504073
v 0.365429707 0.0879269682 0.138622483
v 0.356520432 0.0534109583 0.155289448
v 0.358277591 0.017532899 0.157817695
v 0.357913868 -0.0185292533 0.173204682
v 0.345965681 -0.0571791358 0.166396279
v 0.34430256 -0.0941635049 0.181220268
v 0.352950006 -0.127461887 0.204023056
v 0.350558278 -0.156746786 0.231052959
v 0.350384247 -0.174816485 0.263081114
v 0.35028037 -0.198592805 0.293175709
v 0.333972575 -0.227142765 0.316063413
v 0.331972665 -0.245423855 0.351507454
v 0.330820187 -0.242042451 0.391174717
v 0.312050269 -0.253122522 0.425036484
v 0.290222755 -0.257026816 0.459455525
v 0.271354718 -0.249934411 0.495202579
v 0.274380262 -0.225287527 0.52792418
v 0.26360344 -0.194718134 0.554138961
v 0.26654888 -0.156715546 0.567281992
v 0.25549295 -0.122716781 0.580562037
v 0.243079374 -0.0920477524 0.5966894
v 0.225933707 -0.0658687327 0.614773295
v 0.24070338 -0.0416299154 0.636992395
v 0.24505993 -0.0269047071 0.671923985
v 0.239220931 -0.00336935569 0.703531058
v 0.234709827 0.0275984724 0.726662283
v 0.230617397 0.0656883996 0.731714496
v 0.220192492 0.097710082 0.711853815
v 0.215849602 0.113211301 0.677406473
v 0.207771129 0.137355445 0.652192849
v 0.215245851 0.1684623 0.631887795
v 0.211121852 0.205595873 0.617087754
v 0.224693289 0.226272125 0.586377302
v 0.242697709 0.227293468 0.551152316
v 0.248469916 0.235449452 0.51312419
v 0.250704462 0.245084573 0.477168548
v 0.253727523 0.250219641 0.441304766
v 0.268747758 0.251428382 0.408544389
v 0.276574692 0.254541555 0.373580525
v 0.290813643 0.249511617 0.341292091
v 0.298021106 0.258316347 0.307163859
v 0.312639497 0.240747297 0.276389255
v 0.325643948 0.234254363 0.239891226
v 0.333764478 0.239554913 0.201954102
v 0.341657426 0.221226776 0.168359044
v 0.353510813 0.186016141 0.157736307
v 0.357828114 0.153539725 0.13836805
v 0.356177528 0.118968228 0.123202412
v 0.352822945 0.0852894387 0.13872045
v 0.3511003 0.0506805419 0.150493742
v 0.352167236 0.0153460136 0.156064848
v 0.351314992 -0.0175446486 0.174412774
v 0.344725865 -0.0562250652 0.175322363
v 0.349683435 -0.0913635682 0.190355066
v 0.347917317 -0.122047012 0.21521453
v 0.339549882 -0.149823449 0.240910632
v 0.341005933 -0.163746335 0.273447168
v 0.333126535 -0.193168794 0.292821472
v 0.331189294 -0.212825456 0.325449374
v 0.317922868 -0.237113539 0.351735017
v 0.318112791 -0.23319432 0.389712779
v 0.300026471 -0.245047642 0.421316137
v 0.291438501 -0.242040911 0.458943627
v 0.26792816 -0.234797925 0.488973835
v 0.260143334 -0.216230327 0.522411449
v 0.250697233 -0.184291485 0.543128416
v 0.250119985 -0.149754495 0.557913754
v 0.242182717 -0.118407283 0.572521862
v 0.2330008 -0.0917490268 0.594203347
v 0.22589118 -0.0715618225 0.623425261
v 0.229653294 -0.0394209727 0.64046112
v 0.234876208 -0.0289747995 0.675621325
v 0.22431665 -0.00229821752 0.702999486
v 0.218689836 0.0310806153 0.715884019
v 0.21231945 0.0650932484 0.726370781
v 0.208971294 0.0928043652 0.703575547
v 0.204906989 0.11789046 0.678739756
v 0.211928171 0.145714559 0.65936853
v 0.202681626 0.167662251 0.631705545
v 0.211486267 0.196005788 0.607291
v 0.216402109 0.218666173 0.57714521
v 0.231709003 0.221827493 0.542328823
v 0.236195173 0.231972796 0.505944037
v 0.243095474 0.236837288 0.470895537
v 0.254703996 0.240315632 0.438074051
v 0.26436243 0.245935814 0.404773439
v 0.271436188 0.251538413 0.370798665
v 0.284954038 0.249471028 0.338455057
v 0.292472748 0.257097129 0.304389373
v 0.308108019 0.244543409 0.272900018
v 0.316348374 0.232382382 0.237836816
v 0.322026642 0.230308275 0.200593708
v 0.324213273 0.209309998 0.168966391
v 0.330957981 0.177988891 0.150704929
v 0.337506576 0.153209624 0.126778595
v 0.340992836 0.11808284 0.12918042
v 0.345682578 0.0830871938 0.13425047
v 0.344821737 0.0494880188 0.14658044
v 0.34536478 0.0153265877 0.15733595
v 0.344768257 -0.0160711265 0.175944751
v 0.346718753 -0.0524096688 0.18451262
v 0.34345853 -0.0863874013 0.199421031
v 0.340563061 -0.115270281 0.223653454
v 0.326883186 -0.143821688 0.243038385
v 0.326939028 -0.163373182 0.271489344
v 0.320415524 -0.19294355 0.288744278
v 0.319755685 -0.211615752 0.320677634
v 0.308327564 -0.229806952 0.350982544
v 0.306435682 -0.229857892 0.387956875
v 0.289895298 -0.2369379 0.420125134
v 0.29044382 -0.227843892 0.455867765
v 0.272950842 -0.220196393 0.487310085
v 0.250579026 -0.207348929 0.513639
v 0.248876839 -0.174952451 0.531060015
v 0.240318842 -0.145474267 0.548546298
v 0.23206906 -0.123489538 0.573590364
v 0.230411826 -0.0984407867 0.59978304
v 0.233577748 -0.0755197137 0.628994345
v 0.221528399 -0.0446221439 0.645399753
v 0.225054629 -0.0302142167 0.679337008
v 0.214471745 -0.00345272382 0.705920046
v 0.207174369 0.0303621928 0.713138083
v 0.202747459 0.0637191885 0.723016897
v 0.200914149 0.0939415175 0.705057405
v 0.203431788 0.123442673 0.686108113
v 0.209065028 0.151975412 0.666307739
v 0.208387514 0.172483582 0.63639778
v 0.202906897 0.196931986 0.608168231
v 0.210847972 0.211581699 0.574504637
v 0.223966327 0.216150885 0.539319205
v 0.234229959 0.222203487 0.503485506
v 0.241811924 0.227456048 0.469174587
v 0.2502554 0.233960939 0.436326529
v 0.259150348 0.24165824 0.40286731
v 0.265146576 0.246492872 0.367937971
v 0.279182161 0.256384995 0.33647484
v 0.285798481 0.257166786 0.300981572
v 0.302537772 0.245857681 0.270239382
v 0.308840693 0.23173932 0.236295036
v 0.313689525 0.225376614 0.200006547
v 0.313393757 0.206266055 0.167495408
v 0.321286237 0.180157732 0.144088587
v 0.330996433 0.148902212 0.133824167
v 0.337609559 0.116282928 0.121807425
v 0.338783449 0.0800675758 0.129097563
v 0.339342313 0.0448519871 0.138755194
v 0.336368666 0.0138884316 0.158093333
v 0.338780481 -0.0194430023 0.173079079
v 0.339284194 -0.0520147956 0.189568133
v 0.338017331 -0.083816974 0.207480384
v 0.33101991 -0.114457991 0.226427979
v 0.321919076 -0.139489859 0.250746734
v 0.32303522 -0.170474751 0.265554367
v 0.312342603 -0.1901311 0.292585675
v 0.312211801 -0.216044054 0.319622745
v 0.304151195 -0.237042143 0.349617426
v 0.300849478 -0.234964141 0.386670129
v 0.28280005 -0.234136633 0.419197094
v 0.282768472 -0.22275985 0.453598844
v 0.263639635 -0.222681625 0.483900418
v 0.252675363 -0.199969483 0.509184579
v 0.241420418 -0.172945617 0.529270346
v 0.233379134 -0.148283015 0.55250685
v 0.227780159 -0.127902086 0.580136612
v 0.23036746 -0.10323404 0.607760138
v 0.230661799 -0.0792530851 0.63734089
v 0.213125955 -0.0476430833 0.647246612
v 0.216652214 -0.0307421123 0.68099948
v 0.206069496 -0.00253060315 0.705834919
v 0.198734967 0.0301845498 0.715974568
v 0.19397063 0.0647333817 0.721352141
v 0.191742321 0.0985352174 0.708880952
v 0.190354129 0.124824086 0.683989738
v 0.196776757 0.153908102 0.662949031
v 0.203692484 0.181102939 0.639271947
v 0.206627874 0.191088257 0.603251954
v 0.207059019 0.206652773 0.569200294
v 0.220434563 0.210987604 0.534122176
v 0.235466303 0.215024342 0.499932017
v 0.243018073 0.22017813 0.465859671
v 0.249603307 0.226706028 0.432322618
v 0.250323838 0.240836047 0.398402041
v 0.267007106 0.258260579 0.370038536
v 0.268203003 0.259088744 0.332979649
v 0.279777878 0.25122478 0.298604364
v 0.297043556 0.246959869 0.266384005
v 0.302243004 0.228722653 0.234700132
v 0.307489466 0.221234788 0.199115887
v 0.308060289 0.201131996 0.168215265
v 0.322252193 0.174129503 0.149536347
v 0.330039295 0.151021677 0.124920429
v 0.327895948 0.114514652 0.125235047
v 0.328897967 0.0764108341 0.123697089
v 0.336358798 0.0397761329 0.128541432
v 0.328997156 0.0113343489 0.152307968
v 0.332845556 -0.0222821105 0.167873137
v 0.329976797 -0.0519855894 0.188620769
v 0.328724711 -0.0831122044 0.206788148
v 0.324431865 -0.115930875 0.220614232
v 0.318916159 -0.143778868 0.242226877
v 0.316134577 -0.174802971 0.258045734
v 0.310195767 -0.197964755 0.284964437
v 0.304120584 -0.221147021 0.31484052
v 0.29438474 -0.236999227 0.348231563
v 0.295618351 -0.241328215 0.38603741
v 0.27631919 -0.231728794 0.417549751
v 0.276876574 -0.228116756 0.453892639
v 0.255857936 -0.222434509 0.481766904
v 0.24977416 -0.195516714 0.504058072
v 0.234984781 -0.179229373 0.5319616
v 0.236650153 -0.156801087 0.559503221
v 0.231362803 -0.135248404 0.587698372
v 0.230300673 -0.109559493 0.61479276
v 0.226805501 -0.0839611636 0.642857108
v 0.208308851 -0.0519879275 0.651292415
v 0.21020616 -0.032969051 0.684619756
v 0.198143432 -0.00376899222 0.707052547
v 0.190172938 0.0291176922 0.71596953
v 0.184211764 0.06449895 0.720066084
v 0.180176248 0.101075064 0.711875245
v 0.179018814 0.130771478 0.688753551
v 0.188175773 0.160724596 0.668061205
v 0.194637244 0.182627951 0.638409025
v 0.202940002 0.183406054 0.602153679
v 0.211671646 0.199243706 0.569687889
v 0.2187776 0.203038287 0.533382384
v 0.229220444 0.209934572 0.498743198
v 0.235211972 0.216294228 0.464552617
v 0.240814287 0.230771024 0.432546032
v 0.248527695 0.251098859 0.401260947
v 0.263063498 0.269041166 0.370493015
v 0.273350017 0.267849453 0.333729659
v 0.278866757 0.258429145 0.297192193
v 0.291732141 0.250429534 0.263155794
v 0.295151013 0.231492862 0.232152043
v 0.300335299 0.220909785 0.197757354
v 0.302833142 0.196235604 0.171494019
v 0.314206843 0.17609069 0.144047376
v 0.319715457 0.149342587 0.121329885
v 0.31953225 0.111860902 0.118440936
v 0.323549195 0.073444166 0.114854786
v 0.329263664 0.0362683064 0.122531634
v 0.323482499 0.00704141965 0.147236976
v 0.326311127 -0.0268009207 0.164548345
v 0.322466528 -0.0563725334 0.184970941
v 0.321009478 -0.0866187283 0.203912485
v 0.317531304 -0.120317878 0.21588128
v 0.307235239 -0.145029074 0.23996893
v 0.303361221 -0.175124337 0.259498051
v 0.29905831 -0.200220413 0.286213114
v 0.297496887 -0.227687734 0.312939425
v 0.296630049 -0.24477694 0.347315365
v 0.290644888 -0.246676535 0.3853009
v 0.272894257 -0.237970107 0.418577874
v 0.274144682 -0.23500064 0.455021227
v 0.253017368 -0.21776706 0.477035502
v 0.243284791 -0.199511012 0.506671364
v 0.229695856 -0.18677311 0.538349811
v 0.227361843 -0.162653209 0.566002619
v 0.226035537 -0.140629119 0.595607038
v 0.225600656 -0.112817126 0.620671393
v 0.222055026 -0.0867008905 0.647811823
v 0.202574974 -0.055079733 0.6551469
v 0.203308913 -0.0349486537 0.687640942
v 0.189950352 -0.00297229814 0.704638117
v 0.180949228 0.030309073 0.712859555
v 0.173677509 0.06655492 0.717278191
v 0.169067618 0.105348693 0.715129146
v 0.172126812 0.138551221 0.695523784
v 0.17913405 0.165943421 0.669174321
v 0.187451986 0.179834981 0.63431347
v 0.19534777 0.187319574 0.598754054
v 0.205186474 0.196013501 0.564411545
v 0.21316321 0.199430899 0.528933479
v 0.220891095 0.209045604 0.494682156
v 0.225915472 0.220769021 0.461199727
v 0.231579671 0.234270825 0.427665334
v 0.245314314 0.260923263 0.402948786
v 0.254626253 0.270808962 0.366216694
v 0.270966803 0.275199647 0.331187427
v 0.279230508 0.264688445 0.29435246
v 0.284949101 0.248563384 0.260672114
v 0.291758989 0.236522409 0.227533981
v 0.293815128 0.220540306 0.195097564
v 0.297422417 0.200120096 0.164871047
v 0.304335147 0.177406425 0.137197233
v 0.308524255 0.146986907 0.117105226
v 0.310878347 0.109363756 0.113038828
v 0.31571434 0.070838654 0.110794491
v 0.322392031 0.0335266417 0.118160745
v 0.31575474 0.0053005979 0.144406627
v 0.319691406 -0.0297098969 0.159797339
v 0.315832423 -0.0591423165 0.179947849
v 0.312310664 -0.0853559507 0.204061202
v 0.308952207 -0.121852398 0.209593111
v 0.295726701 -0.147139939 0.233449475
v 0.290140025 -0.174847399 0.25781391
v 0.289193153 -0.196934108 0.288186014
v 0.289261719 -0.226300464 0.312428356
v 0.288894575 -0.244078746 0.346289449
v 0.283723182 -0.249159901 0.384102128
v 0.274308576 -0.244464015 0.421010229
v 0.267684368 -0.237466936 0.455955154
v 0.246265762 -0.216031708 0.474257787
v 0.239288829 -0.207373037 0.510102093
v 0.227345522 -0.196602357 0.544838755
v 0.227257317 -0.172026254 0.573936764
v 0.21895639 -0.145489215 0.599861343
v 0.219528566 -0.116162885 0.623458014
v 0.21629198 -0.0911176221 0.651193898
v 0.19894897 -0.0593499131 0.660796014
v 0.196004299 -0.035945501 0.689888425
v 0.180124501 -0.00398113557 0.701492154
v 0.171457428 0.0311396782 0.706187864
v 0.163032915 0.0676826737 0.712824981
v 0.15802995 0.106948377 0.715484737
v 0.161878212 0.140225958 0.695077053
v 0.170340391 0.16883148 0.669156083
v 0.18079886 0.174566637 0.631711444
v 0.18622762 0.188477679 0.597723343
v 0.198034227 0.191595643 0.56350582
v 0.204719013 0.199354995 0.528265859
v 0.214254714 0.217595815 0.497640574
v 0.230885988 0.230582318 0.467319975
v 0.228232068 0.243877153 0.432374929
v 0.23717479 0.264292624 0.400609996
v 0.250559927 0.277526925 0.36631562
v 0.264050705 0.27656543 0.329510338
v 0.272416504 0.263695081 0.29295938
v 0.282544787 0.254606437 0.2577936
v 0.285411203 0.238523932 0.225936843
v 0.286572066 0.222058652 0.192879831
v 0.287259274 0.201806366 0.160748342
v 0.292513029 0.178313633 0.131712551
v 0.297182783 0.144647852 0.114727821
v 0.302279052 0.107016626 0.11043632
v 0.308812883 0.0694764243 0.115685943
v 0.314131774 0.0313898204 0.116499456
v 0.311264474 0.000117912867 0.139372204
v 0.311962662 -0.0326562869 0.158437216
v 0.308424534 -0.0574788781 0.184001521
v 0.303297402 -0.0883956759 0.202840076
v 0.301106504 -0.127044129 0.202451635
v 0.295278609 -0.157739357 0.225201578
v 0.284491361 -0.183687422 0.251538217
v 0.284242598 -0.203671539 0.284238968
v 0.281244426 -0.228933419 0.312467061
v 0.280363695 -0.244748724 0.347003755
v 0.276355362 -0.250725593 0.384152556
v 0.271154162 -0.250916384 0.421311802
v 0.26347823 -0.244349375 0.45615466
v 0.24378267 -0.223793247 0.478395083
v 0.243863784 -0.214472327 0.516040778
v 0.233799292 -0.202057838 0.552129793
v 0.232131077 -0.176702065 0.581821118
v 0.217129273 -0.150079705 0.606264165
v 0.21776971 -0.119965184 0.62999353
v 0.208593832 -0.0935451548 0.654336101
v 0.192251783 -0.0618557321 0.664056475
v 0.188642863 -0.0383653264 0.69220997
v 0.173772578 -0.00173031898 0.691175994
v 0.167689596 0.0352772836 0.694919214
v 0.15725122 0.0710878623 0.704282873
v 0.148730689 0.108510627 0.713623024
v 0.15394125 0.13987009 0.690398963
v 0.162167253 0.169751367 0.665470011
v 0.173192969 0.172463987 0.627655086
v 0.183890136 0.181411939 0.593447615
v 0.192167927 0.188594367 0.558780781
v 0.199618979 0.207440443 0.526754248
v 0.219821685 0.22800084 0.501778449
v 0.229115348 0.243244609 0.467934512
v 0.221123107 0.250984786 0.431303044
v 0.237613293 0.257206243 0.396951466
v 0.245137955 0.273360211 0.362390783
v 0.257535435 0.276684411 0.325618066
v 0.268420928 0.267983894 0.289086163
v 0.27628241 0.254539564 0.25516903
v 0.280518992 0.241952379 0.221819604
v 0.279559653 0.224713347 0.187669433
v 0.279453302 0.20580816 0.153128058
v 0.282440453 0.17915528 0.124675666
v 0.287307211 0.141959613 0.113486683
v 0.294355968 0.104245759 0.108844929
v 0.299851119 0.0671865939 0.115510548
v 0.305266273 0.0294989118 0.115059067
v 0.304637274 -0.0027297744 0.135070412
v 0.304402687 -0.0347426925 0.154373258
v 0.299108848 -0.0586510224 0.181002865
v 0.292504308 -0.0884247965 0.203061312
v 0.289585352 -0.128132169 0.20054216
v 0.291017608 -0.164441686 0.216419659
v 0.290166643 -0.190390389 0.246207925
v 0.279163984 -0.208733065 0.279400651
v 0.277306918 -0.221247645 0.315413968
v 0.27243872 -0.240813045 0.347019674
v 0.269638995 -0.247854927 0.383549634
v 0.262943804 -0.252176784 0.419864868
v 0.253304919 -0.245343891 0.454624494
v 0.234623167 -0.227924069 0.481655667
v 0.239971199 -0.222553228 0.520259466
v 0.233288754 -0.209484669 0.557500239
v 0.230307214 -0.183098451 0.5867495
v 0.217174653 -0.154940828 0.612103115
v 0.21763496 -0.12487077 0.636539958
v 0.201066646 -0.0971772975 0.654040967
v 0.188068647 -0.0660258278 0.668702623
v 0.179293123 -0.0388114131 0.692575239
v 0.162885038 -0.00251493563 0.684115588
v 0.157112748 0.0355541761 0.689381208
v 0.148638658 0.0688644812 0.707688398
v 0.141141503 0.107192399 0.708611296
v 0.149002689 0.135873651 0.683297889
v 0.153718766 0.168732274 0.662268025
v 0.165513423 0.169529756 0.625217041
v 0.176434042 0.185188542 0.593789141
v 0.18349559 0.190263211 0.557830273
v 0.194966177 0.216243385 0.530494822
v 0.220070679 0.237957869 0.508852067
v 0.221920415 0.25110445 0.471795316
v 0.225558774 0.258099041 0.433354296
v 0.229597893 0.257373598 0.394953379
v 0.243764261 0.264881717 0.359917201
v 0.250179953 0.274946033 0.323577695
v 0.261547981 0.269059349 0.28750044
v 0.270035973 0.25896401 0.252845956
v 0.27170626 0.242474958 0.220057801
v 0.270634845 0.226970977 0.18402393
v 0.270734086 0.208897256 0.147865522
v 0.272739051 0.178730525 0.121450393
v 0.278839409 0.139959297 0.113311586
v 0.286106289 0.101860412 0.106869624
v 0.2913439 0.064672209 0.111151116
v 0.296422598 0.027741157 0.115633821
v 0.297857054 -0.0061792546 0.131282505
v 0.29398683 -0.0353134543 0.154338245
v 0.28806656 -0.0618588514 0.179472744
v 0.281769509 -0.0915203306 0.20309761
v 0.280327514 -0.131692011 0.203588039
v 0.285321426 -0.170611855 0.211569556
v 0.281381684 -0.191869955 0.245400695
v 0.276470425 -0.201788949 0.284017005
v 0.268446324 -0.22336444 0.314449539
v 0.266731902 -0.235381669 0.349436574
v 0.263623302 -0.252440956 0.38268644
v 0.257844616 -0.261068717 0.419084349
v 0.242329709 -0.245563938 0.449776433
v 0.233318222 -0.23757161 0.486057204
v 0.235049806 -0.228327984 0.524132671
v 0.225722945 -0.210511717 0.558531074
v 0.222907362 -0.181447522 0.585301549
v 0.209479464 -0.155800917 0.613265965
v 0.210721531 -0.122836208 0.633324042
v 0.19434163 -0.0998392831 0.656437411
v 0.186499137 -0.0689596029 0.675922578
v 0.168614225 -0.0396736254 0.693743459
v 0.153975782 -0.0014340139 0.691890046
v 0.147516573 0.0377192561 0.686732367
v 0.13999768 0.0692225891 0.709413973
v 0.133532601 0.10671139 0.702151074
v 0.139914393 0.136746442 0.679008885
v 0.145755047 0.168659555 0.658422812
v 0.162374909 0.177746891 0.625395384
v 0.168056056 0.183956665 0.589378948
v 0.176511385 0.196720854 0.554614242
v 0.195267579 0.226037752 0.534130225
v 0.218061044 0.248169002 0.509040274
v 0.222536224 0.260197742 0.470991257
v 0.217865636 0.25828444 0.430979708
v 0.230090147 0.266495366 0.395003874
v 0.235467239 0.268420102 0.357645937
v 0.244377036 0.270805576 0.320983198
v 0.254223865 0.270836805 0.284433496
v 0.261479633 0.262493369 0.248576613
v 0.262533955 0.244450845 0.215495647
v 0.26373263 0.230326069 0.17850067
v 0.263031467 0.209027646 0.143797277
v 0.264890216 0.176358403 0.120033113
v 0.271817173 0.136342685 0.115906919
v 0.277723946 0.0984644291 0.105389472
v 0.28519496 0.0618175025 0.104509393
v 0.288305911 0.0272770814 0.117870677
v 0.291898621 -0.00983068501 0.12506261
v 0.292116377 -0.0424247768 0.144833235
v 0.283438665 -0.069115057 0.170695407
v 0.272359933 -0.0932093437 0.199217315
v 0.274733849 -0.131355539 0.210519539
v 0.276658972 -0.171223091 0.210067766
v 0.274213836 -0.186852889 0.246974726
v 0.273601156 -0.193914886 0.286612463
v 0.27005995 -0.215682675 0.317539357
v 0.261754939 -0.229657712 0.350825635
v 0.255140548 -0.252863591 0.38098271
v 0.246770991 -0.263554695 0.417778668
v 0.238051848 -0.25551917 0.454913664
v 0.225428102 -0.232789974 0.484053217
v 0.22915426 -0.224050743 0.521958302
v 0.218103138 -0.208111415 0.556189556
v 0.216989555 -0.177504821 0.580768269
v 0.205344372 -0.151562687 0.608101754
v 0.206883887 -0.119039478 0.627943418
v 0.187675362 -0.0997055758 0.652256001
v 0.177750408 -0.0714076993 0.67625297
v 0.157617074 -0.0411836694 0.693552255
v 0.154841547 -0.00231514862 0.68233459
v 0.139465272 0.035092366 0.688311611
v 0.130899822 0.0684335848 0.709306909
v 0.127103571 0.10362026 0.69434918
v 0.13180494 0.134991294 0.673809412
v 0.139670821 0.165732673 0.653193864
v 0.158084048 0.186570626 0.627299284
v 0.157740513 0.188141811 0.589491052
v 0.1698153 0.204395723 0.556529222
v 0.194973432 0.231988359 0.54101077
v 0.211168271 0.252777082 0.510196346
v 0.217805111 0.266520718 0.472675456
v 0.217123097 0.266690998 0.431744016
v 0.22407772 0.273449236 0.394067022
v 0.231548941 0.276096996 0.357734688
v 0.238610441 0.275661679 0.320311621
v 0.246673925 0.276719108 0.282726841
v 0.250249168 0.264590019 0.246395296
v 0.255537726 0.250568563 0.210784172
v 0.256597371 0.233013693 0.175398974
v 0.256148626 0.205776782 0.14563772
v 0.25762019 0.172931785 0.122312499
v 0.263760319 0.133145071 0.116305847
v 0.269413956 0.0955390855 0.105710607
v 0.277178872 0.0594752423 0.102892049
v 0.280241087 0.025926007 0.119672916
v 0.28277064 -0.0132968841 0.121732537
v 0.283051985 -0.0485310067 0.139159413
v 0.272073585 -0.0699087895 0.170406187
v 0.264347324 -0.0968513385 0.19796473
v 0.266272684 -0.133654342 0.211975277
v 0.26733234 -0.173086907 0.211671148
v 0.267169504 -0.181952514 0.250123994
v 0.265356866 -0.192923209 0.287974198
v 0.266930298 -0.209399683 0.321696236
v 0.2672575 -0.225621727 0.355586664
v 0.24987865 -0.246116335 0.385275294
v 0.236506316 -0.267254849 0.417035555
v 0.230965492 -0.262829718 0.456342641
v 0.221342944 -0.238952393 0.487058573
v 0.222046233 -0.227451352 0.524608564
v 0.21295052 -0.201231455 0.551611527
v 0.208191556 -0.177710127 0.581699397
v 0.197917786 -0.150156087 0.606385461
v 0.200442317 -0.116389227 0.623082276
v 0.187535825 -0.0916505352 0.647553431
v 0.168107398 -0.0709526252 0.674820086
v 0.147616773 -0.0406455066 0.693453965
v 0.149199615 0.000122701858 0.676951374
v 0.132961242 0.0341162696 0.693763993
v 0.121706434 0.0704570666 0.707984203
v 0.120480859 0.102097437 0.687052176
v 0.130280037 0.131342423 0.665964056
v 0.134693508 0.163946784 0.646177127
v 0.150113816 0.194390468 0.627769148
v 0.155464913 0.199489154 0.589601707
v 0.164419629 0.211272408 0.553433338
v 0.190083294 0.237747756 0.53830688
v 0.208891163 0.247453901 0.50411499
v 0.209929855 0.267195708 0.469051444
v 0.212259553 0.27339806 0.429072223
v 0.218354704 0.267695859 0.391647268
v 0.224195934 0.274222572 0.355607582
v 0.23172326 0.279506796 0.317647693
v 0.238672459 0.282212278 0.278570954
v 0.245277688 0.273045619 0.240697966
v 0.247733196 0.253027172 0.206601018
v 0.249431026 0.230013512 0.174613285
v 0.253557599 0.198581831 0.150710977
v 0.250796863 0.167504384 0.126148364
v 0.255927155 0.129368037 0.116224164
v 0.26177484 0.0925153769 0.106121233
v 0.269635745 0.0569154675 0.100403101
v 0.271433219 0.0241235261 0.120455682
v 0.273691697 -0.0163732044 0.117876142
v 0.276141631 -0.0538100093 0.132560188
v 0.263157346 -0.0685406382 0.167745043
v 0.258502838 -0.0994741199 0.192597368
v 0.256475358 -0.134553011 0.209674043
v 0.256875296 -0.173158283 0.21248681
v 0.258627623 -0.184017415 0.249343322
v 0.257550306 -0.195042047 0.286105969
v 0.258763817 -0.20545961 0.322309001
v 0.260896805 -0.219131114 0.358148338
v 0.250485872 -0.239432963 0.391827229
v 0.227991036 -0.26433142 0.415435257
v 0.222775415 -0.262029802 0.455588782
v 0.213521577 -0.23879258 0.487944339
v 0.212821994 -0.229007146 0.52624755
v 0.203160124 -0.20008445 0.54896933
v 0.200666827 -0.176082546 0.57817598
v 0.191277961 -0.147938028 0.601993907
v 0.192138622 -0.113468111 0.617882132
v 0.182363104 -0.085095153 0.641227006
v 0.159744529 -0.0732805924 0.67152375
v 0.143238531 -0.0390382029 0.686514331
v 0.140529189 0.000482257249 0.674278896
v 0.124005313 0.0321460666 0.694010181
v 0.113815651 0.0695897103 0.703769348
v 0.114682214 0.0994256767 0.68133854
v 0.122365153 0.13294943 0.666266352
v 0.126882175 0.168282855 0.648525118
v 0.140304955 0.199426256 0.627529136
v 0.145673553 0.196379145 0.588218932
v 0.162064896 0.217143572 0.558647875
v 0.183046884 0.238586695 0.533033049
v 0.204337766 0.239355319 0.500028903
v 0.204455807 0.259963928 0.466317278
v 0.204915361 0.269586001 0.428278956
v 0.211138166 0.271001132 0.391140866
v 0.216183841 0.275484702 0.354428698
v 0.225096668 0.285587914 0.316835751
v 0.23081881 0.28808467 0.276390978
v 0.236562929 0.27643441 0.238203411
v 0.239668424 0.25248105 0.205875757
v 0.241689141 0.225710406 0.176596041
v 0.246062008 0.192757948 0.156093155
v 0.245459347 0.161967767 0.132597646
v 0.248188558 0.126637094 0.117168306
v 0.254581814 0.0898467954 0.109810944
v 0.260766202 0.0543470937 0.100224196
v 0.262541698 0.0217057714 0.121816612
v 0.264951407 -0.0189981254 0.117198344
v 0.268531279 -0.0574274149 0.130304014
v 0.256340679 -0.0725856343 0.166133442
v 0.249803054 -0.101074921 0.194523926
v 0.248095169 -0.138523234 0.204217541
v 0.247090364 -0.174915986 0.214321799
v 0.250854752 -0.186088081 0.250456852
v 0.254009685 -0.203228775 0.284494364
v 0.26150886 -0.21515264 0.320012273
v 0.252315678 -0.223410274 0.356901278
v 0.24520253 -0.233950669 0.395334038
v 0.22103098 -0.260523327 0.414813021
v 0.214687482 -0.262099691 0.45482571
v 0.208128711 -0.244839473 0.491555888
v 0.2031448 -0.229768895 0.52764438
v 0.195054662 -0.203292514 0.5525985
v 0.19383162 -0.178705411 0.581522549
v 0.191233672 -0.152623611 0.610023505
v 0.182515578 -0.117014523 0.622360329
v 0.17379899 -0.0816749855 0.636642459
v 0.152404422 -0.071562453 0.668141021
v 0.135410315 -0.0383917135 0.683540249
v 0.130540596 0.00226859049 0.675297679
v 0.115896389 0.0333791922 0.694648284
v 0.108318978 0.0711938125 0.700477294
v 0.109666265 0.100554736 0.677936078
v 0.11685853 0.136664227 0.667573047
v 0.120239849 0.172886806 0.649295572
v 0.1324687 0.20269657 0.624498888
v 0.139737206 0.200887715 0.584689018
v 0.159585587 0.224779644 0.558978762
v 0.175325765 0.239487774 0.526307948
v 0.195672173 0.236940977 0.493656251
v 0.197641331 0.257156537 0.461104441
v 0.197879427 0.272532282 0.426180561
v 0.207541443 0.279230988 0.39036097
v 0.208655619 0.281407459 0.352553573
v 0.216334613 0.289612858 0.313837182
v 0.22147248 0.290813261 0.272976667
v 0.226800817 0.276350608 0.23539308
v 0.23010078 0.249146467 0.204906573
v 0.232296913 0.219584989 0.178076848
v 0.236258524 0.187080101 0.158498406
v 0.238697244 0.156582019 0.135967017
v 0.241033063 0.124866318 0.114835348
v 0.246070813 0.0880027291 0.106640419
v 0.251895946 0.0513326878 0.0978468566
v 0.254512519 0.0195338507 0.12087452
v 0.257850714 -0.0205882744 0.115339773
v 0.261737137 -0.0590897131 0.127435179
v 0.249856008 -0.0755546846 0.162829357
v 0.241734571 -0.102680689 0.19211408
v 0.240895426 -0.140133874 0.199447906
v 0.239854864 -0.174160115 0.214637311
v 0.244289934 -0.18717393 0.25052773
v 0.250288154 -0.211056879 0.280718597
v 0.251094469 -0.216617231 0.319382528
v 0.253931122 -0.214232374 0.358528248
v 0.237719282 -0.232262601 0.39041516
v 0.213864923 -0.253181776 0.414884301
v 0.207505732 -0.254224192 0.454485213
v 0.197870925 -0.244091616 0.492457894
v 0.193783545 -0.231841638 0.528940131
v 0.188134552 -0.207626484 0.556163347
v 0.185475677 -0.180658483 0.583764976
v 0.181967328 -0.155219929 0.614303376
v 0.180013794 -0.120219499 0.633155677
v 0.165150606 -0.0834062616 0.631933022
v 0.159812411 -0.0665654132 0.667176113
v 0.134489159 -0.0367896098 0.67337774
v 0.123318512 -0.00160298472 0.68112307
v 0.110998733 0.0336502911 0.690364623
v 0.103057516 0.0697968165 0.698983424
v 0.105840003 0.103241694 0.682340537
v 0.110838132 0.138513508 0.666924925
v 0.114446598 0.174442368 0.647719108
v 0.126847609 0.20586598 0.624759485
v 0.132958419 0.202661658 0.584532056
v 0.153644836 0.22073999 0.554183929
v 0.167277697 0.235135074 0.520803827
v 0.188387909 0.230854914 0.489811197
v 0.189897806 0.255230132 0.460896933
v 0.1907628 0.26761234 0.424792889
v 0.196916829 0.28034133 0.389245066
v 0.202704761 0.290452059 0.352501103
v 0.206364002 0.293139292 0.312701941
v 0.210219513 0.289454323 0.27237451
v 0.215206464 0.272853242 0.235815116
v 0.219229442 0.24358386 0.207270172
v 0.221685827 0.214146278 0.180633285
v 0.227212305 0.182345126 0.162069303
v 0.23049391 0.155106564 0.135772052
v 0.233148266 0.123829915 0.112776897
v 0.238587726 0.0874361676 0.100045548
v 0.24314725 0.0486303118 0.0979249523
v 0.247874356 0.0176797106 0.121678006
v 0.250688969 -0.0218319019 0.116729995
v 0.253460542 -0.059824431 0.128729634
v 0.246075522 -0.0824350451 0.161236771
v 0.235430356 -0.105655028 0.191958942
v 0.235583423 -0.142350886 0.199428015
v 0.235507693 -0.175869616 0.216014951
v 0.238707074 -0.188368531 0.253421773
v 0.242930786 -0.216521669 0.281637915
v 0.241597134 -0.215960297 0.321510608
v 0.247803789 -0.207682931 0.359994824
v 0.228069866 -0.229760839 0.385999723
v 0.205518923 -0.243406468 0.415015703
v 0.19988987 -0.244417979 0.453871458
v 0.187862968 -0.240162373 0.490835675
v 0.185860475 -0.226504045 0.526186406
v 0.178551836 -0.207974679 0.557521454
v 0.175850003 -0.177940192 0.582993599
v 0.171554252 -0.156045339 0.617296006
v 0.171427498 -0.122296313 0.639533345
v 0.155730483 -0.0852384548 0.634486734
v 0.161236243 -0.0573134256 0.662474812
v 0.129783675 -0.0347734275 0.662838501
v 0.118608409 0.00157451846 0.674313007
v 0.106117349 0.0353818254 0.687065985
v 0.0966669674 0.0713616334 0.69534962
v 0.10000895 0.108153751 0.684792386
v 0.108406416 0.138260629 0.661507499
v 0.111041665 0.174750465 0.644210422
v 0.121624733 0.206620593 0.621651451
v 0.137798282 0.208648937 0.584414441
v 0.15777749 0.21441724 0.549383761
v 0.162386731 0.229699647 0.514514737
v 0.183296212 0.226978314 0.484017581
v 0.183033133 0.25445105 0.457065968
v 0.190136525 0.27748007 0.426288827
v 0.191007861 0.290058247 0.389337245
v 0.192641297 0.292020265 0.350195004
v 0.196389479 0.290228358 0.310867974
v 0.199708483 0.282999374 0.271757139
v 0.203687898 0.266428544 0.235642558
v 0.20833265 0.237207161 0.208451278
v 0.215218974 0.206269698 0.18580269
v 0.218274068 0.178562803 0.161687511
v 0.223153928 0.154973446 0.131710894
v 0.225503235 0.122415348 0.108331816
v 0.232459595 0.0862535644 0.0927397464
v 0.235645948 0.0466943408 0.0969206266
v 0.241306926 0.0166630186 0.122147148
v 0.242538027 -0.0225244305 0.120505035
v 0.243801801 -0.060769707 0.128452452
v 0.241460307 -0.0871769966 0.157219972
v 0.230480219 -0.106265118 0.189051135
v 0.234322945 -0.140141437 0.204009854
v 0.230012372 -0.175307318 0.217376378
v 0.233107067 -0.185973985 0.256468414
v 0.235245943 -0.21859679 0.280819962
v 0.242346133 -0.208146057 0.319243933
v 0.241324711 -0.201348798 0.359231776
v 0.218765319 -0.222492247 0.38355785
v 0.200932591 -0.230764506 0.416560123
v 0.193734208 -0.233959142 0.453970676
v 0.179068588 -0.23423715 0.489183005
v 0.174971038 -0.226721285 0.525954382
v 0.168173849 -0.210258433 0.559280624
v 0.168312852 -0.182634479 0.588004124
v 0.165519865 -0.161256956 0.623187153
v 0.161799589 -0.12451854 0.639733852
v 0.146241806 -0.0864889878 0.638144646
v 0.162819215 -0.05266985 0.652427514
v 0.134903033 -0.0271495264 0.656008992
v 0.112831429 0.0016407939 0.66906594
v 0.0987849039 0.0331611635 0.687114019
v 0.0878124192 0.0705060605 0.692073063
v 0.0920306396 0.10799112 0.681295348
v 0.103691693 0.137514667 0.65808495
v 0.114742659 0.171180437 0.640193701
v 0.116363688 0.202921006 0.616157582
v 0.134815933 0.216941233 0.58360508
v 0.150324958 0.21121604 0.547348
v 0.157474834 0.223429572 0.512271645
v 0.177241549 0.222879671 0.480841949
v 0.184490619 0.248154404 0.451281056
v 0.180355077 0.280501243 0.42762349
v 0.18565454 0.281192269 0.388027715
v 0.183505946 0.291637884 0.349546263
v 0.187170341 0.285453571 0.310766961
v 0.188747423 0.276929685 0.272690332
v 0.193780524 0.259410063 0.238178682
v 0.201252359 0.230488836 0.213305832
v 0.206040674 0.202726698 0.187701426
v 0.209464022 0.1800065 0.158580112
v 0.214407095 0.153281221 0.13038169
v 0.21771896 0.122031663 0.104057619
v 0.224999654 0.0849616222 0.0892341296
v 0.228915018 0.045679243 0.0986696087
v 0.233756784 0.0150724119 0.124344924
v 0.23344636 -0.0236580034 0.12544317
v 0.234266321 -0.0614572848 0.131257889
v 0.234532413 -0.0894621312 0.157030758
v 0.225316209 -0.110601229 0.187172963
v 0.229492089 -0.140071257 0.210333582
v 0.222912277 -0.176813336 0.219777243
v 0.22695334 -0.188392065 0.258568914
v 0.229627552 -0.219585262 0.284775366
v 0.240150423 -0.200824445 0.319309251
v 0.233286576 -0.196343781 0.359550454
v 0.20871978 -0.216615664 0.382495359
v 0.198771697 -0.219218261 0.418575903
v 0.184470212 -0.229851022 0.452013336
v 0.168988212 -0.23267138 0.486877686
v 0.166692562 -0.219190786 0.522647937
v 0.158707474 -0.205192284 0.557676029
v 0.165752338 -0.175349978 0.582919316
v 0.159617044 -0.156519984 0.618257643
v 0.153283217 -0.125926118 0.643931349
v 0.150976716 -0.0853154822 0.64698097
v 0.162984375 -0.0470643573 0.643605998
v 0.140671928 -0.0194018938 0.654766772
v 0.114757575 0.00922112698 0.657532635
v 0.0928807861 0.0361833867 0.675956712
v 0.0775769495 0.0713072628 0.68452339
v 0.0853169555 0.106531269 0.670161241
v 0.0981245526 0.132726617 0.644406041
v 0.102362356 0.165966855 0.626422637
v 0.104761945 0.19433662 0.601444903
v 0.12163961 0.210636129 0.571927538
v 0.13751341 0.20975587 0.53792092
v 0.155114039 0.210782605 0.506164633
v 0.16762601 0.218274414 0.472712715
v 0.171972838 0.248274774 0.448118666
v 0.16805203 0.280132378 0.424759871
v 0.172958307 0.284473204 0.386092749
v 0.17061353 0.283501446 0.346769887
v 0.173955263 0.272228326 0.310242007
v 0.18027223 0.259026723 0.276035436
v 0.180979824 0.246870083 0.241084811
v 0.18750644 0.225426625 0.211561951
v 0.193729757 0.200995946 0.18481773
v 0.199691919 0.173255589 0.161420527
v 0.211466908 0.144684894 0.138692931
v 0.208124841 0.116452662 0.110757441
v 0.212399059 0.0811109971 0.0937083909
v 0.214036936 0.0420406034 0.101349915
v 0.216394509 0.0117079156 0.126567387
v 0.21453387 -0.0252421386 0.12603745
v 0.21775428 -0.0603247914 0.134943667
v 0.223038392 -0.0922029843 0.152820612
v 0.224403443 -0.117461469 0.18021117
v 0.219948975 -0.138463303 0.210764063
v 0.212591943 -0.174260567 0.220539251
v 0.215674432 -0.193544024 0.254205447
v 0.215551354 -0.214192976 0.287610875
v 0.225470068 -0.193857658 0.319760376
v 0.219344297 -0.187491267 0.358386737
v 0.196373591 -0.205529035 0.382140896
v 0.184876858 -0.212669723 0.415459449
v 0.179650616 -0.217166925 0.452023862
v 0.161579611 -0.223429966 0.484955076
v 0.154997913 -0.219534327 0.522326063
v 0.147887999 -0.200409425 0.554537587
v 0.151188284 -0.174254536 0.58222018
v 0.142824974 -0.15434846 0.61398507
v 0.142029774 -0.119632951 0.631010869
v 0.135610036 -0.0823626073 0.639634404
v 0.150325902 -0.0479958943 0.633737343
v 0.136676041 -0.0155629915 0.640738232
v 0.099418598 0.00111640759 0.648946999
v 0.0794411819 0.0305764916 0.662982888
v 0.0785282577 0.0684126705 0.664848299
v 0.0686478512 0.103821827 0.656841407
v 0.0760987963 0.132208649 0.633310946
v 0.084999069 0.155519761 0.607454938
v 0.0980246157 0.175488673 0.581886823
v 0.105399303 0.198994179 0.557116894
v 0.127637701 0.19230502 0.531109527
v 0.139127448 0.202207444 0.499826458
v 0.150808949 0.210622479 0.467884909
v 0.152889163 0.241470955 0.447884572
v 0.153667765 0.2650541 0.419019875
v 0.154041187 0.272223932 0.38269068
v 0.158549806 0.262599415 0.346789519
v 0.167081827 0.24815391 0.314839004
v 0.164996069 0.239598339 0.281388941
v 0.165954748 0.231096367 0.247459203
v 0.174073869 0.213329488 0.217977415
v 0.179950962 0.192298712 0.190022691
v 0.185035668 0.166049493 0.166445368
v 0.198381386 0.136593441 0.149845737
v 0.204040987 0.106034553 0.129395631
v 0.195213149 0.0763103191 0.108978827
v 0.191828253 0.0388296983 0.1101896
v 0.192864828 0.00578784848 0.127218234
v 0.19600585 -0.0258130604 0.140423659
v 0.198554447 -0.059722421 0.142988336
v 0.206996422 -0.0916348992 0.157741569
v 0.210698905 -0.119715105 0.180414145
v 0.20638006 -0.135002263 0.212949092
v 0.20031404 -0.166338522 0.230301838
v 0.193947262 -0.190120434 0.257122378
v 0.195936794 -0.199790654 0.292240799
v 0.204398965 -0.182919611 0.323525998
v 0.201319093 -0.175506185 0.35910763
v 0.181695754 -0.192253862 0.382985931
v 0.169978948 -0.201472425 0.413777488
v 0.170795604 -0.201751603 0.449776734
v 0.159723 -0.206125044 0.484723497
v 0.141163891 -0.210116537 0.516111697
v 0.141378197 -0.185301889 0.543149609
v 0.138114526 -0.159915296 0.568626625
v 0.127067485 -0.14157949 0.597299641
v 0.132391916 -0.108734557 0.609880222
v 0.135756365 -0.0742974963 0.618425422
v 0.144556776 -0.0406007611 0.616019583
v 0.120820165 -0.0218305036 0.631724359
v 0.0982511488 0.00794218672 0.630811919
v 0.0875344446 0.0389809985 0.645591187
v 0.0965477981 0.0725917999 0.652580775
v 0.0745648687 0.0958208589 0.635464864
v 0.0696078423 0.122083578 0.611075893
v 0.0695956806 0.146523876 0.587506995
v 0.0782944235 0.169129697 0.566291644
v 0.0886593098 0.190896996 0.543795983
v 0.111580371 0.190014314 0.519535095
v 0.122536152 0.208107318 0.493583197
v 0.132385215 0.210224438 0.461483241
v 0.131164243 0.239536265 0.443941412
v 0.134937558 0.251194308 0.41163462
v 0.142065453 0.250769612 0.377958097
v 0.153656673 0.238666356 0.347641758
v 0.159235371 0.225907074 0.317168446
v 0.154764347 0.219848383 0.285757845
v 0.155300577 0.214222382 0.25268583
v 0.169309118 0.197577916 0.226085396
v 0.16689421 0.182393611 0.195271222
v 0.176582846 0.154634001 0.177463642
v 0.186778783 0.125156462 0.162966799
v 0.189097413 0.0956243094 0.145207872
v 0.175140454 0.0725011097 0.123770687
v 0.180590335 0.0389631615 0.131470454
v 0.178455017 0.00705751929 0.143958012
v 0.176759041 -0.0247642242 0.146639181
v 0.181791373 -0.0567393495 0.149745931
v 0.191534765 -0.0885673286 0.160923577
v 0.196024045 -0.118616908 0.178954367
v 0.192504668 -0.139714139 0.206505244
v 0.181797955 -0.159920009 0.232862663
v 0.18319171 -0.170217016 0.265378684
v 0.17503571 -0.185141478 0.294534582
v 0.181532464 -0.179838 0.3271
v 0.184428792 -0.165834397 0.357391623
v 0.171118613 -0.178836918 0.384594718
v 0.157707812 -0.189917657 0.412495942
v 0.155031893 -0.194201633 0.446604274
v 0.142329624 -0.20433144 0.477806433
v 0.127315592 -0.197620569 0.508543902
v 0.122153121 -0.176458733 0.536115049
v 0.115901042 -0.152776693 0.560006723
v 0.116371483 -0.126087731 0.579376093
v 0.133320051 -0.0992532002 0.587696399
v 0.126724297 -0.0697416181 0.600440541
v 0.136364915 -0.0383846333 0.600008369
v 0.118368655 -0.0154355614 0.615053851
v 0.0894413138 0.00515845833 0.621904687
v 0.0851874078 0.0376897894 0.63005096
v 0.0935963419 0.0693479312 0.635453666
v 0.0725095349 0.0896331631 0.618437069
v 0.0630137972 0.113845446 0.596325143
v 0.0698841788 0.135031479 0.573922507
v 0.0720218203 0.158946188 0.555536512
v 0.0834233595 0.181799727 0.536428485
v 0.104713217 0.196658387 0.517302671
v 0.12713648 0.199430028 0.494269911
v 0.120358024 0.214655978 0.466686481
v 0.119839284 0.22573089 0.436770509
v 0.134237101 0.228941577 0.408787361
v 0.138484119 0.229384855 0.377395533
v 0.148139398 0.221162019 0.348588401
v 0.153429943 0.212122396 0.319605397
v 0.147849691 0.20960758 0.289621184
v 0.15009586 0.205333856 0.257739833
v 0.160669485 0.192411787 0.228879714
v 0.160061774 0.17573942 0.200339228
v 0.170418157 0.147310408 0.186996712
v 0.174046012 0.118000501 0.173265602
v 0.172549532 0.090306917 0.157321564
v 0.163017438 0.0655284631 0.139798741
v 0.163782777 0.0339192603 0.137475348
v 0.163461556 0.00306901889 0.143333682
v 0.162771997 -0.0267588459 0.147260964
v 0.169338768 -0.0558002674 0.156425301
v 0.180772362 -0.0845901226 0.1696907
v 0.187432419 -0.111463091 0.188541867
v 0.189690183 -0.128171495 0.217126731
v 0.180408419 -0.145202263 0.244423222
v 0.177168148 -0.152269428 0.275658555
v 0.164092691 -0.167346868 0.299382971
v 0.166671938 -0.170821756 0.330338562
v 0.173638721 -0.159557792 0.358858934
v 0.161934032 -0.176268868 0.382815519
v 0.156078719 -0.179827299 0.413733482
v 0.143362607 -0.190777756 0.441412764
v 0.133851629 -0.191328677 0.472887683
v 0.12490251 -0.180505043 0.502475814
v 0.119079315 -0.159099409 0.527032661
v 0.110821383 -0.136366124 0.547933005
v 0.102130263 -0.115634625 0.568270989
v 0.120421174 -0.0927485466 0.576623647
v 0.127460179 -0.0646773898 0.587607419
v 0.130609491 -0.0337323328 0.592734511
v 0.109796023 -0.0172006059 0.609898354
v 0.0984948086 0.0117116903 0.611367395
v 0.102446659 0.0398299091 0.623113064
v 0.0876823685 0.0664356303 0.616981461
v 0.0877209648 0.0972500573 0.611850312
v 0.0758869125 0.111641292 0.587098729
v 0.0788942506 0.129234389 0.564125255
v 0.0722117025 0.149709596 0.545537135
v 0.0856161682 0.17212224 0.529286529
v 0.100490618 0.190133352 0.508926245
v 0.120238837 0.193272573 0.485454966
v 0.10995517 0.204461338 0.458455298
v 0.112068684 0.207653162 0.42848839
v 0.125769833 0.207945155 0.403047133
v 0.131209263 0.209564532 0.374871662
v 0.139557124 0.207192273 0.347422195
v 0.147857021 0.201056647 0.320451379
v 0.144460193 0.199328485 0.291381729
v 0.149310545 0.194389045 0.261335691
v 0.150220656 0.18534432 0.231109122
v 0.156561222 0.164538392 0.208622826
v 0.158176933 0.1374518 0.192545873
v 0.160710411 0.108108705 0.183333991
v 0.153536383 0.085829406 0.165269355
v 0.149247523 0.0595863673 0.153083008
v 0.150573275 0.0310671324 0.147280704
v 0.152072753 0.00234807436 0.151166076
v 0.153330393 -0.0256172269 0.156699734
v 0.155892882 -0.0541096734 0.163293213
v 0.164679362 -0.0816878066 0.17499437
v 0.170214134 -0.106553012 0.192907336
v 0.171118949 -0.123545326 0.218937416
v 0.1627531 -0.135912442 0.246826804
v 0.161022997 -0.139379337 0.276559836
v 0.154702979 -0.150627224 0.301991439
v 0.15290039 -0.163417386 0.328721893
v 0.162245102 -0.15782183 0.357179208
v 0.152604457 -0.172670655 0.381846016
v 0.1452393 -0.175744648 0.411286264
v 0.135431162 -0.176912172 0.440104518
v 0.123058865 -0.175541059 0.467861709
v 0.120340792 -0.161474706 0.494589974
v 0.116360183 -0.141347177 0.516957143
v 0.103715403 -0.122825229 0.535764813
v 0.0952702851 -0.104843427 0.555354044
v 0.109925795 -0.0836565464 0.568534403
v 0.115072875 -0.0663454789 0.59238857
v 0.122037257 -0.0377472386 0.586195281
v 0.111730108 -0.0123787476 0.598987311
v 0.113161325 0.0156509298 0.603183562
v 0.111808362 0.0433711336 0.606238274
v 0.106060516 0.0707083294 0.611554121
v 0.098757343 0.0951776064 0.59949125
v 0.0867306739 0.110990261 0.579232704
v 0.0724479085 0.121357124 0.558147251
v 0.0780474364 0.14057965 0.540288031
v 0.081139763 0.162357538 0.521835845
v 0.101688836 0.176380925 0.506491025
v 0.114512939 0.179325444 0.480752982
v 0.110298073 0.186839116 0.452212585
v 0.110621518 0.186559345 0.423630308
v 0.116718716 0.188231035 0.39816805
v 0.128033133 0.190762735 0.374412925
v 0.137432477 0.193308722 0.349110025
v 0.145411283 0.191051896 0.322688821
v 0.143633643 0.18966161 0.294634538
v 0.14803811 0.183104386 0.266837241
v 0.145754159 0.173035378 0.23941308
v 0.145523814 0.154104462 0.217107262
v 0.143339699 0.129891144 0.2003307
v 0.143681681 0.102946881 0.190276481
v 0.145714436 0.077526726 0.180507
v 0.149453036 0.0533966973 0.169431807
v 0.157385168 0.0290306856 0.160205867
v 0.154950422 0.00195894725 0.163780694
v 0.150323093 -0.0244479344 0.169944082
v 0.144867813 -0.0506911572 0.174729864
v 0.150570777 -0.0755920492 0.187048748
v 0.155022895 -0.0979588495 0.204675422
v 0.15473357 -0.114967889 0.227636132
v 0.150135613 -0.123783291 0.255021816
v 0.144507685 -0.132908467 0.280430245
v 0.146187298 -0.137333286 0.306646803
v 0.145436743 -0.151988186 0.331423511
v 0.154928954 -0.149313391 0.359503366
v 0.144855335 -0.164816198 0.382072716
v 0.13537549 -0.1663956 0.409666371
v 0.131041632 -0.159382372 0.437494252
v 0.118936127 -0.154897043 0.462517223
v 0.110684628 -0.143596364 0.48640525
v 0.106108429 -0.127443418 0.507918999
v 0.0922664433 -0.114697547 0.526501264
v 0.0966051127 -0.0953876213 0.543453335
v 0.100121914 -0.0753889219 0.561545063
v 0.103459863 -0.0619195884 0.586626219
v 0.110343519 -0.0348683266 0.5805445
v 0.108279276 -0.00684409972 0.585808141
v 0.0947774429 0.0146705065 0.604931035
v 0.0935037899 0.0400580534 0.610627158
v 0.089198658 0.0661156048 0.608576723
v 0.0865125406 0.0885096518 0.595288015
v 0.0794039468 0.103377664 0.574654933
v 0.0777134785 0.114926393 0.551509674
v 0.0790043152 0.131509905 0.532108693
v 0.0849053889 0.15007512 0.514321671
v 0.0953089758 0.165481446 0.495126006
v 0.100808239 0.173659226 0.47010748
v 0.0997246388 0.174157129 0.441963913
v 0.101998155 0.169875964 0.415800316
v 0.10915074 0.170600933 0.393174677
v 0.120530748 0.175897651 0.371886133
v 0.131369356 0.182203043 0.348399602
v 0.140573138 0.182131085 0.323132935
v 0.142773509 0.178822428 0.296604414
v 0.142364295 0.170394476 0.271131459
v 0.140524347 0.157653846 0.247374372
v 0.139655879 0.138954688 0.227752477
v 0.143951858 0.116432249 0.213332584
v 0.153673253 0.0948429697 0.202030884
v 0.159289731 0.0741854812 0.188852429
v 0.160907056 0.0510573631 0.178931084
v 0.156636438 0.0263251788 0.173742929
v 0.1450622 0.00323853468 0.172932994
v 0.137517015 -0.0214268599 0.177298047
v 0.132062429 -0.044759208 0.186394966
v 0.133368263 -0.0679773185 0.197222328
v 0.136605399 -0.0885444638 0.212544989
v 0.139108038 -0.103431917 0.2337111
v 0.134484578 -0.115997841 0.256497451
v 0.131183167 -0.125134609 0.280013908
v 0.133026479 -0.132731651 0.303773601
v 0.138416134 -0.140911307 0.329621443
v 0.142718368 -0.148057747 0.356966556
v 0.135306 -0.155792815 0.382562362
v 0.130541893 -0.151302718 0.409929224
v 0.120203852 -0.143158791 0.434628582
v 0.108019524 -0.136554763 0.45682272
v 0.0995991203 -0.12754879 0.47838685
v 0.0947732774 -0.116784308 0.499763249
v 0.0876701767 -0.10335348 0.51879257
v 0.0843399671 -0.0912606612 0.540016107
v 0.086780858 -0.0796486634 0.562868947
v 0.0892809215 -0.0603293156 0.581043838
v 0.0981880849 -0.0368628207 0.590929697
v 0.09809408 -0.0110251102 0.598876401
v 0.0769793985 0.0141221459 0.602375878
v 0.0771289627 0.0378586215 0.606111354
v 0.0763302311 0.0619310817 0.60130014
v 0.0780047919 0.0825676284 0.587775263
v 0.0788686713 0.0957746479 0.567087666
v 0.08462403 0.107956108 0.546673248
v 0.0871966488 0.121718929 0.527326892
v 0.0906574287 0.135305485 0.507914221
v 0.0977675334 0.147649585 0.488400437
v 0.0988659383 0.154961766 0.464996384
v 0.105872032 0.156495053 0.440196943
v 0.11505363 0.157456802 0.417894911
v 0.119063302 0.157087595 0.396708638
v 0.124591455 0.161602791 0.374351332
v 0.129058291 0.16995751 0.349980036
v 0.137531457 0.171513274 0.325571345
v 0.139321867 0.167158979 0.30077627
v 0.141601902 0.15571722 0.278642388
v 0.143933306 0.141692143 0.258244361
v 0.147037223 0.125213433 0.240190919
v 0.153090981 0.106973314 0.225279945
v 0.159442778 0.087219947 0.213740069
v 0.162012566 0.0680875645 0.200832556
v 0.162768241 0.0464277824 0.191645683
v 0.160026764 0.0230085607 0.1871561
v 0.150391292 0.000670676821 0.187002005
v 0.139927518 -0.0203801908 0.194365128
v 0.128194535 -0.0383458696 0.204934504
v 0.121960778 -0.058737356 0.213618326
v 0.121834265 -0.079000123 0.22534899
v 0.12464333 -0.0949580457 0.242711952
v 0.126853198 -0.10497268 0.264447463
v 0.127760405 -0.113797448 0.286329592
v 0.126605091 -0.122283307 0.308390376
v 0.128496261 -0.131758509 0.332502176
v 0.133534544 -0.136779272 0.358263451
v 0.127644266 -0.142152536 0.382871583
v 0.123451337 -0.135335194 0.408573181
v 0.114855347 -0.124292453 0.43151486
v 0.108689143 -0.116002882 0.45319259
v 0.103634381 -0.109401209 0.473722181
v 0.0982670841 -0.102521225 0.494266866
v 0.093519224 -0.0926270783 0.514288998
v 0.0892059328 -0.0809676271 0.533845959
v 0.0871184364 -0.0678989765 0.553414244
v 0.0811093472 -0.0505720257 0.569074448
v 0.0807893815 -0.0322708776 0.58574033
v 0.0798995347 -0.00898260104 0.595421391
v 0.367741315 -0.0971933999 0.243824323
v 0.374938657 -0.12953603 0.265784659
v 0.376142875 -0.161150678 0.291193471
v 0.368918814 -0.193542276 0.318337774
v 0.358084405 -0.207975472 0.356481876
v 0.321893042 -0.210748985 0.378389518
v 0.317302749 -0.207320407 0.420553528
v 0.295931362 -0.201096717 0.457024293
v 0.301012085 -0.19184062 0.497825874
v 0.275599067 -0.16857317 0.524121517
v 0.257577531 -0.140318068 0.55107293
v 0.365148802 -0.0622538834 0.221892801
v 0.399358269 -0.0766044577 0.276966808
v 0.389648903 -0.101474781 0.306111831
v 0.378607865 -0.135187951 0.32821595
v 0.364727936 -0.153426111 0.363906376
v 0.334047983 -0.160328534 0.392146671
v 0.322742691 -0.155009468 0.432957609
v 0.315880022 -0.152517935 0.474915356
v 0.325250339 -0.137871423 0.514155744
v 0.308436094 -0.112556912 0.544718172
v 0.260318357 -0.102018382 0.568592984
v 0.383160814 -0.0324300373 0.203335513
v 0.400590871 -0.0438655966 0.252664944
v 0.377687899 -0.0430492009 0.312865719
v 0.379130959 -0.0723266512 0.33915141
v 0.354383532 -0.0989809444 0.361914629
v 0.349220089 -0.109882613 0.402434759
v 0.319114901 -0.101102371 0.431403147
v 0.313811819 -0.093616334 0.472528842
v 0.326446665 -0.0712533276 0.507292273
v 0.29171324 -0.0738975497 0.54682486
v 0.27637353 -0.0680388859 0.588080604
v 0.395526787 0.00559144616 0.203102155
v 0.403517143 -0.00464948825 0.247382636
v 0.397185831 -0.0125145264 0.295016968
v 0.379847827 -0.0137277569 0.354956169
v 0.360472152 -0.04117575 0.377181583
v 0.365251061 -0.0599108944 0.413888274
v 0.339785352 -0.0522124166 0.447050334
v 0.349811607 -0.0402593558 0.486668321
v 0.322943468 -0.0353898095 0.529414424
v 0.317050416 -0.0491917147 0.568717259
v 0.282258983 -0.0302875831 0.590575707
v 0.396894726 0.0433515301 0.204328698
v 0.417422971 0.0312290483 0.247713147
v 0.400305051 0.0273734004 0.294095761
v 0.398261206 0.0162706879 0.33883131
v 0.384663615 0.0138880966 0.392406711
v 0.364647265 -0.0065944774 0.419846323
v 0.370168973 0.000904810257 0.459747979
v 0.372616627 -0.0107217236 0.504611853
v 0.35027813 -0.0128094686 0.543902681
v 0.331607643 -0.0234749587 0.589433682
v 0.295931812 -0.025695532 0.624861258
v 0.406107462 0.0814819534 0.184083303
v 0.406776555 0.0704373029 0.234703372
v 0.413144027 0.0657040789 0.285965998
v 0.412437622 0.0533519257 0.336295162
v 0.391690423 0.0512867044 0.383799096
v 0.388886466 0.0391119156 0.434209837
v 0.365749393 0.0351058149 0.480350075
v 0.364657146 0.0193879447 0.529783297
v 0.342972735 0.015402954 0.576624327
v 0.311452001 0.00676152781 0.616874777
v 0.297181802 -0.00226684968 0.665863091
v 0.429739279 0.122195647 0.166359087
v 0.427881275 0.113067569 0.220764663
v 0.40997843 0.112849657 0.272891581
v 0.401801554 0.0973290219 0.334209174
v 0.371516687 0.0815583545 0.3984031
v 0.369923423 0.0853163114 0.436649885
v 0.353856916 0.0728034326 0.471119568
v 0.35514383 0.0604424679 0.533317796
v 0.352253639 0.0556961189 0.595974563
v 0.325327012 0.0428118883 0.643199853
v 0.311066955 0.0324644651 0.696258278
v 0.416502711 0.165411949 0.178146267
v 0.429243686 0.155031665 0.239811217
v 0.424550067 0.137347265 0.309574464
v 0.400454488 0.11593882 0.375839985
v 0.395564721 0.130793437 0.411823568
v 0.37802414 0.133652284 0.446423802
v 0.376994039 0.122500426 0.485181154
v 0.363913189 0.0990258301 0.517081902
v 0.33638741 0.0893195265 0.570974009
v 0.32286516 0.0856650843 0.635082767
v 0.314406113 0.0758259839 0.696649384
v 0.41681957 0.198034391 0.211301438
v 0.399533285 0.165955367 0.274943691
v 0.413320771 0.160366674 0.34648485
v 0.393522519 0.173204112 0.378012484
v 0.374493886 0.179921868 0.411530592
v 0.366417605 0.182198944 0.449874227
v 0.36195955 0.169046627 0.488006537
v 0.339079685 0.156488661 0.521148897
v 0.335919918 0.126154283 0.550542341
v 0.329286554 0.121431003 0.610960182
v 0.312851119 0.113179759 0.671963111
v 0.384343545 0.200856749 0.245007221
v 0.375813808 0.173354684 0.311559906
v 0.365606524 0.193371475 0.343950858
v 0.352743677 0.210225345 0.37665375
v 0.351287215 0.225886937 0.412815551
v 0.346406248 0.227949551 0.451791197
v 0.343824105 0.215567059 0.490476184
v 0.331170614 0.206121459 0.527612959
v 0.330728938 0.18877318 0.567446225
v 0.337430177 0.161105304 0.598814763
v 0.302859462 0.145712354 0.64624321
v 0.365031106 0.208883067 0.28328997
v 0.334775964 0.214903763 0.308135437
v 0.321259875 0.2276231 0.342474362
v 0.320796226 0.252909572 0.372378632
v 0.306909133 0.251836655 0.409301289
v 0.299395872 0.244401511 0.4473615
v 0.30827139 0.250490911 0.486763631
v 0.305290352 0.24766963 0.526621207
v 0.304816752 0.236674144 0.567340694
v 0.296557525 0.214474396 0.603613966
v 0.296593679 0.173392152 0.614658332
f 1 2 49
f 2 50 49
f 2 3 50
f 3 51 50
f 3 4 51
f 4 52 51
f 4 5 52
f 5 53 52
f 5 6 53
f 6 54 53
f 6 7 54
f 7 55 54
f 7 8 55
f 8 56 55
f 8 9 56
f 9 57 56
f 9 10 57
f 10 58 57
f 10 11 58
f 11 59 58
f 11 12 59
f 12 60 59
f 12 13 60
f 13 61 60
f 13 14 61
f 14 62 61
f 14 15 62
f 15 63 62
f 15 16 63
f 16 64 63
f 16 17 64
f 17 65 64
f 17 18 65
f 18 66 65
f 18 19 66
f 19 67 66
f 19 20 67
f 20 68 67
f 20 21 68
f 21 69 68
f 21 22 69
f 22 70 69
f 22 23 70
f 23 71 70
f 23 24 71
f 24 72 71
f 24 25 72
f 25 73 72
f 25 26 73
f 26 74 73
f 26 27 74
f 27 75 74
f 27 28 75
f 28 76 75
f 28 29 76
f 29 77 76
f 29 30 77
f 30 78 77
f 30 31 78
f 31 79 78
f 31 32 79
f 32 80 79
f 32 33 80
f 33 81 80
f 33 34 81
f 34 82 81
f 34 35 82
f 35 83 82
f 35 36 83
f 36 84 83
f 36 37 84
f 37 85 84
f 37 38 85
f 38 86 85
f 38 39 86
f 39 87 86
f 39 40 87
f 40 88 87
f 40 41 88
f 41 89 88
f 41 42 89
f 42 90 89
f 42 43 90
f 43 91 90
f 43 44 91
f 44 92 91
f 44 45 92
f 45 93 92
f 45 46 93
f 46 94 93
f 46 47 94
f 47 95 94
f 47 48 95
f 48 96 95
f 48 1 96
f 1 49 96
f 49 50 97
f 50 98 97
f 50 51 98
f 51 99 98
f 51 52 99
f 52 100 99
f 52 53 100
f 53 101 100
f 53 54 101
f 54 102 101
f 54 55 102
f 55 103 102
f 55 56 103
f 56 104 103
f 56 57 104
f 57 105 104
f 57 58 105
f 58 106 105
f 58 59 106
f 59 107 106
f 59 60 107
f 60 108 107
f 60 61 108
f 61 109 108
f 61 62 109
f 62 110 109
f 62 63 110
f 63 111 110
f 63 64 111
f 64 112 111
f 64 65 112
f 65 113 112
f 65 66 113
f 66 114 113
f 66 67 114
f 67 115 114
f 67 68 115
f 68 116 115
f 68 69 116
f 69 117 116
f 69 70 117
f 70 118 117
f 70 71 118
f 71 119 118
f 71 72 119
f 72 120 119
f 72 73 120
f 73 121 120
f 73 74 121
f 74 122 121
f 74 75 122
f 75 123 122
f 75 76 123
f 76 124 123
f 76 77 124
f 77 125 124
f 77 78 125
f 78 126 125
f 78 79 126
f 79 127 126
f 79 80 127
f 80 128 127
f 80 81 128
f 81 129 128
f 81 82 129
f 82 130 129
f 82 83 130
f 83 131 130
f 83 84 131
f 84 132 131
f 84 85 132
f 85 133 132
f 85 86 133
f 86 134 133
f 86 87 134
f 87 135 134
f 87 88 135
f 88 136 135
f 88 89 136
f 89 137 136
f 89 90 137
f 90 138 137
f 90 91 138
f 91 139 138
f 91 92 139
f 92 140 139
f 92 93 140
f 93 141 140
f 93 94 141
f 94 142 141
f 94 95 142
f 95 143 142
f 95 96 143
f 96 144 143
f 96 49 144
f 49 97 144
f 97 98 145
f 98 146 145
f 98 99 146
f 99 147 146
f 99 100 147
f 100 148 147
f 100 101 148
f 101 149 148
f 101 102 149
f 102 150 149
f 102 103 150
f 103 151 150
f 103 104 151
f 104 152 151
f 104 105 152
f 105 153 152
f 105 106 153
f 106 154 153
f 106 107 154
f 107 155 154
f 107 108 155
f 108 156 155
f 108 109 156
f 109 157 156
f 109 110 157
f 110 158 157
f 110 111 158
f 111 159 158
f 111 112 159
f 112 160 159
f 112 113 160
f 113 161 160
f 113 114 161
f 114 162 161
f 114 115 162
f 115 163 162
f 115 116 163
f 116 164 163
f 116 117 164
f 117 165 164
f 117 118 165
f 118 166 165
f 118 119 166
f 119 167 166
f 119 120 167
f 120 168 167
f 120 121 168
f 121 169 168
f 121 122 169
f 122 170 169
f 122 123 170
f 123 171 170
f 123 124 171
f 124 172 171
f 124 125 172
f 125 173 172
f 125 126 173
f 126 174 173
f 126 127 174
f 127 175 174
f 127 128 175
f 128 176 175
f 128 129 176
f 129 177 176
f 129 130 177
f 130 178 177
f 130 131 178
f 131 179 178
f 131 132 179
f 132 180 179
f 132 133 180
f 133 181 180
f 133 134 181
f 134 182 181
f 134 135 182
f 135 183 182
f 135 136 183
f 136 184 183
f 136 137 184
f 137 185 184
f 137 138 185
f 138 186 185
f 138 139 186
f 139 187 186
f 139 140 187
f 140 188 187
f 140 141 188
f 141 189 188
f 141 142 189
f 142 190 189
f 142 143 190
f 143 191 190
f 143 144 191
f 144 192 191
f 144 97 192
f 97 145 192
f 145 146 193
f 146 194 193
f 146 147 194
f 147 195 194
f 147 148 195
f 148 196 195
f 148 149 196
f 149 197 196
f 149 150 197
f 150 198 197
f 150 151 198
f 151 199 198
f 151 152 199
f 152 200 199
f 152 153 200
f 153 201 200
f 153 154 201
f 154 202 201
f 154 155 202
f 155 203 202
f 155 156 203
f 156 204 203
f 156 157 204
f 157 205 204
f 157 158 205
f 158 206 205
f 158 159 206
f 159 207 206
f 159 160 207
f 160 208 207
f 160 161 208
f 161 209 208
f 161 162 209
f 162 210 209
f 162 163 210
f 163 211 210
f 163 164 211
f 164 212 211
f 164 165 212
f 165 213 212
f 165 166 213
f 166 214 213
f 166 167 214
f 167 215 214
f 167 168 215
f 168 216 215
f 168 169 216
f 169 217 216
f 169 170 217
f 170 218 217
f 170 171 218
f 171 219 218
f 171 172 219
f 172 220 219
f 172 173 220
f 173 221 220
f 173 174 221
f 174 222 221
f 174 175 222
f 175 223 222
f 175 176 223
f 176 224 223
f 176 177 224
f 177 225 224
f 177 178 225
f 178 226 225
f 178 179 226
f 179 227 226
f 179 180 227
f 180 228 227
f 180 181 228
f 181 229 228
f 181 182 229
f 182 230 229
f 182 183 230
f 183 231 230
f 183 184 231
f 184 232 231
f 184 185 232
f 185 233 232
f 185 186 233
f 186 234 233
f 186 187 234
f 187 235 234
f 187 188 235
f 188 236 235
f 188 189 236
f 189 237 236
f 189 190 237
f 190 238 237
f 190 191 238
f 191 239 238
f 191 192 239
f 192 240 239
f 192 145 240
f 145 193 240
f 193 194 241
f 194 242 241
f 194 195 242
f 195 243 242
f 195 196 243
f 196 244 243
f 196 197 244
f 197 245 244
f 197 198 245
f 198 246 245
f 198 199 246
f 199 247 246
f 199 200 247
f 200 248 247
f 200 201 248
f 201 249 248
f 201 202 249
f 202 250 249
f 202 203 250
f 203 251 250
f 203 204 251
f 204 252 251
f 204 205 252
f 205 253 252
f 205 206 253
f 206 254 253
f 206 207 254
f 207 255 254
f 207 208 255
f 208 256 255
f 208 209 256
f 209 257 256
f 209 210 257
f 210 258 257
f 210 211 258
f 211 259 258
f 211 212 259
f 212 260 259
f 212 213 260
f 213 261 260
f 213 214 261
f 214 262 261
f 214 215 262
f 215 263 262
f 215 216 263
f 216 264 263
f 216 217 264
f 217 265 264
f 217 218 265
f 218 266 265
f 218 219 266
f 219 267 266
f 219 220 267
f 220 268 267
f 220 221 268
f 221 269 268
f 221 222 269
f 222 270 269
f 222 223 270
f 223 271 270
f 223 224 271
f 224 272 271
f 224 225 272
f 225 273 272
f 225 226 273
f 226 274 273
f 226 227 274
f 227 275 274
f 227 228 275
f 228 276 275
f 228 229 276
f 229 277 276
f 229 230 277
f 230 278 277
f 230 231 278
f 231 279 278
f 231 232 279
f 232 280 279
f 232 233 280
f 233 281 280
f 233 234 281
f 234 282 281
f 234 235 282
f 235 283 282
f 235 236 283
f 236 284 283
f 236 237 284
f 237 285 284
f 237 238 285
f 238 286 285
f 238 239 286
f 239 287 286
f 239 240 287
f 240 288 287
f 240 193 288
f 193 241 288
f 241 242 289
f 242 290 289
f 242 243 290
f 243 291 290
f 243 244 291
f 244 292 291
f 244 245 292
f 245 293 292
f 245 246 293
f 246 294 293
f 246 247 294
f 247 295 294
f 247 248 295
f 248 296 295
f 248 249 296
f 249 297 296
f 249 250 297
f 250 298 297
f 250 251 298
f 251 299 298
f 251 252 299
f 252 300 299
f 252 253 300
f 253 301 300
f 253 254 301
f 254 302 301
f 254 255 302
f 255 303 302
f 255 256 303
f 256 304 303
f 256 257 304
f 257 305 304
f 257 258 305
f 258 306 305
f 258 259 306
f 259 307 306
f 259 260 307
f 260 308 307
f 260 261 308
f 261 309 308
f 261 262 309
f 262 310 309
f 262 263 310
f 263 311 310
f 263 264 311
f 264 312 311
f 264 265 312
f 265 313 312
f 265 266 313
f 266 314 313
f 266 267 314
f 267 315 314
f 267 268 315
f 268 316 315
f 268 269 316
f 269 317 316
f 269 270 317
f 270 318 317
f 270 271 318
f 271 319 318
f 271 272 319
f 272 320 319
f 272 273 320
f 273 321 320
f 273 274 321
f 274 322 321
f 274 275 322
f 275 323 322
f 275 276 323
f 276 324 323
f 276 277 324
f 277 325 324
f 277 278 325
f 278 326 325
f 278 279 326
f 279 327 326
f 279 280 327
f 280 328 327
f 280 281 328
f 281 329 328
f 281 282 329
f 282 330 329
f 282 283 330
f 283 331 330
f 283 284 331
f 284 332 331
f 284 285 332
f 285 333 332
f 285 286 333
f 286 334 333
f 286 287 334
f 287 335 334
f 287 288 335
f 288 336 335
f 288 241 336
f 241 289 336
f 289 290 337
f 290 338 337
f 290 291 338
f 291 339 338
f 291 292 339
f 292 340 339
f 292 293 340
f 293 341 340
f 293 294 341
f 294 342 341
f 294 295 342
f 295 343 342
f 295 296 343
f 296 344 343
f 296 297 344
f 297 345 344
f 297 298 345
f 298 346 345
f 298 299 346
f 299 347 346
f 299 300 347
f 300 348 347
f 300 301 348
f 301 349 348
f 301 302 349
f 302 350 349
f 302 303 350
f 303 351 350
f 303 304 351
f 304 352 351
f 304 305 352
f 305 353 352
f 305 306 353
f 306 354 353
f 306 307 354
f 307 355 354
f 307 308 355
f 308 356 355
f 308 309 356
f 309 357 356
f 309 310 357
f 310 358 357
f 310 311 358
f 311 359 358
f 311 312 359
f 312 360 359
f 312 313 360
f 313 361 360
f 313 314 361
f 314 362 361
f 314 315 362
f 315 363 362
f 315 316 363
f 316 364 363
f 316 317 364
f 317 365 364
f 317 318 365
f 318 366 365
f 318 319 366
f 319 367 366
f 319 320 367
f 320 368 367
f 320 321 368
f 321 369 368
f 321 322 369
f 322 370 369
f 322 323 370
f 323 371 370
f 323 324 371
f 324 372 371
f 324 325 372
f 325 373 372
f 325 326 373
f 326 374 373
f 326 327 374
f 327 375 374
f 327 328 375
f 328 376 375
f 328 329 376
f 329 377 376
f 329 330 377
f 330 378 377
f 330 331 378
f 331 379 378
f 331 332 379
f 332 380 379
f 332 333 380
f 333 381 380
f 333 334 381
f 334 382 381
f 334 335 382
f 335 383 382
f 335 336 383
f 336 384 383
f 336 289 384
f 289 337 384
f 337 338 385
f 338 386 385
f 338 339 386
f 339 387 386
f 339 340 387
f 340 388 387
f 340 341 388
f 341 389 388
f 341 342 389
f 342 390 389
f 342 343 390
f 343 391 390
f 343 344 391
f 344 392 391
f 344 345 392
f 345 393 392
f 345 346 393
f 346 394 393
f 346 347 394
f 347 395 394
f 347 348 395
f 348 396 395
f 348 349 396
f 349 397 396
f 349 350 397
f 350 398 397
f 350 351 398
f 351 399 398
f 351 352 399
f 352 400 399
f 352 353 400
f 353 401 400
f 353 354 401
f 354 402 401
f 354 355 402
f 355 403 402
f 355 356 403
f 356 404 403
f 356 357 404
f 357 405 404
f 357 358 405
f 358 406 405
f 358 359 406
f 359 407 406
f 359 360 407
f 360 408 407
f 360 361 408
f 361 409 408
f 361 362 409
f 362 410 409
f 362 363 410
f 363 411 410
f 363 364 411
f 364 412 411
f 364 365 412
f 365 413 412
f 365 366 413
f 366 414 413
f 366 367 414
f 367 415 414
f 367 368 415
f 368 416 415
f 368 369 416
f 369 417 416
f 369 370 417
f 370 418 417
f 370 371 418
f 371 419 418
f 371 372 419
f 372 420 419
f 372 373 420
f 373 421 420
f 373 374 421
f 374 422 421
f 374 375 422
f 375 423 422
f 375 376 423
f 376 424 423
f 376 377 424
f 377 425 424
f 377 378 425
f 378 426 425
f 378 379 426
f 379 427 426
f 379 380 427
f 380 428 427
f 380 381 428
f 381 429 428
f 381 382 429
f 382 430 429
f 382 383 430
f 383 431 430
f 383 384 431
f 384 432 431
f 384 337 432
f 337 385 432
f 385 386 433
f 386 434 433
f 386 387 434
f 387 435 434
f 387 388 435
f 388 436 435
f 388 389 436
f 389 437 436
f 389 390 437
f 390 438 437
f 390 391 438
f 391 439 438
f 391 392 439
f 392 440 439
f 392 393 440
f 393 441 440
f 393 394 441
f 394 442 441
f 394 395 442
f 395 443 442
f 395 396 443
f 396 444 443
f 396 397 444
f 397 445 444
f 397 398 445
f 398 446 445
f 398 399 446
f 399 447 446
f 399 400 447
f 400 448 447
f 400 401 448
f 401 449 448
f 401 402 449
f 402 450 449
f 402 403 450
f 403 451 450
f 403 404 451
f 404 452 451
f 404 405 452
f 405 453 452
f 405 406 453
f 406 454 453
f 406 407 454
f 407 455 454
f 407 408 455
f 408 456 455
f 408 409 456
f 409 457 456
f 409 410 457
f 410 458 457
f 410 411 458
f 411 459 458
f 411 412 459
f 412 460 459
f 412 413 460
f 413 461 460
f 413 414 461
f 414 462 461
f 414 415 462
f 415 463 462
f 415 416 463
f 416 464 463
f 416 417 464
f 417 465 464
f 417 418 465
f 418 466 465
f 418 419 466
f 419 467 466
f 419 420 467
f 420 468 467
f 420 421 468
f 421 469 468
f 421 422 469
f 422 470 469
f 422 423 470
f 423 471 470
f 423 424 471
f 424 472 471
f 424 425 472
f 425 473 472
f 425 426 473
f 426 474 473
f 426 427 474
f 427 475 474
f 427 428 475
f 428 476 475
f 428 429 476
f 429 477 476
f 429 430 477
f 430 478 477
f 430 431 478
f 431 479 478
f 431 432 479
f 432 480 479
f 432 385 480
f 385 433 480
f 433 434 481
f 434 482 481
f 434 435 482
f 435 483 482
f 435 436 483
f 436 484 483
f 436 437 484
f 437 485 484
f 437 438 485
f 438 486 485
f 438 439 486
f 439 487 486
f 439 440 487
f 440 488 487
f 440 441 488
f 441 489 488
f 441 442 489
f 442 490 489
f 442 443 490
f 443 491 490
f 443 444 491
f 444 492 491
f 444 445 492
f 445 493 492
f 445 446 493
f 446 494 493
f 446 447 494
f 447 495 494
f 447 448 495
f 448 496 495
f 448 449 496
f 449 497 496
f 449 450 497
f 450 498 497
f 450 451 498
f 451 499 498
f 451 452 499
f 452 500 499
f 452 453 500
f 453 501 500
f 453 454 501
f 454 502 501
f 454 455 502
f 455 503 502
f 455 456 503
f 456 504 503
f 456 457 504
f 457 505 504
f 457 458 505
f 458 506 505
f 458 459 506
f 459 507 506
f 459 460 507
f 460 508 507
f 460 461 508
f 461 509 508
f 461 462 509
f 462 510 509
f 462 463 510
f 463 511 510
f 463 464 511
f 464 512 511
f 464 465 512
f 465 513 512
f 465 466 513
f 466 514 513
f 466 467 514
f 467 515 514
f 467 468 515
f 468 516 515
f 468 469 516
f 469 517 516
f 469 470 517
f 470 518 517
f 470 471 518
f 471 519 518
f 471 472 519
f 472 520 519
f 472 473 520
f 473 521 520
f 473 474 521
f 474 522 521
f 474 475 522
f 475 523 522
f 475 476 523
f 476 524 523
f 476 477 524
f 477 525 524
f 477 478 525
f 478 526 525
f 478 479 526
f 479 527 526
f 479 480 527
f 480 528 527
f 480 433 528
f 433 481 528
f 481 482 529
f 482 530 529
f 482 483 530
f 483 531 530
f 483 484 531
f 484 532 531
f 484 485 532
f 485 533 532
f 485 486 533
f 486 534 533
f 486 487 534
f 487 535 534
f 487 488 535
f 488 536 535
f 488 489 536
f 489 537 536
f 489 490 537
f 490 538 537
f 490 491 538
f 491 539 538
f 491 492 539
f 492 540 539
f 492 493 540
f 493 541 540
f 493 494 541
f 494 542 541
f 494 495 542
f 495 543 542
f 495 496 543
f 496 544 543
f 496 497 544
f 497 545 544
f 497 498 545
f 498 546 545
f 498 499 546
f 499 547 546
f 499 500 547
f 500 548 547
f 500 501 548
f 501 549 548
f 501 502 549
f 502 550 549
f 502 503 550
f 503 551 550
f 503 504 551
f 504 552 551
f 504 505 552
f 505 553 552
f 505 506 553
f 506 554 553
f 506 507 554
f 507 555 554
f 507 508 555
f 508 556 555
f 508 509 556
f 509 557 556
f 509 510 557
f 510 558 557
f 510 511 558
f 511 559 558
f 511 512 559
f 512 560 559
f 512 513 560
f 513 561 560
f 513 514 561
f 514 562 561
f 514 515 562
f 515 563 562
f 515 516 563
f 516 564 563
f 516 517 564
f 517 565 564
f 517 518 565
f 518 566 565
f 518 519 566
f 519 567 566
f 519 520 567
f 520 568 567
f 520 521 568
f 521 569 568
f 521 522 569
f 522 570 569
f 522 523 570
f 523 571 570
f 523 524 571
f 524 572 571
f 524 525 572
f 525 573 572
f 525 526 573
f 526 574 573
f 526 527 574
f 527 575 574
f 527 528 575
f 528 576 575
f 528 481 576
f 481 529 576
f 529 530 577
f 530 578 577
f 530 531 578
f 531 579 578
f 531 532 579
f 532 580 579
f 532 533 580
f 533 581 580
f 533 534 581
f 534 582 581
f 534 535 582
f 535 583 582
f 535 536 583
f 536 584 583
f 536 537 584
f 537 585 584
f 537 538 585
f 538 586 585
f 538 539 586
f 539 587 586
f 539 540 587
f 540 588 587
f 540 541 588
f 541 589 588
f 541 542 589
f 542 590 589
f 542 543 590
f 543 591 590
f 543 544 591
f 544 592 591
f 544 545 592
f 545 593 592
f 545 546 593
f 546 594 593
f 546 547 594
f 547 595 594
f 547 548 595
f 548 596 595
f 548 549 596
f 549 597 596
f 549 550 597
f 550 598 597
f 550 551 598
f 551 599 598
f 551 552 599
f 552 600 599
f 552 553 600
f 553 601 600
f 553 554 601
f 554 602 601
f 554 555 602
f 555 603 602
f 555 556 603
f 556 604 603
f 556 557 604
f 557 605 604
f 557 558 605
f 558 606 605
f 558 559 606
f 559 607 606
f 559 560 607
f 560 608 607
f 560 561 608
f 561 609 608
f 561 562 609
f 562 610 609
f 562 563 610
f 563 611 610
f 563 564 611
f 564 612 611
f 564 565 612
f 565 613 612
f 565 566 613
f 566 614 613
f 566 567 614
f 567 615 614
f 567 568 615
f 568 616 615
f 568 569 616
f 569 617 616
f 569 570 617
f 570 618 617
f 570 571 618
f 571 619 618
f 571 572 619
f 572 620 619
f 572 573 620
f 573 621 620
f 573 574 621
f 574 622 621
f 574 575 622
f 575 623 622
f 575 576 623
f 576 624 623
f 576 529 624
f 529 577 624
f 577 578 625
f 578 626 625
f 578 579 626
f 579 627 626
f 579 580 627
f 580 628 627
f 580 581 628
f 581 629 628
f 581 582 629
f 582 630 629
f 582 583 630
f 583 631 630
f 583 584 631
f 584 632 631
f 584 585 632
f 585 633 632
f 585 586 633
f 586 634 633
f 586 587 634
f 587 635 634
f 587 588 635
f 588 636 635
f 588 589 636
f 589 637 636
f 589 590 637
f 590 638 637
f 590 591 638
f 591 639 638
f 591 592 639
f 592 640 639
f 592 593 640
f 593 641 640
f 593 594 641
f 594 642 641
f 594 595 642
f 595 643 642
f 595 596 643
f 596 644 643
f 596 597 644
f 597 645 644
f 597 598 645
f 598 646 645
f 598 599 646
f 599 647 646
f 599 600 647
f 600 648 647
f 600 601 648
f 601 649 648
f 601 602 649
f 602 650 649
f 602 603 650
f 603 651 650
f 603 604 651
f 604 652 651
f 604 605 652
f 605 653 652
f 605 606 653
f 606 654 653
f 606 607 654
f 607 655 654
f 607 608 655
f 608 656 655
f 608 609 656
f 609 657 656
f 609 610 657
f 610 658 657
f 610 611 658
f 611 659 658
f 611 612 659
f 612 660 659
f 612 613 660
f 613 661 660
f 613 614 661
f 614 662 661
f 614 615 662
f 615 663 662
f 615 616 663
f 616 664 663
f 616 617 664
f 617 665 664
f 617 618 665
f 618 666 665
f 618 619 666
f 619 667 666
f 619 620 667
f 620 668 667
f 620 621 668
f 621 669 668
f 621 622 669
f 622 670 669
f 622 623 670
f 623 671 670
f 623 624 671
f 624 672 671
f 624 577 672
f 577 625 672
f 625 626 673
f 626 674 673
f 626 627 674
f 627 675 674
f 627 628 675
f 628 676 675
f 628 629 676
f 629 677 676
f 629 630 677
f 630 678 677
f 630 631 678
f 631 679 678
f 631 632 679
f 632 680 679
f 632 633 680
f 633 681 680
f 633 634 681
f 634 682 681
f 634 635 682
f 635 683 682
f 635 636 683
f 636 684 683
f 636 637 684
f 637 685 684
f 637 638 685
f 638 686 685
f 638 639 686
f 639 687 686
f 639 640 687
f 640 688 687
f 640 641 688
f 641 689 688
f 641 642 689
f 642 690 689
f 642 643 690
f 643 691 690
f 643 644 691
f 644 692 691
f 644 645 692
f 645 693 692
f 645 646 693
f 646 694 693
f 646 647 694
f 647 695 694
f 647 648 695
f 648 696 695
f 648 649 696
f 649 697 696
f 649 650 697
f 650 698 697
f 650 651 698
f 651 699 698
f 651 652 699
f 652 700 699
f 652 653 700
f 653 701 700
f 653 654 701
f 654 702 701
f 654 655 702
f 655 703 702
f 655 656 703
f 656 704 703
f 656 657 704
f 657 705 704
f 657 658 705
f 658 706 705
f 658 659 706
f 659 707 706
f 659 660 707
f 660 708 707
f 660 661 708
f 661 709 708
f 661 662 709
f 662 710 709
f 662 663 710
f 663 711 710
f 663 664 711
f 664 712 711
f 664 665 712
f 665 713 712
f 665 666 713
f 666 714 713
f 666 667 714
f 667 715 714
f 667 668 715
f 668 716 715
f 668 669 716
f 669 717 716
f 669 670 717
f 670 718 717
f 670 671 718
f 671 719 718
f 671 672 719
f 672 720 719
f 672 625 720
f 625 673 720
f 673 674 721
f 674 722 721
f 674 675 722
f 675 723 722
f 675 676 723
f 676 724 723
f 676 677 724
f 677 725 724
f 677 678 725
f 678 726 725
f 678 679 726
f 679 727 726
f 679 680 727
f 680 728 727
f 680 681 728
f 681 729 728
f 681 682 729
f 682 730 729
f 682 683 730
f 683 731 730
f 683 684 731
f 684 732 731
f 684 685 732
f 685 733 732
f 685 686 733
f 686 734 733
f 686 687 734
f 687 735 734
f 687 688 735
f 688 736 735
f 688 689 736
f 689 737 736
f 689 690 737
f 690 738 737
f 690 691 738
f 691 739 738
f 691 692 739
f 692 740 739
f 692 693 740
f 693 741 740
f 693 694 741
f 694 742 741
f 694 695 742
f 695 743 742
f 695 696 743
f 696 744 743
f 696 697 744
f 697 745 744
f 697 698 745
f 698 746 745
f 698 699 746
f 699 747 746
f 699 700 747
f 700 748 747
f 700 701 748
f 701 749 748
f 701 702 749
f 702 750 749
f 702 703 750
f 703 751 750
f 703 704 751
f 704 752 751
f 704 705 752
f 705 753 752
f 705 706 753
f 706 754 753
f 706 707 754
f 707 755 754
f 707 708 755
f 708 756 755
f 708 709 756
f 709 757 756
f 709 710 757
f 710 758 757
f 710 711 758
f 711 759 758
f 711 712 759
f 712 760 759
f 712 713 760
f 713 761 760
f 713 714 761
f 714 762 761
f 714 715 762
f 715 763 762
f 715 716 763
f 716 764 763
f 716 717 764
f 717 765 764
f 717 718 765
f 718 766 765
f 718 719 766
f 719 767 766
f 719 720 767
f 720 768 767
f 720 673 768
f 673 721 768
f 721 722 769
f 722 770 769
f 722 723 770
f 723 771 770
f 723 724 771
f 724 772 771
f 724 725 772
f 725 773 772
f 725 726 773
f 726 774 773
f 726 727 774
f 727 775 774
f 727 728 775
f 728 776 775
f 728 729 776
f 729 777 776
f 729 730 777
f 730 778 777
f 730 731 778
f 731 779 778
f 731 732 779
f 732 780 779
f 732 733 780
f 733 781 780
f 733 734 781
f 734 782 781
f 734 735 782
f 735 783 782
f 735 736 783
f 736 784 783
f 736 737 784
f 737 785 784
f 737 738 785
f 738 786 785
f 738 739 786
f 739 787 786
f 739 740 787
f 740 788 787
f 740 741 788
f 741 789 788
f 741 742 789
f 742 790 789
f 742 743 790
f 743 791 790
f 743 744 791
f 744 792 791
f 744 745 792
f 745 793 792
f 745 746 793
f 746 794 793
f 746 747 794
f 747 795 794
f 747 748 795
f 748 796 795
f 748 749 796
f 749 797 796
f 749 750 797
f 750 798 797
f 750 751 798
f 751 799 798
f 751 752 799
f 752 800 799
f 752 753 800
f 753 801 800
f 753 754 801
f 754 802 801
f 754 755 802
f 755 803 802
f 755 756 803
f 756 804 803
f 756 757 804
f 757 805 804
f 757 758 805
f 758 806 805
f 758 759 806
f 759 807 806
f 759 760 807
f 760 808 807
f 760 761 808
f 761 809 808
f 761 762 809
f 762 810 809
f 762 763 810
f 763 811 810
f 763 764 811
f 764 812 811
f 764 765 812
f 765 813 812
f 765 766 813
f 766 814 813
f 766 767 814
f 767 815 814
f 767 768 815
f 768 816 815
f 768 721 816
f 721 769 816
f 769 770 817
f 770 818 817
f 770 771 818
f 771 819 818
f 771 772 819
f 772 820 819
f 772 773 820
f 773 821 820
f 773 774 821
f 774 822 821
f 774 775 822
f 775 823 822
f 775 776 823
f 776 824 823
f 776 777 824
f 777 825 824
f 777 778 825
f 778 826 825
f 778 779 826
f 779 827 826
f 779 780 827
f 780 828 827
f 780 781 828
f 781 829 828
f 781 782 829
f 782 830 829
f 782 783 830
f 783 831 830
f 783 784 831
f 784 832 831
f 784 785 832
f 785 833 832
f 785 786 833
f 786 834 833
f 786 787 834
f 787 835 834
f 787 788 835
f 788 836 835
f 788 789 836
f 789 837 836
f 789 790 837
f 790 838 837
f 790 791 838
f 791 839 838
f 791 792 839
f 792 840 839
f 792 793 840
f 793 841 840
f 793 794 841
f 794 842 841
f 794 795 842
f 795 843 842
f 795 796 843
f 796 844 843
f 796 797 844
f 797 845 844
f 797 798 845
f 798 846 845
f 798 799 846
f 799 847 846
f 799 800 847
f 800 848 847
f 800 801 848
f 801 849 848
f 801 802 849
f 802 850 849
f 802 803 850
f 803 851 850
f 803 804 851
f 804 852 851
f 804 805 852
f 805 853 852
f 805 806 853
f 806 854 853
f 806 807 854
f 807 855 854
f 807 808 855
f 808 856 855
f 808 809 856
f 809 857 856
f 809 810 857
f 810 858 857
f 810 811 858
f 811 859 858
f 811 812 859
f 812 860 859
f 812 813 860
f 813 861 860
f 813 814 861
f 814 862 861
f 814 815 862
f 815 863 862
f 815 816 863
f 816 864 863
f 816 769 864
f 769 817 864
f 817 818 865
f 818 866 865
f 818 819 866
f 819 867 866
f 819 820 867
f 820 868 867
f 820 821 868
f 821 869 868
f 821 822 869
f 822 870 869
f 822 823 870
f 823 871 870
f 823 824 871
f 824 872 871
f 824 825 872
f 825 873 872
f 825 826 873
f 826 874 873
f 826 827 874
f 827 875 874
f 827 828 875
f 828 876 875
f 828 829 876
f 829 877 876
f 829 830 877
f 830 878 877
f 830 831 878
f 831 879 878
f 831 832 879
f 832 880 879
f 832 833 880
f 833 881 880
f 833 834 881
f 834 882 881
f 834 835 882
f 835 883 882
f 835 836 883
f 836 884 883
f 836 837 884
f 837 885 884
f 837 838 885
f 838 886 885
f 838 839 886
f 839 887 886
f 839 840 887
f 840 888 887
f 840 841 888
f 841 889 888
f 841 842 889
f 842 890 889
f 842 843 890
f 843 891 890
f 843 844 891
f 844 892 891
f 844 845 892
f 845 893 892
f 845 846 893
f 846 894 893
f 846 847 894
f 847 895 894
f 847 848 895
f 848 896 895
f 848 849 896
f 849 897 896
f 849 850 897
f 850 898 897
f 850 851 898
f 851 899 898
f 851 852 899
f 852 900 899
f 852 853 900
f 853 901 900
f 853 854 901
f 854 902 901
f 854 855 902
f 855 903 902
f 855 856 903
f 856 904 903
f 856 857 904
f 857 905 904
f 857 858 905
f 858 906 905
f 858 859 906
f 859 907 906
f 859 860 907
f 860 908 907
f 860 861 908
f 861 909 908
f 861 862 909
f 862 910 909
f 862 863 910
f 863 911 910
f 863 864 911
f 864 912 911
f 864 817 912
f 817 865 912
f 865 866 913
f 866 914 913
f 866 867 914
f 867 915 914
f 867 868 915
f 868 916 915
f 868 869 916
f 869 917 916
f 869 870 917
f 870 918 917
f 870 871 918
f 871 919 918
f 871 872 919
f 872 920 919
f 872 873 920
f 873 921 920
f 873 874 921
f 874 922 921
f 874 875 922
f 875 923 922
f 875 876 923
f 876 924 923
f 876 877 924
f 877 925 924
f 877 878 925
f 878 926 925
f 878 879 926
f 879 927 926
f 879 880 927
f 880 928 927
f 880 881 928
f 881 929 928
f 881 882 929
f 882 930 929
f 882 883 930
f 883 931 930
f 883 884 931
f 884 932 931
f 884 885 932
f 885 933 932
f 885 886 933
f 886 934 933
f 886 887 934
f 887 935 934
f 887 888 935
f 888 936 935
f 888 889 936
f 889 937 936
f 889 890 937
f 890 938 937
f 890 891 938
f 891 939 938
f 891 892 939
f 892 940 939
f 892 893 940
f 893 941 940
f 893 894 941
f 894 942 941
f 894 895 942
f 895 943 942
f 895 896 943
f 896 944 943
f 896 897 944
f 897 945 944
f 897 898 945
f 898 946 945
f 898 899 946
f 899 947 946
f 899 900 947
f 900 948 947
f 900 901 948
f 901 949 948
f 901 902 949
f 902 950 949
f 902 903 950
f 903 951 950
f 903 904 951
f 904 952 951
f 904 905 952
f 905 953 952
f 905 906 953
f 906 954 953
f 906 907 954
f 907 955 954
f 907 908 955
f 908 956 955
f 908 909 956
f 909 957 956
f 909 910 957
f 910 958 957
f 910 911 958
f 911 959 958
f 911 912 959
f 912 960 959
f 912 865 960
f 865 913 960
f 913 914 961
f 914 962 961
f 914 915 962
f 915 963 962
f 915 916 963
f 916 964 963
f 916 917 964
f 917 965 964
f 917 918 965
f 918 966 965
f 918 919 966
f 919 967 966
f 919 920 967
f 920 968 967
f 920 921 968
f 921 969 968
f 921 922 969
f 922 970 969
f 922 923 970
f 923 971 970
f 923 924 971
f 924 972 971
f 924 925 972
f 925 973 972
f 925 926 973
f 926 974 973
f 926 927 974
f 927 975 974
f 927 928 975
f 928 976 975
f 928 929 976
f 929 977 976
f 929 930 977
f 930 978 977
f 930 931 978
f 931 979 978
f 931 932 979
f 932 980 979
f 932 933 980
f 933 981 980
f 933 934 981
f 934 982 981
f 934 935 982
f 935 983 982
f 935 936 983
f 936 984 983
f 936 937 984
f 937 985 984
f 937 938 985
f 938 986 985
f 938 939 986
f 939 987 986
f 939 940 987
f 940 988 987
f 940 941 988
f 941 989 988
f 941 942 989
f 942 990 989
f 942 943 990
f 943 991 990
f 943 944 991
f 944 992 991
f 944 945 992
f 945 993 992
f 945 946 993
f 946 994 993
f 946 947 994
f 947 995 994
f 947 948 995
f 948 996 995
f 948 949 996
f 949 997 996
f 949 950 997
f 950 998 997
f 950 951 998
f 951 999 998
f 951 952 999
f 952 1000 999
f 952 953 1000
f 953 1001 1000
f 953 954 1001
f 954 1002 1001
f 954 955 1002
f 955 1003 1002
f 955 956 1003
f 956 1004 1003
f 956 957 1004
f 957 1005 1004
f 957 958 1005
f 958 1006 1005
f 958 959 1006
f 959 1007 1006
f 959 960 1007
f 960 1008 1007
f 960 913 1008
f 913 961 1008
f 961 962 1009
f 962 1010 1009
f 962 963 1010
f 963 1011 1010
f 963 964 1011
f 964 1012 1011
f 964 965 1012
f 965 1013 1012
f 965 966 1013
f 966 1014 1013
f 966 967 1014
f 967 1015 1014
f 967 968 1015
f 968 1016 1015
f 968 969 1016
f 969 1017 1016
f 969 970 1017
f 970 1018 1017
f 970 971 1018
f 971 1019 1018
f 971 972 1019
f 972 1020 1019
f 972 973 1020
f 973 1021 1020
f 973 974 1021
f 974 1022 1021
f 974 975 1022
f 975 1023 1022
f 975 976 1023
f 976 1024 1023
f 976 977 1024
f 977 1025 1024
f 977 978 1025
f 978 1026 1025
f 978 979 1026
f 979 1027 1026
f 979 980 1027
f 980 1028 1027
f 980 981 1028
f 981 1029 1028
f 981 982 1029
f 982 1030 1029
f 982 983 1030
f 983 1031 1030
f 983 984 1031
f 984 1032 1031
f 984 985 1032
f 985 1033 1032
f 985 986 1033
f 986 1034 1033
f 986 987 1034
f 987 1035 1034
f 987 988 1035
f 988 1036 1035
f 988 989 1036
f 989 1037 1036
f 989 990 1037
f 990 1038 1037
f 990 991 1038
f 991 1039 1038
f 991 992 1039
f 992 1040 1039
f 992 993 1040
f 993 1041 1040
f 993 994 1041
f 994 1042 1041
f 994 995 1042
f 995 1043 1042
f 995 996 1043
f 996 1044 1043
f 996 997 1044
f 997 1045 1044
f 997 998 1045
f 998 1046 1045
f 998 999 1046
f 999 1047 1046
f 999 1000 1047
f 1000 1048 1047
f 1000 1001 1048
f 1001 1049 1048
f 1001 1002 1049
f 1002 1050 1049
f 1002 1003 1050
f 1003 1051 1050
f 1003 1004 1051
f 1004 1052 1051
f 1004 1005 1052
f 1005 1053 1052
f 1005 1006 1053
f 1006 1054 1053
f 1006 1007 1054
f 1007 1055 1054
f 1007 1008 1055
f 1008 1056 1055
f 1008 961 1056
f 961 1009 1056
f 1009 1010 1057
f 1010 1058 1057
f 1010 1011 1058
f 1011 1059 1058
f 1011 1012 1059
f 1012 1060 1059
f 1012 1013 1060
f 1013 1061 1060
f 1013 1014 1061
f 1014 1062 1061
f 1014 1015 1062
f 1015 1063 1062
f 1015 1016 1063
f 1016 1064 1063
f 1016 1017 1064
f 1017 1065 1064
f 1017 1018 1065
f 1018 1066 1065
f 1018 1019 1066
f 1019 1067 1066
f 1019 1020 1067
f 1020 1068 1067
f 1020 1021 1068
f 1021 1069 1068
f 1021 1022 1069
f 1022 1070 1069
f 1022 1023 1070
f 1023 1071 1070
f 1023 1024 1071
f 1024 1072 1071
f 1024 1025 1072
f 1025 1073 1072
f 1025 1026 1073
f 1026 1074 1073
f 1026 1027 1074
f 1027 1075 1074
f 1027 1028 1075
f 1028 1076 1075
f 1028 1029 1076
f 1029 1077 1076
f 1029 1030 1077
f 1030 1078 1077
f 1030 1031 1078
f 1031 1079 1078
f 1031 1032 1079
f 1032 1080 1079
f 1032 1033 1080
f 1033 1081 1080
f 1033 1034 1081
f 1034 1082 1081
f 1034 1035 1082
f 1035 1083 1082
f 1035 1036 1083
f 1036 1084 1083
f 1036 1037 1084
f 1037 1085 1084
f 1037 1038 1085
f 1038 1086 1085
f 1038 1039 1086
f 1039 1087 1086
f 1039 1040 1087
f 1040 1088 1087
f 1040 1041 1088
f 1041 1089 1088
f 1041 1042 1089
f 1042 1090 1089
f 1042 1043 1090
f 1043 1091 1090
f 1043 1044 1091
f 1044 1092 1091
f 1044 1045 1092
f 1045 1093 1092
f 1045 1046 1093
f 1046 1094 1093
f 1046 1047 1094
f 1047 1095 1094
f 1047 1048 1095
f 1048 1096 1095
f 1048 1049 1096
f 1049 1097 1096
f 1049 1050 1097
f 1050 1098 1097
f 1050 1051 1098
f 1051 1099 1098
f 1051 1052 1099
f 1052 1100 1099
f 1052 1053 1100
f 1053 1101 1100
f 1053 1054 1101
f 1054 1102 1101
f 1054 1055 1102
f 1055 1103 1102
f 1055 1056 1103
f 1056 1104 1103
f 1056 1009 1104
f 1009 1057 1104
f 1057 1058 1105
f 1058 1106 1105
f 1058 1059 1106
f 1059 1107 1106
f 1059 1060 1107
f 1060 1108 1107
f 1060 1061 1108
f 1061 1109 1108
f 1061 1062 1109
f 1062 1110 1109
f 1062 1063 1110
f 1063 1111 1110
f 1063 1064 1111
f 1064 1112 1111
f 1064 1065 1112
f 1065 1113 1112
f 1065 1066 1113
f 1066 1114 1113
f 1066 1067 1114
f 1067 1115 1114
f 1067 1068 1115
f 1068 1116 1115
f 1068 1069 1116
f 1069 1117 1116
f 1069 1070 1117
f 1070 1118 1117
f 1070 1071 1118
f 1071 1119 1118
f 1071 1072 1119
f 1072 1120 1119
f 1072 1073 1120
f 1073 1121 1120
f 1073 1074 1121
f 1074 1122 1121
f 1074 1075 1122
f 1075 1123 1122
f 1075 1076 1123
f 1076 1124 1123
f 1076 1077 1124
f 1077 1125 1124
f 1077 1078 1125
f 1078 1126 1125
f 1078 1079 1126
f 1079 1127 1126
f 1079 1080 1127
f 1080 1128 1127
f 1080 1081 1128
f 1081 1129 1128
f 1081 1082 1129
f 1082 1130 1129
f 1082 1083 1130
f 1083 1131 1130
f 1083 1084 1131
f 1084 1132 1131
f 1084 1085 1132
f 1085 1133 1132
f 1085 1086 1133
f 1086 1134 1133
f 1086 1087 1134
f 1087 1135 1134
f 1087 1088 1135
f 1088 1136 1135
f 1088 1089 1136
f 1089 1137 1136
f 1089 1090 1137
f 1090 1138 1137
f 1090 1091 1138
f 1091 1139 1138
f 1091 1092 1139
f 1092 1140 1139
f 1092 1093 1140
f 1093 1141 1140
f 1093 1094 1141
f 1094 1142 1141
f 1094 1095 1142
f 1095 1143 1142
f 1095 1096 1143
f 1096 1144 1143
f 1096 1097 1144
f 1097 1145 1144
f 1097 1098 1145
f 1098 1146 1145
f 1098 1099 1146
f 1099 1147 1146
f 1099 1100 1147
f 1100 1148 1147
f 1100 1101 1148
f 1101 1149 1148
f 1101 1102 1149
f 1102 1150 1149
f 1102 1103 1150
f 1103 1151 1150
f 1103 1104 1151
f 1104 1152 1151
f 1104 1057 1152
f 1057 1105 1152
f 1105 1106 1153
f 1106 1154 1153
f 1106 1107 1154
f 1107 1155 1154
f 1107 1108 1155
f 1108 1156 1155
f 1108 1109 1156
f 1109 1157 1156
f 1109 1110 1157
f 1110 1158 1157
f 1110 1111 1158
f 1111 1159 1158
f 1111 1112 1159
f 1112 1160 1159
f 1112 1113 1160
f 1113 1161 1160
f 1113 1114 1161
f 1114 1162 1161
f 1114 1115 1162
f 1115 1163 1162
f 1115 1116 1163
f 1116 1164 1163
f 1116 1117 1164
f 1117 1165 1164
f 1117 1118 1165
f 1118 1166 1165
f 1118 1119 1166
f 1119 1167 1166
f 1119 1120 1167
f 1120 1168 1167
f 1120 1121 1168
f 1121 1169 1168
f 1121 1122 1169
f 1122 1170 1169
f 1122 1123 1170
f 1123 1171 1170
f 1123 1124 1171
f 1124 1172 1171
f 1124 1125 1172
f 1125 1173 1172
f 1125 1126 1173
f 1126 1174 1173
f 1126 1127 1174
f 1127 1175 1174
f 1127 1128 1175
f 1128 1176 1175
f 1128 1129 1176
f 1129 1177 1176
f 1129 1130 1177
f 1130 1178 1177
f 1130 1131 1178
f 1131 1179 1178
f 1131 1132 1179
f 1132 1180 1179
f 1132 1133 1180
f 1133 1181 1180
f 1133 1134 1181
f 1134 1182 1181
f 1134 1135 1182
f 1135 1183 1182
f 1135 1136 1183
f 1136 1184 1183
f 1136 1137 1184
f 1137 1185 1184
f 1137 1138 1185
f 1138 1186 1185
f 1138 1139 1186
f 1139 1187 1186
f 1139 1140 1187
f 1140 1188 1187
f 1140 1141 1188
f 1141 1189 1188
f 1141 1142 1189
f 1142 1190 1189
f 1142 1143 1190
f 1143 1191 1190
f 1143 1144 1191
f 1144 1192 1191
f 1144 1145 1192
f 1145 1193 1192
f 1145 1146 1193
f 1146 1194 1193
f 1146 1147 1194
f 1147 1195 1194
f 1147 1148 1195
f 1148 1196 1195
f 1148 1149 1196
f 1149 1197 1196
f 1149 1150 1197
f 1150 1198 1197
f 1150 1151 1198
f 1151 1199 1198
f 1151 1152 1199
f 1152 1200 1199
f 1152 1105 1200
f 1105 1153 1200
f 1153 1154 1201
f 1154 1202 1201
f 1154 1155 1202
f 1155 1203 1202
f 1155 1156 1203
f 1156 1204 1203
f 1156 1157 1204
f 1157 1205 1204
f 1157 1158 1205
f 1158 1206 1205
f 1158 1159 1206
f 1159 1207 1206
f 1159 1160 1207
f 1160 1208 1207
f 1160 1161 1208
f 1161 1209 1208
f 1161 1162 1209
f 1162 1210 1209
f 1162 1163 1210
f 1163 1211 1210
f 1163 1164 1211
f 1164 1212 1211
f 1164 1165 1212
f 1165 1213 1212
f 1165 1166 1213
f 1166 1214 1213
f 1166 1167 1214
f 1167 1215 1214
f 1167 1168 1215
f 1168 1216 1215
f 1168 1169 1216
f 1169 1217 1216
f 1169 1170 1217
f 1170 1218 1217
f 1170 1171 1218
f 1171 1219 1218
f 1171 1172 1219
f 1172 1220 1219
f 1172 1173 1220
f 1173 1221 1220
f 1173 1174 1221
f 1174 1222 1221
f 1174 1175 1222
f 1175 1223 1222
f 1175 1176 1223
f 1176 1224 1223
f 1176 1177 1224
f 1177 1225 1224
f 1177 1178 1225
f 1178 1226 1225
f 1178 1179 1226
f 1179 1227 1226
f 1179 1180 1227
f 1180 1228 1227
f 1180 1181 1228
f 1181 1229 1228
f 1181 1182 1229
f 1182 1230 1229
f 1182 1183 1230
f 1183 1231 1230
f 1183 1184 1231
f 1184 1232 1231
f 1184 1185 1232
f 1185 1233 1232
f 1185 1186 1233
f 1186 1234 1233
f 1186 1187 1234
f 1187 1235 1234
f 1187 1188 1235
f 1188 1236 1235
f 1188 1189 1236
f 1189 1237 1236
f 1189 1190 1237
f 1190 1238 1237
f 1190 1191 1238
f 1191 1239 1238
f 1191 1192 1239
f 1192 1240 1239
f 1192 1193 1240
f 1193 1241 1240
f 1193 1194 1241
f 1194 1242 1241
f 1194 1195 1242
f 1195 1243 1242
f 1195 1196 1243
f 1196 1244 1243
f 1196 1197 1244
f 1197 1245 1244
f 1197 1198 1245
f 1198 1246 1245
f 1198 1199 1246
f 1199 1247 1246
f 1199 1200 1247
f 1200 1248 1247
f 1200 1153 1248
f 1153 1201 1248
f 1201 1202 1249
f 1202 1250 1249
f 1202 1203 1250
f 1203 1251 1250
f 1203 1204 1251
f 1204 1252 1251
f 1204 1205 1252
f 1205 1253 1252
f 1205 1206 1253
f 1206 1254 1253
f 1206 1207 1254
f 1207 1255 1254
f 1207 1208 1255
f 1208 1256 1255
f 1208 1209 1256
f 1209 1257 1256
f 1209 1210 1257
f 1210 1258 1257
f 1210 1211 1258
f 1211 1259 1258
f 1211 1212 1259
f 1212 1260 1259
f 1212 1213 1260
f 1213 1261 1260
f 1213 1214 1261
f 1214 1262 1261
f 1214 1215 1262
f 1215 1263 1262
f 1215 1216 1263
f 1216 1264 1263
f 1216 1217 1264
f 1217 1265 1264
f 1217 1218 1265
f 1218 1266 1265
f 1218 1219 1266
f 1219 1267 1266
f 1219 1220 1267
f 1220 1268 1267
f 1220 1221 1268
f 1221 1269 1268
f 1221 1222 1269
f 1222 1270 1269
f 1222 1223 1270
f 1223 1271 1270
f 1223 1224 1271
f 1224 1272 1271
f 1224 1225 1272
f 1225 1273 1272
f 1225 1226 1273
f 1226 1274 1273
f 1226 1227 1274
f 1227 1275 1274
f 1227 1228 1275
f 1228 1276 1275
f 1228 1229 1276
f 1229 1277 1276
f 1229 1230 1277
f 1230 1278 1277
f 1230 1231 1278
f 1231 1279 1278
f 1231 1232 1279
f 1232 1280 1279
f 1232 1233 1280
f 1233 1281 1280
f 1233 1234 1281
f 1234 1282 1281
f 1234 1235 1282
f 1235 1283 1282
f 1235 1236 1283
f 1236 1284 1283
f 1236 1237 1284
f 1237 1285 1284
f 1237 1238 1285
f 1238 1286 1285
f 1238 1239 1286
f 1239 1287 1286
f 1239 1240 1287
f 1240 1288 1287
f 1240 1241 1288
f 1241 1289 1288
f 1241 1242 1289
f 1242 1290 1289
f 1242 1243 1290
f 1243 1291 1290
f 1243 1244 1291
f 1244 1292 1291
f 1244 1245 1292
f 1245 1293 1292
f 1245 1246 1293
f 1246 1294 1293
f 1246 1247 1294
f 1247 1295 1294
f 1247 1248 1295
f 1248 1296 1295
f 1248 1201 1296
f 1201 1249 1296
f 1249 1250 1297
f 1250 1298 1297
f 1250 1251 1298
f 1251 1299 1298
f 1251 1252 1299
f 1252 1300 1299
f 1252 1253 1300
f 1253 1301 1300
f 1253 1254 1301
f 1254 1302 1301
f 1254 1255 1302
f 1255 1303 1302
f 1255 1256 1303
f 1256 1304 1303
f 1256 1257 1304
f 1257 1305 1304
f 1257 1258 1305
f 1258 1306 1305
f 1258 1259 1306
f 1259 1307 1306
f 1259 1260 1307
f 1260 1308 1307
f 1260 1261 1308
f 1261 1309 1308
f 1261 1262 1309
f 1262 1310 1309
f 1262 1263 1310
f 1263 1311 1310
f 1263 1264 1311
f 1264 1312 1311
f 1264 1265 1312
f 1265 1313 1312
f 1265 1266 1313
f 1266 1314 1313
f 1266 1267 1314
f 1267 1315 1314
f 1267 1268 1315
f 1268 1316 1315
f 1268 1269 1316
f 1269 1317 1316
f 1269 1270 1317
f 1270 1318 1317
f 1270 1271 1318
f 1271 1319 1318
f 1271 1272 1319
f 1272 1320 1319
f 1272 1273 1320
f 1273 1321 1320
f 1273 1274 1321
f 1274 1322 1321
f 1274 1275 1322
f 1275 1323 1322
f 1275 1276 1323
f 1276 1324 1323
f 1276 1277 1324
f 1277 1325 1324
f 1277 1278 1325
f 1278 1326 1325
f 1278 1279 1326
f 1279 1327 1326
f 1279 1280 1327
f 1280 1328 1327
f 1280 1281 1328
f 1281 1329 1328
f 1281 1282 1329
f 1282 1330 1329
f 1282 1283 1330
f 1283 1331 1330
f 1283 1284 1331
f 1284 1332 1331
f 1284 1285 1332
f 1285 1333 1332
f 1285 1286 1333
f 1286 1334 1333
f 1286 1287 1334
f 1287 1335 1334
f 1287 1288 1335
f 1288 1336 1335
f 1288 1289 1336
f 1289 1337 1336
f 1289 1290 1337
f 1290 1338 1337
f 1290 1291 1338
f 1291 1339 1338
f 1291 1292 1339
f 1292 1340 1339
f 1292 1293 1340
f 1293 1341 1340
f 1293 1294 1341
f 1294 1342 1341
f 1294 1295 1342
f 1295 1343 1342
f 1295 1296 1343
f 1296 1344 1343
f 1296 1249 1344
f 1249 1297 1344
f 31 30 32
f 32 30 1345
f 32 1346 33
f 32 1345 1346
f 33 1346 34
f 34 1346 1347
f 34 1348 35
f 34 1347 1348
f 35 1348 36
f 36 1348 1349
f 36 1350 37
f 36 1349 1350
f 37 1350 38
f 38 1350 1351
f 38 1352 39
f 38 1351 1352
f 39 1352 40
f 40 1352 1353
f 40 1354 41
f 40 1353 1354
f 41 1354 42
f 42 1354 1355
f 42 44 43
f 42 1355 44
f 30 1356 1345
f 30 29 1356
f 1345 1356 1346
f 1346 1356 1357
f 1346 1358 1347
f 1346 1357 1358
f 1347 1358 1348
f 1348 1358 1359
f 1348 1360 1349
f 1348 1359 1360
f 1349 1360 1350
f 1350 1360 1361
f 1350 1362 1351
f 1350 1361 1362
f 1351 1362 1352
f 1352 1362 1363
f 1352 1364 1353
f 1352 1363 1364
f 1353 1364 1354
f 1354 1364 1365
f 1354 1366 1355
f 1354 1365 1366
f 1355 1366 44
f 44 1366 45
f 29 28 1356
f 1356 28 1367
f 1356 1368 1357
f 1356 1367 1368
f 1357 1368 1358
f 1358 1368 1369
f 1358 1370 1359
f 1358 1369 1370
f 1359 1370 1360
f 1360 1370 1371
f 1360 1372 1361
f 1360 1371 1372
f 1361 1372 1362
f 1362 1372 1373
f 1362 1374 1363
f 1362 1373 1374
f 1363 1374 1364
f 1364 1374 1375
f 1364 1376 1365
f 1364 1375 1376
f 1365 1376 1366
f 1366 1376 1377
f 1366 46 45
f 1366 1377 46
f 28 1378 1367
f 28 27 1378
f 1367 1378 1368
f 1368 1378 1379
f 1368 1380 1369
f 1368 1379 1380
f 1369 1380 1370
f 1370 1380 1381
f 1370 1382 1371
f 1370 1381 1382
f 1371 1382 1372
f 1372 1382 1383
f 1372 1384 1373
f 1372 1383 1384
f 1373 1384 1374
f 1374 1384 1385
f 1374 1386 1375
f 1374 1385 1386
f 1375 1386 1376
f 1376 1386 1387
f 1376 1388 1377
f 1376 1387 1388
f 1377 1388 46
f 46 1388 47
f 27 26 1378
f 1378 26 1389
f 1378 1390 1379
f 1378 1389 1390
f 1379 1390 1380
f 1380 1390 1391
f 1380 1392 1381
f 1380 1391 1392
f 1381 1392 1382
f 1382 1392 1393
f 1382 1394 1383
f 1382 1393 1394
f 1383 1394 1384
f 1384 1394 1395
f 1384 1396 1385
f 1384 1395 1396
f 1385 1396 1386
f 1386 1396 1397
f 1386 1398 1387
f 1386 1397 1398
f 1387 1398 1388
f 1388 1398 1399
f 1388 48 47
f 1388 1399 48
f 26 1400 1389
f 26 25 1400
f 1389 1400 1390
f 1390 1400 1401
f 1390 1402 1391
f 1390 1401 1402
f 1391 1402 1392
f 1392 1402 1403
f 1392 1404 1393
f 1392 1403 1404
f 1393 1404 1394
f 1394 1404 1405
f 1394 1406 1395
f 1394 1405 1406
f 1395 1406 1396
f 1396 1406 1407
f 1396 1408 1397
f 1396 1407 1408
f 1397 1408 1398
f 1398 1408 1409
f 1398 1410 1399
f 1398 1409 1410
f 1399 1410 48
f 48 1410 1
f 25 24 1400
f 1400 24 1411
f 1400 1412 1401
f 1400 1411 1412
f 1401 1412 1402
f 1402 1412 1413
f 1402 1414 1403
f 1402 1413 1414
f 1403 1414 1404
f 1404 1414 1415
f 1404 1416 1405
f 1404 1415 1416
f 1405 1416 1406
f 1406 1416 1417
f 1406 1418 1407
f 1406 1417 1418
f 1407 1418 1408
f 1408 1418 1419
f 1408 1420 1409
f 1408 1419 1420
f 1409 1420 1410
f 1410 1420 1421
f 1410 2 1
f 1410 1421 2
f 24 1422 1411
f 24 23 1422
f 1411 1422 1412
f 1412 1422 1423
f 1412 1424 1413
f 1412 1423 1424
f 1413 1424 1414
f 1414 1424 1425
f 1414 1426 1415
f 1414 1425 1426
f 1415 1426 1416
f 1416 1426 1427
f 1416 1428 1417
f 1416 1427 1428
f 1417 1428 1418
f 1418 1428 1429
f 1418 1430 1419
f 1418 1429 1430
f 1419 1430 1420
f 1420 1430 1431
f 1420 1432 1421
f 1420 1431 1432
f 1421 1432 2
f 2 1432 3
f 23 22 1422
f 1422 22 1433
f 1422 1434 1423
f 1422 1433 1434
f 1423 1434 1424
f 1424 1434 1435
f 1424 1436 1425
f 1424 1435 1436
f 1425 1436 1426
f 1426 1436 1437
f 1426 1438 1427
f 1426 1437 1438
f 1427 1438 1428
f 1428 1438 1439
f 1428 1440 1429
f 1428 1439 1440
f 1429 1440 1430
f 1430 1440 1441
f 1430 1442 1431
f 1430 1441 1442
f 1431 1442 1432
f 1432 1442 1443
f 1432 4 3
f 1432 1443 4
f 22 1444 1433
f 22 21 1444
f 1433 1444 1434
f 1434 1444 1445
f 1434 1446 1435
f 1434 1445 1446
f 1435 1446 1436
f 1436 1446 1447
f 1436 1448 1437
f 1436 1447 1448
f 1437 1448 1438
f 1438 1448 1449
f 1438 1450 1439
f 1438 1449 1450
f 1439 1450 1440
f 1440 1450 1451
f 1440 1452 1441
f 1440 1451 1452
f 1441 1452 1442
f 1442 1452 1453
f 1442 1454 1443
f 1442 1453 1454
f 1443 1454 4
f 4 1454 5
f 21 20 1444
f 1444 20 1455
f 1444 1456 1445
f 1444 1455 1456
f 1445 1456 1446
f 1446 1456 1457
f 1446 1458 1447
f 1446 1457 1458
f 1447 1458 1448
f 1448 1458 1459
f 1448 1460 1449
f 1448 1459 1460
f 1449 1460 1450
f 1450 1460 1461
f 1450 1462 1451
f 1450 1461 1462
f 1451 1462 1452
f 1452 1462 1463
f 1452 1464 1453
f 1452 1463 1464
f 1453 1464 1454
f 1454 1464 1465
f 1454 6 5
f 1454 1465 6
f 20 18 1455
f 20 19 18
f 1455 18 1456
f 1456 18 17
f 1456 16 1457
f 1456 17 16
f 1457 16 1458
f 1458 16 15
f 1458 14 1459
f 1458 15 14
f 1459 14 1460
f 1460 14 13
f 1460 12 1461
f 1460 13 12
f 1461 12 1462
f 1462 12 11
f 1462 10 1463
f 1462 11 10
f 1463 10 1464
f 1464 10 9
f 1464 8 1465
f 1464 9 8
f 1465 8 6
f 6 8 7
# grip center 0.0777835464 0.0142531033 0.601874018 active 1 orientation 1 0 0 0 patch_center 0
# ball 0 center 0.24670799 0.0511937873 0.649693248 radius 0.07 appearance 0 orientation 0.519278906 -0.147739543 -0.128281658 -0.8319052 angular_velocity -0.357635392 18.0678229 -0.790105356 linear_velocity 1.51993277 0.240000756 -3.07249152
# ball 1 center 0.237271129 0.0344686158 0.33393955 radius 0.065 appearance 1 orientation -0.673567293 -0.603516888 -0.227446875 0.36102962 angular_velocity 9.6186481 -7.85866783 -8.91849391 linear_velocity 0.0937606625 0.286194782 -2.72791379
# ball 2 center 0.231066205 0.193000913 0.276497591 radius 0.075 appearance 2 orientation 0.840973883 0.364803287 -0.250311136 -0.311489687 angular_velocity -2.74789854 8.46577965 -2.21578551 linear_velocity -1.28051495 -0.401525615 -2.267786
# ball 3 center 0.289727491 0.124322501 0.176162506 radius 0.06 appearance 1 orientation 0.512021785 0.233557925 -0.568417077 0.600155324 angular_velocity -6.28249124 17.6828 8.14580903 linear_velocity -2.37581126 -0.695550899 -2.70815372
# ball 4 center 0.0791869195 0.0184017833 0.19934355 radius 0.068 appearance 3 orientation 0.711425417 0.599297839 -0.363527723 -0.0506317235 angular_velocity 22.0055837 -9.1912807 7.76870672 linear_velocity -2.38352876 -1.15399068 -0.450140723
# ball 5 center 0.214146506 -0.0308559171 0.215022735 radius 0.072 appearance 0 orientation 0.839570781 -0.433851384 -0.323287418 0.0487762829 angular_velocity -4.99705098 18.3424423 -5.09341903 linear_velocity -1.17726125 0.352441383 -2.78280182
# ball 6 center 0.320287334 -0.0874044584 0.293429959 radius 0.063 appearance 2 orientation -0.0367342056 -0.871053996 -0.409305552 0.269043675 angular_velocity 0.228183818 -0.322153484 -7.40247401 linear_velocity -0.548071998 -0.616519007 -3.88571972
# ball 7 center 0.339009784 0.0302646581 0.24398859 radius 0.066 appearance 3 orientation 0.68946923 0.0746685835 -0.371438366 -0.617325136 angular_velocity 7.20529315 14.8311297 3.84668021 linear_velocity -0.721780674 -0.460443647 -3.5775876
# ball 8 center 0.0702486449 -0.122878358 0.135214472 radius 0.072 appearance 0 orientation 0.641389362 -0.347300498 -0.0884646562 0.678362776 angular_velocity 1.30281531 -4.65456885 2.93641437 linear_velocity -1.45234203 -0.992779106 -4.66844841
# ball 9 center 0.195602117 0.137674793 0.402778029 radius 0.064 appearance 1 orientation -0.715845546 -0.519621498 -0.0946363586 0.456730349 angular_velocity 3.49187709 31.249824 -4.66711615 linear_velocity 1.13666217 -0.275661578 -1.3701614
# ball 10 center 0.0719263579 0.0660941927 0.07 radius 0.07 appearance 2 orientation -0.808827576 -0.00849655547 0.370601901 -0.456486574 angular_velocity 5.35056129 -9.30261991 -3.17140868 linear_velocity -0.800134772 0.407944311 0
# ball 11 center 0.18224326 -0.085124079 0.343610174 radius 0.067 appearance 3 orientation -0.257230626 0.817846101 -0.18095002 0.481889251 angular_velocity -13.8658163 9.83216272 -4.8712681 linear_velocity -0.716511229 0.685740803 -2.39096295
