# Numi Solver explicit-yarn cloth bag reference
# static_bench min -0.75 -0.5 -0.08 max 0.75 0.5 0 floor -0.75
# vertices 1465 render_triangles 2880
v 0.328380624 0.0065838794 0.0678062363
v 0.349232019 0.0502825612 0.0794999922
v 0.347603988 0.0948992548 0.0760194672
v 0.317833326 0.1272385 0.0862585717
v 0.287275236 0.159864108 0.0846169903
v 0.257940215 0.188475372 0.0927045615
v 0.22383185 0.214094815 0.0914604806
v 0.192867202 0.229603199 0.116807441
v 0.177003842 0.260126096 0.0900995685
v 0.138395114 0.27716451 0.077606891
v 0.100017466 0.281671096 0.064869163
v 0.0602020694 0.284745776 0.0695049454
v 0.0201716459 0.290247431 0.0629849966
v -0.0185232291 0.283312322 0.0692136569
v -0.052046005 0.283509557 0.0481916411
v -0.087296276 0.265979505 0.0447777487
v -0.12120721 0.247042786 0.0412972371
v -0.151496061 0.222519752 0.0446644662
v -0.190225334 0.215747316 0.0386739845
v -0.216387263 0.189465995 0.0169445142
v -0.256927764 0.167466064 0.00892775396
v -0.291006843 0.133667437 0.00600329715
v -0.310716933 0.0906787691 0.00628268197
v -0.302495579 0.0426257469 0.0090179789
v -0.275541471 -0.000580679193 0.004
v -0.248358208 -0.0372189504 0.00775631514
v -0.235799826 -0.0725885941 0.00426667234
v -0.231514449 -0.111775058 0.004
v -0.222408687 -0.15132933 0.004
v -0.19807453 -0.182070571 0.0129114326
v -0.173649419 -0.215445897 0.00621408331
v -0.134777296 -0.223806048 0.0109488665
v -0.108971869 -0.25321915 0.0162833868
v -0.0798506994 -0.282578013 0.00411102042
v -0.0432943932 -0.305635033 0.00489528866
v -0.00484818601 -0.311695186 0.0222931501
v 0.03743925 -0.309292447 0.0192448198
v 0.0763598174 -0.305979625 0.0362453883
v 0.11461491 -0.292199522 0.0502131063
v 0.145505301 -0.273453288 0.07233188
v 0.185237926 -0.259298135 0.0657131219
v 0.221600702 -0.234952548 0.0618208641
v 0.23702477 -0.198496323 0.0448858251
v 0.258324034 -0.165331801 0.0603514189
v 0.262343949 -0.122557168 0.0651122647
v 0.255592157 -0.0821381074 0.06751315
v 0.278485857 -0.0567487826 0.0566307258
v 0.287333419 -0.0198126808 0.0650588403
v 0.32682955 0.0101547428 0.0752486222
v 0.348934383 0.050982572 0.0871763704
v 0.342010938 0.0941172573 0.0822171517
v 0.315348493 0.127519773 0.0965233944
v 0.278570214 0.151225 0.0904158394
v 0.250503277 0.178144843 0.100917882
v 0.22769866 0.212708217 0.104250055
v 0.197283483 0.237469647 0.120993149
v 0.17338987 0.252110545 0.0890576994
v 0.134937289 0.271590626 0.0849248542
v 0.096057359 0.277027046 0.0725296171
v 0.0560268405 0.277289664 0.0720640604
v 0.0184688862 0.291227902 0.0710659388
v -0.0205363179 0.291717427 0.0715646607
v -0.0559396599 0.28359673 0.0581820149
v -0.086225717 0.260135946 0.0549880319
v -0.116299215 0.239023606 0.0453172344
v -0.150564078 0.221957158 0.0519210922
v -0.188707277 0.210456259 0.0442252296
v -0.215968985 0.1837864 0.0239089075
v -0.250525785 0.160067465 0.00778955361
v -0.281224413 0.127129905 0.0122078463
v -0.297396165 0.0847119832 0.012346161
v -0.288455499 0.0386682685 0.010892244
v -0.271092917 -0.00642543149 0.0132879998
v -0.244433589 -0.040469357 0.0159712513
v -0.241555315 -0.0764012863 0.00888703541
v -0.22452044 -0.112148487 0.00447100298
v -0.228549583 -0.153604589 0.00653591288
v -0.201568858 -0.183923484 0.00634998709
v -0.177701158 -0.218192705 0.0131377166
v -0.139870462 -0.232609648 0.0120844162
v -0.117067434 -0.263179962 0.0136815681
v -0.083806004 -0.287160186 0.0169730596
v -0.0450641044 -0.303719962 0.01765349
v -0.00369232419 -0.300893073 0.0193907875
v 0.0359352249 -0.309168345 0.0289875697
v 0.0745407152 -0.300727553 0.0425175029
v 0.113243803 -0.287572347 0.0548941515
v 0.147169724 -0.276159513 0.0774743243
v 0.187164179 -0.263070897 0.0708953962
v 0.216426229 -0.230895791 0.0699421018
v 0.22886166 -0.192975373 0.0558331899
v 0.247672579 -0.159041566 0.068977599
v 0.251678066 -0.119220503 0.0661570296
v 0.258229884 -0.0829287443 0.0757600218
v 0.278263177 -0.054990341 0.0663368683
v 0.288986986 -0.0181519395 0.0746361123
v 0.321480746 0.0106765832 0.0856592149
v 0.334993285 0.0508063582 0.0952646153
v 0.335389179 0.0920773376 0.099236068
v 0.301450306 0.117542465 0.103270469
v 0.27294031 0.147353463 0.10773742
v 0.242471808 0.16845372 0.115175491
v 0.217339091 0.198500005 0.107623388
v 0.188663129 0.22515004 0.121954813
v 0.165084805 0.243151757 0.0935775915
v 0.129119018 0.263863127 0.0938934348
v 0.0907367733 0.272019154 0.0834548127
v 0.0518921215 0.274252213 0.0828584143
v 0.0150625147 0.283566102 0.0785715668
v -0.0224097054 0.284977483 0.0809208648
v -0.0568800188 0.277189605 0.0688766612
v -0.087455304 0.256673176 0.0669769908
v -0.118054859 0.239729012 0.0556412785
v -0.149654986 0.21743413 0.0576843604
v -0.186394002 0.204249731 0.0471095695
v -0.206764243 0.177512694 0.0228991639
v -0.237974611 0.150529279 0.0177085392
v -0.258932733 0.114625583 0.0158832929
v -0.273564885 0.0760200865 0.0233425364
v -0.271975874 0.0336988464 0.0256892251
v -0.266376249 -0.00843132544 0.0269507125
v -0.248718779 -0.0434049807 0.0235936068
v -0.235009701 -0.0746000645 0.0119747819
v -0.222257542 -0.111591315 0.0104385113
v -0.225066134 -0.152690679 0.0114600376
v -0.205714825 -0.187420396 0.0112215452
v -0.171055576 -0.209765984 0.0138348515
v -0.145503553 -0.238578636 0.0244719537
v -0.113911046 -0.256681113 0.0299415137
v -0.0802437157 -0.274991623 0.0309295734
v -0.043386011 -0.291203663 0.0303764101
v -0.00515391933 -0.3010477 0.0355307746
v 0.0345290274 -0.300989248 0.0409403086
v 0.0724053376 -0.288820946 0.0458257116
v 0.10875728 -0.28511029 0.0643570119
v 0.143340753 -0.266299169 0.0756786632
v 0.181143761 -0.25103015 0.0711536839
v 0.20666312 -0.219151808 0.0795035119
v 0.217352624 -0.181775464 0.069010018
v 0.236270797 -0.150655698 0.080372255
v 0.246064365 -0.115521687 0.075684718
v 0.259565567 -0.0835349341 0.0853733804
v 0.276114721 -0.052430204 0.0773783249
v 0.289705208 -0.0176772401 0.0851620174
v 0.312005862 0.0128458262 0.0976202528
v 0.314794974 0.0514440007 0.102261338
v 0.319388819 0.0877339796 0.114558687
v 0.295501339 0.117740473 0.122246236
v 0.262822919 0.136421704 0.11707512
v 0.23205765 0.154813775 0.116492294
v 0.20861993 0.18400695 0.110755559
v 0.180331542 0.211034844 0.119629617
v 0.154447674 0.232913056 0.0994362582
v 0.120733361 0.253411734 0.102577589
v 0.083925891 0.26537279 0.0957461151
v 0.0469762651 0.27057301 0.0952864074
v 0.0119917386 0.274301433 0.0861201785
v -0.0240507636 0.274694808 0.0853824866
v -0.0593791414 0.274106961 0.0787020298
v -0.092492448 0.26175234 0.0739017756
v -0.117003208 0.237220306 0.0639438486
v -0.144686043 0.211932552 0.056181133
v -0.180843235 0.197729486 0.0503913654
v -0.199398634 0.168332841 0.0323587564
v -0.219775886 0.136385447 0.0229344711
v -0.232376878 0.100349045 0.0166687992
v -0.246159328 0.0648363399 0.0175216271
v -0.25143764 0.0274566156 0.0178123807
v -0.254384078 -0.00938309941 0.0223816704
v -0.241185137 -0.043157527 0.0250119998
v -0.238986318 -0.077801827 0.0163327695
v -0.22173844 -0.1114231 0.0171856123
v -0.216700203 -0.150029433 0.0136211211
v -0.201201856 -0.184508016 0.0209864806
v -0.172281955 -0.210891249 0.0271632268
v -0.13674486 -0.225887947 0.0297084325
v -0.105869394 -0.242220933 0.023299364
v -0.0740261968 -0.259295869 0.0248678188
v -0.0393513757 -0.274585959 0.0274812035
v -0.00467308385 -0.285202972 0.0396151805
v 0.0321784819 -0.287881571 0.0490395156
v 0.0683860203 -0.275679497 0.0516272357
v 0.104888875 -0.270616916 0.0632946526
v 0.140158008 -0.254714144 0.0649715388
v 0.173096069 -0.235233788 0.0726445475
v 0.195177738 -0.210155646 0.0930258227
v 0.212861431 -0.177282744 0.0881392314
v 0.224599495 -0.14390282 0.0892739722
v 0.246259721 -0.115774048 0.0860682759
v 0.26657948 -0.0865980934 0.0923303063
v 0.278486293 -0.0521316024 0.0889329548
v 0.288512265 -0.0172114974 0.0961629083
v 0.307585315 0.0130156567 0.111947037
v 0.306581572 0.0484386177 0.119794544
v 0.307710688 0.0834059173 0.129005472
v 0.285771816 0.111823991 0.131658068
v 0.25809288 0.133659563 0.127717764
v 0.228512062 0.151850271 0.127353371
v 0.204945083 0.179032152 0.121708504
v 0.172773104 0.199734799 0.117704323
v 0.147402655 0.227323231 0.110904527
v 0.112399223 0.241938765 0.107764361
v 0.0780072259 0.25826918 0.107082062
v 0.0423758675 0.260618751 0.10201715
v 0.00909320838 0.268751586 0.0945226815
v -0.0258849326 0.270955462 0.0921831303
v -0.0600825686 0.26982162 0.0836220895
v -0.0932870175 0.259112006 0.079776019
v -0.118832146 0.236081542 0.0699485322
v -0.146292655 0.21145592 0.0628326848
v -0.176088983 0.189958792 0.0537122732
v -0.20091956 0.16263357 0.0461519381
v -0.209619003 0.126455265 0.0383783557
v -0.220599927 0.0914099961 0.0366250722
v -0.230711459 0.0578868784 0.03367781
v -0.246190094 0.0262086466 0.0332578751
v -0.250265854 -0.00917006213 0.0300298925
v -0.243279973 -0.0442658441 0.0320605462
v -0.237995575 -0.0785337778 0.0231070316
v -0.227602312 -0.113472554 0.0201641066
v -0.21458026 -0.148436962 0.0226242041
v -0.191842001 -0.177930305 0.0246558886
v -0.163700064 -0.202101789 0.0316334966
v -0.128603116 -0.214380758 0.031306868
v -0.099493267 -0.232947253 0.0319848444
v -0.0735650183 -0.255319656 0.0375854647
v -0.0414285943 -0.273559989 0.0397172046
v -0.00583091705 -0.278394816 0.0495087335
v 0.0309530058 -0.276452255 0.053332233
v 0.0657349193 -0.264817458 0.0584088046
v 0.101491343 -0.256545916 0.0617751001
v 0.134218679 -0.240886729 0.0684888953
v 0.164855465 -0.223759562 0.0795397725
v 0.185570379 -0.198836497 0.096994847
v 0.203164029 -0.168358144 0.0935020444
v 0.222685284 -0.140837379 0.100029409
v 0.250138743 -0.118034976 0.0940140084
v 0.270514425 -0.0876293043 0.101771255
v 0.27521316 -0.0511051734 0.0992279212
v 0.286746772 -0.0166118261 0.106711004
v 0.305853486 0.0134250403 0.1221759
v 0.301691486 0.0475252133 0.130607371
v 0.301559595 0.0819462938 0.136998592
v 0.284229519 0.112489554 0.139761695
v 0.260336607 0.138066243 0.135627053
v 0.230889605 0.157154482 0.135196192
v 0.203281738 0.180352008 0.130299371
v 0.172562126 0.201944295 0.12609466
v 0.144375088 0.226056249 0.119707144
v 0.108998482 0.238866043 0.116696401
v 0.0735407468 0.251582994 0.113470836
v 0.038646098 0.253650788 0.107522388
v 0.00679954262 0.265667476 0.10146981
v -0.0276746676 0.273078509 0.0986446554
v -0.062769964 0.271852048 0.0915101304
v -0.0945929216 0.255831984 0.0882335503
v -0.121705681 0.235170577 0.0768473148
v -0.146793638 0.2092136 0.0687614157
v -0.172042424 0.184376203 0.0570469825
v -0.197529978 0.157455595 0.0536471409
v -0.212559528 0.123268633 0.0488553812
v -0.229354383 0.0916244457 0.0446268715
v -0.237203078 0.05842778 0.0419459335
v -0.246296828 0.0240176667 0.0412701675
v -0.255678164 -0.0112711031 0.0370734589
v -0.253336621 -0.0476597651 0.0328928591
v -0.245617679 -0.0827576694 0.0257943006
v -0.228162481 -0.11465916 0.0274592117
v -0.207490894 -0.144812355 0.02683422
v -0.189751459 -0.175934401 0.0342873057
v -0.158871141 -0.195350933 0.0371712605
v -0.128652646 -0.214539759 0.0414964436
v -0.101278704 -0.235198126 0.0415625329
v -0.0781011189 -0.261580445 0.0428106652
v -0.0430787538 -0.274133414 0.0484188567
v -0.00698360506 -0.2781668 0.0579007587
v 0.0297826431 -0.272410173 0.0597607113
v 0.0657517923 -0.265541369 0.0660312575
v 0.0988297738 -0.250834136 0.0689118719
v 0.131320778 -0.238608805 0.0780328778
v 0.161867992 -0.223187799 0.0878556287
v 0.179587798 -0.195108276 0.100603717
v 0.201647806 -0.168317123 0.101849027
v 0.228206715 -0.146002228 0.104842979
v 0.253943885 -0.11950781 0.102391851
v 0.271201732 -0.0867123756 0.111326753
v 0.269554864 -0.0495695546 0.10620608
v 0.28472695 -0.0161576607 0.115091841
v 0.3056934 0.0128549407 0.130648653
v 0.302412853 0.0465505711 0.139398907
v 0.300212395 0.0811029331 0.145822085
v 0.282499771 0.112271838 0.150603073
v 0.260373374 0.140957861 0.148626897
v 0.232774838 0.164412794 0.145650979
v 0.200932297 0.18196873 0.140168281
v 0.169373608 0.201150442 0.133923479
v 0.142466469 0.226428418 0.127653425
v 0.107570034 0.240545109 0.124535674
v 0.0708823312 0.246606649 0.119279876
v 0.0366277379 0.253913422 0.115343505
v 0.00561403494 0.268420166 0.109230608
v -0.029740482 0.278255637 0.106867614
v -0.0665078509 0.274325662 0.102730775
v -0.0959201618 0.251977481 0.099351028
v -0.123407023 0.231651442 0.084714079
v -0.147966026 0.206179014 0.0747369042
v -0.171419523 0.180137011 0.0631241409
v -0.196974936 0.153780887 0.0601608914
v -0.216175609 0.122688138 0.0553647038
v -0.23184434 0.0906360833 0.0523512769
v -0.235538576 0.0563300686 0.0507521403
v -0.251840146 0.0234473711 0.0501787177
v -0.257013965 -0.0142327359 0.0483977345
v -0.263243049 -0.0501573772 0.0388050431
v -0.249759365 -0.085182163 0.0342574709
v -0.232933212 -0.118440184 0.0331860525
v -0.207741861 -0.144463955 0.0361796656
v -0.185120598 -0.172171001 0.0415103393
v -0.159476595 -0.196876526 0.0459227522
v -0.133094603 -0.220830343 0.047862653
v -0.10416072 -0.240092939 0.051086554
v -0.078573197 -0.265557255 0.0533109187
v -0.0433407957 -0.27970128 0.0575548412
v -0.00605490338 -0.287021533 0.062154886
v 0.0302904743 -0.277024932 0.0665714597
v 0.06725267 -0.269039002 0.0720480953
v 0.0992898228 -0.252151742 0.076742425
v 0.13096499 -0.23952473 0.0860095129
v 0.161762872 -0.224372823 0.0951858478
v 0.185791608 -0.200279166 0.105391699
v 0.209983515 -0.174290682 0.106997026
v 0.237691644 -0.151509065 0.106676518
v 0.258889369 -0.120879424 0.110374911
v 0.27034404 -0.0856752266 0.119426083
v 0.26577954 -0.048661591 0.112827219
v 0.282882202 -0.0157101953 0.122676827
v 0.304055556 0.0127122134 0.138610055
v 0.305559215 0.0465334974 0.147451213
v 0.298992205 0.0811181315 0.155590604
v 0.280001679 0.112900513 0.162509413
v 0.26346773 0.146550448 0.160696087
v 0.230522041 0.164679061 0.15755585
v 0.199081573 0.183075409 0.149127759
v 0.168365564 0.202927369 0.142245996
v 0.139193687 0.22493083 0.135629065
v 0.105070031 0.239467803 0.132234605
v 0.0696797877 0.248166664 0.12719476
v 0.03573205 0.257145364 0.123498769
v 0.00415088895 0.272516039 0.117868151
v -0.0328946515 0.281516282 0.116708587
v -0.0710744505 0.278457899 0.112403807
v -0.102349999 0.258332647 0.104014866
v -0.126991879 0.231836276 0.0912305283
v -0.147541142 0.202669656 0.0808975883
v -0.173691526 0.179346274 0.0707295431
v -0.19792806 0.1524608 0.0672803192
v -0.218065383 0.122493568 0.0630154295
v -0.230083052 0.0889612815 0.0620142277
v -0.241439272 0.0553391648 0.0599903383
v -0.254908638 0.0203217593 0.0603459878
v -0.267405926 -0.0152824791 0.0510411634
v -0.269574552 -0.0532598385 0.0457634692
v -0.253977386 -0.0883866015 0.0410942488
v -0.235673864 -0.121924432 0.040610392
v -0.211898363 -0.149042753 0.04326118
v -0.18581945 -0.172231982 0.0504245981
v -0.162899178 -0.199701449 0.0542981066
v -0.13752723 -0.22514821 0.0581688662
v -0.107482772 -0.244464731 0.0626634456
v -0.0784778574 -0.266909234 0.0646156389
v -0.0446942248 -0.284933537 0.0653897988
v -0.0067853272 -0.289963884 0.0697383566
v 0.0304424929 -0.280819231 0.0728672615
v 0.0667231136 -0.268584123 0.0792092025
v 0.0975631413 -0.249647304 0.0835730636
v 0.130771796 -0.242578197 0.0925676531
v 0.160959083 -0.225768371 0.103093264
v 0.188330536 -0.204580626 0.115406123
v 0.216787453 -0.181352408 0.115151677
v 0.242437655 -0.154782294 0.115995204
v 0.26025196 -0.122013173 0.118415675
v 0.264054034 -0.0845965279 0.12314462
v 0.262821223 -0.0470708262 0.119633954
v 0.280817539 -0.0150008955 0.13025561
v 0.302123171 0.0121553317 0.146936772
v 0.307200351 0.0457336752 0.15710291
v 0.295117652 0.0798403299 0.165920214
v 0.280916682 0.115279642 0.174535184
v 0.264148712 0.150028388 0.172591236
v 0.229680017 0.167016704 0.167789053
v 0.196784277 0.183734876 0.157531744
v 0.166755338 0.204874751 0.151105215
v 0.135230335 0.221676435 0.142947509
v 0.103745366 0.240240967 0.140139608
v 0.0695925958 0.25218469 0.135581778
v 0.0363817751 0.264787907 0.131178999
v 0.00272231445 0.278605026 0.126957943
v -0.035618325 0.284502035 0.126366394
v -0.073996214 0.278383882 0.121560045
v -0.105495558 0.257920683 0.11152702
v -0.127102088 0.228428242 0.0972282733
v -0.149841364 0.200121857 0.087514556
v -0.177442838 0.179307381 0.0773730775
v -0.201552251 0.152589737 0.0733455616
v -0.222776919 0.12292575 0.0711186247
v -0.236408611 0.0890487553 0.072297906
v -0.252855365 0.057351501 0.0636458492
v -0.264649761 0.0213493024 0.0641601673
v -0.272270419 -0.0163998407 0.0587275082
v -0.2705667 -0.0546544136 0.0541854926
v -0.256404475 -0.0908213745 0.0487826758
v -0.238608878 -0.124944232 0.0481892184
v -0.214383099 -0.15118414 0.0513913015
v -0.187482833 -0.173583691 0.0589199375
v -0.166362112 -0.203765627 0.0636597917
v -0.143142239 -0.232547587 0.0678720794
v -0.113044962 -0.254514008 0.0693668473
v -0.0807654803 -0.273483717 0.0726171383
v -0.0447475412 -0.285873122 0.0737062596
v -0.00673073392 -0.287786845 0.0772584945
v 0.0310561886 -0.281506295 0.0802771834
v 0.0661173917 -0.267075414 0.0860916059
v 0.0970781859 -0.248592606 0.0904503298
v 0.130973004 -0.244657716 0.0997485579
v 0.164216372 -0.230853051 0.11041389
v 0.196316237 -0.212163677 0.120274679
v 0.22468272 -0.187042648 0.122617902
v 0.246267461 -0.155783184 0.124718687
v 0.260350861 -0.120927039 0.125806674
v 0.256411666 -0.0836258292 0.125349726
v 0.262640637 -0.0468103598 0.127616831
v 0.278751075 -0.0144633483 0.137774205
v 0.299786581 0.0110160997 0.156946414
v 0.304992288 0.0451410749 0.16853625
v 0.292543819 0.0801229233 0.177215857
v 0.283769685 0.117947325 0.18499697
v 0.263248935 0.151448701 0.182862985
v 0.228668256 0.169308347 0.176658756
v 0.193497876 0.183124955 0.165755483
v 0.162941262 0.203280969 0.159395209
v 0.13533794 0.22520858 0.1506089
v 0.104311982 0.244569 0.147428287
v 0.0701877204 0.258464296 0.144893528
v 0.0344560962 0.267487121 0.143316747
v 0.000484916253 0.282230459 0.137344136
v -0.0380540553 0.286142164 0.134990265
v -0.0756854011 0.277006238 0.129113786
v -0.106703624 0.255590077 0.118283923
v -0.127327442 0.225196623 0.103476567
v -0.14966173 0.196514164 0.0936294701
v -0.178863579 0.178263129 0.0839947521
v -0.207120809 0.155402894 0.0778321051
v -0.229450596 0.125001269 0.0796567534
v -0.24884147 0.0929741094 0.0740383905
v -0.25899759 0.0563853764 0.0736495725
v -0.264974104 0.0188271669 0.0730453578
v -0.268422684 -0.0189329544 0.0659684558
v -0.269915952 -0.0572081491 0.0624497752
v -0.258127273 -0.0937446536 0.0565897295
v -0.240942772 -0.127639448 0.0557867966
v -0.21714421 -0.154147758 0.0589567849
v -0.187937924 -0.174069737 0.0685209984
v -0.172012691 -0.209040897 0.072577975
v -0.150079805 -0.240572308 0.0761146984
v -0.117144329 -0.26044338 0.0792095665
v -0.0822204092 -0.276107084 0.0814027152
v -0.045316057 -0.285410399 0.082137771
v -0.00753082565 -0.284445939 0.0851247767
v 0.0300083494 -0.279594576 0.0874926952
v 0.0643435539 -0.26559195 0.0928933075
v 0.0952712054 -0.247400169 0.0982399674
v 0.129609812 -0.242683328 0.108575682
v 0.165264003 -0.233287376 0.120385602
v 0.200733431 -0.218036241 0.128695993
v 0.229852324 -0.192062752 0.130064148
v 0.247579171 -0.157215511 0.132605315
v 0.257813336 -0.120302825 0.13312252
v 0.257323729 -0.0831595087 0.133938516
v 0.260718956 -0.0463992557 0.135281331
v 0.27595565 -0.0143243594 0.145474247
v 0.299081436 0.00818915413 0.168883776
v 0.301733862 0.0438501909 0.180634536
v 0.288588129 0.0795256691 0.187349177
v 0.280912742 0.117577327 0.194140711
v 0.260688726 0.151340949 0.191714788
v 0.224377623 0.165014806 0.183336129
v 0.191469815 0.185074532 0.17418587
v 0.161380441 0.205236609 0.167596109
v 0.13735577 0.230340229 0.156587607
v 0.105588576 0.250798149 0.154694544
v 0.0716047289 0.268097623 0.152759884
v 0.0337138453 0.273500136 0.154599895
v -0.0011165174 0.286942083 0.146161917
v -0.0395072294 0.284975481 0.142761234
v -0.0745896813 0.270884724 0.133954512
v -0.10690182 0.251150252 0.124420698
v -0.126844914 0.22119184 0.109213238
v -0.154140067 0.198008178 0.0985390455
v -0.180629362 0.175049717 0.0902660797
v -0.213953834 0.157873027 0.0833118889
v -0.240414024 0.128670361 0.0809507201
v -0.258430454 0.0939965597 0.0817211159
v -0.256537956 0.0549970636 0.0835138705
v -0.256959786 0.0172497615 0.0754400693
v -0.259969668 -0.0202487317 0.0695183944
v -0.264711618 -0.0579971517 0.0699722124
v -0.257690484 -0.0949583399 0.0648572061
v -0.244257789 -0.129728616 0.0637235155
v -0.216387023 -0.152403869 0.0686455356
v -0.189365226 -0.176395175 0.0789505551
v -0.177110611 -0.214310321 0.0817035718
v -0.154125074 -0.246378102 0.085629262
v -0.120389353 -0.266912873 0.0865313956
v -0.0827524308 -0.278372096 0.0897508469
v -0.0448764976 -0.283087061 0.0909434493
v -0.00758087445 -0.280271295 0.092925654
v 0.029744499 -0.278049137 0.0946898019
v 0.0658272545 -0.270469177 0.0995917654
v 0.0951732435 -0.25029601 0.108138392
v 0.129161428 -0.239299012 0.11858123
v 0.166608407 -0.235125914 0.130016555
v 0.201991201 -0.218295836 0.137801998
v 0.232127069 -0.192570243 0.138023245
v 0.249743316 -0.15668455 0.139871702
v 0.258726599 -0.118980405 0.141128414
v 0.25779098 -0.0822539746 0.142254172
v 0.257083813 -0.045435304 0.14184848
v 0.272501334 -0.0138714962 0.154269882
v 0.297040308 0.00576742705 0.181478909
v 0.298514016 0.0431265479 0.192156442
v 0.284109863 0.0791066098 0.195776147
v 0.277325033 0.116966121 0.202574863
v 0.256387819 0.149864577 0.200089231
v 0.221229682 0.165231306 0.191856763
v 0.191096708 0.187905549 0.182269304
v 0.164276605 0.210994791 0.172925616
v 0.139853364 0.236793128 0.162172211
v 0.104977151 0.254969613 0.164442386
v 0.0727127286 0.277449897 0.160590989
v 0.0334948839 0.279367108 0.164332426
v -0.00292970813 0.289671822 0.154133856
v -0.0399594448 0.279628889 0.149046053
v -0.0708927817 0.262758882 0.13362688
v -0.104905827 0.245621503 0.129593405
v -0.1299788 0.220491951 0.115564366
v -0.159463458 0.203530571 0.100837647
v -0.185859881 0.178320393 0.0968161961
v -0.21994968 0.159862032 0.0909133682
v -0.248558832 0.131363512 0.0872418946
v -0.259492565 0.0931143706 0.0918577901
v -0.265143333 0.054029157 0.0843867026
v -0.260043662 0.0150460635 0.0833747213
v -0.259093523 -0.0225092447 0.0791018427
v -0.260076081 -0.0599399633 0.0774700349
v -0.260140801 -0.0970548034 0.0727198819
v -0.247338906 -0.132080064 0.0733973117
v -0.221928683 -0.158924996 0.076457834
v -0.192112092 -0.17945504 0.0893369781
v -0.18191395 -0.218365844 0.0900013081
v -0.155902922 -0.248384125 0.0949477798
v -0.122160522 -0.270134644 0.0946643675
v -0.0831419433 -0.279364791 0.0984817949
v -0.0450087582 -0.276924785 0.0977370148
v -0.0083254234 -0.280580249 0.101130536
v 0.0291946193 -0.279308757 0.102206842
v 0.066475096 -0.276478655 0.107920131
v 0.0959539887 -0.255609263 0.118850197
v 0.127727481 -0.237016069 0.128940156
v 0.165695701 -0.23394489 0.138408628
v 0.200533875 -0.215830292 0.144953849
v 0.233174302 -0.193293673 0.145642151
v 0.249661909 -0.156653909 0.147729121
v 0.254464359 -0.1181826 0.147716114
v 0.25274658 -0.081897801 0.147922629
v 0.252435623 -0.0444604019 0.148337066
v 0.267643278 -0.0124722471 0.163837233
v 0.294918776 0.00337179671 0.192950785
v 0.296351812 0.0422881581 0.202079634
v 0.279647259 0.0781700744 0.203339241
v 0.272121728 0.115378101 0.210939388
v 0.251291886 0.147632557 0.208515024
v 0.220420096 0.168806785 0.199916638
v 0.191330033 0.191455276 0.19031025
v 0.168578476 0.217940585 0.1779135
v 0.139606843 0.241540921 0.171041494
v 0.100793128 0.252104216 0.173556015
v 0.0726033881 0.281109015 0.170318025
v 0.0326418838 0.283109108 0.172641211
v -0.00560405774 0.289817056 0.161730072
v -0.0408438283 0.274278285 0.156414294
v -0.0699585081 0.256324811 0.140315664
v -0.103758942 0.24035966 0.134899515
v -0.133499409 0.220490473 0.12288272
v -0.165318137 0.206412428 0.108667515
v -0.194144541 0.184098243 0.099358859
v -0.225624489 0.159972297 0.0984955585
v -0.254091696 0.131201463 0.0939654253
v -0.267257952 0.0930158046 0.094800225
v -0.260211685 0.0529546855 0.0909973956
v -0.255884372 0.0134402887 0.0913558947
v -0.258472879 -0.0237643372 0.088484192
v -0.26255598 -0.0606441661 0.0854981012
v -0.264145964 -0.0983132305 0.0810617135
v -0.248318136 -0.132663985 0.0853576894
v -0.22572485 -0.163485543 0.0872530662
v -0.19322603 -0.1808957 0.0994755305
v -0.180314487 -0.218644883 0.0987431061
v -0.15603897 -0.249938486 0.103633959
v -0.121289432 -0.270047966 0.103524322
v -0.0821510908 -0.278659761 0.107216778
v -0.0447287414 -0.272689397 0.105024349
v -0.00872684108 -0.28057792 0.108847689
v 0.0292252415 -0.273554658 0.108704191
v 0.0665113788 -0.280082095 0.118765215
v 0.101919275 -0.264499151 0.124261568
v 0.127672209 -0.238717318 0.138214058
v 0.165284672 -0.230913931 0.145364807
v 0.198191169 -0.209886892 0.150294748
v 0.231734916 -0.189815214 0.153183022
v 0.249499279 -0.154588846 0.155355501
v 0.247309255 -0.116943129 0.149945564
v 0.249653473 -0.0808953373 0.155084672
v 0.247027351 -0.0424982651 0.155477702
v 0.262734057 -0.0103089477 0.173595973
v 0.29194888 0.00267178286 0.202091822
v 0.29446168 0.0426287602 0.210531423
v 0.274806236 0.0777994587 0.211121042
v 0.267264125 0.114354578 0.220254292
v 0.243531948 0.142354731 0.211338606
v 0.220903248 0.172499799 0.207585995
v 0.197286348 0.198754398 0.19369515
v 0.171257528 0.225147756 0.186007175
v 0.135985079 0.240062209 0.180606027
v 0.0967900966 0.249807541 0.181415419
v 0.071573669 0.281594035 0.17865606
v 0.0317863975 0.288551181 0.178539397
v -0.00817167584 0.288007947 0.169606598
v -0.0414702928 0.268849387 0.163852417
v -0.0703261971 0.25187943 0.147697373
v -0.106884565 0.242531816 0.141448297
v -0.139015432 0.227641486 0.126477403
v -0.172212206 0.210625376 0.117051645
v -0.201802946 0.189875904 0.103398786
v -0.229625636 0.161811151 0.10543441
v -0.252665031 0.128973723 0.1013455
v -0.26495351 0.09060941 0.102454862
v -0.256909333 0.0508920592 0.0987338101
v -0.260837096 0.0115378228 0.0983897561
v -0.261379893 -0.0253083695 0.096334209
v -0.26747422 -0.0622288732 0.0921019582
v -0.269485852 -0.101364137 0.0893264484
v -0.256348931 -0.138379719 0.0927540252
v -0.229000456 -0.166080044 0.0978222381
v -0.194795854 -0.182846589 0.108004881
v -0.181648218 -0.219942287 0.10744695
v -0.152668077 -0.246356472 0.111949728
v -0.119923916 -0.268392426 0.112409342
v -0.0823920924 -0.279897958 0.115520678
v -0.045472894 -0.27964002 0.109080714
v -0.008731153 -0.277819769 0.116727356
v 0.0298709469 -0.267325639 0.115908439
v 0.0655016125 -0.280850675 0.129648898
v 0.103901008 -0.270195884 0.132608617
v 0.126552172 -0.240052978 0.146011685
v 0.162303759 -0.223865314 0.148623987
v 0.193650987 -0.201688178 0.152916463
v 0.228030708 -0.185777104 0.160136699
v 0.249708648 -0.154157297 0.16311731
v 0.244177913 -0.117352973 0.157823554
v 0.241932672 -0.0802724669 0.160323102
v 0.241748111 -0.0411080643 0.163694953
v 0.258274887 -0.00854639598 0.182374754
v 0.289048772 0.00294366715 0.209780719
v 0.292382144 0.0430478986 0.218806966
v 0.270529792 0.0773523994 0.219622
v 0.261095812 0.113126108 0.227976239
v 0.237460644 0.139977708 0.217232014
v 0.220344912 0.174435427 0.216165266
v 0.199429647 0.204346393 0.203127659
v 0.16958088 0.228524741 0.196938908
v 0.132495636 0.232696141 0.185375245
v 0.09830321 0.253112685 0.188566683
v 0.0692660897 0.280620185 0.186630465
v 0.0291135294 0.284733506 0.185886337
v -0.0104046266 0.284723036 0.177337745
v -0.0418466862 0.263710127 0.170602007
v -0.0732004344 0.251633555 0.155027126
v -0.11081661 0.248125415 0.146170354
v -0.144201476 0.229136876 0.135537775
v -0.179559221 0.217676444 0.122038152
v -0.206295018 0.190441249 0.111394602
v -0.228968091 0.158189964 0.112318492
v -0.245609169 0.123342981 0.103033629
v -0.261152222 0.0876058423 0.110630565
v -0.265010173 0.0491453845 0.101352208
v -0.264690341 0.0107073047 0.105615288
v -0.26966732 -0.0248262491 0.0970879389
v -0.273763998 -0.0631064324 0.0984916019
v -0.275293252 -0.103728741 0.0975452229
v -0.258582233 -0.139927306 0.103317943
v -0.232324963 -0.170449303 0.105467438
v -0.196385069 -0.184433354 0.116080548
v -0.178479368 -0.219041028 0.11694464
v -0.149489801 -0.244186394 0.121721193
v -0.117796079 -0.266084841 0.12070192
v -0.0813444345 -0.277826944 0.123512071
v -0.044973339 -0.284883711 0.116470286
v -0.010082199 -0.269992173 0.121827888
v 0.0301577113 -0.263891197 0.124641848
v 0.0649136975 -0.280573158 0.138782345
v 0.104505508 -0.272493919 0.140515414
v 0.129799228 -0.242662198 0.152692133
v 0.160007173 -0.217347594 0.155122497
v 0.193555833 -0.20137696 0.163114355
v 0.226292685 -0.182688303 0.167851344
v 0.249596443 -0.153013693 0.171308762
v 0.249120466 -0.115304951 0.166550086
v 0.238709592 -0.0789349804 0.170201688
v 0.236910745 -0.0395030837 0.171552871
v 0.255068242 -0.00786961117 0.190088502
v 0.284389667 0.00532370934 0.217203925
v 0.289572301 0.0444422278 0.22743631
v 0.266953432 0.0775298121 0.227927647
v 0.258239166 0.112884285 0.23604259
v 0.23566014 0.140892413 0.2250446
v 0.219020966 0.176877599 0.224948714
v 0.200297817 0.209857724 0.212670395
v 0.166725083 0.230541001 0.206724611
v 0.129613403 0.231026734 0.192828942
v 0.0933658203 0.24648408 0.191627718
v 0.0650482219 0.273899764 0.192941704
v 0.0259470734 0.27951029 0.193205152
v -0.0124128968 0.281293807 0.184629928
v -0.0435210614 0.26116306 0.177986244
v -0.0754801092 0.249312157 0.162539222
v -0.114387242 0.248729427 0.154304943
v -0.149293911 0.237803112 0.135958657
v -0.185577819 0.22174717 0.128469151
v -0.208562135 0.189907508 0.119164662
v -0.223874436 0.153320215 0.11799602
v -0.238265438 0.118139843 0.109214857
v -0.253016803 0.0824739118 0.113534356
v -0.267902838 0.0472217026 0.108804752
v -0.270503306 0.00948711016 0.111697627
v -0.277130927 -0.0261511666 0.10240164
v -0.277320563 -0.0649758345 0.106915207
v -0.278442025 -0.10607652 0.105797075
v -0.262785562 -0.143289869 0.110154595
v -0.234274521 -0.172477641 0.11308851
v -0.198479136 -0.188141353 0.124040487
v -0.169737006 -0.212842279 0.115997952
v -0.144424015 -0.238211328 0.128117746
v -0.116750362 -0.264227862 0.128534564
v -0.0816623284 -0.278747703 0.132542015
v -0.0442904562 -0.28526229 0.126841681
v -0.0116260011 -0.264384439 0.129560838
v 0.028425346 -0.270797547 0.12908066
v 0.063725337 -0.280830423 0.146613913
v 0.103170048 -0.271062658 0.148417593
v 0.127671773 -0.240485362 0.161036622
v 0.162546311 -0.222358585 0.163171732
v 0.193551213 -0.203534138 0.172325274
v 0.22365402 -0.180755413 0.175190285
v 0.249350434 -0.15229766 0.180585199
v 0.254276615 -0.114034344 0.176420376
v 0.238753444 -0.0785722255 0.180458456
v 0.233625463 -0.0394308791 0.179290247
v 0.252061194 -0.0088230776 0.19782404
v 0.278776179 0.00800380594 0.225306951
v 0.287861746 0.0452370361 0.235491995
v 0.268655367 0.0788068455 0.234159882
v 0.253565755 0.112216264 0.240027724
v 0.240932732 0.145137114 0.225311338
v 0.222685139 0.181101837 0.23081805
v 0.201174058 0.214127169 0.220567132
v 0.165097891 0.231434362 0.214759913
v 0.127481769 0.229225664 0.20033834
v 0.0923993429 0.246494423 0.201883996
v 0.0599865585 0.267239939 0.200059587
v 0.0233978866 0.278351935 0.201790323
v -0.013557358 0.277884913 0.191708264
v -0.0466870305 0.261127327 0.186379232
v -0.0800101768 0.254803458 0.169260813
v -0.118314825 0.257733056 0.156595808
v -0.154377695 0.242914192 0.143290671
v -0.187404857 0.219868671 0.138272584
v -0.207567425 0.185623302 0.128344492
v -0.217929063 0.147046124 0.125288821
v -0.233956483 0.11305648 0.11868623
v -0.250961209 0.0792009187 0.121973726
v -0.270742467 0.0471468746 0.115971779
v -0.278444385 0.00977697514 0.11648916
v -0.283838161 -0.027333269 0.109274196
v -0.279104233 -0.0659508458 0.114998053
v -0.278995358 -0.106543945 0.113289249
v -0.262536559 -0.143351724 0.117689671
v -0.231562563 -0.169887903 0.11999475
v -0.192751569 -0.181905926 0.122744793
v -0.169298076 -0.212030446 0.124719957
v -0.144303532 -0.237498369 0.13538245
v -0.116146638 -0.263802094 0.135175158
v -0.0815104788 -0.280366502 0.141881169
v -0.0431626935 -0.286613595 0.137379913
v -0.0101688967 -0.26516037 0.138871281
v 0.0291600884 -0.262368286 0.13243195
v 0.0624474765 -0.272319111 0.152212332
v 0.10205421 -0.268868952 0.158830857
v 0.133057835 -0.245033038 0.168537225
v 0.166783616 -0.226124814 0.171054523
v 0.192529987 -0.201694218 0.180961193
v 0.225322352 -0.181493966 0.183853483
v 0.250101973 -0.150862916 0.191062942
v 0.257801038 -0.112091077 0.187225346
v 0.239314771 -0.0769727355 0.190330881
v 0.22889221 -0.0390397373 0.187109838
v 0.25399591 -0.0151867832 0.205718903
v 0.271206408 0.0117871657 0.230730838
v 0.284513982 0.0463015365 0.241063827
v 0.271699426 0.0818891644 0.237769167
v 0.256048046 0.115271776 0.245099282
v 0.243582235 0.148570169 0.229912621
v 0.224982429 0.184697246 0.235337041
v 0.199279801 0.215181305 0.226662391
v 0.162556158 0.232199653 0.221234326
v 0.124104482 0.227648774 0.208160126
v 0.0913648253 0.248380814 0.21230624
v 0.0562107811 0.260277233 0.206517553
v 0.021253631 0.274994662 0.208747534
v -0.0157890197 0.277008506 0.200134622
v -0.0516688885 0.26481643 0.195134977
v -0.0828869651 0.264731273 0.172463074
v -0.119673335 0.251021623 0.164738324
v -0.158036204 0.242955444 0.154049944
v -0.188478231 0.216570817 0.149878308
v -0.203121334 0.179947886 0.138460399
v -0.213649975 0.141665918 0.135385823
v -0.231657795 0.109797512 0.128731898
v -0.250804736 0.0771532132 0.1300308
v -0.270370194 0.0441318915 0.12360343
v -0.287994621 0.0095686909 0.119413224
v -0.289471477 -0.0293090209 0.116215595
v -0.27971742 -0.0670568485 0.121836224
v -0.277185466 -0.106824521 0.120449066
v -0.259449215 -0.142281426 0.125420701
v -0.226024051 -0.16427787 0.121538815
v -0.191436389 -0.182518604 0.12952938
v -0.165417792 -0.209571642 0.128193119
v -0.146149912 -0.239463169 0.139392246
v -0.116835242 -0.266100959 0.141148849
v -0.0819137931 -0.283333313 0.150594165
v -0.0423802569 -0.287203066 0.147095187
v -0.0100852513 -0.263830034 0.147876801
v 0.0277971511 -0.255583716 0.14083799
v 0.0632999533 -0.260360639 0.156923618
v 0.100006585 -0.264277767 0.170175207
v 0.135080179 -0.249140175 0.178414291
v 0.167000717 -0.228483598 0.180729047
v 0.192175212 -0.203241261 0.190499408
v 0.224576538 -0.180729228 0.193848446
v 0.250591592 -0.150291092 0.201898773
v 0.26047491 -0.111239406 0.197775682
v 0.239969799 -0.0764460862 0.200284658
v 0.225605544 -0.0392486176 0.197248882
v 0.245648138 -0.0092843327 0.211360638
v 0.265089155 0.0163712736 0.235259919
v 0.284789916 0.0466256369 0.247176027
v 0.277594165 0.0838629418 0.242030956
v 0.262748139 0.119179608 0.243244462
v 0.238560962 0.148093697 0.233158223
v 0.224174086 0.185235716 0.240118888
v 0.196453457 0.21345636 0.231811895
v 0.159694541 0.230512262 0.228167388
v 0.121031924 0.225008078 0.216265975
v 0.0876825512 0.243760647 0.219939149
v 0.0531009862 0.254880302 0.212497905
v 0.0189144836 0.272227464 0.215758236
v -0.0188009001 0.279836794 0.209235646
v -0.0562764581 0.274409869 0.19916006
v -0.0888450035 0.262830408 0.180821665
v -0.115565111 0.242756895 0.159673746
v -0.15444336 0.23370867 0.161383063
v -0.186495705 0.210011269 0.161138222
v -0.204203103 0.175501923 0.150303841
v -0.215522437 0.138558827 0.146209972
v -0.228798695 0.105430674 0.136915467
v -0.254636867 0.0769386399 0.137481573
v -0.278628101 0.0471216933 0.125344701
v -0.293771375 0.0101061579 0.127078597
v -0.289339279 -0.0294090401 0.124013941
v -0.27492139 -0.0662475056 0.12638068
v -0.272262634 -0.105329156 0.127859785
v -0.254131467 -0.139692795 0.133103383
v -0.221856662 -0.160653246 0.126941623
v -0.192521729 -0.184933523 0.134648669
v -0.164251858 -0.209061158 0.13327727
v -0.146637144 -0.240550563 0.144926114
v -0.117067696 -0.26815283 0.147671134
v -0.0819410892 -0.286139227 0.158088253
v -0.0417088091 -0.287970233 0.155187708
v -0.00770164637 -0.265842062 0.156428133
v 0.0272814535 -0.248708465 0.150776272
v 0.0646474342 -0.247150009 0.159602528
v 0.0979147413 -0.254337964 0.176750386
v 0.13330573 -0.246161158 0.188605446
v 0.165856873 -0.227092337 0.191480095
v 0.194766887 -0.204684818 0.2008469
v 0.220649536 -0.174314491 0.200757543
v 0.251043819 -0.149095911 0.211754581
v 0.260627808 -0.109774158 0.207580829
v 0.241995554 -0.073420533 0.209775434
v 0.222300273 -0.0383157454 0.208071807
v 0.238843254 -0.00628852206 0.22012894
v 0.259620626 0.0197905531 0.239653668
v 0.282533073 0.0477877575 0.254461535
v 0.277507827 0.08644326 0.251152966
v 0.263510429 0.123121265 0.250937057
v 0.235365436 0.147378309 0.238053639
v 0.220132214 0.183368549 0.244893205
v 0.190768493 0.208765251 0.236002315
v 0.15538607 0.227299696 0.23521466
v 0.117573005 0.222182746 0.223594488
v 0.084001911 0.239272679 0.22581743
v 0.0494749619 0.248801288 0.216156701
v 0.0153821661 0.26796467 0.222460505
v -0.0227303823 0.28037185 0.21877288
v -0.0605283044 0.272149913 0.20843117
v -0.0902288789 0.256354226 0.187113998
v -0.112915409 0.233764965 0.164044297
v -0.150536207 0.223721949 0.167972614
v -0.183690271 0.20368532 0.171390862
v -0.198723121 0.170239886 0.158128251
v -0.21153431 0.134644725 0.15448118
v -0.232491026 0.105333181 0.14563937
v -0.261838426 0.0796202321 0.14219685
v -0.283698223 0.0462517775 0.132595387
v -0.298394057 0.00848441298 0.133827935
v -0.292364059 -0.0314995225 0.130011618
v -0.274058491 -0.0670598583 0.134312927
v -0.271146726 -0.105489156 0.138204073
v -0.247272526 -0.135335776 0.138822385
v -0.216754873 -0.156386852 0.129966792
v -0.189657148 -0.181155519 0.139836945
v -0.165759774 -0.210184069 0.141024532
v -0.147639802 -0.242318919 0.152269152
v -0.116591558 -0.268333109 0.154595864
v -0.0822523648 -0.28806396 0.164748203
v -0.0419047267 -0.283963401 0.161707313
v -0.00443316483 -0.267456463 0.165173113
v 0.0264542889 -0.243655238 0.161261908
v 0.0631807119 -0.238246741 0.167419658
v 0.0965709194 -0.246394085 0.183188664
v 0.131466633 -0.246703298 0.198880141
v 0.163510741 -0.226261673 0.202890798
v 0.192291447 -0.201794725 0.211039623
v 0.216682271 -0.170724458 0.208299198
v 0.248445689 -0.148546815 0.22037424
v 0.256764955 -0.109318822 0.216409109
v 0.245661835 -0.0699816759 0.218607052
v 0.22072809 -0.0386860983 0.218500233
v 0.2337933 -0.00515408117 0.228401256
v 0.251152493 0.0221527599 0.250507339
v 0.276707953 0.0476140525 0.26604274
v 0.274678719 0.0866286264 0.263546868
v 0.256063387 0.120854533 0.261468782
v 0.226333718 0.142876915 0.249861928
v 0.208461871 0.175544071 0.25805466
v 0.178986016 0.197128598 0.248276596
v 0.147955764 0.2185087 0.249949343
v 0.112417984 0.2182503 0.238172386
v 0.0802213235 0.235211918 0.238957154
v 0.0462386983 0.242106638 0.227303585
v 0.0137134693 0.262542847 0.234065938
v -0.0243212773 0.269565326 0.225086527
v -0.0612596532 0.260868785 0.215330133
v -0.0861441171 0.24193894 0.19126372
v -0.108684754 0.217434121 0.172104345
v -0.144010336 0.206046312 0.174853886
v -0.177207302 0.192117704 0.183757042
v -0.197797804 0.163948905 0.171434613
v -0.20992969 0.129611847 0.166114319
v -0.234620295 0.103708451 0.157538286
v -0.263461842 0.0786170801 0.154370907
v -0.284030131 0.0455631803 0.145532849
v -0.293992301 0.00742548782 0.146972278
v -0.28372446 -0.0308958446 0.142918692
v -0.273472345 -0.0679160391 0.152122649
v -0.256934324 -0.100954062 0.149925041
v -0.242836961 -0.133947674 0.1550972
v -0.215660979 -0.155731734 0.142457167
v -0.192559895 -0.184228273 0.148701391
v -0.163507136 -0.207676529 0.150106091
v -0.146469603 -0.239177037 0.162422305
v -0.113657295 -0.260063598 0.164384086
v -0.080327541 -0.277476435 0.17570592
v -0.0412397753 -0.273465673 0.174139343
v -0.00433560682 -0.260458667 0.180149154
v 0.0273701817 -0.240531057 0.177537828
v 0.0607353966 -0.226997784 0.178115799
v 0.0952119256 -0.234771461 0.190046367
v 0.127745504 -0.241076088 0.208783763
v 0.160480109 -0.222182002 0.213429594
v 0.188489713 -0.197729235 0.221895668
v 0.211301642 -0.167048945 0.221459287
v 0.238861246 -0.143105681 0.233971046
v 0.245858467 -0.105412812 0.2305265
v 0.242221969 -0.0670306087 0.235273225
v 0.21813721 -0.0377915598 0.23445083
v 0.225910444 -0.00344304627 0.241247217
v 0.240974979 0.0213155845 0.266862616
v 0.264458836 0.0476804837 0.281296155
v 0.263169564 0.0854391935 0.279808001
v 0.244659803 0.118167919 0.279435588
v 0.212694998 0.135200934 0.268926222
v 0.190753029 0.162938036 0.275398612
v 0.163593161 0.183449063 0.26728992
v 0.137202114 0.206212393 0.268680805
v 0.104915421 0.212353515 0.257018837
v 0.0735147887 0.226830876 0.254958737
v 0.0417391034 0.228619174 0.240050071
v 0.00965752109 0.245751663 0.244656244
v -0.0234329143 0.248090861 0.227421581
v -0.0591264197 0.239621976 0.223197887
v -0.0785100338 0.219968457 0.197730812
v -0.103107572 0.196575598 0.185487055
v -0.13616717 0.188545171 0.191461645
v -0.168664643 0.178800255 0.200039288
v -0.191951324 0.155460488 0.187517374
v -0.209354858 0.124993056 0.182571747
v -0.234292751 0.10073171 0.174391137
v -0.258360223 0.0736007487 0.171994199
v -0.274504876 0.0408649793 0.16449379
v -0.276654767 0.00394572889 0.162407635
v -0.27343853 -0.0335481531 0.164585535
v -0.257096092 -0.0664879338 0.169979034
v -0.237149979 -0.0924182374 0.159267292
v -0.22982645 -0.124499696 0.168315313
v -0.210896779 -0.153503221 0.158361045
v -0.196583181 -0.18672743 0.16177565
v -0.16641348 -0.206664571 0.163957981
v -0.14475888 -0.231957653 0.178337658
v -0.112128722 -0.247445258 0.182592845
v -0.0766296522 -0.255115068 0.185642433
v -0.0408934529 -0.257825318 0.192385027
v -0.00792469408 -0.242022865 0.191000852
v 0.0227862805 -0.224981077 0.188792914
v 0.05579112 -0.21761514 0.193521353
v 0.0890872889 -0.226005717 0.204481878
v 0.120581146 -0.233054619 0.222487946
v 0.152469079 -0.215797604 0.228012621
v 0.17572686 -0.188059971 0.233947536
v 0.196696887 -0.158864565 0.238243762
v 0.220722998 -0.136114616 0.251628306
v 0.230778074 -0.101951114 0.251015124
v 0.233726494 -0.0668912118 0.256302757
v 0.215657757 -0.0370912272 0.254498965
v 0.216206217 -0.00305762634 0.257928637
v 0.228548826 0.0237286539 0.281622328
v 0.251794855 0.0461823428 0.297937641
v 0.248379157 0.0816294425 0.295882582
v 0.22995114 0.112468563 0.296886351
v 0.198057403 0.127278356 0.288070726
v 0.17476267 0.151166927 0.293289558
v 0.149911784 0.170095167 0.284831061
v 0.127596045 0.194404056 0.285768671
v 0.0992322157 0.208986813 0.275843786
v 0.0675482199 0.218112846 0.270337612
v 0.0377375933 0.216683561 0.254908762
v 0.00480519386 0.225444692 0.252125742
v -0.0202187639 0.223891351 0.22838431
v -0.0536525173 0.215572936 0.227279896
v -0.0713453568 0.197277521 0.203708472
v -0.0998743975 0.179858977 0.201996145
v -0.1293632 0.167721989 0.196935373
v -0.159869885 0.162994385 0.209910098
v -0.190222834 0.147696126 0.204078107
v -0.216242787 0.126026071 0.198309673
v -0.235920812 0.098465914 0.192144623
v -0.252023458 0.0681594614 0.191188737
v -0.262682144 0.0358976965 0.184920333
v -0.265741225 0.00156520816 0.184991227
v -0.256840194 -0.0319796763 0.181943361
v -0.238720109 -0.0610381389 0.180988739
v -0.221800624 -0.0863679257 0.171117999
v -0.217462649 -0.117413887 0.179785134
v -0.209603908 -0.151216866 0.174175857
v -0.194814869 -0.183177072 0.176049698
v -0.168411785 -0.205661796 0.179790506
v -0.137223051 -0.217700901 0.189770181
v -0.105347839 -0.228396576 0.19570805
v -0.0719589355 -0.230607011 0.191451878
v -0.041828899 -0.237910505 0.204522668
v -0.00935399514 -0.230158009 0.206505213
v 0.0210515558 -0.217511989 0.204223115
v 0.052403249 -0.208001123 0.206958301
v 0.0855499892 -0.212252554 0.215099598
v 0.113605623 -0.22055389 0.234682118
v 0.143853504 -0.205384882 0.242939838
v 0.167064614 -0.180967733 0.253212021
v 0.185597095 -0.15298714 0.25968234
v 0.203042746 -0.126168434 0.267922255
v 0.21814166 -0.097294905 0.271149032
v 0.224968713 -0.0654114974 0.274862579
v 0.212461758 -0.0352878546 0.272335362
v 0.208049043 -0.00284226863 0.274139649
v 0.218156236 0.0243743859 0.288995516
v 0.237559261 0.0463723217 0.305230724
v 0.233846737 0.0795737342 0.306048862
v 0.215697531 0.10793422 0.30714499
v 0.18566976 0.122280937 0.300255234
v 0.162886468 0.143625485 0.304114823
v 0.140291216 0.160853766 0.293924893
v 0.119772045 0.184627025 0.288666132
v 0.095974293 0.200143172 0.273154117
v 0.0649232341 0.208798894 0.27243604
v 0.0334743133 0.2083956 0.265188983
v 0.00305622682 0.206630113 0.25571595
v -0.0196000876 0.202158814 0.234027859
v -0.0501637141 0.194491529 0.231124354
v -0.0709887624 0.180910035 0.21190206
v -0.0948270031 0.165818371 0.19961166
v -0.124152779 0.157211802 0.202512954
v -0.154410024 0.153435576 0.21313581
v -0.183234955 0.139988071 0.20319678
v -0.208608109 0.118925077 0.201016633
v -0.22561122 0.0909133257 0.196586304
v -0.236229614 0.0621913355 0.185427295
v -0.242162254 0.0307529505 0.186180966
v -0.245211939 -0.000258313364 0.179606119
v -0.242182458 -0.0305434829 0.170659791
v -0.225217937 -0.0566299316 0.174705286
v -0.209440377 -0.0821968343 0.176542417
v -0.204673255 -0.112873141 0.175681855
v -0.197682892 -0.145045775 0.168838887
v -0.184352853 -0.175805973 0.16881673
v -0.158415859 -0.193223351 0.180056202
v -0.131851802 -0.201953223 0.198414577
v -0.100243287 -0.207974024 0.2002839
v -0.0700276698 -0.213585647 0.204422516
v -0.0412591935 -0.222303391 0.212850086
v -0.00993718247 -0.219635435 0.213263739
v 0.0189565785 -0.208618842 0.207436831
v 0.0490900855 -0.203308839 0.215500047
v 0.0804782622 -0.203482518 0.223605261
v 0.106750979 -0.208194055 0.242770211
v 0.133989667 -0.19067877 0.247700451
v 0.15419694 -0.167219724 0.259397456
v 0.170054309 -0.140283051 0.265815649
v 0.187158233 -0.119466335 0.279687225
v 0.204901119 -0.0949336186 0.283431915
v 0.21607364 -0.0660011334 0.285545858
v 0.212705729 -0.0348350684 0.282816181
v 0.204262544 -0.00438534172 0.283359025
v 0.208537655 0.0232317298 0.3009348
v 0.223833157 0.044110163 0.317649397
v 0.218620658 0.0746946948 0.317585704
v 0.201796989 0.100696787 0.316359932
v 0.1752745 0.116069366 0.310826925
v 0.152809655 0.134727993 0.309711429
v 0.132543991 0.152963078 0.301676301
v 0.113417194 0.174493137 0.29124708
v 0.0917313185 0.189672032 0.274988207
v 0.0617827595 0.196469875 0.273335098
v 0.0333733396 0.192061575 0.26156918
v 0.0048612532 0.185336357 0.254521606
v -0.0172859464 0.179081141 0.236937571
v -0.0450848536 0.173964613 0.231901991
v -0.0651965561 0.165554628 0.213148067
v -0.0914149792 0.155730661 0.206054532
v -0.119936295 0.149300391 0.208810538
v -0.149656084 0.142984783 0.213877806
v -0.177906976 0.129838237 0.208903103
v -0.199812239 0.107941432 0.203966949
v -0.212670843 0.0805200094 0.195296979
v -0.219625464 0.0565840238 0.177009748
v -0.227152999 0.0285121884 0.171540505
v -0.229219838 -0.000301839335 0.167585693
v -0.227120435 -0.0290335355 0.163528996
v -0.213095471 -0.0539347526 0.168574491
v -0.20493204 -0.0810037754 0.163942481
v -0.192030608 -0.106428241 0.170475335
v -0.18354828 -0.136380561 0.173328181
v -0.17057663 -0.163821274 0.165973906
v -0.150978713 -0.176696225 0.186343497
v -0.122696302 -0.184090663 0.198297131
v -0.0933682731 -0.188598333 0.202923999
v -0.0695459902 -0.197834313 0.215647457
v -0.0415181381 -0.207554152 0.218262913
v -0.0113971027 -0.210977333 0.220950103
v 0.0174416125 -0.203088843 0.215704
v 0.0458065349 -0.201882241 0.226777997
v 0.0741475088 -0.196103643 0.236318797
v 0.0996029938 -0.192515262 0.252501544
v 0.123352652 -0.173662574 0.254323694
v 0.141590351 -0.151988024 0.26498457
v 0.157013605 -0.129324639 0.275210174
v 0.173350094 -0.109302007 0.285695383
v 0.192940508 -0.0892063971 0.292686413
v 0.209594563 -0.064663278 0.297213756
v 0.212668077 -0.0349647514 0.294452358
v 0.203057757 -0.00630912766 0.295438936
v 0.197794798 0.0191705233 0.31408079
v 0.205128925 0.0445605533 0.323831968
v 0.203110185 0.0722573575 0.329308139
v 0.18726282 0.0948205946 0.322191565
v 0.165694059 0.113072867 0.319773859
v 0.143733339 0.127686892 0.312635481
v 0.124926925 0.14361834 0.301913821
v 0.107804106 0.162914319 0.28925352
v 0.0866412874 0.176598887 0.274639556
v 0.0580441516 0.181114738 0.273845589
v 0.0308440933 0.173666838 0.264083295
v 0.00764264541 0.164250736 0.250395929
v -0.016439061 0.157588836 0.24241975
v -0.0395824723 0.15575824 0.229972986
v -0.062466956 0.151968339 0.215839955
v -0.088997088 0.146356 0.210197371
v -0.116345938 0.143053267 0.216046328
v -0.143310202 0.132872756 0.2179552
v -0.167933309 0.118258587 0.211634387
v -0.186409988 0.0968810133 0.203813711
v -0.196768716 0.073128865 0.189735453
v -0.202625021 0.047912742 0.177247499
v -0.209689094 0.0246172796 0.165111842
v -0.215436555 -0.000308024953 0.156839266
v -0.213180212 -0.0273219648 0.158869922
v -0.202664938 -0.052479675 0.16101121
v -0.192849975 -0.0778027617 0.15869166
v -0.17866276 -0.100832939 0.162813968
v -0.169492062 -0.127726947 0.162851102
v -0.153864188 -0.151715608 0.162443801
v -0.138926731 -0.160152751 0.185305125
v -0.114894241 -0.16656972 0.200569115
v -0.0901984699 -0.172788476 0.211161204
v -0.0658893282 -0.181767354 0.217285152
v -0.0402337643 -0.194252776 0.2222417
v -0.0118685165 -0.201417142 0.227095975
v 0.0159823309 -0.194205139 0.222068316
v 0.0412651896 -0.193792927 0.236831849
v 0.0662125456 -0.186131264 0.249404949
v 0.0895643961 -0.175026628 0.260644654
v 0.111692591 -0.159300633 0.266043733
v 0.129025138 -0.139458106 0.272991318
v 0.145575816 -0.123395558 0.286097163
v 0.162221838 -0.10571513 0.295573245
v 0.181601567 -0.0873779102 0.301605218
v 0.197963243 -0.0641203649 0.304444182
v 0.205513519 -0.0364796022 0.305670126
v 0.205552117 -0.0079040073 0.309847857
v 0.196109103 0.0151726097 0.331953884
v 0.192430598 0.0403591278 0.337403835
v 0.187950669 0.0662991462 0.336340771
v 0.176022745 0.088598215 0.329167686
v 0.157955234 0.104624356 0.319043148
v 0.139321793 0.118996222 0.308433418
v 0.121341233 0.132931802 0.297161544
v 0.102832483 0.149008298 0.287407255
v 0.0804632085 0.161635858 0.27982743
v 0.0548989833 0.163312065 0.271458299
v 0.0312907371 0.154969254 0.258832626
v 0.00946799494 0.144049729 0.248262475
v -0.0116566378 0.138739312 0.238821528
v -0.0352406817 0.139582087 0.231494395
v -0.0600046484 0.141065033 0.221880161
v -0.0865279867 0.139943649 0.217683284
v -0.11237497 0.132833896 0.217072898
v -0.136271431 0.121359775 0.212494022
v -0.156846816 0.105763086 0.204731944
v -0.173265918 0.0880624303 0.192515124
v -0.183917128 0.0686985644 0.176877496
v -0.190964788 0.0466747219 0.164411688
v -0.196007711 0.0234588863 0.156384252
v -0.200905646 -0.000910197447 0.152789086
v -0.201697171 -0.0264259011 0.151106405
v -0.195193684 -0.051429089 0.149834705
v -0.182910575 -0.0742704374 0.147932686
v -0.168552498 -0.0954643186 0.148491199
v -0.154295347 -0.116105793 0.153419136
v -0.139485031 -0.134924898 0.163335859
v -0.123859878 -0.147620345 0.179815415
v -0.1050158 -0.152313401 0.197758896
v -0.085069066 -0.15827435 0.212371811
v -0.0644039743 -0.16856475 0.222291909
v -0.0409902402 -0.182323925 0.227876324
v -0.0139936203 -0.190457966 0.232876733
v 0.0135491583 -0.187741717 0.233252251
v 0.0385409382 -0.179518209 0.243131815
v 0.0612750368 -0.167671511 0.254301433
v 0.0812380338 -0.155206252 0.265690538
v 0.10112011 -0.14282776 0.27382235
v 0.119017115 -0.128851795 0.282786944
v 0.136224985 -0.113000169 0.289573688
v 0.152541527 -0.0968590093 0.298361037
v 0.170281967 -0.0798678734 0.305330998
v 0.18663385 -0.0609508778 0.314156089
v 0.197402548 -0.0369294814 0.319780259
v 0.198770472 -0.0103860439 0.325424554
v 0.178243877 0.0142121234 0.3294269
v 0.175960269 0.0375001457 0.333546358
v 0.173359008 0.0617846994 0.334692546
v 0.164207971 0.0844508804 0.331587473
v 0.148744451 0.101891223 0.323899088
v 0.130586243 0.114388692 0.313191667
v 0.111937944 0.124556486 0.302374274
v 0.0933383774 0.135638228 0.292214818
v 0.0732090661 0.143944145 0.281732892
v 0.0493496684 0.145208265 0.275940528
v 0.0265481087 0.138329987 0.266175384
v 0.0038045169 0.132030751 0.260584753
v -0.0147503585 0.127002307 0.25090352
v -0.0362360892 0.128290908 0.241463272
v -0.0592168694 0.130993144 0.229315728
v -0.0844612991 0.130626232 0.223738713
v -0.10710262 0.121155954 0.218069212
v -0.126285509 0.109398212 0.207013146
v -0.143107871 0.0937832987 0.197513597
v -0.157612704 0.0778267036 0.185609715
v -0.168723132 0.0604538749 0.172756633
v -0.177117007 0.0412138358 0.161676177
v -0.183129081 0.0207524139 0.15251201
v -0.188437198 -0.00158166824 0.147300341
v -0.188853544 -0.0254536001 0.145105354
v -0.181185322 -0.0485295581 0.144381369
v -0.166875871 -0.0686475694 0.144732589
v -0.150955802 -0.0862918127 0.14613898
v -0.136471065 -0.103337354 0.151286178
v -0.123598295 -0.120243169 0.160981167
v -0.111408753 -0.133678022 0.176265348
v -0.0957326668 -0.140720743 0.193062035
v -0.0783674763 -0.147731298 0.207461121
v -0.0597266179 -0.156826953 0.218824294
v -0.0384940502 -0.168750021 0.227846281
v -0.0138173316 -0.176052044 0.235281526
v 0.0117288687 -0.172766866 0.237335164
v 0.0339130389 -0.163913924 0.24963837
v 0.0546549403 -0.149484298 0.258774731
v 0.0728636146 -0.136131944 0.267016024
v 0.0913402893 -0.126338555 0.274251515
v 0.110365125 -0.116096916 0.279890051
v 0.128249274 -0.103301711 0.286071693
v 0.146510467 -0.089497642 0.289536063
v 0.16277207 -0.0730410768 0.294223857
v 0.174873502 -0.0541364702 0.303175834
v 0.17973768 -0.0330930459 0.315220603
v 0.18033205 -0.00940716891 0.323153721
v -0.132161728 -0.166051653 0.0216630097
v -0.10342496 -0.191471585 0.011332256
v -0.0745430968 -0.219025406 0.004
v -0.0410189037 -0.245709949 0.004
v -0.000927435857 -0.258675452 0.00654178608
v 0.0337175985 -0.257031311 0.0309027314
v 0.0757886549 -0.253001949 0.025788681
v 0.117372445 -0.243651989 0.0235939384
v 0.152548119 -0.225755754 0.038309627
v 0.189411773 -0.203180995 0.0356027957
v 0.201703252 -0.1687091 0.0582883998
v -0.166125734 -0.142864738 0.0176967735
v -0.102068954 -0.132603559 0.004
v -0.0706193859 -0.156393437 0.004
v -0.0411235158 -0.185729598 0.00485406693
v -0.00232828409 -0.203136129 0.00468836836
v 0.0342996361 -0.203689632 0.0258486695
v 0.0759218986 -0.199613327 0.0179823545
v 0.116581658 -0.189831929 0.00946916434
v 0.153702486 -0.16890456 0.0151912816
v 0.185446719 -0.140024029 0.0104060811
v 0.217726453 -0.129934497 0.0533926785
v -0.182998876 -0.109860606 0.004
v -0.130886594 -0.106650466 0.0167729066
v -0.0670826526 -0.0980249576 0.017304284
v -0.036416874 -0.123036578 0.014439725
v -0.0031048384 -0.147696371 0.004
v 0.0347045592 -0.150146523 0.0227095406
v 0.0759596688 -0.145796014 0.0127951354
v 0.114529352 -0.130979966 0.004
v 0.147594701 -0.103184622 0.004
v 0.200145585 -0.100692836 0.0061981483
v 0.234545312 -0.0963629326 0.033891253
v -0.190070219 -0.0705130972 0.004
v -0.143542487 -0.0712709885 0.00408299147
v -0.0952578322 -0.0694769409 0.0112660804
v -0.033438415 -0.0625029426 0.0163749892
v -0.00377439499 -0.088047534 0.00742670574
v 0.0349949881 -0.0965202261 0.0196147828
v 0.0760945529 -0.0902532414 0.0106930017
v 0.109832229 -0.0651544738 0.004
v 0.160307101 -0.063007396 0.004
v 0.201172743 -0.0596272375 0.0127838082
v 0.244114447 -0.0597846065 0.0274147207
v -0.19906701 -0.033832535 0.004
v -0.149626013 -0.0332829132 0.00418313268
v -0.100136954 -0.0305399644 0.004
v -0.0545775339 -0.0304427914 0.0107623138
v 0.000377229495 -0.026123029 0.00405806274
v 0.0350598712 -0.0451599542 0.004
v 0.0722823669 -0.0280283786 0.00539389278
v 0.118141886 -0.0253872002 0.0114424026
v 0.163458233 -0.0253096303 0.00964346255
v 0.213866537 -0.0259718663 0.0085030249
v 0.262313685 -0.0277396836 0.0220644785
v -0.224417238 0.00147245101 0.0123191391
v -0.172506668 0.00225388424 0.0101729746
v -0.121110831 0.00492629312 0.00413136719
v -0.0692676514 0.00583527445 0.00403555858
v -0.0175954499 0.00901839029 0.004
v 0.0343421428 0.00895427739 0.004
v 0.0860522138 0.00960034357 0.00822723754
v 0.137874821 0.00921737996 0.00741272945
v 0.189870734 0.00986286154 0.00718958798
v 0.241754792 0.00990813389 0.0122625621
v 0.288129382 0.00936957935 0.0354653868
v -0.247424319 0.0460510918 0.00835302731
v -0.192386917 0.0476007198 0.0120404771
v -0.138008622 0.0509073888 0.004
v -0.0745019907 0.0504243349 0.0102053844
v -0.00207200123 0.0434440072 0.0118371429
v 0.0335629381 0.058222088 0.010265287
v 0.0722201958 0.0477354915 0.0107522944
v 0.135406887 0.0513838453 0.00730292101
v 0.198199458 0.0547638824 0.0081413668
v 0.251029265 0.0536503087 0.0262442358
v 0.299320159 0.0522156181 0.0543630172
v -0.246967925 0.0927291878 0.00579338667
v -0.183291003 0.0920780126 0.004
v -0.111284208 0.0888603407 0.00485830675
v -0.0385037337 0.0776331769 0.004
v -0.00599465084 0.0995456659 0.00609633142
v 0.0320597605 0.10791927 0.00542843233
v 0.0721463246 0.104217778 0.00780016186
v 0.109923697 0.0859047644 0.0080867827
v 0.170971778 0.0903500648 0.00992916891
v 0.235787965 0.0938504857 0.0192590312
v 0.289313102 0.0945400864 0.0523580421
v -0.219446079 0.129247913 0.0139031163
v -0.146814391 0.122018929 0.00706472422
v -0.0747639465 0.112826556 0.0153187142
v -0.0421992481 0.134704058 0.0120644543
v -0.00788385576 0.15298042 0.00743161919
v 0.0307183375 0.157269343 0.013155996
v 0.0706493224 0.153191689 0.00729009375
v 0.112553715 0.148558418 0.00590959755
v 0.148116542 0.125562025 0.00546240115
v 0.207117034 0.12672387 0.0210361159
v 0.258051961 0.125823836 0.0592240709
v -0.182847456 0.158424102 0.013113598
v -0.111240557 0.14707233 0.0150402382
v -0.0798580147 0.170329569 0.00902938512
v -0.0460464185 0.189133188 0.004
v -0.00971505328 0.20441267 0.0047664895
v 0.0290050744 0.207196886 0.0108226461
v 0.0693203615 0.202615812 0.0141989629
v 0.10925613 0.198028642 0.0160838522
v 0.150549096 0.187585132 0.0251567114
v 0.178568147 0.156391576 0.0305626792
v 0.235720798 0.161128159 0.0503777177
v -0.146170188 0.180194405 0.00403001726
v -0.114905263 0.204360744 0.004
v -0.0827832156 0.22632703 0.00681277528
v -0.0476772022 0.241396488 0.0154871823
v -0.0126229341 0.247619789 0.0325401086
v 0.0263424594 0.253359852 0.0297985906
v 0.0659200896 0.246632754 0.0376494522
v 0.104008597 0.236894795 0.0455649637
v 0.144239972 0.231251922 0.0570991091
v 0.170070734 0.203493016 0.077988669
v 0.206856851 0.190566533 0.06076707
f 1 2 49
f 2 50 49
f 2 3 50
f 3 51 50
f 3 4 51
f 4 52 51
f 4 5 52
f 5 53 52
f 5 6 53
f 6 54 53
f 6 7 54
f 7 55 54
f 7 8 55
f 8 56 55
f 8 9 56
f 9 57 56
f 9 10 57
f 10 58 57
f 10 11 58
f 11 59 58
f 11 12 59
f 12 60 59
f 12 13 60
f 13 61 60
f 13 14 61
f 14 62 61
f 14 15 62
f 15 63 62
f 15 16 63
f 16 64 63
f 16 17 64
f 17 65 64
f 17 18 65
f 18 66 65
f 18 19 66
f 19 67 66
f 19 20 67
f 20 68 67
f 20 21 68
f 21 69 68
f 21 22 69
f 22 70 69
f 22 23 70
f 23 71 70
f 23 24 71
f 24 72 71
f 24 25 72
f 25 73 72
f 25 26 73
f 26 74 73
f 26 27 74
f 27 75 74
f 27 28 75
f 28 76 75
f 28 29 76
f 29 77 76
f 29 30 77
f 30 78 77
f 30 31 78
f 31 79 78
f 31 32 79
f 32 80 79
f 32 33 80
f 33 81 80
f 33 34 81
f 34 82 81
f 34 35 82
f 35 83 82
f 35 36 83
f 36 84 83
f 36 37 84
f 37 85 84
f 37 38 85
f 38 86 85
f 38 39 86
f 39 87 86
f 39 40 87
f 40 88 87
f 40 41 88
f 41 89 88
f 41 42 89
f 42 90 89
f 42 43 90
f 43 91 90
f 43 44 91
f 44 92 91
f 44 45 92
f 45 93 92
f 45 46 93
f 46 94 93
f 46 47 94
f 47 95 94
f 47 48 95
f 48 96 95
f 48 1 96
f 1 49 96
f 49 50 97
f 50 98 97
f 50 51 98
f 51 99 98
f 51 52 99
f 52 100 99
f 52 53 100
f 53 101 100
f 53 54 101
f 54 102 101
f 54 55 102
f 55 103 102
f 55 56 103
f 56 104 103
f 56 57 104
f 57 105 104
f 57 58 105
f 58 106 105
f 58 59 106
f 59 107 106
f 59 60 107
f 60 108 107
f 60 61 108
f 61 109 108
f 61 62 109
f 62 110 109
f 62 63 110
f 63 111 110
f 63 64 111
f 64 112 111
f 64 65 112
f 65 113 112
f 65 66 113
f 66 114 113
f 66 67 114
f 67 115 114
f 67 68 115
f 68 116 115
f 68 69 116
f 69 117 116
f 69 70 117
f 70 118 117
f 70 71 118
f 71 119 118
f 71 72 119
f 72 120 119
f 72 73 120
f 73 121 120
f 73 74 121
f 74 122 121
f 74 75 122
f 75 123 122
f 75 76 123
f 76 124 123
f 76 77 124
f 77 125 124
f 77 78 125
f 78 126 125
f 78 79 126
f 79 127 126
f 79 80 127
f 80 128 127
f 80 81 128
f 81 129 128
f 81 82 129
f 82 130 129
f 82 83 130
f 83 131 130
f 83 84 131
f 84 132 131
f 84 85 132
f 85 133 132
f 85 86 133
f 86 134 133
f 86 87 134
f 87 135 134
f 87 88 135
f 88 136 135
f 88 89 136
f 89 137 136
f 89 90 137
f 90 138 137
f 90 91 138
f 91 139 138
f 91 92 139
f 92 140 139
f 92 93 140
f 93 141 140
f 93 94 141
f 94 142 141
f 94 95 142
f 95 143 142
f 95 96 143
f 96 144 143
f 96 49 144
f 49 97 144
f 97 98 145
f 98 146 145
f 98 99 146
f 99 147 146
f 99 100 147
f 100 148 147
f 100 101 148
f 101 149 148
f 101 102 149
f 102 150 149
f 102 103 150
f 103 151 150
f 103 104 151
f 104 152 151
f 104 105 152
f 105 153 152
f 105 106 153
f 106 154 153
f 106 107 154
f 107 155 154
f 107 108 155
f 108 156 155
f 108 109 156
f 109 157 156
f 109 110 157
f 110 158 157
f 110 111 158
f 111 159 158
f 111 112 159
f 112 160 159
f 112 113 160
f 113 161 160
f 113 114 161
f 114 162 161
f 114 115 162
f 115 163 162
f 115 116 163
f 116 164 163
f 116 117 164
f 117 165 164
f 117 118 165
f 118 166 165
f 118 119 166
f 119 167 166
f 119 120 167
f 120 168 167
f 120 121 168
f 121 169 168
f 121 122 169
f 122 170 169
f 122 123 170
f 123 171 170
f 123 124 171
f 124 172 171
f 124 125 172
f 125 173 172
f 125 126 173
f 126 174 173
f 126 127 174
f 127 175 174
f 127 128 175
f 128 176 175
f 128 129 176
f 129 177 176
f 129 130 177
f 130 178 177
f 130 131 178
f 131 179 178
f 131 132 179
f 132 180 179
f 132 133 180
f 133 181 180
f 133 134 181
f 134 182 181
f 134 135 182
f 135 183 182
f 135 136 183
f 136 184 183
f 136 137 184
f 137 185 184
f 137 138 185
f 138 186 185
f 138 139 186
f 139 187 186
f 139 140 187
f 140 188 187
f 140 141 188
f 141 189 188
f 141 142 189
f 142 190 189
f 142 143 190
f 143 191 190
f 143 144 191
f 144 192 191
f 144 97 192
f 97 145 192
f 145 146 193
f 146 194 193
f 146 147 194
f 147 195 194
f 147 148 195
f 148 196 195
f 148 149 196
f 149 197 196
f 149 150 197
f 150 198 197
f 150 151 198
f 151 199 198
f 151 152 199
f 152 200 199
f 152 153 200
f 153 201 200
f 153 154 201
f 154 202 201
f 154 155 202
f 155 203 202
f 155 156 203
f 156 204 203
f 156 157 204
f 157 205 204
f 157 158 205
f 158 206 205
f 158 159 206
f 159 207 206
f 159 160 207
f 160 208 207
f 160 161 208
f 161 209 208
f 161 162 209
f 162 210 209
f 162 163 210
f 163 211 210
f 163 164 211
f 164 212 211
f 164 165 212
f 165 213 212
f 165 166 213
f 166 214 213
f 166 167 214
f 167 215 214
f 167 168 215
f 168 216 215
f 168 169 216
f 169 217 216
f 169 170 217
f 170 218 217
f 170 171 218
f 171 219 218
f 171 172 219
f 172 220 219
f 172 173 220
f 173 221 220
f 173 174 221
f 174 222 221
f 174 175 222
f 175 223 222
f 175 176 223
f 176 224 223
f 176 177 224
f 177 225 224
f 177 178 225
f 178 226 225
f 178 179 226
f 179 227 226
f 179 180 227
f 180 228 227
f 180 181 228
f 181 229 228
f 181 182 229
f 182 230 229
f 182 183 230
f 183 231 230
f 183 184 231
f 184 232 231
f 184 185 232
f 185 233 232
f 185 186 233
f 186 234 233
f 186 187 234
f 187 235 234
f 187 188 235
f 188 236 235
f 188 189 236
f 189 237 236
f 189 190 237
f 190 238 237
f 190 191 238
f 191 239 238
f 191 192 239
f 192 240 239
f 192 145 240
f 145 193 240
f 193 194 241
f 194 242 241
f 194 195 242
f 195 243 242
f 195 196 243
f 196 244 243
f 196 197 244
f 197 245 244
f 197 198 245
f 198 246 245
f 198 199 246
f 199 247 246
f 199 200 247
f 200 248 247
f 200 201 248
f 201 249 248
f 201 202 249
f 202 250 249
f 202 203 250
f 203 251 250
f 203 204 251
f 204 252 251
f 204 205 252
f 205 253 252
f 205 206 253
f 206 254 253
f 206 207 254
f 207 255 254
f 207 208 255
f 208 256 255
f 208 209 256
f 209 257 256
f 209 210 257
f 210 258 257
f 210 211 258
f 211 259 258
f 211 212 259
f 212 260 259
f 212 213 260
f 213 261 260
f 213 214 261
f 214 262 261
f 214 215 262
f 215 263 262
f 215 216 263
f 216 264 263
f 216 217 264
f 217 265 264
f 217 218 265
f 218 266 265
f 218 219 266
f 219 267 266
f 219 220 267
f 220 268 267
f 220 221 268
f 221 269 268
f 221 222 269
f 222 270 269
f 222 223 270
f 223 271 270
f 223 224 271
f 224 272 271
f 224 225 272
f 225 273 272
f 225 226 273
f 226 274 273
f 226 227 274
f 227 275 274
f 227 228 275
f 228 276 275
f 228 229 276
f 229 277 276
f 229 230 277
f 230 278 277
f 230 231 278
f 231 279 278
f 231 232 279
f 232 280 279
f 232 233 280
f 233 281 280
f 233 234 281
f 234 282 281
f 234 235 282
f 235 283 282
f 235 236 283
f 236 284 283
f 236 237 284
f 237 285 284
f 237 238 285
f 238 286 285
f 238 239 286
f 239 287 286
f 239 240 287
f 240 288 287
f 240 193 288
f 193 241 288
f 241 242 289
f 242 290 289
f 242 243 290
f 243 291 290
f 243 244 291
f 244 292 291
f 244 245 292
f 245 293 292
f 245 246 293
f 246 294 293
f 246 247 294
f 247 295 294
f 247 248 295
f 248 296 295
f 248 249 296
f 249 297 296
f 249 250 297
f 250 298 297
f 250 251 298
f 251 299 298
f 251 252 299
f 252 300 299
f 252 253 300
f 253 301 300
f 253 254 301
f 254 302 301
f 254 255 302
f 255 303 302
f 255 256 303
f 256 304 303
f 256 257 304
f 257 305 304
f 257 258 305
f 258 306 305
f 258 259 306
f 259 307 306
f 259 260 307
f 260 308 307
f 260 261 308
f 261 309 308
f 261 262 309
f 262 310 309
f 262 263 310
f 263 311 310
f 263 264 311
f 264 312 311
f 264 265 312
f 265 313 312
f 265 266 313
f 266 314 313
f 266 267 314
f 267 315 314
f 267 268 315
f 268 316 315
f 268 269 316
f 269 317 316
f 269 270 317
f 270 318 317
f 270 271 318
f 271 319 318
f 271 272 319
f 272 320 319
f 272 273 320
f 273 321 320
f 273 274 321
f 274 322 321
f 274 275 322
f 275 323 322
f 275 276 323
f 276 324 323
f 276 277 324
f 277 325 324
f 277 278 325
f 278 326 325
f 278 279 326
f 279 327 326
f 279 280 327
f 280 328 327
f 280 281 328
f 281 329 328
f 281 282 329
f 282 330 329
f 282 283 330
f 283 331 330
f 283 284 331
f 284 332 331
f 284 285 332
f 285 333 332
f 285 286 333
f 286 334 333
f 286 287 334
f 287 335 334
f 287 288 335
f 288 336 335
f 288 241 336
f 241 289 336
f 289 290 337
f 290 338 337
f 290 291 338
f 291 339 338
f 291 292 339
f 292 340 339
f 292 293 340
f 293 341 340
f 293 294 341
f 294 342 341
f 294 295 342
f 295 343 342
f 295 296 343
f 296 344 343
f 296 297 344
f 297 345 344
f 297 298 345
f 298 346 345
f 298 299 346
f 299 347 346
f 299 300 347
f 300 348 347
f 300 301 348
f 301 349 348
f 301 302 349
f 302 350 349
f 302 303 350
f 303 351 350
f 303 304 351
f 304 352 351
f 304 305 352
f 305 353 352
f 305 306 353
f 306 354 353
f 306 307 354
f 307 355 354
f 307 308 355
f 308 356 355
f 308 309 356
f 309 357 356
f 309 310 357
f 310 358 357
f 310 311 358
f 311 359 358
f 311 312 359
f 312 360 359
f 312 313 360
f 313 361 360
f 313 314 361
f 314 362 361
f 314 315 362
f 315 363 362
f 315 316 363
f 316 364 363
f 316 317 364
f 317 365 364
f 317 318 365
f 318 366 365
f 318 319 366
f 319 367 366
f 319 320 367
f 320 368 367
f 320 321 368
f 321 369 368
f 321 322 369
f 322 370 369
f 322 323 370
f 323 371 370
f 323 324 371
f 324 372 371
f 324 325 372
f 325 373 372
f 325 326 373
f 326 374 373
f 326 327 374
f 327 375 374
f 327 328 375
f 328 376 375
f 328 329 376
f 329 377 376
f 329 330 377
f 330 378 377
f 330 331 378
f 331 379 378
f 331 332 379
f 332 380 379
f 332 333 380
f 333 381 380
f 333 334 381
f 334 382 381
f 334 335 382
f 335 383 382
f 335 336 383
f 336 384 383
f 336 289 384
f 289 337 384
f 337 338 385
f 338 386 385
f 338 339 386
f 339 387 386
f 339 340 387
f 340 388 387
f 340 341 388
f 341 389 388
f 341 342 389
f 342 390 389
f 342 343 390
f 343 391 390
f 343 344 391
f 344 392 391
f 344 345 392
f 345 393 392
f 345 346 393
f 346 394 393
f 346 347 394
f 347 395 394
f 347 348 395
f 348 396 395
f 348 349 396
f 349 397 396
f 349 350 397
f 350 398 397
f 350 351 398
f 351 399 398
f 351 352 399
f 352 400 399
f 352 353 400
f 353 401 400
f 353 354 401
f 354 402 401
f 354 355 402
f 355 403 402
f 355 356 403
f 356 404 403
f 356 357 404
f 357 405 404
f 357 358 405
f 358 406 405
f 358 359 406
f 359 407 406
f 359 360 407
f 360 408 407
f 360 361 408
f 361 409 408
f 361 362 409
f 362 410 409
f 362 363 410
f 363 411 410
f 363 364 411
f 364 412 411
f 364 365 412
f 365 413 412
f 365 366 413
f 366 414 413
f 366 367 414
f 367 415 414
f 367 368 415
f 368 416 415
f 368 369 416
f 369 417 416
f 369 370 417
f 370 418 417
f 370 371 418
f 371 419 418
f 371 372 419
f 372 420 419
f 372 373 420
f 373 421 420
f 373 374 421
f 374 422 421
f 374 375 422
f 375 423 422
f 375 376 423
f 376 424 423
f 376 377 424
f 377 425 424
f 377 378 425
f 378 426 425
f 378 379 426
f 379 427 426
f 379 380 427
f 380 428 427
f 380 381 428
f 381 429 428
f 381 382 429
f 382 430 429
f 382 383 430
f 383 431 430
f 383 384 431
f 384 432 431
f 384 337 432
f 337 385 432
f 385 386 433
f 386 434 433
f 386 387 434
f 387 435 434
f 387 388 435
f 388 436 435
f 388 389 436
f 389 437 436
f 389 390 437
f 390 438 437
f 390 391 438
f 391 439 438
f 391 392 439
f 392 440 439
f 392 393 440
f 393 441 440
f 393 394 441
f 394 442 441
f 394 395 442
f 395 443 442
f 395 396 443
f 396 444 443
f 396 397 444
f 397 445 444
f 397 398 445
f 398 446 445
f 398 399 446
f 399 447 446
f 399 400 447
f 400 448 447
f 400 401 448
f 401 449 448
f 401 402 449
f 402 450 449
f 402 403 450
f 403 451 450
f 403 404 451
f 404 452 451
f 404 405 452
f 405 453 452
f 405 406 453
f 406 454 453
f 406 407 454
f 407 455 454
f 407 408 455
f 408 456 455
f 408 409 456
f 409 457 456
f 409 410 457
f 410 458 457
f 410 411 458
f 411 459 458
f 411 412 459
f 412 460 459
f 412 413 460
f 413 461 460
f 413 414 461
f 414 462 461
f 414 415 462
f 415 463 462
f 415 416 463
f 416 464 463
f 416 417 464
f 417 465 464
f 417 418 465
f 418 466 465
f 418 419 466
f 419 467 466
f 419 420 467
f 420 468 467
f 420 421 468
f 421 469 468
f 421 422 469
f 422 470 469
f 422 423 470
f 423 471 470
f 423 424 471
f 424 472 471
f 424 425 472
f 425 473 472
f 425 426 473
f 426 474 473
f 426 427 474
f 427 475 474
f 427 428 475
f 428 476 475
f 428 429 476
f 429 477 476
f 429 430 477
f 430 478 477
f 430 431 478
f 431 479 478
f 431 432 479
f 432 480 479
f 432 385 480
f 385 433 480
f 433 434 481
f 434 482 481
f 434 435 482
f 435 483 482
f 435 436 483
f 436 484 483
f 436 437 484
f 437 485 484
f 437 438 485
f 438 486 485
f 438 439 486
f 439 487 486
f 439 440 487
f 440 488 487
f 440 441 488
f 441 489 488
f 441 442 489
f 442 490 489
f 442 443 490
f 443 491 490
f 443 444 491
f 444 492 491
f 444 445 492
f 445 493 492
f 445 446 493
f 446 494 493
f 446 447 494
f 447 495 494
f 447 448 495
f 448 496 495
f 448 449 496
f 449 497 496
f 449 450 497
f 450 498 497
f 450 451 498
f 451 499 498
f 451 452 499
f 452 500 499
f 452 453 500
f 453 501 500
f 453 454 501
f 454 502 501
f 454 455 502
f 455 503 502
f 455 456 503
f 456 504 503
f 456 457 504
f 457 505 504
f 457 458 505
f 458 506 505
f 458 459 506
f 459 507 506
f 459 460 507
f 460 508 507
f 460 461 508
f 461 509 508
f 461 462 509
f 462 510 509
f 462 463 510
f 463 511 510
f 463 464 511
f 464 512 511
f 464 465 512
f 465 513 512
f 465 466 513
f 466 514 513
f 466 467 514
f 467 515 514
f 467 468 515
f 468 516 515
f 468 469 516
f 469 517 516
f 469 470 517
f 470 518 517
f 470 471 518
f 471 519 518
f 471 472 519
f 472 520 519
f 472 473 520
f 473 521 520
f 473 474 521
f 474 522 521
f 474 475 522
f 475 523 522
f 475 476 523
f 476 524 523
f 476 477 524
f 477 525 524
f 477 478 525
f 478 526 525
f 478 479 526
f 479 527 526
f 479 480 527
f 480 528 527
f 480 433 528
f 433 481 528
f 481 482 529
f 482 530 529
f 482 483 530
f 483 531 530
f 483 484 531
f 484 532 531
f 484 485 532
f 485 533 532
f 485 486 533
f 486 534 533
f 486 487 534
f 487 535 534
f 487 488 535
f 488 536 535
f 488 489 536
f 489 537 536
f 489 490 537
f 490 538 537
f 490 491 538
f 491 539 538
f 491 492 539
f 492 540 539
f 492 493 540
f 493 541 540
f 493 494 541
f 494 542 541
f 494 495 542
f 495 543 542
f 495 496 543
f 496 544 543
f 496 497 544
f 497 545 544
f 497 498 545
f 498 546 545
f 498 499 546
f 499 547 546
f 499 500 547
f 500 548 547
f 500 501 548
f 501 549 548
f 501 502 549
f 502 550 549
f 502 503 550
f 503 551 550
f 503 504 551
f 504 552 551
f 504 505 552
f 505 553 552
f 505 506 553
f 506 554 553
f 506 507 554
f 507 555 554
f 507 508 555
f 508 556 555
f 508 509 556
f 509 557 556
f 509 510 557
f 510 558 557
f 510 511 558
f 511 559 558
f 511 512 559
f 512 560 559
f 512 513 560
f 513 561 560
f 513 514 561
f 514 562 561
f 514 515 562
f 515 563 562
f 515 516 563
f 516 564 563
f 516 517 564
f 517 565 564
f 517 518 565
f 518 566 565
f 518 519 566
f 519 567 566
f 519 520 567
f 520 568 567
f 520 521 568
f 521 569 568
f 521 522 569
f 522 570 569
f 522 523 570
f 523 571 570
f 523 524 571
f 524 572 571
f 524 525 572
f 525 573 572
f 525 526 573
f 526 574 573
f 526 527 574
f 527 575 574
f 527 528 575
f 528 576 575
f 528 481 576
f 481 529 576
f 529 530 577
f 530 578 577
f 530 531 578
f 531 579 578
f 531 532 579
f 532 580 579
f 532 533 580
f 533 581 580
f 533 534 581
f 534 582 581
f 534 535 582
f 535 583 582
f 535 536 583
f 536 584 583
f 536 537 584
f 537 585 584
f 537 538 585
f 538 586 585
f 538 539 586
f 539 587 586
f 539 540 587
f 540 588 587
f 540 541 588
f 541 589 588
f 541 542 589
f 542 590 589
f 542 543 590
f 543 591 590
f 543 544 591
f 544 592 591
f 544 545 592
f 545 593 592
f 545 546 593
f 546 594 593
f 546 547 594
f 547 595 594
f 547 548 595
f 548 596 595
f 548 549 596
f 549 597 596
f 549 550 597
f 550 598 597
f 550 551 598
f 551 599 598
f 551 552 599
f 552 600 599
f 552 553 600
f 553 601 600
f 553 554 601
f 554 602 601
f 554 555 602
f 555 603 602
f 555 556 603
f 556 604 603
f 556 557 604
f 557 605 604
f 557 558 605
f 558 606 605
f 558 559 606
f 559 607 606
f 559 560 607
f 560 608 607
f 560 561 608
f 561 609 608
f 561 562 609
f 562 610 609
f 562 563 610
f 563 611 610
f 563 564 611
f 564 612 611
f 564 565 612
f 565 613 612
f 565 566 613
f 566 614 613
f 566 567 614
f 567 615 614
f 567 568 615
f 568 616 615
f 568 569 616
f 569 617 616
f 569 570 617
f 570 618 617
f 570 571 618
f 571 619 618
f 571 572 619
f 572 620 619
f 572 573 620
f 573 621 620
f 573 574 621
f 574 622 621
f 574 575 622
f 575 623 622
f 575 576 623
f 576 624 623
f 576 529 624
f 529 577 624
f 577 578 625
f 578 626 625
f 578 579 626
f 579 627 626
f 579 580 627
f 580 628 627
f 580 581 628
f 581 629 628
f 581 582 629
f 582 630 629
f 582 583 630
f 583 631 630
f 583 584 631
f 584 632 631
f 584 585 632
f 585 633 632
f 585 586 633
f 586 634 633
f 586 587 634
f 587 635 634
f 587 588 635
f 588 636 635
f 588 589 636
f 589 637 636
f 589 590 637
f 590 638 637
f 590 591 638
f 591 639 638
f 591 592 639
f 592 640 639
f 592 593 640
f 593 641 640
f 593 594 641
f 594 642 641
f 594 595 642
f 595 643 642
f 595 596 643
f 596 644 643
f 596 597 644
f 597 645 644
f 597 598 645
f 598 646 645
f 598 599 646
f 599 647 646
f 599 600 647
f 600 648 647
f 600 601 648
f 601 649 648
f 601 602 649
f 602 650 649
f 602 603 650
f 603 651 650
f 603 604 651
f 604 652 651
f 604 605 652
f 605 653 652
f 605 606 653
f 606 654 653
f 606 607 654
f 607 655 654
f 607 608 655
f 608 656 655
f 608 609 656
f 609 657 656
f 609 610 657
f 610 658 657
f 610 611 658
f 611 659 658
f 611 612 659
f 612 660 659
f 612 613 660
f 613 661 660
f 613 614 661
f 614 662 661
f 614 615 662
f 615 663 662
f 615 616 663
f 616 664 663
f 616 617 664
f 617 665 664
f 617 618 665
f 618 666 665
f 618 619 666
f 619 667 666
f 619 620 667
f 620 668 667
f 620 621 668
f 621 669 668
f 621 622 669
f 622 670 669
f 622 623 670
f 623 671 670
f 623 624 671
f 624 672 671
f 624 577 672
f 577 625 672
f 625 626 673
f 626 674 673
f 626 627 674
f 627 675 674
f 627 628 675
f 628 676 675
f 628 629 676
f 629 677 676
f 629 630 677
f 630 678 677
f 630 631 678
f 631 679 678
f 631 632 679
f 632 680 679
f 632 633 680
f 633 681 680
f 633 634 681
f 634 682 681
f 634 635 682
f 635 683 682
f 635 636 683
f 636 684 683
f 636 637 684
f 637 685 684
f 637 638 685
f 638 686 685
f 638 639 686
f 639 687 686
f 639 640 687
f 640 688 687
f 640 641 688
f 641 689 688
f 641 642 689
f 642 690 689
f 642 643 690
f 643 691 690
f 643 644 691
f 644 692 691
f 644 645 692
f 645 693 692
f 645 646 693
f 646 694 693
f 646 647 694
f 647 695 694
f 647 648 695
f 648 696 695
f 648 649 696
f 649 697 696
f 649 650 697
f 650 698 697
f 650 651 698
f 651 699 698
f 651 652 699
f 652 700 699
f 652 653 700
f 653 701 700
f 653 654 701
f 654 702 701
f 654 655 702
f 655 703 702
f 655 656 703
f 656 704 703
f 656 657 704
f 657 705 704
f 657 658 705
f 658 706 705
f 658 659 706
f 659 707 706
f 659 660 707
f 660 708 707
f 660 661 708
f 661 709 708
f 661 662 709
f 662 710 709
f 662 663 710
f 663 711 710
f 663 664 711
f 664 712 711
f 664 665 712
f 665 713 712
f 665 666 713
f 666 714 713
f 666 667 714
f 667 715 714
f 667 668 715
f 668 716 715
f 668 669 716
f 669 717 716
f 669 670 717
f 670 718 717
f 670 671 718
f 671 719 718
f 671 672 719
f 672 720 719
f 672 625 720
f 625 673 720
f 673 674 721
f 674 722 721
f 674 675 722
f 675 723 722
f 675 676 723
f 676 724 723
f 676 677 724
f 677 725 724
f 677 678 725
f 678 726 725
f 678 679 726
f 679 727 726
f 679 680 727
f 680 728 727
f 680 681 728
f 681 729 728
f 681 682 729
f 682 730 729
f 682 683 730
f 683 731 730
f 683 684 731
f 684 732 731
f 684 685 732
f 685 733 732
f 685 686 733
f 686 734 733
f 686 687 734
f 687 735 734
f 687 688 735
f 688 736 735
f 688 689 736
f 689 737 736
f 689 690 737
f 690 738 737
f 690 691 738
f 691 739 738
f 691 692 739
f 692 740 739
f 692 693 740
f 693 741 740
f 693 694 741
f 694 742 741
f 694 695 742
f 695 743 742
f 695 696 743
f 696 744 743
f 696 697 744
f 697 745 744
f 697 698 745
f 698 746 745
f 698 699 746
f 699 747 746
f 699 700 747
f 700 748 747
f 700 701 748
f 701 749 748
f 701 702 749
f 702 750 749
f 702 703 750
f 703 751 750
f 703 704 751
f 704 752 751
f 704 705 752
f 705 753 752
f 705 706 753
f 706 754 753
f 706 707 754
f 707 755 754
f 707 708 755
f 708 756 755
f 708 709 756
f 709 757 756
f 709 710 757
f 710 758 757
f 710 711 758
f 711 759 758
f 711 712 759
f 712 760 759
f 712 713 760
f 713 761 760
f 713 714 761
f 714 762 761
f 714 715 762
f 715 763 762
f 715 716 763
f 716 764 763
f 716 717 764
f 717 765 764
f 717 718 765
f 718 766 765
f 718 719 766
f 719 767 766
f 719 720 767
f 720 768 767
f 720 673 768
f 673 721 768
f 721 722 769
f 722 770 769
f 722 723 770
f 723 771 770
f 723 724 771
f 724 772 771
f 724 725 772
f 725 773 772
f 725 726 773
f 726 774 773
f 726 727 774
f 727 775 774
f 727 728 775
f 728 776 775
f 728 729 776
f 729 777 776
f 729 730 777
f 730 778 777
f 730 731 778
f 731 779 778
f 731 732 779
f 732 780 779
f 732 733 780
f 733 781 780
f 733 734 781
f 734 782 781
f 734 735 782
f 735 783 782
f 735 736 783
f 736 784 783
f 736 737 784
f 737 785 784
f 737 738 785
f 738 786 785
f 738 739 786
f 739 787 786
f 739 740 787
f 740 788 787
f 740 741 788
f 741 789 788
f 741 742 789
f 742 790 789
f 742 743 790
f 743 791 790
f 743 744 791
f 744 792 791
f 744 745 792
f 745 793 792
f 745 746 793
f 746 794 793
f 746 747 794
f 747 795 794
f 747 748 795
f 748 796 795
f 748 749 796
f 749 797 796
f 749 750 797
f 750 798 797
f 750 751 798
f 751 799 798
f 751 752 799
f 752 800 799
f 752 753 800
f 753 801 800
f 753 754 801
f 754 802 801
f 754 755 802
f 755 803 802
f 755 756 803
f 756 804 803
f 756 757 804
f 757 805 804
f 757 758 805
f 758 806 805
f 758 759 806
f 759 807 806
f 759 760 807
f 760 808 807
f 760 761 808
f 761 809 808
f 761 762 809
f 762 810 809
f 762 763 810
f 763 811 810
f 763 764 811
f 764 812 811
f 764 765 812
f 765 813 812
f 765 766 813
f 766 814 813
f 766 767 814
f 767 815 814
f 767 768 815
f 768 816 815
f 768 721 816
f 721 769 816
f 769 770 817
f 770 818 817
f 770 771 818
f 771 819 818
f 771 772 819
f 772 820 819
f 772 773 820
f 773 821 820
f 773 774 821
f 774 822 821
f 774 775 822
f 775 823 822
f 775 776 823
f 776 824 823
f 776 777 824
f 777 825 824
f 777 778 825
f 778 826 825
f 778 779 826
f 779 827 826
f 779 780 827
f 780 828 827
f 780 781 828
f 781 829 828
f 781 782 829
f 782 830 829
f 782 783 830
f 783 831 830
f 783 784 831
f 784 832 831
f 784 785 832
f 785 833 832
f 785 786 833
f 786 834 833
f 786 787 834
f 787 835 834
f 787 788 835
f 788 836 835
f 788 789 836
f 789 837 836
f 789 790 837
f 790 838 837
f 790 791 838
f 791 839 838
f 791 792 839
f 792 840 839
f 792 793 840
f 793 841 840
f 793 794 841
f 794 842 841
f 794 795 842
f 795 843 842
f 795 796 843
f 796 844 843
f 796 797 844
f 797 845 844
f 797 798 845
f 798 846 845
f 798 799 846
f 799 847 846
f 799 800 847
f 800 848 847
f 800 801 848
f 801 849 848
f 801 802 849
f 802 850 849
f 802 803 850
f 803 851 850
f 803 804 851
f 804 852 851
f 804 805 852
f 805 853 852
f 805 806 853
f 806 854 853
f 806 807 854
f 807 855 854
f 807 808 855
f 808 856 855
f 808 809 856
f 809 857 856
f 809 810 857
f 810 858 857
f 810 811 858
f 811 859 858
f 811 812 859
f 812 860 859
f 812 813 860
f 813 861 860
f 813 814 861
f 814 862 861
f 814 815 862
f 815 863 862
f 815 816 863
f 816 864 863
f 816 769 864
f 769 817 864
f 817 818 865
f 818 866 865
f 818 819 866
f 819 867 866
f 819 820 867
f 820 868 867
f 820 821 868
f 821 869 868
f 821 822 869
f 822 870 869
f 822 823 870
f 823 871 870
f 823 824 871
f 824 872 871
f 824 825 872
f 825 873 872
f 825 826 873
f 826 874 873
f 826 827 874
f 827 875 874
f 827 828 875
f 828 876 875
f 828 829 876
f 829 877 876
f 829 830 877
f 830 878 877
f 830 831 878
f 831 879 878
f 831 832 879
f 832 880 879
f 832 833 880
f 833 881 880
f 833 834 881
f 834 882 881
f 834 835 882
f 835 883 882
f 835 836 883
f 836 884 883
f 836 837 884
f 837 885 884
f 837 838 885
f 838 886 885
f 838 839 886
f 839 887 886
f 839 840 887
f 840 888 887
f 840 841 888
f 841 889 888
f 841 842 889
f 842 890 889
f 842 843 890
f 843 891 890
f 843 844 891
f 844 892 891
f 844 845 892
f 845 893 892
f 845 846 893
f 846 894 893
f 846 847 894
f 847 895 894
f 847 848 895
f 848 896 895
f 848 849 896
f 849 897 896
f 849 850 897
f 850 898 897
f 850 851 898
f 851 899 898
f 851 852 899
f 852 900 899
f 852 853 900
f 853 901 900
f 853 854 901
f 854 902 901
f 854 855 902
f 855 903 902
f 855 856 903
f 856 904 903
f 856 857 904
f 857 905 904
f 857 858 905
f 858 906 905
f 858 859 906
f 859 907 906
f 859 860 907
f 860 908 907
f 860 861 908
f 861 909 908
f 861 862 909
f 862 910 909
f 862 863 910
f 863 911 910
f 863 864 911
f 864 912 911
f 864 817 912
f 817 865 912
f 865 866 913
f 866 914 913
f 866 867 914
f 867 915 914
f 867 868 915
f 868 916 915
f 868 869 916
f 869 917 916
f 869 870 917
f 870 918 917
f 870 871 918
f 871 919 918
f 871 872 919
f 872 920 919
f 872 873 920
f 873 921 920
f 873 874 921
f 874 922 921
f 874 875 922
f 875 923 922
f 875 876 923
f 876 924 923
f 876 877 924
f 877 925 924
f 877 878 925
f 878 926 925
f 878 879 926
f 879 927 926
f 879 880 927
f 880 928 927
f 880 881 928
f 881 929 928
f 881 882 929
f 882 930 929
f 882 883 930
f 883 931 930
f 883 884 931
f 884 932 931
f 884 885 932
f 885 933 932
f 885 886 933
f 886 934 933
f 886 887 934
f 887 935 934
f 887 888 935
f 888 936 935
f 888 889 936
f 889 937 936
f 889 890 937
f 890 938 937
f 890 891 938
f 891 939 938
f 891 892 939
f 892 940 939
f 892 893 940
f 893 941 940
f 893 894 941
f 894 942 941
f 894 895 942
f 895 943 942
f 895 896 943
f 896 944 943
f 896 897 944
f 897 945 944
f 897 898 945
f 898 946 945
f 898 899 946
f 899 947 946
f 899 900 947
f 900 948 947
f 900 901 948
f 901 949 948
f 901 902 949
f 902 950 949
f 902 903 950
f 903 951 950
f 903 904 951
f 904 952 951
f 904 905 952
f 905 953 952
f 905 906 953
f 906 954 953
f 906 907 954
f 907 955 954
f 907 908 955
f 908 956 955
f 908 909 956
f 909 957 956
f 909 910 957
f 910 958 957
f 910 911 958
f 911 959 958
f 911 912 959
f 912 960 959
f 912 865 960
f 865 913 960
f 913 914 961
f 914 962 961
f 914 915 962
f 915 963 962
f 915 916 963
f 916 964 963
f 916 917 964
f 917 965 964
f 917 918 965
f 918 966 965
f 918 919 966
f 919 967 966
f 919 920 967
f 920 968 967
f 920 921 968
f 921 969 968
f 921 922 969
f 922 970 969
f 922 923 970
f 923 971 970
f 923 924 971
f 924 972 971
f 924 925 972
f 925 973 972
f 925 926 973
f 926 974 973
f 926 927 974
f 927 975 974
f 927 928 975
f 928 976 975
f 928 929 976
f 929 977 976
f 929 930 977
f 930 978 977
f 930 931 978
f 931 979 978
f 931 932 979
f 932 980 979
f 932 933 980
f 933 981 980
f 933 934 981
f 934 982 981
f 934 935 982
f 935 983 982
f 935 936 983
f 936 984 983
f 936 937 984
f 937 985 984
f 937 938 985
f 938 986 985
f 938 939 986
f 939 987 986
f 939 940 987
f 940 988 987
f 940 941 988
f 941 989 988
f 941 942 989
f 942 990 989
f 942 943 990
f 943 991 990
f 943 944 991
f 944 992 991
f 944 945 992
f 945 993 992
f 945 946 993
f 946 994 993
f 946 947 994
f 947 995 994
f 947 948 995
f 948 996 995
f 948 949 996
f 949 997 996
f 949 950 997
f 950 998 997
f 950 951 998
f 951 999 998
f 951 952 999
f 952 1000 999
f 952 953 1000
f 953 1001 1000
f 953 954 1001
f 954 1002 1001
f 954 955 1002
f 955 1003 1002
f 955 956 1003
f 956 1004 1003
f 956 957 1004
f 957 1005 1004
f 957 958 1005
f 958 1006 1005
f 958 959 1006
f 959 1007 1006
f 959 960 1007
f 960 1008 1007
f 960 913 1008
f 913 961 1008
f 961 962 1009
f 962 1010 1009
f 962 963 1010
f 963 1011 1010
f 963 964 1011
f 964 1012 1011
f 964 965 1012
f 965 1013 1012
f 965 966 1013
f 966 1014 1013
f 966 967 1014
f 967 1015 1014
f 967 968 1015
f 968 1016 1015
f 968 969 1016
f 969 1017 1016
f 969 970 1017
f 970 1018 1017
f 970 971 1018
f 971 1019 1018
f 971 972 1019
f 972 1020 1019
f 972 973 1020
f 973 1021 1020
f 973 974 1021
f 974 1022 1021
f 974 975 1022
f 975 1023 1022
f 975 976 1023
f 976 1024 1023
f 976 977 1024
f 977 1025 1024
f 977 978 1025
f 978 1026 1025
f 978 979 1026
f 979 1027 1026
f 979 980 1027
f 980 1028 1027
f 980 981 1028
f 981 1029 1028
f 981 982 1029
f 982 1030 1029
f 982 983 1030
f 983 1031 1030
f 983 984 1031
f 984 1032 1031
f 984 985 1032
f 985 1033 1032
f 985 986 1033
f 986 1034 1033
f 986 987 1034
f 987 1035 1034
f 987 988 1035
f 988 1036 1035
f 988 989 1036
f 989 1037 1036
f 989 990 1037
f 990 1038 1037
f 990 991 1038
f 991 1039 1038
f 991 992 1039
f 992 1040 1039
f 992 993 1040
f 993 1041 1040
f 993 994 1041
f 994 1042 1041
f 994 995 1042
f 995 1043 1042
f 995 996 1043
f 996 1044 1043
f 996 997 1044
f 997 1045 1044
f 997 998 1045
f 998 1046 1045
f 998 999 1046
f 999 1047 1046
f 999 1000 1047
f 1000 1048 1047
f 1000 1001 1048
f 1001 1049 1048
f 1001 1002 1049
f 1002 1050 1049
f 1002 1003 1050
f 1003 1051 1050
f 1003 1004 1051
f 1004 1052 1051
f 1004 1005 1052
f 1005 1053 1052
f 1005 1006 1053
f 1006 1054 1053
f 1006 1007 1054
f 1007 1055 1054
f 1007 1008 1055
f 1008 1056 1055
f 1008 961 1056
f 961 1009 1056
f 1009 1010 1057
f 1010 1058 1057
f 1010 1011 1058
f 1011 1059 1058
f 1011 1012 1059
f 1012 1060 1059
f 1012 1013 1060
f 1013 1061 1060
f 1013 1014 1061
f 1014 1062 1061
f 1014 1015 1062
f 1015 1063 1062
f 1015 1016 1063
f 1016 1064 1063
f 1016 1017 1064
f 1017 1065 1064
f 1017 1018 1065
f 1018 1066 1065
f 1018 1019 1066
f 1019 1067 1066
f 1019 1020 1067
f 1020 1068 1067
f 1020 1021 1068
f 1021 1069 1068
f 1021 1022 1069
f 1022 1070 1069
f 1022 1023 1070
f 1023 1071 1070
f 1023 1024 1071
f 1024 1072 1071
f 1024 1025 1072
f 1025 1073 1072
f 1025 1026 1073
f 1026 1074 1073
f 1026 1027 1074
f 1027 1075 1074
f 1027 1028 1075
f 1028 1076 1075
f 1028 1029 1076
f 1029 1077 1076
f 1029 1030 1077
f 1030 1078 1077
f 1030 1031 1078
f 1031 1079 1078
f 1031 1032 1079
f 1032 1080 1079
f 1032 1033 1080
f 1033 1081 1080
f 1033 1034 1081
f 1034 1082 1081
f 1034 1035 1082
f 1035 1083 1082
f 1035 1036 1083
f 1036 1084 1083
f 1036 1037 1084
f 1037 1085 1084
f 1037 1038 1085
f 1038 1086 1085
f 1038 1039 1086
f 1039 1087 1086
f 1039 1040 1087
f 1040 1088 1087
f 1040 1041 1088
f 1041 1089 1088
f 1041 1042 1089
f 1042 1090 1089
f 1042 1043 1090
f 1043 1091 1090
f 1043 1044 1091
f 1044 1092 1091
f 1044 1045 1092
f 1045 1093 1092
f 1045 1046 1093
f 1046 1094 1093
f 1046 1047 1094
f 1047 1095 1094
f 1047 1048 1095
f 1048 1096 1095
f 1048 1049 1096
f 1049 1097 1096
f 1049 1050 1097
f 1050 1098 1097
f 1050 1051 1098
f 1051 1099 1098
f 1051 1052 1099
f 1052 1100 1099
f 1052 1053 1100
f 1053 1101 1100
f 1053 1054 1101
f 1054 1102 1101
f 1054 1055 1102
f 1055 1103 1102
f 1055 1056 1103
f 1056 1104 1103
f 1056 1009 1104
f 1009 1057 1104
f 1057 1058 1105
f 1058 1106 1105
f 1058 1059 1106
f 1059 1107 1106
f 1059 1060 1107
f 1060 1108 1107
f 1060 1061 1108
f 1061 1109 1108
f 1061 1062 1109
f 1062 1110 1109
f 1062 1063 1110
f 1063 1111 1110
f 1063 1064 1111
f 1064 1112 1111
f 1064 1065 1112
f 1065 1113 1112
f 1065 1066 1113
f 1066 1114 1113
f 1066 1067 1114
f 1067 1115 1114
f 1067 1068 1115
f 1068 1116 1115
f 1068 1069 1116
f 1069 1117 1116
f 1069 1070 1117
f 1070 1118 1117
f 1070 1071 1118
f 1071 1119 1118
f 1071 1072 1119
f 1072 1120 1119
f 1072 1073 1120
f 1073 1121 1120
f 1073 1074 1121
f 1074 1122 1121
f 1074 1075 1122
f 1075 1123 1122
f 1075 1076 1123
f 1076 1124 1123
f 1076 1077 1124
f 1077 1125 1124
f 1077 1078 1125
f 1078 1126 1125
f 1078 1079 1126
f 1079 1127 1126
f 1079 1080 1127
f 1080 1128 1127
f 1080 1081 1128
f 1081 1129 1128
f 1081 1082 1129
f 1082 1130 1129
f 1082 1083 1130
f 1083 1131 1130
f 1083 1084 1131
f 1084 1132 1131
f 1084 1085 1132
f 1085 1133 1132
f 1085 1086 1133
f 1086 1134 1133
f 1086 1087 1134
f 1087 1135 1134
f 1087 1088 1135
f 1088 1136 1135
f 1088 1089 1136
f 1089 1137 1136
f 1089 1090 1137
f 1090 1138 1137
f 1090 1091 1138
f 1091 1139 1138
f 1091 1092 1139
f 1092 1140 1139
f 1092 1093 1140
f 1093 1141 1140
f 1093 1094 1141
f 1094 1142 1141
f 1094 1095 1142
f 1095 1143 1142
f 1095 1096 1143
f 1096 1144 1143
f 1096 1097 1144
f 1097 1145 1144
f 1097 1098 1145
f 1098 1146 1145
f 1098 1099 1146
f 1099 1147 1146
f 1099 1100 1147
f 1100 1148 1147
f 1100 1101 1148
f 1101 1149 1148
f 1101 1102 1149
f 1102 1150 1149
f 1102 1103 1150
f 1103 1151 1150
f 1103 1104 1151
f 1104 1152 1151
f 1104 1057 1152
f 1057 1105 1152
f 1105 1106 1153
f 1106 1154 1153
f 1106 1107 1154
f 1107 1155 1154
f 1107 1108 1155
f 1108 1156 1155
f 1108 1109 1156
f 1109 1157 1156
f 1109 1110 1157
f 1110 1158 1157
f 1110 1111 1158
f 1111 1159 1158
f 1111 1112 1159
f 1112 1160 1159
f 1112 1113 1160
f 1113 1161 1160
f 1113 1114 1161
f 1114 1162 1161
f 1114 1115 1162
f 1115 1163 1162
f 1115 1116 1163
f 1116 1164 1163
f 1116 1117 1164
f 1117 1165 1164
f 1117 1118 1165
f 1118 1166 1165
f 1118 1119 1166
f 1119 1167 1166
f 1119 1120 1167
f 1120 1168 1167
f 1120 1121 1168
f 1121 1169 1168
f 1121 1122 1169
f 1122 1170 1169
f 1122 1123 1170
f 1123 1171 1170
f 1123 1124 1171
f 1124 1172 1171
f 1124 1125 1172
f 1125 1173 1172
f 1125 1126 1173
f 1126 1174 1173
f 1126 1127 1174
f 1127 1175 1174
f 1127 1128 1175
f 1128 1176 1175
f 1128 1129 1176
f 1129 1177 1176
f 1129 1130 1177
f 1130 1178 1177
f 1130 1131 1178
f 1131 1179 1178
f 1131 1132 1179
f 1132 1180 1179
f 1132 1133 1180
f 1133 1181 1180
f 1133 1134 1181
f 1134 1182 1181
f 1134 1135 1182
f 1135 1183 1182
f 1135 1136 1183
f 1136 1184 1183
f 1136 1137 1184
f 1137 1185 1184
f 1137 1138 1185
f 1138 1186 1185
f 1138 1139 1186
f 1139 1187 1186
f 1139 1140 1187
f 1140 1188 1187
f 1140 1141 1188
f 1141 1189 1188
f 1141 1142 1189
f 1142 1190 1189
f 1142 1143 1190
f 1143 1191 1190
f 1143 1144 1191
f 1144 1192 1191
f 1144 1145 1192
f 1145 1193 1192
f 1145 1146 1193
f 1146 1194 1193
f 1146 1147 1194
f 1147 1195 1194
f 1147 1148 1195
f 1148 1196 1195
f 1148 1149 1196
f 1149 1197 1196
f 1149 1150 1197
f 1150 1198 1197
f 1150 1151 1198
f 1151 1199 1198
f 1151 1152 1199
f 1152 1200 1199
f 1152 1105 1200
f 1105 1153 1200
f 1153 1154 1201
f 1154 1202 1201
f 1154 1155 1202
f 1155 1203 1202
f 1155 1156 1203
f 1156 1204 1203
f 1156 1157 1204
f 1157 1205 1204
f 1157 1158 1205
f 1158 1206 1205
f 1158 1159 1206
f 1159 1207 1206
f 1159 1160 1207
f 1160 1208 1207
f 1160 1161 1208
f 1161 1209 1208
f 1161 1162 1209
f 1162 1210 1209
f 1162 1163 1210
f 1163 1211 1210
f 1163 1164 1211
f 1164 1212 1211
f 1164 1165 1212
f 1165 1213 1212
f 1165 1166 1213
f 1166 1214 1213
f 1166 1167 1214
f 1167 1215 1214
f 1167 1168 1215
f 1168 1216 1215
f 1168 1169 1216
f 1169 1217 1216
f 1169 1170 1217
f 1170 1218 1217
f 1170 1171 1218
f 1171 1219 1218
f 1171 1172 1219
f 1172 1220 1219
f 1172 1173 1220
f 1173 1221 1220
f 1173 1174 1221
f 1174 1222 1221
f 1174 1175 1222
f 1175 1223 1222
f 1175 1176 1223
f 1176 1224 1223
f 1176 1177 1224
f 1177 1225 1224
f 1177 1178 1225
f 1178 1226 1225
f 1178 1179 1226
f 1179 1227 1226
f 1179 1180 1227
f 1180 1228 1227
f 1180 1181 1228
f 1181 1229 1228
f 1181 1182 1229
f 1182 1230 1229
f 1182 1183 1230
f 1183 1231 1230
f 1183 1184 1231
f 1184 1232 1231
f 1184 1185 1232
f 1185 1233 1232
f 1185 1186 1233
f 1186 1234 1233
f 1186 1187 1234
f 1187 1235 1234
f 1187 1188 1235
f 1188 1236 1235
f 1188 1189 1236
f 1189 1237 1236
f 1189 1190 1237
f 1190 1238 1237
f 1190 1191 1238
f 1191 1239 1238
f 1191 1192 1239
f 1192 1240 1239
f 1192 1193 1240
f 1193 1241 1240
f 1193 1194 1241
f 1194 1242 1241
f 1194 1195 1242
f 1195 1243 1242
f 1195 1196 1243
f 1196 1244 1243
f 1196 1197 1244
f 1197 1245 1244
f 1197 1198 1245
f 1198 1246 1245
f 1198 1199 1246
f 1199 1247 1246
f 1199 1200 1247
f 1200 1248 1247
f 1200 1153 1248
f 1153 1201 1248
f 1201 1202 1249
f 1202 1250 1249
f 1202 1203 1250
f 1203 1251 1250
f 1203 1204 1251
f 1204 1252 1251
f 1204 1205 1252
f 1205 1253 1252
f 1205 1206 1253
f 1206 1254 1253
f 1206 1207 1254
f 1207 1255 1254
f 1207 1208 1255
f 1208 1256 1255
f 1208 1209 1256
f 1209 1257 1256
f 1209 1210 1257
f 1210 1258 1257
f 1210 1211 1258
f 1211 1259 1258
f 1211 1212 1259
f 1212 1260 1259
f 1212 1213 1260
f 1213 1261 1260
f 1213 1214 1261
f 1214 1262 1261
f 1214 1215 1262
f 1215 1263 1262
f 1215 1216 1263
f 1216 1264 1263
f 1216 1217 1264
f 1217 1265 1264
f 1217 1218 1265
f 1218 1266 1265
f 1218 1219 1266
f 1219 1267 1266
f 1219 1220 1267
f 1220 1268 1267
f 1220 1221 1268
f 1221 1269 1268
f 1221 1222 1269
f 1222 1270 1269
f 1222 1223 1270
f 1223 1271 1270
f 1223 1224 1271
f 1224 1272 1271
f 1224 1225 1272
f 1225 1273 1272
f 1225 1226 1273
f 1226 1274 1273
f 1226 1227 1274
f 1227 1275 1274
f 1227 1228 1275
f 1228 1276 1275
f 1228 1229 1276
f 1229 1277 1276
f 1229 1230 1277
f 1230 1278 1277
f 1230 1231 1278
f 1231 1279 1278
f 1231 1232 1279
f 1232 1280 1279
f 1232 1233 1280
f 1233 1281 1280
f 1233 1234 1281
f 1234 1282 1281
f 1234 1235 1282
f 1235 1283 1282
f 1235 1236 1283
f 1236 1284 1283
f 1236 1237 1284
f 1237 1285 1284
f 1237 1238 1285
f 1238 1286 1285
f 1238 1239 1286
f 1239 1287 1286
f 1239 1240 1287
f 1240 1288 1287
f 1240 1241 1288
f 1241 1289 1288
f 1241 1242 1289
f 1242 1290 1289
f 1242 1243 1290
f 1243 1291 1290
f 1243 1244 1291
f 1244 1292 1291
f 1244 1245 1292
f 1245 1293 1292
f 1245 1246 1293
f 1246 1294 1293
f 1246 1247 1294
f 1247 1295 1294
f 1247 1248 1295
f 1248 1296 1295
f 1248 1201 1296
f 1201 1249 1296
f 1249 1250 1297
f 1250 1298 1297
f 1250 1251 1298
f 1251 1299 1298
f 1251 1252 1299
f 1252 1300 1299
f 1252 1253 1300
f 1253 1301 1300
f 1253 1254 1301
f 1254 1302 1301
f 1254 1255 1302
f 1255 1303 1302
f 1255 1256 1303
f 1256 1304 1303
f 1256 1257 1304
f 1257 1305 1304
f 1257 1258 1305
f 1258 1306 1305
f 1258 1259 1306
f 1259 1307 1306
f 1259 1260 1307
f 1260 1308 1307
f 1260 1261 1308
f 1261 1309 1308
f 1261 1262 1309
f 1262 1310 1309
f 1262 1263 1310
f 1263 1311 1310
f 1263 1264 1311
f 1264 1312 1311
f 1264 1265 1312
f 1265 1313 1312
f 1265 1266 1313
f 1266 1314 1313
f 1266 1267 1314
f 1267 1315 1314
f 1267 1268 1315
f 1268 1316 1315
f 1268 1269 1316
f 1269 1317 1316
f 1269 1270 1317
f 1270 1318 1317
f 1270 1271 1318
f 1271 1319 1318
f 1271 1272 1319
f 1272 1320 1319
f 1272 1273 1320
f 1273 1321 1320
f 1273 1274 1321
f 1274 1322 1321
f 1274 1275 1322
f 1275 1323 1322
f 1275 1276 1323
f 1276 1324 1323
f 1276 1277 1324
f 1277 1325 1324
f 1277 1278 1325
f 1278 1326 1325
f 1278 1279 1326
f 1279 1327 1326
f 1279 1280 1327
f 1280 1328 1327
f 1280 1281 1328
f 1281 1329 1328
f 1281 1282 1329
f 1282 1330 1329
f 1282 1283 1330
f 1283 1331 1330
f 1283 1284 1331
f 1284 1332 1331
f 1284 1285 1332
f 1285 1333 1332
f 1285 1286 1333
f 1286 1334 1333
f 1286 1287 1334
f 1287 1335 1334
f 1287 1288 1335
f 1288 1336 1335
f 1288 1289 1336
f 1289 1337 1336
f 1289 1290 1337
f 1290 1338 1337
f 1290 1291 1338
f 1291 1339 1338
f 1291 1292 1339
f 1292 1340 1339
f 1292 1293 1340
f 1293 1341 1340
f 1293 1294 1341
f 1294 1342 1341
f 1294 1295 1342
f 1295 1343 1342
f 1295 1296 1343
f 1296 1344 1343
f 1296 1249 1344
f 1249 1297 1344
f 31 30 32
f 32 30 1345
f 32 1346 33
f 32 1345 1346
f 33 1346 34
f 34 1346 1347
f 34 1348 35
f 34 1347 1348
f 35 1348 36
f 36 1348 1349
f 36 1350 37
f 36 1349 1350
f 37 1350 38
f 38 1350 1351
f 38 1352 39
f 38 1351 1352
f 39 1352 40
f 40 1352 1353
f 40 1354 41
f 40 1353 1354
f 41 1354 42
f 42 1354 1355
f 42 44 43
f 42 1355 44
f 30 1356 1345
f 30 29 1356
f 1345 1356 1346
f 1346 1356 1357
f 1346 1358 1347
f 1346 1357 1358
f 1347 1358 1348
f 1348 1358 1359
f 1348 1360 1349
f 1348 1359 1360
f 1349 1360 1350
f 1350 1360 1361
f 1350 1362 1351
f 1350 1361 1362
f 1351 1362 1352
f 1352 1362 1363
f 1352 1364 1353
f 1352 1363 1364
f 1353 1364 1354
f 1354 1364 1365
f 1354 1366 1355
f 1354 1365 1366
f 1355 1366 44
f 44 1366 45
f 29 28 1356
f 1356 28 1367
f 1356 1368 1357
f 1356 1367 1368
f 1357 1368 1358
f 1358 1368 1369
f 1358 1370 1359
f 1358 1369 1370
f 1359 1370 1360
f 1360 1370 1371
f 1360 1372 1361
f 1360 1371 1372
f 1361 1372 1362
f 1362 1372 1373
f 1362 1374 1363
f 1362 1373 1374
f 1363 1374 1364
f 1364 1374 1375
f 1364 1376 1365
f 1364 1375 1376
f 1365 1376 1366
f 1366 1376 1377
f 1366 46 45
f 1366 1377 46
f 28 1378 1367
f 28 27 1378
f 1367 1378 1368
f 1368 1378 1379
f 1368 1380 1369
f 1368 1379 1380
f 1369 1380 1370
f 1370 1380 1381
f 1370 1382 1371
f 1370 1381 1382
f 1371 1382 1372
f 1372 1382 1383
f 1372 1384 1373
f 1372 1383 1384
f 1373 1384 1374
f 1374 1384 1385
f 1374 1386 1375
f 1374 1385 1386
f 1375 1386 1376
f 1376 1386 1387
f 1376 1388 1377
f 1376 1387 1388
f 1377 1388 46
f 46 1388 47
f 27 26 1378
f 1378 26 1389
f 1378 1390 1379
f 1378 1389 1390
f 1379 1390 1380
f 1380 1390 1391
f 1380 1392 1381
f 1380 1391 1392
f 1381 1392 1382
f 1382 1392 1393
f 1382 1394 1383
f 1382 1393 1394
f 1383 1394 1384
f 1384 1394 1395
f 1384 1396 1385
f 1384 1395 1396
f 1385 1396 1386
f 1386 1396 1397
f 1386 1398 1387
f 1386 1397 1398
f 1387 1398 1388
f 1388 1398 1399
f 1388 48 47
f 1388 1399 48
f 26 1400 1389
f 26 25 1400
f 1389 1400 1390
f 1390 1400 1401
f 1390 1402 1391
f 1390 1401 1402
f 1391 1402 1392
f 1392 1402 1403
f 1392 1404 1393
f 1392 1403 1404
f 1393 1404 1394
f 1394 1404 1405
f 1394 1406 1395
f 1394 1405 1406
f 1395 1406 1396
f 1396 1406 1407
f 1396 1408 1397
f 1396 1407 1408
f 1397 1408 1398
f 1398 1408 1409
f 1398 1410 1399
f 1398 1409 1410
f 1399 1410 48
f 48 1410 1
f 25 24 1400
f 1400 24 1411
f 1400 1412 1401
f 1400 1411 1412
f 1401 1412 1402
f 1402 1412 1413
f 1402 1414 1403
f 1402 1413 1414
f 1403 1414 1404
f 1404 1414 1415
f 1404 1416 1405
f 1404 1415 1416
f 1405 1416 1406
f 1406 1416 1417
f 1406 1418 1407
f 1406 1417 1418
f 1407 1418 1408
f 1408 1418 1419
f 1408 1420 1409
f 1408 1419 1420
f 1409 1420 1410
f 1410 1420 1421
f 1410 2 1
f 1410 1421 2
f 24 1422 1411
f 24 23 1422
f 1411 1422 1412
f 1412 1422 1423
f 1412 1424 1413
f 1412 1423 1424
f 1413 1424 1414
f 1414 1424 1425
f 1414 1426 1415
f 1414 1425 1426
f 1415 1426 1416
f 1416 1426 1427
f 1416 1428 1417
f 1416 1427 1428
f 1417 1428 1418
f 1418 1428 1429
f 1418 1430 1419
f 1418 1429 1430
f 1419 1430 1420
f 1420 1430 1431
f 1420 1432 1421
f 1420 1431 1432
f 1421 1432 2
f 2 1432 3
f 23 22 1422
f 1422 22 1433
f 1422 1434 1423
f 1422 1433 1434
f 1423 1434 1424
f 1424 1434 1435
f 1424 1436 1425
f 1424 1435 1436
f 1425 1436 1426
f 1426 1436 1437
f 1426 1438 1427
f 1426 1437 1438
f 1427 1438 1428
f 1428 1438 1439
f 1428 1440 1429
f 1428 1439 1440
f 1429 1440 1430
f 1430 1440 1441
f 1430 1442 1431
f 1430 1441 1442
f 1431 1442 1432
f 1432 1442 1443
f 1432 4 3
f 1432 1443 4
f 22 1444 1433
f 22 21 1444
f 1433 1444 1434
f 1434 1444 1445
f 1434 1446 1435
f 1434 1445 1446
f 1435 1446 1436
f 1436 1446 1447
f 1436 1448 1437
f 1436 1447 1448
f 1437 1448 1438
f 1438 1448 1449
f 1438 1450 1439
f 1438 1449 1450
f 1439 1450 1440
f 1440 1450 1451
f 1440 1452 1441
f 1440 1451 1452
f 1441 1452 1442
f 1442 1452 1453
f 1442 1454 1443
f 1442 1453 1454
f 1443 1454 4
f 4 1454 5
f 21 20 1444
f 1444 20 1455
f 1444 1456 1445
f 1444 1455 1456
f 1445 1456 1446
f 1446 1456 1457
f 1446 1458 1447
f 1446 1457 1458
f 1447 1458 1448
f 1448 1458 1459
f 1448 1460 1449
f 1448 1459 1460
f 1449 1460 1450
f 1450 1460 1461
f 1450 1462 1451
f 1450 1461 1462
f 1451 1462 1452
f 1452 1462 1463
f 1452 1464 1453
f 1452 1463 1464
f 1453 1464 1454
f 1454 1464 1465
f 1454 6 5
f 1454 1465 6
f 20 18 1455
f 20 19 18
f 1455 18 1456
f 1456 18 17
f 1456 16 1457
f 1456 17 16
f 1457 16 1458
f 1458 16 15
f 1458 14 1459
f 1458 15 14
f 1459 14 1460
f 1460 14 13
f 1460 12 1461
f 1460 13 12
f 1461 12 1462
f 1462 12 11
f 1462 10 1463
f 1462 11 10
f 1463 10 1464
f 1464 10 9
f 1464 8 1465
f 1464 9 8
f 1465 8 6
f 6 8 7
# grip center 0.177783546 0.0142531033 0.329383806 active 1 orientation 1 0 0 0 patch_center 0
# ball 0 center 0.215913637 -0.0014624937 0.0832285615 radius 0.07 appearance 0 orientation 0.987596057 0.0100217729 -0.155872794 -0.0160394867 angular_velocity 1.10889445 -2.59768164 0.104221582 linear_velocity 0.130266335 0.0822785288 0.377651203
# ball 1 center 0.116658692 0.149039951 0.0764534234 radius 0.065 appearance 1 orientation 0.9992891 0.00455176411 -0.0373968417 -0.00143249419 angular_velocity 0.204964782 -1.74854502 -0.223289595 linear_velocity -0.0351347713 -0.0326231281 -0.269201249
# ball 2 center -0.0478025087 0.190834543 0.0852507492 radius 0.075 appearance 2 orientation 0.993969332 0.107498714 0.0162656696 -0.014297604 angular_velocity 3.13749515 0.0457220183 -0.692456952 linear_velocity -0.0279162802 0.0514152279 0.106715014
# ball 3 center -0.163937388 0.0844925785 0.0678856416 radius 0.06 appearance 1 orientation 0.999306741 0.0363905675 0.00779738707 0.000981893608 angular_velocity 4.91573305 3.97283533 0.430835931 linear_velocity 0.0865052277 0.162473377 0.266784326
# ball 4 center -0.188090196 -0.0777703758 0.0758235051 radius 0.068 appearance 3 orientation 0.995474351 -0.0762459995 0.0559447825 0.0093565723 angular_velocity -2.41495582 2.71284723 -0.0468654803 linear_velocity 0.0775457345 -0.112474961 0.275074721
# ball 5 center -0.0476751869 -0.197012978 0.0804166117 radius 0.072 appearance 0 orientation 0.993645275 -0.11081898 0.0166221177 0.0105795256 angular_velocity -1.21642079 -0.194017076 -0.139401928 linear_velocity 0.0611582841 -0.00806511958 0.0183646965
# ball 6 center 0.115725383 -0.148011318 0.0728703126 radius 0.063 appearance 2 orientation 0.999139345 0.0102131136 -0.0401563801 0.00193062985 angular_velocity 0.199396458 -1.25988845 0.0771976518 linear_velocity 0.00923069683 0.0441953538 0.217231817
# ball 7 center 0.00419785836 -0.00421859764 0.0727422208 radius 0.066 appearance 3 orientation 0.999227079 -0.0137982444 -0.0351517443 -0.0109182367 angular_velocity -1.705328 -0.866595342 0.193335809 linear_velocity 0.117707454 -0.0862583284 -0.0232853205
# ball 8 center 0.102889915 -0.00126575144 0.169191342 radius 0.072 appearance 0 orientation 0.993099694 0.0354775557 -0.108006194 -0.0287924208 angular_velocity 0.593220906 -1.785549 0.370112236 linear_velocity -0.0501326499 -0.0372573148 0.138291753
# ball 9 center -0.000140899476 0.0874058759 0.164949443 radius 0.064 appearance 1 orientation 0.98987376 0.13107072 0.0503146323 0.0209485745 angular_velocity -1.29565899 -0.518289689 -0.0167972509 linear_velocity -0.0606742105 -0.0566014915 -0.0123192694
# ball 10 center -0.106452721 0.00351534115 0.151796821 radius 0.07 appearance 2 orientation 0.998462952 -0.0421219748 -0.0348418632 -0.00913878569 angular_velocity -0.234658583 -1.872308 -0.417135097 linear_velocity 0.144684673 -0.0114277426 0.0951908002
# ball 11 center 0.00209005814 -0.0992441882 0.16577283 radius 0.067 appearance 3 orientation 0.995409197 -0.0844905793 0.039615481 -0.0212717146 angular_velocity 1.20810665 0.0277115499 -0.448502075 linear_velocity 0.0806003634 -0.0325230541 0.0306696963
