# Numi Solver explicit-yarn cloth bag reference
# static_bench min -0.75 -0.5 -0.08 max 0.75 0.5 0 floor -0.75
# vertices 1465 render_triangles 2880
v 0.237442972 -0.0629326586 0.701892183
v 0.243082513 -0.0291357443 0.738160847
v 0.252084569 0.0131111046 0.749900326
v 0.242793211 0.0317510943 0.709738184
v 0.243076735 0.0576500975 0.673338186
v 0.244820824 0.0831272248 0.640232844
v 0.253176935 0.122805058 0.653478815
v 0.254605927 0.164884906 0.661811212
v 0.27002024 0.194515366 0.633789319
v 0.272399335 0.202864646 0.59069505
v 0.290405636 0.222569598 0.559998172
v 0.28761699 0.207441173 0.522750356
v 0.284326301 0.233801578 0.491703853
v 0.316933033 0.249536836 0.47550408
v 0.344406266 0.270954226 0.456769351
v 0.363534377 0.26852362 0.422227139
v 0.361083538 0.266824006 0.383335341
v 0.374890285 0.251609538 0.350125632
v 0.397776618 0.257894408 0.318177437
v 0.425386857 0.24879457 0.28648054
v 0.445442239 0.236107341 0.246245648
v 0.427474672 0.221429832 0.204104483
v 0.435169839 0.192274568 0.167738655
v 0.417474302 0.14804256 0.156736203
v 0.401282468 0.10072057 0.168204823
v 0.38877843 0.060090577 0.185047956
v 0.37618493 0.0248029285 0.18091478
v 0.36138317 -0.00980029473 0.169283828
v 0.367249669 -0.0469361679 0.153538899
v 0.35461459 -0.0840398013 0.162605432
v 0.329352524 -0.116001883 0.172699979
v 0.314852557 -0.129073851 0.207678683
v 0.316685271 -0.167052811 0.218542392
v 0.293354773 -0.200523952 0.232206379
v 0.27971028 -0.23187668 0.258725658
v 0.261168707 -0.248026746 0.293488036
v 0.236536579 -0.241951913 0.327649231
v 0.233901305 -0.223644732 0.365901722
v 0.219882775 -0.25593113 0.390685137
v 0.210217757 -0.2621791 0.431545953
v 0.204360602 -0.257478274 0.473608377
v 0.195429177 -0.242129953 0.513833167
v 0.192512602 -0.221923305 0.551684381
v 0.19990975 -0.186202421 0.573270065
v 0.201948169 -0.145825217 0.588463836
v 0.221876251 -0.110693099 0.596198271
v 0.230183143 -0.0823258599 0.61662755
v 0.236462136 -0.0742908718 0.654197334
v 0.232202319 -0.0564951928 0.702512809
v 0.235961414 -0.0275408272 0.740634794
v 0.243800886 0.0145481204 0.750107217
v 0.244266785 0.041350726 0.713904999
v 0.230632997 0.0615284409 0.677057765
v 0.230692006 0.0858132681 0.64497311
v 0.240044338 0.124959492 0.655364622
v 0.245241186 0.167066555 0.659477384
v 0.261399829 0.195907378 0.632677739
v 0.274058993 0.193225516 0.591372798
v 0.281679473 0.218278181 0.559466443
v 0.279448483 0.203725632 0.522320319
v 0.289346363 0.23410803 0.498086794
v 0.319436527 0.25373302 0.482997079
v 0.336114702 0.267664806 0.450846705
v 0.357565691 0.278661378 0.421029315
v 0.367190918 0.274963687 0.384510229
v 0.371551235 0.258108033 0.349683206
v 0.395687898 0.265431022 0.317946696
v 0.42194251 0.256905529 0.284706683
v 0.43782507 0.242293805 0.2453258
v 0.439638269 0.217368967 0.207521323
v 0.43493372 0.181875002 0.179638624
v 0.407864343 0.14545585 0.167641807
v 0.389494736 0.100818428 0.167157818
v 0.379578644 0.0616234107 0.18257017
v 0.369586646 0.0267305604 0.176148554
v 0.359250006 -0.0116934617 0.175705696
v 0.361379084 -0.0450072333 0.150582591
v 0.347594666 -0.0820317695 0.159697514
v 0.336349175 -0.119530855 0.175927082
v 0.308482048 -0.133985697 0.201400138
v 0.311784598 -0.160348286 0.228689629
v 0.285212908 -0.190304919 0.237844952
v 0.273665633 -0.221472305 0.263722451
v 0.251164846 -0.243804077 0.290618566
v 0.243490765 -0.235665563 0.330680579
v 0.225673293 -0.224620125 0.366848032
v 0.214105176 -0.259030682 0.389261105
v 0.204359688 -0.26169415 0.430423826
v 0.207659667 -0.251935896 0.471763206
v 0.201571741 -0.234190132 0.510973339
v 0.194330898 -0.209247213 0.544427742
v 0.196707805 -0.173938567 0.565076475
v 0.213111897 -0.144970602 0.587520115
v 0.21361301 -0.108119782 0.596977514
v 0.221458178 -0.0830795491 0.621083118
v 0.228674932 -0.0692883556 0.657179685
v 0.223102159 -0.050635764 0.698118745
v 0.224435604 -0.0221020344 0.730749664
v 0.22803728 0.017915103 0.741307434
v 0.230075051 0.0527137551 0.71674778
v 0.221132025 0.0761306914 0.68369312
v 0.212439623 0.0892321183 0.649142794
v 0.227450385 0.125487918 0.642691327
v 0.233992618 0.166097703 0.649478778
v 0.250917974 0.194457536 0.625116235
v 0.262852704 0.196983944 0.585444886
v 0.27044784 0.220267995 0.552955088
v 0.271800994 0.209902237 0.515611948
v 0.292141605 0.228342862 0.488850326
v 0.312337924 0.256282978 0.474059195
v 0.328538718 0.264568065 0.441365795
v 0.347254549 0.280923166 0.414290061
v 0.358657447 0.27803764 0.379262909
v 0.366677741 0.261409606 0.345196767
v 0.390607598 0.267083685 0.313096569
v 0.41238235 0.258113448 0.279032466
v 0.42107975 0.234150756 0.246126231
v 0.42934449 0.200211372 0.223865498
v 0.422223917 0.166981843 0.199226094
v 0.404471641 0.131331518 0.185052504
v 0.380060111 0.0974607337 0.177744748
v 0.370799971 0.0597962376 0.184794911
v 0.363677887 0.0271838181 0.171631099
v 0.35391408 -0.0108681968 0.172251249
v 0.355356044 -0.0452997817 0.150047041
v 0.348725723 -0.0846002524 0.152954771
v 0.332024144 -0.110673256 0.180213025
v 0.308355768 -0.122060188 0.210224607
v 0.296411232 -0.151378053 0.22886694
v 0.283365315 -0.178622435 0.252473457
v 0.261703205 -0.208723069 0.26774373
v 0.238405514 -0.23420709 0.287738402
v 0.23732429 -0.223335552 0.326108866
v 0.215659332 -0.227178189 0.359734695
v 0.208875983 -0.250344422 0.392850743
v 0.196213594 -0.254780239 0.431542919
v 0.205001179 -0.239165975 0.468487697
v 0.190792003 -0.221759809 0.503608616
v 0.198336261 -0.193572848 0.531404113
v 0.211263209 -0.167681802 0.556211273
v 0.209524012 -0.138457951 0.578518558
v 0.206081281 -0.111391082 0.602121986
v 0.211379035 -0.0852087899 0.626225856
v 0.218724308 -0.0697639519 0.660503844
v 0.210464813 -0.0443519306 0.692180432
v 0.212965101 -0.0130500904 0.715140594
v 0.208290439 0.0218723229 0.730963439
v 0.211173704 0.0586842493 0.71814016
v 0.203603674 0.0763135753 0.685288276
v 0.197926118 0.0957585343 0.655756562
v 0.211210273 0.125925097 0.637050842
v 0.225759624 0.163324948 0.635368527
v 0.236118153 0.19856297 0.621151059
v 0.253497788 0.20977476 0.587311538
v 0.256367617 0.215377485 0.54859779
v 0.262791458 0.219857134 0.512052514
v 0.281544103 0.231636644 0.483139617
v 0.302989208 0.256251822 0.46769927
v 0.320784672 0.271739207 0.440591279
v 0.337908276 0.280955873 0.410752526
v 0.353815324 0.285251854 0.378658246
v 0.364888104 0.268741962 0.346062404
v 0.382852047 0.271510514 0.311059051
v 0.397335332 0.257687933 0.277521693
v 0.401600969 0.225273384 0.256064154
v 0.399550478 0.19882931 0.228013212
v 0.39399993 0.165654235 0.20981595
v 0.386653101 0.130177057 0.19931548
v 0.373262545 0.0967704081 0.18868978
v 0.36347791 0.0619673952 0.183909463
v 0.357220601 0.0288383554 0.172293402
v 0.349088337 -0.00794267957 0.168474662
v 0.346817639 -0.0435612939 0.152561294
v 0.339045406 -0.0811763969 0.156857059
v 0.321672931 -0.113158441 0.172067289
v 0.301139168 -0.13168099 0.199215998
v 0.286009873 -0.15877088 0.216403168
v 0.268663263 -0.170789439 0.245686349
v 0.253082852 -0.194145035 0.271488812
v 0.230113248 -0.220111435 0.287478974
v 0.221847769 -0.222902357 0.324640853
v 0.215006612 -0.241866644 0.357189368
v 0.19534076 -0.244264527 0.3904137
v 0.20065945 -0.239616016 0.428619083
v 0.197494587 -0.223725066 0.46396421
v 0.190768408 -0.203104705 0.496666175
v 0.201979058 -0.17673312 0.520967631
v 0.204483589 -0.154982529 0.548900207
v 0.199736873 -0.135038692 0.577961863
v 0.204546801 -0.118281154 0.609701704
v 0.203651999 -0.0904009089 0.6334555
v 0.208247135 -0.0699281223 0.663909615
v 0.198215309 -0.0383467816 0.685901057
v 0.197414338 -0.00729184756 0.704701152
v 0.193942347 0.0256674292 0.719063522
v 0.196819879 0.0614368284 0.715693834
v 0.197424008 0.0855917412 0.689647298
v 0.188269102 0.101012591 0.659976908
v 0.200385774 0.130253516 0.641834974
v 0.213975261 0.163652404 0.628351966
v 0.229060285 0.193186819 0.609617264
v 0.241791117 0.20965762 0.577760478
v 0.252229256 0.229316389 0.546890241
v 0.268759801 0.230901404 0.514960771
v 0.278157467 0.241581755 0.482946488
v 0.299206096 0.262000849 0.463723727
v 0.317178635 0.275683659 0.436729517
v 0.333619903 0.283650749 0.406610344
v 0.349455475 0.283007159 0.374738268
v 0.359614529 0.269002701 0.341651736
v 0.377322311 0.264000253 0.308439564
v 0.383928409 0.252867309 0.273051102
v 0.381204305 0.22085536 0.252565559
v 0.375168295 0.193368639 0.228632195
v 0.37282159 0.160070411 0.217945698
v 0.370350222 0.129220764 0.200787158
v 0.364627568 0.0958605434 0.189343711
v 0.356052227 0.0616175175 0.183763909
v 0.351321752 0.0269797053 0.175458404
v 0.342469197 -0.0073659161 0.166612744
v 0.337419932 -0.042978009 0.156322274
v 0.327563041 -0.0786613583 0.159454194
v 0.309222282 -0.110204703 0.169298979
v 0.290272914 -0.134308592 0.190486689
v 0.273331563 -0.156938707 0.210227162
v 0.25845876 -0.173034324 0.237376068
v 0.242615777 -0.19069744 0.265684112
v 0.226227331 -0.21005502 0.292875539
v 0.218594496 -0.233839756 0.320144918
v 0.206365037 -0.232336132 0.35500257
v 0.194611945 -0.229730659 0.389769184
v 0.194089432 -0.225506953 0.426383464
v 0.186876391 -0.212763564 0.460176109
v 0.191375076 -0.189954012 0.488730846
v 0.192791474 -0.167204462 0.515738113
v 0.193192432 -0.154605961 0.547722524
v 0.194078861 -0.141257 0.581384275
v 0.194736265 -0.120203783 0.612175202
v 0.193777239 -0.0928705877 0.637192643
v 0.197906582 -0.0677393105 0.663979743
v 0.188208125 -0.0358362344 0.685254274
v 0.186902826 -0.00393569649 0.700317295
v 0.185698941 0.0285117393 0.713677781
v 0.188808974 0.0634840318 0.715897817
v 0.193071482 0.091645091 0.695290552
v 0.184749277 0.108324568 0.665460249
v 0.192943227 0.134955922 0.64221303
v 0.208211686 0.162807878 0.621913571
v 0.220188584 0.195464844 0.607579956
v 0.233010018 0.214522758 0.577603046
v 0.244793303 0.223528978 0.542821202
v 0.260265495 0.228422666 0.511182867
v 0.270952707 0.244917697 0.482859221
v 0.292655823 0.264199647 0.462609759
v 0.309402297 0.278312268 0.434311899
v 0.325941687 0.280435466 0.402637448
v 0.344316517 0.288071226 0.372526762
v 0.357303015 0.274781471 0.340654847
v 0.373301273 0.270420391 0.307366808
v 0.374323836 0.252985149 0.274487942
v 0.369969169 0.221609582 0.254088306
v 0.364303022 0.192757638 0.233334098
v 0.363175109 0.160533995 0.222096948
v 0.362480373 0.131917794 0.200955615
v 0.357013656 0.0990355205 0.185638738
v 0.351584544 0.064615033 0.174568572
v 0.342432754 0.0289700923 0.174627314
v 0.335204517 -0.00576733621 0.166346793
v 0.329735392 -0.0415925525 0.160831141
v 0.317964018 -0.0760141656 0.15812581
v 0.300855568 -0.105409022 0.171866169
v 0.28103496 -0.130887497 0.188017363
v 0.268289577 -0.149162495 0.214106362
v 0.249819143 -0.169865757 0.235677894
v 0.2346095 -0.191562464 0.262116138
v 0.220012131 -0.213987969 0.288625496
v 0.211014524 -0.233120301 0.319194845
v 0.204468078 -0.224909469 0.354821787
v 0.198631733 -0.221169715 0.390434326
v 0.19090528 -0.215875146 0.425065194
v 0.185599389 -0.204173025 0.458365861
v 0.184221149 -0.186562632 0.489226535
v 0.184844359 -0.167920621 0.518589922
v 0.187166749 -0.1594679 0.552274257
v 0.185401121 -0.13808335 0.582571063
v 0.187030979 -0.122722764 0.617345426
v 0.184806448 -0.0915400235 0.638023532
v 0.190063173 -0.0681778367 0.667382366
v 0.179823828 -0.0347272734 0.68499152
v 0.178872455 -0.00176747109 0.697139761
v 0.176830471 0.0296368585 0.712897338
v 0.178041628 0.0656520775 0.715571368
v 0.182350103 0.0980462972 0.699916725
v 0.175848502 0.116744623 0.669407126
v 0.191905444 0.142649365 0.64889505
v 0.201114048 0.167411348 0.622374199
v 0.214845463 0.195192713 0.601408949
v 0.227430394 0.214811835 0.571673007
v 0.241175127 0.219217806 0.536966668
v 0.254430358 0.232047694 0.50692584
v 0.268655399 0.252882107 0.483060488
v 0.289976693 0.273712026 0.46145481
v 0.307864425 0.290268681 0.433285648
v 0.320333218 0.289930256 0.398405559
v 0.33875761 0.290639177 0.366230689
v 0.354184664 0.277664757 0.335330081
v 0.368466571 0.27169243 0.301866323
v 0.367977459 0.249612694 0.272402788
v 0.363354662 0.219819238 0.25122205
v 0.358398619 0.18782399 0.2361319
v 0.356284571 0.159615784 0.216018276
v 0.360169489 0.13328083 0.190814624
v 0.349751622 0.0995495218 0.176357122
v 0.348953038 0.0642659416 0.16307865
v 0.334102444 0.0303395863 0.169834533
v 0.328497413 -0.00550704238 0.161330998
v 0.321285024 -0.0407863711 0.156919904
v 0.309703184 -0.0748198813 0.153855285
v 0.292853859 -0.102570212 0.169205064
v 0.273461591 -0.124522925 0.189418299
v 0.260858035 -0.14155686 0.217207857
v 0.242363514 -0.162707426 0.239858386
v 0.224394698 -0.188345198 0.261914996
v 0.211225609 -0.21604951 0.284607174
v 0.202977408 -0.233578943 0.317392018
v 0.197733813 -0.222898981 0.353709831
v 0.19138314 -0.218075772 0.389330741
v 0.185239852 -0.210419675 0.423289734
v 0.178259847 -0.204152413 0.45752142
v 0.17509051 -0.188825935 0.489464783
v 0.173787453 -0.170682263 0.519998693
v 0.176157598 -0.158613986 0.553656564
v 0.176346587 -0.135303836 0.582849607
v 0.179327825 -0.124672936 0.619371356
v 0.177865605 -0.0933834553 0.640649204
v 0.182688775 -0.0686127108 0.669656428
v 0.173181701 -0.0355378315 0.689613954
v 0.171031134 -0.00245999703 0.700694727
v 0.169892173 0.0330891086 0.70682631
v 0.166456484 0.0691344799 0.717305967
v 0.17307993 0.104833545 0.707291757
v 0.173789272 0.126295502 0.676550426
v 0.183602167 0.144590461 0.645412198
v 0.198326888 0.173707404 0.627483314
v 0.206669929 0.198217471 0.600889468
v 0.222476327 0.208937683 0.568977868
v 0.233191193 0.219906012 0.535485136
v 0.247088224 0.236828508 0.507852391
v 0.265078627 0.260346761 0.488072441
v 0.28264508 0.281655558 0.461675679
v 0.29977329 0.298261014 0.431477941
v 0.319632389 0.300063076 0.398886854
v 0.331824971 0.288652102 0.364619642
v 0.352967473 0.284602733 0.334269549
v 0.362427593 0.276552855 0.299968549
v 0.361064893 0.250964771 0.274316662
v 0.356558529 0.223777255 0.25079024
v 0.352229917 0.194040026 0.231402236
v 0.352454926 0.166817875 0.208558387
v 0.351591837 0.137458288 0.185210744
v 0.349918649 0.103542875 0.166334997
v 0.342126496 0.0671178984 0.156475431
v 0.326714947 0.033164161 0.166430216
v 0.32047342 -0.00374563453 0.158657742
v 0.313317381 -0.0385665921 0.152431849
v 0.301409115 -0.0722574793 0.151550464
v 0.284983317 -0.101741345 0.164051688
v 0.263710921 -0.117708154 0.188253596
v 0.248899073 -0.137826789 0.214291239
v 0.231408922 -0.160317967 0.237554398
v 0.215985447 -0.189165418 0.257625174
v 0.20331576 -0.214991266 0.283078273
v 0.195765685 -0.232246976 0.316714396
v 0.190532707 -0.222624026 0.35384836
v 0.184353992 -0.215527553 0.389219617
v 0.179181086 -0.206524238 0.422742653
v 0.170431225 -0.202179391 0.457577902
v 0.164088839 -0.189640744 0.491474257
v 0.166867529 -0.179131928 0.526586636
v 0.165785995 -0.158370088 0.557117503
v 0.168602975 -0.133370733 0.584727373
v 0.172197716 -0.124333234 0.621356241
v 0.176521906 -0.0970077241 0.647160168
v 0.175384128 -0.0682741371 0.672306912
v 0.167513198 -0.0331770759 0.683653966
v 0.167604355 0.0011146996 0.69224549
v 0.159190589 0.0352472329 0.704758853
v 0.154412503 0.0717722778 0.717827127
v 0.161142963 0.108194603 0.706581977
v 0.166309078 0.121759241 0.670748862
v 0.180165436 0.151101782 0.650119101
v 0.192232456 0.170958316 0.62116659
v 0.206766523 0.191840337 0.594590602
v 0.217068935 0.207549415 0.563204353
v 0.227548701 0.227226278 0.53446095
v 0.241290838 0.245986965 0.507175683
v 0.258730248 0.268540472 0.484253327
v 0.278522756 0.291035603 0.459546805
v 0.295076412 0.305469758 0.427170842
v 0.314855528 0.304161452 0.393743087
v 0.326934288 0.288591517 0.359783141
v 0.348438576 0.287108512 0.328853698
v 0.356249788 0.276092712 0.295550297
v 0.355227797 0.249819943 0.270591266
v 0.350821897 0.225626499 0.243596279
v 0.351721245 0.197744182 0.219864352
v 0.35530187 0.169233586 0.197003677
v 0.352107245 0.138697691 0.174799134
v 0.344611918 0.104050877 0.158835276
v 0.335796313 0.0674054498 0.150664978
v 0.319956668 0.0332206706 0.161386786
v 0.312248946 -0.0040010521 0.156076171
v 0.307370583 -0.038099564 0.145982354
v 0.293863425 -0.0712431652 0.147136876
v 0.276850519 -0.102640171 0.157086726
v 0.256982877 -0.12501414 0.179213214
v 0.237591093 -0.139812133 0.207537673
v 0.221518703 -0.156717877 0.236852632
v 0.211981552 -0.183440651 0.262254782
v 0.196905866 -0.210733348 0.284633213
v 0.188493411 -0.230710207 0.316282997
v 0.184134948 -0.225631327 0.354086037
v 0.182553737 -0.222212351 0.390199458
v 0.174145314 -0.212079842 0.423012382
v 0.161639804 -0.205681696 0.45776713
v 0.162645676 -0.200776908 0.495716898
v 0.156244661 -0.184549079 0.529543267
v 0.156220746 -0.157863777 0.55668882
v 0.161632323 -0.135403559 0.586465705
v 0.164994759 -0.120861259 0.620855803
v 0.169714782 -0.0989621665 0.650800329
v 0.167703095 -0.0678357497 0.671626868
v 0.159269683 -0.0302128333 0.678114908
v 0.159631331 0.00558222357 0.685044155
v 0.147949826 0.0372912346 0.702628718
v 0.144093982 0.0747855492 0.714918556
v 0.151796581 0.112599197 0.707776645
v 0.158061805 0.125978279 0.671108193
v 0.172202836 0.154020798 0.647520057
v 0.190404991 0.178448909 0.626287512
v 0.200178777 0.196793914 0.596434416
v 0.208776219 0.209276835 0.563029352
v 0.22124876 0.234941838 0.53964009
v 0.237450831 0.255919185 0.513899538
v 0.252704285 0.277501371 0.487250497
v 0.271319097 0.296594701 0.459067674
v 0.287626371 0.306082727 0.424741517
v 0.308510683 0.306901148 0.39156767
v 0.322382464 0.293227949 0.357058699
v 0.34442587 0.292485764 0.326535398
v 0.353140066 0.28186123 0.293584376
v 0.350374916 0.255224766 0.268025997
v 0.348555361 0.234031812 0.236790698
v 0.354723191 0.207001061 0.211030379
v 0.350011412 0.176356307 0.189239643
v 0.343476956 0.141963275 0.174249605
v 0.341971963 0.104166743 0.167013984
v 0.328569084 0.0703607341 0.154491712
v 0.312649329 0.0350820601 0.157491125
v 0.309876644 -0.00168073374 0.14837718
v 0.299229557 -0.0356546928 0.144648428
v 0.28548307 -0.0696879525 0.142682153
v 0.266360618 -0.101973995 0.151743816
v 0.247225389 -0.129435923 0.171087469
v 0.226637324 -0.13910233 0.202160937
v 0.213222189 -0.157848731 0.232852002
v 0.203977821 -0.180832274 0.261713536
v 0.193448988 -0.204381463 0.289189084
v 0.181632699 -0.227607436 0.316756298
v 0.17716379 -0.223798994 0.353936547
v 0.174624432 -0.220729692 0.389944274
v 0.166378073 -0.216504501 0.424843386
v 0.156383814 -0.21337489 0.462151614
v 0.158664564 -0.20950104 0.501497109
v 0.158724284 -0.192017128 0.536298647
v 0.159093591 -0.162861392 0.562369771
v 0.155217466 -0.137172544 0.590452955
v 0.159893779 -0.114036914 0.619231553
v 0.162114337 -0.0974938117 0.652141995
v 0.159764141 -0.0662425752 0.671560859
v 0.147098835 -0.0300608191 0.679849562
v 0.147957946 0.0075744033 0.680849433
v 0.137303519 0.0387348362 0.700849797
v 0.135775489 0.0769923276 0.710626453
v 0.143045481 0.115516883 0.707364785
v 0.152105377 0.132567252 0.672612408
v 0.165529558 0.159869009 0.647502975
v 0.185102741 0.175435786 0.620247498
v 0.193305447 0.196919738 0.592158671
v 0.201319132 0.214246321 0.559395089
v 0.213382216 0.244673865 0.539626786
v 0.227892433 0.263226567 0.509503087
v 0.246537409 0.284859947 0.484003704
v 0.265894093 0.298351881 0.453479604
v 0.282076379 0.306862096 0.419217868
v 0.30342207 0.304135598 0.386635639
v 0.317566453 0.292806848 0.352002429
v 0.339514694 0.292618043 0.321831738
v 0.348138426 0.282581026 0.288282614
v 0.344416077 0.25605704 0.261264411
v 0.350966002 0.238714098 0.226428587
v 0.348631451 0.209471038 0.200586978
v 0.350925774 0.176923089 0.179059007
v 0.348189517 0.140197188 0.167386696
v 0.33665669 0.104649248 0.159432319
v 0.320515625 0.0704098775 0.158867744
v 0.311796896 0.0346406076 0.149166245
v 0.303794177 -0.00118935767 0.141994306
v 0.289479491 -0.0342236087 0.144793061
v 0.275794885 -0.0686188594 0.137975949
v 0.25781216 -0.103734506 0.143916937
v 0.238375093 -0.132147151 0.163704504
v 0.219264128 -0.143266371 0.196367239
v 0.205021589 -0.158207009 0.230054941
v 0.195100605 -0.17945526 0.26021781
v 0.185515124 -0.205382203 0.285401709
v 0.175172418 -0.224156385 0.316106221
v 0.168850614 -0.22368348 0.352648808
v 0.164445471 -0.219291744 0.388870594
v 0.158732594 -0.223785982 0.425349527
v 0.153248172 -0.222507621 0.464330041
v 0.14950621 -0.208636812 0.501605413
v 0.151632399 -0.195436334 0.53883815
v 0.151515679 -0.163148201 0.562638538
v 0.154871186 -0.14334973 0.595775208
v 0.152719408 -0.117526769 0.621795032
v 0.154750103 -0.0985708838 0.653284118
v 0.150400692 -0.0664295003 0.671659509
v 0.134534404 -0.0278696897 0.682315214
v 0.137495405 0.0104064229 0.675831132
v 0.12819048 0.0405064197 0.69855659
v 0.13031702 0.079199886 0.70357748
v 0.134139348 0.117952147 0.705033178
v 0.150315962 0.140367271 0.676964118
v 0.169134653 0.164906412 0.653441304
v 0.179621313 0.181422894 0.622292521
v 0.188700228 0.190830544 0.587625
v 0.192422045 0.219498951 0.561010292
v 0.20492066 0.252629454 0.543511926
v 0.221643096 0.271858342 0.513372687
v 0.239069432 0.288978187 0.482741618
v 0.260571982 0.292649568 0.450760804
v 0.275571286 0.301418767 0.416486009
v 0.296183777 0.302382048 0.384161039
v 0.313983974 0.298795893 0.350529112
v 0.33520374 0.299125327 0.320075281
v 0.34032572 0.286453296 0.286045731
v 0.337011922 0.26068159 0.256638147
v 0.34797424 0.246784881 0.220175009
v 0.348401292 0.216932626 0.193583921
v 0.343544845 0.180769269 0.176505888
v 0.341564956 0.143822219 0.162914738
v 0.328318587 0.108958844 0.156322902
v 0.318995373 0.073086391 0.150394575
v 0.305490034 0.0384224982 0.144914368
v 0.29430275 0.00295722601 0.143380566
v 0.279266934 -0.0309544738 0.140452399
v 0.265817949 -0.0665761753 0.142456502
v 0.248427739 -0.10289637 0.139474895
v 0.229618434 -0.132001769 0.159508995
v 0.215181971 -0.150105243 0.192295594
v 0.196779502 -0.158626913 0.227119409
v 0.18754685 -0.18214114 0.255747268
v 0.177448965 -0.204799955 0.283531595
v 0.167902201 -0.221972681 0.315492091
v 0.158930215 -0.226226143 0.351904358
v 0.155487608 -0.22724794 0.389536475
v 0.148306614 -0.221704977 0.42660311
v 0.145218841 -0.220072389 0.465737831
v 0.145675601 -0.201985855 0.501087827
v 0.144135344 -0.193974016 0.540052108
v 0.144633438 -0.163618786 0.566359932
v 0.150103443 -0.146969919 0.600935781
v 0.151549301 -0.122356388 0.627516162
v 0.147889223 -0.0997646595 0.657162875
v 0.139895438 -0.0643733401 0.670461768
v 0.122661344 -0.02699118 0.682052915
v 0.128071072 0.0115028041 0.672173272
v 0.120501138 0.042734426 0.694911865
v 0.125467009 0.0813411351 0.695092275
v 0.126496945 0.11953999 0.698622309
v 0.144124928 0.14665072 0.677791195
v 0.161088852 0.166567281 0.6502946
v 0.17234163 0.178212711 0.616965168
v 0.180329835 0.190649316 0.582081374
v 0.1921775 0.214599757 0.55172144
v 0.200851312 0.250067277 0.534290907
v 0.216279696 0.27889028 0.511036566
v 0.234427997 0.288159304 0.476180649
v 0.257847678 0.285864961 0.445296829
v 0.276416809 0.292795982 0.413061363
v 0.292255118 0.298204786 0.379205364
v 0.311382394 0.305895751 0.347556118
v 0.327895025 0.302764396 0.313972955
v 0.331824869 0.286869494 0.280037288
v 0.331223553 0.261822599 0.249209172
v 0.343311925 0.247888007 0.212959363
v 0.34105212 0.213978188 0.190994901
v 0.341532056 0.179965265 0.168447422
v 0.338139717 0.142929215 0.154492067
v 0.331945538 0.106789461 0.147849084
v 0.321257447 0.0713722199 0.142384458
v 0.311396534 0.0350250596 0.138544349
v 0.293307013 0.00239446484 0.131439044
v 0.28572537 -0.0351952292 0.130902994
v 0.263332959 -0.0669663563 0.132514273
v 0.243104649 -0.0988937147 0.145428475
v 0.221286021 -0.129756819 0.15777114
v 0.207219634 -0.15147985 0.188608517
v 0.189374679 -0.161383027 0.223273681
v 0.182410507 -0.186558187 0.250722937
v 0.17013902 -0.203623651 0.281213127
v 0.15937838 -0.221177138 0.314013647
v 0.147786664 -0.22836214 0.350710932
v 0.144281463 -0.231482192 0.389434227
v 0.139090282 -0.219698675 0.426303608
v 0.139024408 -0.215688781 0.465217348
v 0.1397484 -0.196363784 0.499463027
v 0.137118628 -0.189703708 0.538139039
v 0.137194175 -0.1613159 0.565377083
v 0.1464633 -0.141721571 0.596808922
v 0.143907657 -0.123889695 0.628516722
v 0.139507001 -0.10192786 0.660024039
v 0.12896652 -0.0651897081 0.672192279
v 0.127101769 -0.0260398721 0.673589027
v 0.120479595 0.0140276011 0.669028073
v 0.11186383 0.0451813746 0.693142489
v 0.115650794 0.0834478536 0.691683419
v 0.118939193 0.121023889 0.692587915
v 0.136607368 0.149632618 0.675054318
v 0.154700059 0.174020537 0.652239356
v 0.172293227 0.18821874 0.621832293
v 0.176479838 0.199707259 0.585259951
v 0.183965245 0.217516651 0.549734371
v 0.195887019 0.254808412 0.539025148
v 0.208573725 0.278558847 0.508715306
v 0.229638828 0.281558258 0.473878993
v 0.250727763 0.28159169 0.441272497
v 0.268191693 0.294363665 0.410937981
v 0.286332751 0.302867639 0.378618892
v 0.303726057 0.311483606 0.345416939
v 0.319559302 0.310052962 0.310345663
v 0.32213681 0.289727739 0.277574175
v 0.326153213 0.267149707 0.245485613
v 0.336668521 0.250854416 0.21004991
v 0.335177506 0.218083687 0.186714652
v 0.333484657 0.182741828 0.166849066
v 0.333612464 0.14361214 0.162069617
v 0.324288296 0.110423801 0.148474645
v 0.313647007 0.0748230247 0.141758545
v 0.30711495 0.0380905641 0.129669529
v 0.285917065 0.00561436802 0.12216628
v 0.275575361 -0.031837319 0.127017332
v 0.254806575 -0.0647038039 0.13373155
v 0.242389808 -0.0960247892 0.153806112
v 0.214950981 -0.123494389 0.161546996
v 0.198802598 -0.147930074 0.187997268
v 0.181513488 -0.161896996 0.220395912
v 0.174699037 -0.186254787 0.248308383
v 0.162122014 -0.201570707 0.280092147
v 0.149856104 -0.220992004 0.312913509
v 0.13732214 -0.231403888 0.349932004
v 0.134084292 -0.232764306 0.389770534
v 0.131188263 -0.219501911 0.427423268
v 0.131011343 -0.213804096 0.466351567
v 0.130209718 -0.196992644 0.501272841
v 0.132104126 -0.182534015 0.536906651
v 0.13096989 -0.162700633 0.569797727
v 0.141762412 -0.146409718 0.602127593
v 0.136054941 -0.119165508 0.626695358
v 0.129865255 -0.100821236 0.660911323
v 0.13023722 -0.0655708863 0.682124025
v 0.125762841 -0.0260158376 0.665530841
v 0.112006739 0.0126810224 0.669088236
v 0.105480859 0.0485884874 0.687014463
v 0.106179325 0.0860543231 0.693287172
v 0.112193626 0.12239654 0.687108462
v 0.129139332 0.153779814 0.672830993
v 0.145860206 0.180608675 0.65034261
v 0.163477444 0.195069895 0.618858609
v 0.169913459 0.195174936 0.58022028
v 0.186474317 0.222043214 0.555611963
v 0.191555706 0.253769835 0.5318242
v 0.204657391 0.276552099 0.501205767
v 0.228523134 0.274752702 0.468608713
v 0.245818216 0.286376062 0.436248265
v 0.268618237 0.302177614 0.411799495
v 0.283251145 0.310312365 0.376618062
v 0.297987681 0.318922396 0.34057283
v 0.311170208 0.313763278 0.3036463
v 0.318268566 0.293726903 0.270291345
v 0.325348446 0.271055406 0.23878065
v 0.328703375 0.247550388 0.206850882
v 0.333646724 0.210861237 0.192632586
v 0.334858545 0.176371246 0.172628997
v 0.330155065 0.142467602 0.154672684
v 0.318094461 0.107700572 0.153325666
v 0.306780433 0.0715175981 0.146526376
v 0.300666901 0.039758675 0.121682045
v 0.288606314 0.00256797112 0.112063343
v 0.270959272 -0.0329872809 0.118913778
v 0.249000277 -0.0604750708 0.137954555
v 0.236090276 -0.0904703281 0.159431802
v 0.209088494 -0.117033409 0.167446457
v 0.19063941 -0.145020192 0.186424942
v 0.175460611 -0.164822719 0.215521598
v 0.166024664 -0.185437255 0.245637564
v 0.153183775 -0.198701025 0.279236785
v 0.140642489 -0.219510392 0.311914212
v 0.128234811 -0.231853978 0.349027249
v 0.125839871 -0.232362927 0.389496227
v 0.123743338 -0.217014793 0.427386859
v 0.130473427 -0.20452962 0.464315746
v 0.126600235 -0.187940505 0.498240028
v 0.131610945 -0.174852512 0.533382047
v 0.12392596 -0.159263814 0.567178522
v 0.131713294 -0.14457435 0.60129748
v 0.130567256 -0.112198702 0.621192273
v 0.135727268 -0.0952232918 0.65644445
v 0.122410616 -0.0641885144 0.679483186
v 0.119312668 -0.0253443581 0.671901074
v 0.106478318 0.013003942 0.676423164
v 0.0967213754 0.0500031475 0.688546353
v 0.0993515795 0.0873351499 0.688233945
v 0.104793681 0.124248588 0.684447092
v 0.121090327 0.15776545 0.670654186
v 0.13777609 0.188096589 0.650743266
v 0.154828439 0.200471994 0.617021768
v 0.16295707 0.198991738 0.578230045
v 0.181864488 0.228227932 0.559788971
v 0.183330252 0.250270988 0.527122577
v 0.206949051 0.26734223 0.500640188
v 0.221200822 0.274640206 0.464710213
v 0.245056565 0.292323552 0.441510459
v 0.261840145 0.3067547 0.41149466
v 0.277336787 0.317105791 0.376079176
v 0.290932669 0.325782874 0.338470969
v 0.303429313 0.318827436 0.300810915
v 0.311133324 0.296749966 0.267883625
v 0.316829105 0.268527919 0.240448088
v 0.319368114 0.243410724 0.210764811
v 0.324588929 0.207951681 0.195801539
v 0.32729159 0.178940081 0.170478824
v 0.325554188 0.147378083 0.149469767
v 0.311758565 0.112735661 0.149670161
v 0.303084044 0.0760152166 0.139296111
v 0.295872615 0.0440084775 0.115171126
v 0.280964686 0.0063292382 0.110319182
v 0.263599601 -0.029599255 0.11932846
v 0.240462381 -0.0574810498 0.137598268
v 0.226820912 -0.0852587131 0.161171056
v 0.200777588 -0.111450705 0.168605501
v 0.18484544 -0.139664779 0.188531333
v 0.167011279 -0.163479812 0.212576574
v 0.157534682 -0.179450963 0.24604266
v 0.144204572 -0.195035476 0.279236104
v 0.133385596 -0.215348893 0.312581502
v 0.120895219 -0.228815776 0.349011657
v 0.120871955 -0.225931037 0.389510202
v 0.126070415 -0.208516729 0.426376742
v 0.122709451 -0.198542953 0.464358052
v 0.117320429 -0.188446537 0.499806929
v 0.12371079 -0.175401411 0.534862402
v 0.11919974 -0.165571349 0.572079919
v 0.122303772 -0.138713222 0.599861001
v 0.123291733 -0.105056861 0.619718999
v 0.127599967 -0.0940526999 0.657293107
v 0.114152089 -0.064392086 0.68091435
v 0.110237918 -0.0233943337 0.667713045
v 0.100060626 0.0122462116 0.681557988
v 0.0974817037 0.0510722389 0.682126455
v 0.102373637 0.0875743135 0.682813017
v 0.101407715 0.125583318 0.678774537
v 0.114888493 0.162981904 0.669818908
v 0.131596039 0.194682788 0.650550308
v 0.147449921 0.199135815 0.613601642
v 0.156125799 0.198651357 0.574095696
v 0.175354477 0.224720483 0.552433529
v 0.191698436 0.244227482 0.523434121
v 0.208036885 0.261816604 0.493593885
v 0.215873993 0.277540842 0.459616531
v 0.238834043 0.295420319 0.435808824
v 0.257700439 0.315449866 0.409709893
v 0.270727743 0.323828444 0.372407854
v 0.28259194 0.328938338 0.333365764
v 0.294574981 0.315833036 0.296800198
v 0.30269828 0.295093788 0.262388696
v 0.307189732 0.266221823 0.235022042
v 0.309465724 0.237433498 0.210212862
v 0.31788381 0.206651545 0.189545548
v 0.325538622 0.18024525 0.163161143
v 0.316540728 0.146454053 0.147698148
v 0.312004378 0.108713588 0.140819391
v 0.296314191 0.0732352375 0.143026485
v 0.28849058 0.0430153155 0.116623936
v 0.274045895 0.0064145432 0.107200189
v 0.26327023 -0.0275772445 0.126929057
v 0.236607192 -0.0533417285 0.143988019
v 0.221540161 -0.0803359461 0.166221258
v 0.195733404 -0.106837592 0.171131144
v 0.180975879 -0.135535846 0.192012705
v 0.158178134 -0.16176155 0.209654688
v 0.147852269 -0.174956421 0.244998475
v 0.135910222 -0.190501392 0.279187034
v 0.126666952 -0.209236868 0.31311445
v 0.114170807 -0.221045231 0.349410849
v 0.117989943 -0.215677721 0.388897825
v 0.122147764 -0.199050316 0.425575198
v 0.121171923 -0.189085115 0.462916398
v 0.112594232 -0.181123461 0.49783115
v 0.114917704 -0.175640523 0.536092219
v 0.109867108 -0.169306758 0.575256245
v 0.116713494 -0.146107067 0.606764796
v 0.115266324 -0.109923528 0.623223534
v 0.129103014 -0.0869356832 0.652037404
v 0.107183064 -0.0621922673 0.673594785
v 0.1002422 -0.0220208668 0.667190835
v 0.094331866 0.0140476198 0.678853235
v 0.0922494875 0.0521145114 0.680353077
v 0.0981773018 0.0890547375 0.678168282
v 0.0955125187 0.127850092 0.678512424
v 0.111127949 0.163038228 0.664869733
v 0.126135111 0.197117531 0.648119908
v 0.147597624 0.206060045 0.614525327
v 0.151455106 0.205943829 0.573935689
v 0.168874306 0.232965181 0.55183667
v 0.185478167 0.237845133 0.518476556
v 0.200329976 0.263633365 0.494675627
v 0.213853331 0.283928778 0.465251789
v 0.234258847 0.304123628 0.440124328
v 0.247979094 0.3196911 0.407613001
v 0.26045132 0.324948231 0.369910958
v 0.271479339 0.328821905 0.330934031
v 0.282934225 0.317445438 0.293797453
v 0.290620635 0.292229486 0.262457921
v 0.299424339 0.25951444 0.241653694
v 0.30814429 0.231186522 0.218944021
v 0.312032453 0.202841734 0.194071362
v 0.31793022 0.182611447 0.161161181
v 0.315034908 0.150802887 0.138933089
v 0.304531529 0.113565706 0.143073025
v 0.290447537 0.0768239002 0.142172681
v 0.282219155 0.044065926 0.120516255
v 0.266563255 0.00888539009 0.109921662
v 0.258288526 -0.0237750943 0.131936511
v 0.233327643 -0.0499285387 0.149142204
v 0.216726972 -0.0776273442 0.167749132
v 0.191347737 -0.104885463 0.1716784
v 0.179034426 -0.132363864 0.197284557
v 0.149992896 -0.157684997 0.208487255
v 0.138621456 -0.176029865 0.242028974
v 0.127666607 -0.18669645 0.278861574
v 0.1205429 -0.200425682 0.315095353
v 0.106534993 -0.210732571 0.350362223
v 0.114665652 -0.203769163 0.388009169
v 0.11289395 -0.193294565 0.425766778
v 0.112841743 -0.194479123 0.46361224
v 0.109478055 -0.189881556 0.500475643
v 0.105180179 -0.177557747 0.537693178
v 0.099258347 -0.168020716 0.577191146
v 0.107894379 -0.140007303 0.604780906
v 0.113446258 -0.111249785 0.632891487
v 0.131526561 -0.0783981175 0.646523523
v 0.101712111 -0.0601861818 0.663455644
v 0.0919384023 -0.0214472393 0.664266323
v 0.0891243185 0.014886867 0.675756546
v 0.0899019176 0.0530202542 0.673235262
v 0.0904596153 0.0905772506 0.679647278
v 0.0936529978 0.129107781 0.672984602
v 0.110854002 0.16321146 0.660012739
v 0.12128933 0.19952411 0.645172553
v 0.141261015 0.208753766 0.611060666
v 0.143454942 0.207969076 0.570308199
v 0.165014284 0.227364825 0.544998653
v 0.181718478 0.245596707 0.517571306
v 0.199781385 0.271512028 0.495474988
v 0.207829469 0.291551431 0.463000806
v 0.229342263 0.31436652 0.439625702
v 0.239927112 0.324779879 0.403303652
v 0.250949459 0.325403446 0.365340618
v 0.264456202 0.319031294 0.328359643
v 0.27218667 0.310797696 0.289977806
v 0.281338971 0.283605073 0.261806392
v 0.290979067 0.257840692 0.23414779
v 0.299999972 0.226028688 0.217920116
v 0.305734001 0.2016449 0.18851883
v 0.31506769 0.185675552 0.15326535
v 0.305889977 0.148704978 0.140429657
v 0.303029027 0.110059112 0.149831719
v 0.285559212 0.0768102254 0.137542892
v 0.278625391 0.0397199847 0.127604302
v 0.257539371 0.0101016024 0.113277157
v 0.253465255 -0.0207382963 0.137154271
v 0.228699658 -0.0492736817 0.145776386
v 0.212113603 -0.0758346471 0.166007843
v 0.18616397 -0.102741067 0.172618942
v 0.174542927 -0.129028084 0.201163718
v 0.142893403 -0.154118876 0.207408625
v 0.130891495 -0.173933476 0.240447381
v 0.119597703 -0.182456991 0.278497283
v 0.113269205 -0.190899396 0.316371057
v 0.0995788944 -0.199120527 0.35126768
v 0.10416635 -0.197803032 0.389236657
v 0.102442424 -0.19499842 0.427129005
v 0.103083672 -0.199269454 0.464596932
v 0.0990561193 -0.187022277 0.50020185
v 0.096585835 -0.182628467 0.539769458
v 0.0932720142 -0.160659596 0.574280849
v 0.101282106 -0.144516511 0.610585445
v 0.103493891 -0.109360012 0.631708523
v 0.124862736 -0.0759275529 0.637834816
v 0.0958118657 -0.0574067299 0.65402246
v 0.0846717652 -0.0197949036 0.661529789
v 0.0815539527 0.0163171634 0.676191644
v 0.0813651316 0.0548501996 0.669701828
v 0.082059446 0.0927270589 0.679659459
v 0.0882311725 0.130709624 0.671198386
v 0.104750624 0.164099307 0.65794765
v 0.11547475 0.19769237 0.639311985
v 0.134292058 0.213162597 0.607763973
v 0.138599122 0.214714476 0.567934843
v 0.162606795 0.234943139 0.547275198
v 0.178955541 0.239085868 0.514013827
v 0.191382952 0.270292759 0.493578867
v 0.210108408 0.297819938 0.470877513
v 0.220908684 0.320569161 0.439834178
v 0.232531497 0.319669075 0.401603265
v 0.24381001 0.317996973 0.363998852
v 0.261364037 0.307110935 0.330730674
v 0.262429738 0.303342888 0.291938017
v 0.270553157 0.282352032 0.2603825
v 0.281589791 0.255004033 0.235977044
v 0.290945021 0.223683165 0.218838093
v 0.300930468 0.208063662 0.184401115
v 0.307647118 0.188323936 0.149166225
v 0.308194103 0.151071206 0.132953239
v 0.298207348 0.114293182 0.147918177
v 0.283012214 0.0773274338 0.145222671
v 0.269528082 0.04392056 0.130329108
v 0.249740578 0.013908846 0.117922668
v 0.247722017 -0.0211138284 0.13262905
v 0.222965832 -0.0480835377 0.141900352
v 0.204955595 -0.0732487395 0.163594862
v 0.179325425 -0.0998409722 0.174242159
v 0.170000198 -0.125147253 0.204740799
v 0.137534508 -0.149732273 0.207824901
v 0.125636305 -0.168569892 0.241878268
v 0.112297561 -0.176557469 0.279798514
v 0.106649893 -0.181502293 0.318329631
v 0.093644746 -0.188855853 0.352768348
v 0.102905701 -0.1875708 0.389470595
v 0.0960676464 -0.186685934 0.427062409
v 0.0923981679 -0.194602123 0.46445988
v 0.0884652986 -0.185062745 0.501520234
v 0.0875802563 -0.180921028 0.540886872
v 0.0861823692 -0.16480677 0.577996319
v 0.0961562446 -0.137619269 0.606282219
v 0.103774734 -0.101923733 0.624761477
v 0.125320828 -0.0684480277 0.630579708
v 0.0952428194 -0.0525275162 0.645687487
v 0.0768483747 -0.0179736039 0.650262423
v 0.0721376998 0.016849788 0.667357324
v 0.0691844651 0.0555417747 0.673515756
v 0.0729031418 0.0942932765 0.670376115
v 0.0834013226 0.128977734 0.656562353
v 0.0947258078 0.162035052 0.641675702
v 0.101816301 0.194799255 0.624102981
v 0.118185807 0.218447674 0.59984136
v 0.140554785 0.229917127 0.572135027
v 0.161796185 0.24896371 0.549726751
v 0.171195424 0.250032637 0.514328155
v 0.187549902 0.281642248 0.498358235
v 0.199590283 0.304193452 0.467878219
v 0.213036997 0.313061883 0.432262746
v 0.233439889 0.304318567 0.399597152
v 0.237636205 0.300437763 0.361719884
v 0.249751158 0.291049065 0.327665339
v 0.251437215 0.28901165 0.290950306
v 0.258666463 0.273910962 0.257428678
v 0.272713889 0.246230022 0.2384318
v 0.280540937 0.219465757 0.214117272
v 0.290452215 0.210517265 0.17842156
v 0.29496867 0.187121064 0.145906347
v 0.296353725 0.148736632 0.138091103
v 0.284550645 0.112201816 0.145766445
v 0.265781808 0.0769778604 0.150103371
v 0.251181505 0.0485559093 0.132003444
v 0.23555199 0.0159059243 0.127107912
v 0.244583793 -0.0158743967 0.143556133
v 0.217780897 -0.0416700724 0.14719433
v 0.196568398 -0.0689288209 0.161264096
v 0.171893802 -0.0927493502 0.177014085
v 0.161491556 -0.11539753 0.207008908
v 0.130268968 -0.137894299 0.21442581
v 0.121365024 -0.154545113 0.248982032
v 0.105267853 -0.162259534 0.284297543
v 0.0990520152 -0.166990715 0.321138365
v 0.0860759031 -0.175150052 0.353651574
v 0.090485676 -0.18215012 0.390021601
v 0.0851732191 -0.191639532 0.426522433
v 0.0824426176 -0.188408058 0.464360554
v 0.0889898918 -0.173212509 0.498720023
v 0.0830275486 -0.167869312 0.5360318
v 0.0786195336 -0.150949097 0.570449547
v 0.0844945112 -0.12563898 0.598988613
v 0.0910750474 -0.0924141889 0.617882222
v 0.116087235 -0.0639544894 0.618208226
v 0.104891396 -0.0411467368 0.643500312
v 0.0867536045 -0.0103669266 0.63551234
v 0.0740062971 0.0231518359 0.648830496
v 0.0585633881 0.0565209496 0.656732254
v 0.0610368655 0.0938507973 0.652532043
v 0.0710988533 0.125865541 0.635350486
v 0.0865371024 0.152570807 0.616826977
v 0.0963629357 0.181635331 0.600028964
v 0.117662566 0.20195462 0.581297302
v 0.123858785 0.228353238 0.559244251
v 0.152976857 0.234000046 0.541495923
v 0.152430535 0.251583956 0.511114985
v 0.171802938 0.273291564 0.488788226
v 0.185550716 0.290545161 0.458636847
v 0.20093064 0.295086916 0.425286
v 0.222259087 0.28304898 0.396985941
v 0.229165278 0.276439722 0.362198215
v 0.231740708 0.273508425 0.327871276
v 0.233484594 0.274967476 0.293045529
v 0.242409343 0.264032634 0.260473984
v 0.258364668 0.238355301 0.242584005
v 0.265975088 0.227319092 0.209485867
v 0.273612842 0.20314175 0.183307402
v 0.273364552 0.187721297 0.149530823
v 0.272217912 0.153121414 0.135788717
v 0.26033163 0.120071853 0.149016129
v 0.244877151 0.0868644402 0.142292011
v 0.230291912 0.0559678284 0.139443803
v 0.225628271 0.0225176496 0.144152014
v 0.237362387 -0.00904053415 0.157155811
v 0.211045155 -0.0339813227 0.15677886
v 0.200231598 -0.0640109234 0.174026234
v 0.170180449 -0.0790658451 0.187861022
v 0.146212025 -0.0992626596 0.206183897
v 0.124040828 -0.118240837 0.228070607
v 0.110955964 -0.134799067 0.257822272
v 0.102103826 -0.142395699 0.292489627
v 0.0919121312 -0.149076463 0.325405335
v 0.0847101485 -0.156966493 0.357866828
v 0.0794496213 -0.168068568 0.391679779
v 0.0873536462 -0.174372939 0.427252885
v 0.0740496281 -0.17304393 0.461382151
v 0.0724364858 -0.162187869 0.496369853
v 0.0769477363 -0.146154022 0.528594993
v 0.092554067 -0.132686836 0.557730949
v 0.0857994752 -0.107042067 0.58140292
v 0.0906939857 -0.0776032479 0.600710878
v 0.1031016 -0.0487974889 0.616062208
v 0.1179551 -0.0280392692 0.638679906
v 0.0968052652 -0.000442859673 0.621926287
v 0.072218783 0.0255017337 0.628213986
v 0.0561883485 0.056761297 0.63468169
v 0.0555994867 0.0924158145 0.629660413
v 0.061448787 0.123461288 0.612037124
v 0.0753407703 0.147723218 0.593052064
v 0.0940758944 0.168941274 0.577494424
v 0.113076163 0.190951061 0.561641753
v 0.122307489 0.217061274 0.543008898
v 0.153281354 0.219061696 0.530334526
v 0.164099799 0.237491376 0.504305935
v 0.175752937 0.25474677 0.477368483
v 0.176305333 0.271070457 0.446957118
v 0.193633707 0.272564604 0.417167221
v 0.212534055 0.261607332 0.390274975
v 0.218630901 0.255636566 0.357844903
v 0.217172314 0.25626898 0.325684889
v 0.222350609 0.257681556 0.292529113
v 0.229401617 0.251224981 0.259620996
v 0.244480013 0.234682752 0.232879697
v 0.260614644 0.210926125 0.214404229
v 0.252851581 0.203138417 0.181773358
v 0.253980182 0.177264801 0.159183291
v 0.246836473 0.151753675 0.137179808
v 0.238975694 0.117626302 0.138107469
v 0.223195378 0.0874772753 0.138686878
v 0.213443855 0.059191022 0.150359653
v 0.213408741 0.0273673966 0.157017913
v 0.229141729 -0.00185577286 0.168811576
v 0.203711315 -0.0261587784 0.16681841
v 0.195852075 -0.0542418155 0.186003796
v 0.169832714 -0.068468417 0.204591691
v 0.156988822 -0.0915069674 0.226208644
v 0.130709813 -0.100506893 0.245387855
v 0.113244212 -0.115082915 0.270154871
v 0.10117867 -0.124308447 0.299925611
v 0.0927879914 -0.132698001 0.330677549
v 0.0900449634 -0.141552443 0.362172315
v 0.0900334886 -0.154108977 0.394249696
v 0.0787484792 -0.157638576 0.4273602
v 0.0854251938 -0.156404035 0.461575295
v 0.0735801936 -0.140650951 0.490636987
v 0.0819317893 -0.123702936 0.519099928
v 0.103215544 -0.114477716 0.542563035
v 0.0955702052 -0.0920620409 0.5651903
v 0.0983623109 -0.0662711037 0.585357293
v 0.10281636 -0.0381532636 0.60153502
v 0.123154734 -0.0226712132 0.622151083
v 0.104531635 0.00400155053 0.63109996
v 0.0855444164 0.0316522764 0.634730382
v 0.07271599 0.0622648133 0.638377053
v 0.0721308793 0.092176506 0.622364635
v 0.0703857696 0.115898767 0.598256895
v 0.076497235 0.139145718 0.577484855
v 0.0840569039 0.1654806 0.565361866
v 0.104289173 0.186869822 0.553289534
v 0.118760824 0.210364859 0.536690009
v 0.148965875 0.212010212 0.524851807
v 0.164116509 0.224419843 0.499584392
v 0.16773471 0.238515586 0.470888837
v 0.173576815 0.249440241 0.441827551
v 0.187891793 0.251923004 0.413714391
v 0.205151931 0.244843834 0.388425472
v 0.209234146 0.243789768 0.357813513
v 0.208387737 0.246988253 0.327389076
v 0.217328483 0.247963845 0.296290396
v 0.225740644 0.242718064 0.2644863
v 0.242840932 0.227341685 0.24073098
v 0.251669181 0.202796969 0.220284197
v 0.238929723 0.19653235 0.191057029
v 0.235933199 0.17279008 0.169392525
v 0.228126123 0.15180957 0.147043008
v 0.220940831 0.121798588 0.13959233
v 0.21657713 0.09303777 0.151553494
v 0.217928382 0.0650320396 0.162423539
v 0.217942217 0.0345884312 0.168246464
v 0.225262781 0.00455503271 0.181296313
v 0.200885999 -0.0186356369 0.179291225
v 0.194966328 -0.0448049625 0.198685572
v 0.177954123 -0.0631815968 0.220650883
v 0.159394383 -0.077786225 0.242757156
v 0.139412367 -0.0908451089 0.262447339
v 0.116899321 -0.101807812 0.281146314
v 0.102357439 -0.113589538 0.306396833
v 0.0952448712 -0.124419533 0.335118276
v 0.0864500801 -0.132168883 0.364494183
v 0.083241798 -0.142778882 0.394986907
v 0.0881812087 -0.144369428 0.427368584
v 0.0918565281 -0.139384959 0.459570197
v 0.079597598 -0.122582409 0.485273385
v 0.0887373404 -0.105637899 0.510844641
v 0.109087065 -0.0976113015 0.531741993
v 0.109378045 -0.0824045016 0.558269383
v 0.11221 -0.066839125 0.585007722
v 0.112403163 -0.0416147155 0.603834858
v 0.125282767 -0.0151263637 0.615831701
v 0.114039228 0.0104095701 0.620778606
v 0.100072671 0.0375171704 0.624862521
v 0.0855939206 0.064680463 0.623779046
v 0.0835811107 0.0916003738 0.608165894
v 0.0856799648 0.120737643 0.597697571
v 0.0893789966 0.134738526 0.572182721
v 0.08777205 0.157444843 0.555143637
v 0.102198987 0.181313202 0.542559508
v 0.120735753 0.202270934 0.528867896
v 0.147434255 0.205559147 0.51412759
v 0.159860553 0.214196655 0.486955914
v 0.161550749 0.22255471 0.457959645
v 0.165533016 0.230588022 0.430567083
v 0.182258602 0.23253593 0.407182144
v 0.197653029 0.231278576 0.383017105
v 0.202972937 0.233501617 0.35465415
v 0.205193546 0.23663155 0.325601594
v 0.213542209 0.237027424 0.295786353
v 0.223624258 0.230323377 0.26666752
v 0.237785598 0.21432475 0.24402689
v 0.239367564 0.191657288 0.222030071
v 0.224867342 0.184123655 0.195822039
v 0.216214186 0.166720003 0.173803823
v 0.211772174 0.14389363 0.155821736
v 0.207461052 0.116287712 0.147828368
v 0.20411668 0.0874595251 0.149067204
v 0.205009085 0.0616540723 0.161159165
v 0.204143679 0.035592435 0.174463501
v 0.216872593 0.013778144 0.192967601
v 0.197703738 -0.0105310525 0.195540562
v 0.194382928 -0.0345770518 0.214964139
v 0.173747223 -0.0488889815 0.234096343
v 0.162872774 -0.0638367451 0.257639902
v 0.140871318 -0.0743552005 0.272499652
v 0.122319237 -0.0898650619 0.28983722
v 0.106290327 -0.103873986 0.311604352
v 0.0978385987 -0.115273376 0.338538657
v 0.0931909319 -0.122996143 0.36769838
v 0.0873525235 -0.127488661 0.397163573
v 0.0787065394 -0.127064699 0.426332608
v 0.0830504899 -0.1205811 0.455652765
v 0.0831993507 -0.102868588 0.480335688
v 0.102018705 -0.0949929896 0.501324842
v 0.110453734 -0.0812501323 0.523929107
v 0.12018777 -0.0737989462 0.550111383
v 0.117963273 -0.0591302509 0.575677618
v 0.123381875 -0.0436573361 0.601165261
v 0.122758621 -0.0137268607 0.603975289
v 0.114152828 0.0166652484 0.604504985
v 0.110927617 0.0440658005 0.6097114
v 0.103895939 0.0700038635 0.619483094
v 0.0998947554 0.0949290777 0.607228333
v 0.0906225984 0.113406136 0.587582967
v 0.0859707461 0.12657875 0.564282087
v 0.0934902542 0.148140046 0.549837915
v 0.100732015 0.17133443 0.53433319
v 0.118909193 0.190229254 0.522024334
v 0.14347849 0.191960162 0.506925607
v 0.153216206 0.198370169 0.479338293
v 0.156369635 0.202715268 0.451269971
v 0.163601168 0.208807831 0.426790375
v 0.176404728 0.214524277 0.404334502
v 0.189844696 0.219608789 0.381347366
v 0.197985964 0.224304283 0.355326825
v 0.199842535 0.228162288 0.327614958
v 0.208704965 0.226136842 0.300108588
v 0.222879948 0.217758507 0.275821525
v 0.229474456 0.201569678 0.252269367
v 0.223940815 0.184315485 0.229007956
v 0.208657126 0.179874126 0.204953937
v 0.203386433 0.16077915 0.186395531
v 0.19791909 0.143385834 0.166541298
v 0.196230961 0.118032824 0.157201467
v 0.193915248 0.0908057323 0.156332952
v 0.194208391 0.0660830056 0.16805939
v 0.198317917 0.0456996918 0.185987958
v 0.204994196 0.0248390066 0.203980552
v 0.201789354 -0.00186077124 0.214175655
v 0.184888099 -0.0209450329 0.226953681
v 0.16964873 -0.0353901896 0.24730098
v 0.161506852 -0.0499536577 0.269226365
v 0.143361028 -0.0627447726 0.284016047
v 0.12464418 -0.0792215151 0.298380426
v 0.108434446 -0.0946046781 0.317968731
v 0.0986075801 -0.10532032 0.343267614
v 0.0975245065 -0.110745096 0.372005405
v 0.0933707668 -0.11060665 0.400697646
v 0.081986902 -0.105562608 0.426031509
v 0.0802211844 -0.0990569404 0.452811554
v 0.0949801611 -0.0890294863 0.473402983
v 0.102099762 -0.078807105 0.49670153
v 0.101288087 -0.0692963347 0.521028503
v 0.109544536 -0.0645967753 0.546717093
v 0.111436944 -0.0483740061 0.570164554
v 0.112164245 -0.0378259295 0.596792954
v 0.114254768 -0.00946109334 0.59286
v 0.096001256 0.014305823 0.605560736
v 0.0924026231 0.0393981091 0.61100548
v 0.0895810514 0.0655682853 0.609951904
v 0.0894720132 0.0893428991 0.598719143
v 0.0886697228 0.106377455 0.578691838
v 0.0933024203 0.12174255 0.55837217
v 0.099037136 0.140371998 0.542045849
v 0.108517231 0.160436611 0.527798657
v 0.120811662 0.177368844 0.511118457
v 0.13789039 0.184307239 0.491348577
v 0.144656475 0.189309522 0.464538677
v 0.146008886 0.191089649 0.437998264
v 0.153172905 0.195969426 0.415798909
v 0.165985371 0.204057469 0.396298145
v 0.181032544 0.21221448 0.375965782
v 0.193336086 0.215774025 0.352318592
v 0.198944824 0.217228136 0.326039959
v 0.208221334 0.211691498 0.301501678
v 0.215165414 0.201469551 0.277448493
v 0.215106642 0.188475667 0.253675506
v 0.206620464 0.177502718 0.230472944
v 0.19514443 0.169452405 0.208197843
v 0.187929935 0.155853235 0.188194629
v 0.185634584 0.13657408 0.172087533
v 0.18465019 0.112648271 0.162667175
v 0.1827256 0.0867564253 0.162745274
v 0.179932103 0.0622132819 0.171404726
v 0.180731467 0.0406828077 0.185383545
v 0.183765356 0.0232037545 0.203770806
v 0.187419336 0.01019381 0.225928493
v 0.185596599 -0.0090316492 0.243421376
v 0.174968334 -0.0256934878 0.26097246
v 0.163281786 -0.038590014 0.279551306
v 0.149667234 -0.0543128764 0.293551003
v 0.13081683 -0.0703247811 0.30604507
v 0.112970641 -0.0842663884 0.323499952
v 0.103591935 -0.0939695743 0.347658471
v 0.101707109 -0.0959139138 0.375700092
v 0.096027615 -0.0911625606 0.402691157
v 0.0870357466 -0.0840630416 0.426274757
v 0.0829813961 -0.0783370918 0.450140383
v 0.0843905491 -0.0750760991 0.474314898
v 0.0880057312 -0.0762521227 0.498455954
v 0.0884938849 -0.0726607107 0.522916981
v 0.0957564129 -0.0678531777 0.546996083
v 0.0984148807 -0.0563509869 0.571076947
v 0.0978324359 -0.0367111014 0.589404307
v 0.0981824784 -0.011209466 0.598742744
v 0.0782233934 0.0146425579 0.602317288
v 0.0765820365 0.0384915122 0.604537459
v 0.0783272267 0.062500861 0.599971419
v 0.0841690428 0.0835339582 0.588625163
v 0.0909529934 0.0991645302 0.571055694
v 0.0995250774 0.114076382 0.55361527
v 0.106240673 0.129964252 0.537095032
v 0.113223044 0.145697029 0.520488894
v 0.122180909 0.15991593 0.503100545
v 0.134852767 0.166840248 0.483260756
v 0.142285834 0.171560596 0.458909578
v 0.153901355 0.174792932 0.437983168
v 0.160071034 0.180481773 0.418120652
v 0.169612052 0.18962229 0.398720495
v 0.177260605 0.200232561 0.376088063
v 0.189058569 0.205383671 0.353655865
v 0.193772225 0.205785561 0.328846177
v 0.198260165 0.199042045 0.305149203
v 0.198608725 0.191751034 0.281383534
v 0.195831596 0.185409295 0.257762709
v 0.189553943 0.178358687 0.235366298
v 0.181754674 0.168521357 0.215171109
v 0.177229518 0.155069622 0.196711345
v 0.175784941 0.137125965 0.181470545
v 0.174726182 0.114765585 0.172638003
v 0.172311951 0.0904517953 0.173334474
v 0.168061875 0.0678860309 0.1825671
v 0.16531862 0.0481876145 0.195694325
v 0.164790239 0.0314353213 0.211404386
v 0.165806656 0.0125112746 0.224983948
v 0.167515131 -0.00307232724 0.24288923
v 0.161256131 -0.0183213349 0.26041135
v 0.152098445 -0.0313910181 0.277789212
v 0.142018004 -0.0437964033 0.295225778
v 0.132018243 -0.0589462789 0.313766777
v 0.117471265 -0.0728275634 0.331380657
v 0.110577903 -0.0817943607 0.354555267
v 0.106253119 -0.0798345727 0.381012329
v 0.104541636 -0.0737897046 0.407155787
v 0.102829096 -0.0712307545 0.430955222
v 0.0996046863 -0.0691356672 0.452767424
v 0.0967351755 -0.0654447701 0.47460407
v 0.0944927404 -0.0649923971 0.497411987
v 0.0920118795 -0.0605370744 0.519952362
v 0.0911437146 -0.0542086274 0.54260713
v 0.085148771 -0.0468048861 0.564887488
v 0.0810502597 -0.0308974478 0.583601125
v 0.0800111545 -0.00880752475 0.595537649
v 0.361417295 -0.100060037 0.2287597
v 0.328536878 -0.112988752 0.246983396
v 0.312735361 -0.147369857 0.261649115
v 0.302050398 -0.182316866 0.284073057
v 0.297900804 -0.211867759 0.313940749
v 0.27735245 -0.215854195 0.350792329
v 0.281561779 -0.237546163 0.387162553
v 0.254569275 -0.220571378 0.415583656
v 0.252784456 -0.229952214 0.456619015
v 0.245334656 -0.214066707 0.496252498
v 0.238715907 -0.191283405 0.532145338
v 0.381025639 -0.0732992214 0.204112744
v 0.37285294 -0.0806030091 0.269588717
v 0.343731819 -0.099610523 0.288479613
v 0.323432149 -0.131108035 0.306847936
v 0.311507083 -0.16182871 0.333568895
v 0.298740641 -0.171717656 0.372623481
v 0.304900418 -0.193779029 0.408588081
v 0.28032519 -0.177606682 0.439305642
v 0.27798018 -0.180123373 0.482073134
v 0.269851771 -0.15322102 0.514758118
v 0.230880232 -0.15548043 0.553122377
v 0.380973477 -0.0339150643 0.206715203
v 0.400718137 -0.0577150402 0.250397565
v 0.390385953 -0.0706386247 0.312655278
v 0.374549752 -0.101715542 0.331090097
v 0.356250067 -0.134558397 0.351679363
v 0.344796859 -0.149803095 0.389384764
v 0.338922314 -0.15821082 0.430847589
v 0.324058668 -0.152404366 0.46983706
v 0.31395604 -0.128014253 0.504070069
v 0.288973416 -0.138410906 0.549294423
v 0.253252037 -0.124886943 0.57194292
v 0.401061778 0.000388755171 0.211141812
v 0.402018553 -0.0182187214 0.253397165
v 0.388965742 -0.0330216068 0.297794371
v 0.38627879 -0.0486670954 0.358224953
v 0.376624765 -0.0835638335 0.375789666
v 0.364096914 -0.103996884 0.409687612
v 0.349275842 -0.107027327 0.44942258
v 0.346915514 -0.0939072321 0.489963895
v 0.327560341 -0.103665218 0.535798947
v 0.300814714 -0.103357622 0.568304611
v 0.267159552 -0.100915305 0.598357323
v 0.418014932 0.0340185092 0.215473095
v 0.421409924 0.0141905644 0.260823734
v 0.409725477 -0.000109485806 0.306822954
v 0.397159729 -0.0125513421 0.349408916
v 0.387859784 -0.0282178827 0.401679012
v 0.380027416 -0.0563582693 0.428564983
v 0.373214256 -0.0526940113 0.468748352
v 0.352623934 -0.0580927048 0.509942038
v 0.342476041 -0.0721683187 0.551698436
v 0.304896377 -0.0716777213 0.585203702
v 0.27851408 -0.080362429 0.62719309
v 0.4155723 0.0779992187 0.212573929
v 0.433874905 0.0546678493 0.255069197
v 0.429116219 0.0361857181 0.303334704
v 0.418179012 0.0210996326 0.351654694
v 0.398387063 0.00905960101 0.398086029
v 0.384976468 -0.00578351795 0.44591963
v 0.376337338 -0.0218848417 0.494451305
v 0.360393636 -0.0352976583 0.541920317
v 0.339248373 -0.047371449 0.587644643
v 0.304843727 -0.0517981996 0.626139649
v 0.266764167 -0.049769486 0.661271715
v 0.435091568 0.123327026 0.202787231
v 0.442016107 0.103496435 0.253742999
v 0.424609542 0.0849886532 0.302714988
v 0.428852031 0.0637600558 0.362758476
v 0.409031083 0.0341604522 0.42618238
v 0.401781236 0.0377735818 0.463771084
v 0.394288633 0.0145544575 0.495524154
v 0.375339955 0.00211640627 0.554751722
v 0.349516195 -0.00943451114 0.610949053
v 0.317706164 -0.0182243977 0.656065333
v 0.283249068 -0.0255178104 0.699477768
v 0.448795576 0.163192639 0.222809984
v 0.438281995 0.14019884 0.281380456
v 0.410594336 0.108883026 0.340115436
v 0.425127382 0.0785982026 0.405705733
v 0.413035708 0.0882757297 0.441652706
v 0.409123925 0.0844163932 0.48021395
v 0.390339667 0.0684895608 0.512115066
v 0.389922187 0.0407050867 0.543334743
v 0.36360245 0.0309731544 0.597782869
v 0.318236685 0.023927109 0.64467466
v 0.292000949 0.0170694901 0.70143323
v 0.44977134 0.186425541 0.263109444
v 0.412840144 0.155315938 0.318362786
v 0.420172093 0.120764354 0.382315202
v 0.418502358 0.134343819 0.419150789
v 0.405759073 0.13932391 0.455862877
v 0.384385523 0.127410078 0.486559524
v 0.387154399 0.115558002 0.525267905
v 0.361616389 0.0959525054 0.552518003
v 0.372526968 0.0698202308 0.584038136
v 0.345325791 0.0572812861 0.637143506
v 0.294137926 0.0530397938 0.674868568
v 0.413770521 0.187271162 0.293147583
v 0.404574587 0.163636967 0.361014302
v 0.415108684 0.176866117 0.396662647
v 0.38873605 0.180307965 0.425160463
v 0.36310338 0.168032696 0.45250137
v 0.342935203 0.155256745 0.48375103
v 0.351710908 0.150718036 0.523229405
v 0.346637085 0.143272485 0.56250807
v 0.326449151 0.115458612 0.589094976
v 0.344568323 0.0969716247 0.622589192
v 0.290919014 0.0725537829 0.637063721
v 0.396404726 0.200236699 0.331014947
v 0.38336893 0.218070723 0.363942869
v 0.379053413 0.219366821 0.402698248
v 0.359854087 0.223877653 0.436540568
v 0.327976074 0.205649918 0.450960217
v 0.320794835 0.1997195 0.48933087
v 0.336533192 0.198185809 0.527010399
v 0.323078888 0.18622637 0.562831552
v 0.306416524 0.165702534 0.595718487
v 0.312023287 0.154156389 0.637106394
v 0.296238993 0.11467308 0.637052946
f 1 2 49
f 2 50 49
f 2 3 50
f 3 51 50
f 3 4 51
f 4 52 51
f 4 5 52
f 5 53 52
f 5 6 53
f 6 54 53
f 6 7 54
f 7 55 54
f 7 8 55
f 8 56 55
f 8 9 56
f 9 57 56
f 9 10 57
f 10 58 57
f 10 11 58
f 11 59 58
f 11 12 59
f 12 60 59
f 12 13 60
f 13 61 60
f 13 14 61
f 14 62 61
f 14 15 62
f 15 63 62
f 15 16 63
f 16 64 63
f 16 17 64
f 17 65 64
f 17 18 65
f 18 66 65
f 18 19 66
f 19 67 66
f 19 20 67
f 20 68 67
f 20 21 68
f 21 69 68
f 21 22 69
f 22 70 69
f 22 23 70
f 23 71 70
f 23 24 71
f 24 72 71
f 24 25 72
f 25 73 72
f 25 26 73
f 26 74 73
f 26 27 74
f 27 75 74
f 27 28 75
f 28 76 75
f 28 29 76
f 29 77 76
f 29 30 77
f 30 78 77
f 30 31 78
f 31 79 78
f 31 32 79
f 32 80 79
f 32 33 80
f 33 81 80
f 33 34 81
f 34 82 81
f 34 35 82
f 35 83 82
f 35 36 83
f 36 84 83
f 36 37 84
f 37 85 84
f 37 38 85
f 38 86 85
f 38 39 86
f 39 87 86
f 39 40 87
f 40 88 87
f 40 41 88
f 41 89 88
f 41 42 89
f 42 90 89
f 42 43 90
f 43 91 90
f 43 44 91
f 44 92 91
f 44 45 92
f 45 93 92
f 45 46 93
f 46 94 93
f 46 47 94
f 47 95 94
f 47 48 95
f 48 96 95
f 48 1 96
f 1 49 96
f 49 50 97
f 50 98 97
f 50 51 98
f 51 99 98
f 51 52 99
f 52 100 99
f 52 53 100
f 53 101 100
f 53 54 101
f 54 102 101
f 54 55 102
f 55 103 102
f 55 56 103
f 56 104 103
f 56 57 104
f 57 105 104
f 57 58 105
f 58 106 105
f 58 59 106
f 59 107 106
f 59 60 107
f 60 108 107
f 60 61 108
f 61 109 108
f 61 62 109
f 62 110 109
f 62 63 110
f 63 111 110
f 63 64 111
f 64 112 111
f 64 65 112
f 65 113 112
f 65 66 113
f 66 114 113
f 66 67 114
f 67 115 114
f 67 68 115
f 68 116 115
f 68 69 116
f 69 117 116
f 69 70 117
f 70 118 117
f 70 71 118
f 71 119 118
f 71 72 119
f 72 120 119
f 72 73 120
f 73 121 120
f 73 74 121
f 74 122 121
f 74 75 122
f 75 123 122
f 75 76 123
f 76 124 123
f 76 77 124
f 77 125 124
f 77 78 125
f 78 126 125
f 78 79 126
f 79 127 126
f 79 80 127
f 80 128 127
f 80 81 128
f 81 129 128
f 81 82 129
f 82 130 129
f 82 83 130
f 83 131 130
f 83 84 131
f 84 132 131
f 84 85 132
f 85 133 132
f 85 86 133
f 86 134 133
f 86 87 134
f 87 135 134
f 87 88 135
f 88 136 135
f 88 89 136
f 89 137 136
f 89 90 137
f 90 138 137
f 90 91 138
f 91 139 138
f 91 92 139
f 92 140 139
f 92 93 140
f 93 141 140
f 93 94 141
f 94 142 141
f 94 95 142
f 95 143 142
f 95 96 143
f 96 144 143
f 96 49 144
f 49 97 144
f 97 98 145
f 98 146 145
f 98 99 146
f 99 147 146
f 99 100 147
f 100 148 147
f 100 101 148
f 101 149 148
f 101 102 149
f 102 150 149
f 102 103 150
f 103 151 150
f 103 104 151
f 104 152 151
f 104 105 152
f 105 153 152
f 105 106 153
f 106 154 153
f 106 107 154
f 107 155 154
f 107 108 155
f 108 156 155
f 108 109 156
f 109 157 156
f 109 110 157
f 110 158 157
f 110 111 158
f 111 159 158
f 111 112 159
f 112 160 159
f 112 113 160
f 113 161 160
f 113 114 161
f 114 162 161
f 114 115 162
f 115 163 162
f 115 116 163
f 116 164 163
f 116 117 164
f 117 165 164
f 117 118 165
f 118 166 165
f 118 119 166
f 119 167 166
f 119 120 167
f 120 168 167
f 120 121 168
f 121 169 168
f 121 122 169
f 122 170 169
f 122 123 170
f 123 171 170
f 123 124 171
f 124 172 171
f 124 125 172
f 125 173 172
f 125 126 173
f 126 174 173
f 126 127 174
f 127 175 174
f 127 128 175
f 128 176 175
f 128 129 176
f 129 177 176
f 129 130 177
f 130 178 177
f 130 131 178
f 131 179 178
f 131 132 179
f 132 180 179
f 132 133 180
f 133 181 180
f 133 134 181
f 134 182 181
f 134 135 182
f 135 183 182
f 135 136 183
f 136 184 183
f 136 137 184
f 137 185 184
f 137 138 185
f 138 186 185
f 138 139 186
f 139 187 186
f 139 140 187
f 140 188 187
f 140 141 188
f 141 189 188
f 141 142 189
f 142 190 189
f 142 143 190
f 143 191 190
f 143 144 191
f 144 192 191
f 144 97 192
f 97 145 192
f 145 146 193
f 146 194 193
f 146 147 194
f 147 195 194
f 147 148 195
f 148 196 195
f 148 149 196
f 149 197 196
f 149 150 197
f 150 198 197
f 150 151 198
f 151 199 198
f 151 152 199
f 152 200 199
f 152 153 200
f 153 201 200
f 153 154 201
f 154 202 201
f 154 155 202
f 155 203 202
f 155 156 203
f 156 204 203
f 156 157 204
f 157 205 204
f 157 158 205
f 158 206 205
f 158 159 206
f 159 207 206
f 159 160 207
f 160 208 207
f 160 161 208
f 161 209 208
f 161 162 209
f 162 210 209
f 162 163 210
f 163 211 210
f 163 164 211
f 164 212 211
f 164 165 212
f 165 213 212
f 165 166 213
f 166 214 213
f 166 167 214
f 167 215 214
f 167 168 215
f 168 216 215
f 168 169 216
f 169 217 216
f 169 170 217
f 170 218 217
f 170 171 218
f 171 219 218
f 171 172 219
f 172 220 219
f 172 173 220
f 173 221 220
f 173 174 221
f 174 222 221
f 174 175 222
f 175 223 222
f 175 176 223
f 176 224 223
f 176 177 224
f 177 225 224
f 177 178 225
f 178 226 225
f 178 179 226
f 179 227 226
f 179 180 227
f 180 228 227
f 180 181 228
f 181 229 228
f 181 182 229
f 182 230 229
f 182 183 230
f 183 231 230
f 183 184 231
f 184 232 231
f 184 185 232
f 185 233 232
f 185 186 233
f 186 234 233
f 186 187 234
f 187 235 234
f 187 188 235
f 188 236 235
f 188 189 236
f 189 237 236
f 189 190 237
f 190 238 237
f 190 191 238
f 191 239 238
f 191 192 239
f 192 240 239
f 192 145 240
f 145 193 240
f 193 194 241
f 194 242 241
f 194 195 242
f 195 243 242
f 195 196 243
f 196 244 243
f 196 197 244
f 197 245 244
f 197 198 245
f 198 246 245
f 198 199 246
f 199 247 246
f 199 200 247
f 200 248 247
f 200 201 248
f 201 249 248
f 201 202 249
f 202 250 249
f 202 203 250
f 203 251 250
f 203 204 251
f 204 252 251
f 204 205 252
f 205 253 252
f 205 206 253
f 206 254 253
f 206 207 254
f 207 255 254
f 207 208 255
f 208 256 255
f 208 209 256
f 209 257 256
f 209 210 257
f 210 258 257
f 210 211 258
f 211 259 258
f 211 212 259
f 212 260 259
f 212 213 260
f 213 261 260
f 213 214 261
f 214 262 261
f 214 215 262
f 215 263 262
f 215 216 263
f 216 264 263
f 216 217 264
f 217 265 264
f 217 218 265
f 218 266 265
f 218 219 266
f 219 267 266
f 219 220 267
f 220 268 267
f 220 221 268
f 221 269 268
f 221 222 269
f 222 270 269
f 222 223 270
f 223 271 270
f 223 224 271
f 224 272 271
f 224 225 272
f 225 273 272
f 225 226 273
f 226 274 273
f 226 227 274
f 227 275 274
f 227 228 275
f 228 276 275
f 228 229 276
f 229 277 276
f 229 230 277
f 230 278 277
f 230 231 278
f 231 279 278
f 231 232 279
f 232 280 279
f 232 233 280
f 233 281 280
f 233 234 281
f 234 282 281
f 234 235 282
f 235 283 282
f 235 236 283
f 236 284 283
f 236 237 284
f 237 285 284
f 237 238 285
f 238 286 285
f 238 239 286
f 239 287 286
f 239 240 287
f 240 288 287
f 240 193 288
f 193 241 288
f 241 242 289
f 242 290 289
f 242 243 290
f 243 291 290
f 243 244 291
f 244 292 291
f 244 245 292
f 245 293 292
f 245 246 293
f 246 294 293
f 246 247 294
f 247 295 294
f 247 248 295
f 248 296 295
f 248 249 296
f 249 297 296
f 249 250 297
f 250 298 297
f 250 251 298
f 251 299 298
f 251 252 299
f 252 300 299
f 252 253 300
f 253 301 300
f 253 254 301
f 254 302 301
f 254 255 302
f 255 303 302
f 255 256 303
f 256 304 303
f 256 257 304
f 257 305 304
f 257 258 305
f 258 306 305
f 258 259 306
f 259 307 306
f 259 260 307
f 260 308 307
f 260 261 308
f 261 309 308
f 261 262 309
f 262 310 309
f 262 263 310
f 263 311 310
f 263 264 311
f 264 312 311
f 264 265 312
f 265 313 312
f 265 266 313
f 266 314 313
f 266 267 314
f 267 315 314
f 267 268 315
f 268 316 315
f 268 269 316
f 269 317 316
f 269 270 317
f 270 318 317
f 270 271 318
f 271 319 318
f 271 272 319
f 272 320 319
f 272 273 320
f 273 321 320
f 273 274 321
f 274 322 321
f 274 275 322
f 275 323 322
f 275 276 323
f 276 324 323
f 276 277 324
f 277 325 324
f 277 278 325
f 278 326 325
f 278 279 326
f 279 327 326
f 279 280 327
f 280 328 327
f 280 281 328
f 281 329 328
f 281 282 329
f 282 330 329
f 282 283 330
f 283 331 330
f 283 284 331
f 284 332 331
f 284 285 332
f 285 333 332
f 285 286 333
f 286 334 333
f 286 287 334
f 287 335 334
f 287 288 335
f 288 336 335
f 288 241 336
f 241 289 336
f 289 290 337
f 290 338 337
f 290 291 338
f 291 339 338
f 291 292 339
f 292 340 339
f 292 293 340
f 293 341 340
f 293 294 341
f 294 342 341
f 294 295 342
f 295 343 342
f 295 296 343
f 296 344 343
f 296 297 344
f 297 345 344
f 297 298 345
f 298 346 345
f 298 299 346
f 299 347 346
f 299 300 347
f 300 348 347
f 300 301 348
f 301 349 348
f 301 302 349
f 302 350 349
f 302 303 350
f 303 351 350
f 303 304 351
f 304 352 351
f 304 305 352
f 305 353 352
f 305 306 353
f 306 354 353
f 306 307 354
f 307 355 354
f 307 308 355
f 308 356 355
f 308 309 356
f 309 357 356
f 309 310 357
f 310 358 357
f 310 311 358
f 311 359 358
f 311 312 359
f 312 360 359
f 312 313 360
f 313 361 360
f 313 314 361
f 314 362 361
f 314 315 362
f 315 363 362
f 315 316 363
f 316 364 363
f 316 317 364
f 317 365 364
f 317 318 365
f 318 366 365
f 318 319 366
f 319 367 366
f 319 320 367
f 320 368 367
f 320 321 368
f 321 369 368
f 321 322 369
f 322 370 369
f 322 323 370
f 323 371 370
f 323 324 371
f 324 372 371
f 324 325 372
f 325 373 372
f 325 326 373
f 326 374 373
f 326 327 374
f 327 375 374
f 327 328 375
f 328 376 375
f 328 329 376
f 329 377 376
f 329 330 377
f 330 378 377
f 330 331 378
f 331 379 378
f 331 332 379
f 332 380 379
f 332 333 380
f 333 381 380
f 333 334 381
f 334 382 381
f 334 335 382
f 335 383 382
f 335 336 383
f 336 384 383
f 336 289 384
f 289 337 384
f 337 338 385
f 338 386 385
f 338 339 386
f 339 387 386
f 339 340 387
f 340 388 387
f 340 341 388
f 341 389 388
f 341 342 389
f 342 390 389
f 342 343 390
f 343 391 390
f 343 344 391
f 344 392 391
f 344 345 392
f 345 393 392
f 345 346 393
f 346 394 393
f 346 347 394
f 347 395 394
f 347 348 395
f 348 396 395
f 348 349 396
f 349 397 396
f 349 350 397
f 350 398 397
f 350 351 398
f 351 399 398
f 351 352 399
f 352 400 399
f 352 353 400
f 353 401 400
f 353 354 401
f 354 402 401
f 354 355 402
f 355 403 402
f 355 356 403
f 356 404 403
f 356 357 404
f 357 405 404
f 357 358 405
f 358 406 405
f 358 359 406
f 359 407 406
f 359 360 407
f 360 408 407
f 360 361 408
f 361 409 408
f 361 362 409
f 362 410 409
f 362 363 410
f 363 411 410
f 363 364 411
f 364 412 411
f 364 365 412
f 365 413 412
f 365 366 413
f 366 414 413
f 366 367 414
f 367 415 414
f 367 368 415
f 368 416 415
f 368 369 416
f 369 417 416
f 369 370 417
f 370 418 417
f 370 371 418
f 371 419 418
f 371 372 419
f 372 420 419
f 372 373 420
f 373 421 420
f 373 374 421
f 374 422 421
f 374 375 422
f 375 423 422
f 375 376 423
f 376 424 423
f 376 377 424
f 377 425 424
f 377 378 425
f 378 426 425
f 378 379 426
f 379 427 426
f 379 380 427
f 380 428 427
f 380 381 428
f 381 429 428
f 381 382 429
f 382 430 429
f 382 383 430
f 383 431 430
f 383 384 431
f 384 432 431
f 384 337 432
f 337 385 432
f 385 386 433
f 386 434 433
f 386 387 434
f 387 435 434
f 387 388 435
f 388 436 435
f 388 389 436
f 389 437 436
f 389 390 437
f 390 438 437
f 390 391 438
f 391 439 438
f 391 392 439
f 392 440 439
f 392 393 440
f 393 441 440
f 393 394 441
f 394 442 441
f 394 395 442
f 395 443 442
f 395 396 443
f 396 444 443
f 396 397 444
f 397 445 444
f 397 398 445
f 398 446 445
f 398 399 446
f 399 447 446
f 399 400 447
f 400 448 447
f 400 401 448
f 401 449 448
f 401 402 449
f 402 450 449
f 402 403 450
f 403 451 450
f 403 404 451
f 404 452 451
f 404 405 452
f 405 453 452
f 405 406 453
f 406 454 453
f 406 407 454
f 407 455 454
f 407 408 455
f 408 456 455
f 408 409 456
f 409 457 456
f 409 410 457
f 410 458 457
f 410 411 458
f 411 459 458
f 411 412 459
f 412 460 459
f 412 413 460
f 413 461 460
f 413 414 461
f 414 462 461
f 414 415 462
f 415 463 462
f 415 416 463
f 416 464 463
f 416 417 464
f 417 465 464
f 417 418 465
f 418 466 465
f 418 419 466
f 419 467 466
f 419 420 467
f 420 468 467
f 420 421 468
f 421 469 468
f 421 422 469
f 422 470 469
f 422 423 470
f 423 471 470
f 423 424 471
f 424 472 471
f 424 425 472
f 425 473 472
f 425 426 473
f 426 474 473
f 426 427 474
f 427 475 474
f 427 428 475
f 428 476 475
f 428 429 476
f 429 477 476
f 429 430 477
f 430 478 477
f 430 431 478
f 431 479 478
f 431 432 479
f 432 480 479
f 432 385 480
f 385 433 480
f 433 434 481
f 434 482 481
f 434 435 482
f 435 483 482
f 435 436 483
f 436 484 483
f 436 437 484
f 437 485 484
f 437 438 485
f 438 486 485
f 438 439 486
f 439 487 486
f 439 440 487
f 440 488 487
f 440 441 488
f 441 489 488
f 441 442 489
f 442 490 489
f 442 443 490
f 443 491 490
f 443 444 491
f 444 492 491
f 444 445 492
f 445 493 492
f 445 446 493
f 446 494 493
f 446 447 494
f 447 495 494
f 447 448 495
f 448 496 495
f 448 449 496
f 449 497 496
f 449 450 497
f 450 498 497
f 450 451 498
f 451 499 498
f 451 452 499
f 452 500 499
f 452 453 500
f 453 501 500
f 453 454 501
f 454 502 501
f 454 455 502
f 455 503 502
f 455 456 503
f 456 504 503
f 456 457 504
f 457 505 504
f 457 458 505
f 458 506 505
f 458 459 506
f 459 507 506
f 459 460 507
f 460 508 507
f 460 461 508
f 461 509 508
f 461 462 509
f 462 510 509
f 462 463 510
f 463 511 510
f 463 464 511
f 464 512 511
f 464 465 512
f 465 513 512
f 465 466 513
f 466 514 513
f 466 467 514
f 467 515 514
f 467 468 515
f 468 516 515
f 468 469 516
f 469 517 516
f 469 470 517
f 470 518 517
f 470 471 518
f 471 519 518
f 471 472 519
f 472 520 519
f 472 473 520
f 473 521 520
f 473 474 521
f 474 522 521
f 474 475 522
f 475 523 522
f 475 476 523
f 476 524 523
f 476 477 524
f 477 525 524
f 477 478 525
f 478 526 525
f 478 479 526
f 479 527 526
f 479 480 527
f 480 528 527
f 480 433 528
f 433 481 528
f 481 482 529
f 482 530 529
f 482 483 530
f 483 531 530
f 483 484 531
f 484 532 531
f 484 485 532
f 485 533 532
f 485 486 533
f 486 534 533
f 486 487 534
f 487 535 534
f 487 488 535
f 488 536 535
f 488 489 536
f 489 537 536
f 489 490 537
f 490 538 537
f 490 491 538
f 491 539 538
f 491 492 539
f 492 540 539
f 492 493 540
f 493 541 540
f 493 494 541
f 494 542 541
f 494 495 542
f 495 543 542
f 495 496 543
f 496 544 543
f 496 497 544
f 497 545 544
f 497 498 545
f 498 546 545
f 498 499 546
f 499 547 546
f 499 500 547
f 500 548 547
f 500 501 548
f 501 549 548
f 501 502 549
f 502 550 549
f 502 503 550
f 503 551 550
f 503 504 551
f 504 552 551
f 504 505 552
f 505 553 552
f 505 506 553
f 506 554 553
f 506 507 554
f 507 555 554
f 507 508 555
f 508 556 555
f 508 509 556
f 509 557 556
f 509 510 557
f 510 558 557
f 510 511 558
f 511 559 558
f 511 512 559
f 512 560 559
f 512 513 560
f 513 561 560
f 513 514 561
f 514 562 561
f 514 515 562
f 515 563 562
f 515 516 563
f 516 564 563
f 516 517 564
f 517 565 564
f 517 518 565
f 518 566 565
f 518 519 566
f 519 567 566
f 519 520 567
f 520 568 567
f 520 521 568
f 521 569 568
f 521 522 569
f 522 570 569
f 522 523 570
f 523 571 570
f 523 524 571
f 524 572 571
f 524 525 572
f 525 573 572
f 525 526 573
f 526 574 573
f 526 527 574
f 527 575 574
f 527 528 575
f 528 576 575
f 528 481 576
f 481 529 576
f 529 530 577
f 530 578 577
f 530 531 578
f 531 579 578
f 531 532 579
f 532 580 579
f 532 533 580
f 533 581 580
f 533 534 581
f 534 582 581
f 534 535 582
f 535 583 582
f 535 536 583
f 536 584 583
f 536 537 584
f 537 585 584
f 537 538 585
f 538 586 585
f 538 539 586
f 539 587 586
f 539 540 587
f 540 588 587
f 540 541 588
f 541 589 588
f 541 542 589
f 542 590 589
f 542 543 590
f 543 591 590
f 543 544 591
f 544 592 591
f 544 545 592
f 545 593 592
f 545 546 593
f 546 594 593
f 546 547 594
f 547 595 594
f 547 548 595
f 548 596 595
f 548 549 596
f 549 597 596
f 549 550 597
f 550 598 597
f 550 551 598
f 551 599 598
f 551 552 599
f 552 600 599
f 552 553 600
f 553 601 600
f 553 554 601
f 554 602 601
f 554 555 602
f 555 603 602
f 555 556 603
f 556 604 603
f 556 557 604
f 557 605 604
f 557 558 605
f 558 606 605
f 558 559 606
f 559 607 606
f 559 560 607
f 560 608 607
f 560 561 608
f 561 609 608
f 561 562 609
f 562 610 609
f 562 563 610
f 563 611 610
f 563 564 611
f 564 612 611
f 564 565 612
f 565 613 612
f 565 566 613
f 566 614 613
f 566 567 614
f 567 615 614
f 567 568 615
f 568 616 615
f 568 569 616
f 569 617 616
f 569 570 617
f 570 618 617
f 570 571 618
f 571 619 618
f 571 572 619
f 572 620 619
f 572 573 620
f 573 621 620
f 573 574 621
f 574 622 621
f 574 575 622
f 575 623 622
f 575 576 623
f 576 624 623
f 576 529 624
f 529 577 624
f 577 578 625
f 578 626 625
f 578 579 626
f 579 627 626
f 579 580 627
f 580 628 627
f 580 581 628
f 581 629 628
f 581 582 629
f 582 630 629
f 582 583 630
f 583 631 630
f 583 584 631
f 584 632 631
f 584 585 632
f 585 633 632
f 585 586 633
f 586 634 633
f 586 587 634
f 587 635 634
f 587 588 635
f 588 636 635
f 588 589 636
f 589 637 636
f 589 590 637
f 590 638 637
f 590 591 638
f 591 639 638
f 591 592 639
f 592 640 639
f 592 593 640
f 593 641 640
f 593 594 641
f 594 642 641
f 594 595 642
f 595 643 642
f 595 596 643
f 596 644 643
f 596 597 644
f 597 645 644
f 597 598 645
f 598 646 645
f 598 599 646
f 599 647 646
f 599 600 647
f 600 648 647
f 600 601 648
f 601 649 648
f 601 602 649
f 602 650 649
f 602 603 650
f 603 651 650
f 603 604 651
f 604 652 651
f 604 605 652
f 605 653 652
f 605 606 653
f 606 654 653
f 606 607 654
f 607 655 654
f 607 608 655
f 608 656 655
f 608 609 656
f 609 657 656
f 609 610 657
f 610 658 657
f 610 611 658
f 611 659 658
f 611 612 659
f 612 660 659
f 612 613 660
f 613 661 660
f 613 614 661
f 614 662 661
f 614 615 662
f 615 663 662
f 615 616 663
f 616 664 663
f 616 617 664
f 617 665 664
f 617 618 665
f 618 666 665
f 618 619 666
f 619 667 666
f 619 620 667
f 620 668 667
f 620 621 668
f 621 669 668
f 621 622 669
f 622 670 669
f 622 623 670
f 623 671 670
f 623 624 671
f 624 672 671
f 624 577 672
f 577 625 672
f 625 626 673
f 626 674 673
f 626 627 674
f 627 675 674
f 627 628 675
f 628 676 675
f 628 629 676
f 629 677 676
f 629 630 677
f 630 678 677
f 630 631 678
f 631 679 678
f 631 632 679
f 632 680 679
f 632 633 680
f 633 681 680
f 633 634 681
f 634 682 681
f 634 635 682
f 635 683 682
f 635 636 683
f 636 684 683
f 636 637 684
f 637 685 684
f 637 638 685
f 638 686 685
f 638 639 686
f 639 687 686
f 639 640 687
f 640 688 687
f 640 641 688
f 641 689 688
f 641 642 689
f 642 690 689
f 642 643 690
f 643 691 690
f 643 644 691
f 644 692 691
f 644 645 692
f 645 693 692
f 645 646 693
f 646 694 693
f 646 647 694
f 647 695 694
f 647 648 695
f 648 696 695
f 648 649 696
f 649 697 696
f 649 650 697
f 650 698 697
f 650 651 698
f 651 699 698
f 651 652 699
f 652 700 699
f 652 653 700
f 653 701 700
f 653 654 701
f 654 702 701
f 654 655 702
f 655 703 702
f 655 656 703
f 656 704 703
f 656 657 704
f 657 705 704
f 657 658 705
f 658 706 705
f 658 659 706
f 659 707 706
f 659 660 707
f 660 708 707
f 660 661 708
f 661 709 708
f 661 662 709
f 662 710 709
f 662 663 710
f 663 711 710
f 663 664 711
f 664 712 711
f 664 665 712
f 665 713 712
f 665 666 713
f 666 714 713
f 666 667 714
f 667 715 714
f 667 668 715
f 668 716 715
f 668 669 716
f 669 717 716
f 669 670 717
f 670 718 717
f 670 671 718
f 671 719 718
f 671 672 719
f 672 720 719
f 672 625 720
f 625 673 720
f 673 674 721
f 674 722 721
f 674 675 722
f 675 723 722
f 675 676 723
f 676 724 723
f 676 677 724
f 677 725 724
f 677 678 725
f 678 726 725
f 678 679 726
f 679 727 726
f 679 680 727
f 680 728 727
f 680 681 728
f 681 729 728
f 681 682 729
f 682 730 729
f 682 683 730
f 683 731 730
f 683 684 731
f 684 732 731
f 684 685 732
f 685 733 732
f 685 686 733
f 686 734 733
f 686 687 734
f 687 735 734
f 687 688 735
f 688 736 735
f 688 689 736
f 689 737 736
f 689 690 737
f 690 738 737
f 690 691 738
f 691 739 738
f 691 692 739
f 692 740 739
f 692 693 740
f 693 741 740
f 693 694 741
f 694 742 741
f 694 695 742
f 695 743 742
f 695 696 743
f 696 744 743
f 696 697 744
f 697 745 744
f 697 698 745
f 698 746 745
f 698 699 746
f 699 747 746
f 699 700 747
f 700 748 747
f 700 701 748
f 701 749 748
f 701 702 749
f 702 750 749
f 702 703 750
f 703 751 750
f 703 704 751
f 704 752 751
f 704 705 752
f 705 753 752
f 705 706 753
f 706 754 753
f 706 707 754
f 707 755 754
f 707 708 755
f 708 756 755
f 708 709 756
f 709 757 756
f 709 710 757
f 710 758 757
f 710 711 758
f 711 759 758
f 711 712 759
f 712 760 759
f 712 713 760
f 713 761 760
f 713 714 761
f 714 762 761
f 714 715 762
f 715 763 762
f 715 716 763
f 716 764 763
f 716 717 764
f 717 765 764
f 717 718 765
f 718 766 765
f 718 719 766
f 719 767 766
f 719 720 767
f 720 768 767
f 720 673 768
f 673 721 768
f 721 722 769
f 722 770 769
f 722 723 770
f 723 771 770
f 723 724 771
f 724 772 771
f 724 725 772
f 725 773 772
f 725 726 773
f 726 774 773
f 726 727 774
f 727 775 774
f 727 728 775
f 728 776 775
f 728 729 776
f 729 777 776
f 729 730 777
f 730 778 777
f 730 731 778
f 731 779 778
f 731 732 779
f 732 780 779
f 732 733 780
f 733 781 780
f 733 734 781
f 734 782 781
f 734 735 782
f 735 783 782
f 735 736 783
f 736 784 783
f 736 737 784
f 737 785 784
f 737 738 785
f 738 786 785
f 738 739 786
f 739 787 786
f 739 740 787
f 740 788 787
f 740 741 788
f 741 789 788
f 741 742 789
f 742 790 789
f 742 743 790
f 743 791 790
f 743 744 791
f 744 792 791
f 744 745 792
f 745 793 792
f 745 746 793
f 746 794 793
f 746 747 794
f 747 795 794
f 747 748 795
f 748 796 795
f 748 749 796
f 749 797 796
f 749 750 797
f 750 798 797
f 750 751 798
f 751 799 798
f 751 752 799
f 752 800 799
f 752 753 800
f 753 801 800
f 753 754 801
f 754 802 801
f 754 755 802
f 755 803 802
f 755 756 803
f 756 804 803
f 756 757 804
f 757 805 804
f 757 758 805
f 758 806 805
f 758 759 806
f 759 807 806
f 759 760 807
f 760 808 807
f 760 761 808
f 761 809 808
f 761 762 809
f 762 810 809
f 762 763 810
f 763 811 810
f 763 764 811
f 764 812 811
f 764 765 812
f 765 813 812
f 765 766 813
f 766 814 813
f 766 767 814
f 767 815 814
f 767 768 815
f 768 816 815
f 768 721 816
f 721 769 816
f 769 770 817
f 770 818 817
f 770 771 818
f 771 819 818
f 771 772 819
f 772 820 819
f 772 773 820
f 773 821 820
f 773 774 821
f 774 822 821
f 774 775 822
f 775 823 822
f 775 776 823
f 776 824 823
f 776 777 824
f 777 825 824
f 777 778 825
f 778 826 825
f 778 779 826
f 779 827 826
f 779 780 827
f 780 828 827
f 780 781 828
f 781 829 828
f 781 782 829
f 782 830 829
f 782 783 830
f 783 831 830
f 783 784 831
f 784 832 831
f 784 785 832
f 785 833 832
f 785 786 833
f 786 834 833
f 786 787 834
f 787 835 834
f 787 788 835
f 788 836 835
f 788 789 836
f 789 837 836
f 789 790 837
f 790 838 837
f 790 791 838
f 791 839 838
f 791 792 839
f 792 840 839
f 792 793 840
f 793 841 840
f 793 794 841
f 794 842 841
f 794 795 842
f 795 843 842
f 795 796 843
f 796 844 843
f 796 797 844
f 797 845 844
f 797 798 845
f 798 846 845
f 798 799 846
f 799 847 846
f 799 800 847
f 800 848 847
f 800 801 848
f 801 849 848
f 801 802 849
f 802 850 849
f 802 803 850
f 803 851 850
f 803 804 851
f 804 852 851
f 804 805 852
f 805 853 852
f 805 806 853
f 806 854 853
f 806 807 854
f 807 855 854
f 807 808 855
f 808 856 855
f 808 809 856
f 809 857 856
f 809 810 857
f 810 858 857
f 810 811 858
f 811 859 858
f 811 812 859
f 812 860 859
f 812 813 860
f 813 861 860
f 813 814 861
f 814 862 861
f 814 815 862
f 815 863 862
f 815 816 863
f 816 864 863
f 816 769 864
f 769 817 864
f 817 818 865
f 818 866 865
f 818 819 866
f 819 867 866
f 819 820 867
f 820 868 867
f 820 821 868
f 821 869 868
f 821 822 869
f 822 870 869
f 822 823 870
f 823 871 870
f 823 824 871
f 824 872 871
f 824 825 872
f 825 873 872
f 825 826 873
f 826 874 873
f 826 827 874
f 827 875 874
f 827 828 875
f 828 876 875
f 828 829 876
f 829 877 876
f 829 830 877
f 830 878 877
f 830 831 878
f 831 879 878
f 831 832 879
f 832 880 879
f 832 833 880
f 833 881 880
f 833 834 881
f 834 882 881
f 834 835 882
f 835 883 882
f 835 836 883
f 836 884 883
f 836 837 884
f 837 885 884
f 837 838 885
f 838 886 885
f 838 839 886
f 839 887 886
f 839 840 887
f 840 888 887
f 840 841 888
f 841 889 888
f 841 842 889
f 842 890 889
f 842 843 890
f 843 891 890
f 843 844 891
f 844 892 891
f 844 845 892
f 845 893 892
f 845 846 893
f 846 894 893
f 846 847 894
f 847 895 894
f 847 848 895
f 848 896 895
f 848 849 896
f 849 897 896
f 849 850 897
f 850 898 897
f 850 851 898
f 851 899 898
f 851 852 899
f 852 900 899
f 852 853 900
f 853 901 900
f 853 854 901
f 854 902 901
f 854 855 902
f 855 903 902
f 855 856 903
f 856 904 903
f 856 857 904
f 857 905 904
f 857 858 905
f 858 906 905
f 858 859 906
f 859 907 906
f 859 860 907
f 860 908 907
f 860 861 908
f 861 909 908
f 861 862 909
f 862 910 909
f 862 863 910
f 863 911 910
f 863 864 911
f 864 912 911
f 864 817 912
f 817 865 912
f 865 866 913
f 866 914 913
f 866 867 914
f 867 915 914
f 867 868 915
f 868 916 915
f 868 869 916
f 869 917 916
f 869 870 917
f 870 918 917
f 870 871 918
f 871 919 918
f 871 872 919
f 872 920 919
f 872 873 920
f 873 921 920
f 873 874 921
f 874 922 921
f 874 875 922
f 875 923 922
f 875 876 923
f 876 924 923
f 876 877 924
f 877 925 924
f 877 878 925
f 878 926 925
f 878 879 926
f 879 927 926
f 879 880 927
f 880 928 927
f 880 881 928
f 881 929 928
f 881 882 929
f 882 930 929
f 882 883 930
f 883 931 930
f 883 884 931
f 884 932 931
f 884 885 932
f 885 933 932
f 885 886 933
f 886 934 933
f 886 887 934
f 887 935 934
f 887 888 935
f 888 936 935
f 888 889 936
f 889 937 936
f 889 890 937
f 890 938 937
f 890 891 938
f 891 939 938
f 891 892 939
f 892 940 939
f 892 893 940
f 893 941 940
f 893 894 941
f 894 942 941
f 894 895 942
f 895 943 942
f 895 896 943
f 896 944 943
f 896 897 944
f 897 945 944
f 897 898 945
f 898 946 945
f 898 899 946
f 899 947 946
f 899 900 947
f 900 948 947
f 900 901 948
f 901 949 948
f 901 902 949
f 902 950 949
f 902 903 950
f 903 951 950
f 903 904 951
f 904 952 951
f 904 905 952
f 905 953 952
f 905 906 953
f 906 954 953
f 906 907 954
f 907 955 954
f 907 908 955
f 908 956 955
f 908 909 956
f 909 957 956
f 909 910 957
f 910 958 957
f 910 911 958
f 911 959 958
f 911 912 959
f 912 960 959
f 912 865 960
f 865 913 960
f 913 914 961
f 914 962 961
f 914 915 962
f 915 963 962
f 915 916 963
f 916 964 963
f 916 917 964
f 917 965 964
f 917 918 965
f 918 966 965
f 918 919 966
f 919 967 966
f 919 920 967
f 920 968 967
f 920 921 968
f 921 969 968
f 921 922 969
f 922 970 969
f 922 923 970
f 923 971 970
f 923 924 971
f 924 972 971
f 924 925 972
f 925 973 972
f 925 926 973
f 926 974 973
f 926 927 974
f 927 975 974
f 927 928 975
f 928 976 975
f 928 929 976
f 929 977 976
f 929 930 977
f 930 978 977
f 930 931 978
f 931 979 978
f 931 932 979
f 932 980 979
f 932 933 980
f 933 981 980
f 933 934 981
f 934 982 981
f 934 935 982
f 935 983 982
f 935 936 983
f 936 984 983
f 936 937 984
f 937 985 984
f 937 938 985
f 938 986 985
f 938 939 986
f 939 987 986
f 939 940 987
f 940 988 987
f 940 941 988
f 941 989 988
f 941 942 989
f 942 990 989
f 942 943 990
f 943 991 990
f 943 944 991
f 944 992 991
f 944 945 992
f 945 993 992
f 945 946 993
f 946 994 993
f 946 947 994
f 947 995 994
f 947 948 995
f 948 996 995
f 948 949 996
f 949 997 996
f 949 950 997
f 950 998 997
f 950 951 998
f 951 999 998
f 951 952 999
f 952 1000 999
f 952 953 1000
f 953 1001 1000
f 953 954 1001
f 954 1002 1001
f 954 955 1002
f 955 1003 1002
f 955 956 1003
f 956 1004 1003
f 956 957 1004
f 957 1005 1004
f 957 958 1005
f 958 1006 1005
f 958 959 1006
f 959 1007 1006
f 959 960 1007
f 960 1008 1007
f 960 913 1008
f 913 961 1008
f 961 962 1009
f 962 1010 1009
f 962 963 1010
f 963 1011 1010
f 963 964 1011
f 964 1012 1011
f 964 965 1012
f 965 1013 1012
f 965 966 1013
f 966 1014 1013
f 966 967 1014
f 967 1015 1014
f 967 968 1015
f 968 1016 1015
f 968 969 1016
f 969 1017 1016
f 969 970 1017
f 970 1018 1017
f 970 971 1018
f 971 1019 1018
f 971 972 1019
f 972 1020 1019
f 972 973 1020
f 973 1021 1020
f 973 974 1021
f 974 1022 1021
f 974 975 1022
f 975 1023 1022
f 975 976 1023
f 976 1024 1023
f 976 977 1024
f 977 1025 1024
f 977 978 1025
f 978 1026 1025
f 978 979 1026
f 979 1027 1026
f 979 980 1027
f 980 1028 1027
f 980 981 1028
f 981 1029 1028
f 981 982 1029
f 982 1030 1029
f 982 983 1030
f 983 1031 1030
f 983 984 1031
f 984 1032 1031
f 984 985 1032
f 985 1033 1032
f 985 986 1033
f 986 1034 1033
f 986 987 1034
f 987 1035 1034
f 987 988 1035
f 988 1036 1035
f 988 989 1036
f 989 1037 1036
f 989 990 1037
f 990 1038 1037
f 990 991 1038
f 991 1039 1038
f 991 992 1039
f 992 1040 1039
f 992 993 1040
f 993 1041 1040
f 993 994 1041
f 994 1042 1041
f 994 995 1042
f 995 1043 1042
f 995 996 1043
f 996 1044 1043
f 996 997 1044
f 997 1045 1044
f 997 998 1045
f 998 1046 1045
f 998 999 1046
f 999 1047 1046
f 999 1000 1047
f 1000 1048 1047
f 1000 1001 1048
f 1001 1049 1048
f 1001 1002 1049
f 1002 1050 1049
f 1002 1003 1050
f 1003 1051 1050
f 1003 1004 1051
f 1004 1052 1051
f 1004 1005 1052
f 1005 1053 1052
f 1005 1006 1053
f 1006 1054 1053
f 1006 1007 1054
f 1007 1055 1054
f 1007 1008 1055
f 1008 1056 1055
f 1008 961 1056
f 961 1009 1056
f 1009 1010 1057
f 1010 1058 1057
f 1010 1011 1058
f 1011 1059 1058
f 1011 1012 1059
f 1012 1060 1059
f 1012 1013 1060
f 1013 1061 1060
f 1013 1014 1061
f 1014 1062 1061
f 1014 1015 1062
f 1015 1063 1062
f 1015 1016 1063
f 1016 1064 1063
f 1016 1017 1064
f 1017 1065 1064
f 1017 1018 1065
f 1018 1066 1065
f 1018 1019 1066
f 1019 1067 1066
f 1019 1020 1067
f 1020 1068 1067
f 1020 1021 1068
f 1021 1069 1068
f 1021 1022 1069
f 1022 1070 1069
f 1022 1023 1070
f 1023 1071 1070
f 1023 1024 1071
f 1024 1072 1071
f 1024 1025 1072
f 1025 1073 1072
f 1025 1026 1073
f 1026 1074 1073
f 1026 1027 1074
f 1027 1075 1074
f 1027 1028 1075
f 1028 1076 1075
f 1028 1029 1076
f 1029 1077 1076
f 1029 1030 1077
f 1030 1078 1077
f 1030 1031 1078
f 1031 1079 1078
f 1031 1032 1079
f 1032 1080 1079
f 1032 1033 1080
f 1033 1081 1080
f 1033 1034 1081
f 1034 1082 1081
f 1034 1035 1082
f 1035 1083 1082
f 1035 1036 1083
f 1036 1084 1083
f 1036 1037 1084
f 1037 1085 1084
f 1037 1038 1085
f 1038 1086 1085
f 1038 1039 1086
f 1039 1087 1086
f 1039 1040 1087
f 1040 1088 1087
f 1040 1041 1088
f 1041 1089 1088
f 1041 1042 1089
f 1042 1090 1089
f 1042 1043 1090
f 1043 1091 1090
f 1043 1044 1091
f 1044 1092 1091
f 1044 1045 1092
f 1045 1093 1092
f 1045 1046 1093
f 1046 1094 1093
f 1046 1047 1094
f 1047 1095 1094
f 1047 1048 1095
f 1048 1096 1095
f 1048 1049 1096
f 1049 1097 1096
f 1049 1050 1097
f 1050 1098 1097
f 1050 1051 1098
f 1051 1099 1098
f 1051 1052 1099
f 1052 1100 1099
f 1052 1053 1100
f 1053 1101 1100
f 1053 1054 1101
f 1054 1102 1101
f 1054 1055 1102
f 1055 1103 1102
f 1055 1056 1103
f 1056 1104 1103
f 1056 1009 1104
f 1009 1057 1104
f 1057 1058 1105
f 1058 1106 1105
f 1058 1059 1106
f 1059 1107 1106
f 1059 1060 1107
f 1060 1108 1107
f 1060 1061 1108
f 1061 1109 1108
f 1061 1062 1109
f 1062 1110 1109
f 1062 1063 1110
f 1063 1111 1110
f 1063 1064 1111
f 1064 1112 1111
f 1064 1065 1112
f 1065 1113 1112
f 1065 1066 1113
f 1066 1114 1113
f 1066 1067 1114
f 1067 1115 1114
f 1067 1068 1115
f 1068 1116 1115
f 1068 1069 1116
f 1069 1117 1116
f 1069 1070 1117
f 1070 1118 1117
f 1070 1071 1118
f 1071 1119 1118
f 1071 1072 1119
f 1072 1120 1119
f 1072 1073 1120
f 1073 1121 1120
f 1073 1074 1121
f 1074 1122 1121
f 1074 1075 1122
f 1075 1123 1122
f 1075 1076 1123
f 1076 1124 1123
f 1076 1077 1124
f 1077 1125 1124
f 1077 1078 1125
f 1078 1126 1125
f 1078 1079 1126
f 1079 1127 1126
f 1079 1080 1127
f 1080 1128 1127
f 1080 1081 1128
f 1081 1129 1128
f 1081 1082 1129
f 1082 1130 1129
f 1082 1083 1130
f 1083 1131 1130
f 1083 1084 1131
f 1084 1132 1131
f 1084 1085 1132
f 1085 1133 1132
f 1085 1086 1133
f 1086 1134 1133
f 1086 1087 1134
f 1087 1135 1134
f 1087 1088 1135
f 1088 1136 1135
f 1088 1089 1136
f 1089 1137 1136
f 1089 1090 1137
f 1090 1138 1137
f 1090 1091 1138
f 1091 1139 1138
f 1091 1092 1139
f 1092 1140 1139
f 1092 1093 1140
f 1093 1141 1140
f 1093 1094 1141
f 1094 1142 1141
f 1094 1095 1142
f 1095 1143 1142
f 1095 1096 1143
f 1096 1144 1143
f 1096 1097 1144
f 1097 1145 1144
f 1097 1098 1145
f 1098 1146 1145
f 1098 1099 1146
f 1099 1147 1146
f 1099 1100 1147
f 1100 1148 1147
f 1100 1101 1148
f 1101 1149 1148
f 1101 1102 1149
f 1102 1150 1149
f 1102 1103 1150
f 1103 1151 1150
f 1103 1104 1151
f 1104 1152 1151
f 1104 1057 1152
f 1057 1105 1152
f 1105 1106 1153
f 1106 1154 1153
f 1106 1107 1154
f 1107 1155 1154
f 1107 1108 1155
f 1108 1156 1155
f 1108 1109 1156
f 1109 1157 1156
f 1109 1110 1157
f 1110 1158 1157
f 1110 1111 1158
f 1111 1159 1158
f 1111 1112 1159
f 1112 1160 1159
f 1112 1113 1160
f 1113 1161 1160
f 1113 1114 1161
f 1114 1162 1161
f 1114 1115 1162
f 1115 1163 1162
f 1115 1116 1163
f 1116 1164 1163
f 1116 1117 1164
f 1117 1165 1164
f 1117 1118 1165
f 1118 1166 1165
f 1118 1119 1166
f 1119 1167 1166
f 1119 1120 1167
f 1120 1168 1167
f 1120 1121 1168
f 1121 1169 1168
f 1121 1122 1169
f 1122 1170 1169
f 1122 1123 1170
f 1123 1171 1170
f 1123 1124 1171
f 1124 1172 1171
f 1124 1125 1172
f 1125 1173 1172
f 1125 1126 1173
f 1126 1174 1173
f 1126 1127 1174
f 1127 1175 1174
f 1127 1128 1175
f 1128 1176 1175
f 1128 1129 1176
f 1129 1177 1176
f 1129 1130 1177
f 1130 1178 1177
f 1130 1131 1178
f 1131 1179 1178
f 1131 1132 1179
f 1132 1180 1179
f 1132 1133 1180
f 1133 1181 1180
f 1133 1134 1181
f 1134 1182 1181
f 1134 1135 1182
f 1135 1183 1182
f 1135 1136 1183
f 1136 1184 1183
f 1136 1137 1184
f 1137 1185 1184
f 1137 1138 1185
f 1138 1186 1185
f 1138 1139 1186
f 1139 1187 1186
f 1139 1140 1187
f 1140 1188 1187
f 1140 1141 1188
f 1141 1189 1188
f 1141 1142 1189
f 1142 1190 1189
f 1142 1143 1190
f 1143 1191 1190
f 1143 1144 1191
f 1144 1192 1191
f 1144 1145 1192
f 1145 1193 1192
f 1145 1146 1193
f 1146 1194 1193
f 1146 1147 1194
f 1147 1195 1194
f 1147 1148 1195
f 1148 1196 1195
f 1148 1149 1196
f 1149 1197 1196
f 1149 1150 1197
f 1150 1198 1197
f 1150 1151 1198
f 1151 1199 1198
f 1151 1152 1199
f 1152 1200 1199
f 1152 1105 1200
f 1105 1153 1200
f 1153 1154 1201
f 1154 1202 1201
f 1154 1155 1202
f 1155 1203 1202
f 1155 1156 1203
f 1156 1204 1203
f 1156 1157 1204
f 1157 1205 1204
f 1157 1158 1205
f 1158 1206 1205
f 1158 1159 1206
f 1159 1207 1206
f 1159 1160 1207
f 1160 1208 1207
f 1160 1161 1208
f 1161 1209 1208
f 1161 1162 1209
f 1162 1210 1209
f 1162 1163 1210
f 1163 1211 1210
f 1163 1164 1211
f 1164 1212 1211
f 1164 1165 1212
f 1165 1213 1212
f 1165 1166 1213
f 1166 1214 1213
f 1166 1167 1214
f 1167 1215 1214
f 1167 1168 1215
f 1168 1216 1215
f 1168 1169 1216
f 1169 1217 1216
f 1169 1170 1217
f 1170 1218 1217
f 1170 1171 1218
f 1171 1219 1218
f 1171 1172 1219
f 1172 1220 1219
f 1172 1173 1220
f 1173 1221 1220
f 1173 1174 1221
f 1174 1222 1221
f 1174 1175 1222
f 1175 1223 1222
f 1175 1176 1223
f 1176 1224 1223
f 1176 1177 1224
f 1177 1225 1224
f 1177 1178 1225
f 1178 1226 1225
f 1178 1179 1226
f 1179 1227 1226
f 1179 1180 1227
f 1180 1228 1227
f 1180 1181 1228
f 1181 1229 1228
f 1181 1182 1229
f 1182 1230 1229
f 1182 1183 1230
f 1183 1231 1230
f 1183 1184 1231
f 1184 1232 1231
f 1184 1185 1232
f 1185 1233 1232
f 1185 1186 1233
f 1186 1234 1233
f 1186 1187 1234
f 1187 1235 1234
f 1187 1188 1235
f 1188 1236 1235
f 1188 1189 1236
f 1189 1237 1236
f 1189 1190 1237
f 1190 1238 1237
f 1190 1191 1238
f 1191 1239 1238
f 1191 1192 1239
f 1192 1240 1239
f 1192 1193 1240
f 1193 1241 1240
f 1193 1194 1241
f 1194 1242 1241
f 1194 1195 1242
f 1195 1243 1242
f 1195 1196 1243
f 1196 1244 1243
f 1196 1197 1244
f 1197 1245 1244
f 1197 1198 1245
f 1198 1246 1245
f 1198 1199 1246
f 1199 1247 1246
f 1199 1200 1247
f 1200 1248 1247
f 1200 1153 1248
f 1153 1201 1248
f 1201 1202 1249
f 1202 1250 1249
f 1202 1203 1250
f 1203 1251 1250
f 1203 1204 1251
f 1204 1252 1251
f 1204 1205 1252
f 1205 1253 1252
f 1205 1206 1253
f 1206 1254 1253
f 1206 1207 1254
f 1207 1255 1254
f 1207 1208 1255
f 1208 1256 1255
f 1208 1209 1256
f 1209 1257 1256
f 1209 1210 1257
f 1210 1258 1257
f 1210 1211 1258
f 1211 1259 1258
f 1211 1212 1259
f 1212 1260 1259
f 1212 1213 1260
f 1213 1261 1260
f 1213 1214 1261
f 1214 1262 1261
f 1214 1215 1262
f 1215 1263 1262
f 1215 1216 1263
f 1216 1264 1263
f 1216 1217 1264
f 1217 1265 1264
f 1217 1218 1265
f 1218 1266 1265
f 1218 1219 1266
f 1219 1267 1266
f 1219 1220 1267
f 1220 1268 1267
f 1220 1221 1268
f 1221 1269 1268
f 1221 1222 1269
f 1222 1270 1269
f 1222 1223 1270
f 1223 1271 1270
f 1223 1224 1271
f 1224 1272 1271
f 1224 1225 1272
f 1225 1273 1272
f 1225 1226 1273
f 1226 1274 1273
f 1226 1227 1274
f 1227 1275 1274
f 1227 1228 1275
f 1228 1276 1275
f 1228 1229 1276
f 1229 1277 1276
f 1229 1230 1277
f 1230 1278 1277
f 1230 1231 1278
f 1231 1279 1278
f 1231 1232 1279
f 1232 1280 1279
f 1232 1233 1280
f 1233 1281 1280
f 1233 1234 1281
f 1234 1282 1281
f 1234 1235 1282
f 1235 1283 1282
f 1235 1236 1283
f 1236 1284 1283
f 1236 1237 1284
f 1237 1285 1284
f 1237 1238 1285
f 1238 1286 1285
f 1238 1239 1286
f 1239 1287 1286
f 1239 1240 1287
f 1240 1288 1287
f 1240 1241 1288
f 1241 1289 1288
f 1241 1242 1289
f 1242 1290 1289
f 1242 1243 1290
f 1243 1291 1290
f 1243 1244 1291
f 1244 1292 1291
f 1244 1245 1292
f 1245 1293 1292
f 1245 1246 1293
f 1246 1294 1293
f 1246 1247 1294
f 1247 1295 1294
f 1247 1248 1295
f 1248 1296 1295
f 1248 1201 1296
f 1201 1249 1296
f 1249 1250 1297
f 1250 1298 1297
f 1250 1251 1298
f 1251 1299 1298
f 1251 1252 1299
f 1252 1300 1299
f 1252 1253 1300
f 1253 1301 1300
f 1253 1254 1301
f 1254 1302 1301
f 1254 1255 1302
f 1255 1303 1302
f 1255 1256 1303
f 1256 1304 1303
f 1256 1257 1304
f 1257 1305 1304
f 1257 1258 1305
f 1258 1306 1305
f 1258 1259 1306
f 1259 1307 1306
f 1259 1260 1307
f 1260 1308 1307
f 1260 1261 1308
f 1261 1309 1308
f 1261 1262 1309
f 1262 1310 1309
f 1262 1263 1310
f 1263 1311 1310
f 1263 1264 1311
f 1264 1312 1311
f 1264 1265 1312
f 1265 1313 1312
f 1265 1266 1313
f 1266 1314 1313
f 1266 1267 1314
f 1267 1315 1314
f 1267 1268 1315
f 1268 1316 1315
f 1268 1269 1316
f 1269 1317 1316
f 1269 1270 1317
f 1270 1318 1317
f 1270 1271 1318
f 1271 1319 1318
f 1271 1272 1319
f 1272 1320 1319
f 1272 1273 1320
f 1273 1321 1320
f 1273 1274 1321
f 1274 1322 1321
f 1274 1275 1322
f 1275 1323 1322
f 1275 1276 1323
f 1276 1324 1323
f 1276 1277 1324
f 1277 1325 1324
f 1277 1278 1325
f 1278 1326 1325
f 1278 1279 1326
f 1279 1327 1326
f 1279 1280 1327
f 1280 1328 1327
f 1280 1281 1328
f 1281 1329 1328
f 1281 1282 1329
f 1282 1330 1329
f 1282 1283 1330
f 1283 1331 1330
f 1283 1284 1331
f 1284 1332 1331
f 1284 1285 1332
f 1285 1333 1332
f 1285 1286 1333
f 1286 1334 1333
f 1286 1287 1334
f 1287 1335 1334
f 1287 1288 1335
f 1288 1336 1335
f 1288 1289 1336
f 1289 1337 1336
f 1289 1290 1337
f 1290 1338 1337
f 1290 1291 1338
f 1291 1339 1338
f 1291 1292 1339
f 1292 1340 1339
f 1292 1293 1340
f 1293 1341 1340
f 1293 1294 1341
f 1294 1342 1341
f 1294 1295 1342
f 1295 1343 1342
f 1295 1296 1343
f 1296 1344 1343
f 1296 1249 1344
f 1249 1297 1344
f 31 30 32
f 32 30 1345
f 32 1346 33
f 32 1345 1346
f 33 1346 34
f 34 1346 1347
f 34 1348 35
f 34 1347 1348
f 35 1348 36
f 36 1348 1349
f 36 1350 37
f 36 1349 1350
f 37 1350 38
f 38 1350 1351
f 38 1352 39
f 38 1351 1352
f 39 1352 40
f 40 1352 1353
f 40 1354 41
f 40 1353 1354
f 41 1354 42
f 42 1354 1355
f 42 44 43
f 42 1355 44
f 30 1356 1345
f 30 29 1356
f 1345 1356 1346
f 1346 1356 1357
f 1346 1358 1347
f 1346 1357 1358
f 1347 1358 1348
f 1348 1358 1359
f 1348 1360 1349
f 1348 1359 1360
f 1349 1360 1350
f 1350 1360 1361
f 1350 1362 1351
f 1350 1361 1362
f 1351 1362 1352
f 1352 1362 1363
f 1352 1364 1353
f 1352 1363 1364
f 1353 1364 1354
f 1354 1364 1365
f 1354 1366 1355
f 1354 1365 1366
f 1355 1366 44
f 44 1366 45
f 29 28 1356
f 1356 28 1367
f 1356 1368 1357
f 1356 1367 1368
f 1357 1368 1358
f 1358 1368 1369
f 1358 1370 1359
f 1358 1369 1370
f 1359 1370 1360
f 1360 1370 1371
f 1360 1372 1361
f 1360 1371 1372
f 1361 1372 1362
f 1362 1372 1373
f 1362 1374 1363
f 1362 1373 1374
f 1363 1374 1364
f 1364 1374 1375
f 1364 1376 1365
f 1364 1375 1376
f 1365 1376 1366
f 1366 1376 1377
f 1366 46 45
f 1366 1377 46
f 28 1378 1367
f 28 27 1378
f 1367 1378 1368
f 1368 1378 1379
f 1368 1380 1369
f 1368 1379 1380
f 1369 1380 1370
f 1370 1380 1381
f 1370 1382 1371
f 1370 1381 1382
f 1371 1382 1372
f 1372 1382 1383
f 1372 1384 1373
f 1372 1383 1384
f 1373 1384 1374
f 1374 1384 1385
f 1374 1386 1375
f 1374 1385 1386
f 1375 1386 1376
f 1376 1386 1387
f 1376 1388 1377
f 1376 1387 1388
f 1377 1388 46
f 46 1388 47
f 27 26 1378
f 1378 26 1389
f 1378 1390 1379
f 1378 1389 1390
f 1379 1390 1380
f 1380 1390 1391
f 1380 1392 1381
f 1380 1391 1392
f 1381 1392 1382
f 1382 1392 1393
f 1382 1394 1383
f 1382 1393 1394
f 1383 1394 1384
f 1384 1394 1395
f 1384 1396 1385
f 1384 1395 1396
f 1385 1396 1386
f 1386 1396 1397
f 1386 1398 1387
f 1386 1397 1398
f 1387 1398 1388
f 1388 1398 1399
f 1388 48 47
f 1388 1399 48
f 26 1400 1389
f 26 25 1400
f 1389 1400 1390
f 1390 1400 1401
f 1390 1402 1391
f 1390 1401 1402
f 1391 1402 1392
f 1392 1402 1403
f 1392 1404 1393
f 1392 1403 1404
f 1393 1404 1394
f 1394 1404 1405
f 1394 1406 1395
f 1394 1405 1406
f 1395 1406 1396
f 1396 1406 1407
f 1396 1408 1397
f 1396 1407 1408
f 1397 1408 1398
f 1398 1408 1409
f 1398 1410 1399
f 1398 1409 1410
f 1399 1410 48
f 48 1410 1
f 25 24 1400
f 1400 24 1411
f 1400 1412 1401
f 1400 1411 1412
f 1401 1412 1402
f 1402 1412 1413
f 1402 1414 1403
f 1402 1413 1414
f 1403 1414 1404
f 1404 1414 1415
f 1404 1416 1405
f 1404 1415 1416
f 1405 1416 1406
f 1406 1416 1417
f 1406 1418 1407
f 1406 1417 1418
f 1407 1418 1408
f 1408 1418 1419
f 1408 1420 1409
f 1408 1419 1420
f 1409 1420 1410
f 1410 1420 1421
f 1410 2 1
f 1410 1421 2
f 24 1422 1411
f 24 23 1422
f 1411 1422 1412
f 1412 1422 1423
f 1412 1424 1413
f 1412 1423 1424
f 1413 1424 1414
f 1414 1424 1425
f 1414 1426 1415
f 1414 1425 1426
f 1415 1426 1416
f 1416 1426 1427
f 1416 1428 1417
f 1416 1427 1428
f 1417 1428 1418
f 1418 1428 1429
f 1418 1430 1419
f 1418 1429 1430
f 1419 1430 1420
f 1420 1430 1431
f 1420 1432 1421
f 1420 1431 1432
f 1421 1432 2
f 2 1432 3
f 23 22 1422
f 1422 22 1433
f 1422 1434 1423
f 1422 1433 1434
f 1423 1434 1424
f 1424 1434 1435
f 1424 1436 1425
f 1424 1435 1436
f 1425 1436 1426
f 1426 1436 1437
f 1426 1438 1427
f 1426 1437 1438
f 1427 1438 1428
f 1428 1438 1439
f 1428 1440 1429
f 1428 1439 1440
f 1429 1440 1430
f 1430 1440 1441
f 1430 1442 1431
f 1430 1441 1442
f 1431 1442 1432
f 1432 1442 1443
f 1432 4 3
f 1432 1443 4
f 22 1444 1433
f 22 21 1444
f 1433 1444 1434
f 1434 1444 1445
f 1434 1446 1435
f 1434 1445 1446
f 1435 1446 1436
f 1436 1446 1447
f 1436 1448 1437
f 1436 1447 1448
f 1437 1448 1438
f 1438 1448 1449
f 1438 1450 1439
f 1438 1449 1450
f 1439 1450 1440
f 1440 1450 1451
f 1440 1452 1441
f 1440 1451 1452
f 1441 1452 1442
f 1442 1452 1453
f 1442 1454 1443
f 1442 1453 1454
f 1443 1454 4
f 4 1454 5
f 21 20 1444
f 1444 20 1455
f 1444 1456 1445
f 1444 1455 1456
f 1445 1456 1446
f 1446 1456 1457
f 1446 1458 1447
f 1446 1457 1458
f 1447 1458 1448
f 1448 1458 1459
f 1448 1460 1449
f 1448 1459 1460
f 1449 1460 1450
f 1450 1460 1461
f 1450 1462 1451
f 1450 1461 1462
f 1451 1462 1452
f 1452 1462 1463
f 1452 1464 1453
f 1452 1463 1464
f 1453 1464 1454
f 1454 1464 1465
f 1454 6 5
f 1454 1465 6
f 20 18 1455
f 20 19 18
f 1455 18 1456
f 1456 18 17
f 1456 16 1457
f 1456 17 16
f 1457 16 1458
f 1458 16 15
f 1458 14 1459
f 1458 15 14
f 1459 14 1460
f 1460 14 13
f 1460 12 1461
f 1460 13 12
f 1461 12 1462
f 1462 12 11
f 1462 10 1463
f 1462 11 10
f 1463 10 1464
f 1464 10 9
f 1464 8 1465
f 1464 9 8
f 1465 8 6
f 6 8 7
# grip center 0.0777835464 0.0142531033 0.601874018 active 1 orientation 1 0 0 0 patch_center 0
# ball 0 center 0.243280945 -0.0646915632 0.529778177 radius 0.07 appearance 0 orientation -0.132215137 -0.488117466 -0.859836606 -0.0702958586 angular_velocity -5.23320152 15.9218052 7.82413833 linear_velocity 0.444234574 -0.0105872158 -2.47487517
# ball 1 center 0.353077404 0.0861060522 0.399343623 radius 0.065 appearance 1 orientation -0.0471074853 0.607693812 -0.633467627 0.476663279 angular_velocity -9.47605785 11.5423238 9.67906432 linear_velocity 0.433048242 0.0557577623 -3.55402921
# ball 2 center 0.293141996 0.22350069 0.312525427 radius 0.075 appearance 2 orientation 0.171341338 0.976295436 -0.130362264 -0.0222496488 angular_velocity -1.90026789 22.0719803 -3.50896814 linear_velocity -0.033339697 0.180757722 0.0215358652
# ball 3 center 0.284327221 0.143264407 0.204315314 radius 0.06 appearance 1 orientation 0.733699642 -0.0174553814 -0.664556794 0.140514815 angular_velocity -9.68988899 10.2517273 -6.27607584 linear_velocity -2.21910505 -0.371821145 0.59956379
# ball 4 center 0.0816160776 0.11709033 0.110144912 radius 0.068 appearance 3 orientation 0.27913351 -0.26205049 -0.923539987 -0.0220888484 angular_velocity -3.0619185 -10.5067022 -4.3733038 linear_velocity -3.92459024 0.175903758 -3.58108595
# ball 5 center 0.269743085 -0.0460146763 0.217391271 radius 0.072 appearance 0 orientation 0.416452531 -0.849965531 -0.124506018 0.297698062 angular_velocity 0.273923251 19.72132 -2.73376287 linear_velocity -1.64264095 -0.0485896331 -1.65019134
# ball 6 center 0.279049382 -0.0642202199 0.350833967 radius 0.063 appearance 2 orientation -0.477871785 -0.268193412 -0.417581567 -0.724800997 angular_velocity 3.21147115 -7.13135253 -6.99116624 linear_velocity -0.0903985649 0.05698168 -1.74490699
# ball 7 center 0.358097185 0.0536872421 0.253406274 radius 0.066 appearance 3 orientation 0.696094172 0.252759795 -0.416909123 -0.527021985 angular_velocity 12.8310102 16.5567226 5.38908052 linear_velocity -0.915170559 -0.627960547 -1.8322936
# ball 8 center 0.171210447 -0.14166099 0.3263658 radius 0.072 appearance 0 orientation -0.685027405 0.662753481 0.00602094754 -0.302421932 angular_velocity -4.33439617 18.4646418 2.68321103 linear_velocity -0.314929079 0.239921096 -1.32978078
# ball 9 center 0.175869248 0.10874943 0.255067798 radius 0.064 appearance 1 orientation 0.484474215 -0.782485668 0.208176644 -0.331154645 angular_velocity 17.7382458 -0.986577723 4.45404554 linear_velocity -2.42652321 -1.43937953 -1.67146411
# ball 10 center 0.290865892 0.112960901 0.07 radius 0.07 appearance 2 orientation 0.74050689 -0.210202559 0.637494451 -0.0326382562 angular_velocity 15.4949787 -8.44538944 -0.862888297 linear_velocity -0.594788995 -1.09127505 -0.000258500791
# ball 11 center 0.0877735079 -0.00404715722 0.185466721 radius 0.067 appearance 3 orientation 0.478180922 0.743453718 0.230833146 0.406614846 angular_velocity -1.9794228 -1.76942908 2.34563528 linear_velocity -2.32343486 -0.566746086 -3.79874777
