# Numi Solver explicit-yarn cloth bag reference
# static_bench min -0.75 -0.5 -0.08 max 0.75 0.5 0 floor -0.75
# vertices 1465 render_triangles 2880
v 0.171610166 -0.0487779958 0.593320516
v 0.186029007 -0.0484737209 0.641219011
v 0.21512629 -0.023106085 0.663516424
v 0.226251282 0.0184534208 0.649194007
v 0.221163995 0.0451669226 0.613831706
v 0.230591185 0.0810757422 0.594533445
v 0.253982186 0.116658396 0.59239313
v 0.257895361 0.154019325 0.571643498
v 0.250472494 0.156758103 0.52876397
v 0.236785664 0.124031014 0.502841171
v 0.237281893 0.133002146 0.463051022
v 0.255860806 0.161100367 0.441117782
v 0.277724235 0.195745355 0.440198085
v 0.297329259 0.213365945 0.41042983
v 0.291616263 0.216727202 0.371373372
v 0.325541247 0.205598619 0.354475649
v 0.334253526 0.213190186 0.317171603
v 0.353562001 0.206211474 0.283917558
v 0.373074254 0.210857755 0.249565494
v 0.397157191 0.196107578 0.217158194
v 0.417427203 0.190929233 0.17527424
v 0.42030353 0.178093852 0.129091134
v 0.404628818 0.150206417 0.0941795814
v 0.382887871 0.107629459 0.0848515218
v 0.366500351 0.0617132262 0.100948396
v 0.355256755 0.019153555 0.112587728
v 0.33920367 -0.01509255 0.116248554
v 0.321631681 -0.0475307171 0.103100005
v 0.324669708 -0.0832928558 0.0840143236
v 0.309201572 -0.11901393 0.0944313531
v 0.305245759 -0.159606564 0.104333256
v 0.290856743 -0.179837029 0.13577449
v 0.262901444 -0.203109389 0.1515806
v 0.232689676 -0.218073573 0.178309724
v 0.204816302 -0.224114215 0.210926245
v 0.192265095 -0.235586422 0.249895805
v 0.194304976 -0.26008536 0.284650715
v 0.193816148 -0.261161908 0.327141744
v 0.193081417 -0.269920277 0.369325663
v 0.189430058 -0.259989658 0.410458531
v 0.195451181 -0.250733135 0.451797219
v 0.203629022 -0.228964659 0.489133242
v 0.212553318 -0.189789371 0.504271261
v 0.205184908 -0.157607747 0.530861479
v 0.176711143 -0.125997241 0.523436374
v 0.167156828 -0.0861900652 0.520705519
v 0.166891176 -0.0503625802 0.522831227
v 0.17361968 -0.0242028213 0.550984696
v 0.173040923 -0.041737593 0.597526572
v 0.180350476 -0.0447592496 0.644824929
v 0.208636939 -0.0179367673 0.664950282
v 0.218688509 0.0245021357 0.653538658
v 0.211845349 0.0526375082 0.620307659
v 0.219366314 0.0878697865 0.602201134
v 0.242807549 0.12186434 0.597754518
v 0.248370924 0.156299545 0.573225658
v 0.242249545 0.158858662 0.531208257
v 0.227886602 0.126828344 0.505879669
v 0.234407243 0.141077958 0.467786583
v 0.252071711 0.168467584 0.44447673
v 0.273256785 0.202451849 0.442174993
v 0.288867606 0.21589002 0.409069112
v 0.291300315 0.20601408 0.371655432
v 0.323778527 0.217277263 0.354514305
v 0.342027086 0.218448666 0.321249749
v 0.352893118 0.213561725 0.284160157
v 0.378917595 0.214670805 0.253093696
v 0.39669136 0.204825935 0.214988976
v 0.409700621 0.196525239 0.172762525
v 0.407341356 0.177409301 0.131789098
v 0.391888248 0.146161224 0.102635931
v 0.373068364 0.10382997 0.0951662195
v 0.364412438 0.0595359472 0.112427397
v 0.345403035 0.0205713179 0.112937193
v 0.331412447 -0.0136382156 0.112973498
v 0.317640603 -0.0505909069 0.10799612
v 0.318859599 -0.0820729385 0.0804680267
v 0.304710334 -0.119174971 0.0878892611
v 0.297167325 -0.158379574 0.102095232
v 0.284174605 -0.172339661 0.137694088
v 0.270710869 -0.19915784 0.161335532
v 0.239510254 -0.20838224 0.186231808
v 0.212287255 -0.215738287 0.217598368
v 0.203119702 -0.236445599 0.252492123
v 0.191835893 -0.251819723 0.289422689
v 0.201787482 -0.259795363 0.329207919
v 0.189110839 -0.264517583 0.369654388
v 0.184199818 -0.257175251 0.411067304
v 0.189283959 -0.253030226 0.453179428
v 0.193562144 -0.226789106 0.487489548
v 0.199153657 -0.191453644 0.510159175
v 0.190555997 -0.159414379 0.534174727
v 0.181744654 -0.120296872 0.531684149
v 0.163380359 -0.087056035 0.528536151
v 0.160316395 -0.0514946645 0.530219029
v 0.165235896 -0.021825533 0.555410075
v 0.166562255 -0.0322866402 0.599442798
v 0.170699959 -0.031984654 0.642489504
v 0.194540591 -0.0060731025 0.664807833
v 0.204099816 0.0347835166 0.658005487
v 0.200211579 0.0643539937 0.629035744
v 0.203243881 0.0959358872 0.608290991
v 0.22649194 0.127640193 0.602303198
v 0.233751402 0.159008119 0.575769493
v 0.230402395 0.155064802 0.535049542
v 0.218745056 0.134801233 0.500717272
v 0.225496032 0.149774028 0.463529791
v 0.24460122 0.177778778 0.444638885
v 0.265374033 0.209189398 0.437850773
v 0.279117506 0.21339575 0.403137502
v 0.285384092 0.215690524 0.366369355
v 0.315719068 0.222761437 0.346628626
v 0.337857745 0.227291567 0.317520256
v 0.350884012 0.220267338 0.281690156
v 0.378504189 0.221821788 0.252201583
v 0.388585296 0.21232506 0.213180339
v 0.391171983 0.197960583 0.174293741
v 0.385730169 0.170183307 0.143862735
v 0.370480184 0.14005477 0.119117209
v 0.362571736 0.0986048098 0.114624523
v 0.351920825 0.0580402075 0.119885808
v 0.336483548 0.0220927674 0.115163117
v 0.325451577 -0.0114261636 0.108943511
v 0.312004456 -0.0481864806 0.105834457
v 0.312940031 -0.0816800147 0.0819661206
v 0.303234797 -0.120078207 0.0807898158
v 0.288567358 -0.151913373 0.102881935
v 0.270146804 -0.170961888 0.133051498
v 0.264517929 -0.183467073 0.166970133
v 0.251960284 -0.20136983 0.198447883
v 0.228078896 -0.222695859 0.222547933
v 0.217947815 -0.235117731 0.258952243
v 0.199631358 -0.240474064 0.294097042
v 0.205556467 -0.24844958 0.332981735
v 0.19369949 -0.255010904 0.37169152
v 0.18268785 -0.246574778 0.410219246
v 0.181795655 -0.242074696 0.45106178
v 0.178913019 -0.216792721 0.484147249
v 0.178783535 -0.188739188 0.513159361
v 0.174091261 -0.154308101 0.528567512
v 0.175088877 -0.119622724 0.541299847
v 0.157424541 -0.0886150335 0.536102721
v 0.151280039 -0.0530010151 0.537309101
v 0.155588106 -0.0224085172 0.559502271
v 0.157312331 -0.0200764082 0.599707073
v 0.15979476 -0.014127616 0.638044715
v 0.176342018 0.00734586363 0.66576519
v 0.186942058 0.0444842667 0.66073904
v 0.186010021 0.072843264 0.635172482
v 0.190375637 0.103312245 0.616999704
v 0.211281402 0.133583187 0.607757312
v 0.217234532 0.157635539 0.576228316
v 0.21941209 0.144367608 0.53910613
v 0.20667612 0.145244571 0.501700738
v 0.220124958 0.163137397 0.469379454
v 0.236159276 0.188463964 0.447089657
v 0.25592188 0.215876357 0.43358939
v 0.272637639 0.222650478 0.40239989
v 0.289435118 0.224453042 0.370672657
v 0.315200863 0.232692133 0.347510856
v 0.329526604 0.226698057 0.315017674
v 0.349535647 0.227708708 0.282401734
v 0.370860892 0.226066981 0.249382666
v 0.373620597 0.214222997 0.212112328
v 0.368963382 0.192378076 0.180089265
v 0.365609246 0.158089368 0.162736991
v 0.354140027 0.128463797 0.141648076
v 0.34813867 0.092616405 0.131363829
v 0.339352513 0.0572283685 0.122742698
v 0.328921704 0.0231307439 0.113755245
v 0.319230004 -0.0104293132 0.106349517
v 0.306965328 -0.0458285453 0.101820923
v 0.304517996 -0.0812523716 0.0854582128
v 0.292589837 -0.117694572 0.0822446959
v 0.277309577 -0.145309102 0.106270857
v 0.264223096 -0.157671011 0.140260948
v 0.248781731 -0.175150082 0.167077582
v 0.244953393 -0.185063731 0.201611243
v 0.229389344 -0.206682845 0.228971386
v 0.22265909 -0.220316374 0.264035367
v 0.209796467 -0.229647614 0.298815086
v 0.211988282 -0.235459455 0.336509729
v 0.199324527 -0.241086559 0.372683935
v 0.195140121 -0.236459074 0.41105952
v 0.186055587 -0.225281771 0.44718429
v 0.171406581 -0.20111153 0.474416617
v 0.162932834 -0.179959837 0.504322116
v 0.1647473 -0.147146231 0.51754889
v 0.165504555 -0.122920951 0.543564012
v 0.150582199 -0.0899748634 0.543754771
v 0.142414647 -0.0543020716 0.545025851
v 0.145252693 -0.0223262007 0.563455711
v 0.146240628 -0.0100411341 0.600447924
v 0.153702941 0.00379316138 0.632914545
v 0.160771574 0.0183386969 0.665228098
v 0.174049353 0.0518010116 0.661952328
v 0.175888048 0.0783458369 0.638443357
v 0.187540025 0.108941907 0.626949375
v 0.200477948 0.139168563 0.611130141
v 0.203817961 0.154791959 0.576109926
v 0.205608169 0.148996387 0.538572217
v 0.203872308 0.160080117 0.502054088
v 0.225312796 0.175656269 0.474857714
v 0.227690268 0.198174299 0.446691027
v 0.250902007 0.212690796 0.424993288
v 0.267832236 0.223149394 0.396087026
v 0.292027148 0.230441352 0.371580181
v 0.312439739 0.237322132 0.343869057
v 0.3269633 0.231464519 0.311775428
v 0.34893137 0.234531508 0.281740365
v 0.36237292 0.229810041 0.246582274
v 0.358796878 0.212165121 0.213441017
v 0.351258063 0.184454736 0.188473218
v 0.347398672 0.149480536 0.177407418
v 0.341522632 0.119849669 0.159381876
v 0.336207433 0.0892758118 0.142049576
v 0.330990462 0.0578394698 0.125255075
v 0.321665217 0.0250668436 0.113357073
v 0.312804012 -0.00863722255 0.104325315
v 0.302090589 -0.0433980552 0.0974674946
v 0.294954726 -0.0789763712 0.0882120454
v 0.281310144 -0.113470091 0.0842143988
v 0.266577854 -0.138173604 0.108168632
v 0.252986269 -0.149214353 0.141030767
v 0.242494856 -0.162928144 0.170951223
v 0.234035602 -0.177440296 0.201491616
v 0.226263704 -0.195327467 0.23307865
v 0.218895304 -0.209229249 0.267107632
v 0.214433099 -0.218899057 0.302444656
v 0.210085407 -0.222799949 0.339054615
v 0.19879797 -0.226568257 0.373764544
v 0.19632582 -0.220811451 0.410063704
v 0.183758015 -0.210341357 0.442955085
v 0.174870234 -0.186842878 0.469896709
v 0.15722454 -0.170205855 0.495619369
v 0.153791883 -0.144150276 0.51787549
v 0.158441803 -0.125747741 0.548546412
v 0.145444045 -0.0908432625 0.552619151
v 0.133467339 -0.0560928416 0.550944111
v 0.135625251 -0.0230507979 0.568006593
v 0.138457322 -0.00334489264 0.601868602
v 0.142386616 0.0053743414 0.636012715
v 0.152081068 0.0236189686 0.66424868
v 0.166854873 0.0556088684 0.663986917
v 0.170886162 0.0841349678 0.64378698
v 0.178784423 0.111778764 0.623667907
v 0.192582063 0.143129863 0.611639951
v 0.195272709 0.153521768 0.575484665
v 0.196582274 0.151475835 0.53805453
v 0.199940538 0.169009558 0.504674985
v 0.222977253 0.184630074 0.47919768
v 0.227020784 0.206460778 0.451510737
v 0.245434919 0.218442555 0.424861943
v 0.266708394 0.229547118 0.398724859
v 0.287363031 0.237553028 0.370613541
v 0.305452204 0.241884822 0.33993627
v 0.325654679 0.238692586 0.310125937
v 0.346417355 0.239996032 0.279762814
v 0.355052431 0.230996035 0.244690227
v 0.349114024 0.211472628 0.213488925
v 0.342630177 0.17985847 0.194242739
v 0.336413977 0.14671116 0.181033156
v 0.331854393 0.117836772 0.163022523
v 0.328005723 0.0903520331 0.140777405
v 0.323767064 0.0599823543 0.120178684
v 0.314423094 0.0276835976 0.106132382
v 0.304811831 -0.00729469282 0.0999221269
v 0.295789186 -0.0423108434 0.0934932394
v 0.286151255 -0.0769974736 0.0865792461
v 0.271738097 -0.110613397 0.0860715453
v 0.256961796 -0.13585952 0.107863487
v 0.24553606 -0.154893427 0.137042267
v 0.235846872 -0.169197656 0.166836724
v 0.225741516 -0.180727632 0.198645876
v 0.219122344 -0.190326171 0.234442732
v 0.212934932 -0.203505035 0.268921713
v 0.207656355 -0.222224327 0.300892509
v 0.202562071 -0.222177707 0.337669038
v 0.193156338 -0.219048503 0.372526316
v 0.186399377 -0.220112051 0.407704256
v 0.176076423 -0.207595734 0.439483861
v 0.1679238 -0.185761579 0.46624364
v 0.155795214 -0.163889441 0.490144613
v 0.153109267 -0.151694502 0.522723158
v 0.149153761 -0.126025062 0.549279902
v 0.141274515 -0.090744789 0.561253858
v 0.125482814 -0.0573956329 0.5551629
v 0.128514848 -0.0238738944 0.572841718
v 0.131216848 0.00102291842 0.602762979
v 0.136962305 0.0124590303 0.635452036
v 0.144657159 0.0283276116 0.665964765
v 0.159105965 0.0611285828 0.669589962
v 0.163182015 0.0921380796 0.651145217
v 0.168915343 0.119069036 0.627509163
v 0.183590717 0.147167489 0.608703939
v 0.192313432 0.161462699 0.575214241
v 0.191269489 0.15768782 0.537914082
v 0.200888226 0.176800181 0.506834543
v 0.22510979 0.191856468 0.482213017
v 0.230498051 0.213013253 0.454661711
v 0.250485001 0.224118564 0.428296707
v 0.2729069 0.236661827 0.401896009
v 0.28826588 0.249619747 0.370574905
v 0.313918592 0.249210783 0.343801278
v 0.328940228 0.246815646 0.310042436
v 0.345164214 0.246128156 0.277030556
v 0.347916427 0.232128582 0.243043144
v 0.341603965 0.211053099 0.213509286
v 0.33524934 0.179668088 0.195330238
v 0.328757493 0.148634869 0.17875209
v 0.327664983 0.122413752 0.15618781
v 0.327317007 0.0953374383 0.131587499
v 0.323220446 0.0645804139 0.109270043
v 0.313217079 0.0311097247 0.0949021753
v 0.299619043 -0.00417980841 0.0923527547
v 0.289232778 -0.0401053033 0.0887635739
v 0.278283266 -0.0744251136 0.0819985911
v 0.262726445 -0.107210175 0.0859382596
v 0.248374315 -0.133707192 0.10667341
v 0.238497631 -0.147956217 0.13751971
v 0.229541794 -0.16034834 0.169121363
v 0.220859163 -0.171488268 0.202595276
v 0.213377707 -0.182277535 0.238471063
v 0.208849392 -0.195946967 0.273745952
v 0.199470968 -0.221493076 0.300370348
v 0.196129662 -0.22507587 0.338218852
v 0.185186347 -0.218609704 0.372636554
v 0.178859545 -0.217214586 0.40744912
v 0.169038722 -0.209544295 0.440661516
v 0.162535488 -0.191882542 0.47087586
v 0.1466738 -0.169811607 0.493764143
v 0.143091147 -0.14705654 0.52120993
v 0.140283476 -0.12673439 0.552507883
v 0.13688664 -0.0921206278 0.568061695
v 0.12018238 -0.0589126897 0.560484374
v 0.12190711 -0.0242679561 0.576896789
v 0.123704949 0.00314771072 0.605113252
v 0.132732942 0.0198870644 0.634409068
v 0.135835807 0.0320869718 0.668270584
v 0.149286861 0.0668379262 0.674271485
v 0.15521169 0.100435368 0.658460713
v 0.168042394 0.127694986 0.635982157
v 0.176596194 0.153073483 0.60986576
v 0.183756069 0.161872315 0.57457287
v 0.184361284 0.163005865 0.537319658
v 0.198813113 0.183919053 0.510252385
v 0.223271175 0.198279001 0.486916389
v 0.233917543 0.218820858 0.460283207
v 0.253832308 0.231483152 0.433581705
v 0.27851353 0.244069912 0.407427721
v 0.291884434 0.259649359 0.37479939
v 0.314220656 0.259367877 0.343994202
v 0.32441067 0.252292275 0.30798044
v 0.339968189 0.250166213 0.274202987
v 0.34043525 0.234265937 0.241332028
v 0.334725527 0.209567235 0.215416608
v 0.328428006 0.182141883 0.192086855
v 0.324987229 0.153368829 0.17085481
v 0.326291269 0.127470651 0.146449734
v 0.323930641 0.0991555276 0.121728195
v 0.320124109 0.0676185315 0.0994189095
v 0.303739729 0.0333042188 0.0930563216
v 0.292156466 -0.00338932895 0.096658469
v 0.280755994 -0.038826963 0.0884966698
v 0.269330933 -0.0723797807 0.0796511173
v 0.253660016 -0.104929348 0.0848529035
v 0.239257032 -0.131061736 0.105565907
v 0.227268103 -0.144248797 0.136980867
v 0.217725555 -0.155324051 0.169826651
v 0.210410483 -0.167082186 0.204054899
v 0.206749668 -0.18832499 0.235410567
v 0.200842971 -0.194854102 0.272921609
v 0.192535195 -0.222588612 0.298296464
v 0.189032184 -0.225102024 0.336850061
v 0.177883529 -0.2181734 0.3709858
v 0.173024921 -0.213450677 0.405457039
v 0.161390221 -0.211872221 0.439701187
v 0.155381176 -0.2000037 0.47400965
v 0.144587546 -0.179052505 0.502364428
v 0.134266975 -0.152042948 0.525257637
v 0.132264999 -0.125592502 0.551421194
v 0.130161208 -0.0931251697 0.571021436
v 0.114287882 -0.0593120675 0.565227682
v 0.116118618 -0.0250311277 0.582103365
v 0.116017298 0.00284754164 0.608985741
v 0.124351259 0.024873377 0.635486472
v 0.126432033 0.0376043633 0.670444253
v 0.139865595 0.0732501173 0.679100878
v 0.143892438 0.102118349 0.653665719
v 0.160324738 0.133980543 0.639396447
v 0.168230089 0.15497627 0.608135622
v 0.176280312 0.157221322 0.571903445
v 0.181556139 0.171442839 0.538421468
v 0.203824688 0.188168063 0.514842692
v 0.223292887 0.206873671 0.490485122
v 0.243977727 0.219827175 0.464291064
v 0.260804949 0.238683217 0.438032475
v 0.285579345 0.251084395 0.410695225
v 0.297704783 0.266982384 0.377096213
v 0.312539246 0.266811278 0.341189029
v 0.318815941 0.25429122 0.304485711
v 0.33463086 0.253772324 0.270300456
v 0.333529633 0.236295317 0.238904232
v 0.327971676 0.210827052 0.213879217
v 0.321361607 0.186279658 0.18734759
v 0.319161091 0.159797185 0.162416246
v 0.322796237 0.133765709 0.136528771
v 0.318595321 0.103551605 0.113785242
v 0.313887582 0.0707422631 0.0935042005
v 0.297557332 0.0361881666 0.0983508552
v 0.285844295 -0.000537140914 0.0919626688
v 0.274314933 -0.0363475789 0.0834232321
v 0.261149978 -0.0695197699 0.0781303955
v 0.245355885 -0.10132482 0.0848914927
v 0.228807374 -0.128945368 0.103706183
v 0.218160347 -0.152239909 0.131120163
v 0.212192365 -0.166364075 0.164850384
v 0.205808407 -0.175918663 0.20060917
v 0.199623808 -0.192516403 0.234280961
v 0.193065438 -0.194297707 0.272060172
v 0.185845966 -0.219684681 0.299990496
v 0.18233856 -0.227355448 0.337448146
v 0.174725306 -0.224137966 0.372706342
v 0.166117083 -0.216329396 0.406293925
v 0.152909805 -0.215766301 0.441335462
v 0.145352282 -0.205627882 0.477521747
v 0.139333698 -0.187026141 0.510102614
v 0.135907033 -0.156951507 0.533305805
v 0.126949103 -0.12822501 0.5559477
v 0.122804488 -0.0952362476 0.573399832
v 0.109771443 -0.0601952522 0.571743763
v 0.11049471 -0.0261652321 0.587294884
v 0.107313031 0.0013973754 0.614505123
v 0.113606281 0.0287034446 0.637767409
v 0.116344836 0.0427160827 0.673074732
v 0.130394441 0.0790185293 0.680807388
v 0.134156989 0.105194177 0.65180487
v 0.152186185 0.138307959 0.639983486
v 0.159694699 0.156059923 0.605724028
v 0.167430135 0.158565819 0.569453106
v 0.179467078 0.178872822 0.541835732
v 0.207000466 0.19218114 0.521665115
v 0.230133752 0.210133085 0.498838693
v 0.253145911 0.222196622 0.4725555
v 0.268762101 0.242488679 0.444852498
v 0.281406458 0.259064212 0.412089362
v 0.290554774 0.269883913 0.375683107
v 0.305912858 0.269232095 0.339494235
v 0.313815684 0.258684919 0.302142678
v 0.328688146 0.256639519 0.267534055
v 0.329255534 0.240603238 0.235723359
v 0.322751579 0.214811259 0.20987458
v 0.315121495 0.192133711 0.180236374
v 0.317756045 0.167237372 0.151741912
v 0.317013882 0.138188377 0.127151259
v 0.312220243 0.105849744 0.107376854
v 0.306116584 0.071970953 0.0901677751
v 0.290796903 0.0369175784 0.0931003956
v 0.281974027 0.000349762386 0.0843734847
v 0.267351504 -0.0344456863 0.0789976449
v 0.253097051 -0.0670925486 0.0794961036
v 0.235777295 -0.0991745148 0.0845893736
v 0.216971426 -0.127434727 0.103203464
v 0.205172019 -0.154494656 0.128262324
v 0.200057282 -0.167616635 0.164112492
v 0.200324228 -0.168702686 0.202561011
v 0.191592749 -0.190418098 0.23257244
v 0.185842952 -0.198138106 0.269575152
v 0.178501465 -0.220589883 0.298762713
v 0.175297731 -0.227340169 0.335688406
v 0.166949231 -0.225314421 0.370924682
v 0.157401736 -0.214745689 0.404028029
v 0.142801555 -0.21446907 0.439950438
v 0.134505609 -0.208389925 0.478198706
v 0.130979956 -0.192172572 0.513532445
v 0.129952944 -0.160985072 0.537099005
v 0.119455515 -0.128367933 0.554046276
v 0.117001857 -0.0939516035 0.567087489
v 0.103136074 -0.0608100937 0.575916216
v 0.107405728 -0.0290903901 0.594151136
v 0.102604054 -0.00432031984 0.624399124
v 0.102019468 0.0288433677 0.642681737
v 0.107083312 0.0478244378 0.675729282
v 0.122112081 0.0836019404 0.682729152
v 0.126962536 0.110416821 0.654323222
v 0.144528688 0.143118219 0.63996088
v 0.151266458 0.155427702 0.603013304
v 0.161275117 0.164476724 0.568763355
v 0.181043525 0.185392947 0.546397042
v 0.211653015 0.198134325 0.527836429
v 0.237581576 0.21654295 0.506615191
v 0.254784439 0.23407442 0.4771234
v 0.262277846 0.250111789 0.442991079
v 0.277901568 0.253199522 0.408007937
v 0.285159051 0.265663476 0.371770769
v 0.299485026 0.267956593 0.335605438
v 0.307813223 0.259153772 0.298583314
v 0.322884648 0.258600687 0.264393137
v 0.324546946 0.244235358 0.231551904
v 0.314767387 0.217164047 0.206268418
v 0.308533842 0.197966665 0.172502902
v 0.317031602 0.174971189 0.142100931
v 0.312014504 0.143242916 0.119668175
v 0.3074167 0.109575322 0.101399194
v 0.297720452 0.0752446186 0.0880293757
v 0.284882554 0.0393740548 0.0864218836
v 0.276996265 0.00191769056 0.0890450976
v 0.261422881 -0.0323057407 0.0850954767
v 0.244263869 -0.063660535 0.0821769186
v 0.225403674 -0.0960334014 0.0830745456
v 0.207381876 -0.122064779 0.107093452
v 0.193315581 -0.152970029 0.127431543
v 0.189977619 -0.170128628 0.163234412
v 0.191891924 -0.16685608 0.202259365
v 0.191231391 -0.182571106 0.237204543
v 0.18027408 -0.203930526 0.26600327
v 0.172122021 -0.217252442 0.300235621
v 0.166897064 -0.228333972 0.335108513
v 0.157034781 -0.228060286 0.370568887
v 0.147795864 -0.218889524 0.405284046
v 0.134807474 -0.208666621 0.441111247
v 0.125705086 -0.210457447 0.479882607
v 0.123365424 -0.194367262 0.516016804
v 0.122997618 -0.162276892 0.539869526
v 0.111416052 -0.127554579 0.553014574
v 0.111506474 -0.0918744242 0.561136559
v 0.101955278 -0.0637484184 0.582756957
v 0.110763048 -0.0331004698 0.601924734
v 0.0973969434 -0.00914180053 0.635368987
v 0.0915123556 0.0271090285 0.648165236
v 0.098650448 0.0520860043 0.677152095
v 0.113790884 0.0876271081 0.682713067
v 0.120580955 0.116675593 0.657605412
v 0.136472931 0.146762226 0.637877007
v 0.143112415 0.157429212 0.601097572
v 0.156592427 0.171329509 0.569791677
v 0.18123379 0.192355641 0.551928222
v 0.215092925 0.204307049 0.535758921
v 0.238719129 0.226788254 0.513250963
v 0.244898644 0.239431666 0.476571225
v 0.254193696 0.251966637 0.440691514
v 0.270558473 0.250317827 0.405548242
v 0.282934195 0.257185413 0.369825679
v 0.291993532 0.26644058 0.333720841
v 0.302971891 0.264144847 0.297056677
v 0.315428075 0.260905186 0.262204198
v 0.317616109 0.248604507 0.227604968
v 0.307042635 0.221251039 0.20163092
v 0.30794778 0.205267445 0.164842742
v 0.312153728 0.179648442 0.134502402
v 0.306448284 0.145790156 0.113440925
v 0.301048492 0.111280237 0.0956092364
v 0.288105157 0.075773905 0.0901470514
v 0.280486022 0.0390964199 0.0942148952
v 0.271701806 0.0020962674 0.0981003374
v 0.25286666 -0.0298939124 0.0911412745
v 0.23342611 -0.0598841604 0.0814204934
v 0.214915507 -0.0930760207 0.0858163839
v 0.205609067 -0.11746026 0.116224754
v 0.184686627 -0.148940645 0.129810539
v 0.180976808 -0.170621132 0.163507248
v 0.183663454 -0.169641254 0.203401054
v 0.186894648 -0.175580094 0.241226259
v 0.173137368 -0.200019746 0.265168078
v 0.168132461 -0.210697668 0.300766249
v 0.157074552 -0.228937336 0.332089461
v 0.145345924 -0.227383954 0.367906756
v 0.140069841 -0.212047572 0.402443687
v 0.126539092 -0.209143982 0.439188828
v 0.119134267 -0.206844254 0.478171038
v 0.115838561 -0.192745664 0.515158851
v 0.117170785 -0.165070214 0.5443342
v 0.114336103 -0.129802431 0.560024581
v 0.108593639 -0.0945907226 0.567662317
v 0.0950936666 -0.0616597714 0.57933049
v 0.100983268 -0.0344010396 0.606059456
v 0.0881428659 -0.0134017826 0.64143169
v 0.0891746898 0.0231472359 0.657173214
v 0.0911063446 0.0544559115 0.6811222
v 0.10480738 0.0908072695 0.679475434
v 0.112300667 0.122336434 0.658848876
v 0.128148329 0.148627769 0.635560363
v 0.136462501 0.163168213 0.601496276
v 0.157118631 0.179241243 0.575196153
v 0.184267143 0.199502099 0.558297258
v 0.217975256 0.212805656 0.54101177
v 0.236507943 0.236997584 0.513980692
v 0.236239741 0.240020308 0.474202182
v 0.252473802 0.244691777 0.437641848
v 0.263813544 0.246835254 0.400502227
v 0.274535807 0.258430561 0.36611035
v 0.285410689 0.264709408 0.330303271
v 0.296265862 0.267658311 0.294058892
v 0.30748775 0.26621322 0.258308433
v 0.308572173 0.251772146 0.223215896
v 0.300068402 0.224255828 0.196189739
v 0.307973917 0.21109241 0.158347987
v 0.304868334 0.176723174 0.137293707
v 0.301049655 0.149124536 0.108084161
v 0.292852534 0.113318311 0.0922375488
v 0.280521496 0.0780171554 0.095493826
v 0.276643302 0.0413724554 0.10132895
v 0.265554296 0.00523450988 0.100219593
v 0.243860862 -0.0268901096 0.0982182697
v 0.22223014 -0.0550908891 0.083793391
v 0.205251808 -0.0901556777 0.0886311545
v 0.200389641 -0.112233698 0.1210978
v 0.178629384 -0.143596522 0.133577289
v 0.172556299 -0.167705262 0.164893745
v 0.177704905 -0.176145453 0.204051781
v 0.17986349 -0.1709169 0.241530239
v 0.174876224 -0.194154932 0.269984342
v 0.176014761 -0.21148303 0.304203729
v 0.15098522 -0.21937741 0.333756752
v 0.133400461 -0.227442684 0.367539767
v 0.130746998 -0.210611831 0.402725339
v 0.119364532 -0.206656994 0.439932869
v 0.119018264 -0.198521857 0.478331135
v 0.108541866 -0.188476372 0.514827528
v 0.109502354 -0.164201852 0.546004594
v 0.107124666 -0.129897004 0.562326804
v 0.105260251 -0.0955649587 0.574744007
v 0.0875701799 -0.0628005688 0.584330472
v 0.0918309105 -0.0283085977 0.60458461
v 0.0791770104 -0.0146019002 0.644644156
v 0.0830811326 0.0219628604 0.663249293
v 0.0827895718 0.0581533373 0.680413385
v 0.0951360658 0.0944949615 0.676987486
v 0.103842195 0.123127093 0.653998286
v 0.120582627 0.148591241 0.631610399
v 0.131184185 0.171492809 0.60323942
v 0.160383658 0.185582814 0.583759991
v 0.184338109 0.208376848 0.563822985
v 0.218973466 0.219949806 0.54660247
v 0.230365061 0.242769493 0.514658235
v 0.240887536 0.246325828 0.475953417
v 0.244902893 0.247490817 0.435283274
v 0.255038079 0.245425915 0.397914314
v 0.266230608 0.257065653 0.364138173
v 0.278045037 0.266054036 0.329082235
v 0.287883859 0.272251967 0.292234872
v 0.297467815 0.271337264 0.254922564
v 0.299207257 0.255100677 0.219612231
v 0.293849698 0.227500498 0.192008496
v 0.300480226 0.210916309 0.155873935
v 0.296645246 0.176173043 0.135781925
v 0.293053802 0.150043176 0.104970833
v 0.284032608 0.113246876 0.0926565976
v 0.273259743 0.0788035731 0.0999809137
v 0.269759387 0.041038656 0.0974604277
v 0.267895239 0.000441451404 0.0912211935
v 0.239746325 -0.0250357785 0.0933479046
v 0.216861665 -0.0557112199 0.0936628818
v 0.196592468 -0.0883007105 0.0895351275
v 0.192803049 -0.108353162 0.123727388
v 0.173762917 -0.138441802 0.140135721
v 0.164844683 -0.16422258 0.168786029
v 0.169610127 -0.178087559 0.205593305
v 0.17186158 -0.169908719 0.241906774
v 0.17987527 -0.188439286 0.273580908
v 0.180285143 -0.205220842 0.310127756
v 0.149046877 -0.208717177 0.335383331
v 0.124676922 -0.22374802 0.363451432
v 0.122857645 -0.210447634 0.40126694
v 0.115991581 -0.199266455 0.438196475
v 0.109734158 -0.196437396 0.476328485
v 0.102426508 -0.182939668 0.511613835
v 0.101814628 -0.163528219 0.544879385
v 0.0997545269 -0.132332935 0.565858764
v 0.100554912 -0.0987094983 0.582207118
v 0.0847350019 -0.0647687558 0.593427662
v 0.0828530608 -0.0269362606 0.608016651
v 0.0718798235 -0.0110686451 0.643784121
v 0.0750932623 0.023526438 0.666005868
v 0.0745935091 0.0622923845 0.677929553
v 0.0860541527 0.0983367943 0.675247928
v 0.0957924527 0.12610111 0.652119737
v 0.113097004 0.153193128 0.631237161
v 0.129951715 0.180626719 0.609551223
v 0.162347913 0.193270921 0.59216768
v 0.187972632 0.213839008 0.570682225
v 0.213640889 0.22154813 0.540699
v 0.223695976 0.246484646 0.511297556
v 0.235204713 0.252061843 0.472885062
v 0.247771585 0.255675124 0.434489507
v 0.252231598 0.253320504 0.396513088
v 0.259427934 0.256103948 0.360325973
v 0.272162871 0.271491588 0.326920872
v 0.282367879 0.280923982 0.289608325
v 0.287922842 0.276099918 0.250758719
v 0.290632788 0.256754535 0.216378561
v 0.287408385 0.229467156 0.188152935
v 0.291607011 0.210114136 0.153780903
v 0.28749339 0.176758274 0.132722329
v 0.284975411 0.151408272 0.101769095
v 0.276172096 0.115248612 0.0928278483
v 0.265608863 0.0801095224 0.0968911331
v 0.271204452 0.0422548524 0.0881616189
v 0.266339113 0.001649956 0.0791040533
v 0.241606774 -0.0288253255 0.0862101119
v 0.210941235 -0.0513689542 0.0996597889
v 0.189823769 -0.0843736125 0.0925073528
v 0.184593855 -0.103076787 0.126630167
v 0.174037573 -0.132611028 0.148871821
v 0.157887558 -0.15931461 0.171765053
v 0.161316526 -0.177089677 0.205525061
v 0.164098066 -0.174371012 0.242994616
v 0.177404857 -0.180677906 0.278348556
v 0.181411214 -0.197485471 0.315369074
v 0.154095476 -0.210605302 0.342757805
v 0.120008223 -0.216951174 0.36388417
v 0.116877179 -0.21428078 0.404578948
v 0.10680199 -0.196873879 0.43873681
v 0.101823965 -0.189912609 0.476050852
v 0.0944174464 -0.180150336 0.511876701
v 0.0936131514 -0.163240381 0.545804972
v 0.089747168 -0.130622926 0.564757766
v 0.0911355481 -0.0996757819 0.586769272
v 0.0832962533 -0.0642809853 0.602561597
v 0.0742303608 -0.0248474045 0.606655313
v 0.0636501359 -0.0073507775 0.644413119
v 0.0665236551 0.0268248234 0.66621184
v 0.0671223337 0.0661554559 0.674539011
v 0.0782566673 0.101721262 0.674102477
v 0.0890745252 0.130594154 0.65257532
v 0.106586894 0.159668696 0.632005608
v 0.131823357 0.187275064 0.618179119
v 0.157581521 0.202470028 0.591861426
v 0.183220453 0.21937778 0.566900774
v 0.208178573 0.216021747 0.536555681
v 0.217090985 0.240080457 0.507062261
v 0.23046993 0.24434875 0.469914167
v 0.239957391 0.253334706 0.432960935
v 0.244736974 0.250798515 0.395597681
v 0.257814592 0.263623645 0.363174662
v 0.263563347 0.273235358 0.32481435
v 0.27430276 0.286712837 0.28778328
v 0.279233551 0.279765689 0.248321491
v 0.282637085 0.257873625 0.214886196
v 0.280507932 0.23323007 0.183604779
v 0.282297321 0.205065277 0.156583186
v 0.277908045 0.177446212 0.129602619
v 0.276787816 0.151069974 0.100834402
v 0.268010308 0.11557591 0.0906304508
v 0.264294674 0.0788971349 0.0878775981
v 0.273057605 0.041274174 0.0794425206
v 0.257654484 0.00381562323 0.0786510792
v 0.238176284 -0.0321270416 0.0786166213
v 0.204735545 -0.0466817884 0.0978206427
v 0.182774975 -0.0812892979 0.0975673207
v 0.175440244 -0.0993844373 0.130710727
v 0.169549106 -0.127002698 0.156071647
v 0.152026816 -0.154629324 0.175130811
v 0.152449698 -0.175847275 0.207182945
v 0.158730576 -0.183200332 0.244332144
v 0.168573675 -0.178548832 0.281718468
v 0.178450198 -0.19054889 0.319117101
v 0.157830323 -0.208551934 0.349469053
v 0.119768272 -0.208837648 0.36350171
v 0.108217875 -0.213261019 0.402844245
v 0.0989771883 -0.202734344 0.43967389
v 0.092538263 -0.190725247 0.474330039
v 0.0867000381 -0.178936708 0.50998704
v 0.0843018994 -0.164085384 0.545613303
v 0.0821105415 -0.135074509 0.571619694
v 0.081377262 -0.100881432 0.589785191
v 0.0778268389 -0.0660132227 0.608543879
v 0.0676288196 -0.0277309273 0.609731892
v 0.0616383179 0.000690258532 0.638381071
v 0.0601025732 0.0311511856 0.663351917
v 0.0612193417 0.0689140839 0.673056889
v 0.0728750634 0.104087517 0.67218153
v 0.0841542994 0.135228866 0.653229132
v 0.103757139 0.166353046 0.635603047
v 0.127539358 0.195157642 0.619231015
v 0.150868226 0.205348365 0.587976952
v 0.177691728 0.219373716 0.561168758
v 0.20055797 0.216622058 0.529737248
v 0.222793299 0.231851797 0.502299269
v 0.22945592 0.236961801 0.464743818
v 0.233062623 0.251332218 0.429665847
v 0.237192414 0.254480369 0.392323905
v 0.251630118 0.270971078 0.361374354
v 0.254229517 0.274770515 0.321290975
v 0.264998627 0.290047031 0.284686154
v 0.269541302 0.281084834 0.24530475
v 0.27262075 0.256587751 0.212858669
v 0.271837912 0.226540348 0.186388535
v 0.271295052 0.20156623 0.157595398
v 0.268678528 0.177885504 0.127733525
v 0.269021846 0.151540925 0.100056642
v 0.262092668 0.117782934 0.0839089723
v 0.268803814 0.0805180203 0.0796097092
v 0.264915584 0.0415422717 0.0819684859
v 0.260893935 0.00244936101 0.0849596884
v 0.233857609 -0.0260337452 0.0777203229
v 0.20242558 -0.0493390634 0.0905161103
v 0.17518195 -0.0776568144 0.0990559643
v 0.166945694 -0.10049819 0.128724262
v 0.164378772 -0.122471454 0.158616418
v 0.146459831 -0.151326262 0.177243874
v 0.143265803 -0.173755714 0.208761734
v 0.148338367 -0.182323012 0.246657214
v 0.160639738 -0.183163165 0.283922861
v 0.174136173 -0.182886239 0.321576363
v 0.157986444 -0.199532038 0.354421767
v 0.121463495 -0.201082964 0.370643384
v 0.0995399199 -0.207831378 0.404022461
v 0.0894593197 -0.203634939 0.441197139
v 0.0844896322 -0.193895112 0.476322831
v 0.0781448719 -0.180138291 0.512067395
v 0.0743610243 -0.165468354 0.549072262
v 0.0729782525 -0.138188454 0.577906729
v 0.072242619 -0.101809978 0.593927349
v 0.069443508 -0.066698729 0.611802962
v 0.0577370135 -0.0292060219 0.612337995
v 0.0519362444 0.00317586461 0.63845479
v 0.0563682274 0.0348148425 0.659442756
v 0.0560555356 0.0709905522 0.671651151
v 0.0680058452 0.106318352 0.668656985
v 0.0795987785 0.139594445 0.652357509
v 0.101200202 0.171310613 0.63832451
v 0.122809087 0.197744325 0.61564591
v 0.14804036 0.211616718 0.586880537
v 0.177151654 0.21132237 0.557937113
v 0.207130086 0.208907377 0.533050207
v 0.218695396 0.222770101 0.500103552
v 0.222414472 0.233149302 0.463848438
v 0.224476839 0.24992721 0.429545253
v 0.230244315 0.262548072 0.393893307
v 0.243797183 0.27846576 0.361529005
v 0.245520068 0.280900996 0.321586813
v 0.253781451 0.290705143 0.282959214
v 0.257448938 0.279466271 0.244340989
v 0.26024783 0.254906885 0.211535136
v 0.259845354 0.224396247 0.186011625
v 0.260447491 0.201449761 0.156254157
v 0.260500503 0.178084219 0.125811718
v 0.261343051 0.151600153 0.0975115991
v 0.253816671 0.114681622 0.0881559698
v 0.260724312 0.0773273703 0.076592735
v 0.262997816 0.0396274317 0.0890193591
v 0.258910064 0.00247019125 0.0885856058
v 0.231037475 -0.0270378164 0.0852187563
v 0.195544914 -0.0458395561 0.0883511759
v 0.173944045 -0.075000057 0.105422929
v 0.162264094 -0.0989870854 0.131809715
v 0.162765756 -0.119988264 0.162464975
v 0.141345966 -0.148420094 0.180228867
v 0.134338044 -0.172937703 0.210867108
v 0.146101203 -0.173113844 0.249108775
v 0.152818779 -0.180407199 0.287634993
v 0.169278449 -0.173181727 0.322866064
v 0.155228391 -0.187169212 0.356731086
v 0.119241316 -0.189019393 0.372217974
v 0.0955850061 -0.197881712 0.402000612
v 0.082827711 -0.196941612 0.437910716
v 0.0759480446 -0.190199413 0.473730245
v 0.0682492679 -0.1788893 0.51067517
v 0.0635806771 -0.166704994 0.549517419
v 0.0621135806 -0.13895066 0.578838905
v 0.0668381391 -0.105464086 0.601467161
v 0.0590980693 -0.0683402611 0.613402772
v 0.0508731738 -0.0309725204 0.621766325
v 0.0464493402 0.001363577 0.645096086
v 0.0503557529 0.0362443386 0.65945166
v 0.04895224 0.073133101 0.669831464
v 0.065059328 0.106658404 0.661255793
v 0.0752368369 0.14265258 0.649545923
v 0.0982665799 0.172073843 0.634526563
v 0.118440091 0.198258403 0.611367679
v 0.145720566 0.206200284 0.581911548
v 0.176621194 0.202696824 0.555912018
v 0.200379919 0.208048142 0.526265209
v 0.217132144 0.216606237 0.49417097
v 0.216925329 0.238754131 0.462805834
v 0.228963272 0.258678587 0.431447197
v 0.226881289 0.27330743 0.395350737
v 0.236416437 0.285501998 0.35936798
v 0.237436696 0.287476361 0.319979357
v 0.242060319 0.287779711 0.28034851
v 0.24488688 0.275444076 0.242613834
v 0.247845826 0.251615342 0.210318049
v 0.248743126 0.223319102 0.183386965
v 0.25223379 0.20438563 0.151923244
v 0.253194362 0.180041341 0.122133209
v 0.254995597 0.153853435 0.0915070438
v 0.245843671 0.116164469 0.0829247293
v 0.253355674 0.0771432447 0.0782949068
v 0.262059495 0.0422921669 0.0948412071
v 0.25468266 0.00415422388 0.0992340765
v 0.227807562 -0.0250730767 0.0963542188
v 0.193007317 -0.0424387729 0.0949628012
v 0.171508005 -0.0713886543 0.109287264
v 0.157649057 -0.0965445255 0.132670875
v 0.158149527 -0.117391182 0.16442727
v 0.135689616 -0.145504217 0.183039994
v 0.12674866 -0.171623204 0.213314477
v 0.141991538 -0.166102223 0.250088247
v 0.145053799 -0.176068096 0.289531444
v 0.159522056 -0.166362155 0.324564912
v 0.154476171 -0.174603585 0.361902309
v 0.123096826 -0.183131167 0.38214674
v 0.0942741822 -0.188204907 0.406410491
v 0.073233798 -0.191898573 0.437398712
v 0.0656305163 -0.18709897 0.474421824
v 0.0613482792 -0.171436878 0.51060859
v 0.0538476171 -0.164821982 0.550510971
v 0.052435071 -0.137133844 0.580127734
v 0.058290963 -0.106595959 0.606953921
v 0.0504670446 -0.0695603773 0.620634749
v 0.0515250682 -0.0336241355 0.632851657
v 0.040596192 0.00365611129 0.640585878
v 0.0428635511 0.0378955786 0.658938617
v 0.0412485067 0.076503289 0.66531257
v 0.063050835 0.106790386 0.652779291
v 0.0711818334 0.14446895 0.645659269
v 0.0937698396 0.173384675 0.629988061
v 0.11621594 0.193917032 0.604432869
v 0.142401115 0.201470715 0.575189997
v 0.172237515 0.202541737 0.548844135
v 0.202018537 0.200094446 0.525749319
v 0.209409693 0.215201909 0.492716592
v 0.213351935 0.245207234 0.467347034
v 0.224434965 0.267004676 0.435352061
v 0.223259688 0.282530541 0.398666042
v 0.227289222 0.284771963 0.358830519
v 0.227228349 0.285720162 0.319470139
v 0.232742869 0.279370049 0.281240134
v 0.233751188 0.269693548 0.243473455
v 0.237099525 0.248682775 0.210705616
v 0.239111345 0.225045955 0.181019941
v 0.243437547 0.201135319 0.152752314
v 0.249976582 0.17295404 0.126571258
v 0.246161354 0.152793114 0.0910964418
v 0.247705142 0.115503171 0.0748230045
v 0.257303581 0.0767853632 0.0838489222
v 0.258996661 0.0417596405 0.102125087
v 0.248846908 0.004281731 0.107410821
v 0.223331591 -0.0238374634 0.104214046
v 0.188693132 -0.0390855178 0.10000514
v 0.167339843 -0.0675274432 0.11352845
v 0.153106168 -0.0924759962 0.137906978
v 0.154137275 -0.113902148 0.169986119
v 0.130064105 -0.142396383 0.185808688
v 0.121025324 -0.168586267 0.215879611
v 0.13591295 -0.162650403 0.253234743
v 0.137962484 -0.171120924 0.293441171
v 0.152328578 -0.157608181 0.327309605
v 0.152634481 -0.163089622 0.364598755
v 0.123990593 -0.173788612 0.386557592
v 0.0890153716 -0.181308027 0.400649551
v 0.0745542152 -0.180464893 0.436039756
v 0.0597332156 -0.178404618 0.471439433
v 0.0592691473 -0.162831547 0.507987765
v 0.0469303925 -0.160609198 0.546510326
v 0.0533921822 -0.130816401 0.57293696
v 0.0491088305 -0.103946884 0.603435455
v 0.0400615121 -0.0684745922 0.619966533
v 0.0418030564 -0.0334141564 0.632363903
v 0.0274830425 0.00187893043 0.645401179
v 0.0318071934 0.0408472985 0.652696886
v 0.0320363076 0.0797474842 0.656980669
v 0.0542401371 0.10843077 0.643235246
v 0.0617877348 0.14505173 0.63336999
v 0.0860208015 0.167013031 0.613466665
v 0.11767728 0.17582375 0.594795205
v 0.147422345 0.183637991 0.572979741
v 0.172048978 0.187094955 0.54494649
v 0.194176159 0.192647612 0.516625214
v 0.196492819 0.217200262 0.489692765
v 0.201556833 0.244305112 0.462201623
v 0.216461616 0.259736161 0.428736459
v 0.211474141 0.278190427 0.394463857
v 0.215640848 0.27514796 0.355396932
v 0.214792995 0.27201527 0.317091114
v 0.219202575 0.264566591 0.28082742
v 0.218709399 0.25917482 0.2438137
v 0.22399275 0.241463941 0.211157608
v 0.230598989 0.216256703 0.184784355
v 0.23789954 0.191837835 0.158525001
v 0.238459633 0.169172383 0.128050381
v 0.233552174 0.15059871 0.0933131782
v 0.234366102 0.113703852 0.0786876393
v 0.246493693 0.079366732 0.0942641264
v 0.248411058 0.0462566556 0.116181027
v 0.240276987 0.00952479327 0.123693628
v 0.216171556 -0.0150437779 0.116046702
v 0.18398674 -0.0314371499 0.108898079
v 0.162949146 -0.0610366335 0.119746573
v 0.146265604 -0.086427547 0.141310572
v 0.146705406 -0.106851955 0.172993338
v 0.124143669 -0.132409166 0.191877191
v 0.112920967 -0.156349524 0.220758389
v 0.120986518 -0.160093228 0.259232748
v 0.128699813 -0.158080404 0.2977887
v 0.143201848 -0.143981007 0.329770078
v 0.144401171 -0.149792852 0.364990062
v 0.12163624 -0.161593992 0.392281612
v 0.0858613913 -0.169921793 0.402983893
v 0.0664116929 -0.172184028 0.435689974
v 0.0493223276 -0.172443659 0.469665328
v 0.0448822491 -0.160734206 0.50594713
v 0.0378576018 -0.146662146 0.541077234
v 0.0377979823 -0.121581388 0.570499496
v 0.0461083429 -0.09084175 0.592588936
v 0.0285628806 -0.0623981194 0.610492671
v 0.0282865615 -0.0302725605 0.626368184
v 0.0399166251 0.00631478304 0.631348949
v 0.0245549404 0.0411885831 0.634429321
v 0.0255433063 0.0791366971 0.638237694
v 0.0375001623 0.114357519 0.631108605
v 0.0561691877 0.139703885 0.609884693
v 0.0772358034 0.159327863 0.588334581
v 0.1037913 0.173337992 0.57063799
v 0.134061248 0.176331429 0.553220102
v 0.158284898 0.183417108 0.529246066
v 0.183855205 0.180510634 0.505875864
v 0.194550472 0.201084529 0.479622251
v 0.198667801 0.226450931 0.453178735
v 0.210921792 0.240383621 0.420892924
v 0.201575718 0.25823086 0.389799266
v 0.198661942 0.25828015 0.352511302
v 0.203288829 0.249334332 0.317678773
v 0.202050428 0.246035836 0.283129454
v 0.202269806 0.243732252 0.247863737
v 0.209643278 0.229384588 0.216229151
v 0.222219809 0.204402766 0.193938554
v 0.228020988 0.181330444 0.167515324
v 0.220569552 0.168492489 0.134018146
v 0.219599351 0.142112252 0.107951813
v 0.219072404 0.107011367 0.0950323187
v 0.233107994 0.0775950848 0.113800489
v 0.231997688 0.0472421987 0.13483557
v 0.220198337 0.0154933302 0.133876853
v 0.211287261 -0.0164882062 0.135465022
v 0.178657439 -0.0246825991 0.123683341
v 0.155723675 -0.052693249 0.128367204
v 0.137774274 -0.0773137273 0.148258675
v 0.137375073 -0.0938935012 0.18052982
v 0.1215747 -0.115089701 0.205458277
v 0.105793007 -0.135132858 0.23152317
v 0.108580347 -0.141168382 0.267453504
v 0.118755271 -0.139331307 0.302435003
v 0.130956378 -0.129102773 0.3338741
v 0.137557036 -0.132422427 0.367063533
v 0.123783778 -0.144750706 0.398388653
v 0.0900158205 -0.154079317 0.408601867
v 0.0610222727 -0.155761386 0.431311159
v 0.0572240177 -0.154064657 0.467797122
v 0.0631979984 -0.146076922 0.502531909
v 0.0462425449 -0.126225978 0.526915304
v 0.0401075537 -0.102891135 0.553102068
v 0.0365093664 -0.0770222725 0.577433596
v 0.0433033126 -0.0522017297 0.601297168
v 0.0320846309 -0.0208025752 0.609946291
v 0.0555600738 0.0108977232 0.621367944
v 0.0453144471 0.0431951354 0.632813036
v 0.0468698538 0.0772243192 0.643937403
v 0.0532523637 0.102318715 0.618310501
v 0.0555910466 0.124273815 0.589769982
v 0.0772483612 0.140364623 0.56951212
v 0.0993417826 0.15600972 0.551915394
v 0.122735421 0.17118484 0.53407906
v 0.152705666 0.166549556 0.52028677
v 0.171210483 0.174686053 0.493453494
v 0.185079237 0.189708516 0.466920804
v 0.183020414 0.214304448 0.443143387
v 0.191987499 0.227309454 0.412534271
v 0.183990203 0.24211279 0.382314573
v 0.18999445 0.235772257 0.348865581
v 0.189461447 0.230004981 0.315710295
v 0.186615759 0.229268424 0.283602965
v 0.191084208 0.226537773 0.250501556
v 0.195453586 0.218015258 0.21759588
v 0.206070131 0.200010209 0.190740868
v 0.212761215 0.172261941 0.171513624
v 0.200926918 0.164098999 0.139987355
v 0.20370506 0.133641204 0.124153537
v 0.198574844 0.102485341 0.10964732
v 0.216796091 0.0825233174 0.131089177
v 0.210824072 0.0503995959 0.136642361
v 0.203771177 0.0207168411 0.140862152
v 0.209704223 -0.00933811291 0.152061912
v 0.182140667 -0.0285608103 0.138824385
v 0.150704937 -0.0426860129 0.137856255
v 0.12962637 -0.0651124467 0.155417152
v 0.120349518 -0.0840212802 0.183046166
v 0.107023381 -0.0969761302 0.211209479
v 0.101406197 -0.111596396 0.241071652
v 0.101767658 -0.119671144 0.27377676
v 0.111414149 -0.121433953 0.305791228
v 0.119775562 -0.116528566 0.337179893
v 0.128195376 -0.118398683 0.369002336
v 0.118211152 -0.128125737 0.400473517
v 0.0894762647 -0.137774033 0.418098304
v 0.058234547 -0.135986231 0.433940701
v 0.0629684489 -0.132725554 0.468463891
v 0.0763906725 -0.125305683 0.49907883
v 0.0673805224 -0.111066119 0.527551864
v 0.0628866169 -0.0952903563 0.556023258
v 0.0566786231 -0.0748035243 0.580802857
v 0.0608977679 -0.0476785022 0.598609656
v 0.0484584159 -0.0173146187 0.603086981
v 0.0504127456 0.0131594756 0.61000073
v 0.0479067126 0.0464876239 0.617394677
v 0.0572878134 0.0754869329 0.630040568
v 0.0577827128 0.0948239976 0.602499024
v 0.0607761599 0.11481382 0.575463428
v 0.079402875 0.130384521 0.554862416
v 0.0909844691 0.152847554 0.538414413
v 0.116602215 0.165334089 0.524347831
v 0.147027458 0.161350253 0.514091431
v 0.166600416 0.167055268 0.489083808
v 0.174985525 0.181756193 0.461729176
v 0.174262146 0.199322226 0.434882088
v 0.172917986 0.216307575 0.408267222
v 0.17378697 0.223563882 0.377400261
v 0.181593836 0.219523456 0.347129764
v 0.179752223 0.218233732 0.316325504
v 0.178668532 0.219205023 0.285792986
v 0.185445562 0.217250663 0.254452184
v 0.191997235 0.209579337 0.22284923
v 0.20804079 0.193198761 0.198938098
v 0.200123007 0.170806732 0.175761239
v 0.187661339 0.157043445 0.149399144
v 0.189473857 0.126296218 0.138980726
v 0.191263452 0.0959873146 0.128640192
v 0.2071827 0.0746136801 0.143366702
v 0.224442836 0.0472536786 0.141831726
v 0.215536544 0.0184138015 0.144980251
v 0.196038175 -0.00582069176 0.150670598
v 0.188115958 -0.0381476385 0.147458689
v 0.155182117 -0.0396619692 0.151454187
v 0.13546575 -0.0592903994 0.169303802
v 0.113326339 -0.0692472195 0.192353923
v 0.103916684 -0.07873958 0.22207477
v 0.101430982 -0.0920528171 0.250072414
v 0.100803582 -0.102812325 0.279513738
v 0.108155427 -0.109721457 0.309109795
v 0.121725788 -0.107011405 0.337500551
v 0.119357157 -0.113166422 0.368312085
v 0.118445471 -0.114768823 0.400495653
v 0.0947398465 -0.123075774 0.422289943
v 0.0657075119 -0.119586184 0.436345012
v 0.0655505647 -0.112947275 0.468723609
v 0.0836416909 -0.106125538 0.494245132
v 0.0829442728 -0.0977762658 0.523278455
v 0.0786776789 -0.0872852918 0.551647971
v 0.0682284315 -0.0697198371 0.575184503
v 0.0620718351 -0.0425240947 0.589695182
v 0.0559960966 -0.0189487623 0.609551639
v 0.0630737528 0.0109094696 0.618620449
v 0.0623401347 0.0409917841 0.62798602
v 0.0721281959 0.0690948198 0.619390397
v 0.0759643602 0.0945311363 0.603138726
v 0.076299917 0.11074447 0.576225251
v 0.0893445573 0.11993023 0.552007841
v 0.09336981 0.140808719 0.532944069
v 0.112135064 0.157741738 0.515850364
v 0.14089024 0.162503338 0.504564433
v 0.158811598 0.163877916 0.479488846
v 0.162849726 0.176485858 0.451461945
v 0.156421971 0.191314942 0.426017873
v 0.157239205 0.201655723 0.398911753
v 0.16669192 0.204324855 0.371946897
v 0.170037244 0.20835185 0.343802337
v 0.172273108 0.2083283 0.315161666
v 0.174698475 0.208840792 0.28571962
v 0.183557387 0.206065693 0.256196465
v 0.196004054 0.198657999 0.228282245
v 0.200448893 0.181231578 0.202156645
v 0.183550223 0.171515941 0.177706545
v 0.175474289 0.146672064 0.160695352
v 0.174962741 0.11815905 0.152169237
v 0.194754459 0.0983683745 0.14821427
v 0.208206702 0.0753964166 0.160001467
v 0.212735845 0.047873364 0.149479248
v 0.203316525 0.0217292488 0.148786048
v 0.204753908 -0.00371228489 0.161777015
v 0.19248736 -0.0320594857 0.163334011
v 0.165393637 -0.049156225 0.164072355
v 0.148425126 -0.0681074716 0.180173118
v 0.128131367 -0.0619878049 0.204231745
v 0.114947609 -0.0636860556 0.231279035
v 0.106595138 -0.0744657265 0.256493735
v 0.101442493 -0.0874631566 0.282749504
v 0.104574733 -0.0986073376 0.310829182
v 0.1134463 -0.101794858 0.339913633
v 0.119394866 -0.101486061 0.369916623
v 0.108737034 -0.102068353 0.398443716
v 0.0860606755 -0.105747903 0.418316029
v 0.0656352354 -0.0988456633 0.439778759
v 0.0762402448 -0.0954662987 0.467965812
v 0.0865440594 -0.0868570939 0.494092004
v 0.0920465611 -0.0822537146 0.521037732
v 0.0873312096 -0.0741255039 0.548290124
v 0.0803054025 -0.0637451888 0.575715561
v 0.0706364056 -0.0444092469 0.596691163
v 0.0655558545 -0.0154443936 0.603090486
v 0.0777928893 0.0130786876 0.609610158
v 0.0789035444 0.0396084955 0.617544566
v 0.0718474868 0.0624659216 0.60121595
v 0.0693882126 0.0878297293 0.589307999
v 0.0762972813 0.102504661 0.565522916
v 0.0850712852 0.113955814 0.542769587
v 0.0960353057 0.131637765 0.525446683
v 0.106164353 0.150733027 0.506552498
v 0.130850798 0.160130022 0.495011403
v 0.147992303 0.154591822 0.47233806
v 0.148691342 0.166199993 0.444958896
v 0.145824038 0.174445157 0.417633942
v 0.148205537 0.182261351 0.392612321
v 0.157233738 0.188128903 0.368319975
v 0.16422399 0.195541599 0.343231657
v 0.166965541 0.199254248 0.316015513
v 0.172596595 0.199097419 0.288542638
v 0.185040231 0.195105728 0.262669613
v 0.192266802 0.185563735 0.235849312
v 0.188645522 0.171647661 0.210422531
v 0.171121301 0.162820053 0.188301075
v 0.176571198 0.137192444 0.17733769
v 0.186746816 0.11498032 0.166695912
v 0.182219438 0.0901762759 0.15776249
v 0.198997457 0.070505668 0.14968012
v 0.201916722 0.0451520164 0.142476274
v 0.194675985 0.0189132828 0.138489864
v 0.189636637 -0.00294496992 0.15451124
v 0.178352376 -0.0216325846 0.17256925
v 0.175483826 -0.0483501328 0.182293462
v 0.158329893 -0.0652695318 0.198033616
v 0.139215366 -0.0617152536 0.220300574
v 0.124550902 -0.0524956143 0.241665342
v 0.111400589 -0.060335117 0.26343538
v 0.104044606 -0.0746175728 0.28782483
v 0.103894822 -0.0876214258 0.314514138
v 0.116366603 -0.0911730475 0.340413708
v 0.118645404 -0.0876717625 0.369327297
v 0.098580253 -0.0893748671 0.390305828
v 0.0839919931 -0.0848874679 0.413660502
v 0.0769512552 -0.0800375256 0.439948241
v 0.0820979042 -0.0767809338 0.466502009
v 0.0951350814 -0.0731183771 0.489263118
v 0.0956346976 -0.0686142928 0.514900169
v 0.0862004411 -0.0625564448 0.539776347
v 0.0841742898 -0.0542763895 0.566610837
v 0.0814282666 -0.0385174163 0.590160007
v 0.0802342055 -0.0140105876 0.605727815
v 0.0958310387 0.014379456 0.607413342
v 0.0950318484 0.0400954215 0.607882831
v 0.0886111116 0.0658251625 0.606585112
v 0.0840092548 0.0866238325 0.590084542
v 0.0864532082 0.0968791594 0.566088634
v 0.0937588595 0.107893882 0.543766677
v 0.102507718 0.121311185 0.523907538
v 0.111994894 0.137093825 0.504979416
v 0.125501687 0.147775173 0.484831528
v 0.134001763 0.155996085 0.460742677
v 0.132866717 0.164043848 0.433693105
v 0.131396436 0.164509477 0.407054018
v 0.136810933 0.168452937 0.384204424
v 0.147300238 0.175621715 0.363000119
v 0.158475674 0.184461372 0.340461839
v 0.166350429 0.189116168 0.315224773
v 0.173909492 0.188193136 0.289555694
v 0.181162788 0.181084061 0.264598098
v 0.181052385 0.17187653 0.239015232
v 0.171238474 0.16408375 0.215223228
v 0.162440443 0.147338627 0.195076326
v 0.162907872 0.126970433 0.178176997
v 0.172548082 0.114383492 0.15879606
v 0.185598258 0.0969197317 0.144839418
v 0.191928272 0.072833165 0.13802034
v 0.190040876 0.0470316693 0.139794536
v 0.181321425 0.0223884203 0.139461112
v 0.173481727 -0.00122212011 0.1460965
v 0.166272019 -0.0241177129 0.155587728
v 0.156984347 -0.0388373 0.174433656
v 0.152905727 -0.0455579162 0.199443437
v 0.148938993 -0.0480620481 0.225438835
v 0.138492657 -0.0519638769 0.248266963
v 0.122446085 -0.0525823384 0.267898721
v 0.108435813 -0.0622014307 0.289943287
v 0.104480774 -0.0749238322 0.31541642
v 0.111074102 -0.0793097988 0.342096435
v 0.108578142 -0.0755680525 0.36987307
v 0.0981126464 -0.0702709525 0.395164529
v 0.0883507119 -0.0637644433 0.418803814
v 0.0844529087 -0.0606112048 0.443181886
v 0.0875477435 -0.0601761964 0.467430543
v 0.0952957284 -0.0588312638 0.490550232
v 0.0990757152 -0.0555913241 0.51456004
v 0.0978174886 -0.0545310909 0.540072857
v 0.0990326919 -0.0506854033 0.566532215
v 0.0972714116 -0.0355619357 0.588937077
v 0.0961577773 -0.0115934657 0.601935603
v 0.0786796664 0.0143199078 0.601756921
v 0.0782824062 0.0384184056 0.604277915
v 0.0782482608 0.0617124502 0.595943102
v 0.0840632587 0.0793026 0.579643097
v 0.0911373904 0.0903864028 0.558916812
v 0.0984669315 0.100244387 0.537552542
v 0.105493813 0.110176128 0.516769377
v 0.112528549 0.121939833 0.496968217
v 0.120747805 0.131188123 0.476226962
v 0.12790987 0.138747919 0.453985808
v 0.134549823 0.145762739 0.429886602
v 0.142750533 0.150401292 0.407743246
v 0.148599679 0.156585211 0.387798985
v 0.154776457 0.162915063 0.366049704
v 0.161216748 0.172356519 0.342532466
v 0.16724137 0.178130311 0.317971812
v 0.171003463 0.176106712 0.292973183
v 0.171456797 0.168521275 0.269120203
v 0.16741265 0.159697729 0.246206774
v 0.164745532 0.147791683 0.2246024
v 0.167669837 0.133724277 0.20512217
v 0.175451337 0.12281152 0.185485603
v 0.179894772 0.107467021 0.168129563
v 0.176289015 0.0903503719 0.152395563
v 0.179171156 0.0684681034 0.142532006
v 0.174608164 0.0453923591 0.136772609
v 0.163854864 0.0226667756 0.136852654
v 0.154202737 0.00336565362 0.146637139
v 0.148682104 -0.0126857699 0.162593743
v 0.144643404 -0.0231937535 0.182967939
v 0.143752973 -0.0300982483 0.205581069
v 0.143548129 -0.033944916 0.2292844
v 0.139464357 -0.0391009535 0.252107549
v 0.130628567 -0.0442114366 0.273630058
v 0.11860135 -0.0541016733 0.294455896
v 0.110266605 -0.0618990698 0.318780575
v 0.110420245 -0.0638025347 0.344455745
v 0.107281374 -0.058085393 0.370726933
v 0.107208644 -0.052774484 0.397118328
v 0.104647072 -0.0509179667 0.42104756
v 0.100442811 -0.0499665626 0.442857156
v 0.0979868208 -0.0486878527 0.465131664
v 0.0956337031 -0.0460824071 0.487842551
v 0.0936323438 -0.0444004352 0.510918065
v 0.0903353681 -0.0429898782 0.533974729
v 0.0880152627 -0.0400469211 0.558139788
v 0.0819769403 -0.0296533694 0.579910519
v 0.079371431 -0.00890148767 0.594296942
v 0.32290829 -0.136495144 0.159124178
v 0.310370445 -0.170597748 0.17525207
v 0.290970423 -0.199443866 0.196210459
v 0.264120275 -0.223204165 0.21981199
v 0.247350915 -0.237238129 0.256017521
v 0.246383914 -0.252785067 0.295445366
v 0.245797595 -0.251393344 0.338046939
v 0.239197365 -0.240687589 0.378914805
v 0.235644905 -0.223989301 0.417472679
v 0.229635905 -0.196835327 0.450682967
v 0.223981046 -0.163748708 0.477559726
v 0.34180534 -0.110467789 0.133169838
v 0.343479378 -0.126620294 0.197580821
v 0.317269386 -0.147010215 0.219106339
v 0.295015155 -0.17571891 0.239618832
v 0.295523868 -0.210809429 0.263543405
v 0.27583119 -0.208253001 0.300818507
v 0.259723225 -0.199193694 0.339236628
v 0.238216241 -0.185562385 0.373250314
v 0.234466655 -0.163107432 0.409618751
v 0.218771277 -0.131580021 0.434516362
v 0.206715599 -0.126589365 0.487623195
v 0.342006449 -0.0716042674 0.140150111
v 0.36769202 -0.101492695 0.17623515
v 0.360630542 -0.11107006 0.239779175
v 0.343350065 -0.139853425 0.260452082
v 0.322185468 -0.167397594 0.285496722
v 0.286078333 -0.155621544 0.304073749
v 0.25764576 -0.14551527 0.334322483
v 0.237825362 -0.127005418 0.366599482
v 0.229049975 -0.0974665237 0.397042305
v 0.20058136 -0.0941460963 0.441323165
v 0.184498288 -0.0908797249 0.482645329
v 0.369460278 -0.0427151648 0.137495033
v 0.380813886 -0.0641547086 0.176857742
v 0.373446964 -0.0763543477 0.222945453
v 0.377966566 -0.0950084143 0.282568428
v 0.354985557 -0.120780302 0.303834036
v 0.322479516 -0.125454096 0.329372593
v 0.293641819 -0.1095943 0.356336437
v 0.27968579 -0.0782834771 0.381807292
v 0.247246498 -0.0662512136 0.418953347
v 0.2229494 -0.0610694069 0.453007493
v 0.197900378 -0.0558564879 0.49037117
v 0.387655921 -0.00921783543 0.137537773
v 0.395522787 -0.0292660015 0.182521423
v 0.393478111 -0.0427720767 0.230366204
v 0.388550638 -0.0585754472 0.273994327
v 0.372275227 -0.0655011876 0.326222466
v 0.336843247 -0.075166458 0.341234507
v 0.323203677 -0.0581485463 0.375870595
v 0.2985872 -0.0626050159 0.415041979
v 0.270437848 -0.0743322131 0.448270896
v 0.241401295 -0.0514715887 0.482539319
v 0.211110782 -0.0389172838 0.520758308
v 0.399004451 0.0323399695 0.128633748
v 0.41352435 0.00873542843 0.172790065
v 0.413425935 -0.00714114745 0.222784841
v 0.405294242 -0.0227861317 0.271198273
v 0.397459033 -0.0365058223 0.320771575
v 0.37655174 -0.0494893942 0.366467386
v 0.346708419 -0.0556728566 0.408534035
v 0.31752194 -0.0658761288 0.450205599
v 0.284065946 -0.0696419964 0.489626223
v 0.246477607 -0.0664448722 0.525286289
v 0.208735718 -0.0641544195 0.560645539
v 0.413123842 0.0803369025 0.122057864
v 0.41594287 0.0582686547 0.172472041
v 0.405843502 0.0409835158 0.223419671
v 0.411956548 0.0204022197 0.283383498
v 0.391299038 -0.00811147778 0.347358879
v 0.38648148 -0.00422162664 0.385393855
v 0.370255046 -0.0236709927 0.416590731
v 0.33417914 -0.0314070361 0.467969657
v 0.293403926 -0.0334480194 0.515973483
v 0.265570352 -0.0460329497 0.56270122
v 0.226626336 -0.0491889384 0.602804851
v 0.422441921 0.118823893 0.146759648
v 0.393952593 0.0909945779 0.1964236
v 0.371979233 0.0523259488 0.253255271
v 0.392787047 0.0358043537 0.322030241
v 0.368190969 0.0431743898 0.351564277
v 0.373710955 0.0438610662 0.390224264
v 0.370605555 0.0316417072 0.428453979
v 0.353667058 0.004786836 0.455822391
v 0.325880487 -0.0033442841 0.509911223
v 0.281421716 -0.00558286153 0.558016899
v 0.24829807 -0.0123408164 0.611158256
v 0.412250006 0.137479519 0.188183073
v 0.366248425 0.10216908 0.233098275
v 0.357836279 0.063466699 0.294442425
v 0.358702431 0.081895669 0.32925135
v 0.362540937 0.0943400786 0.366183901
v 0.375031899 0.0921053563 0.40330568
v 0.370896284 0.0788152165 0.441358417
v 0.358815971 0.0631254389 0.478665882
v 0.347963445 0.0323857795 0.505737638
v 0.315419371 0.0215856915 0.556148775
v 0.270917906 0.0250508807 0.601571874
v 0.387691695 0.146158941 0.22718145
v 0.341173867 0.109362281 0.268928463
v 0.329250194 0.112417113 0.306491018
v 0.331647287 0.128188636 0.341988927
v 0.318224295 0.118051369 0.377613831
v 0.340434214 0.127739816 0.408556688
v 0.325644518 0.0981010391 0.432214204
v 0.327856703 0.10259711 0.47221756
v 0.326401875 0.093114772 0.514530402
v 0.313714498 0.0590223547 0.536452016
v 0.262763033 0.0504374536 0.568298732
v 0.362939737 0.152048784 0.262650475
v 0.343678886 0.161045091 0.296077034
v 0.313048027 0.164419675 0.320018249
v 0.296123437 0.165886632 0.355343054
v 0.307585171 0.165972883 0.393040961
v 0.304611636 0.154667285 0.430801617
v 0.281771528 0.121189141 0.425806977
v 0.280014864 0.10908023 0.463990963
v 0.287186125 0.128334117 0.500841081
v 0.296554656 0.123899379 0.542914896
v 0.278584266 0.088654962 0.558651009
f 1 2 49
f 2 50 49
f 2 3 50
f 3 51 50
f 3 4 51
f 4 52 51
f 4 5 52
f 5 53 52
f 5 6 53
f 6 54 53
f 6 7 54
f 7 55 54
f 7 8 55
f 8 56 55
f 8 9 56
f 9 57 56
f 9 10 57
f 10 58 57
f 10 11 58
f 11 59 58
f 11 12 59
f 12 60 59
f 12 13 60
f 13 61 60
f 13 14 61
f 14 62 61
f 14 15 62
f 15 63 62
f 15 16 63
f 16 64 63
f 16 17 64
f 17 65 64
f 17 18 65
f 18 66 65
f 18 19 66
f 19 67 66
f 19 20 67
f 20 68 67
f 20 21 68
f 21 69 68
f 21 22 69
f 22 70 69
f 22 23 70
f 23 71 70
f 23 24 71
f 24 72 71
f 24 25 72
f 25 73 72
f 25 26 73
f 26 74 73
f 26 27 74
f 27 75 74
f 27 28 75
f 28 76 75
f 28 29 76
f 29 77 76
f 29 30 77
f 30 78 77
f 30 31 78
f 31 79 78
f 31 32 79
f 32 80 79
f 32 33 80
f 33 81 80
f 33 34 81
f 34 82 81
f 34 35 82
f 35 83 82
f 35 36 83
f 36 84 83
f 36 37 84
f 37 85 84
f 37 38 85
f 38 86 85
f 38 39 86
f 39 87 86
f 39 40 87
f 40 88 87
f 40 41 88
f 41 89 88
f 41 42 89
f 42 90 89
f 42 43 90
f 43 91 90
f 43 44 91
f 44 92 91
f 44 45 92
f 45 93 92
f 45 46 93
f 46 94 93
f 46 47 94
f 47 95 94
f 47 48 95
f 48 96 95
f 48 1 96
f 1 49 96
f 49 50 97
f 50 98 97
f 50 51 98
f 51 99 98
f 51 52 99
f 52 100 99
f 52 53 100
f 53 101 100
f 53 54 101
f 54 102 101
f 54 55 102
f 55 103 102
f 55 56 103
f 56 104 103
f 56 57 104
f 57 105 104
f 57 58 105
f 58 106 105
f 58 59 106
f 59 107 106
f 59 60 107
f 60 108 107
f 60 61 108
f 61 109 108
f 61 62 109
f 62 110 109
f 62 63 110
f 63 111 110
f 63 64 111
f 64 112 111
f 64 65 112
f 65 113 112
f 65 66 113
f 66 114 113
f 66 67 114
f 67 115 114
f 67 68 115
f 68 116 115
f 68 69 116
f 69 117 116
f 69 70 117
f 70 118 117
f 70 71 118
f 71 119 118
f 71 72 119
f 72 120 119
f 72 73 120
f 73 121 120
f 73 74 121
f 74 122 121
f 74 75 122
f 75 123 122
f 75 76 123
f 76 124 123
f 76 77 124
f 77 125 124
f 77 78 125
f 78 126 125
f 78 79 126
f 79 127 126
f 79 80 127
f 80 128 127
f 80 81 128
f 81 129 128
f 81 82 129
f 82 130 129
f 82 83 130
f 83 131 130
f 83 84 131
f 84 132 131
f 84 85 132
f 85 133 132
f 85 86 133
f 86 134 133
f 86 87 134
f 87 135 134
f 87 88 135
f 88 136 135
f 88 89 136
f 89 137 136
f 89 90 137
f 90 138 137
f 90 91 138
f 91 139 138
f 91 92 139
f 92 140 139
f 92 93 140
f 93 141 140
f 93 94 141
f 94 142 141
f 94 95 142
f 95 143 142
f 95 96 143
f 96 144 143
f 96 49 144
f 49 97 144
f 97 98 145
f 98 146 145
f 98 99 146
f 99 147 146
f 99 100 147
f 100 148 147
f 100 101 148
f 101 149 148
f 101 102 149
f 102 150 149
f 102 103 150
f 103 151 150
f 103 104 151
f 104 152 151
f 104 105 152
f 105 153 152
f 105 106 153
f 106 154 153
f 106 107 154
f 107 155 154
f 107 108 155
f 108 156 155
f 108 109 156
f 109 157 156
f 109 110 157
f 110 158 157
f 110 111 158
f 111 159 158
f 111 112 159
f 112 160 159
f 112 113 160
f 113 161 160
f 113 114 161
f 114 162 161
f 114 115 162
f 115 163 162
f 115 116 163
f 116 164 163
f 116 117 164
f 117 165 164
f 117 118 165
f 118 166 165
f 118 119 166
f 119 167 166
f 119 120 167
f 120 168 167
f 120 121 168
f 121 169 168
f 121 122 169
f 122 170 169
f 122 123 170
f 123 171 170
f 123 124 171
f 124 172 171
f 124 125 172
f 125 173 172
f 125 126 173
f 126 174 173
f 126 127 174
f 127 175 174
f 127 128 175
f 128 176 175
f 128 129 176
f 129 177 176
f 129 130 177
f 130 178 177
f 130 131 178
f 131 179 178
f 131 132 179
f 132 180 179
f 132 133 180
f 133 181 180
f 133 134 181
f 134 182 181
f 134 135 182
f 135 183 182
f 135 136 183
f 136 184 183
f 136 137 184
f 137 185 184
f 137 138 185
f 138 186 185
f 138 139 186
f 139 187 186
f 139 140 187
f 140 188 187
f 140 141 188
f 141 189 188
f 141 142 189
f 142 190 189
f 142 143 190
f 143 191 190
f 143 144 191
f 144 192 191
f 144 97 192
f 97 145 192
f 145 146 193
f 146 194 193
f 146 147 194
f 147 195 194
f 147 148 195
f 148 196 195
f 148 149 196
f 149 197 196
f 149 150 197
f 150 198 197
f 150 151 198
f 151 199 198
f 151 152 199
f 152 200 199
f 152 153 200
f 153 201 200
f 153 154 201
f 154 202 201
f 154 155 202
f 155 203 202
f 155 156 203
f 156 204 203
f 156 157 204
f 157 205 204
f 157 158 205
f 158 206 205
f 158 159 206
f 159 207 206
f 159 160 207
f 160 208 207
f 160 161 208
f 161 209 208
f 161 162 209
f 162 210 209
f 162 163 210
f 163 211 210
f 163 164 211
f 164 212 211
f 164 165 212
f 165 213 212
f 165 166 213
f 166 214 213
f 166 167 214
f 167 215 214
f 167 168 215
f 168 216 215
f 168 169 216
f 169 217 216
f 169 170 217
f 170 218 217
f 170 171 218
f 171 219 218
f 171 172 219
f 172 220 219
f 172 173 220
f 173 221 220
f 173 174 221
f 174 222 221
f 174 175 222
f 175 223 222
f 175 176 223
f 176 224 223
f 176 177 224
f 177 225 224
f 177 178 225
f 178 226 225
f 178 179 226
f 179 227 226
f 179 180 227
f 180 228 227
f 180 181 228
f 181 229 228
f 181 182 229
f 182 230 229
f 182 183 230
f 183 231 230
f 183 184 231
f 184 232 231
f 184 185 232
f 185 233 232
f 185 186 233
f 186 234 233
f 186 187 234
f 187 235 234
f 187 188 235
f 188 236 235
f 188 189 236
f 189 237 236
f 189 190 237
f 190 238 237
f 190 191 238
f 191 239 238
f 191 192 239
f 192 240 239
f 192 145 240
f 145 193 240
f 193 194 241
f 194 242 241
f 194 195 242
f 195 243 242
f 195 196 243
f 196 244 243
f 196 197 244
f 197 245 244
f 197 198 245
f 198 246 245
f 198 199 246
f 199 247 246
f 199 200 247
f 200 248 247
f 200 201 248
f 201 249 248
f 201 202 249
f 202 250 249
f 202 203 250
f 203 251 250
f 203 204 251
f 204 252 251
f 204 205 252
f 205 253 252
f 205 206 253
f 206 254 253
f 206 207 254
f 207 255 254
f 207 208 255
f 208 256 255
f 208 209 256
f 209 257 256
f 209 210 257
f 210 258 257
f 210 211 258
f 211 259 258
f 211 212 259
f 212 260 259
f 212 213 260
f 213 261 260
f 213 214 261
f 214 262 261
f 214 215 262
f 215 263 262
f 215 216 263
f 216 264 263
f 216 217 264
f 217 265 264
f 217 218 265
f 218 266 265
f 218 219 266
f 219 267 266
f 219 220 267
f 220 268 267
f 220 221 268
f 221 269 268
f 221 222 269
f 222 270 269
f 222 223 270
f 223 271 270
f 223 224 271
f 224 272 271
f 224 225 272
f 225 273 272
f 225 226 273
f 226 274 273
f 226 227 274
f 227 275 274
f 227 228 275
f 228 276 275
f 228 229 276
f 229 277 276
f 229 230 277
f 230 278 277
f 230 231 278
f 231 279 278
f 231 232 279
f 232 280 279
f 232 233 280
f 233 281 280
f 233 234 281
f 234 282 281
f 234 235 282
f 235 283 282
f 235 236 283
f 236 284 283
f 236 237 284
f 237 285 284
f 237 238 285
f 238 286 285
f 238 239 286
f 239 287 286
f 239 240 287
f 240 288 287
f 240 193 288
f 193 241 288
f 241 242 289
f 242 290 289
f 242 243 290
f 243 291 290
f 243 244 291
f 244 292 291
f 244 245 292
f 245 293 292
f 245 246 293
f 246 294 293
f 246 247 294
f 247 295 294
f 247 248 295
f 248 296 295
f 248 249 296
f 249 297 296
f 249 250 297
f 250 298 297
f 250 251 298
f 251 299 298
f 251 252 299
f 252 300 299
f 252 253 300
f 253 301 300
f 253 254 301
f 254 302 301
f 254 255 302
f 255 303 302
f 255 256 303
f 256 304 303
f 256 257 304
f 257 305 304
f 257 258 305
f 258 306 305
f 258 259 306
f 259 307 306
f 259 260 307
f 260 308 307
f 260 261 308
f 261 309 308
f 261 262 309
f 262 310 309
f 262 263 310
f 263 311 310
f 263 264 311
f 264 312 311
f 264 265 312
f 265 313 312
f 265 266 313
f 266 314 313
f 266 267 314
f 267 315 314
f 267 268 315
f 268 316 315
f 268 269 316
f 269 317 316
f 269 270 317
f 270 318 317
f 270 271 318
f 271 319 318
f 271 272 319
f 272 320 319
f 272 273 320
f 273 321 320
f 273 274 321
f 274 322 321
f 274 275 322
f 275 323 322
f 275 276 323
f 276 324 323
f 276 277 324
f 277 325 324
f 277 278 325
f 278 326 325
f 278 279 326
f 279 327 326
f 279 280 327
f 280 328 327
f 280 281 328
f 281 329 328
f 281 282 329
f 282 330 329
f 282 283 330
f 283 331 330
f 283 284 331
f 284 332 331
f 284 285 332
f 285 333 332
f 285 286 333
f 286 334 333
f 286 287 334
f 287 335 334
f 287 288 335
f 288 336 335
f 288 241 336
f 241 289 336
f 289 290 337
f 290 338 337
f 290 291 338
f 291 339 338
f 291 292 339
f 292 340 339
f 292 293 340
f 293 341 340
f 293 294 341
f 294 342 341
f 294 295 342
f 295 343 342
f 295 296 343
f 296 344 343
f 296 297 344
f 297 345 344
f 297 298 345
f 298 346 345
f 298 299 346
f 299 347 346
f 299 300 347
f 300 348 347
f 300 301 348
f 301 349 348
f 301 302 349
f 302 350 349
f 302 303 350
f 303 351 350
f 303 304 351
f 304 352 351
f 304 305 352
f 305 353 352
f 305 306 353
f 306 354 353
f 306 307 354
f 307 355 354
f 307 308 355
f 308 356 355
f 308 309 356
f 309 357 356
f 309 310 357
f 310 358 357
f 310 311 358
f 311 359 358
f 311 312 359
f 312 360 359
f 312 313 360
f 313 361 360
f 313 314 361
f 314 362 361
f 314 315 362
f 315 363 362
f 315 316 363
f 316 364 363
f 316 317 364
f 317 365 364
f 317 318 365
f 318 366 365
f 318 319 366
f 319 367 366
f 319 320 367
f 320 368 367
f 320 321 368
f 321 369 368
f 321 322 369
f 322 370 369
f 322 323 370
f 323 371 370
f 323 324 371
f 324 372 371
f 324 325 372
f 325 373 372
f 325 326 373
f 326 374 373
f 326 327 374
f 327 375 374
f 327 328 375
f 328 376 375
f 328 329 376
f 329 377 376
f 329 330 377
f 330 378 377
f 330 331 378
f 331 379 378
f 331 332 379
f 332 380 379
f 332 333 380
f 333 381 380
f 333 334 381
f 334 382 381
f 334 335 382
f 335 383 382
f 335 336 383
f 336 384 383
f 336 289 384
f 289 337 384
f 337 338 385
f 338 386 385
f 338 339 386
f 339 387 386
f 339 340 387
f 340 388 387
f 340 341 388
f 341 389 388
f 341 342 389
f 342 390 389
f 342 343 390
f 343 391 390
f 343 344 391
f 344 392 391
f 344 345 392
f 345 393 392
f 345 346 393
f 346 394 393
f 346 347 394
f 347 395 394
f 347 348 395
f 348 396 395
f 348 349 396
f 349 397 396
f 349 350 397
f 350 398 397
f 350 351 398
f 351 399 398
f 351 352 399
f 352 400 399
f 352 353 400
f 353 401 400
f 353 354 401
f 354 402 401
f 354 355 402
f 355 403 402
f 355 356 403
f 356 404 403
f 356 357 404
f 357 405 404
f 357 358 405
f 358 406 405
f 358 359 406
f 359 407 406
f 359 360 407
f 360 408 407
f 360 361 408
f 361 409 408
f 361 362 409
f 362 410 409
f 362 363 410
f 363 411 410
f 363 364 411
f 364 412 411
f 364 365 412
f 365 413 412
f 365 366 413
f 366 414 413
f 366 367 414
f 367 415 414
f 367 368 415
f 368 416 415
f 368 369 416
f 369 417 416
f 369 370 417
f 370 418 417
f 370 371 418
f 371 419 418
f 371 372 419
f 372 420 419
f 372 373 420
f 373 421 420
f 373 374 421
f 374 422 421
f 374 375 422
f 375 423 422
f 375 376 423
f 376 424 423
f 376 377 424
f 377 425 424
f 377 378 425
f 378 426 425
f 378 379 426
f 379 427 426
f 379 380 427
f 380 428 427
f 380 381 428
f 381 429 428
f 381 382 429
f 382 430 429
f 382 383 430
f 383 431 430
f 383 384 431
f 384 432 431
f 384 337 432
f 337 385 432
f 385 386 433
f 386 434 433
f 386 387 434
f 387 435 434
f 387 388 435
f 388 436 435
f 388 389 436
f 389 437 436
f 389 390 437
f 390 438 437
f 390 391 438
f 391 439 438
f 391 392 439
f 392 440 439
f 392 393 440
f 393 441 440
f 393 394 441
f 394 442 441
f 394 395 442
f 395 443 442
f 395 396 443
f 396 444 443
f 396 397 444
f 397 445 444
f 397 398 445
f 398 446 445
f 398 399 446
f 399 447 446
f 399 400 447
f 400 448 447
f 400 401 448
f 401 449 448
f 401 402 449
f 402 450 449
f 402 403 450
f 403 451 450
f 403 404 451
f 404 452 451
f 404 405 452
f 405 453 452
f 405 406 453
f 406 454 453
f 406 407 454
f 407 455 454
f 407 408 455
f 408 456 455
f 408 409 456
f 409 457 456
f 409 410 457
f 410 458 457
f 410 411 458
f 411 459 458
f 411 412 459
f 412 460 459
f 412 413 460
f 413 461 460
f 413 414 461
f 414 462 461
f 414 415 462
f 415 463 462
f 415 416 463
f 416 464 463
f 416 417 464
f 417 465 464
f 417 418 465
f 418 466 465
f 418 419 466
f 419 467 466
f 419 420 467
f 420 468 467
f 420 421 468
f 421 469 468
f 421 422 469
f 422 470 469
f 422 423 470
f 423 471 470
f 423 424 471
f 424 472 471
f 424 425 472
f 425 473 472
f 425 426 473
f 426 474 473
f 426 427 474
f 427 475 474
f 427 428 475
f 428 476 475
f 428 429 476
f 429 477 476
f 429 430 477
f 430 478 477
f 430 431 478
f 431 479 478
f 431 432 479
f 432 480 479
f 432 385 480
f 385 433 480
f 433 434 481
f 434 482 481
f 434 435 482
f 435 483 482
f 435 436 483
f 436 484 483
f 436 437 484
f 437 485 484
f 437 438 485
f 438 486 485
f 438 439 486
f 439 487 486
f 439 440 487
f 440 488 487
f 440 441 488
f 441 489 488
f 441 442 489
f 442 490 489
f 442 443 490
f 443 491 490
f 443 444 491
f 444 492 491
f 444 445 492
f 445 493 492
f 445 446 493
f 446 494 493
f 446 447 494
f 447 495 494
f 447 448 495
f 448 496 495
f 448 449 496
f 449 497 496
f 449 450 497
f 450 498 497
f 450 451 498
f 451 499 498
f 451 452 499
f 452 500 499
f 452 453 500
f 453 501 500
f 453 454 501
f 454 502 501
f 454 455 502
f 455 503 502
f 455 456 503
f 456 504 503
f 456 457 504
f 457 505 504
f 457 458 505
f 458 506 505
f 458 459 506
f 459 507 506
f 459 460 507
f 460 508 507
f 460 461 508
f 461 509 508
f 461 462 509
f 462 510 509
f 462 463 510
f 463 511 510
f 463 464 511
f 464 512 511
f 464 465 512
f 465 513 512
f 465 466 513
f 466 514 513
f 466 467 514
f 467 515 514
f 467 468 515
f 468 516 515
f 468 469 516
f 469 517 516
f 469 470 517
f 470 518 517
f 470 471 518
f 471 519 518
f 471 472 519
f 472 520 519
f 472 473 520
f 473 521 520
f 473 474 521
f 474 522 521
f 474 475 522
f 475 523 522
f 475 476 523
f 476 524 523
f 476 477 524
f 477 525 524
f 477 478 525
f 478 526 525
f 478 479 526
f 479 527 526
f 479 480 527
f 480 528 527
f 480 433 528
f 433 481 528
f 481 482 529
f 482 530 529
f 482 483 530
f 483 531 530
f 483 484 531
f 484 532 531
f 484 485 532
f 485 533 532
f 485 486 533
f 486 534 533
f 486 487 534
f 487 535 534
f 487 488 535
f 488 536 535
f 488 489 536
f 489 537 536
f 489 490 537
f 490 538 537
f 490 491 538
f 491 539 538
f 491 492 539
f 492 540 539
f 492 493 540
f 493 541 540
f 493 494 541
f 494 542 541
f 494 495 542
f 495 543 542
f 495 496 543
f 496 544 543
f 496 497 544
f 497 545 544
f 497 498 545
f 498 546 545
f 498 499 546
f 499 547 546
f 499 500 547
f 500 548 547
f 500 501 548
f 501 549 548
f 501 502 549
f 502 550 549
f 502 503 550
f 503 551 550
f 503 504 551
f 504 552 551
f 504 505 552
f 505 553 552
f 505 506 553
f 506 554 553
f 506 507 554
f 507 555 554
f 507 508 555
f 508 556 555
f 508 509 556
f 509 557 556
f 509 510 557
f 510 558 557
f 510 511 558
f 511 559 558
f 511 512 559
f 512 560 559
f 512 513 560
f 513 561 560
f 513 514 561
f 514 562 561
f 514 515 562
f 515 563 562
f 515 516 563
f 516 564 563
f 516 517 564
f 517 565 564
f 517 518 565
f 518 566 565
f 518 519 566
f 519 567 566
f 519 520 567
f 520 568 567
f 520 521 568
f 521 569 568
f 521 522 569
f 522 570 569
f 522 523 570
f 523 571 570
f 523 524 571
f 524 572 571
f 524 525 572
f 525 573 572
f 525 526 573
f 526 574 573
f 526 527 574
f 527 575 574
f 527 528 575
f 528 576 575
f 528 481 576
f 481 529 576
f 529 530 577
f 530 578 577
f 530 531 578
f 531 579 578
f 531 532 579
f 532 580 579
f 532 533 580
f 533 581 580
f 533 534 581
f 534 582 581
f 534 535 582
f 535 583 582
f 535 536 583
f 536 584 583
f 536 537 584
f 537 585 584
f 537 538 585
f 538 586 585
f 538 539 586
f 539 587 586
f 539 540 587
f 540 588 587
f 540 541 588
f 541 589 588
f 541 542 589
f 542 590 589
f 542 543 590
f 543 591 590
f 543 544 591
f 544 592 591
f 544 545 592
f 545 593 592
f 545 546 593
f 546 594 593
f 546 547 594
f 547 595 594
f 547 548 595
f 548 596 595
f 548 549 596
f 549 597 596
f 549 550 597
f 550 598 597
f 550 551 598
f 551 599 598
f 551 552 599
f 552 600 599
f 552 553 600
f 553 601 600
f 553 554 601
f 554 602 601
f 554 555 602
f 555 603 602
f 555 556 603
f 556 604 603
f 556 557 604
f 557 605 604
f 557 558 605
f 558 606 605
f 558 559 606
f 559 607 606
f 559 560 607
f 560 608 607
f 560 561 608
f 561 609 608
f 561 562 609
f 562 610 609
f 562 563 610
f 563 611 610
f 563 564 611
f 564 612 611
f 564 565 612
f 565 613 612
f 565 566 613
f 566 614 613
f 566 567 614
f 567 615 614
f 567 568 615
f 568 616 615
f 568 569 616
f 569 617 616
f 569 570 617
f 570 618 617
f 570 571 618
f 571 619 618
f 571 572 619
f 572 620 619
f 572 573 620
f 573 621 620
f 573 574 621
f 574 622 621
f 574 575 622
f 575 623 622
f 575 576 623
f 576 624 623
f 576 529 624
f 529 577 624
f 577 578 625
f 578 626 625
f 578 579 626
f 579 627 626
f 579 580 627
f 580 628 627
f 580 581 628
f 581 629 628
f 581 582 629
f 582 630 629
f 582 583 630
f 583 631 630
f 583 584 631
f 584 632 631
f 584 585 632
f 585 633 632
f 585 586 633
f 586 634 633
f 586 587 634
f 587 635 634
f 587 588 635
f 588 636 635
f 588 589 636
f 589 637 636
f 589 590 637
f 590 638 637
f 590 591 638
f 591 639 638
f 591 592 639
f 592 640 639
f 592 593 640
f 593 641 640
f 593 594 641
f 594 642 641
f 594 595 642
f 595 643 642
f 595 596 643
f 596 644 643
f 596 597 644
f 597 645 644
f 597 598 645
f 598 646 645
f 598 599 646
f 599 647 646
f 599 600 647
f 600 648 647
f 600 601 648
f 601 649 648
f 601 602 649
f 602 650 649
f 602 603 650
f 603 651 650
f 603 604 651
f 604 652 651
f 604 605 652
f 605 653 652
f 605 606 653
f 606 654 653
f 606 607 654
f 607 655 654
f 607 608 655
f 608 656 655
f 608 609 656
f 609 657 656
f 609 610 657
f 610 658 657
f 610 611 658
f 611 659 658
f 611 612 659
f 612 660 659
f 612 613 660
f 613 661 660
f 613 614 661
f 614 662 661
f 614 615 662
f 615 663 662
f 615 616 663
f 616 664 663
f 616 617 664
f 617 665 664
f 617 618 665
f 618 666 665
f 618 619 666
f 619 667 666
f 619 620 667
f 620 668 667
f 620 621 668
f 621 669 668
f 621 622 669
f 622 670 669
f 622 623 670
f 623 671 670
f 623 624 671
f 624 672 671
f 624 577 672
f 577 625 672
f 625 626 673
f 626 674 673
f 626 627 674
f 627 675 674
f 627 628 675
f 628 676 675
f 628 629 676
f 629 677 676
f 629 630 677
f 630 678 677
f 630 631 678
f 631 679 678
f 631 632 679
f 632 680 679
f 632 633 680
f 633 681 680
f 633 634 681
f 634 682 681
f 634 635 682
f 635 683 682
f 635 636 683
f 636 684 683
f 636 637 684
f 637 685 684
f 637 638 685
f 638 686 685
f 638 639 686
f 639 687 686
f 639 640 687
f 640 688 687
f 640 641 688
f 641 689 688
f 641 642 689
f 642 690 689
f 642 643 690
f 643 691 690
f 643 644 691
f 644 692 691
f 644 645 692
f 645 693 692
f 645 646 693
f 646 694 693
f 646 647 694
f 647 695 694
f 647 648 695
f 648 696 695
f 648 649 696
f 649 697 696
f 649 650 697
f 650 698 697
f 650 651 698
f 651 699 698
f 651 652 699
f 652 700 699
f 652 653 700
f 653 701 700
f 653 654 701
f 654 702 701
f 654 655 702
f 655 703 702
f 655 656 703
f 656 704 703
f 656 657 704
f 657 705 704
f 657 658 705
f 658 706 705
f 658 659 706
f 659 707 706
f 659 660 707
f 660 708 707
f 660 661 708
f 661 709 708
f 661 662 709
f 662 710 709
f 662 663 710
f 663 711 710
f 663 664 711
f 664 712 711
f 664 665 712
f 665 713 712
f 665 666 713
f 666 714 713
f 666 667 714
f 667 715 714
f 667 668 715
f 668 716 715
f 668 669 716
f 669 717 716
f 669 670 717
f 670 718 717
f 670 671 718
f 671 719 718
f 671 672 719
f 672 720 719
f 672 625 720
f 625 673 720
f 673 674 721
f 674 722 721
f 674 675 722
f 675 723 722
f 675 676 723
f 676 724 723
f 676 677 724
f 677 725 724
f 677 678 725
f 678 726 725
f 678 679 726
f 679 727 726
f 679 680 727
f 680 728 727
f 680 681 728
f 681 729 728
f 681 682 729
f 682 730 729
f 682 683 730
f 683 731 730
f 683 684 731
f 684 732 731
f 684 685 732
f 685 733 732
f 685 686 733
f 686 734 733
f 686 687 734
f 687 735 734
f 687 688 735
f 688 736 735
f 688 689 736
f 689 737 736
f 689 690 737
f 690 738 737
f 690 691 738
f 691 739 738
f 691 692 739
f 692 740 739
f 692 693 740
f 693 741 740
f 693 694 741
f 694 742 741
f 694 695 742
f 695 743 742
f 695 696 743
f 696 744 743
f 696 697 744
f 697 745 744
f 697 698 745
f 698 746 745
f 698 699 746
f 699 747 746
f 699 700 747
f 700 748 747
f 700 701 748
f 701 749 748
f 701 702 749
f 702 750 749
f 702 703 750
f 703 751 750
f 703 704 751
f 704 752 751
f 704 705 752
f 705 753 752
f 705 706 753
f 706 754 753
f 706 707 754
f 707 755 754
f 707 708 755
f 708 756 755
f 708 709 756
f 709 757 756
f 709 710 757
f 710 758 757
f 710 711 758
f 711 759 758
f 711 712 759
f 712 760 759
f 712 713 760
f 713 761 760
f 713 714 761
f 714 762 761
f 714 715 762
f 715 763 762
f 715 716 763
f 716 764 763
f 716 717 764
f 717 765 764
f 717 718 765
f 718 766 765
f 718 719 766
f 719 767 766
f 719 720 767
f 720 768 767
f 720 673 768
f 673 721 768
f 721 722 769
f 722 770 769
f 722 723 770
f 723 771 770
f 723 724 771
f 724 772 771
f 724 725 772
f 725 773 772
f 725 726 773
f 726 774 773
f 726 727 774
f 727 775 774
f 727 728 775
f 728 776 775
f 728 729 776
f 729 777 776
f 729 730 777
f 730 778 777
f 730 731 778
f 731 779 778
f 731 732 779
f 732 780 779
f 732 733 780
f 733 781 780
f 733 734 781
f 734 782 781
f 734 735 782
f 735 783 782
f 735 736 783
f 736 784 783
f 736 737 784
f 737 785 784
f 737 738 785
f 738 786 785
f 738 739 786
f 739 787 786
f 739 740 787
f 740 788 787
f 740 741 788
f 741 789 788
f 741 742 789
f 742 790 789
f 742 743 790
f 743 791 790
f 743 744 791
f 744 792 791
f 744 745 792
f 745 793 792
f 745 746 793
f 746 794 793
f 746 747 794
f 747 795 794
f 747 748 795
f 748 796 795
f 748 749 796
f 749 797 796
f 749 750 797
f 750 798 797
f 750 751 798
f 751 799 798
f 751 752 799
f 752 800 799
f 752 753 800
f 753 801 800
f 753 754 801
f 754 802 801
f 754 755 802
f 755 803 802
f 755 756 803
f 756 804 803
f 756 757 804
f 757 805 804
f 757 758 805
f 758 806 805
f 758 759 806
f 759 807 806
f 759 760 807
f 760 808 807
f 760 761 808
f 761 809 808
f 761 762 809
f 762 810 809
f 762 763 810
f 763 811 810
f 763 764 811
f 764 812 811
f 764 765 812
f 765 813 812
f 765 766 813
f 766 814 813
f 766 767 814
f 767 815 814
f 767 768 815
f 768 816 815
f 768 721 816
f 721 769 816
f 769 770 817
f 770 818 817
f 770 771 818
f 771 819 818
f 771 772 819
f 772 820 819
f 772 773 820
f 773 821 820
f 773 774 821
f 774 822 821
f 774 775 822
f 775 823 822
f 775 776 823
f 776 824 823
f 776 777 824
f 777 825 824
f 777 778 825
f 778 826 825
f 778 779 826
f 779 827 826
f 779 780 827
f 780 828 827
f 780 781 828
f 781 829 828
f 781 782 829
f 782 830 829
f 782 783 830
f 783 831 830
f 783 784 831
f 784 832 831
f 784 785 832
f 785 833 832
f 785 786 833
f 786 834 833
f 786 787 834
f 787 835 834
f 787 788 835
f 788 836 835
f 788 789 836
f 789 837 836
f 789 790 837
f 790 838 837
f 790 791 838
f 791 839 838
f 791 792 839
f 792 840 839
f 792 793 840
f 793 841 840
f 793 794 841
f 794 842 841
f 794 795 842
f 795 843 842
f 795 796 843
f 796 844 843
f 796 797 844
f 797 845 844
f 797 798 845
f 798 846 845
f 798 799 846
f 799 847 846
f 799 800 847
f 800 848 847
f 800 801 848
f 801 849 848
f 801 802 849
f 802 850 849
f 802 803 850
f 803 851 850
f 803 804 851
f 804 852 851
f 804 805 852
f 805 853 852
f 805 806 853
f 806 854 853
f 806 807 854
f 807 855 854
f 807 808 855
f 808 856 855
f 808 809 856
f 809 857 856
f 809 810 857
f 810 858 857
f 810 811 858
f 811 859 858
f 811 812 859
f 812 860 859
f 812 813 860
f 813 861 860
f 813 814 861
f 814 862 861
f 814 815 862
f 815 863 862
f 815 816 863
f 816 864 863
f 816 769 864
f 769 817 864
f 817 818 865
f 818 866 865
f 818 819 866
f 819 867 866
f 819 820 867
f 820 868 867
f 820 821 868
f 821 869 868
f 821 822 869
f 822 870 869
f 822 823 870
f 823 871 870
f 823 824 871
f 824 872 871
f 824 825 872
f 825 873 872
f 825 826 873
f 826 874 873
f 826 827 874
f 827 875 874
f 827 828 875
f 828 876 875
f 828 829 876
f 829 877 876
f 829 830 877
f 830 878 877
f 830 831 878
f 831 879 878
f 831 832 879
f 832 880 879
f 832 833 880
f 833 881 880
f 833 834 881
f 834 882 881
f 834 835 882
f 835 883 882
f 835 836 883
f 836 884 883
f 836 837 884
f 837 885 884
f 837 838 885
f 838 886 885
f 838 839 886
f 839 887 886
f 839 840 887
f 840 888 887
f 840 841 888
f 841 889 888
f 841 842 889
f 842 890 889
f 842 843 890
f 843 891 890
f 843 844 891
f 844 892 891
f 844 845 892
f 845 893 892
f 845 846 893
f 846 894 893
f 846 847 894
f 847 895 894
f 847 848 895
f 848 896 895
f 848 849 896
f 849 897 896
f 849 850 897
f 850 898 897
f 850 851 898
f 851 899 898
f 851 852 899
f 852 900 899
f 852 853 900
f 853 901 900
f 853 854 901
f 854 902 901
f 854 855 902
f 855 903 902
f 855 856 903
f 856 904 903
f 856 857 904
f 857 905 904
f 857 858 905
f 858 906 905
f 858 859 906
f 859 907 906
f 859 860 907
f 860 908 907
f 860 861 908
f 861 909 908
f 861 862 909
f 862 910 909
f 862 863 910
f 863 911 910
f 863 864 911
f 864 912 911
f 864 817 912
f 817 865 912
f 865 866 913
f 866 914 913
f 866 867 914
f 867 915 914
f 867 868 915
f 868 916 915
f 868 869 916
f 869 917 916
f 869 870 917
f 870 918 917
f 870 871 918
f 871 919 918
f 871 872 919
f 872 920 919
f 872 873 920
f 873 921 920
f 873 874 921
f 874 922 921
f 874 875 922
f 875 923 922
f 875 876 923
f 876 924 923
f 876 877 924
f 877 925 924
f 877 878 925
f 878 926 925
f 878 879 926
f 879 927 926
f 879 880 927
f 880 928 927
f 880 881 928
f 881 929 928
f 881 882 929
f 882 930 929
f 882 883 930
f 883 931 930
f 883 884 931
f 884 932 931
f 884 885 932
f 885 933 932
f 885 886 933
f 886 934 933
f 886 887 934
f 887 935 934
f 887 888 935
f 888 936 935
f 888 889 936
f 889 937 936
f 889 890 937
f 890 938 937
f 890 891 938
f 891 939 938
f 891 892 939
f 892 940 939
f 892 893 940
f 893 941 940
f 893 894 941
f 894 942 941
f 894 895 942
f 895 943 942
f 895 896 943
f 896 944 943
f 896 897 944
f 897 945 944
f 897 898 945
f 898 946 945
f 898 899 946
f 899 947 946
f 899 900 947
f 900 948 947
f 900 901 948
f 901 949 948
f 901 902 949
f 902 950 949
f 902 903 950
f 903 951 950
f 903 904 951
f 904 952 951
f 904 905 952
f 905 953 952
f 905 906 953
f 906 954 953
f 906 907 954
f 907 955 954
f 907 908 955
f 908 956 955
f 908 909 956
f 909 957 956
f 909 910 957
f 910 958 957
f 910 911 958
f 911 959 958
f 911 912 959
f 912 960 959
f 912 865 960
f 865 913 960
f 913 914 961
f 914 962 961
f 914 915 962
f 915 963 962
f 915 916 963
f 916 964 963
f 916 917 964
f 917 965 964
f 917 918 965
f 918 966 965
f 918 919 966
f 919 967 966
f 919 920 967
f 920 968 967
f 920 921 968
f 921 969 968
f 921 922 969
f 922 970 969
f 922 923 970
f 923 971 970
f 923 924 971
f 924 972 971
f 924 925 972
f 925 973 972
f 925 926 973
f 926 974 973
f 926 927 974
f 927 975 974
f 927 928 975
f 928 976 975
f 928 929 976
f 929 977 976
f 929 930 977
f 930 978 977
f 930 931 978
f 931 979 978
f 931 932 979
f 932 980 979
f 932 933 980
f 933 981 980
f 933 934 981
f 934 982 981
f 934 935 982
f 935 983 982
f 935 936 983
f 936 984 983
f 936 937 984
f 937 985 984
f 937 938 985
f 938 986 985
f 938 939 986
f 939 987 986
f 939 940 987
f 940 988 987
f 940 941 988
f 941 989 988
f 941 942 989
f 942 990 989
f 942 943 990
f 943 991 990
f 943 944 991
f 944 992 991
f 944 945 992
f 945 993 992
f 945 946 993
f 946 994 993
f 946 947 994
f 947 995 994
f 947 948 995
f 948 996 995
f 948 949 996
f 949 997 996
f 949 950 997
f 950 998 997
f 950 951 998
f 951 999 998
f 951 952 999
f 952 1000 999
f 952 953 1000
f 953 1001 1000
f 953 954 1001
f 954 1002 1001
f 954 955 1002
f 955 1003 1002
f 955 956 1003
f 956 1004 1003
f 956 957 1004
f 957 1005 1004
f 957 958 1005
f 958 1006 1005
f 958 959 1006
f 959 1007 1006
f 959 960 1007
f 960 1008 1007
f 960 913 1008
f 913 961 1008
f 961 962 1009
f 962 1010 1009
f 962 963 1010
f 963 1011 1010
f 963 964 1011
f 964 1012 1011
f 964 965 1012
f 965 1013 1012
f 965 966 1013
f 966 1014 1013
f 966 967 1014
f 967 1015 1014
f 967 968 1015
f 968 1016 1015
f 968 969 1016
f 969 1017 1016
f 969 970 1017
f 970 1018 1017
f 970 971 1018
f 971 1019 1018
f 971 972 1019
f 972 1020 1019
f 972 973 1020
f 973 1021 1020
f 973 974 1021
f 974 1022 1021
f 974 975 1022
f 975 1023 1022
f 975 976 1023
f 976 1024 1023
f 976 977 1024
f 977 1025 1024
f 977 978 1025
f 978 1026 1025
f 978 979 1026
f 979 1027 1026
f 979 980 1027
f 980 1028 1027
f 980 981 1028
f 981 1029 1028
f 981 982 1029
f 982 1030 1029
f 982 983 1030
f 983 1031 1030
f 983 984 1031
f 984 1032 1031
f 984 985 1032
f 985 1033 1032
f 985 986 1033
f 986 1034 1033
f 986 987 1034
f 987 1035 1034
f 987 988 1035
f 988 1036 1035
f 988 989 1036
f 989 1037 1036
f 989 990 1037
f 990 1038 1037
f 990 991 1038
f 991 1039 1038
f 991 992 1039
f 992 1040 1039
f 992 993 1040
f 993 1041 1040
f 993 994 1041
f 994 1042 1041
f 994 995 1042
f 995 1043 1042
f 995 996 1043
f 996 1044 1043
f 996 997 1044
f 997 1045 1044
f 997 998 1045
f 998 1046 1045
f 998 999 1046
f 999 1047 1046
f 999 1000 1047
f 1000 1048 1047
f 1000 1001 1048
f 1001 1049 1048
f 1001 1002 1049
f 1002 1050 1049
f 1002 1003 1050
f 1003 1051 1050
f 1003 1004 1051
f 1004 1052 1051
f 1004 1005 1052
f 1005 1053 1052
f 1005 1006 1053
f 1006 1054 1053
f 1006 1007 1054
f 1007 1055 1054
f 1007 1008 1055
f 1008 1056 1055
f 1008 961 1056
f 961 1009 1056
f 1009 1010 1057
f 1010 1058 1057
f 1010 1011 1058
f 1011 1059 1058
f 1011 1012 1059
f 1012 1060 1059
f 1012 1013 1060
f 1013 1061 1060
f 1013 1014 1061
f 1014 1062 1061
f 1014 1015 1062
f 1015 1063 1062
f 1015 1016 1063
f 1016 1064 1063
f 1016 1017 1064
f 1017 1065 1064
f 1017 1018 1065
f 1018 1066 1065
f 1018 1019 1066
f 1019 1067 1066
f 1019 1020 1067
f 1020 1068 1067
f 1020 1021 1068
f 1021 1069 1068
f 1021 1022 1069
f 1022 1070 1069
f 1022 1023 1070
f 1023 1071 1070
f 1023 1024 1071
f 1024 1072 1071
f 1024 1025 1072
f 1025 1073 1072
f 1025 1026 1073
f 1026 1074 1073
f 1026 1027 1074
f 1027 1075 1074
f 1027 1028 1075
f 1028 1076 1075
f 1028 1029 1076
f 1029 1077 1076
f 1029 1030 1077
f 1030 1078 1077
f 1030 1031 1078
f 1031 1079 1078
f 1031 1032 1079
f 1032 1080 1079
f 1032 1033 1080
f 1033 1081 1080
f 1033 1034 1081
f 1034 1082 1081
f 1034 1035 1082
f 1035 1083 1082
f 1035 1036 1083
f 1036 1084 1083
f 1036 1037 1084
f 1037 1085 1084
f 1037 1038 1085
f 1038 1086 1085
f 1038 1039 1086
f 1039 1087 1086
f 1039 1040 1087
f 1040 1088 1087
f 1040 1041 1088
f 1041 1089 1088
f 1041 1042 1089
f 1042 1090 1089
f 1042 1043 1090
f 1043 1091 1090
f 1043 1044 1091
f 1044 1092 1091
f 1044 1045 1092
f 1045 1093 1092
f 1045 1046 1093
f 1046 1094 1093
f 1046 1047 1094
f 1047 1095 1094
f 1047 1048 1095
f 1048 1096 1095
f 1048 1049 1096
f 1049 1097 1096
f 1049 1050 1097
f 1050 1098 1097
f 1050 1051 1098
f 1051 1099 1098
f 1051 1052 1099
f 1052 1100 1099
f 1052 1053 1100
f 1053 1101 1100
f 1053 1054 1101
f 1054 1102 1101
f 1054 1055 1102
f 1055 1103 1102
f 1055 1056 1103
f 1056 1104 1103
f 1056 1009 1104
f 1009 1057 1104
f 1057 1058 1105
f 1058 1106 1105
f 1058 1059 1106
f 1059 1107 1106
f 1059 1060 1107
f 1060 1108 1107
f 1060 1061 1108
f 1061 1109 1108
f 1061 1062 1109
f 1062 1110 1109
f 1062 1063 1110
f 1063 1111 1110
f 1063 1064 1111
f 1064 1112 1111
f 1064 1065 1112
f 1065 1113 1112
f 1065 1066 1113
f 1066 1114 1113
f 1066 1067 1114
f 1067 1115 1114
f 1067 1068 1115
f 1068 1116 1115
f 1068 1069 1116
f 1069 1117 1116
f 1069 1070 1117
f 1070 1118 1117
f 1070 1071 1118
f 1071 1119 1118
f 1071 1072 1119
f 1072 1120 1119
f 1072 1073 1120
f 1073 1121 1120
f 1073 1074 1121
f 1074 1122 1121
f 1074 1075 1122
f 1075 1123 1122
f 1075 1076 1123
f 1076 1124 1123
f 1076 1077 1124
f 1077 1125 1124
f 1077 1078 1125
f 1078 1126 1125
f 1078 1079 1126
f 1079 1127 1126
f 1079 1080 1127
f 1080 1128 1127
f 1080 1081 1128
f 1081 1129 1128
f 1081 1082 1129
f 1082 1130 1129
f 1082 1083 1130
f 1083 1131 1130
f 1083 1084 1131
f 1084 1132 1131
f 1084 1085 1132
f 1085 1133 1132
f 1085 1086 1133
f 1086 1134 1133
f 1086 1087 1134
f 1087 1135 1134
f 1087 1088 1135
f 1088 1136 1135
f 1088 1089 1136
f 1089 1137 1136
f 1089 1090 1137
f 1090 1138 1137
f 1090 1091 1138
f 1091 1139 1138
f 1091 1092 1139
f 1092 1140 1139
f 1092 1093 1140
f 1093 1141 1140
f 1093 1094 1141
f 1094 1142 1141
f 1094 1095 1142
f 1095 1143 1142
f 1095 1096 1143
f 1096 1144 1143
f 1096 1097 1144
f 1097 1145 1144
f 1097 1098 1145
f 1098 1146 1145
f 1098 1099 1146
f 1099 1147 1146
f 1099 1100 1147
f 1100 1148 1147
f 1100 1101 1148
f 1101 1149 1148
f 1101 1102 1149
f 1102 1150 1149
f 1102 1103 1150
f 1103 1151 1150
f 1103 1104 1151
f 1104 1152 1151
f 1104 1057 1152
f 1057 1105 1152
f 1105 1106 1153
f 1106 1154 1153
f 1106 1107 1154
f 1107 1155 1154
f 1107 1108 1155
f 1108 1156 1155
f 1108 1109 1156
f 1109 1157 1156
f 1109 1110 1157
f 1110 1158 1157
f 1110 1111 1158
f 1111 1159 1158
f 1111 1112 1159
f 1112 1160 1159
f 1112 1113 1160
f 1113 1161 1160
f 1113 1114 1161
f 1114 1162 1161
f 1114 1115 1162
f 1115 1163 1162
f 1115 1116 1163
f 1116 1164 1163
f 1116 1117 1164
f 1117 1165 1164
f 1117 1118 1165
f 1118 1166 1165
f 1118 1119 1166
f 1119 1167 1166
f 1119 1120 1167
f 1120 1168 1167
f 1120 1121 1168
f 1121 1169 1168
f 1121 1122 1169
f 1122 1170 1169
f 1122 1123 1170
f 1123 1171 1170
f 1123 1124 1171
f 1124 1172 1171
f 1124 1125 1172
f 1125 1173 1172
f 1125 1126 1173
f 1126 1174 1173
f 1126 1127 1174
f 1127 1175 1174
f 1127 1128 1175
f 1128 1176 1175
f 1128 1129 1176
f 1129 1177 1176
f 1129 1130 1177
f 1130 1178 1177
f 1130 1131 1178
f 1131 1179 1178
f 1131 1132 1179
f 1132 1180 1179
f 1132 1133 1180
f 1133 1181 1180
f 1133 1134 1181
f 1134 1182 1181
f 1134 1135 1182
f 1135 1183 1182
f 1135 1136 1183
f 1136 1184 1183
f 1136 1137 1184
f 1137 1185 1184
f 1137 1138 1185
f 1138 1186 1185
f 1138 1139 1186
f 1139 1187 1186
f 1139 1140 1187
f 1140 1188 1187
f 1140 1141 1188
f 1141 1189 1188
f 1141 1142 1189
f 1142 1190 1189
f 1142 1143 1190
f 1143 1191 1190
f 1143 1144 1191
f 1144 1192 1191
f 1144 1145 1192
f 1145 1193 1192
f 1145 1146 1193
f 1146 1194 1193
f 1146 1147 1194
f 1147 1195 1194
f 1147 1148 1195
f 1148 1196 1195
f 1148 1149 1196
f 1149 1197 1196
f 1149 1150 1197
f 1150 1198 1197
f 1150 1151 1198
f 1151 1199 1198
f 1151 1152 1199
f 1152 1200 1199
f 1152 1105 1200
f 1105 1153 1200
f 1153 1154 1201
f 1154 1202 1201
f 1154 1155 1202
f 1155 1203 1202
f 1155 1156 1203
f 1156 1204 1203
f 1156 1157 1204
f 1157 1205 1204
f 1157 1158 1205
f 1158 1206 1205
f 1158 1159 1206
f 1159 1207 1206
f 1159 1160 1207
f 1160 1208 1207
f 1160 1161 1208
f 1161 1209 1208
f 1161 1162 1209
f 1162 1210 1209
f 1162 1163 1210
f 1163 1211 1210
f 1163 1164 1211
f 1164 1212 1211
f 1164 1165 1212
f 1165 1213 1212
f 1165 1166 1213
f 1166 1214 1213
f 1166 1167 1214
f 1167 1215 1214
f 1167 1168 1215
f 1168 1216 1215
f 1168 1169 1216
f 1169 1217 1216
f 1169 1170 1217
f 1170 1218 1217
f 1170 1171 1218
f 1171 1219 1218
f 1171 1172 1219
f 1172 1220 1219
f 1172 1173 1220
f 1173 1221 1220
f 1173 1174 1221
f 1174 1222 1221
f 1174 1175 1222
f 1175 1223 1222
f 1175 1176 1223
f 1176 1224 1223
f 1176 1177 1224
f 1177 1225 1224
f 1177 1178 1225
f 1178 1226 1225
f 1178 1179 1226
f 1179 1227 1226
f 1179 1180 1227
f 1180 1228 1227
f 1180 1181 1228
f 1181 1229 1228
f 1181 1182 1229
f 1182 1230 1229
f 1182 1183 1230
f 1183 1231 1230
f 1183 1184 1231
f 1184 1232 1231
f 1184 1185 1232
f 1185 1233 1232
f 1185 1186 1233
f 1186 1234 1233
f 1186 1187 1234
f 1187 1235 1234
f 1187 1188 1235
f 1188 1236 1235
f 1188 1189 1236
f 1189 1237 1236
f 1189 1190 1237
f 1190 1238 1237
f 1190 1191 1238
f 1191 1239 1238
f 1191 1192 1239
f 1192 1240 1239
f 1192 1193 1240
f 1193 1241 1240
f 1193 1194 1241
f 1194 1242 1241
f 1194 1195 1242
f 1195 1243 1242
f 1195 1196 1243
f 1196 1244 1243
f 1196 1197 1244
f 1197 1245 1244
f 1197 1198 1245
f 1198 1246 1245
f 1198 1199 1246
f 1199 1247 1246
f 1199 1200 1247
f 1200 1248 1247
f 1200 1153 1248
f 1153 1201 1248
f 1201 1202 1249
f 1202 1250 1249
f 1202 1203 1250
f 1203 1251 1250
f 1203 1204 1251
f 1204 1252 1251
f 1204 1205 1252
f 1205 1253 1252
f 1205 1206 1253
f 1206 1254 1253
f 1206 1207 1254
f 1207 1255 1254
f 1207 1208 1255
f 1208 1256 1255
f 1208 1209 1256
f 1209 1257 1256
f 1209 1210 1257
f 1210 1258 1257
f 1210 1211 1258
f 1211 1259 1258
f 1211 1212 1259
f 1212 1260 1259
f 1212 1213 1260
f 1213 1261 1260
f 1213 1214 1261
f 1214 1262 1261
f 1214 1215 1262
f 1215 1263 1262
f 1215 1216 1263
f 1216 1264 1263
f 1216 1217 1264
f 1217 1265 1264
f 1217 1218 1265
f 1218 1266 1265
f 1218 1219 1266
f 1219 1267 1266
f 1219 1220 1267
f 1220 1268 1267
f 1220 1221 1268
f 1221 1269 1268
f 1221 1222 1269
f 1222 1270 1269
f 1222 1223 1270
f 1223 1271 1270
f 1223 1224 1271
f 1224 1272 1271
f 1224 1225 1272
f 1225 1273 1272
f 1225 1226 1273
f 1226 1274 1273
f 1226 1227 1274
f 1227 1275 1274
f 1227 1228 1275
f 1228 1276 1275
f 1228 1229 1276
f 1229 1277 1276
f 1229 1230 1277
f 1230 1278 1277
f 1230 1231 1278
f 1231 1279 1278
f 1231 1232 1279
f 1232 1280 1279
f 1232 1233 1280
f 1233 1281 1280
f 1233 1234 1281
f 1234 1282 1281
f 1234 1235 1282
f 1235 1283 1282
f 1235 1236 1283
f 1236 1284 1283
f 1236 1237 1284
f 1237 1285 1284
f 1237 1238 1285
f 1238 1286 1285
f 1238 1239 1286
f 1239 1287 1286
f 1239 1240 1287
f 1240 1288 1287
f 1240 1241 1288
f 1241 1289 1288
f 1241 1242 1289
f 1242 1290 1289
f 1242 1243 1290
f 1243 1291 1290
f 1243 1244 1291
f 1244 1292 1291
f 1244 1245 1292
f 1245 1293 1292
f 1245 1246 1293
f 1246 1294 1293
f 1246 1247 1294
f 1247 1295 1294
f 1247 1248 1295
f 1248 1296 1295
f 1248 1201 1296
f 1201 1249 1296
f 1249 1250 1297
f 1250 1298 1297
f 1250 1251 1298
f 1251 1299 1298
f 1251 1252 1299
f 1252 1300 1299
f 1252 1253 1300
f 1253 1301 1300
f 1253 1254 1301
f 1254 1302 1301
f 1254 1255 1302
f 1255 1303 1302
f 1255 1256 1303
f 1256 1304 1303
f 1256 1257 1304
f 1257 1305 1304
f 1257 1258 1305
f 1258 1306 1305
f 1258 1259 1306
f 1259 1307 1306
f 1259 1260 1307
f 1260 1308 1307
f 1260 1261 1308
f 1261 1309 1308
f 1261 1262 1309
f 1262 1310 1309
f 1262 1263 1310
f 1263 1311 1310
f 1263 1264 1311
f 1264 1312 1311
f 1264 1265 1312
f 1265 1313 1312
f 1265 1266 1313
f 1266 1314 1313
f 1266 1267 1314
f 1267 1315 1314
f 1267 1268 1315
f 1268 1316 1315
f 1268 1269 1316
f 1269 1317 1316
f 1269 1270 1317
f 1270 1318 1317
f 1270 1271 1318
f 1271 1319 1318
f 1271 1272 1319
f 1272 1320 1319
f 1272 1273 1320
f 1273 1321 1320
f 1273 1274 1321
f 1274 1322 1321
f 1274 1275 1322
f 1275 1323 1322
f 1275 1276 1323
f 1276 1324 1323
f 1276 1277 1324
f 1277 1325 1324
f 1277 1278 1325
f 1278 1326 1325
f 1278 1279 1326
f 1279 1327 1326
f 1279 1280 1327
f 1280 1328 1327
f 1280 1281 1328
f 1281 1329 1328
f 1281 1282 1329
f 1282 1330 1329
f 1282 1283 1330
f 1283 1331 1330
f 1283 1284 1331
f 1284 1332 1331
f 1284 1285 1332
f 1285 1333 1332
f 1285 1286 1333
f 1286 1334 1333
f 1286 1287 1334
f 1287 1335 1334
f 1287 1288 1335
f 1288 1336 1335
f 1288 1289 1336
f 1289 1337 1336
f 1289 1290 1337
f 1290 1338 1337
f 1290 1291 1338
f 1291 1339 1338
f 1291 1292 1339
f 1292 1340 1339
f 1292 1293 1340
f 1293 1341 1340
f 1293 1294 1341
f 1294 1342 1341
f 1294 1295 1342
f 1295 1343 1342
f 1295 1296 1343
f 1296 1344 1343
f 1296 1249 1344
f 1249 1297 1344
f 31 30 32
f 32 30 1345
f 32 1346 33
f 32 1345 1346
f 33 1346 34
f 34 1346 1347
f 34 1348 35
f 34 1347 1348
f 35 1348 36
f 36 1348 1349
f 36 1350 37
f 36 1349 1350
f 37 1350 38
f 38 1350 1351
f 38 1352 39
f 38 1351 1352
f 39 1352 40
f 40 1352 1353
f 40 1354 41
f 40 1353 1354
f 41 1354 42
f 42 1354 1355
f 42 44 43
f 42 1355 44
f 30 1356 1345
f 30 29 1356
f 1345 1356 1346
f 1346 1356 1357
f 1346 1358 1347
f 1346 1357 1358
f 1347 1358 1348
f 1348 1358 1359
f 1348 1360 1349
f 1348 1359 1360
f 1349 1360 1350
f 1350 1360 1361
f 1350 1362 1351
f 1350 1361 1362
f 1351 1362 1352
f 1352 1362 1363
f 1352 1364 1353
f 1352 1363 1364
f 1353 1364 1354
f 1354 1364 1365
f 1354 1366 1355
f 1354 1365 1366
f 1355 1366 44
f 44 1366 45
f 29 28 1356
f 1356 28 1367
f 1356 1368 1357
f 1356 1367 1368
f 1357 1368 1358
f 1358 1368 1369
f 1358 1370 1359
f 1358 1369 1370
f 1359 1370 1360
f 1360 1370 1371
f 1360 1372 1361
f 1360 1371 1372
f 1361 1372 1362
f 1362 1372 1373
f 1362 1374 1363
f 1362 1373 1374
f 1363 1374 1364
f 1364 1374 1375
f 1364 1376 1365
f 1364 1375 1376
f 1365 1376 1366
f 1366 1376 1377
f 1366 46 45
f 1366 1377 46
f 28 1378 1367
f 28 27 1378
f 1367 1378 1368
f 1368 1378 1379
f 1368 1380 1369
f 1368 1379 1380
f 1369 1380 1370
f 1370 1380 1381
f 1370 1382 1371
f 1370 1381 1382
f 1371 1382 1372
f 1372 1382 1383
f 1372 1384 1373
f 1372 1383 1384
f 1373 1384 1374
f 1374 1384 1385
f 1374 1386 1375
f 1374 1385 1386
f 1375 1386 1376
f 1376 1386 1387
f 1376 1388 1377
f 1376 1387 1388
f 1377 1388 46
f 46 1388 47
f 27 26 1378
f 1378 26 1389
f 1378 1390 1379
f 1378 1389 1390
f 1379 1390 1380
f 1380 1390 1391
f 1380 1392 1381
f 1380 1391 1392
f 1381 1392 1382
f 1382 1392 1393
f 1382 1394 1383
f 1382 1393 1394
f 1383 1394 1384
f 1384 1394 1395
f 1384 1396 1385
f 1384 1395 1396
f 1385 1396 1386
f 1386 1396 1397
f 1386 1398 1387
f 1386 1397 1398
f 1387 1398 1388
f 1388 1398 1399
f 1388 48 47
f 1388 1399 48
f 26 1400 1389
f 26 25 1400
f 1389 1400 1390
f 1390 1400 1401
f 1390 1402 1391
f 1390 1401 1402
f 1391 1402 1392
f 1392 1402 1403
f 1392 1404 1393
f 1392 1403 1404
f 1393 1404 1394
f 1394 1404 1405
f 1394 1406 1395
f 1394 1405 1406
f 1395 1406 1396
f 1396 1406 1407
f 1396 1408 1397
f 1396 1407 1408
f 1397 1408 1398
f 1398 1408 1409
f 1398 1410 1399
f 1398 1409 1410
f 1399 1410 48
f 48 1410 1
f 25 24 1400
f 1400 24 1411
f 1400 1412 1401
f 1400 1411 1412
f 1401 1412 1402
f 1402 1412 1413
f 1402 1414 1403
f 1402 1413 1414
f 1403 1414 1404
f 1404 1414 1415
f 1404 1416 1405
f 1404 1415 1416
f 1405 1416 1406
f 1406 1416 1417
f 1406 1418 1407
f 1406 1417 1418
f 1407 1418 1408
f 1408 1418 1419
f 1408 1420 1409
f 1408 1419 1420
f 1409 1420 1410
f 1410 1420 1421
f 1410 2 1
f 1410 1421 2
f 24 1422 1411
f 24 23 1422
f 1411 1422 1412
f 1412 1422 1423
f 1412 1424 1413
f 1412 1423 1424
f 1413 1424 1414
f 1414 1424 1425
f 1414 1426 1415
f 1414 1425 1426
f 1415 1426 1416
f 1416 1426 1427
f 1416 1428 1417
f 1416 1427 1428
f 1417 1428 1418
f 1418 1428 1429
f 1418 1430 1419
f 1418 1429 1430
f 1419 1430 1420
f 1420 1430 1431
f 1420 1432 1421
f 1420 1431 1432
f 1421 1432 2
f 2 1432 3
f 23 22 1422
f 1422 22 1433
f 1422 1434 1423
f 1422 1433 1434
f 1423 1434 1424
f 1424 1434 1435
f 1424 1436 1425
f 1424 1435 1436
f 1425 1436 1426
f 1426 1436 1437
f 1426 1438 1427
f 1426 1437 1438
f 1427 1438 1428
f 1428 1438 1439
f 1428 1440 1429
f 1428 1439 1440
f 1429 1440 1430
f 1430 1440 1441
f 1430 1442 1431
f 1430 1441 1442
f 1431 1442 1432
f 1432 1442 1443
f 1432 4 3
f 1432 1443 4
f 22 1444 1433
f 22 21 1444
f 1433 1444 1434
f 1434 1444 1445
f 1434 1446 1435
f 1434 1445 1446
f 1435 1446 1436
f 1436 1446 1447
f 1436 1448 1437
f 1436 1447 1448
f 1437 1448 1438
f 1438 1448 1449
f 1438 1450 1439
f 1438 1449 1450
f 1439 1450 1440
f 1440 1450 1451
f 1440 1452 1441
f 1440 1451 1452
f 1441 1452 1442
f 1442 1452 1453
f 1442 1454 1443
f 1442 1453 1454
f 1443 1454 4
f 4 1454 5
f 21 20 1444
f 1444 20 1455
f 1444 1456 1445
f 1444 1455 1456
f 1445 1456 1446
f 1446 1456 1457
f 1446 1458 1447
f 1446 1457 1458
f 1447 1458 1448
f 1448 1458 1459
f 1448 1460 1449
f 1448 1459 1460
f 1449 1460 1450
f 1450 1460 1461
f 1450 1462 1451
f 1450 1461 1462
f 1451 1462 1452
f 1452 1462 1463
f 1452 1464 1453
f 1452 1463 1464
f 1453 1464 1454
f 1454 1464 1465
f 1454 6 5
f 1454 1465 6
f 20 18 1455
f 20 19 18
f 1455 18 1456
f 1456 18 17
f 1456 16 1457
f 1456 17 16
f 1457 16 1458
f 1458 16 15
f 1458 14 1459
f 1458 15 14
f 1459 14 1460
f 1460 14 13
f 1460 12 1461
f 1460 13 12
f 1461 12 1462
f 1462 12 11
f 1462 10 1463
f 1462 11 10
f 1463 10 1464
f 1464 10 9
f 1464 8 1465
f 1464 9 8
f 1465 8 6
f 6 8 7
# grip center 0.0777835464 0.0142531033 0.601874018 active 1 orientation 1 0 0 0 patch_center 0
# ball 0 center 0.0503047883 0.00554973776 0.268238491 radius 0.07 appearance 0 orientation -0.519398916 0.57200966 0.438548027 -0.459026518 angular_velocity 5.52735625 -36.0867495 -3.06457104 linear_velocity -3.39218616 -0.409336062 -2.16698849
# ball 1 center 0.258984154 0.0465081629 0.304032658 radius 0.065 appearance 1 orientation -0.623210476 0.10795447 -0.769010362 -0.0926153221 angular_velocity -1.9663023 4.67965772 0.993757161 linear_velocity 0.39090162 -0.419893663 -2.32336467
# ball 2 center 0.265517856 0.197467042 0.266261813 radius 0.075 appearance 2 orientation 0.752116042 0.484530377 -0.442855179 0.0585752736 angular_velocity 3.32466747 5.96669581 0.980944434 linear_velocity -0.367082226 -0.473856486 -1.82276077
# ball 3 center 0.26363984 0.117892189 0.157223675 radius 0.06 appearance 1 orientation 0.796411916 0.139876117 -0.299467568 0.506440429 angular_velocity 0.828001438 14.7593921 -1.18615236 linear_velocity -1.44667221 -0.227326901 -1.97977367
# ball 4 center 0.192987845 0.0339487001 0.068 radius 0.068 appearance 3 orientation 0.403591228 0.554732106 -0.540021037 -0.487610183 angular_velocity 5.38650624 -0.190691109 -0.155198986 linear_velocity -3.2606625 0.497225857 -0.00507394581
# ball 5 center 0.255789866 -0.0743137372 0.156719444 radius 0.072 appearance 0 orientation 0.867692581 -0.456675803 0.0819423516 0.178443959 angular_velocity 0.0849037711 12.0784396 -0.739514108 linear_velocity -0.602650998 -0.747482182 -1.70987073
# ball 6 center 0.315318195 -0.0656084956 0.277573061 radius 0.063 appearance 2 orientation -0.457310482 -0.42048981 -0.670811427 -0.405052432 angular_velocity -2.97657317 4.85460342 2.67930105 linear_velocity 0.459539661 -0.544130064 -2.24012814
# ball 7 center 0.345295196 0.0264580943 0.186347705 radius 0.066 appearance 3 orientation 0.905438849 0.117167709 -0.377537749 -0.154652727 angular_velocity -0.744702821 11.0503721 4.54143311 linear_velocity -0.911998883 -0.0835114277 -3.02795035
# ball 8 center 0.18466037 -0.10435098 0.278269264 radius 0.072 appearance 0 orientation -0.170552336 0.415144776 -0.115237294 0.886164252 angular_velocity 4.55582087 12.5309756 -3.67728006 linear_velocity 0.028232076 -0.360886976 -1.24370674
# ball 9 center 0.132062967 0.119991273 0.306827693 radius 0.064 appearance 1 orientation 0.721087654 -0.286386142 0.624621291 0.0886781619 angular_velocity 2.93633793 3.47072812 -5.07014121 linear_velocity -2.28431863 -0.274548519 0.287529919
# ball 10 center 0.0629918102 0.0868443568 0.07 radius 0.07 appearance 2 orientation -0.72173465 0.340639087 -0.35323738 -0.488146967 angular_velocity -0.089680695 -10.8725 -4.5120599 linear_velocity -1.36110615 0.156987021 0
# ball 11 center 0.168365337 0.040621727 0.208232973 radius 0.067 appearance 3 orientation 0.895657973 0.293219904 0.301822184 0.143952256 angular_velocity -3.30791995 0.147318587 4.52104711 linear_velocity -2.26805058 -0.224085715 0.130341267
