# Numi Solver explicit-yarn cloth bag reference
# static_bench min -0.75 -0.5 -0.08 max 0.75 0.5 0 floor -0.75
# vertices 1465 render_triangles 2880
v 1.61394589 -0.130302484 -0.719015783
v 1.63813845 -0.0902525235 -0.701647717
v 1.6456644 -0.0474541048 -0.690909789
v 1.62740271 -0.00605549952 -0.691972118
v 1.60204626 0.0306668399 -0.694092424
v 1.58732675 0.0695102294 -0.689431826
v 1.56748376 0.106022975 -0.67983708
v 1.53183951 0.129859694 -0.681425107
v 1.49844582 0.116501594 -0.656796593
v 1.45500521 0.120056847 -0.662362444
v 1.41771593 0.129947044 -0.675600025
v 1.39702038 0.1643694 -0.676517696
v 1.3655821 0.190480735 -0.673163081
v 1.32761354 0.201016202 -0.678564544
v 1.2917929 0.211400858 -0.69185164
v 1.25382462 0.200612255 -0.693275136
v 1.21679097 0.188274444 -0.694232487
v 1.18936543 0.160551685 -0.692015308
v 1.15116816 0.152026474 -0.699122397
v 1.10973081 0.151262059 -0.71059593
v 1.06579405 0.137680978 -0.719130867
v 1.02352162 0.114759475 -0.719897162
v 0.999768277 0.0758902811 -0.707294152
v 0.997032534 0.027461849 -0.712916925
v 1.01519341 -0.0205247888 -0.712519309
v 1.03917788 -0.059445482 -0.711148189
v 1.04840212 -0.0959005436 -0.709725275
v 1.03644779 -0.133072873 -0.715184349
v 1.034155 -0.173543026 -0.719466894
v 1.0474525 -0.210748172 -0.727012525
v 1.07643965 -0.241081566 -0.728806886
v 1.10063282 -0.269725646 -0.742851392
v 1.12173491 -0.301890991 -0.733640235
v 1.14631954 -0.336542089 -0.740481448
v 1.1793379 -0.364522972 -0.740582474
v 1.21768367 -0.382353268 -0.735613734
v 1.25986506 -0.386616335 -0.739336731
v 1.30080598 -0.38990205 -0.728433387
v 1.34366301 -0.387873812 -0.732062246
v 1.38538706 -0.385708501 -0.724742202
v 1.42623033 -0.374153782 -0.729948445
v 1.46609621 -0.357323981 -0.73766262
v 1.50036569 -0.331390323 -0.739044863
v 1.51927144 -0.294161148 -0.731709341
v 1.52415368 -0.2552383 -0.713655107
v 1.53813376 -0.218000667 -0.72386676
v 1.54697221 -0.186267059 -0.709686985
v 1.57485268 -0.159756533 -0.716322497
v 1.61239622 -0.126122121 -0.71198015
v 1.64113726 -0.0917878464 -0.694724469
v 1.63935041 -0.0479836815 -0.69642317
v 1.6177032 -0.00850362678 -0.695372325
v 1.59766304 0.0283250699 -0.681483781
v 1.58244764 0.0651434627 -0.675793059
v 1.56907921 0.103451919 -0.66673998
v 1.53195514 0.120193495 -0.679302502
v 1.49351988 0.12241427 -0.66111685
v 1.45164743 0.112168783 -0.657613361
v 1.41739099 0.133362794 -0.666433329
v 1.38923197 0.160054685 -0.676207907
v 1.36330414 0.190263375 -0.68114592
v 1.32970531 0.209511982 -0.676716483
v 1.29145323 0.206414604 -0.682374393
v 1.25409717 0.197538507 -0.681869894
v 1.21857985 0.184475543 -0.68489363
v 1.18874204 0.159512201 -0.684795816
v 1.1493851 0.158065601 -0.694489093
v 1.10752311 0.150522682 -0.70191185
v 1.07076532 0.129483217 -0.716900968
v 1.0317858 0.106770033 -0.713251487
v 1.01069957 0.0665382757 -0.71380283
v 1.00401605 0.0218375892 -0.701212852
v 1.01997303 -0.0237970069 -0.702196132
v 1.04141456 -0.0614158068 -0.701965274
v 1.04422135 -0.0980591776 -0.702863337
v 1.03430301 -0.136121602 -0.709222966
v 1.02989388 -0.177140805 -0.715493763
v 1.0544072 -0.207143275 -0.727603536
v 1.07169674 -0.245170762 -0.734507373
v 1.10410522 -0.269311179 -0.733250771
v 1.12473636 -0.298728068 -0.746
v 1.15486088 -0.326611009 -0.746
v 1.18477162 -0.354136572 -0.734878207
v 1.22225535 -0.372100517 -0.735411525
v 1.26121233 -0.385453888 -0.72964742
v 1.30282065 -0.383290779 -0.733097619
v 1.34434596 -0.38946514 -0.725588427
v 1.38560731 -0.379738048 -0.725005699
v 1.42801063 -0.375835559 -0.723707158
v 1.46466761 -0.352927175 -0.728309118
v 1.49815568 -0.327195084 -0.725103672
v 1.52274015 -0.295450523 -0.717073393
v 1.53344091 -0.256835474 -0.719737602
v 1.54453865 -0.220435263 -0.718590556
v 1.55662352 -0.188107002 -0.709502504
v 1.57326552 -0.152535872 -0.710019419
v 1.60769224 -0.126243602 -0.701278647
v 1.62700597 -0.0900334062 -0.68713018
v 1.62671467 -0.0487536639 -0.683135615
v 1.60536931 -0.0118326613 -0.682144158
v 1.58831258 0.0225799809 -0.666404948
v 1.5719338 0.0565895235 -0.662433106
v 1.55751354 0.093342731 -0.657615802
v 1.53273133 0.125942562 -0.665388648
v 1.4924409 0.126859597 -0.673311193
v 1.4547575 0.124884302 -0.655987938
v 1.42213454 0.145395393 -0.668796183
v 1.38911702 0.165644566 -0.665661223
v 1.35661788 0.183447722 -0.675216716
v 1.32650084 0.204244495 -0.666797523
v 1.28951255 0.201110258 -0.671201763
v 1.2538107 0.191984978 -0.670625732
v 1.21822977 0.183258359 -0.674514072
v 1.18775907 0.15945162 -0.677462435
v 1.14854577 0.158185176 -0.687318467
v 1.10878716 0.14736604 -0.691251507
v 1.07629617 0.123085818 -0.700316073
v 1.04880272 0.0919770195 -0.700669115
v 1.03414332 0.0532464525 -0.707477709
v 1.02356142 0.0153713199 -0.691685124
v 1.03325614 -0.0256487184 -0.696492366
v 1.04496851 -0.0630745743 -0.693614705
v 1.03693959 -0.097350654 -0.701336858
v 1.03956322 -0.136241304 -0.705604188
v 1.03415143 -0.176526415 -0.711213172
v 1.05913431 -0.201829692 -0.729269398
v 1.07897362 -0.23738976 -0.735978676
v 1.11222941 -0.259086796 -0.740293551
v 1.13664452 -0.286458729 -0.741079894
v 1.16565692 -0.31147192 -0.743098224
v 1.19395105 -0.339781732 -0.74049175
v 1.22943226 -0.35763477 -0.73687896
v 1.2644804 -0.372229511 -0.724601716
v 1.30464127 -0.373724762 -0.725191398
v 1.34462932 -0.380519502 -0.719624587
v 1.38509561 -0.37599138 -0.714952259
v 1.42433952 -0.3643448 -0.717767272
v 1.45571719 -0.337727073 -0.724555535
v 1.48558524 -0.310680678 -0.725687327
v 1.50962723 -0.283051789 -0.715191564
v 1.5321839 -0.254716727 -0.708314521
v 1.55022399 -0.223578406 -0.711359544
v 1.56725752 -0.191829351 -0.711872195
v 1.57809286 -0.156677969 -0.701729543
v 1.59904111 -0.125423801 -0.688661764
v 1.60597253 -0.087129762 -0.689672954
v 1.6050111 -0.0506156967 -0.677051156
v 1.58914571 -0.0153698366 -0.67122623
v 1.57211527 0.0173600935 -0.661887872
v 1.55626723 0.0494683296 -0.661691855
v 1.54699665 0.0836229555 -0.648099213
v 1.52875187 0.119277162 -0.650751167
v 1.49309464 0.133867875 -0.659103455
v 1.45492905 0.139822268 -0.650337107
v 1.42590881 0.16035681 -0.667053021
v 1.39329822 0.178552491 -0.668450334
v 1.35856691 0.188328802 -0.664038658
v 1.32469628 0.198595847 -0.657151396
v 1.28928467 0.195294148 -0.662367847
v 1.25498753 0.185826563 -0.662856041
v 1.21950197 0.180617526 -0.666304261
v 1.18700743 0.160741367 -0.670039764
v 1.14923896 0.154341116 -0.679011111
v 1.1131922 0.139062954 -0.679415018
v 1.08509136 0.11195904 -0.681436875
v 1.07100697 0.0765033669 -0.68741489
v 1.05424016 0.0422788938 -0.687849777
v 1.04213445 0.00717522056 -0.681165443
v 1.03674406 -0.0295732222 -0.684734983
v 1.04255125 -0.0655072123 -0.686728076
v 1.03862741 -0.0999641034 -0.695387386
v 1.04341301 -0.137131098 -0.700087678
v 1.04195278 -0.175732735 -0.706671176
v 1.06308498 -0.205282739 -0.719636414
v 1.08314545 -0.23912248 -0.723340591
v 1.11669161 -0.258405408 -0.724635843
v 1.14008216 -0.285049293 -0.723608284
v 1.17068113 -0.303730558 -0.727586879
v 1.20135572 -0.324754824 -0.73603382
v 1.2329119 -0.344594591 -0.727643198
v 1.26813977 -0.357580178 -0.720867906
v 1.30607899 -0.361155115 -0.717275479
v 1.34456186 -0.36559548 -0.717733192
v 1.38305172 -0.360399741 -0.718252608
v 1.41961911 -0.347294548 -0.716290642
v 1.44837158 -0.320623355 -0.717535827
v 1.47763226 -0.297576157 -0.712613076
v 1.50437587 -0.277295633 -0.701037496
v 1.5240628 -0.248331325 -0.70722334
v 1.54555516 -0.21946743 -0.703085229
v 1.57078423 -0.193077134 -0.700710303
v 1.58817313 -0.160408445 -0.699372369
v 1.58431268 -0.122750619 -0.68890269
v 1.58699184 -0.0868210012 -0.684726424
v 1.58655834 -0.0526949857 -0.672815611
v 1.57558088 -0.0189369522 -0.666554712
v 1.56094554 0.0130561677 -0.661721428
v 1.55150016 0.0449645824 -0.651912293
v 1.53609033 0.0780032132 -0.650950851
v 1.5212011 0.112274116 -0.641688292
v 1.49485251 0.139370119 -0.645741153
v 1.46012688 0.153902905 -0.651952777
v 1.42577204 0.169794458 -0.655849327
v 1.39251799 0.183720716 -0.656691807
v 1.35763982 0.184760575 -0.654258139
v 1.32315602 0.191336261 -0.654258492
v 1.28814859 0.190946579 -0.657558916
v 1.25325364 0.186935523 -0.656669722
v 1.21864955 0.179054302 -0.660242074
v 1.18562008 0.161859239 -0.663418562
v 1.14964882 0.151542694 -0.669743563
v 1.11849504 0.13036313 -0.668420778
v 1.09632666 0.0993961497 -0.668655578
v 1.08630414 0.064103971 -0.672094019
v 1.07011352 0.032968278 -0.673399446
v 1.05509241 0.00104715242 -0.673309267
v 1.0409447 -0.0314378289 -0.677360791
v 1.04289441 -0.0670810904 -0.679441163
v 1.04016197 -0.101609875 -0.688837835
v 1.04542964 -0.137460768 -0.693511258
v 1.05062173 -0.173495515 -0.701904197
v 1.06589413 -0.206942036 -0.708018801
v 1.09036714 -0.235241129 -0.713152385
v 1.1228051 -0.253432857 -0.712824045
v 1.14867438 -0.275932575 -0.716893031
v 1.17669943 -0.296613246 -0.718112609
v 1.20082512 -0.324049518 -0.723615058
v 1.23623704 -0.334989717 -0.721138042
v 1.2716419 -0.345826978 -0.721154809
v 1.30840436 -0.348392741 -0.718660111
v 1.34491099 -0.351318335 -0.714797004
v 1.38105518 -0.34848038 -0.708234396
v 1.41388273 -0.332817623 -0.714093859
v 1.44124079 -0.30827351 -0.711805945
v 1.4697728 -0.288608194 -0.704840922
v 1.49763266 -0.271862215 -0.693699644
v 1.51897576 -0.243625797 -0.701364372
v 1.54764973 -0.221205923 -0.693160455
v 1.57394042 -0.19524083 -0.690565244
v 1.58278199 -0.159300864 -0.690348815
v 1.58186661 -0.122482316 -0.678860403
v 1.58378275 -0.0876147345 -0.673320388
v 1.57788797 -0.0535636008 -0.667458595
v 1.57225258 -0.0198494101 -0.65904221
v 1.55908717 0.0120932006 -0.652612794
v 1.5435213 0.04305248 -0.646579668
v 1.53939678 0.0788934938 -0.642817527
v 1.51549454 0.107586136 -0.637149787
v 1.48848576 0.133003204 -0.643118647
v 1.45676953 0.153573183 -0.64247319
v 1.42452915 0.172890665 -0.646149419
v 1.39216389 0.187342084 -0.647792017
v 1.35828587 0.192338159 -0.651965874
v 1.32319886 0.196234457 -0.649252254
v 1.28757957 0.193225297 -0.649325504
v 1.25308027 0.183484768 -0.648118272
v 1.21871992 0.174347081 -0.654367343
v 1.18413214 0.162039958 -0.657289009
v 1.14998854 0.148277506 -0.662811373
v 1.11962604 0.127004874 -0.659390699
v 1.1030755 0.0933055886 -0.661875212
v 1.09180247 0.0590657757 -0.66284099
v 1.07455799 0.0296111262 -0.664467711
v 1.05619099 -0.000765398155 -0.66526965
v 1.03956615 -0.0333640749 -0.66859845
v 1.03800163 -0.0699091313 -0.670433542
v 1.0395297 -0.105131522 -0.680420721
v 1.04840626 -0.139908505 -0.687169714
v 1.05581448 -0.174893113 -0.694674741
v 1.07287226 -0.20661259 -0.700784612
v 1.09135054 -0.238124659 -0.70365221
v 1.11997734 -0.260017381 -0.705629178
v 1.14970473 -0.277156119 -0.706971093
v 1.17502052 -0.301292108 -0.710165897
v 1.1993322 -0.329047099 -0.716523449
v 1.2362014 -0.33484365 -0.712673919
v 1.27284853 -0.34073475 -0.715520848
v 1.30989345 -0.340879819 -0.718516455
v 1.34609684 -0.342031052 -0.716298156
v 1.3802097 -0.338549912 -0.705949264
v 1.41533051 -0.332164466 -0.705361632
v 1.44214909 -0.308908593 -0.703956814
v 1.46905499 -0.28822401 -0.696405655
v 1.49388334 -0.264800019 -0.689616274
v 1.52615012 -0.248481198 -0.697954048
v 1.5433502 -0.21680441 -0.685791467
v 1.57193054 -0.192811802 -0.682024297
v 1.58814004 -0.158617099 -0.683723913
v 1.58808603 -0.121638043 -0.673180969
v 1.59194959 -0.0870021814 -0.669831644
v 1.58227766 -0.0546369171 -0.659706812
v 1.57812035 -0.0201697724 -0.64978498
v 1.56441727 0.0120682086 -0.6404093
v 1.54693137 0.0433523971 -0.634180409
v 1.53792178 0.0789442146 -0.632674919
v 1.50900233 0.102601224 -0.634904153
v 1.48730273 0.133196035 -0.635024479
v 1.45260435 0.147527616 -0.638990788
v 1.42041503 0.166260818 -0.643952503
v 1.38902138 0.182230228 -0.642365775
v 1.35762756 0.196953987 -0.645089265
v 1.32141378 0.202051974 -0.641408229
v 1.28418712 0.202520018 -0.642359736
v 1.24942958 0.190014463 -0.638939112
v 1.21513835 0.179400069 -0.648150916
v 1.18139017 0.165084923 -0.651863954
v 1.15031947 0.145665568 -0.655867926
v 1.12068874 0.124018372 -0.652611016
v 1.1021463 0.0921915089 -0.65456087
v 1.08919613 0.0589450912 -0.655077629
v 1.0682782 0.0315392566 -0.658028385
v 1.04838161 0.000723224471 -0.658441471
v 1.03754063 -0.0358585034 -0.657225713
v 1.02756885 -0.0713505749 -0.665132375
v 1.03453022 -0.107701115 -0.672504436
v 1.04936927 -0.141260162 -0.678963673
v 1.06090014 -0.174785713 -0.686828927
v 1.07335623 -0.208292452 -0.691589137
v 1.09251234 -0.238530611 -0.694835144
v 1.11945388 -0.261798931 -0.695793285
v 1.14757553 -0.282465487 -0.697477648
v 1.17195496 -0.308588972 -0.702333639
v 1.19932112 -0.334838112 -0.707516801
v 1.23715724 -0.338664147 -0.703627548
v 1.27242998 -0.348778198 -0.713760945
v 1.30991825 -0.341765668 -0.711457518
v 1.34597364 -0.335865183 -0.711251028
v 1.38042858 -0.330511796 -0.705447434
v 1.4151513 -0.330599409 -0.698142355
v 1.44749963 -0.316133277 -0.701220524
v 1.47232769 -0.294712855 -0.687508102
v 1.50047837 -0.272581842 -0.685163902
v 1.5302378 -0.25042736 -0.689642374
v 1.53971802 -0.215132663 -0.678630394
v 1.5663151 -0.188237294 -0.679563182
v 1.59078745 -0.158754027 -0.676473197
v 1.59109105 -0.121019427 -0.665663242
v 1.59573244 -0.0865338437 -0.662093456
v 1.59116358 -0.0509715655 -0.657560018
v 1.58550451 -0.0179210702 -0.640323263
v 1.57028803 0.0142932904 -0.628279158
v 1.54882141 0.0445278316 -0.622284769
v 1.53734864 0.0801179848 -0.623560814
v 1.50712882 0.101604108 -0.626597346
v 1.48240424 0.129273476 -0.628941077
v 1.44947823 0.146336482 -0.631555143
v 1.41986759 0.16781189 -0.635977891
v 1.39160009 0.18883843 -0.637137974
v 1.35669272 0.195654426 -0.635544214
v 1.32035388 0.206510379 -0.631608971
v 1.28211587 0.21039635 -0.634247071
v 1.246103 0.197892917 -0.63342179
v 1.21256457 0.181461197 -0.641517181
v 1.17877012 0.166326509 -0.645360274
v 1.1506019 0.143358218 -0.648221311
v 1.12128013 0.122113333 -0.645607449
v 1.10331299 0.0907008666 -0.646923326
v 1.0858185 0.0595575532 -0.645723988
v 1.06924259 0.0281542674 -0.647572937
v 1.04643598 -0.00167840428 -0.647794832
v 1.0280547 -0.0356617159 -0.652131193
v 1.02549953 -0.0737639621 -0.655740867
v 1.03669848 -0.109783651 -0.664413347
v 1.0505352 -0.144638066 -0.671124732
v 1.05882203 -0.179005535 -0.678664373
v 1.07170859 -0.211909638 -0.683559743
v 1.089909 -0.242729141 -0.686762435
v 1.114755 -0.268793514 -0.687331039
v 1.14253716 -0.291582747 -0.689943713
v 1.17057495 -0.315298971 -0.693167543
v 1.19789099 -0.341170726 -0.700606229
v 1.23547934 -0.345912166 -0.706941697
v 1.27367109 -0.350979868 -0.706857399
v 1.31219597 -0.346968888 -0.707049699
v 1.34594507 -0.333288018 -0.704230028
v 1.37989208 -0.325158841 -0.700620214
v 1.41504469 -0.325130918 -0.692209878
v 1.4516744 -0.323694772 -0.69407639
v 1.48175323 -0.303276073 -0.688381055
v 1.50919727 -0.278575045 -0.687977319
v 1.53576286 -0.252575154 -0.683965055
v 1.54387168 -0.217284385 -0.672904268
v 1.5710127 -0.190953897 -0.674297347
v 1.58954224 -0.15797349 -0.668842235
v 1.59189102 -0.121326571 -0.657132773
v 1.58747438 -0.086162161 -0.656811951
v 1.59738296 -0.0512668389 -0.648370856
v 1.59646122 -0.0126458626 -0.642323034
v 1.5798264 0.0209198845 -0.632631045
v 1.55700016 0.0476345 -0.616480185
v 1.53133686 0.0761335966 -0.618622951
v 1.5004782 0.0952301539 -0.626792303
v 1.47640016 0.122904071 -0.627099689
v 1.44682946 0.144207115 -0.624291836
v 1.41752714 0.165537995 -0.627267741
v 1.3900784 0.18856856 -0.626391687
v 1.35600023 0.201934458 -0.62650397
v 1.31892671 0.213110091 -0.623602708
v 1.279867 0.21437499 -0.6257921
v 1.24257635 0.203964846 -0.629292753
v 1.21107358 0.181211965 -0.634788721
v 1.17631555 0.167184403 -0.638362316
v 1.1494056 0.143355783 -0.640677008
v 1.1213469 0.12058212 -0.638758259
v 1.09715233 0.0933291539 -0.640367683
v 1.07552212 0.0638692381 -0.641013083
v 1.06129322 0.0300987353 -0.638590424
v 1.03906674 -0.00055026383 -0.640405747
v 1.02689301 -0.0373383116 -0.643173372
v 1.02507553 -0.0756915499 -0.647369461
v 1.04155402 -0.109709808 -0.657547106
v 1.05516406 -0.145083347 -0.663841357
v 1.06219351 -0.179614827 -0.67057309
v 1.07034715 -0.214182241 -0.675195948
v 1.08561395 -0.247778103 -0.678302401
v 1.11120559 -0.274724227 -0.675821007
v 1.14028183 -0.297930566 -0.678456581
v 1.17166556 -0.318003632 -0.6830075
v 1.20229919 -0.337442413 -0.694539827
v 1.23598539 -0.353107859 -0.703884701
v 1.2734624 -0.344725917 -0.702827599
v 1.31177602 -0.344661192 -0.700375654
v 1.34480107 -0.329755978 -0.698305368
v 1.37989838 -0.32876268 -0.694040018
v 1.41649844 -0.332794718 -0.686842992
v 1.45457071 -0.329613791 -0.684034863
v 1.48827666 -0.312047395 -0.682778956
v 1.51451593 -0.284562879 -0.682724745
v 1.53813136 -0.255663829 -0.677603587
v 1.5510808 -0.220747092 -0.673245241
v 1.57164963 -0.190188848 -0.66640783
v 1.58943286 -0.157646023 -0.661146115
v 1.58587645 -0.12045736 -0.648742518
v 1.59581634 -0.0853894944 -0.64874258
v 1.60768584 -0.0495974499 -0.643332934
v 1.59868366 -0.01285276 -0.631393807
v 1.58402651 0.022651585 -0.623268736
v 1.56183483 0.0550603211 -0.619170311
v 1.52683333 0.0716121654 -0.61244835
v 1.50382112 0.0998711933 -0.619522311
v 1.47654841 0.123853187 -0.618713637
v 1.45110247 0.150264731 -0.620193891
v 1.4203763 0.170504457 -0.617620253
v 1.38674562 0.185512112 -0.614645527
v 1.35629288 0.207257333 -0.616634782
v 1.31777798 0.211680325 -0.614680093
v 1.27888348 0.214936721 -0.61801002
v 1.24156051 0.20364891 -0.622119317
v 1.20856363 0.182637194 -0.6283814
v 1.17434254 0.167182031 -0.631533565
v 1.14543159 0.146673637 -0.63617991
v 1.11621842 0.124227234 -0.634325345
v 1.08965589 0.0973380912 -0.633325113
v 1.06759935 0.066658895 -0.630923442
v 1.05585786 0.0307041609 -0.628144769
v 1.0362985 -0.00178142985 -0.631672481
v 1.03060529 -0.0396258077 -0.635789594
v 1.02884704 -0.0778652829 -0.639852512
v 1.04278515 -0.112726445 -0.649700714
v 1.0500368 -0.148991617 -0.658472604
v 1.05709535 -0.183480707 -0.664828683
v 1.07110631 -0.217269939 -0.666129779
v 1.07993723 -0.25465733 -0.6705648
v 1.1032758 -0.285329134 -0.673581513
v 1.13381352 -0.308288274 -0.678377254
v 1.16736216 -0.326173303 -0.683816392
v 1.20065687 -0.343717046 -0.68913003
v 1.23685111 -0.353310565 -0.695357594
v 1.27391145 -0.345634735 -0.695365898
v 1.31103942 -0.339885853 -0.695054586
v 1.34483821 -0.327710423 -0.690497201
v 1.38060272 -0.326007431 -0.685359828
v 1.41767218 -0.333207338 -0.676591601
v 1.45697772 -0.330711667 -0.673175296
v 1.49325884 -0.316498467 -0.674859288
v 1.5187508 -0.286773566 -0.676191818
v 1.53756155 -0.254010881 -0.670035177
v 1.55838711 -0.223264844 -0.669324573
v 1.56822302 -0.189085309 -0.659433149
v 1.58497576 -0.156621959 -0.654490001
v 1.59510985 -0.121198575 -0.640642519
v 1.59031826 -0.083956045 -0.637526624
v 1.60816924 -0.0501931461 -0.632483909
v 1.60022588 -0.012986235 -0.621909816
v 1.58861874 0.0240397096 -0.615405898
v 1.56350533 0.0544584158 -0.610337913
v 1.53198255 0.0782697566 -0.609634827
v 1.50921045 0.10622768 -0.617463811
v 1.48121164 0.129372356 -0.615009924
v 1.45302841 0.154435321 -0.611692987
v 1.42431578 0.179589075 -0.609960425
v 1.3883098 0.190316665 -0.602891787
v 1.35443564 0.207770937 -0.606706498
v 1.31599387 0.205769553 -0.609610497
v 1.27768546 0.212370076 -0.610658545
v 1.2410171 0.20005477 -0.615461483
v 1.20590739 0.184132821 -0.622055225
v 1.1752124 0.163275047 -0.626029985
v 1.14282927 0.148004416 -0.629531091
v 1.11189202 0.125912904 -0.626532111
v 1.08099618 0.101398152 -0.626721959
v 1.05673051 0.0706841316 -0.626626669
v 1.04763049 0.0329119524 -0.62245081
v 1.03452689 -0.00335833841 -0.62349667
v 1.03290217 -0.0412968972 -0.626970511
v 1.0368693 -0.0781815127 -0.635410635
v 1.04686926 -0.114120645 -0.64251562
v 1.04845448 -0.150705703 -0.649943138
v 1.05653512 -0.185566544 -0.655212588
v 1.06792543 -0.22139261 -0.656670642
v 1.07651932 -0.260148598 -0.66080114
v 1.09921817 -0.292391007 -0.664980956
v 1.13109492 -0.314956556 -0.671043668
v 1.1683672 -0.327190316 -0.675285141
v 1.20362395 -0.340705029 -0.681040036
v 1.23831175 -0.353712483 -0.686645558
v 1.27518288 -0.348414884 -0.688703155
v 1.31214936 -0.347795636 -0.692420348
v 1.34522568 -0.334891896 -0.683074984
v 1.3810986 -0.328949374 -0.675209247
v 1.41920087 -0.333883686 -0.66683292
v 1.45914347 -0.334734013 -0.665209099
v 1.49570577 -0.319803567 -0.667666922
v 1.5219028 -0.289554042 -0.669865686
v 1.53974252 -0.255944839 -0.66240948
v 1.55836077 -0.224355328 -0.661035519
v 1.57080035 -0.190761142 -0.652576939
v 1.58415846 -0.156757256 -0.6451568
v 1.59375875 -0.120010792 -0.627778021
v 1.58791696 -0.0816036351 -0.626063918
v 1.61003993 -0.0497409924 -0.623149968
v 1.59159619 -0.015457666 -0.619982417
v 1.5824716 0.0208637804 -0.608853597
v 1.55763435 0.0509841234 -0.604312014
v 1.5331403 0.0810843167 -0.601620159
v 1.50470769 0.101965096 -0.611852267
v 1.48101224 0.129841261 -0.606145562
v 1.45724243 0.16123002 -0.604694109
v 1.42854525 0.188472531 -0.602694407
v 1.3912198 0.199780801 -0.597369896
v 1.35300349 0.20884106 -0.598266828
v 1.31551191 0.200779838 -0.603054171
v 1.2774896 0.20611446 -0.604291039
v 1.24101478 0.195356117 -0.609191264
v 1.20549813 0.182578733 -0.61511945
v 1.17255218 0.165958149 -0.618966042
v 1.14006318 0.148992945 -0.621024782
v 1.1095105 0.124725276 -0.617003561
v 1.07440076 0.104527389 -0.618995033
v 1.05032757 0.0725844064 -0.618887048
v 1.04007686 0.0337546938 -0.618220045
v 1.04079062 -0.00557780203 -0.61773285
v 1.04270286 -0.0423479846 -0.626259865
v 1.04265565 -0.0797364912 -0.62866118
v 1.04566447 -0.116590916 -0.634478985
v 1.04789847 -0.153417159 -0.639898457
v 1.05874387 -0.188623411 -0.644252691
v 1.06568875 -0.226314305 -0.64688576
v 1.07382345 -0.265367302 -0.652232765
v 1.09805114 -0.296938781 -0.656495356
v 1.13072264 -0.31928784 -0.663234245
v 1.16989174 -0.328027304 -0.666683842
v 1.20348928 -0.345096938 -0.672991482
v 1.23876285 -0.354939311 -0.678496862
v 1.2760588 -0.353157227 -0.682799814
v 1.31368502 -0.355044467 -0.685298207
v 1.34704916 -0.341830739 -0.673450995
v 1.38128095 -0.327459678 -0.664624406
v 1.42048451 -0.326337448 -0.663111203
v 1.45971775 -0.331142699 -0.65841255
v 1.49707778 -0.317910955 -0.660312325
v 1.52676973 -0.29102182 -0.66391456
v 1.54695199 -0.258231513 -0.660133835
v 1.56400917 -0.226260203 -0.656316136
v 1.57343184 -0.19185494 -0.645149306
v 1.58875573 -0.157687009 -0.635474282
v 1.58191352 -0.119924176 -0.626689467
v 1.59358621 -0.0827069346 -0.617689892
v 1.61387132 -0.048897431 -0.615270045
v 1.59358044 -0.0162315017 -0.610218786
v 1.5769231 0.0172308953 -0.601247827
v 1.55092926 0.0452698382 -0.605009008
v 1.52726083 0.0747029041 -0.600165219
v 1.49813676 0.0962302274 -0.607935422
v 1.47271816 0.124388019 -0.607705593
v 1.45182448 0.157178199 -0.59675489
v 1.42889337 0.190237019 -0.592452214
v 1.39233677 0.206838302 -0.591634436
v 1.3521079 0.204171693 -0.591763559
v 1.31381876 0.198063241 -0.594513693
v 1.27622029 0.201774775 -0.59615115
v 1.23933743 0.195636644 -0.601803669
v 1.20380627 0.184002219 -0.6072905
v 1.17212378 0.163998987 -0.608975612
v 1.13826016 0.147526474 -0.610870258
v 1.10494369 0.126137252 -0.60884458
v 1.06942242 0.10638852 -0.612100768
v 1.04823515 0.0720382066 -0.610863872
v 1.04068257 0.0318789022 -0.610137868
v 1.04805204 -0.00714684314 -0.612392884
v 1.04528782 -0.0440795454 -0.617303952
v 1.04138717 -0.0809777654 -0.620419077
v 1.03930833 -0.118115298 -0.62781866
v 1.044489 -0.155854776 -0.628630933
v 1.05664295 -0.191912322 -0.632580373
v 1.06246198 -0.229978692 -0.637807991
v 1.07442713 -0.267582568 -0.643623998
v 1.09940833 -0.298417793 -0.647914015
v 1.13236066 -0.320404428 -0.654585418
v 1.17156504 -0.328797281 -0.658072755
v 1.20660792 -0.340530025 -0.666626962
v 1.23996796 -0.355994076 -0.670936633
v 1.27709264 -0.346848301 -0.676925053
v 1.31379734 -0.360343591 -0.675200267
v 1.35193998 -0.352698615 -0.672218913
v 1.38345183 -0.334226836 -0.658400547
v 1.42146321 -0.325441033 -0.655619479
v 1.46023868 -0.329356435 -0.650307507
v 1.49613447 -0.313630626 -0.653105479
v 1.52955389 -0.292975782 -0.656824649
v 1.55048698 -0.261243504 -0.654111298
v 1.56199897 -0.22696439 -0.648743341
v 1.57832724 -0.193946949 -0.637797957
v 1.59221567 -0.158441797 -0.624949766
v 1.57435086 -0.116751654 -0.621642174
v 1.59997314 -0.086075224 -0.612984398
v 1.61254419 -0.048378928 -0.60624249
v 1.59410999 -0.015286595 -0.599708165
v 1.56971573 0.0132749581 -0.595932564
v 1.55284393 0.0472231156 -0.596921545
v 1.52258371 0.0697589885 -0.592836724
v 1.49538943 0.095762214 -0.597153192
v 1.46762736 0.122620424 -0.598869145
v 1.4431468 0.154836583 -0.598234765
v 1.42792038 0.189690315 -0.584149977
v 1.39165878 0.207812356 -0.583648957
v 1.35131494 0.20118548 -0.583883871
v 1.31277569 0.196607424 -0.585444438
v 1.27567568 0.198051259 -0.588384722
v 1.23820654 0.195721702 -0.594327168
v 1.2008085 0.188051403 -0.59899723
v 1.16954426 0.165613323 -0.597750145
v 1.13678709 0.145299038 -0.60078743
v 1.10048076 0.129792151 -0.602996201
v 1.06967418 0.103791998 -0.604708926
v 1.04679658 0.0706749792 -0.602760106
v 1.04662097 0.0299784482 -0.604112442
v 1.04714551 -0.00951434387 -0.603963964
v 1.04260696 -0.0457858623 -0.609407015
v 1.03705693 -0.0828172366 -0.61348294
v 1.03216178 -0.121091838 -0.621023493
v 1.03318947 -0.16008399 -0.626132595
v 1.04747924 -0.196703759 -0.627839947
v 1.05899492 -0.234184961 -0.630782379
v 1.07868449 -0.267944861 -0.635832341
v 1.10228466 -0.29939323 -0.638743877
v 1.13548209 -0.319511171 -0.646042055
v 1.17292813 -0.330878969 -0.650066746
v 1.20461597 -0.347020815 -0.662231972
v 1.24142252 -0.354464976 -0.662862189
v 1.27989677 -0.344670263 -0.6680404
v 1.31464891 -0.365193239 -0.665438538
v 1.35435689 -0.36046392 -0.665921545
v 1.3859764 -0.339592873 -0.653053758
v 1.42105109 -0.322627911 -0.647807415
v 1.45961465 -0.319673472 -0.64952678
v 1.49588958 -0.306895982 -0.647379813
v 1.53177187 -0.293384286 -0.649398021
v 1.54608853 -0.258579526 -0.647341802
v 1.55464504 -0.222508431 -0.645122722
v 1.57494272 -0.19310583 -0.628699334
v 1.58636821 -0.155316671 -0.617456503
v 1.57541839 -0.116540842 -0.613533116
v 1.6022633 -0.086481255 -0.604772606
v 1.61261219 -0.0479772788 -0.59674753
v 1.59479316 -0.0152879945 -0.589780572
v 1.57323075 0.0152174194 -0.588108741
v 1.55671197 0.049891241 -0.589486787
v 1.52851271 0.0762516696 -0.585958205
v 1.50138217 0.103628972 -0.591150071
v 1.46892311 0.125472003 -0.589980429
v 1.43842506 0.151118433 -0.592904414
v 1.42573783 0.185753724 -0.577075768
v 1.38944459 0.203291204 -0.576560132
v 1.34897044 0.204417167 -0.576150908
v 1.31108146 0.198563752 -0.577374528
v 1.27448007 0.202071394 -0.581728368
v 1.23627909 0.195898361 -0.586263689
v 1.19679595 0.193989466 -0.591222887
v 1.16270945 0.174265047 -0.595049288
v 1.1326681 0.148613098 -0.593296853
v 1.09834225 0.12920904 -0.595516152
v 1.07261616 0.0990331088 -0.597432183
v 1.04895762 0.0672999279 -0.594131958
v 1.04575359 0.0277250276 -0.595769418
v 1.04481177 -0.0109196619 -0.596200393
v 1.03750691 -0.0464722115 -0.602851492
v 1.0326066 -0.0845354011 -0.605834652
v 1.024711 -0.123489358 -0.614277546
v 1.02525965 -0.16348148 -0.61946143
v 1.04080989 -0.200500121 -0.622399332
v 1.05944804 -0.235926908 -0.622610321
v 1.08313702 -0.266714247 -0.626867773
v 1.10864453 -0.295403816 -0.631424232
v 1.13786299 -0.319731737 -0.637548804
v 1.17178054 -0.336503605 -0.644062277
v 1.20448565 -0.351974414 -0.654609641
v 1.24278408 -0.352260209 -0.65380512
v 1.28179684 -0.341910996 -0.659272347
v 1.31487946 -0.366035749 -0.656342815
v 1.35530034 -0.364498327 -0.658782609
v 1.3883923 -0.343685255 -0.646792785
v 1.42423315 -0.328046923 -0.640666012
v 1.45937912 -0.313660761 -0.641292942
v 1.49717973 -0.311088761 -0.640141331
v 1.53002756 -0.292051505 -0.641433411
v 1.55374149 -0.262399392 -0.641772649
v 1.55585129 -0.225010146 -0.635019253
v 1.56803747 -0.18895941 -0.62412629
v 1.5862186 -0.155561619 -0.609079306
v 1.57408059 -0.113576952 -0.605073062
v 1.60231077 -0.0857086312 -0.595635796
v 1.61110617 -0.0474039724 -0.587889866
v 1.59443906 -0.0146776798 -0.581248154
v 1.57785231 0.0190317312 -0.582696642
v 1.56232097 0.0554742744 -0.58473574
v 1.53478277 0.0841703353 -0.581500583
v 1.50563194 0.111042853 -0.585279816
v 1.47143854 0.131090026 -0.584599977
v 1.43611352 0.148534818 -0.584782527
v 1.42045524 0.181382553 -0.569609807
v 1.38658519 0.201447566 -0.567715607
v 1.3479402 0.20851334 -0.568982319
v 1.31054678 0.203948802 -0.571538776
v 1.27330499 0.204064302 -0.573871837
v 1.23394542 0.198366309 -0.577905881
v 1.19329542 0.197903285 -0.582662553
v 1.15846142 0.178152177 -0.587278504
v 1.13289785 0.146951433 -0.585368133
v 1.10153552 0.122957802 -0.589772894
v 1.07200361 0.09770639 -0.586618889
v 1.05517686 0.0627397376 -0.587704727
v 1.04398668 0.0258302452 -0.587951727
v 1.03710424 -0.0112407544 -0.592607335
v 1.03231073 -0.0481925044 -0.59539978
v 1.0238636 -0.0856622247 -0.602829374
v 1.01833376 -0.126021068 -0.608232993
v 1.02180117 -0.166389006 -0.612020738
v 1.04057254 -0.2025495 -0.614558683
v 1.06736998 -0.232748668 -0.619605889
v 1.0925165 -0.261533709 -0.625860672
v 1.11619973 -0.290990606 -0.626351439
v 1.13966835 -0.320667412 -0.629685824
v 1.16954657 -0.342888444 -0.638057097
v 1.20550452 -0.354369883 -0.644543696
v 1.24341454 -0.345655402 -0.646773134
v 1.28355101 -0.341915044 -0.651063002
v 1.31600786 -0.366518825 -0.648490043
v 1.35649317 -0.367245103 -0.651228731
v 1.39389022 -0.350648934 -0.646889053
v 1.43004998 -0.335877102 -0.641722759
v 1.46097609 -0.317141141 -0.632665783
v 1.49770486 -0.307638526 -0.632901172
v 1.53344477 -0.292870796 -0.632839239
v 1.55849981 -0.263251194 -0.631664686
v 1.56182949 -0.224780404 -0.626664773
v 1.56142415 -0.185859468 -0.620227139
v 1.57946374 -0.153536756 -0.604596572
v 1.57356229 -0.113193037 -0.594874778
v 1.59598015 -0.0806396886 -0.59421973
v 1.61115085 -0.0472332383 -0.581309366
v 1.59937196 -0.0121616131 -0.5840134
v 1.58332535 0.0223566014 -0.580522629
v 1.56640057 0.0592975668 -0.578874595
v 1.54074037 0.0908782184 -0.58057563
v 1.50599675 0.111302158 -0.577050143
v 1.46856686 0.126280005 -0.578898523
v 1.43349354 0.14344116 -0.5762344
v 1.41401496 0.174375927 -0.56407401
v 1.3838174 0.19769805 -0.560005949
v 1.34673611 0.206851289 -0.561315886
v 1.30914948 0.205944619 -0.5628733
v 1.2718375 0.19961652 -0.565294123
v 1.23159441 0.19828647 -0.568084472
v 1.19073592 0.20004777 -0.572917359
v 1.15605991 0.179424979 -0.57749143
v 1.12611722 0.151445676 -0.579246798
v 1.09841032 0.122629149 -0.578922206
v 1.0742412 0.0932329546 -0.576182069
v 1.05530732 0.0603737872 -0.578731566
v 1.04242031 0.0244931047 -0.580528651
v 1.03089946 -0.0115005627 -0.58570812
v 1.02341887 -0.048482216 -0.59162811
v 1.0181054 -0.0870555172 -0.596943918
v 1.01578728 -0.12743242 -0.601303277
v 1.02537852 -0.166575852 -0.605387286
v 1.04656214 -0.20127426 -0.609606688
v 1.07496329 -0.228810517 -0.619343971
v 1.09798449 -0.259241645 -0.619384765
v 1.11669508 -0.29145406 -0.619093884
v 1.14203683 -0.320065029 -0.623503832
v 1.17032675 -0.346204926 -0.629250573
v 1.2071634 -0.358277868 -0.63470571
v 1.2446105 -0.346433034 -0.637434209
v 1.28364245 -0.339699205 -0.642236965
v 1.31808651 -0.360160559 -0.640706335
v 1.35801614 -0.364135561 -0.641125797
v 1.39776288 -0.356820583 -0.639604735
v 1.4306501 -0.33778602 -0.632243705
v 1.46157366 -0.319375962 -0.624062489
v 1.49968361 -0.313417796 -0.626482212
v 1.53538221 -0.295774534 -0.622867749
v 1.56057046 -0.265102516 -0.620470661
v 1.55822604 -0.225529502 -0.617367428
v 1.55529812 -0.186323289 -0.613632803
v 1.57023133 -0.150320611 -0.607907197
v 1.58331212 -0.115513021 -0.595835726
v 1.59678187 -0.0805244947 -0.58774451
v 1.60960402 -0.0467180039 -0.575920165
v 1.6009929 -0.0102821588 -0.578098665
v 1.58237126 0.0235436047 -0.574376868
v 1.56512411 0.0606597251 -0.572952492
v 1.54209073 0.0943177785 -0.575271584
v 1.50358562 0.107290768 -0.571861026
v 1.4659871 0.123376061 -0.571149156
v 1.43242683 0.142342562 -0.565698721
v 1.40613738 0.168795859 -0.560734945
v 1.38283783 0.197458532 -0.552074753
v 1.34636023 0.208521824 -0.552733934
v 1.3082334 0.206419035 -0.552194307
v 1.26986936 0.20382875 -0.555513125
v 1.23007256 0.200157577 -0.557722394
v 1.18963659 0.19791159 -0.561819892
v 1.15528581 0.176862776 -0.565683237
v 1.12373892 0.150621655 -0.567091032
v 1.09798088 0.120372682 -0.566932817
v 1.0799309 0.0877650125 -0.568779263
v 1.05755871 0.0573323575 -0.571333763
v 1.03923643 0.0230398384 -0.573093277
v 1.0233678 -0.0120569047 -0.57916425
v 1.0171216 -0.0501609325 -0.585196533
v 1.01797349 -0.0891455021 -0.59033007
v 1.01922473 -0.1287543 -0.594892527
v 1.0311175 -0.166658155 -0.59925072
v 1.05397259 -0.198258137 -0.609118068
v 1.08029106 -0.22769535 -0.615005638
v 1.10023465 -0.259452468 -0.614099025
v 1.11696521 -0.292844438 -0.614469193
v 1.14698301 -0.318187734 -0.619836461
v 1.16918559 -0.351471978 -0.621781054
v 1.20822155 -0.359046003 -0.6250355
v 1.2459338 -0.346632766 -0.628463804
v 1.28473275 -0.340291573 -0.631410246
v 1.32268032 -0.35010904 -0.634116053
v 1.36000907 -0.361012425 -0.629282047
v 1.39908317 -0.358967548 -0.629016424
v 1.4304992 -0.33876447 -0.622345371
v 1.46561651 -0.327043235 -0.619771622
v 1.50397785 -0.317767172 -0.618521898
v 1.53820491 -0.296084948 -0.612390601
v 1.56386321 -0.264955244 -0.610071787
v 1.55611597 -0.225261826 -0.607612858
v 1.56336781 -0.186026088 -0.606882515
v 1.56325561 -0.148159691 -0.598761567
v 1.58747277 -0.118127215 -0.588485332
v 1.60154575 -0.0828920486 -0.584720959
v 1.60230718 -0.0461990564 -0.574090592
v 1.60254721 -0.00801519959 -0.570604946
v 1.58096514 0.0244869066 -0.568653072
v 1.5669962 0.0624235035 -0.568805618
v 1.54173124 0.0940236981 -0.569174354
v 1.5063389 0.114093666 -0.569560789
v 1.46925981 0.131008548 -0.56756497
v 1.43552936 0.146409123 -0.557525675
v 1.40301403 0.163957953 -0.554272915
v 1.38163795 0.194518508 -0.544863336
v 1.34521414 0.208550052 -0.542801797
v 1.30628943 0.212331609 -0.542666303
v 1.26741796 0.209212409 -0.546907058
v 1.22858167 0.201880705 -0.547432055
v 1.18996439 0.192358265 -0.55079573
v 1.16057166 0.166683027 -0.559184821
v 1.12800558 0.143106464 -0.557814719
v 1.10119935 0.1149033 -0.557437581
v 1.08470791 0.0822735669 -0.562360525
v 1.05903467 0.0537066807 -0.563926308
v 1.03156148 0.0247887412 -0.568823783
v 1.02105892 -0.013752651 -0.570001228
v 1.01243533 -0.0516305599 -0.579129883
v 1.01932111 -0.090374531 -0.583925075
v 1.02800676 -0.127440623 -0.593358114
v 1.03995489 -0.164632488 -0.595809782
v 1.06023492 -0.196806699 -0.604807975
v 1.08471554 -0.225976003 -0.611748013
v 1.10471083 -0.257151344 -0.615579032
v 1.12161426 -0.290900794 -0.611877656
v 1.15291106 -0.31499208 -0.620928633
v 1.17116937 -0.350868863 -0.614071371
v 1.20934843 -0.363502081 -0.618292724
v 1.24745951 -0.349746223 -0.62003929
v 1.28615857 -0.342609316 -0.619642178
v 1.32439749 -0.342719897 -0.622906371
v 1.36147589 -0.351906226 -0.621408406
v 1.39892943 -0.358368912 -0.618306712
v 1.43483054 -0.346839826 -0.616462446
v 1.46559823 -0.326236771 -0.609030018
v 1.50499644 -0.320188874 -0.608663122
v 1.5404202 -0.300025152 -0.603551591
v 1.5610835 -0.265211033 -0.600581721
v 1.55752383 -0.22443924 -0.597555471
v 1.56950408 -0.185996246 -0.597465636
v 1.56639753 -0.149337356 -0.587836369
v 1.58536765 -0.115554848 -0.581434817
v 1.60472004 -0.081862566 -0.577822932
v 1.59686106 -0.0436324447 -0.581404507
v 1.59917036 -0.00920738312 -0.562692868
v 1.58241257 0.0263560137 -0.563263314
v 1.56389669 0.0614429984 -0.563152331
v 1.53526216 0.0887505207 -0.567740373
v 1.5036622 0.112333172 -0.561304154
v 1.46759779 0.129284974 -0.559314606
v 1.43273644 0.141469009 -0.551536517
v 1.40440259 0.164951897 -0.546493526
v 1.38075447 0.194956246 -0.536241133
v 1.34534149 0.214067806 -0.534083498
v 1.30544568 0.215959688 -0.532912904
v 1.26666338 0.207807779 -0.537887251
v 1.22878025 0.196896668 -0.538324374
v 1.19286805 0.182397977 -0.543732118
v 1.16544581 0.156607988 -0.553907593
v 1.1333654 0.134577832 -0.553609607
v 1.10302805 0.112294457 -0.547950497
v 1.08027018 0.0836547736 -0.554132598
v 1.05365012 0.0550353514 -0.556812118
v 1.02645244 0.0246727636 -0.561543296
v 1.01377898 -0.0135912769 -0.565943407
v 1.01407264 -0.0536556369 -0.572592225
v 1.02281137 -0.0926622564 -0.577075419
v 1.037019 -0.126952386 -0.588182852
v 1.04821752 -0.163399077 -0.590431268
v 1.06676424 -0.194418559 -0.602570561
v 1.08640493 -0.226854389 -0.604991608
v 1.1095564 -0.256207011 -0.609321074
v 1.12566029 -0.290985298 -0.605439246
v 1.15763223 -0.31380439 -0.615969182
v 1.17164469 -0.35118538 -0.607148827
v 1.21036981 -0.363074046 -0.610721774
v 1.24966177 -0.351092109 -0.610932101
v 1.28888381 -0.349680368 -0.610780726
v 1.3258818 -0.343419649 -0.611092376
v 1.36237897 -0.353506699 -0.611247342
v 1.39954899 -0.362064672 -0.608540705
v 1.43603413 -0.350749526 -0.605533199
v 1.46881057 -0.331192924 -0.599910112
v 1.50631717 -0.318246363 -0.599733216
v 1.54193697 -0.29961679 -0.594673919
v 1.55250909 -0.261546187 -0.602910305
v 1.56733676 -0.224276771 -0.594922531
v 1.56223271 -0.184911749 -0.59003454
v 1.57107948 -0.15023151 -0.579343922
v 1.58820343 -0.118585108 -0.568132948
v 1.59775944 -0.0804725488 -0.566958848
v 1.58494687 -0.044899842 -0.577114854
v 1.58870471 -0.0125892869 -0.55561312
v 1.57512943 0.0233017159 -0.549910935
v 1.5522968 0.0538163827 -0.549815552
v 1.52264397 0.0759651124 -0.55767289
v 1.49305704 0.0989841029 -0.55361779
v 1.46276374 0.120109891 -0.547189403
v 1.43139806 0.136221793 -0.538360848
v 1.40767904 0.163574846 -0.533545414
v 1.37914829 0.188822589 -0.525018031
v 1.34337247 0.205976815 -0.524585339
v 1.30415556 0.206138968 -0.524114415
v 1.26819754 0.193012454 -0.533534371
v 1.23208427 0.180388831 -0.530180424
v 1.19675773 0.168716759 -0.529548581
v 1.16735529 0.147851905 -0.538145617
v 1.13647149 0.127631788 -0.540973485
v 1.1069403 0.105906833 -0.537611072
v 1.08457567 0.077587458 -0.544476682
v 1.05627659 0.0516469079 -0.545264578
v 1.03297979 0.0198815863 -0.551433104
v 1.02077502 -0.0175160881 -0.554580217
v 1.02740195 -0.0554744151 -0.564808399
v 1.03617392 -0.0939792577 -0.565339555
v 1.0524249 -0.125057533 -0.57724428
v 1.06365093 -0.158596929 -0.585411265
v 1.07676814 -0.191691646 -0.595507081
v 1.08940505 -0.22671005 -0.595632521
v 1.11451728 -0.253796041 -0.601372803
v 1.13122985 -0.287455675 -0.597023818
v 1.16280223 -0.308917016 -0.604923
v 1.1780516 -0.343775572 -0.59535824
v 1.21467502 -0.358033056 -0.595881666
v 1.25411783 -0.354197042 -0.595278133
v 1.2896535 -0.341762546 -0.596185203
v 1.32552997 -0.34458146 -0.595463756
v 1.36244354 -0.348485608 -0.598653758
v 1.39905822 -0.358883651 -0.596989471
v 1.43623635 -0.351209798 -0.593846759
v 1.47098391 -0.336259333 -0.589012057
v 1.50081569 -0.312418796 -0.587440037
v 1.53288546 -0.291723612 -0.581946439
v 1.54300071 -0.255149967 -0.588711074
v 1.56287414 -0.223486628 -0.57827165
v 1.56287498 -0.185822255 -0.573994945
v 1.57914462 -0.154569726 -0.567335289
v 1.57619717 -0.115772366 -0.553215963
v 1.58965507 -0.08025013 -0.549219786
v 1.57281227 -0.0489275302 -0.561866266
v 1.57486011 -0.018180836 -0.540210444
v 1.55584977 0.014231209 -0.537497177
v 1.53613604 0.0433246341 -0.529781237
v 1.5142538 0.0705202241 -0.531523518
v 1.49088065 0.0963554712 -0.528990629
v 1.46415016 0.11855947 -0.526122356
v 1.43465538 0.135610605 -0.519428187
v 1.40646418 0.156247598 -0.51596275
v 1.3752342 0.174936865 -0.510807067
v 1.34030155 0.18779637 -0.513282751
v 1.30334219 0.187804803 -0.510628429
v 1.26951878 0.174013237 -0.518712383
v 1.23613583 0.160903289 -0.514315259
v 1.20497068 0.146954366 -0.519707226
v 1.1731111 0.132866797 -0.522126635
v 1.13963565 0.121464965 -0.523081057
v 1.11343892 0.0975505948 -0.524174254
v 1.08844401 0.0725453729 -0.528627738
v 1.06536547 0.0444963946 -0.530158158
v 1.04770359 0.0125080154 -0.537237912
v 1.04019983 -0.0234095766 -0.542788664
v 1.0445085 -0.0603746724 -0.548514982
v 1.05492878 -0.0960689039 -0.550075001
v 1.06764021 -0.126617982 -0.559413836
v 1.07246857 -0.1596345 -0.566577328
v 1.08431396 -0.190624931 -0.580608817
v 1.09480353 -0.225324339 -0.582889655
v 1.11918832 -0.251634031 -0.58813636
v 1.13615347 -0.282862715 -0.580822966
v 1.16563375 -0.303969453 -0.583478223
v 1.1871148 -0.332340903 -0.575330204
v 1.22125129 -0.345271529 -0.576615578
v 1.2577559 -0.345231968 -0.575912071
v 1.29254484 -0.340593905 -0.576686191
v 1.32567587 -0.349083657 -0.577289705
v 1.36127207 -0.353027868 -0.581322459
v 1.39814501 -0.355045229 -0.580035964
v 1.43119158 -0.33925138 -0.581631194
v 1.46429777 -0.325790337 -0.57331131
v 1.49315369 -0.305186935 -0.566225618
v 1.51807353 -0.279704287 -0.563912221
v 1.53578753 -0.248854533 -0.564941482
v 1.55109207 -0.217165018 -0.559926481
v 1.55825771 -0.183357734 -0.554552827
v 1.56522201 -0.149962172 -0.554828577
v 1.55916687 -0.114335521 -0.544027621
v 1.57221875 -0.0812441175 -0.537593204
v 1.55359167 -0.0544643311 -0.55224818
v 1.55208908 -0.0223469615 -0.536156329
v 1.53985545 0.00718698525 -0.519161002
v 1.51620783 0.0312225211 -0.516715827
v 1.49513758 0.0544059733 -0.524665597
v 1.47771566 0.0815389175 -0.517557456
v 1.45798751 0.107568161 -0.51070292
v 1.43098643 0.126089098 -0.503754453
v 1.40098335 0.14128206 -0.504691518
v 1.3699872 0.155383622 -0.501865726
v 1.33702691 0.164473755 -0.506676549
v 1.30299438 0.164690669 -0.501081302
v 1.27070354 0.153121004 -0.506078493
v 1.2396514 0.142022274 -0.50039053
v 1.2088654 0.13253876 -0.502718579
v 1.17624069 0.124952308 -0.503355982
v 1.14472093 0.111972891 -0.508207595
v 1.11871966 0.0895372494 -0.509888422
v 1.09792436 0.0629771216 -0.516721206
v 1.08318887 0.0338863562 -0.527548978
v 1.06630828 0.00393642188 -0.524514269
v 1.06013231 -0.0297601932 -0.528713291
v 1.06283071 -0.0641667497 -0.533377797
v 1.07466922 -0.0956356657 -0.540089704
v 1.08351965 -0.12564818 -0.546817421
v 1.08608037 -0.157122004 -0.554640296
v 1.08962406 -0.19038666 -0.5654758
v 1.10677608 -0.219038836 -0.576838262
v 1.12133726 -0.250404361 -0.572346148
v 1.14520119 -0.274841282 -0.565190705
v 1.17091189 -0.29697771 -0.561036386
v 1.19756162 -0.317322078 -0.557390309
v 1.22899049 -0.327540563 -0.563561221
v 1.26120909 -0.335617514 -0.559220877
v 1.29397367 -0.33924623 -0.559601684
v 1.32665482 -0.341449872 -0.562264279
v 1.36049673 -0.347413846 -0.564522614
v 1.39562494 -0.346635817 -0.563402764
v 1.42857735 -0.33526301 -0.562058111
v 1.45592429 -0.313986146 -0.556348514
v 1.480093 -0.290307423 -0.551154545
v 1.50233419 -0.266162525 -0.548237567
v 1.52393721 -0.241692055 -0.545131938
v 1.53609502 -0.211279564 -0.547172316
v 1.54204692 -0.179044539 -0.547678788
v 1.55126458 -0.147809108 -0.543568272
v 1.55706579 -0.116077685 -0.531578178
v 1.56293872 -0.0837646563 -0.524813788
v 1.55149937 -0.0539434089 -0.534597329
v 1.5465074 -0.0244426916 -0.519046421
v 1.52342728 0.000306514169 -0.516100176
v 1.50233066 0.0227285757 -0.509593302
v 1.48493648 0.0468466312 -0.514725046
v 1.47279914 0.0753564027 -0.507423194
v 1.45204735 0.100202571 -0.508083127
v 1.42541453 0.117960729 -0.504387111
v 1.39502448 0.128790614 -0.504973233
v 1.36430351 0.136996508 -0.502479171
v 1.33311519 0.142587762 -0.503688221
v 1.30224779 0.143414252 -0.49699709
v 1.27161485 0.136284668 -0.498738055
v 1.24237052 0.127337659 -0.502593637
v 1.21271077 0.120846214 -0.498716757
v 1.18102075 0.114824414 -0.500814184
v 1.15089671 0.103677798 -0.509608329
v 1.12529501 0.0838971253 -0.51630597
v 1.1079947 0.0565060868 -0.523006808
v 1.09832118 0.0253634532 -0.523358507
v 1.08519037 -0.00268274508 -0.53150033
v 1.08055285 -0.0341061766 -0.532862314
v 1.07970072 -0.064776149 -0.54106829
v 1.08892124 -0.0943585002 -0.546097621
v 1.09514628 -0.122635877 -0.554284172
v 1.09974366 -0.153323204 -0.554742821
v 1.09978341 -0.186932995 -0.555808034
v 1.11109169 -0.217757648 -0.562845838
v 1.13337023 -0.24209069 -0.565966906
v 1.15965169 -0.262853177 -0.565412433
v 1.18553985 -0.28118661 -0.560201559
v 1.20845489 -0.299962783 -0.551027259
v 1.23526175 -0.315995763 -0.551788531
v 1.26508529 -0.323750216 -0.557942017
v 1.29594605 -0.329756726 -0.559778297
v 1.32737441 -0.331242711 -0.563404072
v 1.35962547 -0.334233347 -0.564808318
v 1.39223997 -0.330712189 -0.563569979
v 1.42244105 -0.317986029 -0.562172972
v 1.44677096 -0.296420009 -0.556195242
v 1.46781454 -0.2733881 -0.549242076
v 1.48822131 -0.252323656 -0.541678021
v 1.51084286 -0.232524583 -0.536419341
v 1.5272052 -0.206110856 -0.537844555
v 1.54014058 -0.177548836 -0.537515548
v 1.54936013 -0.147549702 -0.533653091
v 1.54268454 -0.117045849 -0.526183145
v 1.54472568 -0.086335212 -0.528062678
v 1.54083244 -0.0572471517 -0.518435035
v 1.52907514 -0.0287408956 -0.521976969
v 1.50970553 -0.00666726668 -0.511546449
v 1.49074236 0.0153557176 -0.514414355
v 1.47567655 0.0388854794 -0.508967995
v 1.46388905 0.0670194907 -0.506406784
v 1.44481874 0.0915672658 -0.506124485
v 1.41873649 0.107715669 -0.507989512
v 1.3882726 0.113861161 -0.508415778
v 1.35838778 0.116719759 -0.505833359
v 1.3295931 0.119485865 -0.504452548
v 1.3018964 0.122257327 -0.497447978
v 1.27343488 0.120114517 -0.501088815
v 1.24508028 0.115214233 -0.50297904
v 1.21621239 0.110577254 -0.500265969
v 1.18603136 0.104516918 -0.502040742
v 1.15728569 0.0927618894 -0.507644654
v 1.13522378 0.0741105207 -0.519767985
v 1.12036507 0.0486442052 -0.530904044
v 1.1116524 0.0195073841 -0.536243898
v 1.10354771 -0.00872233528 -0.539947984
v 1.09675366 -0.0367550633 -0.544274396
v 1.09566585 -0.065785895 -0.545957854
v 1.10263436 -0.0939204115 -0.544127064
v 1.10701558 -0.12190852 -0.54803375
v 1.11177306 -0.150757595 -0.545974261
v 1.1143092 -0.181804548 -0.548174958
v 1.1245276 -0.211094539 -0.552054427
v 1.14319052 -0.2358735 -0.550691282
v 1.16965648 -0.253206245 -0.550920588
v 1.19580851 -0.267639339 -0.548438592
v 1.21924951 -0.283906902 -0.549776906
v 1.24063779 -0.303663716 -0.543709325
v 1.26790416 -0.315499314 -0.550207348
v 1.29740862 -0.321076083 -0.554895713
v 1.32775502 -0.323451384 -0.554521605
v 1.35788983 -0.320187436 -0.557321335
v 1.38717811 -0.312152506 -0.559042873
v 1.41455785 -0.299524837 -0.555595088
v 1.43683076 -0.28011834 -0.548503418
v 1.45701679 -0.261859929 -0.537807218
v 1.47738727 -0.24483972 -0.529110788
v 1.49893948 -0.22573426 -0.527958569
v 1.51914203 -0.203667221 -0.5274617
v 1.52972204 -0.175963162 -0.532843244
v 1.53781123 -0.146897649 -0.529757721
v 1.52550989 -0.114746628 -0.528184371
v 1.5263754 -0.0874115241 -0.520891817
v 1.52266431 -0.0595973768 -0.525068975
v 1.5132001 -0.0334155572 -0.519802831
v 1.49714331 -0.011538007 -0.511408983
v 1.48029123 0.00977658108 -0.514076854
v 1.46640225 0.0328303326 -0.5137683
v 1.45433721 0.0583210913 -0.507973309
v 1.43632104 0.0811408691 -0.510179603
v 1.41057412 0.0942162319 -0.50790504
v 1.38104473 0.0969814908 -0.504790032
v 1.35285579 0.0964344919 -0.500622898
v 1.32688606 0.0985908813 -0.497477432
v 1.3009508 0.103155741 -0.497556362
v 1.2742583 0.10751776 -0.494734735
v 1.24664574 0.107022504 -0.496583593
v 1.21909001 0.101209029 -0.497412899
v 1.19205432 0.0936565566 -0.504243641
v 1.16687535 0.0825526128 -0.514326385
v 1.14748231 0.0619833982 -0.522041121
v 1.13518314 0.0387922468 -0.535565117
v 1.12853913 0.0109656589 -0.538610601
v 1.12131521 -0.0149066179 -0.542903636
v 1.11367175 -0.0404051807 -0.546777072
v 1.10941427 -0.0668277492 -0.551264285
v 1.11255185 -0.0939356037 -0.552426733
v 1.11976228 -0.120280684 -0.552481989
v 1.12725622 -0.146423664 -0.54928244
v 1.13178584 -0.174266438 -0.552435418
v 1.14220803 -0.200560174 -0.54815044
v 1.15938716 -0.223413046 -0.549048633
v 1.18332376 -0.239648486 -0.552663797
v 1.20708203 -0.253561037 -0.550584027
v 1.22764817 -0.270018194 -0.546858062
v 1.24625991 -0.291237344 -0.541147058
v 1.2718081 -0.305865971 -0.545453665
v 1.2997212 -0.314439262 -0.546391883
v 1.32894095 -0.314194191 -0.544549333
v 1.35721447 -0.307921065 -0.543796261
v 1.38384469 -0.298747126 -0.542264625
v 1.40800925 -0.285488254 -0.540119028
v 1.42863444 -0.26830409 -0.535349612
v 1.44777499 -0.251278865 -0.528520171
v 1.46731825 -0.234763672 -0.523533957
v 1.488604 -0.217711684 -0.52179071
v 1.50876206 -0.197554143 -0.520947549
v 1.51788979 -0.171448054 -0.528427062
v 1.5236082 -0.143225767 -0.528988211
v 1.50816415 -0.115654639 -0.522021323
v 1.50742317 -0.0897085757 -0.521681221
v 1.50671946 -0.0638108985 -0.518434052
v 1.50023295 -0.0386238312 -0.515654645
v 1.48678363 -0.0163956089 -0.512398426
v 1.471396 0.00430172311 -0.512302467
v 1.45712524 0.0252416981 -0.511313589
v 1.44375488 0.0478923098 -0.509077692
v 1.42592859 0.0678509805 -0.50837847
v 1.4013808 0.0785946788 -0.505793661
v 1.37380901 0.0794411894 -0.500591152
v 1.34767994 0.077155847 -0.496485397
v 1.32430451 0.079435126 -0.493215821
v 1.30094873 0.0873792645 -0.491752372
v 1.27549383 0.0950510889 -0.492713604
v 1.24898683 0.0971282163 -0.496702901
v 1.22325027 0.0923368189 -0.502446149
v 1.19960594 0.0840707463 -0.512177267
v 1.17823526 0.0706069844 -0.521729791
v 1.16127946 0.0516376631 -0.530979927
v 1.15028667 0.0285148436 -0.539686705
v 1.14270622 0.00425883236 -0.546175802
v 1.13501027 -0.0191317272 -0.550583962
v 1.12726029 -0.0428779369 -0.552860318
v 1.12287284 -0.0680275747 -0.554347307
v 1.12562668 -0.0936765986 -0.555817836
v 1.1341132 -0.118250639 -0.556647626
v 1.14344732 -0.142010201 -0.556617338
v 1.15143456 -0.16620265 -0.554609371
v 1.15987081 -0.190569126 -0.556956305
v 1.17495337 -0.211647419 -0.554792197
v 1.19541384 -0.227379783 -0.549214897
v 1.21411236 -0.242932185 -0.541865135
v 1.23300625 -0.259198436 -0.53937913
v 1.25191723 -0.279413691 -0.539375697
v 1.27441906 -0.296935435 -0.537052673
v 1.30113394 -0.304151855 -0.538338424
v 1.32891645 -0.299462471 -0.538697613
v 1.35511648 -0.290861671 -0.534117511
v 1.37901589 -0.281301847 -0.529607864
v 1.40167659 -0.272323377 -0.52496093
v 1.42273423 -0.260783249 -0.52061839
v 1.44196325 -0.246527201 -0.516206153
v 1.46059984 -0.230918677 -0.512562325
v 1.47967077 -0.213884338 -0.511501308
v 1.4964086 -0.193362807 -0.513006892
v 1.50660123 -0.168924357 -0.517179795
v 1.50933694 -0.142107264 -0.519623255
v 1.49103815 -0.11405525 -0.516591404
v 1.49065008 -0.0902992705 -0.518318704
v 1.49154137 -0.066006675 -0.517802832
v 1.48787164 -0.0418351925 -0.51540269
v 1.47704366 -0.0198600225 -0.515387205
v 1.46176416 -0.000902635054 -0.512957845
v 1.44620881 0.0170854381 -0.511285237
v 1.43160012 0.0359215843 -0.509808277
v 1.41442279 0.0525944766 -0.506356071
v 1.39173279 0.0617817776 -0.504119073
v 1.36637703 0.0621905566 -0.499911454
v 1.34245699 0.0597977169 -0.496630287
v 1.32154569 0.062559252 -0.492263872
v 1.30026129 0.0723693737 -0.490309852
v 1.27623377 0.0825816228 -0.491594192
v 1.25113103 0.0860297501 -0.496836752
v 1.2286363 0.0817618038 -0.507377062
v 1.20816919 0.0706839315 -0.516663939
v 1.19052279 0.0559782131 -0.526149579
v 1.175743 0.0387810725 -0.535805486
v 1.16450758 0.0191815244 -0.544802268
v 1.15558503 -0.00180638891 -0.551297049
v 1.14727011 -0.0230712237 -0.555322907
v 1.13994989 -0.0453039164 -0.557244887
v 1.136585 -0.0689938421 -0.55799986
v 1.1406577 -0.0929506499 -0.558595764
v 1.15103504 -0.115299469 -0.558566414
v 1.16249462 -0.136132803 -0.558114517
v 1.1714475 -0.157169796 -0.55640395
v 1.17850354 -0.179363191 -0.557832915
v 1.18994391 -0.199935587 -0.554980622
v 1.20643751 -0.216377582 -0.549081854
v 1.2225382 -0.233417182 -0.546173549
v 1.24015305 -0.24834394 -0.541156494
v 1.25785033 -0.267031557 -0.537887094
v 1.27920048 -0.283144568 -0.537004164
v 1.30412025 -0.288999713 -0.540720393
v 1.33009982 -0.282328689 -0.542153068
v 1.35436683 -0.271467793 -0.538339635
v 1.37568975 -0.261197196 -0.534155072
v 1.39585976 -0.254330395 -0.528175842
v 1.41524102 -0.247041151 -0.519809742
v 1.4343473 -0.236444894 -0.513054957
v 1.45204899 -0.222468816 -0.507695446
v 1.46857743 -0.20587939 -0.505230106
v 1.48225005 -0.185992024 -0.505878939
v 1.49057134 -0.162982947 -0.509595132
v 1.4924632 -0.138187542 -0.51277522
v 1.11527812 -0.213298816 -0.735465206
v 1.1416908 -0.243007104 -0.736266578
v 1.16446192 -0.276154443 -0.73092799
v 1.1914861 -0.306005377 -0.74558549
v 1.2272975 -0.328167283 -0.742440782
v 1.26916752 -0.334076516 -0.745294552
v 1.30723576 -0.336320085 -0.726410205
v 1.34982748 -0.33307268 -0.726405121
v 1.39153513 -0.327100011 -0.727471823
v 1.4281589 -0.312183926 -0.745156831
v 1.46320761 -0.288128612 -0.738478427
v 1.08843206 -0.182204093 -0.739997243
v 1.15444077 -0.185858587 -0.746
v 1.17889847 -0.215082922 -0.735542663
v 1.20344744 -0.247214523 -0.745999802
v 1.236691 -0.273609814 -0.746
v 1.27825843 -0.281191714 -0.746
v 1.31964725 -0.28471134 -0.736366594
v 1.3610024 -0.282422729 -0.746
v 1.40192549 -0.269513089 -0.746
v 1.43713694 -0.244662408 -0.746
v 1.49048756 -0.256794604 -0.746
v 1.08115088 -0.144571864 -0.730526785
v 1.13188053 -0.151848016 -0.746
v 1.19465187 -0.157254489 -0.732631316
v 1.22038694 -0.187046755 -0.733404412
v 1.24659307 -0.219074712 -0.744647979
v 1.28635322 -0.229312427 -0.734772494
v 1.32872753 -0.231813053 -0.730130553
v 1.36691553 -0.223739556 -0.745999688
v 1.40402815 -0.202977559 -0.73820778
v 1.45620618 -0.209083512 -0.733782979
v 1.49954325 -0.215817339 -0.740557153
v 1.08020028 -0.106144165 -0.74155982
v 1.12570586 -0.113351875 -0.738721822
v 1.17293554 -0.124459154 -0.742017721
v 1.23518484 -0.129186231 -0.744210479
v 1.25958267 -0.160724397 -0.739350225
v 1.29680975 -0.177856199 -0.746
v 1.33869885 -0.177984971 -0.738718202
v 1.37662405 -0.158682383 -0.741461216
v 1.42640953 -0.167688309 -0.744505828
v 1.46836035 -0.170956003 -0.745237681
v 1.51207552 -0.179746772 -0.737686427
v 1.0786261 -0.0683612183 -0.739773676
v 1.12751955 -0.0750846 -0.735351438
v 1.17574387 -0.0845433236 -0.741666581
v 1.22083291 -0.0933034389 -0.746
v 1.27521466 -0.100631693 -0.738955258
v 1.3058234 -0.124902938 -0.745999972
v 1.34534216 -0.115882061 -0.740279457
v 1.39133379 -0.120366804 -0.736017769
v 1.43445417 -0.130282796 -0.74531862
v 1.48410638 -0.138474379 -0.746
v 1.52559525 -0.149986851 -0.719912435
v 1.06286965 -0.0279415884 -0.731506999
v 1.11185539 -0.0368186263 -0.746
v 1.16301132 -0.045486997 -0.746
v 1.2141391 -0.0541411971 -0.744494826
v 1.26497591 -0.0631172984 -0.739797421
v 1.31590252 -0.0723089786 -0.742422826
v 1.36678897 -0.0819981071 -0.743599716
v 1.41760202 -0.0918826684 -0.746
v 1.46831637 -0.102494486 -0.746
v 1.51528172 -0.11188569 -0.726115608
v 1.56333788 -0.123188805 -0.710398715
v 1.05127346 0.0192658775 -0.718550456
v 1.10065692 0.0112229923 -0.741731525
v 1.15507643 0.00286159267 -0.744833702
v 1.21774218 -0.00894599841 -0.746
v 1.28702596 -0.0310686185 -0.744188902
v 1.32468355 -0.0231700024 -0.746
v 1.36002445 -0.0420440541 -0.746
v 1.42290537 -0.0499678449 -0.746
v 1.4849941 -0.0599761666 -0.744556583
v 1.53082662 -0.0694786375 -0.714013126
v 1.58313233 -0.0810344824 -0.698072928
v 1.05975366 0.0645988406 -0.725782366
v 1.11962581 0.0531753076 -0.744563073
v 1.18895281 0.0340869223 -0.738447403
v 1.25865247 0.0107623256 -0.742537415
v 1.29518196 0.0248073457 -0.744508787
v 1.33409425 0.0259607754 -0.745880747
v 1.37192504 0.0130332082 -0.740733537
v 1.40515028 -0.012084297 -0.737062449
v 1.46536114 -0.0197673946 -0.745151876
v 1.52534704 -0.0264855909 -0.719481327
v 1.58618666 -0.039196516 -0.709625814
v 1.09128225 0.096889482 -0.737041835
v 1.16101556 0.0760072691 -0.746
v 1.2298919 0.0523823393 -0.739788886
v 1.26586093 0.0680575655 -0.742164884
v 1.30372209 0.0776381732 -0.745439343
v 1.34274093 0.0750461345 -0.74241077
v 1.38067237 0.0609885152 -0.745591553
v 1.41985151 0.0489144552 -0.735654846
v 1.44804033 0.0186469996 -0.744857349
v 1.50785632 0.00865674394 -0.738464934
v 1.56531311 0.000352719866 -0.71220743
v 1.13283859 0.117097701 -0.744976153
v 1.20152346 0.0937930199 -0.746
v 1.23756547 0.109618226 -0.746
v 1.27442059 0.122392736 -0.746
v 1.31337889 0.128199274 -0.745796822
v 1.35244946 0.123956295 -0.746
v 1.39066973 0.109961471 -0.746
v 1.42896163 0.0984100541 -0.741175346
v 1.46847596 0.0804006706 -0.742634114
v 1.49624271 0.0486113004 -0.746
v 1.55409286 0.035971088 -0.732835937
v 1.17229492 0.135526572 -0.742505733
v 1.20819765 0.151143311 -0.736645198
v 1.24499547 0.163725769 -0.733276577
v 1.28275085 0.171411311 -0.726215576
v 1.32185392 0.172580308 -0.721109323
v 1.35862949 0.160810286 -0.712796147
v 1.39699042 0.155171062 -0.725649068
v 1.43447889 0.142192161 -0.719953154
v 1.4712619 0.124014593 -0.710139351
v 1.51036008 0.105547939 -0.712844304
v 1.53515622 0.0716758868 -0.719806212
f 1 2 49
f 2 50 49
f 2 3 50
f 3 51 50
f 3 4 51
f 4 52 51
f 4 5 52
f 5 53 52
f 5 6 53
f 6 54 53
f 6 7 54
f 7 55 54
f 7 8 55
f 8 56 55
f 8 9 56
f 9 57 56
f 9 10 57
f 10 58 57
f 10 11 58
f 11 59 58
f 11 12 59
f 12 60 59
f 12 13 60
f 13 61 60
f 13 14 61
f 14 62 61
f 14 15 62
f 15 63 62
f 15 16 63
f 16 64 63
f 16 17 64
f 17 65 64
f 17 18 65
f 18 66 65
f 18 19 66
f 19 67 66
f 19 20 67
f 20 68 67
f 20 21 68
f 21 69 68
f 21 22 69
f 22 70 69
f 22 23 70
f 23 71 70
f 23 24 71
f 24 72 71
f 24 25 72
f 25 73 72
f 25 26 73
f 26 74 73
f 26 27 74
f 27 75 74
f 27 28 75
f 28 76 75
f 28 29 76
f 29 77 76
f 29 30 77
f 30 78 77
f 30 31 78
f 31 79 78
f 31 32 79
f 32 80 79
f 32 33 80
f 33 81 80
f 33 34 81
f 34 82 81
f 34 35 82
f 35 83 82
f 35 36 83
f 36 84 83
f 36 37 84
f 37 85 84
f 37 38 85
f 38 86 85
f 38 39 86
f 39 87 86
f 39 40 87
f 40 88 87
f 40 41 88
f 41 89 88
f 41 42 89
f 42 90 89
f 42 43 90
f 43 91 90
f 43 44 91
f 44 92 91
f 44 45 92
f 45 93 92
f 45 46 93
f 46 94 93
f 46 47 94
f 47 95 94
f 47 48 95
f 48 96 95
f 48 1 96
f 1 49 96
f 49 50 97
f 50 98 97
f 50 51 98
f 51 99 98
f 51 52 99
f 52 100 99
f 52 53 100
f 53 101 100
f 53 54 101
f 54 102 101
f 54 55 102
f 55 103 102
f 55 56 103
f 56 104 103
f 56 57 104
f 57 105 104
f 57 58 105
f 58 106 105
f 58 59 106
f 59 107 106
f 59 60 107
f 60 108 107
f 60 61 108
f 61 109 108
f 61 62 109
f 62 110 109
f 62 63 110
f 63 111 110
f 63 64 111
f 64 112 111
f 64 65 112
f 65 113 112
f 65 66 113
f 66 114 113
f 66 67 114
f 67 115 114
f 67 68 115
f 68 116 115
f 68 69 116
f 69 117 116
f 69 70 117
f 70 118 117
f 70 71 118
f 71 119 118
f 71 72 119
f 72 120 119
f 72 73 120
f 73 121 120
f 73 74 121
f 74 122 121
f 74 75 122
f 75 123 122
f 75 76 123
f 76 124 123
f 76 77 124
f 77 125 124
f 77 78 125
f 78 126 125
f 78 79 126
f 79 127 126
f 79 80 127
f 80 128 127
f 80 81 128
f 81 129 128
f 81 82 129
f 82 130 129
f 82 83 130
f 83 131 130
f 83 84 131
f 84 132 131
f 84 85 132
f 85 133 132
f 85 86 133
f 86 134 133
f 86 87 134
f 87 135 134
f 87 88 135
f 88 136 135
f 88 89 136
f 89 137 136
f 89 90 137
f 90 138 137
f 90 91 138
f 91 139 138
f 91 92 139
f 92 140 139
f 92 93 140
f 93 141 140
f 93 94 141
f 94 142 141
f 94 95 142
f 95 143 142
f 95 96 143
f 96 144 143
f 96 49 144
f 49 97 144
f 97 98 145
f 98 146 145
f 98 99 146
f 99 147 146
f 99 100 147
f 100 148 147
f 100 101 148
f 101 149 148
f 101 102 149
f 102 150 149
f 102 103 150
f 103 151 150
f 103 104 151
f 104 152 151
f 104 105 152
f 105 153 152
f 105 106 153
f 106 154 153
f 106 107 154
f 107 155 154
f 107 108 155
f 108 156 155
f 108 109 156
f 109 157 156
f 109 110 157
f 110 158 157
f 110 111 158
f 111 159 158
f 111 112 159
f 112 160 159
f 112 113 160
f 113 161 160
f 113 114 161
f 114 162 161
f 114 115 162
f 115 163 162
f 115 116 163
f 116 164 163
f 116 117 164
f 117 165 164
f 117 118 165
f 118 166 165
f 118 119 166
f 119 167 166
f 119 120 167
f 120 168 167
f 120 121 168
f 121 169 168
f 121 122 169
f 122 170 169
f 122 123 170
f 123 171 170
f 123 124 171
f 124 172 171
f 124 125 172
f 125 173 172
f 125 126 173
f 126 174 173
f 126 127 174
f 127 175 174
f 127 128 175
f 128 176 175
f 128 129 176
f 129 177 176
f 129 130 177
f 130 178 177
f 130 131 178
f 131 179 178
f 131 132 179
f 132 180 179
f 132 133 180
f 133 181 180
f 133 134 181
f 134 182 181
f 134 135 182
f 135 183 182
f 135 136 183
f 136 184 183
f 136 137 184
f 137 185 184
f 137 138 185
f 138 186 185
f 138 139 186
f 139 187 186
f 139 140 187
f 140 188 187
f 140 141 188
f 141 189 188
f 141 142 189
f 142 190 189
f 142 143 190
f 143 191 190
f 143 144 191
f 144 192 191
f 144 97 192
f 97 145 192
f 145 146 193
f 146 194 193
f 146 147 194
f 147 195 194
f 147 148 195
f 148 196 195
f 148 149 196
f 149 197 196
f 149 150 197
f 150 198 197
f 150 151 198
f 151 199 198
f 151 152 199
f 152 200 199
f 152 153 200
f 153 201 200
f 153 154 201
f 154 202 201
f 154 155 202
f 155 203 202
f 155 156 203
f 156 204 203
f 156 157 204
f 157 205 204
f 157 158 205
f 158 206 205
f 158 159 206
f 159 207 206
f 159 160 207
f 160 208 207
f 160 161 208
f 161 209 208
f 161 162 209
f 162 210 209
f 162 163 210
f 163 211 210
f 163 164 211
f 164 212 211
f 164 165 212
f 165 213 212
f 165 166 213
f 166 214 213
f 166 167 214
f 167 215 214
f 167 168 215
f 168 216 215
f 168 169 216
f 169 217 216
f 169 170 217
f 170 218 217
f 170 171 218
f 171 219 218
f 171 172 219
f 172 220 219
f 172 173 220
f 173 221 220
f 173 174 221
f 174 222 221
f 174 175 222
f 175 223 222
f 175 176 223
f 176 224 223
f 176 177 224
f 177 225 224
f 177 178 225
f 178 226 225
f 178 179 226
f 179 227 226
f 179 180 227
f 180 228 227
f 180 181 228
f 181 229 228
f 181 182 229
f 182 230 229
f 182 183 230
f 183 231 230
f 183 184 231
f 184 232 231
f 184 185 232
f 185 233 232
f 185 186 233
f 186 234 233
f 186 187 234
f 187 235 234
f 187 188 235
f 188 236 235
f 188 189 236
f 189 237 236
f 189 190 237
f 190 238 237
f 190 191 238
f 191 239 238
f 191 192 239
f 192 240 239
f 192 145 240
f 145 193 240
f 193 194 241
f 194 242 241
f 194 195 242
f 195 243 242
f 195 196 243
f 196 244 243
f 196 197 244
f 197 245 244
f 197 198 245
f 198 246 245
f 198 199 246
f 199 247 246
f 199 200 247
f 200 248 247
f 200 201 248
f 201 249 248
f 201 202 249
f 202 250 249
f 202 203 250
f 203 251 250
f 203 204 251
f 204 252 251
f 204 205 252
f 205 253 252
f 205 206 253
f 206 254 253
f 206 207 254
f 207 255 254
f 207 208 255
f 208 256 255
f 208 209 256
f 209 257 256
f 209 210 257
f 210 258 257
f 210 211 258
f 211 259 258
f 211 212 259
f 212 260 259
f 212 213 260
f 213 261 260
f 213 214 261
f 214 262 261
f 214 215 262
f 215 263 262
f 215 216 263
f 216 264 263
f 216 217 264
f 217 265 264
f 217 218 265
f 218 266 265
f 218 219 266
f 219 267 266
f 219 220 267
f 220 268 267
f 220 221 268
f 221 269 268
f 221 222 269
f 222 270 269
f 222 223 270
f 223 271 270
f 223 224 271
f 224 272 271
f 224 225 272
f 225 273 272
f 225 226 273
f 226 274 273
f 226 227 274
f 227 275 274
f 227 228 275
f 228 276 275
f 228 229 276
f 229 277 276
f 229 230 277
f 230 278 277
f 230 231 278
f 231 279 278
f 231 232 279
f 232 280 279
f 232 233 280
f 233 281 280
f 233 234 281
f 234 282 281
f 234 235 282
f 235 283 282
f 235 236 283
f 236 284 283
f 236 237 284
f 237 285 284
f 237 238 285
f 238 286 285
f 238 239 286
f 239 287 286
f 239 240 287
f 240 288 287
f 240 193 288
f 193 241 288
f 241 242 289
f 242 290 289
f 242 243 290
f 243 291 290
f 243 244 291
f 244 292 291
f 244 245 292
f 245 293 292
f 245 246 293
f 246 294 293
f 246 247 294
f 247 295 294
f 247 248 295
f 248 296 295
f 248 249 296
f 249 297 296
f 249 250 297
f 250 298 297
f 250 251 298
f 251 299 298
f 251 252 299
f 252 300 299
f 252 253 300
f 253 301 300
f 253 254 301
f 254 302 301
f 254 255 302
f 255 303 302
f 255 256 303
f 256 304 303
f 256 257 304
f 257 305 304
f 257 258 305
f 258 306 305
f 258 259 306
f 259 307 306
f 259 260 307
f 260 308 307
f 260 261 308
f 261 309 308
f 261 262 309
f 262 310 309
f 262 263 310
f 263 311 310
f 263 264 311
f 264 312 311
f 264 265 312
f 265 313 312
f 265 266 313
f 266 314 313
f 266 267 314
f 267 315 314
f 267 268 315
f 268 316 315
f 268 269 316
f 269 317 316
f 269 270 317
f 270 318 317
f 270 271 318
f 271 319 318
f 271 272 319
f 272 320 319
f 272 273 320
f 273 321 320
f 273 274 321
f 274 322 321
f 274 275 322
f 275 323 322
f 275 276 323
f 276 324 323
f 276 277 324
f 277 325 324
f 277 278 325
f 278 326 325
f 278 279 326
f 279 327 326
f 279 280 327
f 280 328 327
f 280 281 328
f 281 329 328
f 281 282 329
f 282 330 329
f 282 283 330
f 283 331 330
f 283 284 331
f 284 332 331
f 284 285 332
f 285 333 332
f 285 286 333
f 286 334 333
f 286 287 334
f 287 335 334
f 287 288 335
f 288 336 335
f 288 241 336
f 241 289 336
f 289 290 337
f 290 338 337
f 290 291 338
f 291 339 338
f 291 292 339
f 292 340 339
f 292 293 340
f 293 341 340
f 293 294 341
f 294 342 341
f 294 295 342
f 295 343 342
f 295 296 343
f 296 344 343
f 296 297 344
f 297 345 344
f 297 298 345
f 298 346 345
f 298 299 346
f 299 347 346
f 299 300 347
f 300 348 347
f 300 301 348
f 301 349 348
f 301 302 349
f 302 350 349
f 302 303 350
f 303 351 350
f 303 304 351
f 304 352 351
f 304 305 352
f 305 353 352
f 305 306 353
f 306 354 353
f 306 307 354
f 307 355 354
f 307 308 355
f 308 356 355
f 308 309 356
f 309 357 356
f 309 310 357
f 310 358 357
f 310 311 358
f 311 359 358
f 311 312 359
f 312 360 359
f 312 313 360
f 313 361 360
f 313 314 361
f 314 362 361
f 314 315 362
f 315 363 362
f 315 316 363
f 316 364 363
f 316 317 364
f 317 365 364
f 317 318 365
f 318 366 365
f 318 319 366
f 319 367 366
f 319 320 367
f 320 368 367
f 320 321 368
f 321 369 368
f 321 322 369
f 322 370 369
f 322 323 370
f 323 371 370
f 323 324 371
f 324 372 371
f 324 325 372
f 325 373 372
f 325 326 373
f 326 374 373
f 326 327 374
f 327 375 374
f 327 328 375
f 328 376 375
f 328 329 376
f 329 377 376
f 329 330 377
f 330 378 377
f 330 331 378
f 331 379 378
f 331 332 379
f 332 380 379
f 332 333 380
f 333 381 380
f 333 334 381
f 334 382 381
f 334 335 382
f 335 383 382
f 335 336 383
f 336 384 383
f 336 289 384
f 289 337 384
f 337 338 385
f 338 386 385
f 338 339 386
f 339 387 386
f 339 340 387
f 340 388 387
f 340 341 388
f 341 389 388
f 341 342 389
f 342 390 389
f 342 343 390
f 343 391 390
f 343 344 391
f 344 392 391
f 344 345 392
f 345 393 392
f 345 346 393
f 346 394 393
f 346 347 394
f 347 395 394
f 347 348 395
f 348 396 395
f 348 349 396
f 349 397 396
f 349 350 397
f 350 398 397
f 350 351 398
f 351 399 398
f 351 352 399
f 352 400 399
f 352 353 400
f 353 401 400
f 353 354 401
f 354 402 401
f 354 355 402
f 355 403 402
f 355 356 403
f 356 404 403
f 356 357 404
f 357 405 404
f 357 358 405
f 358 406 405
f 358 359 406
f 359 407 406
f 359 360 407
f 360 408 407
f 360 361 408
f 361 409 408
f 361 362 409
f 362 410 409
f 362 363 410
f 363 411 410
f 363 364 411
f 364 412 411
f 364 365 412
f 365 413 412
f 365 366 413
f 366 414 413
f 366 367 414
f 367 415 414
f 367 368 415
f 368 416 415
f 368 369 416
f 369 417 416
f 369 370 417
f 370 418 417
f 370 371 418
f 371 419 418
f 371 372 419
f 372 420 419
f 372 373 420
f 373 421 420
f 373 374 421
f 374 422 421
f 374 375 422
f 375 423 422
f 375 376 423
f 376 424 423
f 376 377 424
f 377 425 424
f 377 378 425
f 378 426 425
f 378 379 426
f 379 427 426
f 379 380 427
f 380 428 427
f 380 381 428
f 381 429 428
f 381 382 429
f 382 430 429
f 382 383 430
f 383 431 430
f 383 384 431
f 384 432 431
f 384 337 432
f 337 385 432
f 385 386 433
f 386 434 433
f 386 387 434
f 387 435 434
f 387 388 435
f 388 436 435
f 388 389 436
f 389 437 436
f 389 390 437
f 390 438 437
f 390 391 438
f 391 439 438
f 391 392 439
f 392 440 439
f 392 393 440
f 393 441 440
f 393 394 441
f 394 442 441
f 394 395 442
f 395 443 442
f 395 396 443
f 396 444 443
f 396 397 444
f 397 445 444
f 397 398 445
f 398 446 445
f 398 399 446
f 399 447 446
f 399 400 447
f 400 448 447
f 400 401 448
f 401 449 448
f 401 402 449
f 402 450 449
f 402 403 450
f 403 451 450
f 403 404 451
f 404 452 451
f 404 405 452
f 405 453 452
f 405 406 453
f 406 454 453
f 406 407 454
f 407 455 454
f 407 408 455
f 408 456 455
f 408 409 456
f 409 457 456
f 409 410 457
f 410 458 457
f 410 411 458
f 411 459 458
f 411 412 459
f 412 460 459
f 412 413 460
f 413 461 460
f 413 414 461
f 414 462 461
f 414 415 462
f 415 463 462
f 415 416 463
f 416 464 463
f 416 417 464
f 417 465 464
f 417 418 465
f 418 466 465
f 418 419 466
f 419 467 466
f 419 420 467
f 420 468 467
f 420 421 468
f 421 469 468
f 421 422 469
f 422 470 469
f 422 423 470
f 423 471 470
f 423 424 471
f 424 472 471
f 424 425 472
f 425 473 472
f 425 426 473
f 426 474 473
f 426 427 474
f 427 475 474
f 427 428 475
f 428 476 475
f 428 429 476
f 429 477 476
f 429 430 477
f 430 478 477
f 430 431 478
f 431 479 478
f 431 432 479
f 432 480 479
f 432 385 480
f 385 433 480
f 433 434 481
f 434 482 481
f 434 435 482
f 435 483 482
f 435 436 483
f 436 484 483
f 436 437 484
f 437 485 484
f 437 438 485
f 438 486 485
f 438 439 486
f 439 487 486
f 439 440 487
f 440 488 487
f 440 441 488
f 441 489 488
f 441 442 489
f 442 490 489
f 442 443 490
f 443 491 490
f 443 444 491
f 444 492 491
f 444 445 492
f 445 493 492
f 445 446 493
f 446 494 493
f 446 447 494
f 447 495 494
f 447 448 495
f 448 496 495
f 448 449 496
f 449 497 496
f 449 450 497
f 450 498 497
f 450 451 498
f 451 499 498
f 451 452 499
f 452 500 499
f 452 453 500
f 453 501 500
f 453 454 501
f 454 502 501
f 454 455 502
f 455 503 502
f 455 456 503
f 456 504 503
f 456 457 504
f 457 505 504
f 457 458 505
f 458 506 505
f 458 459 506
f 459 507 506
f 459 460 507
f 460 508 507
f 460 461 508
f 461 509 508
f 461 462 509
f 462 510 509
f 462 463 510
f 463 511 510
f 463 464 511
f 464 512 511
f 464 465 512
f 465 513 512
f 465 466 513
f 466 514 513
f 466 467 514
f 467 515 514
f 467 468 515
f 468 516 515
f 468 469 516
f 469 517 516
f 469 470 517
f 470 518 517
f 470 471 518
f 471 519 518
f 471 472 519
f 472 520 519
f 472 473 520
f 473 521 520
f 473 474 521
f 474 522 521
f 474 475 522
f 475 523 522
f 475 476 523
f 476 524 523
f 476 477 524
f 477 525 524
f 477 478 525
f 478 526 525
f 478 479 526
f 479 527 526
f 479 480 527
f 480 528 527
f 480 433 528
f 433 481 528
f 481 482 529
f 482 530 529
f 482 483 530
f 483 531 530
f 483 484 531
f 484 532 531
f 484 485 532
f 485 533 532
f 485 486 533
f 486 534 533
f 486 487 534
f 487 535 534
f 487 488 535
f 488 536 535
f 488 489 536
f 489 537 536
f 489 490 537
f 490 538 537
f 490 491 538
f 491 539 538
f 491 492 539
f 492 540 539
f 492 493 540
f 493 541 540
f 493 494 541
f 494 542 541
f 494 495 542
f 495 543 542
f 495 496 543
f 496 544 543
f 496 497 544
f 497 545 544
f 497 498 545
f 498 546 545
f 498 499 546
f 499 547 546
f 499 500 547
f 500 548 547
f 500 501 548
f 501 549 548
f 501 502 549
f 502 550 549
f 502 503 550
f 503 551 550
f 503 504 551
f 504 552 551
f 504 505 552
f 505 553 552
f 505 506 553
f 506 554 553
f 506 507 554
f 507 555 554
f 507 508 555
f 508 556 555
f 508 509 556
f 509 557 556
f 509 510 557
f 510 558 557
f 510 511 558
f 511 559 558
f 511 512 559
f 512 560 559
f 512 513 560
f 513 561 560
f 513 514 561
f 514 562 561
f 514 515 562
f 515 563 562
f 515 516 563
f 516 564 563
f 516 517 564
f 517 565 564
f 517 518 565
f 518 566 565
f 518 519 566
f 519 567 566
f 519 520 567
f 520 568 567
f 520 521 568
f 521 569 568
f 521 522 569
f 522 570 569
f 522 523 570
f 523 571 570
f 523 524 571
f 524 572 571
f 524 525 572
f 525 573 572
f 525 526 573
f 526 574 573
f 526 527 574
f 527 575 574
f 527 528 575
f 528 576 575
f 528 481 576
f 481 529 576
f 529 530 577
f 530 578 577
f 530 531 578
f 531 579 578
f 531 532 579
f 532 580 579
f 532 533 580
f 533 581 580
f 533 534 581
f 534 582 581
f 534 535 582
f 535 583 582
f 535 536 583
f 536 584 583
f 536 537 584
f 537 585 584
f 537 538 585
f 538 586 585
f 538 539 586
f 539 587 586
f 539 540 587
f 540 588 587
f 540 541 588
f 541 589 588
f 541 542 589
f 542 590 589
f 542 543 590
f 543 591 590
f 543 544 591
f 544 592 591
f 544 545 592
f 545 593 592
f 545 546 593
f 546 594 593
f 546 547 594
f 547 595 594
f 547 548 595
f 548 596 595
f 548 549 596
f 549 597 596
f 549 550 597
f 550 598 597
f 550 551 598
f 551 599 598
f 551 552 599
f 552 600 599
f 552 553 600
f 553 601 600
f 553 554 601
f 554 602 601
f 554 555 602
f 555 603 602
f 555 556 603
f 556 604 603
f 556 557 604
f 557 605 604
f 557 558 605
f 558 606 605
f 558 559 606
f 559 607 606
f 559 560 607
f 560 608 607
f 560 561 608
f 561 609 608
f 561 562 609
f 562 610 609
f 562 563 610
f 563 611 610
f 563 564 611
f 564 612 611
f 564 565 612
f 565 613 612
f 565 566 613
f 566 614 613
f 566 567 614
f 567 615 614
f 567 568 615
f 568 616 615
f 568 569 616
f 569 617 616
f 569 570 617
f 570 618 617
f 570 571 618
f 571 619 618
f 571 572 619
f 572 620 619
f 572 573 620
f 573 621 620
f 573 574 621
f 574 622 621
f 574 575 622
f 575 623 622
f 575 576 623
f 576 624 623
f 576 529 624
f 529 577 624
f 577 578 625
f 578 626 625
f 578 579 626
f 579 627 626
f 579 580 627
f 580 628 627
f 580 581 628
f 581 629 628
f 581 582 629
f 582 630 629
f 582 583 630
f 583 631 630
f 583 584 631
f 584 632 631
f 584 585 632
f 585 633 632
f 585 586 633
f 586 634 633
f 586 587 634
f 587 635 634
f 587 588 635
f 588 636 635
f 588 589 636
f 589 637 636
f 589 590 637
f 590 638 637
f 590 591 638
f 591 639 638
f 591 592 639
f 592 640 639
f 592 593 640
f 593 641 640
f 593 594 641
f 594 642 641
f 594 595 642
f 595 643 642
f 595 596 643
f 596 644 643
f 596 597 644
f 597 645 644
f 597 598 645
f 598 646 645
f 598 599 646
f 599 647 646
f 599 600 647
f 600 648 647
f 600 601 648
f 601 649 648
f 601 602 649
f 602 650 649
f 602 603 650
f 603 651 650
f 603 604 651
f 604 652 651
f 604 605 652
f 605 653 652
f 605 606 653
f 606 654 653
f 606 607 654
f 607 655 654
f 607 608 655
f 608 656 655
f 608 609 656
f 609 657 656
f 609 610 657
f 610 658 657
f 610 611 658
f 611 659 658
f 611 612 659
f 612 660 659
f 612 613 660
f 613 661 660
f 613 614 661
f 614 662 661
f 614 615 662
f 615 663 662
f 615 616 663
f 616 664 663
f 616 617 664
f 617 665 664
f 617 618 665
f 618 666 665
f 618 619 666
f 619 667 666
f 619 620 667
f 620 668 667
f 620 621 668
f 621 669 668
f 621 622 669
f 622 670 669
f 622 623 670
f 623 671 670
f 623 624 671
f 624 672 671
f 624 577 672
f 577 625 672
f 625 626 673
f 626 674 673
f 626 627 674
f 627 675 674
f 627 628 675
f 628 676 675
f 628 629 676
f 629 677 676
f 629 630 677
f 630 678 677
f 630 631 678
f 631 679 678
f 631 632 679
f 632 680 679
f 632 633 680
f 633 681 680
f 633 634 681
f 634 682 681
f 634 635 682
f 635 683 682
f 635 636 683
f 636 684 683
f 636 637 684
f 637 685 684
f 637 638 685
f 638 686 685
f 638 639 686
f 639 687 686
f 639 640 687
f 640 688 687
f 640 641 688
f 641 689 688
f 641 642 689
f 642 690 689
f 642 643 690
f 643 691 690
f 643 644 691
f 644 692 691
f 644 645 692
f 645 693 692
f 645 646 693
f 646 694 693
f 646 647 694
f 647 695 694
f 647 648 695
f 648 696 695
f 648 649 696
f 649 697 696
f 649 650 697
f 650 698 697
f 650 651 698
f 651 699 698
f 651 652 699
f 652 700 699
f 652 653 700
f 653 701 700
f 653 654 701
f 654 702 701
f 654 655 702
f 655 703 702
f 655 656 703
f 656 704 703
f 656 657 704
f 657 705 704
f 657 658 705
f 658 706 705
f 658 659 706
f 659 707 706
f 659 660 707
f 660 708 707
f 660 661 708
f 661 709 708
f 661 662 709
f 662 710 709
f 662 663 710
f 663 711 710
f 663 664 711
f 664 712 711
f 664 665 712
f 665 713 712
f 665 666 713
f 666 714 713
f 666 667 714
f 667 715 714
f 667 668 715
f 668 716 715
f 668 669 716
f 669 717 716
f 669 670 717
f 670 718 717
f 670 671 718
f 671 719 718
f 671 672 719
f 672 720 719
f 672 625 720
f 625 673 720
f 673 674 721
f 674 722 721
f 674 675 722
f 675 723 722
f 675 676 723
f 676 724 723
f 676 677 724
f 677 725 724
f 677 678 725
f 678 726 725
f 678 679 726
f 679 727 726
f 679 680 727
f 680 728 727
f 680 681 728
f 681 729 728
f 681 682 729
f 682 730 729
f 682 683 730
f 683 731 730
f 683 684 731
f 684 732 731
f 684 685 732
f 685 733 732
f 685 686 733
f 686 734 733
f 686 687 734
f 687 735 734
f 687 688 735
f 688 736 735
f 688 689 736
f 689 737 736
f 689 690 737
f 690 738 737
f 690 691 738
f 691 739 738
f 691 692 739
f 692 740 739
f 692 693 740
f 693 741 740
f 693 694 741
f 694 742 741
f 694 695 742
f 695 743 742
f 695 696 743
f 696 744 743
f 696 697 744
f 697 745 744
f 697 698 745
f 698 746 745
f 698 699 746
f 699 747 746
f 699 700 747
f 700 748 747
f 700 701 748
f 701 749 748
f 701 702 749
f 702 750 749
f 702 703 750
f 703 751 750
f 703 704 751
f 704 752 751
f 704 705 752
f 705 753 752
f 705 706 753
f 706 754 753
f 706 707 754
f 707 755 754
f 707 708 755
f 708 756 755
f 708 709 756
f 709 757 756
f 709 710 757
f 710 758 757
f 710 711 758
f 711 759 758
f 711 712 759
f 712 760 759
f 712 713 760
f 713 761 760
f 713 714 761
f 714 762 761
f 714 715 762
f 715 763 762
f 715 716 763
f 716 764 763
f 716 717 764
f 717 765 764
f 717 718 765
f 718 766 765
f 718 719 766
f 719 767 766
f 719 720 767
f 720 768 767
f 720 673 768
f 673 721 768
f 721 722 769
f 722 770 769
f 722 723 770
f 723 771 770
f 723 724 771
f 724 772 771
f 724 725 772
f 725 773 772
f 725 726 773
f 726 774 773
f 726 727 774
f 727 775 774
f 727 728 775
f 728 776 775
f 728 729 776
f 729 777 776
f 729 730 777
f 730 778 777
f 730 731 778
f 731 779 778
f 731 732 779
f 732 780 779
f 732 733 780
f 733 781 780
f 733 734 781
f 734 782 781
f 734 735 782
f 735 783 782
f 735 736 783
f 736 784 783
f 736 737 784
f 737 785 784
f 737 738 785
f 738 786 785
f 738 739 786
f 739 787 786
f 739 740 787
f 740 788 787
f 740 741 788
f 741 789 788
f 741 742 789
f 742 790 789
f 742 743 790
f 743 791 790
f 743 744 791
f 744 792 791
f 744 745 792
f 745 793 792
f 745 746 793
f 746 794 793
f 746 747 794
f 747 795 794
f 747 748 795
f 748 796 795
f 748 749 796
f 749 797 796
f 749 750 797
f 750 798 797
f 750 751 798
f 751 799 798
f 751 752 799
f 752 800 799
f 752 753 800
f 753 801 800
f 753 754 801
f 754 802 801
f 754 755 802
f 755 803 802
f 755 756 803
f 756 804 803
f 756 757 804
f 757 805 804
f 757 758 805
f 758 806 805
f 758 759 806
f 759 807 806
f 759 760 807
f 760 808 807
f 760 761 808
f 761 809 808
f 761 762 809
f 762 810 809
f 762 763 810
f 763 811 810
f 763 764 811
f 764 812 811
f 764 765 812
f 765 813 812
f 765 766 813
f 766 814 813
f 766 767 814
f 767 815 814
f 767 768 815
f 768 816 815
f 768 721 816
f 721 769 816
f 769 770 817
f 770 818 817
f 770 771 818
f 771 819 818
f 771 772 819
f 772 820 819
f 772 773 820
f 773 821 820
f 773 774 821
f 774 822 821
f 774 775 822
f 775 823 822
f 775 776 823
f 776 824 823
f 776 777 824
f 777 825 824
f 777 778 825
f 778 826 825
f 778 779 826
f 779 827 826
f 779 780 827
f 780 828 827
f 780 781 828
f 781 829 828
f 781 782 829
f 782 830 829
f 782 783 830
f 783 831 830
f 783 784 831
f 784 832 831
f 784 785 832
f 785 833 832
f 785 786 833
f 786 834 833
f 786 787 834
f 787 835 834
f 787 788 835
f 788 836 835
f 788 789 836
f 789 837 836
f 789 790 837
f 790 838 837
f 790 791 838
f 791 839 838
f 791 792 839
f 792 840 839
f 792 793 840
f 793 841 840
f 793 794 841
f 794 842 841
f 794 795 842
f 795 843 842
f 795 796 843
f 796 844 843
f 796 797 844
f 797 845 844
f 797 798 845
f 798 846 845
f 798 799 846
f 799 847 846
f 799 800 847
f 800 848 847
f 800 801 848
f 801 849 848
f 801 802 849
f 802 850 849
f 802 803 850
f 803 851 850
f 803 804 851
f 804 852 851
f 804 805 852
f 805 853 852
f 805 806 853
f 806 854 853
f 806 807 854
f 807 855 854
f 807 808 855
f 808 856 855
f 808 809 856
f 809 857 856
f 809 810 857
f 810 858 857
f 810 811 858
f 811 859 858
f 811 812 859
f 812 860 859
f 812 813 860
f 813 861 860
f 813 814 861
f 814 862 861
f 814 815 862
f 815 863 862
f 815 816 863
f 816 864 863
f 816 769 864
f 769 817 864
f 817 818 865
f 818 866 865
f 818 819 866
f 819 867 866
f 819 820 867
f 820 868 867
f 820 821 868
f 821 869 868
f 821 822 869
f 822 870 869
f 822 823 870
f 823 871 870
f 823 824 871
f 824 872 871
f 824 825 872
f 825 873 872
f 825 826 873
f 826 874 873
f 826 827 874
f 827 875 874
f 827 828 875
f 828 876 875
f 828 829 876
f 829 877 876
f 829 830 877
f 830 878 877
f 830 831 878
f 831 879 878
f 831 832 879
f 832 880 879
f 832 833 880
f 833 881 880
f 833 834 881
f 834 882 881
f 834 835 882
f 835 883 882
f 835 836 883
f 836 884 883
f 836 837 884
f 837 885 884
f 837 838 885
f 838 886 885
f 838 839 886
f 839 887 886
f 839 840 887
f 840 888 887
f 840 841 888
f 841 889 888
f 841 842 889
f 842 890 889
f 842 843 890
f 843 891 890
f 843 844 891
f 844 892 891
f 844 845 892
f 845 893 892
f 845 846 893
f 846 894 893
f 846 847 894
f 847 895 894
f 847 848 895
f 848 896 895
f 848 849 896
f 849 897 896
f 849 850 897
f 850 898 897
f 850 851 898
f 851 899 898
f 851 852 899
f 852 900 899
f 852 853 900
f 853 901 900
f 853 854 901
f 854 902 901
f 854 855 902
f 855 903 902
f 855 856 903
f 856 904 903
f 856 857 904
f 857 905 904
f 857 858 905
f 858 906 905
f 858 859 906
f 859 907 906
f 859 860 907
f 860 908 907
f 860 861 908
f 861 909 908
f 861 862 909
f 862 910 909
f 862 863 910
f 863 911 910
f 863 864 911
f 864 912 911
f 864 817 912
f 817 865 912
f 865 866 913
f 866 914 913
f 866 867 914
f 867 915 914
f 867 868 915
f 868 916 915
f 868 869 916
f 869 917 916
f 869 870 917
f 870 918 917
f 870 871 918
f 871 919 918
f 871 872 919
f 872 920 919
f 872 873 920
f 873 921 920
f 873 874 921
f 874 922 921
f 874 875 922
f 875 923 922
f 875 876 923
f 876 924 923
f 876 877 924
f 877 925 924
f 877 878 925
f 878 926 925
f 878 879 926
f 879 927 926
f 879 880 927
f 880 928 927
f 880 881 928
f 881 929 928
f 881 882 929
f 882 930 929
f 882 883 930
f 883 931 930
f 883 884 931
f 884 932 931
f 884 885 932
f 885 933 932
f 885 886 933
f 886 934 933
f 886 887 934
f 887 935 934
f 887 888 935
f 888 936 935
f 888 889 936
f 889 937 936
f 889 890 937
f 890 938 937
f 890 891 938
f 891 939 938
f 891 892 939
f 892 940 939
f 892 893 940
f 893 941 940
f 893 894 941
f 894 942 941
f 894 895 942
f 895 943 942
f 895 896 943
f 896 944 943
f 896 897 944
f 897 945 944
f 897 898 945
f 898 946 945
f 898 899 946
f 899 947 946
f 899 900 947
f 900 948 947
f 900 901 948
f 901 949 948
f 901 902 949
f 902 950 949
f 902 903 950
f 903 951 950
f 903 904 951
f 904 952 951
f 904 905 952
f 905 953 952
f 905 906 953
f 906 954 953
f 906 907 954
f 907 955 954
f 907 908 955
f 908 956 955
f 908 909 956
f 909 957 956
f 909 910 957
f 910 958 957
f 910 911 958
f 911 959 958
f 911 912 959
f 912 960 959
f 912 865 960
f 865 913 960
f 913 914 961
f 914 962 961
f 914 915 962
f 915 963 962
f 915 916 963
f 916 964 963
f 916 917 964
f 917 965 964
f 917 918 965
f 918 966 965
f 918 919 966
f 919 967 966
f 919 920 967
f 920 968 967
f 920 921 968
f 921 969 968
f 921 922 969
f 922 970 969
f 922 923 970
f 923 971 970
f 923 924 971
f 924 972 971
f 924 925 972
f 925 973 972
f 925 926 973
f 926 974 973
f 926 927 974
f 927 975 974
f 927 928 975
f 928 976 975
f 928 929 976
f 929 977 976
f 929 930 977
f 930 978 977
f 930 931 978
f 931 979 978
f 931 932 979
f 932 980 979
f 932 933 980
f 933 981 980
f 933 934 981
f 934 982 981
f 934 935 982
f 935 983 982
f 935 936 983
f 936 984 983
f 936 937 984
f 937 985 984
f 937 938 985
f 938 986 985
f 938 939 986
f 939 987 986
f 939 940 987
f 940 988 987
f 940 941 988
f 941 989 988
f 941 942 989
f 942 990 989
f 942 943 990
f 943 991 990
f 943 944 991
f 944 992 991
f 944 945 992
f 945 993 992
f 945 946 993
f 946 994 993
f 946 947 994
f 947 995 994
f 947 948 995
f 948 996 995
f 948 949 996
f 949 997 996
f 949 950 997
f 950 998 997
f 950 951 998
f 951 999 998
f 951 952 999
f 952 1000 999
f 952 953 1000
f 953 1001 1000
f 953 954 1001
f 954 1002 1001
f 954 955 1002
f 955 1003 1002
f 955 956 1003
f 956 1004 1003
f 956 957 1004
f 957 1005 1004
f 957 958 1005
f 958 1006 1005
f 958 959 1006
f 959 1007 1006
f 959 960 1007
f 960 1008 1007
f 960 913 1008
f 913 961 1008
f 961 962 1009
f 962 1010 1009
f 962 963 1010
f 963 1011 1010
f 963 964 1011
f 964 1012 1011
f 964 965 1012
f 965 1013 1012
f 965 966 1013
f 966 1014 1013
f 966 967 1014
f 967 1015 1014
f 967 968 1015
f 968 1016 1015
f 968 969 1016
f 969 1017 1016
f 969 970 1017
f 970 1018 1017
f 970 971 1018
f 971 1019 1018
f 971 972 1019
f 972 1020 1019
f 972 973 1020
f 973 1021 1020
f 973 974 1021
f 974 1022 1021
f 974 975 1022
f 975 1023 1022
f 975 976 1023
f 976 1024 1023
f 976 977 1024
f 977 1025 1024
f 977 978 1025
f 978 1026 1025
f 978 979 1026
f 979 1027 1026
f 979 980 1027
f 980 1028 1027
f 980 981 1028
f 981 1029 1028
f 981 982 1029
f 982 1030 1029
f 982 983 1030
f 983 1031 1030
f 983 984 1031
f 984 1032 1031
f 984 985 1032
f 985 1033 1032
f 985 986 1033
f 986 1034 1033
f 986 987 1034
f 987 1035 1034
f 987 988 1035
f 988 1036 1035
f 988 989 1036
f 989 1037 1036
f 989 990 1037
f 990 1038 1037
f 990 991 1038
f 991 1039 1038
f 991 992 1039
f 992 1040 1039
f 992 993 1040
f 993 1041 1040
f 993 994 1041
f 994 1042 1041
f 994 995 1042
f 995 1043 1042
f 995 996 1043
f 996 1044 1043
f 996 997 1044
f 997 1045 1044
f 997 998 1045
f 998 1046 1045
f 998 999 1046
f 999 1047 1046
f 999 1000 1047
f 1000 1048 1047
f 1000 1001 1048
f 1001 1049 1048
f 1001 1002 1049
f 1002 1050 1049
f 1002 1003 1050
f 1003 1051 1050
f 1003 1004 1051
f 1004 1052 1051
f 1004 1005 1052
f 1005 1053 1052
f 1005 1006 1053
f 1006 1054 1053
f 1006 1007 1054
f 1007 1055 1054
f 1007 1008 1055
f 1008 1056 1055
f 1008 961 1056
f 961 1009 1056
f 1009 1010 1057
f 1010 1058 1057
f 1010 1011 1058
f 1011 1059 1058
f 1011 1012 1059
f 1012 1060 1059
f 1012 1013 1060
f 1013 1061 1060
f 1013 1014 1061
f 1014 1062 1061
f 1014 1015 1062
f 1015 1063 1062
f 1015 1016 1063
f 1016 1064 1063
f 1016 1017 1064
f 1017 1065 1064
f 1017 1018 1065
f 1018 1066 1065
f 1018 1019 1066
f 1019 1067 1066
f 1019 1020 1067
f 1020 1068 1067
f 1020 1021 1068
f 1021 1069 1068
f 1021 1022 1069
f 1022 1070 1069
f 1022 1023 1070
f 1023 1071 1070
f 1023 1024 1071
f 1024 1072 1071
f 1024 1025 1072
f 1025 1073 1072
f 1025 1026 1073
f 1026 1074 1073
f 1026 1027 1074
f 1027 1075 1074
f 1027 1028 1075
f 1028 1076 1075
f 1028 1029 1076
f 1029 1077 1076
f 1029 1030 1077
f 1030 1078 1077
f 1030 1031 1078
f 1031 1079 1078
f 1031 1032 1079
f 1032 1080 1079
f 1032 1033 1080
f 1033 1081 1080
f 1033 1034 1081
f 1034 1082 1081
f 1034 1035 1082
f 1035 1083 1082
f 1035 1036 1083
f 1036 1084 1083
f 1036 1037 1084
f 1037 1085 1084
f 1037 1038 1085
f 1038 1086 1085
f 1038 1039 1086
f 1039 1087 1086
f 1039 1040 1087
f 1040 1088 1087
f 1040 1041 1088
f 1041 1089 1088
f 1041 1042 1089
f 1042 1090 1089
f 1042 1043 1090
f 1043 1091 1090
f 1043 1044 1091
f 1044 1092 1091
f 1044 1045 1092
f 1045 1093 1092
f 1045 1046 1093
f 1046 1094 1093
f 1046 1047 1094
f 1047 1095 1094
f 1047 1048 1095
f 1048 1096 1095
f 1048 1049 1096
f 1049 1097 1096
f 1049 1050 1097
f 1050 1098 1097
f 1050 1051 1098
f 1051 1099 1098
f 1051 1052 1099
f 1052 1100 1099
f 1052 1053 1100
f 1053 1101 1100
f 1053 1054 1101
f 1054 1102 1101
f 1054 1055 1102
f 1055 1103 1102
f 1055 1056 1103
f 1056 1104 1103
f 1056 1009 1104
f 1009 1057 1104
f 1057 1058 1105
f 1058 1106 1105
f 1058 1059 1106
f 1059 1107 1106
f 1059 1060 1107
f 1060 1108 1107
f 1060 1061 1108
f 1061 1109 1108
f 1061 1062 1109
f 1062 1110 1109
f 1062 1063 1110
f 1063 1111 1110
f 1063 1064 1111
f 1064 1112 1111
f 1064 1065 1112
f 1065 1113 1112
f 1065 1066 1113
f 1066 1114 1113
f 1066 1067 1114
f 1067 1115 1114
f 1067 1068 1115
f 1068 1116 1115
f 1068 1069 1116
f 1069 1117 1116
f 1069 1070 1117
f 1070 1118 1117
f 1070 1071 1118
f 1071 1119 1118
f 1071 1072 1119
f 1072 1120 1119
f 1072 1073 1120
f 1073 1121 1120
f 1073 1074 1121
f 1074 1122 1121
f 1074 1075 1122
f 1075 1123 1122
f 1075 1076 1123
f 1076 1124 1123
f 1076 1077 1124
f 1077 1125 1124
f 1077 1078 1125
f 1078 1126 1125
f 1078 1079 1126
f 1079 1127 1126
f 1079 1080 1127
f 1080 1128 1127
f 1080 1081 1128
f 1081 1129 1128
f 1081 1082 1129
f 1082 1130 1129
f 1082 1083 1130
f 1083 1131 1130
f 1083 1084 1131
f 1084 1132 1131
f 1084 1085 1132
f 1085 1133 1132
f 1085 1086 1133
f 1086 1134 1133
f 1086 1087 1134
f 1087 1135 1134
f 1087 1088 1135
f 1088 1136 1135
f 1088 1089 1136
f 1089 1137 1136
f 1089 1090 1137
f 1090 1138 1137
f 1090 1091 1138
f 1091 1139 1138
f 1091 1092 1139
f 1092 1140 1139
f 1092 1093 1140
f 1093 1141 1140
f 1093 1094 1141
f 1094 1142 1141
f 1094 1095 1142
f 1095 1143 1142
f 1095 1096 1143
f 1096 1144 1143
f 1096 1097 1144
f 1097 1145 1144
f 1097 1098 1145
f 1098 1146 1145
f 1098 1099 1146
f 1099 1147 1146
f 1099 1100 1147
f 1100 1148 1147
f 1100 1101 1148
f 1101 1149 1148
f 1101 1102 1149
f 1102 1150 1149
f 1102 1103 1150
f 1103 1151 1150
f 1103 1104 1151
f 1104 1152 1151
f 1104 1057 1152
f 1057 1105 1152
f 1105 1106 1153
f 1106 1154 1153
f 1106 1107 1154
f 1107 1155 1154
f 1107 1108 1155
f 1108 1156 1155
f 1108 1109 1156
f 1109 1157 1156
f 1109 1110 1157
f 1110 1158 1157
f 1110 1111 1158
f 1111 1159 1158
f 1111 1112 1159
f 1112 1160 1159
f 1112 1113 1160
f 1113 1161 1160
f 1113 1114 1161
f 1114 1162 1161
f 1114 1115 1162
f 1115 1163 1162
f 1115 1116 1163
f 1116 1164 1163
f 1116 1117 1164
f 1117 1165 1164
f 1117 1118 1165
f 1118 1166 1165
f 1118 1119 1166
f 1119 1167 1166
f 1119 1120 1167
f 1120 1168 1167
f 1120 1121 1168
f 1121 1169 1168
f 1121 1122 1169
f 1122 1170 1169
f 1122 1123 1170
f 1123 1171 1170
f 1123 1124 1171
f 1124 1172 1171
f 1124 1125 1172
f 1125 1173 1172
f 1125 1126 1173
f 1126 1174 1173
f 1126 1127 1174
f 1127 1175 1174
f 1127 1128 1175
f 1128 1176 1175
f 1128 1129 1176
f 1129 1177 1176
f 1129 1130 1177
f 1130 1178 1177
f 1130 1131 1178
f 1131 1179 1178
f 1131 1132 1179
f 1132 1180 1179
f 1132 1133 1180
f 1133 1181 1180
f 1133 1134 1181
f 1134 1182 1181
f 1134 1135 1182
f 1135 1183 1182
f 1135 1136 1183
f 1136 1184 1183
f 1136 1137 1184
f 1137 1185 1184
f 1137 1138 1185
f 1138 1186 1185
f 1138 1139 1186
f 1139 1187 1186
f 1139 1140 1187
f 1140 1188 1187
f 1140 1141 1188
f 1141 1189 1188
f 1141 1142 1189
f 1142 1190 1189
f 1142 1143 1190
f 1143 1191 1190
f 1143 1144 1191
f 1144 1192 1191
f 1144 1145 1192
f 1145 1193 1192
f 1145 1146 1193
f 1146 1194 1193
f 1146 1147 1194
f 1147 1195 1194
f 1147 1148 1195
f 1148 1196 1195
f 1148 1149 1196
f 1149 1197 1196
f 1149 1150 1197
f 1150 1198 1197
f 1150 1151 1198
f 1151 1199 1198
f 1151 1152 1199
f 1152 1200 1199
f 1152 1105 1200
f 1105 1153 1200
f 1153 1154 1201
f 1154 1202 1201
f 1154 1155 1202
f 1155 1203 1202
f 1155 1156 1203
f 1156 1204 1203
f 1156 1157 1204
f 1157 1205 1204
f 1157 1158 1205
f 1158 1206 1205
f 1158 1159 1206
f 1159 1207 1206
f 1159 1160 1207
f 1160 1208 1207
f 1160 1161 1208
f 1161 1209 1208
f 1161 1162 1209
f 1162 1210 1209
f 1162 1163 1210
f 1163 1211 1210
f 1163 1164 1211
f 1164 1212 1211
f 1164 1165 1212
f 1165 1213 1212
f 1165 1166 1213
f 1166 1214 1213
f 1166 1167 1214
f 1167 1215 1214
f 1167 1168 1215
f 1168 1216 1215
f 1168 1169 1216
f 1169 1217 1216
f 1169 1170 1217
f 1170 1218 1217
f 1170 1171 1218
f 1171 1219 1218
f 1171 1172 1219
f 1172 1220 1219
f 1172 1173 1220
f 1173 1221 1220
f 1173 1174 1221
f 1174 1222 1221
f 1174 1175 1222
f 1175 1223 1222
f 1175 1176 1223
f 1176 1224 1223
f 1176 1177 1224
f 1177 1225 1224
f 1177 1178 1225
f 1178 1226 1225
f 1178 1179 1226
f 1179 1227 1226
f 1179 1180 1227
f 1180 1228 1227
f 1180 1181 1228
f 1181 1229 1228
f 1181 1182 1229
f 1182 1230 1229
f 1182 1183 1230
f 1183 1231 1230
f 1183 1184 1231
f 1184 1232 1231
f 1184 1185 1232
f 1185 1233 1232
f 1185 1186 1233
f 1186 1234 1233
f 1186 1187 1234
f 1187 1235 1234
f 1187 1188 1235
f 1188 1236 1235
f 1188 1189 1236
f 1189 1237 1236
f 1189 1190 1237
f 1190 1238 1237
f 1190 1191 1238
f 1191 1239 1238
f 1191 1192 1239
f 1192 1240 1239
f 1192 1193 1240
f 1193 1241 1240
f 1193 1194 1241
f 1194 1242 1241
f 1194 1195 1242
f 1195 1243 1242
f 1195 1196 1243
f 1196 1244 1243
f 1196 1197 1244
f 1197 1245 1244
f 1197 1198 1245
f 1198 1246 1245
f 1198 1199 1246
f 1199 1247 1246
f 1199 1200 1247
f 1200 1248 1247
f 1200 1153 1248
f 1153 1201 1248
f 1201 1202 1249
f 1202 1250 1249
f 1202 1203 1250
f 1203 1251 1250
f 1203 1204 1251
f 1204 1252 1251
f 1204 1205 1252
f 1205 1253 1252
f 1205 1206 1253
f 1206 1254 1253
f 1206 1207 1254
f 1207 1255 1254
f 1207 1208 1255
f 1208 1256 1255
f 1208 1209 1256
f 1209 1257 1256
f 1209 1210 1257
f 1210 1258 1257
f 1210 1211 1258
f 1211 1259 1258
f 1211 1212 1259
f 1212 1260 1259
f 1212 1213 1260
f 1213 1261 1260
f 1213 1214 1261
f 1214 1262 1261
f 1214 1215 1262
f 1215 1263 1262
f 1215 1216 1263
f 1216 1264 1263
f 1216 1217 1264
f 1217 1265 1264
f 1217 1218 1265
f 1218 1266 1265
f 1218 1219 1266
f 1219 1267 1266
f 1219 1220 1267
f 1220 1268 1267
f 1220 1221 1268
f 1221 1269 1268
f 1221 1222 1269
f 1222 1270 1269
f 1222 1223 1270
f 1223 1271 1270
f 1223 1224 1271
f 1224 1272 1271
f 1224 1225 1272
f 1225 1273 1272
f 1225 1226 1273
f 1226 1274 1273
f 1226 1227 1274
f 1227 1275 1274
f 1227 1228 1275
f 1228 1276 1275
f 1228 1229 1276
f 1229 1277 1276
f 1229 1230 1277
f 1230 1278 1277
f 1230 1231 1278
f 1231 1279 1278
f 1231 1232 1279
f 1232 1280 1279
f 1232 1233 1280
f 1233 1281 1280
f 1233 1234 1281
f 1234 1282 1281
f 1234 1235 1282
f 1235 1283 1282
f 1235 1236 1283
f 1236 1284 1283
f 1236 1237 1284
f 1237 1285 1284
f 1237 1238 1285
f 1238 1286 1285
f 1238 1239 1286
f 1239 1287 1286
f 1239 1240 1287
f 1240 1288 1287
f 1240 1241 1288
f 1241 1289 1288
f 1241 1242 1289
f 1242 1290 1289
f 1242 1243 1290
f 1243 1291 1290
f 1243 1244 1291
f 1244 1292 1291
f 1244 1245 1292
f 1245 1293 1292
f 1245 1246 1293
f 1246 1294 1293
f 1246 1247 1294
f 1247 1295 1294
f 1247 1248 1295
f 1248 1296 1295
f 1248 1201 1296
f 1201 1249 1296
f 1249 1250 1297
f 1250 1298 1297
f 1250 1251 1298
f 1251 1299 1298
f 1251 1252 1299
f 1252 1300 1299
f 1252 1253 1300
f 1253 1301 1300
f 1253 1254 1301
f 1254 1302 1301
f 1254 1255 1302
f 1255 1303 1302
f 1255 1256 1303
f 1256 1304 1303
f 1256 1257 1304
f 1257 1305 1304
f 1257 1258 1305
f 1258 1306 1305
f 1258 1259 1306
f 1259 1307 1306
f 1259 1260 1307
f 1260 1308 1307
f 1260 1261 1308
f 1261 1309 1308
f 1261 1262 1309
f 1262 1310 1309
f 1262 1263 1310
f 1263 1311 1310
f 1263 1264 1311
f 1264 1312 1311
f 1264 1265 1312
f 1265 1313 1312
f 1265 1266 1313
f 1266 1314 1313
f 1266 1267 1314
f 1267 1315 1314
f 1267 1268 1315
f 1268 1316 1315
f 1268 1269 1316
f 1269 1317 1316
f 1269 1270 1317
f 1270 1318 1317
f 1270 1271 1318
f 1271 1319 1318
f 1271 1272 1319
f 1272 1320 1319
f 1272 1273 1320
f 1273 1321 1320
f 1273 1274 1321
f 1274 1322 1321
f 1274 1275 1322
f 1275 1323 1322
f 1275 1276 1323
f 1276 1324 1323
f 1276 1277 1324
f 1277 1325 1324
f 1277 1278 1325
f 1278 1326 1325
f 1278 1279 1326
f 1279 1327 1326
f 1279 1280 1327
f 1280 1328 1327
f 1280 1281 1328
f 1281 1329 1328
f 1281 1282 1329
f 1282 1330 1329
f 1282 1283 1330
f 1283 1331 1330
f 1283 1284 1331
f 1284 1332 1331
f 1284 1285 1332
f 1285 1333 1332
f 1285 1286 1333
f 1286 1334 1333
f 1286 1287 1334
f 1287 1335 1334
f 1287 1288 1335
f 1288 1336 1335
f 1288 1289 1336
f 1289 1337 1336
f 1289 1290 1337
f 1290 1338 1337
f 1290 1291 1338
f 1291 1339 1338
f 1291 1292 1339
f 1292 1340 1339
f 1292 1293 1340
f 1293 1341 1340
f 1293 1294 1341
f 1294 1342 1341
f 1294 1295 1342
f 1295 1343 1342
f 1295 1296 1343
f 1296 1344 1343
f 1296 1249 1344
f 1249 1297 1344
f 31 30 32
f 32 30 1345
f 32 1346 33
f 32 1345 1346
f 33 1346 34
f 34 1346 1347
f 34 1348 35
f 34 1347 1348
f 35 1348 36
f 36 1348 1349
f 36 1350 37
f 36 1349 1350
f 37 1350 38
f 38 1350 1351
f 38 1352 39
f 38 1351 1352
f 39 1352 40
f 40 1352 1353
f 40 1354 41
f 40 1353 1354
f 41 1354 42
f 42 1354 1355
f 42 44 43
f 42 1355 44
f 30 1356 1345
f 30 29 1356
f 1345 1356 1346
f 1346 1356 1357
f 1346 1358 1347
f 1346 1357 1358
f 1347 1358 1348
f 1348 1358 1359
f 1348 1360 1349
f 1348 1359 1360
f 1349 1360 1350
f 1350 1360 1361
f 1350 1362 1351
f 1350 1361 1362
f 1351 1362 1352
f 1352 1362 1363
f 1352 1364 1353
f 1352 1363 1364
f 1353 1364 1354
f 1354 1364 1365
f 1354 1366 1355
f 1354 1365 1366
f 1355 1366 44
f 44 1366 45
f 29 28 1356
f 1356 28 1367
f 1356 1368 1357
f 1356 1367 1368
f 1357 1368 1358
f 1358 1368 1369
f 1358 1370 1359
f 1358 1369 1370
f 1359 1370 1360
f 1360 1370 1371
f 1360 1372 1361
f 1360 1371 1372
f 1361 1372 1362
f 1362 1372 1373
f 1362 1374 1363
f 1362 1373 1374
f 1363 1374 1364
f 1364 1374 1375
f 1364 1376 1365
f 1364 1375 1376
f 1365 1376 1366
f 1366 1376 1377
f 1366 46 45
f 1366 1377 46
f 28 1378 1367
f 28 27 1378
f 1367 1378 1368
f 1368 1378 1379
f 1368 1380 1369
f 1368 1379 1380
f 1369 1380 1370
f 1370 1380 1381
f 1370 1382 1371
f 1370 1381 1382
f 1371 1382 1372
f 1372 1382 1383
f 1372 1384 1373
f 1372 1383 1384
f 1373 1384 1374
f 1374 1384 1385
f 1374 1386 1375
f 1374 1385 1386
f 1375 1386 1376
f 1376 1386 1387
f 1376 1388 1377
f 1376 1387 1388
f 1377 1388 46
f 46 1388 47
f 27 26 1378
f 1378 26 1389
f 1378 1390 1379
f 1378 1389 1390
f 1379 1390 1380
f 1380 1390 1391
f 1380 1392 1381
f 1380 1391 1392
f 1381 1392 1382
f 1382 1392 1393
f 1382 1394 1383
f 1382 1393 1394
f 1383 1394 1384
f 1384 1394 1395
f 1384 1396 1385
f 1384 1395 1396
f 1385 1396 1386
f 1386 1396 1397
f 1386 1398 1387
f 1386 1397 1398
f 1387 1398 1388
f 1388 1398 1399
f 1388 48 47
f 1388 1399 48
f 26 1400 1389
f 26 25 1400
f 1389 1400 1390
f 1390 1400 1401
f 1390 1402 1391
f 1390 1401 1402
f 1391 1402 1392
f 1392 1402 1403
f 1392 1404 1393
f 1392 1403 1404
f 1393 1404 1394
f 1394 1404 1405
f 1394 1406 1395
f 1394 1405 1406
f 1395 1406 1396
f 1396 1406 1407
f 1396 1408 1397
f 1396 1407 1408
f 1397 1408 1398
f 1398 1408 1409
f 1398 1410 1399
f 1398 1409 1410
f 1399 1410 48
f 48 1410 1
f 25 24 1400
f 1400 24 1411
f 1400 1412 1401
f 1400 1411 1412
f 1401 1412 1402
f 1402 1412 1413
f 1402 1414 1403
f 1402 1413 1414
f 1403 1414 1404
f 1404 1414 1415
f 1404 1416 1405
f 1404 1415 1416
f 1405 1416 1406
f 1406 1416 1417
f 1406 1418 1407
f 1406 1417 1418
f 1407 1418 1408
f 1408 1418 1419
f 1408 1420 1409
f 1408 1419 1420
f 1409 1420 1410
f 1410 1420 1421
f 1410 2 1
f 1410 1421 2
f 24 1422 1411
f 24 23 1422
f 1411 1422 1412
f 1412 1422 1423
f 1412 1424 1413
f 1412 1423 1424
f 1413 1424 1414
f 1414 1424 1425
f 1414 1426 1415
f 1414 1425 1426
f 1415 1426 1416
f 1416 1426 1427
f 1416 1428 1417
f 1416 1427 1428
f 1417 1428 1418
f 1418 1428 1429
f 1418 1430 1419
f 1418 1429 1430
f 1419 1430 1420
f 1420 1430 1431
f 1420 1432 1421
f 1420 1431 1432
f 1421 1432 2
f 2 1432 3
f 23 22 1422
f 1422 22 1433
f 1422 1434 1423
f 1422 1433 1434
f 1423 1434 1424
f 1424 1434 1435
f 1424 1436 1425
f 1424 1435 1436
f 1425 1436 1426
f 1426 1436 1437
f 1426 1438 1427
f 1426 1437 1438
f 1427 1438 1428
f 1428 1438 1439
f 1428 1440 1429
f 1428 1439 1440
f 1429 1440 1430
f 1430 1440 1441
f 1430 1442 1431
f 1430 1441 1442
f 1431 1442 1432
f 1432 1442 1443
f 1432 4 3
f 1432 1443 4
f 22 1444 1433
f 22 21 1444
f 1433 1444 1434
f 1434 1444 1445
f 1434 1446 1435
f 1434 1445 1446
f 1435 1446 1436
f 1436 1446 1447
f 1436 1448 1437
f 1436 1447 1448
f 1437 1448 1438
f 1438 1448 1449
f 1438 1450 1439
f 1438 1449 1450
f 1439 1450 1440
f 1440 1450 1451
f 1440 1452 1441
f 1440 1451 1452
f 1441 1452 1442
f 1442 1452 1453
f 1442 1454 1443
f 1442 1453 1454
f 1443 1454 4
f 4 1454 5
f 21 20 1444
f 1444 20 1455
f 1444 1456 1445
f 1444 1455 1456
f 1445 1456 1446
f 1446 1456 1457
f 1446 1458 1447
f 1446 1457 1458
f 1447 1458 1448
f 1448 1458 1459
f 1448 1460 1449
f 1448 1459 1460
f 1449 1460 1450
f 1450 1460 1461
f 1450 1462 1451
f 1450 1461 1462
f 1451 1462 1452
f 1452 1462 1463
f 1452 1464 1453
f 1452 1463 1464
f 1453 1464 1454
f 1454 1464 1465
f 1454 6 5
f 1454 1465 6
f 20 18 1455
f 20 19 18
f 1455 18 1456
f 1456 18 17
f 1456 16 1457
f 1456 17 16
f 1457 16 1458
f 1458 16 15
f 1458 14 1459
f 1458 15 14
f 1459 14 1460
f 1460 14 13
f 1460 12 1461
f 1460 13 12
f 1461 12 1462
f 1462 12 11
f 1462 10 1463
f 1462 11 10
f 1463 10 1464
f 1464 10 9
f 1464 8 1465
f 1464 9 8
f 1465 8 6
f 6 8 7
# grip center 1.27778355 0.0142531033 1.40187402 active 0 orientation 6.123234e-17 0 1 0 patch_center 0
# ball 0 center 1.47414903 0.0389134738 -0.672206663 radius 0.07 appearance 0 orientation -0.431676896 -0.632098216 -0.642924242 -0.0274831302 angular_velocity 0.213518282 0.00799827332 0.0612467291 linear_velocity 0.031363904 -0.0746307374 0.0150264004
# ball 1 center 1.29828899 -0.149530339 -0.677078702 radius 0.065 appearance 1 orientation 0.811338044 0.31260811 -0.101700489 -0.483387793 angular_velocity 0.11091549 -0.00856861095 -0.383043917 linear_velocity 0.0120771507 -0.0173482791 -0.00111543026
# ball 2 center 1.3400029 -0.015982226 -0.668171929 radius 0.075 appearance 2 orientation -0.340521581 -0.591892701 0.721595758 0.114051067 angular_velocity -0.151358818 -0.368112752 0.5574521 linear_velocity 0.00923641064 -0.021586068 5.93438291e-05
# ball 3 center 1.17476933 0.0914225916 -0.682571702 radius 0.06 appearance 1 orientation 0.346319465 0.796116142 0.166831993 0.467363886 angular_velocity 0.254476676 0.742929872 -0.0463887511 linear_velocity 0.084779729 -0.0539723679 0.00991959539
# ball 4 center 1.13342416 -0.168146505 -0.673639008 radius 0.068 appearance 3 orientation -0.166663677 0.933625189 0.149707263 0.279562086 angular_velocity 0.488172738 0.0187098112 0.291285388 linear_velocity 0.0157740489 -0.0423983775 0.0115614674
# ball 5 center 1.23088148 -0.268589685 -0.670000634 radius 0.072 appearance 0 orientation 0.465958014 -0.164349037 -0.842220223 0.215725798 angular_velocity -0.0836818662 -0.260490229 -0.137144383 linear_velocity 0.0310126962 -0.0280218883 4.06910187e-06
# ball 6 center 1.36530233 -0.259508161 -0.679029168 radius 0.063 appearance 2 orientation 0.838187331 0.273812667 -0.324358948 0.34243232 angular_velocity -0.0523527645 0.123566991 1.69240202 linear_velocity 0.0330787721 -0.0530549123 -0.000336163664
# ball 7 center 1.13911651 -0.0293009392 -0.677030421 radius 0.066 appearance 3 orientation -0.318740622 -0.435239245 0.626183251 0.562908298 angular_velocity 0.381255581 0.993312583 -0.303936384 linear_velocity 0.0677374502 -0.049284405 0.00234466389
# ball 8 center 1.45349169 -0.109397796 -0.669853385 radius 0.072 appearance 0 orientation 0.546258185 -0.396023981 0.357222812 -0.645878367 angular_velocity 0.688774156 -0.0616513075 0.293419034 linear_velocity 0.049644389 0.0274829537 0.000480813309
# ball 9 center 1.29657422 0.1156722 -0.67827447 radius 0.064 appearance 1 orientation -0.150662674 -0.279751683 0.141999678 -0.937483785 angular_velocity -0.104908747 0.806829785 -1.79337401 linear_velocity 0.0766136658 -0.00013984332 -0.0095416401
# ball 10 center 0.493124187 0.669601965 -0.68 radius 0.07 appearance 2 orientation 0.38248486 -0.564940107 -0.703960127 0.197454165 angular_velocity -11.2984118 -11.3954718 -0.0601319733 linear_velocity -0.797705705 0.790911309 0
# ball 11 center 1.4815843 -0.237945884 -0.625051661 radius 0.067 appearance 3 orientation -0.750408235 -0.0124223622 0.659990042 0.0338572128 angular_velocity -0.705045552 -0.320670918 -0.699354471 linear_velocity 0.0174984144 0.02149905 0.00355216221
