# Numi Solver explicit-yarn Metal cloth bag
# static_bench min -0.75 -0.5 -0.08 max 0.75 0.5 0 floor -0.75
# vertices 1465 render_triangles 2880
v 0.310963184 1.79794952e-05 0.0201691464
v 0.331794381 0.0436963066 0.0323798321
v 0.328294158 0.0879823267 0.0377674438
v 0.304268181 0.126045465 0.0330486074
v 0.275393397 0.159011081 0.0243800934
v 0.251760185 0.193191409 0.0197853651
v 0.229669675 0.229671136 0.0199769717
v 0.199982017 0.260618985 0.0186686143
v 0.160597429 0.278157502 0.012156181
v 0.117619269 0.28394565 0.00513364328
v 0.0769428983 0.287128031 0.00590924686
v 0.0386464559 0.293492168 0.0161983054
v 1.21530165e-05 0.299887478 0.0283201169
v -0.0394496173 0.299740314 0.0332830921
v -0.0779360086 0.290907979 0.0303515531
v -0.114353821 0.276107579 0.0264520664
v -0.14892073 0.25796169 0.0267757792
v -0.181863934 0.237027079 0.0282360446
v -0.214133233 0.214157194 0.0240126885
v -0.248613849 0.190773368 0.0133568412
v -0.286962092 0.165679365 0.00401214231
v -0.322944492 0.13376759 0.00422228733
v -0.342762798 0.0918401107 0.0133529389
v -0.336694807 0.0443226695 0.0228095315
v -0.311037749 -5.90116451e-06 0.0259127468
v -0.284880996 -0.0375135541 0.0248484779
v -0.272508502 -0.0730297267 0.0262794811
v -0.270374179 -0.112006888 0.0317864828
v -0.263261974 -0.152014419 0.0349093266
v -0.241682142 -0.185478792 0.0291622765
v -0.210145935 -0.210176885 0.0165873468
v -0.178651214 -0.232866272 0.00676045194
v -0.150381461 -0.260525882 0.00642526336
v -0.120387472 -0.290718257 0.012692851
v -0.0840206221 -0.313683689 0.0174721945
v -0.0425176993 -0.323190361 0.0175250564
v 3.11860495e-05 -0.32211253 0.0178079363
v 0.0417601392 -0.316935629 0.0239428654
v 0.0830761567 -0.309891582 0.0337153934
v 0.123698987 -0.298536032 0.0383812673
v 0.162101492 -0.280694693 0.0325212441
v 0.196808189 -0.25642252 0.0207148194
v 0.225730285 -0.225677326 0.0125263175
v 0.24487178 -0.187854916 0.0120750619
v 0.251721352 -0.145296127 0.0145501811
v 0.251718551 -0.104237683 0.0135688586
v 0.258050919 -0.0691207275 0.00997501239
v 0.279986709 -0.0368384942 0.0108745843
v 0.311022371 0.000948013389 0.0284434743
v 0.328561038 0.0442622267 0.0393411741
v 0.322658718 0.0875010267 0.0439754836
v 0.296338379 0.123798855 0.0396611243
v 0.265244573 0.154208899 0.031970758
v 0.241139814 0.186186492 0.0279731601
v 0.221483096 0.222809792 0.028135607
v 0.195871368 0.256844908 0.0268382207
v 0.159584254 0.278315604 0.0209163856
v 0.117468402 0.285987467 0.0147255249
v 0.0762982219 0.288151443 0.0156256519
v 0.0375731923 0.292049974 0.024928445
v -0.000868468371 0.29607448 0.0356551297
v -0.0395429023 0.293696404 0.0398723371
v -0.0766443089 0.282717347 0.0371352546
v -0.111586094 0.267174065 0.0336748138
v -0.146067962 0.251296103 0.0340048671
v -0.181308344 0.23485738 0.0352048874
v -0.21668908 0.215418577 0.0312923715
v -0.251626402 0.1919052 0.0217514951
v -0.285776556 0.163870156 0.0136156948
v -0.315174073 0.129457861 0.0140882106
v -0.330548644 0.0875212997 0.0223801509
v -0.324534327 0.0417465791 0.0307387505
v -0.301885307 -0.000894792203 0.033367347
v -0.278860837 -0.0375526212 0.0323956758
v -0.268911958 -0.0729139 0.033780355
v -0.269235432 -0.112462997 0.0387080163
v -0.264639854 -0.153852984 0.0413613804
v -0.24399966 -0.188400954 0.0360748097
v -0.21061179 -0.211882547 0.0248675067
v -0.175790399 -0.230539203 0.016288776
v -0.145262614 -0.253385723 0.016155079
v -0.11537388 -0.280961424 0.0217566062
v -0.080567047 -0.304359138 0.0258947033
v -0.0406134538 -0.315861017 0.0258174073
v 0.000956689531 -0.31684038 0.0260762237
v 0.0422705635 -0.313735962 0.0316233002
v 0.0837604254 -0.308832049 0.0402988605
v 0.124660656 -0.298385322 0.0442808494
v 0.161984548 -0.27860409 0.0388910174
v 0.193270072 -0.250291169 0.0283836704
v 0.217986122 -0.21667178 0.0212259982
v 0.235719293 -0.179746822 0.0209327471
v 0.245909691 -0.14098601 0.0231209919
v 0.251773566 -0.103388377 0.022171881
v 0.261993051 -0.0693467706 0.0189743582
v 0.283369362 -0.0364175662 0.0199756604
v 0.302725345 0.00182510249 0.0366266817
v 0.313313216 0.0431570671 0.0445204936
v 0.305121213 0.0837151036 0.0478633046
v 0.279728979 0.117834896 0.0448287241
v 0.250046462 0.146359459 0.039396096
v 0.227200791 0.176492214 0.0365614593
v 0.209755614 0.212266028 0.0365434438
v 0.187665507 0.247591868 0.0354617275
v 0.154759675 0.271747291 0.0310766492
v 0.114562713 0.281255573 0.026687786
v 0.0740281045 0.282937288 0.0274746865
v 0.0357814692 0.284735501 0.0341936462
v -0.001686665 0.286663711 0.0417467095
v -0.0389552601 0.28301242 0.0445530638
v -0.0744906515 0.271590412 0.042451296
v -0.108157456 0.256827503 0.039882455
v -0.142511114 0.243515864 0.0400184058
v -0.179033861 0.230495602 0.0407322571
v -0.215266943 0.212740809 0.0378450155
v -0.247377068 0.187507436 0.0311225317
v -0.27392441 0.155997872 0.02562025
v -0.29450503 0.119950213 0.0262984019
v -0.305865645 0.0800178275 0.0324211642
v -0.303483695 0.0381251574 0.0383796096
v -0.289042532 -0.0017191387 0.0402061157
v -0.272949129 -0.0375875793 0.0394781195
v -0.265598267 -0.0728644952 0.0404765271
v -0.265679717 -0.111906804 0.0439818278
v -0.260692328 -0.152597472 0.0457962155
v -0.240138754 -0.186562642 0.0419988483
v -0.206188649 -0.208680257 0.0341288
v -0.169801787 -0.224074334 0.0282245204
v -0.138064101 -0.242499098 0.0282528643
v -0.10862539 -0.26679799 0.0321463831
v -0.0757226646 -0.289578766 0.0348390788
v -0.0379574113 -0.302423269 0.0345039256
v 0.00184431276 -0.305129409 0.0346085094
v 0.0417940579 -0.303219646 0.0384477191
v 0.0820932686 -0.29911229 0.0445901304
v 0.121578678 -0.288561732 0.0473340601
v 0.156447411 -0.267228693 0.0434458219
v 0.184025675 -0.23684819 0.0360637195
v 0.205669582 -0.20320715 0.0311291218
v 0.224276155 -0.169951469 0.0310615972
v 0.240366578 -0.136849299 0.032533858
v 0.253591865 -0.103259899 0.0317182653
v 0.266689181 -0.0697495341 0.0294807553
v 0.28368029 -0.0356140658 0.0303894896
v 0.28973949 0.00260017184 0.0447213873
v 0.29253906 0.0411812998 0.0491835363
v 0.283328712 0.0786425322 0.0511388145
v 0.261677742 0.111145213 0.0497542061
v 0.235950544 0.139053196 0.0470033437
v 0.215070024 0.168100953 0.0454516932
v 0.198719889 0.202299148 0.045192834
v 0.17852129 0.236987963 0.0443116799
v 0.14820385 0.262046605 0.0417704545
v 0.110128656 0.272696614 0.0394243188
v 0.0708660781 0.274175197 0.039899759
v 0.0336866565 0.274664789 0.0434768349
v -0.00244334224 0.275699586 0.0473686047
v -0.0383325629 0.272480071 0.0486640111
v -0.0727956593 0.2623519 0.0473215543
v -0.105767086 0.24907808 0.0457063317
v -0.139827907 0.237309098 0.0455188639
v -0.176230535 0.225507423 0.0456908382
v -0.211154729 0.207445487 0.0441141352
v -0.238680303 0.179806486 0.0407924615
v -0.257079333 0.145399272 0.0383324809
v -0.269594163 0.108877964 0.0391385555
v -0.278656423 0.072020486 0.0426698662
v -0.282188743 0.0346017592 0.0459237918
v -0.278064877 -0.00247606705 0.0468953028
v -0.269750178 -0.0379608199 0.0464652181
v -0.263806224 -0.0732139871 0.0469371155
v -0.260966808 -0.110833265 0.0487415828
v -0.25324446 -0.149240941 0.0497172028
v -0.232308194 -0.181576625 0.0478406474
v -0.199180037 -0.202770293 0.043932721
v -0.163119033 -0.216564968 0.0410522036
v -0.131298974 -0.232191905 0.0411243215
v -0.102468617 -0.253793538 0.0429605097
v -0.0711881295 -0.275551677 0.043956805
v -0.0354072675 -0.288936675 0.0433940366
v 0.00261990516 -0.292057633 0.0430110209
v 0.0407999977 -0.289763659 0.0448238067
v 0.0790535584 -0.28477782 0.0479511805
v 0.116198346 -0.273553431 0.049383793
v 0.148462296 -0.251892716 0.0474821106
v 0.173458219 -0.221892357 0.0438430943
v 0.193934962 -0.190477163 0.0414347909
v 0.214854985 -0.161820471 0.041356761
v 0.237158999 -0.134095654 0.0420242846
v 0.256877631 -0.1037011 0.041529078
v 0.271078527 -0.0700242892 0.0403997339
v 0.281416535 -0.0344791524 0.0410970338
v 0.277029037 0.0033041311 0.0526271351
v 0.273747355 0.0393631794 0.0545001253
v 0.265304297 0.0744839609 0.0556673929
v 0.248944446 0.106601603 0.0557324737
v 0.227996945 0.135268658 0.05511529
v 0.208647162 0.164068833 0.0544639081
v 0.191802263 0.196401551 0.0539023131
v 0.17153272 0.22911334 0.053114783
v 0.142409369 0.253539115 0.0520614609
v 0.105855726 0.264338046 0.051247403
v 0.0678204969 0.265613794 0.0513914078
v 0.0317792781 0.265575916 0.0523860641
v -0.00315517187 0.267169535 0.0533800162
v -0.0382439978 0.266159534 0.0535086989
v -0.0725874081 0.258637398 0.0527497567
v -0.105619036 0.246701226 0.051775869
v -0.139162451 0.234587938 0.0511819832
v -0.174170718 0.221512899 0.0508682393
v -0.206555724 0.201728359 0.050444629
v -0.229743838 0.172010154 0.0499574095
v -0.242136106 0.136003479 0.0499796197
v -0.249509633 0.099908866 0.0509214066
v -0.258285791 0.0659404993 0.0524493419
v -0.2680085 0.0320577472 0.0536395907
v -0.273089498 -0.00323934038 0.0539814569
v -0.270812899 -0.03893115 0.0537846833
v -0.264397085 -0.0742254928 0.053761851
v -0.256817847 -0.109975621 0.0541747585
v -0.245170712 -0.145467952 0.0545620024
v -0.223828062 -0.176024005 0.0543877222
v -0.192581683 -0.197227255 0.0537636429
v -0.158181161 -0.211319625 0.053284701
v -0.127003208 -0.226170659 0.0532802008
v -0.0986191258 -0.246384159 0.0533525869
v -0.0682354942 -0.2674326 0.0529268421
v -0.0335286036 -0.280659407 0.0519740842
v 0.00339743891 -0.282943696 0.051185526
v 0.0400608592 -0.278405964 0.051214654
v 0.076129429 -0.271055907 0.0519080572
v 0.110963114 -0.25904575 0.0523713641
v 0.141590998 -0.238576189 0.0522486642
v 0.165927693 -0.21095629 0.0515861623
v 0.187069058 -0.18264167 0.0511268564
v 0.210694298 -0.157701343 0.0510832816
v 0.237590417 -0.133419722 0.0510760285
v 0.261265486 -0.104592204 0.0507928915
v 0.274757057 -0.0701216683 0.0505960211
v 0.278258532 -0.0332610384 0.0511064045
v 0.270481974 0.00403293502 0.0605900884
v 0.264461964 0.0388352945 0.0618773177
v 0.258315593 0.073354654 0.0630602315
v 0.247181371 0.106721744 0.0638072044
v 0.230168223 0.137489974 0.0639293045
v 0.211113766 0.167032734 0.0634521693
v 0.192219272 0.198001951 0.0625748187
v 0.170031086 0.228517801 0.0616305731
v 0.140195861 0.2513493 0.0609075762
v 0.103687763 0.26119557 0.0605530031
v 0.0659168139 0.261423409 0.0605608076
v 0.0304355063 0.260930389 0.0606994554
v -0.0039064982 0.264212012 0.0607133284
v -0.0391880833 0.267099023 0.0603831746
v -0.0747172683 0.263215929 0.0596660152
v -0.108765803 0.251983494 0.0586491637
v -0.141735613 0.237319916 0.0577079803
v -0.174603462 0.220714569 0.0571122356
v -0.204491258 0.19853197 0.0571038164
v -0.225657403 0.167910472 0.0577408597
v -0.236394316 0.131860927 0.0588427186
v -0.242825836 0.0963997543 0.0600987449
v -0.252827018 0.0637508482 0.061176274
v -0.266834199 0.0311211962 0.0618159473
v -0.277278274 -0.00410591252 0.0619890802
v -0.277530164 -0.0407334939 0.0618333369
v -0.268697858 -0.0762898847 0.0615631826
v -0.255781621 -0.110425614 0.0615026653
v -0.240174338 -0.143460914 0.0617855638
v -0.218516424 -0.172888547 0.0623345561
v -0.18937993 -0.19508943 0.0629642755
v -0.156987458 -0.211010143 0.0633660033
v -0.126635656 -0.227073878 0.0632816926
v -0.098420687 -0.247980416 0.0625870749
v -0.0679951757 -0.269775152 0.0614175349
v -0.0329974554 -0.283193648 0.0600332879
v 0.00422811648 -0.283555001 0.0588003844
v 0.0403681509 -0.27490291 0.058020778
v 0.0749061257 -0.263752311 0.0578330345
v 0.10838946 -0.251018822 0.0581618883
v 0.139179111 -0.232976586 0.0586964116
v 0.165310547 -0.208909497 0.0592165999
v 0.18860507 -0.183060154 0.0594532005
v 0.213879243 -0.159104779 0.0593710467
v 0.242046744 -0.134969398 0.0590988584
v 0.266344965 -0.105692469 0.0588640794
v 0.278381377 -0.0701553747 0.0589584745
v 0.277332902 -0.0323057882 0.0595465824
v 0.267967969 0.00478707999 0.0686359704
v 0.26182282 0.0392338857 0.0703775659
v 0.258813828 0.0743181333 0.0719694272
v 0.252341121 0.109830588 0.0729636922
v 0.238007635 0.143120438 0.0731017217
v 0.217771441 0.17334196 0.0724682361
v 0.19536151 0.202431291 0.071264863
v 0.170136437 0.230070531 0.0699732229
v 0.139037505 0.251004249 0.0690001622
v 0.102443255 0.260289252 0.0685334206
v 0.0648728162 0.260505348 0.0685485676
v 0.0296196062 0.260621488 0.0687404051
v -0.00471800426 0.266167045 0.0687472597
v -0.0408556983 0.272871554 0.068284668
v -0.078073822 0.271974623 0.0673101097
v -0.113220632 0.260183156 0.0659385026
v -0.145165801 0.24143891 0.0646565333
v -0.175287634 0.220235586 0.0638585836
v -0.202960089 0.195881754 0.0638691932
v -0.224140048 0.16575323 0.0647449195
v -0.236687064 0.131100222 0.0662537888
v -0.245139852 0.0964747518 0.0679537654
v -0.256921738 0.0639715418 0.0694114566
v -0.273028016 0.0310178883 0.0702719167
v -0.285438925 -0.00507691549 0.0704805553
v -0.285537839 -0.0427744016 0.0702430755
v -0.27318266 -0.0784408897 0.069902882
v -0.25514406 -0.111049511 0.0698265657
v -0.236349493 -0.142132983 0.0702162459
v -0.215245977 -0.171347216 0.0709672198
v -0.188977316 -0.195843056 0.07182201
v -0.158938527 -0.214972451 0.0723475218
v -0.129121512 -0.233164907 0.0722012073
v -0.100231372 -0.254749656 0.0712437928
v -0.0688177794 -0.276545048 0.0696667433
v -0.032823056 -0.289283574 0.0677945986
v 0.00515351817 -0.287225664 0.0661272705
v 0.041144263 -0.274451494 0.0650812835
v 0.074669905 -0.259935379 0.0648256615
v 0.107671924 -0.247293636 0.0652667284
v 0.140084222 -0.232885763 0.06602595
v 0.169442147 -0.212813914 0.0667018071
v 0.195292518 -0.188418761 0.067109026
v 0.220902756 -0.163312212 0.0669129863
v 0.247531563 -0.137080684 0.0665156469
v 0.269912034 -0.106195614 0.066230759
v 0.280133039 -0.0697274804 0.0663885027
v 0.276941091 -0.0314300805 0.0671991482
v 0.267387778 0.00557787949 0.0766946375
v 0.262506545 0.0401403978 0.0789249614
v 0.262364745 0.0761935636 0.0809592381
v 0.259294063 0.113780133 0.0821924508
v 0.246139318 0.149013951 0.0823540688
v 0.223520681 0.179009065 0.0814861059
v 0.196767792 0.205108836 0.0799623951
v 0.168385699 0.229130015 0.0783214271
v 0.136738822 0.248598799 0.0770837367
v 0.101151355 0.25928548 0.0765152499
v 0.0644163042 0.262001187 0.0765386373
v 0.0292293765 0.264197081 0.0767847896
v -0.00562477717 0.271461189 0.0767990425
v -0.0427777767 0.280006081 0.0761848763
v -0.0812759846 0.279995412 0.0748983771
v -0.116850503 0.26636079 0.0731660351
v -0.147248924 0.243265688 0.0715262592
v -0.174485296 0.217896655 0.070536308
v -0.200455293 0.192320794 0.0705715418
v -0.22306636 0.16393891 0.0717145875
v -0.239289001 0.131621942 0.0736609101
v -0.251042694 0.0979420021 0.0758460909
v -0.264173687 0.064948611 0.0776675567
v -0.280178189 0.0309949219 0.0787427351
v -0.291944891 -0.00605647312 0.0790051594
v -0.290475696 -0.0443920009 0.0786874071
v -0.274871707 -0.0798074007 0.0782560408
v -0.252993345 -0.111001037 0.0781737641
v -0.232437059 -0.140713915 0.0786668435
v -0.213149458 -0.170706302 0.0796524808
v -0.190529019 -0.198617503 0.0807349458
v -0.162891209 -0.221677452 0.0814065263
v -0.132853657 -0.241572008 0.0811807066
v -0.102156051 -0.261905342 0.0799591839
v -0.0691196546 -0.28124851 0.0779010877
v -0.0322512835 -0.291821599 0.0755140856
v 0.00600134348 -0.2878398 0.0734020174
v 0.0417639017 -0.273040593 0.0721032023
v 0.0747170076 -0.257262498 0.071810618
v 0.107936755 -0.24595204 0.0723656714
v 0.142476127 -0.235308602 0.0733433366
v 0.175229415 -0.218765333 0.0742368698
v 0.203247413 -0.194944188 0.0746457651
v 0.227744028 -0.167330369 0.0744510069
v 0.25087598 -0.137950197 0.0739579126
v 0.270129561 -0.105350412 0.0735711157
v 0.27906087 -0.0685744286 0.073786974
v 0.275920272 -0.0304747205 0.0748464167
v 0.270044059 0.00641667191 0.0848015696
v 0.267042249 0.04163583 0.0874931365
v 0.26832816 0.0787755549 0.0899550766
v 0.266362965 0.117813006 0.0914485008
v 0.252703756 0.154002786 0.0916239172
v 0.227094039 0.182967648 0.0905317962
v 0.196265906 0.205792084 0.0886598304
v 0.165456846 0.226533607 0.0866591483
v 0.134212121 0.245712176 0.0851641968
v 0.100424804 0.259666622 0.0844941065
v 0.064744696 0.266723037 0.0845468417
v 0.0292236302 0.271477789 0.0848390386
v -0.00660851272 0.278926492 0.0848571137
v -0.0446576588 0.286631972 0.0840718448
v -0.083747521 0.285357773 0.0824806616
v -0.119139709 0.269411564 0.0803638101
v -0.148007721 0.242898479 0.0783711672
v -0.17305024 0.214801669 0.0771772936
v -0.198433399 0.189256728 0.0772683546
v -0.223703831 0.16339086 0.0786835849
v -0.24464725 0.133627996 0.0810814798
v -0.259853661 0.100493416 0.0837607384
v -0.272969723 0.0662514716 0.0859508142
v -0.286330044 0.0308108255 0.0872465521
v -0.295231342 -0.00700230524 0.0875334814
v -0.291683912 -0.045463495 0.0871360451
v -0.274261445 -0.0805129632 0.0866141617
v -0.250796646 -0.110928915 0.0865279064
v -0.230180532 -0.140286192 0.0871469975
v -0.213245034 -0.171829835 0.0883579925
v -0.194007739 -0.203454241 0.0896774977
v -0.168040872 -0.230124667 0.0904849544
v -0.136812374 -0.2505458 0.09019012
v -0.103499994 -0.267726094 0.0886714831
v -0.0685882419 -0.282755613 0.0861261114
v -0.0312432833 -0.290724277 0.0832041949
v 0.00683429465 -0.286355585 0.0806434676
v 0.0424594581 -0.272111297 0.0790824145
v 0.0755485594 -0.257217109 0.0787537023
v 0.109607987 -0.247704476 0.0794666484
v 0.146283105 -0.239945069 0.0806647092
v 0.181773677 -0.225546107 0.0816795155
v 0.210826308 -0.201009721 0.0821781307
v 0.23303397 -0.170150474 0.0819175616
v 0.251657903 -0.137418568 0.0813588873
v 0.267516702 -0.103426635 0.0808911696
v 0.276548594 -0.0670932531 0.0811908096
v 0.275910258 -0.0296637528 0.0825041234
v 0.2764678 0.00740298722 0.0928748995
v 0.274576157 0.0436545983 0.0961221531
v 0.275020212 0.0816377327 0.0989740267
v 0.271662951 0.121129803 0.100684337
v 0.256265044 0.15722473 0.10084983
v 0.228055164 0.184865177 0.0995412767
v 0.194442913 0.20510152 0.0973224416
v 0.162451759 0.223814324 0.0949747413
v 0.132377401 0.244080603 0.0932398289
v 0.100627854 0.262508839 0.0924712792
v 0.0657750741 0.27453357 0.0925318897
v 0.0294232517 0.281177849 0.0928561836
v -0.00764009682 0.286707968 0.0928684771
v -0.0462167785 0.290939271 0.0919479877
v -0.0851444751 0.286959469 0.0900531486
v -0.120042764 0.269286841 0.0875575021
v -0.148062512 0.241365045 0.0852276385
v -0.17223759 0.212498635 0.0838525593
v -0.198188663 0.187902436 0.0839886367
v -0.22667563 0.164532959 0.0856897756
v -0.252178401 0.136771709 0.0885119736
v -0.26992029 0.10346821 0.0916496664
v -0.281287789 0.0673891157 0.0942289308
v -0.28995499 0.0303342175 0.0957357064
v -0.294716865 -0.00786191132 0.0960495472
v -0.289690822 -0.0460311696 0.095570296
v -0.272765458 -0.0809533149 0.0949638337
v -0.250225335 -0.111557998 0.0948767811
v -0.230811119 -0.1416049 0.095622994
v -0.215856552 -0.174978524 0.0970475748
v -0.198694825 -0.209598646 0.0986033678
v -0.173173532 -0.238622919 0.099528946
v -0.140006348 -0.258197993 0.0991527811
v -0.103865817 -0.271032095 0.0973249748
v -0.0673293024 -0.281150877 0.0943295658
v -0.0300077815 -0.287082046 0.0908635408
v 0.00762989139 -0.284523457 0.0878989473
v 0.0434781164 -0.273423225 0.0860748887
v 0.0774294659 -0.260835022 0.0857204124
v 0.112649873 -0.252626866 0.0865348801
v 0.150754362 -0.245668456 0.0880041867
v 0.187604845 -0.231394708 0.0892142877
v 0.216500983 -0.205212101 0.089760907
v 0.23577027 -0.171093285 0.0894722417
v 0.25007993 -0.135602906 0.0887469724
v 0.263590127 -0.101011328 0.0882258788
v 0.274362445 -0.0657007769 0.0885972083
v 0.278338194 -0.0290876739 0.0901882946
v 0.285651892 0.00848731585 0.100989319
v 0.283482403 0.0459225774 0.104705043
v 0.280649036 0.0842017978 0.107916079
v 0.273799211 0.123048246 0.10985405
v 0.25630495 0.158287585 0.110002093
v 0.226882398 0.185015798 0.108474992
v 0.192431048 0.204154834 0.105914809
v 0.160572127 0.222598776 0.103256449
v 0.131915346 0.244937867 0.101296656
v 0.101767339 0.267841548 0.1004498
v 0.0671697706 0.284052074 0.100540154
v 0.0295928642 0.29111141 0.100921534
v -0.00866570137 0.292783499 0.100889824
v -0.0472439639 0.291837752 0.0998192653
v -0.0854298547 0.284831882 0.0976312235
v -0.119957566 0.266969472 0.094778493
v -0.148252636 0.240089893 0.0921298862
v -0.17313078 0.212312534 0.0905964822
v -0.200501174 0.18897295 0.0907888487
v -0.231710374 0.167143345 0.0927704275
v -0.260364056 0.140213013 0.0960176438
v -0.279042751 0.106016122 0.0995856449
v -0.287280113 0.0679240003 0.102519803
v -0.290364325 0.0295056216 0.104200862
v -0.291082472 -0.00863012392 0.104539461
v -0.286000967 -0.0463144481 0.10396532
v -0.27201876 -0.0816101208 0.103285678
v -0.252500027 -0.113478474 0.103201114
v -0.234637573 -0.144916505 0.10407991
v -0.220292374 -0.179659441 0.105707012
v -0.203256533 -0.215701804 0.107501477
v -0.176951364 -0.245366096 0.108503878
v -0.141632512 -0.263066113 0.108059801
v -0.103109904 -0.271469355 0.105926715
v -0.065560624 -0.277444899 0.102480628
v -0.0287023429 -0.282809317 0.0985009968
v 0.00846476201 -0.28394407 0.0951619893
v 0.0450170413 -0.277700424 0.0931518152
v 0.0803609267 -0.267706066 0.0928630978
v 0.116569914 -0.259263366 0.0937814042
v 0.154949918 -0.250823319 0.0953412056
v 0.191552609 -0.234806567 0.096769847
v 0.219467714 -0.206766322 0.0973383933
v 0.236256763 -0.170375749 0.0970151424
v 0.247559816 -0.13330175 0.0961643234
v 0.2603769 -0.0988987088 0.0956531018
v 0.274228454 -0.0648174584 0.0960575268
v 0.283631742 -0.0288013853 0.0979106277
v 0.295748532 0.00967711955 0.109081075
v 0.291577578 0.0481261052 0.113212883
v 0.283612251 0.0860163793 0.116786435
v 0.272300541 0.123354666 0.118909091
v 0.253364474 0.157520577 0.119031325
v 0.224742547 0.184389219 0.117294393
v 0.191550553 0.204456404 0.114435971
v 0.160624653 0.224076703 0.111489825
v 0.132911131 0.248563439 0.109341443
v 0.10342557 0.274671972 0.108421639
v 0.0684229583 0.293239325 0.108518332
v 0.029506024 0.299083978 0.108976737
v -0.00963648595 0.295819223 0.108905427
v -0.0477306321 0.289392233 0.107687399
v -0.0849344656 0.280152142 0.105221614
v -0.119610257 0.264088452 0.102057695
v -0.149503335 0.240507081 0.0991231278
v -0.176327318 0.214928299 0.0974598676
v -0.205217525 0.192276135 0.0977046788
v -0.237677261 0.170374483 0.0999712646
v -0.267315 0.142934561 0.103584729
v -0.285295129 0.107425466 0.107549138
v -0.28998673 0.0676568002 0.110787109
v -0.288064301 0.0284135286 0.112622105
v -0.285966992 -0.0093248738 0.112966187
v -0.282608718 -0.0466245785 0.112318717
v -0.27337569 -0.0828963369 0.111570865
v -0.257881731 -0.116813578 0.111479521
v -0.240939468 -0.149790823 0.112502202
v -0.225187927 -0.184772536 0.114352763
v -0.206355453 -0.220282227 0.116296336
v -0.178418532 -0.248942152 0.11739444
v -0.141491592 -0.264673322 0.116850697
v -0.101624675 -0.269942254 0.114444964
v -0.0637921169 -0.273535877 0.110583745
v -0.0275976006 -0.280093014 0.106214926
v 0.00934340525 -0.285888523 0.102477923
v 0.0470126942 -0.284818023 0.1002905
v 0.0839361399 -0.276716471 0.0999442488
v 0.12052992 -0.266011357 0.101063348
v 0.157793 -0.253755569 0.1028101
v 0.192863032 -0.235014841 0.104363404
v 0.219528168 -0.205625355 0.104971804
v 0.235460281 -0.168708459 0.104617015
v 0.245993048 -0.131492451 0.103694998
v 0.259391874 -0.0976424813 0.10308408
v 0.276776075 -0.0645420626 0.103584111
v 0.291074872 -0.0286732055 0.105680943
v 0.304325283 0.0108479895 0.117235869
v 0.296919078 0.0499029942 0.121678114
v 0.283273309 0.0868241042 0.125546589
v 0.267885745 0.122302897 0.127812877
v 0.248859376 0.155731961 0.127882868
v 0.223050341 0.184102371 0.125964239
v 0.192627013 0.206822857 0.122842133
v 0.162827477 0.228563085 0.119643562
v 0.135011956 0.254273951 0.117335744
v 0.104948521 0.28122741 0.116391838
v 0.0690335333 0.299851537 0.116519034
v 0.029034134 0.303460628 0.117011942
v -0.010497936 0.295532644 0.116909996
v -0.0478290878 0.284760624 0.115544885
v -0.0842171088 0.274858296 0.11284782
v -0.119721346 0.26227206 0.109416157
v -0.152237192 0.243296325 0.106254846
v -0.181617066 0.220042333 0.104512289
v -0.211319953 0.19681716 0.104826011
v -0.242986917 0.17309618 0.107303947
v -0.271280289 0.144023076 0.111257091
v -0.28756234 0.107306235 0.115544543
v -0.289505124 0.0666443855 0.119027436
v -0.284525365 0.0272153933 0.120971702
v -0.281517118 -0.0100160697 0.121310085
v -0.281188101 -0.0472479612 0.12060754
v -0.277230889 -0.08496584 0.119815171
v -0.265424222 -0.121182241 0.11975462
v -0.248125374 -0.155284896 0.120845273
v -0.22903958 -0.189077333 0.122888833
v -0.20690541 -0.222196072 0.124981575
v -0.17729117 -0.248932421 0.126138479
v -0.139865264 -0.263505608 0.125497818
v -0.09995123 -0.26785785 0.122824602
v -0.0624390319 -0.271425158 0.118634306
v -0.0267597772 -0.280140579 0.113901533
v 0.010370994 -0.290288627 0.109891698
v 0.04933336 -0.293288529 0.107566133
v 0.087572746 -0.285575092 0.107142545
v 0.123782814 -0.271008253 0.108390622
v 0.158787921 -0.253636867 0.110353753
v 0.191598892 -0.232032016 0.112021528
v 0.217742547 -0.20271042 0.112682343
v 0.234637186 -0.167056605 0.112261124
v 0.246534124 -0.130848587 0.111251548
v 0.261687994 -0.0976243019 0.110606708
v 0.281781137 -0.0648436621 0.111155644
v 0.298989147 -0.0285702385 0.113473557
v 0.309383988 0.0119563481 0.125360936
v 0.298495829 0.0510874987 0.130069301
v 0.280119747 0.0867698267 0.134131238
v 0.262091786 0.120606706 0.136474624
v 0.244563833 0.154064327 0.136521548
v 0.222888187 0.185095102 0.134442285
v 0.195763767 0.211453497 0.131133303
v 0.166488141 0.235199764 0.12779966
v 0.137264818 0.26041469 0.125360817
v 0.105616428 0.285603464 0.124352835
v 0.0686559007 0.3023265 0.124514535
v 0.0281457417 0.303704649 0.125032783
v -0.0112834712 0.292885065 0.124910004
v -0.0478819683 0.27995187 0.123439461
v -0.0839086324 0.270970106 0.120545916
v -0.120808475 0.26258716 0.116895564
v -0.156327099 0.248194322 0.113566607
v -0.188057795 0.226475373 0.111748002
v -0.217300937 0.201185569 0.112168007
v -0.246093363 0.174206093 0.114829041
v -0.271357119 0.143033981 0.119032525
v -0.285910994 0.105725355 0.123567559
v -0.287095606 0.0651935861 0.127230331
v -0.281744838 0.0261068624 0.12924999
v -0.279634029 -0.0107780276 0.129574567
v -0.282568932 -0.0483267978 0.128802404
v -0.282923669 -0.0876220688 0.127974853
v -0.273379982 -0.12578918 0.12795718
v -0.254215211 -0.160142943 0.129139587
v -0.230600819 -0.191509798 0.131298855
v -0.204658866 -0.221087903 0.133506536
v -0.174040601 -0.245900586 0.134709731
v -0.137554795 -0.261006117 0.133979216
v -0.0988005474 -0.267253429 0.131112039
v -0.0618428141 -0.272460252 0.126633897
v -0.0262069553 -0.2831949 0.121647492
v 0.0114464145 -0.296101332 0.117417216
v 0.0515284576 -0.301048666 0.114947386
v 0.0904739723 -0.292033434 0.114602096
v 0.12559098 -0.272873104 0.115942761
v 0.157846823 -0.25051403 0.118002623
v 0.188552305 -0.226994216 0.119774088
v 0.215245202 -0.199218377 0.120412864
v 0.235091254 -0.166354045 0.119973242
v 0.250142455 -0.131809175 0.118889764
v 0.266963333 -0.0986825228 0.118236654
v 0.287697107 -0.0652877688 0.118882068
v 0.305157512 -0.028236445 0.121345498
v 0.30978325 0.0128805507 0.133480176
v 0.296506286 0.0516419299 0.138349295
v 0.275692761 0.0862880871 0.142527655
v 0.257010847 0.119186103 0.144917756
v 0.241956353 0.153413922 0.1448946
v 0.224578261 0.187613532 0.142697573
v 0.200277582 0.21761401 0.139273584
v 0.170574069 0.242482394 0.135807276
v 0.138795465 0.265212119 0.133327216
v 0.104942098 0.286375701 0.132320866
v 0.0672494397 0.300225437 0.132510006
v 0.0269607138 0.300532639 0.13303946
v -0.0119809844 0.289398164 0.132853031
v -0.0481906645 0.276849478 0.131320149
v -0.084422268 0.269812405 0.128311172
v -0.122899838 0.265066206 0.124525703
v -0.160998568 0.253939003 0.121113196
v -0.194146365 0.232401595 0.119275376
v -0.221630782 0.203976944 0.1197531
v -0.24614726 0.173153311 0.122558489
v -0.267718136 0.140105337 0.126933277
v -0.281523764 0.103157923 0.131609723
v -0.284465969 0.0637091547 0.135373473
v -0.281409204 0.025224071 0.137422413
v -0.281157404 -0.0116737196 0.137720644
v -0.286225647 -0.0498248599 0.136905536
v -0.288735121 -0.0903673694 0.136064783
v -0.279578596 -0.12965022 0.136057228
v -0.257563829 -0.163321331 0.137334228
v -0.229332238 -0.19161512 0.139568821
v -0.200248837 -0.217616528 0.141886428
v -0.169662938 -0.241228804 0.143017009
v -0.13539511 -0.25878346 0.142239094
v -0.0985303149 -0.269011021 0.139220506
v -0.0619952045 -0.276953012 0.134539753
v -0.0258296989 -0.288527459 0.129401967
v 0.0125641432 -0.301418632 0.125072286
v 0.0532944053 -0.305763006 0.122576095
v 0.0922513828 -0.2945939 0.122246541
v 0.12592414 -0.271428972 0.123661302
v 0.155725986 -0.24548994 0.125794083
v 0.185094774 -0.221450791 0.127608746
v 0.213645428 -0.196536407 0.128281638
v 0.237693667 -0.167140007 0.127767771
v 0.256389558 -0.134130314 0.126628101
v 0.273827881 -0.100302137 0.125985637
v 0.292671472 -0.0655118898 0.12669459
v 0.307710737 -0.0275636856 0.129289329
v 0.305800319 0.0136376731 0.141590074
v 0.292240441 0.0517928898 0.146457955
v 0.271832615 0.085978277 0.150654048
v 0.254204631 0.118810028 0.152999744
v 0.24163571 0.15423508 0.152919352
v 0.227501437 0.191217318 0.150668994
v 0.204791412 0.223856062 0.147183791
v 0.173656881 0.248433828 0.143719658
v 0.138815448 0.267181844 0.141262397
v 0.102831006 0.283218145 0.140294194
v 0.0650246888 0.294389486 0.140493125
v 0.0256331805 0.295604914 0.141024679
v -0.0127562871 0.28714484 0.140824869
v -0.0490403585 0.276860118 0.139233083
v -0.0858586654 0.271561742 0.136182934
v -0.125537023 0.268658727 0.132366598
v -0.165096074 0.258704782 0.128948599
v -0.198401436 0.236070886 0.127150148
v -0.223252192 0.204249889 0.127686784
v -0.24323076 0.17002587 0.13055706
v -0.261631161 0.135932386 0.134973183
v -0.276284695 0.100309439 0.139684871
v -0.283234119 0.0625524893 0.143433794
v -0.284143001 0.0246254615 0.145459473
v -0.285677493 -0.0127076218 0.145718649
v -0.290727109 -0.0514944233 0.144884765
v -0.292642027 -0.0925362557 0.144043893
v -0.282152891 -0.131856695 0.144073978
v -0.257405251 -0.16429241 0.145381048
v -0.225686878 -0.189688876 0.147625938
v -0.194837525 -0.212995902 0.149960995
v -0.165497437 -0.236788541 0.151090667
v -0.134102732 -0.258160084 0.150234357
v -0.0991860852 -0.273266017 0.147174478
v -0.0625892058 -0.283588707 0.142523468
v -0.0254504811 -0.294114888 0.137285903
v 0.0135623291 -0.304234296 0.132914945
v 0.0542557985 -0.306026012 0.1304584
v 0.0926397592 -0.292849451 0.130175054
v 0.125066429 -0.267572492 0.13160497
v 0.153409019 -0.240280822 0.133783817
v 0.182551339 -0.217118591 0.135599419
v 0.213606194 -0.195360109 0.136231124
v 0.241997242 -0.169093177 0.135754257
v 0.263751119 -0.13697651 0.134581313
v 0.280226886 -0.10169591 0.133901969
v 0.294884175 -0.0650910959 0.134657785
v 0.305619717 -0.0264460705 0.137306288
v 0.299319178 0.01422757 0.149471521
v 0.288051158 0.0519193448 0.153550088
v 0.270500183 0.0864224508 0.157080948
v 0.254879415 0.120035119 0.159027562
v 0.243690431 0.156564206 0.158926755
v 0.230767056 0.195119634 0.156976193
v 0.208040476 0.228755966 0.154024869
v 0.174949855 0.251858354 0.151101172
v 0.137308165 0.266200572 0.149051905
v 0.0998184681 0.277467668 0.148279056
v 0.0625519902 0.287199229 0.148454532
v 0.0244030394 0.29136458 0.14888002
v -0.0136305513 0.287668943 0.148692951
v -0.0505424626 0.280523032 0.147316501
v -0.088091813 0.275832504 0.144685298
v -0.128143072 0.272151947 0.141475394
v -0.167717129 0.261102736 0.138618276
v -0.200144023 0.236716434 0.137133628
v -0.22240378 0.2022634 0.137636378
v -0.238825709 0.165895 0.140106633
v -0.25547874 0.131777316 0.143849775
v -0.272483915 0.0980192274 0.147834808
v -0.284715891 0.0619961917 0.150974154
v -0.289936215 0.0242633857 0.152698874
v -0.292080015 -0.0138631063 0.152863458
v -0.294528663 -0.0530854128 0.152150691
v -0.293415606 -0.0937380418 0.151421845
v -0.280741036 -0.132213548 0.151471332
v -0.254369736 -0.163421437 0.152595922
v -0.221298203 -0.187130153 0.154512584
v -0.190247282 -0.209223717 0.156425953
v -0.16277869 -0.234377995 0.157409534
v -0.134059563 -0.259966731 0.156630889
v -0.100532576 -0.279597104 0.15404807
v -0.0633612052 -0.291209459 0.150020987
v -0.0249267425 -0.298504651 0.145625517
v 0.0144583648 -0.303624749 0.14195776
v 0.054494407 -0.302045912 0.139919996
v 0.0920986384 -0.288088471 0.139715493
v 0.124082588 -0.26336053 0.140957475
v 0.15228501 -0.236921981 0.142798975
v 0.182153717 -0.215312213 0.144312412
v 0.215695366 -0.196100026 0.144809887
v 0.247459158 -0.171820581 0.144376159
v 0.270717144 -0.139582366 0.143401101
v 0.284604549 -0.102335721 0.142867267
v 0.293767929 -0.0639321804 0.143524393
v 0.299904943 -0.0250676125 0.145792767
v 0.292731017 0.0147960419 0.157062471
v 0.286052078 0.0524564944 0.159734949
v 0.272829235 0.0880673677 0.16193594
v 0.258910805 0.12286707 0.163140476
v 0.247165367 0.159826502 0.163092569
v 0.233022913 0.198232383 0.161850259
v 0.209030047 0.231228307 0.159910589
v 0.174174055 0.252343774 0.158030346
v 0.134717613 0.263101012 0.156721428
v 0.0966346785 0.271133929 0.156219259
v 0.0603500828 0.281093925 0.156344384
v 0.0233890582 0.289648712 0.156624407
v -0.0146836033 0.291532367 0.156473473
v -0.0526030399 0.287112445 0.155528113
v -0.0906639099 0.281012267 0.153842524
v -0.130023003 0.274027526 0.151774392
v -0.168307051 0.260325611 0.14993237
v -0.199370906 0.234394073 0.148994029
v -0.220046237 0.198924601 0.149356946
v -0.234821111 0.16208075 0.150986761
v -0.251427531 0.128744468 0.153415143
v -0.271564901 0.0967801362 0.156002536
v -0.288973212 0.0620317236 0.158002362
v -0.297591776 0.0240189508 0.159114763
v -0.298598737 -0.0150538022 0.159181252
v -0.296317667 -0.0543121845 0.158740237
v -0.290615946 -0.0937928185 0.158265203
v -0.276043326 -0.131000161 0.158330604
v -0.249977529 -0.161638886 0.159059972
v -0.217902407 -0.185370266 0.160327286
v -0.187968031 -0.207944855 0.161547169
v -0.162108079 -0.234889999 0.162173659
v -0.135105073 -0.263889521 0.161622554
v -0.102069534 -0.286505491 0.159940347
v -0.0638685226 -0.297708601 0.157284215
v -0.0242080782 -0.300400525 0.154466063
v 0.015145584 -0.299693286 0.152099818
v 0.0541540422 -0.295250565 0.15083839
v 0.0911610946 -0.282354802 0.150681674
v 0.12379089 -0.260752708 0.151520684
v 0.153165132 -0.236782938 0.152705893
v 0.18429862 -0.216596246 0.153658152
v 0.219256043 -0.198200509 0.153960779
v 0.252405494 -0.174138755 0.153750941
v 0.275561154 -0.141035125 0.153062657
v 0.286084026 -0.101904437 0.152730033
v 0.289803416 -0.0621641092 0.153115615
v 0.292413861 -0.0235576387 0.154656827
v 0.288038492 0.0154151861 0.164525986
v 0.286865681 0.0534848534 0.165712729
v 0.27812019 0.0906897634 0.166623294
v 0.264779329 0.126614764 0.167045474
v 0.250364661 0.162936285 0.167056292
v 0.233109429 0.19947964 0.16656749
v 0.207244352 0.230607808 0.165726483
v 0.171594575 0.250176042 0.164940536
v 0.131816387 0.259353578 0.164427713
v 0.0940429866 0.266322762 0.164161876
v 0.0587889701 0.277824491 0.164205477
v 0.0226270985 0.290964276 0.164357275
v -0.0158711094 0.29767558 0.164272577
v -0.0548556484 0.294485956 0.163896024
v -0.0929374248 0.285154939 0.163151935
v -0.130610287 0.273181111 0.16226615
v -0.16675128 0.256251365 0.161484107
v -0.196735293 0.229908988 0.161105603
v -0.217471078 0.195433289 0.16126886
v -0.232815936 0.159684539 0.161973029
v -0.250724047 0.127448633 0.16300863
v -0.273609459 0.0965870246 0.16412361
v -0.294606537 0.062325459 0.164958686
v -0.304826289 0.0236915797 0.165419474
v -0.303118408 -0.0161845759 0.16544424
v -0.295149058 -0.0550042242 0.165259928
v -0.284764916 -0.0928371623 0.165052056
v -0.269440323 -0.128846988 0.165096432
v -0.245834887 -0.159995511 0.16538927
v -0.216712102 -0.185479328 0.165957883
v -0.188422009 -0.209701002 0.16647014
v -0.163260892 -0.238061279 0.166722178
v -0.136441827 -0.268482119 0.166490331
v -0.103001639 -0.291871309 0.165776372
v -0.0636849254 -0.30124703 0.164635241
v -0.0232021008 -0.299185991 0.163437754
v 0.0157117136 -0.293427289 0.162410423
v 0.0536201112 -0.287438691 0.16188015
v 0.0905599147 -0.277584851 0.161816269
v 0.124823108 -0.260858029 0.162195906
v 0.156219557 -0.239906177 0.162680343
v 0.188212454 -0.219816118 0.163163379
v 0.222923949 -0.200240225 0.16326113
v 0.255447119 -0.175124228 0.163147718
v 0.277035683 -0.140754119 0.162841991
v 0.28458634 -0.100417599 0.162702039
v 0.284392357 -0.0601497106 0.162759438
v 0.285386831 -0.0221414641 0.163558036
v 0.286568493 0.0162030272 0.172143638
v 0.290447056 0.0550394803 0.17230913
v 0.284944892 0.0938432962 0.172385484
v 0.270454049 0.130317211 0.172476858
v 0.251727015 0.164891943 0.172439888
v 0.230391935 0.198349386 0.172386616
v 0.203062207 0.227314264 0.172306821
v 0.168061867 0.246596828 0.172233924
v 0.129432842 0.2564933 0.172165871
v 0.0925771296 0.264667779 0.172111392
v 0.0580186397 0.278275311 0.172120526
v 0.0220490806 0.294727623 0.172155887
v -0.0171232671 0.304220259 0.172150612
v -0.0569120198 0.300569296 0.172130674
v -0.0944353119 0.286851078 0.172028244
v -0.129832059 0.269497484 0.17194365
v -0.163665146 0.249885559 0.171851888
v -0.193419218 0.224682435 0.171820328
v -0.21609436 0.193047121 0.171832874
v -0.233884007 0.159401253 0.171917707
v -0.25350982 0.127916634 0.172025621
v -0.277689636 0.0971084461 0.172152266
v -0.299719959 0.0624807626 0.172235221
v -0.309512317 0.0231363885 0.17228967
v -0.304433107 -0.0171549451 0.172287062
v -0.291276366 -0.0551737249 0.172280774
v -0.277390718 -0.0913414359 0.172240362
v -0.262931228 -0.126689702 0.172284991
v -0.243463606 -0.159479573 0.172277957
v -0.218250051 -0.187906668 0.172362983
v -0.191291347 -0.21416004 0.172418311
v -0.165322393 -0.242608309 0.172465116
v -0.137221128 -0.272007048 0.172427222
v -0.102797031 -0.294046342 0.172365397
v -0.0627475381 -0.301170677 0.172230154
v -0.0220544115 -0.295592964 0.172119677
v 0.0162012484 -0.28682211 0.172005489
v 0.0532833748 -0.281113237 0.171988159
v 0.0907209367 -0.275363952 0.171898186
v 0.127148777 -0.263783008 0.171961173
v 0.160715207 -0.245265752 0.172030464
v 0.192848653 -0.223928109 0.172087252
v 0.225407258 -0.201278374 0.172090545
v 0.255311549 -0.173926517 0.172084659
v 0.274966657 -0.138680875 0.171998814
v 0.281100839 -0.098234199 0.171998188
v 0.27962026 -0.0582708232 0.171864733
v 0.280744851 -0.0209340286 0.172037408
v 0.280184984 0.0166836698 0.184524387
v 0.287346303 0.0553306825 0.184903935
v 0.283447921 0.0942879915 0.185017124
v 0.267001897 0.129641473 0.185077846
v 0.243791744 0.160729781 0.185102716
v 0.218960151 0.189631015 0.185179844
v 0.191764042 0.215934768 0.185232297
v 0.159853876 0.236031339 0.18530643
v 0.124593191 0.248704642 0.185214341
v 0.0897666365 0.259083211 0.18491748
v 0.0561848283 0.27346921 0.184521273
v 0.0208363384 0.290004998 0.184087887
v -0.0177368503 0.299341798 0.183786154
v -0.0566131994 0.294225156 0.183756247
v -0.0921452343 0.277141154 0.183890507
v -0.124470055 0.256425202 0.184190094
v -0.155777931 0.23631449 0.184387594
v -0.185613826 0.214328334 0.184493124
v -0.210896119 0.187283024 0.184374675
v -0.231410861 0.156712592 0.18415302
v -0.251608044 0.126028746 0.183918372
v -0.274199605 0.0949804783 0.183768511
v -0.294003755 0.0603763722 0.183666617
v -0.30153951 0.0216393135 0.183587715
v -0.293540984 -0.0174171664 0.183376238
v -0.277160257 -0.0533543639 0.183028638
v -0.261971414 -0.0871242732 0.182482943
v -0.250140905 -0.121442221 0.182046801
v -0.23615244 -0.155697405 0.181748912
v -0.215583235 -0.186730221 0.18174772
v -0.189901307 -0.213880464 0.181992874
v -0.162446618 -0.239923701 0.182394221
v -0.132805169 -0.26520589 0.18276538
v -0.0983157679 -0.283938974 0.18299602
v -0.0594170019 -0.289512783 0.183053076
v -0.0202801116 -0.283288926 0.183074251
v 0.0163359735 -0.274435163 0.18309164
v 0.0520705283 -0.270248264 0.183219552
v 0.0892728195 -0.268210173 0.183324605
v 0.126600951 -0.260612339 0.183513582
v 0.160633355 -0.243522018 0.183596984
v 0.190750912 -0.22013247 0.183502525
v 0.218959466 -0.194336295 0.183288559
v 0.24457325 -0.165532455 0.18305558
v 0.262415558 -0.131355688 0.183037564
v 0.268982381 -0.0931074694 0.183173522
v 0.268944204 -0.0552006252 0.183482975
v 0.271782368 -0.0194626227 0.184099689
v 0.269135058 0.0168907158 0.200406477
v 0.277115524 0.0542232841 0.201478586
v 0.27319929 0.0917665362 0.201887697
v 0.254632175 0.124532074 0.201838791
v 0.228249818 0.151427269 0.201837003
v 0.201769575 0.175786674 0.202089161
v 0.176460981 0.199891508 0.202323601
v 0.149167851 0.221665293 0.202551752
v 0.118332759 0.237970933 0.202350691
v 0.085917674 0.250364423 0.20160313
v 0.0532861464 0.263278753 0.200402766
v 0.0190547276 0.276615471 0.199173257
v -0.0176272169 0.283331066 0.198326454
v -0.0541022159 0.276771575 0.198169485
v -0.0868924037 0.258771718 0.198636889
v -0.116267711 0.237735853 0.199396104
v -0.145524025 0.219339728 0.200029969
v -0.175541922 0.201489002 0.200241387
v -0.203025296 0.179221407 0.199907884
v -0.22528854 0.151594788 0.199279055
v -0.244257301 0.121442676 0.198632181
v -0.262796491 0.090161182 0.198223457
v -0.278169334 0.0562696345 0.197979763
v -0.282927871 0.0194650404 0.197734624
v -0.273728877 -0.017049972 0.197138354
v -0.256992847 -0.0502647348 0.196154937
v -0.242731094 -0.0815253928 0.194762751
v -0.234169826 -0.114542522 0.193488687
v -0.225173458 -0.149401903 0.192688048
v -0.208521411 -0.181683689 0.192616045
v -0.183617383 -0.208023489 0.193298891
v -0.154587746 -0.229763776 0.194359019
v -0.123913832 -0.24927254 0.195408612
v -0.090642482 -0.264293432 0.195987195
v -0.0545889139 -0.2700755 0.196310475
v -0.0182735734 -0.266230553 0.196257785
v 0.0162125006 -0.259678245 0.196217582
v 0.0503307395 -0.257153749 0.196485698
v 0.0863526091 -0.256965339 0.197013095
v 0.122818388 -0.250994593 0.197517201
v 0.15531227 -0.233995318 0.19768779
v 0.181866825 -0.208673075 0.197317898
v 0.204872608 -0.180777356 0.196657196
v 0.226163059 -0.152108088 0.196106777
v 0.243013814 -0.120754011 0.195983127
v 0.251914561 -0.0863661692 0.196512133
v 0.255179882 -0.0515634529 0.197733223
v 0.259909958 -0.0178242046 0.199193433
v 0.258471578 0.0169069096 0.216621131
v 0.264368325 0.0525471345 0.21805568
v 0.259163558 0.0879184455 0.218646899
v 0.239620984 0.11809741 0.218739882
v 0.212134615 0.141659468 0.218765393
v 0.185726613 0.162773624 0.219043791
v 0.163093239 0.185839549 0.219521388
v 0.14017494 0.209621027 0.219806388
v 0.113099836 0.229126066 0.219412073
v 0.0823797211 0.242377415 0.21814318
v 0.0502637774 0.252179503 0.216173545
v 0.0171707254 0.260452807 0.214172289
v -0.017181728 0.263639152 0.212828144
v -0.050944753 0.256597012 0.212610081
v -0.081404075 0.240076646 0.213397041
v -0.108955957 0.221124977 0.214669526
v -0.137122586 0.205358684 0.215700284
v -0.167385608 0.190983385 0.21598576
v -0.196195945 0.172162205 0.215421706
v -0.218896434 0.146352172 0.214374259
v -0.235351667 0.11614383 0.213324383
v -0.248761982 0.0845193416 0.212648541
v -0.25931409 0.051653713 0.212286562
v -0.262159348 0.0172533207 0.211859986
v -0.253986478 -0.0165813509 0.210895151
v -0.239308715 -0.0475367233 0.2091818
v -0.22714138 -0.0770402476 0.206949472
v -0.220986128 -0.108911499 0.204822928
v -0.214914352 -0.143524736 0.203528807
v -0.200431794 -0.175690576 0.203485042
v -0.175579891 -0.20012027 0.204631001
v -0.145202503 -0.217207417 0.206382945
v -0.114106722 -0.231273338 0.208054379
v -0.082776241 -0.243719295 0.209091291
v -0.0500204563 -0.251300246 0.209411219
v -0.0165279172 -0.251767516 0.209319219
v 0.0162802264 -0.24860239 0.20937179
v 0.0491064936 -0.246888846 0.209834754
v 0.0835275948 -0.246059656 0.210695565
v 0.11803209 -0.239341199 0.211492315
v 0.148052827 -0.221569672 0.211791143
v 0.171095014 -0.195080012 0.211314902
v 0.189810067 -0.166438982 0.21032095
v 0.208018884 -0.138973817 0.209337577
v 0.225177854 -0.111041009 0.209088609
v 0.237541452 -0.0806375295 0.210049361
v 0.244419932 -0.0486406237 0.212021396
v 0.250319302 -0.0164333154 0.214428738
v 0.245802522 0.0167875793 0.215262637
v 0.248584583 0.0501645878 0.217030719
v 0.242112532 0.082923159 0.217946976
v 0.223075345 0.110760354 0.217980489
v 0.196745113 0.13222456 0.217901319
v 0.171945065 0.151595235 0.21825172
v 0.151960671 0.174188033 0.218876824
v 0.132462934 0.199360088 0.219236583
v 0.10812261 0.220692322 0.218739003
v 0.0785539746 0.23337245 0.2168217
v 0.0468907617 0.238916323 0.214115307
v 0.0152062746 0.241495878 0.211399779
v -0.0164536405 0.241447538 0.209620193
v -0.0474751815 0.235460922 0.209279716
v -0.0762445033 0.222683132 0.210389957
v -0.102998868 0.207479566 0.212178826
v -0.130620912 0.194368929 0.213578403
v -0.160495415 0.182027295 0.213946924
v -0.189053178 0.164904043 0.21313405
v -0.210662648 0.139945596 0.211653963
v -0.22390607 0.10967204 0.210179597
v -0.232392833 0.0781919733 0.20928055
v -0.238964334 0.0468657389 0.208799988
v -0.241292566 0.0151635287 0.208230391
v -0.235882074 -0.0161000863 0.206875369
v -0.224711418 -0.0453263968 0.204405174
v -0.214672163 -0.0735160559 0.201291233
v -0.209374428 -0.103955694 0.198358089
v -0.204001054 -0.137101293 0.196584806
v -0.190213785 -0.167716473 0.196553871
v -0.165404707 -0.189627036 0.198229149
v -0.134680003 -0.202732608 0.200689331
v -0.104230724 -0.212806314 0.202989519
v -0.0754013211 -0.224150926 0.204296991
v -0.0460270606 -0.234790638 0.204654858
v -0.015070295 -0.240230814 0.204601914
v 0.0164192989 -0.240091547 0.204733059
v 0.0479767285 -0.237621978 0.205492884
v 0.0801652372 -0.233923122 0.206676528
v 0.111689925 -0.224829942 0.207736149
v 0.138670668 -0.206225485 0.208268449
v 0.15880312 -0.17999728 0.207569778
v 0.174804762 -0.152371004 0.206124008
v 0.191482767 -0.127106458 0.204921305
v 0.209648177 -0.102584779 0.204775989
v 0.225308463 -0.0757264122 0.205709472
v 0.23490338 -0.0460214801 0.20858331
v 0.240513459 -0.0151117034 0.212392017
v 0.230714381 0.0164245926 0.212241217
v 0.230328351 0.0471861698 0.214446709
v 0.223488197 0.0772870332 0.215235502
v 0.20667395 0.103380345 0.215236947
v 0.183255255 0.12393643 0.215267032
v 0.160788119 0.142593488 0.215729862
v 0.142749697 0.164594382 0.216566026
v 0.125272825 0.18972376 0.216921926
v 0.102603436 0.21097976 0.216309503
v 0.0739458576 0.221834749 0.213958099
v 0.0430893898 0.223018765 0.210486412
v 0.0132474955 0.220667735 0.206951544
v -0.0155419726 0.218608633 0.204709381
v -0.0440415926 0.21516335 0.204358429
v -0.0717569813 0.207567841 0.205732957
v -0.0983867794 0.19672069 0.208005011
v -0.12545079 0.185487106 0.209783405
v -0.153814644 0.173417568 0.210187152
v -0.180358678 0.156379402 0.209176674
v -0.199677885 0.13179481 0.207276434
v -0.209891737 0.102032989 0.205422804
v -0.214826062 0.0715678856 0.204231128
v -0.219047382 0.0422808528 0.203620881
v -0.222135842 0.0132967094 0.202801213
v -0.220210582 -0.015686648 0.201050088
v -0.212592468 -0.0435371138 0.197921678
v -0.203850582 -0.0704835206 0.193922177
v -0.197717547 -0.0988971815 0.190191925
v -0.191268295 -0.129375651 0.187997699
v -0.177469879 -0.157425433 0.188003361
v -0.153450698 -0.176988721 0.190120146
v -0.123805314 -0.187572077 0.193278402
v -0.0950670242 -0.195568711 0.196192518
v -0.0689480379 -0.206994683 0.197979555
v -0.042595163 -0.220772877 0.198483095
v -0.013743843 -0.230428398 0.19843486
v 0.0166037176 -0.232151136 0.198548824
v 0.0466720611 -0.227495641 0.19953303
v 0.0760078132 -0.219527885 0.201048866
v 0.10392011 -0.2075091 0.202237546
v 0.127893031 -0.188885361 0.20282951
v 0.146264121 -0.164719105 0.20183441
v 0.161288187 -0.139685854 0.200077295
v 0.177748367 -0.117202908 0.198231712
v 0.196773082 -0.0955472663 0.198126867
v 0.214235097 -0.071294032 0.199668527
v 0.224925578 -0.0433757827 0.203465924
v 0.229053482 -0.0137460679 0.20841749
v 0.213601202 0.0158383194 0.208910704
v 0.211046681 0.0438778512 0.211864427
v 0.205042973 0.0715909153 0.212604508
v 0.191666141 0.0965852737 0.212564707
v 0.171963453 0.117034532 0.212764949
v 0.151723936 0.135356247 0.213273346
v 0.134521186 0.156038061 0.214367718
v 0.117673784 0.179372266 0.214805409
v 0.09597563 0.198836178 0.213882804
v 0.0684445947 0.207355946 0.210960507
v 0.0390044153 0.205134168 0.206782416
v 0.0113827949 0.199544594 0.202536181
v -0.0145906825 0.196992323 0.199764594
v -0.0409237891 0.196963847 0.19937107
v -0.0679684058 0.194747597 0.201139733
v -0.0946158096 0.187792256 0.203937635
v -0.120674789 0.177290633 0.206010818
v -0.146319538 0.163984269 0.206458345
v -0.169472679 0.146058023 0.205214724
v -0.18601352 0.121983998 0.202852279
v -0.194211796 0.0936993584 0.200613841
v -0.197569281 0.0651688799 0.199216828
v -0.201163992 0.0382097326 0.198480189
v -0.2055628 0.0116904313 0.197480619
v -0.206625 -0.0153335659 0.195257157
v -0.201543257 -0.04189438 0.191398144
v -0.192884058 -0.0673305169 0.186529607
v -0.184747875 -0.0930839404 0.181977555
v -0.176456928 -0.120101437 0.179332629
v -0.162758023 -0.145218372 0.179446474
v -0.140635028 -0.163157105 0.182068497
v -0.113460205 -0.172971472 0.185957715
v -0.0871719196 -0.180621117 0.189550877
v -0.0635906011 -0.192739815 0.191647634
v -0.0396456048 -0.20872359 0.192269027
v -0.0125358608 -0.2209699 0.19213891
v 0.0166021958 -0.223053366 0.19230397
v 0.0448497012 -0.215420425 0.193414405
v 0.0709370375 -0.202954233 0.195265263
v 0.0950636044 -0.188415647 0.196798757
v 0.116534494 -0.1709999 0.197313055
v 0.134318247 -0.150366798 0.196259186
v 0.149793923 -0.128946275 0.194063798
v 0.166481897 -0.109061591 0.191860035
v 0.185418278 -0.089355953 0.191655248
v 0.202703029 -0.066776447 0.193811595
v 0.212912157 -0.040375594 0.198308542
v 0.21513322 -0.0122329025 0.203999564
v 0.195497736 0.0150880665 0.205556974
v 0.192421749 0.0405947827 0.209154576
v 0.188184679 0.0663201809 0.210544527
v 0.178586587 0.090645127 0.210084081
v 0.162453935 0.111271761 0.209899694
v 0.143722177 0.128980681 0.210526511
v 0.126283243 0.147338539 0.211902216
v 0.109114632 0.16737856 0.212611571
v 0.0881625116 0.183986127 0.21135971
v 0.0622699037 0.190460235 0.207875043
v 0.0349099077 0.186526135 0.202962384
v 0.00973225851 0.179743364 0.19798404
v -0.0136926873 0.177851796 0.194798648
v -0.0381866358 0.181128979 0.194442987
v -0.0646093339 0.183386445 0.196598724
v -0.0909743607 0.179240793 0.199822128
v -0.115350358 0.168390408 0.202297911
v -0.137406483 0.153075591 0.202783749
v -0.156518161 0.134080321 0.201286152
v -0.170528725 0.111101881 0.198475704
v -0.178168058 0.085303627 0.195835665
v -0.181953654 0.0594149418 0.194146782
v -0.186144635 0.0347818248 0.193281546
v -0.191510543 0.010314405 0.192132562
v -0.194049701 -0.0149808098 0.189442798
v -0.189886704 -0.0400549546 0.184829712
v -0.18031764 -0.0635445938 0.179098219
v -0.16986239 -0.0862256736 0.173801363
v -0.159983873 -0.10959246 0.170729488
v -0.147143289 -0.132077917 0.170902878
v -0.127999455 -0.149400234 0.174024135
v -0.104236305 -0.159978867 0.178563774
v -0.0806360468 -0.168356225 0.182826057
v -0.0590633973 -0.180825204 0.185382858
v -0.0368505307 -0.197331756 0.186149776
v -0.0112749897 -0.210161209 0.18591246
v 0.0163993426 -0.211449012 0.186146662
v 0.0424902849 -0.20091784 0.187472925
v 0.065294452 -0.184897959 0.189666331
v 0.0859587193 -0.168994606 0.191527575
v 0.105580181 -0.153832778 0.191982418
v 0.123736657 -0.13761501 0.190443963
v 0.14036876 -0.120069854 0.187713414
v 0.157043532 -0.102191627 0.185217857
v 0.174427643 -0.0834176838 0.185003132
v 0.189544752 -0.0618198514 0.187851295
v 0.197898582 -0.0369816944 0.193481222
v 0.1985946 -0.010713473 0.199899405
v 0.177780688 0.0142529448 0.202279389
v 0.175794736 0.0376323313 0.206366256
v 0.173749849 0.0618122965 0.207919657
v 0.167195514 0.0854807571 0.207502052
v 0.153530866 0.10581971 0.20735456
v 0.135410041 0.122241192 0.208126411
v 0.117146283 0.137490198 0.209614009
v 0.0994313583 0.153496906 0.210347682
v 0.0794450641 0.167040259 0.20890756
v 0.0557974204 0.172362193 0.20485422
v 0.0310360398 0.168546394 0.199091062
v 0.00831629522 0.1622798 0.19333373
v -0.0129075535 0.16150023 0.189762205
v -0.0357401371 0.167090699 0.189464629
v -0.0612418354 0.172204331 0.192025706
v -0.0867072046 0.169588551 0.195768639
v -0.108870469 0.15792422 0.198604092
v -0.127083883 0.140728459 0.199093297
v -0.142320663 0.121192388 0.197186783
v -0.154549524 0.100037649 0.194006056
v -0.162990808 0.0774429291 0.191001773
v -0.168561205 0.0544894561 0.189112991
v -0.173755527 0.0319336504 0.188112393
v -0.179004639 0.00909939222 0.186818093
v -0.181068301 -0.0145253716 0.183648765
v -0.176260307 -0.0377267562 0.178263947
v -0.165471271 -0.0588561967 0.171593234
v -0.153431699 -0.0784394145 0.16549693
v -0.143004343 -0.098563306 0.162047058
v -0.131914064 -0.119091354 0.162365049
v -0.116378739 -0.136620149 0.166050404
v -0.0962933004 -0.14870663 0.17132479
v -0.0751539022 -0.158062801 0.176185951
v -0.0550073273 -0.17004931 0.179096788
v -0.034045171 -0.185303599 0.179972842
v -0.00999814551 -0.197035924 0.179656431
v 0.0158674624 -0.197140604 0.179886281
v 0.0396434441 -0.184740126 0.181380987
v 0.0594826713 -0.166813463 0.18386361
v 0.0773007646 -0.150821805 0.185989246
v 0.095611088 -0.138405204 0.186456963
v 0.114367753 -0.126438707 0.184702843
v 0.131977916 -0.112225108 0.181575611
v 0.147858396 -0.0955714136 0.178890347
v 0.162342161 -0.0770253167 0.178714439
v 0.17406334 -0.0561892986 0.18199864
v 0.180314019 -0.0331434831 0.188409626
v 0.180485085 -0.0091990605 0.195802271
v -0.175115272 -0.175149649 0.0172689799
v -0.144160822 -0.198662356 0.00900032464
v -0.115317859 -0.227168322 0.0108625023
v -0.0821368769 -0.253747106 0.0163830407
v -0.0423445888 -0.267739981 0.0179839842
v 2.99262028e-05 -0.268426538 0.018271599
v 0.0416885987 -0.26293841 0.0250199642
v 0.0827713907 -0.254457384 0.0330982357
v 0.122284755 -0.239858881 0.0324924849
v 0.158222809 -0.217731312 0.0226640999
v 0.188107237 -0.188062504 0.0138747022
v -0.204998136 -0.148985967 0.0286819898
v -0.140088111 -0.140118927 0.0179424342
v -0.10966935 -0.164461717 0.0112642338
v -0.0802498385 -0.193810597 0.0153243737
v -0.0421715379 -0.212290689 0.0185317881
v 2.89117306e-05 -0.214740157 0.0187510438
v 0.0416185893 -0.208941191 0.0261069424
v 0.0824735239 -0.199023336 0.032466121
v 0.11964146 -0.179040298 0.0246068891
v 0.150490418 -0.150450423 0.0152161522
v 0.205205873 -0.149453446 0.0139232995
v -0.22175236 -0.113342114 0.0314858928
v -0.168309838 -0.112495005 0.028223604
v -0.105065726 -0.105083853 0.0185885876
v -0.0751817748 -0.13025941 0.0135248611
v -0.0420002416 -0.156840861 0.0190288685
v 2.57375705e-05 -0.161054105 0.019229522
v 0.0415460467 -0.154944152 0.0271940306
v 0.0810593367 -0.140345484 0.0265845302
v 0.112870596 -0.112836637 0.0165779721
v 0.165535629 -0.111050092 0.0157510266
v 0.209768489 -0.107393689 0.0152412616
v -0.226375818 -0.0738498271 0.027167568
v -0.180243284 -0.0746699646 0.0280655734
v -0.13162154 -0.0760045052 0.0277670622
v -0.0700334162 -0.0700561181 0.0192949008
v -0.0401146188 -0.0969036594 0.0179884527
v 2.53024773e-05 -0.107368007 0.0197017137
v 0.0412471592 -0.0995099917 0.0265616104
v 0.075255096 -0.0752227679 0.0179377329
v 0.125870138 -0.0726474822 0.017586397
v 0.167820573 -0.0694909915 0.015921561
v 0.212936357 -0.0693055838 0.0129580405
v -0.235335693 -0.0371801965 0.0243709553
v -0.185790285 -0.0368476808 0.0239040218
v -0.136244878 -0.0365138799 0.0234345403
v -0.0901127607 -0.0373339877 0.0243503097
v -0.0350077972 -0.0350262783 0.0199793503
v 2.19541816e-05 -0.0536820069 0.0201831851
v 0.0376363173 -0.0376095325 0.0193011127
v 0.0839188844 -0.0347431079 0.01829133
v 0.129034236 -0.0345581062 0.0153178591
v 0.179351568 -0.0353176966 0.0138393631
v 0.229669049 -0.0360779352 0.0123528652
v -0.259194851 -4.56694033e-06 0.0250302367
v -0.207352027 -3.94973631e-06 0.0241468884
v -0.155508906 -1.77210495e-06 0.0232729912
v -0.103665739 4.18606561e-07 0.0224016998
v -0.0518226549 2.24752171e-06 0.0215335339
v 2.04576772e-05 4.17594401e-06 0.0206548292
v 0.0518441312 6.18315107e-06 0.0205741283
v 0.103668235 7.62851914e-06 0.0205065329
v 0.155491978 8.81114192e-06 0.0204280131
v 0.207315952 1.43091138e-05 0.0203323718
v 0.259139508 1.72882992e-05 0.0202430785
v -0.281586975 0.0448568761 0.0208779387
v -0.226479426 0.04538868 0.0189322699
v -0.171371639 0.0459229052 0.0170023963
v -0.107634701 0.0445922092 0.0151742538
v -0.0356698819 0.035691306 0.021217877
v 1.79762301e-05 0.0499847569 0.0219301656
v 0.038292937 0.0382800661 0.0205343701
v 0.10143587 0.0420175754 0.0247923806
v 0.164155111 0.0439930558 0.0292272158
v 0.220034942 0.0438949168 0.0302771907
v 0.275914848 0.0437970832 0.0313195586
v -0.279026121 0.0905082375 0.0115170507
v -0.215289012 0.0891799256 0.009696858
v -0.143470913 0.0828423426 0.0123298327
v -0.0713574737 0.0713786632 0.0217674058
v -0.0381043181 0.0920387581 0.0225824621
v 1.76713838e-05 0.0999652147 0.0232120715
v 0.0392195769 0.0946511477 0.0154787637
v 0.0765663236 0.0765570179 0.0204224009
v 0.137706831 0.0795069039 0.0225217752
v 0.202854335 0.084032096 0.0289134681
v 0.265574306 0.0860077813 0.0333427675
v -0.251126587 0.12743026 0.00685856631
v -0.178518519 0.118819945 0.0126718096
v -0.107048765 0.107065439 0.0223396849
v -0.0744519979 0.128982544 0.0237138607
v -0.0389594734 0.145456299 0.0254989211
v 1.44626129e-05 0.14994593 0.0244815201
v 0.0384796262 0.143565759 0.0132748121
v 0.0803061053 0.139081523 0.0164112039
v 0.114837773 0.114832923 0.020301586
v 0.175725058 0.117400892 0.0216033608
v 0.239120811 0.121521369 0.0266553778
v -0.213563845 0.154795796 0.0130051496
v -0.14273645 0.142752752 0.0228968412
v -0.110255368 0.164997756 0.0252131671
v -0.0762296394 0.184072942 0.024518542
v -0.0391216949 0.196884438 0.0280889347
v 1.56543083e-05 0.199926168 0.0257697552
v 0.0385354534 0.193541348 0.0142519791
v 0.0784185901 0.189298257 0.0103069516
v 0.120199226 0.179593533 0.0171587244
v 0.153111845 0.153110892 0.020212369
v 0.213745445 0.155299664 0.0207000617
v -0.178428337 0.178439707 0.0234645568
v -0.146062151 0.201012641 0.0267172847
v -0.112576969 0.221017182 0.0256512892
v -0.0770842209 0.23749049 0.0274333898
v -0.0392873511 0.248312205 0.0306889806
v 1.08627892e-05 0.249907255 0.0270304512
v 0.0385873355 0.243517071 0.015209212
v 0.0776780024 0.238212705 0.00809757225
v 0.119505301 0.233726755 0.011221434
v 0.160083547 0.220108554 0.0179368947
v 0.191380456 0.191386074 0.0200654883
f 1 2 49
f 2 50 49
f 2 3 50
f 3 51 50
f 3 4 51
f 4 52 51
f 4 5 52
f 5 53 52
f 5 6 53
f 6 54 53
f 6 7 54
f 7 55 54
f 7 8 55
f 8 56 55
f 8 9 56
f 9 57 56
f 9 10 57
f 10 58 57
f 10 11 58
f 11 59 58
f 11 12 59
f 12 60 59
f 12 13 60
f 13 61 60
f 13 14 61
f 14 62 61
f 14 15 62
f 15 63 62
f 15 16 63
f 16 64 63
f 16 17 64
f 17 65 64
f 17 18 65
f 18 66 65
f 18 19 66
f 19 67 66
f 19 20 67
f 20 68 67
f 20 21 68
f 21 69 68
f 21 22 69
f 22 70 69
f 22 23 70
f 23 71 70
f 23 24 71
f 24 72 71
f 24 25 72
f 25 73 72
f 25 26 73
f 26 74 73
f 26 27 74
f 27 75 74
f 27 28 75
f 28 76 75
f 28 29 76
f 29 77 76
f 29 30 77
f 30 78 77
f 30 31 78
f 31 79 78
f 31 32 79
f 32 80 79
f 32 33 80
f 33 81 80
f 33 34 81
f 34 82 81
f 34 35 82
f 35 83 82
f 35 36 83
f 36 84 83
f 36 37 84
f 37 85 84
f 37 38 85
f 38 86 85
f 38 39 86
f 39 87 86
f 39 40 87
f 40 88 87
f 40 41 88
f 41 89 88
f 41 42 89
f 42 90 89
f 42 43 90
f 43 91 90
f 43 44 91
f 44 92 91
f 44 45 92
f 45 93 92
f 45 46 93
f 46 94 93
f 46 47 94
f 47 95 94
f 47 48 95
f 48 96 95
f 48 1 96
f 1 49 96
f 49 50 97
f 50 98 97
f 50 51 98
f 51 99 98
f 51 52 99
f 52 100 99
f 52 53 100
f 53 101 100
f 53 54 101
f 54 102 101
f 54 55 102
f 55 103 102
f 55 56 103
f 56 104 103
f 56 57 104
f 57 105 104
f 57 58 105
f 58 106 105
f 58 59 106
f 59 107 106
f 59 60 107
f 60 108 107
f 60 61 108
f 61 109 108
f 61 62 109
f 62 110 109
f 62 63 110
f 63 111 110
f 63 64 111
f 64 112 111
f 64 65 112
f 65 113 112
f 65 66 113
f 66 114 113
f 66 67 114
f 67 115 114
f 67 68 115
f 68 116 115
f 68 69 116
f 69 117 116
f 69 70 117
f 70 118 117
f 70 71 118
f 71 119 118
f 71 72 119
f 72 120 119
f 72 73 120
f 73 121 120
f 73 74 121
f 74 122 121
f 74 75 122
f 75 123 122
f 75 76 123
f 76 124 123
f 76 77 124
f 77 125 124
f 77 78 125
f 78 126 125
f 78 79 126
f 79 127 126
f 79 80 127
f 80 128 127
f 80 81 128
f 81 129 128
f 81 82 129
f 82 130 129
f 82 83 130
f 83 131 130
f 83 84 131
f 84 132 131
f 84 85 132
f 85 133 132
f 85 86 133
f 86 134 133
f 86 87 134
f 87 135 134
f 87 88 135
f 88 136 135
f 88 89 136
f 89 137 136
f 89 90 137
f 90 138 137
f 90 91 138
f 91 139 138
f 91 92 139
f 92 140 139
f 92 93 140
f 93 141 140
f 93 94 141
f 94 142 141
f 94 95 142
f 95 143 142
f 95 96 143
f 96 144 143
f 96 49 144
f 49 97 144
f 97 98 145
f 98 146 145
f 98 99 146
f 99 147 146
f 99 100 147
f 100 148 147
f 100 101 148
f 101 149 148
f 101 102 149
f 102 150 149
f 102 103 150
f 103 151 150
f 103 104 151
f 104 152 151
f 104 105 152
f 105 153 152
f 105 106 153
f 106 154 153
f 106 107 154
f 107 155 154
f 107 108 155
f 108 156 155
f 108 109 156
f 109 157 156
f 109 110 157
f 110 158 157
f 110 111 158
f 111 159 158
f 111 112 159
f 112 160 159
f 112 113 160
f 113 161 160
f 113 114 161
f 114 162 161
f 114 115 162
f 115 163 162
f 115 116 163
f 116 164 163
f 116 117 164
f 117 165 164
f 117 118 165
f 118 166 165
f 118 119 166
f 119 167 166
f 119 120 167
f 120 168 167
f 120 121 168
f 121 169 168
f 121 122 169
f 122 170 169
f 122 123 170
f 123 171 170
f 123 124 171
f 124 172 171
f 124 125 172
f 125 173 172
f 125 126 173
f 126 174 173
f 126 127 174
f 127 175 174
f 127 128 175
f 128 176 175
f 128 129 176
f 129 177 176
f 129 130 177
f 130 178 177
f 130 131 178
f 131 179 178
f 131 132 179
f 132 180 179
f 132 133 180
f 133 181 180
f 133 134 181
f 134 182 181
f 134 135 182
f 135 183 182
f 135 136 183
f 136 184 183
f 136 137 184
f 137 185 184
f 137 138 185
f 138 186 185
f 138 139 186
f 139 187 186
f 139 140 187
f 140 188 187
f 140 141 188
f 141 189 188
f 141 142 189
f 142 190 189
f 142 143 190
f 143 191 190
f 143 144 191
f 144 192 191
f 144 97 192
f 97 145 192
f 145 146 193
f 146 194 193
f 146 147 194
f 147 195 194
f 147 148 195
f 148 196 195
f 148 149 196
f 149 197 196
f 149 150 197
f 150 198 197
f 150 151 198
f 151 199 198
f 151 152 199
f 152 200 199
f 152 153 200
f 153 201 200
f 153 154 201
f 154 202 201
f 154 155 202
f 155 203 202
f 155 156 203
f 156 204 203
f 156 157 204
f 157 205 204
f 157 158 205
f 158 206 205
f 158 159 206
f 159 207 206
f 159 160 207
f 160 208 207
f 160 161 208
f 161 209 208
f 161 162 209
f 162 210 209
f 162 163 210
f 163 211 210
f 163 164 211
f 164 212 211
f 164 165 212
f 165 213 212
f 165 166 213
f 166 214 213
f 166 167 214
f 167 215 214
f 167 168 215
f 168 216 215
f 168 169 216
f 169 217 216
f 169 170 217
f 170 218 217
f 170 171 218
f 171 219 218
f 171 172 219
f 172 220 219
f 172 173 220
f 173 221 220
f 173 174 221
f 174 222 221
f 174 175 222
f 175 223 222
f 175 176 223
f 176 224 223
f 176 177 224
f 177 225 224
f 177 178 225
f 178 226 225
f 178 179 226
f 179 227 226
f 179 180 227
f 180 228 227
f 180 181 228
f 181 229 228
f 181 182 229
f 182 230 229
f 182 183 230
f 183 231 230
f 183 184 231
f 184 232 231
f 184 185 232
f 185 233 232
f 185 186 233
f 186 234 233
f 186 187 234
f 187 235 234
f 187 188 235
f 188 236 235
f 188 189 236
f 189 237 236
f 189 190 237
f 190 238 237
f 190 191 238
f 191 239 238
f 191 192 239
f 192 240 239
f 192 145 240
f 145 193 240
f 193 194 241
f 194 242 241
f 194 195 242
f 195 243 242
f 195 196 243
f 196 244 243
f 196 197 244
f 197 245 244
f 197 198 245
f 198 246 245
f 198 199 246
f 199 247 246
f 199 200 247
f 200 248 247
f 200 201 248
f 201 249 248
f 201 202 249
f 202 250 249
f 202 203 250
f 203 251 250
f 203 204 251
f 204 252 251
f 204 205 252
f 205 253 252
f 205 206 253
f 206 254 253
f 206 207 254
f 207 255 254
f 207 208 255
f 208 256 255
f 208 209 256
f 209 257 256
f 209 210 257
f 210 258 257
f 210 211 258
f 211 259 258
f 211 212 259
f 212 260 259
f 212 213 260
f 213 261 260
f 213 214 261
f 214 262 261
f 214 215 262
f 215 263 262
f 215 216 263
f 216 264 263
f 216 217 264
f 217 265 264
f 217 218 265
f 218 266 265
f 218 219 266
f 219 267 266
f 219 220 267
f 220 268 267
f 220 221 268
f 221 269 268
f 221 222 269
f 222 270 269
f 222 223 270
f 223 271 270
f 223 224 271
f 224 272 271
f 224 225 272
f 225 273 272
f 225 226 273
f 226 274 273
f 226 227 274
f 227 275 274
f 227 228 275
f 228 276 275
f 228 229 276
f 229 277 276
f 229 230 277
f 230 278 277
f 230 231 278
f 231 279 278
f 231 232 279
f 232 280 279
f 232 233 280
f 233 281 280
f 233 234 281
f 234 282 281
f 234 235 282
f 235 283 282
f 235 236 283
f 236 284 283
f 236 237 284
f 237 285 284
f 237 238 285
f 238 286 285
f 238 239 286
f 239 287 286
f 239 240 287
f 240 288 287
f 240 193 288
f 193 241 288
f 241 242 289
f 242 290 289
f 242 243 290
f 243 291 290
f 243 244 291
f 244 292 291
f 244 245 292
f 245 293 292
f 245 246 293
f 246 294 293
f 246 247 294
f 247 295 294
f 247 248 295
f 248 296 295
f 248 249 296
f 249 297 296
f 249 250 297
f 250 298 297
f 250 251 298
f 251 299 298
f 251 252 299
f 252 300 299
f 252 253 300
f 253 301 300
f 253 254 301
f 254 302 301
f 254 255 302
f 255 303 302
f 255 256 303
f 256 304 303
f 256 257 304
f 257 305 304
f 257 258 305
f 258 306 305
f 258 259 306
f 259 307 306
f 259 260 307
f 260 308 307
f 260 261 308
f 261 309 308
f 261 262 309
f 262 310 309
f 262 263 310
f 263 311 310
f 263 264 311
f 264 312 311
f 264 265 312
f 265 313 312
f 265 266 313
f 266 314 313
f 266 267 314
f 267 315 314
f 267 268 315
f 268 316 315
f 268 269 316
f 269 317 316
f 269 270 317
f 270 318 317
f 270 271 318
f 271 319 318
f 271 272 319
f 272 320 319
f 272 273 320
f 273 321 320
f 273 274 321
f 274 322 321
f 274 275 322
f 275 323 322
f 275 276 323
f 276 324 323
f 276 277 324
f 277 325 324
f 277 278 325
f 278 326 325
f 278 279 326
f 279 327 326
f 279 280 327
f 280 328 327
f 280 281 328
f 281 329 328
f 281 282 329
f 282 330 329
f 282 283 330
f 283 331 330
f 283 284 331
f 284 332 331
f 284 285 332
f 285 333 332
f 285 286 333
f 286 334 333
f 286 287 334
f 287 335 334
f 287 288 335
f 288 336 335
f 288 241 336
f 241 289 336
f 289 290 337
f 290 338 337
f 290 291 338
f 291 339 338
f 291 292 339
f 292 340 339
f 292 293 340
f 293 341 340
f 293 294 341
f 294 342 341
f 294 295 342
f 295 343 342
f 295 296 343
f 296 344 343
f 296 297 344
f 297 345 344
f 297 298 345
f 298 346 345
f 298 299 346
f 299 347 346
f 299 300 347
f 300 348 347
f 300 301 348
f 301 349 348
f 301 302 349
f 302 350 349
f 302 303 350
f 303 351 350
f 303 304 351
f 304 352 351
f 304 305 352
f 305 353 352
f 305 306 353
f 306 354 353
f 306 307 354
f 307 355 354
f 307 308 355
f 308 356 355
f 308 309 356
f 309 357 356
f 309 310 357
f 310 358 357
f 310 311 358
f 311 359 358
f 311 312 359
f 312 360 359
f 312 313 360
f 313 361 360
f 313 314 361
f 314 362 361
f 314 315 362
f 315 363 362
f 315 316 363
f 316 364 363
f 316 317 364
f 317 365 364
f 317 318 365
f 318 366 365
f 318 319 366
f 319 367 366
f 319 320 367
f 320 368 367
f 320 321 368
f 321 369 368
f 321 322 369
f 322 370 369
f 322 323 370
f 323 371 370
f 323 324 371
f 324 372 371
f 324 325 372
f 325 373 372
f 325 326 373
f 326 374 373
f 326 327 374
f 327 375 374
f 327 328 375
f 328 376 375
f 328 329 376
f 329 377 376
f 329 330 377
f 330 378 377
f 330 331 378
f 331 379 378
f 331 332 379
f 332 380 379
f 332 333 380
f 333 381 380
f 333 334 381
f 334 382 381
f 334 335 382
f 335 383 382
f 335 336 383
f 336 384 383
f 336 289 384
f 289 337 384
f 337 338 385
f 338 386 385
f 338 339 386
f 339 387 386
f 339 340 387
f 340 388 387
f 340 341 388
f 341 389 388
f 341 342 389
f 342 390 389
f 342 343 390
f 343 391 390
f 343 344 391
f 344 392 391
f 344 345 392
f 345 393 392
f 345 346 393
f 346 394 393
f 346 347 394
f 347 395 394
f 347 348 395
f 348 396 395
f 348 349 396
f 349 397 396
f 349 350 397
f 350 398 397
f 350 351 398
f 351 399 398
f 351 352 399
f 352 400 399
f 352 353 400
f 353 401 400
f 353 354 401
f 354 402 401
f 354 355 402
f 355 403 402
f 355 356 403
f 356 404 403
f 356 357 404
f 357 405 404
f 357 358 405
f 358 406 405
f 358 359 406
f 359 407 406
f 359 360 407
f 360 408 407
f 360 361 408
f 361 409 408
f 361 362 409
f 362 410 409
f 362 363 410
f 363 411 410
f 363 364 411
f 364 412 411
f 364 365 412
f 365 413 412
f 365 366 413
f 366 414 413
f 366 367 414
f 367 415 414
f 367 368 415
f 368 416 415
f 368 369 416
f 369 417 416
f 369 370 417
f 370 418 417
f 370 371 418
f 371 419 418
f 371 372 419
f 372 420 419
f 372 373 420
f 373 421 420
f 373 374 421
f 374 422 421
f 374 375 422
f 375 423 422
f 375 376 423
f 376 424 423
f 376 377 424
f 377 425 424
f 377 378 425
f 378 426 425
f 378 379 426
f 379 427 426
f 379 380 427
f 380 428 427
f 380 381 428
f 381 429 428
f 381 382 429
f 382 430 429
f 382 383 430
f 383 431 430
f 383 384 431
f 384 432 431
f 384 337 432
f 337 385 432
f 385 386 433
f 386 434 433
f 386 387 434
f 387 435 434
f 387 388 435
f 388 436 435
f 388 389 436
f 389 437 436
f 389 390 437
f 390 438 437
f 390 391 438
f 391 439 438
f 391 392 439
f 392 440 439
f 392 393 440
f 393 441 440
f 393 394 441
f 394 442 441
f 394 395 442
f 395 443 442
f 395 396 443
f 396 444 443
f 396 397 444
f 397 445 444
f 397 398 445
f 398 446 445
f 398 399 446
f 399 447 446
f 399 400 447
f 400 448 447
f 400 401 448
f 401 449 448
f 401 402 449
f 402 450 449
f 402 403 450
f 403 451 450
f 403 404 451
f 404 452 451
f 404 405 452
f 405 453 452
f 405 406 453
f 406 454 453
f 406 407 454
f 407 455 454
f 407 408 455
f 408 456 455
f 408 409 456
f 409 457 456
f 409 410 457
f 410 458 457
f 410 411 458
f 411 459 458
f 411 412 459
f 412 460 459
f 412 413 460
f 413 461 460
f 413 414 461
f 414 462 461
f 414 415 462
f 415 463 462
f 415 416 463
f 416 464 463
f 416 417 464
f 417 465 464
f 417 418 465
f 418 466 465
f 418 419 466
f 419 467 466
f 419 420 467
f 420 468 467
f 420 421 468
f 421 469 468
f 421 422 469
f 422 470 469
f 422 423 470
f 423 471 470
f 423 424 471
f 424 472 471
f 424 425 472
f 425 473 472
f 425 426 473
f 426 474 473
f 426 427 474
f 427 475 474
f 427 428 475
f 428 476 475
f 428 429 476
f 429 477 476
f 429 430 477
f 430 478 477
f 430 431 478
f 431 479 478
f 431 432 479
f 432 480 479
f 432 385 480
f 385 433 480
f 433 434 481
f 434 482 481
f 434 435 482
f 435 483 482
f 435 436 483
f 436 484 483
f 436 437 484
f 437 485 484
f 437 438 485
f 438 486 485
f 438 439 486
f 439 487 486
f 439 440 487
f 440 488 487
f 440 441 488
f 441 489 488
f 441 442 489
f 442 490 489
f 442 443 490
f 443 491 490
f 443 444 491
f 444 492 491
f 444 445 492
f 445 493 492
f 445 446 493
f 446 494 493
f 446 447 494
f 447 495 494
f 447 448 495
f 448 496 495
f 448 449 496
f 449 497 496
f 449 450 497
f 450 498 497
f 450 451 498
f 451 499 498
f 451 452 499
f 452 500 499
f 452 453 500
f 453 501 500
f 453 454 501
f 454 502 501
f 454 455 502
f 455 503 502
f 455 456 503
f 456 504 503
f 456 457 504
f 457 505 504
f 457 458 505
f 458 506 505
f 458 459 506
f 459 507 506
f 459 460 507
f 460 508 507
f 460 461 508
f 461 509 508
f 461 462 509
f 462 510 509
f 462 463 510
f 463 511 510
f 463 464 511
f 464 512 511
f 464 465 512
f 465 513 512
f 465 466 513
f 466 514 513
f 466 467 514
f 467 515 514
f 467 468 515
f 468 516 515
f 468 469 516
f 469 517 516
f 469 470 517
f 470 518 517
f 470 471 518
f 471 519 518
f 471 472 519
f 472 520 519
f 472 473 520
f 473 521 520
f 473 474 521
f 474 522 521
f 474 475 522
f 475 523 522
f 475 476 523
f 476 524 523
f 476 477 524
f 477 525 524
f 477 478 525
f 478 526 525
f 478 479 526
f 479 527 526
f 479 480 527
f 480 528 527
f 480 433 528
f 433 481 528
f 481 482 529
f 482 530 529
f 482 483 530
f 483 531 530
f 483 484 531
f 484 532 531
f 484 485 532
f 485 533 532
f 485 486 533
f 486 534 533
f 486 487 534
f 487 535 534
f 487 488 535
f 488 536 535
f 488 489 536
f 489 537 536
f 489 490 537
f 490 538 537
f 490 491 538
f 491 539 538
f 491 492 539
f 492 540 539
f 492 493 540
f 493 541 540
f 493 494 541
f 494 542 541
f 494 495 542
f 495 543 542
f 495 496 543
f 496 544 543
f 496 497 544
f 497 545 544
f 497 498 545
f 498 546 545
f 498 499 546
f 499 547 546
f 499 500 547
f 500 548 547
f 500 501 548
f 501 549 548
f 501 502 549
f 502 550 549
f 502 503 550
f 503 551 550
f 503 504 551
f 504 552 551
f 504 505 552
f 505 553 552
f 505 506 553
f 506 554 553
f 506 507 554
f 507 555 554
f 507 508 555
f 508 556 555
f 508 509 556
f 509 557 556
f 509 510 557
f 510 558 557
f 510 511 558
f 511 559 558
f 511 512 559
f 512 560 559
f 512 513 560
f 513 561 560
f 513 514 561
f 514 562 561
f 514 515 562
f 515 563 562
f 515 516 563
f 516 564 563
f 516 517 564
f 517 565 564
f 517 518 565
f 518 566 565
f 518 519 566
f 519 567 566
f 519 520 567
f 520 568 567
f 520 521 568
f 521 569 568
f 521 522 569
f 522 570 569
f 522 523 570
f 523 571 570
f 523 524 571
f 524 572 571
f 524 525 572
f 525 573 572
f 525 526 573
f 526 574 573
f 526 527 574
f 527 575 574
f 527 528 575
f 528 576 575
f 528 481 576
f 481 529 576
f 529 530 577
f 530 578 577
f 530 531 578
f 531 579 578
f 531 532 579
f 532 580 579
f 532 533 580
f 533 581 580
f 533 534 581
f 534 582 581
f 534 535 582
f 535 583 582
f 535 536 583
f 536 584 583
f 536 537 584
f 537 585 584
f 537 538 585
f 538 586 585
f 538 539 586
f 539 587 586
f 539 540 587
f 540 588 587
f 540 541 588
f 541 589 588
f 541 542 589
f 542 590 589
f 542 543 590
f 543 591 590
f 543 544 591
f 544 592 591
f 544 545 592
f 545 593 592
f 545 546 593
f 546 594 593
f 546 547 594
f 547 595 594
f 547 548 595
f 548 596 595
f 548 549 596
f 549 597 596
f 549 550 597
f 550 598 597
f 550 551 598
f 551 599 598
f 551 552 599
f 552 600 599
f 552 553 600
f 553 601 600
f 553 554 601
f 554 602 601
f 554 555 602
f 555 603 602
f 555 556 603
f 556 604 603
f 556 557 604
f 557 605 604
f 557 558 605
f 558 606 605
f 558 559 606
f 559 607 606
f 559 560 607
f 560 608 607
f 560 561 608
f 561 609 608
f 561 562 609
f 562 610 609
f 562 563 610
f 563 611 610
f 563 564 611
f 564 612 611
f 564 565 612
f 565 613 612
f 565 566 613
f 566 614 613
f 566 567 614
f 567 615 614
f 567 568 615
f 568 616 615
f 568 569 616
f 569 617 616
f 569 570 617
f 570 618 617
f 570 571 618
f 571 619 618
f 571 572 619
f 572 620 619
f 572 573 620
f 573 621 620
f 573 574 621
f 574 622 621
f 574 575 622
f 575 623 622
f 575 576 623
f 576 624 623
f 576 529 624
f 529 577 624
f 577 578 625
f 578 626 625
f 578 579 626
f 579 627 626
f 579 580 627
f 580 628 627
f 580 581 628
f 581 629 628
f 581 582 629
f 582 630 629
f 582 583 630
f 583 631 630
f 583 584 631
f 584 632 631
f 584 585 632
f 585 633 632
f 585 586 633
f 586 634 633
f 586 587 634
f 587 635 634
f 587 588 635
f 588 636 635
f 588 589 636
f 589 637 636
f 589 590 637
f 590 638 637
f 590 591 638
f 591 639 638
f 591 592 639
f 592 640 639
f 592 593 640
f 593 641 640
f 593 594 641
f 594 642 641
f 594 595 642
f 595 643 642
f 595 596 643
f 596 644 643
f 596 597 644
f 597 645 644
f 597 598 645
f 598 646 645
f 598 599 646
f 599 647 646
f 599 600 647
f 600 648 647
f 600 601 648
f 601 649 648
f 601 602 649
f 602 650 649
f 602 603 650
f 603 651 650
f 603 604 651
f 604 652 651
f 604 605 652
f 605 653 652
f 605 606 653
f 606 654 653
f 606 607 654
f 607 655 654
f 607 608 655
f 608 656 655
f 608 609 656
f 609 657 656
f 609 610 657
f 610 658 657
f 610 611 658
f 611 659 658
f 611 612 659
f 612 660 659
f 612 613 660
f 613 661 660
f 613 614 661
f 614 662 661
f 614 615 662
f 615 663 662
f 615 616 663
f 616 664 663
f 616 617 664
f 617 665 664
f 617 618 665
f 618 666 665
f 618 619 666
f 619 667 666
f 619 620 667
f 620 668 667
f 620 621 668
f 621 669 668
f 621 622 669
f 622 670 669
f 622 623 670
f 623 671 670
f 623 624 671
f 624 672 671
f 624 577 672
f 577 625 672
f 625 626 673
f 626 674 673
f 626 627 674
f 627 675 674
f 627 628 675
f 628 676 675
f 628 629 676
f 629 677 676
f 629 630 677
f 630 678 677
f 630 631 678
f 631 679 678
f 631 632 679
f 632 680 679
f 632 633 680
f 633 681 680
f 633 634 681
f 634 682 681
f 634 635 682
f 635 683 682
f 635 636 683
f 636 684 683
f 636 637 684
f 637 685 684
f 637 638 685
f 638 686 685
f 638 639 686
f 639 687 686
f 639 640 687
f 640 688 687
f 640 641 688
f 641 689 688
f 641 642 689
f 642 690 689
f 642 643 690
f 643 691 690
f 643 644 691
f 644 692 691
f 644 645 692
f 645 693 692
f 645 646 693
f 646 694 693
f 646 647 694
f 647 695 694
f 647 648 695
f 648 696 695
f 648 649 696
f 649 697 696
f 649 650 697
f 650 698 697
f 650 651 698
f 651 699 698
f 651 652 699
f 652 700 699
f 652 653 700
f 653 701 700
f 653 654 701
f 654 702 701
f 654 655 702
f 655 703 702
f 655 656 703
f 656 704 703
f 656 657 704
f 657 705 704
f 657 658 705
f 658 706 705
f 658 659 706
f 659 707 706
f 659 660 707
f 660 708 707
f 660 661 708
f 661 709 708
f 661 662 709
f 662 710 709
f 662 663 710
f 663 711 710
f 663 664 711
f 664 712 711
f 664 665 712
f 665 713 712
f 665 666 713
f 666 714 713
f 666 667 714
f 667 715 714
f 667 668 715
f 668 716 715
f 668 669 716
f 669 717 716
f 669 670 717
f 670 718 717
f 670 671 718
f 671 719 718
f 671 672 719
f 672 720 719
f 672 625 720
f 625 673 720
f 673 674 721
f 674 722 721
f 674 675 722
f 675 723 722
f 675 676 723
f 676 724 723
f 676 677 724
f 677 725 724
f 677 678 725
f 678 726 725
f 678 679 726
f 679 727 726
f 679 680 727
f 680 728 727
f 680 681 728
f 681 729 728
f 681 682 729
f 682 730 729
f 682 683 730
f 683 731 730
f 683 684 731
f 684 732 731
f 684 685 732
f 685 733 732
f 685 686 733
f 686 734 733
f 686 687 734
f 687 735 734
f 687 688 735
f 688 736 735
f 688 689 736
f 689 737 736
f 689 690 737
f 690 738 737
f 690 691 738
f 691 739 738
f 691 692 739
f 692 740 739
f 692 693 740
f 693 741 740
f 693 694 741
f 694 742 741
f 694 695 742
f 695 743 742
f 695 696 743
f 696 744 743
f 696 697 744
f 697 745 744
f 697 698 745
f 698 746 745
f 698 699 746
f 699 747 746
f 699 700 747
f 700 748 747
f 700 701 748
f 701 749 748
f 701 702 749
f 702 750 749
f 702 703 750
f 703 751 750
f 703 704 751
f 704 752 751
f 704 705 752
f 705 753 752
f 705 706 753
f 706 754 753
f 706 707 754
f 707 755 754
f 707 708 755
f 708 756 755
f 708 709 756
f 709 757 756
f 709 710 757
f 710 758 757
f 710 711 758
f 711 759 758
f 711 712 759
f 712 760 759
f 712 713 760
f 713 761 760
f 713 714 761
f 714 762 761
f 714 715 762
f 715 763 762
f 715 716 763
f 716 764 763
f 716 717 764
f 717 765 764
f 717 718 765
f 718 766 765
f 718 719 766
f 719 767 766
f 719 720 767
f 720 768 767
f 720 673 768
f 673 721 768
f 721 722 769
f 722 770 769
f 722 723 770
f 723 771 770
f 723 724 771
f 724 772 771
f 724 725 772
f 725 773 772
f 725 726 773
f 726 774 773
f 726 727 774
f 727 775 774
f 727 728 775
f 728 776 775
f 728 729 776
f 729 777 776
f 729 730 777
f 730 778 777
f 730 731 778
f 731 779 778
f 731 732 779
f 732 780 779
f 732 733 780
f 733 781 780
f 733 734 781
f 734 782 781
f 734 735 782
f 735 783 782
f 735 736 783
f 736 784 783
f 736 737 784
f 737 785 784
f 737 738 785
f 738 786 785
f 738 739 786
f 739 787 786
f 739 740 787
f 740 788 787
f 740 741 788
f 741 789 788
f 741 742 789
f 742 790 789
f 742 743 790
f 743 791 790
f 743 744 791
f 744 792 791
f 744 745 792
f 745 793 792
f 745 746 793
f 746 794 793
f 746 747 794
f 747 795 794
f 747 748 795
f 748 796 795
f 748 749 796
f 749 797 796
f 749 750 797
f 750 798 797
f 750 751 798
f 751 799 798
f 751 752 799
f 752 800 799
f 752 753 800
f 753 801 800
f 753 754 801
f 754 802 801
f 754 755 802
f 755 803 802
f 755 756 803
f 756 804 803
f 756 757 804
f 757 805 804
f 757 758 805
f 758 806 805
f 758 759 806
f 759 807 806
f 759 760 807
f 760 808 807
f 760 761 808
f 761 809 808
f 761 762 809
f 762 810 809
f 762 763 810
f 763 811 810
f 763 764 811
f 764 812 811
f 764 765 812
f 765 813 812
f 765 766 813
f 766 814 813
f 766 767 814
f 767 815 814
f 767 768 815
f 768 816 815
f 768 721 816
f 721 769 816
f 769 770 817
f 770 818 817
f 770 771 818
f 771 819 818
f 771 772 819
f 772 820 819
f 772 773 820
f 773 821 820
f 773 774 821
f 774 822 821
f 774 775 822
f 775 823 822
f 775 776 823
f 776 824 823
f 776 777 824
f 777 825 824
f 777 778 825
f 778 826 825
f 778 779 826
f 779 827 826
f 779 780 827
f 780 828 827
f 780 781 828
f 781 829 828
f 781 782 829
f 782 830 829
f 782 783 830
f 783 831 830
f 783 784 831
f 784 832 831
f 784 785 832
f 785 833 832
f 785 786 833
f 786 834 833
f 786 787 834
f 787 835 834
f 787 788 835
f 788 836 835
f 788 789 836
f 789 837 836
f 789 790 837
f 790 838 837
f 790 791 838
f 791 839 838
f 791 792 839
f 792 840 839
f 792 793 840
f 793 841 840
f 793 794 841
f 794 842 841
f 794 795 842
f 795 843 842
f 795 796 843
f 796 844 843
f 796 797 844
f 797 845 844
f 797 798 845
f 798 846 845
f 798 799 846
f 799 847 846
f 799 800 847
f 800 848 847
f 800 801 848
f 801 849 848
f 801 802 849
f 802 850 849
f 802 803 850
f 803 851 850
f 803 804 851
f 804 852 851
f 804 805 852
f 805 853 852
f 805 806 853
f 806 854 853
f 806 807 854
f 807 855 854
f 807 808 855
f 808 856 855
f 808 809 856
f 809 857 856
f 809 810 857
f 810 858 857
f 810 811 858
f 811 859 858
f 811 812 859
f 812 860 859
f 812 813 860
f 813 861 860
f 813 814 861
f 814 862 861
f 814 815 862
f 815 863 862
f 815 816 863
f 816 864 863
f 816 769 864
f 769 817 864
f 817 818 865
f 818 866 865
f 818 819 866
f 819 867 866
f 819 820 867
f 820 868 867
f 820 821 868
f 821 869 868
f 821 822 869
f 822 870 869
f 822 823 870
f 823 871 870
f 823 824 871
f 824 872 871
f 824 825 872
f 825 873 872
f 825 826 873
f 826 874 873
f 826 827 874
f 827 875 874
f 827 828 875
f 828 876 875
f 828 829 876
f 829 877 876
f 829 830 877
f 830 878 877
f 830 831 878
f 831 879 878
f 831 832 879
f 832 880 879
f 832 833 880
f 833 881 880
f 833 834 881
f 834 882 881
f 834 835 882
f 835 883 882
f 835 836 883
f 836 884 883
f 836 837 884
f 837 885 884
f 837 838 885
f 838 886 885
f 838 839 886
f 839 887 886
f 839 840 887
f 840 888 887
f 840 841 888
f 841 889 888
f 841 842 889
f 842 890 889
f 842 843 890
f 843 891 890
f 843 844 891
f 844 892 891
f 844 845 892
f 845 893 892
f 845 846 893
f 846 894 893
f 846 847 894
f 847 895 894
f 847 848 895
f 848 896 895
f 848 849 896
f 849 897 896
f 849 850 897
f 850 898 897
f 850 851 898
f 851 899 898
f 851 852 899
f 852 900 899
f 852 853 900
f 853 901 900
f 853 854 901
f 854 902 901
f 854 855 902
f 855 903 902
f 855 856 903
f 856 904 903
f 856 857 904
f 857 905 904
f 857 858 905
f 858 906 905
f 858 859 906
f 859 907 906
f 859 860 907
f 860 908 907
f 860 861 908
f 861 909 908
f 861 862 909
f 862 910 909
f 862 863 910
f 863 911 910
f 863 864 911
f 864 912 911
f 864 817 912
f 817 865 912
f 865 866 913
f 866 914 913
f 866 867 914
f 867 915 914
f 867 868 915
f 868 916 915
f 868 869 916
f 869 917 916
f 869 870 917
f 870 918 917
f 870 871 918
f 871 919 918
f 871 872 919
f 872 920 919
f 872 873 920
f 873 921 920
f 873 874 921
f 874 922 921
f 874 875 922
f 875 923 922
f 875 876 923
f 876 924 923
f 876 877 924
f 877 925 924
f 877 878 925
f 878 926 925
f 878 879 926
f 879 927 926
f 879 880 927
f 880 928 927
f 880 881 928
f 881 929 928
f 881 882 929
f 882 930 929
f 882 883 930
f 883 931 930
f 883 884 931
f 884 932 931
f 884 885 932
f 885 933 932
f 885 886 933
f 886 934 933
f 886 887 934
f 887 935 934
f 887 888 935
f 888 936 935
f 888 889 936
f 889 937 936
f 889 890 937
f 890 938 937
f 890 891 938
f 891 939 938
f 891 892 939
f 892 940 939
f 892 893 940
f 893 941 940
f 893 894 941
f 894 942 941
f 894 895 942
f 895 943 942
f 895 896 943
f 896 944 943
f 896 897 944
f 897 945 944
f 897 898 945
f 898 946 945
f 898 899 946
f 899 947 946
f 899 900 947
f 900 948 947
f 900 901 948
f 901 949 948
f 901 902 949
f 902 950 949
f 902 903 950
f 903 951 950
f 903 904 951
f 904 952 951
f 904 905 952
f 905 953 952
f 905 906 953
f 906 954 953
f 906 907 954
f 907 955 954
f 907 908 955
f 908 956 955
f 908 909 956
f 909 957 956
f 909 910 957
f 910 958 957
f 910 911 958
f 911 959 958
f 911 912 959
f 912 960 959
f 912 865 960
f 865 913 960
f 913 914 961
f 914 962 961
f 914 915 962
f 915 963 962
f 915 916 963
f 916 964 963
f 916 917 964
f 917 965 964
f 917 918 965
f 918 966 965
f 918 919 966
f 919 967 966
f 919 920 967
f 920 968 967
f 920 921 968
f 921 969 968
f 921 922 969
f 922 970 969
f 922 923 970
f 923 971 970
f 923 924 971
f 924 972 971
f 924 925 972
f 925 973 972
f 925 926 973
f 926 974 973
f 926 927 974
f 927 975 974
f 927 928 975
f 928 976 975
f 928 929 976
f 929 977 976
f 929 930 977
f 930 978 977
f 930 931 978
f 931 979 978
f 931 932 979
f 932 980 979
f 932 933 980
f 933 981 980
f 933 934 981
f 934 982 981
f 934 935 982
f 935 983 982
f 935 936 983
f 936 984 983
f 936 937 984
f 937 985 984
f 937 938 985
f 938 986 985
f 938 939 986
f 939 987 986
f 939 940 987
f 940 988 987
f 940 941 988
f 941 989 988
f 941 942 989
f 942 990 989
f 942 943 990
f 943 991 990
f 943 944 991
f 944 992 991
f 944 945 992
f 945 993 992
f 945 946 993
f 946 994 993
f 946 947 994
f 947 995 994
f 947 948 995
f 948 996 995
f 948 949 996
f 949 997 996
f 949 950 997
f 950 998 997
f 950 951 998
f 951 999 998
f 951 952 999
f 952 1000 999
f 952 953 1000
f 953 1001 1000
f 953 954 1001
f 954 1002 1001
f 954 955 1002
f 955 1003 1002
f 955 956 1003
f 956 1004 1003
f 956 957 1004
f 957 1005 1004
f 957 958 1005
f 958 1006 1005
f 958 959 1006
f 959 1007 1006
f 959 960 1007
f 960 1008 1007
f 960 913 1008
f 913 961 1008
f 961 962 1009
f 962 1010 1009
f 962 963 1010
f 963 1011 1010
f 963 964 1011
f 964 1012 1011
f 964 965 1012
f 965 1013 1012
f 965 966 1013
f 966 1014 1013
f 966 967 1014
f 967 1015 1014
f 967 968 1015
f 968 1016 1015
f 968 969 1016
f 969 1017 1016
f 969 970 1017
f 970 1018 1017
f 970 971 1018
f 971 1019 1018
f 971 972 1019
f 972 1020 1019
f 972 973 1020
f 973 1021 1020
f 973 974 1021
f 974 1022 1021
f 974 975 1022
f 975 1023 1022
f 975 976 1023
f 976 1024 1023
f 976 977 1024
f 977 1025 1024
f 977 978 1025
f 978 1026 1025
f 978 979 1026
f 979 1027 1026
f 979 980 1027
f 980 1028 1027
f 980 981 1028
f 981 1029 1028
f 981 982 1029
f 982 1030 1029
f 982 983 1030
f 983 1031 1030
f 983 984 1031
f 984 1032 1031
f 984 985 1032
f 985 1033 1032
f 985 986 1033
f 986 1034 1033
f 986 987 1034
f 987 1035 1034
f 987 988 1035
f 988 1036 1035
f 988 989 1036
f 989 1037 1036
f 989 990 1037
f 990 1038 1037
f 990 991 1038
f 991 1039 1038
f 991 992 1039
f 992 1040 1039
f 992 993 1040
f 993 1041 1040
f 993 994 1041
f 994 1042 1041
f 994 995 1042
f 995 1043 1042
f 995 996 1043
f 996 1044 1043
f 996 997 1044
f 997 1045 1044
f 997 998 1045
f 998 1046 1045
f 998 999 1046
f 999 1047 1046
f 999 1000 1047
f 1000 1048 1047
f 1000 1001 1048
f 1001 1049 1048
f 1001 1002 1049
f 1002 1050 1049
f 1002 1003 1050
f 1003 1051 1050
f 1003 1004 1051
f 1004 1052 1051
f 1004 1005 1052
f 1005 1053 1052
f 1005 1006 1053
f 1006 1054 1053
f 1006 1007 1054
f 1007 1055 1054
f 1007 1008 1055
f 1008 1056 1055
f 1008 961 1056
f 961 1009 1056
f 1009 1010 1057
f 1010 1058 1057
f 1010 1011 1058
f 1011 1059 1058
f 1011 1012 1059
f 1012 1060 1059
f 1012 1013 1060
f 1013 1061 1060
f 1013 1014 1061
f 1014 1062 1061
f 1014 1015 1062
f 1015 1063 1062
f 1015 1016 1063
f 1016 1064 1063
f 1016 1017 1064
f 1017 1065 1064
f 1017 1018 1065
f 1018 1066 1065
f 1018 1019 1066
f 1019 1067 1066
f 1019 1020 1067
f 1020 1068 1067
f 1020 1021 1068
f 1021 1069 1068
f 1021 1022 1069
f 1022 1070 1069
f 1022 1023 1070
f 1023 1071 1070
f 1023 1024 1071
f 1024 1072 1071
f 1024 1025 1072
f 1025 1073 1072
f 1025 1026 1073
f 1026 1074 1073
f 1026 1027 1074
f 1027 1075 1074
f 1027 1028 1075
f 1028 1076 1075
f 1028 1029 1076
f 1029 1077 1076
f 1029 1030 1077
f 1030 1078 1077
f 1030 1031 1078
f 1031 1079 1078
f 1031 1032 1079
f 1032 1080 1079
f 1032 1033 1080
f 1033 1081 1080
f 1033 1034 1081
f 1034 1082 1081
f 1034 1035 1082
f 1035 1083 1082
f 1035 1036 1083
f 1036 1084 1083
f 1036 1037 1084
f 1037 1085 1084
f 1037 1038 1085
f 1038 1086 1085
f 1038 1039 1086
f 1039 1087 1086
f 1039 1040 1087
f 1040 1088 1087
f 1040 1041 1088
f 1041 1089 1088
f 1041 1042 1089
f 1042 1090 1089
f 1042 1043 1090
f 1043 1091 1090
f 1043 1044 1091
f 1044 1092 1091
f 1044 1045 1092
f 1045 1093 1092
f 1045 1046 1093
f 1046 1094 1093
f 1046 1047 1094
f 1047 1095 1094
f 1047 1048 1095
f 1048 1096 1095
f 1048 1049 1096
f 1049 1097 1096
f 1049 1050 1097
f 1050 1098 1097
f 1050 1051 1098
f 1051 1099 1098
f 1051 1052 1099
f 1052 1100 1099
f 1052 1053 1100
f 1053 1101 1100
f 1053 1054 1101
f 1054 1102 1101
f 1054 1055 1102
f 1055 1103 1102
f 1055 1056 1103
f 1056 1104 1103
f 1056 1009 1104
f 1009 1057 1104
f 1057 1058 1105
f 1058 1106 1105
f 1058 1059 1106
f 1059 1107 1106
f 1059 1060 1107
f 1060 1108 1107
f 1060 1061 1108
f 1061 1109 1108
f 1061 1062 1109
f 1062 1110 1109
f 1062 1063 1110
f 1063 1111 1110
f 1063 1064 1111
f 1064 1112 1111
f 1064 1065 1112
f 1065 1113 1112
f 1065 1066 1113
f 1066 1114 1113
f 1066 1067 1114
f 1067 1115 1114
f 1067 1068 1115
f 1068 1116 1115
f 1068 1069 1116
f 1069 1117 1116
f 1069 1070 1117
f 1070 1118 1117
f 1070 1071 1118
f 1071 1119 1118
f 1071 1072 1119
f 1072 1120 1119
f 1072 1073 1120
f 1073 1121 1120
f 1073 1074 1121
f 1074 1122 1121
f 1074 1075 1122
f 1075 1123 1122
f 1075 1076 1123
f 1076 1124 1123
f 1076 1077 1124
f 1077 1125 1124
f 1077 1078 1125
f 1078 1126 1125
f 1078 1079 1126
f 1079 1127 1126
f 1079 1080 1127
f 1080 1128 1127
f 1080 1081 1128
f 1081 1129 1128
f 1081 1082 1129
f 1082 1130 1129
f 1082 1083 1130
f 1083 1131 1130
f 1083 1084 1131
f 1084 1132 1131
f 1084 1085 1132
f 1085 1133 1132
f 1085 1086 1133
f 1086 1134 1133
f 1086 1087 1134
f 1087 1135 1134
f 1087 1088 1135
f 1088 1136 1135
f 1088 1089 1136
f 1089 1137 1136
f 1089 1090 1137
f 1090 1138 1137
f 1090 1091 1138
f 1091 1139 1138
f 1091 1092 1139
f 1092 1140 1139
f 1092 1093 1140
f 1093 1141 1140
f 1093 1094 1141
f 1094 1142 1141
f 1094 1095 1142
f 1095 1143 1142
f 1095 1096 1143
f 1096 1144 1143
f 1096 1097 1144
f 1097 1145 1144
f 1097 1098 1145
f 1098 1146 1145
f 1098 1099 1146
f 1099 1147 1146
f 1099 1100 1147
f 1100 1148 1147
f 1100 1101 1148
f 1101 1149 1148
f 1101 1102 1149
f 1102 1150 1149
f 1102 1103 1150
f 1103 1151 1150
f 1103 1104 1151
f 1104 1152 1151
f 1104 1057 1152
f 1057 1105 1152
f 1105 1106 1153
f 1106 1154 1153
f 1106 1107 1154
f 1107 1155 1154
f 1107 1108 1155
f 1108 1156 1155
f 1108 1109 1156
f 1109 1157 1156
f 1109 1110 1157
f 1110 1158 1157
f 1110 1111 1158
f 1111 1159 1158
f 1111 1112 1159
f 1112 1160 1159
f 1112 1113 1160
f 1113 1161 1160
f 1113 1114 1161
f 1114 1162 1161
f 1114 1115 1162
f 1115 1163 1162
f 1115 1116 1163
f 1116 1164 1163
f 1116 1117 1164
f 1117 1165 1164
f 1117 1118 1165
f 1118 1166 1165
f 1118 1119 1166
f 1119 1167 1166
f 1119 1120 1167
f 1120 1168 1167
f 1120 1121 1168
f 1121 1169 1168
f 1121 1122 1169
f 1122 1170 1169
f 1122 1123 1170
f 1123 1171 1170
f 1123 1124 1171
f 1124 1172 1171
f 1124 1125 1172
f 1125 1173 1172
f 1125 1126 1173
f 1126 1174 1173
f 1126 1127 1174
f 1127 1175 1174
f 1127 1128 1175
f 1128 1176 1175
f 1128 1129 1176
f 1129 1177 1176
f 1129 1130 1177
f 1130 1178 1177
f 1130 1131 1178
f 1131 1179 1178
f 1131 1132 1179
f 1132 1180 1179
f 1132 1133 1180
f 1133 1181 1180
f 1133 1134 1181
f 1134 1182 1181
f 1134 1135 1182
f 1135 1183 1182
f 1135 1136 1183
f 1136 1184 1183
f 1136 1137 1184
f 1137 1185 1184
f 1137 1138 1185
f 1138 1186 1185
f 1138 1139 1186
f 1139 1187 1186
f 1139 1140 1187
f 1140 1188 1187
f 1140 1141 1188
f 1141 1189 1188
f 1141 1142 1189
f 1142 1190 1189
f 1142 1143 1190
f 1143 1191 1190
f 1143 1144 1191
f 1144 1192 1191
f 1144 1145 1192
f 1145 1193 1192
f 1145 1146 1193
f 1146 1194 1193
f 1146 1147 1194
f 1147 1195 1194
f 1147 1148 1195
f 1148 1196 1195
f 1148 1149 1196
f 1149 1197 1196
f 1149 1150 1197
f 1150 1198 1197
f 1150 1151 1198
f 1151 1199 1198
f 1151 1152 1199
f 1152 1200 1199
f 1152 1105 1200
f 1105 1153 1200
f 1153 1154 1201
f 1154 1202 1201
f 1154 1155 1202
f 1155 1203 1202
f 1155 1156 1203
f 1156 1204 1203
f 1156 1157 1204
f 1157 1205 1204
f 1157 1158 1205
f 1158 1206 1205
f 1158 1159 1206
f 1159 1207 1206
f 1159 1160 1207
f 1160 1208 1207
f 1160 1161 1208
f 1161 1209 1208
f 1161 1162 1209
f 1162 1210 1209
f 1162 1163 1210
f 1163 1211 1210
f 1163 1164 1211
f 1164 1212 1211
f 1164 1165 1212
f 1165 1213 1212
f 1165 1166 1213
f 1166 1214 1213
f 1166 1167 1214
f 1167 1215 1214
f 1167 1168 1215
f 1168 1216 1215
f 1168 1169 1216
f 1169 1217 1216
f 1169 1170 1217
f 1170 1218 1217
f 1170 1171 1218
f 1171 1219 1218
f 1171 1172 1219
f 1172 1220 1219
f 1172 1173 1220
f 1173 1221 1220
f 1173 1174 1221
f 1174 1222 1221
f 1174 1175 1222
f 1175 1223 1222
f 1175 1176 1223
f 1176 1224 1223
f 1176 1177 1224
f 1177 1225 1224
f 1177 1178 1225
f 1178 1226 1225
f 1178 1179 1226
f 1179 1227 1226
f 1179 1180 1227
f 1180 1228 1227
f 1180 1181 1228
f 1181 1229 1228
f 1181 1182 1229
f 1182 1230 1229
f 1182 1183 1230
f 1183 1231 1230
f 1183 1184 1231
f 1184 1232 1231
f 1184 1185 1232
f 1185 1233 1232
f 1185 1186 1233
f 1186 1234 1233
f 1186 1187 1234
f 1187 1235 1234
f 1187 1188 1235
f 1188 1236 1235
f 1188 1189 1236
f 1189 1237 1236
f 1189 1190 1237
f 1190 1238 1237
f 1190 1191 1238
f 1191 1239 1238
f 1191 1192 1239
f 1192 1240 1239
f 1192 1193 1240
f 1193 1241 1240
f 1193 1194 1241
f 1194 1242 1241
f 1194 1195 1242
f 1195 1243 1242
f 1195 1196 1243
f 1196 1244 1243
f 1196 1197 1244
f 1197 1245 1244
f 1197 1198 1245
f 1198 1246 1245
f 1198 1199 1246
f 1199 1247 1246
f 1199 1200 1247
f 1200 1248 1247
f 1200 1153 1248
f 1153 1201 1248
f 1201 1202 1249
f 1202 1250 1249
f 1202 1203 1250
f 1203 1251 1250
f 1203 1204 1251
f 1204 1252 1251
f 1204 1205 1252
f 1205 1253 1252
f 1205 1206 1253
f 1206 1254 1253
f 1206 1207 1254
f 1207 1255 1254
f 1207 1208 1255
f 1208 1256 1255
f 1208 1209 1256
f 1209 1257 1256
f 1209 1210 1257
f 1210 1258 1257
f 1210 1211 1258
f 1211 1259 1258
f 1211 1212 1259
f 1212 1260 1259
f 1212 1213 1260
f 1213 1261 1260
f 1213 1214 1261
f 1214 1262 1261
f 1214 1215 1262
f 1215 1263 1262
f 1215 1216 1263
f 1216 1264 1263
f 1216 1217 1264
f 1217 1265 1264
f 1217 1218 1265
f 1218 1266 1265
f 1218 1219 1266
f 1219 1267 1266
f 1219 1220 1267
f 1220 1268 1267
f 1220 1221 1268
f 1221 1269 1268
f 1221 1222 1269
f 1222 1270 1269
f 1222 1223 1270
f 1223 1271 1270
f 1223 1224 1271
f 1224 1272 1271
f 1224 1225 1272
f 1225 1273 1272
f 1225 1226 1273
f 1226 1274 1273
f 1226 1227 1274
f 1227 1275 1274
f 1227 1228 1275
f 1228 1276 1275
f 1228 1229 1276
f 1229 1277 1276
f 1229 1230 1277
f 1230 1278 1277
f 1230 1231 1278
f 1231 1279 1278
f 1231 1232 1279
f 1232 1280 1279
f 1232 1233 1280
f 1233 1281 1280
f 1233 1234 1281
f 1234 1282 1281
f 1234 1235 1282
f 1235 1283 1282
f 1235 1236 1283
f 1236 1284 1283
f 1236 1237 1284
f 1237 1285 1284
f 1237 1238 1285
f 1238 1286 1285
f 1238 1239 1286
f 1239 1287 1286
f 1239 1240 1287
f 1240 1288 1287
f 1240 1241 1288
f 1241 1289 1288
f 1241 1242 1289
f 1242 1290 1289
f 1242 1243 1290
f 1243 1291 1290
f 1243 1244 1291
f 1244 1292 1291
f 1244 1245 1292
f 1245 1293 1292
f 1245 1246 1293
f 1246 1294 1293
f 1246 1247 1294
f 1247 1295 1294
f 1247 1248 1295
f 1248 1296 1295
f 1248 1201 1296
f 1201 1249 1296
f 1249 1250 1297
f 1250 1298 1297
f 1250 1251 1298
f 1251 1299 1298
f 1251 1252 1299
f 1252 1300 1299
f 1252 1253 1300
f 1253 1301 1300
f 1253 1254 1301
f 1254 1302 1301
f 1254 1255 1302
f 1255 1303 1302
f 1255 1256 1303
f 1256 1304 1303
f 1256 1257 1304
f 1257 1305 1304
f 1257 1258 1305
f 1258 1306 1305
f 1258 1259 1306
f 1259 1307 1306
f 1259 1260 1307
f 1260 1308 1307
f 1260 1261 1308
f 1261 1309 1308
f 1261 1262 1309
f 1262 1310 1309
f 1262 1263 1310
f 1263 1311 1310
f 1263 1264 1311
f 1264 1312 1311
f 1264 1265 1312
f 1265 1313 1312
f 1265 1266 1313
f 1266 1314 1313
f 1266 1267 1314
f 1267 1315 1314
f 1267 1268 1315
f 1268 1316 1315
f 1268 1269 1316
f 1269 1317 1316
f 1269 1270 1317
f 1270 1318 1317
f 1270 1271 1318
f 1271 1319 1318
f 1271 1272 1319
f 1272 1320 1319
f 1272 1273 1320
f 1273 1321 1320
f 1273 1274 1321
f 1274 1322 1321
f 1274 1275 1322
f 1275 1323 1322
f 1275 1276 1323
f 1276 1324 1323
f 1276 1277 1324
f 1277 1325 1324
f 1277 1278 1325
f 1278 1326 1325
f 1278 1279 1326
f 1279 1327 1326
f 1279 1280 1327
f 1280 1328 1327
f 1280 1281 1328
f 1281 1329 1328
f 1281 1282 1329
f 1282 1330 1329
f 1282 1283 1330
f 1283 1331 1330
f 1283 1284 1331
f 1284 1332 1331
f 1284 1285 1332
f 1285 1333 1332
f 1285 1286 1333
f 1286 1334 1333
f 1286 1287 1334
f 1287 1335 1334
f 1287 1288 1335
f 1288 1336 1335
f 1288 1289 1336
f 1289 1337 1336
f 1289 1290 1337
f 1290 1338 1337
f 1290 1291 1338
f 1291 1339 1338
f 1291 1292 1339
f 1292 1340 1339
f 1292 1293 1340
f 1293 1341 1340
f 1293 1294 1341
f 1294 1342 1341
f 1294 1295 1342
f 1295 1343 1342
f 1295 1296 1343
f 1296 1344 1343
f 1296 1249 1344
f 1249 1297 1344
f 31 30 32
f 32 30 1345
f 32 1346 33
f 32 1345 1346
f 33 1346 34
f 34 1346 1347
f 34 1348 35
f 34 1347 1348
f 35 1348 36
f 36 1348 1349
f 36 1350 37
f 36 1349 1350
f 37 1350 38
f 38 1350 1351
f 38 1352 39
f 38 1351 1352
f 39 1352 40
f 40 1352 1353
f 40 1354 41
f 40 1353 1354
f 41 1354 42
f 42 1354 1355
f 42 44 43
f 42 1355 44
f 30 1356 1345
f 30 29 1356
f 1345 1356 1346
f 1346 1356 1357
f 1346 1358 1347
f 1346 1357 1358
f 1347 1358 1348
f 1348 1358 1359
f 1348 1360 1349
f 1348 1359 1360
f 1349 1360 1350
f 1350 1360 1361
f 1350 1362 1351
f 1350 1361 1362
f 1351 1362 1352
f 1352 1362 1363
f 1352 1364 1353
f 1352 1363 1364
f 1353 1364 1354
f 1354 1364 1365
f 1354 1366 1355
f 1354 1365 1366
f 1355 1366 44
f 44 1366 45
f 29 28 1356
f 1356 28 1367
f 1356 1368 1357
f 1356 1367 1368
f 1357 1368 1358
f 1358 1368 1369
f 1358 1370 1359
f 1358 1369 1370
f 1359 1370 1360
f 1360 1370 1371
f 1360 1372 1361
f 1360 1371 1372
f 1361 1372 1362
f 1362 1372 1373
f 1362 1374 1363
f 1362 1373 1374
f 1363 1374 1364
f 1364 1374 1375
f 1364 1376 1365
f 1364 1375 1376
f 1365 1376 1366
f 1366 1376 1377
f 1366 46 45
f 1366 1377 46
f 28 1378 1367
f 28 27 1378
f 1367 1378 1368
f 1368 1378 1379
f 1368 1380 1369
f 1368 1379 1380
f 1369 1380 1370
f 1370 1380 1381
f 1370 1382 1371
f 1370 1381 1382
f 1371 1382 1372
f 1372 1382 1383
f 1372 1384 1373
f 1372 1383 1384
f 1373 1384 1374
f 1374 1384 1385
f 1374 1386 1375
f 1374 1385 1386
f 1375 1386 1376
f 1376 1386 1387
f 1376 1388 1377
f 1376 1387 1388
f 1377 1388 46
f 46 1388 47
f 27 26 1378
f 1378 26 1389
f 1378 1390 1379
f 1378 1389 1390
f 1379 1390 1380
f 1380 1390 1391
f 1380 1392 1381
f 1380 1391 1392
f 1381 1392 1382
f 1382 1392 1393
f 1382 1394 1383
f 1382 1393 1394
f 1383 1394 1384
f 1384 1394 1395
f 1384 1396 1385
f 1384 1395 1396
f 1385 1396 1386
f 1386 1396 1397
f 1386 1398 1387
f 1386 1397 1398
f 1387 1398 1388
f 1388 1398 1399
f 1388 48 47
f 1388 1399 48
f 26 1400 1389
f 26 25 1400
f 1389 1400 1390
f 1390 1400 1401
f 1390 1402 1391
f 1390 1401 1402
f 1391 1402 1392
f 1392 1402 1403
f 1392 1404 1393
f 1392 1403 1404
f 1393 1404 1394
f 1394 1404 1405
f 1394 1406 1395
f 1394 1405 1406
f 1395 1406 1396
f 1396 1406 1407
f 1396 1408 1397
f 1396 1407 1408
f 1397 1408 1398
f 1398 1408 1409
f 1398 1410 1399
f 1398 1409 1410
f 1399 1410 48
f 48 1410 1
f 25 24 1400
f 1400 24 1411
f 1400 1412 1401
f 1400 1411 1412
f 1401 1412 1402
f 1402 1412 1413
f 1402 1414 1403
f 1402 1413 1414
f 1403 1414 1404
f 1404 1414 1415
f 1404 1416 1405
f 1404 1415 1416
f 1405 1416 1406
f 1406 1416 1417
f 1406 1418 1407
f 1406 1417 1418
f 1407 1418 1408
f 1408 1418 1419
f 1408 1420 1409
f 1408 1419 1420
f 1409 1420 1410
f 1410 1420 1421
f 1410 2 1
f 1410 1421 2
f 24 1422 1411
f 24 23 1422
f 1411 1422 1412
f 1412 1422 1423
f 1412 1424 1413
f 1412 1423 1424
f 1413 1424 1414
f 1414 1424 1425
f 1414 1426 1415
f 1414 1425 1426
f 1415 1426 1416
f 1416 1426 1427
f 1416 1428 1417
f 1416 1427 1428
f 1417 1428 1418
f 1418 1428 1429
f 1418 1430 1419
f 1418 1429 1430
f 1419 1430 1420
f 1420 1430 1431
f 1420 1432 1421
f 1420 1431 1432
f 1421 1432 2
f 2 1432 3
f 23 22 1422
f 1422 22 1433
f 1422 1434 1423
f 1422 1433 1434
f 1423 1434 1424
f 1424 1434 1435
f 1424 1436 1425
f 1424 1435 1436
f 1425 1436 1426
f 1426 1436 1437
f 1426 1438 1427
f 1426 1437 1438
f 1427 1438 1428
f 1428 1438 1439
f 1428 1440 1429
f 1428 1439 1440
f 1429 1440 1430
f 1430 1440 1441
f 1430 1442 1431
f 1430 1441 1442
f 1431 1442 1432
f 1432 1442 1443
f 1432 4 3
f 1432 1443 4
f 22 1444 1433
f 22 21 1444
f 1433 1444 1434
f 1434 1444 1445
f 1434 1446 1435
f 1434 1445 1446
f 1435 1446 1436
f 1436 1446 1447
f 1436 1448 1437
f 1436 1447 1448
f 1437 1448 1438
f 1438 1448 1449
f 1438 1450 1439
f 1438 1449 1450
f 1439 1450 1440
f 1440 1450 1451
f 1440 1452 1441
f 1440 1451 1452
f 1441 1452 1442
f 1442 1452 1453
f 1442 1454 1443
f 1442 1453 1454
f 1443 1454 4
f 4 1454 5
f 21 20 1444
f 1444 20 1455
f 1444 1456 1445
f 1444 1455 1456
f 1445 1456 1446
f 1446 1456 1457
f 1446 1458 1447
f 1446 1457 1458
f 1447 1458 1448
f 1448 1458 1459
f 1448 1460 1449
f 1448 1459 1460
f 1449 1460 1450
f 1450 1460 1461
f 1450 1462 1451
f 1450 1461 1462
f 1451 1462 1452
f 1452 1462 1463
f 1452 1464 1453
f 1452 1463 1464
f 1453 1464 1454
f 1454 1464 1465
f 1454 6 5
f 1454 1465 6
f 20 18 1455
f 20 19 18
f 1455 18 1456
f 1456 18 17
f 1456 16 1457
f 1456 17 16
f 1457 16 1458
f 1458 16 15
f 1458 14 1459
f 1458 15 14
f 1459 14 1460
f 1460 14 13
f 1460 12 1461
f 1460 13 12
f 1461 12 1462
f 1462 12 11
f 1462 10 1463
f 1462 11 10
f 1463 10 1464
f 1464 10 9
f 1464 8 1465
f 1464 9 8
f 1465 8 6
f 6 8 7
# grip center 0.177783549 0.0142531032 0.202278093 active 1 orientation 1 0 0 0 patch_center 0
# ball 0 center 0.189999998 0 0.0966522843 radius 0.0700000003 appearance 0 orientation 1 0 0 0 angular_velocity 0 0 0 linear_velocity 0 0 -0.0817496479
# ball 1 center 0.118000001 0.149000004 0.0916522816 radius 0.0649999976 appearance 1 orientation 1 0 0 0 angular_velocity 0 0 0 linear_velocity 0 0 -0.0817496032
# ball 2 center -0.0419999994 0.185000002 0.107652284 radius 0.075000003 appearance 2 orientation 1 0 0 0 angular_velocity 0 0 0 linear_velocity 0 0 -0.0817496628
# ball 3 center -0.171000004 0.0820000023 0.0866522789 radius 0.0599999987 appearance 1 orientation 1 0 0 0 angular_velocity 0 0 0 linear_velocity 0 0 -0.0817495883
# ball 4 center -0.187000006 -0.0759999976 0.100652285 radius 0.0680000037 appearance 3 orientation 1 0 0 0 angular_velocity 0 0 0 linear_velocity 0 0 -0.0817496255
# ball 5 center -0.0419999994 -0.185000002 0.0986522809 radius 0.0719999969 appearance 0 orientation 1 0 0 0 angular_velocity 0 0 0 linear_velocity 0 0 -0.0817496553
# ball 6 center 0.118000001 -0.149000004 0.089652285 radius 0.063000001 appearance 2 orientation 1 0 0 0 angular_velocity 0 0 0 linear_velocity 0 0 -0.0817496032
# ball 7 center 0 0 0.0926522836 radius 0.0659999996 appearance 3 orientation 1 0 0 0 angular_velocity 0 0 0 linear_velocity 0 0 -0.081749633
# ball 8 center 0.103 0 0.218652278 radius 0.0719999969 appearance 0 orientation 1 0 0 0 angular_velocity 0 0 0 linear_velocity 0 0 -0.0817496553
# ball 9 center 0 0.0989999995 0.220652282 radius 0.064000003 appearance 1 orientation 1 0 0 0 angular_velocity 0 0 0 linear_velocity 0 0 -0.081749633
# ball 10 center -0.104999997 0 0.223652288 radius 0.0700000003 appearance 2 orientation 1 0 0 0 angular_velocity 0 0 0 linear_velocity 0 0 -0.0817496479
# ball 11 center 0 -0.104999997 0.218652278 radius 0.0670000017 appearance 3 orientation 1 0 0 0 angular_velocity 0 0 0 linear_velocity 0 0 -0.0817496032
