# Numi Solver explicit-yarn Metal cloth bag
# static_bench min -0.75 -0.5 -0.08 max 0.75 0.5 0 floor -0.75
# vertices 1465 render_triangles 2880
v 0.311066538 8.75101105e-05 0.0192888174
v 0.331869215 0.0437835231 0.0314810686
v 0.328378499 0.0880724266 0.0368495584
v 0.30433327 0.126113996 0.0320567526
v 0.275460809 0.159108847 0.0234936532
v 0.25178957 0.193250701 0.0188120157
v 0.22979027 0.229782537 0.0192459654
v 0.200052589 0.260672987 0.0177285485
v 0.160653546 0.278210759 0.0113073932
v 0.117698073 0.283985257 0.00413618376
v 0.0770239606 0.287167221 0.00502139097
v 0.038693741 0.293519467 0.0151911983
v 0.000111693698 0.299889982 0.0274917483
v -0.0393768139 0.299754649 0.0322359316
v -0.0778741091 0.290902138 0.0295189358
v -0.114289433 0.276120096 0.0255209655
v -0.148846969 0.257964253 0.0260753576
v -0.181820154 0.237048149 0.0271495953
v -0.21420154 0.214196295 0.0237831529
v -0.248498574 0.190774173 0.0126354285
v -0.287015259 0.165689647 0.00400000019
v -0.322966158 0.133745626 0.00400000019
v -0.342711121 0.0918139294 0.0132646449
v -0.336608529 0.044261951 0.0225248523
v -0.310924143 -6.97884752e-05 0.0253479443
v -0.284780234 -0.0375802219 0.0240426417
v -0.272379726 -0.0730913579 0.0253000297
v -0.270255059 -0.112071835 0.0307982638
v -0.263112217 -0.152076095 0.033881627
v -0.241543755 -0.185553789 0.0281709973
v -0.209944978 -0.210188538 0.0156293288
v -0.178451851 -0.232894525 0.0058380398
v -0.150201201 -0.260574877 0.00561663136
v -0.120198391 -0.290736914 0.0119848056
v -0.08383625 -0.313691974 0.0168477017
v -0.0423306786 -0.323186189 0.0168822501
v 0.000218834422 -0.322110832 0.0170724038
v 0.0419603512 -0.316904843 0.0230999421
v 0.0832865238 -0.30985564 0.0328319818
v 0.123902135 -0.298473567 0.0374912582
v 0.162302077 -0.280638516 0.0315985978
v 0.196983472 -0.256348133 0.0197559521
v 0.226092294 -0.225721478 0.0117902383
v 0.244986951 -0.187782347 0.0109449886
v 0.251859695 -0.145234481 0.0135327736
v 0.251815766 -0.104174234 0.0126558878
v 0.258172661 -0.0690584406 0.00910620205
v 0.280074656 -0.0367536433 0.00998844393
v 0.311138868 0.00102721807 0.027561849
v 0.328675568 0.0443422943 0.0384611413
v 0.322699577 0.0875788629 0.0430165529
v 0.296362251 0.123854719 0.038615264
v 0.265221089 0.154208213 0.030897202
v 0.241148859 0.186217472 0.026949089
v 0.221503422 0.22284551 0.027237786
v 0.19592981 0.256908029 0.0258961394
v 0.159632593 0.278385341 0.0200663693
v 0.117509753 0.285915434 0.0137505308
v 0.0763474554 0.288169444 0.0147377811
v 0.0375697725 0.291910738 0.0238858741
v -0.00078675308 0.296115279 0.0348443389
v -0.0394832753 0.293753654 0.0388639495
v -0.0765573159 0.282658368 0.0362330601
v -0.111499935 0.267137855 0.0326745361
v -0.145972446 0.251252979 0.0332533903
v -0.181087777 0.23451212 0.0339772254
v -0.216876 0.215675324 0.0309787691
v -0.25147751 0.191816568 0.0210528616
v -0.286008924 0.164048284 0.0136525081
v -0.31521216 0.129463896 0.01388996
v -0.330438644 0.0874782726 0.0222039223
v -0.324359208 0.0416671187 0.0303106681
v -0.301540285 -0.000907096488 0.0325149447
v -0.27850455 -0.037553519 0.031378977
v -0.268881947 -0.0730017871 0.0328477137
v -0.269143015 -0.112557448 0.0377221555
v -0.264526576 -0.153949201 0.0403158069
v -0.243848026 -0.188482553 0.0350852385
v -0.210423574 -0.211923659 0.0239026789
v -0.175562114 -0.230515763 0.0153449215
v -0.145000741 -0.253316998 0.0152152143
v -0.115122721 -0.280885309 0.0209103096
v -0.0803814009 -0.304343373 0.0252428427
v -0.0404334366 -0.315867484 0.0251857024
v 0.00113792764 -0.316801906 0.0253179185
v 0.0424607024 -0.313632101 0.0307504777
v 0.0839532912 -0.308727592 0.0394054614
v 0.124862589 -0.298315912 0.0433908477
v 0.162192196 -0.278555661 0.0379709974
v 0.193494394 -0.250255197 0.0274778176
v 0.218065888 -0.216581762 0.0200848132
v 0.23588331 -0.17969653 0.0198733211
v 0.246055797 -0.14093481 0.0221137684
v 0.25190568 -0.103332028 0.021259252
v 0.262169957 -0.0693029389 0.0180805903
v 0.283501089 -0.0363440178 0.0190739688
v 0.302797109 0.00191547559 0.035698127
v 0.313396066 0.0432532541 0.0435499214
v 0.305181712 0.0837979093 0.0469971411
v 0.279786497 0.117910735 0.0439117178
v 0.250102609 0.146452069 0.0385787375
v 0.227166444 0.176483482 0.0354219675
v 0.209614068 0.212205976 0.0352898985
v 0.18776989 0.247693136 0.0346034728
v 0.15481782 0.271786749 0.0302118491
v 0.11462158 0.281261086 0.0257471893
v 0.0740889907 0.282933623 0.0265793521
v 0.0358492211 0.284798801 0.033320874
v -0.00160525949 0.286706328 0.0409387313
v -0.0388885811 0.283112168 0.0436396115
v -0.0743485168 0.271486431 0.0414307378
v -0.108003005 0.25672099 0.0387239791
v -0.14235355 0.243397653 0.0391305238
v -0.178857416 0.230334699 0.0396623127
v -0.215337217 0.212972194 0.0374947153
v -0.247062445 0.187381685 0.0303304642
v -0.273903191 0.156040579 0.025310535
v -0.294443011 0.119970672 0.0259418897
v -0.305448204 0.0798346102 0.0313355103
v -0.303332806 0.0380353145 0.0380105712
v -0.288768828 -0.00177800481 0.0394800678
v -0.272691399 -0.0376477577 0.0385423079
v -0.265402079 -0.0729406774 0.0394589417
v -0.265519232 -0.111983135 0.0429472998
v -0.260618925 -0.152683184 0.0447829813
v -0.239981025 -0.186598405 0.0409908034
v -0.206007645 -0.208691135 0.0331570096
v -0.169594139 -0.22403352 0.0272816326
v -0.137855113 -0.242454812 0.0273663104
v -0.108398221 -0.266722888 0.0313166417
v -0.0755169615 -0.289522797 0.0341099389
v -0.037742693 -0.302339435 0.0337206759
v 0.00206236797 -0.30498758 0.0337020233
v 0.0420127288 -0.303102642 0.0375555195
v 0.0823063105 -0.299025893 0.0437453836
v 0.12179935 -0.28850469 0.0465034135
v 0.156658843 -0.267175257 0.042517893
v 0.184174836 -0.236772373 0.0349955894
v 0.20577383 -0.203110665 0.0300093479
v 0.224558949 -0.169954881 0.0301856883
v 0.240684181 -0.136870354 0.0316566937
v 0.253884941 -0.103272073 0.0307744872
v 0.26680842 -0.0696885288 0.0286131389
v 0.283790559 -0.0355475247 0.0294887964
v 0.289887816 0.00265665725 0.0439182706
v 0.292630702 0.0412576795 0.0482431576
v 0.283392936 0.0787077546 0.0502659827
v 0.261688381 0.111160502 0.0485763401
v 0.235939205 0.139062375 0.0459765419
v 0.215126634 0.168163285 0.0445008278
v 0.198707089 0.202326179 0.0441988334
v 0.178633139 0.237091795 0.0434637778
v 0.148231074 0.262038499 0.0408438928
v 0.110189036 0.272820711 0.0385635048
v 0.0709192231 0.274126977 0.0389705822
v 0.0337537453 0.274783224 0.0426633619
v -0.00237475359 0.275750518 0.0465751737
v -0.0382727422 0.272635579 0.0478926413
v -0.0726291165 0.262201935 0.0462023206
v -0.105633475 0.249006718 0.0446047932
v -0.139564216 0.236871868 0.0441899225
v -0.175996512 0.225168943 0.044401478
v -0.21120733 0.207601801 0.0436870977
v -0.238479242 0.179742202 0.040146742
v -0.256896794 0.145341545 0.0377190299
v -0.269522518 0.108863905 0.0387305357
v -0.278181612 0.0718402714 0.0414354503
v -0.282008469 0.0345276296 0.0454813652
v -0.277648121 -0.00253244792 0.0459273048
v -0.269322097 -0.0380136296 0.0454495698
v -0.263699979 -0.0733189359 0.0459420644
v -0.260849655 -0.110938132 0.0477554612
v -0.253196478 -0.149357051 0.0487777889
v -0.23216036 -0.181625947 0.0468579903
v -0.199017301 -0.202799171 0.0429842025
v -0.162921593 -0.216506839 0.0401048921
v -0.131091252 -0.232106879 0.0402053595
v -0.102214672 -0.253649414 0.0420325249
v -0.0709629655 -0.275442928 0.0431360714
v -0.035210982 -0.288907856 0.0426976681
v 0.00282166805 -0.291909903 0.0420973152
v 0.0410054512 -0.289608777 0.0438508503
v 0.0792635605 -0.284668833 0.0470043793
v 0.116418511 -0.273490161 0.048504144
v 0.148699343 -0.251851022 0.0466468446
v 0.173730895 -0.221874744 0.0430493727
v 0.194209769 -0.190464824 0.0406071208
v 0.215117916 -0.161799043 0.0404435433
v 0.237413123 -0.134067386 0.0411105305
v 0.257154107 -0.103688262 0.0405920558
v 0.27123481 -0.0699593425 0.0395174287
v 0.281626791 -0.0344295241 0.0402188301
v 0.277118474 0.00336098601 0.0517288484
v 0.273852319 0.0394213088 0.0535995588
v 0.265347332 0.0745296627 0.0546904057
v 0.249048769 0.106677048 0.0547943711
v 0.228066072 0.135317072 0.0541850962
v 0.208728969 0.16412583 0.053528294
v 0.191858456 0.19644317 0.0529725514
v 0.171598583 0.229160801 0.0521795228
v 0.142466202 0.253576517 0.0511882007
v 0.105940349 0.26447624 0.0504058748
v 0.0679024681 0.265688598 0.0505604781
v 0.0318630226 0.265706182 0.0515879318
v -0.00308064162 0.267174989 0.0525217205
v -0.0381700471 0.266246438 0.0526464507
v -0.0725351498 0.258815199 0.0518443249
v -0.105582543 0.246934369 0.050785739
v -0.139141962 0.234874383 0.0501687452
v -0.174133733 0.221743852 0.0500406884
v -0.206400037 0.201777712 0.0497590825
v -0.229459047 0.171963155 0.0492457859
v -0.241869345 0.135956272 0.0492679961
v -0.249277949 0.0998653322 0.0502149276
v -0.257953554 0.0658638924 0.0515668318
v -0.26759398 0.0319573581 0.0527376346
v -0.272750407 -0.0033277066 0.0530639403
v -0.270864934 -0.0390403979 0.0526753515
v -0.264363259 -0.0743185505 0.0527620539
v -0.256768733 -0.110064387 0.0532374643
v -0.245163396 -0.145569831 0.0536786839
v -0.223693699 -0.176035821 0.0533901714
v -0.192420661 -0.197200716 0.0527853258
v -0.158014566 -0.211281165 0.0523581319
v -0.126825556 -0.226109698 0.0523835123
v -0.0984001234 -0.2462648 0.0524553582
v -0.0680043399 -0.267294616 0.0520776771
v -0.033282537 -0.280485958 0.0511247851
v 0.00363677507 -0.282862455 0.0503411368
v 0.0402976014 -0.278314739 0.0503570475
v 0.0763691962 -0.270982742 0.0511045083
v 0.111206144 -0.258983195 0.0515338406
v 0.141848549 -0.238534197 0.0514429621
v 0.166167945 -0.210901126 0.0507075936
v 0.187316567 -0.182589695 0.0502473153
v 0.210963294 -0.157672346 0.0501695909
v 0.237885132 -0.133417547 0.0501622669
v 0.261606038 -0.104628265 0.0498203114
v 0.274875462 -0.0700710714 0.0497270599
v 0.278320342 -0.0332043543 0.050179407
v 0.270502478 0.00409474643 0.0596340597
v 0.264529973 0.0389049053 0.0609310232
v 0.258383453 0.0734250247 0.0621101111
v 0.247252509 0.106793672 0.0628619343
v 0.230263695 0.137576476 0.062982738
v 0.211188138 0.167105123 0.0625136122
v 0.192373931 0.198124632 0.0616244785
v 0.170149252 0.228613794 0.0607071817
v 0.140218109 0.251320094 0.060009025
v 0.103754349 0.261333078 0.0597082041
v 0.0659821555 0.261442542 0.0597001016
v 0.0305007584 0.260925204 0.059821222
v -0.00384325045 0.264203012 0.0598481148
v -0.0391270742 0.267067552 0.059534464
v -0.0746618733 0.263220817 0.0588725954
v -0.108829163 0.252399147 0.0574673302
v -0.141799733 0.23772721 0.0566096641
v -0.174603447 0.22098276 0.0562858358
v -0.204261929 0.198501781 0.0563523397
v -0.225280493 0.167778015 0.0569351874
v -0.236109033 0.131757692 0.0580938831
v -0.242452204 0.0962779745 0.0592560619
v -0.252496392 0.0636412278 0.0602860078
v -0.266468018 0.0309957564 0.0609181076
v -0.276996613 -0.00420764508 0.0610399321
v -0.277492553 -0.0408329964 0.0608002394
v -0.268579602 -0.0763691962 0.0606124401
v -0.255740017 -0.110532679 0.060565263
v -0.240143895 -0.143573508 0.0608890839
v -0.218423769 -0.17295599 0.0613874011
v -0.189247116 -0.195107341 0.0620051958
v -0.156831309 -0.210975766 0.0624410845
v -0.126458749 -0.227005601 0.0623858161
v -0.0982588604 -0.247929484 0.0616784655
v -0.0677935109 -0.269672602 0.0605592169
v -0.032780163 -0.283047646 0.0591772795
v 0.00444719661 -0.28346163 0.0579590164
v 0.0405749083 -0.274765342 0.0571404994
v 0.0751198679 -0.26363641 0.0569706485
v 0.108623311 -0.250951916 0.0573147163
v 0.139425457 -0.232930556 0.0578825846
v 0.165558457 -0.208865717 0.0583420061
v 0.188898936 -0.183054894 0.0585624315
v 0.214202538 -0.159132987 0.0584261604
v 0.242369503 -0.134995103 0.0581639707
v 0.26655212 -0.105622828 0.0579876862
v 0.27859658 -0.0700875297 0.0580470674
v 0.277355403 -0.0322437398 0.0586145706
v 0.268081039 0.00485037779 0.0677080378
v 0.261941731 0.0392990112 0.0694471002
v 0.258950353 0.074385643 0.0710154325
v 0.252406329 0.109884702 0.0720283315
v 0.238148168 0.143208146 0.0721156523
v 0.217804834 0.173358724 0.071598053
v 0.195473611 0.202507868 0.0703531802
v 0.170256391 0.230155081 0.069051981
v 0.139088556 0.250988036 0.0681058615
v 0.102531493 0.260417968 0.0676909983
v 0.0649609864 0.260613382 0.0677007362
v 0.0297068339 0.260673255 0.0678663179
v -0.00462742476 0.266229033 0.0678671077
v -0.0407568552 0.272978574 0.0673407987
v -0.0779744983 0.272064835 0.0664367229
v -0.113208756 0.260563523 0.0648411214
v -0.145090178 0.241701797 0.0637083128
v -0.175071582 0.220300421 0.0630327389
v -0.202692091 0.195898578 0.0631279945
v -0.223701805 0.165643319 0.0639328957
v -0.236101061 0.13094534 0.0655045435
v -0.244698688 0.0963539928 0.0671309009
v -0.256626368 0.063896656 0.0685022697
v -0.2728962 0.0310214553 0.0691981167
v -0.28509751 -0.00514491787 0.06959261
v -0.285484582 -0.0428389721 0.0692330673
v -0.27310729 -0.0784991458 0.0689343214
v -0.255132496 -0.111143008 0.0688923895
v -0.236237139 -0.142166004 0.069269076
v -0.215139449 -0.171384484 0.0700093359
v -0.188862756 -0.195872754 0.0708629712
v -0.158806577 -0.214974403 0.0714009702
v -0.128976732 -0.233144537 0.0712633058
v -0.100039706 -0.254670113 0.0703642443
v -0.0685842708 -0.276411623 0.0688363463
v -0.0325850807 -0.289131671 0.0669426546
v 0.0053963149 -0.28714788 0.0652752668
v 0.0413812622 -0.274359882 0.0642001927
v 0.0748993158 -0.259821892 0.0639653355
v 0.107921578 -0.247237474 0.0644269809
v 0.140321091 -0.232800111 0.0652126297
v 0.169699073 -0.212754875 0.0658298805
v 0.195373803 -0.188185051 0.0665503815
v 0.221210167 -0.163313031 0.0659984723
v 0.247898832 -0.137143284 0.0655368716
v 0.270122498 -0.106144473 0.0653514042
v 0.280272931 -0.0696563199 0.0654942915
v 0.277095467 -0.0313572921 0.0662714466
v 0.267566144 0.00567231793 0.0757682249
v 0.262590408 0.0402199477 0.0779956728
v 0.262464821 0.0762751177 0.0800164044
v 0.259371012 0.113860361 0.0812377036
v 0.24627322 0.149115726 0.0813643932
v 0.22364682 0.179105595 0.0805053338
v 0.196902722 0.205217943 0.0790370107
v 0.168483213 0.229194105 0.0773931742
v 0.136786371 0.248583287 0.0761887804
v 0.101208195 0.259301901 0.0756530911
v 0.0644706637 0.261971086 0.0757134929
v 0.029286867 0.264234126 0.0759157091
v -0.00555577502 0.271541446 0.0759042054
v -0.0426978953 0.280132324 0.0752196535
v -0.0811963454 0.280096889 0.0740045756
v -0.116830401 0.266629517 0.0721674636
v -0.147113442 0.24337934 0.070632644
v -0.174036503 0.217685282 0.0695740357
v -0.200246215 0.192348897 0.0698569715
v -0.222667396 0.163816601 0.0709055886
v -0.238830477 0.131472141 0.0728640035
v -0.250748217 0.0978424624 0.0749078915
v -0.263953 0.0648775473 0.0766915455
v -0.279930919 0.0309124608 0.0777645558
v -0.291778684 -0.00611361442 0.0779818669
v -0.290366828 -0.0444515385 0.0777105913
v -0.274780989 -0.0798748806 0.0772890821
v -0.252918273 -0.111080512 0.0772228763
v -0.232231438 -0.14070335 0.0776682869
v -0.213012308 -0.170739427 0.0786871314
v -0.190438405 -0.19868885 0.0797584727
v -0.162779585 -0.221724093 0.0804178417
v -0.132600859 -0.24140735 0.0804191083
v -0.101896033 -0.261728168 0.0791739374
v -0.0689208359 -0.281167775 0.0770387799
v -0.0320374817 -0.291690052 0.0746570155
v 0.00621768925 -0.287726372 0.0725562051
v 0.0420679525 -0.273143083 0.0712522194
v 0.074962914 -0.257241368 0.070984751
v 0.108183466 -0.245937675 0.0715334639
v 0.142691702 -0.235196784 0.0725458264
v 0.175515801 -0.218785986 0.0732777864
v 0.203401566 -0.194816425 0.0739156753
v 0.228039891 -0.167330369 0.073548235
v 0.251124799 -0.137913629 0.0730418563
v 0.2703183 -0.10527809 0.0726900101
v 0.279182851 -0.0684867874 0.0728874728
v 0.27609539 -0.0303821899 0.0739189982
v 0.270125657 0.00647960557 0.0839088112
v 0.267177522 0.0417104997 0.086537011
v 0.268476546 0.0788494349 0.0889825672
v 0.266485542 0.117885664 0.0904623866
v 0.252835393 0.154078856 0.0906499252
v 0.227235109 0.183052003 0.0895504355
v 0.196414188 0.205890715 0.0877360702
v 0.165561453 0.226562575 0.0857219771
v 0.134283736 0.245692804 0.084275119
v 0.100508705 0.259680331 0.0836345926
v 0.0648279861 0.266729295 0.0836991593
v 0.0293187369 0.271572977 0.0839168727
v -0.00649848627 0.279092997 0.083886236
v -0.0445479751 0.286790609 0.083086364
v -0.0836425275 0.285545915 0.0815329775
v -0.119040757 0.269617081 0.0794161633
v -0.147859484 0.243042096 0.0774793774
v -0.172609136 0.214688033 0.0762629136
v -0.198046923 0.18918547 0.0764519647
v -0.223266825 0.163273916 0.0778772309
v -0.244240716 0.133526891 0.0802342817
v -0.259527504 0.100423262 0.0828477219
v -0.27289167 0.0662657097 0.0848053023
v -0.286148787 0.0307910889 0.0862220153
v -0.295029581 -0.00702705374 0.0865276232
v -0.291578978 -0.0454975367 0.0861617997
v -0.274172276 -0.0805556551 0.0856492147
v -0.25067988 -0.11094933 0.0855652466
v -0.230094656 -0.14032945 0.0861819535
v -0.213126794 -0.171854764 0.0873935148
v -0.19387126 -0.203466609 0.0887500793
v -0.167874277 -0.230107009 0.0895870253
v -0.136570439 -0.250414699 0.0893907025
v -0.103238106 -0.267556399 0.087880969
v -0.0683533251 -0.282636464 0.0852681622
v -0.0310113803 -0.290619254 0.0823486075
v 0.00706417533 -0.286224961 0.0797925666
v 0.0427711532 -0.272189081 0.0782270432
v 0.075786382 -0.25713557 0.077928327
v 0.109825857 -0.247548446 0.0786747858
v 0.146481156 -0.239710674 0.0799522176
v 0.182074487 -0.22555384 0.0807199031
v 0.211090356 -0.200972825 0.0812605917
v 0.233458415 -0.17023167 0.0808901191
v 0.25197649 -0.137438551 0.0804390758
v 0.267565876 -0.103323072 0.0799502954
v 0.276692122 -0.067013219 0.0803001001
v 0.276078969 -0.0295821186 0.0815780535
v 0.276509047 0.0074858279 0.0920121521
v 0.274665922 0.0437438376 0.095203042
v 0.275142878 0.0817280486 0.0980138928
v 0.271769911 0.121219106 0.0997014567
v 0.256427467 0.157338604 0.0998504907
v 0.228210792 0.184971884 0.0985537916
v 0.194615558 0.205245256 0.0964070484
v 0.162606791 0.223933101 0.0940845758
v 0.132461175 0.24409461 0.0923606753
v 0.100673988 0.26245895 0.091635488
v 0.0658324361 0.274518698 0.0917072147
v 0.0295373686 0.281471878 0.0916874483
v -0.00753719406 0.286949098 0.0918232054
v -0.0461285189 0.291054398 0.0909824744
v -0.0850650221 0.28713876 0.0891023427
v -0.119976759 0.269494057 0.086605601
v -0.147845596 0.241417125 0.0843141973
v -0.171972752 0.212508708 0.0829986706
v -0.197842747 0.187827885 0.0831725225
v -0.226298943 0.164422616 0.0848560482
v -0.251839757 0.136682063 0.08758986
v -0.269590378 0.103387497 0.0907443762
v -0.281105638 0.0673430637 0.0931952223
v -0.289756566 0.0302839223 0.0947169811
v -0.29455924 -0.00790660456 0.0950440094
v -0.289586812 -0.0460832603 0.0945948809
v -0.272645593 -0.080999285 0.0939932242
v -0.250108242 -0.11160557 0.0939119011
v -0.230691507 -0.141651139 0.0946599841
v -0.215838864 -0.175072432 0.096026741
v -0.198572293 -0.209635407 0.0976515114
v -0.172984377 -0.238599613 0.098649621
v -0.139805824 -0.258152544 0.0982642323
v -0.103682287 -0.271038681 0.096461311
v -0.0671669841 -0.281254351 0.0935227275
v -0.0297976248 -0.286777735 0.0899134353
v 0.00786479469 -0.284452617 0.0870629773
v 0.0437404364 -0.273438871 0.0852375776
v 0.077636838 -0.260706812 0.0849271938
v 0.112835258 -0.252406865 0.0858011469
v 0.150947139 -0.245486766 0.0872530714
v 0.187876374 -0.231403276 0.0882765874
v 0.216756135 -0.205202207 0.0888353661
v 0.236045897 -0.171095967 0.0885064453
v 0.250255346 -0.135565102 0.0877804235
v 0.26339215 -0.100832462 0.0871218964
v 0.274409354 -0.0655980259 0.0876733363
v 0.278472632 -0.0289953873 0.0892717764
v 0.285741031 0.00856139511 0.100071818
v 0.283602715 0.0460001975 0.10375572
v 0.280850649 0.0842926726 0.106906265
v 0.27390632 0.12312156 0.108875081
v 0.256509572 0.15841049 0.109001413
v 0.22703366 0.185079172 0.107487388
v 0.192493081 0.204058856 0.104943454
v 0.160721079 0.222664699 0.102356918
v 0.132045329 0.244980484 0.100416154
v 0.101840332 0.267807662 0.0995995328
v 0.0672734454 0.284092724 0.0996406078
v 0.0297159366 0.291248083 0.0999430791
v -0.00854442641 0.292926788 0.0999205261
v -0.0471223034 0.291946262 0.0988582298
v -0.085319981 0.285013556 0.0966824666
v -0.119897954 0.267243177 0.0938476771
v -0.148064896 0.240229145 0.091230765
v -0.172864646 0.21237886 0.0897447392
v -0.200199381 0.189002216 0.0899405479
v -0.23130168 0.167022154 0.0919634476
v -0.26001671 0.140144646 0.0950946584
v -0.278792799 0.105991326 0.0985688195
v -0.287047207 0.0679032803 0.101521373
v -0.290124655 0.0294835903 0.103186756
v -0.290959954 -0.00865042955 0.103551038
v -0.285864502 -0.0463322029 0.102976702
v -0.271917403 -0.0816421509 0.102317825
v -0.252449811 -0.113542177 0.102213748
v -0.234600216 -0.144987926 0.103069484
v -0.220412672 -0.179801121 0.104587831
v -0.203064352 -0.215682358 0.106623016
v -0.176793441 -0.245377377 0.107585557
v -0.141426951 -0.262985736 0.107191049
v -0.102894299 -0.271339893 0.105066121
v -0.0653896183 -0.277639836 0.101712599
v -0.0284839291 -0.282523453 0.0975595787
v 0.00868774485 -0.283837914 0.0943246931
v 0.0452273488 -0.277472168 0.0924670324
v 0.0805464983 -0.267386496 0.0922579691
v 0.116724111 -0.258821785 0.093260996
v 0.155192271 -0.250736326 0.0944937766
v 0.191798195 -0.23472394 0.0958862156
v 0.219833717 -0.20680216 0.0963587388
v 0.236599132 -0.170401156 0.0960468128
v 0.247757226 -0.133282289 0.0952109918
v 0.260519236 -0.0988585278 0.0947247073
v 0.274300247 -0.0647499487 0.0951382816
v 0.283689797 -0.0287320279 0.0970474631
v 0.295915306 0.0097774649 0.108061373
v 0.291679889 0.0482095443 0.112279825
v 0.283758074 0.086116299 0.115793295
v 0.272410095 0.123442911 0.11792966
v 0.253530413 0.15763846 0.118017346
v 0.224968553 0.184575394 0.116332777
v 0.191801071 0.204681098 0.113464572
v 0.160789907 0.224173591 0.110584803
v 0.133001566 0.248580515 0.108477309
v 0.103481039 0.274652332 0.107563742
v 0.0685198903 0.293293178 0.107604235
v 0.029602468 0.29913938 0.108077198
v -0.00953519903 0.295847863 0.107976459
v -0.0476327315 0.289451152 0.106709436
v -0.0848804042 0.28037107 0.104299009
v -0.119586527 0.26437521 0.101133078
v -0.149391234 0.240679055 0.0982075408
v -0.176165864 0.215049192 0.0965367109
v -0.204934821 0.192246735 0.0968713984
v -0.237372518 0.170301631 0.0990539566
v -0.267032683 0.142878026 0.102597117
v -0.285018593 0.107370354 0.106558099
v -0.289770335 0.0676081851 0.109782301
v -0.287903726 0.0283626951 0.111625589
v -0.285951108 -0.00938576926 0.112038381
v -0.282512635 -0.0466762818 0.111344308
v -0.273263246 -0.0829439014 0.11060258
v -0.25774017 -0.116847754 0.110562801
v -0.240828231 -0.149841428 0.111558147
v -0.225102454 -0.184833795 0.113393478
v -0.20622617 -0.22032173 0.115364373
v -0.178212672 -0.248903364 0.11650379
v -0.141330793 -0.264744729 0.11595358
v -0.101446554 -0.269899994 0.113605298
v -0.0636223778 -0.273571402 0.109737426
v -0.0274172705 -0.280077606 0.105368979
v 0.00952681061 -0.285843223 0.101628944
v 0.0472009704 -0.284537762 0.0996639803
v 0.084153384 -0.27656737 0.0991003066
v 0.120683782 -0.265676051 0.100442246
v 0.158048481 -0.2536982 0.101946071
v 0.193146646 -0.235007688 0.103470609
v 0.219852343 -0.205653787 0.103991486
v 0.235815898 -0.168750286 0.103653759
v 0.246262774 -0.131510183 0.10276521
v 0.259753764 -0.0976954475 0.102196611
v 0.276939213 -0.0644900277 0.102633804
v 0.291093141 -0.0285723675 0.104855612
v 0.304448962 0.0109270923 0.116263837
v 0.297014594 0.0499725565 0.120751418
v 0.283337861 0.0868883431 0.124553457
v 0.268033981 0.122402169 0.126853868
v 0.249031574 0.155843198 0.126870885
v 0.223295584 0.184285402 0.12500672
v 0.192868218 0.207000703 0.121884778
v 0.163060337 0.228727847 0.118681654
v 0.135306925 0.254494339 0.116265401
v 0.105036624 0.281223148 0.115514256
v 0.0691449717 0.299887449 0.115618609
v 0.0291467626 0.303521454 0.116111122
v -0.0103868209 0.295603335 0.11598289
v -0.0477198549 0.284847289 0.114583656
v -0.0841646194 0.275126278 0.111959331
v -0.119681463 0.262586236 0.108498119
v -0.152148739 0.243532792 0.105304144
v -0.181486532 0.220228881 0.103518412
v -0.211044654 0.196814179 0.103970021
v -0.242683738 0.173048019 0.106376
v -0.270998895 0.143988088 0.110265918
v -0.287315905 0.107285216 0.114545003
v -0.289313465 0.0666263849 0.118027613
v -0.284378976 0.0271917619 0.119985417
v -0.2813721 -0.0100384401 0.120315552
v -0.281059116 -0.0472710468 0.119629279
v -0.277143806 -0.0849938691 0.118839994
v -0.265285432 -0.121193267 0.118847586
v -0.248048618 -0.155330032 0.119874686
v -0.228881598 -0.18907246 0.121994741
v -0.206720784 -0.222173318 0.124066457
v -0.177142382 -0.248949453 0.125255033
v -0.139670655 -0.263399333 0.124568455
v -0.0997298434 -0.267496705 0.121890202
v -0.0622419193 -0.271360397 0.117756501
v -0.0265981052 -0.280240685 0.113055781
v 0.0105677322 -0.290249944 0.109036438
v 0.0495591275 -0.293018192 0.106916472
v 0.0878206864 -0.285431743 0.106276348
v 0.12402916 -0.27086693 0.107590541
v 0.159069613 -0.253560305 0.109486036
v 0.191907182 -0.231993183 0.111120351
v 0.218113735 -0.202726737 0.111708142
v 0.235267892 -0.167196199 0.111342736
v 0.246954575 -0.1309212 0.110313885
v 0.261940658 -0.0976188853 0.109751903
v 0.281992227 -0.0648122355 0.110172682
v 0.29909575 -0.0284937993 0.112557605
v 0.309484154 0.012053173 0.124401368
v 0.298585027 0.0511774831 0.129141197
v 0.280099154 0.0868148506 0.133106291
v 0.262230426 0.120729886 0.13551338
v 0.244735003 0.154204547 0.135514379
v 0.223144442 0.185297847 0.133483201
v 0.195903987 0.211546436 0.130260557
v 0.166644901 0.235315517 0.126911402
v 0.137391821 0.260492653 0.124441892
v 0.105713196 0.285641879 0.123451129
v 0.0687528923 0.302371562 0.123610683
v 0.0282431748 0.303711623 0.124131709
v -0.0112216733 0.293018192 0.123998299
v -0.0478476994 0.280161172 0.122551002
v -0.083867535 0.271164834 0.119620562
v -0.120777413 0.262825638 0.115977973
v -0.156279072 0.248400405 0.11261256
v -0.187922835 0.226550162 0.110856585
v -0.217099056 0.201184228 0.111251242
v -0.245851621 0.17415902 0.11387445
v -0.271147341 0.143008426 0.118041486
v -0.285636634 0.105671547 0.122555472
v -0.286908627 0.0651441365 0.126226678
v -0.281607598 0.0260512121 0.128261939
v -0.279532552 -0.0108320834 0.128586546
v -0.282549977 -0.0483758114 0.127801552
v -0.282878816 -0.0876691416 0.126963526
v -0.273201197 -0.125802204 0.127087548
v -0.254096925 -0.160191923 0.12819764
v -0.230451807 -0.191534147 0.13039431
v -0.204492316 -0.221094847 0.132600084
v -0.173852399 -0.245882124 0.133798331
v -0.137394637 -0.261052072 0.133102641
v -0.0986753702 -0.267511904 0.130212247
v -0.0616810173 -0.272464424 0.125749469
v -0.0260169022 -0.283143789 0.120857731
v 0.0116524752 -0.295998424 0.11661002
v 0.051743336 -0.300896704 0.114174873
v 0.0906769484 -0.291842818 0.113793783
v 0.125848621 -0.272780597 0.115127452
v 0.158122331 -0.250443339 0.117136508
v 0.188840553 -0.226937115 0.118853107
v 0.215597391 -0.19922173 0.119426943
v 0.235639706 -0.166475207 0.119057857
v 0.25053376 -0.131861582 0.117968477
v 0.267655373 -0.0988977477 0.117022999
v 0.288012713 -0.0652768984 0.11781621
v 0.305282503 -0.0281442255 0.120414667
v 0.309861064 0.0129529741 0.132523999
v 0.296509802 0.0516891666 0.137402296
v 0.275617212 0.08629933 0.141471475
v 0.257151455 0.119312033 0.143958136
v 0.242206678 0.153589085 0.143914416
v 0.22490032 0.187824667 0.141722098
v 0.200377941 0.217661977 0.138456985
v 0.170759663 0.242616728 0.134887844
v 0.138933301 0.265282631 0.132410228
v 0.105052143 0.286401302 0.131421208
v 0.0673597977 0.300252855 0.131603926
v 0.0270718038 0.300548643 0.132143989
v -0.0119152032 0.289572239 0.131959707
v -0.0481124707 0.276990235 0.130405962
v -0.084339872 0.269937277 0.127377421
v -0.122827046 0.265248299 0.123637348
v -0.160926893 0.254140913 0.120177388
v -0.193988815 0.232463703 0.118412003
v -0.221442983 0.204010978 0.11881464
v -0.245932668 0.173164934 0.121611811
v -0.267447233 0.140069574 0.125910074
v -0.281256467 0.103126161 0.130608171
v -0.284305543 0.0636866763 0.134383172
v -0.281335473 0.0251950417 0.136439607
v -0.280978233 -0.0117045585 0.136749759
v -0.286035478 -0.0498563126 0.135982946
v -0.288638502 -0.090392299 0.135097653
v -0.279464036 -0.129671842 0.135134101
v -0.257408857 -0.163314462 0.136428311
v -0.229128361 -0.191560224 0.138656318
v -0.200142741 -0.217666894 0.141029164
v -0.169468448 -0.241167173 0.142077923
v -0.135185763 -0.258693933 0.141311929
v -0.09837237 -0.269124568 0.138350099
v -0.0618119426 -0.276946396 0.133661509
v -0.0256357733 -0.288515687 0.128584191
v 0.0127936704 -0.301306844 0.124268062
v 0.0535327457 -0.30558905 0.121811688
v 0.0924926251 -0.294431925 0.121419623
v 0.126132756 -0.271219254 0.122825243
v 0.155963987 -0.245309457 0.124845602
v 0.185354963 -0.221291795 0.126601934
v 0.21404703 -0.19654198 0.127306327
v 0.238207206 -0.167236045 0.126866639
v 0.256635278 -0.134072289 0.125853688
v 0.274618357 -0.100544177 0.124677919
v 0.292955488 -0.0654898882 0.125649482
v 0.307853401 -0.0274921991 0.128354818
v 0.305955917 0.0137406196 0.140668303
v 0.2921592 0.0518223494 0.145467728
v 0.271891981 0.086084716 0.14966248
v 0.254354984 0.118962541 0.15204519
v 0.241864741 0.154414222 0.151937813
v 0.22778213 0.191416219 0.14971441
v 0.204921708 0.223962337 0.146303877
v 0.173787937 0.248538792 0.142843395
v 0.138932422 0.267256677 0.140344471
v 0.102938585 0.283272982 0.139405146
v 0.0651144162 0.294382781 0.139556706
v 0.0257226489 0.295587212 0.140104696
v -0.0126812682 0.287189305 0.139894888
v -0.0489753596 0.276940286 0.138317391
v -0.0857947469 0.271653354 0.135253042
v -0.125482008 0.268795311 0.131491616
v -0.165036559 0.258829415 0.12805301
v -0.198285922 0.236112371 0.126273602
v -0.223098412 0.204260305 0.126742229
v -0.243123204 0.170066774 0.129659712
v -0.261332154 0.135849237 0.133903652
v -0.276029259 0.100253463 0.138682276
v -0.282977521 0.0624942891 0.142422989
v -0.283932656 0.0245737992 0.144520342
v -0.285582721 -0.0127543742 0.144697025
v -0.290692985 -0.0515307672 0.143870384
v -0.29259336 -0.0925760046 0.143049553
v -0.281967133 -0.131859377 0.143178403
v -0.257255167 -0.164324164 0.144470394
v -0.225479364 -0.189648286 0.146715373
v -0.194620863 -0.212952107 0.148973271
v -0.16538161 -0.2368595 0.15026252
v -0.1339252 -0.258137912 0.149317279
v -0.0989972129 -0.273240626 0.146379024
v -0.0623041764 -0.283287078 0.141888678
v -0.025205601 -0.29392907 0.136586472
v 0.0137752593 -0.304126918 0.132110983
v 0.0544739738 -0.305834919 0.129697144
v 0.0928616673 -0.2926687 0.129344866
v 0.125207737 -0.267286539 0.130723298
v 0.153633103 -0.240070552 0.132811829
v 0.182905272 -0.217075959 0.134684131
v 0.214079544 -0.195489243 0.135273188
v 0.242398784 -0.169143006 0.134923711
v 0.263981849 -0.136909038 0.133824259
v 0.280797184 -0.10179729 0.132790953
v 0.295177788 -0.0650854185 0.133610159
v 0.305494517 -0.0263276249 0.136290595
v 0.299445927 0.0142988572 0.148528457
v 0.287910968 0.0519151799 0.152524322
v 0.270472884 0.0864763185 0.156074241
v 0.255061328 0.120181642 0.158070698
v 0.243789777 0.156685561 0.158009335
v 0.231022611 0.195294291 0.156050086
v 0.208188966 0.228858396 0.153139919
v 0.175086975 0.25194785 0.150230721
v 0.137438416 0.266261637 0.148134559
v 0.099951677 0.277535647 0.147408828
v 0.0626579821 0.287164479 0.147497892
v 0.0245120339 0.291357338 0.147968948
v -0.0135226212 0.287680864 0.147768602
v -0.0504411533 0.280561209 0.146426052
v -0.087994419 0.275935024 0.143758774
v -0.128055021 0.272294343 0.140607879
v -0.167611778 0.261186123 0.137744978
v -0.200034678 0.236794293 0.136253342
v -0.222206265 0.202284276 0.136690065
v -0.238662452 0.165932477 0.139182225
v -0.255170554 0.131731108 0.142791063
v -0.272185296 0.0979821384 0.146817267
v -0.284480423 0.0619809553 0.149962544
v -0.28965348 0.0242478084 0.151817933
v -0.292197376 -0.013852708 0.151654989
v -0.294477016 -0.053092394 0.151152581
v -0.293283582 -0.0937420428 0.150441274
v -0.28062281 -0.132221967 0.15058808
v -0.254146725 -0.163343772 0.151640177
v -0.22121647 -0.187233403 0.153731465
v -0.190072462 -0.209206343 0.155482993
v -0.162706062 -0.234467104 0.156606749
v -0.133893698 -0.259947091 0.15571323
v -0.100280151 -0.279457539 0.153368205
v -0.0631010383 -0.291022897 0.149264723
v -0.0246740524 -0.298368335 0.1448991
v 0.014699067 -0.303529561 0.141151801
v 0.0547311008 -0.301842362 0.13915284
v 0.0923349038 -0.287877291 0.138870329
v 0.124204203 -0.263000607 0.140041009
v 0.152573824 -0.236736074 0.141844556
v 0.182609648 -0.215366185 0.143419921
v 0.216259226 -0.196337551 0.143819198
v 0.247802526 -0.171769068 0.143613741
v 0.271164864 -0.13961336 0.14243789
v 0.28501451 -0.1023537 0.141838193
v 0.293906242 -0.06388136 0.142449766
v 0.299892426 -0.0250075683 0.144861594
v 0.292822152 0.0148894181 0.156086698
v 0.286193401 0.052555304 0.158783808
v 0.273090601 0.088230446 0.160740182
v 0.259229153 0.123049565 0.162019417
v 0.247328818 0.159960166 0.162111804
v 0.233187184 0.198370919 0.16098772
v 0.209148824 0.231330529 0.159030661
v 0.174299985 0.252458453 0.157157034
v 0.134824961 0.263139814 0.15578711
v 0.0967236832 0.271083772 0.155234754
v 0.0604344346 0.281028301 0.155358642
v 0.0234800968 0.289619237 0.155705959
v -0.0145909972 0.291499853 0.155569226
v -0.0525249578 0.287202418 0.154589921
v -0.0905786753 0.281049937 0.152948678
v -0.12994957 0.274122387 0.150912255
v -0.168208584 0.260355741 0.149054959
v -0.199282542 0.23443532 0.148107991
v -0.219842955 0.198899731 0.14839606
v -0.234573871 0.162036657 0.150001943
v -0.251218349 0.128717273 0.152403623
v -0.271341652 0.0967449173 0.154993281
v -0.288799167 0.0620209239 0.156952679
v -0.297313601 0.0239894539 0.158227563
v -0.298657477 -0.0150736077 0.158028051
v -0.296256721 -0.0543271117 0.157742962
v -0.290465236 -0.0937938243 0.157276809
v -0.275882721 -0.130997568 0.157415912
v -0.249736592 -0.161567777 0.158093527
v -0.21769093 -0.185336605 0.159424424
v -0.18774949 -0.20790723 0.160579622
v -0.16185607 -0.234815657 0.161356851
v -0.13497366 -0.263925374 0.160653532
v -0.101848237 -0.286424041 0.159183249
v -0.0636441484 -0.297603041 0.156452417
v -0.0239795689 -0.300309569 0.153731346
v 0.0153659508 -0.299486399 0.151251152
v 0.0543944947 -0.295182019 0.150154769
v 0.0912933573 -0.281983823 0.14974229
v 0.124015078 -0.260524124 0.150637493
v 0.153469503 -0.236649573 0.151750326
v 0.184789896 -0.216758192 0.152742282
v 0.219819874 -0.198494285 0.152957648
v 0.252649188 -0.174000338 0.153061122
v 0.275991917 -0.141028121 0.152113691
v 0.286190301 -0.101816498 0.151737317
v 0.288984448 -0.0619938523 0.151561886
v 0.292091399 -0.0234467462 0.153445944
v 0.288149685 0.0154994447 0.163563073
v 0.286808252 0.0535572879 0.164789781
v 0.278182328 0.0907894745 0.165676907
v 0.265172154 0.126837492 0.165769711
v 0.250549197 0.163076922 0.166052684
v 0.233323634 0.199634582 0.165700182
v 0.207372174 0.230692014 0.164847553
v 0.171723887 0.250261396 0.164058909
v 0.131989241 0.259633452 0.163630024
v 0.0941620916 0.266298771 0.163202807
v 0.0589094609 0.277798206 0.163243279
v 0.0227520019 0.290946662 0.163440093
v -0.0157497469 0.297636092 0.163377851
v -0.0547449775 0.29457444 0.162967846
v -0.0928102434 0.2851789 0.162274435
v -0.130500838 0.273257166 0.161404401
v -0.166621611 0.256285667 0.160603926
v -0.196627691 0.229968503 0.160221875
v -0.21728833 0.195447728 0.16032356
v -0.232598647 0.159684122 0.161003679
v -0.250527829 0.1274582 0.162003234
v -0.273421317 0.0966026485 0.163106009
v -0.294420838 0.0623423867 0.163917348
v -0.304676533 0.0237175263 0.164384648
v -0.302984506 -0.0161580425 0.164433479
v -0.294957668 -0.0549663939 0.164243311
v -0.284589976 -0.0928033814 0.164037749
v -0.269338071 -0.128843188 0.164237931
v -0.245591655 -0.159885436 0.164410919
v -0.216474384 -0.185372949 0.165050611
v -0.188187316 -0.209599584 0.165526181
v -0.163121164 -0.238042891 0.165835485
v -0.136215448 -0.268386304 0.165667072
v -0.102760874 -0.291758388 0.165051192
v -0.0634370968 -0.301089734 0.16382733
v -0.022947086 -0.29911983 0.162702993
v 0.0159243289 -0.293135554 0.161510646
v 0.0538527146 -0.287249982 0.161109805
v 0.0907172412 -0.277131826 0.160842076
v 0.125157714 -0.260773718 0.161300033
v 0.156610996 -0.239900887 0.161657169
v 0.18858704 -0.219788402 0.162356198
v 0.223299757 -0.200213522 0.162393287
v 0.25575152 -0.175005302 0.162436932
v 0.277287751 -0.14060773 0.161913842
v 0.284371257 -0.100186139 0.161632001
v 0.282939941 -0.0599564947 0.160817549
v 0.285454899 -0.022049915 0.162644744
v 0.286553413 0.0162941106 0.171153486
v 0.29053539 0.055122491 0.171301275
v 0.285102427 0.0939366072 0.171328202
v 0.270632297 0.130418822 0.171494752
v 0.25181064 0.164942056 0.171492711
v 0.230448738 0.198382854 0.171417832
v 0.203169003 0.227389812 0.171410054
v 0.168171033 0.246678963 0.171340853
v 0.129523322 0.25649786 0.171234995
v 0.0926306993 0.264507592 0.171110347
v 0.0581383929 0.278286934 0.171156019
v 0.022158388 0.294717908 0.171234027
v -0.0170151629 0.304202974 0.171235591
v -0.0568074733 0.3005853 0.171253935
v -0.094326511 0.286856711 0.171150669
v -0.129725382 0.269506365 0.171056464
v -0.16356793 0.249909326 0.170974597
v -0.193311319 0.22469382 0.170912832
v -0.215975776 0.193049699 0.17089279
v -0.233681887 0.159360215 0.170945242
v -0.253258795 0.127846152 0.171040758
v -0.277512133 0.0970949158 0.171131149
v -0.299557388 0.0624766089 0.171177685
v -0.309371412 0.0231368542 0.171246514
v -0.304304659 -0.017156262 0.171271309
v -0.291163474 -0.0551794432 0.171305984
v -0.277215749 -0.0913215056 0.171228334
v -0.262864709 -0.126714244 0.171466976
v -0.243219659 -0.159397364 0.171301156
v -0.218019128 -0.187836394 0.171439871
v -0.191009089 -0.214034915 0.171515062
v -0.165111616 -0.242551193 0.171633452
v -0.136978611 -0.271916538 0.171603054
v -0.10258238 -0.294002116 0.171617851
v -0.0625173524 -0.30101949 0.171424717
v -0.0218157265 -0.295490503 0.171371445
v 0.0164050106 -0.286579102 0.171139717
v 0.0535203367 -0.281080604 0.171314582
v 0.0909016132 -0.274993598 0.17094101
v 0.127392799 -0.263614684 0.171111032
v 0.160923466 -0.245036364 0.171217203
v 0.19315061 -0.223840803 0.171344325
v 0.225639135 -0.20109576 0.171279401
v 0.255616963 -0.173821345 0.171374708
v 0.275042087 -0.138455451 0.171010852
v 0.281137824 -0.0979995355 0.171018153
v 0.278598666 -0.0581054166 0.170142174
v 0.280440718 -0.0207999423 0.170906484
v 0.280123144 0.0168005917 0.183511436
v 0.287470937 0.0554151908 0.183904916
v 0.283529609 0.0943655148 0.18395111
v 0.267149776 0.129751295 0.184086457
v 0.243989408 0.160872847 0.18425633
v 0.219194591 0.18980056 0.184458494
v 0.191813931 0.21591638 0.184202448
v 0.160014808 0.236185148 0.184503883
v 0.124709547 0.24872902 0.18430315
v 0.0898028016 0.258828223 0.183871478
v 0.056208048 0.273183823 0.183424324
v 0.0209570285 0.289929748 0.183140337
v -0.0175998751 0.299335271 0.182876453
v -0.0564762466 0.294223219 0.182868972
v -0.0920326635 0.277187765 0.183045492
v -0.124314398 0.256403804 0.183248743
v -0.15566802 0.236365646 0.183531925
v -0.185483456 0.214350045 0.183580011
v -0.210819632 0.187355414 0.183483809
v -0.231303155 0.156763524 0.18321915
v -0.251526564 0.126095891 0.182980493
v -0.274099797 0.0950328857 0.182782084
v -0.293864101 0.0604069009 0.182626992
v -0.301431119 0.0216754582 0.182572693
v -0.293399483 -0.0173743516 0.182348326
v -0.277074456 -0.0533374846 0.182083577
v -0.261826038 -0.0870815516 0.181506395
v -0.250127584 -0.121446796 0.181288972
v -0.235972524 -0.155630961 0.180827096
v -0.215422764 -0.186677307 0.180846632
v -0.189665094 -0.213755578 0.181096196
v -0.162273914 -0.239863351 0.18157275
v -0.13257876 -0.265083313 0.181927636
v -0.0980868489 -0.283809632 0.182160676
v -0.0591800734 -0.289335072 0.182215393
v -0.0200294536 -0.283198804 0.182338372
v 0.0165596306 -0.274222463 0.182260051
v 0.0522882454 -0.270003349 0.182333961
v 0.0894830227 -0.267832994 0.182366878
v 0.126848921 -0.260419667 0.182657152
v 0.160854101 -0.243283138 0.182782769
v 0.19107987 -0.220030904 0.182759032
v 0.219160512 -0.194101781 0.182425812
v 0.244888589 -0.165400818 0.182338417
v 0.262631416 -0.13116923 0.182234138
v 0.269226074 -0.0929270014 0.182434991
v 0.268199861 -0.0550325401 0.182005346
v 0.27191633 -0.0193944536 0.18329154
v 0.268280506 0.017235294 0.198804513
v 0.277115405 0.0543561578 0.200405404
v 0.273618847 0.0919392928 0.201036185
v 0.25466156 0.124477006 0.200709388
v 0.228101879 0.151197076 0.200442687
v 0.201787636 0.175734907 0.200961575
v 0.176399484 0.19976078 0.201088876
v 0.149323359 0.221792325 0.201719984
v 0.118482098 0.238088638 0.201511502
v 0.0859862193 0.25026536 0.200645193
v 0.0533721372 0.263216347 0.199456051
v 0.0191626046 0.276609153 0.198286131
v -0.0175163243 0.28335762 0.197453707
v -0.053979218 0.27673924 0.197247431
v -0.0867830515 0.258762032 0.197722986
v -0.116159372 0.237728253 0.198496804
v -0.145376399 0.219266102 0.199012727
v -0.175384045 0.201401189 0.199220389
v -0.202957854 0.179244995 0.198995739
v -0.225261986 0.151650235 0.198379472
v -0.244176775 0.121466026 0.197681293
v -0.262717813 0.0901859403 0.197244525
v -0.278061688 0.0562798455 0.196969032
v -0.282782882 0.0194717515 0.196665749
v -0.273691386 -0.0170731377 0.196260259
v -0.256926686 -0.0502732806 0.195248902
v -0.242575064 -0.0814905614 0.193773389
v -0.234142751 -0.114546716 0.192708835
v -0.22505486 -0.149381906 0.191854104
v -0.208353817 -0.181638062 0.191713661
v -0.183395967 -0.207926527 0.192424595
v -0.154399574 -0.229707956 0.19353117
v -0.123729959 -0.249218836 0.194685236
v -0.0904224813 -0.264163345 0.195156336
v -0.0543704145 -0.269957334 0.195567489
v -0.0180574879 -0.266098589 0.19547312
v 0.0164227001 -0.259515971 0.19544217
v 0.0505244434 -0.256760597 0.195447564
v 0.086544238 -0.256652057 0.196105063
v 0.123030439 -0.25081104 0.196656987
v 0.155503988 -0.233774439 0.196874246
v 0.182201743 -0.208602935 0.196605608
v 0.205103353 -0.180620253 0.195903212
v 0.226334602 -0.151911825 0.19511494
v 0.24334918 -0.120651446 0.19542101
v 0.252469271 -0.0863262787 0.196233168
v 0.255081534 -0.0514523536 0.196870536
v 0.260162562 -0.0177645832 0.198478937
v 0.258741587 0.0170375258 0.215702102
v 0.264574736 0.0526796617 0.217143193
v 0.259358287 0.0880462378 0.217592686
v 0.239794344 0.11820206 0.217791066
v 0.212326437 0.141791359 0.217892647
v 0.185910299 0.162893549 0.218203649
v 0.16330564 0.185983524 0.218711272
v 0.140365824 0.209741443 0.21898815
v 0.113251179 0.229193494 0.21854794
v 0.0825324804 0.242442966 0.217281714
v 0.0504051372 0.252214372 0.21530509
v 0.0173064489 0.260465205 0.213309079
v -0.0170456879 0.263633966 0.211910695
v -0.050807178 0.256592602 0.211723164
v -0.0812714174 0.240079135 0.212490976
v -0.108824946 0.221133381 0.213777199
v -0.136997595 0.2053736 0.214772761
v -0.167263955 0.191006124 0.215055585
v -0.196074903 0.172184035 0.214485824
v -0.218777314 0.146378011 0.213425055
v -0.235245407 0.116176724 0.212360516
v -0.248663962 0.0845588073 0.211657271
v -0.259239882 0.051700443 0.211331874
v -0.26206848 0.0173006095 0.210876361
v -0.253896475 -0.0165368989 0.209939823
v -0.239187032 -0.0474719405 0.208182886
v -0.227013558 -0.0769761428 0.20598425
v -0.220848188 -0.108844094 0.20387809
v -0.214777172 -0.143462181 0.202653855
v -0.200286329 -0.175621733 0.202586249
v -0.175420135 -0.200034931 0.203808278
v -0.1450295 -0.217100859 0.205513075
v -0.113921106 -0.231139138 0.207217485
v -0.0825642347 -0.243524045 0.208163142
v -0.0497997031 -0.251069456 0.208501771
v -0.0163104795 -0.251496464 0.208377391
v 0.0164964199 -0.248358741 0.208527952
v 0.0493258387 -0.246639207 0.208909109
v 0.0837458074 -0.2458262 0.209855184
v 0.118249655 -0.239082783 0.210572258
v 0.148322105 -0.221393824 0.211056143
v 0.171354651 -0.194906577 0.210441083
v 0.190092877 -0.166276678 0.209622547
v 0.208283052 -0.138806537 0.208500341
v 0.225548625 -0.110940583 0.208574146
v 0.238044858 -0.0806004182 0.209714711
v 0.244831279 -0.0485641956 0.211537823
v 0.250622004 -0.016321471 0.213741705
v 0.246010527 0.0168628395 0.215158075
v 0.248777196 0.0502728112 0.216483369
v 0.242301926 0.0830240771 0.217384979
v 0.223235264 0.110852025 0.217797354
v 0.196928337 0.132341728 0.217430681
v 0.172121301 0.15170908 0.217710629
v 0.152192652 0.174360648 0.217470646
v 0.132651731 0.199493408 0.218229726
v 0.108254291 0.220764861 0.217970654
v 0.0786845908 0.233436316 0.21604085
v 0.0470111221 0.238940433 0.21334888
v 0.0153233185 0.241494611 0.210649148
v -0.0163388047 0.241409525 0.20893237
v -0.0473631211 0.235432282 0.208519846
v -0.0761455968 0.222673595 0.209498122
v -0.102904655 0.207476005 0.211264968
v -0.130533993 0.194370836 0.212602288
v -0.160409763 0.18203637 0.212953255
v -0.188958883 0.164892688 0.212221205
v -0.210587576 0.139962241 0.210596204
v -0.223832294 0.109686069 0.209134772
v -0.232347712 0.0782198533 0.208064973
v -0.238952413 0.0469001569 0.207514137
v -0.241233215 0.0151923243 0.207079291
v -0.235837623 -0.0160746928 0.20571734
v -0.224616796 -0.0452861711 0.203314409
v -0.21454832 -0.0734773502 0.200300857
v -0.20928143 -0.1039178 0.197310686
v -0.203860104 -0.13706401 0.195692927
v -0.190084741 -0.167683542 0.195589811
v -0.165277988 -0.189599857 0.197259784
v -0.13454473 -0.202715486 0.199530974
v -0.10407754 -0.212714896 0.201939866
v -0.0752109736 -0.223941118 0.203396797
v -0.0458288044 -0.234565765 0.203703925
v -0.0148623837 -0.239968777 0.203634083
v 0.0166284386 -0.239930749 0.203740686
v 0.0481616594 -0.237266138 0.20481132
v 0.0803735852 -0.233705893 0.205794886
v 0.111821286 -0.224457592 0.207461804
v 0.138929531 -0.206037089 0.207622409
v 0.159032091 -0.179770067 0.207021251
v 0.174989939 -0.152091607 0.206258848
v 0.191563338 -0.12673448 0.205581233
v 0.209917426 -0.102343887 0.204962566
v 0.225955889 -0.0756913275 0.204988867
v 0.234930605 -0.0459840894 0.209401712
v 0.240613624 -0.0150902066 0.213140726
v 0.230732098 0.0164356641 0.213311285
v 0.230379835 0.0472117215 0.215404257
v 0.22356227 0.0773235336 0.215836301
v 0.206836656 0.103464074 0.215075761
v 0.183512107 0.124105826 0.214315951
v 0.161026716 0.142743692 0.214803994
v 0.142925754 0.164684519 0.21581842
v 0.125520915 0.189867184 0.215704486
v 0.102790356 0.211065575 0.215369001
v 0.0741101429 0.221890926 0.213154063
v 0.0432523303 0.223039716 0.209691584
v 0.0133997258 0.220648363 0.206273422
v -0.0153903402 0.21856235 0.204065442
v -0.0438906923 0.215142176 0.203592584
v -0.0716172084 0.207565516 0.204856545
v -0.0982455984 0.196717426 0.207141638
v -0.12534751 0.185543895 0.208705142
v -0.153701723 0.173458666 0.209171891
v -0.180240035 0.156405464 0.208236247
v -0.199571192 0.131836221 0.206250459
v -0.209746987 0.10205061 0.204589233
v -0.21479848 0.0716267452 0.202912211
v -0.219027862 0.0423389971 0.202338204
v -0.222091168 0.0133504402 0.201593399
v -0.220172614 -0.0156353656 0.199877173
v -0.212603658 -0.0434870124 0.196640819
v -0.203733906 -0.0704316795 0.192925945
v -0.197629303 -0.0988454744 0.189145193
v -0.19116582 -0.129328817 0.187058926
v -0.177368969 -0.157378793 0.187012747
v -0.153348088 -0.176938549 0.189150602
v -0.123682804 -0.187484324 0.192249224
v -0.0949382484 -0.195362315 0.195408076
v -0.0688306987 -0.206872061 0.196777537
v -0.0423965417 -0.220468432 0.197716147
v -0.0134952366 -0.229980037 0.197780222
v 0.0168449208 -0.231887072 0.19769074
v 0.0468464196 -0.226964101 0.199162617
v 0.0762382001 -0.219170183 0.200531036
v 0.104189217 -0.207238927 0.20149003
v 0.128225058 -0.188688979 0.202057883
v 0.146236673 -0.164243191 0.202662498
v 0.161407292 -0.139314994 0.200575113
v 0.177854314 -0.116803855 0.198873684
v 0.196741313 -0.0950404108 0.199233904
v 0.214880437 -0.0712375566 0.198980913
v 0.224843249 -0.0433520488 0.204515696
v 0.22893773 -0.0137719586 0.209835783
v 0.213625163 0.0158532578 0.209977478
v 0.211087152 0.0439012572 0.212895393
v 0.20504804 0.0716080591 0.213739991
v 0.191806093 0.0966521129 0.212635413
v 0.172201276 0.117181599 0.211972043
v 0.151977628 0.135519102 0.212258488
v 0.134741023 0.156176373 0.213286221
v 0.117914863 0.179533437 0.213523507
v 0.0961393043 0.198922813 0.213003084
v 0.0686134845 0.20744127 0.210012585
v 0.039146997 0.205143496 0.206071213
v 0.0115085542 0.199495301 0.202011883
v -0.0144641027 0.196916148 0.199248493
v -0.0407951996 0.196907237 0.198724508
v -0.06785243 0.194717407 0.200320706
v -0.0945078284 0.187773272 0.203079179
v -0.120600335 0.17732057 0.204954654
v -0.146246031 0.164008588 0.205402374
v -0.169378757 0.146044701 0.204308853
v -0.185939327 0.122001514 0.201783016
v -0.194125533 0.0937077552 0.199604526
v -0.197457433 0.0651709884 0.198275849
v -0.201095 0.038222298 0.197410032
v -0.20552966 0.0117161442 0.196247518
v -0.206533849 -0.0153242592 0.194206744
v -0.201547444 -0.0418696329 0.190123111
v -0.192822725 -0.0673181713 0.185435206
v -0.184677705 -0.0930669457 0.180877686
v -0.17636402 -0.120088555 0.178341642
v -0.162665829 -0.145205975 0.178392187
v -0.140556574 -0.163171813 0.180948392
v -0.113351606 -0.17280601 0.185067907
v -0.0870634317 -0.18042092 0.188728482
v -0.063436307 -0.192438498 0.19089596
v -0.0394169278 -0.208299443 0.191759005
v -0.0123046506 -0.220530048 0.191462889
v 0.016830612 -0.222706646 0.191569552
v 0.0450544842 -0.215012729 0.19280535
v 0.0711608529 -0.202596292 0.19474642
v 0.0953439698 -0.188116834 0.196116582
v 0.117009558 -0.170934096 0.195883974
v 0.13456893 -0.150095016 0.196076989
v 0.150152475 -0.128756821 0.193816379
v 0.166977465 -0.109012179 0.191481441
v 0.185672104 -0.0890889093 0.192081168
v 0.203134924 -0.066597417 0.193667114
v 0.213190824 -0.0402247533 0.198657706
v 0.215181053 -0.0121784033 0.204943731
v 0.195500061 0.0150852557 0.206763104
v 0.192434832 0.0405922495 0.21035777
v 0.188182354 0.066323325 0.211734399
v 0.178678721 0.0906625986 0.210576266
v 0.162682876 0.111355759 0.209278345
v 0.144062787 0.129192397 0.209169656
v 0.126563981 0.147492409 0.210568607
v 0.109360069 0.167494848 0.211579636
v 0.0883296579 0.184028059 0.210750431
v 0.0624744222 0.190517455 0.20700568
v 0.035120111 0.186556518 0.202083617
v 0.00991948228 0.179728627 0.197292954
v -0.0135153225 0.177796885 0.19420734
v -0.0380063802 0.181079105 0.19380334
v -0.0644365028 0.183345675 0.195850164
v -0.0908109024 0.179219544 0.199017957
v -0.115208901 0.168397248 0.201396495
v -0.137295976 0.153123483 0.201747507
v -0.156404644 0.134123653 0.200277239
v -0.170413524 0.111141041 0.197497547
v -0.178045779 0.085335426 0.194906265
v -0.181835398 0.0594497249 0.193190381
v -0.186078832 0.0348315164 0.192176223
v -0.191493616 0.0103845932 0.190846026
v -0.193890482 -0.0149621759 0.188543051
v -0.189805895 -0.0400081687 0.183714449
v -0.180266187 -0.0635124147 0.177996621
v -0.169800073 -0.0861906707 0.172702819
v -0.159941569 -0.109568246 0.169656396
v -0.147082925 -0.132044375 0.169820756
v -0.127936795 -0.149357364 0.172978431
v -0.104154058 -0.159913763 0.177470207
v -0.0805526748 -0.168164641 0.181963339
v -0.0589172803 -0.180488452 0.184691697
v -0.0366215073 -0.196868286 0.185715705
v -0.0110397888 -0.209676653 0.185315847
v 0.0166333336 -0.210965693 0.185675561
v 0.042722784 -0.200434491 0.187043756
v 0.0655379444 -0.184455439 0.189393103
v 0.086300984 -0.168645188 0.190932304
v 0.106000789 -0.153588727 0.191298902
v 0.124208987 -0.137434185 0.189682156
v 0.141076133 -0.120171778 0.18662852
v 0.157799453 -0.102304615 0.184323668
v 0.175053939 -0.0834059939 0.184637249
v 0.189832002 -0.061656002 0.188033089
v 0.197900698 -0.036976371 0.194676712
v 0.198580831 -0.0107219871 0.201091796
v 0.177783191 0.0142553039 0.203483671
v 0.175807223 0.0376295149 0.207577035
v 0.17374517 0.0618144944 0.209116295
v 0.167292535 0.0854877606 0.208006173
v 0.15375188 0.105877049 0.206815541
v 0.135739446 0.122433424 0.206865653
v 0.117474891 0.137723044 0.20780164
v 0.099711217 0.153651774 0.208962753
v 0.0796380416 0.167111397 0.208020851
v 0.0559683628 0.17241925 0.204059467
v 0.031235246 0.16858457 0.19818823
v 0.00847183634 0.162261099 0.19266668
v -0.0127563849 0.161456794 0.189129323
v -0.0355890915 0.167040393 0.188811719
v -0.0610992797 0.172136158 0.191322282
v -0.0865657926 0.169519365 0.195057124
v -0.108728714 0.15785946 0.197911665
v -0.126997456 0.140716985 0.198191836
v -0.142239586 0.121195517 0.196191579
v -0.154467061 0.100041091 0.192999497
v -0.1629145 0.0774543509 0.189962551
v -0.168503329 0.0545104221 0.188011959
v -0.173785046 0.0319870263 0.186782047
v -0.178890184 0.00910543464 0.185783148
v -0.180874929 -0.0145527227 0.182822227
v -0.176144421 -0.0377163142 0.177209362
v -0.165375412 -0.05886079 0.170556515
v -0.153341085 -0.0784371942 0.164424136
v -0.142963558 -0.0985773429 0.16092293
v -0.131860226 -0.119100735 0.161206439
v -0.116328061 -0.136627629 0.16490759
v -0.0962169692 -0.148690179 0.170149565
v -0.0750744641 -0.157870412 0.175321132
v -0.0548475496 -0.169638917 0.178541958
v -0.0337670706 -0.184696645 0.179850787
v -0.0097552361 -0.196486041 0.179199636
v 0.0161084328 -0.196672052 0.179380849
v 0.0399261191 -0.184328079 0.180745006
v 0.0598064214 -0.16645284 0.183264077
v 0.077820316 -0.150606245 0.184723094
v 0.0962880626 -0.138414204 0.184716463
v 0.115226701 -0.126818746 0.182452336
v 0.13285853 -0.112491466 0.180063605
v 0.148627564 -0.0956284553 0.178037375
v 0.1628948 -0.076927945 0.178581357
v 0.174277008 -0.0560016148 0.182397768
v 0.180319831 -0.0331365466 0.189606011
v 0.18046838 -0.00920749549 0.197001219
v -0.174993873 -0.175154403 0.0162433814
v -0.144038931 -0.198700458 0.00806970242
v -0.115180418 -0.227188468 0.00996054336
v -0.0819788575 -0.253762752 0.0153774591
v -0.0421766862 -0.267734051 0.0168989617
v 0.000195724264 -0.26842466 0.0174276531
v 0.0418745466 -0.262904316 0.024020344
v 0.0829308033 -0.254421324 0.0322312862
v 0.122433692 -0.239793733 0.0316502713
v 0.158350468 -0.217684954 0.0217043795
v 0.188230917 -0.187986195 0.0130019616
v -0.204830378 -0.149018481 0.0278397463
v -0.139919549 -0.14017269 0.0170893595
v -0.109507613 -0.164483726 0.0102658635
v -0.0800838545 -0.193826094 0.0143434843
v -0.0420071557 -0.212287307 0.017683249
v 0.000193638247 -0.214736775 0.0178740788
v 0.041789379 -0.208909631 0.0251752771
v 0.0826422647 -0.198988363 0.0315377004
v 0.119794138 -0.178990334 0.0236378126
v 0.15062578 -0.150417253 0.0141363535
v 0.205342501 -0.149383157 0.0129598184
v -0.221633315 -0.11337883 0.0303898007
v -0.16818741 -0.112526134 0.0271807071
v -0.104956448 -0.105088212 0.01747928
v -0.0750620589 -0.130270928 0.0125133079
v -0.0418615565 -0.156835839 0.0179855321
v 0.000162890268 -0.161051422 0.0183122791
v 0.041673772 -0.154913828 0.0263093654
v 0.0811842903 -0.140309304 0.0256808903
v 0.112970285 -0.112789601 0.0156228291
v 0.165633991 -0.111004844 0.0147876488
v 0.20986557 -0.107321866 0.0143454857
v -0.226245791 -0.0738754272 0.0261612274
v -0.180116221 -0.0746992677 0.0271823239
v -0.131495729 -0.0760027319 0.026686132
v -0.069907546 -0.0700622872 0.0182114858
v -0.03997273 -0.0968971178 0.017023338
v 0.000170630039 -0.10736265 0.0186718479
v 0.0413718447 -0.0994803682 0.0256268028
v 0.0753674954 -0.0752010494 0.0169326104
v 0.1259799 -0.072599344 0.0164223034
v 0.167938262 -0.0694478378 0.0149866873
v 0.21305865 -0.0692336708 0.012089177
v -0.235237718 -0.0372132659 0.0233728308
v -0.185691372 -0.0368876569 0.0229647607
v -0.136149064 -0.0365356803 0.0221718624
v -0.0900194272 -0.037349984 0.0232044756
v -0.0349003486 -0.035016425 0.0190227572
v 0.000125317601 -0.0536783561 0.019300865
v 0.0377262197 -0.0375702493 0.0184712354
v 0.0840097368 -0.0347193927 0.0174586717
v 0.129121393 -0.0344917439 0.0144390119
v 0.179440409 -0.0352588966 0.0129882479
v 0.22975719 -0.0359894559 0.0114734452
v -0.259086251 -3.51096351e-05 0.0241985172
v -0.207245842 -3.92943221e-05 0.0232194755
v -0.155412659 -2.27197725e-05 0.0218918622
v -0.103569053 -2.81396733e-05 0.0210221857
v -0.0517265722 2.26003722e-05 0.0201440044
v 0.000123382211 7.6367005e-06 0.019869443
v 0.0519468822 4.50031512e-05 0.0196309164
v 0.103771225 1.75051464e-05 0.0197750647
v 0.155595258 4.79037953e-05 0.0196525492
v 0.207419321 4.88143887e-05 0.0195474066
v 0.259243101 0.000103013444 0.0193194821
v -0.281519264 0.0448123105 0.020121986
v -0.226419285 0.0453296155 0.01798179
v -0.171319351 0.0459179357 0.0158520006
v -0.107581116 0.0445965044 0.0140169747
v -0.0355958417 0.0357216895 0.0198428445
v 9.374207e-05 0.0499951243 0.0208422989
v 0.0383772366 0.0383117273 0.019512983
v 0.101514623 0.0420458615 0.0238617305
v 0.164228931 0.044058945 0.0283457451
v 0.220108807 0.0439518727 0.0294332132
v 0.275988996 0.0438809656 0.0304475762
v -0.279006541 0.0904278234 0.0105753681
v -0.215260461 0.0891793743 0.00898757577
v -0.143428877 0.0828568265 0.0112607656
v -0.0712584555 0.0714026019 0.0202689283
v -0.0380142555 0.0920685604 0.0212429911
v 0.000105996456 0.0999746472 0.022163922
v 0.0393151008 0.0946827531 0.0144557226
v 0.0766556114 0.0765869394 0.0194436088
v 0.137793779 0.0795661956 0.0215547569
v 0.202948079 0.0840903148 0.0278788768
v 0.265661508 0.0860990584 0.0323798694
v -0.251138359 0.127431795 0.00640320312
v -0.17849344 0.118840195 0.0117886486
v -0.1069851 0.107089058 0.0211681966
v -0.0743779242 0.129000098 0.0223713778
v -0.038896203 0.145472899 0.0243948959
v 8.03678995e-05 0.149955079 0.0234361421
v 0.0385425985 0.143594012 0.012208838
v 0.0803663954 0.139109939 0.0153818196
v 0.114901282 0.114877045 0.0193350855
v 0.175789326 0.117444567 0.0206100903
v 0.239172325 0.121605359 0.0257953536
v -0.213628918 0.15475826 0.013032903
v -0.142635897 0.142775565 0.0217368007
v -0.110156238 0.165018633 0.024107812
v -0.076130785 0.184089333 0.0232949741
v -0.0390443914 0.196896136 0.0271037668
v 8.95477933e-05 0.199934453 0.0247310102
v 0.0386041515 0.193570256 0.0131826997
v 0.0784962773 0.189332828 0.00932452735
v 0.120272249 0.179637924 0.0162212122
v 0.153183997 0.153164566 0.0193600748
v 0.213816673 0.155384749 0.0197616145
v -0.178338945 0.178422153 0.0229118131
v -0.145955488 0.20101665 0.0258203261
v -0.112502858 0.221039519 0.024226265
v -0.0770201683 0.237502426 0.0263013672
v -0.039232038 0.248326406 0.0296460502
v 7.62971613e-05 0.249912173 0.0260929577
v 0.0386176854 0.243545428 0.0141458334
v 0.0777298361 0.238248974 0.00714750448
v 0.119570024 0.233748481 0.0100786965
v 0.160096869 0.220170736 0.017174717
v 0.191409528 0.191441655 0.0189562384
f 1 2 49
f 2 50 49
f 2 3 50
f 3 51 50
f 3 4 51
f 4 52 51
f 4 5 52
f 5 53 52
f 5 6 53
f 6 54 53
f 6 7 54
f 7 55 54
f 7 8 55
f 8 56 55
f 8 9 56
f 9 57 56
f 9 10 57
f 10 58 57
f 10 11 58
f 11 59 58
f 11 12 59
f 12 60 59
f 12 13 60
f 13 61 60
f 13 14 61
f 14 62 61
f 14 15 62
f 15 63 62
f 15 16 63
f 16 64 63
f 16 17 64
f 17 65 64
f 17 18 65
f 18 66 65
f 18 19 66
f 19 67 66
f 19 20 67
f 20 68 67
f 20 21 68
f 21 69 68
f 21 22 69
f 22 70 69
f 22 23 70
f 23 71 70
f 23 24 71
f 24 72 71
f 24 25 72
f 25 73 72
f 25 26 73
f 26 74 73
f 26 27 74
f 27 75 74
f 27 28 75
f 28 76 75
f 28 29 76
f 29 77 76
f 29 30 77
f 30 78 77
f 30 31 78
f 31 79 78
f 31 32 79
f 32 80 79
f 32 33 80
f 33 81 80
f 33 34 81
f 34 82 81
f 34 35 82
f 35 83 82
f 35 36 83
f 36 84 83
f 36 37 84
f 37 85 84
f 37 38 85
f 38 86 85
f 38 39 86
f 39 87 86
f 39 40 87
f 40 88 87
f 40 41 88
f 41 89 88
f 41 42 89
f 42 90 89
f 42 43 90
f 43 91 90
f 43 44 91
f 44 92 91
f 44 45 92
f 45 93 92
f 45 46 93
f 46 94 93
f 46 47 94
f 47 95 94
f 47 48 95
f 48 96 95
f 48 1 96
f 1 49 96
f 49 50 97
f 50 98 97
f 50 51 98
f 51 99 98
f 51 52 99
f 52 100 99
f 52 53 100
f 53 101 100
f 53 54 101
f 54 102 101
f 54 55 102
f 55 103 102
f 55 56 103
f 56 104 103
f 56 57 104
f 57 105 104
f 57 58 105
f 58 106 105
f 58 59 106
f 59 107 106
f 59 60 107
f 60 108 107
f 60 61 108
f 61 109 108
f 61 62 109
f 62 110 109
f 62 63 110
f 63 111 110
f 63 64 111
f 64 112 111
f 64 65 112
f 65 113 112
f 65 66 113
f 66 114 113
f 66 67 114
f 67 115 114
f 67 68 115
f 68 116 115
f 68 69 116
f 69 117 116
f 69 70 117
f 70 118 117
f 70 71 118
f 71 119 118
f 71 72 119
f 72 120 119
f 72 73 120
f 73 121 120
f 73 74 121
f 74 122 121
f 74 75 122
f 75 123 122
f 75 76 123
f 76 124 123
f 76 77 124
f 77 125 124
f 77 78 125
f 78 126 125
f 78 79 126
f 79 127 126
f 79 80 127
f 80 128 127
f 80 81 128
f 81 129 128
f 81 82 129
f 82 130 129
f 82 83 130
f 83 131 130
f 83 84 131
f 84 132 131
f 84 85 132
f 85 133 132
f 85 86 133
f 86 134 133
f 86 87 134
f 87 135 134
f 87 88 135
f 88 136 135
f 88 89 136
f 89 137 136
f 89 90 137
f 90 138 137
f 90 91 138
f 91 139 138
f 91 92 139
f 92 140 139
f 92 93 140
f 93 141 140
f 93 94 141
f 94 142 141
f 94 95 142
f 95 143 142
f 95 96 143
f 96 144 143
f 96 49 144
f 49 97 144
f 97 98 145
f 98 146 145
f 98 99 146
f 99 147 146
f 99 100 147
f 100 148 147
f 100 101 148
f 101 149 148
f 101 102 149
f 102 150 149
f 102 103 150
f 103 151 150
f 103 104 151
f 104 152 151
f 104 105 152
f 105 153 152
f 105 106 153
f 106 154 153
f 106 107 154
f 107 155 154
f 107 108 155
f 108 156 155
f 108 109 156
f 109 157 156
f 109 110 157
f 110 158 157
f 110 111 158
f 111 159 158
f 111 112 159
f 112 160 159
f 112 113 160
f 113 161 160
f 113 114 161
f 114 162 161
f 114 115 162
f 115 163 162
f 115 116 163
f 116 164 163
f 116 117 164
f 117 165 164
f 117 118 165
f 118 166 165
f 118 119 166
f 119 167 166
f 119 120 167
f 120 168 167
f 120 121 168
f 121 169 168
f 121 122 169
f 122 170 169
f 122 123 170
f 123 171 170
f 123 124 171
f 124 172 171
f 124 125 172
f 125 173 172
f 125 126 173
f 126 174 173
f 126 127 174
f 127 175 174
f 127 128 175
f 128 176 175
f 128 129 176
f 129 177 176
f 129 130 177
f 130 178 177
f 130 131 178
f 131 179 178
f 131 132 179
f 132 180 179
f 132 133 180
f 133 181 180
f 133 134 181
f 134 182 181
f 134 135 182
f 135 183 182
f 135 136 183
f 136 184 183
f 136 137 184
f 137 185 184
f 137 138 185
f 138 186 185
f 138 139 186
f 139 187 186
f 139 140 187
f 140 188 187
f 140 141 188
f 141 189 188
f 141 142 189
f 142 190 189
f 142 143 190
f 143 191 190
f 143 144 191
f 144 192 191
f 144 97 192
f 97 145 192
f 145 146 193
f 146 194 193
f 146 147 194
f 147 195 194
f 147 148 195
f 148 196 195
f 148 149 196
f 149 197 196
f 149 150 197
f 150 198 197
f 150 151 198
f 151 199 198
f 151 152 199
f 152 200 199
f 152 153 200
f 153 201 200
f 153 154 201
f 154 202 201
f 154 155 202
f 155 203 202
f 155 156 203
f 156 204 203
f 156 157 204
f 157 205 204
f 157 158 205
f 158 206 205
f 158 159 206
f 159 207 206
f 159 160 207
f 160 208 207
f 160 161 208
f 161 209 208
f 161 162 209
f 162 210 209
f 162 163 210
f 163 211 210
f 163 164 211
f 164 212 211
f 164 165 212
f 165 213 212
f 165 166 213
f 166 214 213
f 166 167 214
f 167 215 214
f 167 168 215
f 168 216 215
f 168 169 216
f 169 217 216
f 169 170 217
f 170 218 217
f 170 171 218
f 171 219 218
f 171 172 219
f 172 220 219
f 172 173 220
f 173 221 220
f 173 174 221
f 174 222 221
f 174 175 222
f 175 223 222
f 175 176 223
f 176 224 223
f 176 177 224
f 177 225 224
f 177 178 225
f 178 226 225
f 178 179 226
f 179 227 226
f 179 180 227
f 180 228 227
f 180 181 228
f 181 229 228
f 181 182 229
f 182 230 229
f 182 183 230
f 183 231 230
f 183 184 231
f 184 232 231
f 184 185 232
f 185 233 232
f 185 186 233
f 186 234 233
f 186 187 234
f 187 235 234
f 187 188 235
f 188 236 235
f 188 189 236
f 189 237 236
f 189 190 237
f 190 238 237
f 190 191 238
f 191 239 238
f 191 192 239
f 192 240 239
f 192 145 240
f 145 193 240
f 193 194 241
f 194 242 241
f 194 195 242
f 195 243 242
f 195 196 243
f 196 244 243
f 196 197 244
f 197 245 244
f 197 198 245
f 198 246 245
f 198 199 246
f 199 247 246
f 199 200 247
f 200 248 247
f 200 201 248
f 201 249 248
f 201 202 249
f 202 250 249
f 202 203 250
f 203 251 250
f 203 204 251
f 204 252 251
f 204 205 252
f 205 253 252
f 205 206 253
f 206 254 253
f 206 207 254
f 207 255 254
f 207 208 255
f 208 256 255
f 208 209 256
f 209 257 256
f 209 210 257
f 210 258 257
f 210 211 258
f 211 259 258
f 211 212 259
f 212 260 259
f 212 213 260
f 213 261 260
f 213 214 261
f 214 262 261
f 214 215 262
f 215 263 262
f 215 216 263
f 216 264 263
f 216 217 264
f 217 265 264
f 217 218 265
f 218 266 265
f 218 219 266
f 219 267 266
f 219 220 267
f 220 268 267
f 220 221 268
f 221 269 268
f 221 222 269
f 222 270 269
f 222 223 270
f 223 271 270
f 223 224 271
f 224 272 271
f 224 225 272
f 225 273 272
f 225 226 273
f 226 274 273
f 226 227 274
f 227 275 274
f 227 228 275
f 228 276 275
f 228 229 276
f 229 277 276
f 229 230 277
f 230 278 277
f 230 231 278
f 231 279 278
f 231 232 279
f 232 280 279
f 232 233 280
f 233 281 280
f 233 234 281
f 234 282 281
f 234 235 282
f 235 283 282
f 235 236 283
f 236 284 283
f 236 237 284
f 237 285 284
f 237 238 285
f 238 286 285
f 238 239 286
f 239 287 286
f 239 240 287
f 240 288 287
f 240 193 288
f 193 241 288
f 241 242 289
f 242 290 289
f 242 243 290
f 243 291 290
f 243 244 291
f 244 292 291
f 244 245 292
f 245 293 292
f 245 246 293
f 246 294 293
f 246 247 294
f 247 295 294
f 247 248 295
f 248 296 295
f 248 249 296
f 249 297 296
f 249 250 297
f 250 298 297
f 250 251 298
f 251 299 298
f 251 252 299
f 252 300 299
f 252 253 300
f 253 301 300
f 253 254 301
f 254 302 301
f 254 255 302
f 255 303 302
f 255 256 303
f 256 304 303
f 256 257 304
f 257 305 304
f 257 258 305
f 258 306 305
f 258 259 306
f 259 307 306
f 259 260 307
f 260 308 307
f 260 261 308
f 261 309 308
f 261 262 309
f 262 310 309
f 262 263 310
f 263 311 310
f 263 264 311
f 264 312 311
f 264 265 312
f 265 313 312
f 265 266 313
f 266 314 313
f 266 267 314
f 267 315 314
f 267 268 315
f 268 316 315
f 268 269 316
f 269 317 316
f 269 270 317
f 270 318 317
f 270 271 318
f 271 319 318
f 271 272 319
f 272 320 319
f 272 273 320
f 273 321 320
f 273 274 321
f 274 322 321
f 274 275 322
f 275 323 322
f 275 276 323
f 276 324 323
f 276 277 324
f 277 325 324
f 277 278 325
f 278 326 325
f 278 279 326
f 279 327 326
f 279 280 327
f 280 328 327
f 280 281 328
f 281 329 328
f 281 282 329
f 282 330 329
f 282 283 330
f 283 331 330
f 283 284 331
f 284 332 331
f 284 285 332
f 285 333 332
f 285 286 333
f 286 334 333
f 286 287 334
f 287 335 334
f 287 288 335
f 288 336 335
f 288 241 336
f 241 289 336
f 289 290 337
f 290 338 337
f 290 291 338
f 291 339 338
f 291 292 339
f 292 340 339
f 292 293 340
f 293 341 340
f 293 294 341
f 294 342 341
f 294 295 342
f 295 343 342
f 295 296 343
f 296 344 343
f 296 297 344
f 297 345 344
f 297 298 345
f 298 346 345
f 298 299 346
f 299 347 346
f 299 300 347
f 300 348 347
f 300 301 348
f 301 349 348
f 301 302 349
f 302 350 349
f 302 303 350
f 303 351 350
f 303 304 351
f 304 352 351
f 304 305 352
f 305 353 352
f 305 306 353
f 306 354 353
f 306 307 354
f 307 355 354
f 307 308 355
f 308 356 355
f 308 309 356
f 309 357 356
f 309 310 357
f 310 358 357
f 310 311 358
f 311 359 358
f 311 312 359
f 312 360 359
f 312 313 360
f 313 361 360
f 313 314 361
f 314 362 361
f 314 315 362
f 315 363 362
f 315 316 363
f 316 364 363
f 316 317 364
f 317 365 364
f 317 318 365
f 318 366 365
f 318 319 366
f 319 367 366
f 319 320 367
f 320 368 367
f 320 321 368
f 321 369 368
f 321 322 369
f 322 370 369
f 322 323 370
f 323 371 370
f 323 324 371
f 324 372 371
f 324 325 372
f 325 373 372
f 325 326 373
f 326 374 373
f 326 327 374
f 327 375 374
f 327 328 375
f 328 376 375
f 328 329 376
f 329 377 376
f 329 330 377
f 330 378 377
f 330 331 378
f 331 379 378
f 331 332 379
f 332 380 379
f 332 333 380
f 333 381 380
f 333 334 381
f 334 382 381
f 334 335 382
f 335 383 382
f 335 336 383
f 336 384 383
f 336 289 384
f 289 337 384
f 337 338 385
f 338 386 385
f 338 339 386
f 339 387 386
f 339 340 387
f 340 388 387
f 340 341 388
f 341 389 388
f 341 342 389
f 342 390 389
f 342 343 390
f 343 391 390
f 343 344 391
f 344 392 391
f 344 345 392
f 345 393 392
f 345 346 393
f 346 394 393
f 346 347 394
f 347 395 394
f 347 348 395
f 348 396 395
f 348 349 396
f 349 397 396
f 349 350 397
f 350 398 397
f 350 351 398
f 351 399 398
f 351 352 399
f 352 400 399
f 352 353 400
f 353 401 400
f 353 354 401
f 354 402 401
f 354 355 402
f 355 403 402
f 355 356 403
f 356 404 403
f 356 357 404
f 357 405 404
f 357 358 405
f 358 406 405
f 358 359 406
f 359 407 406
f 359 360 407
f 360 408 407
f 360 361 408
f 361 409 408
f 361 362 409
f 362 410 409
f 362 363 410
f 363 411 410
f 363 364 411
f 364 412 411
f 364 365 412
f 365 413 412
f 365 366 413
f 366 414 413
f 366 367 414
f 367 415 414
f 367 368 415
f 368 416 415
f 368 369 416
f 369 417 416
f 369 370 417
f 370 418 417
f 370 371 418
f 371 419 418
f 371 372 419
f 372 420 419
f 372 373 420
f 373 421 420
f 373 374 421
f 374 422 421
f 374 375 422
f 375 423 422
f 375 376 423
f 376 424 423
f 376 377 424
f 377 425 424
f 377 378 425
f 378 426 425
f 378 379 426
f 379 427 426
f 379 380 427
f 380 428 427
f 380 381 428
f 381 429 428
f 381 382 429
f 382 430 429
f 382 383 430
f 383 431 430
f 383 384 431
f 384 432 431
f 384 337 432
f 337 385 432
f 385 386 433
f 386 434 433
f 386 387 434
f 387 435 434
f 387 388 435
f 388 436 435
f 388 389 436
f 389 437 436
f 389 390 437
f 390 438 437
f 390 391 438
f 391 439 438
f 391 392 439
f 392 440 439
f 392 393 440
f 393 441 440
f 393 394 441
f 394 442 441
f 394 395 442
f 395 443 442
f 395 396 443
f 396 444 443
f 396 397 444
f 397 445 444
f 397 398 445
f 398 446 445
f 398 399 446
f 399 447 446
f 399 400 447
f 400 448 447
f 400 401 448
f 401 449 448
f 401 402 449
f 402 450 449
f 402 403 450
f 403 451 450
f 403 404 451
f 404 452 451
f 404 405 452
f 405 453 452
f 405 406 453
f 406 454 453
f 406 407 454
f 407 455 454
f 407 408 455
f 408 456 455
f 408 409 456
f 409 457 456
f 409 410 457
f 410 458 457
f 410 411 458
f 411 459 458
f 411 412 459
f 412 460 459
f 412 413 460
f 413 461 460
f 413 414 461
f 414 462 461
f 414 415 462
f 415 463 462
f 415 416 463
f 416 464 463
f 416 417 464
f 417 465 464
f 417 418 465
f 418 466 465
f 418 419 466
f 419 467 466
f 419 420 467
f 420 468 467
f 420 421 468
f 421 469 468
f 421 422 469
f 422 470 469
f 422 423 470
f 423 471 470
f 423 424 471
f 424 472 471
f 424 425 472
f 425 473 472
f 425 426 473
f 426 474 473
f 426 427 474
f 427 475 474
f 427 428 475
f 428 476 475
f 428 429 476
f 429 477 476
f 429 430 477
f 430 478 477
f 430 431 478
f 431 479 478
f 431 432 479
f 432 480 479
f 432 385 480
f 385 433 480
f 433 434 481
f 434 482 481
f 434 435 482
f 435 483 482
f 435 436 483
f 436 484 483
f 436 437 484
f 437 485 484
f 437 438 485
f 438 486 485
f 438 439 486
f 439 487 486
f 439 440 487
f 440 488 487
f 440 441 488
f 441 489 488
f 441 442 489
f 442 490 489
f 442 443 490
f 443 491 490
f 443 444 491
f 444 492 491
f 444 445 492
f 445 493 492
f 445 446 493
f 446 494 493
f 446 447 494
f 447 495 494
f 447 448 495
f 448 496 495
f 448 449 496
f 449 497 496
f 449 450 497
f 450 498 497
f 450 451 498
f 451 499 498
f 451 452 499
f 452 500 499
f 452 453 500
f 453 501 500
f 453 454 501
f 454 502 501
f 454 455 502
f 455 503 502
f 455 456 503
f 456 504 503
f 456 457 504
f 457 505 504
f 457 458 505
f 458 506 505
f 458 459 506
f 459 507 506
f 459 460 507
f 460 508 507
f 460 461 508
f 461 509 508
f 461 462 509
f 462 510 509
f 462 463 510
f 463 511 510
f 463 464 511
f 464 512 511
f 464 465 512
f 465 513 512
f 465 466 513
f 466 514 513
f 466 467 514
f 467 515 514
f 467 468 515
f 468 516 515
f 468 469 516
f 469 517 516
f 469 470 517
f 470 518 517
f 470 471 518
f 471 519 518
f 471 472 519
f 472 520 519
f 472 473 520
f 473 521 520
f 473 474 521
f 474 522 521
f 474 475 522
f 475 523 522
f 475 476 523
f 476 524 523
f 476 477 524
f 477 525 524
f 477 478 525
f 478 526 525
f 478 479 526
f 479 527 526
f 479 480 527
f 480 528 527
f 480 433 528
f 433 481 528
f 481 482 529
f 482 530 529
f 482 483 530
f 483 531 530
f 483 484 531
f 484 532 531
f 484 485 532
f 485 533 532
f 485 486 533
f 486 534 533
f 486 487 534
f 487 535 534
f 487 488 535
f 488 536 535
f 488 489 536
f 489 537 536
f 489 490 537
f 490 538 537
f 490 491 538
f 491 539 538
f 491 492 539
f 492 540 539
f 492 493 540
f 493 541 540
f 493 494 541
f 494 542 541
f 494 495 542
f 495 543 542
f 495 496 543
f 496 544 543
f 496 497 544
f 497 545 544
f 497 498 545
f 498 546 545
f 498 499 546
f 499 547 546
f 499 500 547
f 500 548 547
f 500 501 548
f 501 549 548
f 501 502 549
f 502 550 549
f 502 503 550
f 503 551 550
f 503 504 551
f 504 552 551
f 504 505 552
f 505 553 552
f 505 506 553
f 506 554 553
f 506 507 554
f 507 555 554
f 507 508 555
f 508 556 555
f 508 509 556
f 509 557 556
f 509 510 557
f 510 558 557
f 510 511 558
f 511 559 558
f 511 512 559
f 512 560 559
f 512 513 560
f 513 561 560
f 513 514 561
f 514 562 561
f 514 515 562
f 515 563 562
f 515 516 563
f 516 564 563
f 516 517 564
f 517 565 564
f 517 518 565
f 518 566 565
f 518 519 566
f 519 567 566
f 519 520 567
f 520 568 567
f 520 521 568
f 521 569 568
f 521 522 569
f 522 570 569
f 522 523 570
f 523 571 570
f 523 524 571
f 524 572 571
f 524 525 572
f 525 573 572
f 525 526 573
f 526 574 573
f 526 527 574
f 527 575 574
f 527 528 575
f 528 576 575
f 528 481 576
f 481 529 576
f 529 530 577
f 530 578 577
f 530 531 578
f 531 579 578
f 531 532 579
f 532 580 579
f 532 533 580
f 533 581 580
f 533 534 581
f 534 582 581
f 534 535 582
f 535 583 582
f 535 536 583
f 536 584 583
f 536 537 584
f 537 585 584
f 537 538 585
f 538 586 585
f 538 539 586
f 539 587 586
f 539 540 587
f 540 588 587
f 540 541 588
f 541 589 588
f 541 542 589
f 542 590 589
f 542 543 590
f 543 591 590
f 543 544 591
f 544 592 591
f 544 545 592
f 545 593 592
f 545 546 593
f 546 594 593
f 546 547 594
f 547 595 594
f 547 548 595
f 548 596 595
f 548 549 596
f 549 597 596
f 549 550 597
f 550 598 597
f 550 551 598
f 551 599 598
f 551 552 599
f 552 600 599
f 552 553 600
f 553 601 600
f 553 554 601
f 554 602 601
f 554 555 602
f 555 603 602
f 555 556 603
f 556 604 603
f 556 557 604
f 557 605 604
f 557 558 605
f 558 606 605
f 558 559 606
f 559 607 606
f 559 560 607
f 560 608 607
f 560 561 608
f 561 609 608
f 561 562 609
f 562 610 609
f 562 563 610
f 563 611 610
f 563 564 611
f 564 612 611
f 564 565 612
f 565 613 612
f 565 566 613
f 566 614 613
f 566 567 614
f 567 615 614
f 567 568 615
f 568 616 615
f 568 569 616
f 569 617 616
f 569 570 617
f 570 618 617
f 570 571 618
f 571 619 618
f 571 572 619
f 572 620 619
f 572 573 620
f 573 621 620
f 573 574 621
f 574 622 621
f 574 575 622
f 575 623 622
f 575 576 623
f 576 624 623
f 576 529 624
f 529 577 624
f 577 578 625
f 578 626 625
f 578 579 626
f 579 627 626
f 579 580 627
f 580 628 627
f 580 581 628
f 581 629 628
f 581 582 629
f 582 630 629
f 582 583 630
f 583 631 630
f 583 584 631
f 584 632 631
f 584 585 632
f 585 633 632
f 585 586 633
f 586 634 633
f 586 587 634
f 587 635 634
f 587 588 635
f 588 636 635
f 588 589 636
f 589 637 636
f 589 590 637
f 590 638 637
f 590 591 638
f 591 639 638
f 591 592 639
f 592 640 639
f 592 593 640
f 593 641 640
f 593 594 641
f 594 642 641
f 594 595 642
f 595 643 642
f 595 596 643
f 596 644 643
f 596 597 644
f 597 645 644
f 597 598 645
f 598 646 645
f 598 599 646
f 599 647 646
f 599 600 647
f 600 648 647
f 600 601 648
f 601 649 648
f 601 602 649
f 602 650 649
f 602 603 650
f 603 651 650
f 603 604 651
f 604 652 651
f 604 605 652
f 605 653 652
f 605 606 653
f 606 654 653
f 606 607 654
f 607 655 654
f 607 608 655
f 608 656 655
f 608 609 656
f 609 657 656
f 609 610 657
f 610 658 657
f 610 611 658
f 611 659 658
f 611 612 659
f 612 660 659
f 612 613 660
f 613 661 660
f 613 614 661
f 614 662 661
f 614 615 662
f 615 663 662
f 615 616 663
f 616 664 663
f 616 617 664
f 617 665 664
f 617 618 665
f 618 666 665
f 618 619 666
f 619 667 666
f 619 620 667
f 620 668 667
f 620 621 668
f 621 669 668
f 621 622 669
f 622 670 669
f 622 623 670
f 623 671 670
f 623 624 671
f 624 672 671
f 624 577 672
f 577 625 672
f 625 626 673
f 626 674 673
f 626 627 674
f 627 675 674
f 627 628 675
f 628 676 675
f 628 629 676
f 629 677 676
f 629 630 677
f 630 678 677
f 630 631 678
f 631 679 678
f 631 632 679
f 632 680 679
f 632 633 680
f 633 681 680
f 633 634 681
f 634 682 681
f 634 635 682
f 635 683 682
f 635 636 683
f 636 684 683
f 636 637 684
f 637 685 684
f 637 638 685
f 638 686 685
f 638 639 686
f 639 687 686
f 639 640 687
f 640 688 687
f 640 641 688
f 641 689 688
f 641 642 689
f 642 690 689
f 642 643 690
f 643 691 690
f 643 644 691
f 644 692 691
f 644 645 692
f 645 693 692
f 645 646 693
f 646 694 693
f 646 647 694
f 647 695 694
f 647 648 695
f 648 696 695
f 648 649 696
f 649 697 696
f 649 650 697
f 650 698 697
f 650 651 698
f 651 699 698
f 651 652 699
f 652 700 699
f 652 653 700
f 653 701 700
f 653 654 701
f 654 702 701
f 654 655 702
f 655 703 702
f 655 656 703
f 656 704 703
f 656 657 704
f 657 705 704
f 657 658 705
f 658 706 705
f 658 659 706
f 659 707 706
f 659 660 707
f 660 708 707
f 660 661 708
f 661 709 708
f 661 662 709
f 662 710 709
f 662 663 710
f 663 711 710
f 663 664 711
f 664 712 711
f 664 665 712
f 665 713 712
f 665 666 713
f 666 714 713
f 666 667 714
f 667 715 714
f 667 668 715
f 668 716 715
f 668 669 716
f 669 717 716
f 669 670 717
f 670 718 717
f 670 671 718
f 671 719 718
f 671 672 719
f 672 720 719
f 672 625 720
f 625 673 720
f 673 674 721
f 674 722 721
f 674 675 722
f 675 723 722
f 675 676 723
f 676 724 723
f 676 677 724
f 677 725 724
f 677 678 725
f 678 726 725
f 678 679 726
f 679 727 726
f 679 680 727
f 680 728 727
f 680 681 728
f 681 729 728
f 681 682 729
f 682 730 729
f 682 683 730
f 683 731 730
f 683 684 731
f 684 732 731
f 684 685 732
f 685 733 732
f 685 686 733
f 686 734 733
f 686 687 734
f 687 735 734
f 687 688 735
f 688 736 735
f 688 689 736
f 689 737 736
f 689 690 737
f 690 738 737
f 690 691 738
f 691 739 738
f 691 692 739
f 692 740 739
f 692 693 740
f 693 741 740
f 693 694 741
f 694 742 741
f 694 695 742
f 695 743 742
f 695 696 743
f 696 744 743
f 696 697 744
f 697 745 744
f 697 698 745
f 698 746 745
f 698 699 746
f 699 747 746
f 699 700 747
f 700 748 747
f 700 701 748
f 701 749 748
f 701 702 749
f 702 750 749
f 702 703 750
f 703 751 750
f 703 704 751
f 704 752 751
f 704 705 752
f 705 753 752
f 705 706 753
f 706 754 753
f 706 707 754
f 707 755 754
f 707 708 755
f 708 756 755
f 708 709 756
f 709 757 756
f 709 710 757
f 710 758 757
f 710 711 758
f 711 759 758
f 711 712 759
f 712 760 759
f 712 713 760
f 713 761 760
f 713 714 761
f 714 762 761
f 714 715 762
f 715 763 762
f 715 716 763
f 716 764 763
f 716 717 764
f 717 765 764
f 717 718 765
f 718 766 765
f 718 719 766
f 719 767 766
f 719 720 767
f 720 768 767
f 720 673 768
f 673 721 768
f 721 722 769
f 722 770 769
f 722 723 770
f 723 771 770
f 723 724 771
f 724 772 771
f 724 725 772
f 725 773 772
f 725 726 773
f 726 774 773
f 726 727 774
f 727 775 774
f 727 728 775
f 728 776 775
f 728 729 776
f 729 777 776
f 729 730 777
f 730 778 777
f 730 731 778
f 731 779 778
f 731 732 779
f 732 780 779
f 732 733 780
f 733 781 780
f 733 734 781
f 734 782 781
f 734 735 782
f 735 783 782
f 735 736 783
f 736 784 783
f 736 737 784
f 737 785 784
f 737 738 785
f 738 786 785
f 738 739 786
f 739 787 786
f 739 740 787
f 740 788 787
f 740 741 788
f 741 789 788
f 741 742 789
f 742 790 789
f 742 743 790
f 743 791 790
f 743 744 791
f 744 792 791
f 744 745 792
f 745 793 792
f 745 746 793
f 746 794 793
f 746 747 794
f 747 795 794
f 747 748 795
f 748 796 795
f 748 749 796
f 749 797 796
f 749 750 797
f 750 798 797
f 750 751 798
f 751 799 798
f 751 752 799
f 752 800 799
f 752 753 800
f 753 801 800
f 753 754 801
f 754 802 801
f 754 755 802
f 755 803 802
f 755 756 803
f 756 804 803
f 756 757 804
f 757 805 804
f 757 758 805
f 758 806 805
f 758 759 806
f 759 807 806
f 759 760 807
f 760 808 807
f 760 761 808
f 761 809 808
f 761 762 809
f 762 810 809
f 762 763 810
f 763 811 810
f 763 764 811
f 764 812 811
f 764 765 812
f 765 813 812
f 765 766 813
f 766 814 813
f 766 767 814
f 767 815 814
f 767 768 815
f 768 816 815
f 768 721 816
f 721 769 816
f 769 770 817
f 770 818 817
f 770 771 818
f 771 819 818
f 771 772 819
f 772 820 819
f 772 773 820
f 773 821 820
f 773 774 821
f 774 822 821
f 774 775 822
f 775 823 822
f 775 776 823
f 776 824 823
f 776 777 824
f 777 825 824
f 777 778 825
f 778 826 825
f 778 779 826
f 779 827 826
f 779 780 827
f 780 828 827
f 780 781 828
f 781 829 828
f 781 782 829
f 782 830 829
f 782 783 830
f 783 831 830
f 783 784 831
f 784 832 831
f 784 785 832
f 785 833 832
f 785 786 833
f 786 834 833
f 786 787 834
f 787 835 834
f 787 788 835
f 788 836 835
f 788 789 836
f 789 837 836
f 789 790 837
f 790 838 837
f 790 791 838
f 791 839 838
f 791 792 839
f 792 840 839
f 792 793 840
f 793 841 840
f 793 794 841
f 794 842 841
f 794 795 842
f 795 843 842
f 795 796 843
f 796 844 843
f 796 797 844
f 797 845 844
f 797 798 845
f 798 846 845
f 798 799 846
f 799 847 846
f 799 800 847
f 800 848 847
f 800 801 848
f 801 849 848
f 801 802 849
f 802 850 849
f 802 803 850
f 803 851 850
f 803 804 851
f 804 852 851
f 804 805 852
f 805 853 852
f 805 806 853
f 806 854 853
f 806 807 854
f 807 855 854
f 807 808 855
f 808 856 855
f 808 809 856
f 809 857 856
f 809 810 857
f 810 858 857
f 810 811 858
f 811 859 858
f 811 812 859
f 812 860 859
f 812 813 860
f 813 861 860
f 813 814 861
f 814 862 861
f 814 815 862
f 815 863 862
f 815 816 863
f 816 864 863
f 816 769 864
f 769 817 864
f 817 818 865
f 818 866 865
f 818 819 866
f 819 867 866
f 819 820 867
f 820 868 867
f 820 821 868
f 821 869 868
f 821 822 869
f 822 870 869
f 822 823 870
f 823 871 870
f 823 824 871
f 824 872 871
f 824 825 872
f 825 873 872
f 825 826 873
f 826 874 873
f 826 827 874
f 827 875 874
f 827 828 875
f 828 876 875
f 828 829 876
f 829 877 876
f 829 830 877
f 830 878 877
f 830 831 878
f 831 879 878
f 831 832 879
f 832 880 879
f 832 833 880
f 833 881 880
f 833 834 881
f 834 882 881
f 834 835 882
f 835 883 882
f 835 836 883
f 836 884 883
f 836 837 884
f 837 885 884
f 837 838 885
f 838 886 885
f 838 839 886
f 839 887 886
f 839 840 887
f 840 888 887
f 840 841 888
f 841 889 888
f 841 842 889
f 842 890 889
f 842 843 890
f 843 891 890
f 843 844 891
f 844 892 891
f 844 845 892
f 845 893 892
f 845 846 893
f 846 894 893
f 846 847 894
f 847 895 894
f 847 848 895
f 848 896 895
f 848 849 896
f 849 897 896
f 849 850 897
f 850 898 897
f 850 851 898
f 851 899 898
f 851 852 899
f 852 900 899
f 852 853 900
f 853 901 900
f 853 854 901
f 854 902 901
f 854 855 902
f 855 903 902
f 855 856 903
f 856 904 903
f 856 857 904
f 857 905 904
f 857 858 905
f 858 906 905
f 858 859 906
f 859 907 906
f 859 860 907
f 860 908 907
f 860 861 908
f 861 909 908
f 861 862 909
f 862 910 909
f 862 863 910
f 863 911 910
f 863 864 911
f 864 912 911
f 864 817 912
f 817 865 912
f 865 866 913
f 866 914 913
f 866 867 914
f 867 915 914
f 867 868 915
f 868 916 915
f 868 869 916
f 869 917 916
f 869 870 917
f 870 918 917
f 870 871 918
f 871 919 918
f 871 872 919
f 872 920 919
f 872 873 920
f 873 921 920
f 873 874 921
f 874 922 921
f 874 875 922
f 875 923 922
f 875 876 923
f 876 924 923
f 876 877 924
f 877 925 924
f 877 878 925
f 878 926 925
f 878 879 926
f 879 927 926
f 879 880 927
f 880 928 927
f 880 881 928
f 881 929 928
f 881 882 929
f 882 930 929
f 882 883 930
f 883 931 930
f 883 884 931
f 884 932 931
f 884 885 932
f 885 933 932
f 885 886 933
f 886 934 933
f 886 887 934
f 887 935 934
f 887 888 935
f 888 936 935
f 888 889 936
f 889 937 936
f 889 890 937
f 890 938 937
f 890 891 938
f 891 939 938
f 891 892 939
f 892 940 939
f 892 893 940
f 893 941 940
f 893 894 941
f 894 942 941
f 894 895 942
f 895 943 942
f 895 896 943
f 896 944 943
f 896 897 944
f 897 945 944
f 897 898 945
f 898 946 945
f 898 899 946
f 899 947 946
f 899 900 947
f 900 948 947
f 900 901 948
f 901 949 948
f 901 902 949
f 902 950 949
f 902 903 950
f 903 951 950
f 903 904 951
f 904 952 951
f 904 905 952
f 905 953 952
f 905 906 953
f 906 954 953
f 906 907 954
f 907 955 954
f 907 908 955
f 908 956 955
f 908 909 956
f 909 957 956
f 909 910 957
f 910 958 957
f 910 911 958
f 911 959 958
f 911 912 959
f 912 960 959
f 912 865 960
f 865 913 960
f 913 914 961
f 914 962 961
f 914 915 962
f 915 963 962
f 915 916 963
f 916 964 963
f 916 917 964
f 917 965 964
f 917 918 965
f 918 966 965
f 918 919 966
f 919 967 966
f 919 920 967
f 920 968 967
f 920 921 968
f 921 969 968
f 921 922 969
f 922 970 969
f 922 923 970
f 923 971 970
f 923 924 971
f 924 972 971
f 924 925 972
f 925 973 972
f 925 926 973
f 926 974 973
f 926 927 974
f 927 975 974
f 927 928 975
f 928 976 975
f 928 929 976
f 929 977 976
f 929 930 977
f 930 978 977
f 930 931 978
f 931 979 978
f 931 932 979
f 932 980 979
f 932 933 980
f 933 981 980
f 933 934 981
f 934 982 981
f 934 935 982
f 935 983 982
f 935 936 983
f 936 984 983
f 936 937 984
f 937 985 984
f 937 938 985
f 938 986 985
f 938 939 986
f 939 987 986
f 939 940 987
f 940 988 987
f 940 941 988
f 941 989 988
f 941 942 989
f 942 990 989
f 942 943 990
f 943 991 990
f 943 944 991
f 944 992 991
f 944 945 992
f 945 993 992
f 945 946 993
f 946 994 993
f 946 947 994
f 947 995 994
f 947 948 995
f 948 996 995
f 948 949 996
f 949 997 996
f 949 950 997
f 950 998 997
f 950 951 998
f 951 999 998
f 951 952 999
f 952 1000 999
f 952 953 1000
f 953 1001 1000
f 953 954 1001
f 954 1002 1001
f 954 955 1002
f 955 1003 1002
f 955 956 1003
f 956 1004 1003
f 956 957 1004
f 957 1005 1004
f 957 958 1005
f 958 1006 1005
f 958 959 1006
f 959 1007 1006
f 959 960 1007
f 960 1008 1007
f 960 913 1008
f 913 961 1008
f 961 962 1009
f 962 1010 1009
f 962 963 1010
f 963 1011 1010
f 963 964 1011
f 964 1012 1011
f 964 965 1012
f 965 1013 1012
f 965 966 1013
f 966 1014 1013
f 966 967 1014
f 967 1015 1014
f 967 968 1015
f 968 1016 1015
f 968 969 1016
f 969 1017 1016
f 969 970 1017
f 970 1018 1017
f 970 971 1018
f 971 1019 1018
f 971 972 1019
f 972 1020 1019
f 972 973 1020
f 973 1021 1020
f 973 974 1021
f 974 1022 1021
f 974 975 1022
f 975 1023 1022
f 975 976 1023
f 976 1024 1023
f 976 977 1024
f 977 1025 1024
f 977 978 1025
f 978 1026 1025
f 978 979 1026
f 979 1027 1026
f 979 980 1027
f 980 1028 1027
f 980 981 1028
f 981 1029 1028
f 981 982 1029
f 982 1030 1029
f 982 983 1030
f 983 1031 1030
f 983 984 1031
f 984 1032 1031
f 984 985 1032
f 985 1033 1032
f 985 986 1033
f 986 1034 1033
f 986 987 1034
f 987 1035 1034
f 987 988 1035
f 988 1036 1035
f 988 989 1036
f 989 1037 1036
f 989 990 1037
f 990 1038 1037
f 990 991 1038
f 991 1039 1038
f 991 992 1039
f 992 1040 1039
f 992 993 1040
f 993 1041 1040
f 993 994 1041
f 994 1042 1041
f 994 995 1042
f 995 1043 1042
f 995 996 1043
f 996 1044 1043
f 996 997 1044
f 997 1045 1044
f 997 998 1045
f 998 1046 1045
f 998 999 1046
f 999 1047 1046
f 999 1000 1047
f 1000 1048 1047
f 1000 1001 1048
f 1001 1049 1048
f 1001 1002 1049
f 1002 1050 1049
f 1002 1003 1050
f 1003 1051 1050
f 1003 1004 1051
f 1004 1052 1051
f 1004 1005 1052
f 1005 1053 1052
f 1005 1006 1053
f 1006 1054 1053
f 1006 1007 1054
f 1007 1055 1054
f 1007 1008 1055
f 1008 1056 1055
f 1008 961 1056
f 961 1009 1056
f 1009 1010 1057
f 1010 1058 1057
f 1010 1011 1058
f 1011 1059 1058
f 1011 1012 1059
f 1012 1060 1059
f 1012 1013 1060
f 1013 1061 1060
f 1013 1014 1061
f 1014 1062 1061
f 1014 1015 1062
f 1015 1063 1062
f 1015 1016 1063
f 1016 1064 1063
f 1016 1017 1064
f 1017 1065 1064
f 1017 1018 1065
f 1018 1066 1065
f 1018 1019 1066
f 1019 1067 1066
f 1019 1020 1067
f 1020 1068 1067
f 1020 1021 1068
f 1021 1069 1068
f 1021 1022 1069
f 1022 1070 1069
f 1022 1023 1070
f 1023 1071 1070
f 1023 1024 1071
f 1024 1072 1071
f 1024 1025 1072
f 1025 1073 1072
f 1025 1026 1073
f 1026 1074 1073
f 1026 1027 1074
f 1027 1075 1074
f 1027 1028 1075
f 1028 1076 1075
f 1028 1029 1076
f 1029 1077 1076
f 1029 1030 1077
f 1030 1078 1077
f 1030 1031 1078
f 1031 1079 1078
f 1031 1032 1079
f 1032 1080 1079
f 1032 1033 1080
f 1033 1081 1080
f 1033 1034 1081
f 1034 1082 1081
f 1034 1035 1082
f 1035 1083 1082
f 1035 1036 1083
f 1036 1084 1083
f 1036 1037 1084
f 1037 1085 1084
f 1037 1038 1085
f 1038 1086 1085
f 1038 1039 1086
f 1039 1087 1086
f 1039 1040 1087
f 1040 1088 1087
f 1040 1041 1088
f 1041 1089 1088
f 1041 1042 1089
f 1042 1090 1089
f 1042 1043 1090
f 1043 1091 1090
f 1043 1044 1091
f 1044 1092 1091
f 1044 1045 1092
f 1045 1093 1092
f 1045 1046 1093
f 1046 1094 1093
f 1046 1047 1094
f 1047 1095 1094
f 1047 1048 1095
f 1048 1096 1095
f 1048 1049 1096
f 1049 1097 1096
f 1049 1050 1097
f 1050 1098 1097
f 1050 1051 1098
f 1051 1099 1098
f 1051 1052 1099
f 1052 1100 1099
f 1052 1053 1100
f 1053 1101 1100
f 1053 1054 1101
f 1054 1102 1101
f 1054 1055 1102
f 1055 1103 1102
f 1055 1056 1103
f 1056 1104 1103
f 1056 1009 1104
f 1009 1057 1104
f 1057 1058 1105
f 1058 1106 1105
f 1058 1059 1106
f 1059 1107 1106
f 1059 1060 1107
f 1060 1108 1107
f 1060 1061 1108
f 1061 1109 1108
f 1061 1062 1109
f 1062 1110 1109
f 1062 1063 1110
f 1063 1111 1110
f 1063 1064 1111
f 1064 1112 1111
f 1064 1065 1112
f 1065 1113 1112
f 1065 1066 1113
f 1066 1114 1113
f 1066 1067 1114
f 1067 1115 1114
f 1067 1068 1115
f 1068 1116 1115
f 1068 1069 1116
f 1069 1117 1116
f 1069 1070 1117
f 1070 1118 1117
f 1070 1071 1118
f 1071 1119 1118
f 1071 1072 1119
f 1072 1120 1119
f 1072 1073 1120
f 1073 1121 1120
f 1073 1074 1121
f 1074 1122 1121
f 1074 1075 1122
f 1075 1123 1122
f 1075 1076 1123
f 1076 1124 1123
f 1076 1077 1124
f 1077 1125 1124
f 1077 1078 1125
f 1078 1126 1125
f 1078 1079 1126
f 1079 1127 1126
f 1079 1080 1127
f 1080 1128 1127
f 1080 1081 1128
f 1081 1129 1128
f 1081 1082 1129
f 1082 1130 1129
f 1082 1083 1130
f 1083 1131 1130
f 1083 1084 1131
f 1084 1132 1131
f 1084 1085 1132
f 1085 1133 1132
f 1085 1086 1133
f 1086 1134 1133
f 1086 1087 1134
f 1087 1135 1134
f 1087 1088 1135
f 1088 1136 1135
f 1088 1089 1136
f 1089 1137 1136
f 1089 1090 1137
f 1090 1138 1137
f 1090 1091 1138
f 1091 1139 1138
f 1091 1092 1139
f 1092 1140 1139
f 1092 1093 1140
f 1093 1141 1140
f 1093 1094 1141
f 1094 1142 1141
f 1094 1095 1142
f 1095 1143 1142
f 1095 1096 1143
f 1096 1144 1143
f 1096 1097 1144
f 1097 1145 1144
f 1097 1098 1145
f 1098 1146 1145
f 1098 1099 1146
f 1099 1147 1146
f 1099 1100 1147
f 1100 1148 1147
f 1100 1101 1148
f 1101 1149 1148
f 1101 1102 1149
f 1102 1150 1149
f 1102 1103 1150
f 1103 1151 1150
f 1103 1104 1151
f 1104 1152 1151
f 1104 1057 1152
f 1057 1105 1152
f 1105 1106 1153
f 1106 1154 1153
f 1106 1107 1154
f 1107 1155 1154
f 1107 1108 1155
f 1108 1156 1155
f 1108 1109 1156
f 1109 1157 1156
f 1109 1110 1157
f 1110 1158 1157
f 1110 1111 1158
f 1111 1159 1158
f 1111 1112 1159
f 1112 1160 1159
f 1112 1113 1160
f 1113 1161 1160
f 1113 1114 1161
f 1114 1162 1161
f 1114 1115 1162
f 1115 1163 1162
f 1115 1116 1163
f 1116 1164 1163
f 1116 1117 1164
f 1117 1165 1164
f 1117 1118 1165
f 1118 1166 1165
f 1118 1119 1166
f 1119 1167 1166
f 1119 1120 1167
f 1120 1168 1167
f 1120 1121 1168
f 1121 1169 1168
f 1121 1122 1169
f 1122 1170 1169
f 1122 1123 1170
f 1123 1171 1170
f 1123 1124 1171
f 1124 1172 1171
f 1124 1125 1172
f 1125 1173 1172
f 1125 1126 1173
f 1126 1174 1173
f 1126 1127 1174
f 1127 1175 1174
f 1127 1128 1175
f 1128 1176 1175
f 1128 1129 1176
f 1129 1177 1176
f 1129 1130 1177
f 1130 1178 1177
f 1130 1131 1178
f 1131 1179 1178
f 1131 1132 1179
f 1132 1180 1179
f 1132 1133 1180
f 1133 1181 1180
f 1133 1134 1181
f 1134 1182 1181
f 1134 1135 1182
f 1135 1183 1182
f 1135 1136 1183
f 1136 1184 1183
f 1136 1137 1184
f 1137 1185 1184
f 1137 1138 1185
f 1138 1186 1185
f 1138 1139 1186
f 1139 1187 1186
f 1139 1140 1187
f 1140 1188 1187
f 1140 1141 1188
f 1141 1189 1188
f 1141 1142 1189
f 1142 1190 1189
f 1142 1143 1190
f 1143 1191 1190
f 1143 1144 1191
f 1144 1192 1191
f 1144 1145 1192
f 1145 1193 1192
f 1145 1146 1193
f 1146 1194 1193
f 1146 1147 1194
f 1147 1195 1194
f 1147 1148 1195
f 1148 1196 1195
f 1148 1149 1196
f 1149 1197 1196
f 1149 1150 1197
f 1150 1198 1197
f 1150 1151 1198
f 1151 1199 1198
f 1151 1152 1199
f 1152 1200 1199
f 1152 1105 1200
f 1105 1153 1200
f 1153 1154 1201
f 1154 1202 1201
f 1154 1155 1202
f 1155 1203 1202
f 1155 1156 1203
f 1156 1204 1203
f 1156 1157 1204
f 1157 1205 1204
f 1157 1158 1205
f 1158 1206 1205
f 1158 1159 1206
f 1159 1207 1206
f 1159 1160 1207
f 1160 1208 1207
f 1160 1161 1208
f 1161 1209 1208
f 1161 1162 1209
f 1162 1210 1209
f 1162 1163 1210
f 1163 1211 1210
f 1163 1164 1211
f 1164 1212 1211
f 1164 1165 1212
f 1165 1213 1212
f 1165 1166 1213
f 1166 1214 1213
f 1166 1167 1214
f 1167 1215 1214
f 1167 1168 1215
f 1168 1216 1215
f 1168 1169 1216
f 1169 1217 1216
f 1169 1170 1217
f 1170 1218 1217
f 1170 1171 1218
f 1171 1219 1218
f 1171 1172 1219
f 1172 1220 1219
f 1172 1173 1220
f 1173 1221 1220
f 1173 1174 1221
f 1174 1222 1221
f 1174 1175 1222
f 1175 1223 1222
f 1175 1176 1223
f 1176 1224 1223
f 1176 1177 1224
f 1177 1225 1224
f 1177 1178 1225
f 1178 1226 1225
f 1178 1179 1226
f 1179 1227 1226
f 1179 1180 1227
f 1180 1228 1227
f 1180 1181 1228
f 1181 1229 1228
f 1181 1182 1229
f 1182 1230 1229
f 1182 1183 1230
f 1183 1231 1230
f 1183 1184 1231
f 1184 1232 1231
f 1184 1185 1232
f 1185 1233 1232
f 1185 1186 1233
f 1186 1234 1233
f 1186 1187 1234
f 1187 1235 1234
f 1187 1188 1235
f 1188 1236 1235
f 1188 1189 1236
f 1189 1237 1236
f 1189 1190 1237
f 1190 1238 1237
f 1190 1191 1238
f 1191 1239 1238
f 1191 1192 1239
f 1192 1240 1239
f 1192 1193 1240
f 1193 1241 1240
f 1193 1194 1241
f 1194 1242 1241
f 1194 1195 1242
f 1195 1243 1242
f 1195 1196 1243
f 1196 1244 1243
f 1196 1197 1244
f 1197 1245 1244
f 1197 1198 1245
f 1198 1246 1245
f 1198 1199 1246
f 1199 1247 1246
f 1199 1200 1247
f 1200 1248 1247
f 1200 1153 1248
f 1153 1201 1248
f 1201 1202 1249
f 1202 1250 1249
f 1202 1203 1250
f 1203 1251 1250
f 1203 1204 1251
f 1204 1252 1251
f 1204 1205 1252
f 1205 1253 1252
f 1205 1206 1253
f 1206 1254 1253
f 1206 1207 1254
f 1207 1255 1254
f 1207 1208 1255
f 1208 1256 1255
f 1208 1209 1256
f 1209 1257 1256
f 1209 1210 1257
f 1210 1258 1257
f 1210 1211 1258
f 1211 1259 1258
f 1211 1212 1259
f 1212 1260 1259
f 1212 1213 1260
f 1213 1261 1260
f 1213 1214 1261
f 1214 1262 1261
f 1214 1215 1262
f 1215 1263 1262
f 1215 1216 1263
f 1216 1264 1263
f 1216 1217 1264
f 1217 1265 1264
f 1217 1218 1265
f 1218 1266 1265
f 1218 1219 1266
f 1219 1267 1266
f 1219 1220 1267
f 1220 1268 1267
f 1220 1221 1268
f 1221 1269 1268
f 1221 1222 1269
f 1222 1270 1269
f 1222 1223 1270
f 1223 1271 1270
f 1223 1224 1271
f 1224 1272 1271
f 1224 1225 1272
f 1225 1273 1272
f 1225 1226 1273
f 1226 1274 1273
f 1226 1227 1274
f 1227 1275 1274
f 1227 1228 1275
f 1228 1276 1275
f 1228 1229 1276
f 1229 1277 1276
f 1229 1230 1277
f 1230 1278 1277
f 1230 1231 1278
f 1231 1279 1278
f 1231 1232 1279
f 1232 1280 1279
f 1232 1233 1280
f 1233 1281 1280
f 1233 1234 1281
f 1234 1282 1281
f 1234 1235 1282
f 1235 1283 1282
f 1235 1236 1283
f 1236 1284 1283
f 1236 1237 1284
f 1237 1285 1284
f 1237 1238 1285
f 1238 1286 1285
f 1238 1239 1286
f 1239 1287 1286
f 1239 1240 1287
f 1240 1288 1287
f 1240 1241 1288
f 1241 1289 1288
f 1241 1242 1289
f 1242 1290 1289
f 1242 1243 1290
f 1243 1291 1290
f 1243 1244 1291
f 1244 1292 1291
f 1244 1245 1292
f 1245 1293 1292
f 1245 1246 1293
f 1246 1294 1293
f 1246 1247 1294
f 1247 1295 1294
f 1247 1248 1295
f 1248 1296 1295
f 1248 1201 1296
f 1201 1249 1296
f 1249 1250 1297
f 1250 1298 1297
f 1250 1251 1298
f 1251 1299 1298
f 1251 1252 1299
f 1252 1300 1299
f 1252 1253 1300
f 1253 1301 1300
f 1253 1254 1301
f 1254 1302 1301
f 1254 1255 1302
f 1255 1303 1302
f 1255 1256 1303
f 1256 1304 1303
f 1256 1257 1304
f 1257 1305 1304
f 1257 1258 1305
f 1258 1306 1305
f 1258 1259 1306
f 1259 1307 1306
f 1259 1260 1307
f 1260 1308 1307
f 1260 1261 1308
f 1261 1309 1308
f 1261 1262 1309
f 1262 1310 1309
f 1262 1263 1310
f 1263 1311 1310
f 1263 1264 1311
f 1264 1312 1311
f 1264 1265 1312
f 1265 1313 1312
f 1265 1266 1313
f 1266 1314 1313
f 1266 1267 1314
f 1267 1315 1314
f 1267 1268 1315
f 1268 1316 1315
f 1268 1269 1316
f 1269 1317 1316
f 1269 1270 1317
f 1270 1318 1317
f 1270 1271 1318
f 1271 1319 1318
f 1271 1272 1319
f 1272 1320 1319
f 1272 1273 1320
f 1273 1321 1320
f 1273 1274 1321
f 1274 1322 1321
f 1274 1275 1322
f 1275 1323 1322
f 1275 1276 1323
f 1276 1324 1323
f 1276 1277 1324
f 1277 1325 1324
f 1277 1278 1325
f 1278 1326 1325
f 1278 1279 1326
f 1279 1327 1326
f 1279 1280 1327
f 1280 1328 1327
f 1280 1281 1328
f 1281 1329 1328
f 1281 1282 1329
f 1282 1330 1329
f 1282 1283 1330
f 1283 1331 1330
f 1283 1284 1331
f 1284 1332 1331
f 1284 1285 1332
f 1285 1333 1332
f 1285 1286 1333
f 1286 1334 1333
f 1286 1287 1334
f 1287 1335 1334
f 1287 1288 1335
f 1288 1336 1335
f 1288 1289 1336
f 1289 1337 1336
f 1289 1290 1337
f 1290 1338 1337
f 1290 1291 1338
f 1291 1339 1338
f 1291 1292 1339
f 1292 1340 1339
f 1292 1293 1340
f 1293 1341 1340
f 1293 1294 1341
f 1294 1342 1341
f 1294 1295 1342
f 1295 1343 1342
f 1295 1296 1343
f 1296 1344 1343
f 1296 1249 1344
f 1249 1297 1344
f 31 30 32
f 32 30 1345
f 32 1346 33
f 32 1345 1346
f 33 1346 34
f 34 1346 1347
f 34 1348 35
f 34 1347 1348
f 35 1348 36
f 36 1348 1349
f 36 1350 37
f 36 1349 1350
f 37 1350 38
f 38 1350 1351
f 38 1352 39
f 38 1351 1352
f 39 1352 40
f 40 1352 1353
f 40 1354 41
f 40 1353 1354
f 41 1354 42
f 42 1354 1355
f 42 44 43
f 42 1355 44
f 30 1356 1345
f 30 29 1356
f 1345 1356 1346
f 1346 1356 1357
f 1346 1358 1347
f 1346 1357 1358
f 1347 1358 1348
f 1348 1358 1359
f 1348 1360 1349
f 1348 1359 1360
f 1349 1360 1350
f 1350 1360 1361
f 1350 1362 1351
f 1350 1361 1362
f 1351 1362 1352
f 1352 1362 1363
f 1352 1364 1353
f 1352 1363 1364
f 1353 1364 1354
f 1354 1364 1365
f 1354 1366 1355
f 1354 1365 1366
f 1355 1366 44
f 44 1366 45
f 29 28 1356
f 1356 28 1367
f 1356 1368 1357
f 1356 1367 1368
f 1357 1368 1358
f 1358 1368 1369
f 1358 1370 1359
f 1358 1369 1370
f 1359 1370 1360
f 1360 1370 1371
f 1360 1372 1361
f 1360 1371 1372
f 1361 1372 1362
f 1362 1372 1373
f 1362 1374 1363
f 1362 1373 1374
f 1363 1374 1364
f 1364 1374 1375
f 1364 1376 1365
f 1364 1375 1376
f 1365 1376 1366
f 1366 1376 1377
f 1366 46 45
f 1366 1377 46
f 28 1378 1367
f 28 27 1378
f 1367 1378 1368
f 1368 1378 1379
f 1368 1380 1369
f 1368 1379 1380
f 1369 1380 1370
f 1370 1380 1381
f 1370 1382 1371
f 1370 1381 1382
f 1371 1382 1372
f 1372 1382 1383
f 1372 1384 1373
f 1372 1383 1384
f 1373 1384 1374
f 1374 1384 1385
f 1374 1386 1375
f 1374 1385 1386
f 1375 1386 1376
f 1376 1386 1387
f 1376 1388 1377
f 1376 1387 1388
f 1377 1388 46
f 46 1388 47
f 27 26 1378
f 1378 26 1389
f 1378 1390 1379
f 1378 1389 1390
f 1379 1390 1380
f 1380 1390 1391
f 1380 1392 1381
f 1380 1391 1392
f 1381 1392 1382
f 1382 1392 1393
f 1382 1394 1383
f 1382 1393 1394
f 1383 1394 1384
f 1384 1394 1395
f 1384 1396 1385
f 1384 1395 1396
f 1385 1396 1386
f 1386 1396 1397
f 1386 1398 1387
f 1386 1397 1398
f 1387 1398 1388
f 1388 1398 1399
f 1388 48 47
f 1388 1399 48
f 26 1400 1389
f 26 25 1400
f 1389 1400 1390
f 1390 1400 1401
f 1390 1402 1391
f 1390 1401 1402
f 1391 1402 1392
f 1392 1402 1403
f 1392 1404 1393
f 1392 1403 1404
f 1393 1404 1394
f 1394 1404 1405
f 1394 1406 1395
f 1394 1405 1406
f 1395 1406 1396
f 1396 1406 1407
f 1396 1408 1397
f 1396 1407 1408
f 1397 1408 1398
f 1398 1408 1409
f 1398 1410 1399
f 1398 1409 1410
f 1399 1410 48
f 48 1410 1
f 25 24 1400
f 1400 24 1411
f 1400 1412 1401
f 1400 1411 1412
f 1401 1412 1402
f 1402 1412 1413
f 1402 1414 1403
f 1402 1413 1414
f 1403 1414 1404
f 1404 1414 1415
f 1404 1416 1405
f 1404 1415 1416
f 1405 1416 1406
f 1406 1416 1417
f 1406 1418 1407
f 1406 1417 1418
f 1407 1418 1408
f 1408 1418 1419
f 1408 1420 1409
f 1408 1419 1420
f 1409 1420 1410
f 1410 1420 1421
f 1410 2 1
f 1410 1421 2
f 24 1422 1411
f 24 23 1422
f 1411 1422 1412
f 1412 1422 1423
f 1412 1424 1413
f 1412 1423 1424
f 1413 1424 1414
f 1414 1424 1425
f 1414 1426 1415
f 1414 1425 1426
f 1415 1426 1416
f 1416 1426 1427
f 1416 1428 1417
f 1416 1427 1428
f 1417 1428 1418
f 1418 1428 1429
f 1418 1430 1419
f 1418 1429 1430
f 1419 1430 1420
f 1420 1430 1431
f 1420 1432 1421
f 1420 1431 1432
f 1421 1432 2
f 2 1432 3
f 23 22 1422
f 1422 22 1433
f 1422 1434 1423
f 1422 1433 1434
f 1423 1434 1424
f 1424 1434 1435
f 1424 1436 1425
f 1424 1435 1436
f 1425 1436 1426
f 1426 1436 1437
f 1426 1438 1427
f 1426 1437 1438
f 1427 1438 1428
f 1428 1438 1439
f 1428 1440 1429
f 1428 1439 1440
f 1429 1440 1430
f 1430 1440 1441
f 1430 1442 1431
f 1430 1441 1442
f 1431 1442 1432
f 1432 1442 1443
f 1432 4 3
f 1432 1443 4
f 22 1444 1433
f 22 21 1444
f 1433 1444 1434
f 1434 1444 1445
f 1434 1446 1435
f 1434 1445 1446
f 1435 1446 1436
f 1436 1446 1447
f 1436 1448 1437
f 1436 1447 1448
f 1437 1448 1438
f 1438 1448 1449
f 1438 1450 1439
f 1438 1449 1450
f 1439 1450 1440
f 1440 1450 1451
f 1440 1452 1441
f 1440 1451 1452
f 1441 1452 1442
f 1442 1452 1453
f 1442 1454 1443
f 1442 1453 1454
f 1443 1454 4
f 4 1454 5
f 21 20 1444
f 1444 20 1455
f 1444 1456 1445
f 1444 1455 1456
f 1445 1456 1446
f 1446 1456 1457
f 1446 1458 1447
f 1446 1457 1458
f 1447 1458 1448
f 1448 1458 1459
f 1448 1460 1449
f 1448 1459 1460
f 1449 1460 1450
f 1450 1460 1461
f 1450 1462 1451
f 1450 1461 1462
f 1451 1462 1452
f 1452 1462 1463
f 1452 1464 1453
f 1452 1463 1464
f 1453 1464 1454
f 1454 1464 1465
f 1454 6 5
f 1454 1465 6
f 20 18 1455
f 20 19 18
f 1455 18 1456
f 1456 18 17
f 1456 16 1457
f 1456 17 16
f 1457 16 1458
f 1458 16 15
f 1458 14 1459
f 1458 15 14
f 1459 14 1460
f 1460 14 13
f 1460 12 1461
f 1460 13 12
f 1461 12 1462
f 1462 12 11
f 1462 10 1463
f 1462 11 10
f 1463 10 1464
f 1464 10 9
f 1464 8 1465
f 1464 9 8
f 1465 8 6
f 6 8 7
# grip center 0.177783549 0.0142531032 0.203479022 active 1 orientation 1 0 0 0 patch_center 0
# ball 0 center 0.189999998 0 0.0956233218 radius 0.0700000003 appearance 0 orientation 1 0 0 0 angular_velocity 0 0 0 linear_velocity 0 0 -0.163497016
# ball 1 center 0.118000001 0.149000004 0.0906233266 radius 0.0649999976 appearance 1 orientation 1 0 0 0 angular_velocity 0 0 0 linear_velocity 0 0 -0.163496807
# ball 2 center -0.0419999994 0.185000002 0.106623322 radius 0.075000003 appearance 2 orientation 1 0 0 0 angular_velocity 0 0 0 linear_velocity 0 0 -0.163497239
# ball 3 center -0.171000004 0.0820000023 0.0856233239 radius 0.0599999987 appearance 1 orientation 1 0 0 0 angular_velocity 0 0 0 linear_velocity 0 0 -0.163496718
# ball 4 center -0.187000006 -0.0759999976 0.0996233299 radius 0.0680000037 appearance 3 orientation 1 0 0 0 angular_velocity 0 0 0 linear_velocity 0 0 -0.163496926
# ball 5 center -0.0419999994 -0.185000002 0.0976233184 radius 0.0719999969 appearance 0 orientation 1 0 0 0 angular_velocity 0 0 0 linear_velocity 0 0 -0.163497135
# ball 6 center 0.118000001 -0.149000004 0.08862333 radius 0.063000001 appearance 2 orientation 1 0 0 0 angular_velocity 0 0 0 linear_velocity 0 0 -0.163496807
# ball 7 center 0 0 0.0916233286 radius 0.0659999996 appearance 3 orientation 1 0 0 0 angular_velocity 0 0 0 linear_velocity 0 0 -0.163496926
# ball 8 center 0.103 0 0.217623308 radius 0.0719999969 appearance 0 orientation 1 0 0 0 angular_velocity 0 0 0 linear_velocity 0 0 -0.163497135
# ball 9 center 0 0.0989999995 0.219623312 radius 0.064000003 appearance 1 orientation 1 0 0 0 angular_velocity 0 0 0 linear_velocity 0 0 -0.163496941
# ball 10 center -0.104999997 0 0.222623318 radius 0.0700000003 appearance 2 orientation 1 0 0 0 angular_velocity 0 0 0 linear_velocity 0 0 -0.163497016
# ball 11 center 0 -0.104999997 0.217623308 radius 0.0670000017 appearance 3 orientation 1 0 0 0 angular_velocity 0 0 0 linear_velocity 0 0 -0.163496807
