# Numi Solver explicit-yarn Metal cloth bag
# static_bench min -0.75 -0.5 -0.08 max 0.75 0.5 0 floor -0.75
# vertices 1465 render_triangles 2880
v 0.310942233 0 0.0205074791
v 0.331776917 0.0436792597 0.0327089056
v 0.328275293 0.0879611 0.0381344631
v 0.304254621 0.126026392 0.0334033705
v 0.275380284 0.158990875 0.0247276388
v 0.251753062 0.193176925 0.0201431606
v 0.229647756 0.229647756 0.0203052051
v 0.199970499 0.260606617 0.0190204605
v 0.160587728 0.278146118 0.0124993864
v 0.117609993 0.283935636 0.00547532691
v 0.0769335926 0.287120074 0.00624956749
v 0.0386382341 0.293486536 0.0165416617
v 1.83625791e-17 0.299883664 0.0286495276
v -0.0394612364 0.299737841 0.0336176381
v -0.0779481605 0.290906489 0.0306879301
v -0.114367031 0.276106417 0.0267953072
v -0.148934051 0.257961363 0.0271165818
v -0.18187812 0.237028182 0.0285796411
v -0.214128777 0.214128777 0.024373265
v -0.24862498 0.190776661 0.0136975395
v -0.286976188 0.165685788 0.00435733795
v -0.322958797 0.133773923 0.00456659449
v -0.342779696 0.0918475464 0.0136961024
v -0.336713165 0.0443291292 0.023149725
v -0.311057746 3.80935896e-17 0.0262605846
v -0.284901798 -0.0375080332 0.0251811575
v -0.272530586 -0.0730243474 0.0266198684
v -0.270398438 -0.112002701 0.0321182273
v -0.263287514 -0.152009115 0.0352586284
v -0.241712719 -0.185472682 0.0294883735
v -0.210172668 -0.210172668 0.0169267301
v -0.178679109 -0.23285915 0.00708947564
v -0.150412276 -0.26052168 0.00674628001
v -0.120419107 -0.290717423 0.0130030755
v -0.0840518549 -0.313685805 0.0177641623
v -0.0425490551 -0.323192179 0.017826803
v -5.91718093e-17 -0.322116315 0.0181185361
v 0.0417260565 -0.316940844 0.0242724251
v 0.083037287 -0.30989939 0.0340664051
v 0.123662069 -0.298546642 0.0387262926
v 0.162065938 -0.280706435 0.0328696892
v 0.196771488 -0.2564376 0.021051893
v 0.225691646 -0.225691646 0.0128586702
v 0.244840801 -0.187872946 0.0124123972
v 0.25169161 -0.145314217 0.0148883285
v 0.251694262 -0.104255177 0.0139118079
v 0.258026153 -0.0691379011 0.0103176283
v 0.27996555 -0.0368581638 0.0112187397
v 0.310997903 0.000921477971 0.0287828054
v 0.328529805 0.0442424528 0.0396642089
v 0.322645843 0.0874781385 0.0443479829
v 0.296321958 0.123770468 0.0400093459
v 0.265229523 0.154179946 0.0323102064
v 0.241134375 0.186166659 0.0283284541
v 0.221469954 0.222786263 0.0284724515
v 0.195862681 0.256825268 0.0271881502
v 0.159576833 0.278296232 0.021259997
v 0.117461726 0.285971344 0.0150685171
v 0.0762916803 0.288136661 0.0159668848
v 0.0375695936 0.292053699 0.0252738707
v -0.00087724987 0.296070963 0.0359851047
v -0.0395512097 0.293694198 0.0402072482
v -0.0766505748 0.282710522 0.0374640822
v -0.111592494 0.267166376 0.0340072922
v -0.14607054 0.251279235 0.0343261436
v -0.181314632 0.234849751 0.0355451405
v -0.216702089 0.215421721 0.0316412672
v -0.251634926 0.191904381 0.0220936406
v -0.285788357 0.163872868 0.0139599126
v -0.315187752 0.129462257 0.014431241
v -0.330563158 0.0875251889 0.0227183979
v -0.324555755 0.0417506397 0.0310831275
v -0.301915884 -0.00089456822 0.0337275863
v -0.278903365 -0.0375593603 0.0327455327
v -0.268913388 -0.0729097873 0.0341108218
v -0.269241571 -0.112459294 0.0390367359
v -0.264661372 -0.153849691 0.0417109951
v -0.244017273 -0.188392386 0.0364062935
v -0.210641414 -0.211893365 0.025203621
v -0.175814837 -0.230537489 0.0166180637
v -0.145307317 -0.253410697 0.0165046342
v -0.115412422 -0.280982137 0.0220938027
v -0.0805879161 -0.304362595 0.026183784
v -0.0406311974 -0.315853566 0.026107721
v 0.000938796322 -0.316842824 0.0263844077
v 0.0422506034 -0.313739002 0.031950973
v 0.083737351 -0.308848709 0.0406496972
v 0.124637261 -0.298397154 0.0446237735
v 0.161959097 -0.27861166 0.0392383374
v 0.193244398 -0.250301898 0.0287223049
v 0.217977554 -0.216689646 0.0215887651
v 0.235727817 -0.179773122 0.0213181917
v 0.245918587 -0.141011283 0.0234888773
v 0.251765728 -0.103411883 0.0225152969
v 0.261936128 -0.0693544075 0.0193312541
v 0.283351511 -0.0364501514 0.0203190967
v 0.30272314 0.00179393601 0.0369892083
v 0.313289344 0.0431355312 0.0448641181
v 0.305104733 0.0836935118 0.0482205227
v 0.27970463 0.117804147 0.0451490954
v 0.250026554 0.146335229 0.0397303775
v 0.227194309 0.176481172 0.0369252115
v 0.209758282 0.212259158 0.0369232334
v 0.187646598 0.247569755 0.0357992016
v 0.154747367 0.271736473 0.0314234868
v 0.11455328 0.281258792 0.0270377025
v 0.0740185976 0.282937258 0.0278217345
v 0.0357710719 0.284736931 0.0345360413
v -0.00169876625 0.286663443 0.0420814082
v -0.0389669724 0.283013523 0.0448956341
v -0.0744975135 0.271580696 0.0427739993
v -0.10816554 0.256819487 0.040215604
v -0.142518014 0.243504509 0.0403495692
v -0.179043904 0.230493456 0.0410782732
v -0.215278625 0.21274218 0.0381928831
v -0.247388497 0.187509209 0.0314672254
v -0.273933649 0.155998603 0.0259606726
v -0.294520974 0.11995481 0.026645286
v -0.305880278 0.0800206661 0.0327589065
v -0.30350703 0.0381291285 0.0387293622
v -0.289058059 -0.0017129567 0.0405386873
v -0.272971332 -0.0375843085 0.0398109369
v -0.265604347 -0.0728581324 0.0408093221
v -0.265687883 -0.111900665 0.0443117395
v -0.260717541 -0.152592435 0.046148587
v -0.240162417 -0.186554611 0.0423344113
v -0.206214473 -0.20867309 0.034456972
v -0.169824764 -0.224056706 0.0285444297
v -0.138106167 -0.242514521 0.0285919365
v -0.108671635 -0.266817778 0.0324874967
v -0.0757582486 -0.28958714 0.0351443179
v -0.0379949845 -0.302439243 0.0348361731
v 0.00180812646 -0.305117756 0.034899395
v 0.0417528637 -0.303247184 0.0388117321
v 0.0820541307 -0.299128383 0.0449335054
v 0.121539272 -0.288572997 0.0476583503
v 0.156409651 -0.2672396 0.0437861271
v 0.183991879 -0.23686327 0.0364004858
v 0.205653623 -0.203230575 0.0314902328
v 0.224237949 -0.169962153 0.0313787386
v 0.240317345 -0.136854932 0.0328585729
v 0.253555596 -0.103270106 0.0320667401
v 0.26664412 -0.06975618 0.0298323985
v 0.283669144 -0.0356369279 0.0307320617
v 0.28971228 0.00257528806 0.0450429283
v 0.292507976 0.0411577113 0.0494950637
v 0.283316016 0.0786199868 0.0515204482
v 0.261660188 0.111118257 0.0501040444
v 0.235937104 0.13902913 0.0473498404
v 0.215059757 0.168079287 0.045800332
v 0.198715508 0.20228 0.0455488749
v 0.178501368 0.236959293 0.0446404628
v 0.148195267 0.262033433 0.0421175621
v 0.110121667 0.272688061 0.0397670828
v 0.0708593652 0.274176359 0.040248394
v 0.0336795449 0.27466628 0.0438199639
v -0.00245075068 0.275702178 0.0477095172
v -0.0383396856 0.272480249 0.0490037091
v -0.0728009269 0.262346357 0.0476514809
v -0.105774671 0.249077141 0.0460485555
v -0.139832824 0.237300992 0.0458527729
v -0.176233664 0.225493386 0.0460210294
v -0.211165115 0.207444042 0.0444587469
v -0.238691121 0.179805949 0.0411346741
v -0.257083505 0.145395786 0.0386626385
v -0.269610286 0.108878747 0.0394827314
v -0.278675228 0.0720220804 0.0430177078
v -0.282214969 0.0346051641 0.046281077
v -0.278079152 -0.00247187982 0.0472257175
v -0.269767135 -0.0379579291 0.0467956811
v -0.263822109 -0.0732104406 0.0472724661
v -0.260979235 -0.110829093 0.0490760617
v -0.253261119 -0.149237558 0.0500547737
v -0.232326955 -0.181574419 0.0481747128
v -0.199204773 -0.202778056 0.0442689173
v -0.163143978 -0.216572464 0.0413878448
v -0.131329462 -0.232211947 0.0414612703
v -0.102499731 -0.25381428 0.0432937518
v -0.0712206811 -0.275574356 0.044282537
v -0.035428118 -0.288926393 0.0436813608
v 0.00259641721 -0.292089254 0.043367397
v 0.0407759584 -0.289794862 0.0451981761
v 0.0790295005 -0.284791738 0.0482978038
v 0.116172679 -0.273562282 0.049726937
v 0.148433864 -0.251897246 0.0478182621
v 0.173420042 -0.221893311 0.0441459045
v 0.193892941 -0.190476239 0.0417359248
v 0.214840636 -0.161839381 0.0417024121
v 0.23716189 -0.134128943 0.0423743501
v 0.256892055 -0.103742652 0.0418588594
v 0.271075487 -0.0700579658 0.040733736
v 0.281377703 -0.0345024988 0.0414336435
v 0.27701965 0.00328334933 0.0529767908
v 0.273723185 0.0393420123 0.054836411
v 0.265281886 0.0744627714 0.0560115464
v 0.248921469 0.106580213 0.05607526
v 0.227978915 0.135251313 0.055460263
v 0.208628923 0.164051354 0.0548086949
v 0.191782773 0.196383476 0.054247357
v 0.17151849 0.229098886 0.0534607731
v 0.14238821 0.253515661 0.0523928292
v 0.105844609 0.264350176 0.0516032949
v 0.0678090379 0.265619844 0.0517423302
v 0.031768091 0.265589625 0.0527407713
v -0.00316670071 0.26717785 0.0537286624
v -0.0382554233 0.26616323 0.0538529865
v -0.0725985914 0.258640528 0.053085804
v -0.105629206 0.246700346 0.0521182343
v -0.139174655 0.23459208 0.0515226685
v -0.174180448 0.221510395 0.0512099229
v -0.206566676 0.201727405 0.0507899933
v -0.229755342 0.172009945 0.050300587
v -0.24214606 0.136002406 0.0503193252
v -0.249529466 0.0999104604 0.0512726232
v -0.258304864 0.0659416243 0.0527973063
v -0.268032253 0.0320602618 0.0539917238
v -0.273113519 -0.00323705259 0.0543186367
v -0.270852417 -0.0389293954 0.0541116819
v -0.264418364 -0.0742203891 0.0540968552
v -0.25684005 -0.109970696 0.0545166172
v -0.245190188 -0.145462111 0.0549023598
v -0.223851696 -0.176021487 0.05472783
v -0.192609504 -0.197230041 0.0540991277
v -0.158208385 -0.21132046 0.0536184795
v -0.12703155 -0.226173833 0.0536079369
v -0.0986581743 -0.246401846 0.0536866039
v -0.0682776794 -0.267455578 0.0532557331
v -0.0335740782 -0.280688137 0.0523041077
v 0.00335370144 -0.282955319 0.0515218899
v 0.0400159806 -0.278412372 0.0515424274
v 0.0760845691 -0.271059692 0.0522042178
v 0.110921711 -0.259061158 0.052717939
v 0.141538769 -0.238577023 0.0525391661
v 0.165892377 -0.210970208 0.0519101061
v 0.187046841 -0.182664871 0.05146157
v 0.210664004 -0.157716915 0.0514206775
v 0.237543449 -0.133417338 0.0514255203
v 0.261222571 -0.104592323 0.0511534624
v 0.274770558 -0.0701450929 0.0509242117
v 0.278245538 -0.0332819074 0.0514508747
v 0.270471334 0.00400727568 0.0609392934
v 0.26444611 0.038808696 0.0622236915
v 0.258293658 0.0733275339 0.0634038821
v 0.247169837 0.106697939 0.0641525611
v 0.230145201 0.137460023 0.0642787218
v 0.211098656 0.167007968 0.0637984872
v 0.192185357 0.197965801 0.0629238114
v 0.170007959 0.22848928 0.0619739704
v 0.140189216 0.25134179 0.0612464733
v 0.103679076 0.261181653 0.0609005764
v 0.0659086332 0.261404902 0.060901124
v 0.0304265246 0.260927439 0.0610451847
v -0.00391456997 0.264214158 0.0610597655
v -0.0391971692 0.267093182 0.0607291609
v -0.0747275129 0.263225019 0.059998408
v -0.108767763 0.251964658 0.0590090491
v -0.141745076 0.237319514 0.058051575
v -0.174608365 0.220705599 0.0574534386
v -0.204501227 0.198529944 0.0574483611
v -0.225665748 0.167907104 0.0580806658
v -0.236407354 0.131859347 0.0591840856
v -0.242839351 0.0963978767 0.0604439862
v -0.252837151 0.0637484193 0.0615177862
v -0.266837925 0.0311157424 0.0621643811
v -0.277294129 -0.0041083619 0.0623300038
v -0.277573854 -0.0407352522 0.0621558763
v -0.268706679 -0.0762837082 0.0619055666
v -0.25579375 -0.110420704 0.0618429966
v -0.240175799 -0.143451065 0.062112432
v -0.218532428 -0.172889099 0.0626707822
v -0.189404696 -0.195101514 0.0633007735
v -0.157011971 -0.211022779 0.0636997968
v -0.12666516 -0.227094844 0.0636078939
v -0.0984438285 -0.247993365 0.0629216358
v -0.0680243969 -0.269796401 0.0617465265
v -0.0330250114 -0.283211142 0.0603655353
v 0.00420106761 -0.283551335 0.0591359548
v 0.0403467827 -0.274926782 0.0583562925
v 0.0748837292 -0.263775319 0.0581571683
v 0.10835088 -0.250998914 0.0584604107
v 0.139166012 -0.233001471 0.0590222888
v 0.165288687 -0.208925486 0.0595423132
v 0.188566089 -0.18306011 0.059792079
v 0.213846311 -0.159112826 0.0597105846
v 0.242029279 -0.134995043 0.0594265684
v 0.266335696 -0.10572502 0.0591988191
v 0.278364152 -0.0701846108 0.0592995882
v 0.277300656 -0.0323357917 0.0598899163
v 0.267929316 0.00476368982 0.068976067
v 0.261797547 0.0392127596 0.0707207173
v 0.258784413 0.0742961168 0.0723130554
v 0.252322793 0.109810434 0.073311545
v 0.23796995 0.143091887 0.0734627098
v 0.217766285 0.173334524 0.0727950707
v 0.195339754 0.202411637 0.0716011226
v 0.170111582 0.230048686 0.0703153461
v 0.139026448 0.251002401 0.0693386495
v 0.102431417 0.26028493 0.0688815713
v 0.0648612529 0.260504335 0.0688904226
v 0.0296082068 0.26061973 0.0690860227
v -0.00473204814 0.26614967 0.0690978244
v -0.0408691056 0.272855908 0.0686368495
v -0.0780872554 0.271989495 0.0676344484
v -0.113226116 0.260171324 0.0662883446
v -0.145179763 0.241442204 0.0649956763
v -0.175294995 0.220229283 0.0641997084
v -0.202969268 0.195877895 0.0642128363
v -0.224158168 0.165755793 0.0650886074
v -0.236682534 0.131094888 0.0665955693
v -0.245136589 0.0964699984 0.0683040172
v -0.256936282 0.0639728606 0.0697504655
v -0.273042381 0.0310195033 0.0706126392
v -0.285452902 -0.00507525261 0.070823893
v -0.285566151 -0.0427728817 0.0705810338
v -0.273195267 -0.0784334242 0.070243597
v -0.255170524 -0.111049764 0.0701676011
v -0.236353621 -0.142119989 0.0705436617
v -0.215271771 -0.171348974 0.0713073313
v -0.189003378 -0.195845857 0.072159566
v -0.158960417 -0.214968517 0.0726891756
v -0.129143879 -0.233160123 0.0725467727
v -0.100248791 -0.254738748 0.0715980977
v -0.0688609183 -0.276568323 0.0699926317
v -0.0328678973 -0.289312452 0.0681183636
v 0.0051068943 -0.287232548 0.0664602369
v 0.0411165357 -0.274507821 0.0654194281
v 0.0746422932 -0.259990185 0.0651669279
v 0.10763409 -0.247321963 0.0655905381
v 0.140032113 -0.232881382 0.0663559809
v 0.169388518 -0.212808773 0.0670559183
v 0.195288241 -0.188465238 0.0673844963
v 0.220859021 -0.163316205 0.0672648996
v 0.24747999 -0.137075439 0.0668770373
v 0.26988712 -0.106210209 0.0665743351
v 0.280136406 -0.0697493106 0.0667245016
v 0.276889801 -0.0314566009 0.0675410032
v 0.267344356 0.00554571534 0.0770353004
v 0.262507141 0.0401146486 0.0792665109
v 0.262371153 0.0761680529 0.0812892094
v 0.259277254 0.113751918 0.0825426057
v 0.246110156 0.148981258 0.0827102214
v 0.223498046 0.17898114 0.0818369091
v 0.196742699 0.205077946 0.0803025961
v 0.168365046 0.22910364 0.0786639079
v 0.136740074 0.248609588 0.077429451
v 0.101141848 0.259259731 0.0768610686
v 0.0644072592 0.261989534 0.0768825561
v 0.0292213149 0.264191151 0.0771323591
v -0.00563117117 0.27146396 0.0771370605
v -0.0427873246 0.279996961 0.0765322
v -0.0812851787 0.279997766 0.0752376989
v -0.116855778 0.266351938 0.0735133663
v -0.147255301 0.243258953 0.071870327
v -0.174483895 0.217882231 0.0708734989
v -0.200465322 0.192317545 0.0709158853
v -0.223081872 0.163939729 0.0720574483
v -0.239304557 0.131622136 0.0739950538
v -0.25106436 0.0979446843 0.0761762485
v -0.264184147 0.0649467781 0.0780106708
v -0.280180991 0.0309899002 0.0790928304
v -0.291962385 -0.00605638418 0.0793456808
v -0.290500253 -0.0443923734 0.0790271983
v -0.274874806 -0.0797979459 0.0785991102
v -0.253014863 -0.111004442 0.0785135254
v -0.23246263 -0.140719816 0.0790073425
v -0.213166907 -0.170707792 0.0799906105
v -0.190542966 -0.198615566 0.081075944
v -0.162914753 -0.221687138 0.0817372799
v -0.132865578 -0.241565302 0.0815326422
v -0.102176629 -0.261912227 0.0802982599
v -0.0691452101 -0.28126213 0.078233175
v -0.0322800204 -0.291845024 0.0758382082
v 0.00597092835 -0.287842751 0.0737329945
v 0.0417196937 -0.273010463 0.0724251121
v 0.0746808276 -0.257248193 0.0721250102
v 0.107900582 -0.245940164 0.0726815313
v 0.142445773 -0.235313833 0.0736631379
v 0.175205037 -0.218782723 0.0745500028
v 0.203228191 -0.194968119 0.0749566033
v 0.227708906 -0.16734007 0.0747923851
v 0.250870317 -0.137983531 0.0742938742
v 0.270107627 -0.105373792 0.0739154518
v 0.279067516 -0.0686056912 0.0741246343
v 0.275855184 -0.0305114351 0.0751876235
v 0.270071507 0.00640289392 0.0851165876
v 0.267026067 0.0416152291 0.0878426731
v 0.268313736 0.0787559748 0.0902972296
v 0.266339898 0.11779277 0.0917999074
v 0.252675921 0.153980672 0.0919733867
v 0.227065489 0.182944894 0.0908827484
v 0.196235746 0.205766484 0.0889992267
v 0.165433645 0.226518199 0.0870040804
v 0.134211883 0.245734483 0.0855136216
v 0.100413218 0.259661704 0.0848387331
v 0.0647362322 0.266734332 0.0848771483
v 0.0292132385 0.271477103 0.0851816908
v -0.0066134315 0.278951883 0.0851745009
v -0.0446697026 0.286625206 0.0844166651
v -0.0837592259 0.285359293 0.0828197002
v -0.119148001 0.269404173 0.0807095394
v -0.148022309 0.242898524 0.0787145421
v -0.17306149 0.21479851 0.0775224715
v -0.198434547 0.189243421 0.0776055083
v -0.223711982 0.163384184 0.0790265352
v -0.244673759 0.133632556 0.0814065039
v -0.259894729 0.10050334 0.0840669125
v -0.272983909 0.066252999 0.0862894356
v -0.286346525 0.030813314 0.0875867978
v -0.295247525 -0.00699977111 0.0878748074
v -0.291707188 -0.0454617143 0.087476328
v -0.274273634 -0.0805053413 0.0869577304
v -0.250817806 -0.110927902 0.0868674368
v -0.230203375 -0.140285894 0.087486513
v -0.213273227 -0.171832576 0.0886958539
v -0.19402805 -0.203451559 0.090016149
v -0.168077722 -0.23013857 0.0908045247
v -0.136840582 -0.250547498 0.0905268937
v -0.103542559 -0.267753959 0.0889928788
v -0.0686331242 -0.28279078 0.0864552855
v -0.0312876962 -0.290754944 0.0835315883
v 0.00678923354 -0.286367148 0.0809781328
v 0.0424072407 -0.272108018 0.0794083625
v 0.0755020902 -0.257228076 0.0790693685
v 0.109572671 -0.247753516 0.0797671527
v 0.146244243 -0.239980787 0.0809695944
v 0.18171598 -0.225540191 0.0820429623
v 0.210783496 -0.20102039 0.0825231448
v 0.232944787 -0.170127198 0.0823088959
v 0.251608223 -0.137419909 0.0816970095
v 0.267520905 -0.103452444 0.0812455043
v 0.276541203 -0.0671163499 0.0815221742
v 0.275885522 -0.0296876226 0.0828439668
v 0.276462078 0.00737407012 0.0932179987
v 0.274609298 0.0436308645 0.0964291468
v 0.275028914 0.0816129074 0.0993007347
v 0.271642387 0.121101439 0.101037025
v 0.256233245 0.157191545 0.101204634
v 0.228031069 0.184839755 0.0998922586
v 0.194419354 0.20507507 0.0976632386
v 0.162433177 0.22379908 0.0953213498
v 0.132376701 0.244090796 0.0935865641
v 0.100620739 0.262507826 0.0928144231
v 0.065768227 0.274532974 0.0928736851
v 0.0294117387 0.281150311 0.0932313129
v -0.0076474282 0.28671056 0.0932073817
v -0.0462247021 0.290934712 0.0922923759
v -0.0851530582 0.286958933 0.0903931558
v -0.120048031 0.26927948 0.0879035741
v -0.148062646 0.241352513 0.0855683535
v -0.172241718 0.212489262 0.0841946602
v -0.198202997 0.187904358 0.0843292698
v -0.226681262 0.164525062 0.0860340297
v -0.252192378 0.136770397 0.0888522863
v -0.269943774 0.103470981 0.0919807106
v -0.281293333 0.0673877671 0.0945766866
v -0.289971113 0.0303345025 0.096075885
v -0.294737071 -0.0078615183 0.0963907987
v -0.289714515 -0.0460308306 0.0959106982
v -0.272763819 -0.0809407607 0.0953053012
v -0.250246406 -0.111562856 0.0952158943
v -0.230821908 -0.141602427 0.095963642
v -0.215856835 -0.174971446 0.0973974615
v -0.198706239 -0.209596902 0.0989457369
v -0.173203617 -0.23863849 0.0998510867
v -0.140028462 -0.25819996 0.0994914323
v -0.103891857 -0.271041781 0.0976539701
v -0.0673525408 -0.281146288 0.0946477726
v -0.0300394632 -0.2871508 0.091206722
v 0.00758816022 -0.284488559 0.0882208571
v 0.0434369929 -0.273389071 0.0864048153
v 0.0774006024 -0.2608338 0.0860378519
v 0.112616263 -0.252609313 0.0868805423
v 0.150731325 -0.245702654 0.0883004069
v 0.187569484 -0.231398642 0.0895526558
v 0.216468975 -0.205221236 0.0900987908
v 0.235756323 -0.171111733 0.0898305699
v 0.250098377 -0.135634765 0.0891067535
v 0.263605833 -0.101041615 0.0885879397
v 0.274385929 -0.0657330006 0.0889388919
v 0.278329968 -0.0291166995 0.0905231237
v 0.285642087 0.00846594665 0.101336025
v 0.283520579 0.0459083952 0.105004273
v 0.28062588 0.0841792673 0.108262107
v 0.273772657 0.123024829 0.110207066
v 0.256262332 0.158256337 0.110356711
v 0.226862118 0.185008749 0.108826078
v 0.192433238 0.204188421 0.106268093
v 0.160548076 0.22258617 0.103602327
v 0.131891802 0.244925618 0.101644345
v 0.10175851 0.267848134 0.100788116
v 0.0671613142 0.284060389 0.100871496
v 0.0295807719 0.291098654 0.101278417
v -0.00867749192 0.292779624 0.101233117
v -0.0472558476 0.291842192 0.100162193
v -0.0854416043 0.284834117 0.0979719013
v -0.119962946 0.266958892 0.0951234922
v -0.14827022 0.240091935 0.0924727917
v -0.173135847 0.212303281 0.0909384415
v -0.200506538 0.188963309 0.0911342502
v -0.231714502 0.167132199 0.0931169167
v -0.260381311 0.140214652 0.0963531956
v -0.279062629 0.106019035 0.0999208093
v -0.287293851 0.0679258183 0.1028613
v -0.290389031 0.0295086615 0.104540996
v -0.291085064 -0.00862726755 0.10487327
v -0.286041468 -0.0463165827 0.104312927
v -0.272025704 -0.0815994814 0.10362789
v -0.252512485 -0.113471173 0.103545278
v -0.234651431 -0.144910395 0.104420617
v -0.220280603 -0.179641455 0.106069028
v -0.203287721 -0.215705976 0.107829556
v -0.176980212 -0.245367944 0.108836964
v -0.141668618 -0.263081372 0.108388714
v -0.103153341 -0.271519572 0.106254809
v -0.0655958802 -0.277439326 0.102801174
v -0.0287502483 -0.282925636 0.0988735482
v 0.00841572229 -0.283947527 0.0954876244
v 0.0449691303 -0.277719885 0.0934506431
v 0.0803371444 -0.267817497 0.0930681378
v 0.116533056 -0.25932622 0.0940542072
v 0.154896513 -0.250821829 0.0956799164
v 0.191514358 -0.234839439 0.0970964879
v 0.219387874 -0.20675765 0.0976981446
v 0.236239612 -0.17039609 0.0973738357
v 0.247625664 -0.133345768 0.0965437889
v 0.260305077 -0.0988928229 0.0959663093
v 0.274205863 -0.0648313761 0.0963960737
v 0.283635259 -0.0288223587 0.0982370749
v 0.295709908 0.00964136608 0.109465592
v 0.291584194 0.0481011122 0.113544784
v 0.283568472 0.0859785825 0.117142551
v 0.272276402 0.123323403 0.119262673
v 0.253315866 0.157475442 0.119382724
v 0.224725157 0.184377402 0.117645845
v 0.191530108 0.204440385 0.114788458
v 0.160610452 0.224068999 0.11183466
v 0.132900208 0.248559684 0.109683625
v 0.103422649 0.274677128 0.108759932
v 0.0684127063 0.293230623 0.108869717
v 0.0294972565 0.299084932 0.10932003
v -0.00964477751 0.295814514 0.109249368
v -0.0477398485 0.289394259 0.108029731
v -0.0849476978 0.280168474 0.105570987
v -0.119605929 0.264068872 0.102398597
v -0.149504617 0.240493938 0.0994698852
v -0.176331386 0.214918405 0.0978025198
v -0.205209374 0.192250535 0.0980670154
v -0.237685442 0.170370594 0.100310907
v -0.267324626 0.142933473 0.103928424
v -0.285309792 0.107426107 0.107888892
v -0.289992332 0.067657195 0.111131102
v -0.28809306 0.0284131821 0.112962648
v -0.2859734 -0.00932391547 0.113301948
v -0.282647222 -0.0466268249 0.112665981
v -0.273385853 -0.0828911886 0.111911789
v -0.257871181 -0.116798788 0.11184179
v -0.240954012 -0.149790615 0.112838723
v -0.225209892 -0.184775114 0.114683315
v -0.206371605 -0.220282286 0.116631791
v -0.178449735 -0.248956725 0.11772202
v -0.141517013 -0.264675468 0.117181808
v -0.101656273 -0.269985855 0.11476998
v -0.0638189465 -0.273540854 0.110907726
v -0.0276246164 -0.280097455 0.106543697
v 0.00932050496 -0.285868764 0.102806136
v 0.0469880886 -0.284837186 0.100582547
v 0.0839220732 -0.276785851 0.100197725
v 0.120516263 -0.266078711 0.101319984
v 0.15776144 -0.253775924 0.103131711
v 0.19282113 -0.235016644 0.104691371
v 0.219513297 -0.205651179 0.105335779
v 0.235340267 -0.168689594 0.104955457
v 0.245910525 -0.131483749 0.104029194
v 0.259353191 -0.0976528153 0.103404239
v 0.276779145 -0.0645744652 0.103914499
v 0.291089326 -0.0287086908 0.105996668
v 0.304304123 0.010824264 0.117600024
v 0.296899319 0.0498820022 0.122025803
v 0.283226579 0.0867920816 0.125902101
v 0.267840803 0.122272067 0.128156081
v 0.248810068 0.155698389 0.128236175
v 0.223024979 0.184090823 0.126314178
v 0.192588657 0.206794947 0.123200268
v 0.162788004 0.228533939 0.120007046
v 0.134973913 0.25424692 0.117701672
v 0.104940943 0.281233549 0.116730087
v 0.0690201372 0.299846709 0.116867311
v 0.0290216096 0.303465068 0.117353082
v -0.0105128605 0.295549601 0.117254041
v -0.047846403 0.284783363 0.115899391
v -0.0842366219 0.274887413 0.11320664
v -0.119725764 0.26226306 0.10975948
v -0.15223828 0.243280724 0.106602602
v -0.181632549 0.220046788 0.104835823
v -0.211320341 0.196803167 0.105173536
v -0.242989376 0.173084825 0.107650489
v -0.271299034 0.144026488 0.111595578
v -0.287573814 0.107306786 0.115885168
v -0.289536119 0.066646792 0.119372934
v -0.28457433 0.0272150114 0.121320941
v -0.281543702 -0.0100146635 0.121656701
v -0.281216472 -0.0472471304 0.120953165
v -0.277265459 -0.0849653557 0.120143466
v -0.265437305 -0.12117485 0.120091446
v -0.248129576 -0.155272558 0.121198609
v -0.22907342 -0.189083368 0.123212263
v -0.206932977 -0.222197384 0.125315994
v -0.177320927 -0.24893634 0.126466006
v -0.139902964 -0.263531655 0.12583442
v -0.100000657 -0.267993987 0.123175412
v -0.0624795854 -0.27143237 0.118961401
v -0.0267862305 -0.280090779 0.114230469
v 0.0103260661 -0.290298223 0.110205278
v 0.0492827296 -0.293332428 0.107837684
v 0.087520808 -0.285604626 0.107463844
v 0.123721153 -0.271015048 0.108709045
v 0.158732668 -0.253658921 0.110678665
v 0.191541657 -0.232051611 0.112353779
v 0.217671975 -0.202718467 0.113026261
v 0.234480888 -0.167024106 0.112592511
v 0.246479541 -0.13085039 0.111584388
v 0.261653692 -0.0976348147 0.110925384
v 0.28174296 -0.0648529232 0.111514404
v 0.298981518 -0.0285928268 0.113811553
v 0.309355527 0.0119218128 0.125731051
v 0.298464537 0.0510547347 0.130420879
v 0.280108631 0.0867453367 0.134499684
v 0.262077749 0.120580807 0.136839151
v 0.244511455 0.154018492 0.136871025
v 0.222850084 0.185059369 0.134794787
v 0.195741773 0.211433321 0.131480664
v 0.166495442 0.235210419 0.128109232
v 0.137260824 0.260414869 0.125696301
v 0.105605744 0.285595864 0.12469887
v 0.0686472878 0.302321881 0.124863043
v 0.0281372163 0.303710431 0.125374377
v -0.0112866042 0.292872667 0.125245348
v -0.047886949 0.279945761 0.123776376
v -0.0839194134 0.270983487 0.120896317
v -0.120815814 0.262588531 0.117238015
v -0.156328261 0.248178303 0.11391481
v -0.188065156 0.226469696 0.112087511
v -0.217312083 0.201184243 0.112499177
v -0.246107101 0.17420873 0.115168817
v -0.271368653 0.143034399 0.119370662
v -0.285922706 0.1057266 0.123908356
v -0.287116706 0.0651946962 0.127572641
v -0.28178376 0.0261058211 0.129595682
v -0.279645681 -0.0107768681 0.129917562
v -0.282534897 -0.0483298413 0.129158139
v -0.282947987 -0.0876246393 0.128309578
v -0.273402005 -0.125791043 0.128279999
v -0.254229218 -0.16013974 0.129480287
v -0.230617911 -0.191509932 0.131626979
v -0.204694584 -0.221103817 0.133845031
v -0.174057707 -0.245893732 0.135028601
v -0.137582153 -0.261024475 0.134310931
v -0.0988244116 -0.267256707 0.131448403
v -0.0618721992 -0.272484452 0.126957938
v -0.0262383781 -0.283214569 0.121948823
v 0.0114120767 -0.296128541 0.117715105
v 0.051497627 -0.301053703 0.11525365
v 0.0904505551 -0.292073131 0.114903487
v 0.125556037 -0.272891223 0.116251886
v 0.157829985 -0.25056237 0.118342929
v 0.18850413 -0.226998299 0.120099775
v 0.215225056 -0.199252114 0.120784171
v 0.234997064 -0.166344404 0.120302409
v 0.250070691 -0.131808564 0.119231164
v 0.266929865 -0.0987035632 0.11855343
v 0.287689626 -0.0653247908 0.119215436
v 0.30514124 -0.0282697733 0.121690176
v 0.309759229 0.0128566474 0.133848771
v 0.296483248 0.0516204499 0.13870199
v 0.275675356 0.0862683877 0.142893121
v 0.256967396 0.119153373 0.145263448
v 0.241895482 0.153373674 0.145241737
v 0.224526897 0.187578633 0.143052384
v 0.200262263 0.217606008 0.139608055
v 0.170568019 0.242484197 0.136131927
v 0.138785258 0.265209109 0.13366586
v 0.10492681 0.2863653 0.132666618
v 0.0672339797 0.30021435 0.132855505
v 0.0269455649 0.300539583 0.133380637
v -0.0120145082 0.289469332 0.13322179
v -0.0482054502 0.276869118 0.131666735
v -0.0844315812 0.269805729 0.128658682
v -0.122909687 0.265068293 0.124867342
v -0.161005229 0.253931701 0.121451288
v -0.194157675 0.232401848 0.119606905
v -0.221636742 0.203971744 0.120088644
v -0.246157691 0.17315203 0.122897744
v -0.267725259 0.140101954 0.127268046
v -0.281544209 0.103160322 0.131955758
v -0.284484774 0.0637112856 0.135715157
v -0.281395525 0.0252291616 0.137766331
v -0.281164765 -0.0116698248 0.138064742
v -0.286183953 -0.0498272516 0.137264907
v -0.28876549 -0.0903647467 0.13639693
v -0.279589325 -0.129642949 0.136392981
v -0.257596463 -0.163328871 0.137663096
v -0.22935386 -0.19161126 0.139897764
v -0.200241268 -0.217583194 0.142181247
v -0.169705555 -0.2412581 0.143369451
v -0.135436192 -0.258809298 0.142576486
v -0.0985505059 -0.268963158 0.139567643
v -0.0620176531 -0.276922315 0.134894788
v -0.0258688498 -0.28853032 0.129715353
v 0.012511964 -0.301454663 0.125366762
v 0.053242255 -0.305798113 0.122868411
v 0.0922015533 -0.294635087 0.122553341
v 0.125886649 -0.271488428 0.12397828
v 0.155697316 -0.245560244 0.126145944
v 0.185032219 -0.221478909 0.127945021
v 0.21355246 -0.196531788 0.128624126
v 0.237584606 -0.167121559 0.128102928
v 0.256293178 -0.134119496 0.126991674
v 0.27378425 -0.100316994 0.126312047
v 0.292651892 -0.0655403435 0.127036616
v 0.307674378 -0.0275852531 0.129639745
v 0.305731565 0.0135970227 0.141937867
v 0.29223907 0.0517741069 0.146821916
v 0.271796197 0.0859394744 0.151009679
v 0.254158974 0.118767373 0.153344154
v 0.241614804 0.154201299 0.153267369
v 0.22745955 0.191175863 0.151023239
v 0.20476456 0.223825574 0.147542357
v 0.173646063 0.248420954 0.14405708
v 0.13879776 0.267156929 0.141606346
v 0.102813758 0.283193052 0.140633598
v 0.0650124624 0.294382185 0.140842363
v 0.0256210454 0.29561165 0.141366318
v -0.0127712656 0.287164241 0.141180575
v -0.0490494855 0.276859939 0.13958028
v -0.0858699828 0.271576405 0.136525214
v -0.125547737 0.268668771 0.132704243
v -0.165101349 0.258693844 0.129289716
v -0.198414251 0.236071721 0.127480626
v -0.223261118 0.20424819 0.128021568
v -0.243239015 0.170023903 0.130895242
v -0.26164484 0.13593404 0.135315478
v -0.276296675 0.100310013 0.140024841
v -0.283254534 0.0625549927 0.143775508
v -0.284146726 0.0246273652 0.145797372
v -0.285683841 -0.0127054267 0.146063164
v -0.290683538 -0.0514985211 0.145244658
v -0.29265964 -0.0925363079 0.144381732
v -0.282172114 -0.131857798 0.144404814
v -0.257414728 -0.164284989 0.145711198
v -0.225729927 -0.189722151 0.147973165
v -0.194830641 -0.212966919 0.150258929
v -0.165517688 -0.236792356 0.151417583
v -0.134131357 -0.258175045 0.150568709
v -0.0992108211 -0.273269027 0.147493765
v -0.0626508966 -0.283688813 0.142765045
v -0.0254967269 -0.294177264 0.137556896
v 0.0135311848 -0.304251164 0.13321346
v 0.0542231426 -0.306062669 0.130748212
v 0.0926057994 -0.292879432 0.130478442
v 0.125077426 -0.267662317 0.131941855
v 0.153384954 -0.240335688 0.134126797
v 0.182483777 -0.217117757 0.135918036
v 0.21353136 -0.195347011 0.136572197
v 0.241974294 -0.169139847 0.136025161
v 0.263687134 -0.136995077 0.134904534
v 0.280165404 -0.101714566 0.134242862
v 0.294816434 -0.0651083663 0.13501215
v 0.305642217 -0.0264904071 0.137674481
v 0.299223036 0.0141960243 0.149796277
v 0.288071573 0.0519165806 0.153926432
v 0.270502001 0.0864127129 0.157442421
v 0.254815131 0.119995154 0.159373507
v 0.243690416 0.156544045 0.15926221
v 0.23071833 0.195084259 0.157330081
v 0.208016038 0.228736892 0.154374197
v 0.174934089 0.251849502 0.151437864
v 0.137279227 0.26615876 0.149391547
v 0.0997882858 0.277419388 0.148596495
v 0.0625297502 0.287178487 0.148788452
v 0.0243849419 0.291383237 0.149227336
v -0.0136488657 0.287690043 0.149048015
v -0.0505555011 0.280519307 0.147664607
v -0.0881014839 0.275788456 0.14505744
v -0.128153369 0.27213946 0.141821653
v -0.167730704 0.261104554 0.138953939
v -0.200156868 0.236717507 0.137463972
v -0.222402751 0.202255696 0.137968972
v -0.238825262 0.165887475 0.140438601
v -0.255496413 0.131779805 0.144195259
v -0.272490263 0.0980152637 0.148170844
v -0.284741044 0.0619990267 0.151315078
v -0.28999871 0.0242690742 0.152989268
v -0.292111844 -0.0138586489 0.153185189
v -0.294542462 -0.0530827716 0.152481899
v -0.29342255 -0.0937347487 0.151761428
v -0.280770987 -0.132218048 0.151804
v -0.25439328 -0.163419455 0.152932599
v -0.221340567 -0.187154874 0.154856354
v -0.190283209 -0.20923765 0.156778738
v -0.162790492 -0.234366596 0.157726884
v -0.134092152 -0.259979606 0.156965837
v -0.100586638 -0.279638857 0.154325649
v -0.0634202436 -0.291268229 0.15030466
v -0.0249850862 -0.298554569 0.145903945
v 0.0144058084 -0.303644836 0.142258584
v 0.0544438511 -0.302094728 0.140215129
v 0.0920459777 -0.288136095 0.140026763
v 0.124059834 -0.263446659 0.141288906
v 0.152232796 -0.236979127 0.143139318
v 0.182082266 -0.215341389 0.144637659
v 0.215571806 -0.196043551 0.145166159
v 0.247390836 -0.171837106 0.144684717
v 0.270641953 -0.139591575 0.143735424
v 0.284567982 -0.102359653 0.143195093
v 0.293705672 -0.0639509708 0.143879861
v 0.299939096 -0.0251009539 0.146167517
v 0.292649359 0.0147533361 0.157399669
v 0.285968065 0.0524127893 0.160079926
v 0.272753775 0.0880235285 0.162345126
v 0.258778334 0.122799568 0.163570389
v 0.247131661 0.159791052 0.163468122
v 0.232997701 0.198198512 0.162192032
v 0.209003761 0.231195539 0.160265923
v 0.174153626 0.252318203 0.158367559
v 0.134689316 0.263047606 0.157056496
v 0.096612215 0.271109104 0.15655826
v 0.0603322946 0.281090111 0.156692624
v 0.023377886 0.289674968 0.156974435
v -0.0146966716 0.291525334 0.156843409
v -0.0526106991 0.287047893 0.155925944
v -0.0906722918 0.280961365 0.154218629
v -0.130039558 0.274035364 0.152115807
v -0.168319046 0.260320991 0.150267735
v -0.199394345 0.234403491 0.149326786
v -0.220032349 0.198912099 0.149685428
v -0.234810278 0.162069395 0.151313737
v -0.251450002 0.128750965 0.153763741
v -0.271574616 0.0967780948 0.156339243
v -0.288967222 0.0620230138 0.158361912
v -0.297637165 0.024020467 0.159425423
v -0.29859978 -0.0150533151 0.159534052
v -0.2963323 -0.0543123633 0.159070671
v -0.290634513 -0.0937940255 0.158609346
v -0.276058137 -0.130999446 0.158652052
v -0.250001818 -0.161646843 0.159399956
v -0.217926651 -0.185378373 0.160655379
v -0.187996045 -0.207957238 0.161895871
v -0.162128851 -0.234896421 0.162490457
v -0.135121942 -0.263892531 0.161968395
v -0.102111287 -0.286540389 0.160229087
v -0.0639032349 -0.297727227 0.157605246
v -0.024243962 -0.300406516 0.154751688
v 0.0151099805 -0.299723804 0.152403936
v 0.0541144535 -0.295252502 0.15110454
v 0.0911452621 -0.282426924 0.151007965
v 0.123759449 -0.260801136 0.151842818
v 0.153118849 -0.236812487 0.153045252
v 0.18418254 -0.216520861 0.154006884
v 0.219120428 -0.198087707 0.154333845
v 0.252404362 -0.174213082 0.154009327
v 0.275490105 -0.141060308 0.153392434
v 0.286074907 -0.101945408 0.153054491
v 0.289850116 -0.0622125156 0.153521284
v 0.292444319 -0.023601383 0.155029535
v 0.288030297 0.0153761981 0.164908588
v 0.286818355 0.0534474887 0.166051596
v 0.278063327 0.0906476006 0.167010561
v 0.264623821 0.126535445 0.167521164
v 0.250298172 0.162892163 0.167464763
v 0.233054698 0.199440196 0.166911125
v 0.20722495 0.23059766 0.166086391
v 0.171571702 0.250159711 0.16527988
v 0.131772503 0.259241641 0.164727956
v 0.094022043 0.266333729 0.164522976
v 0.0587843657 0.277888566 0.164584339
v 0.0226184018 0.291015595 0.164703131
v -0.0158907734 0.297669441 0.164640903
v -0.0548747182 0.294477373 0.16424118
v -0.0929566622 0.285146385 0.163506508
v -0.130642012 0.273211926 0.162608504
v -0.166773051 0.256261498 0.161825925
v -0.196753353 0.229914993 0.161435768
v -0.217469826 0.195427716 0.161601916
v -0.232829303 0.159685671 0.162307262
v -0.250746757 0.127454534 0.163357258
v -0.273646712 0.096603699 0.1644537
v -0.294612229 0.0623220764 0.165308729
v -0.304851949 0.0236937925 0.165752545
v -0.303127944 -0.0161821693 0.16579105
v -0.295163244 -0.0550025254 0.165590554
v -0.284783781 -0.0928384513 0.165396571
v -0.269458294 -0.128847152 0.165421277
v -0.245880693 -0.160017312 0.165746838
v -0.216731146 -0.185471073 0.166285157
v -0.188471913 -0.209729478 0.166811109
v -0.163265705 -0.238049164 0.167055771
v -0.136476278 -0.268495589 0.166821033
v -0.103048295 -0.291902155 0.166068196
v -0.0637356043 -0.301294357 0.164943069
v -0.0232548527 -0.299204379 0.16372712
v 0.015667595 -0.29348883 0.162733525
v 0.0535752997 -0.287504226 0.162190735
v 0.0905293971 -0.277700722 0.162160441
v 0.124740578 -0.260870218 0.162523136
v 0.156136408 -0.239917368 0.16303654
v 0.188157931 -0.219870865 0.163442031
v 0.222857311 -0.200269148 0.163574651
v 0.255379587 -0.175151736 0.163431153
v 0.276990503 -0.140794232 0.163167819
v 0.284589142 -0.100466639 0.163029209
v 0.284570694 -0.0601978935 0.163237929
v 0.285368055 -0.0221794602 0.163891286
v 0.286613345 0.0161523372 0.172537699
v 0.290370077 0.0550000668 0.172663942
v 0.284888357 0.0938072652 0.172769085
v 0.270391852 0.130279288 0.172824159
v 0.251728386 0.164886743 0.172816515
v 0.23037909 0.19833602 0.172754332
v 0.203043491 0.227295607 0.172662884
v 0.168043092 0.246577993 0.172574148
v 0.129418537 0.256489187 0.172513977
v 0.0925824046 0.26475212 0.172492161
v 0.0580200031 0.278345883 0.172499374
v 0.0220306832 0.294755965 0.172512323
v -0.0171451848 0.304230839 0.172504738
v -0.0569342151 0.300581336 0.172459647
v -0.0944581926 0.286865205 0.17237778
v -0.12985459 0.269510388 0.172278464
v -0.163685575 0.249894589 0.172192648
v -0.193437159 0.224688783 0.172150791
v -0.216111392 0.19305262 0.172170609
v -0.2339219 0.159417957 0.17224972
v -0.253555357 0.127938196 0.172366261
v -0.277718693 0.097116746 0.17248714
v -0.299731851 0.0624778196 0.172580749
v -0.309528798 0.0231348369 0.172628701
v -0.304448813 -0.0171574708 0.172632098
v -0.291287631 -0.0551738627 0.172609642
v -0.277412623 -0.0913456753 0.172588527
v -0.262931257 -0.126684651 0.172591984
v -0.243491545 -0.159491464 0.172628671
v -0.218264312 -0.187906265 0.172688439
v -0.191346973 -0.214202031 0.172746181
v -0.165346295 -0.242620856 0.172772214
v -0.137265399 -0.272040546 0.172744945
v -0.10283304 -0.294065207 0.172660574
v -0.0627833307 -0.301197529 0.172535628
v -0.0220935717 -0.295597374 0.172401428
v 0.0161646213 -0.286831319 0.172292531
v 0.0532397106 -0.281076372 0.172233835
v 0.0906947479 -0.275435776 0.172231689
v 0.127109349 -0.263812721 0.172272474
v 0.160692632 -0.245325327 0.172329232
v 0.192805111 -0.223954618 0.172373503
v 0.225386247 -0.201337844 0.172387406
v 0.255276948 -0.173971429 0.172371
v 0.274974376 -0.13874574 0.172341898
v 0.281098634 -0.0982986987 0.172327206
v 0.279811561 -0.0583255179 0.172351331
v 0.280824512 -0.020989418 0.172424629
v 0.280252457 0.0166270211 0.184930012
v 0.287287205 0.0552983843 0.185264111
v 0.283430547 0.0942590013 0.185405686
v 0.266933531 0.129588932 0.185422406
v 0.243727073 0.160679743 0.185422137
v 0.218896657 0.18958284 0.185478985
v 0.191735238 0.215920955 0.185584292
v 0.159829006 0.236024797 0.18565236
v 0.124577865 0.248725355 0.185577109
v 0.0897743329 0.259184122 0.18530564
v 0.0561659001 0.273505151 0.184883744
v 0.0208138246 0.290034592 0.184444502
v -0.0177608151 0.299362838 0.184144393
v -0.0566349924 0.294231176 0.184082225
v -0.0921743363 0.277162105 0.184246749
v -0.124492794 0.256436259 0.184523135
v -0.155810252 0.236340776 0.184754387
v -0.185631648 0.214334533 0.184823021
v -0.210906357 0.187282324 0.184706688
v -0.231426686 0.156715304 0.184477448
v -0.251608849 0.126022115 0.184247404
v -0.274205983 0.0949774906 0.184094563
v -0.294017345 0.0603782013 0.184013888
v -0.301549882 0.0216402002 0.183922827
v -0.293553382 -0.0174161457 0.183718041
v -0.277166098 -0.0533502288 0.183348849
v -0.262012303 -0.0871360525 0.182862699
v -0.250166178 -0.121448837 0.182393789
v -0.236181766 -0.155705422 0.182099119
v -0.215609938 -0.186736271 0.182077378
v -0.189934596 -0.21389319 0.182316631
v -0.162473589 -0.239930153 0.182700753
v -0.132842794 -0.265226662 0.183070943
v -0.0983598679 -0.283971101 0.183307305
v -0.0594628006 -0.289559722 0.183384642
v -0.0203309432 -0.283305764 0.183371693
v 0.0162823536 -0.274443001 0.183376864
v 0.0520136245 -0.270222157 0.183474138
v 0.0892207175 -0.268280774 0.183654174
v 0.126544982 -0.26066345 0.183829993
v 0.160574913 -0.243568063 0.183893666
v 0.190687463 -0.220172077 0.183789939
v 0.218907803 -0.19438751 0.183561698
v 0.244528264 -0.165587306 0.183338746
v 0.262343168 -0.131398559 0.183273867
v 0.26894924 -0.0931567028 0.1834618
v 0.269047558 -0.0552505031 0.18388705
v 0.271790475 -0.0195045676 0.184430301
v 0.269331664 0.0167800747 0.20090346
v 0.277032465 0.0541762449 0.20182173
v 0.273073137 0.0917139724 0.202205375
v 0.254623085 0.12454614 0.202247515
v 0.228243917 0.151444405 0.202248827
v 0.20171833 0.175753668 0.202411473
v 0.176448569 0.199895814 0.202705726
v 0.149138838 0.221650004 0.202889368
v 0.118292265 0.237933904 0.202668101
v 0.0858726352 0.250315368 0.201899856
v 0.0532473028 0.263248831 0.200718701
v 0.0190268885 0.276611298 0.199499249
v -0.0176530965 0.283344269 0.198676214
v -0.054130055 0.276796311 0.198518917
v -0.0869169682 0.258790314 0.198988691
v -0.116301596 0.237767875 0.199760586
v -0.145554632 0.219367355 0.200397342
v -0.175562486 0.201498896 0.200576439
v -0.203038365 0.179222494 0.200242236
v -0.225299001 0.151594087 0.19960013
v -0.244259983 0.121437363 0.198962465
v -0.262795746 0.0901541263 0.198542371
v -0.278177768 0.0562669784 0.198320091
v -0.282933176 0.0194617417 0.198062256
v -0.273742348 -0.0170548726 0.197482079
v -0.256979108 -0.0502546243 0.196443677
v -0.242738932 -0.081525974 0.195085719
v -0.234163806 -0.114538699 0.193785831
v -0.225154489 -0.149394512 0.192980126
v -0.208533838 -0.1816919 0.192937642
v -0.183637828 -0.208040416 0.193617702
v -0.154620603 -0.229796976 0.194691777
v -0.123942815 -0.249299452 0.195717454
v -0.090693377 -0.26436764 0.19636555
v -0.0546285436 -0.270077527 0.196572393
v -0.0183130074 -0.266232967 0.196534112
v 0.0161818508 -0.259729743 0.196552753
v 0.0503008105 -0.257215291 0.196830183
v 0.0863229781 -0.257021755 0.197334737
v 0.122783244 -0.251019001 0.197820574
v 0.1552843 -0.234031051 0.197988212
v 0.181883097 -0.208753273 0.197688967
v 0.204897866 -0.180863887 0.197048858
v 0.226147994 -0.152165338 0.196433231
v 0.242973372 -0.120797709 0.196266487
v 0.251887262 -0.0864118859 0.196806729
v 0.25514856 -0.0516088642 0.198003322
v 0.25991112 -0.0178781543 0.199518889
v 0.258360058 0.0168651417 0.216911137
v 0.264282942 0.0524964333 0.218397558
v 0.259088099 0.087872088 0.219009668
v 0.239550024 0.118054189 0.21907185
v 0.212063283 0.141614988 0.219077513
v 0.185664207 0.162736237 0.219351411
v 0.163033649 0.185805023 0.21983552
v 0.140126988 0.209594756 0.220126852
v 0.113062829 0.229115844 0.219744503
v 0.0823463127 0.24237366 0.218464211
v 0.0502323806 0.252186388 0.216516629
v 0.0171414707 0.26047197 0.21452266
v -0.0172113441 0.26366359 0.213193521
v -0.0509747528 0.256622314 0.212961465
v -0.0814308003 0.240096137 0.213750854
v -0.108984746 0.221146733 0.215020448
v -0.137147561 0.205373466 0.216052875
v -0.167411715 0.19099842 0.216326877
v -0.196216658 0.172169283 0.215762019
v -0.218917713 0.146359965 0.214702785
v -0.235361993 0.116145141 0.213661775
v -0.248772442 0.0845203027 0.212981686
v -0.259317309 0.0516527705 0.212620795
v -0.262166351 0.0172529761 0.212190568
v -0.253988653 -0.0165797882 0.21122244
v -0.239317134 -0.047537297 0.209502205
v -0.227146581 -0.077038832 0.207268015
v -0.220999643 -0.108912259 0.205145687
v -0.214921251 -0.143523529 0.203848615
v -0.200449362 -0.175695539 0.203808531
v -0.175602451 -0.20012936 0.204946503
v -0.145237491 -0.217238784 0.206715316
v -0.114147373 -0.231313616 0.208389089
v -0.0828219652 -0.243773654 0.209435552
v -0.0500679016 -0.251360655 0.209761053
v -0.0165746529 -0.25185895 0.209694877
v 0.0162335858 -0.248685122 0.209732607
v 0.0490589775 -0.246977732 0.210198492
v 0.0834801272 -0.246138528 0.211031169
v 0.11798171 -0.239402935 0.211821735
v 0.147990957 -0.221611068 0.212080717
v 0.171020061 -0.195115164 0.211572886
v 0.189717725 -0.166466817 0.210515678
v 0.207915828 -0.139004529 0.209514752
v 0.225067466 -0.111065052 0.209264353
v 0.237374857 -0.0806479752 0.210178256
v 0.244229734 -0.0486475155 0.212161243
v 0.250164568 -0.0164631475 0.214651614
v 0.245737478 0.0167725272 0.215176344
v 0.248507455 0.0501286611 0.217214853
v 0.242045254 0.0828923285 0.218042031
v 0.223010212 0.110725552 0.218119159
v 0.19667621 0.132183865 0.218132153
v 0.171882913 0.151559711 0.218522772
v 0.151899889 0.174154341 0.219197378
v 0.132413656 0.199333295 0.21958819
v 0.108089536 0.220683053 0.219029546
v 0.0785135925 0.233360395 0.217222095
v 0.0468538888 0.238917813 0.214501277
v 0.0151754655 0.24151662 0.211738959
v -0.0164820477 0.241481617 0.209920824
v -0.0475020818 0.235486478 0.209634289
v -0.076267682 0.222701326 0.210757345
v -0.103025965 0.207502618 0.212526351
v -0.130642593 0.194382966 0.213944316
v -0.160518274 0.182042763 0.214297608
v -0.189070344 0.16490984 0.213489488
v -0.210677952 0.139949709 0.212009221
v -0.22390534 0.1096678 0.210569352
v -0.232399657 0.078190349 0.209636509
v -0.238967046 0.046863541 0.20913972
v -0.24130483 0.0151621578 0.208531201
v -0.235893294 -0.0161006227 0.207162425
v -0.224712089 -0.0453286879 0.204747885
v -0.214666143 -0.0735159144 0.201633424
v -0.209378585 -0.103957392 0.198697627
v -0.203991681 -0.137100503 0.196929157
v -0.190208554 -0.167718545 0.196914583
v -0.165419668 -0.189654857 0.198527247
v -0.13470456 -0.20278199 0.200995088
v -0.104256861 -0.212858006 0.203309208
v -0.0754276961 -0.224188417 0.204740644
v -0.0460483022 -0.23480998 0.205174178
v -0.0150980493 -0.240284532 0.205077842
v 0.0163911022 -0.24014914 0.205140486
v 0.0479552634 -0.237733066 0.205803066
v 0.0801405534 -0.234010085 0.206967279
v 0.111656979 -0.224886179 0.208056942
v 0.138641775 -0.20628494 0.208394453
v 0.158759981 -0.180048704 0.20766513
v 0.174738854 -0.152409717 0.206185967
v 0.191437319 -0.127168491 0.204807565
v 0.20963572 -0.102678604 0.204491958
v 0.225149155 -0.0757509321 0.205800831
v 0.234760746 -0.04603865 0.208584905
v 0.240496323 -0.015111356 0.212052077
v 0.230724528 0.0164347906 0.21180217
v 0.230287865 0.0471639484 0.214376658
v 0.223411933 0.0772513971 0.215405717
v 0.20659259 0.103338286 0.215493053
v 0.183179215 0.123902172 0.215516567
v 0.160715833 0.142561674 0.216029271
v 0.142680347 0.164565876 0.216894791
v 0.125199676 0.18969056 0.21737656
v 0.102558561 0.210970759 0.216626301
v 0.07390742 0.221842468 0.214276686
v 0.0430546142 0.223041996 0.210776255
v 0.013210969 0.220698044 0.207252175
v -0.015574907 0.21865283 0.204962403
v -0.0440748371 0.215204611 0.20464164
v -0.0717780367 0.207582921 0.206112072
v -0.0984075665 0.196735173 0.208381742
v -0.125467509 0.185493439 0.210174769
v -0.153828159 0.173417032 0.210591719
v -0.180375442 0.156387419 0.209527999
v -0.199694321 0.131802365 0.207623109
v -0.209895492 0.102035843 0.205789059
v -0.214824691 0.0715694204 0.204610646
v -0.219043821 0.0422828309 0.203980431
v -0.222123906 0.0132963201 0.203187436
v -0.220196441 -0.0156848617 0.201405182
v -0.212582976 -0.043537911 0.198284
v -0.203831106 -0.0704807416 0.194285661
v -0.197712407 -0.0988963917 0.190545827
v -0.191269979 -0.129374757 0.18832615
v -0.177470624 -0.157423869 0.188360125
v -0.153456911 -0.176995426 0.190463886
v -0.123821385 -0.187602296 0.193634629
v -0.0950854942 -0.195598096 0.196581051
v -0.0689778849 -0.207045853 0.198383987
v -0.0426271223 -0.220827401 0.198915124
v -0.0138011668 -0.230557695 0.198786706
v 0.0165447444 -0.232268155 0.1988803
v 0.0466270261 -0.227666214 0.199747756
v 0.0759540945 -0.219660118 0.201246604
v 0.103827104 -0.207569838 0.202629447
v 0.127809405 -0.188955754 0.203032583
v 0.146157384 -0.164769441 0.202068955
v 0.161185861 -0.139749855 0.200163394
v 0.177598551 -0.117218703 0.198415771
v 0.196673363 -0.0956082121 0.198053658
v 0.21406363 -0.0713158771 0.199778751
v 0.224825576 -0.0433989055 0.203378245
v 0.229131848 -0.0137158148 0.207823753
v 0.213613495 0.0158522259 0.208460733
v 0.211034164 0.0438726209 0.211555049
v 0.204968929 0.0715548024 0.21277304
v 0.191576704 0.0965380073 0.212866098
v 0.171900347 0.117017016 0.212903515
v 0.151655391 0.135329708 0.213543653
v 0.134464934 0.156021923 0.21460022
v 0.11761333 0.179350078 0.215164125
v 0.0959280059 0.198827296 0.21420677
v 0.0684010014 0.207361162 0.211300179
v 0.0389741696 0.205168188 0.207014143
v 0.0113543682 0.1995956 0.202735335
v -0.0146225113 0.197042719 0.199991569
v -0.0409559794 0.197004661 0.19965674
v -0.0679950863 0.194772109 0.201487869
v -0.0946483761 0.187826797 0.204259053
v -0.120687969 0.177293047 0.206416354
v -0.146328375 0.163980901 0.20688127
v -0.169489622 0.146071851 0.205549821
v -0.186024562 0.121990293 0.203217059
v -0.194212303 0.0937014148 0.200993732
v -0.197573021 0.0651722476 0.199576899
v -0.201167107 0.0382141136 0.198815495
v -0.205561414 0.011693744 0.197831497
v -0.206606656 -0.0153322499 0.195622802
v -0.201520562 -0.0418948047 0.191782862
v -0.192861423 -0.0673280656 0.186897412
v -0.184722304 -0.0930839851 0.182363391
v -0.17642875 -0.120099612 0.179712981
v -0.162743762 -0.145224422 0.179818481
v -0.140624836 -0.163169354 0.182429388
v -0.113460183 -0.173016891 0.186306417
v -0.0871755257 -0.180686265 0.189876765
v -0.0635995865 -0.192805424 0.192037731
v -0.0396649167 -0.208804443 0.192656294
v -0.0125776799 -0.221099898 0.192494154
v 0.0165619645 -0.223177433 0.192624927
v 0.0448114425 -0.21555005 0.193705395
v 0.0708877817 -0.203058258 0.195541725
v 0.0949736163 -0.188472226 0.197211504
v 0.116428658 -0.171036035 0.197667181
v 0.134225756 -0.150418252 0.196456641
v 0.149701655 -0.129017904 0.194120616
v 0.166342407 -0.10908322 0.192012429
v 0.185301259 -0.0894021094 0.191622764
v 0.20259355 -0.0668283403 0.19378522
v 0.212805524 -0.0404249728 0.198214114
v 0.215134099 -0.0122383041 0.203639045
v 0.195500776 0.0150906648 0.205151513
v 0.19242467 0.0405989885 0.208749488
v 0.188180521 0.0663201287 0.210143656
v 0.178514466 0.0906200111 0.210238323
v 0.162340954 0.111215018 0.210293218
v 0.14360185 0.128909454 0.211066037
v 0.126193956 0.14730531 0.212313503
v 0.109045915 0.167364821 0.212950453
v 0.0880912766 0.183975175 0.2117704
v 0.0622011907 0.190461203 0.208292201
v 0.0348667204 0.186558932 0.203214958
v 0.00969355647 0.179793969 0.198188901
v -0.013732532 0.177906051 0.195009008
v -0.0382272676 0.181183562 0.194680214
v -0.0646467209 0.183432296 0.19688502
v -0.0910033882 0.179269686 0.20015806
v -0.115369037 0.168404594 0.202668563
v -0.137420118 0.153082505 0.20316577
v -0.156543031 0.134107754 0.201554716
v -0.170546219 0.111118749 0.198791131
v -0.178173929 0.0853135139 0.196183622
v -0.181947097 0.0594206378 0.194535479
v -0.186137736 0.0347880051 0.193644807
v -0.191516265 0.0103255622 0.19246304
v -0.194028318 -0.0149770062 0.189814836
v -0.18984732 -0.0400552005 0.185244143
v -0.180293605 -0.0635405555 0.179468766
v -0.169857085 -0.0862252265 0.174150884
v -0.159967303 -0.109588899 0.171090439
v -0.147128329 -0.132075116 0.171290368
v -0.127983645 -0.149394408 0.174424097
v -0.104230084 -0.159973428 0.179010376
v -0.0806339011 -0.16840075 0.183195949
v -0.0590862334 -0.180923149 0.18570143
v -0.0369076878 -0.197479367 0.186397463
v -0.0113397539 -0.210327268 0.186200291
v 0.0163351391 -0.211623043 0.186374649
v 0.0424269214 -0.201088428 0.187676191
v 0.0652139708 -0.18504183 0.18985258
v 0.0858418494 -0.169101864 0.191802755
v 0.10543488 -0.153903663 0.192297801
v 0.123564459 -0.137647659 0.190827847
v 0.140156686 -0.120069854 0.188057691
v 0.15679203 -0.10215725 0.185598075
v 0.174201995 -0.0834116638 0.185200036
v 0.189437255 -0.0618667901 0.187820926
v 0.197900563 -0.0369864032 0.193092793
v 0.198604986 -0.0107077491 0.199497774
v 0.177783549 0.0142531032 0.201874018
v 0.175797403 0.0376352705 0.205959424
v 0.173746377 0.0618124828 0.207517281
v 0.167129159 0.085464187 0.207609728
v 0.153426975 0.105777621 0.207685843
v 0.135299698 0.122182593 0.208596557
v 0.117053509 0.137457982 0.210034519
v 0.0993538201 0.153481647 0.210735068
v 0.0793705583 0.16703108 0.209316641
v 0.0557272583 0.172366843 0.205252334
v 0.0309885778 0.168572739 0.199378714
v 0.00826874189 0.162311375 0.193613335
v -0.0129509373 0.161541209 0.19001542
v -0.0357821286 0.167141244 0.189712659
v -0.0612811819 0.172252953 0.192303762
v -0.0867411122 0.169626251 0.196078584
v -0.10889595 0.157949999 0.198930904
v -0.12709865 0.140743524 0.199444696
v -0.142333791 0.121205546 0.197542399
v -0.15456143 0.100052796 0.194345385
v -0.162994117 0.0774522573 0.191358984
v -0.168559819 0.0544964224 0.189486548
v -0.173751488 0.0319405831 0.188468322
v -0.179037988 0.00912085641 0.187081695
v -0.181065068 -0.0145161869 0.183980808
v -0.176226065 -0.0377270393 0.178667545
v -0.165428728 -0.0588533729 0.171999842
v -0.153394192 -0.0784405917 0.165908843
v -0.142960399 -0.0985616148 0.162459329
v -0.131880417 -0.119094811 0.16277647
v -0.11634782 -0.136629269 0.166448355
v -0.0962751657 -0.148725733 0.171746358
v -0.0751388147 -0.158125594 0.176538184
v -0.055018805 -0.170175567 0.179374635
v -0.0340992771 -0.185494438 0.180138409
v -0.0100472374 -0.197222382 0.179905221
v 0.0158183519 -0.197307393 0.180129752
v 0.0395801775 -0.184882239 0.181660369
v 0.0593846738 -0.166922152 0.184179112
v 0.0771636665 -0.150897101 0.186402842
v 0.0954432935 -0.138437375 0.186923921
v 0.114178754 -0.126436591 0.185182273
v 0.13175346 -0.112195782 0.181974724
v 0.14764595 -0.095576182 0.179173186
v 0.162162542 -0.0770571083 0.178786188
v 0.173982605 -0.0562496409 0.181886479
v 0.180315688 -0.0331472717 0.188014552
v 0.180495784 -0.00919512194 0.195399731
v -0.175143883 -0.175143883 0.0176056083
v -0.144188121 -0.198659718 0.00935069751
v -0.115345836 -0.227166653 0.0112074986
v -0.0821656287 -0.253748715 0.0167164393
v -0.0423746817 -0.267742425 0.0183452293
v -4.9309841e-17 -0.268430263 0.01859878
v 0.0416569188 -0.262943804 0.0253593512
v 0.0827393308 -0.254465222 0.0334419645
v 0.122253664 -0.239868775 0.0328436084
v 0.158191979 -0.217742801 0.0230128765
v 0.188076362 -0.188076362 0.0142155588
v -0.205023065 -0.148983315 0.029035354
v -0.140115112 -0.140115112 0.0182844866
v -0.109697126 -0.164460286 0.0116119189
v -0.0802794024 -0.193811625 0.0156687163
v -0.0422003046 -0.212292656 0.0188636556
v -3.94478728e-17 -0.21474421 0.019079024
v 0.0415877812 -0.20894675 0.0264462773
v 0.0824413747 -0.1990311 0.0328175277
v 0.119612478 -0.179048017 0.02497386
v 0.150461093 -0.150461093 0.0155724464
v 0.205175802 -0.149467662 0.01425632
v -0.221776575 -0.113338791 0.0318353921
v -0.168333411 -0.112493932 0.0285823345
v -0.105086334 -0.105086334 0.0189633649
v -0.0752061382 -0.13026084 0.0138731403
v -0.0420259275 -0.156842902 0.0193820819
v -2.95859046e-17 -0.161058158 0.0195592679
v 0.0415186435 -0.154949695 0.0275332015
v 0.0810329691 -0.140353218 0.0269348435
v 0.112845823 -0.112845823 0.0169293359
v 0.165510803 -0.111062385 0.0161002427
v 0.209743887 -0.107408829 0.0155814337
v -0.226398095 -0.0738464072 0.0275160111
v -0.180265635 -0.074668467 0.0284121521
v -0.131643757 -0.0760045573 0.028129315
v -0.070057556 -0.070057556 0.0196422432
v -0.0401397012 -0.0969058126 0.0183343589
v -1.97239364e-17 -0.107372105 0.0200395118
v 0.0412206873 -0.0995155498 0.0269087646
v 0.0752305463 -0.0752305463 0.0182862226
v 0.125845805 -0.0726571083 0.0179441646
v 0.16779618 -0.0695034489 0.0162745379
v 0.212911174 -0.0693206787 0.0132960835
v -0.235356286 -0.03717608 0.024724083
v -0.185810789 -0.0368441269 0.0242670085
v -0.136265293 -0.0365121737 0.023809934
v -0.0901328176 -0.0373342335 0.0247060768
v -0.035028778 -0.035028778 0.0203211214
v -9.86196821e-18 -0.0536860526 0.0205197558
v 0.0376152731 -0.0376152731 0.0196431112
v 0.0838980898 -0.0347517245 0.0186372697
v 0.129013076 -0.0345689505 0.0156588145
v 0.179330572 -0.0353320204 0.0141787892
v 0.229648054 -0.0360950939 0.0126987649
v -0.259214789 3.17446574e-17 0.0253838208
v -0.207371831 2.53957253e-17 0.0245070569
v -0.155528873 1.90467948e-17 0.0236302931
v -0.103685915 1.26978626e-17 0.0227535293
v -0.0518429577 6.34893132e-18 0.0218767636
v 0 0 0.0209999997
v 0.0518237092 0 0.0209179129
v 0.103647418 0 0.0208358262
v 0.155471116 0 0.0207537394
v 0.207294837 0 0.0206716526
v 0.259118527 0 0.0205895659
v -0.281605393 0.0448606759 0.0212158337
v -0.22649762 0.0453922227 0.0192819424
v -0.171389848 0.0459237732 0.0173480511
v -0.10765294 0.0445913076 0.0155221978
v -0.0356881283 0.0356881283 0.0215622112
v 3.06042992e-18 0.0499806106 0.0222749207
v 0.0382746272 0.0382746272 0.0208842009
v 0.101418205 0.0420087986 0.0251344573
v 0.164137647 0.04398055 0.0295672324
v 0.220017403 0.0438801199 0.0306144562
v 0.275897175 0.0437796898 0.0316616818
v -0.27904278 0.0905150771 0.0118702492
v -0.21530588 0.0891826153 0.0100443959
v -0.143488094 0.0828428939 0.0126786688
v -0.0713762566 0.0713762566 0.0221244227
v -0.038122341 0.0920354798 0.0229317695
v 6.12085984e-18 0.0999612212 0.0235498417
v 0.0392033309 0.0946452096 0.0158251096
v 0.0765492544 0.0765492544 0.0207684021
v 0.137690142 0.0794954374 0.0228638202
v 0.202836409 0.0840175971 0.029268913
v 0.265555859 0.0859893486 0.0337016881
v -0.251141042 0.127434194 0.0072008674
v -0.178533733 0.118820816 0.0130182924
v -0.107064389 0.107064389 0.0226866324
v -0.0744670257 0.128980681 0.0240582898
v -0.0389740802 0.145453244 0.0258439649
v 9.18128955e-18 0.149941832 0.0248247646
v 0.0384667963 0.143560037 0.0136247836
v 0.080293864 0.139073059 0.0167496931
v 0.114823878 0.114823878 0.0206526034
v 0.17571111 0.117389269 0.0219569337
v 0.239108354 0.12150424 0.0269982759
v -0.213579357 0.154798731 0.0133579159
v -0.142752513 0.142752513 0.0232488438
v -0.110270724 0.16499652 0.0255654082
v -0.0762446821 0.18407096 0.0248635374
v -0.0391364656 0.196881443 0.0284351893
v 1.22417197e-17 0.199922442 0.0260996856
v 0.0385239422 0.193535537 0.0145970769
v 0.0784066617 0.189290419 0.0106502175
v 0.120186076 0.17958425 0.0175066162
v 0.153098509 0.153098509 0.0205368027
v 0.213732094 0.155283093 0.0210500471
v -0.178440645 0.178440645 0.0238110553
v -0.146074429 0.201012343 0.0270725247
v -0.112589374 0.221016154 0.0259900596
v -0.0770964175 0.237488717 0.0277757328
v -0.039298851 0.248309642 0.0310264137
v 1.53021498e-17 0.249903068 0.0273746066
v 0.0385810882 0.243511036 0.0155693693
v 0.0776701272 0.238205254 0.00844989251
v 0.119497195 0.233718261 0.011574802
v 0.160078287 0.220095441 0.0182635393
v 0.191373125 0.191373125 0.0204210039
f 1 2 49
f 2 50 49
f 2 3 50
f 3 51 50
f 3 4 51
f 4 52 51
f 4 5 52
f 5 53 52
f 5 6 53
f 6 54 53
f 6 7 54
f 7 55 54
f 7 8 55
f 8 56 55
f 8 9 56
f 9 57 56
f 9 10 57
f 10 58 57
f 10 11 58
f 11 59 58
f 11 12 59
f 12 60 59
f 12 13 60
f 13 61 60
f 13 14 61
f 14 62 61
f 14 15 62
f 15 63 62
f 15 16 63
f 16 64 63
f 16 17 64
f 17 65 64
f 17 18 65
f 18 66 65
f 18 19 66
f 19 67 66
f 19 20 67
f 20 68 67
f 20 21 68
f 21 69 68
f 21 22 69
f 22 70 69
f 22 23 70
f 23 71 70
f 23 24 71
f 24 72 71
f 24 25 72
f 25 73 72
f 25 26 73
f 26 74 73
f 26 27 74
f 27 75 74
f 27 28 75
f 28 76 75
f 28 29 76
f 29 77 76
f 29 30 77
f 30 78 77
f 30 31 78
f 31 79 78
f 31 32 79
f 32 80 79
f 32 33 80
f 33 81 80
f 33 34 81
f 34 82 81
f 34 35 82
f 35 83 82
f 35 36 83
f 36 84 83
f 36 37 84
f 37 85 84
f 37 38 85
f 38 86 85
f 38 39 86
f 39 87 86
f 39 40 87
f 40 88 87
f 40 41 88
f 41 89 88
f 41 42 89
f 42 90 89
f 42 43 90
f 43 91 90
f 43 44 91
f 44 92 91
f 44 45 92
f 45 93 92
f 45 46 93
f 46 94 93
f 46 47 94
f 47 95 94
f 47 48 95
f 48 96 95
f 48 1 96
f 1 49 96
f 49 50 97
f 50 98 97
f 50 51 98
f 51 99 98
f 51 52 99
f 52 100 99
f 52 53 100
f 53 101 100
f 53 54 101
f 54 102 101
f 54 55 102
f 55 103 102
f 55 56 103
f 56 104 103
f 56 57 104
f 57 105 104
f 57 58 105
f 58 106 105
f 58 59 106
f 59 107 106
f 59 60 107
f 60 108 107
f 60 61 108
f 61 109 108
f 61 62 109
f 62 110 109
f 62 63 110
f 63 111 110
f 63 64 111
f 64 112 111
f 64 65 112
f 65 113 112
f 65 66 113
f 66 114 113
f 66 67 114
f 67 115 114
f 67 68 115
f 68 116 115
f 68 69 116
f 69 117 116
f 69 70 117
f 70 118 117
f 70 71 118
f 71 119 118
f 71 72 119
f 72 120 119
f 72 73 120
f 73 121 120
f 73 74 121
f 74 122 121
f 74 75 122
f 75 123 122
f 75 76 123
f 76 124 123
f 76 77 124
f 77 125 124
f 77 78 125
f 78 126 125
f 78 79 126
f 79 127 126
f 79 80 127
f 80 128 127
f 80 81 128
f 81 129 128
f 81 82 129
f 82 130 129
f 82 83 130
f 83 131 130
f 83 84 131
f 84 132 131
f 84 85 132
f 85 133 132
f 85 86 133
f 86 134 133
f 86 87 134
f 87 135 134
f 87 88 135
f 88 136 135
f 88 89 136
f 89 137 136
f 89 90 137
f 90 138 137
f 90 91 138
f 91 139 138
f 91 92 139
f 92 140 139
f 92 93 140
f 93 141 140
f 93 94 141
f 94 142 141
f 94 95 142
f 95 143 142
f 95 96 143
f 96 144 143
f 96 49 144
f 49 97 144
f 97 98 145
f 98 146 145
f 98 99 146
f 99 147 146
f 99 100 147
f 100 148 147
f 100 101 148
f 101 149 148
f 101 102 149
f 102 150 149
f 102 103 150
f 103 151 150
f 103 104 151
f 104 152 151
f 104 105 152
f 105 153 152
f 105 106 153
f 106 154 153
f 106 107 154
f 107 155 154
f 107 108 155
f 108 156 155
f 108 109 156
f 109 157 156
f 109 110 157
f 110 158 157
f 110 111 158
f 111 159 158
f 111 112 159
f 112 160 159
f 112 113 160
f 113 161 160
f 113 114 161
f 114 162 161
f 114 115 162
f 115 163 162
f 115 116 163
f 116 164 163
f 116 117 164
f 117 165 164
f 117 118 165
f 118 166 165
f 118 119 166
f 119 167 166
f 119 120 167
f 120 168 167
f 120 121 168
f 121 169 168
f 121 122 169
f 122 170 169
f 122 123 170
f 123 171 170
f 123 124 171
f 124 172 171
f 124 125 172
f 125 173 172
f 125 126 173
f 126 174 173
f 126 127 174
f 127 175 174
f 127 128 175
f 128 176 175
f 128 129 176
f 129 177 176
f 129 130 177
f 130 178 177
f 130 131 178
f 131 179 178
f 131 132 179
f 132 180 179
f 132 133 180
f 133 181 180
f 133 134 181
f 134 182 181
f 134 135 182
f 135 183 182
f 135 136 183
f 136 184 183
f 136 137 184
f 137 185 184
f 137 138 185
f 138 186 185
f 138 139 186
f 139 187 186
f 139 140 187
f 140 188 187
f 140 141 188
f 141 189 188
f 141 142 189
f 142 190 189
f 142 143 190
f 143 191 190
f 143 144 191
f 144 192 191
f 144 97 192
f 97 145 192
f 145 146 193
f 146 194 193
f 146 147 194
f 147 195 194
f 147 148 195
f 148 196 195
f 148 149 196
f 149 197 196
f 149 150 197
f 150 198 197
f 150 151 198
f 151 199 198
f 151 152 199
f 152 200 199
f 152 153 200
f 153 201 200
f 153 154 201
f 154 202 201
f 154 155 202
f 155 203 202
f 155 156 203
f 156 204 203
f 156 157 204
f 157 205 204
f 157 158 205
f 158 206 205
f 158 159 206
f 159 207 206
f 159 160 207
f 160 208 207
f 160 161 208
f 161 209 208
f 161 162 209
f 162 210 209
f 162 163 210
f 163 211 210
f 163 164 211
f 164 212 211
f 164 165 212
f 165 213 212
f 165 166 213
f 166 214 213
f 166 167 214
f 167 215 214
f 167 168 215
f 168 216 215
f 168 169 216
f 169 217 216
f 169 170 217
f 170 218 217
f 170 171 218
f 171 219 218
f 171 172 219
f 172 220 219
f 172 173 220
f 173 221 220
f 173 174 221
f 174 222 221
f 174 175 222
f 175 223 222
f 175 176 223
f 176 224 223
f 176 177 224
f 177 225 224
f 177 178 225
f 178 226 225
f 178 179 226
f 179 227 226
f 179 180 227
f 180 228 227
f 180 181 228
f 181 229 228
f 181 182 229
f 182 230 229
f 182 183 230
f 183 231 230
f 183 184 231
f 184 232 231
f 184 185 232
f 185 233 232
f 185 186 233
f 186 234 233
f 186 187 234
f 187 235 234
f 187 188 235
f 188 236 235
f 188 189 236
f 189 237 236
f 189 190 237
f 190 238 237
f 190 191 238
f 191 239 238
f 191 192 239
f 192 240 239
f 192 145 240
f 145 193 240
f 193 194 241
f 194 242 241
f 194 195 242
f 195 243 242
f 195 196 243
f 196 244 243
f 196 197 244
f 197 245 244
f 197 198 245
f 198 246 245
f 198 199 246
f 199 247 246
f 199 200 247
f 200 248 247
f 200 201 248
f 201 249 248
f 201 202 249
f 202 250 249
f 202 203 250
f 203 251 250
f 203 204 251
f 204 252 251
f 204 205 252
f 205 253 252
f 205 206 253
f 206 254 253
f 206 207 254
f 207 255 254
f 207 208 255
f 208 256 255
f 208 209 256
f 209 257 256
f 209 210 257
f 210 258 257
f 210 211 258
f 211 259 258
f 211 212 259
f 212 260 259
f 212 213 260
f 213 261 260
f 213 214 261
f 214 262 261
f 214 215 262
f 215 263 262
f 215 216 263
f 216 264 263
f 216 217 264
f 217 265 264
f 217 218 265
f 218 266 265
f 218 219 266
f 219 267 266
f 219 220 267
f 220 268 267
f 220 221 268
f 221 269 268
f 221 222 269
f 222 270 269
f 222 223 270
f 223 271 270
f 223 224 271
f 224 272 271
f 224 225 272
f 225 273 272
f 225 226 273
f 226 274 273
f 226 227 274
f 227 275 274
f 227 228 275
f 228 276 275
f 228 229 276
f 229 277 276
f 229 230 277
f 230 278 277
f 230 231 278
f 231 279 278
f 231 232 279
f 232 280 279
f 232 233 280
f 233 281 280
f 233 234 281
f 234 282 281
f 234 235 282
f 235 283 282
f 235 236 283
f 236 284 283
f 236 237 284
f 237 285 284
f 237 238 285
f 238 286 285
f 238 239 286
f 239 287 286
f 239 240 287
f 240 288 287
f 240 193 288
f 193 241 288
f 241 242 289
f 242 290 289
f 242 243 290
f 243 291 290
f 243 244 291
f 244 292 291
f 244 245 292
f 245 293 292
f 245 246 293
f 246 294 293
f 246 247 294
f 247 295 294
f 247 248 295
f 248 296 295
f 248 249 296
f 249 297 296
f 249 250 297
f 250 298 297
f 250 251 298
f 251 299 298
f 251 252 299
f 252 300 299
f 252 253 300
f 253 301 300
f 253 254 301
f 254 302 301
f 254 255 302
f 255 303 302
f 255 256 303
f 256 304 303
f 256 257 304
f 257 305 304
f 257 258 305
f 258 306 305
f 258 259 306
f 259 307 306
f 259 260 307
f 260 308 307
f 260 261 308
f 261 309 308
f 261 262 309
f 262 310 309
f 262 263 310
f 263 311 310
f 263 264 311
f 264 312 311
f 264 265 312
f 265 313 312
f 265 266 313
f 266 314 313
f 266 267 314
f 267 315 314
f 267 268 315
f 268 316 315
f 268 269 316
f 269 317 316
f 269 270 317
f 270 318 317
f 270 271 318
f 271 319 318
f 271 272 319
f 272 320 319
f 272 273 320
f 273 321 320
f 273 274 321
f 274 322 321
f 274 275 322
f 275 323 322
f 275 276 323
f 276 324 323
f 276 277 324
f 277 325 324
f 277 278 325
f 278 326 325
f 278 279 326
f 279 327 326
f 279 280 327
f 280 328 327
f 280 281 328
f 281 329 328
f 281 282 329
f 282 330 329
f 282 283 330
f 283 331 330
f 283 284 331
f 284 332 331
f 284 285 332
f 285 333 332
f 285 286 333
f 286 334 333
f 286 287 334
f 287 335 334
f 287 288 335
f 288 336 335
f 288 241 336
f 241 289 336
f 289 290 337
f 290 338 337
f 290 291 338
f 291 339 338
f 291 292 339
f 292 340 339
f 292 293 340
f 293 341 340
f 293 294 341
f 294 342 341
f 294 295 342
f 295 343 342
f 295 296 343
f 296 344 343
f 296 297 344
f 297 345 344
f 297 298 345
f 298 346 345
f 298 299 346
f 299 347 346
f 299 300 347
f 300 348 347
f 300 301 348
f 301 349 348
f 301 302 349
f 302 350 349
f 302 303 350
f 303 351 350
f 303 304 351
f 304 352 351
f 304 305 352
f 305 353 352
f 305 306 353
f 306 354 353
f 306 307 354
f 307 355 354
f 307 308 355
f 308 356 355
f 308 309 356
f 309 357 356
f 309 310 357
f 310 358 357
f 310 311 358
f 311 359 358
f 311 312 359
f 312 360 359
f 312 313 360
f 313 361 360
f 313 314 361
f 314 362 361
f 314 315 362
f 315 363 362
f 315 316 363
f 316 364 363
f 316 317 364
f 317 365 364
f 317 318 365
f 318 366 365
f 318 319 366
f 319 367 366
f 319 320 367
f 320 368 367
f 320 321 368
f 321 369 368
f 321 322 369
f 322 370 369
f 322 323 370
f 323 371 370
f 323 324 371
f 324 372 371
f 324 325 372
f 325 373 372
f 325 326 373
f 326 374 373
f 326 327 374
f 327 375 374
f 327 328 375
f 328 376 375
f 328 329 376
f 329 377 376
f 329 330 377
f 330 378 377
f 330 331 378
f 331 379 378
f 331 332 379
f 332 380 379
f 332 333 380
f 333 381 380
f 333 334 381
f 334 382 381
f 334 335 382
f 335 383 382
f 335 336 383
f 336 384 383
f 336 289 384
f 289 337 384
f 337 338 385
f 338 386 385
f 338 339 386
f 339 387 386
f 339 340 387
f 340 388 387
f 340 341 388
f 341 389 388
f 341 342 389
f 342 390 389
f 342 343 390
f 343 391 390
f 343 344 391
f 344 392 391
f 344 345 392
f 345 393 392
f 345 346 393
f 346 394 393
f 346 347 394
f 347 395 394
f 347 348 395
f 348 396 395
f 348 349 396
f 349 397 396
f 349 350 397
f 350 398 397
f 350 351 398
f 351 399 398
f 351 352 399
f 352 400 399
f 352 353 400
f 353 401 400
f 353 354 401
f 354 402 401
f 354 355 402
f 355 403 402
f 355 356 403
f 356 404 403
f 356 357 404
f 357 405 404
f 357 358 405
f 358 406 405
f 358 359 406
f 359 407 406
f 359 360 407
f 360 408 407
f 360 361 408
f 361 409 408
f 361 362 409
f 362 410 409
f 362 363 410
f 363 411 410
f 363 364 411
f 364 412 411
f 364 365 412
f 365 413 412
f 365 366 413
f 366 414 413
f 366 367 414
f 367 415 414
f 367 368 415
f 368 416 415
f 368 369 416
f 369 417 416
f 369 370 417
f 370 418 417
f 370 371 418
f 371 419 418
f 371 372 419
f 372 420 419
f 372 373 420
f 373 421 420
f 373 374 421
f 374 422 421
f 374 375 422
f 375 423 422
f 375 376 423
f 376 424 423
f 376 377 424
f 377 425 424
f 377 378 425
f 378 426 425
f 378 379 426
f 379 427 426
f 379 380 427
f 380 428 427
f 380 381 428
f 381 429 428
f 381 382 429
f 382 430 429
f 382 383 430
f 383 431 430
f 383 384 431
f 384 432 431
f 384 337 432
f 337 385 432
f 385 386 433
f 386 434 433
f 386 387 434
f 387 435 434
f 387 388 435
f 388 436 435
f 388 389 436
f 389 437 436
f 389 390 437
f 390 438 437
f 390 391 438
f 391 439 438
f 391 392 439
f 392 440 439
f 392 393 440
f 393 441 440
f 393 394 441
f 394 442 441
f 394 395 442
f 395 443 442
f 395 396 443
f 396 444 443
f 396 397 444
f 397 445 444
f 397 398 445
f 398 446 445
f 398 399 446
f 399 447 446
f 399 400 447
f 400 448 447
f 400 401 448
f 401 449 448
f 401 402 449
f 402 450 449
f 402 403 450
f 403 451 450
f 403 404 451
f 404 452 451
f 404 405 452
f 405 453 452
f 405 406 453
f 406 454 453
f 406 407 454
f 407 455 454
f 407 408 455
f 408 456 455
f 408 409 456
f 409 457 456
f 409 410 457
f 410 458 457
f 410 411 458
f 411 459 458
f 411 412 459
f 412 460 459
f 412 413 460
f 413 461 460
f 413 414 461
f 414 462 461
f 414 415 462
f 415 463 462
f 415 416 463
f 416 464 463
f 416 417 464
f 417 465 464
f 417 418 465
f 418 466 465
f 418 419 466
f 419 467 466
f 419 420 467
f 420 468 467
f 420 421 468
f 421 469 468
f 421 422 469
f 422 470 469
f 422 423 470
f 423 471 470
f 423 424 471
f 424 472 471
f 424 425 472
f 425 473 472
f 425 426 473
f 426 474 473
f 426 427 474
f 427 475 474
f 427 428 475
f 428 476 475
f 428 429 476
f 429 477 476
f 429 430 477
f 430 478 477
f 430 431 478
f 431 479 478
f 431 432 479
f 432 480 479
f 432 385 480
f 385 433 480
f 433 434 481
f 434 482 481
f 434 435 482
f 435 483 482
f 435 436 483
f 436 484 483
f 436 437 484
f 437 485 484
f 437 438 485
f 438 486 485
f 438 439 486
f 439 487 486
f 439 440 487
f 440 488 487
f 440 441 488
f 441 489 488
f 441 442 489
f 442 490 489
f 442 443 490
f 443 491 490
f 443 444 491
f 444 492 491
f 444 445 492
f 445 493 492
f 445 446 493
f 446 494 493
f 446 447 494
f 447 495 494
f 447 448 495
f 448 496 495
f 448 449 496
f 449 497 496
f 449 450 497
f 450 498 497
f 450 451 498
f 451 499 498
f 451 452 499
f 452 500 499
f 452 453 500
f 453 501 500
f 453 454 501
f 454 502 501
f 454 455 502
f 455 503 502
f 455 456 503
f 456 504 503
f 456 457 504
f 457 505 504
f 457 458 505
f 458 506 505
f 458 459 506
f 459 507 506
f 459 460 507
f 460 508 507
f 460 461 508
f 461 509 508
f 461 462 509
f 462 510 509
f 462 463 510
f 463 511 510
f 463 464 511
f 464 512 511
f 464 465 512
f 465 513 512
f 465 466 513
f 466 514 513
f 466 467 514
f 467 515 514
f 467 468 515
f 468 516 515
f 468 469 516
f 469 517 516
f 469 470 517
f 470 518 517
f 470 471 518
f 471 519 518
f 471 472 519
f 472 520 519
f 472 473 520
f 473 521 520
f 473 474 521
f 474 522 521
f 474 475 522
f 475 523 522
f 475 476 523
f 476 524 523
f 476 477 524
f 477 525 524
f 477 478 525
f 478 526 525
f 478 479 526
f 479 527 526
f 479 480 527
f 480 528 527
f 480 433 528
f 433 481 528
f 481 482 529
f 482 530 529
f 482 483 530
f 483 531 530
f 483 484 531
f 484 532 531
f 484 485 532
f 485 533 532
f 485 486 533
f 486 534 533
f 486 487 534
f 487 535 534
f 487 488 535
f 488 536 535
f 488 489 536
f 489 537 536
f 489 490 537
f 490 538 537
f 490 491 538
f 491 539 538
f 491 492 539
f 492 540 539
f 492 493 540
f 493 541 540
f 493 494 541
f 494 542 541
f 494 495 542
f 495 543 542
f 495 496 543
f 496 544 543
f 496 497 544
f 497 545 544
f 497 498 545
f 498 546 545
f 498 499 546
f 499 547 546
f 499 500 547
f 500 548 547
f 500 501 548
f 501 549 548
f 501 502 549
f 502 550 549
f 502 503 550
f 503 551 550
f 503 504 551
f 504 552 551
f 504 505 552
f 505 553 552
f 505 506 553
f 506 554 553
f 506 507 554
f 507 555 554
f 507 508 555
f 508 556 555
f 508 509 556
f 509 557 556
f 509 510 557
f 510 558 557
f 510 511 558
f 511 559 558
f 511 512 559
f 512 560 559
f 512 513 560
f 513 561 560
f 513 514 561
f 514 562 561
f 514 515 562
f 515 563 562
f 515 516 563
f 516 564 563
f 516 517 564
f 517 565 564
f 517 518 565
f 518 566 565
f 518 519 566
f 519 567 566
f 519 520 567
f 520 568 567
f 520 521 568
f 521 569 568
f 521 522 569
f 522 570 569
f 522 523 570
f 523 571 570
f 523 524 571
f 524 572 571
f 524 525 572
f 525 573 572
f 525 526 573
f 526 574 573
f 526 527 574
f 527 575 574
f 527 528 575
f 528 576 575
f 528 481 576
f 481 529 576
f 529 530 577
f 530 578 577
f 530 531 578
f 531 579 578
f 531 532 579
f 532 580 579
f 532 533 580
f 533 581 580
f 533 534 581
f 534 582 581
f 534 535 582
f 535 583 582
f 535 536 583
f 536 584 583
f 536 537 584
f 537 585 584
f 537 538 585
f 538 586 585
f 538 539 586
f 539 587 586
f 539 540 587
f 540 588 587
f 540 541 588
f 541 589 588
f 541 542 589
f 542 590 589
f 542 543 590
f 543 591 590
f 543 544 591
f 544 592 591
f 544 545 592
f 545 593 592
f 545 546 593
f 546 594 593
f 546 547 594
f 547 595 594
f 547 548 595
f 548 596 595
f 548 549 596
f 549 597 596
f 549 550 597
f 550 598 597
f 550 551 598
f 551 599 598
f 551 552 599
f 552 600 599
f 552 553 600
f 553 601 600
f 553 554 601
f 554 602 601
f 554 555 602
f 555 603 602
f 555 556 603
f 556 604 603
f 556 557 604
f 557 605 604
f 557 558 605
f 558 606 605
f 558 559 606
f 559 607 606
f 559 560 607
f 560 608 607
f 560 561 608
f 561 609 608
f 561 562 609
f 562 610 609
f 562 563 610
f 563 611 610
f 563 564 611
f 564 612 611
f 564 565 612
f 565 613 612
f 565 566 613
f 566 614 613
f 566 567 614
f 567 615 614
f 567 568 615
f 568 616 615
f 568 569 616
f 569 617 616
f 569 570 617
f 570 618 617
f 570 571 618
f 571 619 618
f 571 572 619
f 572 620 619
f 572 573 620
f 573 621 620
f 573 574 621
f 574 622 621
f 574 575 622
f 575 623 622
f 575 576 623
f 576 624 623
f 576 529 624
f 529 577 624
f 577 578 625
f 578 626 625
f 578 579 626
f 579 627 626
f 579 580 627
f 580 628 627
f 580 581 628
f 581 629 628
f 581 582 629
f 582 630 629
f 582 583 630
f 583 631 630
f 583 584 631
f 584 632 631
f 584 585 632
f 585 633 632
f 585 586 633
f 586 634 633
f 586 587 634
f 587 635 634
f 587 588 635
f 588 636 635
f 588 589 636
f 589 637 636
f 589 590 637
f 590 638 637
f 590 591 638
f 591 639 638
f 591 592 639
f 592 640 639
f 592 593 640
f 593 641 640
f 593 594 641
f 594 642 641
f 594 595 642
f 595 643 642
f 595 596 643
f 596 644 643
f 596 597 644
f 597 645 644
f 597 598 645
f 598 646 645
f 598 599 646
f 599 647 646
f 599 600 647
f 600 648 647
f 600 601 648
f 601 649 648
f 601 602 649
f 602 650 649
f 602 603 650
f 603 651 650
f 603 604 651
f 604 652 651
f 604 605 652
f 605 653 652
f 605 606 653
f 606 654 653
f 606 607 654
f 607 655 654
f 607 608 655
f 608 656 655
f 608 609 656
f 609 657 656
f 609 610 657
f 610 658 657
f 610 611 658
f 611 659 658
f 611 612 659
f 612 660 659
f 612 613 660
f 613 661 660
f 613 614 661
f 614 662 661
f 614 615 662
f 615 663 662
f 615 616 663
f 616 664 663
f 616 617 664
f 617 665 664
f 617 618 665
f 618 666 665
f 618 619 666
f 619 667 666
f 619 620 667
f 620 668 667
f 620 621 668
f 621 669 668
f 621 622 669
f 622 670 669
f 622 623 670
f 623 671 670
f 623 624 671
f 624 672 671
f 624 577 672
f 577 625 672
f 625 626 673
f 626 674 673
f 626 627 674
f 627 675 674
f 627 628 675
f 628 676 675
f 628 629 676
f 629 677 676
f 629 630 677
f 630 678 677
f 630 631 678
f 631 679 678
f 631 632 679
f 632 680 679
f 632 633 680
f 633 681 680
f 633 634 681
f 634 682 681
f 634 635 682
f 635 683 682
f 635 636 683
f 636 684 683
f 636 637 684
f 637 685 684
f 637 638 685
f 638 686 685
f 638 639 686
f 639 687 686
f 639 640 687
f 640 688 687
f 640 641 688
f 641 689 688
f 641 642 689
f 642 690 689
f 642 643 690
f 643 691 690
f 643 644 691
f 644 692 691
f 644 645 692
f 645 693 692
f 645 646 693
f 646 694 693
f 646 647 694
f 647 695 694
f 647 648 695
f 648 696 695
f 648 649 696
f 649 697 696
f 649 650 697
f 650 698 697
f 650 651 698
f 651 699 698
f 651 652 699
f 652 700 699
f 652 653 700
f 653 701 700
f 653 654 701
f 654 702 701
f 654 655 702
f 655 703 702
f 655 656 703
f 656 704 703
f 656 657 704
f 657 705 704
f 657 658 705
f 658 706 705
f 658 659 706
f 659 707 706
f 659 660 707
f 660 708 707
f 660 661 708
f 661 709 708
f 661 662 709
f 662 710 709
f 662 663 710
f 663 711 710
f 663 664 711
f 664 712 711
f 664 665 712
f 665 713 712
f 665 666 713
f 666 714 713
f 666 667 714
f 667 715 714
f 667 668 715
f 668 716 715
f 668 669 716
f 669 717 716
f 669 670 717
f 670 718 717
f 670 671 718
f 671 719 718
f 671 672 719
f 672 720 719
f 672 625 720
f 625 673 720
f 673 674 721
f 674 722 721
f 674 675 722
f 675 723 722
f 675 676 723
f 676 724 723
f 676 677 724
f 677 725 724
f 677 678 725
f 678 726 725
f 678 679 726
f 679 727 726
f 679 680 727
f 680 728 727
f 680 681 728
f 681 729 728
f 681 682 729
f 682 730 729
f 682 683 730
f 683 731 730
f 683 684 731
f 684 732 731
f 684 685 732
f 685 733 732
f 685 686 733
f 686 734 733
f 686 687 734
f 687 735 734
f 687 688 735
f 688 736 735
f 688 689 736
f 689 737 736
f 689 690 737
f 690 738 737
f 690 691 738
f 691 739 738
f 691 692 739
f 692 740 739
f 692 693 740
f 693 741 740
f 693 694 741
f 694 742 741
f 694 695 742
f 695 743 742
f 695 696 743
f 696 744 743
f 696 697 744
f 697 745 744
f 697 698 745
f 698 746 745
f 698 699 746
f 699 747 746
f 699 700 747
f 700 748 747
f 700 701 748
f 701 749 748
f 701 702 749
f 702 750 749
f 702 703 750
f 703 751 750
f 703 704 751
f 704 752 751
f 704 705 752
f 705 753 752
f 705 706 753
f 706 754 753
f 706 707 754
f 707 755 754
f 707 708 755
f 708 756 755
f 708 709 756
f 709 757 756
f 709 710 757
f 710 758 757
f 710 711 758
f 711 759 758
f 711 712 759
f 712 760 759
f 712 713 760
f 713 761 760
f 713 714 761
f 714 762 761
f 714 715 762
f 715 763 762
f 715 716 763
f 716 764 763
f 716 717 764
f 717 765 764
f 717 718 765
f 718 766 765
f 718 719 766
f 719 767 766
f 719 720 767
f 720 768 767
f 720 673 768
f 673 721 768
f 721 722 769
f 722 770 769
f 722 723 770
f 723 771 770
f 723 724 771
f 724 772 771
f 724 725 772
f 725 773 772
f 725 726 773
f 726 774 773
f 726 727 774
f 727 775 774
f 727 728 775
f 728 776 775
f 728 729 776
f 729 777 776
f 729 730 777
f 730 778 777
f 730 731 778
f 731 779 778
f 731 732 779
f 732 780 779
f 732 733 780
f 733 781 780
f 733 734 781
f 734 782 781
f 734 735 782
f 735 783 782
f 735 736 783
f 736 784 783
f 736 737 784
f 737 785 784
f 737 738 785
f 738 786 785
f 738 739 786
f 739 787 786
f 739 740 787
f 740 788 787
f 740 741 788
f 741 789 788
f 741 742 789
f 742 790 789
f 742 743 790
f 743 791 790
f 743 744 791
f 744 792 791
f 744 745 792
f 745 793 792
f 745 746 793
f 746 794 793
f 746 747 794
f 747 795 794
f 747 748 795
f 748 796 795
f 748 749 796
f 749 797 796
f 749 750 797
f 750 798 797
f 750 751 798
f 751 799 798
f 751 752 799
f 752 800 799
f 752 753 800
f 753 801 800
f 753 754 801
f 754 802 801
f 754 755 802
f 755 803 802
f 755 756 803
f 756 804 803
f 756 757 804
f 757 805 804
f 757 758 805
f 758 806 805
f 758 759 806
f 759 807 806
f 759 760 807
f 760 808 807
f 760 761 808
f 761 809 808
f 761 762 809
f 762 810 809
f 762 763 810
f 763 811 810
f 763 764 811
f 764 812 811
f 764 765 812
f 765 813 812
f 765 766 813
f 766 814 813
f 766 767 814
f 767 815 814
f 767 768 815
f 768 816 815
f 768 721 816
f 721 769 816
f 769 770 817
f 770 818 817
f 770 771 818
f 771 819 818
f 771 772 819
f 772 820 819
f 772 773 820
f 773 821 820
f 773 774 821
f 774 822 821
f 774 775 822
f 775 823 822
f 775 776 823
f 776 824 823
f 776 777 824
f 777 825 824
f 777 778 825
f 778 826 825
f 778 779 826
f 779 827 826
f 779 780 827
f 780 828 827
f 780 781 828
f 781 829 828
f 781 782 829
f 782 830 829
f 782 783 830
f 783 831 830
f 783 784 831
f 784 832 831
f 784 785 832
f 785 833 832
f 785 786 833
f 786 834 833
f 786 787 834
f 787 835 834
f 787 788 835
f 788 836 835
f 788 789 836
f 789 837 836
f 789 790 837
f 790 838 837
f 790 791 838
f 791 839 838
f 791 792 839
f 792 840 839
f 792 793 840
f 793 841 840
f 793 794 841
f 794 842 841
f 794 795 842
f 795 843 842
f 795 796 843
f 796 844 843
f 796 797 844
f 797 845 844
f 797 798 845
f 798 846 845
f 798 799 846
f 799 847 846
f 799 800 847
f 800 848 847
f 800 801 848
f 801 849 848
f 801 802 849
f 802 850 849
f 802 803 850
f 803 851 850
f 803 804 851
f 804 852 851
f 804 805 852
f 805 853 852
f 805 806 853
f 806 854 853
f 806 807 854
f 807 855 854
f 807 808 855
f 808 856 855
f 808 809 856
f 809 857 856
f 809 810 857
f 810 858 857
f 810 811 858
f 811 859 858
f 811 812 859
f 812 860 859
f 812 813 860
f 813 861 860
f 813 814 861
f 814 862 861
f 814 815 862
f 815 863 862
f 815 816 863
f 816 864 863
f 816 769 864
f 769 817 864
f 817 818 865
f 818 866 865
f 818 819 866
f 819 867 866
f 819 820 867
f 820 868 867
f 820 821 868
f 821 869 868
f 821 822 869
f 822 870 869
f 822 823 870
f 823 871 870
f 823 824 871
f 824 872 871
f 824 825 872
f 825 873 872
f 825 826 873
f 826 874 873
f 826 827 874
f 827 875 874
f 827 828 875
f 828 876 875
f 828 829 876
f 829 877 876
f 829 830 877
f 830 878 877
f 830 831 878
f 831 879 878
f 831 832 879
f 832 880 879
f 832 833 880
f 833 881 880
f 833 834 881
f 834 882 881
f 834 835 882
f 835 883 882
f 835 836 883
f 836 884 883
f 836 837 884
f 837 885 884
f 837 838 885
f 838 886 885
f 838 839 886
f 839 887 886
f 839 840 887
f 840 888 887
f 840 841 888
f 841 889 888
f 841 842 889
f 842 890 889
f 842 843 890
f 843 891 890
f 843 844 891
f 844 892 891
f 844 845 892
f 845 893 892
f 845 846 893
f 846 894 893
f 846 847 894
f 847 895 894
f 847 848 895
f 848 896 895
f 848 849 896
f 849 897 896
f 849 850 897
f 850 898 897
f 850 851 898
f 851 899 898
f 851 852 899
f 852 900 899
f 852 853 900
f 853 901 900
f 853 854 901
f 854 902 901
f 854 855 902
f 855 903 902
f 855 856 903
f 856 904 903
f 856 857 904
f 857 905 904
f 857 858 905
f 858 906 905
f 858 859 906
f 859 907 906
f 859 860 907
f 860 908 907
f 860 861 908
f 861 909 908
f 861 862 909
f 862 910 909
f 862 863 910
f 863 911 910
f 863 864 911
f 864 912 911
f 864 817 912
f 817 865 912
f 865 866 913
f 866 914 913
f 866 867 914
f 867 915 914
f 867 868 915
f 868 916 915
f 868 869 916
f 869 917 916
f 869 870 917
f 870 918 917
f 870 871 918
f 871 919 918
f 871 872 919
f 872 920 919
f 872 873 920
f 873 921 920
f 873 874 921
f 874 922 921
f 874 875 922
f 875 923 922
f 875 876 923
f 876 924 923
f 876 877 924
f 877 925 924
f 877 878 925
f 878 926 925
f 878 879 926
f 879 927 926
f 879 880 927
f 880 928 927
f 880 881 928
f 881 929 928
f 881 882 929
f 882 930 929
f 882 883 930
f 883 931 930
f 883 884 931
f 884 932 931
f 884 885 932
f 885 933 932
f 885 886 933
f 886 934 933
f 886 887 934
f 887 935 934
f 887 888 935
f 888 936 935
f 888 889 936
f 889 937 936
f 889 890 937
f 890 938 937
f 890 891 938
f 891 939 938
f 891 892 939
f 892 940 939
f 892 893 940
f 893 941 940
f 893 894 941
f 894 942 941
f 894 895 942
f 895 943 942
f 895 896 943
f 896 944 943
f 896 897 944
f 897 945 944
f 897 898 945
f 898 946 945
f 898 899 946
f 899 947 946
f 899 900 947
f 900 948 947
f 900 901 948
f 901 949 948
f 901 902 949
f 902 950 949
f 902 903 950
f 903 951 950
f 903 904 951
f 904 952 951
f 904 905 952
f 905 953 952
f 905 906 953
f 906 954 953
f 906 907 954
f 907 955 954
f 907 908 955
f 908 956 955
f 908 909 956
f 909 957 956
f 909 910 957
f 910 958 957
f 910 911 958
f 911 959 958
f 911 912 959
f 912 960 959
f 912 865 960
f 865 913 960
f 913 914 961
f 914 962 961
f 914 915 962
f 915 963 962
f 915 916 963
f 916 964 963
f 916 917 964
f 917 965 964
f 917 918 965
f 918 966 965
f 918 919 966
f 919 967 966
f 919 920 967
f 920 968 967
f 920 921 968
f 921 969 968
f 921 922 969
f 922 970 969
f 922 923 970
f 923 971 970
f 923 924 971
f 924 972 971
f 924 925 972
f 925 973 972
f 925 926 973
f 926 974 973
f 926 927 974
f 927 975 974
f 927 928 975
f 928 976 975
f 928 929 976
f 929 977 976
f 929 930 977
f 930 978 977
f 930 931 978
f 931 979 978
f 931 932 979
f 932 980 979
f 932 933 980
f 933 981 980
f 933 934 981
f 934 982 981
f 934 935 982
f 935 983 982
f 935 936 983
f 936 984 983
f 936 937 984
f 937 985 984
f 937 938 985
f 938 986 985
f 938 939 986
f 939 987 986
f 939 940 987
f 940 988 987
f 940 941 988
f 941 989 988
f 941 942 989
f 942 990 989
f 942 943 990
f 943 991 990
f 943 944 991
f 944 992 991
f 944 945 992
f 945 993 992
f 945 946 993
f 946 994 993
f 946 947 994
f 947 995 994
f 947 948 995
f 948 996 995
f 948 949 996
f 949 997 996
f 949 950 997
f 950 998 997
f 950 951 998
f 951 999 998
f 951 952 999
f 952 1000 999
f 952 953 1000
f 953 1001 1000
f 953 954 1001
f 954 1002 1001
f 954 955 1002
f 955 1003 1002
f 955 956 1003
f 956 1004 1003
f 956 957 1004
f 957 1005 1004
f 957 958 1005
f 958 1006 1005
f 958 959 1006
f 959 1007 1006
f 959 960 1007
f 960 1008 1007
f 960 913 1008
f 913 961 1008
f 961 962 1009
f 962 1010 1009
f 962 963 1010
f 963 1011 1010
f 963 964 1011
f 964 1012 1011
f 964 965 1012
f 965 1013 1012
f 965 966 1013
f 966 1014 1013
f 966 967 1014
f 967 1015 1014
f 967 968 1015
f 968 1016 1015
f 968 969 1016
f 969 1017 1016
f 969 970 1017
f 970 1018 1017
f 970 971 1018
f 971 1019 1018
f 971 972 1019
f 972 1020 1019
f 972 973 1020
f 973 1021 1020
f 973 974 1021
f 974 1022 1021
f 974 975 1022
f 975 1023 1022
f 975 976 1023
f 976 1024 1023
f 976 977 1024
f 977 1025 1024
f 977 978 1025
f 978 1026 1025
f 978 979 1026
f 979 1027 1026
f 979 980 1027
f 980 1028 1027
f 980 981 1028
f 981 1029 1028
f 981 982 1029
f 982 1030 1029
f 982 983 1030
f 983 1031 1030
f 983 984 1031
f 984 1032 1031
f 984 985 1032
f 985 1033 1032
f 985 986 1033
f 986 1034 1033
f 986 987 1034
f 987 1035 1034
f 987 988 1035
f 988 1036 1035
f 988 989 1036
f 989 1037 1036
f 989 990 1037
f 990 1038 1037
f 990 991 1038
f 991 1039 1038
f 991 992 1039
f 992 1040 1039
f 992 993 1040
f 993 1041 1040
f 993 994 1041
f 994 1042 1041
f 994 995 1042
f 995 1043 1042
f 995 996 1043
f 996 1044 1043
f 996 997 1044
f 997 1045 1044
f 997 998 1045
f 998 1046 1045
f 998 999 1046
f 999 1047 1046
f 999 1000 1047
f 1000 1048 1047
f 1000 1001 1048
f 1001 1049 1048
f 1001 1002 1049
f 1002 1050 1049
f 1002 1003 1050
f 1003 1051 1050
f 1003 1004 1051
f 1004 1052 1051
f 1004 1005 1052
f 1005 1053 1052
f 1005 1006 1053
f 1006 1054 1053
f 1006 1007 1054
f 1007 1055 1054
f 1007 1008 1055
f 1008 1056 1055
f 1008 961 1056
f 961 1009 1056
f 1009 1010 1057
f 1010 1058 1057
f 1010 1011 1058
f 1011 1059 1058
f 1011 1012 1059
f 1012 1060 1059
f 1012 1013 1060
f 1013 1061 1060
f 1013 1014 1061
f 1014 1062 1061
f 1014 1015 1062
f 1015 1063 1062
f 1015 1016 1063
f 1016 1064 1063
f 1016 1017 1064
f 1017 1065 1064
f 1017 1018 1065
f 1018 1066 1065
f 1018 1019 1066
f 1019 1067 1066
f 1019 1020 1067
f 1020 1068 1067
f 1020 1021 1068
f 1021 1069 1068
f 1021 1022 1069
f 1022 1070 1069
f 1022 1023 1070
f 1023 1071 1070
f 1023 1024 1071
f 1024 1072 1071
f 1024 1025 1072
f 1025 1073 1072
f 1025 1026 1073
f 1026 1074 1073
f 1026 1027 1074
f 1027 1075 1074
f 1027 1028 1075
f 1028 1076 1075
f 1028 1029 1076
f 1029 1077 1076
f 1029 1030 1077
f 1030 1078 1077
f 1030 1031 1078
f 1031 1079 1078
f 1031 1032 1079
f 1032 1080 1079
f 1032 1033 1080
f 1033 1081 1080
f 1033 1034 1081
f 1034 1082 1081
f 1034 1035 1082
f 1035 1083 1082
f 1035 1036 1083
f 1036 1084 1083
f 1036 1037 1084
f 1037 1085 1084
f 1037 1038 1085
f 1038 1086 1085
f 1038 1039 1086
f 1039 1087 1086
f 1039 1040 1087
f 1040 1088 1087
f 1040 1041 1088
f 1041 1089 1088
f 1041 1042 1089
f 1042 1090 1089
f 1042 1043 1090
f 1043 1091 1090
f 1043 1044 1091
f 1044 1092 1091
f 1044 1045 1092
f 1045 1093 1092
f 1045 1046 1093
f 1046 1094 1093
f 1046 1047 1094
f 1047 1095 1094
f 1047 1048 1095
f 1048 1096 1095
f 1048 1049 1096
f 1049 1097 1096
f 1049 1050 1097
f 1050 1098 1097
f 1050 1051 1098
f 1051 1099 1098
f 1051 1052 1099
f 1052 1100 1099
f 1052 1053 1100
f 1053 1101 1100
f 1053 1054 1101
f 1054 1102 1101
f 1054 1055 1102
f 1055 1103 1102
f 1055 1056 1103
f 1056 1104 1103
f 1056 1009 1104
f 1009 1057 1104
f 1057 1058 1105
f 1058 1106 1105
f 1058 1059 1106
f 1059 1107 1106
f 1059 1060 1107
f 1060 1108 1107
f 1060 1061 1108
f 1061 1109 1108
f 1061 1062 1109
f 1062 1110 1109
f 1062 1063 1110
f 1063 1111 1110
f 1063 1064 1111
f 1064 1112 1111
f 1064 1065 1112
f 1065 1113 1112
f 1065 1066 1113
f 1066 1114 1113
f 1066 1067 1114
f 1067 1115 1114
f 1067 1068 1115
f 1068 1116 1115
f 1068 1069 1116
f 1069 1117 1116
f 1069 1070 1117
f 1070 1118 1117
f 1070 1071 1118
f 1071 1119 1118
f 1071 1072 1119
f 1072 1120 1119
f 1072 1073 1120
f 1073 1121 1120
f 1073 1074 1121
f 1074 1122 1121
f 1074 1075 1122
f 1075 1123 1122
f 1075 1076 1123
f 1076 1124 1123
f 1076 1077 1124
f 1077 1125 1124
f 1077 1078 1125
f 1078 1126 1125
f 1078 1079 1126
f 1079 1127 1126
f 1079 1080 1127
f 1080 1128 1127
f 1080 1081 1128
f 1081 1129 1128
f 1081 1082 1129
f 1082 1130 1129
f 1082 1083 1130
f 1083 1131 1130
f 1083 1084 1131
f 1084 1132 1131
f 1084 1085 1132
f 1085 1133 1132
f 1085 1086 1133
f 1086 1134 1133
f 1086 1087 1134
f 1087 1135 1134
f 1087 1088 1135
f 1088 1136 1135
f 1088 1089 1136
f 1089 1137 1136
f 1089 1090 1137
f 1090 1138 1137
f 1090 1091 1138
f 1091 1139 1138
f 1091 1092 1139
f 1092 1140 1139
f 1092 1093 1140
f 1093 1141 1140
f 1093 1094 1141
f 1094 1142 1141
f 1094 1095 1142
f 1095 1143 1142
f 1095 1096 1143
f 1096 1144 1143
f 1096 1097 1144
f 1097 1145 1144
f 1097 1098 1145
f 1098 1146 1145
f 1098 1099 1146
f 1099 1147 1146
f 1099 1100 1147
f 1100 1148 1147
f 1100 1101 1148
f 1101 1149 1148
f 1101 1102 1149
f 1102 1150 1149
f 1102 1103 1150
f 1103 1151 1150
f 1103 1104 1151
f 1104 1152 1151
f 1104 1057 1152
f 1057 1105 1152
f 1105 1106 1153
f 1106 1154 1153
f 1106 1107 1154
f 1107 1155 1154
f 1107 1108 1155
f 1108 1156 1155
f 1108 1109 1156
f 1109 1157 1156
f 1109 1110 1157
f 1110 1158 1157
f 1110 1111 1158
f 1111 1159 1158
f 1111 1112 1159
f 1112 1160 1159
f 1112 1113 1160
f 1113 1161 1160
f 1113 1114 1161
f 1114 1162 1161
f 1114 1115 1162
f 1115 1163 1162
f 1115 1116 1163
f 1116 1164 1163
f 1116 1117 1164
f 1117 1165 1164
f 1117 1118 1165
f 1118 1166 1165
f 1118 1119 1166
f 1119 1167 1166
f 1119 1120 1167
f 1120 1168 1167
f 1120 1121 1168
f 1121 1169 1168
f 1121 1122 1169
f 1122 1170 1169
f 1122 1123 1170
f 1123 1171 1170
f 1123 1124 1171
f 1124 1172 1171
f 1124 1125 1172
f 1125 1173 1172
f 1125 1126 1173
f 1126 1174 1173
f 1126 1127 1174
f 1127 1175 1174
f 1127 1128 1175
f 1128 1176 1175
f 1128 1129 1176
f 1129 1177 1176
f 1129 1130 1177
f 1130 1178 1177
f 1130 1131 1178
f 1131 1179 1178
f 1131 1132 1179
f 1132 1180 1179
f 1132 1133 1180
f 1133 1181 1180
f 1133 1134 1181
f 1134 1182 1181
f 1134 1135 1182
f 1135 1183 1182
f 1135 1136 1183
f 1136 1184 1183
f 1136 1137 1184
f 1137 1185 1184
f 1137 1138 1185
f 1138 1186 1185
f 1138 1139 1186
f 1139 1187 1186
f 1139 1140 1187
f 1140 1188 1187
f 1140 1141 1188
f 1141 1189 1188
f 1141 1142 1189
f 1142 1190 1189
f 1142 1143 1190
f 1143 1191 1190
f 1143 1144 1191
f 1144 1192 1191
f 1144 1145 1192
f 1145 1193 1192
f 1145 1146 1193
f 1146 1194 1193
f 1146 1147 1194
f 1147 1195 1194
f 1147 1148 1195
f 1148 1196 1195
f 1148 1149 1196
f 1149 1197 1196
f 1149 1150 1197
f 1150 1198 1197
f 1150 1151 1198
f 1151 1199 1198
f 1151 1152 1199
f 1152 1200 1199
f 1152 1105 1200
f 1105 1153 1200
f 1153 1154 1201
f 1154 1202 1201
f 1154 1155 1202
f 1155 1203 1202
f 1155 1156 1203
f 1156 1204 1203
f 1156 1157 1204
f 1157 1205 1204
f 1157 1158 1205
f 1158 1206 1205
f 1158 1159 1206
f 1159 1207 1206
f 1159 1160 1207
f 1160 1208 1207
f 1160 1161 1208
f 1161 1209 1208
f 1161 1162 1209
f 1162 1210 1209
f 1162 1163 1210
f 1163 1211 1210
f 1163 1164 1211
f 1164 1212 1211
f 1164 1165 1212
f 1165 1213 1212
f 1165 1166 1213
f 1166 1214 1213
f 1166 1167 1214
f 1167 1215 1214
f 1167 1168 1215
f 1168 1216 1215
f 1168 1169 1216
f 1169 1217 1216
f 1169 1170 1217
f 1170 1218 1217
f 1170 1171 1218
f 1171 1219 1218
f 1171 1172 1219
f 1172 1220 1219
f 1172 1173 1220
f 1173 1221 1220
f 1173 1174 1221
f 1174 1222 1221
f 1174 1175 1222
f 1175 1223 1222
f 1175 1176 1223
f 1176 1224 1223
f 1176 1177 1224
f 1177 1225 1224
f 1177 1178 1225
f 1178 1226 1225
f 1178 1179 1226
f 1179 1227 1226
f 1179 1180 1227
f 1180 1228 1227
f 1180 1181 1228
f 1181 1229 1228
f 1181 1182 1229
f 1182 1230 1229
f 1182 1183 1230
f 1183 1231 1230
f 1183 1184 1231
f 1184 1232 1231
f 1184 1185 1232
f 1185 1233 1232
f 1185 1186 1233
f 1186 1234 1233
f 1186 1187 1234
f 1187 1235 1234
f 1187 1188 1235
f 1188 1236 1235
f 1188 1189 1236
f 1189 1237 1236
f 1189 1190 1237
f 1190 1238 1237
f 1190 1191 1238
f 1191 1239 1238
f 1191 1192 1239
f 1192 1240 1239
f 1192 1193 1240
f 1193 1241 1240
f 1193 1194 1241
f 1194 1242 1241
f 1194 1195 1242
f 1195 1243 1242
f 1195 1196 1243
f 1196 1244 1243
f 1196 1197 1244
f 1197 1245 1244
f 1197 1198 1245
f 1198 1246 1245
f 1198 1199 1246
f 1199 1247 1246
f 1199 1200 1247
f 1200 1248 1247
f 1200 1153 1248
f 1153 1201 1248
f 1201 1202 1249
f 1202 1250 1249
f 1202 1203 1250
f 1203 1251 1250
f 1203 1204 1251
f 1204 1252 1251
f 1204 1205 1252
f 1205 1253 1252
f 1205 1206 1253
f 1206 1254 1253
f 1206 1207 1254
f 1207 1255 1254
f 1207 1208 1255
f 1208 1256 1255
f 1208 1209 1256
f 1209 1257 1256
f 1209 1210 1257
f 1210 1258 1257
f 1210 1211 1258
f 1211 1259 1258
f 1211 1212 1259
f 1212 1260 1259
f 1212 1213 1260
f 1213 1261 1260
f 1213 1214 1261
f 1214 1262 1261
f 1214 1215 1262
f 1215 1263 1262
f 1215 1216 1263
f 1216 1264 1263
f 1216 1217 1264
f 1217 1265 1264
f 1217 1218 1265
f 1218 1266 1265
f 1218 1219 1266
f 1219 1267 1266
f 1219 1220 1267
f 1220 1268 1267
f 1220 1221 1268
f 1221 1269 1268
f 1221 1222 1269
f 1222 1270 1269
f 1222 1223 1270
f 1223 1271 1270
f 1223 1224 1271
f 1224 1272 1271
f 1224 1225 1272
f 1225 1273 1272
f 1225 1226 1273
f 1226 1274 1273
f 1226 1227 1274
f 1227 1275 1274
f 1227 1228 1275
f 1228 1276 1275
f 1228 1229 1276
f 1229 1277 1276
f 1229 1230 1277
f 1230 1278 1277
f 1230 1231 1278
f 1231 1279 1278
f 1231 1232 1279
f 1232 1280 1279
f 1232 1233 1280
f 1233 1281 1280
f 1233 1234 1281
f 1234 1282 1281
f 1234 1235 1282
f 1235 1283 1282
f 1235 1236 1283
f 1236 1284 1283
f 1236 1237 1284
f 1237 1285 1284
f 1237 1238 1285
f 1238 1286 1285
f 1238 1239 1286
f 1239 1287 1286
f 1239 1240 1287
f 1240 1288 1287
f 1240 1241 1288
f 1241 1289 1288
f 1241 1242 1289
f 1242 1290 1289
f 1242 1243 1290
f 1243 1291 1290
f 1243 1244 1291
f 1244 1292 1291
f 1244 1245 1292
f 1245 1293 1292
f 1245 1246 1293
f 1246 1294 1293
f 1246 1247 1294
f 1247 1295 1294
f 1247 1248 1295
f 1248 1296 1295
f 1248 1201 1296
f 1201 1249 1296
f 1249 1250 1297
f 1250 1298 1297
f 1250 1251 1298
f 1251 1299 1298
f 1251 1252 1299
f 1252 1300 1299
f 1252 1253 1300
f 1253 1301 1300
f 1253 1254 1301
f 1254 1302 1301
f 1254 1255 1302
f 1255 1303 1302
f 1255 1256 1303
f 1256 1304 1303
f 1256 1257 1304
f 1257 1305 1304
f 1257 1258 1305
f 1258 1306 1305
f 1258 1259 1306
f 1259 1307 1306
f 1259 1260 1307
f 1260 1308 1307
f 1260 1261 1308
f 1261 1309 1308
f 1261 1262 1309
f 1262 1310 1309
f 1262 1263 1310
f 1263 1311 1310
f 1263 1264 1311
f 1264 1312 1311
f 1264 1265 1312
f 1265 1313 1312
f 1265 1266 1313
f 1266 1314 1313
f 1266 1267 1314
f 1267 1315 1314
f 1267 1268 1315
f 1268 1316 1315
f 1268 1269 1316
f 1269 1317 1316
f 1269 1270 1317
f 1270 1318 1317
f 1270 1271 1318
f 1271 1319 1318
f 1271 1272 1319
f 1272 1320 1319
f 1272 1273 1320
f 1273 1321 1320
f 1273 1274 1321
f 1274 1322 1321
f 1274 1275 1322
f 1275 1323 1322
f 1275 1276 1323
f 1276 1324 1323
f 1276 1277 1324
f 1277 1325 1324
f 1277 1278 1325
f 1278 1326 1325
f 1278 1279 1326
f 1279 1327 1326
f 1279 1280 1327
f 1280 1328 1327
f 1280 1281 1328
f 1281 1329 1328
f 1281 1282 1329
f 1282 1330 1329
f 1282 1283 1330
f 1283 1331 1330
f 1283 1284 1331
f 1284 1332 1331
f 1284 1285 1332
f 1285 1333 1332
f 1285 1286 1333
f 1286 1334 1333
f 1286 1287 1334
f 1287 1335 1334
f 1287 1288 1335
f 1288 1336 1335
f 1288 1289 1336
f 1289 1337 1336
f 1289 1290 1337
f 1290 1338 1337
f 1290 1291 1338
f 1291 1339 1338
f 1291 1292 1339
f 1292 1340 1339
f 1292 1293 1340
f 1293 1341 1340
f 1293 1294 1341
f 1294 1342 1341
f 1294 1295 1342
f 1295 1343 1342
f 1295 1296 1343
f 1296 1344 1343
f 1296 1249 1344
f 1249 1297 1344
f 31 30 32
f 32 30 1345
f 32 1346 33
f 32 1345 1346
f 33 1346 34
f 34 1346 1347
f 34 1348 35
f 34 1347 1348
f 35 1348 36
f 36 1348 1349
f 36 1350 37
f 36 1349 1350
f 37 1350 38
f 38 1350 1351
f 38 1352 39
f 38 1351 1352
f 39 1352 40
f 40 1352 1353
f 40 1354 41
f 40 1353 1354
f 41 1354 42
f 42 1354 1355
f 42 44 43
f 42 1355 44
f 30 1356 1345
f 30 29 1356
f 1345 1356 1346
f 1346 1356 1357
f 1346 1358 1347
f 1346 1357 1358
f 1347 1358 1348
f 1348 1358 1359
f 1348 1360 1349
f 1348 1359 1360
f 1349 1360 1350
f 1350 1360 1361
f 1350 1362 1351
f 1350 1361 1362
f 1351 1362 1352
f 1352 1362 1363
f 1352 1364 1353
f 1352 1363 1364
f 1353 1364 1354
f 1354 1364 1365
f 1354 1366 1355
f 1354 1365 1366
f 1355 1366 44
f 44 1366 45
f 29 28 1356
f 1356 28 1367
f 1356 1368 1357
f 1356 1367 1368
f 1357 1368 1358
f 1358 1368 1369
f 1358 1370 1359
f 1358 1369 1370
f 1359 1370 1360
f 1360 1370 1371
f 1360 1372 1361
f 1360 1371 1372
f 1361 1372 1362
f 1362 1372 1373
f 1362 1374 1363
f 1362 1373 1374
f 1363 1374 1364
f 1364 1374 1375
f 1364 1376 1365
f 1364 1375 1376
f 1365 1376 1366
f 1366 1376 1377
f 1366 46 45
f 1366 1377 46
f 28 1378 1367
f 28 27 1378
f 1367 1378 1368
f 1368 1378 1379
f 1368 1380 1369
f 1368 1379 1380
f 1369 1380 1370
f 1370 1380 1381
f 1370 1382 1371
f 1370 1381 1382
f 1371 1382 1372
f 1372 1382 1383
f 1372 1384 1373
f 1372 1383 1384
f 1373 1384 1374
f 1374 1384 1385
f 1374 1386 1375
f 1374 1385 1386
f 1375 1386 1376
f 1376 1386 1387
f 1376 1388 1377
f 1376 1387 1388
f 1377 1388 46
f 46 1388 47
f 27 26 1378
f 1378 26 1389
f 1378 1390 1379
f 1378 1389 1390
f 1379 1390 1380
f 1380 1390 1391
f 1380 1392 1381
f 1380 1391 1392
f 1381 1392 1382
f 1382 1392 1393
f 1382 1394 1383
f 1382 1393 1394
f 1383 1394 1384
f 1384 1394 1395
f 1384 1396 1385
f 1384 1395 1396
f 1385 1396 1386
f 1386 1396 1397
f 1386 1398 1387
f 1386 1397 1398
f 1387 1398 1388
f 1388 1398 1399
f 1388 48 47
f 1388 1399 48
f 26 1400 1389
f 26 25 1400
f 1389 1400 1390
f 1390 1400 1401
f 1390 1402 1391
f 1390 1401 1402
f 1391 1402 1392
f 1392 1402 1403
f 1392 1404 1393
f 1392 1403 1404
f 1393 1404 1394
f 1394 1404 1405
f 1394 1406 1395
f 1394 1405 1406
f 1395 1406 1396
f 1396 1406 1407
f 1396 1408 1397
f 1396 1407 1408
f 1397 1408 1398
f 1398 1408 1409
f 1398 1410 1399
f 1398 1409 1410
f 1399 1410 48
f 48 1410 1
f 25 24 1400
f 1400 24 1411
f 1400 1412 1401
f 1400 1411 1412
f 1401 1412 1402
f 1402 1412 1413
f 1402 1414 1403
f 1402 1413 1414
f 1403 1414 1404
f 1404 1414 1415
f 1404 1416 1405
f 1404 1415 1416
f 1405 1416 1406
f 1406 1416 1417
f 1406 1418 1407
f 1406 1417 1418
f 1407 1418 1408
f 1408 1418 1419
f 1408 1420 1409
f 1408 1419 1420
f 1409 1420 1410
f 1410 1420 1421
f 1410 2 1
f 1410 1421 2
f 24 1422 1411
f 24 23 1422
f 1411 1422 1412
f 1412 1422 1423
f 1412 1424 1413
f 1412 1423 1424
f 1413 1424 1414
f 1414 1424 1425
f 1414 1426 1415
f 1414 1425 1426
f 1415 1426 1416
f 1416 1426 1427
f 1416 1428 1417
f 1416 1427 1428
f 1417 1428 1418
f 1418 1428 1429
f 1418 1430 1419
f 1418 1429 1430
f 1419 1430 1420
f 1420 1430 1431
f 1420 1432 1421
f 1420 1431 1432
f 1421 1432 2
f 2 1432 3
f 23 22 1422
f 1422 22 1433
f 1422 1434 1423
f 1422 1433 1434
f 1423 1434 1424
f 1424 1434 1435
f 1424 1436 1425
f 1424 1435 1436
f 1425 1436 1426
f 1426 1436 1437
f 1426 1438 1427
f 1426 1437 1438
f 1427 1438 1428
f 1428 1438 1439
f 1428 1440 1429
f 1428 1439 1440
f 1429 1440 1430
f 1430 1440 1441
f 1430 1442 1431
f 1430 1441 1442
f 1431 1442 1432
f 1432 1442 1443
f 1432 4 3
f 1432 1443 4
f 22 1444 1433
f 22 21 1444
f 1433 1444 1434
f 1434 1444 1445
f 1434 1446 1435
f 1434 1445 1446
f 1435 1446 1436
f 1436 1446 1447
f 1436 1448 1437
f 1436 1447 1448
f 1437 1448 1438
f 1438 1448 1449
f 1438 1450 1439
f 1438 1449 1450
f 1439 1450 1440
f 1440 1450 1451
f 1440 1452 1441
f 1440 1451 1452
f 1441 1452 1442
f 1442 1452 1453
f 1442 1454 1443
f 1442 1453 1454
f 1443 1454 4
f 4 1454 5
f 21 20 1444
f 1444 20 1455
f 1444 1456 1445
f 1444 1455 1456
f 1445 1456 1446
f 1446 1456 1457
f 1446 1458 1447
f 1446 1457 1458
f 1447 1458 1448
f 1448 1458 1459
f 1448 1460 1449
f 1448 1459 1460
f 1449 1460 1450
f 1450 1460 1461
f 1450 1462 1451
f 1450 1461 1462
f 1451 1462 1452
f 1452 1462 1463
f 1452 1464 1453
f 1452 1463 1464
f 1453 1464 1454
f 1454 1464 1465
f 1454 6 5
f 1454 1465 6
f 20 18 1455
f 20 19 18
f 1455 18 1456
f 1456 18 17
f 1456 16 1457
f 1456 17 16
f 1457 16 1458
f 1458 16 15
f 1458 14 1459
f 1458 15 14
f 1459 14 1460
f 1460 14 13
f 1460 12 1461
f 1460 13 12
f 1461 12 1462
f 1462 12 11
f 1462 10 1463
f 1462 11 10
f 1463 10 1464
f 1464 10 9
f 1464 8 1465
f 1464 9 8
f 1465 8 6
f 6 8 7
# grip center 0.177783549 0.0142531032 0.201874018 active 1 orientation 1 0 0 0 patch_center 0
# ball 0 center 0.189999998 0 0.0970000029 radius 0.0700000003 appearance 0 orientation 1 0 0 0 angular_velocity 0 0 0 linear_velocity 0 0 0
# ball 1 center 0.118000001 0.149000004 0.0920000002 radius 0.0649999976 appearance 1 orientation 1 0 0 0 angular_velocity 0 0 0 linear_velocity 0 0 0
# ball 2 center -0.0419999994 0.185000002 0.108000003 radius 0.075000003 appearance 2 orientation 1 0 0 0 angular_velocity 0 0 0 linear_velocity 0 0 0
# ball 3 center -0.171000004 0.0820000023 0.0869999975 radius 0.0599999987 appearance 1 orientation 1 0 0 0 angular_velocity 0 0 0 linear_velocity 0 0 0
# ball 4 center -0.187000006 -0.0759999976 0.101000004 radius 0.0680000037 appearance 3 orientation 1 0 0 0 angular_velocity 0 0 0 linear_velocity 0 0 0
# ball 5 center -0.0419999994 -0.185000002 0.0989999995 radius 0.0719999969 appearance 0 orientation 1 0 0 0 angular_velocity 0 0 0 linear_velocity 0 0 0
# ball 6 center 0.118000001 -0.149000004 0.0900000036 radius 0.063000001 appearance 2 orientation 1 0 0 0 angular_velocity 0 0 0 linear_velocity 0 0 0
# ball 7 center 0 0 0.0930000022 radius 0.0659999996 appearance 3 orientation 1 0 0 0 angular_velocity 0 0 0 linear_velocity 0 0 0
# ball 8 center 0.103 0 0.218999997 radius 0.0719999969 appearance 0 orientation 1 0 0 0 angular_velocity 0 0 0 linear_velocity 0 0 0
# ball 9 center 0 0.0989999995 0.221000001 radius 0.064000003 appearance 1 orientation 1 0 0 0 angular_velocity 0 0 0 linear_velocity 0 0 0
# ball 10 center -0.104999997 0 0.224000007 radius 0.0700000003 appearance 2 orientation 1 0 0 0 angular_velocity 0 0 0 linear_velocity 0 0 0
# ball 11 center 0 -0.104999997 0.218999997 radius 0.0670000017 appearance 3 orientation 1 0 0 0 angular_velocity 0 0 0 linear_velocity 0 0 0
